pair_order,pair_id,from_order,from_station_id,from_station_name,to_order,to_station_id,to_station_name,w1_distance_m,distance_km,w2_average_lanes,w3_protection_proxy,w3_child_protection_proxy,w3_senior_protection_proxy,w3_disabled_protection_proxy,w3_classification,w4_average_absolute_grade_pct,w4_classification
1,ST001__ST002,1,ST001,월곶역,2,ST002,월곶포구,619.0,0.619,1.5532421960245575,0.149164241,0.149164241,0.0,0.0,PRELIMINARY_POINT_BUFFER_PROXY,0.47799073,PRELIMINARY_90M
2,ST001__ST003,1,ST001,월곶역,3,ST003,배곧한울공원,7959.0,7.959,2.7809772669852264,0.119946818,0.119946818,0.0,0.0,PRELIMINARY_POINT_BUFFER_PROXY,1.288859792,PRELIMINARY_90M
3,ST001__ST004,1,ST001,월곶역,4,ST004,배곧중심상가,4737.0,4.737,3.465738984511636,0.156110614,0.156110614,0.0,0.0,PRELIMINARY_POINT_BUFFER_PROXY,1.268327568,PRELIMINARY_90M
4,ST001__ST005,1,ST001,월곶역,5,ST005,배곧중·고등학교,4449.0,4.449,3.024333047970285,0.232362051,0.232362051,0.0,0.0,PRELIMINARY_POINT_BUFFER_PROXY,1.296898482,PRELIMINARY_90M
5,ST001__ST006,1,ST001,월곶역,6,ST006,시흥시청 본청,8097.0,8.097,2.218746574450684,0.109475795,0.109475795,0.0,0.0,PRELIMINARY_POINT_BUFFER_PROXY,1.677605889,PRELIMINARY_90M
6,ST001__ST007,1,ST001,월곶역,7,ST007,장현지구,6606.0,6.606,2.2379457054195973,0.124628605,0.124628605,0.0,0.0,PRELIMINARY_POINT_BUFFER_PROXY,1.757575321,PRELIMINARY_90M
7,ST001__ST008,1,ST001,월곶역,8,ST008,시흥능곡역,8941.0,8.941,2.198123695182556,0.132917083,0.132917083,0.0,0.0,PRELIMINARY_POINT_BUFFER_PROXY,1.643029122,PRELIMINARY_90M
8,ST001__ST009,1,ST001,월곶역,9,ST009,능곡중앙공원,9589.0,9.589,2.1992660976369445,0.186186101,0.173782985,0.062235777,0.0,PRELIMINARY_POINT_BUFFER_PROXY,1.713322114,PRELIMINARY_90M
9,ST001__ST010,1,ST001,월곶역,10,ST010,은계호수공원,11694.0,11.694,3.0834271826948316,0.243297008,0.212935672,0.093952653,0.0,PRELIMINARY_POINT_BUFFER_PROXY,2.568536826,PRELIMINARY_90M
10,ST001__ST011,1,ST001,월곶역,11,ST011,배곧생명공원,5473.0,5.473,3.399135690853287,0.159476951,0.159476951,0.0,0.0,PRELIMINARY_POINT_BUFFER_PROXY,1.230120641,PRELIMINARY_90M
11,ST001__ST012,1,ST001,월곶역,12,ST012,신천역,9663.0,9.663,3.1389937154892604,0.13373513,0.120476554,0.058545419,0.0,PRELIMINARY_POINT_BUFFER_PROXY,2.347871234,PRELIMINARY_90M
12,ST001__ST013,1,ST001,월곶역,13,ST013,삼미시장,9482.0,9.482,3.1837495936503077,0.119793102,0.106281611,0.059662208,0.0,PRELIMINARY_POINT_BUFFER_PROXY,2.374327025,PRELIMINARY_90M
13,ST001__ST014,1,ST001,월곶역,14,ST014,시흥대야역,10345.0,10.345,3.077670885016786,0.204886147,0.155571656,0.121201371,0.0,PRELIMINARY_POINT_BUFFER_PROXY,2.733430341,PRELIMINARY_90M
14,ST001__ST015,1,ST001,월곶역,15,ST015,목감택지개발예정지구,11985.0,11.985,2.1415444016209766,0.073988583,0.073988583,0.0,0.0,PRELIMINARY_POINT_BUFFER_PROXY,2.910643961,PRELIMINARY_90M
15,ST001__ST016,1,ST001,월곶역,16,ST016,물왕호수,10422.0,10.422,2.114969521905537,0.085103461,0.085103461,0.0,0.0,PRELIMINARY_POINT_BUFFER_PROXY,2.998850572,PRELIMINARY_90M
16,ST001__ST017,1,ST001,월곶역,17,ST017,장곡동,5471.0,5.471,2.2032904503529056,0.141154833,0.141154833,0.0,0.0,PRELIMINARY_POINT_BUFFER_PROXY,2.041065843,PRELIMINARY_90M
17,ST001__ST018,1,ST001,월곶역,18,ST018,정왕역,8408.0,8.408,2.3918789326341554,0.113532322,0.113532322,0.0,0.0,PRELIMINARY_POINT_BUFFER_PROXY,3.168487094,PRELIMINARY_90M
18,ST001__ST019,1,ST001,월곶역,19,ST019,시화병원,8079.0,8.079,2.5208666486840325,0.077315377,0.077315377,0.0,0.0,PRELIMINARY_POINT_BUFFER_PROXY,3.284411932,PRELIMINARY_90M
19,ST001__ST020,1,ST001,월곶역,20,ST020,시화공업단지[왼쪽부근],9551.0,9.551,2.6636149917137995,0.125880368,0.125880368,0.0,0.0,PRELIMINARY_POINT_BUFFER_PROXY,2.883103763,PRELIMINARY_90M
20,ST001__ST021,1,ST001,월곶역,21,ST021,오이도 포구 해양관광 단지,10793.0,10.793,3.5692866457416605,0.206106074,0.158260973,0.047845101,0.0,PRELIMINARY_POINT_BUFFER_PROXY,1.833399869,PRELIMINARY_90M
21,ST001__ST022,1,ST001,월곶역,22,ST022,오이도박물관,11587.0,11.587,2.5651565658220274,0.189285544,0.148267524,0.04101802,0.0,PRELIMINARY_POINT_BUFFER_PROXY,1.559906603,PRELIMINARY_90M
22,ST001__ST023,1,ST001,월곶역,23,ST023,오이도역,5851.0,5.851,3.2813856216322828,0.265377551,0.265377551,0.0,0.0,PRELIMINARY_POINT_BUFFER_PROXY,1.177724274,PRELIMINARY_90M
23,ST001__ST024,1,ST001,월곶역,24,ST024,목감고등학교,12871.0,12.871,2.1785440494842936,0.113261046,0.113261046,0.0,0.0,PRELIMINARY_POINT_BUFFER_PROXY,2.88039329,PRELIMINARY_90M
24,ST001__ST025,1,ST001,월곶역,25,ST025,목감동행정복지센터,18498.0,18.498,2.7382049832865003,0.126379283,0.126379283,0.009451603,0.0,PRELIMINARY_POINT_BUFFER_PROXY,3.135162631,PRELIMINARY_90M
25,ST001__ST026,1,ST001,월곶역,26,ST026,은계파크자이,11844.0,11.844,2.349349490956791,0.245611134,0.192924309,0.073109867,0.0,PRELIMINARY_POINT_BUFFER_PROXY,2.650203434,PRELIMINARY_90M
26,ST001__ST027,1,ST001,월곶역,27,ST027,은행동행정복지센터,11582.0,11.582,2.3633224358048475,0.225928346,0.172047064,0.074767334,0.0,PRELIMINARY_POINT_BUFFER_PROXY,2.782448154,PRELIMINARY_90M
27,ST001__ST028,1,ST001,월곶역,28,ST028,매화산업단지,11836.0,11.836,2.36274090325665,0.176039328,0.161852085,0.034852774,0.0,PRELIMINARY_POINT_BUFFER_PROXY,2.410613789,PRELIMINARY_90M
28,ST001__ST029,1,ST001,월곶역,29,ST029,관곡공원,8007.0,8.007,2.4957917874297677,0.0,0.0,0.0,0.0,PRELIMINARY_POINT_BUFFER_PROXY,1.474024387,PRELIMINARY_90M
29,ST001__ST030,1,ST001,월곶역,30,ST030,장곡도서관,6268.0,6.268,2.1504305313841865,0.222809114,0.222809114,0.0,0.0,PRELIMINARY_POINT_BUFFER_PROXY,1.637690152,PRELIMINARY_90M
30,ST001__ST031,1,ST001,월곶역,31,ST031,마전저수지,4726.0,4.726,2.1733816526852707,0.0,0.0,0.0,0.0,PRELIMINARY_POINT_BUFFER_PROXY,1.971254241,PRELIMINARY_90M
31,ST001__ST032,1,ST001,월곶역,32,ST032,희망공원,9862.0,9.862,3.6110472422904527,0.173219947,0.173219947,0.0,0.0,PRELIMINARY_POINT_BUFFER_PROXY,1.055008756,PRELIMINARY_90M
32,ST001__ST033,1,ST001,월곶역,33,ST033,타원산업단지,11330.0,11.33,2.573144628808778,0.07953692,0.07953692,0.0,0.0,PRELIMINARY_POINT_BUFFER_PROXY,2.619153543,PRELIMINARY_90M
33,ST001__ST034,1,ST001,월곶역,34,ST034,군자디지털과학고등학교,8277.0,8.277,1.9078452826401169,0.168648431,0.168648431,0.0,0.0,PRELIMINARY_POINT_BUFFER_PROXY,2.162643123,PRELIMINARY_90M
34,ST001__ST035,1,ST001,월곶역,35,ST035,산들공원,7924.0,7.924,1.9358117007644187,0.13183252,0.13183252,0.0,0.0,PRELIMINARY_POINT_BUFFER_PROXY,2.183904951,PRELIMINARY_90M
35,ST001__ST036,1,ST001,월곶역,36,ST036,시흥시립군자도서관,8542.0,8.542,1.9383921017791224,0.194568464,0.194568464,0.0,0.0,PRELIMINARY_POINT_BUFFER_PROXY,2.404183711,PRELIMINARY_90M
36,ST001__ST037,1,ST001,월곶역,37,ST037,군자동행정복지센터,9175.0,9.175,1.8486750899454882,0.250028188,0.250028188,0.0,0.0,PRELIMINARY_POINT_BUFFER_PROXY,2.330406287,PRELIMINARY_90M
37,ST001__ST038,1,ST001,월곶역,38,ST038,능곡도서관,9189.0,9.189,2.207876585874364,0.151020385,0.143541514,0.010036469,0.0,PRELIMINARY_POINT_BUFFER_PROXY,1.70966098,PRELIMINARY_90M
38,ST001__ST039,1,ST001,월곶역,39,ST039,능곡힐스테이트,9287.0,9.287,2.20571435228064,0.157848013,0.12796136,0.029886653,0.0,PRELIMINARY_POINT_BUFFER_PROXY,1.709054796,PRELIMINARY_90M
39,ST001__ST040,1,ST001,월곶역,40,ST040,갯골생태공원,5747.0,5.747,2.2745800351507977,0.059449603,0.059449603,0.0,0.0,PRELIMINARY_POINT_BUFFER_PROXY,1.594274833,PRELIMINARY_90M
40,ST001__ST041,1,ST001,월곶역,41,ST041,연꽃테마파크,11024.0,11.024,2.143081387721381,0.184019365,0.169751028,0.049417224,0.0,PRELIMINARY_POINT_BUFFER_PROXY,2.370109047,PRELIMINARY_90M
41,ST001__ST042,1,ST001,월곶역,42,ST042,시흥시청역,7620.0,7.62,2.205037081450518,0.116366312,0.116366312,0.0,0.0,PRELIMINARY_POINT_BUFFER_PROXY,1.658554214,PRELIMINARY_90M
42,ST001__ST043,1,ST001,월곶역,43,ST043,시흥종합버스터미널,9008.0,9.008,2.536862478986472,0.084178966,0.084178966,0.0,0.0,PRELIMINARY_POINT_BUFFER_PROXY,3.026550194,PRELIMINARY_90M
43,ST001__ST044,1,ST001,월곶역,44,ST044,경기과학기술대학교,9744.0,9.744,2.584045983958349,0.135564347,0.135564347,0.0,0.0,PRELIMINARY_POINT_BUFFER_PROXY,2.951537709,PRELIMINARY_90M
44,ST001__ST045,1,ST001,월곶역,45,ST045,시흥중앙도서관,8509.0,8.509,2.4890978744652723,0.087374093,0.087374093,0.0,0.0,PRELIMINARY_POINT_BUFFER_PROXY,3.180460753,PRELIMINARY_90M
45,ST001__ST046,1,ST001,월곶역,46,ST046,배곧1동행정복지센터,4670.0,4.67,2.9757922070900085,0.286688266,0.286688266,0.0,0.0,PRELIMINARY_POINT_BUFFER_PROXY,1.278413692,PRELIMINARY_90M
46,ST001__ST047,1,ST001,월곶역,47,ST047,배곧2동행정복지센터,7096.0,7.096,2.7538987961978174,0.159419462,0.159419462,0.0,0.0,PRELIMINARY_POINT_BUFFER_PROXY,1.244990657,PRELIMINARY_90M
47,ST001__ST048,1,ST001,월곶역,48,ST048,정왕평생학습관 사거리,8349.0,8.349,2.5384931329101597,0.107172999,0.107172999,0.0,0.0,PRELIMINARY_POINT_BUFFER_PROXY,3.191673391,PRELIMINARY_90M
48,ST001__ST049,1,ST001,월곶역,49,ST049,거북섬 웨이브파크 정문,12063.0,12.063,3.4767080390798215,0.157490075,0.157490075,0.0,0.0,PRELIMINARY_POINT_BUFFER_PROXY,1.49558398,PRELIMINARY_90M
49,ST001__ST050,1,ST001,월곶역,50,ST050,시흥한라3차아파트,6292.0,6.292,3.4684809422228047,0.250376476,0.250376476,0.0,0.0,PRELIMINARY_POINT_BUFFER_PROXY,1.158846195,PRELIMINARY_90M
50,ST001__ST051,1,ST001,월곶역,51,ST051,연성중학교,8421.0,8.421,2.3041351110427213,0.191690511,0.181080056,0.020477849,0.0,PRELIMINARY_POINT_BUFFER_PROXY,2.276092573,PRELIMINARY_90M
51,ST001__ST052,1,ST001,월곶역,52,ST052,가온그린공원,6035.0,6.035,2.185669146366726,0.174249152,0.174249152,0.0,0.0,PRELIMINARY_POINT_BUFFER_PROXY,2.059195852,PRELIMINARY_90M
52,ST001__ST053,1,ST001,월곶역,53,ST053,오이도 빨강등대,11158.0,11.158,3.5178705850326684,0.196616462,0.15357452,0.043041943,0.0,PRELIMINARY_POINT_BUFFER_PROXY,1.864818909,PRELIMINARY_90M
53,ST001__ST054,1,ST001,월곶역,54,ST054,시흥 프리미엄 아울렛,3069.0,3.069,2.971566575272677,0.131704676,0.131704676,0.0,0.0,PRELIMINARY_POINT_BUFFER_PROXY,1.446878915,PRELIMINARY_90M
54,ST001__ST055,1,ST001,월곶역,55,ST055,해양생태과학관,11608.0,11.608,3.5024056957677026,0.147127457,0.147127457,0.0,0.0,PRELIMINARY_POINT_BUFFER_PROXY,1.519163315,PRELIMINARY_90M
55,ST002__ST003,2,ST002,월곶포구,3,ST003,배곧한울공원,6181.0,6.181,2.4749749767137175,0.199057367,0.199057367,0.0,0.0,PRELIMINARY_POINT_BUFFER_PROXY,1.283031499,PRELIMINARY_90M
56,ST002__ST004,2,ST002,월곶포구,4,ST004,배곧중심상가,3192.0,3.192,3.5458499603414118,0.332930014,0.332930014,0.0,0.0,PRELIMINARY_POINT_BUFFER_PROXY,1.198313388,PRELIMINARY_90M
57,ST002__ST005,2,ST002,월곶포구,5,ST005,배곧중·고등학교,2904.0,2.904,2.877154091987604,0.467373807,0.467373807,0.0,0.0,PRELIMINARY_POINT_BUFFER_PROXY,1.233991083,PRELIMINARY_90M
58,ST002__ST006,2,ST002,월곶포구,6,ST006,시흥시청 본청,6776.0,6.776,2.1608815000917105,0.303637314,0.303637314,0.0,0.0,PRELIMINARY_POINT_BUFFER_PROXY,1.896784016,PRELIMINARY_90M
59,ST002__ST007,2,ST002,월곶포구,7,ST007,장현지구,5926.0,5.926,2.18303415787715,0.266832809,0.266832809,0.0,0.0,PRELIMINARY_POINT_BUFFER_PROXY,1.765903969,PRELIMINARY_90M
60,ST002__ST008,2,ST002,월곶포구,8,ST008,시흥능곡역,8261.0,8.261,2.155457395225097,0.235590899,0.235590899,0.0,0.0,PRELIMINARY_POINT_BUFFER_PROXY,1.639786813,PRELIMINARY_90M
61,ST002__ST009,2,ST002,월곶포구,9,ST009,능곡중앙공원,8909.0,8.909,2.1597855366879912,0.285476645,0.272125216,0.066994175,0.0,PRELIMINARY_POINT_BUFFER_PROXY,1.712174897,PRELIMINARY_90M
62,ST002__ST010,2,ST002,월곶포구,10,ST010,은계호수공원,11014.0,11.014,3.1061839442020633,0.327183083,0.294943155,0.099765924,0.0,PRELIMINARY_POINT_BUFFER_PROXY,2.622043931,PRELIMINARY_90M
63,ST002__ST011,2,ST002,월곶포구,11,ST011,배곧생명공원,3928.0,3.928,3.437997456052192,0.304495296,0.304495296,0.0,0.0,PRELIMINARY_POINT_BUFFER_PROXY,1.160746133,PRELIMINARY_90M
64,ST002__ST012,2,ST002,월곶포구,12,ST012,신천역,8983.0,8.983,3.1711065178480338,0.228261946,0.213997667,0.062986265,0.0,PRELIMINARY_POINT_BUFFER_PROXY,2.40019603,PRELIMINARY_90M
65,ST002__ST013,2,ST002,월곶포구,13,ST013,삼미시장,8913.0,8.913,3.1699010313471865,0.195254791,0.180876461,0.06348988,0.0,PRELIMINARY_POINT_BUFFER_PROXY,2.384881968,PRELIMINARY_90M
66,ST002__ST014,2,ST002,월곶포구,14,ST014,시흥대야역,9776.0,9.776,3.0588362192751695,0.2786786,0.226479007,0.128292153,0.0,PRELIMINARY_POINT_BUFFER_PROXY,2.761333555,PRELIMINARY_90M
67,ST002__ST015,2,ST002,월곶포구,15,ST015,목감택지개발예정지구,11305.0,11.305,2.1069502302882155,0.145481854,0.145481854,0.0,0.0,PRELIMINARY_POINT_BUFFER_PROXY,2.989500623,PRELIMINARY_90M
68,ST002__ST016,2,ST002,월곶포구,16,ST016,물왕호수,9742.0,9.742,2.0729562158950396,0.168865377,0.168865377,0.0,0.0,PRELIMINARY_POINT_BUFFER_PROXY,3.091160952,PRELIMINARY_90M
69,ST002__ST017,2,ST002,월곶포구,17,ST017,장곡동,4791.0,4.791,2.1304248058352484,0.31944135,0.31944135,0.0,0.0,PRELIMINARY_POINT_BUFFER_PROXY,2.098557604,PRELIMINARY_90M
70,ST002__ST018,2,ST002,월곶포구,18,ST018,정왕역,7728.0,7.728,2.3633230741544877,0.221665055,0.221665055,0.0,0.0,PRELIMINARY_POINT_BUFFER_PROXY,3.302486644,PRELIMINARY_90M
71,ST002__ST019,2,ST002,월곶포구,19,ST019,시화병원,7399.0,7.399,2.5029211086978633,0.18693605,0.18693605,0.0,0.0,PRELIMINARY_POINT_BUFFER_PROXY,3.435578338,PRELIMINARY_90M
72,ST002__ST020,2,ST002,월곶포구,20,ST020,시화공업단지[왼쪽부근],8871.0,8.871,2.659617387464015,0.221037333,0.221037333,0.0,0.0,PRELIMINARY_POINT_BUFFER_PROXY,2.977741312,PRELIMINARY_90M
73,ST002__ST021,2,ST002,월곶포구,21,ST021,오이도 포구 해양관광 단지,10009.0,10.009,2.697243707061011,0.174538062,0.122902166,0.051635896,0.0,PRELIMINARY_POINT_BUFFER_PROXY,1.963748922,PRELIMINARY_90M
74,ST002__ST022,2,ST002,월곶포구,22,ST022,오이도박물관,9809.0,9.809,2.3331559962647863,0.25172601,0.203252567,0.048473444,0.0,PRELIMINARY_POINT_BUFFER_PROXY,1.60367083,PRELIMINARY_90M
75,ST002__ST023,2,ST002,월곶포구,23,ST023,오이도역,4306.0,4.306,3.2745199097294737,0.435659498,0.435659498,0.0,0.0,PRELIMINARY_POINT_BUFFER_PROXY,1.096657756,PRELIMINARY_90M
76,ST002__ST024,2,ST002,월곶포구,24,ST024,목감고등학교,12191.0,12.191,2.1485274514581043,0.181762375,0.181762375,0.0,0.0,PRELIMINARY_POINT_BUFFER_PROXY,2.9485876,PRELIMINARY_90M
77,ST002__ST025,2,ST002,월곶포구,25,ST025,목감동행정복지센터,16953.0,16.953,2.6869233844526637,0.156930589,0.156930589,0.0103136,0.0,PRELIMINARY_POINT_BUFFER_PROXY,3.288570612,PRELIMINARY_90M
78,ST002__ST026,2,ST002,월곶포구,26,ST026,은계파크자이,11164.0,11.164,2.3270017875206173,0.328468027,0.272566716,0.077570388,0.0,PRELIMINARY_POINT_BUFFER_PROXY,2.711812933,PRELIMINARY_90M
79,ST002__ST027,2,ST002,월곶포구,27,ST027,은행동행정복지센터,10993.0,10.993,2.347637080015806,0.315437364,0.258666769,0.078776632,0.0,PRELIMINARY_POINT_BUFFER_PROXY,2.79386186,PRELIMINARY_90M
80,ST002__ST028,2,ST002,월곶포구,28,ST028,매화산업단지,11156.0,11.156,2.341194297693575,0.254709718,0.239656255,0.036980757,0.0,PRELIMINARY_POINT_BUFFER_PROXY,2.454896454,PRELIMINARY_90M
81,ST002__ST029,2,ST002,월곶포구,29,ST029,관곡공원,8359.0,8.359,2.454829538271647,0.22113098,0.184447681,0.065623965,0.0,PRELIMINARY_POINT_BUFFER_PROXY,3.003651106,PRELIMINARY_90M
82,ST002__ST030,2,ST002,월곶포구,30,ST030,장곡도서관,5588.0,5.588,2.0815186231395657,0.385608082,0.385608082,0.0,0.0,PRELIMINARY_POINT_BUFFER_PROXY,1.627351059,PRELIMINARY_90M
83,ST002__ST031,2,ST002,월곶포구,31,ST031,마전저수지,4046.0,4.046,2.0820118152150395,0.187446944,0.187446944,0.0,0.0,PRELIMINARY_POINT_BUFFER_PROXY,2.023503983,PRELIMINARY_90M
84,ST002__ST032,2,ST002,월곶포구,32,ST032,희망공원,9083.0,9.083,2.650593250822116,0.135475524,0.135475524,0.0,0.0,PRELIMINARY_POINT_BUFFER_PROXY,1.129956495,PRELIMINARY_90M
85,ST002__ST033,2,ST002,월곶포구,33,ST033,타원산업단지,8860.0,8.86,3.0224207982076776,0.388535107,0.388535107,0.0,0.0,PRELIMINARY_POINT_BUFFER_PROXY,0.942706983,PRELIMINARY_90M
86,ST002__ST034,2,ST002,월곶포구,34,ST034,군자디지털과학고등학교,7597.0,7.597,1.8353556225191694,0.283611495,0.283611495,0.0,0.0,PRELIMINARY_POINT_BUFFER_PROXY,2.207590056,PRELIMINARY_90M
87,ST002__ST035,2,ST002,월곶포구,35,ST035,산들공원,7244.0,7.244,1.8624410921821457,0.248901797,0.248901797,0.0,0.0,PRELIMINARY_POINT_BUFFER_PROXY,2.233402493,PRELIMINARY_90M
88,ST002__ST036,2,ST002,월곶포구,36,ST036,시흥시립군자도서관,12778.0,12.778,2.769855391684176,0.137954825,0.137954825,0.0,0.0,PRELIMINARY_POINT_BUFFER_PROXY,3.991808188,PRELIMINARY_90M
89,ST002__ST037,2,ST002,월곶포구,37,ST037,군자동행정복지센터,13254.0,13.254,2.7063087385279334,0.168906554,0.168906554,0.0,0.0,PRELIMINARY_POINT_BUFFER_PROXY,3.891570706,PRELIMINARY_90M
90,ST002__ST038,2,ST002,월곶포구,38,ST038,능곡도서관,8509.0,8.509,2.167242567914989,0.252130555,0.244053181,0.010839645,0.0,PRELIMINARY_POINT_BUFFER_PROXY,1.709976501,PRELIMINARY_90M
91,ST002__ST039,2,ST002,월곶포구,39,ST039,능곡힐스테이트,8607.0,8.607,2.1653653415540304,0.258363518,0.226112006,0.032251511,0.0,PRELIMINARY_POINT_BUFFER_PROXY,1.708996677,PRELIMINARY_90M
92,ST002__ST040,2,ST002,월곶포구,40,ST040,갯골생태공원,5178.0,5.178,2.1502804312043358,0.182738865,0.182738865,0.0,0.0,PRELIMINARY_POINT_BUFFER_PROXY,1.514434926,PRELIMINARY_90M
93,ST002__ST041,2,ST002,월곶포구,41,ST041,연꽃테마파크,10344.0,10.344,2.1053744691108007,0.269401021,0.254193013,0.0526717,0.0,PRELIMINARY_POINT_BUFFER_PROXY,2.41630177,PRELIMINARY_90M
94,ST002__ST042,2,ST002,월곶포구,42,ST042,시흥시청역,6940.0,6.94,2.1549162435815505,0.23698744,0.23698744,0.0,0.0,PRELIMINARY_POINT_BUFFER_PROXY,1.656016441,PRELIMINARY_90M
95,ST002__ST043,2,ST002,월곶포구,43,ST043,시흥종합버스터미널,7296.0,7.296,3.895549908774106,0.451755892,0.451755892,0.0,0.0,PRELIMINARY_POINT_BUFFER_PROXY,0.940832226,PRELIMINARY_90M
96,ST002__ST044,2,ST002,월곶포구,44,ST044,경기과학기술대학교,9064.0,9.064,2.57415179912506,0.229400406,0.229400406,0.0,0.0,PRELIMINARY_POINT_BUFFER_PROXY,3.049817901,PRELIMINARY_90M
97,ST002__ST045,2,ST002,월곶포구,45,ST045,시흥중앙도서관,5883.0,5.883,3.0629597313091463,0.524937449,0.524937449,0.0,0.0,PRELIMINARY_POINT_BUFFER_PROXY,0.9182433,PRELIMINARY_90M
98,ST002__ST046,2,ST002,월곶포구,46,ST046,배곧1동행정복지센터,3125.0,3.125,2.815004873907645,0.531949966,0.531949966,0.0,0.0,PRELIMINARY_POINT_BUFFER_PROXY,1.210764979,PRELIMINARY_90M
99,ST002__ST047,2,ST002,월곶포구,47,ST047,배곧2동행정복지센터,5318.0,5.318,2.389084237673916,0.264626121,0.264626121,0.0,0.0,PRELIMINARY_POINT_BUFFER_PROXY,1.218655464,PRELIMINARY_90M
100,ST002__ST048,2,ST002,월곶포구,48,ST048,정왕평생학습관 사거리,5879.0,5.879,3.2010053406486016,0.584418621,0.584418621,0.0,0.0,PRELIMINARY_POINT_BUFFER_PROXY,0.901110981,PRELIMINARY_90M
101,ST002__ST049,2,ST002,월곶포구,49,ST049,거북섬 웨이브파크 정문,11279.0,11.279,2.6964338787885858,0.126061928,0.126061928,0.0,0.0,PRELIMINARY_POINT_BUFFER_PROXY,1.586662782,PRELIMINARY_90M
102,ST002__ST050,2,ST002,월곶포구,50,ST050,시흥한라3차아파트,4747.0,4.747,3.523226276440958,0.399957822,0.399957822,0.0,0.0,PRELIMINARY_POINT_BUFFER_PROXY,1.080085862,PRELIMINARY_90M
103,ST002__ST051,2,ST002,월곶포구,51,ST051,연성중학교,7741.0,7.741,2.26792291157827,0.306454625,0.294910451,0.022279897,0.0,PRELIMINARY_POINT_BUFFER_PROXY,2.332794515,PRELIMINARY_90M
104,ST002__ST052,2,ST002,월곶포구,52,ST052,가온그린공원,5466.0,5.466,2.0586538771061926,0.303016369,0.303016369,0.0,0.0,PRELIMINARY_POINT_BUFFER_PROXY,2.048266632,PRELIMINARY_90M
105,ST002__ST053,2,ST002,월곶포구,53,ST053,오이도 빨강등대,10374.0,10.374,2.672653089698992,0.16543645,0.119104544,0.046331907,0.0,PRELIMINARY_POINT_BUFFER_PROXY,1.992709671,PRELIMINARY_90M
106,ST002__ST054,2,ST002,월곶포구,54,ST054,시흥 프리미엄 아울렛,1292.0,1.292,1.7682329099189025,0.526537914,0.526537914,0.0,0.0,PRELIMINARY_POINT_BUFFER_PROXY,1.675401346,PRELIMINARY_90M
107,ST002__ST055,2,ST002,월곶포구,55,ST055,해양생태과학관,10063.0,10.063,3.53342080768877,0.201771908,0.201771908,0.0,0.0,PRELIMINARY_POINT_BUFFER_PROXY,1.544314901,PRELIMINARY_90M
108,ST003__ST004,3,ST003,배곧한울공원,4,ST004,배곧중심상가,4685.0,4.685,2.9330495193194137,0.0,0.0,0.0,0.0,PRELIMINARY_POINT_BUFFER_PROXY,1.18657571,PRELIMINARY_90M
109,ST003__ST005,3,ST003,배곧한울공원,5,ST005,배곧중·고등학교,4928.0,4.928,2.777738601711209,0.110945923,0.110945923,0.0,0.0,PRELIMINARY_POINT_BUFFER_PROXY,1.138942822,PRELIMINARY_90M
110,ST003__ST006,3,ST003,배곧한울공원,6,ST006,시흥시청 본청,12768.0,12.768,2.392591104727005,0.205756748,0.205756748,0.0,0.0,PRELIMINARY_POINT_BUFFER_PROXY,1.686058387,PRELIMINARY_90M
111,ST003__ST007,3,ST003,배곧한울공원,7,ST007,장현지구,11918.0,11.918,2.4201159543259982,0.18047956,0.18047956,0.0,0.0,PRELIMINARY_POINT_BUFFER_PROXY,1.606500355,PRELIMINARY_90M
112,ST003__ST008,3,ST003,배곧한울공원,8,ST008,시흥능곡역,17663.0,17.663,2.541167474348073,0.065282645,0.065282645,0.0,0.0,PRELIMINARY_POINT_BUFFER_PROXY,1.969392408,PRELIMINARY_90M
113,ST003__ST009,3,ST003,배곧한울공원,9,ST009,능곡중앙공원,13917.0,13.917,2.784335741362443,0.236029627,0.227479745,0.042901196,0.0,PRELIMINARY_POINT_BUFFER_PROXY,2.803883182,PRELIMINARY_90M
114,ST003__ST010,3,ST003,배곧한울공원,10,ST010,은계호수공원,16660.0,16.66,2.8353556729571103,0.156027618,0.156027618,0.0,0.0,PRELIMINARY_POINT_BUFFER_PROXY,2.482129633,PRELIMINARY_90M
115,ST003__ST011,3,ST003,배곧한울공원,11,ST011,배곧생명공원,4442.0,4.442,2.929381135965357,0.030002831,0.030002831,0.0,0.0,PRELIMINARY_POINT_BUFFER_PROXY,1.252044916,PRELIMINARY_90M
116,ST003__ST012,3,ST003,배곧한울공원,12,ST012,신천역,13626.0,13.626,3.576750328373766,0.192917098,0.192917098,0.0,0.0,PRELIMINARY_POINT_BUFFER_PROXY,1.804381221,PRELIMINARY_90M
117,ST003__ST013,3,ST003,배곧한울공원,13,ST013,삼미시장,14451.0,14.451,3.7336384826645013,0.191124528,0.182256242,0.039159374,0.0,PRELIMINARY_POINT_BUFFER_PROXY,1.944039739,PRELIMINARY_90M
118,ST003__ST014,3,ST003,배곧한울공원,14,ST014,시흥대야역,15314.0,15.314,3.6310426685404513,0.244608723,0.211288141,0.081892767,0.0,PRELIMINARY_POINT_BUFFER_PROXY,2.214411433,PRELIMINARY_90M
119,ST003__ST015,3,ST003,배곧한울공원,15,ST015,목감택지개발예정지구,17241.0,17.241,2.6509372869857804,0.169037689,0.169037689,0.0,0.0,PRELIMINARY_POINT_BUFFER_PROXY,3.420116745,PRELIMINARY_90M
120,ST003__ST016,3,ST003,배곧한울공원,16,ST016,물왕호수,14750.0,14.75,2.691827623849983,0.161777691,0.161777691,0.0,0.0,PRELIMINARY_POINT_BUFFER_PROXY,3.650060712,PRELIMINARY_90M
121,ST003__ST017,3,ST003,배곧한울공원,17,ST017,장곡동,10783.0,10.783,2.4217281819737533,0.194754046,0.194754046,0.0,0.0,PRELIMINARY_POINT_BUFFER_PROXY,1.74024992,PRELIMINARY_90M
122,ST003__ST018,3,ST003,배곧한울공원,18,ST018,정왕역,5451.0,5.451,3.333807360654543,0.424690025,0.424690025,0.0,0.0,PRELIMINARY_POINT_BUFFER_PROXY,0.607883835,PRELIMINARY_90M
123,ST003__ST019,3,ST003,배곧한울공원,19,ST019,시화병원,4589.0,4.589,3.3569912039784113,0.314662169,0.314662169,0.0,0.0,PRELIMINARY_POINT_BUFFER_PROXY,0.732725069,PRELIMINARY_90M
124,ST003__ST020,3,ST003,배곧한울공원,20,ST020,시화공업단지[왼쪽부근],5193.0,5.193,3.656428711169751,0.322906619,0.322906619,0.0,0.0,PRELIMINARY_POINT_BUFFER_PROXY,0.631602774,PRELIMINARY_90M
125,ST003__ST021,3,ST003,배곧한울공원,21,ST021,오이도 포구 해양관광 단지,3868.0,3.868,3.0553772480821526,0.133587529,0.0,0.133587529,0.0,PRELIMINARY_POINT_BUFFER_PROXY,3.056247109,PRELIMINARY_90M
126,ST003__ST022,3,ST003,배곧한울공원,22,ST022,오이도박물관,3668.0,3.668,2.101502920676558,0.337713254,0.208126213,0.129587041,0.0,PRELIMINARY_POINT_BUFFER_PROXY,2.146262579,PRELIMINARY_90M
127,ST003__ST023,3,ST003,배곧한울공원,23,ST023,오이도역,4569.0,4.569,3.362496455886152,0.25196631,0.25196631,0.0,0.0,PRELIMINARY_POINT_BUFFER_PROXY,0.707990957,PRELIMINARY_90M
128,ST003__ST024,3,ST003,배곧한울공원,24,ST024,목감고등학교,17199.0,17.199,2.6572244094238426,0.171931166,0.171931166,0.0,0.0,PRELIMINARY_POINT_BUFFER_PROXY,3.467943678,PRELIMINARY_90M
129,ST003__ST025,3,ST003,배곧한울공원,25,ST025,목감동행정복지센터,21926.0,21.926,2.663888630562109,0.121804862,0.121804862,0.007975282,0.0,PRELIMINARY_POINT_BUFFER_PROXY,2.852065949,PRELIMINARY_90M
130,ST003__ST026,3,ST003,배곧한울공원,26,ST026,은계파크자이,16813.0,16.813,3.068251229187343,0.269752045,0.232623196,0.05152114,0.0,PRELIMINARY_POINT_BUFFER_PROXY,2.199492874,PRELIMINARY_90M
131,ST003__ST027,3,ST003,배곧한울공원,27,ST027,은행동행정복지센터,16642.0,16.642,3.089501766737752,0.26053894,0.223028605,0.052050501,0.0,PRELIMINARY_POINT_BUFFER_PROXY,2.246447509,PRELIMINARY_90M
132,ST003__ST028,3,ST003,배곧한울공원,28,ST028,매화산업단지,16805.0,16.805,3.078039481766458,0.220746158,0.210750346,0.024555988,0.0,PRELIMINARY_POINT_BUFFER_PROXY,2.030104999,PRELIMINARY_90M
133,ST003__ST029,3,ST003,배곧한울공원,29,ST029,관곡공원,15639.0,15.639,2.5268210818123493,0.054432669,0.054432669,0.0,0.0,PRELIMINARY_POINT_BUFFER_PROXY,1.916530202,PRELIMINARY_90M
134,ST003__ST030,3,ST003,배곧한울공원,30,ST030,장곡도서관,11580.0,11.58,2.378062343333929,0.235274656,0.235274656,0.0,0.0,PRELIMINARY_POINT_BUFFER_PROXY,1.532008208,PRELIMINARY_90M
135,ST003__ST031,3,ST003,배곧한울공원,31,ST031,마전저수지,8594.0,8.594,3.1926309390180325,0.232287384,0.232287384,0.0,0.0,PRELIMINARY_POINT_BUFFER_PROXY,2.844081562,PRELIMINARY_90M
136,ST003__ST032,3,ST003,배곧한울공원,32,ST032,희망공원,2946.0,2.946,2.474419063810549,0.0,0.0,0.0,0.0,PRELIMINARY_POINT_BUFFER_PROXY,0.664390229,PRELIMINARY_90M
137,ST003__ST033,3,ST003,배곧한울공원,33,ST033,타원산업단지,4416.0,4.416,2.7688580814682218,0.124574268,0.124574268,0.0,0.0,PRELIMINARY_POINT_BUFFER_PROXY,0.455012626,PRELIMINARY_90M
138,ST003__ST034,3,ST003,배곧한울공원,34,ST034,군자디지털과학고등학교,9663.0,9.663,2.6365101331240934,0.235635472,0.235635472,0.0,0.0,PRELIMINARY_POINT_BUFFER_PROXY,1.469778474,PRELIMINARY_90M
139,ST003__ST035,3,ST003,배곧한울공원,35,ST035,산들공원,9310.0,9.31,2.6878061913950764,0.206809292,0.206809292,0.0,0.0,PRELIMINARY_POINT_BUFFER_PROXY,1.462020863,PRELIMINARY_90M
140,ST003__ST036,3,ST003,배곧한울공원,36,ST036,시흥시립군자도서관,11552.0,11.552,3.4117495650713696,0.319486964,0.319486964,0.0,0.0,PRELIMINARY_POINT_BUFFER_PROXY,1.334349302,PRELIMINARY_90M
141,ST003__ST037,3,ST003,배곧한울공원,37,ST037,군자동행정복지센터,9617.0,9.617,3.5328980628457973,0.296037017,0.296037017,0.0,0.0,PRELIMINARY_POINT_BUFFER_PROXY,1.058329895,PRELIMINARY_90M
142,ST003__ST038,3,ST003,배곧한울공원,38,ST038,능곡도서관,14501.0,14.501,2.368565324149436,0.187250037,0.18250883,0.006362588,0.0,PRELIMINARY_POINT_BUFFER_PROXY,1.604061747,PRELIMINARY_90M
143,ST003__ST039,3,ST003,배곧한울공원,39,ST039,능곡힐스테이트,13615.0,13.615,2.8016576528381165,0.217790451,0.197393637,0.020396814,0.0,PRELIMINARY_POINT_BUFFER_PROXY,2.82443692,PRELIMINARY_90M
144,ST003__ST040,3,ST003,배곧한울공원,40,ST040,갯골생태공원,11059.0,11.059,2.4533667349874793,0.150959916,0.150959916,0.0,0.0,PRELIMINARY_POINT_BUFFER_PROXY,1.505499554,PRELIMINARY_90M
145,ST003__ST041,3,ST003,배곧한울공원,41,ST041,연꽃테마파크,17809.0,17.809,2.417238637065265,0.110118516,0.094613377,0.031144885,0.0,PRELIMINARY_POINT_BUFFER_PROXY,2.245195828,PRELIMINARY_90M
146,ST003__ST042,3,ST003,배곧한울공원,42,ST042,시흥시청역,16342.0,16.342,2.572163882599194,0.052087979,0.052087979,0.0,0.0,PRELIMINARY_POINT_BUFFER_PROXY,2.003018759,PRELIMINARY_90M
147,ST003__ST043,3,ST003,배곧한울공원,43,ST043,시흥종합버스터미널,4739.0,4.739,3.5517107534895764,0.285116743,0.285116743,0.0,0.0,PRELIMINARY_POINT_BUFFER_PROXY,0.649359863,PRELIMINARY_90M
148,ST003__ST044,3,ST003,배곧한울공원,44,ST044,경기과학기술대학교,4512.0,4.512,3.1706580906619517,0.229161108,0.229161108,0.0,0.0,PRELIMINARY_POINT_BUFFER_PROXY,1.318416395,PRELIMINARY_90M
149,ST003__ST045,3,ST003,배곧한울공원,45,ST045,시흥중앙도서관,4063.0,4.063,3.6462280998642367,0.303337094,0.303337094,0.0,0.0,PRELIMINARY_POINT_BUFFER_PROXY,0.708093583,PRELIMINARY_90M
150,ST003__ST046,3,ST003,배곧한울공원,46,ST046,배곧1동행정복지센터,5422.0,5.422,2.6242919561257807,0.202915765,0.202915765,0.0,0.0,PRELIMINARY_POINT_BUFFER_PROXY,1.137142625,PRELIMINARY_90M
151,ST003__ST047,3,ST003,배곧한울공원,47,ST047,배곧2동행정복지센터,2142.0,2.142,2.998593533213879,0.082490603,0.082490603,0.0,0.0,PRELIMINARY_POINT_BUFFER_PROXY,1.45164868,PRELIMINARY_90M
152,ST003__ST048,3,ST003,배곧한울공원,48,ST048,정왕평생학습관 사거리,4872.0,4.872,3.339952815767692,0.354358738,0.354358738,0.0,0.0,PRELIMINARY_POINT_BUFFER_PROXY,0.713851516,PRELIMINARY_90M
153,ST003__ST049,3,ST003,배곧한울공원,49,ST049,거북섬 웨이브파크 정문,5138.0,5.138,2.9650251146495297,0.037330956,0.037330956,0.0,0.0,PRELIMINARY_POINT_BUFFER_PROXY,1.978649013,PRELIMINARY_90M
154,ST003__ST050,3,ST003,배곧한울공원,50,ST050,시흥한라3차아파트,2180.0,2.18,2.3816694054634513,0.421831523,0.421831523,0.0,0.0,PRELIMINARY_POINT_BUFFER_PROXY,0.87801536,PRELIMINARY_90M
155,ST003__ST051,3,ST003,배곧한울공원,51,ST051,연성중학교,14670.0,14.67,3.1162241781566955,0.143837956,0.137744357,0.011760457,0.0,PRELIMINARY_POINT_BUFFER_PROXY,2.13390286,PRELIMINARY_90M
156,ST003__ST052,3,ST003,배곧한울공원,52,ST052,가온그린공원,11347.0,11.347,2.4015030239723623,0.209697768,0.209697768,0.0,0.0,PRELIMINARY_POINT_BUFFER_PROXY,1.765352499,PRELIMINARY_90M
157,ST003__ST053,3,ST003,배곧한울공원,53,ST053,오이도 빨강등대,2485.0,2.485,2.0743268960726615,0.321268247,0.295693025,0.112820736,0.0,PRELIMINARY_POINT_BUFFER_PROXY,1.113752047,PRELIMINARY_90M
158,ST003__ST054,3,ST003,배곧한울공원,54,ST054,시흥 프리미엄 아울렛,6250.0,6.25,2.6271501795122543,0.1179273,0.1179273,0.0,0.0,PRELIMINARY_POINT_BUFFER_PROXY,1.360035586,PRELIMINARY_90M
159,ST003__ST055,3,ST003,배곧한울공원,55,ST055,해양생태과학관,4683.0,4.683,2.979187730277081,0.0,0.0,0.0,0.0,PRELIMINARY_POINT_BUFFER_PROXY,2.085033623,PRELIMINARY_90M
160,ST004__ST005,4,ST004,배곧중심상가,5,ST005,배곧중·고등학교,2591.0,2.591,3.612965583991951,0.346284637,0.346284637,0.0,0.0,PRELIMINARY_POINT_BUFFER_PROXY,1.174987484,PRELIMINARY_90M
161,ST004__ST006,4,ST004,배곧중심상가,6,ST006,시흥시청 본청,8749.0,8.749,2.781707771521675,0.21992462,0.21992462,0.0,0.0,PRELIMINARY_POINT_BUFFER_PROXY,1.796808136,PRELIMINARY_90M
162,ST004__ST007,4,ST004,배곧중심상가,7,ST007,장현지구,7899.0,7.899,2.8650445619521356,0.183317918,0.183317918,0.0,0.0,PRELIMINARY_POINT_BUFFER_PROXY,1.69100406,PRELIMINARY_90M
163,ST004__ST008,4,ST004,배곧중심상가,8,ST008,시흥능곡역,10234.0,10.234,2.6871009164248223,0.177163027,0.177163027,0.0,0.0,PRELIMINARY_POINT_BUFFER_PROXY,1.605438133,PRELIMINARY_90M
164,ST004__ST009,4,ST004,배곧중심상가,9,ST009,능곡중앙공원,10882.0,10.882,2.6590371924450777,0.221476926,0.21054643,0.054846529,0.0,PRELIMINARY_POINT_BUFFER_PROXY,1.674284134,PRELIMINARY_90M
165,ST004__ST010,4,ST004,배곧중심상가,10,ST010,은계호수공원,12984.0,12.984,2.4124416889839826,0.123102479,0.123102479,0.0,0.0,PRELIMINARY_POINT_BUFFER_PROXY,2.891117944,PRELIMINARY_90M
166,ST004__ST011,4,ST004,배곧중심상가,11,ST011,배곧생명공원,2231.0,2.231,3.33315178950529,0.458588112,0.458588112,0.0,0.0,PRELIMINARY_POINT_BUFFER_PROXY,0.948297628,PRELIMINARY_90M
167,ST004__ST012,4,ST004,배곧중심상가,12,ST012,신천역,9950.0,9.95,3.298480804869283,0.16356514,0.16356514,0.0,0.0,PRELIMINARY_POINT_BUFFER_PROXY,2.089973668,PRELIMINARY_90M
168,ST004__ST013,4,ST004,배곧중심상가,13,ST013,삼미시장,10775.0,10.775,3.530128973927555,0.163406945,0.151516028,0.052506297,0.0,PRELIMINARY_POINT_BUFFER_PROXY,2.255483615,PRELIMINARY_90M
169,ST004__ST014,4,ST004,배곧중심상가,14,ST014,시흥대야역,11638.0,11.638,3.410207240134275,0.235822411,0.191985149,0.107739858,0.0,PRELIMINARY_POINT_BUFFER_PROXY,2.586665465,PRELIMINARY_90M
170,ST004__ST015,4,ST004,배곧중심상가,15,ST015,목감택지개발예정지구,12637.0,12.637,2.1693442016664655,0.109578458,0.109578458,0.0,0.0,PRELIMINARY_POINT_BUFFER_PROXY,4.246675286,PRELIMINARY_90M
171,ST004__ST016,4,ST004,배곧중심상가,16,ST016,물왕호수,11715.0,11.715,2.5514715857665906,0.129045792,0.129045792,0.0,0.0,PRELIMINARY_POINT_BUFFER_PROXY,2.815872271,PRELIMINARY_90M
172,ST004__ST017,4,ST004,배곧중심상가,17,ST017,장곡동,6764.0,6.764,2.942360541443412,0.206546328,0.206546328,0.0,0.0,PRELIMINARY_POINT_BUFFER_PROXY,1.909089561,PRELIMINARY_90M
173,ST004__ST018,4,ST004,배곧중심상가,18,ST018,정왕역,3686.0,3.686,2.1980134107601605,0.817515658,0.817515658,0.0,0.0,PRELIMINARY_POINT_BUFFER_PROXY,0.699753268,PRELIMINARY_90M
174,ST004__ST019,4,ST004,배곧중심상가,19,ST019,시화병원,2926.0,2.926,2.614569512395373,0.770020935,0.770020935,0.0,0.0,PRELIMINARY_POINT_BUFFER_PROXY,0.52724186,PRELIMINARY_90M
175,ST004__ST020,4,ST004,배곧중심상가,20,ST020,시화공업단지[왼쪽부근],5086.0,5.086,4.0907536789867915,0.503240937,0.503240937,0.0,0.0,PRELIMINARY_POINT_BUFFER_PROXY,0.713569367,PRELIMINARY_90M
176,ST004__ST021,4,ST004,배곧중심상가,21,ST021,오이도 포구 해양관광 단지,6584.0,6.584,3.5923217288463887,0.225583256,0.147159552,0.078423704,0.0,PRELIMINARY_POINT_BUFFER_PROXY,2.150735805,PRELIMINARY_90M
177,ST004__ST022,4,ST004,배곧중심상가,22,ST022,오이도박물관,7095.0,7.095,3.2230177221652045,0.31100418,0.244058202,0.066945978,0.0,PRELIMINARY_POINT_BUFFER_PROXY,1.445357891,PRELIMINARY_90M
178,ST004__ST023,4,ST004,배곧중심상가,23,ST023,오이도역,1713.0,1.713,2.7144915430768712,0.4750888,0.4750888,0.0,0.0,PRELIMINARY_POINT_BUFFER_PROXY,0.778708558,PRELIMINARY_90M
179,ST004__ST024,4,ST004,배곧중심상가,24,ST024,목감고등학교,14164.0,14.164,2.533742423848658,0.147033497,0.147033497,0.0,0.0,PRELIMINARY_POINT_BUFFER_PROXY,2.740406723,PRELIMINARY_90M
180,ST004__ST025,4,ST004,배곧중심상가,25,ST025,목감동행정복지센터,16770.0,16.77,2.838874877911118,0.131237165,0.131237165,0.010426758,0.0,PRELIMINARY_POINT_BUFFER_PROXY,3.294681109,PRELIMINARY_90M
181,ST004__ST026,4,ST004,배곧중심상가,26,ST026,은계파크자이,13137.0,13.137,2.7154257268066173,0.268998917,0.221493633,0.065919802,0.0,PRELIMINARY_POINT_BUFFER_PROXY,2.52676573,PRELIMINARY_90M
182,ST004__ST027,4,ST004,배곧중심상가,27,ST027,은행동행정복지센터,12966.0,12.966,2.7380418326711444,0.257167142,0.20903555,0.066788886,0.0,PRELIMINARY_POINT_BUFFER_PROXY,2.59142719,PRELIMINARY_90M
183,ST004__ST028,4,ST004,배곧중심상가,28,ST028,매화산업단지,13129.0,13.129,2.7277294398157546,0.206288225,0.193497119,0.031422987,0.0,PRELIMINARY_POINT_BUFFER_PROXY,2.310949658,PRELIMINARY_90M
184,ST004__ST029,4,ST004,배곧중심상가,29,ST029,관곡공원,10483.0,10.483,2.739412906893158,0.036387539,0.036387539,0.0,0.0,PRELIMINARY_POINT_BUFFER_PROXY,2.157727756,PRELIMINARY_90M
185,ST004__ST030,4,ST004,배곧중심상가,30,ST030,장곡도서관,7163.0,7.163,1.3543081164343391,0.169732084,0.169732084,0.0,0.0,PRELIMINARY_POINT_BUFFER_PROXY,2.835022961,PRELIMINARY_90M
186,ST004__ST031,4,ST004,배곧중심상가,31,ST031,마전저수지,3997.0,3.997,2.3484547535520255,0.124673026,0.124673026,0.0,0.0,PRELIMINARY_POINT_BUFFER_PROXY,4.838723446,PRELIMINARY_90M
187,ST004__ST032,4,ST004,배곧중심상가,32,ST032,희망공원,5657.0,5.657,3.382880136450011,0.171375946,0.171375946,0.0,0.0,PRELIMINARY_POINT_BUFFER_PROXY,0.759506429,PRELIMINARY_90M
188,ST004__ST033,4,ST004,배곧중심상가,33,ST033,타원산업단지,6860.0,6.86,3.5719657412189014,0.329150295,0.329150295,0.0,0.0,PRELIMINARY_POINT_BUFFER_PROXY,0.846409732,PRELIMINARY_90M
189,ST004__ST034,4,ST004,배곧중심상가,34,ST034,군자디지털과학고등학교,5987.0,5.987,1.5963618879492623,0.21303547,0.21303547,0.0,0.0,PRELIMINARY_POINT_BUFFER_PROXY,1.737917332,PRELIMINARY_90M
190,ST004__ST035,4,ST004,배곧중심상가,35,ST035,산들공원,5634.0,5.634,1.616302802962953,0.164000859,0.164000859,0.0,0.0,PRELIMINARY_POINT_BUFFER_PROXY,1.742014497,PRELIMINARY_90M
191,ST004__ST036,4,ST004,배곧중심상가,36,ST036,시흥시립군자도서관,6252.0,6.252,1.6513872931847957,0.246571661,0.246571661,0.0,0.0,PRELIMINARY_POINT_BUFFER_PROXY,2.085627538,PRELIMINARY_90M
192,ST004__ST037,4,ST004,배곧중심상가,37,ST037,군자동행정복지센터,6728.0,6.728,1.605286670742663,0.299894033,0.299894033,0.0,0.0,PRELIMINARY_POINT_BUFFER_PROXY,2.024060564,PRELIMINARY_90M
193,ST004__ST038,4,ST004,배곧중심상가,38,ST038,능곡도서관,10482.0,10.482,2.684005602757446,0.19198165,0.185424387,0.008799693,0.0,PRELIMINARY_POINT_BUFFER_PROXY,1.668994461,PRELIMINARY_90M
194,ST004__ST039,4,ST004,배곧중심상가,39,ST039,능곡힐스테이트,10580.0,10.58,2.6777596266461616,0.197601569,0.171364162,0.026237407,0.0,PRELIMINARY_POINT_BUFFER_PROXY,1.667718253,PRELIMINARY_90M
195,ST004__ST040,4,ST004,배곧중심상가,40,ST040,갯골생태공원,7040.0,7.04,2.9717888971519195,0.137297876,0.137297876,0.0,0.0,PRELIMINARY_POINT_BUFFER_PROXY,1.550786437,PRELIMINARY_90M
196,ST004__ST041,4,ST004,배곧중심상가,41,ST041,연꽃테마파크,12653.0,12.653,2.5487013369552254,0.117860338,0.096037197,0.043835738,0.0,PRELIMINARY_POINT_BUFFER_PROXY,2.57573594,PRELIMINARY_90M
197,ST004__ST042,4,ST004,배곧중심상가,42,ST042,시흥시청역,8913.0,8.913,2.7655855969447916,0.169578568,0.169578568,0.0,0.0,PRELIMINARY_POINT_BUFFER_PROXY,1.61449924,PRELIMINARY_90M
198,ST004__ST043,4,ST004,배곧중심상가,43,ST043,시흥종합버스터미널,3945.0,3.945,2.7952590978055483,0.567010824,0.567010824,0.0,0.0,PRELIMINARY_POINT_BUFFER_PROXY,0.639443757,PRELIMINARY_90M
199,ST004__ST044,4,ST004,배곧중심상가,44,ST044,경기과학기술대학교,4681.0,4.681,2.8527491797795728,0.597922959,0.597922959,0.0,0.0,PRELIMINARY_POINT_BUFFER_PROXY,0.855658616,PRELIMINARY_90M
200,ST004__ST045,4,ST004,배곧중심상가,45,ST045,시흥중앙도서관,3290.0,3.29,2.605001057922393,0.615773208,0.615773208,0.0,0.0,PRELIMINARY_POINT_BUFFER_PROXY,0.612436929,PRELIMINARY_90M
201,ST004__ST046,4,ST004,배곧중심상가,46,ST046,배곧1동행정복지센터,1366.0,1.366,1.7736075257466517,0.433248274,0.433248274,0.0,0.0,PRELIMINARY_POINT_BUFFER_PROXY,0.471065796,PRELIMINARY_90M
202,ST004__ST047,4,ST004,배곧중심상가,47,ST047,배곧2동행정복지센터,2617.0,2.617,4.125555851408769,0.591916562,0.591916562,0.0,0.0,PRELIMINARY_POINT_BUFFER_PROXY,1.078170272,PRELIMINARY_90M
203,ST004__ST048,4,ST004,배곧중심상가,48,ST048,정왕평생학습관 사거리,3286.0,3.286,2.85126560046434,0.722314679,0.722314679,0.0,0.0,PRELIMINARY_POINT_BUFFER_PROXY,0.581559349,PRELIMINARY_90M
204,ST004__ST049,4,ST004,배곧중심상가,49,ST049,거북섬 웨이브파크 정문,7854.0,7.854,3.4464176884293347,0.147770832,0.147770832,0.0,0.0,PRELIMINARY_POINT_BUFFER_PROXY,1.589330031,PRELIMINARY_90M
205,ST004__ST050,4,ST004,배곧중심상가,50,ST050,시흥한라3차아파트,2083.0,2.083,3.3375162940590184,0.4015265,0.4015265,0.0,0.0,PRELIMINARY_POINT_BUFFER_PROXY,0.795418286,PRELIMINARY_90M
206,ST004__ST051,4,ST004,배곧중심상가,51,ST051,연성중학교,10994.0,10.994,2.7105681041429013,0.100881317,0.092752396,0.015688565,0.0,PRELIMINARY_POINT_BUFFER_PROXY,2.504463014,PRELIMINARY_90M
207,ST004__ST052,4,ST004,배곧중심상가,52,ST052,가온그린공원,7328.0,7.328,2.8710091488484712,0.228775204,0.228775204,0.0,0.0,PRELIMINARY_POINT_BUFFER_PROXY,1.940013751,PRELIMINARY_90M
208,ST004__ST053,4,ST004,배곧중심상가,53,ST053,오이도 빨강등대,6949.0,6.949,3.508561666430198,0.209323159,0.140219425,0.069103734,0.0,PRELIMINARY_POINT_BUFFER_PROXY,2.183795736,PRELIMINARY_90M
209,ST004__ST054,4,ST004,배곧중심상가,54,ST054,시흥 프리미엄 아울렛,3518.0,3.518,3.9115620934849367,0.174673018,0.174673018,0.0,0.0,PRELIMINARY_POINT_BUFFER_PROXY,1.470188615,PRELIMINARY_90M
210,ST004__ST055,4,ST004,배곧중심상가,55,ST055,해양생태과학관,7399.0,7.399,3.484870986965943,0.130920651,0.130920651,0.0,0.0,PRELIMINARY_POINT_BUFFER_PROXY,1.632000824,PRELIMINARY_90M
211,ST005__ST006,5,ST005,배곧중·고등학교,6,ST006,시흥시청 본청,9543.0,9.543,2.7759353574530383,0.277560288,0.277560288,0.0,0.0,PRELIMINARY_POINT_BUFFER_PROXY,1.704954845,PRELIMINARY_90M
212,ST005__ST007,5,ST005,배곧중·고등학교,7,ST007,장현지구,8693.0,8.693,2.8511151830977814,0.249918525,0.249918525,0.0,0.0,PRELIMINARY_POINT_BUFFER_PROXY,1.599416949,PRELIMINARY_90M
213,ST005__ST008,5,ST005,배곧중·고등학교,8,ST008,시흥능곡역,13301.0,13.301,2.7244470798594547,0.10581897,0.10581897,0.0,0.0,PRELIMINARY_POINT_BUFFER_PROXY,2.10683508,PRELIMINARY_90M
214,ST005__ST009,5,ST005,배곧중·고등학교,9,ST009,능곡중앙공원,15323.0,15.323,2.6595788866979038,0.179827664,0.179827664,0.008890795,0.0,PRELIMINARY_POINT_BUFFER_PROXY,2.072729847,PRELIMINARY_90M
215,ST005__ST010,5,ST005,배곧중·고등학교,10,ST010,은계호수공원,13781.0,13.781,3.3423948360700164,0.304395781,0.278627914,0.079738239,0.0,PRELIMINARY_POINT_BUFFER_PROXY,2.354961787,PRELIMINARY_90M
216,ST005__ST011,5,ST005,배곧중·고등학교,11,ST011,배곧생명공원,1035.0,1.035,2.302250274330589,0.657889333,0.657889333,0.0,0.0,PRELIMINARY_POINT_BUFFER_PROXY,0.815151569,PRELIMINARY_90M
217,ST005__ST012,5,ST005,배곧중·고등학교,12,ST012,신천역,11750.0,11.75,3.432834289970251,0.224826773,0.213920621,0.048157909,0.0,PRELIMINARY_POINT_BUFFER_PROXY,2.132655687,PRELIMINARY_90M
218,ST005__ST013,5,ST005,배곧중·고등학교,13,ST013,삼미시장,11569.0,11.569,3.474120233153167,0.21482162,0.203744915,0.04891101,0.0,PRELIMINARY_POINT_BUFFER_PROXY,2.151417595,PRELIMINARY_90M
219,ST005__ST014,5,ST005,배곧중·고등학교,14,ST014,시흥대야역,12432.0,12.432,3.3657206101028145,0.279060787,0.238017302,0.100873527,0.0,PRELIMINARY_POINT_BUFFER_PROXY,2.469502394,PRELIMINARY_90M
220,ST005__ST015,5,ST005,배곧중·고등학교,15,ST015,목감택지개발예정지구,13526.0,13.526,2.2166747175956694,0.155930937,0.155930937,0.0,0.0,PRELIMINARY_POINT_BUFFER_PROXY,4.023602437,PRELIMINARY_90M
221,ST005__ST016,5,ST005,배곧중·고등학교,16,ST016,물왕호수,12509.0,12.509,2.561648151954952,0.178773501,0.178773501,0.0,0.0,PRELIMINARY_POINT_BUFFER_PROXY,2.67829595,PRELIMINARY_90M
222,ST005__ST017,5,ST005,배곧중·고등학교,17,ST017,장곡동,7558.0,7.558,2.9182323798804926,0.280728112,0.280728112,0.0,0.0,PRELIMINARY_POINT_BUFFER_PROXY,1.776110559,PRELIMINARY_90M
223,ST005__ST018,5,ST005,배곧중·고등학교,18,ST018,정왕역,5442.0,5.442,2.30587117901592,0.400251355,0.400251355,0.0,0.0,PRELIMINARY_POINT_BUFFER_PROXY,1.438578665,PRELIMINARY_90M
224,ST005__ST019,5,ST005,배곧중·고등학교,19,ST019,시화병원,5113.0,5.113,2.5042639598071927,0.361508567,0.361508567,0.0,0.0,PRELIMINARY_POINT_BUFFER_PROXY,1.508951186,PRELIMINARY_90M
225,ST005__ST020,5,ST005,배곧중·고등학교,20,ST020,시화공업단지[왼쪽부근],6046.0,6.046,3.920032934906872,0.543310878,0.543310878,0.0,0.0,PRELIMINARY_POINT_BUFFER_PROXY,0.728433864,PRELIMINARY_90M
226,ST005__ST021,5,ST005,배곧중·고등학교,21,ST021,오이도 포구 해양관광 단지,7186.0,7.186,2.4829722843337407,0.221699643,0.182295673,0.03940397,0.0,PRELIMINARY_POINT_BUFFER_PROXY,1.167919642,PRELIMINARY_90M
227,ST005__ST022,5,ST005,배곧중·고등학교,22,ST022,오이도박물관,7825.0,7.825,2.4434586130258906,0.228123794,0.167381419,0.060742375,0.0,PRELIMINARY_POINT_BUFFER_PROXY,1.605171522,PRELIMINARY_90M
228,ST005__ST023,5,ST005,배곧중·고등학교,23,ST023,오이도역,2833.0,2.833,3.4219570564133965,0.577933199,0.577933199,0.0,0.0,PRELIMINARY_POINT_BUFFER_PROXY,0.880019596,PRELIMINARY_90M
229,ST005__ST024,5,ST005,배곧중·고등학교,24,ST024,목감고등학교,14412.0,14.412,2.245115086335153,0.1859835,0.1859835,0.0,0.0,PRELIMINARY_POINT_BUFFER_PROXY,3.921723624,PRELIMINARY_90M
230,ST005__ST025,5,ST005,배곧중·고등학교,25,ST025,목감동행정복지센터,17657.0,17.657,2.5784646895346133,0.10950321,0.10950321,0.009901731,0.0,PRELIMINARY_POINT_BUFFER_PROXY,3.199265617,PRELIMINARY_90M
231,ST005__ST026,5,ST005,배곧중·고등학교,26,ST026,은계파크자이,13931.0,13.931,2.715240419198111,0.305680478,0.260875684,0.062172518,0.0,PRELIMINARY_POINT_BUFFER_PROXY,2.422373011,PRELIMINARY_90M
232,ST005__ST027,5,ST005,배곧중·고등학교,27,ST027,은행동행정복지센터,13760.0,13.76,2.7365526109023506,0.294985426,0.249623923,0.062945024,0.0,PRELIMINARY_POINT_BUFFER_PROXY,2.482134489,PRELIMINARY_90M
233,ST005__ST028,5,ST005,배곧중·고등학교,28,ST028,매화산업단지,13923.0,13.923,2.7268441896054028,0.246558505,0.234494954,0.029635654,0.0,PRELIMINARY_POINT_BUFFER_PROXY,2.218132816,PRELIMINARY_90M
234,ST005__ST029,5,ST005,배곧중·고등학교,29,ST029,관곡공원,11370.0,11.37,2.3427096945146686,0.010047644,0.010047644,0.0,0.0,PRELIMINARY_POINT_BUFFER_PROXY,2.090598508,PRELIMINARY_90M
235,ST005__ST030,5,ST005,배곧중·고등학교,30,ST030,장곡도서관,8052.0,8.052,1.5237045300145453,0.241014082,0.241014082,0.0,0.0,PRELIMINARY_POINT_BUFFER_PROXY,2.609500193,PRELIMINARY_90M
236,ST005__ST031,5,ST005,배곧중·고등학교,31,ST031,마전저수지,4886.0,4.886,2.447063154558197,0.250376445,0.250376445,0.0,0.0,PRELIMINARY_POINT_BUFFER_PROXY,4.115145494,PRELIMINARY_90M
237,ST005__ST032,5,ST005,배곧중·고등학교,32,ST032,희망공원,7099.0,7.099,2.860833291777587,0.077000335,0.077000335,0.0,0.0,PRELIMINARY_POINT_BUFFER_PROXY,0.999605979,PRELIMINARY_90M
238,ST005__ST033,5,ST005,배곧중·고등학교,33,ST033,타원산업단지,7823.0,7.823,3.498818298568182,0.451711355,0.451711355,0.0,0.0,PRELIMINARY_POINT_BUFFER_PROXY,0.777002986,PRELIMINARY_90M
239,ST005__ST034,5,ST005,배곧중·고등학교,34,ST034,군자디지털과학고등학교,6876.0,6.876,1.7635512454913496,0.290949718,0.290949718,0.0,0.0,PRELIMINARY_POINT_BUFFER_PROXY,1.620828692,PRELIMINARY_90M
240,ST005__ST035,5,ST005,배곧중·고등학교,35,ST035,산들공원,6523.0,6.523,1.789778276102733,0.252781917,0.252781917,0.0,0.0,PRELIMINARY_POINT_BUFFER_PROXY,1.619505142,PRELIMINARY_90M
241,ST005__ST036,5,ST005,배곧중·고등학교,36,ST036,시흥시립군자도서관,7141.0,7.141,1.8054973029419472,0.31740942,0.31740942,0.0,0.0,PRELIMINARY_POINT_BUFFER_PROXY,1.92922156,PRELIMINARY_90M
242,ST005__ST037,5,ST005,배곧중·고등학교,37,ST037,군자동행정복지센터,7617.0,7.617,1.7551334745706244,0.360088489,0.360088489,0.0,0.0,PRELIMINARY_POINT_BUFFER_PROXY,1.88490725,PRELIMINARY_90M
243,ST005__ST038,5,ST005,배곧중·고등학교,38,ST038,능곡도서관,13642.0,13.642,2.39254548428057,0.045126959,0.040088606,0.006761352,0.0,PRELIMINARY_POINT_BUFFER_PROXY,2.178824613,PRELIMINARY_90M
244,ST005__ST039,5,ST005,배곧중·고등학교,39,ST039,능곡힐스테이트,13740.0,13.74,2.389785438745052,0.050486802,0.030284237,0.020202565,0.0,PRELIMINARY_POINT_BUFFER_PROXY,2.174264857,PRELIMINARY_90M
245,ST005__ST040,5,ST005,배곧중·고등학교,40,ST040,갯골생태공원,7834.0,7.834,2.945528375281883,0.215888323,0.215888323,0.0,0.0,PRELIMINARY_POINT_BUFFER_PROXY,1.459394358,PRELIMINARY_90M
246,ST005__ST041,5,ST005,배곧중·고등학교,41,ST041,연꽃테마파크,13540.0,13.54,2.228119371452335,0.090392438,0.070002504,0.040956882,0.0,PRELIMINARY_POINT_BUFFER_PROXY,2.497546821,PRELIMINARY_90M
247,ST005__ST042,5,ST005,배곧중·고등학교,42,ST042,시흥시청역,9707.0,9.707,2.7612267136458186,0.230343718,0.230343718,0.0,0.0,PRELIMINARY_POINT_BUFFER_PROXY,1.53960277,PRELIMINARY_90M
248,ST005__ST043,5,ST005,배곧중·고등학교,43,ST043,시흥종합버스터미널,5498.0,5.498,3.837015357175228,0.516546058,0.516546058,0.0,0.0,PRELIMINARY_POINT_BUFFER_PROXY,0.754435463,PRELIMINARY_90M
249,ST005__ST044,5,ST005,배곧중·고등학교,44,ST044,경기과학기술대학교,6221.0,6.221,3.664836525033137,0.595199119,0.595199119,0.0,0.0,PRELIMINARY_POINT_BUFFER_PROXY,0.980490573,PRELIMINARY_90M
250,ST005__ST045,5,ST005,배곧중·고등학교,45,ST045,시흥중앙도서관,4916.0,4.916,3.972125654970632,0.577746462,0.577746462,0.0,0.0,PRELIMINARY_POINT_BUFFER_PROXY,0.813962468,PRELIMINARY_90M
251,ST005__ST046,5,ST005,배곧중·고등학교,46,ST046,배곧1동행정복지센터,508.0,0.508,2.0,0.795799795,0.795799795,0.0,0.0,PRELIMINARY_POINT_BUFFER_PROXY,0.422677047,PRELIMINARY_90M
252,ST005__ST047,5,ST005,배곧중·고등학교,47,ST047,배곧2동행정복지센터,3334.0,3.334,2.6812687086629072,0.216881735,0.216881735,0.0,0.0,PRELIMINARY_POINT_BUFFER_PROXY,0.993464254,PRELIMINARY_90M
253,ST005__ST048,5,ST005,배곧중·고등학교,48,ST048,정왕평생학습관 사거리,4349.0,4.349,3.274669870265716,0.728667958,0.728667958,0.0,0.0,PRELIMINARY_POINT_BUFFER_PROXY,0.703370048,PRELIMINARY_90M
254,ST005__ST049,5,ST005,배곧중·고등학교,49,ST049,거북섬 웨이브파크 정문,9295.0,9.295,2.866697133352073,0.079416582,0.079416582,0.0,0.0,PRELIMINARY_POINT_BUFFER_PROXY,1.583882716,PRELIMINARY_90M
255,ST005__ST050,5,ST005,배곧중·고등학교,50,ST050,시흥한라3차아파트,2030.0,2.03,2.6294778279819995,0.56702246,0.56702246,0.0,0.0,PRELIMINARY_POINT_BUFFER_PROXY,0.693706726,PRELIMINARY_90M
256,ST005__ST051,5,ST005,배곧중·고등학교,51,ST051,연성중학교,11788.0,11.788,2.7106754677536853,0.155536821,0.147954117,0.014634384,0.0,PRELIMINARY_POINT_BUFFER_PROXY,2.38444986,PRELIMINARY_90M
257,ST005__ST052,5,ST005,배곧중·고등학교,52,ST052,가온그린공원,8122.0,8.122,2.8555152975367957,0.2956403,0.2956403,0.0,0.0,PRELIMINARY_POINT_BUFFER_PROXY,1.819513266,PRELIMINARY_90M
258,ST005__ST053,5,ST005,배곧중·고등학교,53,ST053,오이도 빨강등대,6642.0,6.642,2.494332228519753,0.202414333,0.1928514,0.042185248,0.0,PRELIMINARY_POINT_BUFFER_PROXY,1.120074325,PRELIMINARY_90M
259,ST005__ST054,5,ST005,배곧중·고등학교,54,ST054,시흥 프리미엄 아울렛,1508.0,1.508,1.711681176130996,0.0,0.0,0.0,0.0,PRELIMINARY_POINT_BUFFER_PROXY,0.623743217,PRELIMINARY_90M
260,ST005__ST055,5,ST005,배곧중·고등학교,55,ST055,해양생태과학관,8840.0,8.84,2.8691554302913267,0.061797594,0.061797594,0.0,0.0,PRELIMINARY_POINT_BUFFER_PROXY,1.619226112,PRELIMINARY_90M
261,ST006__ST007,6,ST006,시흥시청 본청,7,ST007,장현지구,616.0,0.616,1.9913878469423045,0.790782282,0.790782282,0.0,0.0,PRELIMINARY_POINT_BUFFER_PROXY,2.79823581,PRELIMINARY_90M
262,ST006__ST008,6,ST006,시흥시청 본청,8,ST008,시흥능곡역,1951.0,1.951,2.023517683433672,0.1397711,0.1397711,0.0,0.0,PRELIMINARY_POINT_BUFFER_PROXY,2.968420709,PRELIMINARY_90M
263,ST006__ST009,6,ST006,시흥시청 본청,9,ST009,능곡중앙공원,2599.0,2.599,2.0712474576884348,0.334828877,0.2890141,0.229887243,0.0,PRELIMINARY_POINT_BUFFER_PROXY,2.885576321,PRELIMINARY_90M
264,ST006__ST010,6,ST006,시흥시청 본청,10,ST010,은계호수공원,8600.0,8.6,2.2977932871741067,0.158558533,0.158558533,0.0,0.0,PRELIMINARY_POINT_BUFFER_PROXY,2.221566641,PRELIMINARY_90M
265,ST006__ST011,6,ST006,시흥시청 본청,11,ST011,배곧생명공원,9367.0,9.367,2.720570366635699,0.23235844,0.23235844,0.0,0.0,PRELIMINARY_POINT_BUFFER_PROXY,1.678691712,PRELIMINARY_90M
266,ST006__ST012,6,ST006,시흥시청 본청,12,ST012,신천역,8139.0,8.139,2.0551620969642515,0.276145236,0.219171283,0.056973953,0.0,PRELIMINARY_POINT_BUFFER_PROXY,2.606587388,PRELIMINARY_90M
267,ST006__ST013,6,ST006,시흥시청 본청,13,ST013,삼미시장,11455.0,11.455,2.6163837818491467,0.201577269,0.174703637,0.087897649,0.0,PRELIMINARY_POINT_BUFFER_PROXY,3.918999504,PRELIMINARY_90M
268,ST006__ST014,6,ST006,시흥시청 본청,14,ST014,시흥대야역,12318.0,12.318,2.5669508697427,0.267324357,0.21131642,0.137606268,0.0,PRELIMINARY_POINT_BUFFER_PROXY,4.116184396,PRELIMINARY_90M
269,ST006__ST015,6,ST006,시흥시청 본청,15,ST015,목감택지개발예정지구,6311.0,6.311,2.0188725378469625,0.137175008,0.137175008,0.0,0.0,PRELIMINARY_POINT_BUFFER_PROXY,4.29974913,PRELIMINARY_90M
270,ST006__ST016,6,ST006,시흥시청 본청,16,ST016,물왕호수,4622.0,4.622,1.9307119944807511,0.057014033,0.057014033,0.0,0.0,PRELIMINARY_POINT_BUFFER_PROXY,5.215434929,PRELIMINARY_90M
271,ST006__ST017,6,ST006,시흥시청 본청,17,ST017,장곡동,1970.0,1.97,1.4937720094859535,0.908945228,0.908945228,0.0,0.0,PRELIMINARY_POINT_BUFFER_PROXY,1.770716728,PRELIMINARY_90M
272,ST006__ST018,6,ST006,시흥시청 본청,18,ST018,정왕역,8359.0,8.359,2.4528516535518414,0.270187169,0.270187169,0.0,0.0,PRELIMINARY_POINT_BUFFER_PROXY,4.38859811,PRELIMINARY_90M
273,ST006__ST019,6,ST006,시흥시청 본청,19,ST019,시화병원,8030.0,8.03,2.585118830440043,0.240191619,0.240191619,0.0,0.0,PRELIMINARY_POINT_BUFFER_PROXY,4.553296659,PRELIMINARY_90M
274,ST006__ST020,6,ST006,시흥시청 본청,20,ST020,시화공업단지[왼쪽부근],9694.0,9.694,2.6963772196633475,0.253989166,0.253989166,0.0,0.0,PRELIMINARY_POINT_BUFFER_PROXY,3.879216338,PRELIMINARY_90M
275,ST006__ST021,6,ST006,시흥시청 본청,21,ST021,오이도 포구 해양관광 단지,14687.0,14.687,3.0915800504195317,0.240209355,0.205047114,0.035162242,0.0,PRELIMINARY_POINT_BUFFER_PROXY,1.959112575,PRELIMINARY_90M
276,ST006__ST022,6,ST006,시흥시청 본청,22,ST022,오이도박물관,15481.0,15.481,2.3644229000913493,0.22587944,0.195179584,0.030699856,0.0,PRELIMINARY_POINT_BUFFER_PROXY,1.747548962,PRELIMINARY_90M
277,ST006__ST023,6,ST006,시흥시청 본청,23,ST023,오이도역,8080.0,8.08,2.309958576717372,0.237837615,0.237837615,0.0,0.0,PRELIMINARY_POINT_BUFFER_PROXY,4.247882056,PRELIMINARY_90M
278,ST006__ST024,6,ST006,시흥시청 본청,24,ST024,목감고등학교,7071.0,7.071,2.1103035645045516,0.118010471,0.118010471,0.0,0.0,PRELIMINARY_POINT_BUFFER_PROXY,4.228565002,PRELIMINARY_90M
279,ST006__ST025,6,ST006,시흥시청 본청,25,ST025,목감동행정복지센터,7000.0,7.0,2.109248922792119,0.120646147,0.0891229,0.069507083,0.0,PRELIMINARY_POINT_BUFFER_PROXY,3.49144083,PRELIMINARY_90M
280,ST006__ST026,6,ST006,시흥시청 본청,26,ST026,은계파크자이,8185.0,8.185,2.072721435633473,0.272237775,0.215585507,0.056652267,0.0,PRELIMINARY_POINT_BUFFER_PROXY,2.570916267,PRELIMINARY_90M
281,ST006__ST027,6,ST006,시흥시청 본청,27,ST027,은행동행정복지센터,8014.0,8.014,2.0956042363908334,0.253163149,0.195302402,0.057860748,0.0,PRELIMINARY_POINT_BUFFER_PROXY,2.678365565,PRELIMINARY_90M
282,ST006__ST028,6,ST006,시흥시청 본청,28,ST028,매화산업단지,7615.0,7.615,2.0444096007770654,0.182828995,0.182828995,0.0,0.0,PRELIMINARY_POINT_BUFFER_PROXY,2.397987931,PRELIMINARY_90M
283,ST006__ST029,6,ST006,시흥시청 본청,29,ST029,관곡공원,3470.0,3.47,2.475229440723157,0.075912866,0.075912866,0.0,0.0,PRELIMINARY_POINT_BUFFER_PROXY,3.041565706,PRELIMINARY_90M
284,ST006__ST030,6,ST006,시흥시청 본청,30,ST030,장곡도서관,2299.0,2.299,1.599654875590196,0.767619824,0.767619824,0.0,0.0,PRELIMINARY_POINT_BUFFER_PROXY,1.660607465,PRELIMINARY_90M
285,ST006__ST031,6,ST006,시흥시청 본청,31,ST031,마전저수지,4604.0,4.604,2.2803956005814645,0.283207887,0.283207887,0.0,0.0,PRELIMINARY_POINT_BUFFER_PROXY,4.157951616,PRELIMINARY_90M
286,ST006__ST032,6,ST006,시흥시청 본청,32,ST032,희망공원,11421.0,11.421,2.522192739062727,0.193072915,0.193072915,0.0,0.0,PRELIMINARY_POINT_BUFFER_PROXY,3.490619862,PRELIMINARY_90M
287,ST006__ST033,6,ST006,시흥시청 본청,33,ST033,타원산업단지,11281.0,11.281,2.6191003738932084,0.195476431,0.195476431,0.0,0.0,PRELIMINARY_POINT_BUFFER_PROXY,3.518946764,PRELIMINARY_90M
288,ST006__ST034,6,ST006,시흥시청 본청,34,ST034,군자디지털과학고등학교,7330.0,7.33,2.8428862563521475,0.34315285,0.34315285,0.0,0.0,PRELIMINARY_POINT_BUFFER_PROXY,3.198812236,PRELIMINARY_90M
289,ST006__ST035,6,ST006,시흥시청 본청,35,ST035,산들공원,6977.0,6.977,2.9216522119106507,0.310126848,0.310126848,0.0,0.0,PRELIMINARY_POINT_BUFFER_PROXY,3.275946265,PRELIMINARY_90M
290,ST006__ST036,6,ST006,시흥시청 본청,36,ST036,시흥시립군자도서관,6369.0,6.369,3.006830634630671,0.244304171,0.244304171,0.0,0.0,PRELIMINARY_POINT_BUFFER_PROXY,3.089108296,PRELIMINARY_90M
291,ST006__ST037,6,ST006,시흥시청 본청,37,ST037,군자동행정복지센터,6845.0,6.845,2.8673370714628095,0.296832124,0.296832124,0.0,0.0,PRELIMINARY_POINT_BUFFER_PROXY,2.957161605,PRELIMINARY_90M
292,ST006__ST038,6,ST006,시흥시청 본청,38,ST038,능곡도서관,2199.0,2.199,2.084117616972949,0.214672193,0.183407351,0.04195668,0.0,PRELIMINARY_POINT_BUFFER_PROXY,3.091529972,PRELIMINARY_90M
293,ST006__ST039,6,ST006,시흥시청 본청,39,ST039,능곡힐스테이트,2245.0,2.245,1.4839630692760302,0.123748548,0.0,0.123748548,0.0,PRELIMINARY_POINT_BUFFER_PROXY,5.463392543,PRELIMINARY_90M
294,ST006__ST040,6,ST006,시흥시청 본청,40,ST040,갯골생태공원,3134.0,3.134,1.787243299742466,0.417517824,0.417517824,0.0,0.0,PRELIMINARY_POINT_BUFFER_PROXY,2.045098404,PRELIMINARY_90M
295,ST006__ST041,6,ST006,시흥시청 본청,41,ST041,연꽃테마파크,4324.0,4.324,2.049004075045147,0.317588105,0.253730079,0.12827043,0.0,PRELIMINARY_POINT_BUFFER_PROXY,3.948741975,PRELIMINARY_90M
296,ST006__ST042,6,ST006,시흥시청 본청,42,ST042,시흥시청역,594.0,0.594,1.9806585205188414,0.443911734,0.443911734,0.0,0.0,PRELIMINARY_POINT_BUFFER_PROXY,3.847017707,PRELIMINARY_90M
297,ST006__ST043,6,ST006,시흥시청 본청,43,ST043,시흥종합버스터미널,8959.0,8.959,2.594531318961741,0.230185724,0.230185724,0.0,0.0,PRELIMINARY_POINT_BUFFER_PROXY,4.162107481,PRELIMINARY_90M
298,ST006__ST044,6,ST006,시흥시청 본청,44,ST044,경기과학기술대학교,9695.0,9.695,2.6375648814314294,0.270726205,0.270726205,0.0,0.0,PRELIMINARY_POINT_BUFFER_PROXY,3.999571885,PRELIMINARY_90M
299,ST006__ST045,6,ST006,시흥시청 본청,45,ST045,시흥중앙도서관,8460.0,8.46,2.5498869254037335,0.241986931,0.241986931,0.0,0.0,PRELIMINARY_POINT_BUFFER_PROXY,4.385498652,PRELIMINARY_90M
300,ST006__ST046,6,ST006,시흥시청 본청,46,ST046,배곧1동행정복지센터,8564.0,8.564,2.4261774730588592,0.308547855,0.308547855,0.0,0.0,PRELIMINARY_POINT_BUFFER_PROXY,1.746734551,PRELIMINARY_90M
301,ST006__ST047,6,ST006,시흥시청 본청,47,ST047,배곧2동행정복지센터,10990.0,10.99,2.4042417245259013,0.221552777,0.221552777,0.0,0.0,PRELIMINARY_POINT_BUFFER_PROXY,1.625128198,PRELIMINARY_90M
302,ST006__ST048,6,ST006,시흥시청 본청,48,ST048,정왕평생학습관 사거리,8300.0,8.3,2.600756339187811,0.26492128,0.26492128,0.0,0.0,PRELIMINARY_POINT_BUFFER_PROXY,4.419057988,PRELIMINARY_90M
303,ST006__ST049,6,ST006,시흥시청 본청,49,ST049,거북섬 웨이브파크 정문,15957.0,15.957,3.0596167427423016,0.200739873,0.200739873,0.0,0.0,PRELIMINARY_POINT_BUFFER_PROXY,1.699761861,PRELIMINARY_90M
304,ST006__ST050,6,ST006,시흥시청 본청,50,ST050,시흥한라3차아파트,10014.0,10.014,2.9707752623655717,0.28503215,0.28503215,0.0,0.0,PRELIMINARY_POINT_BUFFER_PROXY,1.681460669,PRELIMINARY_90M
305,ST006__ST051,6,ST006,시흥시청 본청,51,ST051,연성중학교,2665.0,2.665,2.405708703853897,0.37184665,0.338316086,0.064712949,0.0,PRELIMINARY_POINT_BUFFER_PROXY,4.504771469,PRELIMINARY_90M
306,ST006__ST052,6,ST006,시흥시청 본청,52,ST052,가온그린공원,1779.0,1.779,1.4826262058444766,0.840948525,0.840948525,0.0,0.0,PRELIMINARY_POINT_BUFFER_PROXY,1.647772227,PRELIMINARY_90M
307,ST006__ST053,6,ST006,시흥시청 본청,53,ST053,오이도 빨강등대,15052.0,15.052,3.065065787195837,0.232345802,0.200436352,0.03190945,0.0,PRELIMINARY_POINT_BUFFER_PROXY,1.978965917,PRELIMINARY_90M
308,ST006__ST054,6,ST006,시흥시청 본청,54,ST054,시흥 프리미엄 아울렛,6963.0,6.963,2.2981115356407833,0.24524532,0.24524532,0.0,0.0,PRELIMINARY_POINT_BUFFER_PROXY,1.924103538,PRELIMINARY_90M
309,ST006__ST055,6,ST006,시흥시청 본청,55,ST055,해양생태과학관,15502.0,15.502,3.06666115185903,0.194244557,0.194244557,0.0,0.0,PRELIMINARY_POINT_BUFFER_PROXY,1.723815297,PRELIMINARY_90M
310,ST007__ST008,7,ST007,장현지구,8,ST008,시흥능곡역,2741.0,2.741,1.4601091553027377,0.484118832,0.484118832,0.0,0.0,PRELIMINARY_POINT_BUFFER_PROXY,4.893457588,PRELIMINARY_90M
311,ST007__ST009,7,ST007,장현지구,9,ST009,능곡중앙공원,3395.0,3.395,1.60506658419029,0.56701767,0.531927058,0.176076025,0.0,PRELIMINARY_POINT_BUFFER_PROXY,4.488913524,PRELIMINARY_90M
312,ST007__ST010,7,ST007,장현지구,10,ST010,은계호수공원,9295.0,9.295,2.133532995691515,0.240178212,0.240178212,0.0,0.0,PRELIMINARY_POINT_BUFFER_PROXY,2.044052907,PRELIMINARY_90M
313,ST007__ST011,7,ST007,장현지구,11,ST011,배곧생명공원,9980.0,9.98,2.5537413472256456,0.24479273,0.24479273,0.0,0.0,PRELIMINARY_POINT_BUFFER_PROXY,1.600494142,PRELIMINARY_90M
314,ST007__ST012,7,ST007,장현지구,12,ST012,신천역,8834.0,8.834,1.9013704989777807,0.352796752,0.300297607,0.052499144,0.0,PRELIMINARY_POINT_BUFFER_PROXY,2.388145097,PRELIMINARY_90M
315,ST007__ST013,7,ST007,장현지구,13,ST013,삼미시장,12150.0,12.15,2.4724961048594403,0.261575599,0.236236819,0.082877489,0.0,PRELIMINARY_POINT_BUFFER_PROXY,3.688674808,PRELIMINARY_90M
316,ST007__ST014,7,ST007,장현지구,14,ST014,시흥대야역,13013.0,13.013,2.4352199641989087,0.319846311,0.266825546,0.130267067,0.0,PRELIMINARY_POINT_BUFFER_PROXY,3.886924836,PRELIMINARY_90M
317,ST007__ST015,7,ST007,장현지구,15,ST015,목감택지개발예정지구,6924.0,6.924,1.8405394230049963,0.163528348,0.163528348,0.0,0.0,PRELIMINARY_POINT_BUFFER_PROXY,3.976463762,PRELIMINARY_90M
318,ST007__ST016,7,ST007,장현지구,16,ST016,물왕호수,5361.0,5.361,1.7008916027228806,0.211312552,0.211312552,0.0,0.0,PRELIMINARY_POINT_BUFFER_PROXY,4.448459026,PRELIMINARY_90M
319,ST007__ST017,7,ST007,장현지구,17,ST017,장곡동,1354.0,1.354,1.2676067006331293,0.962650029,0.962650029,0.0,0.0,PRELIMINARY_POINT_BUFFER_PROXY,1.309444042,PRELIMINARY_90M
320,ST007__ST018,7,ST007,장현지구,18,ST018,정왕역,8972.0,8.972,2.285552090454245,0.281434742,0.281434742,0.0,0.0,PRELIMINARY_POINT_BUFFER_PROXY,4.119751288,PRELIMINARY_90M
321,ST007__ST019,7,ST007,장현지구,19,ST019,시화병원,8643.0,8.643,2.4020451386071913,0.253997224,0.253997224,0.0,0.0,PRELIMINARY_POINT_BUFFER_PROXY,4.263780363,PRELIMINARY_90M
322,ST007__ST020,7,ST007,장현지구,20,ST020,시화공업단지[왼쪽부근],10307.0,10.307,2.5362418727732217,0.264744719,0.264744719,0.0,0.0,PRELIMINARY_POINT_BUFFER_PROXY,3.67636277,PRELIMINARY_90M
323,ST007__ST021,7,ST007,장현지구,21,ST021,오이도 포구 해양관광 단지,15300.0,15.3,2.9679364267457373,0.248002574,0.214248992,0.033753582,0.0,PRELIMINARY_POINT_BUFFER_PROXY,1.895151331,PRELIMINARY_90M
324,ST007__ST022,7,ST007,장현지구,22,ST022,오이도박물관,16094.0,16.094,2.2745505708509826,0.233835944,0.204305595,0.029530349,0.0,PRELIMINARY_POINT_BUFFER_PROXY,1.69584501,PRELIMINARY_90M
325,ST007__ST023,7,ST007,장현지구,23,ST023,오이도역,8693.0,8.693,2.147375838721975,0.25172783,0.25172783,0.0,0.0,PRELIMINARY_POINT_BUFFER_PROXY,3.980430619,PRELIMINARY_90M
326,ST007__ST024,7,ST007,장현지구,24,ST024,목감고등학교,7810.0,7.81,1.9356311516316742,0.218129369,0.218129369,0.0,0.0,PRELIMINARY_POINT_BUFFER_PROXY,3.797294408,PRELIMINARY_90M
327,ST007__ST025,7,ST007,장현지구,25,ST025,목감동행정복지센터,8584.0,8.584,2.07833634125379,0.254652325,0.250735872,0.037298246,0.0,PRELIMINARY_POINT_BUFFER_PROXY,3.434714312,PRELIMINARY_90M
328,ST007__ST026,7,ST007,장현지구,26,ST026,은계파크자이,8880.0,8.88,1.9183583737549257,0.348795616,0.296569731,0.052225884,0.0,PRELIMINARY_POINT_BUFFER_PROXY,2.353995559,PRELIMINARY_90M
329,ST007__ST027,7,ST007,장현지구,27,ST027,은행동행정복지센터,8709.0,8.709,1.9363877077820781,0.332743591,0.279492401,0.05325119,0.0,PRELIMINARY_POINT_BUFFER_PROXY,2.447643985,PRELIMINARY_90M
330,ST007__ST028,7,ST007,장현지구,28,ST028,매화산업단지,8310.0,8.31,1.8818440114835289,0.272091051,0.272091051,0.0,0.0,PRELIMINARY_POINT_BUFFER_PROXY,2.181486617,PRELIMINARY_90M
331,ST007__ST029,7,ST007,장현지구,29,ST029,관곡공원,4165.0,4.165,2.078936189138624,0.271907933,0.271907933,0.0,0.0,PRELIMINARY_POINT_BUFFER_PROXY,2.51365291,PRELIMINARY_90M
332,ST007__ST030,7,ST007,장현지구,30,ST030,장곡도서관,1683.0,1.683,1.4562870070184697,0.759142743,0.759142743,0.0,0.0,PRELIMINARY_POINT_BUFFER_PROXY,1.235595407,PRELIMINARY_90M
333,ST007__ST031,7,ST007,장현지구,31,ST031,마전저수지,5217.0,5.217,2.012980501468642,0.301018578,0.301018578,0.0,0.0,PRELIMINARY_POINT_BUFFER_PROXY,3.715766665,PRELIMINARY_90M
334,ST007__ST032,7,ST007,장현지구,32,ST032,희망공원,12034.0,12.034,2.3939250535017615,0.205388673,0.205388673,0.0,0.0,PRELIMINARY_POINT_BUFFER_PROXY,3.338288618,PRELIMINARY_90M
335,ST007__ST033,7,ST007,장현지구,33,ST033,타원산업단지,11894.0,11.894,2.4843213607861188,0.207813665,0.207813665,0.0,0.0,PRELIMINARY_POINT_BUFFER_PROXY,3.363690784,PRELIMINARY_90M
336,ST007__ST034,7,ST007,장현지구,34,ST034,군자디지털과학고등학교,5320.0,5.32,1.7415557933434342,0.349152348,0.349152348,0.0,0.0,PRELIMINARY_POINT_BUFFER_PROXY,3.459564988,PRELIMINARY_90M
337,ST007__ST035,7,ST007,장현지구,35,ST035,산들공원,4967.0,4.967,1.7820285875158806,0.303154316,0.303154316,0.0,0.0,PRELIMINARY_POINT_BUFFER_PROXY,3.583766475,PRELIMINARY_90M
338,ST007__ST036,7,ST007,장현지구,36,ST036,시흥시립군자도서관,7914.0,7.914,2.6645802732851354,0.307930223,0.307930223,0.0,0.0,PRELIMINARY_POINT_BUFFER_PROXY,2.636188829,PRELIMINARY_90M
339,ST007__ST037,7,ST007,장현지구,37,ST037,군자동행정복지센터,8390.0,8.39,2.570190493668074,0.347173938,0.347173938,0.0,0.0,PRELIMINARY_POINT_BUFFER_PROXY,2.554708776,PRELIMINARY_90M
340,ST007__ST038,7,ST007,장현지구,38,ST038,능곡도서관,2995.0,2.995,1.5526416544384283,0.509541985,0.486566978,0.030831918,0.0,PRELIMINARY_POINT_BUFFER_PROXY,4.846282974,PRELIMINARY_90M
341,ST007__ST039,7,ST007,장현지구,39,ST039,능곡힐스테이트,3093.0,3.093,1.5666346849364792,0.518859596,0.428985095,0.089874501,0.0,PRELIMINARY_POINT_BUFFER_PROXY,4.745965987,PRELIMINARY_90M
342,ST007__ST040,7,ST007,장현지구,40,ST040,갯골생태공원,3004.0,3.004,1.4936565315277723,0.625530067,0.625530067,0.0,0.0,PRELIMINARY_POINT_BUFFER_PROXY,1.681985565,PRELIMINARY_90M
343,ST007__ST041,7,ST007,장현지구,41,ST041,연꽃테마파크,5963.0,5.963,1.7948613454178433,0.381443526,0.355056843,0.091388128,0.0,PRELIMINARY_POINT_BUFFER_PROXY,3.139713519,PRELIMINARY_90M
344,ST007__ST042,7,ST007,장현지구,42,ST042,시흥시청역,1884.0,1.884,1.0848082524282452,0.701082383,0.701082383,0.0,0.0,PRELIMINARY_POINT_BUFFER_PROXY,1.854984739,PRELIMINARY_90M
345,ST007__ST043,7,ST007,장현지구,43,ST043,시흥종합버스터미널,9572.0,9.572,2.4286399381834176,0.243291198,0.243291198,0.0,0.0,PRELIMINARY_POINT_BUFFER_PROXY,3.925570549,PRELIMINARY_90M
346,ST007__ST044,7,ST007,장현지구,44,ST044,경기과학기술대학교,10308.0,10.308,2.4809750604090848,0.280482961,0.280482961,0.0,0.0,PRELIMINARY_POINT_BUFFER_PROXY,3.789544778,PRELIMINARY_90M
347,ST007__ST045,7,ST007,장현지구,45,ST045,시흥중앙도서관,9073.0,9.073,2.377914665313401,0.255013601,0.255013601,0.0,0.0,PRELIMINARY_POINT_BUFFER_PROXY,4.120945997,PRELIMINARY_90M
348,ST007__ST046,7,ST007,장현지구,46,ST046,배곧1동행정복지센터,9177.0,9.177,2.2644336799476807,0.31697882,0.31697882,0.0,0.0,PRELIMINARY_POINT_BUFFER_PROXY,1.657624601,PRELIMINARY_90M
349,ST007__ST047,7,ST007,장현지구,47,ST047,배곧2동행정복지센터,11603.0,11.603,2.27747518651546,0.232817919,0.232817919,0.0,0.0,PRELIMINARY_POINT_BUFFER_PROXY,1.557348238,PRELIMINARY_90M
350,ST007__ST048,7,ST007,장현지구,48,ST048,정왕평생학습관 사거리,8913.0,8.913,2.422155127522018,0.276606779,0.276606779,0.0,0.0,PRELIMINARY_POINT_BUFFER_PROXY,4.146293081,PRELIMINARY_90M
351,ST007__ST049,7,ST007,장현지구,49,ST049,거북섬 웨이브파크 정문,16570.0,16.57,2.9466340649212373,0.209395657,0.209395657,0.0,0.0,PRELIMINARY_POINT_BUFFER_PROXY,1.647153466,PRELIMINARY_90M
352,ST007__ST050,7,ST007,장현지구,50,ST050,시흥한라3차아파트,10627.0,10.627,2.7996965790661688,0.293668656,0.293668656,0.0,0.0,PRELIMINARY_POINT_BUFFER_PROXY,1.60664307,PRELIMINARY_90M
353,ST007__ST051,7,ST007,장현지구,51,ST051,연성중학교,3360.0,3.36,1.9288666578782163,0.553656435,0.527051485,0.051346729,0.0,PRELIMINARY_POINT_BUFFER_PROXY,3.519092434,PRELIMINARY_90M
354,ST007__ST052,7,ST007,장현지구,52,ST052,가온그린공원,1163.0,1.163,1.2131708783527768,0.867518063,0.867518063,0.0,0.0,PRELIMINARY_POINT_BUFFER_PROXY,1.043527785,PRELIMINARY_90M
355,ST007__ST053,7,ST007,장현지구,53,ST053,오이도 빨강등대,15665.0,15.665,2.945345350009207,0.240264807,0.209603868,0.030660938,0.0,PRELIMINARY_POINT_BUFFER_PROXY,1.915488197,PRELIMINARY_90M
356,ST007__ST054,7,ST007,장현지구,54,ST054,시흥 프리미엄 아울렛,7576.0,7.576,2.1125948523926654,0.260577423,0.260577423,0.0,0.0,PRELIMINARY_POINT_BUFFER_PROXY,1.804905615,PRELIMINARY_90M
357,ST007__ST055,7,ST007,장현지구,55,ST055,해양생태과학관,16115.0,16.115,2.9502314469114848,0.203390924,0.203390924,0.0,0.0,PRELIMINARY_POINT_BUFFER_PROXY,1.668540589,PRELIMINARY_90M
358,ST008__ST009,8,ST008,시흥능곡역,9,ST009,능곡중앙공원,1712.0,1.712,1.8305154308324192,0.348908245,0.279373488,0.348908245,0.0,PRELIMINARY_POINT_BUFFER_PROXY,4.123126948,PRELIMINARY_90M
359,ST008__ST010,8,ST008,시흥능곡역,10,ST010,은계호수공원,9519.0,9.519,2.1680281636531937,0.115583801,0.115583801,0.0,0.0,PRELIMINARY_POINT_BUFFER_PROXY,2.47456009,PRELIMINARY_90M
360,ST008__ST011,8,ST008,시흥능곡역,11,ST011,배곧생명공원,13465.0,13.465,2.5414779791303364,0.066161215,0.066161215,0.0,0.0,PRELIMINARY_POINT_BUFFER_PROXY,2.288661545,PRELIMINARY_90M
361,ST008__ST012,8,ST008,시흥능곡역,12,ST012,신천역,9058.0,9.058,1.9434032479733672,0.219047126,0.167854791,0.051192335,0.0,PRELIMINARY_POINT_BUFFER_PROXY,2.836226292,PRELIMINARY_90M
362,ST008__ST013,8,ST008,시흥능곡역,13,ST013,삼미시장,12374.0,12.374,2.4928618632690633,0.165312967,0.14043598,0.081367067,0.0,PRELIMINARY_POINT_BUFFER_PROXY,3.986454748,PRELIMINARY_90M
363,ST008__ST014,8,ST008,시흥능곡역,14,ST014,시흥대야역,13237.0,13.237,2.4548963553389425,0.228851433,0.176734113,0.128047386,0.0,PRELIMINARY_POINT_BUFFER_PROXY,4.163555892,PRELIMINARY_90M
364,ST008__ST015,8,ST008,시흥능곡역,15,ST015,목감택지개발예정지구,6807.0,6.807,1.8885444736486015,0.0,0.0,0.0,0.0,PRELIMINARY_POINT_BUFFER_PROXY,4.039381199,PRELIMINARY_90M
365,ST008__ST016,8,ST008,시흥능곡역,16,ST016,물왕호수,5244.0,5.244,1.760127283972371,0.0,0.0,0.0,0.0,PRELIMINARY_POINT_BUFFER_PROXY,4.553952786,PRELIMINARY_90M
366,ST008__ST017,8,ST008,시흥능곡역,17,ST017,장곡동,2645.0,2.645,1.8829314447256988,0.383443263,0.383443263,0.0,0.0,PRELIMINARY_POINT_BUFFER_PROXY,4.5324066,PRELIMINARY_90M
367,ST008__ST018,8,ST008,시흥능곡역,18,ST018,정왕역,8593.0,8.593,1.6328493833811462,0.200418056,0.200418056,0.0,0.0,PRELIMINARY_POINT_BUFFER_PROXY,3.570086229,PRELIMINARY_90M
368,ST008__ST019,8,ST008,시흥능곡역,19,ST019,시화병원,9541.0,9.541,2.380203466611261,0.202110648,0.202110648,0.0,0.0,PRELIMINARY_POINT_BUFFER_PROXY,4.601175867,PRELIMINARY_90M
369,ST008__ST020,8,ST008,시흥능곡역,20,ST020,시화공업단지[왼쪽부근],10511.0,10.511,3.1512350183723807,0.191074926,0.191074926,0.0,0.0,PRELIMINARY_POINT_BUFFER_PROXY,1.960084443,PRELIMINARY_90M
370,ST008__ST021,8,ST008,시흥능곡역,21,ST021,오이도 포구 해양관광 단지,18785.0,18.785,2.882337147186888,0.119404601,0.091910555,0.027494046,0.0,PRELIMINARY_POINT_BUFFER_PROXY,2.333115438,PRELIMINARY_90M
371,ST008__ST022,8,ST008,시흥능곡역,22,ST022,오이도박물관,16992.0,16.992,2.269036747791978,0.205776754,0.177809106,0.027967648,0.0,PRELIMINARY_POINT_BUFFER_PROXY,2.02411338,PRELIMINARY_90M
372,ST008__ST023,8,ST008,시흥능곡역,23,ST023,오이도역,9826.0,9.826,1.8153652262265678,0.14008535,0.14008535,0.0,0.0,PRELIMINARY_POINT_BUFFER_PROXY,3.229381042,PRELIMINARY_90M
373,ST008__ST024,8,ST008,시흥능곡역,24,ST024,목감고등학교,7693.0,7.693,1.9795588103840667,0.07423355,0.07423355,0.0,0.0,PRELIMINARY_POINT_BUFFER_PROXY,3.860852365,PRELIMINARY_90M
374,ST008__ST025,8,ST008,시흥능곡역,25,ST025,목감동행정복지센터,7469.0,7.469,1.988740417472464,0.077787688,0.048246665,0.065136385,0.0,PRELIMINARY_POINT_BUFFER_PROXY,3.782089357,PRELIMINARY_90M
375,ST008__ST026,8,ST008,시흥능곡역,26,ST026,은계파크자이,9104.0,9.104,1.959757043038742,0.215824011,0.164891535,0.050932476,0.0,PRELIMINARY_POINT_BUFFER_PROXY,2.802888396,PRELIMINARY_90M
376,ST008__ST027,8,ST008,시흥능곡역,27,ST027,은행동행정복지센터,8933.0,8.933,1.9781235549054759,0.197632505,0.145725353,0.051907151,0.0,PRELIMINARY_POINT_BUFFER_PROXY,2.905223139,PRELIMINARY_90M
377,ST008__ST028,8,ST008,시흥능곡역,28,ST028,매화산업단지,8534.0,8.534,1.9269660940085112,0.132284324,0.132284324,0.0,0.0,PRELIMINARY_POINT_BUFFER_PROXY,2.663161369,PRELIMINARY_90M
378,ST008__ST029,8,ST008,시흥능곡역,29,ST029,관곡공원,4389.0,4.389,2.156570265400262,0.0,0.0,0.0,0.0,PRELIMINARY_POINT_BUFFER_PROXY,3.417489749,PRELIMINARY_90M
379,ST008__ST030,8,ST008,시흥능곡역,30,ST030,장곡도서관,2575.0,2.575,2.0,0.366377515,0.366377515,0.0,0.0,PRELIMINARY_POINT_BUFFER_PROXY,4.637122017,PRELIMINARY_90M
380,ST008__ST031,8,ST008,시흥능곡역,31,ST031,마전저수지,6115.0,6.115,2.0361220445288395,0.213170314,0.213170314,0.0,0.0,PRELIMINARY_POINT_BUFFER_PROXY,4.326926888,PRELIMINARY_90M
381,ST008__ST032,8,ST008,시흥능곡역,32,ST032,희망공원,12758.0,12.758,2.951580605254282,0.151931089,0.151931089,0.0,0.0,PRELIMINARY_POINT_BUFFER_PROXY,1.907340228,PRELIMINARY_90M
382,ST008__ST033,8,ST008,시흥능곡역,33,ST033,타원산업단지,10699.0,10.699,3.158903558335437,0.128664141,0.128664141,0.0,0.0,PRELIMINARY_POINT_BUFFER_PROXY,2.141908628,PRELIMINARY_90M
383,ST008__ST034,8,ST008,시흥능곡역,34,ST034,군자디지털과학고등학교,5212.0,5.212,1.9117330107174155,0.292305874,0.292305874,0.0,0.0,PRELIMINARY_POINT_BUFFER_PROXY,4.735701128,PRELIMINARY_90M
384,ST008__ST035,8,ST008,시흥능곡역,35,ST035,산들공원,4859.0,4.859,1.965398368544659,0.241179969,0.241179969,0.0,0.0,PRELIMINARY_POINT_BUFFER_PROXY,4.957531633,PRELIMINARY_90M
385,ST008__ST036,8,ST008,시흥능곡역,36,ST036,시흥시립군자도서관,4468.0,4.468,3.322939983305055,0.221339234,0.221339234,0.0,0.0,PRELIMINARY_POINT_BUFFER_PROXY,3.518784026,PRELIMINARY_90M
386,ST008__ST037,8,ST008,시흥능곡역,37,ST037,군자동행정복지센터,4944.0,4.944,3.099278481155629,0.296311656,0.296311656,0.0,0.0,PRELIMINARY_POINT_BUFFER_PROXY,3.296729813,PRELIMINARY_90M
387,ST008__ST038,8,ST008,시흥능곡역,38,ST038,능곡도서관,1312.0,1.312,1.7792547011816842,0.151985076,0.099637532,0.070249169,0.0,PRELIMINARY_POINT_BUFFER_PROXY,4.827909169,PRELIMINARY_90M
388,ST008__ST039,8,ST008,시흥능곡역,39,ST039,능곡힐스테이트,1410.0,1.41,1.7943819357778974,0.196901186,0.0,0.196901186,0.0,PRELIMINARY_POINT_BUFFER_PROXY,4.602752376,PRELIMINARY_90M
389,ST008__ST040,8,ST008,시흥능곡역,40,ST040,갯골생태공원,4204.0,4.204,2.0,0.457811993,0.457811993,0.0,0.0,PRELIMINARY_POINT_BUFFER_PROXY,4.321369187,PRELIMINARY_90M
390,ST008__ST041,8,ST008,시흥능곡역,41,ST041,연꽃테마파크,5243.0,5.243,1.856989325542413,0.211669005,0.159007329,0.105780532,0.0,PRELIMINARY_POINT_BUFFER_PROXY,4.097986625,PRELIMINARY_90M
391,ST008__ST042,8,ST008,시흥능곡역,42,ST042,시흥시청역,2105.0,2.105,1.4865056605326343,0.125084013,0.125084013,0.0,0.0,PRELIMINARY_POINT_BUFFER_PROXY,4.593123333,PRELIMINARY_90M
392,ST008__ST043,8,ST008,시흥능곡역,43,ST043,시흥종합버스터미널,9822.0,9.822,3.3718222028660656,0.27147472,0.27147472,0.0,0.0,PRELIMINARY_POINT_BUFFER_PROXY,2.233456668,PRELIMINARY_90M
393,ST008__ST044,8,ST008,시흥능곡역,44,ST044,경기과학기술대학교,9845.0,9.845,3.3708627586547335,0.30400091,0.30400091,0.0,0.0,PRELIMINARY_POINT_BUFFER_PROXY,2.295432289,PRELIMINARY_90M
394,ST008__ST045,8,ST008,시흥능곡역,45,ST045,시흥중앙도서관,9919.0,9.919,3.4582290329618446,0.283603446,0.283603446,0.0,0.0,PRELIMINARY_POINT_BUFFER_PROXY,2.222501302,PRELIMINARY_90M
395,ST008__ST046,8,ST008,시흥능곡역,46,ST046,배곧1동행정복지센터,12662.0,12.662,2.3310094314983836,0.107164139,0.107164139,0.0,0.0,PRELIMINARY_POINT_BUFFER_PROXY,2.373808917,PRELIMINARY_90M
396,ST008__ST047,8,ST008,시흥능곡역,47,ST047,배곧2동행정복지센터,14818.0,14.818,2.786503429503744,0.1557205,0.1557205,0.0,0.0,PRELIMINARY_POINT_BUFFER_PROXY,2.193397772,PRELIMINARY_90M
397,ST008__ST048,8,ST008,시흥능곡역,48,ST048,정왕평생학습관 사거리,9811.0,9.811,2.3990711302241006,0.224075837,0.224075837,0.0,0.0,PRELIMINARY_POINT_BUFFER_PROXY,4.485684758,PRELIMINARY_90M
398,ST008__ST049,8,ST008,시흥능곡역,49,ST049,거북섬 웨이브파크 정문,20055.0,20.055,2.87015728176192,0.095649735,0.095649735,0.0,0.0,PRELIMINARY_POINT_BUFFER_PROXY,2.098141278,PRELIMINARY_90M
399,ST008__ST050,8,ST008,시흥능곡역,50,ST050,시흥한라3차아파트,14112.0,14.112,2.7272706740161086,0.111182208,0.111182208,0.0,0.0,PRELIMINARY_POINT_BUFFER_PROXY,2.262457176,PRELIMINARY_90M
400,ST008__ST051,8,ST008,시흥능곡역,51,ST051,연성중학교,3584.0,3.584,2.033364282623199,0.203001614,0.178070339,0.048116588,0.0,PRELIMINARY_POINT_BUFFER_PROXY,4.581588549,PRELIMINARY_90M
401,ST008__ST052,8,ST008,시흥능곡역,52,ST052,가온그린공원,2055.0,2.055,2.0,0.328329708,0.328329708,0.0,0.0,PRELIMINARY_POINT_BUFFER_PROXY,5.381209551,PRELIMINARY_90M
402,ST008__ST053,8,ST008,시흥능곡역,53,ST053,오이도 빨강등대,19150.0,19.15,2.8654899652635466,0.115529815,0.09044632,0.025083495,0.0,PRELIMINARY_POINT_BUFFER_PROXY,2.341641964,PRELIMINARY_90M
403,ST008__ST054,8,ST008,시흥능곡역,54,ST054,시흥 프리미엄 아울렛,8474.0,8.474,2.118722442640392,0.201490511,0.201490511,0.0,0.0,PRELIMINARY_POINT_BUFFER_PROXY,2.450436707,PRELIMINARY_90M
404,ST008__ST055,8,ST008,시흥능곡역,55,ST055,해양생태과학관,19600.0,19.6,2.871345863255345,0.088080377,0.088080377,0.0,0.0,PRELIMINARY_POINT_BUFFER_PROXY,2.126063085,PRELIMINARY_90M
405,ST009__ST010,9,ST009,능곡중앙공원,10,ST010,은계호수공원,9691.0,9.691,2.29332305979191,0.207927752,0.175648579,0.058300051,0.0,PRELIMINARY_POINT_BUFFER_PROXY,2.020392326,PRELIMINARY_90M
406,ST009__ST011,9,ST009,능곡중앙공원,11,ST011,배곧생명공원,13637.0,13.637,2.6258313192187823,0.132429178,0.109483052,0.04144345,0.0,PRELIMINARY_POINT_BUFFER_PROXY,1.975099642,PRELIMINARY_90M
407,ST009__ST012,9,ST009,능곡중앙공원,12,ST012,신천역,9230.0,9.23,2.079155224614918,0.314081779,0.229949921,0.111454562,0.0,PRELIMINARY_POINT_BUFFER_PROXY,2.348627829,PRELIMINARY_90M
408,ST009__ST013,9,ST009,능곡중앙공원,13,ST013,삼미시장,9533.0,9.533,2.044910643566718,0.336297045,0.275183927,0.109998038,0.0,PRELIMINARY_POINT_BUFFER_PROXY,2.263124604,PRELIMINARY_90M
409,ST009__ST014,9,ST009,능곡중앙공원,14,ST014,시흥대야역,13409.0,13.409,2.541805665232799,0.294165062,0.219377929,0.168556282,0.0,PRELIMINARY_POINT_BUFFER_PROXY,3.817984239,PRELIMINARY_90M
410,ST009__ST015,9,ST009,능곡중앙공원,15,ST015,목감택지개발예정지구,5902.0,5.902,2.0201812566671036,0.180228914,0.180228914,0.099111033,0.0,PRELIMINARY_POINT_BUFFER_PROXY,3.891380857,PRELIMINARY_90M
411,ST009__ST016,9,ST009,능곡중앙공원,16,ST016,물왕호수,4339.0,4.339,1.9124735141481584,0.245312237,0.245312237,0.134901491,0.0,PRELIMINARY_POINT_BUFFER_PROXY,4.439840082,PRELIMINARY_90M
412,ST009__ST017,9,ST009,능곡중앙공원,17,ST017,장곡동,3477.0,3.477,1.9638082698292665,0.45438424,0.364332145,0.162644864,0.0,PRELIMINARY_POINT_BUFFER_PROXY,4.302419954,PRELIMINARY_90M
413,ST009__ST018,9,ST009,능곡중앙공원,18,ST018,정왕역,10735.0,10.735,2.392884336098931,0.253786149,0.224636968,0.05264691,0.0,PRELIMINARY_POINT_BUFFER_PROXY,3.665801204,PRELIMINARY_90M
414,ST009__ST019,9,ST009,능곡중앙공원,19,ST019,시화병원,10406.0,10.406,2.4930300112958856,0.230123804,0.200050307,0.054316337,0.0,PRELIMINARY_POINT_BUFFER_PROXY,3.771978233,PRELIMINARY_90M
415,ST009__ST020,9,ST009,능곡중앙공원,20,ST020,시화공업단지[왼쪽부근],10520.0,10.52,3.15249532086178,0.240155396,0.240155396,0.031284208,0.0,PRELIMINARY_POINT_BUFFER_PROXY,1.809710265,PRELIMINARY_90M
416,ST009__ST021,9,ST009,능곡중앙공원,21,ST021,오이도 포구 해양관광 단지,18957.0,18.957,2.939905146985015,0.166577651,0.122831567,0.057048382,0.0,PRELIMINARY_POINT_BUFFER_PROXY,2.10989888,PRELIMINARY_90M
417,ST009__ST022,9,ST009,능곡중앙공원,22,ST022,오이도박물관,17857.0,17.857,2.3401497011026753,0.221919165,0.177785413,0.058257155,0.0,PRELIMINARY_POINT_BUFFER_PROXY,1.663606098,PRELIMINARY_90M
418,ST009__ST023,9,ST009,능곡중앙공원,23,ST023,오이도역,10456.0,10.456,2.280880731978156,0.228354375,0.198428371,0.054049945,0.0,PRELIMINARY_POINT_BUFFER_PROXY,3.536089925,PRELIMINARY_90M
419,ST009__ST024,9,ST009,능곡중앙공원,24,ST024,목감고등학교,6788.0,6.788,2.1061863448320617,0.240880001,0.240880001,0.086193074,0.0,PRELIMINARY_POINT_BUFFER_PROXY,3.692084153,PRELIMINARY_90M
420,ST009__ST025,9,ST009,능곡중앙공원,25,ST025,목감동행정복지센터,6963.0,6.963,2.1349319188717595,0.217188943,0.140523126,0.151111218,0.0,PRELIMINARY_POINT_BUFFER_PROXY,3.335237025,PRELIMINARY_90M
421,ST009__ST026,9,ST009,능곡중앙공원,26,ST026,은계파크자이,9276.0,9.276,2.0945292813519925,0.310445008,0.226732291,0.110899302,0.0,PRELIMINARY_POINT_BUFFER_PROXY,2.318711925,PRELIMINARY_90M
422,ST009__ST027,9,ST009,능곡중앙공원,27,ST027,은행동행정복지센터,9105.0,9.105,2.1150789574271274,0.294373865,0.20908945,0.112981425,0.0,PRELIMINARY_POINT_BUFFER_PROXY,2.406833091,PRELIMINARY_90M
423,ST009__ST028,9,ST009,능곡중앙공원,28,ST028,매화산업단지,7906.0,7.906,1.8163242159413575,0.203786429,0.203786429,0.074025087,0.0,PRELIMINARY_POINT_BUFFER_PROXY,4.220534155,PRELIMINARY_90M
424,ST009__ST029,9,ST009,능곡중앙공원,29,ST029,관곡공원,4562.0,4.562,2.4231442712656004,0.204923527,0.178849884,0.12823664,0.0,PRELIMINARY_POINT_BUFFER_PROXY,2.421968536,PRELIMINARY_90M
425,ST009__ST030,9,ST009,능곡중앙공원,30,ST030,장곡도서관,3408.0,3.408,2.053963435245604,0.448659017,0.413718063,0.17184827,0.0,PRELIMINARY_POINT_BUFFER_PROXY,4.366873749,PRELIMINARY_90M
426,ST009__ST031,9,ST009,능곡중앙공원,31,ST031,마전저수지,6981.0,6.981,2.2468611351412107,0.256364936,0.239325801,0.083802691,0.0,PRELIMINARY_POINT_BUFFER_PROXY,3.126192366,PRELIMINARY_90M
427,ST009__ST032,9,ST009,능곡중앙공원,32,ST032,희망공원,12767.0,12.767,2.9527692893746162,0.192399538,0.192399538,0.02577607,0.0,PRELIMINARY_POINT_BUFFER_PROXY,1.78392832,PRELIMINARY_90M
428,ST009__ST033,9,ST009,능곡중앙공원,33,ST033,타원산업단지,10708.0,10.708,3.1601346829823638,0.176932327,0.176932327,0.030730754,0.0,PRELIMINARY_POINT_BUFFER_PROXY,1.994283261,PRELIMINARY_90M
429,ST009__ST034,9,ST009,능곡중앙공원,34,ST034,군자디지털과학고등학교,5438.0,5.438,3.0482330688038717,0.45363226,0.45363226,0.060550946,0.0,PRELIMINARY_POINT_BUFFER_PROXY,3.293272439,PRELIMINARY_90M
430,ST009__ST035,9,ST009,능곡중앙공원,35,ST035,산들공원,5085.0,5.085,3.1705169235060016,0.415926001,0.415926001,0.064729724,0.0,PRELIMINARY_POINT_BUFFER_PROXY,3.401700163,PRELIMINARY_90M
431,ST009__ST036,9,ST009,능곡중앙공원,36,ST036,시흥시립군자도서관,4477.0,4.477,3.3255331202319405,0.336615531,0.336615531,0.073519269,0.0,PRELIMINARY_POINT_BUFFER_PROXY,3.161998942,PRELIMINARY_90M
432,ST009__ST037,9,ST009,능곡중앙공원,37,ST037,군자동행정복지센터,4953.0,4.953,3.102056456122923,0.400364762,0.400364762,0.066454291,0.0,PRELIMINARY_POINT_BUFFER_PROXY,2.974338855,PRELIMINARY_90M
433,ST009__ST038,9,ST009,능곡중앙공원,38,ST038,능곡도서관,744.0,0.744,2.0,0.97496266,0.515421611,0.830516213,0.0,PRELIMINARY_POINT_BUFFER_PROXY,1.451338391,PRELIMINARY_90M
434,ST009__ST039,9,ST009,능곡중앙공원,39,ST039,능곡힐스테이트,792.0,0.792,2.0,0.496869839,0.318845713,0.496869839,0.0,PRELIMINARY_POINT_BUFFER_PROXY,0.848295282,PRELIMINARY_90M
435,ST009__ST040,9,ST009,능곡중앙공원,40,ST040,갯골생태공원,5511.0,5.511,1.9576878879411694,0.325495522,0.303897424,0.106224801,0.0,PRELIMINARY_POINT_BUFFER_PROXY,1.652679251,PRELIMINARY_90M
436,ST009__ST041,9,ST009,능곡중앙공원,41,ST041,연꽃테마파크,4947.0,4.947,2.0,0.445959962,0.414150317,0.228422442,0.0,PRELIMINARY_POINT_BUFFER_PROXY,2.886617052,PRELIMINARY_90M
437,ST009__ST042,9,ST009,능곡중앙공원,42,ST042,시흥시청역,2781.0,2.781,2.0552547795934166,0.436775112,0.393968211,0.210534951,0.0,PRELIMINARY_POINT_BUFFER_PROXY,2.330781896,PRELIMINARY_90M
438,ST009__ST043,9,ST009,능곡중앙공원,43,ST043,시흥종합버스터미널,9831.0,9.831,3.3729547340069628,0.323895134,0.323895134,0.033463188,0.0,PRELIMINARY_POINT_BUFFER_PROXY,2.07290647,PRELIMINARY_90M
439,ST009__ST044,9,ST009,능곡중앙공원,44,ST044,경기과학기술대학교,9854.0,9.854,3.3719937985373485,0.356277282,0.356277282,0.033391482,0.0,PRELIMINARY_POINT_BUFFER_PROXY,2.135066913,PRELIMINARY_90M
440,ST009__ST045,9,ST009,능곡중앙공원,45,ST045,시흥중앙도서관,9928.0,9.928,3.459266989298956,0.335504972,0.335504972,0.033139442,0.0,PRELIMINARY_POINT_BUFFER_PROXY,2.063427956,PRELIMINARY_90M
441,ST009__ST046,9,ST009,능곡중앙공원,46,ST046,배곧1동행정복지센터,10940.0,10.94,2.3731400637119227,0.284122724,0.255525034,0.051650852,0.0,PRELIMINARY_POINT_BUFFER_PROXY,1.610873325,PRELIMINARY_90M
442,ST009__ST047,9,ST009,능곡중앙공원,47,ST047,배곧2동행정복지센터,13366.0,13.366,2.3647311189132942,0.217031184,0.193623772,0.042276587,0.0,PRELIMINARY_POINT_BUFFER_PROXY,1.53097519,PRELIMINARY_90M
443,ST009__ST048,9,ST009,능곡중앙공원,48,ST048,정왕평생학습관 사거리,10150.0,10.15,3.379835703661929,0.394095672,0.394095672,0.032414758,0.0,PRELIMINARY_POINT_BUFFER_PROXY,2.0216349,PRELIMINARY_90M
444,ST009__ST049,9,ST009,능곡중앙공원,49,ST049,거북섬 웨이브파크 정문,18333.0,18.333,2.9458694955092493,0.200141912,0.183080716,0.030814562,0.0,PRELIMINARY_POINT_BUFFER_PROXY,1.617224696,PRELIMINARY_90M
445,ST009__ST050,9,ST009,능곡중앙공원,50,ST050,시흥한라3차아파트,14456.0,14.456,2.6998806259466566,0.173526724,0.151882268,0.039092479,0.0,PRELIMINARY_POINT_BUFFER_PROXY,1.902023938,PRELIMINARY_90M
446,ST009__ST051,9,ST009,능곡중앙공원,51,ST051,연성중학교,3757.0,3.757,2.362689895391398,0.44241947,0.386984181,0.201582447,0.0,PRELIMINARY_POINT_BUFFER_PROXY,3.307538535,PRELIMINARY_90M
447,ST009__ST052,9,ST009,능곡중앙공원,52,ST052,가온그린공원,2888.0,2.888,2.0636774551337727,0.436398537,0.395167823,0.202782874,0.0,PRELIMINARY_POINT_BUFFER_PROXY,4.846507662,PRELIMINARY_90M
448,ST009__ST053,9,ST009,능곡중앙공원,53,ST053,오이도 빨강등대,19322.0,19.322,2.922118613968596,0.161844685,0.120795231,0.054100022,0.0,PRELIMINARY_POINT_BUFFER_PROXY,2.122659917,PRELIMINARY_90M
449,ST009__ST054,9,ST009,능곡중앙공원,54,ST054,시흥 프리미엄 아울렛,9339.0,9.339,2.2685819910687415,0.23274666,0.199253272,0.060493069,0.0,PRELIMINARY_POINT_BUFFER_PROXY,1.72230605,PRELIMINARY_90M
450,ST009__ST055,9,ST009,능곡중앙공원,55,ST055,해양생태과학관,17878.0,17.878,2.9490926921153138,0.194494697,0.177000778,0.031596111,0.0,PRELIMINARY_POINT_BUFFER_PROXY,1.635614727,PRELIMINARY_90M
451,ST010__ST011,10,ST010,은계호수공원,11,ST011,배곧생명공원,14419.0,14.419,2.69970186174858,0.134767266,0.134767266,0.0,0.0,PRELIMINARY_POINT_BUFFER_PROXY,1.432122385,PRELIMINARY_90M
452,ST010__ST012,10,ST010,은계호수공원,12,ST012,신천역,2361.0,2.361,2.79221465563128,0.473443851,0.473443851,0.0,0.0,PRELIMINARY_POINT_BUFFER_PROXY,2.295026039,PRELIMINARY_90M
453,ST010__ST013,10,ST010,은계호수공원,13,ST013,삼미시장,2822.0,2.822,2.499145512681044,0.559085533,0.559085533,0.0,0.0,PRELIMINARY_POINT_BUFFER_PROXY,2.040771125,PRELIMINARY_90M
454,ST010__ST014,10,ST010,은계호수공원,14,ST014,시흥대야역,1525.0,1.525,2.792670740390496,0.667821134,0.57752438,0.090296754,0.0,PRELIMINARY_POINT_BUFFER_PROXY,1.2539899,PRELIMINARY_90M
455,ST010__ST015,10,ST010,은계호수공원,15,ST015,목감택지개발예정지구,12143.0,12.143,2.234310052801355,0.088177732,0.088177732,0.0,0.0,PRELIMINARY_POINT_BUFFER_PROXY,3.131597958,PRELIMINARY_90M
456,ST010__ST016,10,ST010,은계호수공원,16,ST016,물왕호수,10580.0,10.58,2.2218545891823154,0.101231567,0.101231567,0.0,0.0,PRELIMINARY_POINT_BUFFER_PROXY,3.247297419,PRELIMINARY_90M
457,ST010__ST017,10,ST010,은계호수공원,17,ST017,장곡동,9371.0,9.371,2.3066653175877168,0.196613464,0.196613464,0.0,0.0,PRELIMINARY_POINT_BUFFER_PROXY,1.921374112,PRELIMINARY_90M
458,ST010__ST018,10,ST010,은계호수공원,18,ST018,정왕역,13413.0,13.413,2.5311976888004213,0.150974113,0.150974113,0.0,0.0,PRELIMINARY_POINT_BUFFER_PROXY,3.105287265,PRELIMINARY_90M
459,ST010__ST019,10,ST010,은계호수공원,19,ST019,시화병원,13084.0,13.084,2.614335613808798,0.129561627,0.129561627,0.0,0.0,PRELIMINARY_POINT_BUFFER_PROXY,3.174584011,PRELIMINARY_90M
460,ST010__ST020,10,ST010,은계호수공원,20,ST020,시화공업단지[왼쪽부근],15053.0,15.053,2.695635617895412,0.150987549,0.150987549,0.0,0.0,PRELIMINARY_POINT_BUFFER_PROXY,2.79527489,PRELIMINARY_90M
461,ST010__ST021,10,ST010,은계호수공원,21,ST021,오이도 포구 해양관광 단지,19739.0,19.739,2.98140198464788,0.166931525,0.140767002,0.026164523,0.0,PRELIMINARY_POINT_BUFFER_PROXY,1.707173565,PRELIMINARY_90M
462,ST010__ST022,10,ST010,은계호수공원,22,ST022,오이도박물관,20533.0,20.533,2.437397583610009,0.158947261,0.135800931,0.02314633,0.0,PRELIMINARY_POINT_BUFFER_PROXY,1.557131665,PRELIMINARY_90M
463,ST010__ST023,10,ST010,은계호수공원,23,ST023,오이도역,13134.0,13.134,2.444962058789667,0.128545576,0.128545576,0.0,0.0,PRELIMINARY_POINT_BUFFER_PROXY,2.991803446,PRELIMINARY_90M
464,ST010__ST024,10,ST010,은계호수공원,24,ST024,목감고등학교,13029.0,13.029,2.26457433281353,0.126023181,0.126023181,0.0,0.0,PRELIMINARY_POINT_BUFFER_PROXY,3.084237872,PRELIMINARY_90M
465,ST010__ST025,10,ST010,은계호수공원,25,ST025,목감동행정복지센터,10313.0,10.313,2.6681422923957845,0.226109508,0.224029999,0.058254689,0.0,PRELIMINARY_POINT_BUFFER_PROXY,2.851874621,PRELIMINARY_90M
466,ST010__ST026,10,ST010,은계호수공원,26,ST026,은계파크자이,1220.0,1.22,2.405341600576404,0.254629654,0.254629654,0.0,0.0,PRELIMINARY_POINT_BUFFER_PROXY,1.537591702,PRELIMINARY_90M
467,ST010__ST027,10,ST010,은계호수공원,27,ST027,은행동행정복지센터,1085.0,1.085,1.0,0.896875795,0.896875795,0.0,0.0,PRELIMINARY_POINT_BUFFER_PROXY,1.453282362,PRELIMINARY_90M
468,ST010__ST028,10,ST010,은계호수공원,28,ST028,매화산업단지,3734.0,3.734,2.2597817465071626,0.156648005,0.156648005,0.0,0.0,PRELIMINARY_POINT_BUFFER_PROXY,2.499811713,PRELIMINARY_90M
469,ST010__ST029,10,ST010,은계호수공원,29,ST029,관곡공원,6442.0,6.442,1.9174650738285552,0.188232734,0.166201252,0.022031482,0.0,PRELIMINARY_POINT_BUFFER_PROXY,1.720342834,PRELIMINARY_90M
470,ST010__ST030,10,ST010,은계호수공원,30,ST030,장곡도서관,9934.0,9.934,2.2601702712098652,0.221216871,0.221216871,0.0,0.0,PRELIMINARY_POINT_BUFFER_PROXY,1.8544822,PRELIMINARY_90M
471,ST010__ST031,10,ST010,은계호수공원,31,ST031,마전저수지,9658.0,9.658,2.479447707539169,0.110845888,0.110845888,0.0,0.0,PRELIMINARY_POINT_BUFFER_PROXY,2.494180019,PRELIMINARY_90M
472,ST010__ST032,10,ST010,은계호수공원,32,ST032,희망공원,16474.0,16.474,2.579651703785799,0.119684193,0.119684193,0.0,0.0,PRELIMINARY_POINT_BUFFER_PROXY,2.721306746,PRELIMINARY_90M
473,ST010__ST033,10,ST010,은계호수공원,33,ST033,타원산업단지,16338.0,16.338,2.6297900865004307,0.154359226,0.154359226,0.0,0.0,PRELIMINARY_POINT_BUFFER_PROXY,2.706035902,PRELIMINARY_90M
474,ST010__ST034,10,ST010,은계호수공원,34,ST034,군자디지털과학고등학교,13248.0,13.248,2.231006078009116,0.186156382,0.186156382,0.0,0.0,PRELIMINARY_POINT_BUFFER_PROXY,2.483501326,PRELIMINARY_90M
475,ST010__ST035,10,ST010,은계호수공원,35,ST035,산들공원,12895.0,12.895,2.256979911424926,0.164014244,0.164014244,0.0,0.0,PRELIMINARY_POINT_BUFFER_PROXY,2.504960698,PRELIMINARY_90M
476,ST010__ST036,10,ST010,은계호수공원,36,ST036,시흥시립군자도서관,13158.0,13.158,2.7029607165088714,0.180562017,0.180562017,0.0,0.0,PRELIMINARY_POINT_BUFFER_PROXY,2.397695151,PRELIMINARY_90M
477,ST010__ST037,10,ST010,은계호수공원,37,ST037,군자동행정복지센터,13634.0,13.634,2.643526031926503,0.209161055,0.209161055,0.0,0.0,PRELIMINARY_POINT_BUFFER_PROXY,2.35598137,PRELIMINARY_90M
478,ST010__ST038,10,ST010,은계호수공원,38,ST038,능곡도서관,9372.0,9.372,2.330701975467328,0.167732728,0.160396489,0.00984506,0.0,PRELIMINARY_POINT_BUFFER_PROXY,2.022751487,PRELIMINARY_90M
479,ST010__ST039,10,ST010,은계호수공원,39,ST039,능곡힐스테이트,9470.0,9.47,2.3273271025093933,0.174260921,0.144938428,0.029322493,0.0,PRELIMINARY_POINT_BUFFER_PROXY,2.018539596,PRELIMINARY_90M
480,ST010__ST040,10,ST010,은계호수공원,40,ST040,갯골생태공원,7454.0,7.454,2.3810988212602635,0.143643119,0.143643119,0.0,0.0,PRELIMINARY_POINT_BUFFER_PROXY,1.480173201,PRELIMINARY_90M
481,ST010__ST041,10,ST010,은계호수공원,41,ST041,연꽃테마파크,9270.0,9.27,2.089724460388432,0.235276141,0.205480763,0.059849421,0.0,PRELIMINARY_POINT_BUFFER_PROXY,2.506177263,PRELIMINARY_90M
482,ST010__ST042,10,ST010,은계호수공원,42,ST042,시흥시청역,7803.0,7.803,2.352692290378065,0.137242443,0.137242443,0.0,0.0,PRELIMINARY_POINT_BUFFER_PROXY,2.038687833,PRELIMINARY_90M
483,ST010__ST043,10,ST010,은계호수공원,43,ST043,시흥종합버스터미널,14013.0,14.013,2.6184139759877043,0.130506051,0.130506051,0.0,0.0,PRELIMINARY_POINT_BUFFER_PROXY,3.016176328,PRELIMINARY_90M
484,ST010__ST044,10,ST010,은계호수공원,44,ST044,경기과학기술대학교,14749.0,14.749,2.645505919246413,0.162133693,0.162133693,0.0,0.0,PRELIMINARY_POINT_BUFFER_PROXY,2.966404625,PRELIMINARY_90M
485,ST010__ST045,10,ST010,은계호수공원,45,ST045,시흥중앙도서관,13514.0,13.514,2.5913469202727697,0.13422323,0.13422323,0.0,0.0,PRELIMINARY_POINT_BUFFER_PROXY,3.113751945,PRELIMINARY_90M
486,ST010__ST046,10,ST010,은계호수공원,46,ST046,배곧1동행정복지센터,13616.0,13.616,2.513312911654336,0.17693716,0.17693716,0.0,0.0,PRELIMINARY_POINT_BUFFER_PROXY,1.460026333,PRELIMINARY_90M
487,ST010__ST047,10,ST010,은계호수공원,47,ST047,배곧2동행정복지센터,16042.0,16.042,2.4851081642729627,0.137242987,0.137242987,0.0,0.0,PRELIMINARY_POINT_BUFFER_PROXY,1.420075432,PRELIMINARY_90M
488,ST010__ST048,10,ST010,은계호수공원,48,ST048,정왕평생학습관 사거리,13354.0,13.354,2.6234623967790793,0.147167155,0.147167155,0.0,0.0,PRELIMINARY_POINT_BUFFER_PROXY,3.118723145,PRELIMINARY_90M
489,ST010__ST049,10,ST010,은계호수공원,49,ST049,거북섬 웨이브파크 정문,21009.0,21.009,2.9637853573112216,0.141382111,0.141382111,0.0,0.0,PRELIMINARY_POINT_BUFFER_PROXY,1.52524764,PRELIMINARY_90M
490,ST010__ST050,10,ST010,은계호수공원,50,ST050,시흥한라3차아파트,15238.0,15.238,2.7659729454193465,0.173628336,0.173628336,0.0,0.0,PRELIMINARY_POINT_BUFFER_PROXY,1.392417901,PRELIMINARY_90M
491,ST010__ST051,10,ST010,은계호수공원,51,ST051,연성중학교,7611.0,7.611,2.223556453636578,0.236339042,0.224593164,0.02266918,0.0,PRELIMINARY_POINT_BUFFER_PROXY,2.383404021,PRELIMINARY_90M
492,ST010__ST052,10,ST010,은계호수공원,52,ST052,가온그린공원,9414.0,9.414,2.2745307477085395,0.204903465,0.204903465,0.0,0.0,PRELIMINARY_POINT_BUFFER_PROXY,1.862794783,PRELIMINARY_90M
493,ST010__ST053,10,ST010,은계호수공원,53,ST053,오이도 빨강등대,20104.0,20.104,2.963552939823435,0.162376317,0.138483718,0.023892599,0.0,PRELIMINARY_POINT_BUFFER_PROXY,1.726543048,PRELIMINARY_90M
494,ST010__ST054,10,ST010,은계호수공원,54,ST054,시흥 프리미엄 아울렛,12015.0,12.015,2.4506854395917737,0.122733605,0.122733605,0.0,0.0,PRELIMINARY_POINT_BUFFER_PROXY,1.525102301,PRELIMINARY_90M
495,ST010__ST055,10,ST010,은계호수공원,55,ST055,해양생태과학관,20554.0,20.554,2.9669844643839696,0.135173232,0.135173232,0.0,0.0,PRELIMINARY_POINT_BUFFER_PROXY,1.539544613,PRELIMINARY_90M
496,ST011__ST012,11,ST011,배곧생명공원,12,ST012,신천역,11190.0,11.19,3.3955749329725884,0.229835415,0.229835415,0.0,0.0,PRELIMINARY_POINT_BUFFER_PROXY,1.946326239,PRELIMINARY_90M
497,ST011__ST013,11,ST011,배곧생명공원,13,ST013,삼미시장,12015.0,12.015,3.5967019096389317,0.225146148,0.214479943,0.04709838,0.0,PRELIMINARY_POINT_BUFFER_PROXY,2.108150993,PRELIMINARY_90M
498,ST011__ST014,11,ST011,배곧생명공원,14,ST014,시흥대야역,12878.0,12.878,3.483853972554086,0.286473427,0.246849292,0.097385158,0.0,PRELIMINARY_POINT_BUFFER_PROXY,2.411839981,PRELIMINARY_90M
499,ST011__ST015,11,ST011,배곧생명공원,15,ST015,목감택지개발예정지구,14518.0,14.518,2.664826696188792,0.169141361,0.169141361,0.0,0.0,PRELIMINARY_POINT_BUFFER_PROXY,2.597943497,PRELIMINARY_90M
500,ST011__ST016,11,ST011,배곧생명공원,16,ST016,물왕호수,12955.0,12.955,2.7066988639453453,0.189587973,0.189587973,0.0,0.0,PRELIMINARY_POINT_BUFFER_PROXY,2.626407838,PRELIMINARY_90M
501,ST011__ST017,11,ST011,배곧생명공원,17,ST017,장곡동,7363.0,7.363,2.5772716545856533,0.300840999,0.300840999,0.0,0.0,PRELIMINARY_POINT_BUFFER_PROXY,4.208993527,PRELIMINARY_90M
502,ST011__ST018,11,ST011,배곧생명공원,18,ST018,정왕역,4076.0,4.076,2.781020281378694,0.694066874,0.694066874,0.0,0.0,PRELIMINARY_POINT_BUFFER_PROXY,0.684774711,PRELIMINARY_90M
503,ST011__ST019,11,ST011,배곧생명공원,19,ST019,시화병원,3341.0,3.341,2.884602014738478,0.626739114,0.626739114,0.0,0.0,PRELIMINARY_POINT_BUFFER_PROXY,0.783434433,PRELIMINARY_90M
504,ST011__ST020,11,ST011,배곧생명공원,20,ST020,시화공업단지[왼쪽부근],4958.0,4.958,3.5286319710741507,0.600203436,0.600203436,0.0,0.0,PRELIMINARY_POINT_BUFFER_PROXY,0.580870729,PRELIMINARY_90M
505,ST011__ST021,11,ST011,배곧생명공원,21,ST021,오이도 포구 해양관광 단지,6597.0,6.597,3.3356174459520913,0.238967362,0.16067849,0.078288871,0.0,PRELIMINARY_POINT_BUFFER_PROXY,2.087636994,PRELIMINARY_90M
506,ST011__ST022,11,ST011,배곧생명공원,22,ST022,오이도박물관,6033.0,6.033,2.2358096730738017,0.425286867,0.346528422,0.078758446,0.0,PRELIMINARY_POINT_BUFFER_PROXY,1.509339924,PRELIMINARY_90M
507,ST011__ST023,11,ST011,배곧생명공원,23,ST023,오이도역,1921.0,1.921,2.767167983295987,0.54035387,0.54035387,0.0,0.0,PRELIMINARY_POINT_BUFFER_PROXY,0.683327862,PRELIMINARY_90M
508,ST011__ST024,11,ST011,배곧생명공원,24,ST024,목감고등학교,15404.0,15.404,2.6657004244584543,0.196499779,0.196499779,0.0,0.0,PRELIMINARY_POINT_BUFFER_PROXY,2.586160392,PRELIMINARY_90M
509,ST011__ST025,11,ST011,배곧생명공원,25,ST025,목감동행정복지센터,18010.0,18.01,2.930753987027782,0.174621145,0.174621145,0.00971056,0.0,PRELIMINARY_POINT_BUFFER_PROXY,3.122988317,PRELIMINARY_90M
510,ST011__ST026,11,ST011,배곧생명공원,26,ST026,은계파크자이,13760.0,13.76,2.460310514552401,0.231880739,0.198172565,0.033708175,0.0,PRELIMINARY_POINT_BUFFER_PROXY,2.843321115,PRELIMINARY_90M
511,ST011__ST027,11,ST011,배곧생명공원,27,ST027,은행동행정복지센터,14206.0,14.206,2.8633071185009316,0.301202994,0.257262859,0.060972691,0.0,PRELIMINARY_POINT_BUFFER_PROXY,2.43986163,PRELIMINARY_90M
512,ST011__ST028,11,ST011,배곧생명공원,28,ST028,매화산업단지,13239.0,13.239,2.4400192038660267,0.19422082,0.19422082,0.0,0.0,PRELIMINARY_POINT_BUFFER_PROXY,2.845477339,PRELIMINARY_90M
513,ST011__ST029,11,ST011,배곧생명공원,29,ST029,관곡공원,9925.0,9.925,2.7163115231162704,0.145334135,0.145334135,0.0,0.0,PRELIMINARY_POINT_BUFFER_PROXY,3.187994299,PRELIMINARY_90M
514,ST011__ST030,11,ST011,배곧생명공원,30,ST030,장곡도서관,8522.0,8.522,1.6167517048792093,0.194479382,0.194479382,0.0,0.0,PRELIMINARY_POINT_BUFFER_PROXY,2.494487357,PRELIMINARY_90M
515,ST011__ST031,11,ST011,배곧생명공원,31,ST031,마전저수지,5237.0,5.237,2.7807944252833114,0.275602846,0.275602846,0.0,0.0,PRELIMINARY_POINT_BUFFER_PROXY,3.886572379,PRELIMINARY_90M
516,ST011__ST032,11,ST011,배곧생명공원,32,ST032,희망공원,5259.0,5.259,3.441392197250164,0.37181668,0.37181668,0.0,0.0,PRELIMINARY_POINT_BUFFER_PROXY,0.983456995,PRELIMINARY_90M
517,ST011__ST033,11,ST011,배곧생명공원,33,ST033,타원산업단지,6732.0,6.732,3.1481630303810437,0.397215532,0.397215532,0.0,0.0,PRELIMINARY_POINT_BUFFER_PROXY,0.751723,PRELIMINARY_90M
518,ST011__ST034,11,ST011,배곧생명공원,34,ST034,군자디지털과학고등학교,7227.0,7.227,2.038545203521944,0.307261362,0.307261362,0.0,0.0,PRELIMINARY_POINT_BUFFER_PROXY,1.577303523,PRELIMINARY_90M
519,ST011__ST035,11,ST011,배곧생명공원,35,ST035,산들공원,6874.0,6.874,2.077482822025021,0.271873086,0.271873086,0.0,0.0,PRELIMINARY_POINT_BUFFER_PROXY,1.573831308,PRELIMINARY_90M
520,ST011__ST036,11,ST011,배곧생명공원,36,ST036,시흥시립군자도서관,7492.0,7.492,2.0687468486474847,0.331902844,0.331902844,0.0,0.0,PRELIMINARY_POINT_BUFFER_PROXY,1.872674267,PRELIMINARY_90M
521,ST011__ST037,11,ST011,배곧생명공원,37,ST037,군자동행정복지센터,7968.0,7.968,2.004862958591922,0.371838069,0.371838069,0.0,0.0,PRELIMINARY_POINT_BUFFER_PROXY,1.83373405,PRELIMINARY_90M
522,ST011__ST038,11,ST011,배곧생명공원,38,ST038,능곡도서관,11722.0,11.722,2.8414945183320772,0.252219385,0.24635405,0.007871142,0.0,PRELIMINARY_POINT_BUFFER_PROXY,1.57585824,PRELIMINARY_90M
523,ST011__ST039,11,ST011,배곧생명공원,39,ST039,능곡힐스테이트,11298.0,11.298,2.3285883220548493,0.212905248,0.188331772,0.024573477,0.0,PRELIMINARY_POINT_BUFFER_PROXY,3.153661327,PRELIMINARY_90M
524,ST011__ST040,11,ST011,배곧생명공원,40,ST040,갯골생태공원,7639.0,7.639,2.6175084770048334,0.233609627,0.233609627,0.0,0.0,PRELIMINARY_POINT_BUFFER_PROXY,3.781989937,PRELIMINARY_90M
525,ST011__ST041,11,ST011,배곧생명공원,41,ST041,연꽃테마파크,13893.0,13.893,2.693678285247049,0.175304642,0.155425145,0.039931577,0.0,PRELIMINARY_POINT_BUFFER_PROXY,2.426775004,PRELIMINARY_90M
526,ST011__ST042,11,ST011,배곧생명공원,42,ST042,시흥시청역,9512.0,9.512,2.4941130669316243,0.244867542,0.244867542,0.0,0.0,PRELIMINARY_POINT_BUFFER_PROXY,3.404852565,PRELIMINARY_90M
527,ST011__ST043,11,ST011,배곧생명공원,43,ST043,시흥종합버스터미널,4504.0,4.504,3.4056723875395676,0.588366349,0.588366349,0.0,0.0,PRELIMINARY_POINT_BUFFER_PROXY,0.593949192,PRELIMINARY_90M
528,ST011__ST044,11,ST011,배곧생명공원,44,ST044,경기과학기술대학교,5146.0,5.146,3.3457596833523393,0.601030682,0.601030682,0.0,0.0,PRELIMINARY_POINT_BUFFER_PROXY,0.799644313,PRELIMINARY_90M
529,ST011__ST045,11,ST011,배곧생명공원,45,ST045,시흥중앙도서관,3828.0,3.828,3.480147122134749,0.661181158,0.661181158,0.0,0.0,PRELIMINARY_POINT_BUFFER_PROXY,0.647151976,PRELIMINARY_90M
530,ST011__ST046,11,ST011,배곧생명공원,46,ST046,배곧1동행정복지센터,2055.0,2.055,2.414191719013481,0.677890751,0.677890751,0.0,0.0,PRELIMINARY_POINT_BUFFER_PROXY,0.609010822,PRELIMINARY_90M
531,ST011__ST047,11,ST011,배곧생명공원,47,ST047,배곧2동행정복지센터,1641.0,1.641,2.998166187785597,0.680414776,0.680414776,0.0,0.0,PRELIMINARY_POINT_BUFFER_PROXY,0.575466479,PRELIMINARY_90M
532,ST011__ST048,11,ST011,배곧생명공원,48,ST048,정왕평생학습관 사거리,3624.0,3.624,2.8984721926557486,0.655786705,0.655786705,0.0,0.0,PRELIMINARY_POINT_BUFFER_PROXY,0.754855634,PRELIMINARY_90M
533,ST011__ST049,11,ST011,배곧생명공원,49,ST049,거북섬 웨이브파크 정문,7867.0,7.867,3.231375254896857,0.159105909,0.159105909,0.0,0.0,PRELIMINARY_POINT_BUFFER_PROXY,1.540417714,PRELIMINARY_90M
534,ST011__ST050,11,ST011,배곧생명공원,50,ST050,시흥한라3차아파트,995.0,0.995,2.969355785245408,0.47264275,0.47264275,0.0,0.0,PRELIMINARY_POINT_BUFFER_PROXY,0.56995669,PRELIMINARY_90M
535,ST011__ST051,11,ST011,배곧생명공원,51,ST051,연성중학교,12234.0,12.234,2.8588341577773817,0.167833014,0.160526264,0.014101801,0.0,PRELIMINARY_POINT_BUFFER_PROXY,2.338244675,PRELIMINARY_90M
536,ST011__ST052,11,ST011,배곧생명공원,52,ST052,가온그린공원,7927.0,7.927,2.5372493883302685,0.314692628,0.314692628,0.0,0.0,PRELIMINARY_POINT_BUFFER_PROXY,4.068576505,PRELIMINARY_90M
537,ST011__ST053,11,ST011,배곧생명공원,53,ST053,오이도 빨강등대,4850.0,4.85,2.2547175666188095,0.438268244,0.425175863,0.05775481,0.0,PRELIMINARY_POINT_BUFFER_PROXY,0.820150579,PRELIMINARY_90M
538,ST011__ST054,11,ST011,배곧생명공원,54,ST054,시흥 프리미엄 아울렛,4047.0,4.047,2.2880792125664065,0.335292792,0.335292792,0.0,0.0,PRELIMINARY_POINT_BUFFER_PROXY,1.468587342,PRELIMINARY_90M
539,ST011__ST055,11,ST011,배곧생명공원,55,ST055,해양생태과학관,7172.0,7.172,3.0753891937864077,0.173700065,0.173700065,0.0,0.0,PRELIMINARY_POINT_BUFFER_PROXY,1.631005404,PRELIMINARY_90M
540,ST012__ST013,12,ST012,신천역,13,ST013,삼미시장,817.0,0.817,1.0,0.809017738,0.809017738,0.0,0.0,PRELIMINARY_POINT_BUFFER_PROXY,1.048439723,PRELIMINARY_90M
541,ST012__ST014,12,ST012,신천역,14,ST014,시흥대야역,1380.0,1.38,1.9626229682490228,0.849065167,0.772905097,0.341400609,0.0,PRELIMINARY_POINT_BUFFER_PROXY,0.782071988,PRELIMINARY_90M
542,ST012__ST015,12,ST012,신천역,15,ST015,목감택지개발예정지구,13299.0,13.299,2.2760589077302122,0.136519452,0.136519452,0.0,0.0,PRELIMINARY_POINT_BUFFER_PROXY,3.111377354,PRELIMINARY_90M
543,ST012__ST016,12,ST012,신천역,16,ST016,물왕호수,11736.0,11.736,2.2704023930368664,0.154737909,0.154737909,0.0,0.0,PRELIMINARY_POINT_BUFFER_PROXY,3.213719151,PRELIMINARY_90M
544,ST012__ST017,12,ST012,신천역,17,ST017,장곡동,10527.0,10.527,2.351442584163786,0.245754547,0.245754547,0.0,0.0,PRELIMINARY_POINT_BUFFER_PROXY,2.028121111,PRELIMINARY_90M
545,ST012__ST018,12,ST012,신천역,18,ST018,정왕역,14569.0,14.569,2.5457409355160103,0.190114344,0.190114344,0.0,0.0,PRELIMINARY_POINT_BUFFER_PROXY,3.089810354,PRELIMINARY_90M
546,ST012__ST019,12,ST012,신천역,19,ST019,시화병원,14240.0,14.24,2.6224644853746386,0.171347656,0.171347656,0.0,0.0,PRELIMINARY_POINT_BUFFER_PROXY,3.153679,PRELIMINARY_90M
547,ST012__ST020,12,ST012,신천역,20,ST020,시화공업단지[왼쪽부근],14264.0,14.264,2.6232290536107215,0.201551107,0.167784378,0.033766729,0.0,PRELIMINARY_POINT_BUFFER_PROXY,3.12701089,PRELIMINARY_90M
548,ST012__ST021,12,ST012,신천역,21,ST021,오이도 포구 해양관광 단지,17147.0,17.147,3.478849804424131,0.205690658,0.160674421,0.065855739,0.0,PRELIMINARY_POINT_BUFFER_PROXY,2.260628175,PRELIMINARY_90M
549,ST012__ST022,12,ST012,신천역,22,ST022,오이도박물관,17941.0,17.941,2.8344170144527934,0.194847123,0.154114889,0.060654043,0.0,PRELIMINARY_POINT_BUFFER_PROXY,2.064512144,PRELIMINARY_90M
550,ST012__ST023,12,ST012,신천역,23,ST023,오이도역,12205.0,12.205,3.3042201499823207,0.233930976,0.212992824,0.050220587,0.0,PRELIMINARY_POINT_BUFFER_PROXY,2.122010434,PRELIMINARY_90M
551,ST012__ST024,12,ST012,신천역,24,ST024,목감고등학교,14185.0,14.185,2.301252154691879,0.168264621,0.168264621,0.0,0.0,PRELIMINARY_POINT_BUFFER_PROXY,3.07018481,PRELIMINARY_90M
552,ST012__ST025,12,ST012,신천역,25,ST025,목감동행정복지센터,11469.0,11.469,2.672810002289368,0.268256823,0.266386985,0.052381024,0.0,PRELIMINARY_POINT_BUFFER_PROXY,2.854554512,PRELIMINARY_90M
553,ST012__ST026,12,ST012,신천역,26,ST026,은계파크자이,1797.0,1.797,2.4281601537334185,0.516501543,0.516501543,0.0,0.0,PRELIMINARY_POINT_BUFFER_PROXY,2.25962769,PRELIMINARY_90M
554,ST012__ST027,12,ST012,신천역,27,ST027,은행동행정복지센터,1420.0,1.42,2.35513154122392,0.521377701,0.521377701,0.0,0.0,PRELIMINARY_POINT_BUFFER_PROXY,2.923916061,PRELIMINARY_90M
555,ST012__ST028,12,ST012,신천역,28,ST028,매화산업단지,4890.0,4.89,2.367307062591222,0.271935607,0.271935607,0.0,0.0,PRELIMINARY_POINT_BUFFER_PROXY,2.585385906,PRELIMINARY_90M
556,ST012__ST029,12,ST012,신천역,29,ST029,관곡공원,5571.0,5.571,1.4799014920236022,0.386775582,0.309575788,0.077199794,0.0,PRELIMINARY_POINT_BUFFER_PROXY,2.517723357,PRELIMINARY_90M
557,ST012__ST030,12,ST012,신천역,30,ST030,장곡도서관,11090.0,11.09,2.30754962573065,0.265325557,0.265325557,0.0,0.0,PRELIMINARY_POINT_BUFFER_PROXY,1.955667813,PRELIMINARY_90M
558,ST012__ST031,12,ST012,신천역,31,ST031,마전저수지,10814.0,10.814,2.5045720982067676,0.167862657,0.167862657,0.0,0.0,PRELIMINARY_POINT_BUFFER_PROXY,2.541731055,PRELIMINARY_90M
559,ST012__ST032,12,ST012,신천역,32,ST032,희망공원,15950.0,15.95,3.5991988043704652,0.224515196,0.20849348,0.038428416,0.0,PRELIMINARY_POINT_BUFFER_PROXY,1.913407696,PRELIMINARY_90M
560,ST012__ST033,12,ST012,신천역,33,ST033,타원산업단지,17491.0,17.491,2.6374366535877343,0.155308349,0.155308349,0.0,0.0,PRELIMINARY_POINT_BUFFER_PROXY,2.7472813,PRELIMINARY_90M
561,ST012__ST034,12,ST012,신천역,34,ST034,군자디지털과학고등학교,14404.0,14.404,2.2698170332877905,0.222923155,0.222923155,0.0,0.0,PRELIMINARY_POINT_BUFFER_PROXY,2.518181043,PRELIMINARY_90M
562,ST012__ST035,12,ST012,신천역,35,ST035,산들공원,14051.0,14.051,2.294622595790284,0.203521022,0.203521022,0.0,0.0,PRELIMINARY_POINT_BUFFER_PROXY,2.539876269,PRELIMINARY_90M
563,ST012__ST036,12,ST012,신천역,36,ST036,시흥시립군자도서관,14314.0,14.314,2.7038876472298066,0.218005591,0.218005591,0.0,0.0,PRELIMINARY_POINT_BUFFER_PROXY,2.437670801,PRELIMINARY_90M
564,ST012__ST037,12,ST012,신천역,37,ST037,군자동행정복지센터,14790.0,14.79,2.649069439997693,0.243164252,0.243164252,0.0,0.0,PRELIMINARY_POINT_BUFFER_PROXY,2.397474228,PRELIMINARY_90M
565,ST012__ST038,12,ST012,신천역,38,ST038,능곡도서관,10528.0,10.528,2.3728396337552122,0.220045017,0.213514366,0.00876398,0.0,PRELIMINARY_POINT_BUFFER_PROXY,2.12272917,PRELIMINARY_90M
566,ST012__ST039,12,ST012,신천역,39,ST039,능곡힐스테이트,10626.0,10.626,2.369448751930395,0.225387105,0.199255214,0.026131891,0.0,PRELIMINARY_POINT_BUFFER_PROXY,2.117461439,PRELIMINARY_90M
567,ST012__ST040,12,ST012,신천역,40,ST040,갯골생태공원,8610.0,8.61,2.4258672733918405,0.210859569,0.210859569,0.0,0.0,PRELIMINARY_POINT_BUFFER_PROXY,1.670696384,PRELIMINARY_90M
568,ST012__ST041,12,ST012,신천역,41,ST041,연꽃테마파크,10426.0,10.426,2.159019121334042,0.280626635,0.254136238,0.053210769,0.0,PRELIMINARY_POINT_BUFFER_PROXY,2.530371707,PRELIMINARY_90M
569,ST012__ST042,12,ST012,신천역,42,ST042,시흥시청역,8959.0,8.959,2.3993904468937313,0.202676679,0.202676679,0.0,0.0,PRELIMINARY_POINT_BUFFER_PROXY,2.145622904,PRELIMINARY_90M
570,ST012__ST043,12,ST012,신천역,43,ST043,시흥종합버스터미널,15169.0,15.169,2.625733687606946,0.16965876,0.16965876,0.0,0.0,PRELIMINARY_POINT_BUFFER_PROXY,3.008714187,PRELIMINARY_90M
571,ST012__ST044,12,ST012,신천역,44,ST044,경기과학기술대학교,15905.0,15.905,2.65051695524312,0.197172949,0.197172949,0.0,0.0,PRELIMINARY_POINT_BUFFER_PROXY,2.963593412,PRELIMINARY_90M
572,ST012__ST045,12,ST012,신천역,45,ST045,시흥중앙도서관,14670.0,14.67,2.601048177250857,0.17441092,0.17441092,0.0,0.0,PRELIMINARY_POINT_BUFFER_PROXY,3.097330323,PRELIMINARY_90M
573,ST012__ST046,12,ST012,신천역,46,ST046,배곧1동행정복지센터,11024.0,11.024,3.1772498675016245,0.239585976,0.216403977,0.0556025,0.0,PRELIMINARY_POINT_BUFFER_PROXY,2.264352656,PRELIMINARY_90M
574,ST012__ST047,12,ST012,신천역,47,ST047,배곧2동행정복지센터,13450.0,13.45,3.0238770144412572,0.180950803,0.16194956,0.045574873,0.0,PRELIMINARY_POINT_BUFFER_PROXY,2.07097631,PRELIMINARY_90M
575,ST012__ST048,12,ST012,신천역,48,ST048,정왕평생학습관 사거리,14510.0,14.51,2.630712594917702,0.186772297,0.186772297,0.0,0.0,PRELIMINARY_POINT_BUFFER_PROXY,3.102818824,PRELIMINARY_90M
576,ST012__ST049,12,ST012,신천역,49,ST049,거북섬 웨이브파크 정문,18417.0,18.417,3.424449187916159,0.173876466,0.160003045,0.033275685,0.0,PRELIMINARY_POINT_BUFFER_PROXY,2.014914802,PRELIMINARY_90M
577,ST012__ST050,12,ST012,신천역,50,ST050,시흥한라3차아파트,12474.0,12.474,3.5270330895348403,0.228730679,0.208244629,0.049136211,0.0,PRELIMINARY_POINT_BUFFER_PROXY,2.151555722,PRELIMINARY_90M
578,ST012__ST051,12,ST012,신천역,51,ST051,연성중학교,8767.0,8.767,2.288310361761418,0.290131604,0.279935171,0.019678799,0.0,PRELIMINARY_POINT_BUFFER_PROXY,2.434629231,PRELIMINARY_90M
579,ST012__ST052,12,ST012,신천역,52,ST052,가온그린공원,10570.0,10.57,2.322667703383439,0.252965486,0.252965486,0.0,0.0,PRELIMINARY_POINT_BUFFER_PROXY,1.970080173,PRELIMINARY_90M
580,ST012__ST053,12,ST012,신천역,53,ST053,오이도 빨강등대,17512.0,17.512,3.447977214109602,0.199652874,0.15763799,0.062419339,0.0,PRELIMINARY_POINT_BUFFER_PROXY,2.270892183,PRELIMINARY_90M
581,ST012__ST054,12,ST012,신천역,54,ST054,시흥 프리미엄 아울렛,9423.0,9.423,3.210050257042966,0.181118145,0.154003395,0.065035286,0.0,PRELIMINARY_POINT_BUFFER_PROXY,2.484378517,PRELIMINARY_90M
582,ST012__ST055,12,ST012,신천역,55,ST055,해양생태과학관,17962.0,17.962,3.4397378487909367,0.167592975,0.153369349,0.034115659,0.0,PRELIMINARY_POINT_BUFFER_PROXY,2.043434806,PRELIMINARY_90M
583,ST013__ST014,13,ST013,삼미시장,14,ST014,시흥대야역,1514.0,1.514,2.268613825900731,0.811440142,0.741965677,0.311431231,0.0,PRELIMINARY_POINT_BUFFER_PROXY,0.67519953,PRELIMINARY_90M
584,ST013__ST015,13,ST013,삼미시장,15,ST015,목감택지개발예정지구,13440.0,13.44,2.30709245579554,0.139742455,0.139742455,0.0,0.0,PRELIMINARY_POINT_BUFFER_PROXY,3.075593988,PRELIMINARY_90M
585,ST013__ST016,13,ST013,삼미시장,16,ST016,물왕호수,11877.0,11.877,2.3055951065304647,0.158172509,0.158172509,0.0,0.0,PRELIMINARY_POINT_BUFFER_PROXY,3.169724636,PRELIMINARY_90M
586,ST013__ST017,13,ST013,삼미시장,17,ST017,장곡동,10668.0,10.668,2.3895441602496903,0.248389511,0.248389511,0.0,0.0,PRELIMINARY_POINT_BUFFER_PROXY,1.991466494,PRELIMINARY_90M
587,ST013__ST018,13,ST013,삼미시장,18,ST018,정왕역,14710.0,14.71,2.5715421277646224,0.192551951,0.192551951,0.0,0.0,PRELIMINARY_POINT_BUFFER_PROXY,3.055270646,PRELIMINARY_90M
588,ST013__ST019,13,ST013,삼미시장,19,ST019,시화병원,14381.0,14.381,2.648115500586262,0.174022759,0.174022759,0.0,0.0,PRELIMINARY_POINT_BUFFER_PROXY,3.117959845,PRELIMINARY_90M
589,ST013__ST020,13,ST013,삼미시장,20,ST020,시화공업단지[왼쪽부근],14405.0,14.405,2.6488376477715785,0.203930753,0.170490253,0.0334405,0.0,PRELIMINARY_POINT_BUFFER_PROXY,3.094128642,PRELIMINARY_90M
590,ST013__ST021,13,ST013,삼미시장,21,ST021,오이도 포구 해양관광 단지,16690.0,16.69,3.358903335073715,0.2249353,0.193984702,0.030950598,0.0,PRELIMINARY_POINT_BUFFER_PROXY,2.188951609,PRELIMINARY_90M
591,ST013__ST022,13,ST013,삼미시장,22,ST022,오이도박물관,17484.0,17.484,2.7028224670675196,0.212934628,0.185745705,0.027188923,0.0,PRELIMINARY_POINT_BUFFER_PROXY,1.991588641,PRELIMINARY_90M
592,ST013__ST023,13,ST013,삼미시장,23,ST023,오이도역,11783.0,11.783,3.3102733501963364,0.253473877,0.253473877,0.0,0.0,PRELIMINARY_POINT_BUFFER_PROXY,2.025275514,PRELIMINARY_90M
593,ST013__ST024,13,ST013,삼미시장,24,ST024,목감고등학교,13109.0,13.109,2.658565095932811,0.301930306,0.297728615,0.064675136,0.0,PRELIMINARY_POINT_BUFFER_PROXY,2.766900127,PRELIMINARY_90M
594,ST013__ST025,13,ST013,삼미시장,25,ST025,목감동행정복지센터,11610.0,11.61,2.70398096958528,0.270409164,0.268561734,0.051753296,0.0,PRELIMINARY_POINT_BUFFER_PROXY,2.813742202,PRELIMINARY_90M
595,ST013__ST026,13,ST013,삼미시장,26,ST026,은계파크자이,1938.0,1.938,2.6326125397405407,0.511569918,0.511569918,0.0,0.0,PRELIMINARY_POINT_BUFFER_PROXY,2.070334106,PRELIMINARY_90M
596,ST013__ST027,13,ST013,삼미시장,27,ST027,은행동행정복지센터,1561.0,1.561,2.6154869323133116,0.514819805,0.514819805,0.0,0.0,PRELIMINARY_POINT_BUFFER_PROXY,2.62974837,PRELIMINARY_90M
597,ST013__ST028,13,ST013,삼미시장,28,ST028,매화산업단지,5031.0,5.031,2.447712054812518,0.276802217,0.276802217,0.0,0.0,PRELIMINARY_POINT_BUFFER_PROXY,2.504274006,PRELIMINARY_90M
598,ST013__ST029,13,ST013,삼미시장,29,ST029,관곡공원,5601.0,5.601,1.6882870298682533,0.300692656,0.223851854,0.076840802,0.0,PRELIMINARY_POINT_BUFFER_PROXY,2.371361256,PRELIMINARY_90M
599,ST013__ST030,13,ST013,삼미시장,30,ST030,장곡도서관,11231.0,11.231,2.3443065473351545,0.267587404,0.267587404,0.0,0.0,PRELIMINARY_POINT_BUFFER_PROXY,1.925417323,PRELIMINARY_90M
600,ST013__ST031,13,ST013,삼미시장,31,ST031,마전저수지,10955.0,10.955,2.539738308283579,0.171418211,0.171418211,0.0,0.0,PRELIMINARY_POINT_BUFFER_PROXY,2.50208746,PRELIMINARY_90M
601,ST013__ST032,13,ST013,삼미시장,32,ST032,희망공원,15493.0,15.493,3.473559711141993,0.245813043,0.245813043,0.0,0.0,PRELIMINARY_POINT_BUFFER_PROXY,1.826729101,PRELIMINARY_90M
602,ST013__ST033,13,ST013,삼미시장,33,ST033,타원산업단지,17632.0,17.632,2.6582393296996996,0.157616703,0.157616703,0.0,0.0,PRELIMINARY_POINT_BUFFER_PROXY,2.721854877,PRELIMINARY_90M
603,ST013__ST034,13,ST013,삼미시장,34,ST034,군자디지털과학고등학교,14545.0,14.545,2.298552036092485,0.225074756,0.225074756,0.0,0.0,PRELIMINARY_POINT_BUFFER_PROXY,2.488149708,PRELIMINARY_90M
604,ST013__ST035,13,ST013,삼미시장,35,ST035,산들공원,14192.0,14.192,2.3238248838122217,0.205915995,0.205915995,0.0,0.0,PRELIMINARY_POINT_BUFFER_PROXY,2.508844753,PRELIMINARY_90M
605,ST013__ST036,13,ST013,삼미시장,36,ST036,시흥시립군자도서관,13025.0,13.025,2.646814689825674,0.233447198,0.196470644,0.036976555,0.0,PRELIMINARY_POINT_BUFFER_PROXY,2.586681333,PRELIMINARY_90M
606,ST013__ST037,13,ST013,삼미시장,37,ST037,군자동행정복지센터,14931.0,14.931,2.673523782572301,0.245071318,0.245071318,0.0,0.0,PRELIMINARY_POINT_BUFFER_PROXY,2.370553044,PRELIMINARY_90M
607,ST013__ST038,13,ST013,삼미시장,38,ST038,능곡도서관,10669.0,10.669,2.4106621132158583,0.223015161,0.216569654,0.008649719,0.0,PRELIMINARY_POINT_BUFFER_PROXY,2.089859033,PRELIMINARY_90M
608,ST013__ST039,13,ST013,삼미시장,39,ST039,능곡힐스테이트,10767.0,10.767,2.406975501946521,0.228261563,0.202467309,0.025794253,0.0,PRELIMINARY_POINT_BUFFER_PROXY,2.084815761,PRELIMINARY_90M
609,ST013__ST040,13,ST013,삼미시장,40,ST040,갯골생태공원,8751.0,8.751,2.4711492264829102,0.214627747,0.214627747,0.0,0.0,PRELIMINARY_POINT_BUFFER_PROXY,1.634966669,PRELIMINARY_90M
610,ST013__ST041,13,ST013,삼미시장,41,ST041,연꽃테마파크,10567.0,10.567,2.200035546216401,0.282828754,0.256687182,0.052510091,0.0,PRELIMINARY_POINT_BUFFER_PROXY,2.488339775,PRELIMINARY_90M
611,ST013__ST042,13,ST013,삼미시장,42,ST042,시흥시청역,9100.0,9.1,2.443346882890749,0.206425992,0.206425992,0.0,0.0,PRELIMINARY_POINT_BUFFER_PROXY,2.105196678,PRELIMINARY_90M
612,ST013__ST043,13,ST013,삼미시장,43,ST043,시흥종합버스터미널,15310.0,15.31,2.649796971415584,0.172186725,0.172186725,0.0,0.0,PRELIMINARY_POINT_BUFFER_PROXY,2.976276829,PRELIMINARY_90M
613,ST013__ST044,13,ST013,삼미시장,44,ST044,경기과학기술대학교,16046.0,16.046,2.6732600283408345,0.199346259,0.199346259,0.0,0.0,PRELIMINARY_POINT_BUFFER_PROXY,2.933287024,PRELIMINARY_90M
614,ST013__ST045,13,ST013,삼미시장,45,ST045,시흥중앙도서관,14811.0,14.811,2.626151804297836,0.176979189,0.176979189,0.0,0.0,PRELIMINARY_POINT_BUFFER_PROXY,3.062720973,PRELIMINARY_90M
615,ST013__ST046,13,ST013,삼미시장,46,ST046,배곧1동행정복지센터,10371.0,10.371,3.0112737861436907,0.257913099,0.257913099,0.0,0.0,PRELIMINARY_POINT_BUFFER_PROXY,2.172159518,PRELIMINARY_90M
616,ST013__ST047,13,ST013,삼미시장,47,ST047,배곧2동행정복지센터,12993.0,12.993,2.8535310620420042,0.204797576,0.204797576,0.0,0.0,PRELIMINARY_POINT_BUFFER_PROXY,1.971024321,PRELIMINARY_90M
617,ST013__ST048,13,ST013,삼미시장,48,ST048,정왕평생학습관 사거리,14651.0,14.651,2.655812348205143,0.189251604,0.189251604,0.0,0.0,PRELIMINARY_POINT_BUFFER_PROXY,3.068206796,PRELIMINARY_90M
618,ST013__ST049,13,ST013,삼미시장,49,ST049,거북섬 웨이브파크 정문,17960.0,17.96,3.3115858907667177,0.190939484,0.190939484,0.0,0.0,PRELIMINARY_POINT_BUFFER_PROXY,1.939830641,PRELIMINARY_90M
619,ST013__ST050,13,ST013,삼미시장,50,ST050,시흥한라3차아파트,11821.0,11.821,3.400846083864691,0.244205597,0.244205597,0.0,0.0,PRELIMINARY_POINT_BUFFER_PROXY,2.063702365,PRELIMINARY_90M
620,ST013__ST051,13,ST013,삼미시장,51,ST051,연성중학교,8908.0,8.908,2.334947961738539,0.292595472,0.282558318,0.019371397,0.0,PRELIMINARY_POINT_BUFFER_PROXY,2.385267848,PRELIMINARY_90M
621,ST013__ST052,13,ST013,삼미시장,52,ST052,가온그린공원,10711.0,10.711,2.3610115699713874,0.255497662,0.255497662,0.0,0.0,PRELIMINARY_POINT_BUFFER_PROXY,1.938174021,PRELIMINARY_90M
622,ST013__ST053,13,ST013,삼미시장,53,ST053,오이도 빨강등대,17055.0,17.055,3.3297646202026794,0.218320946,0.190151573,0.028169373,0.0,PRELIMINARY_POINT_BUFFER_PROXY,2.201647637,PRELIMINARY_90M
623,ST013__ST054,13,ST013,삼미시장,54,ST054,시흥 프리미엄 아울렛,8770.0,8.77,3.0162642189400977,0.198412944,0.198412944,0.0,0.0,PRELIMINARY_POINT_BUFFER_PROXY,2.393075385,PRELIMINARY_90M
624,ST013__ST055,13,ST013,삼미시장,55,ST055,해양생태과학관,17505.0,17.505,3.324354558844486,0.18493192,0.18493192,0.0,0.0,PRELIMINARY_POINT_BUFFER_PROXY,1.966906423,PRELIMINARY_90M
625,ST014__ST015,14,ST014,시흥대야역,15,ST015,목감택지개발예정지구,15707.0,15.707,2.159576160416125,0.096600804,0.081597823,0.015002981,0.0,PRELIMINARY_POINT_BUFFER_PROXY,3.418737714,PRELIMINARY_90M
626,ST014__ST016,14,ST014,시흥대야역,16,ST016,물왕호수,14144.0,14.144,2.1419854886419727,0.107296823,0.090632653,0.01666417,0.0,PRELIMINARY_POINT_BUFFER_PROXY,3.534463459,PRELIMINARY_90M
627,ST014__ST017,14,ST014,시흥대야역,17,ST017,장곡동,12935.0,12.935,2.196010497908538,0.176965591,0.158753022,0.018212569,0.0,PRELIMINARY_POINT_BUFFER_PROXY,2.5931236,PRELIMINARY_90M
628,ST014__ST018,14,ST014,시흥대야역,18,ST018,정왕역,16977.0,16.977,2.399727637754127,0.145582499,0.13170277,0.013879729,0.0,PRELIMINARY_POINT_BUFFER_PROXY,3.373540912,PRELIMINARY_90M
629,ST014__ST019,14,ST014,시흥대야역,19,ST019,시화병원,16648.0,16.648,2.4624590888915967,0.128647791,0.114492963,0.014154828,0.0,PRELIMINARY_POINT_BUFFER_PROXY,3.433939837,PRELIMINARY_90M
630,ST014__ST020,14,ST014,시흥대야역,20,ST020,시화공업단지[왼쪽부근],18120.0,18.12,2.5424246509296697,0.150069671,0.137064573,0.013005097,0.0,PRELIMINARY_POINT_BUFFER_PROXY,3.210484273,PRELIMINARY_90M
631,ST014__ST021,14,ST014,시흥대야역,21,ST021,오이도 포구 해양관광 단지,17809.0,17.809,3.42296189456145,0.238295058,0.178126057,0.099804857,0.0,PRELIMINARY_POINT_BUFFER_PROXY,2.512435415,PRELIMINARY_90M
632,ST014__ST022,14,ST014,시흥대야역,22,ST022,오이도박물관,18603.0,18.603,2.8037169187819537,0.226450453,0.171057444,0.093345242,0.0,PRELIMINARY_POINT_BUFFER_PROXY,2.313005972,PRELIMINARY_90M
633,ST014__ST023,14,ST014,시흥대야역,23,ST023,오이도역,12867.0,12.867,3.235786952873912,0.277623187,0.234475072,0.098020156,0.0,PRELIMINARY_POINT_BUFFER_PROXY,2.477251866,PRELIMINARY_90M
634,ST014__ST024,14,ST014,시흥대야역,24,ST024,목감고등학교,15917.0,15.917,2.740307629860924,0.141310036,0.123047019,0.068047854,0.0,PRELIMINARY_POINT_BUFFER_PROXY,2.703529913,PRELIMINARY_90M
635,ST014__ST025,14,ST014,시흥대야역,25,ST025,목감동행정복지센터,17312.0,17.312,3.0618174768871667,0.044252939,0.030644476,0.015726619,0.0,PRELIMINARY_POINT_BUFFER_PROXY,5.206626046,PRELIMINARY_90M
636,ST014__ST026,14,ST014,시흥대야역,26,ST026,은계파크자이,2742.0,2.742,2.689120979304191,0.480816193,0.434350308,0.046465885,0.0,PRELIMINARY_POINT_BUFFER_PROXY,1.352474425,PRELIMINARY_90M
637,ST014__ST027,14,ST014,시흥대야역,27,ST027,은행동행정복지센터,1905.0,1.905,2.4973236886392187,0.756121681,0.589126823,0.182065921,0.0,PRELIMINARY_POINT_BUFFER_PROXY,2.616675973,PRELIMINARY_90M
638,ST014__ST028,14,ST014,시흥대야역,28,ST028,매화산업단지,7295.0,7.295,2.089908465771216,0.142572754,0.110267444,0.03230531,0.0,PRELIMINARY_POINT_BUFFER_PROXY,3.417863274,PRELIMINARY_90M
639,ST014__ST029,14,ST014,시흥대야역,29,ST029,관곡공원,10006.0,10.006,1.913024436768272,0.165812791,0.128079875,0.037732916,0.0,PRELIMINARY_POINT_BUFFER_PROXY,2.668668746,PRELIMINARY_90M
640,ST014__ST030,14,ST014,시흥대야역,30,ST030,장곡도서관,13498.0,13.498,2.166358760125449,0.195880621,0.178418999,0.017461622,0.0,PRELIMINARY_POINT_BUFFER_PROXY,2.519480895,PRELIMINARY_90M
641,ST014__ST031,14,ST014,시흥대야역,31,ST031,마전저수지,13222.0,13.222,2.3246024689983398,0.114740326,0.096920112,0.017820214,0.0,PRELIMINARY_POINT_BUFFER_PROXY,3.002992904,PRELIMINARY_90M
642,ST014__ST032,14,ST014,시흥대야역,32,ST032,희망공원,16612.0,16.612,3.534503672831976,0.258728107,0.22530986,0.075916683,0.0,PRELIMINARY_POINT_BUFFER_PROXY,2.198042086,PRELIMINARY_90M
643,ST014__ST033,14,ST014,시흥대야역,33,ST033,타원산업단지,19899.0,19.899,2.501760852388713,0.121525774,0.109683545,0.011842229,0.0,PRELIMINARY_POINT_BUFFER_PROXY,3.032447401,PRELIMINARY_90M
644,ST014__ST034,14,ST014,시흥대야역,34,ST034,군자디지털과학고등학교,16812.0,16.812,2.1618852842919813,0.173252107,0.159235336,0.01401677,0.0,PRELIMINARY_POINT_BUFFER_PROXY,2.885344998,PRELIMINARY_90M
645,ST014__ST035,14,ST014,시흥대야역,35,ST035,산들공원,16459.0,16.459,2.1807613593434447,0.155629604,0.14131406,0.014315544,0.0,PRELIMINARY_POINT_BUFFER_PROXY,2.910687535,PRELIMINARY_90M
646,ST014__ST036,14,ST014,시흥대야역,36,ST036,시흥시립군자도서관,16722.0,16.722,2.5328890206858636,0.168782508,0.154692335,0.014090172,0.0,PRELIMINARY_POINT_BUFFER_PROXY,2.820323135,PRELIMINARY_90M
647,ST014__ST037,14,ST014,시흥대야역,37,ST037,군자동행정복지센터,17198.0,17.198,2.4904768839111964,0.191780722,0.178080398,0.013700324,0.0,PRELIMINARY_POINT_BUFFER_PROXY,2.77589343,PRELIMINARY_90M
648,ST014__ST038,14,ST014,시흥대야역,38,ST038,능곡도서관,12936.0,12.936,2.2134256455080825,0.156041225,0.132513518,0.025345376,0.0,PRELIMINARY_POINT_BUFFER_PROXY,2.674529829,PRELIMINARY_90M
649,ST014__ST039,14,ST014,시흥대야역,39,ST039,능곡힐스테이트,13034.0,13.034,2.211843176655556,0.160870997,0.121489143,0.039381854,0.0,PRELIMINARY_POINT_BUFFER_PROXY,2.666441932,PRELIMINARY_90M
650,ST014__ST040,14,ST014,시흥대야역,40,ST040,갯골생태공원,11018.0,11.018,2.227076316300076,0.137706878,0.116319751,0.021387128,0.0,PRELIMINARY_POINT_BUFFER_PROXY,2.417277935,PRELIMINARY_90M
651,ST014__ST041,14,ST014,시흥대야역,41,ST041,연꽃테마파크,12834.0,12.834,2.038415615350713,0.204727689,0.164845697,0.061588308,0.0,PRELIMINARY_POINT_BUFFER_PROXY,3.019574373,PRELIMINARY_90M
652,ST014__ST042,14,ST014,시흥대야역,42,ST042,시흥시청역,11367.0,11.367,2.21228926525037,0.133495106,0.112762105,0.020733001,0.0,PRELIMINARY_POINT_BUFFER_PROXY,2.772317631,PRELIMINARY_90M
653,ST014__ST043,14,ST014,시흥대야역,43,ST043,시흥종합버스터미널,17577.0,17.577,2.4737445066713426,0.129449041,0.116042987,0.013406055,0.0,PRELIMINARY_POINT_BUFFER_PROXY,3.294133581,PRELIMINARY_90M
654,ST014__ST044,14,ST014,시흥대야역,44,ST044,경기과학기술대학교,18313.0,18.313,2.5013858535956457,0.15496374,0.142097203,0.012866536,0.0,PRELIMINARY_POINT_BUFFER_PROXY,3.24338827,PRELIMINARY_90M
655,ST014__ST045,14,ST014,시흥대야역,45,ST045,시흥중앙도서관,17078.0,17.078,2.448111171274576,0.132359676,0.118563034,0.013796643,0.0,PRELIMINARY_POINT_BUFFER_PROXY,3.378380339,PRELIMINARY_90M
656,ST014__ST046,14,ST014,시흥대야역,46,ST046,배곧1동행정복지센터,11686.0,11.686,3.1090523763986275,0.287377872,0.239866378,0.107932503,0.0,PRELIMINARY_POINT_BUFFER_PROXY,2.647340084,PRELIMINARY_90M
657,ST014__ST047,14,ST014,시흥대야역,47,ST047,배곧2동행정복지센터,14112.0,14.112,2.9745625331405816,0.22326244,0.183919511,0.089375866,0.0,PRELIMINARY_POINT_BUFFER_PROXY,2.397729002,PRELIMINARY_90M
658,ST014__ST048,14,ST014,시흥대야역,48,ST048,정왕평생학습관 사거리,16918.0,16.918,2.4720875714161683,0.142558556,0.128629704,0.013928852,0.0,PRELIMINARY_POINT_BUFFER_PROXY,3.385922496,PRELIMINARY_90M
659,ST014__ST049,14,ST014,시흥대야역,49,ST049,거북섬 웨이브파크 정문,19079.0,19.079,3.3741600518218817,0.205407748,0.176315799,0.066088574,0.0,PRELIMINARY_POINT_BUFFER_PROXY,2.258783472,PRELIMINARY_90M
660,ST014__ST050,14,ST014,시흥대야역,50,ST050,시흥한라3차아파트,13136.0,13.136,3.4488328736725,0.271787486,0.229524329,0.096009786,0.0,PRELIMINARY_POINT_BUFFER_PROXY,2.497253447,PRELIMINARY_90M
661,ST014__ST051,14,ST014,시흥대야역,51,ST051,연성중학교,11175.0,11.175,2.121938824432075,0.20091631,0.171828694,0.03652646,0.0,PRELIMINARY_POINT_BUFFER_PROXY,3.011366635,PRELIMINARY_90M
662,ST014__ST052,14,ST014,시흥대야역,52,ST052,가온그린공원,12978.0,12.978,2.1730187241266807,0.183034275,0.164873599,0.018160676,0.0,PRELIMINARY_POINT_BUFFER_PROXY,2.55311701,PRELIMINARY_90M
663,ST014__ST053,14,ST014,시흥대야역,53,ST053,오이도 빨강등대,18174.0,18.174,3.3943322102232214,0.231820017,0.174848506,0.095809902,0.0,PRELIMINARY_POINT_BUFFER_PROXY,2.517703092,PRELIMINARY_90M
664,ST014__ST054,14,ST014,시흥대야역,54,ST054,시흥 프리미엄 아울렛,10085.0,10.085,3.128896964004259,0.240306149,0.185260788,0.125047292,0.0,PRELIMINARY_POINT_BUFFER_PROXY,2.91185417,PRELIMINARY_90M
665,ST014__ST055,14,ST014,시흥대야역,55,ST055,해양생태과학관,18624.0,18.624,3.3876836854877492,0.200114184,0.170313831,0.067697866,0.0,PRELIMINARY_POINT_BUFFER_PROXY,2.292303327,PRELIMINARY_90M
666,ST015__ST016,15,ST015,목감택지개발예정지구,16,ST016,물왕호수,3107.0,3.107,2.1181705540136373,0.281664379,0.281664379,0.0,0.0,PRELIMINARY_POINT_BUFFER_PROXY,3.053159992,PRELIMINARY_90M
667,ST015__ST017,15,ST015,목감택지개발예정지구,17,ST017,장곡동,8478.0,8.478,2.068764394021674,0.239205014,0.239205014,0.0,0.0,PRELIMINARY_POINT_BUFFER_PROXY,3.963866732,PRELIMINARY_90M
668,ST015__ST018,15,ST015,목감택지개발예정지구,18,ST018,정왕역,14369.0,14.369,2.313577339630178,0.186818514,0.186818514,0.0,0.0,PRELIMINARY_POINT_BUFFER_PROXY,4.500737776,PRELIMINARY_90M
669,ST015__ST019,15,ST015,목감택지개발예정지구,19,ST019,시화병원,14040.0,14.04,2.3859421458005627,0.167705805,0.167705805,0.0,0.0,PRELIMINARY_POINT_BUFFER_PROXY,4.598795216,PRELIMINARY_90M
670,ST015__ST020,15,ST015,목감택지개발예정지구,20,ST020,시화공업단지[왼쪽부근],15434.0,15.434,2.4296714964759176,0.168892636,0.168892636,0.0,0.0,PRELIMINARY_POINT_BUFFER_PROXY,4.245213101,PRELIMINARY_90M
671,ST015__ST021,15,ST015,목감택지개발예정지구,21,ST021,오이도 포구 해양관광 단지,20697.0,20.697,2.809495743364371,0.191054056,0.166099672,0.024954385,0.0,PRELIMINARY_POINT_BUFFER_PROXY,2.743334832,PRELIMINARY_90M
672,ST015__ST022,15,ST015,목감택지개발예정지구,22,ST022,오이도박물관,21491.0,21.491,2.296047592479886,0.182538575,0.160423427,0.022115147,0.0,PRELIMINARY_POINT_BUFFER_PROXY,2.5623948,PRELIMINARY_90M
673,ST015__ST023,15,ST015,목감택지개발예정지구,23,ST023,오이도역,14090.0,14.09,2.2288852817417673,0.166619814,0.166619814,0.0,0.0,PRELIMINARY_POINT_BUFFER_PROXY,4.42097111,PRELIMINARY_90M
674,ST015__ST024,15,ST015,목감택지개발예정지구,24,ST024,목감고등학교,376.0,0.376,2.0,0.846481849,0.846481849,0.0,0.0,PRELIMINARY_POINT_BUFFER_PROXY,4.399641958,PRELIMINARY_90M
675,ST015__ST025,15,ST015,목감택지개발예정지구,25,ST025,목감동행정복지센터,1937.0,1.937,2.119312197773404,0.821667788,0.821667788,0.018951717,0.0,PRELIMINARY_POINT_BUFFER_PROXY,2.8405487,PRELIMINARY_90M
676,ST015__ST026,15,ST015,목감택지개발예정지구,26,ST026,은계파크자이,12904.0,12.904,2.0886708184496285,0.220114852,0.184170546,0.035944306,0.0,PRELIMINARY_POINT_BUFFER_PROXY,3.630403189,PRELIMINARY_90M
677,ST015__ST027,15,ST015,목감택지개발예정지구,27,ST027,은행동행정복지센터,12733.0,12.733,2.1032911908587373,0.207406174,0.170979151,0.036427022,0.0,PRELIMINARY_POINT_BUFFER_PROXY,3.711470621,PRELIMINARY_90M
678,ST015__ST028,15,ST015,목감택지개발예정지구,28,ST028,매화산업단지,8580.0,8.58,2.740609436528789,0.333729237,0.32605623,0.097512107,0.0,PRELIMINARY_POINT_BUFFER_PROXY,3.018923639,PRELIMINARY_90M
679,ST015__ST029,15,ST015,목감택지개발예정지구,29,ST029,관곡공원,8189.0,8.189,2.2684718509323605,0.10686736,0.10686736,0.0,0.0,PRELIMINARY_POINT_BUFFER_PROXY,4.446520948,PRELIMINARY_90M
680,ST015__ST030,15,ST015,목감택지개발예정지구,30,ST030,장곡도서관,8807.0,8.807,2.0749987409926467,0.227250281,0.227250281,0.0,0.0,PRELIMINARY_POINT_BUFFER_PROXY,3.848886438,PRELIMINARY_90M
681,ST015__ST031,15,ST015,목감택지개발예정지구,31,ST031,마전저수지,10614.0,10.614,2.189516754857514,0.162979991,0.162979991,0.0,0.0,PRELIMINARY_POINT_BUFFER_PROXY,4.441402544,PRELIMINARY_90M
682,ST015__ST032,15,ST015,목감택지개발예정지구,32,ST032,희망공원,18057.0,18.057,2.665921039572897,0.184631811,0.184631811,0.0,0.0,PRELIMINARY_POINT_BUFFER_PROXY,3.827981211,PRELIMINARY_90M
683,ST015__ST033,15,ST015,목감택지개발예정지구,33,ST033,타원산업단지,17294.0,17.294,2.4435036657266473,0.183958216,0.183958216,0.0,0.0,PRELIMINARY_POINT_BUFFER_PROXY,3.8882232,PRELIMINARY_90M
684,ST015__ST034,15,ST015,목감택지개발예정지구,34,ST034,군자디지털과학고등학교,11969.0,11.969,2.5789867126290114,0.261310662,0.261310662,0.0,0.0,PRELIMINARY_POINT_BUFFER_PROXY,3.705029013,PRELIMINARY_90M
685,ST015__ST035,15,ST015,목감택지개발예정지구,35,ST035,산들공원,11616.0,11.616,2.6183413371462763,0.238994137,0.238994137,0.0,0.0,PRELIMINARY_POINT_BUFFER_PROXY,3.764893781,PRELIMINARY_90M
686,ST015__ST036,15,ST015,목감택지개발예정지구,36,ST036,시흥시립군자도서관,11008.0,11.008,2.6508932321834546,0.196966472,0.196966472,0.0,0.0,PRELIMINARY_POINT_BUFFER_PROXY,3.685852915,PRELIMINARY_90M
687,ST015__ST037,15,ST015,목감택지개발예정지구,37,ST037,군자동행정복지센터,11484.0,11.484,2.5824693495429583,0.230249468,0.230249468,0.0,0.0,PRELIMINARY_POINT_BUFFER_PROXY,3.582517943,PRELIMINARY_90M
688,ST015__ST038,15,ST015,목감택지개발예정지구,38,ST038,능곡도서관,7216.0,7.216,2.1624082596758836,0.186713321,0.17718156,0.012791398,0.0,PRELIMINARY_POINT_BUFFER_PROXY,3.897964235,PRELIMINARY_90M
689,ST015__ST039,15,ST015,목감택지개발예정지구,39,ST039,능곡힐스테이트,7151.0,7.151,2.1007990111285837,0.265424342,0.222570912,0.046142766,0.0,PRELIMINARY_POINT_BUFFER_PROXY,3.977932459,PRELIMINARY_90M
690,ST015__ST040,15,ST015,목감택지개발예정지구,40,ST040,갯골생태공원,9144.0,9.144,2.00599114296807,0.189585065,0.189585065,0.0,0.0,PRELIMINARY_POINT_BUFFER_PROXY,3.767553046,PRELIMINARY_90M
691,ST015__ST041,15,ST015,목감택지개발예정지구,41,ST041,연꽃테마파크,6996.0,6.996,2.103008519775055,0.288308607,0.265820206,0.077886748,0.0,PRELIMINARY_POINT_BUFFER_PROXY,2.821094596,PRELIMINARY_90M
692,ST015__ST042,15,ST015,목감택지개발예정지구,42,ST042,시흥시청역,6657.0,6.657,2.1200075035931785,0.131463704,0.131463704,0.0,0.0,PRELIMINARY_POINT_BUFFER_PROXY,4.736486726,PRELIMINARY_90M
693,ST015__ST043,15,ST015,목감택지개발예정지구,43,ST043,시흥종합버스터미널,14969.0,14.969,2.4039477498189408,0.166220469,0.166220469,0.0,0.0,PRELIMINARY_POINT_BUFFER_PROXY,4.361544492,PRELIMINARY_90M
694,ST015__ST044,15,ST015,목감택지개발예정지구,44,ST044,경기과학기술대학교,15705.0,15.705,2.4394563869361243,0.194247965,0.194247965,0.0,0.0,PRELIMINARY_POINT_BUFFER_PROXY,4.252906452,PRELIMINARY_90M
695,ST015__ST045,15,ST015,목감택지개발예정지구,45,ST045,시흥중앙도서관,14470.0,14.47,2.3712927445420826,0.170920367,0.170920367,0.0,0.0,PRELIMINARY_POINT_BUFFER_PROXY,4.497785907,PRELIMINARY_90M
696,ST015__ST046,15,ST015,목감택지개발예정지구,46,ST046,배곧1동행정복지센터,14574.0,14.574,2.2998809303560313,0.210544664,0.210544664,0.0,0.0,PRELIMINARY_POINT_BUFFER_PROXY,2.948512867,PRELIMINARY_90M
697,ST015__ST047,15,ST015,목감택지개발예정지구,47,ST047,배곧2동행정복지센터,17000.0,17.0,2.3037237038693634,0.168289992,0.168289992,0.0,0.0,PRELIMINARY_POINT_BUFFER_PROXY,2.696353614,PRELIMINARY_90M
698,ST015__ST048,15,ST015,목감택지개발예정지구,48,ST048,정왕평생학습관 사거리,14310.0,14.31,2.398770532175577,0.183415753,0.183415753,0.0,0.0,PRELIMINARY_POINT_BUFFER_PROXY,4.519696342,PRELIMINARY_90M
699,ST015__ST049,15,ST015,목감택지개발예정지구,49,ST049,거북섬 웨이브파크 정문,21967.0,21.967,2.8025884338341633,0.165222942,0.165222942,0.0,0.0,PRELIMINARY_POINT_BUFFER_PROXY,2.505956618,PRELIMINARY_90M
700,ST015__ST050,15,ST015,목감택지개발예정지구,50,ST050,시흥한라3차아파트,16024.0,16.024,2.6516758361959587,0.204722169,0.204722169,0.0,0.0,PRELIMINARY_POINT_BUFFER_PROXY,2.798571257,PRELIMINARY_90M
701,ST015__ST051,15,ST015,목감택지개발예정지구,51,ST051,연성중학교,5797.0,5.797,2.122512321905777,0.32243609,0.32243609,0.068467983,0.0,PRELIMINARY_POINT_BUFFER_PROXY,3.264344745,PRELIMINARY_90M
702,ST015__ST052,15,ST015,목감택지개발예정지구,52,ST052,가온그린공원,8287.0,8.287,2.079700427811776,0.209100319,0.209100319,0.0,0.0,PRELIMINARY_POINT_BUFFER_PROXY,3.986145537,PRELIMINARY_90M
703,ST015__ST053,15,ST015,목감택지개발예정지구,53,ST053,오이도 빨강등대,21062.0,21.062,2.795442319913768,0.18628709,0.163480366,0.022806724,0.0,PRELIMINARY_POINT_BUFFER_PROXY,2.744056378,PRELIMINARY_90M
704,ST015__ST054,15,ST015,목감택지개발예정지구,54,ST054,시흥 프리미엄 아울렛,12973.0,12.973,2.2155671273155124,0.164483593,0.164483593,0.0,0.0,PRELIMINARY_POINT_BUFFER_PROXY,3.194112932,PRELIMINARY_90M
705,ST015__ST055,15,ST015,목감택지개발예정지구,55,ST055,해양생태과학관,21512.0,21.512,2.8022469526562133,0.159792923,0.159792923,0.0,0.0,PRELIMINARY_POINT_BUFFER_PROXY,2.539914855,PRELIMINARY_90M
706,ST016__ST017,16,ST016,물왕호수,17,ST017,장곡동,5417.0,5.417,1.9745791872443519,0.212878701,0.212878701,0.0,0.0,PRELIMINARY_POINT_BUFFER_PROXY,4.531672654,PRELIMINARY_90M
707,ST016__ST018,16,ST016,물왕호수,18,ST018,정왕역,11308.0,11.308,2.33474303046991,0.160022807,0.160022807,0.0,0.0,PRELIMINARY_POINT_BUFFER_PROXY,4.917859407,PRELIMINARY_90M
708,ST016__ST019,16,ST016,물왕호수,19,ST019,시화병원,10979.0,10.979,2.4279263736508616,0.134774177,0.134774177,0.0,0.0,PRELIMINARY_POINT_BUFFER_PROXY,5.055688597,PRELIMINARY_90M
709,ST016__ST020,16,ST016,물왕호수,20,ST020,시화공업단지[왼쪽부근],12451.0,12.451,2.548398837776363,0.165229444,0.165229444,0.0,0.0,PRELIMINARY_POINT_BUFFER_PROXY,4.538592722,PRELIMINARY_90M
710,ST016__ST021,16,ST016,물왕호수,21,ST021,오이도 포구 해양관광 단지,17636.0,17.636,2.9091175450822373,0.174615597,0.145330882,0.029284715,0.0,PRELIMINARY_POINT_BUFFER_PROXY,2.706197271,PRELIMINARY_90M
711,ST016__ST022,16,ST016,물왕호수,22,ST022,오이도박물관,18040.0,18.04,2.716651906491273,0.210722831,0.184382479,0.026340352,0.0,PRELIMINARY_POINT_BUFFER_PROXY,2.446883858,PRELIMINARY_90M
712,ST016__ST023,16,ST016,물왕호수,23,ST023,오이도역,11973.0,11.973,2.3760153435329974,0.185269558,0.185269558,0.0,0.0,PRELIMINARY_POINT_BUFFER_PROXY,4.665065349,PRELIMINARY_90M
713,ST016__ST024,16,ST016,물왕호수,24,ST024,목감고등학교,3229.0,3.229,2.105914035609522,0.176923572,0.176923572,0.0,0.0,PRELIMINARY_POINT_BUFFER_PROXY,3.167384816,PRELIMINARY_90M
714,ST016__ST025,16,ST016,물왕호수,25,ST025,목감동행정복지센터,3005.0,3.005,2.1381214943015445,0.193383798,0.119943446,0.161932073,0.0,PRELIMINARY_POINT_BUFFER_PROXY,2.924827881,PRELIMINARY_90M
715,ST016__ST026,16,ST016,물왕호수,26,ST026,은계파크자이,9843.0,9.843,2.0430294187126394,0.199688668,0.152563984,0.047124684,0.0,PRELIMINARY_POINT_BUFFER_PROXY,3.839006543,PRELIMINARY_90M
716,ST016__ST027,16,ST016,물왕호수,27,ST027,은행동행정복지센터,9672.0,9.672,2.061470853179971,0.18259595,0.134638072,0.047957878,0.0,PRELIMINARY_POINT_BUFFER_PROXY,3.949408294,PRELIMINARY_90M
717,ST016__ST028,16,ST016,물왕호수,28,ST028,매화산업단지,5396.0,5.396,1.7354982539155246,0.101337798,0.101337798,0.0,0.0,PRELIMINARY_POINT_BUFFER_PROXY,5.198864531,PRELIMINARY_90M
718,ST016__ST029,16,ST016,물왕호수,29,ST029,관곡공원,5128.0,5.128,2.2882225092974817,0.0,0.0,0.0,0.0,PRELIMINARY_POINT_BUFFER_PROXY,5.333892509,PRELIMINARY_90M
719,ST016__ST030,16,ST016,물왕호수,30,ST030,장곡도서관,5746.0,5.746,1.9895049166095151,0.196052924,0.196052924,0.0,0.0,PRELIMINARY_POINT_BUFFER_PROXY,4.322394635,PRELIMINARY_90M
720,ST016__ST031,16,ST016,물왕호수,31,ST031,마전저수지,7553.0,7.553,2.1709163510349363,0.113202954,0.113202954,0.0,0.0,PRELIMINARY_POINT_BUFFER_PROXY,5.041993359,PRELIMINARY_90M
721,ST016__ST032,16,ST016,물왕호수,32,ST032,희망공원,14369.0,14.369,2.432143843196271,0.122218886,0.122218886,0.0,0.0,PRELIMINARY_POINT_BUFFER_PROXY,4.09231293,PRELIMINARY_90M
722,ST016__ST033,16,ST016,물왕호수,33,ST033,타원산업단지,14233.0,14.233,2.4882758519344574,0.162050487,0.162050487,0.0,0.0,PRELIMINARY_POINT_BUFFER_PROXY,4.087981554,PRELIMINARY_90M
723,ST016__ST034,16,ST016,물왕호수,34,ST034,군자디지털과학고등학교,8908.0,8.908,2.6971308490200676,0.252895266,0.252895266,0.0,0.0,PRELIMINARY_POINT_BUFFER_PROXY,3.96098122,PRELIMINARY_90M
724,ST016__ST035,16,ST016,물왕호수,35,ST035,산들공원,8555.0,8.555,2.7554200917307856,0.222244895,0.222244895,0.0,0.0,PRELIMINARY_POINT_BUFFER_PROXY,4.052626345,PRELIMINARY_90M
725,ST016__ST036,16,ST016,물왕호수,36,ST036,시흥시립군자도서관,7947.0,7.947,2.8110036953937283,0.162740187,0.162740187,0.0,0.0,PRELIMINARY_POINT_BUFFER_PROXY,3.965292917,PRELIMINARY_90M
726,ST016__ST037,16,ST016,물왕호수,37,ST037,군자동행정복지센터,8423.0,8.423,2.7086537373101662,0.210058427,0.210058427,0.0,0.0,PRELIMINARY_POINT_BUFFER_PROXY,3.808674234,PRELIMINARY_90M
727,ST016__ST038,16,ST016,물왕호수,38,ST038,능곡도서관,4155.0,4.155,2.1086022039793035,0.113688603,0.097131004,0.022219908,0.0,PRELIMINARY_POINT_BUFFER_PROXY,4.589248558,PRELIMINARY_90M
728,ST016__ST039,16,ST016,물왕호수,39,ST039,능곡힐스테이트,4090.0,4.09,2.0,0.250178222,0.175234323,0.080696429,0.0,PRELIMINARY_POINT_BUFFER_PROXY,4.74147672,PRELIMINARY_90M
729,ST016__ST040,16,ST016,물왕호수,40,ST040,갯골생태공원,6083.0,6.083,1.8904544428003949,0.141137784,0.141137784,0.0,0.0,PRELIMINARY_POINT_BUFFER_PROXY,4.174224503,PRELIMINARY_90M
730,ST016__ST041,16,ST016,물왕호수,41,ST041,연꽃테마파크,3935.0,3.935,2.0,0.29027288,0.250287871,0.138484824,0.0,PRELIMINARY_POINT_BUFFER_PROXY,2.713464194,PRELIMINARY_90M
731,ST016__ST042,16,ST016,물왕호수,42,ST042,시흥시청역,3596.0,3.596,2.0217012678110553,0.0,0.0,0.0,0.0,PRELIMINARY_POINT_BUFFER_PROXY,6.248952212,PRELIMINARY_90M
732,ST016__ST043,16,ST016,물왕호수,43,ST043,시흥종합버스터미널,11908.0,11.908,2.4472829519601325,0.135478594,0.135478594,0.0,0.0,PRELIMINARY_POINT_BUFFER_PROXY,4.721745189,PRELIMINARY_90M
733,ST016__ST044,16,ST016,물왕호수,44,ST044,경기과학기술대학교,12644.0,12.644,2.4888631488960193,0.172084405,0.172084405,0.0,0.0,PRELIMINARY_POINT_BUFFER_PROXY,4.565922726,PRELIMINARY_90M
734,ST016__ST045,16,ST016,물왕호수,45,ST045,시흥중앙도서관,11409.0,11.409,2.4077556504969193,0.140098804,0.140098804,0.0,0.0,PRELIMINARY_POINT_BUFFER_PROXY,4.910278417,PRELIMINARY_90M
735,ST016__ST046,16,ST016,물왕호수,46,ST046,배곧1동행정복지센터,11513.0,11.513,2.3170243161222417,0.1905393,0.1905393,0.0,0.0,PRELIMINARY_POINT_BUFFER_PROXY,2.945973077,PRELIMINARY_90M
736,ST016__ST047,16,ST016,물왕호수,47,ST047,배곧2동행정복지센터,13669.0,13.669,2.8130027458529376,0.230005748,0.230005748,0.0,0.0,PRELIMINARY_POINT_BUFFER_PROXY,2.661843108,PRELIMINARY_90M
737,ST016__ST048,16,ST016,물왕호수,48,ST048,정왕평생학습관 사거리,11249.0,11.249,2.4432384599419756,0.155551168,0.155551168,0.0,0.0,PRELIMINARY_POINT_BUFFER_PROXY,4.944045903,PRELIMINARY_90M
738,ST016__ST049,16,ST016,물왕호수,49,ST049,거북섬 웨이브파크 정문,18906.0,18.906,2.894398258633019,0.145707754,0.145707754,0.0,0.0,PRELIMINARY_POINT_BUFFER_PROXY,2.43312544,PRELIMINARY_90M
739,ST016__ST050,16,ST016,물왕호수,50,ST050,시흥한라3차아파트,12963.0,12.963,2.7499691619669635,0.185581174,0.185581174,0.0,0.0,PRELIMINARY_POINT_BUFFER_PROXY,2.760972907,PRELIMINARY_90M
740,ST016__ST051,16,ST016,물왕호수,51,ST051,연성중학교,2736.0,2.736,1.9961566566608884,0.363459039,0.363459039,0.145100799,0.0,PRELIMINARY_POINT_BUFFER_PROXY,3.605438126,PRELIMINARY_90M
741,ST016__ST052,16,ST016,물왕호수,52,ST052,가온그린공원,5226.0,5.226,1.988461442932294,0.16416577,0.16416577,0.0,0.0,PRELIMINARY_POINT_BUFFER_PROXY,4.587167154,PRELIMINARY_90M
742,ST016__ST053,16,ST016,물왕호수,53,ST053,오이도 빨강등대,18001.0,18.001,2.8906514378990043,0.169372121,0.142688138,0.026683983,0.0,PRELIMINARY_POINT_BUFFER_PROXY,2.707782511,PRELIMINARY_90M
743,ST016__ST054,16,ST016,물왕호수,54,ST054,시흥 프리미엄 아울렛,9912.0,9.912,2.2094413725506494,0.127027984,0.127027984,0.0,0.0,PRELIMINARY_POINT_BUFFER_PROXY,3.266966244,PRELIMINARY_90M
744,ST016__ST055,16,ST016,물왕호수,55,ST055,해양생태과학관,18451.0,18.451,2.8962566104190945,0.138897539,0.138897539,0.0,0.0,PRELIMINARY_POINT_BUFFER_PROXY,2.470910351,PRELIMINARY_90M
745,ST017__ST018,17,ST017,장곡동,18,ST018,정왕역,7048.0,7.048,2.412165966762437,0.299407458,0.299407458,0.0,0.0,PRELIMINARY_POINT_BUFFER_PROXY,4.875639447,PRELIMINARY_90M
746,ST017__ST019,17,ST017,장곡동,19,ST019,시화병원,6719.0,6.719,2.5683224236556637,0.264976881,0.264976881,0.0,0.0,PRELIMINARY_POINT_BUFFER_PROXY,5.10007127,PRELIMINARY_90M
747,ST017__ST020,17,ST017,장곡동,20,ST020,시화공업단지[왼쪽부근],8191.0,8.191,2.726294731484664,0.287883576,0.287883576,0.0,0.0,PRELIMINARY_POINT_BUFFER_PROXY,4.304343613,PRELIMINARY_90M
748,ST017__ST021,17,ST017,장곡동,21,ST021,오이도 포구 해양관광 단지,13376.0,13.376,3.1328967051676546,0.252648823,0.214032891,0.038615932,0.0,PRELIMINARY_POINT_BUFFER_PROXY,1.972838038,PRELIMINARY_90M
749,ST017__ST022,17,ST017,장곡동,22,ST022,오이도박물관,13780.0,13.78,2.874343427573782,0.297637185,0.263149767,0.034487418,0.0,PRELIMINARY_POINT_BUFFER_PROXY,1.655169585,PRELIMINARY_90M
750,ST017__ST023,17,ST017,장곡동,23,ST023,오이도역,6770.0,6.77,2.251824167685008,0.262137057,0.262137057,0.0,0.0,PRELIMINARY_POINT_BUFFER_PROXY,4.731040277,PRELIMINARY_90M
751,ST017__ST024,17,ST017,장곡동,24,ST024,목감고등학교,7967.0,7.967,2.038940641713902,0.184483721,0.184483721,0.0,0.0,PRELIMINARY_POINT_BUFFER_PROXY,3.60318661,PRELIMINARY_90M
752,ST017__ST025,17,ST017,장곡동,25,ST025,목감동행정복지센터,8741.0,8.741,2.1699014583199623,0.22332564,0.219480247,0.036621511,0.0,PRELIMINARY_POINT_BUFFER_PROXY,3.266816772,PRELIMINARY_90M
753,ST017__ST026,17,ST017,장곡동,26,ST026,은계파크자이,8212.0,8.212,1.9809502394753047,0.384384831,0.32788857,0.056496261,0.0,PRELIMINARY_POINT_BUFFER_PROXY,2.011675991,PRELIMINARY_90M
754,ST017__ST027,17,ST017,장곡동,27,ST027,은행동행정복지센터,8041.0,8.041,2.0018165708542117,0.367749391,0.310051367,0.057698024,0.0,PRELIMINARY_POINT_BUFFER_PROXY,2.105160326,PRELIMINARY_90M
755,ST017__ST028,17,ST017,장곡동,28,ST028,매화산업단지,7665.0,7.665,1.9685429224432203,0.302670708,0.302670708,0.0,0.0,PRELIMINARY_POINT_BUFFER_PROXY,1.842938926,PRELIMINARY_90M
756,ST017__ST029,17,ST017,장곡동,29,ST029,관곡공원,4322.0,4.322,2.2640824773122388,0.207924155,0.207924155,0.0,0.0,PRELIMINARY_POINT_BUFFER_PROXY,2.212483712,PRELIMINARY_90M
757,ST017__ST030,17,ST017,장곡동,30,ST030,장곡도서관,564.0,0.564,1.5742051509756851,0.955860684,0.955860684,0.0,0.0,PRELIMINARY_POINT_BUFFER_PROXY,1.913795281,PRELIMINARY_90M
758,ST017__ST031,17,ST017,장곡동,31,ST031,마전저수지,3293.0,3.293,2.1243923399823124,0.350974211,0.350974211,0.0,0.0,PRELIMINARY_POINT_BUFFER_PROXY,5.110437079,PRELIMINARY_90M
759,ST017__ST032,17,ST017,장곡동,32,ST032,희망공원,10110.0,10.11,2.502850206206298,0.203412684,0.203412684,0.0,0.0,PRELIMINARY_POINT_BUFFER_PROXY,3.718226896,PRELIMINARY_90M
760,ST017__ST033,17,ST017,장곡동,33,ST033,타원산업단지,9970.0,9.97,2.6122649965995577,0.206278855,0.206278855,0.0,0.0,PRELIMINARY_POINT_BUFFER_PROXY,3.751018715,PRELIMINARY_90M
761,ST017__ST034,17,ST017,장곡동,34,ST034,군자디지털과학고등학교,4796.0,4.796,1.9023778836005452,0.255435013,0.255435013,0.0,0.0,PRELIMINARY_POINT_BUFFER_PROXY,3.815283297,PRELIMINARY_90M
762,ST017__ST035,17,ST017,장곡동,35,ST035,산들공원,4443.0,4.443,1.9603175955328784,0.196620513,0.196620513,0.0,0.0,PRELIMINARY_POINT_BUFFER_PROXY,3.98214452,PRELIMINARY_90M
763,ST017__ST036,17,ST017,장곡동,36,ST036,시흥시립군자도서관,5061.0,5.061,1.9616842116374067,0.29462359,0.29462359,0.0,0.0,PRELIMINARY_POINT_BUFFER_PROXY,4.135337569,PRELIMINARY_90M
764,ST017__ST037,17,ST017,장곡동,37,ST037,군자동행정복지센터,5537.0,5.537,1.8789982137136798,0.355272139,0.355272139,0.0,0.0,PRELIMINARY_POINT_BUFFER_PROXY,3.88315591,PRELIMINARY_90M
765,ST017__ST038,17,ST017,장곡동,38,ST038,능곡도서관,4285.0,4.285,1.9821410620641189,0.326481556,0.310449796,0.021514244,0.0,PRELIMINARY_POINT_BUFFER_PROXY,1.72813283,PRELIMINARY_90M
766,ST017__ST039,17,ST017,장곡동,39,ST039,능곡힐스테이트,4383.0,4.383,1.9825345779479786,0.337079027,0.273766902,0.063312125,0.0,PRELIMINARY_POINT_BUFFER_PROXY,1.722839209,PRELIMINARY_90M
767,ST017__ST040,17,ST017,장곡동,40,ST040,갯골생태공원,1842.0,1.842,1.5201564854789573,0.647795036,0.647795036,0.0,0.0,PRELIMINARY_POINT_BUFFER_PROXY,2.216553796,PRELIMINARY_90M
768,ST017__ST041,17,ST017,장곡동,41,ST041,연꽃테마파크,6120.0,6.12,1.9329667879429329,0.333421921,0.307718932,0.089020211,0.0,PRELIMINARY_POINT_BUFFER_PROXY,2.911343552,PRELIMINARY_90M
769,ST017__ST042,17,ST017,장곡동,42,ST042,시흥시청역,2716.0,2.716,1.8434790923881643,0.330839246,0.330839246,0.0,0.0,PRELIMINARY_POINT_BUFFER_PROXY,1.590121124,PRELIMINARY_90M
770,ST017__ST043,17,ST017,장곡동,43,ST043,시흥종합버스터미널,7648.0,7.648,2.5813963042428436,0.250235778,0.250235778,0.0,0.0,PRELIMINARY_POINT_BUFFER_PROXY,4.57330077,PRELIMINARY_90M
771,ST017__ST044,17,ST017,장곡동,44,ST044,경기과학기술대학교,8384.0,8.384,2.6323327643462284,0.295369778,0.295369778,0.0,0.0,PRELIMINARY_POINT_BUFFER_PROXY,4.350987972,PRELIMINARY_90M
772,ST017__ST045,17,ST017,장곡동,45,ST045,시흥중앙도서관,7149.0,7.149,2.527627459473465,0.265603327,0.265603327,0.0,0.0,PRELIMINARY_POINT_BUFFER_PROXY,4.863694723,PRELIMINARY_90M
773,ST017__ST046,17,ST017,장곡동,46,ST046,배곧1동행정복지센터,7253.0,7.253,2.3818191238044744,0.343886176,0.343886176,0.0,0.0,PRELIMINARY_POINT_BUFFER_PROXY,1.736339045,PRELIMINARY_90M
774,ST017__ST047,17,ST017,장곡동,47,ST047,배곧2동행정복지센터,9409.0,9.409,3.0876030863638437,0.366034869,0.366034869,0.0,0.0,PRELIMINARY_POINT_BUFFER_PROXY,1.599302329,PRELIMINARY_90M
775,ST017__ST048,17,ST017,장곡동,48,ST048,정왕평생학습관 사거리,6989.0,6.989,2.5875518533140287,0.293401237,0.293401237,0.0,0.0,PRELIMINARY_POINT_BUFFER_PROXY,4.918188862,PRELIMINARY_90M
776,ST017__ST049,17,ST017,장곡동,49,ST049,거북섬 웨이브파크 정문,14646.0,14.646,3.094482193339755,0.208559805,0.208559805,0.0,0.0,PRELIMINARY_POINT_BUFFER_PROXY,1.681786926,PRELIMINARY_90M
777,ST017__ST050,17,ST017,장곡동,50,ST050,시흥한라3차아파트,8703.0,8.703,3.016055028094267,0.310926104,0.310926104,0.0,0.0,PRELIMINARY_POINT_BUFFER_PROXY,1.661975821,PRELIMINARY_90M
778,ST017__ST051,17,ST017,장곡동,51,ST051,연성중학교,3517.0,3.517,2.16312007370754,0.462338053,0.436932527,0.049031879,0.0,PRELIMINARY_POINT_BUFFER_PROXY,3.114219406,PRELIMINARY_90M
779,ST017__ST052,17,ST017,장곡동,52,ST052,가온그린공원,639.0,0.639,1.9871511618456574,0.588670368,0.588670368,0.0,0.0,PRELIMINARY_POINT_BUFFER_PROXY,1.720740011,PRELIMINARY_90M
780,ST017__ST053,17,ST017,장곡동,53,ST053,오이도 빨강등대,13741.0,13.741,3.1027479517549197,0.243702413,0.208742175,0.034960239,0.0,PRELIMINARY_POINT_BUFFER_PROXY,1.99444841,PRELIMINARY_90M
781,ST017__ST054,17,ST017,장곡동,54,ST054,시흥 프리미엄 아울렛,5652.0,5.652,2.211420227168932,0.275865288,0.275865288,0.0,0.0,PRELIMINARY_POINT_BUFFER_PROXY,1.957119868,PRELIMINARY_90M
782,ST017__ST055,17,ST017,장곡동,55,ST055,해양생태과학관,14191.0,14.191,3.1032929260799613,0.201713142,0.201713142,0.0,0.0,PRELIMINARY_POINT_BUFFER_PROXY,1.7071018,PRELIMINARY_90M
783,ST018__ST019,18,ST018,정왕역,19,ST019,시화병원,477.0,0.477,2.616523504201786,1.0,1.0,0.0,0.0,PRELIMINARY_POINT_BUFFER_PROXY,0.221777495,PRELIMINARY_90M
784,ST018__ST020,18,ST018,정왕역,20,ST020,시화공업단지[왼쪽부근],1949.0,1.949,3.244027725944256,0.540858498,0.540858498,0.0,0.0,PRELIMINARY_POINT_BUFFER_PROXY,0.564911031,PRELIMINARY_90M
785,ST018__ST021,18,ST018,정왕역,21,ST021,오이도 포구 해양관광 단지,7487.0,7.487,3.4012024390536584,0.328131644,0.259105734,0.06902591,0.0,PRELIMINARY_POINT_BUFFER_PROXY,1.85716378,PRELIMINARY_90M
786,ST018__ST022,18,ST018,정왕역,22,ST022,오이도박물관,8195.0,8.195,3.016327388879168,0.365325878,0.265565807,0.099760071,0.0,PRELIMINARY_POINT_BUFFER_PROXY,2.21976096,PRELIMINARY_90M
787,ST018__ST023,18,ST018,정왕역,23,ST023,오이도역,1655.0,1.655,2.5246466062280373,0.845619078,0.845619078,0.0,0.0,PRELIMINARY_POINT_BUFFER_PROXY,0.311055548,PRELIMINARY_90M
788,ST018__ST024,18,ST018,정왕역,24,ST024,목감고등학교,13471.0,13.471,2.3806833218820813,0.14476978,0.14476978,0.0,0.0,PRELIMINARY_POINT_BUFFER_PROXY,4.275612458,PRELIMINARY_90M
789,ST018__ST025,18,ST018,정왕역,25,ST025,목감동행정복지센터,14245.0,14.245,2.442453709583211,0.170760818,0.168401454,0.022469346,0.0,PRELIMINARY_POINT_BUFFER_PROXY,4.029882036,PRELIMINARY_90M
790,ST018__ST026,18,ST018,정왕역,26,ST026,은계파크자이,12494.0,12.494,2.448457993264804,0.196690264,0.159573787,0.037116477,0.0,PRELIMINARY_POINT_BUFFER_PROXY,3.267250567,PRELIMINARY_90M
791,ST018__ST027,18,ST018,정왕역,27,ST027,은행동행정복지센터,12323.0,12.323,2.468553299988538,0.183236413,0.145604997,0.037631416,0.0,PRELIMINARY_POINT_BUFFER_PROXY,3.348571188,PRELIMINARY_90M
792,ST018__ST028,18,ST018,정왕역,28,ST028,매화산업단지,11947.0,11.947,2.461849334359547,0.135715444,0.135715444,0.0,0.0,PRELIMINARY_POINT_BUFFER_PROXY,3.213272967,PRELIMINARY_90M
793,ST018__ST029,18,ST018,정왕역,29,ST029,관곡공원,8633.0,8.633,2.787743143516228,0.057050086,0.057050086,0.0,0.0,PRELIMINARY_POINT_BUFFER_PROXY,3.751097041,PRELIMINARY_90M
794,ST018__ST030,18,ST018,정왕역,30,ST030,장곡도서관,7506.0,7.506,1.9907769945731615,0.16120625,0.16120625,0.0,0.0,PRELIMINARY_POINT_BUFFER_PROXY,4.777849909,PRELIMINARY_90M
795,ST018__ST031,18,ST018,정왕역,31,ST031,마전저수지,3945.0,3.945,2.958212084314256,0.124882541,0.124882541,0.0,0.0,PRELIMINARY_POINT_BUFFER_PROXY,5.337782322,PRELIMINARY_90M
796,ST018__ST032,18,ST018,정왕역,32,ST032,희망공원,3868.0,3.868,2.4031752148338352,0.194564581,0.194564581,0.0,0.0,PRELIMINARY_POINT_BUFFER_PROXY,0.885911753,PRELIMINARY_90M
797,ST018__ST033,18,ST018,정왕역,33,ST033,타원산업단지,3728.0,3.728,2.6919701197263484,0.201894718,0.201894718,0.0,0.0,PRELIMINARY_POINT_BUFFER_PROXY,0.876118982,PRELIMINARY_90M
798,ST018__ST034,18,ST018,정왕역,34,ST034,군자디지털과학고등학교,5215.0,5.215,1.5330583017867183,0.355469051,0.355469051,0.0,0.0,PRELIMINARY_POINT_BUFFER_PROXY,2.157697699,PRELIMINARY_90M
799,ST018__ST035,18,ST018,정왕역,35,ST035,산들공원,4862.0,4.862,1.5515894623052275,0.308946091,0.308946091,0.0,0.0,PRELIMINARY_POINT_BUFFER_PROXY,2.192503213,PRELIMINARY_90M
800,ST018__ST036,18,ST018,정왕역,36,ST036,시흥시립군자도서관,5480.0,5.48,1.5988970337156216,0.386797179,0.386797179,0.0,0.0,PRELIMINARY_POINT_BUFFER_PROXY,2.534814979,PRELIMINARY_90M
801,ST018__ST037,18,ST018,정왕역,37,ST037,군자동행정복지센터,5956.0,5.956,1.5510283272592456,0.43580932,0.43580932,0.0,0.0,PRELIMINARY_POINT_BUFFER_PROXY,2.429115274,PRELIMINARY_90M
802,ST018__ST038,18,ST018,정왕역,38,ST038,능곡도서관,9789.0,9.789,2.4841039963929274,0.192044175,0.185023571,0.009421486,0.0,PRELIMINARY_POINT_BUFFER_PROXY,3.699669795,PRELIMINARY_90M
803,ST018__ST039,18,ST018,정왕역,39,ST039,능곡힐스테이트,9887.0,9.887,2.4793741062344563,0.19805671,0.169983463,0.028073247,0.0,PRELIMINARY_POINT_BUFFER_PROXY,3.680178352,PRELIMINARY_90M
804,ST018__ST040,18,ST018,정왕역,40,ST040,갯골생태공원,6347.0,6.347,2.694628026787754,0.131430314,0.131430314,0.0,0.0,PRELIMINARY_POINT_BUFFER_PROXY,4.680270411,PRELIMINARY_90M
805,ST018__ST041,18,ST018,정왕역,41,ST041,연꽃테마파크,11624.0,11.624,2.379137582782341,0.216876921,0.203345141,0.04686622,0.0,PRELIMINARY_POINT_BUFFER_PROXY,4.012326702,PRELIMINARY_90M
806,ST018__ST042,18,ST018,정왕역,42,ST042,시흥시청역,8220.0,8.22,2.5343117151145504,0.167767218,0.167767218,0.0,0.0,PRELIMINARY_POINT_BUFFER_PROXY,4.032822649,PRELIMINARY_90M
807,ST018__ST043,18,ST018,정왕역,43,ST043,시흥종합버스터미널,1406.0,1.406,2.6557306312689994,0.43367149,0.43367149,0.0,0.0,PRELIMINARY_POINT_BUFFER_PROXY,0.599226145,PRELIMINARY_90M
808,ST018__ST044,18,ST018,정왕역,44,ST044,경기과학기술대학교,2142.0,2.142,2.829382375187232,0.547101756,0.547101756,0.0,0.0,PRELIMINARY_POINT_BUFFER_PROXY,1.086960451,PRELIMINARY_90M
809,ST018__ST045,18,ST018,정왕역,45,ST045,시흥중앙도서관,934.0,0.934,2.8758540739318326,0.653957282,0.653957282,0.0,0.0,PRELIMINARY_POINT_BUFFER_PROXY,0.795146929,PRELIMINARY_90M
810,ST018__ST046,18,ST018,정왕역,46,ST046,배곧1동행정복지센터,3836.0,3.836,3.060991160557495,0.739993526,0.739993526,0.0,0.0,PRELIMINARY_POINT_BUFFER_PROXY,0.664957987,PRELIMINARY_90M
811,ST018__ST047,18,ST018,정왕역,47,ST047,배곧2동행정복지센터,3541.0,3.541,3.5135420511635806,0.71603201,0.71603201,0.0,0.0,PRELIMINARY_POINT_BUFFER_PROXY,0.696535188,PRELIMINARY_90M
812,ST018__ST048,18,ST018,정왕역,48,ST048,정왕평생학습관 사거리,747.0,0.747,2.7790953736776527,1.0,1.0,0.0,0.0,PRELIMINARY_POINT_BUFFER_PROXY,0.305117177,PRELIMINARY_90M
813,ST018__ST049,18,ST018,정왕역,49,ST049,거북섬 웨이브파크 정문,8757.0,8.757,3.2979845713783864,0.243406156,0.243406156,0.0,0.0,PRELIMINARY_POINT_BUFFER_PROXY,1.386891051,PRELIMINARY_90M
814,ST018__ST050,18,ST018,정왕역,50,ST050,시흥한라3차아파트,2786.0,2.786,2.797668420165774,0.7253767,0.7253767,0.0,0.0,PRELIMINARY_POINT_BUFFER_PROXY,0.76137224,PRELIMINARY_90M
815,ST018__ST051,18,ST018,정왕역,51,ST051,연성중학교,10045.0,10.045,2.7529826885050053,0.121464619,0.112567767,0.017170649,0.0,PRELIMINARY_POINT_BUFFER_PROXY,3.901208106,PRELIMINARY_90M
816,ST018__ST052,18,ST018,정왕역,52,ST052,가온그린공원,6635.0,6.635,2.5954303365631386,0.232705275,0.232705275,0.0,0.0,PRELIMINARY_POINT_BUFFER_PROXY,4.965953657,PRELIMINARY_90M
817,ST018__ST053,18,ST018,정왕역,53,ST053,오이도 빨강등대,7852.0,7.852,3.3359167327855648,0.308951268,0.247742651,0.061208617,0.0,PRELIMINARY_POINT_BUFFER_PROXY,1.9006229,PRELIMINARY_90M
818,ST018__ST054,18,ST018,정왕역,54,ST054,시흥 프리미엄 아울렛,5830.0,5.83,3.315653552693978,0.48397827,0.48397827,0.0,0.0,PRELIMINARY_POINT_BUFFER_PROXY,1.04582916,PRELIMINARY_90M
819,ST018__ST055,18,ST018,정왕역,55,ST055,해양생태과학관,8302.0,8.302,3.3241718335944097,0.233602738,0.233602738,0.0,0.0,PRELIMINARY_POINT_BUFFER_PROXY,1.413734722,PRELIMINARY_90M
820,ST019__ST020,19,ST019,시화병원,20,ST020,시화공업단지[왼쪽부근],1979.0,1.979,2.8736363843131483,0.422822321,0.422822321,0.0,0.0,PRELIMINARY_POINT_BUFFER_PROXY,0.548112375,PRELIMINARY_90M
821,ST019__ST021,19,ST019,시화병원,21,ST021,오이도 포구 해양관광 단지,6987.0,6.987,3.178864864464529,0.319803247,0.245867275,0.073935972,0.0,PRELIMINARY_POINT_BUFFER_PROXY,1.994010885,PRELIMINARY_90M
822,ST019__ST022,19,ST019,시화병원,22,ST022,오이도박물관,7736.0,7.736,3.038595131848429,0.32773623,0.2220677,0.105668529,0.0,PRELIMINARY_POINT_BUFFER_PROXY,2.344498559,PRELIMINARY_90M
823,ST019__ST023,19,ST019,시화병원,23,ST023,오이도역,1664.0,1.664,2.9999999999999996,0.714416548,0.714416548,0.0,0.0,PRELIMINARY_POINT_BUFFER_PROXY,0.445157056,PRELIMINARY_90M
824,ST019__ST024,19,ST019,시화병원,24,ST024,목감고등학교,14103.0,14.103,2.4201539562076997,0.183142467,0.183142467,0.0,0.0,PRELIMINARY_POINT_BUFFER_PROXY,4.088075127,PRELIMINARY_90M
825,ST019__ST025,19,ST019,시화병원,25,ST025,목감동행정복지센터,14877.0,14.877,2.4772422626406074,0.206030365,0.20377135,0.021513671,0.0,PRELIMINARY_POINT_BUFFER_PROXY,3.863030363,PRELIMINARY_90M
826,ST019__ST026,19,ST019,시화병원,26,ST026,은계파크자이,13126.0,13.126,2.487597096798354,0.235414017,0.200086749,0.035327268,0.0,PRELIMINARY_POINT_BUFFER_PROXY,3.119663938,PRELIMINARY_90M
827,ST019__ST027,19,ST019,시화병원,27,ST027,은행동행정복지센터,12955.0,12.955,2.5072274000019643,0.223128268,0.187334823,0.035793445,0.0,PRELIMINARY_POINT_BUFFER_PROXY,3.193730383,PRELIMINARY_90M
828,ST019__ST028,19,ST019,시화병원,28,ST028,매화산업단지,12579.0,12.579,2.5020122653787755,0.179185317,0.179185317,0.0,0.0,PRELIMINARY_POINT_BUFFER_PROXY,3.061660173,PRELIMINARY_90M
829,ST019__ST029,19,ST019,시화병원,29,ST029,관곡공원,9265.0,9.265,2.820027725618513,0.12145997,0.12145997,0.0,0.0,PRELIMINARY_POINT_BUFFER_PROXY,3.513046847,PRELIMINARY_90M
830,ST019__ST030,19,ST019,시화병원,30,ST030,장곡도서관,8138.0,8.138,2.089520420340609,0.226443262,0.226443262,0.0,0.0,PRELIMINARY_POINT_BUFFER_PROXY,4.432894098,PRELIMINARY_90M
831,ST019__ST031,19,ST019,시화병원,31,ST031,마전저수지,4577.0,4.577,3.0,0.245904155,0.245904155,0.0,0.0,PRELIMINARY_POINT_BUFFER_PROXY,4.635043529,PRELIMINARY_90M
832,ST019__ST032,19,ST019,시화병원,32,ST032,희망공원,3411.0,3.411,2.341371222142413,0.388053631,0.388053631,0.0,0.0,PRELIMINARY_POINT_BUFFER_PROXY,0.618345546,PRELIMINARY_90M
833,ST019__ST033,19,ST019,시화병원,33,ST033,타원산업단지,3836.0,3.836,2.7436795030655845,0.224557843,0.224557843,0.0,0.0,PRELIMINARY_POINT_BUFFER_PROXY,0.855941648,PRELIMINARY_90M
834,ST019__ST034,19,ST019,시화병원,34,ST034,군자디지털과학고등학교,5847.0,5.847,1.7201054013795372,0.425263441,0.425263441,0.0,0.0,PRELIMINARY_POINT_BUFFER_PROXY,1.944003641,PRELIMINARY_90M
835,ST019__ST035,19,ST019,시화병원,35,ST035,산들공원,5494.0,5.494,1.7484475998737334,0.388557525,0.388557525,0.0,0.0,PRELIMINARY_POINT_BUFFER_PROXY,1.959678705,PRELIMINARY_90M
836,ST019__ST036,19,ST019,시화병원,36,ST036,시흥시립군자도서관,6112.0,6.112,1.770975275019778,0.45030587,0.45030587,0.0,0.0,PRELIMINARY_POINT_BUFFER_PROXY,2.293476522,PRELIMINARY_90M
837,ST019__ST037,19,ST019,시화병원,37,ST037,군자동행정복지센터,6481.0,6.481,3.3637250258662945,0.35991361,0.35991361,0.0,0.0,PRELIMINARY_POINT_BUFFER_PROXY,1.238705103,PRELIMINARY_90M
838,ST019__ST038,19,ST019,시화병원,38,ST038,능곡도서관,10421.0,10.421,2.531216478716255,0.241079064,0.234484541,0.008849695,0.0,PRELIMINARY_POINT_BUFFER_PROXY,3.490066596,PRELIMINARY_90M
839,ST019__ST039,19,ST019,시화병원,39,ST039,능곡힐스테이트,10519.0,10.519,2.526338381605967,0.246279767,0.219894642,0.026385125,0.0,PRELIMINARY_POINT_BUFFER_PROXY,3.472193314,PRELIMINARY_90M
840,ST019__ST040,19,ST019,시화병원,40,ST040,갯골생태공원,6979.0,6.979,2.7459329450731076,0.210195538,0.210195538,0.0,0.0,PRELIMINARY_POINT_BUFFER_PROXY,4.266869863,PRELIMINARY_90M
841,ST019__ST041,19,ST019,시화병원,41,ST041,연꽃테마파크,12336.0,12.336,2.607293312433885,0.181177112,0.158794754,0.044959027,0.0,PRELIMINARY_POINT_BUFFER_PROXY,3.60680508,PRELIMINARY_90M
842,ST019__ST042,19,ST019,시화병원,42,ST042,시흥시청역,8852.0,8.852,2.5862039754816855,0.227246749,0.227246749,0.0,0.0,PRELIMINARY_POINT_BUFFER_PROXY,3.755676342,PRELIMINARY_90M
843,ST019__ST043,19,ST019,시화병원,43,ST043,시흥종합버스터미널,1504.0,1.504,1.864455410627717,0.337651847,0.337651847,0.0,0.0,PRELIMINARY_POINT_BUFFER_PROXY,0.368706378,PRELIMINARY_90M
844,ST019__ST044,19,ST019,시화병원,44,ST044,경기과학기술대학교,2250.0,2.25,2.9108230402575663,0.569009941,0.569009941,0.0,0.0,PRELIMINARY_POINT_BUFFER_PROXY,1.047408429,PRELIMINARY_90M
845,ST019__ST045,19,ST019,시화병원,45,ST045,시흥중앙도서관,859.0,0.859,2.0563818251978376,0.590542959,0.590542959,0.0,0.0,PRELIMINARY_POINT_BUFFER_PROXY,0.427687423,PRELIMINARY_90M
846,ST019__ST046,19,ST019,시화병원,46,ST046,배곧1동행정복지센터,4055.0,4.055,3.251371511972627,0.614053069,0.614053069,0.0,0.0,PRELIMINARY_POINT_BUFFER_PROXY,0.784060813,PRELIMINARY_90M
847,ST019__ST047,19,ST019,시화병원,47,ST047,배곧2동행정복지센터,3020.0,3.02,3.0981105135230838,0.761448964,0.761448964,0.0,0.0,PRELIMINARY_POINT_BUFFER_PROXY,0.856538396,PRELIMINARY_90M
848,ST019__ST048,19,ST019,시화병원,48,ST048,정왕평생학습관 사거리,855.0,0.855,3.0,1.0,1.0,0.0,0.0,PRELIMINARY_POINT_BUFFER_PROXY,0.303061646,PRELIMINARY_90M
849,ST019__ST049,19,ST019,시화병원,49,ST049,거북섬 웨이브파크 정문,8257.0,8.257,3.103647670093521,0.2312599,0.2312599,0.0,0.0,PRELIMINARY_POINT_BUFFER_PROXY,1.481977045,PRELIMINARY_90M
850,ST019__ST050,19,ST019,시화병원,50,ST050,시흥한라3차아파트,2327.0,2.327,2.8286811737543958,0.671238316,0.671238316,0.0,0.0,PRELIMINARY_POINT_BUFFER_PROXY,0.870466051,PRELIMINARY_90M
851,ST019__ST051,19,ST019,시화병원,51,ST051,연성중학교,10677.0,10.677,2.783053750312431,0.173530884,0.165161303,0.016153033,0.0,PRELIMINARY_POINT_BUFFER_PROXY,3.692434824,PRELIMINARY_90M
852,ST019__ST052,19,ST019,시화병원,52,ST052,가온그린공원,7267.0,7.267,2.653328762428982,0.299514676,0.299514676,0.0,0.0,PRELIMINARY_POINT_BUFFER_PROXY,4.553000916,PRELIMINARY_90M
853,ST019__ST053,19,ST019,시화병원,53,ST053,오이도 빨강등대,7352.0,7.352,3.1202256848674432,0.29974064,0.23439461,0.06534603,0.0,PRELIMINARY_POINT_BUFFER_PROXY,2.03323403,PRELIMINARY_90M
854,ST019__ST054,19,ST019,시화병원,54,ST054,시흥 프리미엄 아울렛,5839.0,5.839,3.449473355080724,0.447329658,0.447329658,0.0,0.0,PRELIMINARY_POINT_BUFFER_PROXY,1.073292342,PRELIMINARY_90M
855,ST019__ST055,19,ST019,시화병원,55,ST055,해양생태과학관,7802.0,7.802,3.1202061969026214,0.220126096,0.220126096,0.0,0.0,PRELIMINARY_POINT_BUFFER_PROXY,1.516146467,PRELIMINARY_90M
856,ST020__ST021,20,ST020,시화공업단지[왼쪽부근],21,ST021,오이도 포구 해양관광 단지,7030.0,7.03,3.1699281862102007,0.198238546,0.124749419,0.073489127,0.0,PRELIMINARY_POINT_BUFFER_PROXY,2.08695311,PRELIMINARY_90M
857,ST020__ST022,20,ST020,시화공업단지[왼쪽부근],22,ST022,오이도박물관,7541.0,7.541,2.850981623778786,0.280507698,0.217487892,0.063019806,0.0,PRELIMINARY_POINT_BUFFER_PROXY,1.429589168,PRELIMINARY_90M
858,ST020__ST023,20,ST020,시화공업단지[왼쪽부근],23,ST023,오이도역,3334.0,3.334,2.8138183012073985,0.608891451,0.608891451,0.0,0.0,PRELIMINARY_POINT_BUFFER_PROXY,0.604650763,PRELIMINARY_90M
859,ST020__ST024,20,ST020,시화공업단지[왼쪽부근],24,ST024,목감고등학교,15262.0,15.262,2.4641825075605026,0.176487626,0.176487626,0.0,0.0,PRELIMINARY_POINT_BUFFER_PROXY,3.873011086,PRELIMINARY_90M
860,ST020__ST025,20,ST020,시화공업단지[왼쪽부근],25,ST025,목감동행정복지센터,16036.0,16.036,2.5150188935596285,0.198042964,0.195947195,0.019959004,0.0,PRELIMINARY_POINT_BUFFER_PROXY,3.674446299,PRELIMINARY_90M
861,ST020__ST026,20,ST020,시화공업단지[왼쪽부근],26,ST026,은계파크자이,14285.0,14.285,2.529163537577769,0.224064082,0.191602585,0.032461498,0.0,PRELIMINARY_POINT_BUFFER_PROXY,2.966812488,PRELIMINARY_90M
862,ST020__ST027,20,ST020,시화공업단지[왼쪽부근],27,ST027,은행동행정복지센터,14114.0,14.114,2.547685605683168,0.212649556,0.179794867,0.032854689,0.0,PRELIMINARY_POINT_BUFFER_PROXY,3.034051676,PRELIMINARY_90M
863,ST020__ST028,20,ST020,시화공업단지[왼쪽부근],28,ST028,매화산업단지,13738.0,13.738,2.5440134895863187,0.172127115,0.172127115,0.0,0.0,PRELIMINARY_POINT_BUFFER_PROXY,2.906147963,PRELIMINARY_90M
864,ST020__ST029,20,ST020,시화공업단지[왼쪽부근],29,ST029,관곡공원,10424.0,10.424,2.840038246298897,0.118573536,0.118573536,0.0,0.0,PRELIMINARY_POINT_BUFFER_PROXY,3.256444901,PRELIMINARY_90M
865,ST020__ST030,20,ST020,시화공업단지[왼쪽부근],30,ST030,장곡도서관,9297.0,9.297,2.2030361017731273,0.21011764,0.21011764,0.0,0.0,PRELIMINARY_POINT_BUFFER_PROXY,4.026544933,PRELIMINARY_90M
866,ST020__ST031,20,ST020,시화공업단지[왼쪽부근],31,ST031,마전저수지,5736.0,5.736,3.0,0.215509815,0.215509815,0.0,0.0,PRELIMINARY_POINT_BUFFER_PROXY,3.941832982,PRELIMINARY_90M
867,ST020__ST032,20,ST020,시화공업단지[왼쪽부근],32,ST032,희망공원,3417.0,3.417,2.3443302754970845,0.138210853,0.138210853,0.0,0.0,PRELIMINARY_POINT_BUFFER_PROXY,0.829933024,PRELIMINARY_90M
868,ST020__ST033,20,ST020,시화공업단지[왼쪽부근],33,ST033,타원산업단지,1990.0,1.99,1.8702031081023514,0.164715764,0.164715764,0.0,0.0,PRELIMINARY_POINT_BUFFER_PROXY,0.638115692,PRELIMINARY_90M
869,ST020__ST034,20,ST020,시화공업단지[왼쪽부근],34,ST034,군자디지털과학고등학교,5992.0,5.992,1.5800486633794386,0.388520481,0.388520481,0.0,0.0,PRELIMINARY_POINT_BUFFER_PROXY,1.516379787,PRELIMINARY_90M
870,ST020__ST035,20,ST020,시화공업단지[왼쪽부근],35,ST035,산들공원,6684.0,6.684,2.869246069005407,0.270890511,0.270890511,0.0,0.0,PRELIMINARY_POINT_BUFFER_PROXY,0.916932044,PRELIMINARY_90M
871,ST020__ST036,20,ST020,시화공업단지[왼쪽부근],36,ST036,시흥시립군자도서관,7436.0,7.436,3.1412046717136963,0.343691843,0.343691843,0.0,0.0,PRELIMINARY_POINT_BUFFER_PROXY,1.683238037,PRELIMINARY_90M
872,ST020__ST037,20,ST020,시화공업단지[왼쪽부근],37,ST037,군자동행정복지센터,5501.0,5.501,3.257775175996918,0.311230757,0.311230757,0.0,0.0,PRELIMINARY_POINT_BUFFER_PROXY,1.3216431,PRELIMINARY_90M
873,ST020__ST038,20,ST020,시화공업단지[왼쪽부근],38,ST038,능곡도서관,11580.0,11.58,2.578108280308316,0.226516953,0.220582071,0.007964472,0.0,PRELIMINARY_POINT_BUFFER_PROXY,3.260868126,PRELIMINARY_90M
874,ST020__ST039,20,ST020,시화공업단지[왼쪽부근],39,ST039,능곡힐스테이트,11678.0,11.678,2.5733262110367985,0.231322196,0.207554509,0.023767687,0.0,PRELIMINARY_POINT_BUFFER_PROXY,3.24725777,PRELIMINARY_90M
875,ST020__ST040,20,ST020,시화공업단지[왼쪽부근],40,ST040,갯골생태공원,8138.0,8.138,2.782118021093496,0.193860177,0.193860177,0.0,0.0,PRELIMINARY_POINT_BUFFER_PROXY,3.838501385,PRELIMINARY_90M
876,ST020__ST041,20,ST020,시화공업단지[왼쪽부근],41,ST041,연꽃테마파크,13495.0,13.495,2.6410173895489404,0.173819481,0.15335923,0.041098126,0.0,PRELIMINARY_POINT_BUFFER_PROXY,3.395905401,PRELIMINARY_90M
877,ST020__ST042,20,ST020,시화공업단지[왼쪽부근],42,ST042,시흥시청역,10011.0,10.011,2.6340964893335266,0.211998424,0.211998424,0.0,0.0,PRELIMINARY_POINT_BUFFER_PROXY,3.464664556,PRELIMINARY_90M
878,ST020__ST043,20,ST020,시화공업단지[왼쪽부근],43,ST043,시흥종합버스터미널,792.0,0.792,2.422886141395766,0.407592084,0.407592084,0.0,0.0,PRELIMINARY_POINT_BUFFER_PROXY,0.610397046,PRELIMINARY_90M
879,ST020__ST044,20,ST020,시화공업단지[왼쪽부근],44,ST044,경기과학기술대학교,406.0,0.406,2.506476981067469,0.352976565,0.352976565,0.0,0.0,PRELIMINARY_POINT_BUFFER_PROXY,1.876973273,PRELIMINARY_90M
880,ST020__ST045,20,ST020,시화공업단지[왼쪽부근],45,ST045,시흥중앙도서관,1373.0,1.373,2.951996349336429,0.38168565,0.38168565,0.0,0.0,PRELIMINARY_POINT_BUFFER_PROXY,0.548337,PRELIMINARY_90M
881,ST020__ST046,20,ST020,시화공업단지[왼쪽부근],46,ST046,배곧1동행정복지센터,5816.0,5.816,3.345020784723044,0.54883893,0.54883893,0.0,0.0,PRELIMINARY_POINT_BUFFER_PROXY,0.722324933,PRELIMINARY_90M
882,ST020__ST047,20,ST020,시화공업단지[왼쪽부근],47,ST047,배곧2동행정복지센터,3980.0,3.98,3.469030866076152,0.615133014,0.615133014,0.0,0.0,PRELIMINARY_POINT_BUFFER_PROXY,0.623427135,PRELIMINARY_90M
883,ST020__ST048,20,ST020,시화공업단지[왼쪽부근],48,ST048,정왕평생학습관 사거리,2009.0,2.009,2.934480706161243,0.546394757,0.546394757,0.0,0.0,PRELIMINARY_POINT_BUFFER_PROXY,0.706491352,PRELIMINARY_90M
884,ST020__ST049,20,ST020,시화공업단지[왼쪽부근],49,ST049,거북섬 웨이브파크 정문,8300.0,8.3,3.096464115950926,0.128758926,0.128758926,0.0,0.0,PRELIMINARY_POINT_BUFFER_PROXY,1.567717024,PRELIMINARY_90M
885,ST020__ST050,20,ST020,시화공업단지[왼쪽부근],50,ST050,시흥한라3차아파트,4182.0,4.182,3.439864281573088,0.633674854,0.633674854,0.0,0.0,PRELIMINARY_POINT_BUFFER_PROXY,0.625603106,PRELIMINARY_90M
886,ST020__ST051,20,ST020,시화공업단지[왼쪽부근],51,ST051,연성중학교,11836.0,11.836,2.804294883522885,0.165890879,0.158340761,0.014571495,0.0,PRELIMINARY_POINT_BUFFER_PROXY,3.445657059,PRELIMINARY_90M
887,ST020__ST052,20,ST020,시화공업단지[왼쪽부근],52,ST052,가온그린공원,8426.0,8.426,2.7010064819127746,0.271456484,0.271456484,0.0,0.0,PRELIMINARY_POINT_BUFFER_PROXY,4.094307675,PRELIMINARY_90M
888,ST020__ST053,20,ST020,시화공업단지[왼쪽부근],53,ST053,오이도 빨강등대,7395.0,7.395,3.1120678507259623,0.184303336,0.119332705,0.064970631,0.0,PRELIMINARY_POINT_BUFFER_PROXY,2.120199184,PRELIMINARY_90M
889,ST020__ST054,20,ST020,시화공업단지[왼쪽부근],54,ST054,시흥 프리미엄 아울렛,8020.0,8.02,3.7501993201548185,0.4009501,0.4009501,0.0,0.0,PRELIMINARY_POINT_BUFFER_PROXY,1.046900617,PRELIMINARY_90M
890,ST020__ST055,20,ST020,시화공업단지[왼쪽부근],55,ST055,해양생태과학관,7845.0,7.845,3.112517680994103,0.111759441,0.111759441,0.0,0.0,PRELIMINARY_POINT_BUFFER_PROXY,1.607476394,PRELIMINARY_90M
891,ST021__ST022,21,ST021,오이도 포구 해양관광 단지,22,ST022,오이도박물관,983.0,0.983,1.6751107429937875,0.54496198,0.0,0.54496198,0.0,PRELIMINARY_POINT_BUFFER_PROXY,4.304877321,PRELIMINARY_90M
892,ST021__ST023,21,ST021,오이도 포구 해양관광 단지,23,ST023,오이도역,5955.0,5.955,3.15826320833615,0.311273482,0.30019066,0.045338256,0.0,PRELIMINARY_POINT_BUFFER_PROXY,0.862008045,PRELIMINARY_90M
893,ST021__ST024,21,ST021,오이도 포구 해양관광 단지,24,ST024,목감고등학교,19758.0,19.758,2.6924026282238867,0.176778492,0.14962387,0.027154622,0.0,PRELIMINARY_POINT_BUFFER_PROXY,3.460371374,PRELIMINARY_90M
894,ST021__ST025,21,ST021,오이도 포구 해양관광 단지,25,ST025,목감동행정복지센터,23567.0,23.567,2.585653305476059,0.149787788,0.146989019,0.018868865,0.0,PRELIMINARY_POINT_BUFFER_PROXY,2.698418566,PRELIMINARY_90M
895,ST021__ST026,21,ST021,오이도 포구 해양관광 단지,26,ST026,은계파크자이,19372.0,19.372,3.049742602135096,0.261752844,0.201846142,0.07239483,0.0,PRELIMINARY_POINT_BUFFER_PROXY,2.361492815,PRELIMINARY_90M
896,ST021__ST027,21,ST021,오이도 포구 해양관광 단지,27,ST027,은행동행정복지센터,17316.0,17.316,3.4623701983215853,0.236594322,0.225383083,0.048267287,0.0,PRELIMINARY_POINT_BUFFER_PROXY,1.899105389,PRELIMINARY_90M
897,ST021__ST028,21,ST021,오이도 포구 해양관광 단지,28,ST028,매화산업단지,18234.0,18.234,2.7716073137341612,0.173516928,0.144095839,0.02942109,0.0,PRELIMINARY_POINT_BUFFER_PROXY,2.701193413,PRELIMINARY_90M
898,ST021__ST029,21,ST021,오이도 포구 해양관광 단지,29,ST029,관곡공원,15779.0,15.779,3.0101958865594396,0.137149874,0.132968168,0.017106769,0.0,PRELIMINARY_POINT_BUFFER_PROXY,1.738343832,PRELIMINARY_90M
899,ST021__ST030,21,ST021,오이도 포구 해양관광 단지,30,ST030,장곡도서관,13221.0,13.221,2.274087119139725,0.271067996,0.266077947,0.020413586,0.0,PRELIMINARY_POINT_BUFFER_PROXY,1.421500125,PRELIMINARY_90M
900,ST021__ST031,21,ST021,오이도 포구 해양관광 단지,31,ST031,마전저수지,9293.0,9.293,3.031251972754875,0.24550113,0.238398194,0.029057106,0.0,PRELIMINARY_POINT_BUFFER_PROXY,2.59903452,PRELIMINARY_90M
901,ST021__ST032,21,ST021,오이도 포구 해양관광 단지,32,ST032,희망공원,3877.0,3.877,2.5776472870139315,0.138295622,0.0,0.138295622,0.0,PRELIMINARY_POINT_BUFFER_PROXY,2.773693265,PRELIMINARY_90M
902,ST021__ST033,21,ST021,오이도 포구 해양관광 단지,33,ST033,타원산업단지,5896.0,5.896,2.0051291254395327,0.090975076,0.0,0.090975076,0.0,PRELIMINARY_POINT_BUFFER_PROXY,1.669667414,PRELIMINARY_90M
903,ST021__ST034,21,ST021,오이도 포구 해양관광 단지,34,ST034,군자디지털과학고등학교,11283.0,11.283,2.511926328675623,0.271074727,0.26522391,0.023934864,0.0,PRELIMINARY_POINT_BUFFER_PROXY,1.347876861,PRELIMINARY_90M
904,ST021__ST035,21,ST021,오이도 포구 해양관광 단지,35,ST035,산들공원,10930.0,10.93,2.551605329445319,0.247666634,0.241627929,0.024703488,0.0,PRELIMINARY_POINT_BUFFER_PROXY,1.336812849,PRELIMINARY_90M
905,ST021__ST036,21,ST021,오이도 포구 해양관광 단지,36,ST036,시흥시립군자도서관,14276.0,14.276,2.9808330589512746,0.119938805,0.082362092,0.037576713,0.0,PRELIMINARY_POINT_BUFFER_PROXY,1.656897526,PRELIMINARY_90M
906,ST021__ST037,21,ST021,오이도 포구 해양관광 단지,37,ST037,군자동행정복지센터,11237.0,11.237,3.2784564129180023,0.32288267,0.317010944,0.024020396,0.0,PRELIMINARY_POINT_BUFFER_PROXY,0.995066461,PRELIMINARY_90M
907,ST021__ST038,21,ST021,오이도 포구 해양관광 단지,38,ST038,능곡도서관,19531.0,19.531,2.477383565200705,0.109265217,0.102368642,0.018537556,0.0,PRELIMINARY_POINT_BUFFER_PROXY,1.887583577,PRELIMINARY_90M
908,ST021__ST039,21,ST021,오이도 포구 해양관광 단지,39,ST039,능곡힐스테이트,19629.0,19.629,2.475033730619554,0.112701791,0.095198302,0.027889425,0.0,PRELIMINARY_POINT_BUFFER_PROXY,1.885881282,PRELIMINARY_90M
909,ST021__ST040,21,ST021,오이도 포구 해양관광 단지,40,ST040,갯골생태공원,12679.0,12.679,2.365986309940982,0.193317489,0.188113287,0.021289655,0.0,PRELIMINARY_POINT_BUFFER_PROXY,1.398367202,PRELIMINARY_90M
910,ST021__ST041,21,ST021,오이도 포구 해양관광 단지,41,ST041,연꽃테마파크,18958.0,18.958,2.5770724859534138,0.119896611,0.101852314,0.043490644,0.0,PRELIMINARY_POINT_BUFFER_PROXY,2.066783076,PRELIMINARY_90M
911,ST021__ST042,21,ST021,오이도 포구 해양관광 단지,42,ST042,시흥시청역,17962.0,17.962,2.4997745797688236,0.090906554,0.087234074,0.015023594,0.0,PRELIMINARY_POINT_BUFFER_PROXY,1.882328561,PRELIMINARY_90M
912,ST021__ST043,21,ST021,오이도 포구 해양관광 단지,43,ST043,시흥종합버스터미널,6933.0,6.933,2.4234188576339304,0.1092334,0.031860253,0.077373148,0.0,PRELIMINARY_POINT_BUFFER_PROXY,1.726597,PRELIMINARY_90M
913,ST021__ST044,21,ST021,오이도 포구 해양관광 단지,44,ST044,경기과학기술대학교,6851.0,6.851,2.278241070460119,0.18968619,0.111387683,0.078298507,0.0,PRELIMINARY_POINT_BUFFER_PROXY,1.751180439,PRELIMINARY_90M
914,ST021__ST045,21,ST021,오이도 포구 해양관광 단지,45,ST045,시흥중앙도서관,5683.0,5.683,3.1106854785594846,0.354343024,0.342731054,0.047502923,0.0,PRELIMINARY_POINT_BUFFER_PROXY,0.685024673,PRELIMINARY_90M
915,ST021__ST046,21,ST021,오이도 포구 해양관광 단지,46,ST046,배곧1동행정복지센터,7042.0,7.042,2.427569715247588,0.267215226,0.257844371,0.038334839,0.0,PRELIMINARY_POINT_BUFFER_PROXY,1.024008484,PRELIMINARY_90M
916,ST021__ST047,21,ST021,오이도 포구 해양관광 단지,47,ST047,배곧2동행정복지센터,3762.0,3.762,2.469042411414725,0.254750012,0.237212965,0.071741573,0.0,PRELIMINARY_POINT_BUFFER_PROXY,1.099645611,PRELIMINARY_90M
917,ST021__ST048,21,ST021,오이도 포구 해양관광 단지,48,ST048,정왕평생학습관 사거리,6488.0,6.488,2.9194215933920336,0.468500047,0.458328592,0.041609985,0.0,PRELIMINARY_POINT_BUFFER_PROXY,0.649691948,PRELIMINARY_90M
918,ST021__ST049,21,ST021,오이도 포구 해양관광 단지,49,ST049,거북섬 웨이브파크 정문,3415.0,3.415,2.0479519266585933,0.213066607,0.05611095,0.156955657,0.0,PRELIMINARY_POINT_BUFFER_PROXY,2.524721128,PRELIMINARY_90M
919,ST021__ST050,21,ST021,오이도 포구 해양관광 단지,50,ST050,시흥한라3차아파트,3800.0,3.8,2.1207887428081897,0.447508062,0.430147843,0.071018199,0.0,PRELIMINARY_POINT_BUFFER_PROXY,0.772975688,PRELIMINARY_90M
920,ST021__ST051,21,ST021,오이도 포구 해양관광 단지,51,ST051,연성중학교,17791.0,17.791,2.4241277019380867,0.137055751,0.12832505,0.024862088,0.0,PRELIMINARY_POINT_BUFFER_PROXY,2.022766925,PRELIMINARY_90M
921,ST021__ST052,21,ST021,오이도 포구 해양관광 단지,52,ST052,가온그린공원,12988.0,12.988,2.2926900646107344,0.249370982,0.244291054,0.020781268,0.0,PRELIMINARY_POINT_BUFFER_PROXY,1.618907718,PRELIMINARY_90M
922,ST021__ST053,21,ST021,오이도 포구 해양관광 단지,53,ST053,오이도 빨강등대,374.0,0.374,1.497751290766831,0.499042777,0.014898499,0.484144278,0.0,PRELIMINARY_POINT_BUFFER_PROXY,2.232582635,PRELIMINARY_90M
923,ST021__ST054,21,ST021,오이도 포구 해양관광 단지,54,ST054,시흥 프리미엄 아울렛,7891.0,7.891,2.4011215965287387,0.202314633,0.193955188,0.034197307,0.0,PRELIMINARY_POINT_BUFFER_PROXY,1.203938599,PRELIMINARY_90M
924,ST021__ST055,21,ST021,오이도 포구 해양관광 단지,55,ST055,해양생태과학관,2960.0,2.96,1.9299976875687086,0.180973235,0.0,0.180973235,0.0,PRELIMINARY_POINT_BUFFER_PROXY,2.778134843,PRELIMINARY_90M
925,ST022__ST023,22,ST022,오이도박물관,23,ST023,오이도역,6145.0,6.145,3.451768155847177,0.187192651,0.187192651,0.0,0.0,PRELIMINARY_POINT_BUFFER_PROXY,1.271537161,PRELIMINARY_90M
926,ST022__ST024,22,ST022,오이도박물관,24,ST024,목감고등학교,19703.0,19.703,2.7370854175799733,0.176879497,0.176879497,0.0,0.0,PRELIMINARY_POINT_BUFFER_PROXY,3.339583501,PRELIMINARY_90M
927,ST022__ST025,22,ST022,오이도박물관,25,ST025,목감동행정복지센터,22022.0,22.022,3.15005190273173,0.145372901,0.145372901,0.007940755,0.0,PRELIMINARY_POINT_BUFFER_PROXY,2.895047457,PRELIMINARY_90M
928,ST022__ST026,22,ST022,오이도박물관,26,ST026,은계파크자이,18726.0,18.726,2.8008813727635293,0.2131924,0.188429982,0.024762418,0.0,PRELIMINARY_POINT_BUFFER_PROXY,2.620434035,PRELIMINARY_90M
929,ST022__ST027,22,ST022,오이도박물관,27,ST027,은행동행정복지센터,17272.0,17.272,3.643913404908578,0.191910863,0.184491966,0.032759357,0.0,PRELIMINARY_POINT_BUFFER_PROXY,2.113285205,PRELIMINARY_90M
930,ST022__ST028,22,ST022,오이도박물관,28,ST028,매화산업단지,18179.0,18.179,2.820257511125228,0.17361703,0.17361703,0.0,0.0,PRELIMINARY_POINT_BUFFER_PROXY,2.564393799,PRELIMINARY_90M
931,ST022__ST029,22,ST022,오이도박물관,29,ST029,관곡공원,15735.0,15.735,3.2082171760772153,0.087833163,0.087833163,0.0,0.0,PRELIMINARY_POINT_BUFFER_PROXY,1.973262516,PRELIMINARY_90M
932,ST022__ST030,22,ST022,오이도박물관,30,ST030,장곡도서관,12415.0,12.415,2.534707979202299,0.178530173,0.178530173,0.0,0.0,PRELIMINARY_POINT_BUFFER_PROXY,2.308524813,PRELIMINARY_90M
933,ST022__ST031,22,ST022,오이도박물관,31,ST031,마전저수지,9249.0,9.249,3.3683490129246234,0.162077697,0.162077697,0.0,0.0,PRELIMINARY_POINT_BUFFER_PROXY,2.998768021,PRELIMINARY_90M
934,ST022__ST032,22,ST022,오이도박물관,32,ST032,희망공원,2894.0,2.894,2.88457420094931,0.0,0.0,0.0,0.0,PRELIMINARY_POINT_BUFFER_PROXY,2.242877844,PRELIMINARY_90M
935,ST022__ST033,22,ST022,오이도박물관,33,ST033,타원산업단지,4913.0,4.913,2.071261974418769,0.0,0.0,0.0,0.0,PRELIMINARY_POINT_BUFFER_PROXY,1.146746424,PRELIMINARY_90M
936,ST022__ST034,22,ST022,오이도박물관,34,ST034,군자디지털과학고등학교,11239.0,11.239,2.7873778759767913,0.202511939,0.202511939,0.0,0.0,PRELIMINARY_POINT_BUFFER_PROXY,1.673263858,PRELIMINARY_90M
937,ST022__ST035,22,ST022,오이도박물관,35,ST035,산들공원,10886.0,10.886,2.836094749599771,0.176800613,0.176800613,0.0,0.0,PRELIMINARY_POINT_BUFFER_PROXY,1.673561815,PRELIMINARY_90M
938,ST022__ST036,22,ST022,오이도박물관,36,ST036,시흥시립군자도서관,13293.0,13.293,3.0775342355685065,0.088461789,0.088461789,0.0,0.0,PRELIMINARY_POINT_BUFFER_PROXY,1.458244994,PRELIMINARY_90M
939,ST022__ST037,22,ST022,오이도박물관,37,ST037,군자동행정복지센터,11358.0,11.358,3.1231643935948163,0.029286142,0.029286142,0.0,0.0,PRELIMINARY_POINT_BUFFER_PROXY,1.250201499,PRELIMINARY_90M
940,ST022__ST038,22,ST022,오이도박물관,38,ST038,능곡도서관,15734.0,15.734,3.1711587092107423,0.19149564,0.18712631,0.005863538,0.0,PRELIMINARY_POINT_BUFFER_PROXY,1.645782853,PRELIMINARY_90M
941,ST022__ST039,22,ST022,오이도박물관,39,ST039,능곡힐스테이트,16119.0,16.119,2.8767569285917025,0.21669545,0.199475198,0.017220252,0.0,PRELIMINARY_POINT_BUFFER_PROXY,2.767784351,PRELIMINARY_90M
942,ST022__ST040,22,ST022,오이도박물관,40,ST040,갯골생태공원,12292.0,12.292,3.4726884803879674,0.160042304,0.160042304,0.0,0.0,PRELIMINARY_POINT_BUFFER_PROXY,1.574024808,PRELIMINARY_90M
943,ST022__ST041,22,ST022,오이도박물관,41,ST041,연꽃테마파크,17905.0,17.905,3.01659397051425,0.139172396,0.123749829,0.030979022,0.0,PRELIMINARY_POINT_BUFFER_PROXY,2.294800011,PRELIMINARY_90M
944,ST022__ST042,22,ST022,오이도박물관,42,ST042,시흥시청역,14452.0,14.452,2.9538945437472273,0.201620513,0.201620513,0.0,0.0,PRELIMINARY_POINT_BUFFER_PROXY,2.862621493,PRELIMINARY_90M
945,ST022__ST043,22,ST022,오이도박물관,43,ST043,시흥종합버스터미널,5950.0,5.95,2.5472433575560016,0.037132252,0.037132252,0.0,0.0,PRELIMINARY_POINT_BUFFER_PROXY,1.30121079,PRELIMINARY_90M
946,ST022__ST044,22,ST022,오이도박물관,44,ST044,경기과학기술대학교,5868.0,5.868,2.379436484924746,0.130076716,0.130076716,0.0,0.0,PRELIMINARY_POINT_BUFFER_PROXY,1.329196574,PRELIMINARY_90M
947,ST022__ST045,22,ST022,오이도박물관,45,ST045,시흥중앙도서관,5639.0,5.639,3.6640196738093724,0.218388661,0.218388661,0.0,0.0,PRELIMINARY_POINT_BUFFER_PROXY,1.321126041,PRELIMINARY_90M
948,ST022__ST046,22,ST022,오이도박물관,46,ST046,배곧1동행정복지센터,7632.0,7.632,2.8793899893338257,0.144096576,0.144096576,0.0,0.0,PRELIMINARY_POINT_BUFFER_PROXY,1.456814235,PRELIMINARY_90M
949,ST022__ST047,22,ST022,오이도박물관,47,ST047,배곧2동행정복지센터,4352.0,4.352,3.2556383357386656,0.040564469,0.040564469,0.0,0.0,PRELIMINARY_POINT_BUFFER_PROXY,1.850197274,PRELIMINARY_90M
950,ST022__ST048,22,ST022,오이도박물관,48,ST048,정왕평생학습관 사거리,6448.0,6.448,3.430556160293327,0.267540036,0.267540036,0.0,0.0,PRELIMINARY_POINT_BUFFER_PROXY,1.248461824,PRELIMINARY_90M
951,ST022__ST049,22,ST022,오이도박물관,49,ST049,거북섬 웨이브파크 정문,2432.0,2.432,2.198773004915802,0.078808855,0.078808855,0.0,0.0,PRELIMINARY_POINT_BUFFER_PROXY,1.80570442,PRELIMINARY_90M
952,ST022__ST050,22,ST022,오이도박물관,50,ST050,시흥한라3차아파트,4574.0,4.574,3.4123151124351194,0.205257775,0.205257775,0.0,0.0,PRELIMINARY_POINT_BUFFER_PROXY,1.596050461,PRELIMINARY_90M
953,ST022__ST051,22,ST022,오이도박물관,51,ST051,연성중학교,16246.0,16.246,3.1739125008850815,0.129857695,0.12435636,0.010617405,0.0,PRELIMINARY_POINT_BUFFER_PROXY,2.216455749,PRELIMINARY_90M
954,ST022__ST052,22,ST022,오이도박물관,52,ST052,가온그린공원,11939.0,11.939,3.074199505815415,0.213624245,0.213624245,0.0,0.0,PRELIMINARY_POINT_BUFFER_PROXY,3.320625774,PRELIMINARY_90M
955,ST022__ST053,22,ST022,오이도박물관,53,ST053,오이도 빨강등대,3692.0,3.692,2.684063160562845,0.131624432,0.001507895,0.130116537,0.0,PRELIMINARY_POINT_BUFFER_PROXY,4.523552075,PRELIMINARY_90M
956,ST022__ST054,22,ST022,오이도박물관,54,ST054,시흥 프리미엄 아울렛,8460.0,8.46,2.856440174871226,0.087101923,0.087101923,0.0,0.0,PRELIMINARY_POINT_BUFFER_PROXY,1.590310318,PRELIMINARY_90M
957,ST022__ST055,22,ST022,오이도박물관,55,ST055,해양생태과학관,1977.0,1.977,2.056726097058233,0.0,0.0,0.0,0.0,PRELIMINARY_POINT_BUFFER_PROXY,2.016046436,PRELIMINARY_90M
958,ST023__ST024,23,ST023,오이도역,24,ST024,목감고등학교,13257.0,13.257,2.2237666874818216,0.156242807,0.156242807,0.0,0.0,PRELIMINARY_POINT_BUFFER_PROXY,4.155520731,PRELIMINARY_90M
959,ST023__ST025,23,ST023,오이도역,25,ST025,목감동행정복지센터,17427.0,17.427,2.81157262201152,0.172715584,0.172715584,0.010032928,0.0,PRELIMINARY_POINT_BUFFER_PROXY,3.196233169,PRELIMINARY_90M
960,ST023__ST026,23,ST023,오이도역,26,ST026,은계파크자이,12280.0,12.28,2.28024325171806,0.209976387,0.172215786,0.037760601,0.0,PRELIMINARY_POINT_BUFFER_PROXY,3.123676829,PRELIMINARY_90M
961,ST023__ST027,23,ST023,오이도역,27,ST027,은행동행정복지센터,12109.0,12.109,2.298317404752473,0.19647333,0.158179635,0.038293696,0.0,PRELIMINARY_POINT_BUFFER_PROXY,3.201751648,PRELIMINARY_90M
962,ST023__ST028,23,ST023,오이도역,28,ST028,매화산업단지,11733.0,11.733,2.286056940327946,0.14851192,0.14851192,0.0,0.0,PRELIMINARY_POINT_BUFFER_PROXY,3.068159669,PRELIMINARY_90M
963,ST023__ST029,23,ST023,오이도역,29,ST029,관곡공원,8419.0,8.419,2.5509242459209656,0.072897838,0.072897838,0.0,0.0,PRELIMINARY_POINT_BUFFER_PROXY,3.559452918,PRELIMINARY_90M
964,ST023__ST030,23,ST023,오이도역,30,ST030,장곡도서관,6897.0,6.897,1.3622999408685186,0.193012198,0.193012198,0.0,0.0,PRELIMINARY_POINT_BUFFER_PROXY,2.841051121,PRELIMINARY_90M
965,ST023__ST031,23,ST023,오이도역,31,ST031,마전저수지,3731.0,3.731,2.433467062881194,0.164525975,0.164525975,0.0,0.0,PRELIMINARY_POINT_BUFFER_PROXY,5.004986189,PRELIMINARY_90M
966,ST023__ST032,23,ST023,오이도역,32,ST032,희망공원,4753.0,4.753,3.3059758975034406,0.337259679,0.337259679,0.0,0.0,PRELIMINARY_POINT_BUFFER_PROXY,0.950310486,PRELIMINARY_90M
967,ST023__ST033,23,ST023,오이도역,33,ST033,타원산업단지,7209.0,7.209,2.595996605722783,0.210133722,0.210133722,0.0,0.0,PRELIMINARY_POINT_BUFFER_PROXY,1.311515284,PRELIMINARY_90M
968,ST023__ST034,23,ST023,오이도역,34,ST034,군자디지털과학고등학교,5721.0,5.721,1.6171564960054718,0.243107021,0.243107021,0.0,0.0,PRELIMINARY_POINT_BUFFER_PROXY,1.702079171,PRELIMINARY_90M
969,ST023__ST035,23,ST023,오이도역,35,ST035,산들공원,5368.0,5.368,1.6394358943294012,0.193630337,0.193630337,0.0,0.0,PRELIMINARY_POINT_BUFFER_PROXY,1.70575784,PRELIMINARY_90M
970,ST023__ST036,23,ST023,오이도역,36,ST036,시흥시립군자도서관,5986.0,5.986,1.6736800636760731,0.276782237,0.276782237,0.0,0.0,PRELIMINARY_POINT_BUFFER_PROXY,2.065866617,PRELIMINARY_90M
971,ST023__ST037,23,ST023,오이도역,37,ST037,군자동행정복지센터,6462.0,6.462,1.6240566097265439,0.330054651,0.330054651,0.0,0.0,PRELIMINARY_POINT_BUFFER_PROXY,2.003670039,PRELIMINARY_90M
972,ST023__ST038,23,ST023,오이도역,38,ST038,능곡도서관,9575.0,9.575,2.2692691945699313,0.208971772,0.201794991,0.009631072,0.0,PRELIMINARY_POINT_BUFFER_PROXY,3.52890024,PRELIMINARY_90M
973,ST023__ST039,23,ST023,오이도역,39,ST039,능곡힐스테이트,9673.0,9.673,2.2665803858440565,0.214947692,0.186256176,0.028691516,0.0,PRELIMINARY_POINT_BUFFER_PROXY,3.508931943,PRELIMINARY_90M
974,ST023__ST040,23,ST023,오이도역,40,ST040,갯골생태공원,6133.0,6.133,2.36628959089785,0.155771092,0.155771092,0.0,0.0,PRELIMINARY_POINT_BUFFER_PROXY,4.437415204,PRELIMINARY_90M
975,ST023__ST041,23,ST023,오이도역,41,ST041,연꽃테마파크,11410.0,11.41,2.196818980893119,0.231551759,0.217767264,0.047741475,0.0,PRELIMINARY_POINT_BUFFER_PROXY,3.873480017,PRELIMINARY_90M
976,ST023__ST042,23,ST023,오이도역,42,ST042,시흥시청역,8006.0,8.006,2.2786233454022335,0.187372988,0.187372988,0.0,0.0,PRELIMINARY_POINT_BUFFER_PROXY,3.835488247,PRELIMINARY_90M
977,ST023__ST043,23,ST023,오이도역,43,ST043,시흥종합버스터미널,3313.0,3.313,2.7164508036729917,0.671309327,0.671309327,0.0,0.0,PRELIMINARY_POINT_BUFFER_PROXY,0.436993285,PRELIMINARY_90M
978,ST023__ST044,23,ST023,오이도역,44,ST044,경기과학기술대학교,4049.0,4.049,2.797259496141456,0.688072873,0.688072873,0.0,0.0,PRELIMINARY_POINT_BUFFER_PROXY,0.724665426,PRELIMINARY_90M
979,ST023__ST045,23,ST023,오이도역,45,ST045,시흥중앙도서관,2748.0,2.748,2.70513027610012,0.678227446,0.678227446,0.0,0.0,PRELIMINARY_POINT_BUFFER_PROXY,0.429037868,PRELIMINARY_90M
980,ST023__ST046,23,ST023,오이도역,46,ST046,배곧1동행정복지센터,2045.0,2.045,2.389760491642425,0.684570888,0.684570888,0.0,0.0,PRELIMINARY_POINT_BUFFER_PROXY,0.792332511,PRELIMINARY_90M
981,ST023__ST047,23,ST023,오이도역,47,ST047,배곧2동행정복지센터,3445.0,3.445,3.720252557069112,0.68437309,0.68437309,0.0,0.0,PRELIMINARY_POINT_BUFFER_PROXY,1.070800265,PRELIMINARY_90M
982,ST023__ST048,23,ST023,오이도역,48,ST048,정왕평생학습관 사거리,2744.0,2.744,3.0,0.805831223,0.805831223,0.0,0.0,PRELIMINARY_POINT_BUFFER_PROXY,0.39213366,PRELIMINARY_90M
983,ST023__ST049,23,ST023,오이도역,49,ST049,거북섬 웨이브파크 정문,8682.0,8.682,3.3503340740955077,0.226850983,0.226850983,0.0,0.0,PRELIMINARY_POINT_BUFFER_PROXY,1.531386353,PRELIMINARY_90M
984,ST023__ST050,23,ST023,오이도역,50,ST050,시흥한라3차아파트,2437.0,2.437,2.465689120443457,0.635532393,0.635532393,0.0,0.0,PRELIMINARY_POINT_BUFFER_PROXY,0.755387488,PRELIMINARY_90M
985,ST023__ST051,23,ST023,오이도역,51,ST051,연성중학교,8807.0,8.807,2.366674760791399,0.252929573,0.242785227,0.019578275,0.0,PRELIMINARY_POINT_BUFFER_PROXY,4.23939879,PRELIMINARY_90M
986,ST023__ST052,23,ST023,오이도역,52,ST052,가온그린공원,6421.0,6.421,2.2786022006559326,0.259309932,0.259309932,0.0,0.0,PRELIMINARY_POINT_BUFFER_PROXY,4.760544025,PRELIMINARY_90M
987,ST023__ST053,23,ST023,오이도역,53,ST053,오이도 빨강등대,7777.0,7.777,3.394685268486207,0.291043366,0.22930015,0.061743216,0.0,PRELIMINARY_POINT_BUFFER_PROXY,2.063935872,PRELIMINARY_90M
988,ST023__ST054,23,ST023,오이도역,54,ST054,시흥 프리미엄 아울렛,4175.0,4.175,3.62850171203835,0.340947009,0.340947009,0.0,0.0,PRELIMINARY_POINT_BUFFER_PROXY,1.34126926,PRELIMINARY_90M
989,ST023__ST055,23,ST023,오이도역,55,ST055,해양생태과학관,8227.0,8.227,3.3796219383463817,0.216054457,0.216054457,0.0,0.0,PRELIMINARY_POINT_BUFFER_PROXY,1.566590717,PRELIMINARY_90M
990,ST024__ST025,24,ST024,목감고등학교,25,ST025,목감동행정복지센터,1561.0,1.561,2.1480533485120725,0.815690328,0.815690328,0.023517001,0.0,PRELIMINARY_POINT_BUFFER_PROXY,2.460306204,PRELIMINARY_90M
991,ST024__ST026,24,ST024,목감고등학교,26,ST026,은계파크자이,12528.0,12.528,2.091329895244567,0.201331245,0.164309034,0.037022211,0.0,PRELIMINARY_POINT_BUFFER_PROXY,3.59665048,PRELIMINARY_90M
992,ST024__ST027,24,ST024,목감고등학교,27,ST027,은행동행정복지센터,12357.0,12.357,2.1064315690594175,0.187976257,0.150441738,0.037534519,0.0,PRELIMINARY_POINT_BUFFER_PROXY,3.681477696,PRELIMINARY_90M
993,ST024__ST028,24,ST024,목감고등학교,28,ST028,매화산업단지,7811.0,7.811,2.7351304155275447,0.323695592,0.319573933,0.070790226,0.0,PRELIMINARY_POINT_BUFFER_PROXY,3.168264669,PRELIMINARY_90M
994,ST024__ST029,24,ST024,목감고등학교,29,ST029,관곡공원,7813.0,7.813,2.2813845626388716,0.071294065,0.071294065,0.0,0.0,PRELIMINARY_POINT_BUFFER_PROXY,4.420422919,PRELIMINARY_90M
995,ST024__ST030,24,ST024,목감고등학교,30,ST030,장곡도서관,8431.0,8.431,2.07834127497437,0.199652452,0.199652452,0.0,0.0,PRELIMINARY_POINT_BUFFER_PROXY,3.812964679,PRELIMINARY_90M
996,ST024__ST031,24,ST024,목감고등학교,31,ST031,마전저수지,10238.0,10.238,2.196470908575251,0.137899481,0.137899481,0.0,0.0,PRELIMINARY_POINT_BUFFER_PROXY,4.428390819,PRELIMINARY_90M
997,ST024__ST032,24,ST024,목감고등학교,32,ST032,희망공원,17055.0,17.055,2.391917398002593,0.135616559,0.135616559,0.0,0.0,PRELIMINARY_POINT_BUFFER_PROXY,3.874965792,PRELIMINARY_90M
998,ST024__ST033,24,ST024,목감고등학교,33,ST033,타원산업단지,16918.0,16.918,2.4533541547589595,0.16924316,0.16924316,0.0,0.0,PRELIMINARY_POINT_BUFFER_PROXY,3.868487998,PRELIMINARY_90M
999,ST024__ST034,24,ST024,목감고등학교,34,ST034,군자디지털과학고등학교,11593.0,11.593,2.597756645360384,0.242340239,0.242340239,0.0,0.0,PRELIMINARY_POINT_BUFFER_PROXY,3.68018367,PRELIMINARY_90M
1000,ST024__ST035,24,ST024,목감고등학교,35,ST035,산들공원,11240.0,11.24,2.63901293879902,0.218685381,0.218685381,0.0,0.0,PRELIMINARY_POINT_BUFFER_PROXY,3.741876975,PRELIMINARY_90M
1001,ST024__ST036,24,ST024,목감고등학교,36,ST036,시흥시립군자도서관,10632.0,10.632,2.673897257658323,0.174011145,0.174011145,0.0,0.0,PRELIMINARY_POINT_BUFFER_PROXY,3.659823053,PRELIMINARY_90M
1002,ST024__ST037,24,ST024,목감고등학교,37,ST037,군자동행정복지센터,11108.0,11.108,2.6021730494863746,0.209403637,0.209403637,0.0,0.0,PRELIMINARY_POINT_BUFFER_PROXY,3.555315612,PRELIMINARY_90M
1003,ST024__ST038,24,ST024,목감고등학교,38,ST038,능곡도서관,7850.0,7.85,2.146106578757132,0.134809985,0.126052119,0.011752849,0.0,PRELIMINARY_POINT_BUFFER_PROXY,4.175710595,PRELIMINARY_90M
1004,ST024__ST039,24,ST024,목감고등학교,39,ST039,능곡힐스테이트,6775.0,6.775,2.106389481815986,0.233197987,0.187967838,0.048701916,0.0,PRELIMINARY_POINT_BUFFER_PROXY,3.943263717,PRELIMINARY_90M
1005,ST024__ST040,24,ST024,목감고등학교,40,ST040,갯골생태공원,8768.0,8.768,2.0062479519075405,0.161427339,0.161427339,0.0,0.0,PRELIMINARY_POINT_BUFFER_PROXY,3.733294024,PRELIMINARY_90M
1006,ST024__ST041,24,ST024,목감고등학교,41,ST041,연꽃테마파크,6620.0,6.62,2.1088538684731546,0.256634362,0.232869828,0.08230653,0.0,PRELIMINARY_POINT_BUFFER_PROXY,2.729827706,PRELIMINARY_90M
1007,ST024__ST042,24,ST024,목감고등학교,42,ST042,시흥시청역,6281.0,6.281,2.1271874680066416,0.088684673,0.088684673,0.0,0.0,PRELIMINARY_POINT_BUFFER_PROXY,4.732925624,PRELIMINARY_90M
1008,ST024__ST043,24,ST024,목감고등학교,43,ST043,시흥종합버스터미널,14593.0,14.593,2.4143476887586584,0.148706628,0.148706628,0.0,0.0,PRELIMINARY_POINT_BUFFER_PROXY,4.351475257,PRELIMINARY_90M
1009,ST024__ST044,24,ST024,목감고등학교,44,ST044,경기과학기술대학교,15329.0,15.329,2.4502265402585843,0.178263083,0.178263083,0.0,0.0,PRELIMINARY_POINT_BUFFER_PROXY,4.239655915,PRELIMINARY_90M
1010,ST024__ST045,24,ST024,목감고등학교,45,ST045,시흥중앙도서관,14094.0,14.094,2.3811894404821903,0.152913481,0.152913481,0.0,0.0,PRELIMINARY_POINT_BUFFER_PROXY,4.492773174,PRELIMINARY_90M
1011,ST024__ST046,24,ST024,목감고등학교,46,ST046,배곧1동행정복지센터,14198.0,14.198,2.307815181281656,0.193719036,0.193719036,0.0,0.0,PRELIMINARY_POINT_BUFFER_PROXY,2.901274811,PRELIMINARY_90M
1012,ST024__ST047,24,ST024,목감고등학교,47,ST047,배곧2동행정복지센터,16624.0,16.624,2.3105869021332817,0.152964994,0.152964994,0.0,0.0,PRELIMINARY_POINT_BUFFER_PROXY,2.651031614,PRELIMINARY_90M
1013,ST024__ST048,24,ST024,목감고등학교,48,ST048,정왕평생학습관 사거리,13934.0,13.934,2.409523315191766,0.165536283,0.165536283,0.0,0.0,PRELIMINARY_POINT_BUFFER_PROXY,4.513245344,PRELIMINARY_90M
1014,ST024__ST049,24,ST024,목감고등학교,49,ST049,거북섬 웨이브파크 정문,21591.0,21.591,2.8165489215885158,0.1533729,0.1533729,0.0,0.0,PRELIMINARY_POINT_BUFFER_PROXY,2.469291604,PRELIMINARY_90M
1015,ST024__ST050,24,ST024,목감고등학교,50,ST050,시흥한라3차아파트,15648.0,15.648,2.667319135323317,0.189316905,0.189316905,0.0,0.0,PRELIMINARY_POINT_BUFFER_PROXY,2.751695554,PRELIMINARY_90M
1016,ST024__ST051,24,ST024,목감고등학교,51,ST051,연성중학교,5421.0,5.421,2.131002869348733,0.286117824,0.286117824,0.073213062,0.0,PRELIMINARY_POINT_BUFFER_PROXY,3.183231796,PRELIMINARY_90M
1017,ST024__ST052,24,ST024,목감고등학교,52,ST052,가온그린공원,7911.0,7.911,2.0834857625828795,0.178828181,0.178828181,0.0,0.0,PRELIMINARY_POINT_BUFFER_PROXY,3.951617974,PRELIMINARY_90M
1018,ST024__ST053,24,ST024,목감고등학교,53,ST053,오이도 빨강등대,20686.0,20.686,2.809883633317229,0.174301206,0.151080424,0.023220782,0.0,PRELIMINARY_POINT_BUFFER_PROXY,2.705911763,PRELIMINARY_90M
1019,ST024__ST054,24,ST024,목감고등학교,54,ST054,시흥 프리미엄 아울렛,12597.0,12.597,2.221994583909126,0.144148794,0.144148794,0.0,0.0,PRELIMINARY_POINT_BUFFER_PROXY,3.146914156,PRELIMINARY_90M
1020,ST024__ST055,24,ST024,목감고등학교,55,ST055,해양생태과학관,21136.0,21.136,2.8165009077344,0.14759215,0.14759215,0.0,0.0,PRELIMINARY_POINT_BUFFER_PROXY,2.503167612,PRELIMINARY_90M
1021,ST025__ST026,25,ST025,목감동행정복지센터,26,ST026,은계파크자이,11962.0,11.962,2.1339656225188346,0.184924391,0.143341479,0.059398986,0.0,PRELIMINARY_POINT_BUFFER_PROXY,3.613948828,PRELIMINARY_90M
1022,ST025__ST027,25,ST025,목감동행정복지센터,27,ST027,은행동행정복지센터,11791.0,11.791,2.1504100554988375,0.170690801,0.128504866,0.060260373,0.0,PRELIMINARY_POINT_BUFFER_PROXY,3.700550705,PRELIMINARY_90M
1023,ST025__ST028,25,ST025,목감동행정복지센터,28,ST028,매화산업단지,6878.0,6.878,2.8903708674922335,0.271201217,0.266520768,0.103849183,0.0,PRELIMINARY_POINT_BUFFER_PROXY,3.071832764,PRELIMINARY_90M
1024,ST025__ST029,25,ST025,목감동행정복지센터,29,ST029,관곡공원,7247.0,7.247,2.3666145151496805,0.03405396,0.029414561,0.03405396,0.0,PRELIMINARY_POINT_BUFFER_PROXY,4.523781929,PRELIMINARY_90M
1025,ST025__ST030,25,ST025,목감동행정복지센터,30,ST030,장곡도서관,7865.0,7.865,2.142262429308918,0.174574372,0.170299885,0.03137545,0.0,PRELIMINARY_POINT_BUFFER_PROXY,3.847306972,PRELIMINARY_90M
1026,ST025__ST031,25,ST025,목감동행정복지센터,31,ST031,마전저수지,9672.0,9.672,2.255346999795927,0.113899704,0.110424545,0.025508246,0.0,PRELIMINARY_POINT_BUFFER_PROXY,4.494392828,PRELIMINARY_90M
1027,ST025__ST032,25,ST025,목감동행정복지센터,32,ST032,희망공원,16489.0,16.489,2.4331621445672034,0.121458809,0.119420112,0.014964371,0.0,PRELIMINARY_POINT_BUFFER_PROXY,3.897445899,PRELIMINARY_90M
1028,ST025__ST033,25,ST025,목감동행정복지센터,33,ST033,타원산업단지,16352.0,16.352,2.4970750571449134,0.156128518,0.154072495,0.01509155,0.0,PRELIMINARY_POINT_BUFFER_PROXY,3.888715131,PRELIMINARY_90M
1029,ST025__ST034,25,ST025,목감동행정복지센터,34,ST034,군자디지털과학고등학교,11027.0,11.027,2.6700129419572725,0.226639869,0.223590409,0.022383542,0.0,PRELIMINARY_POINT_BUFFER_PROXY,3.697276312,PRELIMINARY_90M
1030,ST025__ST035,25,ST025,목감동행정복지센터,35,ST035,산들공원,10674.0,10.674,2.715831427294401,0.201215069,0.198065356,0.023119418,0.0,PRELIMINARY_POINT_BUFFER_PROXY,3.762887945,PRELIMINARY_90M
1031,ST025__ST036,25,ST025,목감동행정복지센터,36,ST036,시흥시립군자도서관,10066.0,10.066,2.757315604469281,0.152974892,0.149634962,0.024515644,0.0,PRELIMINARY_POINT_BUFFER_PROXY,3.675575768,PRELIMINARY_90M
1032,ST025__ST037,25,ST025,목감동행정복지센터,37,ST037,군자동행정복지센터,10542.0,10.542,2.677976019793385,0.191216527,0.188027388,0.023408808,0.0,PRELIMINARY_POINT_BUFFER_PROXY,3.563256057,PRELIMINARY_90M
1033,ST025__ST038,25,ST025,목감동행정복지센터,38,ST038,능곡도서관,6274.0,6.274,2.2598427372065113,0.114598785,0.098278462,0.054041431,0.0,PRELIMINARY_POINT_BUFFER_PROXY,3.90420797,PRELIMINARY_90M
1034,ST025__ST039,25,ST025,목감동행정복지센터,39,ST039,능곡힐스테이트,6209.0,6.209,2.1899140393600325,0.204488062,0.149722289,0.092882671,0.0,PRELIMINARY_POINT_BUFFER_PROXY,3.994189215,PRELIMINARY_90M
1035,ST025__ST040,25,ST025,목감동행정복지센터,40,ST040,갯골생태공원,8202.0,8.202,2.062584032392724,0.134736463,0.130636588,0.030093759,0.0,PRELIMINARY_POINT_BUFFER_PROXY,3.757341803,PRELIMINARY_90M
1036,ST025__ST041,25,ST025,목감동행정복지센터,41,ST041,연꽃테마파크,6054.0,6.054,2.1947241513999223,0.22938676,0.197850453,0.130745712,0.0,PRELIMINARY_POINT_BUFFER_PROXY,2.664553727,PRELIMINARY_90M
1037,ST025__ST042,25,ST025,목감동행정복지센터,42,ST042,시흥시청역,5715.0,5.715,2.220000001279592,0.043183038,0.037299924,0.043183038,0.0,PRELIMINARY_POINT_BUFFER_PROXY,4.879937643,PRELIMINARY_90M
1038,ST025__ST043,25,ST025,목감동행정복지센터,43,ST043,시흥종합버스터미널,14027.0,14.027,2.463734998088591,0.132592237,0.130195772,0.017590455,0.0,PRELIMINARY_POINT_BUFFER_PROXY,4.393760876,PRELIMINARY_90M
1039,ST025__ST044,25,ST025,목감동행정복지센터,44,ST044,경기과학기술대학교,14763.0,14.763,2.4985230078121674,0.164085589,0.16180876,0.016712304,0.0,PRELIMINARY_POINT_BUFFER_PROXY,4.276737693,PRELIMINARY_90M
1040,ST025__ST045,25,ST025,목감동행정복지센터,45,ST045,시흥중앙도서관,13528.0,13.528,2.431006880729086,0.136382282,0.133897672,0.018237446,0.0,PRELIMINARY_POINT_BUFFER_PROXY,4.540212749,PRELIMINARY_90M
1041,ST025__ST046,25,ST025,목감동행정복지센터,46,ST046,배곧1동행정복지센터,13632.0,13.632,2.3542054921303457,0.179007888,0.176542374,0.018097282,0.0,PRELIMINARY_POINT_BUFFER_PROXY,2.883214103,PRELIMINARY_90M
1042,ST025__ST047,25,ST025,목감동행정복지센터,47,ST047,배곧2동행정복지센터,16058.0,16.058,2.350066404904267,0.139040922,0.136947887,0.015363229,0.0,PRELIMINARY_POINT_BUFFER_PROXY,2.624910101,PRELIMINARY_90M
1043,ST025__ST048,25,ST025,목감동행정복지센터,48,ST048,정왕평생학습관 사거리,13368.0,13.368,2.4611439648232616,0.149338766,0.146824023,0.018458627,0.0,PRELIMINARY_POINT_BUFFER_PROXY,4.564651858,PRELIMINARY_90M
1044,ST025__ST049,25,ST025,목감동행정복지센터,49,ST049,거북섬 웨이브파크 정문,21025.0,21.025,2.8603019857122054,0.142751783,0.141153591,0.011730994,0.0,PRELIMINARY_POINT_BUFFER_PROXY,2.441626685,PRELIMINARY_90M
1045,ST025__ST050,25,ST025,목감동행정복지센터,50,ST050,시흥한라3차아파트,15082.0,15.082,2.7227274086824176,0.175855904,0.173627574,0.016356315,0.0,PRELIMINARY_POINT_BUFFER_PROXY,2.730086926,PRELIMINARY_90M
1046,ST025__ST051,25,ST025,목감동행정복지센터,51,ST051,연성중학교,4855.0,4.855,2.2406696427083874,0.255573087,0.248649808,0.132560721,0.0,PRELIMINARY_POINT_BUFFER_PROXY,3.153385578,PRELIMINARY_90M
1047,ST025__ST052,25,ST025,목감동행정복지센터,52,ST052,가온그린공원,7345.0,7.345,2.1523239745186866,0.150372603,0.145795802,0.033594487,0.0,PRELIMINARY_POINT_BUFFER_PROXY,4.001952969,PRELIMINARY_90M
1048,ST025__ST053,25,ST025,목감동행정복지센터,53,ST053,오이도 빨강등대,20120.0,20.12,2.8554167031295563,0.163790677,0.138247256,0.036131836,0.0,PRELIMINARY_POINT_BUFFER_PROXY,2.688815563,PRELIMINARY_90M
1049,ST025__ST054,25,ST025,목감동행정복지센터,54,ST054,시흥 프리미엄 아울렛,12031.0,12.031,2.2705164444758563,0.12515251,0.122359322,0.020502469,0.0,PRELIMINARY_POINT_BUFFER_PROXY,3.138876899,PRELIMINARY_90M
1050,ST025__ST055,25,ST025,목감동행정복지센터,55,ST055,해양생태과학관,20570.0,20.57,2.86121721659983,0.136577987,0.134944562,0.011989611,0.0,PRELIMINARY_POINT_BUFFER_PROXY,2.475824215,PRELIMINARY_90M
1051,ST026__ST027,26,ST026,은계파크자이,27,ST027,은행동행정복지센터,457.0,0.457,1.0,0.754632796,0.754632796,0.0,0.0,PRELIMINARY_POINT_BUFFER_PROXY,1.276801074,PRELIMINARY_90M
1052,ST026__ST028,26,ST026,은계파크자이,28,ST028,매화산업단지,3710.0,3.71,2.0137289994067236,0.230217732,0.230217732,0.0,0.0,PRELIMINARY_POINT_BUFFER_PROXY,2.364000529,PRELIMINARY_90M
1053,ST026__ST029,26,ST026,은계파크자이,29,ST029,관곡공원,6175.0,6.175,2.002908151887456,0.217079342,0.217079342,0.0,0.0,PRELIMINARY_POINT_BUFFER_PROXY,1.735808496,PRELIMINARY_90M
1054,ST026__ST030,26,ST026,은계파크자이,30,ST030,장곡도서관,9910.0,9.91,2.16801989739041,0.24891517,0.24891517,0.0,0.0,PRELIMINARY_POINT_BUFFER_PROXY,1.805942881,PRELIMINARY_90M
1055,ST026__ST031,26,ST026,은계파크자이,31,ST031,마전저수지,9634.0,9.634,2.3852072239154096,0.139069702,0.139069702,0.0,0.0,PRELIMINARY_POINT_BUFFER_PROXY,2.456527444,PRELIMINARY_90M
1056,ST026__ST032,26,ST026,은계파크자이,32,ST032,희망공원,17197.0,17.197,2.810783038039685,0.150101097,0.150101097,0.0,0.0,PRELIMINARY_POINT_BUFFER_PROXY,2.671275059,PRELIMINARY_90M
1057,ST026__ST033,26,ST026,은계파크자이,33,ST033,타원산업단지,16434.0,16.434,2.583471886082176,0.147783407,0.147783407,0.0,0.0,PRELIMINARY_POINT_BUFFER_PROXY,2.681163662,PRELIMINARY_90M
1058,ST026__ST034,26,ST026,은계파크자이,34,ST034,군자디지털과학고등학교,13344.0,13.344,2.176815194380218,0.177831234,0.177831234,0.0,0.0,PRELIMINARY_POINT_BUFFER_PROXY,2.453541671,PRELIMINARY_90M
1059,ST026__ST035,26,ST026,은계파크자이,35,ST035,산들공원,12991.0,12.991,2.201134906444778,0.155626717,0.155626717,0.0,0.0,PRELIMINARY_POINT_BUFFER_PROXY,2.475261627,PRELIMINARY_90M
1060,ST026__ST036,26,ST026,은계파크자이,36,ST036,시흥시립군자도서관,13254.0,13.254,2.645017745356628,0.172222094,0.172222094,0.0,0.0,PRELIMINARY_POINT_BUFFER_PROXY,2.366859705,PRELIMINARY_90M
1061,ST026__ST037,26,ST026,은계파크자이,37,ST037,군자동행정복지센터,13730.0,13.73,2.588003884782979,0.200911641,0.200911641,0.0,0.0,PRELIMINARY_POINT_BUFFER_PROXY,2.325990331,PRELIMINARY_90M
1062,ST026__ST038,26,ST026,은계파크자이,38,ST038,능곡도서관,9348.0,9.348,2.2332370139404776,0.196951609,0.189597904,0.009868499,0.0,PRELIMINARY_POINT_BUFFER_PROXY,1.978875946,PRELIMINARY_90M
1063,ST026__ST039,26,ST026,은계파크자이,39,ST039,능곡힐스테이트,9446.0,9.446,2.230851179550346,0.203196298,0.173804709,0.02939159,0.0,PRELIMINARY_POINT_BUFFER_PROXY,1.973949092,PRELIMINARY_90M
1064,ST026__ST040,26,ST026,은계파크자이,40,ST040,갯골생태공원,7430.0,7.43,2.258596133098155,0.180341115,0.180341115,0.0,0.0,PRELIMINARY_POINT_BUFFER_PROXY,1.420352121,PRELIMINARY_90M
1065,ST026__ST041,26,ST026,은계파크자이,41,ST041,연꽃테마파크,9366.0,9.366,2.0139460598089474,0.222913602,0.193421536,0.059240165,0.0,PRELIMINARY_POINT_BUFFER_PROXY,2.43890326,PRELIMINARY_90M
1066,ST026__ST042,26,ST026,은계파크자이,42,ST042,시흥시청역,7779.0,7.779,2.235582588000752,0.172282193,0.172282193,0.0,0.0,PRELIMINARY_POINT_BUFFER_PROXY,1.980521819,PRELIMINARY_90M
1067,ST026__ST043,26,ST026,은계파크자이,43,ST043,시흥종합버스터미널,14109.0,14.109,2.564547297042144,0.123008822,0.123008822,0.0,0.0,PRELIMINARY_POINT_BUFFER_PROXY,2.984753906,PRELIMINARY_90M
1068,ST026__ST044,26,ST026,은계파크자이,44,ST044,경기과학기술대학교,14845.0,14.845,2.5941396992716417,0.154805612,0.154805612,0.0,0.0,PRELIMINARY_POINT_BUFFER_PROXY,2.937739661,PRELIMINARY_90M
1069,ST026__ST045,26,ST026,은계파크자이,45,ST045,시흥중앙도서관,13517.0,13.517,2.5653305174190235,0.155231661,0.155231661,0.0,0.0,PRELIMINARY_POINT_BUFFER_PROXY,3.086859824,PRELIMINARY_90M
1070,ST026__ST046,26,ST026,은계파크자이,46,ST046,배곧1동행정복지센터,13712.0,13.712,2.458625338398342,0.168901254,0.168901254,0.0,0.0,PRELIMINARY_POINT_BUFFER_PROXY,1.437103912,PRELIMINARY_90M
1071,ST026__ST047,26,ST026,은계파크자이,47,ST047,배곧2동행정복지센터,16138.0,16.138,2.43880861134086,0.130649592,0.130649592,0.0,0.0,PRELIMINARY_POINT_BUFFER_PROXY,1.396604178,PRELIMINARY_90M
1072,ST026__ST048,26,ST026,은계파크자이,48,ST048,정왕평생학습관 사거리,13450.0,13.45,2.566917421664298,0.139184046,0.139184046,0.0,0.0,PRELIMINARY_POINT_BUFFER_PROXY,3.085210412,PRELIMINARY_90M
1073,ST026__ST049,26,ST026,은계파크자이,49,ST049,거북섬 웨이브파크 정문,20465.0,20.465,2.7536338876048894,0.128809489,0.128809489,0.0,0.0,PRELIMINARY_POINT_BUFFER_PROXY,2.531339545,PRELIMINARY_90M
1074,ST026__ST050,26,ST026,은계파크자이,50,ST050,시흥한라3차아파트,14694.0,14.694,2.4658116231388947,0.157315842,0.157315842,0.0,0.0,PRELIMINARY_POINT_BUFFER_PROXY,2.792020542,PRELIMINARY_90M
1075,ST026__ST051,26,ST026,은계파크자이,51,ST051,연성중학교,7587.0,7.587,2.103109787779251,0.27255464,0.260774295,0.022735702,0.0,PRELIMINARY_POINT_BUFFER_PROXY,2.31844097,PRELIMINARY_90M
1076,ST026__ST052,26,ST026,은계파크자이,52,ST052,가온그린공원,9390.0,9.39,2.177315992784442,0.234095551,0.234095551,0.0,0.0,PRELIMINARY_POINT_BUFFER_PROXY,1.812583899,PRELIMINARY_90M
1077,ST026__ST053,26,ST026,은계파크자이,53,ST053,오이도 빨강등대,19560.0,19.56,2.7436729916103246,0.14981047,0.125248232,0.024562238,0.0,PRELIMINARY_POINT_BUFFER_PROXY,2.785041735,PRELIMINARY_90M
1078,ST026__ST054,26,ST026,은계파크자이,54,ST054,시흥 프리미엄 아울렛,12111.0,12.111,2.3892699855491073,0.114063193,0.114063193,0.0,0.0,PRELIMINARY_POINT_BUFFER_PROXY,1.500078094,PRELIMINARY_90M
1079,ST026__ST055,26,ST026,은계파크자이,55,ST055,해양생태과학관,20010.0,20.01,2.752157040409683,0.122145529,0.122145529,0.0,0.0,PRELIMINARY_POINT_BUFFER_PROXY,2.568517988,PRELIMINARY_90M
1080,ST027__ST028,27,ST027,은행동행정복지센터,28,ST028,매화산업단지,4046.0,4.046,2.177258890186534,0.235801443,0.235801443,0.0,0.0,PRELIMINARY_POINT_BUFFER_PROXY,2.540050863,PRELIMINARY_90M
1081,ST027__ST029,27,ST027,은행동행정복지센터,29,ST029,관곡공원,6511.0,6.511,2.105093847144432,0.221221899,0.221221899,0.0,0.0,PRELIMINARY_POINT_BUFFER_PROXY,1.86056218,PRELIMINARY_90M
1082,ST027__ST030,27,ST027,은행동행정복지센터,30,ST030,장곡도서관,10246.0,10.246,2.2275739708934226,0.250512017,0.250512017,0.0,0.0,PRELIMINARY_POINT_BUFFER_PROXY,1.889500259,PRELIMINARY_90M
1083,ST027__ST031,27,ST027,은행동행정복지센터,31,ST031,마전저수지,9970.0,9.97,2.439129741416626,0.144378702,0.144378702,0.0,0.0,PRELIMINARY_POINT_BUFFER_PROXY,2.509305264,PRELIMINARY_90M
1084,ST027__ST032,27,ST027,은행동행정복지센터,32,ST032,희망공원,17413.0,17.413,2.8264849467220805,0.174782845,0.174782845,0.0,0.0,PRELIMINARY_POINT_BUFFER_PROXY,2.70186216,PRELIMINARY_90M
1085,ST027__ST033,27,ST027,은행동행정복지센터,33,ST033,타원산업단지,16650.0,16.65,2.6028370461977524,0.173630221,0.173630221,0.0,0.0,PRELIMINARY_POINT_BUFFER_PROXY,2.712212482,PRELIMINARY_90M
1086,ST027__ST034,27,ST027,은행동행정복지센터,34,ST034,군자디지털과학고등학교,13560.0,13.56,2.207052053390549,0.209088643,0.209088643,0.0,0.0,PRELIMINARY_POINT_BUFFER_PROXY,2.495275744,PRELIMINARY_90M
1087,ST027__ST035,27,ST027,은행동행정복지센터,35,ST035,산들공원,13207.0,13.207,2.2317784469768958,0.188076656,0.188076656,0.0,0.0,PRELIMINARY_POINT_BUFFER_PROXY,2.51636367,PRELIMINARY_90M
1088,ST027__ST036,27,ST027,은행동행정복지센터,36,ST036,시흥시립군자도서관,13470.0,13.47,2.667964812178662,0.203772416,0.203772416,0.0,0.0,PRELIMINARY_POINT_BUFFER_PROXY,2.412059044,PRELIMINARY_90M
1089,ST027__ST037,27,ST027,은행동행정복지센터,37,ST037,군자동행정복지센터,13946.0,13.946,2.611048445560683,0.230942282,0.230942282,0.0,0.0,PRELIMINARY_POINT_BUFFER_PROXY,2.370900679,PRELIMINARY_90M
1090,ST027__ST038,27,ST027,은행동행정복지센터,38,ST038,능곡도서관,9684.0,9.684,2.293970249991462,0.200426735,0.193325854,0.009529214,0.0,PRELIMINARY_POINT_BUFFER_PROXY,2.05557101,PRELIMINARY_90M
1091,ST027__ST039,27,ST027,은행동행정복지센터,39,ST039,능곡힐스테이트,9782.0,9.782,2.2910655255291217,0.206424511,0.178033437,0.028391073,0.0,PRELIMINARY_POINT_BUFFER_PROXY,2.051455528,PRELIMINARY_90M
1092,ST027__ST040,27,ST027,은행동행정복지센터,40,ST040,갯골생태공원,7766.0,7.766,2.333264553599835,0.185388171,0.185388171,0.0,0.0,PRELIMINARY_POINT_BUFFER_PROXY,1.5408174,PRELIMINARY_90M
1093,ST027__ST041,27,ST027,은행동행정복지센터,41,ST041,연꽃테마파크,9582.0,9.582,2.060403762062063,0.266140016,0.237311069,0.057908169,0.0,PRELIMINARY_POINT_BUFFER_PROXY,2.52212901,PRELIMINARY_90M
1094,ST027__ST042,27,ST027,은행동행정복지센터,42,ST042,시흥시청역,8115.0,8.115,2.3079958950529833,0.177443763,0.177443763,0.0,0.0,PRELIMINARY_POINT_BUFFER_PROXY,2.076001504,PRELIMINARY_90M
1095,ST027__ST043,27,ST027,은행동행정복지센터,43,ST043,시흥종합버스터미널,14325.0,14.325,2.5873371618186747,0.153419331,0.153419331,0.0,0.0,PRELIMINARY_POINT_BUFFER_PROXY,3.016484413,PRELIMINARY_90M
1096,ST027__ST044,27,ST027,은행동행정복지센터,44,ST044,경기과학기술대학교,15061.0,15.061,2.6153910541495997,0.183273142,0.183273142,0.0,0.0,PRELIMINARY_POINT_BUFFER_PROXY,2.967842276,PRELIMINARY_90M
1097,ST027__ST045,27,ST027,은행동행정복지센터,45,ST045,시흥중앙도서관,13826.0,13.826,2.5597598638367667,0.157877663,0.157877663,0.0,0.0,PRELIMINARY_POINT_BUFFER_PROXY,3.11145642,PRELIMINARY_90M
1098,ST027__ST046,27,ST027,은행동행정복지센터,46,ST046,배곧1동행정복지센터,13928.0,13.928,2.483699345919321,0.199464446,0.199464446,0.0,0.0,PRELIMINARY_POINT_BUFFER_PROXY,1.494361257,PRELIMINARY_90M
1099,ST027__ST047,27,ST027,은행동행정복지센터,47,ST047,배곧2동행정복지센터,16354.0,16.354,2.4604237375691342,0.157182329,0.157182329,0.0,0.0,PRELIMINARY_POINT_BUFFER_PROXY,1.449907418,PRELIMINARY_90M
1100,ST027__ST048,27,ST027,은행동행정복지센터,48,ST048,정왕평생학습관 사거리,13666.0,13.666,2.5907702956258905,0.170807905,0.170807905,0.0,0.0,PRELIMINARY_POINT_BUFFER_PROXY,3.116369942,PRELIMINARY_90M
1101,ST027__ST049,27,ST027,은행동행정복지센터,49,ST049,거북섬 웨이브파크 정문,20681.0,20.681,2.7674467597498906,0.149808157,0.149808157,0.0,0.0,PRELIMINARY_POINT_BUFFER_PROXY,2.556910617,PRELIMINARY_90M
1102,ST027__ST050,27,ST027,은행동행정복지센터,50,ST050,시흥한라3차아파트,14738.0,14.738,2.5891342230857184,0.186544699,0.186544699,0.0,0.0,PRELIMINARY_POINT_BUFFER_PROXY,2.895192114,PRELIMINARY_90M
1103,ST027__ST051,27,ST027,은행동행정복지센터,51,ST051,연성중학교,7923.0,7.923,2.182844451637436,0.273625618,0.262340521,0.021779886,0.0,PRELIMINARY_POINT_BUFFER_PROXY,2.406116467,PRELIMINARY_90M
1104,ST027__ST052,27,ST027,은행동행정복지센터,52,ST052,가온그린공원,9726.0,9.726,2.239733791325707,0.236285294,0.236285294,0.0,0.0,PRELIMINARY_POINT_BUFFER_PROXY,1.899569739,PRELIMINARY_90M
1105,ST027__ST053,27,ST027,은행동행정복지센터,53,ST053,오이도 빨강등대,19776.0,19.776,2.7582263809305574,0.171541304,0.147246536,0.024294768,0.0,PRELIMINARY_POINT_BUFFER_PROXY,2.812529581,PRELIMINARY_90M
1106,ST027__ST054,27,ST027,은행동행정복지센터,54,ST054,시흥 프리미엄 아울렛,12327.0,12.327,2.418808402482921,0.149549291,0.149549291,0.0,0.0,PRELIMINARY_POINT_BUFFER_PROXY,1.562717071,PRELIMINARY_90M
1107,ST027__ST055,27,ST027,은행동행정복지센터,55,ST055,해양생태과학관,20226.0,20.226,2.7662954046727735,0.143686062,0.143686062,0.0,0.0,PRELIMINARY_POINT_BUFFER_PROXY,2.594153985,PRELIMINARY_90M
1108,ST028__ST029,28,ST028,매화산업단지,29,ST029,관곡공원,5556.0,5.556,1.6000991552975863,0.203318057,0.203318057,0.0,0.0,PRELIMINARY_POINT_BUFFER_PROXY,1.965812089,PRELIMINARY_90M
1109,ST028__ST030,28,ST028,매화산업단지,30,ST030,장곡도서관,9762.0,9.762,1.8251079234098146,0.165184991,0.165184991,0.0,0.0,PRELIMINARY_POINT_BUFFER_PROXY,3.996719363,PRELIMINARY_90M
1110,ST028__ST031,28,ST028,매화산업단지,31,ST031,마전저수지,9015.0,9.015,2.1633168838959445,0.125240153,0.125240153,0.0,0.0,PRELIMINARY_POINT_BUFFER_PROXY,2.643668039,PRELIMINARY_90M
1111,ST028__ST032,28,ST028,매화산업단지,32,ST032,희망공원,15832.0,15.832,2.388104053869203,0.128230476,0.128230476,0.0,0.0,PRELIMINARY_POINT_BUFFER_PROXY,2.815820813,PRELIMINARY_90M
1112,ST028__ST033,28,ST028,매화산업단지,33,ST033,타원산업단지,15695.0,15.695,2.454285906034411,0.164407328,0.164407328,0.0,0.0,PRELIMINARY_POINT_BUFFER_PROXY,2.799555796,PRELIMINARY_90M
1113,ST028__ST034,28,ST028,매화산업단지,34,ST034,군자디지털과학고등학교,12605.0,12.605,1.9922239622337758,0.200283252,0.200283252,0.0,0.0,PRELIMINARY_POINT_BUFFER_PROXY,2.589088469,PRELIMINARY_90M
1114,ST028__ST035,28,ST028,매화산업단지,35,ST035,산들공원,12252.0,12.252,2.0127201156853216,0.177387339,0.177387339,0.0,0.0,PRELIMINARY_POINT_BUFFER_PROXY,2.614965456,PRELIMINARY_90M
1115,ST028__ST036,28,ST028,매화산업단지,36,ST036,시흥시립군자도서관,12515.0,12.515,2.486676222515408,0.194501238,0.194501238,0.0,0.0,PRELIMINARY_POINT_BUFFER_PROXY,2.497826405,PRELIMINARY_90M
1116,ST028__ST037,28,ST028,매화산업단지,37,ST037,군자동행정복지센터,12991.0,12.991,2.4322303276080466,0.224000668,0.224000668,0.0,0.0,PRELIMINARY_POINT_BUFFER_PROXY,2.450235061,PRELIMINARY_90M
1117,ST028__ST038,28,ST028,매화산업단지,38,ST038,능곡도서관,8729.0,8.729,1.9933415681901132,0.186772272,0.178897513,0.01056774,0.0,PRELIMINARY_POINT_BUFFER_PROXY,2.140300825,PRELIMINARY_90M
1118,ST028__ST039,28,ST028,매화산업단지,39,ST039,능곡힐스테이트,8827.0,8.827,1.9934144520107262,0.193566014,0.162114654,0.03145136,0.0,PRELIMINARY_POINT_BUFFER_PROXY,2.133727733,PRELIMINARY_90M
1119,ST028__ST040,28,ST028,매화산업단지,40,ST040,갯골생태공원,6811.0,6.811,1.9533744447506738,0.165783342,0.165783342,0.0,0.0,PRELIMINARY_POINT_BUFFER_PROXY,1.57948831,PRELIMINARY_90M
1120,ST028__ST041,28,ST028,매화산업단지,41,ST041,연꽃테마파크,7951.0,7.951,1.7928862917791397,0.204802032,0.185007852,0.068555532,0.0,PRELIMINARY_POINT_BUFFER_PROXY,3.129992526,PRELIMINARY_90M
1121,ST028__ST042,28,ST028,매화산업단지,42,ST042,시흥시청역,7160.0,7.16,1.9431902543488275,0.157734723,0.157734723,0.0,0.0,PRELIMINARY_POINT_BUFFER_PROXY,2.182411471,PRELIMINARY_90M
1122,ST028__ST043,28,ST028,매화산업단지,43,ST043,시흥종합버스터미널,13370.0,13.37,2.411880151376906,0.141155935,0.141155935,0.0,0.0,PRELIMINARY_POINT_BUFFER_PROXY,3.141188007,PRELIMINARY_90M
1123,ST028__ST044,28,ST028,매화산업단지,44,ST044,경기과학기술대학교,14103.0,14.103,2.496167441894289,0.175482067,0.175482067,0.0,0.0,PRELIMINARY_POINT_BUFFER_PROXY,3.044950595,PRELIMINARY_90M
1124,ST028__ST045,28,ST028,매화산업단지,45,ST045,시흥중앙도서관,12871.0,12.871,2.3754823064046895,0.145469848,0.145469848,0.0,0.0,PRELIMINARY_POINT_BUFFER_PROXY,3.248850816,PRELIMINARY_90M
1125,ST028__ST046,28,ST028,매화산업단지,46,ST046,배곧1동행정복지센터,12973.0,12.973,2.2953010755293417,0.190204854,0.190204854,0.0,0.0,PRELIMINARY_POINT_BUFFER_PROXY,1.511602429,PRELIMINARY_90M
1126,ST028__ST047,28,ST028,매화산업단지,47,ST047,배곧2동행정복지센터,15399.0,15.399,2.300264097746014,0.146768742,0.146768742,0.0,0.0,PRELIMINARY_POINT_BUFFER_PROXY,1.462315432,PRELIMINARY_90M
1127,ST028__ST048,28,ST028,매화산업단지,48,ST048,정왕평생학습관 사거리,12711.0,12.711,2.406464413192524,0.15920994,0.15920994,0.0,0.0,PRELIMINARY_POINT_BUFFER_PROXY,3.255869793,PRELIMINARY_90M
1128,ST028__ST049,28,ST028,매화산업단지,49,ST049,거북섬 웨이브파크 정문,19726.0,19.726,2.6572336312204317,0.141323551,0.141323551,0.0,0.0,PRELIMINARY_POINT_BUFFER_PROXY,2.616889818,PRELIMINARY_90M
1129,ST028__ST050,28,ST028,매화산업단지,50,ST050,시흥한라3차아파트,13783.0,13.783,2.41905336831233,0.176935546,0.176935546,0.0,0.0,PRELIMINARY_POINT_BUFFER_PROXY,3.009257081,PRELIMINARY_90M
1130,ST028__ST051,28,ST028,매화산업단지,51,ST051,연성중학교,6968.0,6.968,1.7909129329233158,0.266511086,0.253684669,0.024754587,0.0,PRELIMINARY_POINT_BUFFER_PROXY,2.561025172,PRELIMINARY_90M
1131,ST028__ST052,28,ST028,매화산업단지,52,ST052,가온그린공원,9242.0,9.242,1.815274074509646,0.145416115,0.145416115,0.0,0.0,PRELIMINARY_POINT_BUFFER_PROXY,4.127099785,PRELIMINARY_90M
1132,ST028__ST053,28,ST028,매화산업단지,53,ST053,오이도 빨강등대,18821.0,18.821,2.6422490807993704,0.163747485,0.138224571,0.025522913,0.0,PRELIMINARY_POINT_BUFFER_PROXY,2.889458635,PRELIMINARY_90M
1133,ST028__ST054,28,ST028,매화산업단지,54,ST054,시흥 프리미엄 아울렛,11372.0,11.372,2.198496646600742,0.134812435,0.134812435,0.0,0.0,PRELIMINARY_POINT_BUFFER_PROXY,1.586988395,PRELIMINARY_90M
1134,ST028__ST055,28,ST028,매화산업단지,55,ST055,해양생태과학관,19271.0,19.271,2.653431763713171,0.134699549,0.134699549,0.0,0.0,PRELIMINARY_POINT_BUFFER_PROXY,2.657535721,PRELIMINARY_90M
1135,ST029__ST030,29,ST029,관곡공원,30,ST030,장곡도서관,4785.0,4.785,2.344415023463761,0.235519282,0.235519282,0.0,0.0,PRELIMINARY_POINT_BUFFER_PROXY,2.140637973,PRELIMINARY_90M
1136,ST029__ST031,29,ST029,관곡공원,31,ST031,마전저수지,5377.0,5.377,2.6870303020635813,0.0,0.0,0.0,0.0,PRELIMINARY_POINT_BUFFER_PROXY,3.331666559,PRELIMINARY_90M
1137,ST029__ST032,29,ST029,관곡공원,32,ST032,희망공원,12193.0,12.193,2.706401018663905,0.073899633,0.073899633,0.0,0.0,PRELIMINARY_POINT_BUFFER_PROXY,3.171272258,PRELIMINARY_90M
1138,ST029__ST033,29,ST029,관곡공원,33,ST033,타원산업단지,12054.0,12.054,2.7787913780238895,0.074752674,0.074752674,0.0,0.0,PRELIMINARY_POINT_BUFFER_PROXY,3.196760541,PRELIMINARY_90M
1139,ST029__ST034,29,ST029,관곡공원,34,ST034,군자디지털과학고등학교,8970.0,8.97,2.900578525484893,0.252434833,0.252434833,0.0,0.0,PRELIMINARY_POINT_BUFFER_PROXY,3.031578557,PRELIMINARY_90M
1140,ST029__ST035,29,ST029,관곡공원,35,ST035,산들공원,8617.0,8.617,2.9667041823193947,0.222000363,0.222000363,0.0,0.0,PRELIMINARY_POINT_BUFFER_PROXY,3.087149764,PRELIMINARY_90M
1141,ST029__ST036,29,ST029,관곡공원,36,ST036,시흥시립군자도서관,8009.0,8.009,3.037861813989035,0.16296721,0.16296721,0.0,0.0,PRELIMINARY_POINT_BUFFER_PROXY,2.924765057,PRELIMINARY_90M
1142,ST029__ST037,29,ST029,관곡공원,37,ST037,군자동행정복지센터,8485.0,8.485,2.9235862417114005,0.209904838,0.209904838,0.0,0.0,PRELIMINARY_POINT_BUFFER_PROXY,2.828127704,PRELIMINARY_90M
1143,ST029__ST038,29,ST029,관곡공원,38,ST038,능곡도서관,4223.0,4.223,2.511994530716733,0.118739746,0.102463148,0.021842811,0.0,PRELIMINARY_POINT_BUFFER_PROXY,2.578907523,PRELIMINARY_90M
1144,ST029__ST039,29,ST029,관곡공원,39,ST039,능곡힐스테이트,4321.0,4.321,2.5005444574442675,0.134141311,0.069883904,0.064257407,0.0,PRELIMINARY_POINT_BUFFER_PROXY,2.555414981,PRELIMINARY_90M
1145,ST029__ST040,29,ST029,관곡공원,40,ST040,갯골생태공원,3173.0,3.173,2.6002442194967386,0.0,0.0,0.0,0.0,PRELIMINARY_POINT_BUFFER_PROXY,1.529257702,PRELIMINARY_90M
1146,ST029__ST041,29,ST029,관곡공원,41,ST041,연꽃테마파크,3138.0,3.138,1.7569046050067059,0.0,0.0,0.0,0.0,PRELIMINARY_POINT_BUFFER_PROXY,2.735579863,PRELIMINARY_90M
1147,ST029__ST042,29,ST029,관곡공원,42,ST042,시흥시청역,2654.0,2.654,2.6841941622399865,0.0,0.0,0.0,0.0,PRELIMINARY_POINT_BUFFER_PROXY,2.927478894,PRELIMINARY_90M
1148,ST029__ST043,29,ST029,관곡공원,43,ST043,시흥종합버스터미널,9732.0,9.732,2.794266024956174,0.077907684,0.077907684,0.0,0.0,PRELIMINARY_POINT_BUFFER_PROXY,3.709272843,PRELIMINARY_90M
1149,ST029__ST044,29,ST029,관곡공원,44,ST044,경기과학기술대학교,10468.0,10.468,2.820058198037644,0.126175985,0.126175985,0.0,0.0,PRELIMINARY_POINT_BUFFER_PROXY,3.5905658,PRELIMINARY_90M
1150,ST029__ST045,29,ST029,관곡공원,45,ST045,시흥중앙도서관,9233.0,9.233,2.7641240720233733,0.080513965,0.080513965,0.0,0.0,PRELIMINARY_POINT_BUFFER_PROXY,3.889570974,PRELIMINARY_90M
1151,ST029__ST046,29,ST029,관곡공원,46,ST046,배곧1동행정복지센터,10046.0,10.046,2.437207270869709,0.135099212,0.135099212,0.0,0.0,PRELIMINARY_POINT_BUFFER_PROXY,1.96435996,PRELIMINARY_90M
1152,ST029__ST047,29,ST029,관곡공원,47,ST047,배곧2동행정복지센터,12202.0,12.202,2.9716286343551244,0.189128968,0.189128968,0.0,0.0,PRELIMINARY_POINT_BUFFER_PROXY,1.820545164,PRELIMINARY_90M
1153,ST029__ST048,29,ST029,관곡공원,48,ST048,정왕평생학습관 사거리,9073.0,9.073,2.814486899879952,0.098607989,0.098607989,0.0,0.0,PRELIMINARY_POINT_BUFFER_PROXY,3.910368585,PRELIMINARY_90M
1154,ST029__ST049,29,ST029,관곡공원,49,ST049,거북섬 웨이브파크 정문,17439.0,17.439,3.0122381875910405,0.110007252,0.110007252,0.0,0.0,PRELIMINARY_POINT_BUFFER_PROXY,1.828296045,PRELIMINARY_90M
1155,ST029__ST050,29,ST029,관곡공원,50,ST050,시흥한라3차아파트,11496.0,11.496,2.910318096071872,0.136506001,0.136506001,0.0,0.0,PRELIMINARY_POINT_BUFFER_PROXY,1.879301716,PRELIMINARY_90M
1156,ST029__ST051,29,ST029,관곡공원,51,ST051,연성중학교,1708.0,1.708,1.9938381027991827,0.615090182,0.562700526,0.101110411,0.0,PRELIMINARY_POINT_BUFFER_PROXY,4.412486394,PRELIMINARY_90M
1157,ST029__ST052,29,ST029,관곡공원,52,ST052,가온그린공원,4265.0,4.265,2.386392012061943,0.201240875,0.201240875,0.0,0.0,PRELIMINARY_POINT_BUFFER_PROXY,2.198243349,PRELIMINARY_90M
1158,ST029__ST053,29,ST029,관곡공원,53,ST053,오이도 빨강등대,16534.0,16.534,3.014607040347122,0.13382042,0.104765722,0.029054697,0.0,PRELIMINARY_POINT_BUFFER_PROXY,2.090862501,PRELIMINARY_90M
1159,ST029__ST054,29,ST029,관곡공원,54,ST054,시흥 프리미엄 아울렛,7734.0,7.734,2.5790384343041506,0.052274076,0.052274076,0.0,0.0,PRELIMINARY_POINT_BUFFER_PROXY,1.570475598,PRELIMINARY_90M
1160,ST029__ST055,29,ST029,관곡공원,55,ST055,해양생태과학관,16984.0,16.984,3.017403958564327,0.101654746,0.101654746,0.0,0.0,PRELIMINARY_POINT_BUFFER_PROXY,1.853322415,PRELIMINARY_90M
1161,ST030__ST031,30,ST030,장곡도서관,31,ST031,마전저수지,3080.0,3.08,2.4191566998959355,0.306722356,0.306722356,0.0,0.0,PRELIMINARY_POINT_BUFFER_PROXY,6.137599967,PRELIMINARY_90M
1162,ST030__ST032,30,ST030,장곡도서관,32,ST032,희망공원,9897.0,9.897,2.6026223919553733,0.186508596,0.186508596,0.0,0.0,PRELIMINARY_POINT_BUFFER_PROXY,4.009157123,PRELIMINARY_90M
1163,ST030__ST033,30,ST030,장곡도서관,33,ST033,타원산업단지,9757.0,9.757,2.7158285481821007,0.189193151,0.189193151,0.0,0.0,PRELIMINARY_POINT_BUFFER_PROXY,4.046429887,PRELIMINARY_90M
1164,ST030__ST034,30,ST030,장곡도서관,34,ST034,군자디지털과학고등학교,5196.0,5.196,1.8669374221592223,0.312566858,0.312566858,0.0,0.0,PRELIMINARY_POINT_BUFFER_PROXY,3.70960645,PRELIMINARY_90M
1165,ST030__ST035,30,ST030,장곡도서관,35,ST035,산들공원,4843.0,4.843,1.9175399088012453,0.262734007,0.262734007,0.0,0.0,PRELIMINARY_POINT_BUFFER_PROXY,3.856525194,PRELIMINARY_90M
1166,ST030__ST036,30,ST030,장곡도서관,36,ST036,시흥시립군자도서관,9544.0,9.544,2.63125439413521,0.31159704,0.31159704,0.0,0.0,PRELIMINARY_POINT_BUFFER_PROXY,2.817081425,PRELIMINARY_90M
1167,ST030__ST037,30,ST030,장곡도서관,37,ST037,군자동행정복지센터,5937.0,5.937,1.8495604243910337,0.398555146,0.398555146,0.0,0.0,PRELIMINARY_POINT_BUFFER_PROXY,3.787068244,PRELIMINARY_90M
1168,ST030__ST038,30,ST030,장곡도서관,38,ST038,능곡도서관,3282.0,3.282,1.9010144281905854,0.420337618,0.399372834,0.028134244,0.0,PRELIMINARY_POINT_BUFFER_PROXY,4.68639496,PRELIMINARY_90M
1169,ST030__ST039,30,ST030,장곡도서관,39,ST039,능곡힐스테이트,3380.0,3.38,1.9038474704739254,0.431416403,0.34918051,0.082235893,0.0,PRELIMINARY_POINT_BUFFER_PROXY,4.598144697,PRELIMINARY_90M
1170,ST030__ST040,30,ST030,장곡도서관,40,ST040,갯골생태공원,1629.0,1.629,2.0,0.602351411,0.602351411,0.0,0.0,PRELIMINARY_POINT_BUFFER_PROXY,3.804091528,PRELIMINARY_90M
1171,ST030__ST041,30,ST030,장곡도서관,41,ST041,연꽃테마파크,7593.0,7.593,1.9399828975273095,0.370245606,0.349532939,0.071736634,0.0,PRELIMINARY_POINT_BUFFER_PROXY,3.254864428,PRELIMINARY_90M
1172,ST030__ST042,30,ST030,장곡도서관,42,ST042,시흥시청역,4189.0,4.189,1.8876809717400926,0.39848213,0.39848213,0.0,0.0,PRELIMINARY_POINT_BUFFER_PROXY,2.682185425,PRELIMINARY_90M
1173,ST030__ST043,30,ST030,장곡도서관,43,ST043,시흥종합버스터미널,7435.0,7.435,2.7164252710890455,0.229056794,0.229056794,0.0,0.0,PRELIMINARY_POINT_BUFFER_PROXY,4.983186745,PRELIMINARY_90M
1174,ST030__ST044,30,ST030,장곡도서관,44,ST044,경기과학기술대학교,8171.0,8.171,2.756490469842499,0.277261165,0.277261165,0.0,0.0,PRELIMINARY_POINT_BUFFER_PROXY,4.718620442,PRELIMINARY_90M
1175,ST030__ST045,30,ST030,장곡도서관,45,ST045,시흥중앙도서관,6936.0,6.936,2.670716000289097,0.243370139,0.243370139,0.0,0.0,PRELIMINARY_POINT_BUFFER_PROXY,5.311475889,PRELIMINARY_90M
1176,ST030__ST046,30,ST030,장곡도서관,46,ST046,배곧1동행정복지센터,7040.0,7.04,2.5184296641892288,0.324318539,0.324318539,0.0,0.0,PRELIMINARY_POINT_BUFFER_PROXY,2.089585665,PRELIMINARY_90M
1177,ST030__ST047,30,ST030,장곡도서관,47,ST047,배곧2동행정복지센터,9466.0,9.466,2.4693194866650576,0.219276538,0.219276538,0.0,0.0,PRELIMINARY_POINT_BUFFER_PROXY,1.855195732,PRELIMINARY_90M
1178,ST030__ST048,30,ST030,장곡도서관,48,ST048,정왕평생학습관 사거리,6776.0,6.776,2.7359223632924965,0.271497661,0.271497661,0.0,0.0,PRELIMINARY_POINT_BUFFER_PROXY,5.378297952,PRELIMINARY_90M
1179,ST030__ST049,30,ST030,장곡도서관,49,ST049,거북섬 웨이브파크 정문,14433.0,14.433,3.171456716031603,0.197050759,0.197050759,0.0,0.0,PRELIMINARY_POINT_BUFFER_PROXY,1.85357876,PRELIMINARY_90M
1180,ST030__ST050,30,ST030,장곡도서관,50,ST050,시흥한라3차아파트,8490.0,8.49,3.1450030516165666,0.293887363,0.293887363,0.0,0.0,PRELIMINARY_POINT_BUFFER_PROXY,1.953099272,PRELIMINARY_90M
1181,ST030__ST051,30,ST030,장곡도서관,51,ST051,연성중학교,4293.0,4.293,2.229191408628017,0.55923175,0.538417977,0.040169936,0.0,PRELIMINARY_POINT_BUFFER_PROXY,3.810257233,PRELIMINARY_90M
1182,ST030__ST052,30,ST030,장곡도서관,52,ST052,가온그린공원,791.0,0.791,1.4122876848564432,0.639846456,0.639846456,0.0,0.0,PRELIMINARY_POINT_BUFFER_PROXY,1.92746504,PRELIMINARY_90M
1183,ST030__ST053,30,ST030,장곡도서관,53,ST053,오이도 빨강등대,13528.0,13.528,3.1849977939219296,0.231969,0.196466378,0.035502622,0.0,PRELIMINARY_POINT_BUFFER_PROXY,2.182318125,PRELIMINARY_90M
1184,ST030__ST054,30,ST030,장곡도서관,54,ST054,시흥 프리미엄 아울렛,5439.0,5.439,2.3816098548711766,0.247921112,0.247921112,0.0,0.0,PRELIMINARY_POINT_BUFFER_PROXY,2.422505924,PRELIMINARY_90M
1185,ST030__ST055,30,ST030,장곡도서관,55,ST055,해양생태과학관,13978.0,13.978,3.182896630324114,0.189727972,0.189727972,0.0,0.0,PRELIMINARY_POINT_BUFFER_PROXY,1.884823019,PRELIMINARY_90M
1186,ST031__ST032,31,ST031,마전저수지,32,ST032,희망공원,9257.0,9.257,2.7121760397838504,0.097324098,0.097324098,0.0,0.0,PRELIMINARY_POINT_BUFFER_PROXY,4.045858042,PRELIMINARY_90M
1187,ST031__ST033,31,ST031,마전저수지,33,ST033,타원산업단지,9117.0,9.117,2.8349961827832684,0.098823044,0.098823044,0.0,0.0,PRELIMINARY_POINT_BUFFER_PROXY,4.086810319,PRELIMINARY_90M
1188,ST031__ST034,31,ST031,마전저수지,34,ST034,군자디지털과학고등학교,6030.0,6.03,2.057977037537833,0.231421206,0.231421206,0.0,0.0,PRELIMINARY_POINT_BUFFER_PROXY,4.228768339,PRELIMINARY_90M
1189,ST031__ST035,31,ST031,마전저수지,35,ST035,산들공원,5677.0,5.677,2.1062720508959734,0.183933821,0.183933821,0.0,0.0,PRELIMINARY_POINT_BUFFER_PROXY,4.387855812,PRELIMINARY_90M
1190,ST031__ST036,31,ST031,마전저수지,36,ST036,시흥시립군자도서관,9630.0,9.63,2.7381513895949263,0.227496296,0.227496296,0.0,0.0,PRELIMINARY_POINT_BUFFER_PROXY,2.877773443,PRELIMINARY_90M
1191,ST031__ST037,31,ST031,마전저수지,37,ST037,군자동행정복지센터,6771.0,6.771,2.0162481635256917,0.315653891,0.315653891,0.0,0.0,PRELIMINARY_POINT_BUFFER_PROXY,4.240884001,PRELIMINARY_90M
1192,ST031__ST038,31,ST031,마전저수지,38,ST038,능곡도서관,5844.0,5.844,2.1645947711014233,0.237305503,0.225553598,0.01577078,0.0,PRELIMINARY_POINT_BUFFER_PROXY,2.588128648,PRELIMINARY_90M
1193,ST031__ST039,31,ST031,마전저수지,39,ST039,능곡힐스테이트,5942.0,5.942,2.161920459666236,0.246568749,0.199883874,0.046684875,0.0,PRELIMINARY_POINT_BUFFER_PROXY,2.571813399,PRELIMINARY_90M
1194,ST031__ST040,31,ST031,마전저수지,40,ST040,갯골생태공원,2402.0,2.402,2.2619856904966325,0.142177716,0.142177716,0.0,0.0,PRELIMINARY_POINT_BUFFER_PROXY,3.572654596,PRELIMINARY_90M
1195,ST031__ST041,31,ST031,마전저수지,41,ST041,연꽃테마파크,7679.0,7.679,2.08192263317797,0.264093825,0.243616743,0.070920709,0.0,PRELIMINARY_POINT_BUFFER_PROXY,3.329161958,PRELIMINARY_90M
1196,ST031__ST042,31,ST031,마전저수지,42,ST042,시흥시청역,4275.0,4.275,2.1436264167673507,0.207291629,0.207291629,0.0,0.0,PRELIMINARY_POINT_BUFFER_PROXY,2.824591732,PRELIMINARY_90M
1197,ST031__ST043,31,ST031,마전저수지,43,ST043,시흥종합버스터미널,6795.0,6.795,2.8763540393780764,0.111562897,0.111562897,0.0,0.0,PRELIMINARY_POINT_BUFFER_PROXY,5.129575649,PRELIMINARY_90M
1198,ST031__ST044,31,ST031,마전저수지,44,ST044,경기과학기술대학교,7531.0,7.531,2.9041656223558356,0.175349099,0.175349099,0.0,0.0,PRELIMINARY_POINT_BUFFER_PROXY,4.827117808,PRELIMINARY_90M
1199,ST031__ST045,31,ST031,마전저수지,45,ST045,시흥중앙도서관,6323.0,6.323,2.9253384842551386,0.119919247,0.119919247,0.0,0.0,PRELIMINARY_POINT_BUFFER_PROXY,5.501088401,PRELIMINARY_90M
1200,ST031__ST046,31,ST031,마전저수지,46,ST046,배곧1동행정복지센터,6474.0,6.474,2.6607456451218936,0.206709213,0.206709213,0.0,0.0,PRELIMINARY_POINT_BUFFER_PROXY,1.978775005,PRELIMINARY_90M
1201,ST031__ST047,31,ST031,마전저수지,47,ST047,배곧2동행정복지센터,7914.0,7.914,2.962193394662467,0.258760761,0.258760761,0.0,0.0,PRELIMINARY_POINT_BUFFER_PROXY,4.408167834,PRELIMINARY_90M
1202,ST031__ST048,31,ST031,마전저수지,48,ST048,정왕평생학습관 사거리,6136.0,6.136,2.915075802418168,0.145785762,0.145785762,0.0,0.0,PRELIMINARY_POINT_BUFFER_PROXY,5.580934478,PRELIMINARY_90M
1203,ST031__ST049,31,ST031,마전저수지,49,ST049,거북섬 웨이브파크 정문,13151.0,13.151,3.019796020971755,0.126121661,0.126121661,0.0,0.0,PRELIMINARY_POINT_BUFFER_PROXY,3.384309795,PRELIMINARY_90M
1204,ST031__ST050,31,ST031,마전저수지,50,ST050,시흥한라3차아파트,7208.0,7.208,2.863483388042664,0.181680854,0.181680854,0.0,0.0,PRELIMINARY_POINT_BUFFER_PROXY,4.764043829,PRELIMINARY_90M
1205,ST031__ST051,31,ST031,마전저수지,51,ST051,연성중학교,6100.0,6.1,2.6203589074087144,0.119255883,0.104609688,0.028266702,0.0,PRELIMINARY_POINT_BUFFER_PROXY,2.974419427,PRELIMINARY_90M
1206,ST031__ST052,31,ST031,마전저수지,52,ST052,가온그린공원,2690.0,2.69,2.0640110584536466,0.390648941,0.390648941,0.0,0.0,PRELIMINARY_POINT_BUFFER_PROXY,4.432005921,PRELIMINARY_90M
1207,ST031__ST053,31,ST031,마전저수지,53,ST053,오이도 빨강등대,12246.0,12.246,3.0235523224798855,0.159459972,0.120236054,0.039223917,0.0,PRELIMINARY_POINT_BUFFER_PROXY,3.856877619,PRELIMINARY_90M
1208,ST031__ST054,31,ST031,마전저수지,54,ST054,시흥 프리미엄 아울렛,4873.0,4.873,2.554776513686962,0.082913841,0.082913841,0.0,0.0,PRELIMINARY_POINT_BUFFER_PROXY,2.312195954,PRELIMINARY_90M
1209,ST031__ST055,31,ST031,마전저수지,55,ST055,해양생태과학관,12696.0,12.696,3.0269755240122755,0.115525199,0.115525199,0.0,0.0,PRELIMINARY_POINT_BUFFER_PROXY,3.473542225,PRELIMINARY_90M
1210,ST032__ST033,32,ST032,희망공원,33,ST033,타원산업단지,2081.0,2.081,1.4965117896209403,0.0,0.0,0.0,0.0,PRELIMINARY_POINT_BUFFER_PROXY,0.481788461,PRELIMINARY_90M
1211,ST032__ST034,32,ST032,희망공원,34,ST034,군자디지털과학고등학교,9776.0,9.776,2.346286353043536,0.221489343,0.221489343,0.0,0.0,PRELIMINARY_POINT_BUFFER_PROXY,1.431768579,PRELIMINARY_90M
1212,ST032__ST035,32,ST032,희망공원,35,ST035,산들공원,8997.0,8.997,2.4269003733370473,0.294953952,0.294953952,0.0,0.0,PRELIMINARY_POINT_BUFFER_PROXY,1.708469511,PRELIMINARY_90M
1213,ST032__ST036,32,ST032,희망공원,36,ST036,시흥시립군자도서관,11031.0,11.031,3.416515222422179,0.29976303,0.29976303,0.0,0.0,PRELIMINARY_POINT_BUFFER_PROXY,1.486346433,PRELIMINARY_90M
1214,ST032__ST037,32,ST032,희망공원,37,ST037,군자동행정복지센터,9096.0,9.096,3.5455391300585832,0.270792335,0.270792335,0.0,0.0,PRELIMINARY_POINT_BUFFER_PROXY,1.231745271,PRELIMINARY_90M
1215,ST032__ST038,32,ST032,희망공원,38,ST038,능곡도서관,13924.0,13.924,2.7580887227145565,0.21593228,0.210995866,0.006624551,0.0,PRELIMINARY_POINT_BUFFER_PROXY,2.916001393,PRELIMINARY_90M
1216,ST032__ST039,32,ST032,희망공원,39,ST039,능곡힐스테이트,14022.0,14.022,2.7528655908918496,0.2200076,0.200210973,0.019796627,0.0,PRELIMINARY_POINT_BUFFER_PROXY,2.906492868,PRELIMINARY_90M
1217,ST032__ST040,32,ST032,희망공원,40,ST040,갯골생태공원,10482.0,10.482,2.9757066045826694,0.187094488,0.187094488,0.0,0.0,PRELIMINARY_POINT_BUFFER_PROXY,3.240715485,PRELIMINARY_90M
1218,ST032__ST041,32,ST032,희망공원,41,ST041,연꽃테마파크,15759.0,15.759,2.64882427702321,0.231473754,0.221492313,0.034569907,0.0,PRELIMINARY_POINT_BUFFER_PROXY,3.2329194,PRELIMINARY_90M
1219,ST032__ST042,32,ST032,희망공원,42,ST042,시흥시청역,12355.0,12.355,2.8263658789966737,0.202820017,0.202820017,0.0,0.0,PRELIMINARY_POINT_BUFFER_PROXY,3.032420676,PRELIMINARY_90M
1220,ST032__ST043,32,ST032,희망공원,43,ST043,시흥종합버스터미널,3095.0,3.095,2.2048417647809075,0.071388765,0.071388765,0.0,0.0,PRELIMINARY_POINT_BUFFER_PROXY,0.910646818,PRELIMINARY_90M
1221,ST032__ST044,32,ST032,희망공원,44,ST044,경기과학기술대학교,3013.0,3.013,1.8686990225704272,0.253343793,0.253343793,0.0,0.0,PRELIMINARY_POINT_BUFFER_PROXY,0.950254229,PRELIMINARY_90M
1222,ST032__ST045,32,ST032,희망공원,45,ST045,시흥중앙도서관,3542.0,3.542,3.695161173181692,0.239589717,0.239589717,0.0,0.0,PRELIMINARY_POINT_BUFFER_PROXY,1.100349444,PRELIMINARY_90M
1223,ST032__ST046,32,ST032,희망공원,46,ST046,배곧1동행정복지센터,6177.0,6.177,3.771236322539583,0.329159995,0.329159995,0.0,0.0,PRELIMINARY_POINT_BUFFER_PROXY,1.116068504,PRELIMINARY_90M
1224,ST032__ST047,32,ST032,희망공원,47,ST047,배곧2동행정복지센터,4347.0,4.347,3.0270902313068655,0.040631434,0.040631434,0.0,0.0,PRELIMINARY_POINT_BUFFER_PROXY,1.009713027,PRELIMINARY_90M
1225,ST032__ST048,32,ST032,희망공원,48,ST048,정왕평생학습관 사거리,4339.0,4.339,3.4681877374468693,0.435644018,0.435644018,0.0,0.0,PRELIMINARY_POINT_BUFFER_PROXY,0.974972519,PRELIMINARY_90M
1226,ST032__ST049,32,ST032,희망공원,49,ST049,거북섬 웨이브파크 정문,4499.0,4.499,3.070219818149316,0.042639664,0.042639664,0.0,0.0,PRELIMINARY_POINT_BUFFER_PROXY,0.994963213,PRELIMINARY_90M
1227,ST032__ST050,32,ST032,희망공원,50,ST050,시흥한라3차아파트,4271.0,4.271,3.200955888599408,0.219882908,0.219882908,0.0,0.0,PRELIMINARY_POINT_BUFFER_PROXY,1.156929234,PRELIMINARY_90M
1228,ST032__ST051,32,ST032,희망공원,51,ST051,연성중학교,14180.0,14.18,2.9437125731706435,0.16551258,0.159210211,0.012163377,0.0,PRELIMINARY_POINT_BUFFER_PROXY,3.080442511,PRELIMINARY_90M
1229,ST032__ST052,32,ST032,희망공원,52,ST052,가온그린공원,10770.0,10.77,2.9070398940727515,0.247988754,0.247988754,0.0,0.0,PRELIMINARY_POINT_BUFFER_PROXY,3.463925133,PRELIMINARY_90M
1230,ST032__ST053,32,ST032,희망공원,53,ST053,오이도 빨강등대,4261.0,4.261,2.5365996710680383,0.114060629,0.001306683,0.112753945,0.0,PRELIMINARY_POINT_BUFFER_PROXY,2.285603339,PRELIMINARY_90M
1231,ST032__ST054,32,ST032,희망공원,54,ST054,시흥 프리미엄 아울렛,8455.0,8.455,2.7386541658288084,0.087175815,0.087175815,0.0,0.0,PRELIMINARY_POINT_BUFFER_PROXY,1.159493291,PRELIMINARY_90M
1232,ST032__ST055,32,ST032,희망공원,55,ST055,해양생태과학관,4731.0,4.731,2.4224255655753963,0.0,0.0,0.0,0.0,PRELIMINARY_POINT_BUFFER_PROXY,2.046498134,PRELIMINARY_90M
1233,ST033__ST034,33,ST033,타원산업단지,34,ST034,군자디지털과학고등학교,7893.0,7.893,2.4341605952920373,0.09909245,0.09909245,0.0,0.0,PRELIMINARY_POINT_BUFFER_PROXY,0.916931401,PRELIMINARY_90M
1234,ST033__ST035,33,ST033,타원산업단지,35,ST035,산들공원,7540.0,7.54,2.4880660387555813,0.057148758,0.057148758,0.0,0.0,PRELIMINARY_POINT_BUFFER_PROXY,0.8813862,PRELIMINARY_90M
1235,ST033__ST036,33,ST033,타원산업단지,36,ST036,시흥시립군자도서관,8292.0,8.292,2.7666997178454844,0.141881676,0.141881676,0.0,0.0,PRELIMINARY_POINT_BUFFER_PROXY,1.568226714,PRELIMINARY_90M
1236,ST033__ST037,33,ST033,타원산업단지,37,ST037,군자동행정복지센터,6377.0,6.377,2.6778195613261624,0.052201447,0.052201447,0.0,0.0,PRELIMINARY_POINT_BUFFER_PROXY,1.167165179,PRELIMINARY_90M
1237,ST033__ST038,33,ST033,타원산업단지,38,ST038,능곡도서관,11114.0,11.114,3.027519358491037,0.129363807,0.123175519,0.008304536,0.0,PRELIMINARY_POINT_BUFFER_PROXY,2.083461432,PRELIMINARY_90M
1238,ST033__ST039,33,ST033,타원산업단지,39,ST039,능곡힐스테이트,11212.0,11.212,3.018660011719582,0.135210115,0.110436354,0.024773761,0.0,PRELIMINARY_POINT_BUFFER_PROXY,2.078405666,PRELIMINARY_90M
1239,ST033__ST040,33,ST033,타원산업단지,40,ST040,갯골생태공원,9736.0,9.736,2.7182707914052595,0.144941078,0.144941078,0.0,0.0,PRELIMINARY_POINT_BUFFER_PROXY,3.367233468,PRELIMINARY_90M
1240,ST033__ST041,33,ST033,타원산업단지,41,ST041,연꽃테마파크,15013.0,15.013,2.465674424801496,0.206350366,0.195872811,0.036288157,0.0,PRELIMINARY_POINT_BUFFER_PROXY,3.315517966,PRELIMINARY_90M
1241,ST033__ST042,33,ST033,타원산업단지,42,ST042,시흥시청역,11609.0,11.609,2.600928175113378,0.168488667,0.168488667,0.0,0.0,PRELIMINARY_POINT_BUFFER_PROXY,3.125900871,PRELIMINARY_90M
1242,ST033__ST043,33,ST033,타원산업단지,43,ST043,시흥종합버스터미널,2934.0,2.934,2.565523484039041,0.07531911,0.07531911,0.0,0.0,PRELIMINARY_POINT_BUFFER_PROXY,0.889229462,PRELIMINARY_90M
1243,ST033__ST044,33,ST033,타원산업단지,44,ST044,경기과학기술대학교,1598.0,1.598,1.7010597777371803,0.123630586,0.123630586,0.0,0.0,PRELIMINARY_POINT_BUFFER_PROXY,0.331684145,PRELIMINARY_90M
1244,ST033__ST045,33,ST033,타원산업단지,45,ST045,시흥중앙도서관,3637.0,3.637,3.4781306841531268,0.249273043,0.249273043,0.0,0.0,PRELIMINARY_POINT_BUFFER_PROXY,0.487234376,PRELIMINARY_90M
1245,ST033__ST046,33,ST033,타원산업단지,46,ST046,배곧1동행정복지센터,8326.0,8.326,3.7254156810420254,0.412918588,0.412918588,0.0,0.0,PRELIMINARY_POINT_BUFFER_PROXY,0.706944131,PRELIMINARY_90M
1246,ST033__ST047,33,ST033,타원산업단지,47,ST047,배곧2동행정복지센터,5822.0,5.822,2.832765178273928,0.030351918,0.030351918,0.0,0.0,PRELIMINARY_POINT_BUFFER_PROXY,0.750301445,PRELIMINARY_90M
1247,ST033__ST048,33,ST033,타원산업단지,48,ST048,정왕평생학습관 사거리,3608.0,3.608,2.731241808577759,0.220485387,0.220485387,0.0,0.0,PRELIMINARY_POINT_BUFFER_PROXY,0.925063471,PRELIMINARY_90M
1248,ST033__ST049,33,ST033,타원산업단지,49,ST049,거북섬 웨이브파크 정문,6473.0,6.473,3.047600158788452,0.029639496,0.029639496,0.0,0.0,PRELIMINARY_POINT_BUFFER_PROXY,0.648130457,PRELIMINARY_90M
1249,ST033__ST050,33,ST033,타원산업단지,50,ST050,시흥한라3차아파트,6446.0,6.446,3.5655488582742394,0.470601858,0.470601858,0.0,0.0,PRELIMINARY_POINT_BUFFER_PROXY,0.562920837,PRELIMINARY_90M
1250,ST033__ST051,33,ST033,타원산업단지,51,ST051,연성중학교,13434.0,13.434,2.7553936680522106,0.133768713,0.127116234,0.012839078,0.0,PRELIMINARY_POINT_BUFFER_PROXY,3.155065561,PRELIMINARY_90M
1251,ST033__ST052,33,ST033,타원산업단지,52,ST052,가온그린공원,10024.0,10.024,2.6519273099391074,0.21158644,0.21158644,0.0,0.0,PRELIMINARY_POINT_BUFFER_PROXY,3.605227171,PRELIMINARY_90M
1252,ST033__ST053,33,ST033,타원산업단지,53,ST053,오이도 빨강등대,6235.0,6.235,2.681993902930899,0.077964192,0.000893161,0.07707103,0.0,PRELIMINARY_POINT_BUFFER_PROXY,1.51111674,PRELIMINARY_90M
1253,ST033__ST054,33,ST033,타원산업단지,54,ST054,시흥 프리미엄 아울렛,9930.0,9.93,2.6675480936559572,0.074252772,0.074252772,0.0,0.0,PRELIMINARY_POINT_BUFFER_PROXY,0.983376333,PRELIMINARY_90M
1254,ST033__ST055,33,ST033,타원산업단지,55,ST055,해양생태과학관,6669.0,6.669,2.6513319891233778,0.0,0.0,0.0,0.0,PRELIMINARY_POINT_BUFFER_PROXY,1.019873464,PRELIMINARY_90M
1255,ST034__ST035,34,ST034,군자디지털과학고등학교,35,ST035,산들공원,462.0,0.462,1.4710642870065378,1.0,1.0,0.0,0.0,PRELIMINARY_POINT_BUFFER_PROXY,2.223041889,PRELIMINARY_90M
1256,ST034__ST036,34,ST034,군자디지털과학고등학교,36,ST036,시흥시립군자도서관,834.0,0.834,1.5937178303347366,1.0,1.0,0.0,0.0,PRELIMINARY_POINT_BUFFER_PROXY,4.670931472,PRELIMINARY_90M
1257,ST034__ST037,34,ST034,군자디지털과학고등학교,37,ST037,군자동행정복지센터,1204.0,1.204,1.4107293611207596,1.0,1.0,0.0,0.0,PRELIMINARY_POINT_BUFFER_PROXY,3.342884366,PRELIMINARY_90M
1258,ST034__ST038,34,ST034,군자디지털과학고등학교,38,ST038,능곡도서관,5716.0,5.716,1.9523151636500016,0.315975055,0.30394167,0.016148518,0.0,PRELIMINARY_POINT_BUFFER_PROXY,4.7650399,PRELIMINARY_90M
1259,ST034__ST039,34,ST034,군자디지털과학고등학교,39,ST039,능곡힐스테이트,5814.0,5.814,1.9531081884480037,0.324148164,0.276363699,0.047784465,0.0,PRELIMINARY_POINT_BUFFER_PROXY,4.712592915,PRELIMINARY_90M
1260,ST034__ST040,34,ST034,군자디지털과학고등학교,40,ST040,갯골생태공원,6420.0,6.42,1.9358417989769254,0.339848049,0.339848049,0.0,0.0,PRELIMINARY_POINT_BUFFER_PROXY,3.783253682,PRELIMINARY_90M
1261,ST034__ST041,34,ST034,군자디지털과학고등학교,41,ST041,연꽃테마파크,10028.0,10.028,1.9393243017364707,0.310632261,0.294935822,0.054363336,0.0,PRELIMINARY_POINT_BUFFER_PROXY,3.747505792,PRELIMINARY_90M
1262,ST034__ST042,34,ST034,군자디지털과학고등학교,42,ST042,시흥시청역,6735.0,6.735,1.7782420880602594,0.277662941,0.277662941,0.0,0.0,PRELIMINARY_POINT_BUFFER_PROXY,4.656883012,PRELIMINARY_90M
1263,ST034__ST043,34,ST034,군자디지털과학고등학교,43,ST043,시흥종합버스터미널,6443.0,6.443,2.8546434756622054,0.334548381,0.334548381,0.0,0.0,PRELIMINARY_POINT_BUFFER_PROXY,0.832123125,PRELIMINARY_90M
1264,ST034__ST044,34,ST034,군자디지털과학고등학교,44,ST044,경기과학기술대학교,6466.0,6.466,2.854871731872146,0.383886554,0.383886554,0.0,0.0,PRELIMINARY_POINT_BUFFER_PROXY,0.931735075,PRELIMINARY_90M
1265,ST034__ST045,34,ST034,군자디지털과학고등학교,45,ST045,시흥중앙도서관,6540.0,6.54,2.9933398472819306,0.352023517,0.352023517,0.0,0.0,PRELIMINARY_POINT_BUFFER_PROXY,0.836864495,PRELIMINARY_90M
1266,ST034__ST046,34,ST034,군자디지털과학고등학교,46,ST046,배곧1동행정복지센터,6911.0,6.911,1.6590635230531043,0.284024149,0.284024149,0.0,0.0,PRELIMINARY_POINT_BUFFER_PROXY,1.648350544,PRELIMINARY_90M
1267,ST034__ST047,34,ST034,군자디지털과학고등학교,47,ST047,배곧2동행정복지센터,8311.0,8.311,2.3344607096336327,0.351533163,0.351533163,0.0,0.0,PRELIMINARY_POINT_BUFFER_PROXY,1.618704247,PRELIMINARY_90M
1268,ST034__ST048,34,ST034,군자디지털과학고등학교,48,ST048,정왕평생학습관 사거리,7176.0,7.176,2.984758946773873,0.400823068,0.400823068,0.0,0.0,PRELIMINARY_POINT_BUFFER_PROXY,0.853683595,PRELIMINARY_90M
1269,ST034__ST049,34,ST034,군자디지털과학고등학교,49,ST049,거북섬 웨이브파크 정문,13709.0,13.709,2.33339269699406,0.077090365,0.077090365,0.0,0.0,PRELIMINARY_POINT_BUFFER_PROXY,0.97527766,PRELIMINARY_90M
1270,ST034__ST050,34,ST034,군자디지털과학고등학교,50,ST050,시흥한라3차아파트,7605.0,7.605,2.182341130338644,0.287097417,0.287097417,0.0,0.0,PRELIMINARY_POINT_BUFFER_PROXY,1.691386605,PRELIMINARY_90M
1271,ST034__ST051,34,ST034,군자디지털과학고등학교,51,ST051,연성중학교,8438.0,8.438,2.072249583279339,0.318061069,0.307468589,0.020443158,0.0,PRELIMINARY_POINT_BUFFER_PROXY,4.279175988,PRELIMINARY_90M
1272,ST034__ST052,34,ST034,군자디지털과학고등학교,52,ST052,가온그린공원,4271.0,4.271,1.90358243319081,0.218270531,0.218270531,0.0,0.0,PRELIMINARY_POINT_BUFFER_PROXY,4.023457066,PRELIMINARY_90M
1273,ST034__ST053,34,ST034,군자디지털과학고등학교,53,ST053,오이도 빨강등대,12643.0,12.643,2.6090656975130386,0.223528223,0.185526421,0.038001802,0.0,PRELIMINARY_POINT_BUFFER_PROXY,2.042559487,PRELIMINARY_90M
1274,ST034__ST054,34,ST034,군자디지털과학고등학교,54,ST054,시흥 프리미엄 아울렛,9041.0,9.041,2.4037160219270213,0.219655575,0.219655575,0.0,0.0,PRELIMINARY_POINT_BUFFER_PROXY,1.700261816,PRELIMINARY_90M
1275,ST034__ST055,34,ST034,군자디지털과학고등학교,55,ST055,해양생태과학관,13093.0,13.093,2.6266711393558175,0.178707062,0.178707062,0.0,0.0,PRELIMINARY_POINT_BUFFER_PROXY,1.729572327,PRELIMINARY_90M
1276,ST035__ST036,35,ST035,산들공원,36,ST036,시흥시립군자도서관,644.0,0.644,1.9726651165804354,1.0,1.0,0.0,0.0,PRELIMINARY_POINT_BUFFER_PROXY,5.075705136,PRELIMINARY_90M
1277,ST035__ST037,35,ST035,산들공원,37,ST037,군자동행정복지센터,1120.0,1.12,1.558960820583074,1.0,1.0,0.0,0.0,PRELIMINARY_POINT_BUFFER_PROXY,3.432987377,PRELIMINARY_90M
1278,ST035__ST038,35,ST035,산들공원,38,ST038,능곡도서관,5280.0,5.28,1.9945304789784195,0.259652021,0.2466278,0.017478197,0.0,PRELIMINARY_POINT_BUFFER_PROXY,4.943765851,PRELIMINARY_90M
1279,ST035__ST039,35,ST035,산들공원,39,ST039,능곡힐스테이트,5378.0,5.378,1.9946287952543234,0.269498436,0.217850095,0.051648341,0.0,PRELIMINARY_POINT_BUFFER_PROXY,4.882919105,PRELIMINARY_90M
1280,ST035__ST040,35,ST035,산들공원,40,ST040,갯골생태공원,5984.0,5.984,1.9719072015673569,0.291867828,0.291867828,0.0,0.0,PRELIMINARY_POINT_BUFFER_PROXY,3.883772356,PRELIMINARY_90M
1281,ST035__ST041,35,ST035,산들공원,41,ST041,연꽃테마파크,9592.0,9.592,1.9619812587620868,0.279375583,0.262967451,0.056828228,0.0,PRELIMINARY_POINT_BUFFER_PROXY,3.802669825,PRELIMINARY_90M
1282,ST035__ST042,35,ST035,산들공원,42,ST042,시흥시청역,6299.0,6.299,1.8016166623723513,0.227800528,0.227800528,0.0,0.0,PRELIMINARY_POINT_BUFFER_PROXY,4.803732278,PRELIMINARY_90M
1283,ST035__ST043,35,ST035,산들공원,43,ST043,시흥종합버스터미널,6007.0,6.007,2.9570423267955706,0.286392525,0.286392525,0.0,0.0,PRELIMINARY_POINT_BUFFER_PROXY,0.727637936,PRELIMINARY_90M
1284,ST035__ST044,35,ST035,산들공원,44,ST044,경기과학기술대학교,6030.0,6.03,2.956928367155461,0.339457259,0.339457259,0.0,0.0,PRELIMINARY_POINT_BUFFER_PROXY,0.834605206,PRELIMINARY_90M
1285,ST035__ST045,35,ST035,산들공원,45,ST045,시흥중앙도서관,6104.0,6.104,3.104005896090232,0.305870296,0.305870296,0.0,0.0,PRELIMINARY_POINT_BUFFER_PROXY,0.734142852,PRELIMINARY_90M
1286,ST035__ST046,35,ST035,산들공원,46,ST046,배곧1동행정복지센터,6475.0,6.475,1.6738013716276383,0.235938292,0.235938292,0.0,0.0,PRELIMINARY_POINT_BUFFER_PROXY,1.610502024,PRELIMINARY_90M
1287,ST035__ST047,35,ST035,산들공원,47,ST047,배곧2동행정복지센터,7875.0,7.875,2.3838578413804727,0.315736244,0.315736244,0.0,0.0,PRELIMINARY_POINT_BUFFER_PROXY,1.585975829,PRELIMINARY_90M
1288,ST035__ST048,35,ST035,산들공원,48,ST048,정왕평생학습관 사거리,6740.0,6.74,3.084409976243774,0.362180104,0.362180104,0.0,0.0,PRELIMINARY_POINT_BUFFER_PROXY,0.763853952,PRELIMINARY_90M
1289,ST035__ST049,35,ST035,산들공원,49,ST049,거북섬 웨이브파크 정문,13093.0,13.093,2.463238714260448,0.047501489,0.047501489,0.0,0.0,PRELIMINARY_POINT_BUFFER_PROXY,0.844662033,PRELIMINARY_90M
1290,ST035__ST050,35,ST035,산들공원,50,ST050,시흥한라3차아파트,7169.0,7.169,2.2273953014365597,0.243851842,0.243851842,0.0,0.0,PRELIMINARY_POINT_BUFFER_PROXY,1.660864196,PRELIMINARY_90M
1291,ST035__ST051,35,ST035,산들공원,51,ST051,연성중학교,8002.0,8.002,2.1066164788159965,0.281015272,0.269847363,0.021553716,0.0,PRELIMINARY_POINT_BUFFER_PROXY,4.370401109,PRELIMINARY_90M
1292,ST035__ST052,35,ST035,산들공원,52,ST052,가온그린공원,3835.0,3.835,1.9561805087839683,0.129647388,0.129647388,0.0,0.0,PRELIMINARY_POINT_BUFFER_PROXY,4.205215096,PRELIMINARY_90M
1293,ST035__ST053,35,ST035,산들공원,53,ST053,오이도 빨강등대,12207.0,12.207,2.650706976020092,0.195879752,0.156524789,0.039354963,0.0,PRELIMINARY_POINT_BUFFER_PROXY,2.034511519,PRELIMINARY_90M
1294,ST035__ST054,35,ST035,산들공원,54,ST054,시흥 프리미엄 아울렛,8605.0,8.605,2.452431616879482,0.180224756,0.180224756,0.0,0.0,PRELIMINARY_POINT_BUFFER_PROXY,1.662202277,PRELIMINARY_90M
1295,ST035__ST055,35,ST035,산들공원,55,ST055,해양생태과학관,12657.0,12.657,2.6674325197613955,0.150505123,0.150505123,0.0,0.0,PRELIMINARY_POINT_BUFFER_PROXY,1.718080944,PRELIMINARY_90M
1296,ST036__ST037,36,ST036,시흥시립군자도서관,37,ST037,군자동행정복지센터,688.0,0.688,1.1969270521131194,1.0,1.0,0.0,0.0,PRELIMINARY_POINT_BUFFER_PROXY,1.574384084,PRELIMINARY_90M
1297,ST036__ST038,36,ST036,시흥시립군자도서관,38,ST038,능곡도서관,5898.0,5.898,1.9921225746274878,0.337126268,0.325464976,0.015649178,0.0,PRELIMINARY_POINT_BUFFER_PROXY,4.973337005,PRELIMINARY_90M
1298,ST036__ST039,36,ST036,시흥시립군자도서관,39,ST039,능곡힐스테이트,5996.0,5.996,1.9922495948968149,0.344709672,0.298378959,0.046330713,0.0,PRELIMINARY_POINT_BUFFER_PROXY,4.918029864,PRELIMINARY_90M
1299,ST036__ST040,36,ST036,시흥시립군자도서관,40,ST040,갯골생태공원,6602.0,6.602,1.97187103077271,0.358090209,0.358090209,0.0,0.0,PRELIMINARY_POINT_BUFFER_PROXY,4.00443852,PRELIMINARY_90M
1300,ST036__ST041,36,ST036,시흥시립군자도서관,41,ST041,연꽃테마파크,10210.0,10.21,1.9625580605474966,0.322949385,0.307533399,0.053392011,0.0,PRELIMINARY_POINT_BUFFER_PROXY,3.88112673,PRELIMINARY_90M
1301,ST036__ST042,36,ST036,시흥시립군자도서관,42,ST042,시흥시청역,6917.0,6.917,1.816778563173707,0.296710198,0.296710198,0.0,0.0,PRELIMINARY_POINT_BUFFER_PROXY,4.838276223,PRELIMINARY_90M
1302,ST036__ST043,36,ST036,시흥시립군자도서관,43,ST043,시흥종합버스터미널,6625.0,6.625,2.865241405107486,0.35286474,0.35286474,0.0,0.0,PRELIMINARY_POINT_BUFFER_PROXY,1.146151704,PRELIMINARY_90M
1303,ST036__ST044,36,ST036,시흥시립군자도서관,44,ST044,경기과학기술대학교,6648.0,6.648,2.8654297237561406,0.400791009,0.400791009,0.0,0.0,PRELIMINARY_POINT_BUFFER_PROXY,1.240684205,PRELIMINARY_90M
1304,ST036__ST045,36,ST036,시흥시립군자도서관,45,ST045,시흥중앙도서관,6722.0,6.722,3.000023280953298,0.369603936,0.369603936,0.0,0.0,PRELIMINARY_POINT_BUFFER_PROXY,1.146482613,PRELIMINARY_90M
1305,ST036__ST046,36,ST036,시흥시립군자도서관,46,ST046,배곧1동행정복지센터,7093.0,7.093,1.6997128934762096,0.302437234,0.302437234,0.0,0.0,PRELIMINARY_POINT_BUFFER_PROXY,1.918243629,PRELIMINARY_90M
1306,ST036__ST047,36,ST036,시흥시립군자도서관,47,ST047,배곧2동행정복지센터,8493.0,8.493,2.353896512711308,0.365456328,0.365456328,0.0,0.0,PRELIMINARY_POINT_BUFFER_PROXY,1.848028246,PRELIMINARY_90M
1307,ST036__ST048,36,ST036,시흥시립군자도서관,48,ST048,정왕평생학습관 사거리,7358.0,7.358,2.991076209764658,0.415671605,0.415671605,0.0,0.0,PRELIMINARY_POINT_BUFFER_PROXY,1.135478826,PRELIMINARY_90M
1308,ST036__ST049,36,ST036,시흥시립군자도서관,49,ST049,거북섬 웨이브파크 정문,13891.0,13.891,2.34529151566163,0.089207463,0.089207463,0.0,0.0,PRELIMINARY_POINT_BUFFER_PROXY,1.125585275,PRELIMINARY_90M
1309,ST036__ST050,36,ST036,시흥시립군자도서관,50,ST050,시흥한라3차아파트,7787.0,7.787,2.207110061858895,0.303797728,0.303797728,0.0,0.0,PRELIMINARY_POINT_BUFFER_PROXY,1.937523345,PRELIMINARY_90M
1310,ST036__ST051,36,ST036,시흥시립군자도서관,51,ST051,연성중학교,8620.0,8.62,2.096945088936556,0.332486659,0.32211825,0.020010708,0.0,PRELIMINARY_POINT_BUFFER_PROXY,4.433127681,PRELIMINARY_90M
1311,ST036__ST052,36,ST036,시흥시립군자도서관,52,ST052,가온그린공원,4453.0,4.453,1.9583068090046363,0.250288969,0.250288969,0.0,0.0,PRELIMINARY_POINT_BUFFER_PROXY,4.346934905,PRELIMINARY_90M
1312,ST036__ST053,36,ST036,시흥시립군자도서관,53,ST053,오이도 빨강등대,12825.0,12.825,2.6180306448172472,0.234566766,0.197105208,0.037461557,0.0,PRELIMINARY_POINT_BUFFER_PROXY,2.187192662,PRELIMINARY_90M
1313,ST036__ST054,36,ST036,시흥시립군자도서관,54,ST054,시흥 프리미엄 아울렛,9223.0,9.223,2.420247319785912,0.235087047,0.235087047,0.0,0.0,PRELIMINARY_POINT_BUFFER_PROXY,1.900967107,PRELIMINARY_90M
1314,ST036__ST055,36,ST036,시흥시립군자도서관,55,ST055,해양생태과학관,13275.0,13.275,2.6350895777874723,0.189985919,0.189985919,0.0,0.0,PRELIMINARY_POINT_BUFFER_PROXY,1.88131981,PRELIMINARY_90M
1315,ST037__ST038,37,ST037,군자동행정복지센터,38,ST038,능곡도서관,4967.0,4.967,3.1386691135702853,0.330414356,0.316572403,0.018575574,0.0,PRELIMINARY_POINT_BUFFER_PROXY,3.271661112,PRELIMINARY_90M
1316,ST037__ST039,37,ST037,군자동행정복지센터,39,ST039,능곡힐스테이트,5065.0,5.065,3.1169406297195072,0.339516874,0.284687646,0.054829229,0.0,PRELIMINARY_POINT_BUFFER_PROXY,3.238108219,PRELIMINARY_90M
1317,ST037__ST040,37,ST037,군자동행정복지센터,40,ST040,갯골생태공원,7078.0,7.078,1.9065003071820184,0.40126683,0.40126683,0.0,0.0,PRELIMINARY_POINT_BUFFER_PROXY,3.821325686,PRELIMINARY_90M
1318,ST037__ST041,37,ST037,군자동행정복지센터,41,ST041,연꽃테마파크,9274.0,9.274,2.595027395153209,0.3161322,0.299166025,0.058760965,0.0,PRELIMINARY_POINT_BUFFER_PROXY,2.841179654,PRELIMINARY_90M
1319,ST037__ST042,37,ST037,군자동행정복지센터,42,ST042,시흥시청역,6708.0,6.708,2.8237370109722706,0.306005252,0.306005252,0.0,0.0,PRELIMINARY_POINT_BUFFER_PROXY,2.829592416,PRELIMINARY_90M
1320,ST037__ST043,37,ST037,군자동행정복지센터,43,ST043,시흥종합버스터미널,5459.0,5.459,3.293489234867605,0.297239452,0.297239452,0.0,0.0,PRELIMINARY_POINT_BUFFER_PROXY,1.231122529,PRELIMINARY_90M
1321,ST037__ST044,37,ST037,군자동행정복지센터,44,ST044,경기과학기술대학교,5482.0,5.482,3.2920678770932374,0.355555321,0.355555321,0.0,0.0,PRELIMINARY_POINT_BUFFER_PROXY,1.34534686,PRELIMINARY_90M
1322,ST037__ST045,37,ST037,군자동행정복지센터,45,ST045,시흥중앙도서관,5556.0,5.556,3.4490973986733664,0.318446298,0.318446298,0.0,0.0,PRELIMINARY_POINT_BUFFER_PROXY,1.229092844,PRELIMINARY_90M
1323,ST037__ST046,37,ST037,군자동행정복지센터,46,ST046,배곧1동행정복지센터,7569.0,7.569,1.6557060363995468,0.346308864,0.346308864,0.0,0.0,PRELIMINARY_POINT_BUFFER_PROXY,1.879730058,PRELIMINARY_90M
1324,ST037__ST047,37,ST037,군자동행정복지센터,47,ST047,배곧2동행정복지센터,8163.0,8.163,3.5424936882987414,0.452447186,0.452447186,0.0,0.0,PRELIMINARY_POINT_BUFFER_PROXY,1.047777503,PRELIMINARY_90M
1325,ST037__ST048,37,ST037,군자동행정복지센터,48,ST048,정왕평생학습관 사거리,6192.0,6.192,3.3922692548148268,0.37843312,0.37843312,0.0,0.0,PRELIMINARY_POINT_BUFFER_PROXY,1.209430181,PRELIMINARY_90M
1326,ST037__ST049,37,ST037,군자동행정복지센터,49,ST049,거북섬 웨이브파크 정문,12545.0,12.545,2.5881759088448315,0.041810449,0.041810449,0.0,0.0,PRELIMINARY_POINT_BUFFER_PROXY,1.068291632,PRELIMINARY_90M
1327,ST037__ST050,37,ST037,군자동행정복지센터,50,ST050,시흥한라3차아파트,8365.0,8.365,3.526144712426741,0.465633811,0.465633811,0.0,0.0,PRELIMINARY_POINT_BUFFER_PROXY,1.038366977,PRELIMINARY_90M
1328,ST037__ST051,37,ST037,군자동행정복지센터,51,ST051,연성중학교,7679.0,7.679,2.8767553676910294,0.324964174,0.313330244,0.022453124,0.0,PRELIMINARY_POINT_BUFFER_PROXY,3.223326426,PRELIMINARY_90M
1329,ST037__ST052,37,ST037,군자동행정복지센터,52,ST052,가온그린공원,4929.0,4.929,1.8657671765131771,0.32268539,0.32268539,0.0,0.0,PRELIMINARY_POINT_BUFFER_PROXY,4.042820461,PRELIMINARY_90M
1330,ST037__ST053,37,ST037,군자동행정복지센터,53,ST053,오이도 빨강등대,12655.0,12.655,3.012352058868057,0.064709871,0.026733807,0.037976064,0.0,PRELIMINARY_POINT_BUFFER_PROXY,1.628218304,PRELIMINARY_90M
1331,ST037__ST054,37,ST037,군자동행정복지센터,54,ST054,시흥 프리미엄 아울렛,9699.0,9.699,2.3505502139681247,0.272624325,0.272624325,0.0,0.0,PRELIMINARY_POINT_BUFFER_PROXY,1.871799018,PRELIMINARY_90M
1332,ST037__ST055,37,ST037,군자동행정복지센터,55,ST055,해양생태과학관,13105.0,13.105,3.0160558700541458,0.025388094,0.025388094,0.0,0.0,PRELIMINARY_POINT_BUFFER_PROXY,1.329280141,PRELIMINARY_90M
1333,ST038__ST039,38,ST038,능곡도서관,39,ST039,능곡힐스테이트,1349.0,1.349,2.0,0.986190072,0.721601283,0.558223763,0.0,PRELIMINARY_POINT_BUFFER_PROXY,1.845403458,PRELIMINARY_90M
1334,ST038__ST040,38,ST038,능곡도서관,40,ST040,갯골생태공원,5500.0,5.5,2.0148239264657657,0.262666238,0.262666238,0.0,0.0,PRELIMINARY_POINT_BUFFER_PROXY,2.195794192,PRELIMINARY_90M
1335,ST038__ST041,38,ST038,능곡도서관,41,ST041,연꽃테마파크,4469.0,4.469,2.0,0.386674846,0.351461406,0.121958882,0.0,PRELIMINARY_POINT_BUFFER_PROXY,3.056363434,PRELIMINARY_90M
1336,ST038__ST042,38,ST038,능곡도서관,42,ST042,시흥시청역,2385.0,2.385,2.0034464376205396,0.356010791,0.356010791,0.0,0.0,PRELIMINARY_POINT_BUFFER_PROXY,3.686968854,PRELIMINARY_90M
1337,ST038__ST043,38,ST038,능곡도서관,43,ST043,시흥종합버스터미널,12415.0,12.415,2.428988117398842,0.177099719,0.177099719,0.0,0.0,PRELIMINARY_POINT_BUFFER_PROXY,4.762638715,PRELIMINARY_90M
1338,ST038__ST044,38,ST038,능곡도서관,44,ST044,경기과학기술대학교,10752.0,10.752,3.3064938627772955,0.379843335,0.368779254,0.047865342,0.0,PRELIMINARY_POINT_BUFFER_PROXY,2.282050531,PRELIMINARY_90M
1339,ST038__ST045,38,ST038,능곡도서관,45,ST045,시흥중앙도서관,11943.0,11.943,2.437181231354207,0.184122626,0.184122626,0.0,0.0,PRELIMINARY_POINT_BUFFER_PROXY,4.944622709,PRELIMINARY_90M
1340,ST038__ST046,38,ST038,능곡도서관,46,ST046,배곧1동행정복지센터,12020.0,12.02,2.303633620358635,0.231194778,0.231194778,0.0,0.0,PRELIMINARY_POINT_BUFFER_PROXY,3.057996137,PRELIMINARY_90M
1341,ST038__ST047,38,ST038,능곡도서관,47,ST047,배곧2동행정복지센터,14446.0,14.446,2.3075253903052224,0.178003825,0.178003825,0.0,0.0,PRELIMINARY_POINT_BUFFER_PROXY,2.73978734,PRELIMINARY_90M
1342,ST038__ST048,38,ST038,능곡도서관,48,ST048,정왕평생학습관 사거리,11756.0,11.756,2.4240915545274277,0.198641157,0.198641157,0.0,0.0,PRELIMINARY_POINT_BUFFER_PROXY,4.97738278,PRELIMINARY_90M
1343,ST038__ST049,38,ST038,능곡도서관,49,ST049,거북섬 웨이브파크 정문,19413.0,19.413,2.871013012846859,0.172046242,0.172046242,0.0,0.0,PRELIMINARY_POINT_BUFFER_PROXY,2.512368021,PRELIMINARY_90M
1344,ST038__ST050,38,ST038,능곡도서관,50,ST050,시흥한라3차아파트,13470.0,13.47,2.7217035318378353,0.222044406,0.222044406,0.0,0.0,PRELIMINARY_POINT_BUFFER_PROXY,2.867485021,PRELIMINARY_90M
1345,ST038__ST051,38,ST038,능곡도서관,51,ST051,연성중학교,3270.0,3.27,1.9967836320421606,0.483304122,0.483304122,0.121430099,0.0,PRELIMINARY_POINT_BUFFER_PROXY,3.925263713,PRELIMINARY_90M
1346,ST038__ST052,38,ST038,능곡도서관,52,ST052,가온그린공원,3394.0,3.394,2.05417193577184,0.520530741,0.485454785,0.151745333,0.0,PRELIMINARY_POINT_BUFFER_PROXY,4.521379018,PRELIMINARY_90M
1347,ST038__ST053,38,ST038,능곡도서관,53,ST053,오이도 빨강등대,18508.0,18.508,2.866225884662172,0.196349045,0.170396853,0.025952192,0.0,PRELIMINARY_POINT_BUFFER_PROXY,2.784839525,PRELIMINARY_90M
1348,ST038__ST054,38,ST038,능곡도서관,54,ST054,시흥 프리미엄 아울렛,10419.0,10.419,2.1992372260260047,0.177016892,0.177016892,0.0,0.0,PRELIMINARY_POINT_BUFFER_PROXY,3.37934972,PRELIMINARY_90M
1349,ST038__ST055,38,ST038,능곡도서관,55,ST055,해양생태과학관,18958.0,18.958,2.8722622467666086,0.166048356,0.166048356,0.0,0.0,PRELIMINARY_POINT_BUFFER_PROXY,2.551145389,PRELIMINARY_90M
1350,ST039__ST040,39,ST039,능곡힐스테이트,40,ST040,갯골생태공원,6357.0,6.357,2.038276403214854,0.364902457,0.359359059,0.046418923,0.0,PRELIMINARY_POINT_BUFFER_PROXY,1.639535566,PRELIMINARY_90M
1351,ST039__ST041,39,ST039,능곡힐스테이트,41,ST041,연꽃테마파크,4913.0,4.913,2.0,0.442113845,0.402911695,0.223066191,0.0,PRELIMINARY_POINT_BUFFER_PROXY,2.879339632,PRELIMINARY_90M
1352,ST039__ST042,39,ST039,능곡힐스테이트,42,ST042,시흥시청역,2747.0,2.747,2.0559410979162904,0.429779309,0.37360867,0.200729024,0.0,PRELIMINARY_POINT_BUFFER_PROXY,2.284188953,PRELIMINARY_90M
1353,ST039__ST043,39,ST039,능곡힐스테이트,43,ST043,시흥종합버스터미널,9797.0,9.797,3.3777318578726767,0.321542663,0.317948067,0.030100174,0.0,PRELIMINARY_POINT_BUFFER_PROXY,2.070297135,PRELIMINARY_90M
1354,ST039__ST044,39,ST039,능곡힐스테이트,44,ST044,경기과학기술대학교,9820.0,9.82,3.3767573140694007,0.354042298,0.350455432,0.030035451,0.0,PRELIMINARY_POINT_BUFFER_PROXY,2.132369889,PRELIMINARY_90M
1355,ST039__ST045,39,ST039,능곡힐스테이트,45,ST045,시흥중앙도서관,9894.0,9.894,3.46429514019489,0.333215342,0.329655643,0.02980796,0.0,PRELIMINARY_POINT_BUFFER_PROXY,2.060081788,PRELIMINARY_90M
1356,ST039__ST046,39,ST039,능곡힐스테이트,46,ST046,배곧1동행정복지센터,10907.0,10.907,2.374259605100675,0.283680888,0.269546089,0.050511524,0.0,PRELIMINARY_POINT_BUFFER_PROXY,1.592643065,PRELIMINARY_90M
1357,ST039__ST047,39,ST039,능곡힐스테이트,47,ST047,배곧2동행정복지센터,13333.0,13.333,2.365626333383,0.216505062,0.204941925,0.041321538,0.0,PRELIMINARY_POINT_BUFFER_PROXY,1.516776548,PRELIMINARY_90M
1358,ST039__ST048,39,ST039,능곡힐스테이트,48,ST048,정왕평생학습관 사거리,10643.0,10.643,2.5090757639657406,0.249041878,0.234552605,0.051778256,0.0,PRELIMINARY_POINT_BUFFER_PROXY,3.67443327,PRELIMINARY_90M
1359,ST039__ST049,39,ST039,능곡힐스테이트,49,ST049,거북섬 웨이브파크 정문,18300.0,18.3,2.9475605308287705,0.199728493,0.191305957,0.030098418,0.0,PRELIMINARY_POINT_BUFFER_PROXY,1.607506367,PRELIMINARY_90M
1360,ST039__ST050,39,ST039,능곡힐스테이트,50,ST050,시흥한라3차아파트,12357.0,12.357,2.8216512181691695,0.267545208,0.255069884,0.044581291,0.0,PRELIMINARY_POINT_BUFFER_PROXY,1.556367595,PRELIMINARY_90M
1361,ST039__ST051,39,ST039,능곡힐스테이트,51,ST051,연성중학교,3723.0,3.723,2.3660104994858293,0.437314546,0.37191324,0.194272542,0.0,PRELIMINARY_POINT_BUFFER_PROXY,3.261333916,PRELIMINARY_90M
1362,ST039__ST052,39,ST039,능곡힐스테이트,52,ST052,가온그린공원,2854.0,2.854,2.0644389201095645,0.429658903,0.375581248,0.193249627,0.0,PRELIMINARY_POINT_BUFFER_PROXY,4.881821647,PRELIMINARY_90M
1363,ST039__ST053,39,ST039,능곡힐스테이트,53,ST053,오이도 빨강등대,17395.0,17.395,2.946448206656283,0.22702381,0.190552735,0.059274168,0.0,PRELIMINARY_POINT_BUFFER_PROXY,1.849096907,PRELIMINARY_90M
1364,ST039__ST054,39,ST039,능곡힐스테이트,54,ST054,시흥 프리미엄 아울렛,9306.0,9.306,2.269526261554338,0.232048293,0.21548522,0.059189099,0.0,PRELIMINARY_POINT_BUFFER_PROXY,1.701032209,PRELIMINARY_90M
1365,ST039__ST055,39,ST039,능곡힐스테이트,55,ST055,해양생태과학관,17845.0,17.845,2.950832604623814,0.19406042,0.185423872,0.030863202,0.0,PRELIMINARY_POINT_BUFFER_PROXY,1.625702844,PRELIMINARY_90M
1366,ST040__ST041,40,ST040,갯골생태공원,41,ST041,연꽃테마파크,7076.0,7.076,2.2566955285224086,0.201399465,0.162371207,0.078395336,0.0,PRELIMINARY_POINT_BUFFER_PROXY,2.561974978,PRELIMINARY_90M
1367,ST040__ST042,40,ST040,갯골생태공원,42,ST042,시흥시청역,3460.0,3.46,1.9956964294535866,0.321864239,0.321864239,0.0,0.0,PRELIMINARY_POINT_BUFFER_PROXY,1.76240716,PRELIMINARY_90M
1368,ST040__ST043,40,ST040,갯골생태공원,43,ST043,시흥종합버스터미널,7040.0,7.04,2.823947383248435,0.107713516,0.107713516,0.0,0.0,PRELIMINARY_POINT_BUFFER_PROXY,4.483116336,PRELIMINARY_90M
1369,ST040__ST044,40,ST040,갯골생태공원,44,ST044,경기과학기술대학교,7776.0,7.776,2.85585812190269,0.169872357,0.169872357,0.0,0.0,PRELIMINARY_POINT_BUFFER_PROXY,4.250139429,PRELIMINARY_90M
1370,ST040__ST045,40,ST040,갯골생태공원,45,ST045,시흥중앙도서관,6568.0,6.568,2.8673395654775087,0.115483078,0.115483078,0.0,0.0,PRELIMINARY_POINT_BUFFER_PROXY,4.790890566,PRELIMINARY_90M
1371,ST040__ST046,40,ST040,갯골생태공원,46,ST046,배곧1동행정복지센터,6643.0,6.643,2.6207233450820753,0.201536217,0.201536217,0.0,0.0,PRELIMINARY_POINT_BUFFER_PROXY,1.380841974,PRELIMINARY_90M
1372,ST040__ST047,40,ST040,갯골생태공원,47,ST047,배곧2동행정복지센터,8159.0,8.159,2.914434196056233,0.251059462,0.251059462,0.0,0.0,PRELIMINARY_POINT_BUFFER_PROXY,3.874202549,PRELIMINARY_90M
1373,ST040__ST048,40,ST040,갯골생태공원,48,ST048,정왕평생학습관 사거리,6381.0,6.381,2.8557744448420976,0.140235273,0.140235273,0.0,0.0,PRELIMINARY_POINT_BUFFER_PROXY,4.850626954,PRELIMINARY_90M
1374,ST040__ST049,40,ST040,갯골생태공원,49,ST049,거북섬 웨이브파크 정문,13396.0,13.396,2.9896673562011338,0.123835737,0.123835737,0.0,0.0,PRELIMINARY_POINT_BUFFER_PROXY,3.074314468,PRELIMINARY_90M
1375,ST040__ST050,40,ST040,갯골생태공원,50,ST050,시흥한라3차아파트,7453.0,7.453,2.814398435293779,0.175759269,0.175759269,0.0,0.0,PRELIMINARY_POINT_BUFFER_PROXY,4.166060365,PRELIMINARY_90M
1376,ST040__ST051,40,ST040,갯골생태공원,51,ST051,연성중학교,5417.0,5.417,2.495832602905231,0.192518156,0.176017861,0.031845057,0.0,PRELIMINARY_POINT_BUFFER_PROXY,2.410565802,PRELIMINARY_90M
1377,ST040__ST052,40,ST040,갯골생태공원,52,ST052,가온그린공원,2051.0,2.051,2.0,0.604110384,0.604110384,0.0,0.0,PRELIMINARY_POINT_BUFFER_PROXY,3.481148434,PRELIMINARY_90M
1378,ST040__ST053,40,ST040,갯골생태공원,53,ST053,오이도 빨강등대,12491.0,12.491,2.9911681163807007,0.156360434,0.11789894,0.038461494,0.0,PRELIMINARY_POINT_BUFFER_PROXY,3.518045746,PRELIMINARY_90M
1379,ST040__ST054,40,ST040,갯골생태공원,54,ST054,시흥 프리미엄 아울렛,5042.0,5.042,2.505555704817685,0.080180898,0.080180898,0.0,0.0,PRELIMINARY_POINT_BUFFER_PROXY,1.509985427,PRELIMINARY_90M
1380,ST040__ST055,40,ST040,갯골생태공원,55,ST055,해양생태과학관,12941.0,12.941,2.9956562462320218,0.113357949,0.113357949,0.0,0.0,PRELIMINARY_POINT_BUFFER_PROXY,3.150914702,PRELIMINARY_90M
1381,ST041__ST042,41,ST041,연꽃테마파크,42,ST042,시흥시청역,3357.0,3.357,2.4375560527901543,0.0,0.0,0.0,0.0,PRELIMINARY_POINT_BUFFER_PROXY,2.986825232,PRELIMINARY_90M
1382,ST041__ST043,41,ST041,연꽃테마파크,43,ST043,시흥종합버스터미널,10435.0,10.435,2.707502732761991,0.072648627,0.072648627,0.0,0.0,PRELIMINARY_POINT_BUFFER_PROXY,3.682610442,PRELIMINARY_90M
1383,ST041__ST044,41,ST041,연꽃테마파크,44,ST044,경기과학기술대학교,11171.0,11.171,2.7373924956567253,0.118220531,0.118220531,0.0,0.0,PRELIMINARY_POINT_BUFFER_PROXY,3.574596517,PRELIMINARY_90M
1384,ST041__ST045,41,ST041,연꽃테마파크,45,ST045,시흥중앙도서관,9963.0,9.963,2.7305625680834593,0.0761019,0.0761019,0.0,0.0,PRELIMINARY_POINT_BUFFER_PROXY,3.84934731,PRELIMINARY_90M
1385,ST041__ST046,41,ST041,연꽃테마파크,46,ST046,배곧1동행정복지센터,10749.0,10.749,2.3763754220353497,0.126245661,0.126245661,0.0,0.0,PRELIMINARY_POINT_BUFFER_PROXY,2.032479485,PRELIMINARY_90M
1386,ST041__ST047,41,ST041,연꽃테마파크,47,ST047,배곧2동행정복지센터,12905.0,12.905,2.891812771741589,0.178808495,0.178808495,0.0,0.0,PRELIMINARY_POINT_BUFFER_PROXY,1.881581855,PRELIMINARY_90M
1387,ST041__ST048,41,ST041,연꽃테마파크,48,ST048,정왕평생학습관 사거리,9776.0,9.776,2.720411057587995,0.09150236,0.09150236,0.0,0.0,PRELIMINARY_POINT_BUFFER_PROXY,3.868236792,PRELIMINARY_90M
1388,ST041__ST049,41,ST041,연꽃테마파크,49,ST049,거북섬 웨이브파크 정문,18142.0,18.142,2.953887748963796,0.105737286,0.105737286,0.0,0.0,PRELIMINARY_POINT_BUFFER_PROXY,1.869759833,PRELIMINARY_90M
1389,ST041__ST050,41,ST041,연꽃테마파크,50,ST050,시흥한라3차아파트,12199.0,12.199,2.8294054328016167,0.128624347,0.128624347,0.0,0.0,PRELIMINARY_POINT_BUFFER_PROXY,1.943444347,PRELIMINARY_90M
1390,ST041__ST051,41,ST041,연꽃테마파크,51,ST051,연성중학교,2393.0,2.393,1.8827646315644875,0.438765774,0.401394363,0.072125664,0.0,PRELIMINARY_POINT_BUFFER_PROXY,3.886342784,PRELIMINARY_90M
1391,ST041__ST052,41,ST041,연꽃테마파크,52,ST052,가온그린공원,4968.0,4.968,2.2619391797382047,0.172697542,0.172697542,0.0,0.0,PRELIMINARY_POINT_BUFFER_PROXY,2.343340408,PRELIMINARY_90M
1392,ST041__ST053,41,ST041,연꽃테마파크,53,ST053,오이도 빨강등대,17237.0,17.237,2.953097162853168,0.128353504,0.100485767,0.027867737,0.0,PRELIMINARY_POINT_BUFFER_PROXY,2.125359037,PRELIMINARY_90M
1393,ST041__ST054,41,ST041,연꽃테마파크,54,ST054,시흥 프리미엄 아울렛,8437.0,8.437,2.489736395352416,0.047911633,0.047911633,0.0,0.0,PRELIMINARY_POINT_BUFFER_PROXY,1.716462461,PRELIMINARY_90M
1394,ST041__ST055,41,ST041,연꽃테마파크,55,ST055,해양생태과학관,17687.0,17.687,2.957351755572606,0.097607816,0.097607816,0.0,0.0,PRELIMINARY_POINT_BUFFER_PROXY,1.894955201,PRELIMINARY_90M
1395,ST042__ST043,42,ST042,시흥시청역,43,ST043,시흥종합버스터미널,9030.0,9.03,2.5458886758955748,0.240915781,0.240915781,0.0,0.0,PRELIMINARY_POINT_BUFFER_PROXY,4.120803571,PRELIMINARY_90M
1396,ST042__ST044,42,ST042,시흥시청역,44,ST044,경기과학기술대학교,9766.0,9.766,2.5922763110812763,0.280348142,0.280348142,0.0,0.0,PRELIMINARY_POINT_BUFFER_PROXY,3.962574696,PRELIMINARY_90M
1397,ST042__ST045,42,ST042,시흥시청역,45,ST045,시흥중앙도서관,8531.0,8.531,2.498783433268731,0.25324337,0.25324337,0.0,0.0,PRELIMINARY_POINT_BUFFER_PROXY,4.340822591,PRELIMINARY_90M
1398,ST042__ST046,42,ST042,시흥시청역,46,ST046,배곧1동행정복지센터,8635.0,8.635,2.3767235981646926,0.31911375,0.31911375,0.0,0.0,PRELIMINARY_POINT_BUFFER_PROXY,1.724411828,PRELIMINARY_90M
1399,ST042__ST047,42,ST042,시흥시청역,47,ST047,배곧2동행정복지센터,11061.0,11.061,2.365776355512594,0.230366667,0.230366667,0.0,0.0,PRELIMINARY_POINT_BUFFER_PROXY,1.6070053,PRELIMINARY_90M
1400,ST042__ST048,42,ST042,시흥시청역,48,ST048,정왕평생학습관 사거리,8371.0,8.371,2.5482261599822627,0.276198774,0.276198774,0.0,0.0,PRELIMINARY_POINT_BUFFER_PROXY,4.372055509,PRELIMINARY_90M
1401,ST042__ST049,42,ST042,시흥시청역,49,ST049,거북섬 웨이브파크 정문,16028.0,16.028,3.030141625650659,0.206913881,0.206913881,0.0,0.0,PRELIMINARY_POINT_BUFFER_PROXY,1.686122305,PRELIMINARY_90M
1402,ST042__ST050,42,ST042,시흥시청역,50,ST050,시흥한라3차아파트,10085.0,10.085,2.9245549241338105,0.294245665,0.294245665,0.0,0.0,PRELIMINARY_POINT_BUFFER_PROXY,1.662082999,PRELIMINARY_90M
1403,ST042__ST051,42,ST042,시흥시청역,51,ST051,연성중학교,2072.0,2.072,2.5274345688921906,0.351208623,0.308075573,0.083245449,0.0,PRELIMINARY_POINT_BUFFER_PROXY,4.64619177,PRELIMINARY_90M
1404,ST042__ST052,42,ST042,시흥시청역,52,ST052,가온그린공원,2348.0,2.348,1.8054173231380168,0.604898084,0.604898084,0.0,0.0,PRELIMINARY_POINT_BUFFER_PROXY,2.110928432,PRELIMINARY_90M
1405,ST042__ST053,42,ST042,시흥시청역,53,ST053,오이도 빨강등대,15123.0,15.123,3.033801750115951,0.23873895,0.206981095,0.031757855,0.0,PRELIMINARY_POINT_BUFFER_PROXY,1.963127175,PRELIMINARY_90M
1406,ST042__ST054,42,ST042,시흥시청역,54,ST054,시흥 프리미엄 아울렛,7034.0,7.034,2.2387261258249262,0.258859187,0.258859187,0.0,0.0,PRELIMINARY_POINT_BUFFER_PROXY,1.897766798,PRELIMINARY_90M
1407,ST042__ST055,42,ST042,시흥시청역,55,ST055,해양생태과학관,15573.0,15.573,3.036295351760702,0.200628289,0.200628289,0.0,0.0,PRELIMINARY_POINT_BUFFER_PROXY,1.709285246,PRELIMINARY_90M
1408,ST043__ST044,43,ST043,시흥종합버스터미널,44,ST044,경기과학기술대학교,734.0,0.734,2.289035195013716,0.336285385,0.336285385,0.0,0.0,PRELIMINARY_POINT_BUFFER_PROXY,1.176164054,PRELIMINARY_90M
1409,ST043__ST045,43,ST043,시흥종합버스터미널,45,ST045,시흥중앙도서관,671.0,0.671,3.1817228022763167,0.300402098,0.300402098,0.0,0.0,PRELIMINARY_POINT_BUFFER_PROXY,0.425583211,PRELIMINARY_90M
1410,ST043__ST046,43,ST043,시흥종합버스터미널,46,ST046,배곧1동행정복지센터,5360.0,5.36,3.8249958768403687,0.509777971,0.509777971,0.0,0.0,PRELIMINARY_POINT_BUFFER_PROXY,0.820959045,PRELIMINARY_90M
1411,ST043__ST047,43,ST043,시흥종합버스터미널,47,ST047,배곧2동행정복지센터,3278.0,3.278,3.627036078528638,0.64859462,0.64859462,0.0,0.0,PRELIMINARY_POINT_BUFFER_PROXY,0.612741743,PRELIMINARY_90M
1412,ST043__ST048,43,ST043,시흥종합버스터미널,48,ST048,정왕평생학습관 사거리,1307.0,1.307,3.0428754779308687,0.59325425,0.59325425,0.0,0.0,PRELIMINARY_POINT_BUFFER_PROXY,0.728620186,PRELIMINARY_90M
1413,ST043__ST049,43,ST043,시흥종합버스터미널,49,ST049,거북섬 웨이브파크 정문,8494.0,8.494,3.335129847015469,0.202851064,0.202851064,0.0,0.0,PRELIMINARY_POINT_BUFFER_PROXY,1.378385947,PRELIMINARY_90M
1414,ST043__ST050,43,ST043,시흥종합버스터미널,50,ST050,시흥한라3차아파트,3480.0,3.48,3.582820694081797,0.668947502,0.668947502,0.0,0.0,PRELIMINARY_POINT_BUFFER_PROXY,0.615837167,PRELIMINARY_90M
1415,ST043__ST051,43,ST043,시흥종합버스터미널,51,ST051,연성중학교,11133.0,11.133,2.7969887562430933,0.159649769,0.151623481,0.015490487,0.0,PRELIMINARY_POINT_BUFFER_PROXY,3.591098531,PRELIMINARY_90M
1416,ST043__ST052,43,ST043,시흥종합버스터미널,52,ST052,가온그린공원,7723.0,7.723,2.6810852048267755,0.272057108,0.272057108,0.0,0.0,PRELIMINARY_POINT_BUFFER_PROXY,4.373165634,PRELIMINARY_90M
1417,ST043__ST053,43,ST043,시흥종합버스터미널,53,ST053,오이도 빨강등대,7589.0,7.589,3.378798061680354,0.265817152,0.202500566,0.063316586,0.0,PRELIMINARY_POINT_BUFFER_PROXY,1.906364925,PRELIMINARY_90M
1418,ST043__ST054,43,ST043,시흥종합버스터미널,54,ST054,시흥 프리미엄 아울렛,7564.0,7.564,4.11485418504352,0.364312082,0.364312082,0.0,0.0,PRELIMINARY_POINT_BUFFER_PROXY,1.126489925,PRELIMINARY_90M
1419,ST043__ST055,43,ST043,시흥종합버스터미널,55,ST055,해양생태과학관,8039.0,8.039,3.364264252340225,0.190440676,0.190440676,0.0,0.0,PRELIMINARY_POINT_BUFFER_PROXY,1.405590741,PRELIMINARY_90M
1420,ST044__ST045,44,ST044,경기과학기술대학교,45,ST045,시흥중앙도서관,1383.0,1.383,2.7968941464619532,0.482850734,0.482850734,0.0,0.0,PRELIMINARY_POINT_BUFFER_PROXY,0.927116456,PRELIMINARY_90M
1421,ST044__ST046,44,ST044,경기과학기술대학교,46,ST046,배곧1동행정복지센터,6072.0,6.072,3.6617220145761413,0.526775367,0.526775367,0.0,0.0,PRELIMINARY_POINT_BUFFER_PROXY,0.891299477,PRELIMINARY_90M
1422,ST044__ST047,44,ST044,경기과학기술대학교,47,ST047,배곧2동행정복지센터,3990.0,3.99,3.4139524789333366,0.649649602,0.649649602,0.0,0.0,PRELIMINARY_POINT_BUFFER_PROXY,0.754094476,PRELIMINARY_90M
1423,ST044__ST048,44,ST044,경기과학기술대학교,48,ST048,정왕평생학습관 사거리,2008.0,2.008,2.3764182257499433,0.556023168,0.556023168,0.0,0.0,PRELIMINARY_POINT_BUFFER_PROXY,1.090832724,PRELIMINARY_90M
1424,ST044__ST049,44,ST044,경기과학기술대학교,49,ST049,거북섬 웨이브파크 정문,7754.0,7.754,2.513106231387435,0.113143833,0.113143833,0.0,0.0,PRELIMINARY_POINT_BUFFER_PROXY,0.978919207,PRELIMINARY_90M
1425,ST044__ST050,44,ST044,경기과학기술대학교,50,ST050,시흥한라3차아파트,4192.0,4.192,3.3875016979736334,0.66648888,0.66648888,0.0,0.0,PRELIMINARY_POINT_BUFFER_PROXY,0.750088789,PRELIMINARY_90M
1426,ST044__ST051,44,ST044,경기과학기술대학교,51,ST051,연성중학교,11834.0,11.834,2.6984336375946034,0.179004665,0.171453617,0.014573288,0.0,PRELIMINARY_POINT_BUFFER_PROXY,3.483476805,PRELIMINARY_90M
1427,ST044__ST052,44,ST044,경기과학기술대학교,52,ST052,가온그린공원,8424.0,8.424,2.552281853578836,0.289896098,0.289896098,0.0,0.0,PRELIMINARY_POINT_BUFFER_PROXY,4.155282954,PRELIMINARY_90M
1428,ST044__ST053,44,ST044,경기과학기술대학교,53,ST053,오이도 빨강등대,7517.0,7.517,2.3403445170894934,0.155814441,0.091898306,0.063916136,0.0,PRELIMINARY_POINT_BUFFER_PROXY,1.828089522,PRELIMINARY_90M
1429,ST044__ST054,44,ST044,경기과학기술대학교,54,ST054,시흥 프리미엄 아울렛,7507.0,7.507,3.100148303238359,0.480589438,0.480589438,0.0,0.0,PRELIMINARY_POINT_BUFFER_PROXY,1.08510555,PRELIMINARY_90M
1430,ST044__ST055,44,ST044,경기과학기술대학교,55,ST055,해양생태과학관,7838.0,7.838,2.9528465126074575,0.13159171,0.13159171,0.0,0.0,PRELIMINARY_POINT_BUFFER_PROXY,1.662189575,PRELIMINARY_90M
1431,ST045__ST046,45,ST045,시흥중앙도서관,46,ST046,배곧1동행정복지센터,4713.0,4.713,3.902855407896959,0.537115466,0.537115466,0.0,0.0,PRELIMINARY_POINT_BUFFER_PROXY,0.879566094,PRELIMINARY_90M
1432,ST045__ST047,45,ST045,시흥중앙도서관,47,ST047,배곧2동행정복지센터,2631.0,2.631,3.7177601555393682,0.731797829,0.731797829,0.0,0.0,PRELIMINARY_POINT_BUFFER_PROXY,0.662398958,PRELIMINARY_90M
1433,ST045__ST048,45,ST045,시흥중앙도서관,48,ST048,정왕평생학습관 사거리,800.0,0.8,1.9695451677354328,0.559341505,0.559341505,0.0,0.0,PRELIMINARY_POINT_BUFFER_PROXY,0.477205873,PRELIMINARY_90M
1434,ST045__ST049,45,ST045,시흥중앙도서관,49,ST049,거북섬 웨이브파크 정문,7847.0,7.847,3.3414189443190656,0.193917601,0.193917601,0.0,0.0,PRELIMINARY_POINT_BUFFER_PROXY,1.453478259,PRELIMINARY_90M
1435,ST045__ST050,45,ST045,시흥중앙도서관,50,ST050,시흥한라3차아파트,2833.0,2.833,3.6569644058701334,0.750888061,0.750888061,0.0,0.0,PRELIMINARY_POINT_BUFFER_PROXY,0.66329661,PRELIMINARY_90M
1436,ST045__ST051,45,ST045,시흥중앙도서관,51,ST051,연성중학교,10640.0,10.64,2.7341112239100824,0.143213845,0.134815579,0.016208393,0.0,PRELIMINARY_POINT_BUFFER_PROXY,3.745919825,PRELIMINARY_90M
1437,ST045__ST052,45,ST045,시흥중앙도서관,52,ST052,가온그린공원,7230.0,7.23,2.580652783901376,0.255536809,0.255536809,0.0,0.0,PRELIMINARY_POINT_BUFFER_PROXY,4.637835143,PRELIMINARY_90M
1438,ST045__ST053,45,ST045,시흥중앙도서관,53,ST053,오이도 빨강등대,6942.0,6.942,3.3899831896516006,0.26159621,0.1923696,0.06922661,0.0,PRELIMINARY_POINT_BUFFER_PROXY,2.041926577,PRELIMINARY_90M
1439,ST045__ST054,45,ST045,시흥중앙도서관,54,ST054,시흥 프리미엄 아울렛,6917.0,6.917,4.195062440228731,0.369304599,0.369304599,0.0,0.0,PRELIMINARY_POINT_BUFFER_PROXY,1.195975935,PRELIMINARY_90M
1440,ST045__ST055,45,ST045,시흥중앙도서관,55,ST055,해양생태과학관,7392.0,7.392,3.3734927062029856,0.179871299,0.179871299,0.0,0.0,PRELIMINARY_POINT_BUFFER_PROXY,1.48798843,PRELIMINARY_90M
1441,ST046__ST047,46,ST046,배곧1동행정복지센터,47,ST047,배곧2동행정복지센터,3069.0,3.069,4.129648039445814,0.60945262,0.60945262,0.0,0.0,PRELIMINARY_POINT_BUFFER_PROXY,1.115499419,PRELIMINARY_90M
1442,ST046__ST048,46,ST046,배곧1동행정복지센터,48,ST048,정왕평생학습관 사거리,3667.0,3.667,2.9785864404707585,0.734916295,0.734916295,0.0,0.0,PRELIMINARY_POINT_BUFFER_PROXY,0.667618415,PRELIMINARY_90M
1443,ST046__ST049,46,ST046,배곧1동행정복지센터,49,ST049,거북섬 웨이브파크 정문,8306.0,8.306,3.48477898206516,0.178349401,0.178349401,0.0,0.0,PRELIMINARY_POINT_BUFFER_PROXY,1.578347877,PRELIMINARY_90M
1444,ST046__ST050,46,ST046,배곧1동행정복지센터,50,ST050,시흥한라3차아파트,2363.0,2.363,4.178737580648687,0.479447383,0.479447383,0.0,0.0,PRELIMINARY_POINT_BUFFER_PROXY,1.190735572,PRELIMINARY_90M
1445,ST046__ST051,46,ST046,배곧1동행정복지센터,51,ST051,연성중학교,11280.0,11.28,2.7426133343782095,0.126763303,0.118839831,0.015292056,0.0,PRELIMINARY_POINT_BUFFER_PROXY,2.482269419,PRELIMINARY_90M
1446,ST046__ST052,46,ST046,배곧1동행정복지센터,52,ST052,가온그린공원,7614.0,7.614,2.9124827258011097,0.262335461,0.262335461,0.0,0.0,PRELIMINARY_POINT_BUFFER_PROXY,1.923953071,PRELIMINARY_90M
1447,ST046__ST053,46,ST046,배곧1동행정복지센터,53,ST053,오이도 빨강등대,7401.0,7.401,3.5478278014585065,0.239891327,0.174995367,0.06489596,0.0,PRELIMINARY_POINT_BUFFER_PROXY,2.131583779,PRELIMINARY_90M
1448,ST046__ST054,46,ST046,배곧1동행정복지센터,54,ST054,시흥 프리미엄 아울렛,1087.0,1.087,2.0,0.198910149,0.198910149,0.0,0.0,PRELIMINARY_POINT_BUFFER_PROXY,0.722410179,PRELIMINARY_90M
1449,ST046__ST055,46,ST046,배곧1동행정복지센터,55,ST055,해양생태과학관,7851.0,7.851,3.5232407663534175,0.164232235,0.164232235,0.0,0.0,PRELIMINARY_POINT_BUFFER_PROXY,1.618401666,PRELIMINARY_90M
1450,ST047__ST048,47,ST047,배곧2동행정복지센터,48,ST048,정왕평생학습관 사거리,3453.0,3.453,3.2407471324978205,0.685219912,0.685219912,0.0,0.0,PRELIMINARY_POINT_BUFFER_PROXY,0.689108455,PRELIMINARY_90M
1451,ST047__ST049,47,ST047,배곧2동행정복지센터,49,ST049,거북섬 웨이브파크 정문,6569.0,6.569,2.966831098730792,0.056069655,0.056069655,0.0,0.0,PRELIMINARY_POINT_BUFFER_PROXY,1.870627643,PRELIMINARY_90M
1452,ST047__ST050,47,ST047,배곧2동행정복지센터,50,ST050,시흥한라3차아파트,729.0,0.729,2.9057391020038947,1.0,1.0,0.0,0.0,PRELIMINARY_POINT_BUFFER_PROXY,0.554485213,PRELIMINARY_90M
1453,ST047__ST051,47,ST047,배곧2동행정복지센터,51,ST051,연성중학교,14576.0,14.576,2.458880168705452,0.1204182,0.114287495,0.01183207,0.0,PRELIMINARY_POINT_BUFFER_PROXY,2.221648292,PRELIMINARY_90M
1454,ST047__ST052,47,ST047,배곧2동행정복지센터,52,ST052,가온그린공원,9773.0,9.773,2.3012895967641205,0.261504256,0.261504256,0.0,0.0,PRELIMINARY_POINT_BUFFER_PROXY,1.792108788,PRELIMINARY_90M
1455,ST047__ST053,47,ST047,배곧2동행정복지센터,53,ST053,오이도 빨강등대,3916.0,3.916,2.403030548620091,0.248901852,0.232677883,0.071569275,0.0,PRELIMINARY_POINT_BUFFER_PROXY,1.249750909,PRELIMINARY_90M
1456,ST047__ST054,47,ST047,배곧2동행정복지센터,54,ST054,시흥 프리미엄 아울렛,4676.0,4.676,2.493630104144614,0.19531706,0.19531706,0.0,0.0,PRELIMINARY_POINT_BUFFER_PROXY,1.283984,PRELIMINARY_90M
1457,ST047__ST055,47,ST047,배곧2동행정복지센터,55,ST055,해양생태과학관,6114.0,6.114,2.977813567325743,0.02886443,0.02886443,0.0,0.0,PRELIMINARY_POINT_BUFFER_PROXY,1.944409084,PRELIMINARY_90M
1458,ST048__ST049,48,ST048,정왕평생학습관 사거리,49,ST049,거북섬 웨이브파크 정문,8664.0,8.664,3.3088352366871927,0.244647215,0.244647215,0.0,0.0,PRELIMINARY_POINT_BUFFER_PROXY,1.363499277,PRELIMINARY_90M
1459,ST048__ST050,48,ST048,정왕평생학습관 사거리,50,ST050,시흥한라3차아파트,3650.0,3.65,3.5088450033930068,0.746548284,0.746548284,0.0,0.0,PRELIMINARY_POINT_BUFFER_PROXY,0.613416754,PRELIMINARY_90M
1460,ST048__ST051,48,ST048,정왕평생학습관 사거리,51,ST051,연성중학교,10469.0,10.469,2.770703145089786,0.157054545,0.148518109,0.016475057,0.0,PRELIMINARY_POINT_BUFFER_PROXY,3.765429403,PRELIMINARY_90M
1461,ST048__ST052,48,ST048,정왕평생학습관 사거리,52,ST052,가온그린공원,7059.0,7.059,2.631176579104022,0.278804075,0.278804075,0.0,0.0,PRELIMINARY_POINT_BUFFER_PROXY,4.6806906,PRELIMINARY_90M
1462,ST048__ST053,48,ST048,정왕평생학습관 사거리,53,ST053,오이도 빨강등대,7759.0,7.759,3.3484815650864204,0.311112041,0.249179746,0.061932295,0.0,PRELIMINARY_POINT_BUFFER_PROXY,1.877210963,PRELIMINARY_90M
1463,ST048__ST054,48,ST048,정왕평생학습관 사거리,54,ST054,시흥 프리미엄 아울렛,6215.0,6.215,3.18555666739969,0.509215425,0.509215425,0.0,0.0,PRELIMINARY_POINT_BUFFER_PROXY,0.985908915,PRELIMINARY_90M
1464,ST048__ST055,48,ST048,정왕평생학습관 사거리,55,ST055,해양생태과학관,8209.0,8.209,3.335914687355277,0.234802841,0.234802841,0.0,0.0,PRELIMINARY_POINT_BUFFER_PROXY,1.389563725,PRELIMINARY_90M
1465,ST049__ST050,49,ST049,거북섬 웨이브파크 정문,50,ST050,시흥한라3차아파트,6734.0,6.734,2.955151712758751,0.139358768,0.139358768,0.0,0.0,PRELIMINARY_POINT_BUFFER_PROXY,1.546127024,PRELIMINARY_90M
1466,ST049__ST051,49,ST049,거북섬 웨이브파크 정문,51,ST051,연성중학교,18406.0,18.406,3.0346379274664024,0.114602293,0.109747243,0.009370096,0.0,PRELIMINARY_POINT_BUFFER_PROXY,2.117346825,PRELIMINARY_90M
1467,ST049__ST052,49,ST049,거북섬 웨이브파크 정문,52,ST052,가온그린공원,14740.0,14.74,3.195004166692929,0.181587689,0.181587689,0.0,0.0,PRELIMINARY_POINT_BUFFER_PROXY,1.741910132,PRELIMINARY_90M
1468,ST049__ST053,49,ST049,거북섬 웨이브파크 정문,53,ST053,오이도 빨강등대,3795.0,3.795,1.9574790573544323,0.127972736,0.001466061,0.126506675,0.0,PRELIMINARY_POINT_BUFFER_PROXY,2.594915167,PRELIMINARY_90M
1469,ST049__ST054,49,ST049,거북섬 웨이브파크 정문,54,ST054,시흥 프리미엄 아울렛,10620.0,10.62,2.679732859292264,0.06937109,0.06937109,0.0,0.0,PRELIMINARY_POINT_BUFFER_PROXY,1.56223625,PRELIMINARY_90M
1470,ST049__ST055,49,ST049,거북섬 웨이브파크 정문,55,ST055,해양생태과학관,676.0,0.676,1.555560248126299,0.855999995,0.855999995,0.0,0.0,PRELIMINARY_POINT_BUFFER_PROXY,0.286663062,PRELIMINARY_90M
1471,ST050__ST051,50,ST050,시흥한라3차아파트,51,ST051,연성중학교,12445.0,12.445,3.047235854957068,0.154021333,0.146839911,0.013859921,0.0,PRELIMINARY_POINT_BUFFER_PROXY,2.381450999,PRELIMINARY_90M
1472,ST050__ST052,50,ST050,시흥한라3차아파트,52,ST052,가온그린공원,8779.0,8.779,3.3218078771929007,0.282979932,0.282979932,0.0,0.0,PRELIMINARY_POINT_BUFFER_PROXY,1.858796601,PRELIMINARY_90M
1473,ST050__ST053,50,ST050,시흥한라3차아파트,53,ST053,오이도 빨강등대,5727.0,5.727,3.0902887703235526,0.220321594,0.136464907,0.083856687,0.0,PRELIMINARY_POINT_BUFFER_PROXY,2.477162819,PRELIMINARY_90M
1474,ST050__ST054,50,ST050,시흥한라3차아파트,54,ST054,시흥 프리미엄 아울렛,4969.0,4.969,4.404187534909858,0.286229319,0.286229319,0.0,0.0,PRELIMINARY_POINT_BUFFER_PROXY,1.464039357,PRELIMINARY_90M
1475,ST050__ST055,50,ST050,시흥한라3차아파트,55,ST055,해양생태과학관,6177.0,6.177,3.092450020662885,0.125600025,0.125600025,0.0,0.0,PRELIMINARY_POINT_BUFFER_PROXY,1.783196728,PRELIMINARY_90M
1476,ST051__ST052,51,ST051,연성중학교,52,ST052,가온그린공원,3384.0,3.384,1.8183133651064234,0.470012372,0.443583355,0.051006918,0.0,PRELIMINARY_POINT_BUFFER_PROXY,3.338281338,PRELIMINARY_90M
1477,ST051__ST053,51,ST051,연성중학교,53,ST053,오이도 빨강등대,17151.0,17.151,2.9568374691117705,0.171410586,0.138194511,0.038060588,0.0,PRELIMINARY_POINT_BUFFER_PROXY,2.317285568,PRELIMINARY_90M
1478,ST051__ST054,51,ST051,연성중학교,54,ST054,시흥 프리미엄 아울렛,10127.0,10.127,2.365480117805432,0.113569653,0.104745501,0.01703025,0.0,PRELIMINARY_POINT_BUFFER_PROXY,2.378360935,PRELIMINARY_90M
1479,ST051__ST055,51,ST051,연성중학교,55,ST055,해양생태과학관,17601.0,17.601,2.9610168593181454,0.139411868,0.134336013,0.009796192,0.0,PRELIMINARY_POINT_BUFFER_PROXY,2.078751164,PRELIMINARY_90M
1480,ST052__ST053,52,ST052,가온그린공원,53,ST053,오이도 빨강등대,15575.0,15.575,2.971089781201021,0.249925642,0.219088685,0.030836957,0.0,PRELIMINARY_POINT_BUFFER_PROXY,1.877284997,PRELIMINARY_90M
1481,ST052__ST054,52,ST052,가온그린공원,54,ST054,시흥 프리미엄 아울렛,7486.0,7.486,2.1562135031309855,0.28092105,0.28092105,0.0,0.0,PRELIMINARY_POINT_BUFFER_PROXY,1.72365843,PRELIMINARY_90M
1482,ST052__ST055,52,ST052,가온그린공원,55,ST055,해양생태과학관,16025.0,16.025,2.9752784385029045,0.212574082,0.212574082,0.0,0.0,PRELIMINARY_POINT_BUFFER_PROXY,1.627691978,PRELIMINARY_90M
1483,ST053__ST054,53,ST053,오이도 빨강등대,54,ST054,시흥 프리미엄 아울렛,7846.0,7.846,2.4519918002424586,0.190480413,0.190480413,0.0,0.0,PRELIMINARY_POINT_BUFFER_PROXY,1.245480791,PRELIMINARY_90M
1484,ST053__ST055,53,ST053,오이도 빨강등대,55,ST055,해양생태과학관,3521.0,3.521,1.9799575304526895,0.311460493,0.147728619,0.22614112,0.0,PRELIMINARY_POINT_BUFFER_PROXY,2.57401526,PRELIMINARY_90M
1485,ST054__ST055,54,ST054,시흥 프리미엄 아울렛,55,ST055,해양생태과학관,8785.0,8.785,3.358124896093023,0.167963511,0.167963511,0.0,0.0,PRELIMINARY_POINT_BUFFER_PROXY,1.501812599,PRELIMINARY_90M
