pair_order,pair_id,from_order,from_station_id,from_station_name,to_order,to_station_id,to_station_name,w1_distance_m,distance_km,w2_average_lanes,w3_protection_proxy,w3_child_protection_proxy,w3_senior_protection_proxy,w3_disabled_protection_proxy,w3_classification,w4_average_absolute_grade_pct,w4_classification,distance_norm,lane_inverse_norm,lane_penalty_norm,protection_norm,slope_norm,scenario_cost
136,ST003__ST032,3,ST003,배곧한울공원,32,ST032,희망공원,2946.0,2.946,2.474419063810549,0.0,0.0,0.0,0.0,PRELIMINARY_POINT_BUFFER_PROXY,0.664390229,PRELIMINARY_90M,0.12500530402681717,0.40413526335350114,0.40413526335350114,0.0,0.11073170483333333,0.1599680680534129
1409,ST043__ST045,43,ST043,시흥종합버스터미널,45,ST045,시흥중앙도서관,671.0,0.671,3.1817228022763167,0.300402098,0.300402098,0.0,0.0,PRELIMINARY_POINT_BUFFER_PROXY,0.425583211,PRELIMINARY_90M,0.028472015954512667,0.31429513573104634,0.31429513573104634,0.300402098,0.07093053516666667,0.17852494621305642
1224,ST032__ST047,32,ST032,희망공원,47,ST047,배곧2동행정복지센터,4347.0,4.347,3.0270902313068655,0.040631434,0.040631434,0.0,0.0,PRELIMINARY_POINT_BUFFER_PROXY,1.009713027,PRELIMINARY_90M,0.1844528365935418,0.33035024514887906,0.33035024514887906,0.040631434,0.16828550450000002,0.18093000506060522
1226,ST032__ST049,32,ST032,희망공원,49,ST049,거북섬 웨이브파크 정문,4499.0,4.499,3.070219818149316,0.042639664,0.042639664,0.0,0.0,PRELIMINARY_POINT_BUFFER_PROXY,0.994963213,PRELIMINARY_90M,0.19090253320320788,0.32570957756464014,0.32570957756464014,0.042639664,0.16582720216666666,0.18126974423362868
108,ST003__ST004,3,ST003,배곧한울공원,4,ST004,배곧중심상가,4685.0,4.685,2.9330495193194137,0.0,0.0,0.0,0.0,PRELIMINARY_POINT_BUFFER_PROXY,1.18657571,PRELIMINARY_90M,0.19879492510714133,0.340942078684045,0.340942078684045,0.0,0.19776261833333333,0.18437490553112992
1242,ST033__ST043,33,ST033,타원산업단지,43,ST043,시흥종합버스터미널,2934.0,2.934,2.565523484039041,0.07531911,0.07531911,0.0,0.0,PRELIMINARY_POINT_BUFFER_PROXY,0.889229462,PRELIMINARY_90M,0.12449611745236984,0.3897839977771891,0.3897839977771891,0.07531911,0.14820491033333333,0.1844510338907231
1248,ST033__ST049,33,ST033,타원산업단지,49,ST049,거북섬 웨이브파크 정문,6473.0,6.473,3.047600158788452,0.029639496,0.029639496,0.0,0.0,PRELIMINARY_POINT_BUFFER_PROXY,0.648130457,PRELIMINARY_90M,0.27466372469979206,0.3281270336977347,0.3281270336977347,0.029639496,0.10802174283333334,0.18511299930771502
151,ST003__ST047,3,ST003,배곧한울공원,47,ST047,배곧2동행정복지센터,2142.0,2.142,2.998593533213879,0.082490603,0.082490603,0.0,0.0,PRELIMINARY_POINT_BUFFER_PROXY,1.45164868,PRELIMINARY_90M,0.0908898035388467,0.3334896807198155,0.3334896807198155,0.082490603,0.24194144666666664,0.1872028834813322
137,ST003__ST033,3,ST003,배곧한울공원,33,ST033,타원산업단지,4416.0,4.416,2.7688580814682218,0.124574268,0.124574268,0.0,0.0,PRELIMINARY_POINT_BUFFER_PROXY,0.455012626,PRELIMINARY_90M,0.1873806593966139,0.3611597165968642,0.3611597165968642,0.124574268,0.07583543766666666,0.18723752041503622
259,ST005__ST054,5,ST005,배곧중·고등학교,54,ST054,시흥 프리미엄 아울렛,1508.0,1.508,1.711681176130996,0.0,0.0,0.0,0.0,PRELIMINARY_POINT_BUFFER_PROXY,0.623743217,PRELIMINARY_90M,0.06398777952221327,0.5842209483546189,0.5842209483546189,0.0,0.10395720283333333,0.18804148267754137
1246,ST033__ST047,33,ST033,타원산업단지,47,ST047,배곧2동행정복지센터,5822.0,5.822,2.832765178273928,0.030351918,0.030351918,0.0,0.0,PRELIMINARY_POINT_BUFFER_PROXY,0.750301445,PRELIMINARY_90M,0.24704035303602495,0.3530119643059592,0.3530119643059592,0.030351918,0.12505024083333333,0.18886361904382937
115,ST003__ST011,3,ST003,배곧한울공원,11,ST011,배곧생명공원,4442.0,4.442,2.929381135965357,0.030002831,0.030002831,0.0,0.0,PRELIMINARY_POINT_BUFFER_PROXY,1.252044916,PRELIMINARY_90M,0.1884838969745831,0.3413690310634355,0.3413690310634355,0.030002831,0.20867415266666667,0.19213247792617133
1244,ST033__ST045,33,ST033,타원산업단지,45,ST045,시흥중앙도서관,3637.0,3.637,3.4781306841531268,0.249273043,0.249273043,0.0,0.0,PRELIMINARY_POINT_BUFFER_PROXY,0.487234376,PRELIMINARY_90M,0.15432596427207537,0.28751076104073564,0.28751076104073564,0.249273043,0.08120572933333334,0.1930788744115361
1145,ST029__ST040,29,ST029,관곡공원,40,ST040,갯골생태공원,3173.0,3.173,2.6002442194967386,0.0,0.0,0.0,0.0,PRELIMINARY_POINT_BUFFER_PROXY,1.529257702,PRELIMINARY_90M,0.13463741672677898,0.38457926086402144,0.38457926086402144,0.0,0.25487628366666665,0.1935232403143668
1220,ST032__ST043,32,ST032,희망공원,43,ST043,시흥종합버스터미널,3095.0,3.095,2.2048417647809075,0.071388765,0.071388765,0.0,0.0,PRELIMINARY_POINT_BUFFER_PROXY,0.910646818,PRELIMINARY_90M,0.1313277039928714,0.4535472866912827,0.4535472866912827,0.071388765,0.15177446966666666,0.20200955633770518
209,ST004__ST054,4,ST004,배곧중심상가,54,ST054,시흥 프리미엄 아울렛,3518.0,3.518,3.9115620934849367,0.174673018,0.174673018,0.0,0.0,PRELIMINARY_POINT_BUFFER_PROXY,1.470188615,PRELIMINARY_90M,0.14927653074213942,0.25565233942357485,0.25565233942357485,0.174673018,0.24503143583333334,0.2061583309997619
1254,ST033__ST055,33,ST033,타원산업단지,55,ST055,해양생태과학관,6669.0,6.669,2.6513319891233778,0.0,0.0,0.0,0.0,PRELIMINARY_POINT_BUFFER_PROXY,1.019873464,PRELIMINARY_90M,0.28298043874909834,0.37716891136316527,0.37716891136316527,0.0,0.16997891066666668,0.20753206519473258
187,ST004__ST032,4,ST004,배곧중심상가,32,ST032,희망공원,5657.0,5.657,3.382880136450011,0.171375946,0.171375946,0.0,0.0,PRELIMINARY_POINT_BUFFER_PROXY,0.759506429,PRELIMINARY_90M,0.2400390376373743,0.2956060988461147,0.2956060988461147,0.171375946,0.12658440483333333,0.2084013718292056
1243,ST033__ST044,33,ST033,타원산업단지,44,ST044,경기과학기술대학교,1598.0,1.598,1.7010597777371803,0.123630586,0.123630586,0.0,0.0,PRELIMINARY_POINT_BUFFER_PROXY,0.331684145,PRELIMINARY_90M,0.06780667883056817,0.5878688174793252,0.5878688174793252,0.123630586,0.05528069083333333,0.20864669328580665
1210,ST032__ST033,32,ST032,희망공원,33,ST033,타원산업단지,2081.0,2.081,1.4965117896209403,0.0,0.0,0.0,0.0,PRELIMINARY_POINT_BUFFER_PROXY,0.481788461,PRELIMINARY_90M,0.08830143845207282,0.6682205960123411,0.6682205960123411,0.0,0.08029807683333333,0.2092050278244368
53,ST001__ST054,1,ST001,월곶역,54,ST054,시흥 프리미엄 아울렛,3069.0,3.069,2.971566575272677,0.131704676,0.131704676,0.0,0.0,PRELIMINARY_POINT_BUFFER_PROXY,1.446878915,PRELIMINARY_90M,0.1302244664149022,0.3365228322061867,0.3365228322061867,0.131704676,0.24114648583333334,0.20989961511360555
949,ST022__ST047,22,ST022,오이도박물관,47,ST047,배곧2동행정복지센터,4352.0,4.352,3.2556383357386656,0.040564469,0.040564469,0.0,0.0,PRELIMINARY_POINT_BUFFER_PROXY,1.850197274,PRELIMINARY_90M,0.1846649976662282,0.3071594252415976,0.3071594252415976,0.040564469,0.30836621233333333,0.2101887760602898
934,ST022__ST032,22,ST022,오이도박물관,32,ST032,희망공원,2894.0,2.894,2.88457420094931,0.0,0.0,0.0,0.0,PRELIMINARY_POINT_BUFFER_PROXY,2.242877844,PRELIMINARY_90M,0.12279882887087877,0.3466716160987993,0.3466716160987993,0.0,0.373812974,0.21082085474241952
1222,ST032__ST045,32,ST032,희망공원,45,ST045,시흥중앙도서관,3542.0,3.542,3.695161173181692,0.239589717,0.239589717,0.0,0.0,PRELIMINARY_POINT_BUFFER_PROXY,1.100349444,PRELIMINARY_90M,0.15029490389103406,0.27062419015919603,0.27062419015919603,0.239589717,0.18339157399999997,0.2109750962625575
867,ST020__ST032,20,ST020,시화공업단지[왼쪽부근],32,ST032,희망공원,3417.0,3.417,2.3443302754970845,0.138210853,0.138210853,0.0,0.0,PRELIMINARY_POINT_BUFFER_PROXY,0.829933024,PRELIMINARY_90M,0.14499087707387448,0.42656105688349016,0.42656105688349016,0.138210853,0.13832217066666666,0.21202123940600784
3,ST001__ST004,1,ST001,월곶역,4,ST004,배곧중심상가,4737.0,4.737,3.465738984511636,0.156110614,0.156110614,0.0,0.0,PRELIMINARY_POINT_BUFFER_PROXY,1.268327568,PRELIMINARY_90M,0.20100140026307972,0.28853875161083775,0.28853875161083775,0.156110614,0.21138792799999997,0.21425967346847935
127,ST003__ST023,3,ST003,배곧한울공원,23,ST023,오이도역,4569.0,4.569,3.362496455886152,0.25196631,0.25196631,0.0,0.0,PRELIMINARY_POINT_BUFFER_PROXY,0.707990957,PRELIMINARY_90M,0.19387278822081724,0.297398082977744,0.297398082977744,0.25196631,0.11799849283333334,0.21530891850797365
1448,ST046__ST054,46,ST046,배곧1동행정복지센터,54,ST054,시흥 프리미엄 아울렛,1087.0,1.087,2.0,0.198910149,0.198910149,0.0,0.0,PRELIMINARY_POINT_BUFFER_PROXY,0.722410179,PRELIMINARY_90M,0.04612381720201977,0.5,0.5,0.198910149,0.1204016965,0.21635891567550494
149,ST003__ST045,3,ST003,배곧한울공원,45,ST045,시흥중앙도서관,4063.0,4.063,3.6462280998642367,0.303337094,0.303337094,0.0,0.0,PRELIMINARY_POINT_BUFFER_PROXY,0.708093583,PRELIMINARY_90M,0.17240208766495524,0.2742560181677153,0.2742560181677153,0.303337094,0.11801559716666667,0.21700269924983429
109,ST003__ST005,3,ST003,배곧한울공원,5,ST005,배곧중·고등학교,4928.0,4.928,2.777738601711209,0.110945923,0.110945923,0.0,0.0,PRELIMINARY_POINT_BUFFER_PROXY,1.138942822,PRELIMINARY_90M,0.20910595323969958,0.3600050772898343,0.3600050772898343,0.110945923,0.18982380366666665,0.2174701892990501
880,ST020__ST045,20,ST020,시화공업단지[왼쪽부근],45,ST045,시흥중앙도서관,1373.0,1.373,2.951996349336429,0.38168565,0.38168565,0.0,0.0,PRELIMINARY_POINT_BUFFER_PROXY,0.548337,PRELIMINARY_90M,0.05825943055968091,0.3387538064621209,0.3387538064621209,0.38168565,0.0913895,0.21752209675545045
147,ST003__ST043,3,ST003,배곧한울공원,43,ST043,시흥종합버스터미널,4739.0,4.739,3.5517107534895764,0.285116743,0.285116743,0.0,0.0,PRELIMINARY_POINT_BUFFER_PROXY,0.649359863,PRELIMINARY_90M,0.2010862646921543,0.281554459077923,0.281554459077923,0.285116743,0.10822664383333334,0.21899602765085266
797,ST018__ST033,18,ST018,정왕역,33,ST033,타원산업단지,3728.0,3.728,2.6919701197263484,0.201894718,0.201894718,0.0,0.0,PRELIMINARY_POINT_BUFFER_PROXY,0.876118982,PRELIMINARY_90M,0.15818729579496754,0.3714751485063492,0.3714751485063492,0.201894718,0.14601983033333335,0.2193942481586625
159,ST003__ST055,3,ST003,배곧한울공원,55,ST055,해양생태과학관,4683.0,4.683,2.979187730277081,0.0,0.0,0.0,0.0,PRELIMINARY_POINT_BUFFER_PROXY,2.085033623,PRELIMINARY_90M,0.1987100606780668,0.33566196243262403,0.33566196243262403,0.0,0.34750560383333334,0.220469406736006
935,ST022__ST033,22,ST022,오이도박물관,33,ST033,타원산업단지,4913.0,4.913,2.071261974418769,0.0,0.0,0.0,0.0,PRELIMINARY_POINT_BUFFER_PROXY,1.146746424,PRELIMINARY_90M,0.20846947002164043,0.4827974502262645,0.4827974502262645,0.0,0.191124404,0.22059783106197622
868,ST020__ST033,20,ST020,시화공업단지[왼쪽부근],33,ST033,타원산업단지,1990.0,1.99,1.8702031081023514,0.164715764,0.164715764,0.0,0.0,PRELIMINARY_POINT_BUFFER_PROXY,0.638115692,PRELIMINARY_90M,0.08444010692918064,0.5347012822659006,0.5347012822659006,0.164715764,0.10635261533333333,0.22255244213210362
1236,ST033__ST037,33,ST033,타원산업단지,37,ST037,군자동행정복지센터,6377.0,6.377,2.6778195613261624,0.052201447,0.052201447,0.0,0.0,PRELIMINARY_POINT_BUFFER_PROXY,1.167165179,PRELIMINARY_90M,0.2705902321042135,0.3734381563426777,0.3734381563426777,0.052201447,0.19452752983333332,0.2226893413200561
10,ST001__ST011,1,ST001,월곶역,11,ST011,배곧생명공원,5473.0,5.473,3.399135690853287,0.159476951,0.159476951,0.0,0.0,PRELIMINARY_POINT_BUFFER_PROXY,1.230120641,PRELIMINARY_90M,0.2322315101625154,0.2941924332973508,0.2941924332973508,0.159476951,0.20502010683333335,0.2227302503232999
1247,ST033__ST048,33,ST033,타원산업단지,48,ST048,정왕평생학습관 사거리,3608.0,3.608,2.731241808577759,0.220485387,0.220485387,0.0,0.0,PRELIMINARY_POINT_BUFFER_PROXY,0.925063471,PRELIMINARY_90M,0.15309543005049434,0.36613382120154736,0.36613382120154736,0.220485387,0.15417724516666667,0.22347297085467707
237,ST005__ST032,5,ST005,배곧중·고등학교,32,ST032,희망공원,7099.0,7.099,2.860833291777587,0.077000335,0.077000335,0.0,0.0,PRELIMINARY_POINT_BUFFER_PROXY,0.999605979,PRELIMINARY_90M,0.3012262910001273,0.34954850493180856,0.34954850493180856,0.077000335,0.16660099650000001,0.223594031857984
833,ST019__ST033,19,ST019,시화병원,33,ST033,타원산업단지,3836.0,3.836,2.7436795030655845,0.224557843,0.224557843,0.0,0.0,PRELIMINARY_POINT_BUFFER_PROXY,0.855941648,PRELIMINARY_90M,0.16276997496499343,0.3644740571494134,0.3644740571494134,0.224557843,0.14265694133333334,0.22361470411193507
252,ST005__ST047,5,ST005,배곧중·고등학교,47,ST047,배곧2동행정복지센터,3334.0,3.334,2.6812687086629072,0.216881735,0.216881735,0.0,0.0,PRELIMINARY_POINT_BUFFER_PROXY,0.993464254,PRELIMINARY_90M,0.1414690032672805,0.37295777061400126,0.37295777061400126,0.216881735,0.16557737566666667,0.2242214711369871
1,ST001__ST002,1,ST001,월곶역,2,ST002,월곶포구,619.0,0.619,1.5532421960245575,0.149164241,0.149164241,0.0,0.0,PRELIMINARY_POINT_BUFFER_PROXY,0.47799073,PRELIMINARY_90M,0.026265540798574277,0.6438145979805647,0.6438145979805647,0.149164241,0.07966512166666666,0.2247273753614514
945,ST022__ST043,22,ST022,오이도박물관,43,ST043,시흥종합버스터미널,5950.0,5.95,2.5472433575560016,0.037132252,0.037132252,0.0,0.0,PRELIMINARY_POINT_BUFFER_PROXY,1.30121079,PRELIMINARY_90M,0.25247167649679636,0.39258125731632804,0.39258125731632804,0.037132252,0.216868465,0.2247634127032811
957,ST022__ST055,22,ST022,오이도박물관,55,ST055,해양생태과학관,1977.0,1.977,2.056726097058233,0.0,0.0,0.0,0.0,PRELIMINARY_POINT_BUFFER_PROXY,2.016046436,PRELIMINARY_90M,0.08388848814019603,0.486209613146989,0.486209613146989,0.0,0.33600773933333333,0.22652646015512962
1227,ST032__ST050,32,ST032,희망공원,50,ST050,시흥한라3차아파트,4271.0,4.271,3.200955888599408,0.219882908,0.219882908,0.0,0.0,PRELIMINARY_POINT_BUFFER_PROXY,1.156929234,PRELIMINARY_90M,0.18122798828870879,0.31240667938025046,0.31240667938025046,0.219882908,0.192821539,0.2265847786672398
124,ST003__ST020,3,ST003,배곧한울공원,20,ST020,시화공업단지[왼쪽부근],5193.0,5.193,3.656428711169751,0.322906619,0.322906619,0.0,0.0,PRELIMINARY_POINT_BUFFER_PROXY,0.631602774,PRELIMINARY_90M,0.2203504900920779,0.27349090574230933,0.27349090574230933,0.322906619,0.105267129,0.23050378595859683
205,ST004__ST050,4,ST004,배곧중심상가,50,ST050,시흥한라3차아파트,2083.0,2.083,3.3375162940590184,0.4015265,0.4015265,0.0,0.0,PRELIMINARY_POINT_BUFFER_PROXY,0.795418286,PRELIMINARY_90M,0.08838630288114736,0.29962400536592454,0.29962400536592454,0.4015265,0.13256971433333334,0.23052663064510132
153,ST003__ST049,3,ST003,배곧한울공원,49,ST049,거북섬 웨이브파크 정문,5138.0,5.138,2.9650251146495297,0.037330956,0.037330956,0.0,0.0,PRELIMINARY_POINT_BUFFER_PROXY,1.978649013,PRELIMINARY_90M,0.2180167182925277,0.33726527139996976,0.33726527139996976,0.037330956,0.32977483550000003,0.23059694529812436
796,ST018__ST032,18,ST018,정왕역,32,ST032,희망공원,3868.0,3.868,2.4031752148338352,0.194564581,0.194564581,0.0,0.0,PRELIMINARY_POINT_BUFFER_PROXY,0.885911753,PRELIMINARY_90M,0.16412780583018627,0.41611614243830486,0.41611614243830486,0.194564581,0.14765195883333335,0.23061512202545612
1234,ST033__ST035,33,ST033,타원산업단지,35,ST035,산들공원,7540.0,7.54,2.4880660387555813,0.057148758,0.057148758,0.0,0.0,PRELIMINARY_POINT_BUFFER_PROXY,0.8813862,PRELIMINARY_90M,0.3199388976110663,0.4019185923618631,0.4019185923618631,0.057148758,0.1468977,0.23147598699323235
160,ST004__ST005,4,ST004,배곧중심상가,5,ST005,배곧중·고등학교,2591.0,2.591,3.612965583991951,0.346284637,0.346284637,0.0,0.0,PRELIMINARY_POINT_BUFFER_PROXY,1.174987484,PRELIMINARY_90M,0.10994186786608393,0.27678093708689694,0.27678093708689694,0.346284637,0.19583124733333335,0.23220967232157855
123,ST003__ST019,3,ST003,배곧한울공원,19,ST019,시화병원,4589.0,4.589,3.3569912039784113,0.314662169,0.314662169,0.0,0.0,PRELIMINARY_POINT_BUFFER_PROXY,0.732725069,PRELIMINARY_90M,0.1947214325115628,0.29788579690494504,0.29788579690494504,0.314662169,0.12212084483333334,0.23234756081246027
951,ST022__ST049,22,ST022,오이도박물관,49,ST049,거북섬 웨이브파크 정문,2432.0,2.432,2.198773004915802,0.078808855,0.078808855,0.0,0.0,PRELIMINARY_POINT_BUFFER_PROXY,1.80570442,PRELIMINARY_90M,0.10319514575465694,0.45479910739503243,0.45479910739503243,0.078808855,0.30095073666666666,0.234438461204089
1379,ST040__ST054,40,ST040,갯골생태공원,54,ST054,시흥 프리미엄 아울렛,5042.0,5.042,2.505555704817685,0.080180898,0.080180898,0.0,0.0,PRELIMINARY_POINT_BUFFER_PROXY,1.509985427,PRELIMINARY_90M,0.21394322569694912,0.39911305826376126,0.39911305826376126,0.080180898,0.2516642378333333,0.23622535494851093
820,ST019__ST020,19,ST019,시화병원,20,ST020,시화공업단지[왼쪽부근],1979.0,1.979,2.8736363843131483,0.422822321,0.422822321,0.0,0.0,PRELIMINARY_POINT_BUFFER_PROXY,0.548112375,PRELIMINARY_90M,0.08397335256927059,0.34799113953974325,0.34799113953974325,0.422822321,0.0913520625,0.23653471890225347
534,ST011__ST050,11,ST011,배곧생명공원,50,ST050,시흥한라3차아파트,995.0,0.995,2.969355785245408,0.47264275,0.47264275,0.0,0.0,PRELIMINARY_POINT_BUFFER_PROXY,0.56995669,PRELIMINARY_90M,0.04222005346459032,0.3367733853144018,0.3367733853144018,0.47264275,0.09499278166666668,0.23665724261141471
1457,ST047__ST055,47,ST047,배곧2동행정복지센터,55,ST055,해양생태과학관,6114.0,6.114,2.977813567325743,0.02886443,0.02886443,0.0,0.0,PRELIMINARY_POINT_BUFFER_PROXY,1.944409084,PRELIMINARY_90M,0.2594305596809097,0.3358168593805087,0.3358168593805087,0.02886443,0.32406818066666665,0.23704500743202128
925,ST022__ST023,22,ST022,오이도박물관,23,ST023,오이도역,6145.0,6.145,3.451768155847177,0.187192651,0.187192651,0.0,0.0,PRELIMINARY_POINT_BUFFER_PROXY,1.271537161,PRELIMINARY_90M,0.26074595833156533,0.28970659524337816,0.28970659524337816,0.187192651,0.21192286016666664,0.23739201618540254
56,ST002__ST004,2,ST002,월곶포구,4,ST004,배곧중심상가,3192.0,3.192,3.5458499603414118,0.332930014,0.332930014,0.0,0.0,PRELIMINARY_POINT_BUFFER_PROXY,1.198313388,PRELIMINARY_90M,0.13544362880298721,0.28201982914802043,0.28201982914802043,0.332930014,0.199718898,0.23752809248775192
947,ST022__ST045,22,ST022,오이도박물관,45,ST045,시흥중앙도서관,5639.0,5.639,3.6640196738093724,0.218388661,0.218388661,0.0,0.0,PRELIMINARY_POINT_BUFFER_PROXY,1.321126041,PRELIMINARY_90M,0.23927525777570333,0.272924298727995,0.272924298727995,0.218388661,0.22018767350000001,0.23769397275092458
1232,ST032__ST055,32,ST032,희망공원,55,ST055,해양생태과학관,4731.0,4.731,2.4224255655753963,0.0,0.0,0.0,0.0,PRELIMINARY_POINT_BUFFER_PROXY,2.046498134,PRELIMINARY_90M,0.20074680697585606,0.4128093817249947,0.4128093817249947,0.0,0.3410830223333334,0.23865980275854604
63,ST002__ST011,2,ST002,월곶포구,11,ST011,배곧생명공원,3928.0,3.928,3.437997456052192,0.304495296,0.304495296,0.0,0.0,PRELIMINARY_POINT_BUFFER_PROXY,1.160746133,PRELIMINARY_90M,0.16667373870242289,0.2908669982403905,0.2908669982403905,0.304495296,0.19345768883333334,0.2388734304440367
878,ST020__ST043,20,ST020,시화공업단지[왼쪽부근],43,ST043,시흥종합버스터미널,792.0,0.792,2.422886141395766,0.407592084,0.407592084,0.0,0.0,PRELIMINARY_POINT_BUFFER_PROXY,0.610397046,PRELIMINARY_90M,0.033606313913523145,0.4127309091891228,0.4127309091891228,0.407592084,0.101732841,0.23891553702566148
148,ST003__ST044,3,ST003,배곧한울공원,44,ST044,경기과학기술대학교,4512.0,4.512,3.1706580906619517,0.229161108,0.229161108,0.0,0.0,PRELIMINARY_POINT_BUFFER_PROXY,1.318416395,PRELIMINARY_90M,0.19145415199219248,0.3153919380160053,0.3153919380160053,0.229161108,0.21973606583333335,0.2389358159603828
952,ST022__ST050,22,ST022,오이도박물관,50,ST050,시흥한라3차아파트,4574.0,4.574,3.4123151124351194,0.205257775,0.205257775,0.0,0.0,PRELIMINARY_POINT_BUFFER_PROXY,1.596050461,PRELIMINARY_90M,0.19408494929350362,0.293056170678907,0.293056170678907,0.205257775,0.26600841016666665,0.2396018262847693
1252,ST033__ST053,33,ST033,타원산업단지,53,ST053,오이도 빨강등대,6235.0,6.235,2.681993902930899,0.077964192,0.000893161,0.07707103,0.0,PRELIMINARY_POINT_BUFFER_PROXY,1.51111674,PRELIMINARY_90M,0.2645648576399202,0.3728569251806255,0.3728569251806255,0.077964192,0.25185279,0.24180969120513646
4,ST001__ST005,1,ST001,월곶역,5,ST005,배곧중·고등학교,4449.0,4.449,3.024333047970285,0.232362051,0.232362051,0.0,0.0,PRELIMINARY_POINT_BUFFER_PROXY,1.296898482,PRELIMINARY_90M,0.18878092247634404,0.3306514144237944,0.3306514144237944,0.232362051,0.216149747,0.2419860337250346
1474,ST050__ST054,50,ST050,시흥한라3차아파트,54,ST054,시흥 프리미엄 아울렛,4969.0,4.969,4.404187534909858,0.286229319,0.286229319,0.0,0.0,PRELIMINARY_POINT_BUFFER_PROXY,1.464039357,PRELIMINARY_90M,0.21084567403572793,0.22705663463998413,0.22705663463998413,0.286229319,0.24400655950000003,0.24203454679392802
807,ST018__ST043,18,ST018,정왕역,43,ST043,시흥종합버스터미널,1406.0,1.406,2.6557306312689994,0.43367149,0.43367149,0.0,0.0,PRELIMINARY_POINT_BUFFER_PROXY,0.599226145,PRELIMINARY_90M,0.05965969363941104,0.3765442128150496,0.3765442128150496,0.43367149,0.09987102416666667,0.24243660515528181
1147,ST029__ST042,29,ST029,관곡공원,42,ST042,시흥시청역,2654.0,2.654,2.6841941622399865,0.0,0.0,0.0,0.0,PRELIMINARY_POINT_BUFFER_PROXY,2.927478894,PRELIMINARY_90M,0.11261509738193236,0.37255129083713157,0.37255129083713157,0.0,0.487913149,0.24326988430476598
466,ST010__ST026,10,ST010,은계호수공원,26,ST026,은계파크자이,1220.0,1.22,2.405341600576404,0.254629654,0.254629654,0.0,0.0,PRELIMINARY_POINT_BUFFER_PROXY,1.537591702,PRELIMINARY_90M,0.051767301735477576,0.41574136486907515,0.41574136486907515,0.254629654,0.2562652836666667,0.24460090106780483
152,ST003__ST048,3,ST003,배곧한울공원,48,ST048,정왕평생학습관 사거리,4872.0,4.872,3.339952815767692,0.354358738,0.354358738,0.0,0.0,PRELIMINARY_POINT_BUFFER_PROXY,0.713851516,PRELIMINARY_90M,0.20672974922561208,0.29940542730995107,0.29940542730995107,0.354358738,0.11897525266666666,0.24486729180055747
1451,ST047__ST049,47,ST047,배곧2동행정복지센터,49,ST049,거북섬 웨이브파크 정문,6569.0,6.569,2.966831098730792,0.056069655,0.056069655,0.0,0.0,PRELIMINARY_POINT_BUFFER_PROXY,1.870627643,PRELIMINARY_90M,0.27873721729537065,0.3370599696180208,0.3370599696180208,0.056069655,0.3117712738333333,0.24590952893668122
28,ST001__ST029,1,ST001,월곶역,29,ST029,관곡공원,8007.0,8.007,2.4957917874297677,0.0,0.0,0.0,0.0,PRELIMINARY_POINT_BUFFER_PROXY,1.474024387,PRELIMINARY_90M,0.33975474179997456,0.40067444930164886,0.40067444930164886,0.0,0.24567073116666668,0.24652498056707253
30,ST001__ST031,1,ST001,월곶역,31,ST031,마전저수지,4726.0,4.726,2.1733816526852707,0.0,0.0,0.0,0.0,PRELIMINARY_POINT_BUFFER_PROXY,1.971254241,PRELIMINARY_90M,0.2005346459031697,0.4601124697838842,0.4601124697838842,0.0,0.3285423735,0.24729737229676346
158,ST003__ST054,3,ST003,배곧한울공원,54,ST054,시흥 프리미엄 아울렛,6250.0,6.25,2.6271501795122543,0.1179273,0.1179273,0.0,0.0,PRELIMINARY_POINT_BUFFER_PROXY,1.360035586,PRELIMINARY_90M,0.26520134085797936,0.3806405921513234,0.3806405921513234,0.1179273,0.22667259766666667,0.24761045766899237
1233,ST033__ST034,33,ST033,타원산업단지,34,ST034,군자디지털과학고등학교,7893.0,7.893,2.4341605952920373,0.09909245,0.09909245,0.0,0.0,PRELIMINARY_POINT_BUFFER_PROXY,0.916931401,PRELIMINARY_90M,0.334917469342725,0.41081923761896466,0.41081923761896466,0.09909245,0.15282190016666666,0.24941276428208906
49,ST001__ST050,1,ST001,월곶역,50,ST050,시흥한라3차아파트,6292.0,6.292,3.4684809422228047,0.250376476,0.250376476,0.0,0.0,PRELIMINARY_POINT_BUFFER_PROXY,1.158846195,PRELIMINARY_90M,0.266983493868545,0.28831065145168183,0.28831065145168183,0.250376476,0.1931410325,0.2497029134550567
843,ST019__ST043,19,ST019,시화병원,43,ST043,시흥종합버스터미널,1504.0,1.504,1.864455410627717,0.337651847,0.337651847,0.0,0.0,PRELIMINARY_POINT_BUFFER_PROXY,0.368706378,PRELIMINARY_90M,0.06381805066406415,0.5363496462826773,0.5363496462826773,0.337651847,0.061451063,0.2498176517366854
966,ST023__ST032,23,ST023,오이도역,32,ST032,희망공원,4753.0,4.753,3.3059758975034406,0.337259679,0.337259679,0.0,0.0,PRELIMINARY_POINT_BUFFER_PROXY,0.950310486,PRELIMINARY_90M,0.20168031569567615,0.3024825440364419,0.3024825440364419,0.337259679,0.158385081,0.24995190493302952
1408,ST043__ST044,43,ST043,시흥종합버스터미널,44,ST044,경기과학기술대학교,734.0,0.734,2.289035195013716,0.336285385,0.336285385,0.0,0.0,PRELIMINARY_POINT_BUFFER_PROXY,1.176164054,PRELIMINARY_90M,0.0311452454703611,0.4368652793885976,0.4368652793885976,0.336285385,0.19602734233333333,0.250080813048073
1283,ST035__ST043,35,ST035,산들공원,43,ST043,시흥종합버스터미널,6007.0,6.007,2.9570423267955706,0.286392525,0.286392525,0.0,0.0,PRELIMINARY_POINT_BUFFER_PROXY,0.727637936,PRELIMINARY_90M,0.2548903127254211,0.33817574775253906,0.33817574775253906,0.286392525,0.12127298933333334,0.2501828937028234
916,ST021__ST047,21,ST021,오이도 포구 해양관광 단지,47,ST047,배곧2동행정복지센터,3762.0,3.762,2.469042411414725,0.254750012,0.237212965,0.071741573,0.0,PRELIMINARY_POINT_BUFFER_PROXY,1.099645611,PRELIMINARY_90M,0.15962999108923495,0.40501531904711785,0.40501531904711785,0.254750012,0.18327426849999998,0.2506673976590882
1424,ST044__ST049,44,ST044,경기과학기술대학교,49,ST049,거북섬 웨이브파크 정문,7754.0,7.754,2.513106231387435,0.113143833,0.113143833,0.0,0.0,PRELIMINARY_POINT_BUFFER_PROXY,0.978919207,PRELIMINARY_90M,0.3290193915220435,0.3979139391365562,0.3979139391365562,0.113143833,0.16315320116666668,0.25080759120631657
150,ST003__ST046,3,ST003,배곧한울공원,46,ST046,배곧1동행정복지센터,5422.0,5.422,2.6242919561257807,0.202915765,0.202915765,0.0,0.0,PRELIMINARY_POINT_BUFFER_PROXY,1.137142625,PRELIMINARY_90M,0.23006746722111426,0.38105516334253114,0.38105516334253114,0.202915765,0.18952377083333335,0.2508905415992447
210,ST004__ST055,4,ST004,배곧중심상가,55,ST055,해양생태과학관,7399.0,7.399,3.484870986965943,0.130920651,0.130920651,0.0,0.0,PRELIMINARY_POINT_BUFFER_PROXY,1.632000824,PRELIMINARY_90M,0.3139559553613103,0.286954668835714,0.286954668835714,0.130920651,0.27200013733333334,0.25095785313258945
1231,ST032__ST054,32,ST032,희망공원,54,ST054,시흥 프리미엄 아울렛,8455.0,8.455,2.7386541658288084,0.087175815,0.087175815,0.0,0.0,PRELIMINARY_POINT_BUFFER_PROXY,1.159493291,PRELIMINARY_90M,0.3587643739126745,0.36514285464640495,0.36514285464640495,0.087175815,0.19324888183333333,0.25108298134810325
1475,ST050__ST055,50,ST050,시흥한라3차아파트,55,ST055,해양생태과학관,6177.0,6.177,3.092450020662885,0.125600025,0.125600025,0.0,0.0,PRELIMINARY_POINT_BUFFER_PROXY,1.783196728,PRELIMINARY_90M,0.2621037891967582,0.3233682010439231,0.3233682010439231,0.125600025,0.2971994546666667,0.252067867476837
39,ST001__ST040,1,ST001,월곶역,40,ST040,갯골생태공원,5747.0,5.747,2.2745800351507977,0.059449603,0.059449603,0.0,0.0,PRELIMINARY_POINT_BUFFER_PROXY,1.594274833,PRELIMINARY_90M,0.2438579369457292,0.4396415973701726,0.4396415973701726,0.059449603,0.26571247216666666,0.2521654023706421
1456,ST047__ST054,47,ST047,배곧2동행정복지센터,54,ST054,시흥 프리미엄 아울렛,4676.0,4.676,2.493630104144614,0.19531706,0.19531706,0.0,0.0,PRELIMINARY_POINT_BUFFER_PROXY,1.283984,PRELIMINARY_90M,0.19841303517630585,0.4010217868070808,0.4010217868070808,0.19531706,0.21399733333333334,0.25218730382918
1285,ST035__ST045,35,ST035,산들공원,45,ST045,시흥중앙도서관,6104.0,6.104,3.104005896090232,0.305870296,0.305870296,0.0,0.0,PRELIMINARY_POINT_BUFFER_PROXY,0.734142852,PRELIMINARY_90M,0.259006237535537,0.3221643364980678,0.3221643364980678,0.305870296,0.12235714199999999,0.2523495030084012
166,ST004__ST011,4,ST004,배곧중심상가,11,ST011,배곧생명공원,2231.0,2.231,3.33315178950529,0.458588112,0.458588112,0.0,0.0,PRELIMINARY_POINT_BUFFER_PROXY,0.948297628,PRELIMINARY_90M,0.09466627063266432,0.3000163398344427,0.3000163398344427,0.458588112,0.15804960466666665,0.2528300817834434
22,ST001__ST023,1,ST001,월곶역,23,ST023,오이도역,5851.0,5.851,3.2813856216322828,0.265377551,0.265377551,0.0,0.0,PRELIMINARY_POINT_BUFFER_PROXY,1.177724274,PRELIMINARY_90M,0.248270887257606,0.3047493087699223,0.3047493087699223,0.265377551,0.196287379,0.25367128150688206
988,ST023__ST054,23,ST023,오이도역,54,ST054,시흥 프리미엄 아울렛,4175.0,4.175,3.62850171203835,0.340947009,0.340947009,0.0,0.0,PRELIMINARY_POINT_BUFFER_PROXY,1.34126926,PRELIMINARY_90M,0.17715449569313022,0.2755958462641152,0.2755958462641152,0.340947009,0.22354487666666667,0.25431055690597804
1444,ST046__ST050,46,ST046,배곧1동행정복지센터,50,ST050,시흥한라3차아파트,2363.0,2.363,4.178737580648687,0.479447383,0.479447383,0.0,0.0,PRELIMINARY_POINT_BUFFER_PROXY,1.190735572,PRELIMINARY_90M,0.10026732295158484,0.23930672378923704,0.23930672378923704,0.479447383,0.19845592866666664,0.25436933960187214
946,ST022__ST044,22,ST022,오이도박물관,44,ST044,경기과학기술대학교,5868.0,5.868,2.379436484924746,0.130076716,0.130076716,0.0,0.0,PRELIMINARY_POINT_BUFFER_PROXY,1.329196574,PRELIMINARY_90M,0.24899223490473968,0.42026757441757345,0.42026757441757345,0.130076716,0.22153276233333333,0.2552173219139116
1465,ST049__ST050,49,ST049,거북섬 웨이브파크 정문,50,ST050,시흥한라3차아파트,6734.0,6.734,2.955151712758751,0.139358768,0.139358768,0.0,0.0,PRELIMINARY_POINT_BUFFER_PROXY,1.546127024,PRELIMINARY_90M,0.2857385326940213,0.33839210206451986,0.33839210206451986,0.139358768,0.25768783733333334,0.25529431002296865
892,ST021__ST023,21,ST021,오이도 포구 해양관광 단지,23,ST023,오이도역,5955.0,5.955,3.15826320833615,0.311273482,0.30019066,0.045338256,0.0,PRELIMINARY_POINT_BUFFER_PROXY,0.862008045,PRELIMINARY_90M,0.25268383756948276,0.3166297214749319,0.3166297214749319,0.311273482,0.1436680075,0.2560637621361037
784,ST018__ST020,18,ST018,정왕역,20,ST020,시화공업단지[왼쪽부근],1949.0,1.949,3.244027725944256,0.540858498,0.540858498,0.0,0.0,PRELIMINARY_POINT_BUFFER_PROXY,0.564911031,PRELIMINARY_90M,0.0827003861331523,0.30825877103406224,0.30825877103406224,0.540858498,0.09415183849999999,0.25649237341680364
1159,ST029__ST054,29,ST029,관곡공원,54,ST054,시흥 프리미엄 아울렛,7734.0,7.734,2.5790384343041506,0.052274076,0.052274076,0.0,0.0,PRELIMINARY_POINT_BUFFER_PROXY,1.570475598,PRELIMINARY_90M,0.328170747231298,0.38774141040275334,0.38774141040275334,0.052274076,0.261745933,0.2574830416585128
195,ST004__ST040,4,ST004,배곧중심상가,40,ST040,갯골생태공원,7040.0,7.04,2.9717888971519195,0.137297876,0.137297876,0.0,0.0,PRELIMINARY_POINT_BUFFER_PROXY,1.550786437,PRELIMINARY_90M,0.298722790342428,0.33649765666678827,0.33649765666678827,0.137297876,0.25846440616666666,0.2577456822939707
914,ST021__ST045,21,ST021,오이도 포구 해양관광 단지,45,ST045,시흥중앙도서관,5683.0,5.683,3.1106854785594846,0.354343024,0.342731054,0.047502923,0.0,PRELIMINARY_POINT_BUFFER_PROXY,0.685024673,PRELIMINARY_90M,0.24114227521534348,0.32147255223729215,0.32147255223729215,0.354343024,0.11417077883333333,0.25778215757149225
46,ST001__ST047,1,ST001,월곶역,47,ST047,배곧2동행정복지센터,7096.0,7.096,2.7538987961978174,0.159419462,0.159419462,0.0,0.0,PRELIMINARY_POINT_BUFFER_PROXY,1.244990657,PRELIMINARY_90M,0.3010989943565155,0.36312155021116044,0.36312155021116044,0.159419462,0.20749844283333332,0.2577846123502523
2,ST001__ST003,1,ST001,월곶역,3,ST003,배곧한울공원,7959.0,7.959,2.7809772669852264,0.119946818,0.119946818,0.0,0.0,PRELIMINARY_POINT_BUFFER_PROXY,1.288859792,PRELIMINARY_90M,0.3377179955021853,0.3595858232541648,0.3595858232541648,0.119946818,0.21480996533333332,0.25801515052242086
890,ST020__ST055,20,ST020,시화공업단지[왼쪽부근],55,ST055,해양생태과학관,7845.0,7.845,3.112517680994103,0.111759441,0.111759441,0.0,0.0,PRELIMINARY_POINT_BUFFER_PROXY,1.607476394,PRELIMINARY_90M,0.3328807230449357,0.32128331546717875,0.32128331546717875,0.111759441,0.26791273233333335,0.25845905296136196
45,ST001__ST046,1,ST001,월곶역,46,ST046,배곧1동행정복지센터,4670.0,4.67,2.9757922070900085,0.286688266,0.286688266,0.0,0.0,PRELIMINARY_POINT_BUFFER_PROXY,1.278413692,PRELIMINARY_90M,0.1981584418890822,0.33604496900604763,0.33604496900604763,0.286688266,0.21306894866666667,0.2584901563904491
1253,ST033__ST054,33,ST033,타원산업단지,54,ST054,시흥 프리미엄 아울렛,9930.0,9.93,2.6675480936559572,0.074252772,0.074252772,0.0,0.0,PRELIMINARY_POINT_BUFFER_PROXY,0.983376333,PRELIMINARY_90M,0.42135189035515763,0.37487609028614327,0.37487609028614327,0.074252772,0.1638960555,0.25859420203532524
204,ST004__ST049,4,ST004,배곧중심상가,49,ST049,거북섬 웨이브파크 정문,7854.0,7.854,3.4464176884293347,0.147770832,0.147770832,0.0,0.0,PRELIMINARY_POINT_BUFFER_PROXY,1.589330031,PRELIMINARY_90M,0.3332626129757712,0.2901563566590614,0.2901563566590614,0.147770832,0.2648883385,0.25901953503370817
1320,ST037__ST043,37,ST037,군자동행정복지센터,43,ST043,시흥종합버스터미널,5459.0,5.459,3.293489234867605,0.297239452,0.297239452,0.0,0.0,PRELIMINARY_POINT_BUFFER_PROXY,1.231122529,PRELIMINARY_90M,0.2316374591589935,0.3036293513314608,0.3036293513314608,0.297239452,0.20518708816666667,0.2594233376642803
1440,ST045__ST055,45,ST045,시흥중앙도서관,55,ST055,해양생태과학관,7392.0,7.392,3.3734927062029856,0.179871299,0.179871299,0.0,0.0,PRELIMINARY_POINT_BUFFER_PROXY,1.48798843,PRELIMINARY_90M,0.31365892985954935,0.29642868299707814,0.29642868299707814,0.179871299,0.24799807166666665,0.25948924588082356
1455,ST047__ST053,47,ST047,배곧2동행정복지센터,53,ST053,오이도 빨강등대,3916.0,3.916,2.403030548620091,0.248901852,0.232677883,0.071569275,0.0,PRELIMINARY_POINT_BUFFER_PROXY,1.249750909,PRELIMINARY_90M,0.16616455212797557,0.4161411932837213,0.4161411932837213,0.248901852,0.20829181816666667,0.2598748538945909
939,ST022__ST037,22,ST022,오이도박물관,37,ST037,군자동행정복지센터,11358.0,11.358,3.1231643935948163,0.029286142,0.029286142,0.0,0.0,PRELIMINARY_POINT_BUFFER_PROXY,1.250201499,PRELIMINARY_90M,0.4819450927143888,0.32018807657094944,0.32018807657094944,0.029286142,0.20836691650000003,0.25994655694633456
950,ST022__ST048,22,ST022,오이도박물관,48,ST048,정왕평생학습관 사거리,6448.0,6.448,3.430556160293327,0.267540036,0.267540036,0.0,0.0,PRELIMINARY_POINT_BUFFER_PROXY,1.248461824,PRELIMINARY_90M,0.27360291933636016,0.29149792432329563,0.29149792432329563,0.267540036,0.20807697066666667,0.26017946258158064
188,ST004__ST033,4,ST004,배곧중심상가,33,ST033,타원산업단지,6860.0,6.86,3.5719657412189014,0.329150295,0.329150295,0.0,0.0,PRELIMINARY_POINT_BUFFER_PROXY,0.846409732,PRELIMINARY_90M,0.29108499172571817,0.27995789222176554,0.27995789222176554,0.329150295,0.14106828866666668,0.2603153669035376
1223,ST032__ST046,32,ST032,희망공원,46,ST046,배곧1동행정복지센터,6177.0,6.177,3.771236322539583,0.329159995,0.329159995,0.0,0.0,PRELIMINARY_POINT_BUFFER_PROXY,1.116068504,PRELIMINARY_90M,0.2621037891967582,0.26516503196134666,0.26516503196134666,0.329159995,0.18601141733333335,0.26061005837285955
31,ST001__ST032,1,ST001,월곶역,32,ST032,희망공원,9862.0,9.862,3.6110472422904527,0.173219947,0.173219947,0.0,0.0,PRELIMINARY_POINT_BUFFER_PROXY,1.055008756,PRELIMINARY_90M,0.4184664997666228,0.2769279748790297,0.2769279748790297,0.173219947,0.17583479266666668,0.2611123035780798
178,ST004__ST023,4,ST004,배곧중심상가,23,ST023,오이도역,1713.0,1.713,2.7144915430768712,0.4750888,0.4750888,0.0,0.0,PRELIMINARY_POINT_BUFFER_PROXY,0.778708558,PRELIMINARY_90M,0.07268638350235498,0.36839311677003855,0.36839311677003855,0.4750888,0.12978475966666667,0.261488264984765
1322,ST037__ST045,37,ST037,군자동행정복지센터,45,ST045,시흥중앙도서관,5556.0,5.556,3.4490973986733664,0.318446298,0.318446298,0.0,0.0,PRELIMINARY_POINT_BUFFER_PROXY,1.229092844,PRELIMINARY_90M,0.23575338396910936,0.28993092522833136,0.28993092522833136,0.318446298,0.20484880733333333,0.2622448536326935
516,ST011__ST032,11,ST011,배곧생명공원,32,ST032,희망공원,5259.0,5.259,3.441392197250164,0.37181668,0.37181668,0.0,0.0,PRELIMINARY_POINT_BUFFER_PROXY,0.983456995,PRELIMINARY_90M,0.22315101625153816,0.29058007419179005,0.29058007419179005,0.37181668,0.16390949916666667,0.2623643174024987
1381,ST041__ST042,41,ST041,연꽃테마파크,42,ST042,시흥시청역,3357.0,3.357,2.4375560527901543,0.0,0.0,0.0,0.0,PRELIMINARY_POINT_BUFFER_PROXY,2.986825232,PRELIMINARY_90M,0.1424449442016379,0.4102469762101871,0.4102469762101871,0.0,0.49780420533333336,0.2626240314362896
1449,ST046__ST055,46,ST046,배곧1동행정복지센터,55,ST055,해양생태과학관,7851.0,7.851,3.5232407663534175,0.164232235,0.164232235,0.0,0.0,PRELIMINARY_POINT_BUFFER_PROXY,1.618401666,PRELIMINARY_90M,0.33313531633215937,0.28382959505631744,0.28382959505631744,0.164232235,0.269733611,0.2627326893471192
1420,ST044__ST045,44,ST044,경기과학기술대학교,45,ST045,시흥중앙도서관,1383.0,1.383,2.7968941464619532,0.482850734,0.482850734,0.0,0.0,PRELIMINARY_POINT_BUFFER_PROXY,0.927116456,PRELIMINARY_90M,0.058683752705053674,0.35753945184696795,0.35753945184696795,0.482850734,0.15451940933333333,0.26339833697133874
260,ST005__ST055,5,ST005,배곧중·고등학교,55,ST055,해양생태과학관,8840.0,8.84,2.8691554302913267,0.061797594,0.061797594,0.0,0.0,PRELIMINARY_POINT_BUFFER_PROXY,1.619226112,PRELIMINARY_90M,0.37510077650952606,0.34853462083037534,0.34853462083037534,0.061797594,0.2698710186666667,0.263826002501642
870,ST020__ST035,20,ST020,시화공업단지[왼쪽부근],35,ST035,산들공원,6684.0,6.684,2.869246069005407,0.270890511,0.270890511,0.0,0.0,PRELIMINARY_POINT_BUFFER_PROXY,0.916932044,PRELIMINARY_90M,0.2836169219671575,0.3485236107151448,0.3485236107151448,0.270890511,0.15282200733333332,0.2639632627539089
122,ST003__ST018,3,ST003,배곧한울공원,18,ST018,정왕역,5451.0,5.451,3.333807360654543,0.424690025,0.424690025,0.0,0.0,PRELIMINARY_POINT_BUFFER_PROXY,0.607883835,PRELIMINARY_90M,0.2312980014426953,0.29995734360717985,0.29995734360717985,0.424690025,0.1013139725,0.2643148356374688
948,ST022__ST046,22,ST022,오이도박물관,46,ST046,배곧1동행정복지센터,7632.0,7.632,2.8793899893338257,0.144096576,0.144096576,0.0,0.0,PRELIMINARY_POINT_BUFFER_PROXY,1.456814235,PRELIMINARY_90M,0.32384266134849576,0.3472957826846371,0.3472957826846371,0.144096576,0.2428023725,0.26450934813328325
533,ST011__ST049,11,ST011,배곧생명공원,49,ST049,거북섬 웨이브파크 정문,7867.0,7.867,3.231375254896857,0.159105909,0.159105909,0.0,0.0,PRELIMINARY_POINT_BUFFER_PROXY,1.540417714,PRELIMINARY_90M,0.3338142317647558,0.3094657602779468,0.3094657602779468,0.159105909,0.2567362856666667,0.2647805466773423
956,ST022__ST054,22,ST022,오이도박물관,54,ST054,시흥 프리미엄 아울렛,8460.0,8.46,2.856440174871226,0.087101923,0.087101923,0.0,0.0,PRELIMINARY_POINT_BUFFER_PROXY,1.590310318,PRELIMINARY_90M,0.35897653498536086,0.35008609975354443,0.35008609975354443,0.087101923,0.2650517196666667,0.265304069351393
832,ST019__ST032,19,ST019,시화병원,32,ST032,희망공원,3411.0,3.411,2.341371222142413,0.388053631,0.388053631,0.0,0.0,PRELIMINARY_POINT_BUFFER_PROXY,0.618345546,PRELIMINARY_90M,0.14473628378665082,0.42710014992196543,0.42710014992196543,0.388053631,0.103057591,0.26573691392715404
1419,ST043__ST055,43,ST043,시흥종합버스터미널,55,ST055,해양생태과학관,8039.0,8.039,3.364264252340225,0.190440676,0.190440676,0.0,0.0,PRELIMINARY_POINT_BUFFER_PROXY,1.405590741,PRELIMINARY_90M,0.34111257266516737,0.2972418112829238,0.2972418112829238,0.190440676,0.23426512349999998,0.2657650458620228
884,ST020__ST049,20,ST020,시화공업단지[왼쪽부근],49,ST049,거북섬 웨이브파크 정문,8300.0,8.3,3.096464115950926,0.128758926,0.128758926,0.0,0.0,PRELIMINARY_POINT_BUFFER_PROXY,1.567717024,PRELIMINARY_90M,0.3521873806593966,0.32294900329981685,0.32294900329981685,0.128758926,0.26128617066666665,0.26629537015647003
102,ST002__ST050,2,ST002,월곶포구,50,ST050,시흥한라3차아파트,4747.0,4.747,3.523226276440958,0.399957822,0.399957822,0.0,0.0,PRELIMINARY_POINT_BUFFER_PROXY,1.080085862,PRELIMINARY_90M,0.2014257224084525,0.28383076235743954,0.28383076235743954,0.399957822,0.18001431033333334,0.26630715427480633
1208,ST031__ST054,31,ST031,마전저수지,54,ST054,시흥 프리미엄 아울렛,4873.0,4.873,2.554776513686962,0.082913841,0.082913841,0.0,0.0,PRELIMINARY_POINT_BUFFER_PROXY,2.312195954,PRELIMINARY_90M,0.20677218144014936,0.3914236703847085,0.3914236703847085,0.082913841,0.3853659923333333,0.2666189212895478
1434,ST045__ST049,45,ST045,시흥중앙도서관,49,ST049,거북섬 웨이브파크 정문,7847.0,7.847,3.3414189443190656,0.193917601,0.193917601,0.0,0.0,PRELIMINARY_POINT_BUFFER_PROXY,1.453478259,PRELIMINARY_90M,0.3329655874740103,0.2992740559217084,0.2992740559217084,0.193917601,0.2422463765,0.26710090522392965
1230,ST032__ST053,32,ST032,희망공원,53,ST053,오이도 빨강등대,4261.0,4.261,2.5365996710680383,0.114060629,0.001306683,0.112753945,0.0,PRELIMINARY_POINT_BUFFER_PROXY,2.285603339,PRELIMINARY_90M,0.180803666143336,0.394228545956938,0.394228545956938,0.114060629,0.3809338898333334,0.26750668273340183
1225,ST032__ST048,32,ST032,희망공원,48,ST048,정왕평생학습관 사거리,4339.0,4.339,3.4681877374468693,0.435644018,0.435644018,0.0,0.0,PRELIMINARY_POINT_BUFFER_PROXY,0.974972519,PRELIMINARY_90M,0.1841133788772436,0.28833502558202256,0.28833502558202256,0.435644018,0.16249541983333335,0.26764696057314985
258,ST005__ST053,5,ST005,배곧중·고등학교,53,ST053,오이도 빨강등대,6642.0,6.642,2.494332228519753,0.202414333,0.1928514,0.042185248,0.0,PRELIMINARY_POINT_BUFFER_PROXY,1.120074325,PRELIMINARY_90M,0.2818347689565918,0.40090890402095486,0.40090890402095486,0.202414333,0.18667905416666666,0.26795926503605333
872,ST020__ST037,20,ST020,시화공업단지[왼쪽부근],37,ST037,군자동행정복지센터,5501.0,5.501,3.257775175996918,0.311230757,0.311230757,0.0,0.0,PRELIMINARY_POINT_BUFFER_PROXY,1.3216431,PRELIMINARY_90M,0.23341961216955914,0.3069579531969968,0.3069579531969968,0.311230757,0.22027385,0.267970543091639
1284,ST035__ST044,35,ST035,산들공원,44,ST044,경기과학기술대학교,6030.0,6.03,2.956928367155461,0.339457259,0.339457259,0.0,0.0,PRELIMINARY_POINT_BUFFER_PROXY,0.834605206,PRELIMINARY_90M,0.2558662536597785,0.33818878100249383,0.33818878100249383,0.339457259,0.13910086766666666,0.2681532903322348
1221,ST032__ST044,32,ST032,희망공원,44,ST044,경기과학기술대학교,3013.0,3.013,1.8686990225704272,0.253343793,0.253343793,0.0,0.0,PRELIMINARY_POINT_BUFFER_PROXY,0.950254229,PRELIMINARY_90M,0.1278482624008147,0.5351316546548427,0.5351316546548427,0.253343793,0.15837570483333333,0.2686748537222477
539,ST011__ST055,11,ST011,배곧생명공원,55,ST055,해양생태과학관,7172.0,7.172,3.0753891937864077,0.173700065,0.173700065,0.0,0.0,PRELIMINARY_POINT_BUFFER_PROXY,1.631005404,PRELIMINARY_90M,0.3043238426613485,0.32516209721372,0.32516209721372,0.173700065,0.271834234,0.2687550597187671
55,ST002__ST003,2,ST002,월곶포구,3,ST003,배곧한울공원,6181.0,6.181,2.4749749767137175,0.199057367,0.199057367,0.0,0.0,PRELIMINARY_POINT_BUFFER_PROXY,1.283031499,PRELIMINARY_90M,0.2622735180549073,0.40404448909936225,0.40404448909936225,0.199057367,0.21383858316666668,0.26980348933023407
1430,ST044__ST055,44,ST044,경기과학기술대학교,55,ST055,해양생태과학관,7838.0,7.838,2.9528465126074575,0.13159171,0.13159171,0.0,0.0,PRELIMINARY_POINT_BUFFER_PROXY,1.662189575,PRELIMINARY_90M,0.3325836975431748,0.3386562747946449,0.3386562747946449,0.13159171,0.2770315958333333,0.26996581954278825
154,ST003__ST050,3,ST003,배곧한울공원,50,ST050,시흥한라3차아파트,2180.0,2.18,2.3816694054634513,0.421831523,0.421831523,0.0,0.0,PRELIMINARY_POINT_BUFFER_PROXY,0.87801536,PRELIMINARY_90M,0.0925022276912632,0.41987355495520967,0.41987355495520967,0.421831523,0.14633589333333333,0.27013579974495155
1443,ST046__ST049,46,ST046,배곧1동행정복지센터,49,ST049,거북섬 웨이브파크 정문,8306.0,8.306,3.48477898206516,0.178349401,0.178349401,0.0,0.0,PRELIMINARY_POINT_BUFFER_PROXY,1.578347877,PRELIMINARY_90M,0.3524419739466203,0.28696224499362,0.28696224499362,0.178349401,0.2630579795,0.2702028998600601
879,ST020__ST044,20,ST020,시화공업단지[왼쪽부근],44,ST044,경기과학기술대학교,406.0,0.406,2.506476981067469,0.352976565,0.352976565,0.0,0.0,PRELIMINARY_POINT_BUFFER_PROXY,1.876973273,PRELIMINARY_90M,0.01722747910213434,0.39896636097336735,0.39896636097336735,0.352976565,0.3128288788333333,0.27049982097720876
175,ST004__ST020,4,ST004,배곧중심상가,20,ST020,시화공업단지[왼쪽부근],5086.0,5.086,4.0907536789867915,0.503240937,0.503240937,0.0,0.0,PRELIMINARY_POINT_BUFFER_PROXY,0.713569367,PRELIMINARY_90M,0.2158102431365893,0.2444537311392659,0.2444537311392659,0.503240937,0.11892822783333333,0.27060828477729715
84,ST002__ST032,2,ST002,월곶포구,32,ST032,희망공원,9083.0,9.083,2.650593250822116,0.135475524,0.135475524,0.0,0.0,PRELIMINARY_POINT_BUFFER_PROXY,1.129956495,PRELIMINARY_90M,0.38541180464208424,0.3772740308947202,0.3772740308947202,0.135475524,0.18832608250000002,0.2716218605092011
254,ST005__ST049,5,ST005,배곧중·고등학교,49,ST049,거북섬 웨이브파크 정문,9295.0,9.295,2.866697133352073,0.079416582,0.079416582,0.0,0.0,PRELIMINARY_POINT_BUFFER_PROXY,1.583882716,PRELIMINARY_90M,0.39440743412398693,0.3488335019300363,0.3488335019300363,0.079416582,0.26398045266666664,0.2716594926801725
1485,ST054__ST055,54,ST054,시흥 프리미엄 아울렛,55,ST055,해양생태과학관,8785.0,8.785,3.358124896093023,0.167963511,0.167963511,0.0,0.0,PRELIMINARY_POINT_BUFFER_PROXY,1.501812599,PRELIMINARY_90M,0.3727670047099758,0.2977852316223974,0.2977852316223974,0.167963511,0.25030209983333335,0.27220446179142666
883,ST020__ST048,20,ST020,시화공업단지[왼쪽부근],48,ST048,정왕평생학습관 사거리,2009.0,2.009,2.934480706161243,0.546394757,0.546394757,0.0,0.0,PRELIMINARY_POINT_BUFFER_PROXY,0.706491352,PRELIMINARY_90M,0.08524631900538888,0.34077579651500095,0.34077579651500095,0.546394757,0.11774855866666667,0.27254135779676414
1413,ST043__ST049,43,ST043,시흥종합버스터미널,49,ST049,거북섬 웨이브파크 정문,8494.0,8.494,3.335129847015469,0.202851064,0.202851064,0.0,0.0,PRELIMINARY_POINT_BUFFER_PROXY,1.378385947,PRELIMINARY_90M,0.3604192302796283,0.2998384008631259,0.2998384008631259,0.202851064,0.22973099116666665,0.2732099215773552
1393,ST041__ST054,41,ST041,연꽃테마파크,54,ST054,시흥 프리미엄 아울렛,8437.0,8.437,2.489736395352416,0.047911633,0.047911633,0.0,0.0,PRELIMINARY_POINT_BUFFER_PROXY,1.716462461,PRELIMINARY_90M,0.35800059405100354,0.40164894639717574,0.40164894639717574,0.047911633,0.28607707683333333,0.2734095625703782
157,ST003__ST053,3,ST003,배곧한울공원,53,ST053,오이도 빨강등대,2485.0,2.485,2.0743268960726615,0.321268247,0.295693025,0.112820736,0.0,PRELIMINARY_POINT_BUFFER_PROXY,1.113752047,PRELIMINARY_90M,0.1054440531251326,0.4820840928656459,0.4820840928656459,0.321268247,0.18562534116666665,0.2736054335393613
1371,ST040__ST046,40,ST040,갯골생태공원,46,ST046,배곧1동행정복지센터,6643.0,6.643,2.6207233450820753,0.201536217,0.201536217,0.0,0.0,PRELIMINARY_POINT_BUFFER_PROXY,1.380841974,PRELIMINARY_90M,0.28187720117112913,0.3815740420966419,0.3815740420966419,0.201536217,0.230140329,0.2737819473169428
1263,ST034__ST043,34,ST034,군자디지털과학고등학교,43,ST043,시흥종합버스터미널,6443.0,6.443,2.8546434756622054,0.334548381,0.334548381,0.0,0.0,PRELIMINARY_POINT_BUFFER_PROXY,0.832123125,PRELIMINARY_90M,0.27339075826367376,0.35030644230205493,0.35030644230205493,0.334548381,0.1386871875,0.27423319226643217
507,ST011__ST023,11,ST011,배곧생명공원,23,ST023,오이도역,1921.0,1.921,2.767167983295987,0.54035387,0.54035387,0.0,0.0,PRELIMINARY_POINT_BUFFER_PROXY,0.683327862,PRELIMINARY_90M,0.08151228412610854,0.3613803014621813,0.3613803014621813,0.54035387,0.11388797699999999,0.2742836081470725
1412,ST043__ST048,43,ST043,시흥종합버스터미널,48,ST048,정왕평생학습관 사거리,1307.0,1.307,3.0428754779308687,0.59325425,0.59325425,0.0,0.0,PRELIMINARY_POINT_BUFFER_PROXY,0.728620186,PRELIMINARY_90M,0.055458904400220645,0.3286365174167403,0.3286365174167403,0.59325425,0.12143669766666666,0.27469659237090693
1288,ST035__ST048,35,ST035,산들공원,48,ST048,정왕평생학습관 사거리,6740.0,6.74,3.084409976243774,0.362180104,0.362180104,0.0,0.0,PRELIMINARY_POINT_BUFFER_PROXY,0.763853952,PRELIMINARY_90M,0.285993125981245,0.3242111158056265,0.3242111158056265,0.362180104,0.12730899199999998,0.27492333444671785
1439,ST045__ST054,45,ST045,시흥중앙도서관,54,ST054,시흥 프리미엄 아울렛,6917.0,6.917,4.195062440228731,0.369304599,0.369304599,0.0,0.0,PRELIMINARY_POINT_BUFFER_PROXY,1.195975935,PRELIMINARY_90M,0.2935036279543429,0.23837547456039204,0.23837547456039204,0.369304599,0.19932932250000002,0.27512825600368374
1265,ST034__ST045,34,ST034,군자디지털과학고등학교,45,ST045,시흥중앙도서관,6540.0,6.54,2.9933398472819306,0.352023517,0.352023517,0.0,0.0,PRELIMINARY_POINT_BUFFER_PROXY,0.836864495,PRELIMINARY_90M,0.2775066830737896,0.3340749968327315,0.3340749968327315,0.352023517,0.13947741583333334,0.27577065318496363
912,ST021__ST043,21,ST021,오이도 포구 해양관광 단지,43,ST043,시흥종합버스터미널,6933.0,6.933,2.4234188576339304,0.1092334,0.031860253,0.077373148,0.0,PRELIMINARY_POINT_BUFFER_PROXY,1.726597,PRELIMINARY_90M,0.2941825433869394,0.412640182628741,0.412640182628741,0.1092334,0.28776616666666666,0.2759555731705868
75,ST002__ST023,2,ST002,월곶포구,23,ST023,오이도역,4306.0,4.306,3.2745199097294737,0.435659498,0.435659498,0.0,0.0,PRELIMINARY_POINT_BUFFER_PROXY,1.096657756,PRELIMINARY_90M,0.18271311579751348,0.30538827906611066,0.30538827906611066,0.435659498,0.18277629266666665,0.2766342963825727
99,ST002__ST047,2,ST002,월곶포구,47,ST047,배곧2동행정복지센터,5318.0,5.318,2.389084237673916,0.264626121,0.264626121,0.0,0.0,PRELIMINARY_POINT_BUFFER_PROXY,1.218655464,PRELIMINARY_90M,0.2256545169092375,0.418570423022685,0.418570423022685,0.264626121,0.203109244,0.2779900762329806
1464,ST048__ST055,48,ST048,정왕평생학습관 사거리,55,ST055,해양생태과학관,8209.0,8.209,3.335914687355277,0.234802841,0.234802841,0.0,0.0,PRELIMINARY_POINT_BUFFER_PROXY,1.389563725,PRELIMINARY_90M,0.34832604913650445,0.29976785791030014,0.29976785791030014,0.234802841,0.23159395416666664,0.27862267555336784
1418,ST043__ST054,43,ST043,시흥종합버스터미널,54,ST054,시흥 프리미엄 아울렛,7564.0,7.564,4.11485418504352,0.364312082,0.364312082,0.0,0.0,PRELIMINARY_POINT_BUFFER_PROXY,1.126489925,PRELIMINARY_90M,0.32095727075996094,0.2430219772148314,0.2430219772148314,0.364312082,0.18774832083333334,0.2790099127020314
1321,ST037__ST044,37,ST037,군자동행정복지센터,44,ST044,경기과학기술대학교,5482.0,5.482,3.2920678770932374,0.355555321,0.355555321,0.0,0.0,PRELIMINARY_POINT_BUFFER_PROXY,1.34534686,PRELIMINARY_90M,0.23261340009335088,0.30376044399271607,0.30376044399271607,0.355555321,0.22422447666666667,0.2790384104381834
1235,ST033__ST036,33,ST033,타원산업단지,36,ST036,시흥시립군자도서관,8292.0,8.292,2.7666997178454844,0.141881676,0.141881676,0.0,0.0,PRELIMINARY_POINT_BUFFER_PROXY,1.568226714,PRELIMINARY_90M,0.3518479229430984,0.3614414652771683,0.3614414652771683,0.141881676,0.261371119,0.27913554580506666
902,ST021__ST033,21,ST021,오이도 포구 해양관광 단지,33,ST033,타원산업단지,5896.0,5.896,2.0051291254395327,0.090975076,0.0,0.090975076,0.0,PRELIMINARY_POINT_BUFFER_PROXY,1.669667414,PRELIMINARY_90M,0.25018033691178343,0.4987209987191203,0.4987209987191203,0.090975076,0.2782779023333333,0.2795385784910593
1249,ST033__ST050,33,ST033,타원산업단지,50,ST050,시흥한라3차아파트,6446.0,6.446,3.5655488582742394,0.470601858,0.470601858,0.0,0.0,PRELIMINARY_POINT_BUFFER_PROXY,0.562920837,PRELIMINARY_90M,0.2735180549072856,0.28046172966593697,0.28046172966593697,0.470601858,0.0938201395,0.27960044551830565
967,ST023__ST033,23,ST023,오이도역,33,ST033,타원산업단지,7209.0,7.209,2.595996605722783,0.210133722,0.210133722,0.0,0.0,PRELIMINARY_POINT_BUFFER_PROXY,1.311515284,PRELIMINARY_90M,0.30589383459922775,0.38520851598786193,0.38520851598786193,0.210133722,0.21858588066666665,0.2799554883134391
92,ST002__ST040,2,ST002,월곶포구,40,ST040,갯골생태공원,5178.0,5.178,2.1502804312043358,0.182738865,0.182738865,0.0,0.0,PRELIMINARY_POINT_BUFFER_PROXY,1.514434926,PRELIMINARY_90M,0.21971400687401876,0.46505562041501575,0.46505562041501575,0.182738865,0.25240582100000003,0.27997857832225864
989,ST023__ST055,23,ST023,오이도역,55,ST055,해양생태과학관,8227.0,8.227,3.3796219383463817,0.216054457,0.216054457,0.0,0.0,PRELIMINARY_POINT_BUFFER_PROXY,1.566590717,PRELIMINARY_90M,0.3490898289981754,0.29589108434101685,0.29589108434101685,0.216054457,0.2610984528333333,0.2805334557931314
819,ST018__ST055,18,ST018,정왕역,55,ST055,해양생태과학관,8302.0,8.302,3.3241718335944097,0.233602738,0.233602738,0.0,0.0,PRELIMINARY_POINT_BUFFER_PROXY,1.413734722,PRELIMINARY_90M,0.35227224508847116,0.3008268074152789,0.3008268074152789,0.233602738,0.23562245366666668,0.28058106104260416
226,ST005__ST021,5,ST005,배곧중·고등학교,21,ST021,오이도 포구 해양관광 단지,7186.0,7.186,2.4829722843337407,0.221699643,0.182295673,0.03940397,0.0,PRELIMINARY_POINT_BUFFER_PROXY,1.167919642,PRELIMINARY_90M,0.3049178936648704,0.4027431181207612,0.4027431181207612,0.221699643,0.19465327366666665,0.2810034821130746
855,ST019__ST055,19,ST019,시화병원,55,ST055,해양생태과학관,7802.0,7.802,3.1202061969026214,0.220126096,0.220126096,0.0,0.0,PRELIMINARY_POINT_BUFFER_PROXY,1.516146467,PRELIMINARY_90M,0.33105613781983284,0.32049163962070326,0.32049163962070326,0.220126096,0.25269107783333333,0.28109123781846734
202,ST004__ST047,4,ST004,배곧중심상가,47,ST047,배곧2동행정복지센터,2617.0,2.617,4.125555851408769,0.591916562,0.591916562,0.0,0.0,PRELIMINARY_POINT_BUFFER_PROXY,1.078170272,PRELIMINARY_90M,0.11104510544405312,0.24239157970883518,0.24239157970883518,0.591916562,0.17969504533333333,0.2812620731215554
517,ST011__ST033,11,ST011,배곧생명공원,33,ST033,타원산업단지,6732.0,6.732,3.1481630303810437,0.397215532,0.397215532,0.0,0.0,PRELIMINARY_POINT_BUFFER_PROXY,0.751723,PRELIMINARY_90M,0.28565366826494676,0.31764555721847837,0.31764555721847837,0.397215532,0.12528716666666667,0.2814504810375229
1143,ST029__ST038,29,ST029,관곡공원,38,ST038,능곡도서관,4223.0,4.223,2.511994530716733,0.118739746,0.102463148,0.021842811,0.0,PRELIMINARY_POINT_BUFFER_PROXY,2.578907523,PRELIMINARY_90M,0.17919124199091951,0.39809003872101417,0.39809003872101417,0.118739746,0.42981792049999995,0.2814597368029834
480,ST010__ST040,10,ST010,은계호수공원,40,ST040,갯골생태공원,7454.0,7.454,2.3810988212602635,0.143643119,0.143643119,0.0,0.0,PRELIMINARY_POINT_BUFFER_PROXY,1.480173201,PRELIMINARY_90M,0.3162897271608605,0.41997416951839145,0.41997416951839145,0.143643119,0.24669553349999998,0.281650637294813
245,ST005__ST040,5,ST005,배곧중·고등학교,40,ST040,갯골생태공원,7834.0,7.834,2.945528375281883,0.215888323,0.215888323,0.0,0.0,PRELIMINARY_POINT_BUFFER_PROXY,1.459394358,PRELIMINARY_90M,0.33241396868502565,0.3394976630990022,0.3394976630990022,0.215888323,0.243232393,0.28275808694600696
201,ST004__ST046,4,ST004,배곧중심상가,46,ST046,배곧1동행정복지센터,1366.0,1.366,1.7736075257466517,0.433248274,0.433248274,0.0,0.0,PRELIMINARY_POINT_BUFFER_PROXY,0.471065796,PRELIMINARY_90M,0.057962405057919976,0.5638225963091924,0.5638225963091924,0.433248274,0.078510966,0.2833860603417781
283,ST006__ST029,6,ST006,시흥시청 본청,29,ST029,관곡공원,3470.0,3.47,2.475229440723157,0.075912866,0.075912866,0.0,0.0,PRELIMINARY_POINT_BUFFER_PROXY,3.041565706,PRELIMINARY_90M,0.14723978444435015,0.40400295162449357,0.40400295162449357,0.075912866,0.5069276176666667,0.2835208049338776
125,ST003__ST021,3,ST003,배곧한울공원,21,ST021,오이도 포구 해양관광 단지,3868.0,3.868,3.0553772480821526,0.133587529,0.0,0.133587529,0.0,PRELIMINARY_POINT_BUFFER_PROXY,3.056247109,PRELIMINARY_90M,0.16412780583018627,0.3272918264439181,0.3272918264439181,0.133587529,0.5093745181666667,0.28359541986019277
1332,ST037__ST055,37,ST037,군자동행정복지센터,55,ST055,해양생태과학관,13105.0,13.105,3.0160558700541458,0.025388094,0.025388094,0.0,0.0,PRELIMINARY_POINT_BUFFER_PROXY,1.329280141,PRELIMINARY_90M,0.5560741715110111,0.3315588447577556,0.3315588447577556,0.025388094,0.22154669016666664,0.28364195010885834
1410,ST043__ST046,43,ST043,시흥종합버스터미널,46,ST046,배곧1동행정복지센터,5360.0,5.36,3.8249958768403687,0.509777971,0.509777971,0.0,0.0,PRELIMINARY_POINT_BUFFER_PROXY,0.820959045,PRELIMINARY_90M,0.2274366699198031,0.2614381903140895,0.2614381903140895,0.509777971,0.1368265075,0.28386983468347315
248,ST005__ST043,5,ST005,배곧중·고등학교,43,ST043,시흥종합버스터미널,5498.0,5.498,3.837015357175228,0.516546058,0.516546058,0.0,0.0,PRELIMINARY_POINT_BUFFER_PROXY,0.754435463,PRELIMINARY_90M,0.23329231552594729,0.26061923315735436,0.26061923315735436,0.516546058,0.12573924383333332,0.2840492126291587
228,ST005__ST023,5,ST005,배곧중·고등학교,23,ST023,오이도역,2833.0,2.833,3.4219570564133965,0.577933199,0.577933199,0.0,0.0,PRELIMINARY_POINT_BUFFER_PROXY,0.880019596,PRELIMINARY_90M,0.1202104637841049,0.29223043524927067,0.29223043524927067,0.577933199,0.14666993266666667,0.28426100767501056
1325,ST037__ST048,37,ST037,군자동행정복지센터,48,ST048,정왕평생학습관 사거리,6192.0,6.192,3.3922692548148268,0.37843312,0.37843312,0.0,0.0,PRELIMINARY_POINT_BUFFER_PROXY,1.209430181,PRELIMINARY_90M,0.26274027241481734,0.2947879206760039,0.2947879206760039,0.37843312,0.20157169683333334,0.2843832524810387
1326,ST037__ST049,37,ST037,군자동행정복지센터,49,ST049,거북섬 웨이브파크 정문,12545.0,12.545,2.5881759088448315,0.041810449,0.041810449,0.0,0.0,PRELIMINARY_POINT_BUFFER_PROXY,1.068291632,PRELIMINARY_90M,0.5323121313701362,0.38637250141406554,0.38637250141406554,0.041810449,0.17804860533333333,0.2846359217793838
837,ST019__ST037,19,ST019,시화병원,37,ST037,군자동행정복지센터,6481.0,6.481,3.3637250258662945,0.35991361,0.35991361,0.0,0.0,PRELIMINARY_POINT_BUFFER_PROXY,1.238705103,PRELIMINARY_90M,0.2750031824160903,0.29728946103210674,0.29728946103210674,0.35991361,0.2064508505,0.28466427598704924
1483,ST053__ST054,53,ST053,오이도 빨강등대,54,ST054,시흥 프리미엄 아울렛,7846.0,7.846,2.4519918002424586,0.190480413,0.190480413,0.0,0.0,PRELIMINARY_POINT_BUFFER_PROXY,1.245480791,PRELIMINARY_90M,0.33292315525947297,0.4078317064115458,0.4078317064115458,0.190480413,0.20758013183333335,0.284703851626088
1431,ST045__ST046,45,ST045,시흥중앙도서관,46,ST046,배곧1동행정복지센터,4713.0,4.713,3.902855407896959,0.537115466,0.537115466,0.0,0.0,PRELIMINARY_POINT_BUFFER_PROXY,0.879566094,PRELIMINARY_90M,0.19998302711418509,0.2562226614843635,0.2562226614843635,0.537115466,0.14659434899999998,0.28497887589963716
1458,ST048__ST049,48,ST048,정왕평생학습관 사거리,49,ST049,거북섬 웨이브파크 정문,8664.0,8.664,3.3088352366871927,0.244647215,0.244647215,0.0,0.0,PRELIMINARY_POINT_BUFFER_PROXY,1.363499277,PRELIMINARY_90M,0.3676327067509653,0.3022211529037029,0.3022211529037029,0.244647215,0.2272498795,0.28543773853866705
176,ST004__ST021,4,ST004,배곧중심상가,21,ST021,오이도 포구 해양관광 단지,6584.0,6.584,3.5923217288463887,0.225583256,0.147159552,0.078423704,0.0,PRELIMINARY_POINT_BUFFER_PROXY,2.150735805,PRELIMINARY_90M,0.2793737005134298,0.2783715033010511,0.2783715033010511,0.225583256,0.35845596750000003,0.28544610682862026
1144,ST029__ST039,29,ST029,관곡공원,39,ST039,능곡힐스테이트,4321.0,4.321,2.5005444574442675,0.134141311,0.069883904,0.064257407,0.0,PRELIMINARY_POINT_BUFFER_PROXY,2.555414981,PRELIMINARY_90M,0.18334959901557263,0.3999129057765565,0.3999129057765565,0.134141311,0.42590249683333337,0.28582657815636564
57,ST002__ST005,2,ST002,월곶포구,5,ST005,배곧중·고등학교,2904.0,2.904,2.877154091987604,0.467373807,0.467373807,0.0,0.0,PRELIMINARY_POINT_BUFFER_PROXY,1.233991083,PRELIMINARY_90M,0.12322315101625154,0.3475656735886457,0.3475656735886457,0.467373807,0.20566518050000002,0.2859569530262243
1214,ST032__ST037,32,ST032,희망공원,37,ST037,군자동행정복지센터,9096.0,9.096,3.5455391300585832,0.270792335,0.270792335,0.0,0.0,PRELIMINARY_POINT_BUFFER_PROXY,1.231745271,PRELIMINARY_90M,0.3859634234310689,0.2820445532590912,0.2820445532590912,0.270792335,0.20529087850000002,0.28602279754754
6,ST001__ST007,1,ST001,월곶역,7,ST007,장현지구,6606.0,6.606,2.2379457054195973,0.124628605,0.124628605,0.0,0.0,PRELIMINARY_POINT_BUFFER_PROXY,1.757575321,PRELIMINARY_90M,0.28030720923324987,0.4468383650140913,0.4468383650140913,0.124628605,0.29292922016666667,0.286175849853502
915,ST021__ST046,21,ST021,오이도 포구 해양관광 단지,46,ST046,배곧1동행정복지센터,7042.0,7.042,2.427569715247588,0.267215226,0.257844371,0.038334839,0.0,PRELIMINARY_POINT_BUFFER_PROXY,1.024008484,PRELIMINARY_90M,0.2988076547715025,0.4119346166328368,0.4119346166328368,0.267215226,0.1706680806666667,0.2871563945177515
983,ST023__ST049,23,ST023,오이도역,49,ST049,거북섬 웨이브파크 정문,8682.0,8.682,3.3503340740955077,0.226850983,0.226850983,0.0,0.0,PRELIMINARY_POINT_BUFFER_PROXY,1.531386353,PRELIMINARY_90M,0.3683964866126363,0.29847769741289776,0.29847769741289776,0.226850983,0.25523105883333336,0.28723905646471687
255,ST005__ST050,5,ST005,배곧중·고등학교,50,ST050,시흥한라3차아파트,2030.0,2.03,2.6294778279819995,0.56702246,0.56702246,0.0,0.0,PRELIMINARY_POINT_BUFFER_PROXY,0.693706726,PRELIMINARY_90M,0.0861373955106717,0.38030364407653244,0.38030364407653244,0.56702246,0.11561778766666668,0.28727032181346773
813,ST018__ST049,18,ST018,정왕역,49,ST049,거북섬 웨이브파크 정문,8757.0,8.757,3.2979845713783864,0.243406156,0.243406156,0.0,0.0,PRELIMINARY_POINT_BUFFER_PROXY,1.386891051,PRELIMINARY_90M,0.3715789027029321,0.30321548762796424,0.30321548762796424,0.243406156,0.23114850850000002,0.2873372637077241
162,ST004__ST007,4,ST004,배곧중심상가,7,ST007,장현지구,7899.0,7.899,2.8650445619521356,0.183317918,0.183317918,0.0,0.0,PRELIMINARY_POINT_BUFFER_PROXY,1.69100406,PRELIMINARY_90M,0.33517206262994864,0.34903471076157955,0.34903471076157955,0.183317918,0.28183401,0.2873396753478821
1289,ST035__ST049,35,ST035,산들공원,49,ST049,거북섬 웨이브파크 정문,13093.0,13.093,2.463238714260448,0.047501489,0.047501489,0.0,0.0,PRELIMINARY_POINT_BUFFER_PROXY,0.844662033,PRELIMINARY_90M,0.5555649849365638,0.4059695855747524,0.4059695855747524,0.047501489,0.1407770055,0.287453266252829
849,ST019__ST049,19,ST019,시화병원,49,ST049,거북섬 웨이브파크 정문,8257.0,8.257,3.103647670093521,0.2312599,0.2312599,0.0,0.0,PRELIMINARY_POINT_BUFFER_PROXY,1.481977045,PRELIMINARY_90M,0.3503627954342937,0.32220152101538874,0.32220152101538874,0.2312599,0.24699617416666667,0.28770509765408725
172,ST004__ST017,4,ST004,배곧중심상가,17,ST017,장곡동,6764.0,6.764,2.942360541443412,0.206546328,0.206546328,0.0,0.0,PRELIMINARY_POINT_BUFFER_PROXY,1.909089561,PRELIMINARY_90M,0.2870114991301396,0.33986317649210906,0.33986317649210906,0.206546328,0.3181815935,0.2879006492805622
1245,ST033__ST046,33,ST033,타원산업단지,46,ST046,배곧1동행정복지센터,8326.0,8.326,3.7254156810420254,0.412918588,0.412918588,0.0,0.0,PRELIMINARY_POINT_BUFFER_PROXY,0.706944131,PRELIMINARY_90M,0.3532906182373658,0.268426421537017,0.268426421537017,0.412918588,0.11782402183333333,0.288114912401929
901,ST021__ST032,21,ST021,오이도 포구 해양관광 단지,32,ST032,희망공원,3877.0,3.877,2.5776472870139315,0.138295622,0.0,0.138295622,0.0,PRELIMINARY_POINT_BUFFER_PROXY,2.773693265,PRELIMINARY_90M,0.16450969576102176,0.3879506730955604,0.3879506730955604,0.138295622,0.4622822108333333,0.28825955042247886
208,ST004__ST053,4,ST004,배곧중심상가,53,ST053,오이도 빨강등대,6949.0,6.949,3.508561666430198,0.209323159,0.140219425,0.069103734,0.0,PRELIMINARY_POINT_BUFFER_PROXY,2.183795736,PRELIMINARY_90M,0.2948614588195358,0.2850170796677074,0.2850170796677074,0.209323159,0.363965956,0.28829191337181076
1469,ST049__ST054,49,ST049,거북섬 웨이브파크 정문,54,ST054,시흥 프리미엄 아울렛,10620.0,10.62,2.679732859292264,0.06937109,0.06937109,0.0,0.0,PRELIMINARY_POINT_BUFFER_PROXY,1.56223625,PRELIMINARY_90M,0.4506301183858786,0.3731715258602706,0.3731715258602706,0.06937109,0.2603727083333333,0.2883863606448706
923,ST021__ST054,21,ST021,오이도 포구 해양관광 단지,54,ST054,시흥 프리미엄 아울렛,7891.0,7.891,2.4011215965287387,0.202314633,0.193955188,0.034197307,0.0,PRELIMINARY_POINT_BUFFER_PROXY,1.203938599,PRELIMINARY_90M,0.33483260491365047,0.41647203600420873,0.41647203600420873,0.202314633,0.20065643316666668,0.28856892677113144
1136,ST029__ST031,29,ST029,관곡공원,31,ST031,마전저수지,5377.0,5.377,2.6870303020635813,0.0,0.0,0.0,0.0,PRELIMINARY_POINT_BUFFER_PROXY,3.331666559,PRELIMINARY_90M,0.22815801756693682,0.3721580658141524,0.3721580658141524,0.0,0.5552777598333333,0.2888984608036056
1146,ST029__ST041,29,ST029,관곡공원,41,ST041,연꽃테마파크,3138.0,3.138,1.7569046050067059,0.0,0.0,0.0,0.0,PRELIMINARY_POINT_BUFFER_PROXY,2.735579863,PRELIMINARY_90M,0.13315228921797428,0.5691828669298656,0.5691828669298656,0.0,0.45592997716666667,0.28956628332862666
856,ST020__ST021,20,ST020,시화공업단지[왼쪽부근],21,ST021,오이도 포구 해양관광 단지,7030.0,7.03,3.1699281862102007,0.198238546,0.124749419,0.073489127,0.0,PRELIMINARY_POINT_BUFFER_PROXY,2.08695311,PRELIMINARY_90M,0.2982984681970552,0.31546455984403465,0.31546455984403465,0.198238546,0.34782551833333336,0.2899567730936058
177,ST004__ST022,4,ST004,배곧중심상가,22,ST022,오이도박물관,7095.0,7.095,3.2230177221652045,0.31100418,0.244058202,0.066945978,0.0,PRELIMINARY_POINT_BUFFER_PROXY,1.445357891,PRELIMINARY_90M,0.3010565621419782,0.3102682287853527,0.3102682287853527,0.31100418,0.24089298183333333,0.2908054881901661
141,ST003__ST037,3,ST003,배곧한울공원,37,ST037,군자동행정복지센터,9617.0,9.617,3.5328980628457973,0.296037017,0.296037017,0.0,0.0,PRELIMINARY_POINT_BUFFER_PROXY,1.058329895,PRELIMINARY_90M,0.40807060720499005,0.2830537372466633,0.2830537372466633,0.296037017,0.17638831583333334,0.2908874193212466
1264,ST034__ST044,34,ST034,군자디지털과학고등학교,44,ST044,경기과학기술대학교,6466.0,6.466,2.854871731872146,0.383886554,0.383886554,0.0,0.0,PRELIMINARY_POINT_BUFFER_PROXY,0.931735075,PRELIMINARY_90M,0.27436669919803114,0.350278434171271,0.350278434171271,0.383886554,0.15528917916666665,0.2909552166339922
854,ST019__ST054,19,ST019,시화병원,54,ST054,시흥 프리미엄 아울렛,5839.0,5.839,3.449473355080724,0.447329658,0.447329658,0.0,0.0,PRELIMINARY_POINT_BUFFER_PROXY,1.073292342,PRELIMINARY_90M,0.24776170068315864,0.2898993257991402,0.2898993257991402,0.447329658,0.178882057,0.29096818537057473
1411,ST043__ST047,43,ST043,시흥종합버스터미널,47,ST047,배곧2동행정복지센터,3278.0,3.278,3.627036078528638,0.64859462,0.64859462,0.0,0.0,PRELIMINARY_POINT_BUFFER_PROXY,0.612741743,PRELIMINARY_90M,0.139092799253193,0.2757072106119399,0.2757072106119399,0.64859462,0.10212362383333333,0.29137956342461657
505,ST011__ST021,11,ST011,배곧생명공원,21,ST021,오이도 포구 해양관광 단지,6597.0,6.597,3.3356174459520913,0.238967362,0.16067849,0.078288871,0.0,PRELIMINARY_POINT_BUFFER_PROXY,2.087636994,PRELIMINARY_90M,0.2799253193024144,0.29979457063145565,0.29979457063145565,0.238967362,0.347939499,0.29165668773346753
16,ST001__ST017,1,ST001,월곶역,17,ST017,장곡동,5471.0,5.471,2.2032904503529056,0.141154833,0.141154833,0.0,0.0,PRELIMINARY_POINT_BUFFER_PROXY,2.041065843,PRELIMINARY_90M,0.23214664573344082,0.45386662472931244,0.45386662472931244,0.141154833,0.34017764050000004,0.2918364359906883
1157,ST029__ST052,29,ST029,관곡공원,52,ST052,가온그린공원,4265.0,4.265,2.386392012061943,0.201240875,0.201240875,0.0,0.0,PRELIMINARY_POINT_BUFFER_PROXY,2.198243349,PRELIMINARY_90M,0.18097339500148513,0.4190426363085074,0.4190426363085074,0.201240875,0.36637389150000005,0.2919076994524981
1441,ST046__ST047,46,ST046,배곧1동행정복지센터,47,ST047,배곧2동행정복지센터,3069.0,3.069,4.129648039445814,0.60945262,0.60945262,0.0,0.0,PRELIMINARY_POINT_BUFFER_PROXY,1.115499419,PRELIMINARY_90M,0.1302244664149022,0.24215138686109358,0.24215138686109358,0.60945262,0.18591656983333335,0.29193626077733226
107,ST002__ST055,2,ST002,월곶포구,55,ST055,해양생태과학관,10063.0,10.063,3.53342080768877,0.201771908,0.201771908,0.0,0.0,PRELIMINARY_POINT_BUFFER_PROXY,1.544314901,PRELIMINARY_90M,0.42699537488861544,0.2830118614301435,0.2830118614301435,0.201771908,0.25738581683333334,0.29229124028802306
41,ST001__ST042,1,ST001,월곶역,42,ST042,시흥시청역,7620.0,7.62,2.205037081450518,0.116366312,0.116366312,0.0,0.0,PRELIMINARY_POINT_BUFFER_PROXY,1.658554214,PRELIMINARY_90M,0.32333347477404845,0.45350711260700427,0.45350711260700427,0.116366312,0.27642570233333336,0.2924081504285965
434,ST009__ST039,9,ST009,능곡중앙공원,39,ST039,능곡힐스테이트,792.0,0.792,2.0,0.496869839,0.318845713,0.496869839,0.0,PRELIMINARY_POINT_BUFFER_PROXY,0.848295282,PRELIMINARY_90M,0.033606313913523145,0.5,0.5,0.496869839,0.141382547,0.2929646749783808
527,ST011__ST043,11,ST011,배곧생명공원,43,ST043,시흥종합버스터미널,4504.0,4.504,3.4056723875395676,0.588366349,0.588366349,0.0,0.0,PRELIMINARY_POINT_BUFFER_PROXY,0.593949192,PRELIMINARY_90M,0.19111469427589425,0.29362777337559803,0.29362777337559803,0.588366349,0.098991532,0.293025087162873
808,ST018__ST044,18,ST018,정왕역,44,ST044,경기과학기술대학교,2142.0,2.142,2.829382375187232,0.547101756,0.547101756,0.0,0.0,PRELIMINARY_POINT_BUFFER_PROXY,1.086960451,PRELIMINARY_90M,0.0908898035388467,0.3534340246018624,0.3534340246018624,0.547101756,0.18116007516666666,0.29314641482684395
888,ST020__ST053,20,ST020,시화공업단지[왼쪽부근],53,ST053,오이도 빨강등대,7395.0,7.395,3.1120678507259623,0.184303336,0.119332705,0.064970631,0.0,PRELIMINARY_POINT_BUFFER_PROXY,2.120199184,PRELIMINARY_90M,0.3137862265031612,0.3213297549944892,0.3213297549944892,0.184303336,0.3533665306666667,0.2931964620410793
250,ST005__ST045,5,ST005,배곧중·고등학교,45,ST045,시흥중앙도서관,4916.0,4.916,3.972125654970632,0.577746462,0.577746462,0.0,0.0,PRELIMINARY_POINT_BUFFER_PROXY,0.813962468,PRELIMINARY_90M,0.20859676666525226,0.2517543720573446,0.2517543720573446,0.577746462,0.13566041133333334,0.29343950301398253
809,ST018__ST045,18,ST018,정왕역,45,ST045,시흥중앙도서관,934.0,0.934,2.8758540739318326,0.653957282,0.653957282,0.0,0.0,PRELIMINARY_POINT_BUFFER_PROXY,0.795146929,PRELIMINARY_90M,0.039631688377816436,0.34772278922790134,0.34772278922790134,0.653957282,0.13252448816666665,0.2934590619430961
1302,ST036__ST043,36,ST036,시흥시립군자도서관,43,ST043,시흥종합버스터미널,6625.0,6.625,2.865241405107486,0.35286474,0.35286474,0.0,0.0,PRELIMINARY_POINT_BUFFER_PROXY,1.146151704,PRELIMINARY_90M,0.28111342130945816,0.34901073194650634,0.34901073194650634,0.35286474,0.191025284,0.2935035443139911
468,ST010__ST028,10,ST010,은계호수공원,28,ST028,매화산업단지,3734.0,3.734,2.2597817465071626,0.156648005,0.156648005,0.0,0.0,PRELIMINARY_POINT_BUFFER_PROXY,2.499811713,PRELIMINARY_90M,0.1584418890821912,0.44252061135800064,0.44252061135800064,0.156648005,0.4166352855,0.29356144773504794
95,ST002__ST043,2,ST002,월곶포구,43,ST043,시흥종합버스터미널,7296.0,7.296,3.895549908774106,0.451755892,0.451755892,0.0,0.0,PRELIMINARY_POINT_BUFFER_PROXY,0.940832226,PRELIMINARY_90M,0.3095854372639708,0.25670316731089987,0.25670316731089987,0.451755892,0.156805371,0.29371246689371766
1064,ST026__ST040,26,ST026,은계파크자이,40,ST040,갯골생태공원,7430.0,7.43,2.258596133098155,0.180341115,0.180341115,0.0,0.0,PRELIMINARY_POINT_BUFFER_PROXY,1.420352121,PRELIMINARY_90M,0.3152713540119659,0.4427529053759084,0.4427529053759084,0.180341115,0.2367253535,0.2937726819719686
882,ST020__ST047,20,ST020,시화공업단지[왼쪽부근],47,ST047,배곧2동행정복지센터,3980.0,3.98,3.469030866076152,0.615133014,0.615133014,0.0,0.0,PRELIMINARY_POINT_BUFFER_PROXY,0.623427135,PRELIMINARY_90M,0.16888021385836127,0.28826494736009883,0.28826494736009883,0.615133014,0.1039045225,0.294045674429615
225,ST005__ST020,5,ST005,배곧중·고등학교,20,ST020,시화공업단지[왼쪽부근],6046.0,6.046,3.920032934906872,0.543310878,0.543310878,0.0,0.0,PRELIMINARY_POINT_BUFFER_PROXY,0.728433864,PRELIMINARY_90M,0.25654516909237496,0.2550998975277122,0.2550998975277122,0.543310878,0.121405644,0.2940903971550218
83,ST002__ST031,2,ST002,월곶포구,31,ST031,마전저수지,4046.0,4.046,2.0820118152150395,0.187446944,0.187446944,0.0,0.0,PRELIMINARY_POINT_BUFFER_PROXY,2.023503983,PRELIMINARY_90M,0.17168074001782152,0.48030467103603613,0.48030467103603613,0.187446944,0.3372506638333333,0.2941707547217977
54,ST001__ST055,1,ST001,월곶역,55,ST055,해양생태과학관,11608.0,11.608,3.5024056957677026,0.147127457,0.147127457,0.0,0.0,PRELIMINARY_POINT_BUFFER_PROXY,1.519163315,PRELIMINARY_90M,0.49255314634870795,0.2855180372760349,0.2855180372760349,0.147127457,0.2531938858333333,0.29459813161451903
197,ST004__ST042,4,ST004,배곧중심상가,42,ST042,시흥시청역,8913.0,8.913,2.7655855969447916,0.169578568,0.169578568,0.0,0.0,PRELIMINARY_POINT_BUFFER_PROXY,1.61449924,PRELIMINARY_90M,0.3781983281707472,0.3615870725913253,0.3615870725913253,0.169578568,0.2690832066666667,0.29461179385718483
1304,ST036__ST045,36,ST036,시흥시립군자도서관,45,ST045,시흥중앙도서관,6722.0,6.722,3.000023280953298,0.369603936,0.369603936,0.0,0.0,PRELIMINARY_POINT_BUFFER_PROXY,1.146482613,PRELIMINARY_90M,0.28522934611957396,0.3333307465808187,0.3333307465808187,0.369603936,0.1910804355,0.2948111160500982
531,ST011__ST047,11,ST011,배곧생명공원,47,ST047,배곧2동행정복지센터,1641.0,1.641,2.998166187785597,0.680414776,0.680414776,0.0,0.0,PRELIMINARY_POINT_BUFFER_PROXY,0.575466479,PRELIMINARY_90M,0.06963126405567106,0.3335372148728639,0.3335372148728639,0.680414776,0.09591107983333334,0.29487358369046707
1433,ST045__ST048,45,ST045,시흥중앙도서관,48,ST048,정왕평생학습관 사거리,800.0,0.8,1.9695451677354328,0.559341505,0.559341505,0.0,0.0,PRELIMINARY_POINT_BUFFER_PROXY,0.477205873,PRELIMINARY_90M,0.03394577162982136,0.5077314378881658,0.5077314378881658,0.559341505,0.07953431216666666,0.2951382566711635
889,ST020__ST054,20,ST020,시화공업단지[왼쪽부근],54,ST054,시흥 프리미엄 아울렛,8020.0,8.02,3.7501993201548185,0.4009501,0.4009501,0.0,0.0,PRELIMINARY_POINT_BUFFER_PROXY,1.046900617,PRELIMINARY_90M,0.34030636058895913,0.2666524935423212,0.2666524935423212,0.4009501,0.17448343616666664,0.29559809757448674
844,ST019__ST044,19,ST019,시화병원,44,ST044,경기과학기술대학교,2250.0,2.25,2.9108230402575663,0.569009941,0.569009941,0.0,0.0,PRELIMINARY_POINT_BUFFER_PROXY,1.047408429,PRELIMINARY_90M,0.09547248270887257,0.34354544614004234,0.34354544614004234,0.569009941,0.1745680715,0.2956489853372287
1268,ST034__ST048,34,ST034,군자디지털과학고등학교,48,ST048,정왕평생학습관 사거리,7176.0,7.176,2.984758946773873,0.400823068,0.400823068,0.0,0.0,PRELIMINARY_POINT_BUFFER_PROXY,0.853683595,PRELIMINARY_90M,0.30449357151949763,0.33503543094522487,0.33503543094522487,0.400823068,0.14228059916666666,0.2956581674078473
5,ST001__ST006,1,ST001,월곶역,6,ST006,시흥시청 본청,8097.0,8.097,2.218746574450684,0.109475795,0.109475795,0.0,0.0,PRELIMINARY_POINT_BUFFER_PROXY,1.677605889,PRELIMINARY_90M,0.34357364110832944,0.4507049211997452,0.4507049211997452,0.109475795,0.2796009815,0.29583883470201866
845,ST019__ST045,19,ST019,시화병원,45,ST045,시흥중앙도서관,859.0,0.859,2.0563818251978376,0.590542959,0.590542959,0.0,0.0,PRELIMINARY_POINT_BUFFER_PROXY,0.427687423,PRELIMINARY_90M,0.036449272287520686,0.4862910125670817,0.4862910125670817,0.590542959,0.07128123716666666,0.29614112025531725
1200,ST031__ST046,31,ST031,마전저수지,46,ST046,배곧1동행정복지센터,6474.0,6.474,2.6607456451218936,0.206709213,0.206709213,0.0,0.0,PRELIMINARY_POINT_BUFFER_PROXY,1.978775005,PRELIMINARY_90M,0.27470615691432937,0.3758344965567681,0.3758344965567681,0.206709213,0.32979583416666663,0.29676142515944104
538,ST011__ST054,11,ST011,배곧생명공원,54,ST054,시흥 프리미엄 아울렛,4047.0,4.047,2.2880792125664065,0.335292792,0.335292792,0.0,0.0,PRELIMINARY_POINT_BUFFER_PROXY,1.468587342,PRELIMINARY_90M,0.1717231722323588,0.4370478060846319,0.4370478060846319,0.335292792,0.244764557,0.2972070818292477
857,ST020__ST022,20,ST020,시화공업단지[왼쪽부근],22,ST022,오이도박물관,7541.0,7.541,2.850981623778786,0.280507698,0.217487892,0.063019806,0.0,PRELIMINARY_POINT_BUFFER_PROXY,1.429589168,PRELIMINARY_90M,0.3199813298256036,0.3507563821735781,0.3507563821735781,0.280507698,0.23826486133333333,0.2973775678331288
504,ST011__ST020,11,ST011,배곧생명공원,20,ST020,시화공업단지[왼쪽부근],4958.0,4.958,3.5286319710741507,0.600203436,0.600203436,0.0,0.0,PRELIMINARY_POINT_BUFFER_PROXY,0.580870729,PRELIMINARY_90M,0.21037891967581787,0.28339594726723233,0.28339594726723233,0.600203436,0.09681178816666668,0.29769752277742917
1447,ST046__ST053,46,ST046,배곧1동행정복지센터,53,ST053,오이도 빨강등대,7401.0,7.401,3.5478278014585065,0.239891327,0.174995367,0.06489596,0.0,PRELIMINARY_POINT_BUFFER_PROXY,2.131583779,PRELIMINARY_90M,0.31404081979038484,0.28186260888673953,0.28186260888673953,0.239891327,0.3552639631666667,0.2977646797109478
1438,ST045__ST053,45,ST045,시흥중앙도서관,53,ST053,오이도 빨강등대,6942.0,6.942,3.3899831896516006,0.26159621,0.1923696,0.06922661,0.0,PRELIMINARY_POINT_BUFFER_PROXY,2.041926577,PRELIMINARY_90M,0.2945644333177749,0.29498671351900513,0.29498671351900513,0.26159621,0.34032109616666667,0.2978671132508617
823,ST019__ST023,19,ST019,시화병원,23,ST023,오이도역,1664.0,1.664,2.9999999999999996,0.714416548,0.714416548,0.0,0.0,PRELIMINARY_POINT_BUFFER_PROXY,0.445157056,PRELIMINARY_90M,0.07060720499002843,0.33333333333333337,0.33333333333333337,0.714416548,0.07419284266666666,0.29813748224750714
636,ST014__ST026,14,ST014,시흥대야역,26,ST026,은계파크자이,2742.0,2.742,2.689120979304191,0.480816193,0.434350308,0.046465885,0.0,PRELIMINARY_POINT_BUFFER_PROXY,1.352474425,PRELIMINARY_90M,0.11634913226121271,0.3718687287392885,0.3718687287392885,0.480816193,0.22541240416666666,0.29861161454179197
917,ST021__ST048,21,ST021,오이도 포구 해양관광 단지,48,ST048,정왕평생학습관 사거리,6488.0,6.488,2.9194215933920336,0.468500047,0.458328592,0.041609985,0.0,PRELIMINARY_POINT_BUFFER_PROXY,0.649691948,PRELIMINARY_90M,0.27530020791785126,0.3425336040068521,0.3425336040068521,0.468500047,0.10828199133333333,0.29865396256450916
1414,ST043__ST050,43,ST043,시흥종합버스터미널,50,ST050,시흥한라3차아파트,3480.0,3.48,3.582820694081797,0.668947502,0.668947502,0.0,0.0,PRELIMINARY_POINT_BUFFER_PROXY,0.615837167,PRELIMINARY_90M,0.14766410658972293,0.27910969746597364,0.27910969746597364,0.668947502,0.10263952783333334,0.2995902084722575
198,ST004__ST043,4,ST004,배곧중심상가,43,ST043,시흥종합버스터미널,3945.0,3.945,2.7952590978055483,0.567010824,0.567010824,0.0,0.0,PRELIMINARY_POINT_BUFFER_PROXY,0.639443757,PRELIMINARY_90M,0.16739508634955658,0.3577485896692231,0.3577485896692231,0.567010824,0.1065739595,0.2996821148796949
238,ST005__ST033,5,ST005,배곧중·고등학교,33,ST033,타원산업단지,7823.0,7.823,3.498818298568182,0.451711355,0.451711355,0.0,0.0,PRELIMINARY_POINT_BUFFER_PROXY,0.777002986,PRELIMINARY_90M,0.33194721432511565,0.2858107837178138,0.2858107837178138,0.451711355,0.12950049766666666,0.29974246267739907
1473,ST050__ST053,50,ST050,시흥한라3차아파트,53,ST053,오이도 빨강등대,5727.0,5.727,3.0902887703235526,0.220321594,0.136464907,0.083856687,0.0,PRELIMINARY_POINT_BUFFER_PROXY,2.477162819,PRELIMINARY_90M,0.24300929265498367,0.32359435454807034,0.32359435454807034,0.220321594,0.41286046983333335,0.29994642775909686
1092,ST027__ST040,27,ST027,은행동행정복지센터,40,ST040,갯골생태공원,7766.0,7.766,2.333264553599835,0.185388171,0.185388171,0.0,0.0,PRELIMINARY_POINT_BUFFER_PROXY,1.5408174,PRELIMINARY_90M,0.32952857809649083,0.4285840619560984,0.4285840619560984,0.185388171,0.2568029,0.30007592776314734
1417,ST043__ST053,43,ST043,시흥종합버스터미널,53,ST053,오이도 빨강등대,7589.0,7.589,3.378798061680354,0.265817152,0.202500566,0.063316586,0.0,PRELIMINARY_POINT_BUFFER_PROXY,1.906364925,PRELIMINARY_90M,0.3220180761233929,0.29596323359516696,0.29596323359516696,0.265817152,0.3177274875,0.30038148730464
756,ST017__ST029,17,ST017,장곡동,29,ST029,관곡공원,4322.0,4.322,2.2640824773122388,0.207924155,0.207924155,0.0,0.0,PRELIMINARY_POINT_BUFFER_PROXY,2.212483712,PRELIMINARY_90M,0.1833920312301099,0.44168002271150936,0.44168002271150936,0.207924155,0.36874728533333334,0.30043587356873813
1330,ST037__ST053,37,ST037,군자동행정복지센터,53,ST053,오이도 빨강등대,12655.0,12.655,3.012352058868057,0.064709871,0.026733807,0.037976064,0.0,PRELIMINARY_POINT_BUFFER_PROXY,1.628218304,PRELIMINARY_90M,0.5369796749692366,0.33196651004191297,0.33196651004191297,0.064709871,0.2713697173333333,0.3012564433361207
184,ST004__ST029,4,ST004,배곧중심상가,29,ST029,관곡공원,10483.0,10.483,2.739412906893158,0.036387539,0.036387539,0.0,0.0,PRELIMINARY_POINT_BUFFER_PROXY,2.157727756,PRELIMINARY_90M,0.4448169049942717,0.3650417202473237,0.3650417202473237,0.036387539,0.35962129266666665,0.3014668642270655
1421,ST044__ST046,44,ST044,경기과학기술대학교,46,ST046,배곧1동행정복지센터,6072.0,6.072,3.6617220145761413,0.526775367,0.526775367,0.0,0.0,PRELIMINARY_POINT_BUFFER_PROXY,0.891299477,PRELIMINARY_90M,0.2576484066703441,0.27309555340883895,0.27309555340883895,0.526775367,0.14854991283333333,0.3015173099781291
885,ST020__ST050,20,ST020,시화공업단지[왼쪽부근],50,ST050,시흥한라3차아파트,4182.0,4.182,3.439864281573088,0.633674854,0.633674854,0.0,0.0,PRELIMINARY_POINT_BUFFER_PROXY,0.625603106,PRELIMINARY_90M,0.17745152119489116,0.290709143775489,0.290709143775489,0.633674854,0.10426718433333333,0.3015256758259284
48,ST001__ST049,1,ST001,월곶역,49,ST049,거북섬 웨이브파크 정문,12063.0,12.063,3.4767080390798215,0.157490075,0.157490075,0.0,0.0,PRELIMINARY_POINT_BUFFER_PROXY,1.49558398,PRELIMINARY_90M,0.5118598039631689,0.2876284084713278,0.2876284084713278,0.157490075,0.24926399666666665,0.3015605710252908
858,ST020__ST023,20,ST020,시화공업단지[왼쪽부근],23,ST023,오이도역,3334.0,3.334,2.8138183012073985,0.608891451,0.608891451,0.0,0.0,PRELIMINARY_POINT_BUFFER_PROXY,0.604650763,PRELIMINARY_90M,0.1414690032672805,0.35538897432392985,0.35538897432392985,0.608891451,0.10077512716666666,0.30163113893946925
1428,ST044__ST053,44,ST044,경기과학기술대학교,53,ST053,오이도 빨강등대,7517.0,7.517,2.3403445170894934,0.155814441,0.091898306,0.063916136,0.0,PRELIMINARY_POINT_BUFFER_PROXY,1.828089522,PRELIMINARY_90M,0.31896295667670893,0.4272875180119306,0.4272875180119306,0.155814441,0.304681587,0.30168662567215987
818,ST018__ST054,18,ST018,정왕역,54,ST054,시흥 프리미엄 아울렛,5830.0,5.83,3.315653552693978,0.48397827,0.48397827,0.0,0.0,PRELIMINARY_POINT_BUFFER_PROXY,1.04582916,PRELIMINARY_90M,0.24737981075232315,0.3015996647742335,0.3015996647742335,0.48397827,0.17430486,0.3018156513816391
919,ST021__ST050,21,ST021,오이도 포구 해양관광 단지,50,ST050,시흥한라3차아파트,3800.0,3.8,2.1207887428081897,0.447508062,0.430147843,0.071018199,0.0,PRELIMINARY_POINT_BUFFER_PROXY,0.772975688,PRELIMINARY_90M,0.16124241524165145,0.4715226839029119,0.4715226839029119,0.447508062,0.12882928133333335,0.30227561061947417
913,ST021__ST044,21,ST021,오이도 포구 해양관광 단지,44,ST044,경기과학기술대학교,6851.0,6.851,2.278241070460119,0.18968619,0.111387683,0.078298507,0.0,PRELIMINARY_POINT_BUFFER_PROXY,1.751180439,PRELIMINARY_90M,0.2907031017948827,0.4389351122522067,0.4389351122522067,0.18968619,0.29186340650000003,0.30279695263677237
207,ST004__ST052,4,ST004,배곧중심상가,52,ST052,가온그린공원,7328.0,7.328,2.8710091488484712,0.228775204,0.228775204,0.0,0.0,PRELIMINARY_POINT_BUFFER_PROXY,1.940013751,PRELIMINARY_90M,0.3109432681291637,0.34830958320041877,0.34830958320041877,0.228775204,0.32333562516666664,0.3028409201240623
262,ST006__ST008,6,ST006,시흥시청 본청,8,ST008,시흥능곡역,1951.0,1.951,2.023517683433672,0.1397711,0.1397711,0.0,0.0,PRELIMINARY_POINT_BUFFER_PROXY,2.968420709,PRELIMINARY_90M,0.08278525056222684,0.4941889108194584,0.4941889108194584,0.1397711,0.49473678483333333,0.30287051155375466
424,ST009__ST029,9,ST009,능곡중앙공원,29,ST029,관곡공원,4562.0,4.562,2.4231442712656004,0.204923527,0.178849884,0.12823664,0.0,PRELIMINARY_POINT_BUFFER_PROXY,2.421968536,PRELIMINARY_90M,0.1935757627190563,0.41268694227508923,0.41268694227508923,0.204923527,0.40366142266666666,0.30371191366520306
881,ST020__ST046,20,ST020,시화공업단지[왼쪽부근],46,ST046,배곧1동행정복지센터,5816.0,5.816,3.345020784723044,0.54883893,0.54883893,0.0,0.0,PRELIMINARY_POINT_BUFFER_PROXY,0.722324933,PRELIMINARY_90M,0.2467857597488013,0.29895180459477966,0.29895180459477966,0.54883893,0.12038748883333333,0.30374099579422853
1391,ST041__ST052,41,ST041,연꽃테마파크,52,ST052,가온그린공원,4968.0,4.968,2.2619391797382047,0.172697542,0.172697542,0.0,0.0,PRELIMINARY_POINT_BUFFER_PROXY,2.343340408,PRELIMINARY_90M,0.21080324182119065,0.4420985360515924,0.4420985360515924,0.172697542,0.3905567346666667,0.3040390136348624
139,ST003__ST035,3,ST003,배곧한울공원,35,ST035,산들공원,9310.0,9.31,2.6878061913950764,0.206809292,0.206809292,0.0,0.0,PRELIMINARY_POINT_BUFFER_PROXY,1.462020863,PRELIMINARY_90M,0.3950439173420461,0.3720506349012318,0.3720506349012318,0.206809292,0.24367014383333332,0.3043934970191528
529,ST011__ST045,11,ST011,배곧생명공원,45,ST045,시흥중앙도서관,3828.0,3.828,3.480147122134749,0.661181158,0.661181158,0.0,0.0,PRELIMINARY_POINT_BUFFER_PROXY,0.647151976,PRELIMINARY_90M,0.1624305172486952,0.28734417394015005,0.28734417394015005,0.661181158,0.10785866266666666,0.30470362796387795
378,ST008__ST029,8,ST008,시흥능곡역,29,ST029,관곡공원,4389.0,4.389,2.156570265400262,0.0,0.0,0.0,0.0,PRELIMINARY_POINT_BUFFER_PROXY,3.417489749,PRELIMINARY_90M,0.18623498960410745,0.46369924321218386,0.46369924321218386,0.0,0.5695816248333333,0.30487896441240614
938,ST022__ST036,22,ST022,오이도박물관,36,ST036,시흥시립군자도서관,13293.0,13.293,3.0775342355685065,0.088461789,0.088461789,0.0,0.0,PRELIMINARY_POINT_BUFFER_PROXY,1.458244994,PRELIMINARY_90M,0.5640514278440192,0.32493545918759603,0.32493545918759603,0.088461789,0.24304083233333332,0.30512237709123713
98,ST002__ST046,2,ST002,월곶포구,46,ST046,배곧1동행정복지센터,3125.0,3.125,2.815004873907645,0.531949966,0.531949966,0.0,0.0,PRELIMINARY_POINT_BUFFER_PROXY,1.210764979,PRELIMINARY_90M,0.13260067042898968,0.35523917179292536,0.35523917179292536,0.531949966,0.20179416316666665,0.3053959928471454
1135,ST029__ST030,29,ST029,관곡공원,30,ST030,장곡도서관,4785.0,4.785,2.344415023463761,0.235519282,0.235519282,0.0,0.0,PRELIMINARY_POINT_BUFFER_PROXY,2.140637973,PRELIMINARY_90M,0.20303814656086902,0.4265456371809749,0.4265456371809749,0.235519282,0.3567729955,0.305469015310461
1432,ST045__ST047,45,ST045,시흥중앙도서관,47,ST047,배곧2동행정복지센터,2631.0,2.631,3.7177601555393682,0.731797829,0.731797829,0.0,0.0,PRELIMINARY_POINT_BUFFER_PROXY,0.662398958,PRELIMINARY_90M,0.111639156447575,0.26897915899981484,0.26897915899981484,0.731797829,0.11039982633333334,0.3057039926951808
537,ST011__ST053,11,ST011,배곧생명공원,53,ST053,오이도 빨강등대,4850.0,4.85,2.2547175666188095,0.438268244,0.425175863,0.05775481,0.0,PRELIMINARY_POINT_BUFFER_PROXY,0.820150579,PRELIMINARY_90M,0.205796240505792,0.44351452918318596,0.44351452918318596,0.438268244,0.13669176316666667,0.3060676942139111
846,ST019__ST046,19,ST019,시화병원,46,ST046,배곧1동행정복지센터,4055.0,4.055,3.251371511972627,0.614053069,0.614053069,0.0,0.0,PRELIMINARY_POINT_BUFFER_PROXY,0.784060813,PRELIMINARY_90M,0.172062629948657,0.3075625151778776,0.3075625151778776,0.614053069,0.13067680216666666,0.30608875407330033
1376,ST040__ST051,40,ST040,갯골생태공원,51,ST051,연성중학교,5417.0,5.417,2.495832602905231,0.192518156,0.176017861,0.031845057,0.0,PRELIMINARY_POINT_BUFFER_PROXY,2.410565802,PRELIMINARY_90M,0.2298553061484279,0.4006678968917896,0.4006678968917896,0.192518156,0.40176096699999997,0.30620058151005436
29,ST001__ST030,1,ST001,월곶역,30,ST030,장곡도서관,6268.0,6.268,2.1504305313841865,0.222809114,0.222809114,0.0,0.0,PRELIMINARY_POINT_BUFFER_PROXY,1.637690152,PRELIMINARY_90M,0.26596512071965034,0.46502315950486495,0.46502315950486495,0.222809114,0.27294835866666667,0.3066864382227955
224,ST005__ST019,5,ST005,배곧중·고등학교,19,ST019,시화병원,5113.0,5.113,2.5042639598071927,0.361508567,0.361508567,0.0,0.0,PRELIMINARY_POINT_BUFFER_PROXY,1.508951186,PRELIMINARY_90M,0.21695591292909577,0.39931892805620683,0.39931892805620683,0.361508567,0.2514918643333333,0.307318818079659
1119,ST028__ST040,28,ST028,매화산업단지,40,ST040,갯골생태공원,6811.0,6.811,1.9533744447506738,0.165783342,0.165783342,0.0,0.0,PRELIMINARY_POINT_BUFFER_PROXY,1.57948831,PRELIMINARY_90M,0.2890058132133916,0.5119346179056001,0.5119346179056001,0.165783342,0.26324805166666665,0.3074929561964146
1294,ST035__ST054,35,ST035,산들공원,54,ST054,시흥 프리미엄 아울렛,8605.0,8.605,2.452431616879482,0.180224756,0.180224756,0.0,0.0,PRELIMINARY_POINT_BUFFER_PROXY,1.662202277,PRELIMINARY_90M,0.365129206093266,0.4077585662806036,0.4077585662806036,0.180224756,0.27703371283333333,0.30753656030180077
51,ST001__ST052,1,ST001,월곶역,52,ST052,가온그린공원,6035.0,6.035,2.185669146366726,0.174249152,0.174249152,0.0,0.0,PRELIMINARY_POINT_BUFFER_PROXY,2.059195852,PRELIMINARY_90M,0.2560784147324649,0.4575257886868726,0.4575257886868726,0.174249152,0.3431993086666667,0.30776316602150106
942,ST022__ST040,22,ST022,오이도박물관,40,ST040,갯골생태공원,12292.0,12.292,3.4726884803879674,0.160042304,0.160042304,0.0,0.0,PRELIMINARY_POINT_BUFFER_PROXY,1.574024808,PRELIMINARY_90M,0.5215767810922052,0.28796133187514716,0.28796133187514716,0.160042304,0.262337468,0.3079794712418381
12,ST001__ST013,1,ST001,월곶역,13,ST013,삼미시장,9482.0,9.482,3.1837495936503077,0.119793102,0.106281611,0.059662208,0.0,PRELIMINARY_POINT_BUFFER_PROXY,2.374327025,PRELIMINARY_90M,0.4023422582424577,0.31409505383036623,0.31409505383036623,0.119793102,0.3957211708333333,0.3079878962265393
1468,ST049__ST053,49,ST049,거북섬 웨이브파크 정문,53,ST053,오이도 빨강등대,3795.0,3.795,1.9574790573544323,0.127972736,0.001466061,0.126506675,0.0,PRELIMINARY_POINT_BUFFER_PROXY,2.594915167,PRELIMINARY_90M,0.16103025416896508,0.5108611488040734,0.5108611488040734,0.127972736,0.43248586116666665,0.3080875000349263
482,ST010__ST042,10,ST010,은계호수공원,42,ST042,시흥시청역,7803.0,7.803,2.352692290378065,0.137242443,0.137242443,0.0,0.0,PRELIMINARY_POINT_BUFFER_PROXY,2.038687833,PRELIMINARY_90M,0.3310985700343701,0.425044959806157,0.425044959806157,0.137242443,0.3397813055,0.30829181958513174
979,ST023__ST045,23,ST023,오이도역,45,ST045,시흥중앙도서관,2748.0,2.748,2.70513027610012,0.678227446,0.678227446,0.0,0.0,PRELIMINARY_POINT_BUFFER_PROXY,0.429037868,PRELIMINARY_90M,0.11660372554843637,0.3696679634378499,0.3696679634378499,0.678227446,0.07150631133333334,0.30900136157990493
212,ST005__ST007,5,ST005,배곧중·고등학교,7,ST007,장현지구,8693.0,8.693,2.8511151830977814,0.249918525,0.249918525,0.0,0.0,PRELIMINARY_POINT_BUFFER_PROXY,1.599416949,PRELIMINARY_90M,0.36886324097254636,0.35073995113500966,0.35073995113500966,0.249918525,0.26656949150000003,0.30902280215188904
227,ST005__ST022,5,ST005,배곧중·고등학교,22,ST022,오이도박물관,7825.0,7.825,2.4434586130258906,0.228123794,0.167381419,0.060742375,0.0,PRELIMINARY_POINT_BUFFER_PROXY,1.605171522,PRELIMINARY_90M,0.33203207875419016,0.40925595983867974,0.40925595983867974,0.228123794,0.267528587,0.3092351048982175
167,ST004__ST012,4,ST004,배곧중심상가,12,ST012,신천역,9950.0,9.95,3.298480804869283,0.16356514,0.16356514,0.0,0.0,PRELIMINARY_POINT_BUFFER_PROXY,2.089973668,PRELIMINARY_90M,0.4222005346459032,0.30316987096719805,0.30316987096719805,0.16356514,0.34832894466666664,0.30931612256994195
1422,ST044__ST047,44,ST044,경기과학기술대학교,47,ST047,배곧2동행정복지센터,3990.0,3.99,3.4139524789333366,0.649649602,0.649649602,0.0,0.0,PRELIMINARY_POINT_BUFFER_PROXY,0.754094476,PRELIMINARY_90M,0.16930453600373405,0.29291561794452464,0.29291561794452464,0.649649602,0.12568241266666666,0.30938804215373134
1303,ST036__ST044,36,ST036,시흥시립군자도서관,44,ST044,경기과학기술대학교,6648.0,6.648,2.8654297237561406,0.400791009,0.400791009,0.0,0.0,PRELIMINARY_POINT_BUFFER_PROXY,1.240684205,PRELIMINARY_90M,0.2820893622438155,0.34898779464364343,0.34898779464364343,0.400791009,0.20678070083333333,0.30966221668019805
101,ST002__ST049,2,ST002,월곶포구,49,ST049,거북섬 웨이브파크 정문,11279.0,11.279,2.6964338787885858,0.126061928,0.126061928,0.0,0.0,PRELIMINARY_POINT_BUFFER_PROXY,1.586662782,PRELIMINARY_90M,0.4785929477659439,0.37086019719098967,0.37086019719098967,0.126061928,0.26444379700000004,0.3099897174892334
222,ST005__ST017,5,ST005,배곧중·고등학교,17,ST017,장곡동,7558.0,7.558,2.9182323798804926,0.280728112,0.280728112,0.0,0.0,PRELIMINARY_POINT_BUFFER_PROXY,1.776110559,PRELIMINARY_90M,0.3207026774727373,0.34267319041979516,0.34267319041979516,0.280728112,0.2960184265,0.3100306015981331
7,ST001__ST008,1,ST001,월곶역,8,ST008,시흥능곡역,8941.0,8.941,2.198123695182556,0.132917083,0.132917083,0.0,0.0,PRELIMINARY_POINT_BUFFER_PROXY,1.643029122,PRELIMINARY_90M,0.379386430177791,0.454933451739598,0.454933451739598,0.132917083,0.273838187,0.3102687879793472
200,ST004__ST045,4,ST004,배곧중심상가,45,ST045,시흥중앙도서관,3290.0,3.29,2.605001057922393,0.615773208,0.615773208,0.0,0.0,PRELIMINARY_POINT_BUFFER_PROXY,0.612436929,PRELIMINARY_90M,0.13960198582764036,0.38387700341187025,0.38387700341187025,0.615773208,0.10207282150000001,0.31033125468487766
1423,ST044__ST048,44,ST044,경기과학기술대학교,48,ST048,정왕평생학습관 사거리,2008.0,2.008,2.3764182257499433,0.556023168,0.556023168,0.0,0.0,PRELIMINARY_POINT_BUFFER_PROXY,1.090832724,PRELIMINARY_90M,0.08520388679085161,0.42080135102667915,0.42080135102667915,0.556023168,0.181805454,0.31095846495438273
503,ST011__ST019,11,ST011,배곧생명공원,19,ST019,시화병원,3341.0,3.341,2.884602014738478,0.626739114,0.626739114,0.0,0.0,PRELIMINARY_POINT_BUFFER_PROXY,0.783434433,PRELIMINARY_90M,0.14176602876904146,0.34666827343620965,0.34666827343620965,0.626739114,0.13057240550000002,0.31143645542631276
785,ST018__ST021,18,ST018,정왕역,21,ST021,오이도 포구 해양관광 단지,7487.0,7.487,3.4012024390536584,0.328131644,0.259105734,0.06902591,0.0,PRELIMINARY_POINT_BUFFER_PROXY,1.85716378,PRELIMINARY_90M,0.31768999024059064,0.29401366661322204,0.29401366661322204,0.328131644,0.3095272966666667,0.31234064938011985
1446,ST046__ST052,46,ST046,배곧1동행정복지센터,52,ST052,가온그린공원,7614.0,7.614,2.9124827258011097,0.262335461,0.262335461,0.0,0.0,PRELIMINARY_POINT_BUFFER_PROXY,1.923953071,PRELIMINARY_90M,0.3230788814868248,0.3433496759109324,0.3433496759109324,0.262335461,0.32065884516666665,0.312355715891106
20,ST001__ST021,1,ST001,월곶역,21,ST021,오이도 포구 해양관광 단지,10793.0,10.793,3.5692866457416605,0.206106074,0.158260973,0.047845101,0.0,PRELIMINARY_POINT_BUFFER_PROXY,1.833399869,PRELIMINARY_90M,0.4579708915008274,0.28016802774667887,0.28016802774667887,0.206106074,0.30556664483333335,0.31245290952020993
1269,ST034__ST049,34,ST034,군자디지털과학고등학교,49,ST049,거북섬 웨이브파크 정문,13709.0,13.709,2.33339269699406,0.077090365,0.077090365,0.0,0.0,PRELIMINARY_POINT_BUFFER_PROXY,0.97527766,PRELIMINARY_90M,0.5817032290915263,0.42856052531930316,0.42856052531930316,0.077090365,0.16254627666666668,0.3124750990193741
161,ST004__ST006,4,ST004,배곧중심상가,6,ST006,시흥시청 본청,8749.0,8.749,2.781707771521675,0.21992462,0.21992462,0.0,0.0,PRELIMINARY_POINT_BUFFER_PROXY,1.796808136,PRELIMINARY_90M,0.37123944498663386,0.35949139238769534,0.35949139238769534,0.21992462,0.29946802266666667,0.312530870010249
163,ST004__ST008,4,ST004,배곧중심상가,8,ST008,시흥능곡역,10234.0,10.234,2.6871009164248223,0.177163027,0.177163027,0.0,0.0,PRELIMINARY_POINT_BUFFER_PROXY,1.605438133,PRELIMINARY_90M,0.4342512835744898,0.37214828586731913,0.37214828586731913,0.177163027,0.2675730221666667,0.3127839046521189
1463,ST048__ST054,48,ST048,정왕평생학습관 사거리,54,ST054,시흥 프리미엄 아울렛,6215.0,6.215,3.18555666739969,0.509215425,0.509215425,0.0,0.0,PRELIMINARY_POINT_BUFFER_PROXY,0.985908915,PRELIMINARY_90M,0.26371621334917467,0.3139168768315402,0.3139168768315402,0.509215425,0.1643181525,0.3127916669201787
1307,ST036__ST048,36,ST036,시흥시립군자도서관,48,ST048,정왕평생학습관 사거리,7358.0,7.358,2.991076209764658,0.415671605,0.415671605,0.0,0.0,PRELIMINARY_POINT_BUFFER_PROXY,1.135478826,PRELIMINARY_90M,0.31221623456528197,0.33432782378977943,0.33432782378977943,0.415671605,0.189246471,0.31286553358876534
528,ST011__ST044,11,ST011,배곧생명공원,44,ST044,경기과학기술대학교,5146.0,5.146,3.3457596833523393,0.601030682,0.601030682,0.0,0.0,PRELIMINARY_POINT_BUFFER_PROXY,0.799644313,PRELIMINARY_90M,0.2183561760088259,0.29888578219641687,0.29888578219641687,0.601030682,0.13327405216666668,0.31288667309297735
1462,ST048__ST053,48,ST048,정왕평생학습관 사거리,53,ST053,오이도 빨강등대,7759.0,7.759,3.3484815650864204,0.311112041,0.249179746,0.061932295,0.0,PRELIMINARY_POINT_BUFFER_PROXY,1.877210963,PRELIMINARY_90M,0.3292315525947299,0.2986428267745865,0.2986428267745865,0.311112041,0.3128684938333333,0.31296372855066246
85,ST002__ST033,2,ST002,월곶포구,33,ST033,타원산업단지,8860.0,8.86,3.0224207982076776,0.388535107,0.388535107,0.0,0.0,PRELIMINARY_POINT_BUFFER_PROXY,0.942706983,PRELIMINARY_90M,0.37594942080027155,0.330860613648837,0.330860613648837,0.388535107,0.1571178305,0.3131157429872772
977,ST023__ST043,23,ST023,오이도역,43,ST043,시흥종합버스터미널,3313.0,3.313,2.7164508036729917,0.671309327,0.671309327,0.0,0.0,PRELIMINARY_POINT_BUFFER_PROXY,0.436993285,PRELIMINARY_90M,0.1405779267619977,0.3681274104606905,0.3681274104606905,0.671309327,0.07283221416666667,0.31321171959733873
769,ST017__ST042,17,ST017,장곡동,42,ST042,시흥시청역,2716.0,2.716,1.8434790923881643,0.330839246,0.330839246,0.0,0.0,PRELIMINARY_POINT_BUFFER_PROXY,1.590121124,PRELIMINARY_90M,0.11524589468324352,0.5424525855102236,0.5424525855102236,0.330839246,0.2650201873333333,0.3133894783817001
11,ST001__ST012,1,ST001,월곶역,12,ST012,신천역,9663.0,9.663,3.1389937154892604,0.13373513,0.120476554,0.058545419,0.0,PRELIMINARY_POINT_BUFFER_PROXY,2.347871234,PRELIMINARY_90M,0.41002248907370475,0.3185734316910331,0.3185734316910331,0.13373513,0.3913118723333333,0.3134107307745178
97,ST002__ST045,2,ST002,월곶포구,45,ST045,시흥중앙도서관,5883.0,5.883,3.0629597313091463,0.524937449,0.524937449,0.0,0.0,PRELIMINARY_POINT_BUFFER_PROXY,0.9182433,PRELIMINARY_90M,0.24962871812279883,0.3264816020198176,0.3264816020198176,0.524937449,0.15304055,0.3135220797856541
1435,ST045__ST050,45,ST045,시흥중앙도서관,50,ST050,시흥한라3차아파트,2833.0,2.833,3.6569644058701334,0.750888061,0.750888061,0.0,0.0,PRELIMINARY_POINT_BUFFER_PROXY,0.66329661,PRELIMINARY_90M,0.1202104637841049,0.27345084310768986,0.27345084310768986,0.750888061,0.11054943499999999,0.3137747007229487
1450,ST047__ST048,47,ST047,배곧2동행정복지센터,48,ST048,정왕평생학습관 사거리,3453.0,3.453,3.2407471324978205,0.685219912,0.685219912,0.0,0.0,PRELIMINARY_POINT_BUFFER_PROXY,0.689108455,PRELIMINARY_90M,0.14651843679721643,0.3085708199729997,0.3085708199729997,0.685219912,0.11485140916666665,0.31379014448422066
1205,ST031__ST051,31,ST031,마전저수지,51,ST051,연성중학교,6100.0,6.1,2.6203589074087144,0.119255883,0.104609688,0.028266702,0.0,PRELIMINARY_POINT_BUFFER_PROXY,2.974419427,PRELIMINARY_90M,0.2588365086773879,0.3816271111459708,0.3816271111459708,0.119255883,0.49573657116666664,0.31386401849750634
1324,ST037__ST047,37,ST037,군자동행정복지센터,47,ST047,배곧2동행정복지센터,8163.0,8.163,3.5424936882987414,0.452447186,0.452447186,0.0,0.0,PRELIMINARY_POINT_BUFFER_PROXY,1.047777503,PRELIMINARY_90M,0.3463741672677897,0.28228702377173276,0.28228702377173276,0.452447186,0.17462958383333335,0.31393449021821396
382,ST008__ST033,8,ST008,시흥능곡역,33,ST033,타원산업단지,10699.0,10.699,3.158903558335437,0.128664141,0.128664141,0.0,0.0,PRELIMINARY_POINT_BUFFER_PROXY,2.141908628,PRELIMINARY_90M,0.4539822633343234,0.3165655365961673,0.3165655365961673,0.128664141,0.35698477133333334,0.314049178065956
871,ST020__ST036,20,ST020,시화공업단지[왼쪽부근],36,ST036,시흥시립군자도서관,7436.0,7.436,3.1412046717136963,0.343691843,0.343691843,0.0,0.0,PRELIMINARY_POINT_BUFFER_PROXY,1.683238037,PRELIMINARY_90M,0.31552594729918954,0.31834920182212967,0.31834920182212967,0.343691843,0.2805396728333333,0.31452666623866316
817,ST018__ST053,18,ST018,정왕역,53,ST053,오이도 빨강등대,7852.0,7.852,3.3359167327855648,0.308951268,0.247742651,0.061208617,0.0,PRELIMINARY_POINT_BUFFER_PROXY,1.9006229,PRELIMINARY_90M,0.33317774854669663,0.299767674106475,0.299767674106475,0.308951268,0.3167704833333333,0.31466679349662624
987,ST023__ST053,23,ST023,오이도역,53,ST053,오이도 빨강등대,7777.0,7.777,3.394685268486207,0.291043366,0.22930015,0.061743216,0.0,PRELIMINARY_POINT_BUFFER_PROXY,2.063935872,PRELIMINARY_90M,0.3299953324564009,0.29457811870905204,0.29457811870905204,0.291043366,0.343989312,0.31490153229136325
247,ST005__ST042,5,ST005,배곧중·고등학교,42,ST042,시흥시청역,9707.0,9.707,2.7612267136458186,0.230343718,0.230343718,0.0,0.0,PRELIMINARY_POINT_BUFFER_PROXY,1.53960277,PRELIMINARY_90M,0.41188950651334494,0.3621578753595492,0.3621578753595492,0.230343718,0.25660046166666667,0.3152478903848902
609,ST013__ST040,13,ST013,삼미시장,40,ST040,갯골생태공원,8751.0,8.751,2.4711492264829102,0.214627747,0.214627747,0.0,0.0,PRELIMINARY_POINT_BUFFER_PROXY,1.634966669,PRELIMINARY_90M,0.37132430941570843,0.40467001720622947,0.40467001720622947,0.214627747,0.27249444483333335,0.3157791296138178
821,ST019__ST021,19,ST019,시화병원,21,ST021,오이도 포구 해양관광 단지,6987.0,6.987,3.178864864464529,0.319803247,0.245867275,0.073935972,0.0,PRELIMINARY_POINT_BUFFER_PROXY,1.994010885,PRELIMINARY_90M,0.2964738829719523,0.31457770073168784,0.31457770073168784,0.319803247,0.3323351475,0.31579749455091005
1367,ST040__ST042,40,ST040,갯골생태공원,42,ST042,시흥시청역,3460.0,3.46,1.9956964294535866,0.321864239,0.321864239,0.0,0.0,PRELIMINARY_POINT_BUFFER_PROXY,1.76240716,PRELIMINARY_90M,0.14681546229897738,0.5010782127188531,0.5010782127188531,0.321864239,0.29373452666666666,0.3158731101711243
1425,ST044__ST050,44,ST044,경기과학기술대학교,50,ST050,시흥한라3차아파트,4192.0,4.192,3.3875016979736334,0.66648888,0.66648888,0.0,0.0,PRELIMINARY_POINT_BUFFER_PROXY,0.750088789,PRELIMINARY_90M,0.17787584334026393,0.29520280406005084,0.29520280406005084,0.66648888,0.12501479816666666,0.31614558139174537
52,ST001__ST053,1,ST001,월곶역,53,ST053,오이도 빨강등대,11158.0,11.158,3.5178705850326684,0.196616462,0.15357452,0.043041943,0.0,PRELIMINARY_POINT_BUFFER_PROXY,1.864818909,PRELIMINARY_90M,0.4734586498069334,0.28426287318659665,0.28426287318659665,0.196616462,0.3108031515,0.3162852841233825
1472,ST050__ST052,50,ST050,시흥한라3차아파트,52,ST052,가온그린공원,8779.0,8.779,3.3218078771929007,0.282979932,0.282979932,0.0,0.0,PRELIMINARY_POINT_BUFFER_PROXY,1.858796601,PRELIMINARY_90M,0.37251241142275215,0.30104089007250223,0.30104089007250223,0.282979932,0.3097994335,0.3165831667488136
567,ST012__ST040,12,ST012,신천역,40,ST040,갯골생태공원,8610.0,8.61,2.4258672733918405,0.210859569,0.210859569,0.0,0.0,PRELIMINARY_POINT_BUFFER_PROXY,1.670696384,PRELIMINARY_90M,0.3653413671659524,0.4122237069474139,0.4122237069474139,0.210859569,0.27844939733333335,0.3167185101116749
811,ST018__ST047,18,ST018,정왕역,47,ST047,배곧2동행정복지센터,3541.0,3.541,3.5135420511635806,0.71603201,0.71603201,0.0,0.0,PRELIMINARY_POINT_BUFFER_PROXY,0.696535188,PRELIMINARY_90M,0.1502524716764968,0.2846130729156436,0.2846130729156436,0.71603201,0.116089198,0.31674668814803514
918,ST021__ST049,21,ST021,오이도 포구 해양관광 단지,49,ST049,거북섬 웨이브파크 정문,3415.0,3.415,2.0479519266585933,0.213066607,0.05611095,0.156955657,0.0,PRELIMINARY_POINT_BUFFER_PROXY,2.524721128,PRELIMINARY_90M,0.14490601264479994,0.48829271184679834,0.48829271184679834,0.213066607,0.42078685466666665,0.3167630465395662
1053,ST026__ST029,26,ST026,은계파크자이,29,ST029,관곡공원,6175.0,6.175,2.002908151887456,0.217079342,0.217079342,0.0,0.0,PRELIMINARY_POINT_BUFFER_PROXY,1.735808496,PRELIMINARY_90M,0.2620189247676836,0.49927401766158985,0.49927401766158985,0.217079342,0.289301416,0.3169184251073184
234,ST005__ST029,5,ST005,배곧중·고등학교,29,ST029,관곡공원,11370.0,11.37,2.3427096945146686,0.010047644,0.010047644,0.0,0.0,PRELIMINARY_POINT_BUFFER_PROXY,2.090598508,PRELIMINARY_90M,0.4824542792888361,0.4268561325978406,0.4268561325978406,0.010047644,0.3484330846666666,0.3169477851383358
850,ST019__ST050,19,ST019,시화병원,50,ST050,시흥한라3차아파트,2327.0,2.327,2.8286811737543958,0.671238316,0.671238316,0.0,0.0,PRELIMINARY_POINT_BUFFER_PROXY,0.870466051,PRELIMINARY_90M,0.09873976322824288,0.35352163731932357,0.35352163731932357,0.671238316,0.14507767516666667,0.3171443479285583
469,ST010__ST029,10,ST010,은계호수공원,29,ST029,관곡공원,6442.0,6.442,1.9174650738285552,0.188232734,0.166201252,0.022031482,0.0,PRELIMINARY_POINT_BUFFER_PROXY,1.720342834,PRELIMINARY_90M,0.2733483260491365,0.5215218851435581,0.5215218851435581,0.188232734,0.28672380566666666,0.31745668771484037
138,ST003__ST034,3,ST003,배곧한울공원,34,ST034,군자디지털과학고등학교,9663.0,9.663,2.6365101331240934,0.235635472,0.235635472,0.0,0.0,PRELIMINARY_POINT_BUFFER_PROXY,1.469778474,PRELIMINARY_90M,0.41002248907370475,0.379289268581367,0.379289268581367,0.235635472,0.244963079,0.31747757716376795
937,ST022__ST035,22,ST022,오이도박물관,35,ST035,산들공원,10886.0,10.886,2.836094749599771,0.176800613,0.176800613,0.0,0.0,PRELIMINARY_POINT_BUFFER_PROXY,1.673561815,PRELIMINARY_90M,0.46191708745279414,0.35259752874656947,0.35259752874656947,0.176800613,0.27892696916666665,0.3175605495915076
984,ST023__ST050,23,ST023,오이도역,50,ST050,시흥한라3차아파트,2437.0,2.437,2.465689120443457,0.635532393,0.635532393,0.0,0.0,PRELIMINARY_POINT_BUFFER_PROXY,0.755387488,PRELIMINARY_90M,0.10340730682734332,0.4055661322868428,0.4055661322868428,0.635532393,0.12589791466666667,0.31760093669521317
906,ST021__ST037,21,ST021,오이도 포구 해양관광 단지,37,ST037,군자동행정복지센터,11237.0,11.237,3.2784564129180023,0.32288267,0.317010944,0.024020396,0.0,PRELIMINARY_POINT_BUFFER_PROXY,0.995066461,PRELIMINARY_90M,0.4768107947553783,0.3050215937170097,0.3050215937170097,0.32288267,0.16584441016666665,0.31763986715976367
59,ST002__ST007,2,ST002,월곶포구,7,ST007,장현지구,5926.0,5.926,2.18303415787715,0.266832809,0.266832809,0.0,0.0,PRELIMINARY_POINT_BUFFER_PROXY,1.765903969,PRELIMINARY_90M,0.2514533033479017,0.4580780362009685,0.4580780362009685,0.266832809,0.29431732816666667,0.31767036917888425
853,ST019__ST053,19,ST019,시화병원,53,ST053,오이도 빨강등대,7352.0,7.352,3.1202256848674432,0.29974064,0.23439461,0.06534603,0.0,PRELIMINARY_POINT_BUFFER_PROXY,2.03323403,PRELIMINARY_90M,0.3119616412780583,0.3204896379290215,0.3204896379290215,0.29974064,0.33887233833333336,0.3177660643851033
94,ST002__ST042,2,ST002,월곶포구,42,ST042,시흥시청역,6940.0,6.94,2.1549162435815505,0.23698744,0.23698744,0.0,0.0,PRELIMINARY_POINT_BUFFER_PROXY,1.656016441,PRELIMINARY_90M,0.2944795688887003,0.4640551589782269,0.4640551589782269,0.23698744,0.27600274016666665,0.3178812270083985
216,ST005__ST011,5,ST005,배곧중·고등학교,11,ST011,배곧생명공원,1035.0,1.035,2.302250274330589,0.657889333,0.657889333,0.0,0.0,PRELIMINARY_POINT_BUFFER_PROXY,0.815151569,PRELIMINARY_90M,0.04391734204608139,0.43435764180363223,0.43435764180363223,0.657889333,0.13585859483333332,0.3180057279207617
1290,ST035__ST050,35,ST035,산들공원,50,ST050,시흥한라3차아파트,7169.0,7.169,2.2273953014365597,0.243851842,0.243851842,0.0,0.0,PRELIMINARY_POINT_BUFFER_PROXY,1.660864196,PRELIMINARY_90M,0.30419654601773666,0.44895488436877345,0.44895488436877345,0.243851842,0.2768106993333333,0.31845349292996084
714,ST016__ST025,16,ST016,물왕호수,25,ST025,목감동행정복지센터,3005.0,3.005,2.1381214943015445,0.193383798,0.119943446,0.161932073,0.0,PRELIMINARY_POINT_BUFFER_PROXY,2.924827881,PRELIMINARY_90M,0.12750880468451647,0.46770026991691965,0.46770026991691965,0.193383798,0.4874713135,0.31901604652535903
265,ST006__ST011,6,ST006,시흥시청 본청,11,ST011,배곧생명공원,9367.0,9.367,2.720570366635699,0.23235844,0.23235844,0.0,0.0,PRELIMINARY_POINT_BUFFER_PROXY,1.678691712,PRELIMINARY_90M,0.39746255357067084,0.3675699817449001,0.3675699817449001,0.23235844,0.279781952,0.31929323182889274
1327,ST037__ST050,37,ST037,군자동행정복지센터,50,ST050,시흥한라3차아파트,8365.0,8.365,3.526144712426741,0.465633811,0.465633811,0.0,0.0,PRELIMINARY_POINT_BUFFER_PROXY,1.038366977,PRELIMINARY_90M,0.3549454746043196,0.2835958480308048,0.2835958480308048,0.465633811,0.1730611628333333,0.31930907411711446
981,ST023__ST047,23,ST023,오이도역,47,ST047,배곧2동행정복지센터,3445.0,3.445,3.720252557069112,0.68437309,0.68437309,0.0,0.0,PRELIMINARY_POINT_BUFFER_PROXY,1.070800265,PRELIMINARY_90M,0.14617897908091823,0.2687989550870223,0.2687989550870223,0.68437309,0.17846671083333332,0.31945443375031846
1052,ST026__ST028,26,ST026,은계파크자이,28,ST028,매화산업단지,3710.0,3.71,2.0137289994067236,0.230217732,0.230217732,0.0,0.0,PRELIMINARY_POINT_BUFFER_PROXY,2.364000529,PRELIMINARY_90M,0.15742351593329657,0.4965911501967821,0.4965911501967821,0.230217732,0.3940000881666667,0.3195581215741864
1237,ST033__ST038,33,ST033,타원산업단지,38,ST038,능곡도서관,11114.0,11.114,3.027519358491037,0.129363807,0.123175519,0.008304536,0.0,PRELIMINARY_POINT_BUFFER_PROXY,2.083461432,PRELIMINARY_90M,0.47159163236729323,0.3303034205860258,0.3303034205860258,0.129363807,0.347243572,0.3196256079883298
144,ST003__ST040,3,ST003,배곧한울공원,40,ST040,갯골생태공원,11059.0,11.059,2.4533667349874793,0.150959916,0.150959916,0.0,0.0,PRELIMINARY_POINT_BUFFER_PROXY,1.505499554,PRELIMINARY_90M,0.46925786056774305,0.40760314621495164,0.40760314621495164,0.150959916,0.25091659233333335,0.319684378779007
37,ST001__ST038,1,ST001,월곶역,38,ST038,능곡도서관,9189.0,9.189,2.207876585874364,0.151020385,0.143541514,0.010036469,0.0,PRELIMINARY_POINT_BUFFER_PROXY,1.70966098,PRELIMINARY_90M,0.3899096193830356,0.45292386648684885,0.45292386648684885,0.151020385,0.2849434966666667,0.3196993418841378
1066,ST026__ST042,26,ST026,은계파크자이,42,ST042,시흥시청역,7779.0,7.779,2.235582588000752,0.172282193,0.172282193,0.0,0.0,PRELIMINARY_POINT_BUFFER_PROXY,1.980521819,PRELIMINARY_90M,0.33008019688547546,0.4473106944773107,0.4473106944773107,0.172282193,0.33008696983333335,0.3199400135490299
168,ST004__ST013,4,ST004,배곧중심상가,13,ST013,삼미시장,10775.0,10.775,3.530128973927555,0.163406945,0.151516028,0.052506297,0.0,PRELIMINARY_POINT_BUFFER_PROXY,2.255483615,PRELIMINARY_90M,0.45720711163915645,0.2832757690684085,0.2832757690684085,0.163406945,0.3759139358333334,0.3199509403852246
428,ST009__ST033,9,ST009,능곡중앙공원,33,ST033,타원산업단지,10708.0,10.708,3.1601346829823638,0.176932327,0.176932327,0.030730754,0.0,PRELIMINARY_POINT_BUFFER_PROXY,1.994283261,PRELIMINARY_90M,0.4543641532651589,0.31644220905681597,0.31644220905681597,0.176932327,0.3323805435,0.3200298082054937
532,ST011__ST048,11,ST011,배곧생명공원,48,ST048,정왕평생학습관 사거리,3624.0,3.624,2.8984721926557486,0.655786705,0.655786705,0.0,0.0,PRELIMINARY_POINT_BUFFER_PROXY,0.754855634,PRELIMINARY_90M,0.15377434548309077,0.3450093475224069,0.3450093475224069,0.655786705,0.12580927233333333,0.32009491758470776
530,ST011__ST046,11,ST011,배곧생명공원,46,ST046,배곧1동행정복지센터,2055.0,2.055,2.414191719013481,0.677890751,0.677890751,0.0,0.0,PRELIMINARY_POINT_BUFFER_PROXY,0.609010822,PRELIMINARY_90M,0.08719820087410363,0.4142173101350183,0.4142173101350183,0.677890751,0.10150180366666667,0.32020201641894713
369,ST008__ST020,8,ST008,시흥능곡역,20,ST020,시화공업단지[왼쪽부근],10511.0,10.511,3.1512350183723807,0.191074926,0.191074926,0.0,0.0,PRELIMINARY_POINT_BUFFER_PROXY,1.960084443,PRELIMINARY_90M,0.4460050070013154,0.3173358997884271,0.3173358997884271,0.191074926,0.3266807405,0.32027414332243564
1155,ST029__ST050,29,ST029,관곡공원,50,ST050,시흥한라3차아파트,11496.0,11.496,2.910318096071872,0.136506001,0.136506001,0.0,0.0,PRELIMINARY_POINT_BUFFER_PROXY,1.879301716,PRELIMINARY_90M,0.48780073832053295,0.3436050517466543,0.3436050517466543,0.136506001,0.31321695266666666,0.32028218593346347
1194,ST031__ST040,31,ST031,마전저수지,40,ST040,갯골생태공원,2402.0,2.402,2.2619856904966325,0.142177716,0.142177716,0.0,0.0,PRELIMINARY_POINT_BUFFER_PROXY,3.572654596,PRELIMINARY_90M,0.10192217931853863,0.44208944565889097,0.44208944565889097,0.142177716,0.5954424326666666,0.3204079434110241
1081,ST027__ST029,27,ST027,은행동행정복지센터,29,ST029,관곡공원,6511.0,6.511,2.105093847144432,0.221221899,0.221221899,0.0,0.0,PRELIMINARY_POINT_BUFFER_PROXY,1.86056218,PRELIMINARY_90M,0.2762761488522086,0.47503820381048756,0.47503820381048756,0.221221899,0.3100936966666667,0.3206574870823407
65,ST002__ST013,2,ST002,월곶포구,13,ST013,삼미시장,8913.0,8.913,3.1699010313471865,0.195254791,0.180876461,0.06348988,0.0,PRELIMINARY_POINT_BUFFER_PROXY,2.384881968,PRELIMINARY_90M,0.3781983281707472,0.31546726226181476,0.31546726226181476,0.195254791,0.39748032800000005,0.3216001773581405
193,ST004__ST038,4,ST004,배곧중심상가,38,ST038,능곡도서관,10482.0,10.482,2.684005602757446,0.19198165,0.185424387,0.008799693,0.0,PRELIMINARY_POINT_BUFFER_PROXY,1.668994461,PRELIMINARY_90M,0.44477447277973436,0.3725774636880928,0.3725774636880928,0.19198165,0.2781657435,0.3218748324919568
924,ST021__ST055,21,ST021,오이도 포구 해양관광 단지,55,ST055,해양생태과학관,2960.0,2.96,1.9299976875687086,0.180973235,0.0,0.180973235,0.0,PRELIMINARY_POINT_BUFFER_PROXY,2.778134843,PRELIMINARY_90M,0.12559935503033903,0.5181353358302403,0.5181353358302403,0.180973235,0.46302247383333334,0.32193259992347817
1238,ST033__ST039,33,ST033,타원산업단지,39,ST039,능곡힐스테이트,11212.0,11.212,3.018660011719582,0.135210115,0.110436354,0.024773761,0.0,PRELIMINARY_POINT_BUFFER_PROXY,2.078405666,PRELIMINARY_90M,0.47574998939194635,0.331272815129104,0.331272815129104,0.135210115,0.34640094433333335,0.32215846596359593
1459,ST048__ST050,48,ST048,정왕평생학습관 사거리,50,ST050,시흥한라3차아파트,3650.0,3.65,3.5088450033930068,0.746548284,0.746548284,0.0,0.0,PRELIMINARY_POINT_BUFFER_PROXY,0.613416754,PRELIMINARY_90M,0.15487758306105995,0.2849940647230109,0.2849940647230109,0.746548284,0.10223612566666666,0.3221640143626843
777,ST017__ST050,17,ST017,장곡동,50,ST050,시흥한라3차아파트,8703.0,8.703,3.016055028094267,0.310926104,0.310926104,0.0,0.0,PRELIMINARY_POINT_BUFFER_PROXY,1.661975821,PRELIMINARY_90M,0.3692875631179191,0.3315589373154981,0.3315589373154981,0.310926104,0.27699597016666666,0.32219214365002097
199,ST004__ST044,4,ST004,배곧중심상가,44,ST044,경기과학기술대학교,4681.0,4.681,2.8527491797795728,0.597922959,0.597922959,0.0,0.0,PRELIMINARY_POINT_BUFFER_PROXY,0.855658616,PRELIMINARY_90M,0.19862519624899225,0.3505390544279355,0.3505390544279355,0.597922959,0.14260976933333333,0.32242424475256526
1080,ST027__ST028,27,ST027,은행동행정복지센터,28,ST028,매화산업단지,4046.0,4.046,2.177258890186534,0.235801443,0.235801443,0.0,0.0,PRELIMINARY_POINT_BUFFER_PROXY,2.540050863,PRELIMINARY_90M,0.17168074001782152,0.4592931068084082,0.4592931068084082,0.235801443,0.42334181049999997,0.32252927508155743
38,ST001__ST039,1,ST001,월곶역,39,ST039,능곡힐스테이트,9287.0,9.287,2.20571435228064,0.157848013,0.12796136,0.029886653,0.0,PRELIMINARY_POINT_BUFFER_PROXY,1.709054796,PRELIMINARY_90M,0.3940679764076887,0.45336786196545853,0.45336786196545853,0.157848013,0.284842466,0.3225315793432868
1308,ST036__ST049,36,ST036,시흥시립군자도서관,49,ST049,거북섬 웨이브파크 정문,13891.0,13.891,2.34529151566163,0.089207463,0.089207463,0.0,0.0,PRELIMINARY_POINT_BUFFER_PROXY,1.125585275,PRELIMINARY_90M,0.5894258921373107,0.4263862267535173,0.4263862267535173,0.089207463,0.18759754583333332,0.32315428193104034
257,ST005__ST052,5,ST005,배곧중·고등학교,52,ST052,가온그린공원,8122.0,8.122,2.8555152975367957,0.2956403,0.2956403,0.0,0.0,PRELIMINARY_POINT_BUFFER_PROXY,1.819513266,PRELIMINARY_90M,0.34463444647176134,0.3501994896902191,0.3501994896902191,0.2956403,0.303252211,0.3234316117904951
781,ST017__ST054,17,ST017,장곡동,54,ST054,시흥 프리미엄 아울렛,5652.0,5.652,2.211420227168932,0.275865288,0.275865288,0.0,0.0,PRELIMINARY_POINT_BUFFER_PROXY,1.957119868,PRELIMINARY_90M,0.2398268765646879,0.4521980886826759,0.4521980886826759,0.275865288,0.32618664466666664,0.3235192244785076
494,ST010__ST054,10,ST010,은계호수공원,54,ST054,시흥 프리미엄 아울렛,12015.0,12.015,2.4506854395917737,0.122733605,0.122733605,0.0,0.0,PRELIMINARY_POINT_BUFFER_PROXY,1.525102301,PRELIMINARY_90M,0.5098230576653796,0.4080491048931096,0.4080491048931096,0.122733605,0.25418371683333335,0.32369737109795566
249,ST005__ST044,5,ST005,배곧중·고등학교,44,ST044,경기과학기술대학교,6221.0,6.221,3.664836525033137,0.595199119,0.595199119,0.0,0.0,PRELIMINARY_POINT_BUFFER_PROXY,0.980490573,PRELIMINARY_90M,0.2639708066363984,0.27286346694303315,0.27286346694303315,0.595199119,0.1634150955,0.32386212201985787
100,ST002__ST048,2,ST002,월곶포구,48,ST048,정왕평생학습관 사거리,5879.0,5.879,3.2010053406486016,0.584418621,0.584418621,0.0,0.0,PRELIMINARY_POINT_BUFFER_PROXY,0.901110981,PRELIMINARY_90M,0.2494589892646497,0.31240185303701357,0.31240185303701357,0.584418621,0.1501851635,0.3241161567004158
1078,ST026__ST054,26,ST026,은계파크자이,54,ST054,시흥 프리미엄 아울렛,12111.0,12.111,2.3892699855491073,0.114063193,0.114063193,0.0,0.0,PRELIMINARY_POINT_BUFFER_PROXY,1.500078094,PRELIMINARY_90M,0.5138965502609582,0.4185378823022287,0.4185378823022287,0.114063193,0.25001301566666667,0.32412766030746337
308,ST006__ST054,6,ST006,시흥시청 본청,54,ST054,시흥 프리미엄 아울렛,6963.0,6.963,2.2981115356407833,0.24524532,0.24524532,0.0,0.0,PRELIMINARY_POINT_BUFFER_PROXY,1.924103538,PRELIMINARY_90M,0.2954555098230577,0.43513988964037364,0.43513988964037364,0.24524532,0.320683923,0.32413116061585784
73,ST002__ST021,2,ST002,월곶포구,21,ST021,오이도 포구 해양관광 단지,10009.0,10.009,2.697243707061011,0.174538062,0.122902166,0.051635896,0.0,PRELIMINARY_POINT_BUFFER_PROXY,1.963748922,PRELIMINARY_90M,0.4247040353036025,0.3707488490499165,0.3707488490499165,0.174538062,0.327291487,0.3243206083383797
1180,ST030__ST050,30,ST030,장곡도서관,50,ST050,시흥한라3차아파트,8490.0,8.49,3.1450030516165666,0.293887363,0.293887363,0.0,0.0,PRELIMINARY_POINT_BUFFER_PROXY,1.953099272,PRELIMINARY_90M,0.3602495014214792,0.31796471532388143,0.31796471532388143,0.293887363,0.32551654533333335,0.3244045312696735
194,ST004__ST039,4,ST004,배곧중심상가,39,ST039,능곡힐스테이트,10580.0,10.58,2.6777596266461616,0.197601569,0.171364162,0.026237407,0.0,PRELIMINARY_POINT_BUFFER_PROXY,1.667718253,PRELIMINARY_90M,0.4489328298043875,0.3734465147838827,0.3734465147838827,0.197601569,0.27795304216666666,0.3244834889387342
385,ST008__ST036,8,ST008,시흥능곡역,36,ST036,시흥시립군자도서관,4468.0,4.468,3.322939983305055,0.221339234,0.221339234,0.0,0.0,PRELIMINARY_POINT_BUFFER_PROXY,3.518784026,PRELIMINARY_90M,0.1895871345525523,0.30093832721149005,0.30093832721149005,0.221339234,0.5864640043333333,0.32458217502434394
1151,ST029__ST046,29,ST029,관곡공원,46,ST046,배곧1동행정복지센터,10046.0,10.046,2.437207270869709,0.135099212,0.135099212,0.0,0.0,PRELIMINARY_POINT_BUFFER_PROXY,1.96435996,PRELIMINARY_90M,0.4262740272414817,0.4103056855082964,0.4103056855082964,0.135099212,0.32739332666666665,0.3247680628541112
454,ST010__ST014,10,ST010,은계호수공원,14,ST014,시흥대야역,1525.0,1.525,2.792670740390496,0.667821134,0.57752438,0.090296754,0.0,PRELIMINARY_POINT_BUFFER_PROXY,1.2539899,PRELIMINARY_90M,0.06470912716934697,0.3580801651755664,0.3580801651755664,0.667821134,0.20899831666666668,0.32490218575289503
765,ST017__ST038,17,ST017,장곡동,38,ST038,능곡도서관,4285.0,4.285,1.9821410620641189,0.326481556,0.310449796,0.021514244,0.0,PRELIMINARY_POINT_BUFFER_PROXY,1.72813283,PRELIMINARY_90M,0.18182203929223067,0.5045049613969662,0.5045049613969662,0.326481556,0.28802213833333334,0.32520767375563253
623,ST013__ST054,13,ST013,삼미시장,54,ST054,시흥 프리미엄 아울렛,8770.0,8.77,3.0162642189400977,0.198412944,0.198412944,0.0,0.0,PRELIMINARY_POINT_BUFFER_PROXY,2.393075385,PRELIMINARY_90M,0.37213052149191667,0.33153594228273403,0.33153594228273403,0.198412944,0.3988458975,0.3252313263186627
1094,ST027__ST042,27,ST027,은행동행정복지센터,42,ST042,시흥시청역,8115.0,8.115,2.3079958950529833,0.177443763,0.177443763,0.0,0.0,PRELIMINARY_POINT_BUFFER_PROXY,2.076001504,PRELIMINARY_90M,0.3443374209700004,0.4332763338719212,0.4332763338719212,0.177443763,0.3460002506666667,0.32526444212714706
1211,ST032__ST034,32,ST032,희망공원,34,ST034,군자디지털과학고등학교,9776.0,9.776,2.346286353043536,0.221489343,0.221489343,0.0,0.0,PRELIMINARY_POINT_BUFFER_PROXY,1.431768579,PRELIMINARY_90M,0.414817329316417,0.42620543681841244,0.42620543681841244,0.221489343,0.23862809650000003,0.3252850514087074
1184,ST030__ST054,30,ST030,장곡도서관,54,ST054,시흥 프리미엄 아울렛,5439.0,5.439,2.3816098548711766,0.247921112,0.247921112,0.0,0.0,PRELIMINARY_POINT_BUFFER_PROXY,2.422505924,PRELIMINARY_90M,0.23078881486824798,0.41988405361804776,0.41988405361804776,0.247921112,0.40375098733333337,0.32558624195490726
1429,ST044__ST054,44,ST044,경기과학기술대학교,54,ST054,시흥 프리미엄 아울렛,7507.0,7.507,3.100148303238359,0.480589438,0.480589438,0.0,0.0,PRELIMINARY_POINT_BUFFER_PROXY,1.08510555,PRELIMINARY_90M,0.3185386345313362,0.32256521372071717,0.32256521372071717,0.480589438,0.180850925,0.32563605281301333
1274,ST034__ST054,34,ST034,군자디지털과학고등학교,54,ST054,시흥 프리미엄 아울렛,9041.0,9.041,2.4037160219270213,0.219655575,0.219655575,0.0,0.0,PRELIMINARY_POINT_BUFFER_PROXY,1.700261816,PRELIMINARY_90M,0.38362965163151863,0.4160225213285868,0.4160225213285868,0.219655575,0.28337696933333334,0.32567117932335965
292,ST006__ST038,6,ST006,시흥시청 본청,38,ST038,능곡도서관,2199.0,2.199,2.084117616972949,0.214672193,0.183407351,0.04195668,0.0,PRELIMINARY_POINT_BUFFER_PROXY,3.091529972,PRELIMINARY_90M,0.09330843976747147,0.47981936904906436,0.47981936904906436,0.214672193,0.5152549953333333,0.3257637492874673
223,ST005__ST018,5,ST005,배곧중·고등학교,18,ST018,정왕역,5442.0,5.442,2.30587117901592,0.400251355,0.400251355,0.0,0.0,PRELIMINARY_POINT_BUFFER_PROXY,1.438578665,PRELIMINARY_90M,0.2309161115118598,0.43367557090798603,0.43367557090798603,0.400251355,0.23976311083333335,0.3261515370632948
415,ST009__ST020,9,ST009,능곡중앙공원,20,ST020,시화공업단지[왼쪽부근],10520.0,10.52,3.15249532086178,0.240155396,0.240155396,0.031284208,0.0,PRELIMINARY_POINT_BUFFER_PROXY,1.809710265,PRELIMINARY_90M,0.4463868969321509,0.31720903545279033,0.31720903545279033,0.240155396,0.30161837750000003,0.32634242647123535
581,ST012__ST054,12,ST012,신천역,54,ST054,시흥 프리미엄 아울렛,9423.0,9.423,3.210050257042966,0.181118145,0.154003395,0.065035286,0.0,PRELIMINARY_POINT_BUFFER_PROXY,2.484378517,PRELIMINARY_90M,0.39983875758475834,0.3115216024440627,0.3115216024440627,0.181118145,0.4140630861666667,0.3266353977988719
519,ST011__ST035,11,ST011,배곧생명공원,35,ST035,산들공원,6874.0,6.874,2.077482822025021,0.271873086,0.271873086,0.0,0.0,PRELIMINARY_POINT_BUFFER_PROXY,1.573831308,PRELIMINARY_90M,0.29167904272924006,0.48135175386203793,0.48135175386203793,0.271873086,0.262305218,0.3268022751478195
1213,ST032__ST036,32,ST032,희망공원,36,ST036,시흥시립군자도서관,11031.0,11.031,3.416515222422179,0.29976303,0.29976303,0.0,0.0,PRELIMINARY_POINT_BUFFER_PROXY,1.486346433,PRELIMINARY_90M,0.46806975856069927,0.2926959006174245,0.2926959006174245,0.29976303,0.2477244055,0.327063273669531
203,ST004__ST048,4,ST004,배곧중심상가,48,ST048,정왕평생학습관 사거리,3286.0,3.286,2.85126560046434,0.722314679,0.722314679,0.0,0.0,PRELIMINARY_POINT_BUFFER_PROXY,0.581559349,PRELIMINARY_90M,0.13943225696949124,0.3507214479903752,0.3507214479903752,0.722314679,0.09692655816666666,0.3273487355316333
105,ST002__ST053,2,ST002,월곶포구,53,ST053,오이도 빨강등대,10374.0,10.374,2.672653089698992,0.16543645,0.119104544,0.046331907,0.0,PRELIMINARY_POINT_BUFFER_PROXY,1.992709671,PRELIMINARY_90M,0.4401917936097085,0.3741600448835749,0.3741600448835749,0.16543645,0.33211827850000003,0.32797664174832086
190,ST004__ST035,4,ST004,배곧중심상가,35,ST035,산들공원,5634.0,5.634,1.616302802962953,0.164000859,0.164000859,0.0,0.0,PRELIMINARY_POINT_BUFFER_PROXY,1.742014497,PRELIMINARY_90M,0.23906309670301693,0.6186959511341767,0.6186959511341767,0.164000859,0.2903357495,0.32802391408429843
452,ST010__ST012,10,ST010,은계호수공원,12,ST012,신천역,2361.0,2.361,2.79221465563128,0.473443851,0.473443851,0.0,0.0,PRELIMINARY_POINT_BUFFER_PROXY,2.295026039,PRELIMINARY_90M,0.10018245852251029,0.35813865455623944,0.35813865455623944,0.473443851,0.3825043398333334,0.3285673259780208
766,ST017__ST039,17,ST017,장곡동,39,ST039,능곡힐스테이트,4383.0,4.383,1.9825345779479786,0.337079027,0.273766902,0.063312125,0.0,PRELIMINARY_POINT_BUFFER_PROXY,1.722839209,PRELIMINARY_90M,0.1859803963168838,0.5044048215466937,0.5044048215466937,0.337079027,0.28713986816666665,0.32865102825756104
969,ST023__ST035,23,ST023,오이도역,35,ST035,산들공원,5368.0,5.368,1.6394358943294012,0.193630337,0.193630337,0.0,0.0,PRELIMINARY_POINT_BUFFER_PROXY,1.70575784,PRELIMINARY_90M,0.22777612763610133,0.6099659056257534,0.6099659056257534,0.193630337,0.2842929733333333,0.328916335898797
597,ST013__ST028,13,ST013,삼미시장,28,ST028,매화산업단지,5031.0,5.031,2.447712054812518,0.276802217,0.276802217,0.0,0.0,PRELIMINARY_POINT_BUFFER_PROXY,2.504274006,PRELIMINARY_90M,0.2134764713370391,0.40854478697111074,0.40854478697111074,0.276802217,0.417379001,0.3290506190770375
713,ST016__ST024,16,ST016,물왕호수,24,ST024,목감고등학교,3229.0,3.229,2.105914035609522,0.176923572,0.176923572,0.0,0.0,PRELIMINARY_POINT_BUFFER_PROXY,3.167384816,PRELIMINARY_90M,0.13701362074086645,0.474853191104055,0.474853191104055,0.176923572,0.5278974693333334,0.32917196329456366
936,ST022__ST034,22,ST022,오이도박물관,34,ST034,군자디지털과학고등학교,11239.0,11.239,2.7873778759767913,0.202511939,0.202511939,0.0,0.0,PRELIMINARY_POINT_BUFFER_PROXY,1.673263858,PRELIMINARY_90M,0.4768956591844528,0.358760112368893,0.358760112368893,0.202511939,0.2788773096666667,0.32926125505500314
595,ST013__ST026,13,ST013,삼미시장,26,ST026,은계파크자이,1938.0,1.938,2.6326125397405407,0.511569918,0.511569918,0.0,0.0,PRELIMINARY_POINT_BUFFER_PROXY,2.070334106,PRELIMINARY_90M,0.08223363177324225,0.3798508078589323,0.3798508078589323,0.511569918,0.3450556843333333,0.32967751049137695
1141,ST029__ST036,29,ST029,관곡공원,36,ST036,시흥시립군자도서관,8009.0,8.009,3.037861813989035,0.16296721,0.16296721,0.0,0.0,PRELIMINARY_POINT_BUFFER_PROXY,2.924765057,PRELIMINARY_90M,0.3398396062290491,0.3291788966157397,0.3291788966157397,0.16296721,0.48746084283333335,0.3298616389195306
1406,ST042__ST054,42,ST042,시흥시청역,54,ST054,시흥 프리미엄 아울렛,7034.0,7.034,2.2387261258249262,0.258859187,0.258859187,0.0,0.0,PRELIMINARY_POINT_BUFFER_PROXY,1.897766798,PRELIMINARY_90M,0.29846819705520433,0.4466825970646677,0.4466825970646677,0.258859187,0.3162944663333333,0.3300761118633013
982,ST023__ST048,23,ST023,오이도역,48,ST048,정왕평생학습관 사거리,2744.0,2.744,3.0,0.805831223,0.805831223,0.0,0.0,PRELIMINARY_POINT_BUFFER_PROXY,0.39213366,PRELIMINARY_90M,0.11643399669028727,0.3333333333333333,0.3333333333333333,0.805831223,0.06535561,0.33023854075590514
980,ST023__ST046,23,ST023,오이도역,46,ST046,배곧1동행정복지센터,2045.0,2.045,2.389760491642425,0.684570888,0.684570888,0.0,0.0,PRELIMINARY_POINT_BUFFER_PROXY,0.792332511,PRELIMINARY_90M,0.08677387872873085,0.4184519760441449,0.4184519760441449,0.684570888,0.1320554185,0.33046304031821894
60,ST002__ST008,2,ST002,월곶포구,8,ST008,시흥능곡역,8261.0,8.261,2.155457395225097,0.235590899,0.235590899,0.0,0.0,PRELIMINARY_POINT_BUFFER_PROXY,1.639786813,PRELIMINARY_90M,0.3505325242924428,0.4639386527496494,0.4639386527496494,0.235590899,0.27329780216666666,0.33083996955218975
496,ST011__ST012,11,ST011,배곧생명공원,12,ST012,신천역,11190.0,11.19,3.3955749329725884,0.229835415,0.229835415,0.0,0.0,PRELIMINARY_POINT_BUFFER_PROXY,1.946326239,PRELIMINARY_90M,0.4748164806721263,0.29450093717253645,0.29450093717253645,0.229835415,0.3243877065,0.33088513483616566
1389,ST041__ST050,41,ST041,연꽃테마파크,50,ST050,시흥한라3차아파트,12199.0,12.199,2.8294054328016167,0.128624347,0.128624347,0.0,0.0,PRELIMINARY_POINT_BUFFER_PROXY,1.943444347,PRELIMINARY_90M,0.5176305851402385,0.35343114436937423,0.35343114436937423,0.128624347,0.32390739116666667,0.3308983669190699
64,ST002__ST012,2,ST002,월곶포구,12,ST012,신천역,8983.0,8.983,3.1711065178480338,0.228261946,0.213997667,0.062986265,0.0,PRELIMINARY_POINT_BUFFER_PROXY,2.40019603,PRELIMINARY_90M,0.3811685831883566,0.3153473383412604,0.3153473383412604,0.228261946,0.4000326716666667,0.3312026347990709
140,ST003__ST036,3,ST003,배곧한울공원,36,ST036,시흥시립군자도서관,11552.0,11.552,3.4117495650713696,0.319486964,0.319486964,0.0,0.0,PRELIMINARY_POINT_BUFFER_PROXY,1.334349302,PRELIMINARY_90M,0.49017694233462045,0.2931047490231251,0.2931047490231251,0.319486964,0.22239155033333333,0.33129005142276974
1196,ST031__ST042,31,ST031,마전저수지,42,ST042,시흥시청역,4275.0,4.275,2.1436264167673507,0.207291629,0.207291629,0.0,0.0,PRELIMINARY_POINT_BUFFER_PROXY,2.824591732,PRELIMINARY_90M,0.1813977171468579,0.46649919602503703,0.46649919602503703,0.207291629,0.47076528866666667,0.3314884577096404
904,ST021__ST035,21,ST021,오이도 포구 해양관광 단지,35,ST035,산들공원,10930.0,10.93,2.551605329445319,0.247666634,0.241627929,0.024703488,0.0,PRELIMINARY_POINT_BUFFER_PROXY,1.336812849,PRELIMINARY_90M,0.4637841048924343,0.3919101392602065,0.3919101392602065,0.247666634,0.2228021415,0.33154075491316015
313,ST007__ST011,7,ST007,장현지구,11,ST011,배곧생명공원,9980.0,9.98,2.5537413472256456,0.24479273,0.24479273,0.0,0.0,PRELIMINARY_POINT_BUFFER_PROXY,1.600494142,PRELIMINARY_90M,0.4234735010820215,0.39158233510468404,0.39158233510468404,0.24479273,0.2667490236666667,0.33164939746334304
304,ST006__ST050,6,ST006,시흥시청 본청,50,ST050,시흥한라3차아파트,10014.0,10.014,2.9707752623655717,0.28503215,0.28503215,0.0,0.0,PRELIMINARY_POINT_BUFFER_PROXY,1.681460669,PRELIMINARY_90M,0.42491619637628886,0.33661247037708236,0.33661247037708236,0.28503215,0.28024344483333335,0.3317010653966761
211,ST005__ST006,5,ST005,배곧중·고등학교,6,ST006,시흥시청 본청,9543.0,9.543,2.7759353574530383,0.277560288,0.277560288,0.0,0.0,PRELIMINARY_POINT_BUFFER_PROXY,1.704954845,PRELIMINARY_90M,0.4049306233292316,0.3602389361535835,0.3602389361535835,0.277560288,0.2841591408333333,0.3317222470790371
126,ST003__ST022,3,ST003,배곧한울공원,22,ST022,오이도박물관,3668.0,3.668,2.101502920676558,0.337713254,0.208126213,0.129587041,0.0,PRELIMINARY_POINT_BUFFER_PROXY,2.146262579,PRELIMINARY_90M,0.15564136292273092,0.475849921578058,0.475849921578058,0.337713254,0.35771042983333334,0.3317287420835306
814,ST018__ST050,18,ST018,정왕역,50,ST050,시흥한라3차아파트,2786.0,2.786,2.797668420165774,0.7253767,0.7253767,0.0,0.0,PRELIMINARY_POINT_BUFFER_PROXY,0.76137224,PRELIMINARY_90M,0.11821614970085288,0.3574405003795073,0.3574405003795073,0.7253767,0.12689537333333334,0.33198218085342335
264,ST006__ST010,6,ST006,시흥시청 본청,10,ST010,은계호수공원,8600.0,8.6,2.2977932871741067,0.158558533,0.158558533,0.0,0.0,PRELIMINARY_POINT_BUFFER_PROXY,2.221566641,PRELIMINARY_90M,0.36491704502057964,0.4352001572908367,0.4352001572908367,0.158558533,0.3702611068333333,0.3322342105361874
21,ST001__ST022,1,ST001,월곶역,22,ST022,오이도박물관,11587.0,11.587,2.5651565658220274,0.189285544,0.148267524,0.04101802,0.0,PRELIMINARY_POINT_BUFFER_PROXY,1.559906603,PRELIMINARY_90M,0.49166206984342514,0.38983975221003364,0.38983975221003364,0.189285544,0.2599844338333333,0.332692949971698
478,ST010__ST038,10,ST010,은계호수공원,38,ST038,능곡도서관,9372.0,9.372,2.330701975467328,0.167732728,0.160396489,0.00984506,0.0,PRELIMINARY_POINT_BUFFER_PROXY,2.022751487,PRELIMINARY_90M,0.39767471464335724,0.4290552848566108,0.4290552848566108,0.167732728,0.3371252478333333,0.3328969938333253
555,ST012__ST028,12,ST012,신천역,28,ST028,매화산업단지,4890.0,4.89,2.367307062591222,0.271935607,0.271935607,0.0,0.0,PRELIMINARY_POINT_BUFFER_PROXY,2.585385906,PRELIMINARY_90M,0.20749352908728305,0.42242090846694547,0.42242090846694547,0.271935607,0.430897651,0.33318692388855714
8,ST001__ST009,1,ST001,월곶역,9,ST009,능곡중앙공원,9589.0,9.589,2.1992660976369445,0.186186101,0.173782985,0.062235777,0.0,PRELIMINARY_POINT_BUFFER_PROXY,1.713322114,PRELIMINARY_90M,0.4068825051979463,0.45469713786543364,0.45469713786543364,0.186186101,0.28555368566666667,0.33332985743251164
1287,ST035__ST047,35,ST035,산들공원,47,ST047,배곧2동행정복지센터,7875.0,7.875,2.3838578413804727,0.315736244,0.315736244,0.0,0.0,PRELIMINARY_POINT_BUFFER_PROXY,1.585975829,PRELIMINARY_90M,0.334153689481054,0.4194881014469001,0.4194881014469001,0.315736244,0.26432930483333333,0.3334268349403218
1177,ST030__ST047,30,ST030,장곡도서관,47,ST047,배곧2동행정복지센터,9466.0,9.466,2.4693194866650576,0.219276538,0.219276538,0.0,0.0,PRELIMINARY_POINT_BUFFER_PROXY,1.855195732,PRELIMINARY_90M,0.40166334280986127,0.4049698734409419,0.4049698734409419,0.219276538,0.3091992886666667,0.3337772607293674
253,ST005__ST048,5,ST005,배곧중·고등학교,48,ST048,정왕평생학습관 사거리,4349.0,4.349,3.274669870265716,0.728667958,0.728667958,0.0,0.0,PRELIMINARY_POINT_BUFFER_PROXY,0.703370048,PRELIMINARY_90M,0.18453770102261638,0.30537429408688976,0.30537429408688976,0.728667958,0.11722834133333333,0.33395207361070983
1133,ST028__ST054,28,ST028,매화산업단지,54,ST054,시흥 프리미엄 아울렛,11372.0,11.372,2.198496646600742,0.134812435,0.134812435,0.0,0.0,PRELIMINARY_POINT_BUFFER_PROXY,1.586988395,PRELIMINARY_90M,0.4825391437179106,0.4548562771501944,0.4548562771501944,0.134812435,0.26449806583333335,0.3341764804253596
905,ST021__ST036,21,ST021,오이도 포구 해양관광 단지,36,ST036,시흥시립군자도서관,14276.0,14.276,2.9808330589512746,0.119938805,0.082362092,0.037576713,0.0,PRELIMINARY_POINT_BUFFER_PROXY,1.656897526,PRELIMINARY_90M,0.6057622947341622,0.3354766872962094,0.3354766872962094,0.119938805,0.2761495876666667,0.33433184367425955
1442,ST046__ST048,46,ST046,배곧1동행정복지센터,48,ST048,정왕평생학습관 사거리,3667.0,3.667,2.9785864404707585,0.734916295,0.734916295,0.0,0.0,PRELIMINARY_POINT_BUFFER_PROXY,0.667618415,PRELIMINARY_90M,0.15559893070819367,0.33572972280164964,0.33572972280164964,0.734916295,0.11126973583333333,0.3343786710857942
978,ST023__ST044,23,ST023,오이도역,44,ST044,경기과학기술대학교,4049.0,4.049,2.797259496141456,0.688072873,0.688072873,0.0,0.0,PRELIMINARY_POINT_BUFFER_PROXY,0.724665426,PRELIMINARY_90M,0.17180803666143335,0.35749275366815325,0.35749275366815325,0.688072873,0.12077757099999999,0.3345378085823967
164,ST004__ST009,4,ST004,배곧중심상가,9,ST009,능곡중앙공원,10882.0,10.882,2.6590371924450777,0.221476926,0.21054643,0.054846529,0.0,PRELIMINARY_POINT_BUFFER_PROXY,1.674284134,PRELIMINARY_90M,0.46174735859464505,0.37607597322866515,0.37607597322866515,0.221476926,0.27904735566666666,0.3345869033724942
471,ST010__ST031,10,ST010,은계호수공원,31,ST031,마전저수지,9658.0,9.658,2.479447707539169,0.110845888,0.110845888,0.0,0.0,PRELIMINARY_POINT_BUFFER_PROXY,2.494180019,PRELIMINARY_90M,0.40981032800101835,0.40331562426557144,0.40331562426557144,0.110845888,0.4156966698333333,0.33491712752498076
1121,ST028__ST042,28,ST028,매화산업단지,42,ST042,시흥시청역,7160.0,7.16,1.9431902543488275,0.157734723,0.157734723,0.0,0.0,PRELIMINARY_POINT_BUFFER_PROXY,2.182411471,PRELIMINARY_90M,0.30381465608690117,0.5146176488699532,0.5146176488699532,0.157734723,0.36373524516666667,0.33497556828088026
810,ST018__ST046,18,ST018,정왕역,46,ST046,배곧1동행정복지센터,3836.0,3.836,3.060991160557495,0.739993526,0.739993526,0.0,0.0,PRELIMINARY_POINT_BUFFER_PROXY,0.664957987,PRELIMINARY_90M,0.16276997496499343,0.32669156738690847,0.32669156738690847,0.739993526,0.11082633116666667,0.3350703498796421
502,ST011__ST018,11,ST011,배곧생명공원,18,ST018,정왕역,4076.0,4.076,2.781020281378694,0.694066874,0.694066874,0.0,0.0,PRELIMINARY_POINT_BUFFER_PROXY,0.684774711,PRELIMINARY_90M,0.17295370645393984,0.3595802614946227,0.3595802614946227,0.694066874,0.1141291185,0.33518249011214063
1402,ST042__ST050,42,ST042,시흥시청역,50,ST050,시흥한라3차아파트,10085.0,10.085,2.9245549241338105,0.294245665,0.294245665,0.0,0.0,PRELIMINARY_POINT_BUFFER_PROXY,1.662082999,PRELIMINARY_90M,0.4279288836084355,0.34193237122950537,0.34193237122950537,0.294245665,0.27701383316666667,0.3352801882511519
69,ST002__ST017,2,ST002,월곶포구,17,ST017,장곡동,4791.0,4.791,2.1304248058352484,0.31944135,0.31944135,0.0,0.0,PRELIMINARY_POINT_BUFFER_PROXY,2.098557604,PRELIMINARY_90M,0.20329273984809268,0.46938995324359395,0.46938995324359395,0.31944135,0.3497596006666666,0.3354709109395883
1385,ST041__ST046,41,ST041,연꽃테마파크,46,ST046,배곧1동행정복지센터,10749.0,10.749,2.3763754220353497,0.126245661,0.126245661,0.0,0.0,PRELIMINARY_POINT_BUFFER_PROXY,2.032479485,PRELIMINARY_90M,0.45610387406118724,0.42080893057861485,0.42080893057861485,0.126245661,0.33874658083333337,0.33547626161828387
479,ST010__ST039,10,ST010,은계호수공원,39,ST039,능곡힐스테이트,9470.0,9.47,2.3273271025093933,0.174260921,0.144938428,0.029322493,0.0,PRELIMINARY_POINT_BUFFER_PROXY,2.018539596,PRELIMINARY_90M,0.40183307166801036,0.42967746086133324,0.42967746086133324,0.174260921,0.336423266,0.3355486798823359
435,ST009__ST040,9,ST009,능곡중앙공원,40,ST040,갯골생태공원,5511.0,5.511,1.9576878879411694,0.325495522,0.303897424,0.106224801,0.0,PRELIMINARY_POINT_BUFFER_PROXY,1.652679251,PRELIMINARY_90M,0.2338439343149319,0.5108066541963767,0.5108066541963767,0.325495522,0.27544654183333334,0.3363981630861605
1106,ST027__ST054,27,ST027,은행동행정복지센터,54,ST054,시흥 프리미엄 아울렛,12327.0,12.327,2.418808402482921,0.149549291,0.149549291,0.0,0.0,PRELIMINARY_POINT_BUFFER_PROXY,1.562717071,PRELIMINARY_90M,0.5230619086010099,0.41342671001700426,0.41342671001700426,0.149549291,0.26045284516666667,0.3366226886961702
1152,ST029__ST047,29,ST029,관곡공원,47,ST047,배곧2동행정복지센터,12202.0,12.202,2.9716286343551244,0.189128968,0.189128968,0.0,0.0,PRELIMINARY_POINT_BUFFER_PROXY,1.820545164,PRELIMINARY_90M,0.5177578817838503,0.3365158043097841,0.3365158043097841,0.189128968,0.30342419400000004,0.33670671202340857
457,ST010__ST017,10,ST010,은계호수공원,17,ST017,장곡동,9371.0,9.371,2.3066653175877168,0.196613464,0.196613464,0.0,0.0,PRELIMINARY_POINT_BUFFER_PROXY,1.921374112,PRELIMINARY_90M,0.39763228242882,0.433526265113219,0.433526265113219,0.196613464,0.3202290186666667,0.33700025755217644
331,ST007__ST029,7,ST007,장현지구,29,ST029,관곡공원,4165.0,4.165,2.078936189138624,0.271907933,0.271907933,0.0,0.0,PRELIMINARY_POINT_BUFFER_PROXY,2.51365291,PRELIMINARY_90M,0.17673017354775747,0.4810152448278535,0.4810152448278535,0.271907933,0.41894215166666665,0.3371488757605694
34,ST001__ST035,1,ST001,월곶역,35,ST035,산들공원,7924.0,7.924,1.9358117007644187,0.13183252,0.13183252,0.0,0.0,PRELIMINARY_POINT_BUFFER_PROXY,2.183904951,PRELIMINARY_90M,0.3362328679933806,0.5165791691439396,0.5165791691439396,0.13183252,0.36398415850000004,0.33715717890933006
1295,ST035__ST055,35,ST035,산들공원,55,ST055,해양생태과학관,12657.0,12.657,2.6674325197613955,0.150505123,0.150505123,0.0,0.0,PRELIMINARY_POINT_BUFFER_PROXY,1.718080944,PRELIMINARY_90M,0.5370645393983112,0.374892332830017,0.374892332830017,0.150505123,0.286346824,0.3372022048070821
1481,ST052__ST054,52,ST052,가온그린공원,54,ST054,시흥 프리미엄 아울렛,7486.0,7.486,2.1562135031309855,0.28092105,0.28092105,0.0,0.0,PRELIMINARY_POINT_BUFFER_PROXY,1.72365843,PRELIMINARY_90M,0.3176475580260534,0.46377596585306796,0.46377596585306796,0.28092105,0.287276405,0.3374052447197804
1270,ST034__ST050,34,ST034,군자디지털과학고등학교,50,ST050,시흥한라3차아파트,7605.0,7.605,2.182341130338644,0.287097417,0.287097417,0.0,0.0,PRELIMINARY_POINT_BUFFER_PROXY,1.691386605,PRELIMINARY_90M,0.3226969915559893,0.4582235041525453,0.4582235041525453,0.287097417,0.2818977675,0.3374789200521337
381,ST008__ST032,8,ST008,시흥능곡역,32,ST032,희망공원,12758.0,12.758,2.951580605254282,0.151931089,0.151931089,0.0,0.0,PRELIMINARY_POINT_BUFFER_PROXY,1.907340228,PRELIMINARY_90M,0.5413501930665762,0.33880152153725407,0.33880152153725407,0.151931089,0.317890038,0.3374932104009576
1364,ST039__ST054,39,ST039,능곡힐스테이트,54,ST054,시흥 프리미엄 아울렛,9306.0,9.306,2.269526261554338,0.232048293,0.21548522,0.059189099,0.0,PRELIMINARY_POINT_BUFFER_PROXY,1.701032209,PRELIMINARY_90M,0.394874188483897,0.44062058982967073,0.44062058982967073,0.232048293,0.28350536816666666,0.3377621098700586
933,ST022__ST031,22,ST022,오이도박물관,31,ST031,마전저수지,9249.0,9.249,3.3683490129246234,0.162077697,0.162077697,0.0,0.0,PRELIMINARY_POINT_BUFFER_PROXY,2.998768021,PRELIMINARY_90M,0.3924555522552722,0.29688134933848015,0.29688134933848015,0.162077697,0.4997946701666667,0.33780231719010473
116,ST003__ST012,3,ST003,배곧한울공원,12,ST012,신천역,13626.0,13.626,3.576750328373766,0.192917098,0.192917098,0.0,0.0,PRELIMINARY_POINT_BUFFER_PROXY,1.804381221,PRELIMINARY_90M,0.5781813552849323,0.2795833950351989,0.2795833950351989,0.192917098,0.3007302035,0.3378530129550328
218,ST005__ST013,5,ST005,배곧중·고등학교,13,ST013,삼미시장,11569.0,11.569,3.474120233153167,0.21482162,0.203744915,0.04891101,0.0,PRELIMINARY_POINT_BUFFER_PROXY,2.151417595,PRELIMINARY_90M,0.49089828998175417,0.2878426573890864,0.2878426573890864,0.21482162,0.35856959916666664,0.3380330416343768
611,ST013__ST042,13,ST013,삼미시장,42,ST042,시흥시청역,9100.0,9.1,2.443346882890749,0.206425992,0.206425992,0.0,0.0,PRELIMINARY_POINT_BUFFER_PROXY,2.105196678,PRELIMINARY_90M,0.38613315228921796,0.40927467442399734,0.40927467442399734,0.206425992,0.350866113,0.33817498292830384
206,ST004__ST051,4,ST004,배곧중심상가,51,ST051,연성중학교,10994.0,10.994,2.7105681041429013,0.100881317,0.092752396,0.015688565,0.0,PRELIMINARY_POINT_BUFFER_PROXY,2.504463014,PRELIMINARY_90M,0.46649976662282006,0.368926351074365,0.368926351074365,0.100881317,0.4174105023333334,0.33842948425762964
431,ST009__ST036,9,ST009,능곡중앙공원,36,ST036,시흥시립군자도서관,4477.0,4.477,3.3255331202319405,0.336615531,0.336615531,0.073519269,0.0,PRELIMINARY_POINT_BUFFER_PROXY,3.161998942,PRELIMINARY_90M,0.1899690244833878,0.3007036658020879,0.3007036658020879,0.336615531,0.5269998236666666,0.3385720112380356
492,ST010__ST052,10,ST010,은계호수공원,52,ST052,가온그린공원,9414.0,9.414,2.2745307477085395,0.204903465,0.204903465,0.0,0.0,PRELIMINARY_POINT_BUFFER_PROXY,1.862794783,PRELIMINARY_90M,0.39945686765392285,0.4396511240867784,0.4396511240867784,0.204903465,0.31046579716666667,0.338619313476842
847,ST019__ST047,19,ST019,시화병원,47,ST047,배곧2동행정복지센터,3020.0,3.02,3.0981105135230838,0.761448964,0.761448964,0.0,0.0,PRELIMINARY_POINT_BUFFER_PROXY,0.856538396,PRELIMINARY_90M,0.12814528790257562,0.3227773817735211,0.3227773817735211,0.761448964,0.14275639933333334,0.3387820082523575
121,ST003__ST017,3,ST003,배곧한울공원,17,ST017,장곡동,10783.0,10.783,2.4217281819737533,0.194754046,0.194754046,0.0,0.0,PRELIMINARY_POINT_BUFFER_PROXY,1.74024992,PRELIMINARY_90M,0.4575465693554547,0.4129282581932798,0.4129282581932798,0.194754046,0.2900416533333333,0.33881763172051693
451,ST010__ST011,10,ST010,은계호수공원,11,ST011,배곧생명공원,14419.0,14.419,2.69970186174858,0.134767266,0.134767266,0.0,0.0,PRELIMINARY_POINT_BUFFER_PROXY,1.432122385,PRELIMINARY_90M,0.6118301014129928,0.3704112717662484,0.3704112717662484,0.134767266,0.23868706416666666,0.338923925836477
774,ST017__ST047,17,ST017,장곡동,47,ST047,배곧2동행정복지센터,9409.0,9.409,3.0876030863638437,0.366034869,0.366034869,0.0,0.0,PRELIMINARY_POINT_BUFFER_PROXY,1.599302329,PRELIMINARY_90M,0.39924470658123645,0.3238758260141731,0.3238758260141731,0.366034869,0.26655038816666665,0.33892644744051903
356,ST007__ST054,7,ST007,장현지구,54,ST054,시흥 프리미엄 아울렛,7576.0,7.576,2.1125948523926654,0.260577423,0.260577423,0.0,0.0,PRELIMINARY_POINT_BUFFER_PROXY,1.804905615,PRELIMINARY_90M,0.32146645733440826,0.4733515273254728,0.4733515273254728,0.260577423,0.3008176025,0.33905325253997026
1313,ST036__ST054,36,ST036,시흥시립군자도서관,54,ST054,시흥 프리미엄 아울렛,9223.0,9.223,2.420247319785912,0.235087047,0.235087047,0.0,0.0,PRELIMINARY_POINT_BUFFER_PROXY,1.900967107,PRELIMINARY_90M,0.391352314677303,0.4131809141259403,0.4131809141259403,0.235087047,0.3168278511666667,0.3391120317424775
449,ST009__ST054,9,ST009,능곡중앙공원,54,ST054,시흥 프리미엄 아울렛,9339.0,9.339,2.2685819910687415,0.23274666,0.199253272,0.060493069,0.0,PRELIMINARY_POINT_BUFFER_PROXY,1.72230605,PRELIMINARY_90M,0.3962744515636271,0.4408039929510745,0.4408039929510745,0.23274666,0.28705100833333336,0.3392190282120087
392,ST008__ST043,8,ST008,시흥능곡역,43,ST043,시흥종합버스터미널,9822.0,9.822,3.3718222028660656,0.27147472,0.27147472,0.0,0.0,PRELIMINARY_POINT_BUFFER_PROXY,2.233456668,PRELIMINARY_90M,0.41676921118513177,0.29657554278810877,0.29657554278810877,0.27147472,0.372242778,0.3392655629933101
569,ST012__ST042,12,ST012,신천역,42,ST042,시흥시청역,8959.0,8.959,2.3993904468937313,0.202676679,0.202676679,0.0,0.0,PRELIMINARY_POINT_BUFFER_PROXY,2.145622904,PRELIMINARY_90M,0.380150210039462,0.41677251874308635,0.41677251874308635,0.202676679,0.35760381733333335,0.3393008062789704
240,ST005__ST035,5,ST005,배곧중·고등학교,35,ST035,산들공원,6523.0,6.523,1.789778276102733,0.252781917,0.252781917,0.0,0.0,PRELIMINARY_POINT_BUFFER_PROXY,1.619505142,PRELIMINARY_90M,0.2767853354266559,0.5587284265051612,0.5587284265051612,0.252781917,0.26991752366666666,0.33955330064962097
1334,ST038__ST040,38,ST038,능곡도서관,40,ST040,갯골생태공원,5500.0,5.5,2.0148239264657657,0.262666238,0.262666238,0.0,0.0,PRELIMINARY_POINT_BUFFER_PROXY,2.195794192,PRELIMINARY_90M,0.23337717995502186,0.49632128488473715,0.49632128488473715,0.262666238,0.3659656986666667,0.3395826003766064
90,ST002__ST038,2,ST002,월곶포구,38,ST038,능곡도서관,8509.0,8.509,2.167242567914989,0.252130555,0.244053181,0.010839645,0.0,PRELIMINARY_POINT_BUFFER_PROXY,1.709976501,PRELIMINARY_90M,0.36105571349768745,0.46141581694847245,0.46141581694847245,0.252130555,0.2849960835,0.33989954223653995
773,ST017__ST046,17,ST017,장곡동,46,ST046,배곧1동행정복지센터,7253.0,7.253,2.3818191238044744,0.343886176,0.343886176,0.0,0.0,PRELIMINARY_POINT_BUFFER_PROXY,1.736339045,PRELIMINARY_90M,0.3077608520388679,0.41984716219874085,0.41984716219874085,0.343886176,0.28938984083333336,0.3402210077677355
290,ST006__ST036,6,ST006,시흥시청 본청,36,ST036,시흥시립군자도서관,6369.0,6.369,3.006830634630671,0.244304171,0.244304171,0.0,0.0,PRELIMINARY_POINT_BUFFER_PROXY,3.089108296,PRELIMINARY_90M,0.2702507743879153,0.33257609806241384,0.33257609806241384,0.244304171,0.5148513826666666,0.34049560652924893
104,ST002__ST052,2,ST002,월곶포구,52,ST052,가온그린공원,5466.0,5.466,2.0586538771061926,0.303016369,0.303016369,0.0,0.0,PRELIMINARY_POINT_BUFFER_PROXY,2.048266632,PRELIMINARY_90M,0.23193448466075445,0.48575431310759215,0.48575431310759215,0.303016369,0.34137777199999997,0.34052073469208666
50,ST001__ST051,1,ST001,월곶역,51,ST051,연성중학교,8421.0,8.421,2.3041351110427213,0.191690511,0.181080056,0.020477849,0.0,PRELIMINARY_POINT_BUFFER_PROXY,2.276092573,PRELIMINARY_90M,0.3573216786184071,0.4340023270369143,0.4340023270369143,0.191690511,0.3793487621666667,0.34059081970549704
1478,ST051__ST054,51,ST051,연성중학교,54,ST054,시흥 프리미엄 아울렛,10127.0,10.127,2.365480117805432,0.113569653,0.104745501,0.01703025,0.0,PRELIMINARY_POINT_BUFFER_PROXY,2.378360935,PRELIMINARY_90M,0.4297110366190011,0.42274715922268985,0.42274715922268985,0.113569653,0.39639348916666667,0.3406053345020894
787,ST018__ST023,18,ST018,정왕역,23,ST023,오이도역,1655.0,1.655,2.5246466062280373,0.845619078,0.845619078,0.0,0.0,PRELIMINARY_POINT_BUFFER_PROXY,0.311055548,PRELIMINARY_90M,0.07022531505919294,0.39609504060216005,0.39609504060216005,0.845619078,0.051842591333333334,0.3409455062486716
74,ST002__ST022,2,ST002,월곶포구,22,ST022,오이도박물관,9809.0,9.809,2.3331559962647863,0.25172601,0.203252567,0.048473444,0.0,PRELIMINARY_POINT_BUFFER_PROXY,1.60367083,PRELIMINARY_90M,0.41621759239614714,0.42860400316178066,0.42860400316178066,0.25172601,0.2672784716666667,0.3409565193061486
394,ST008__ST045,8,ST008,시흥능곡역,45,ST045,시흥중앙도서관,9919.0,9.919,3.4582290329618446,0.283603446,0.283603446,0.0,0.0,PRELIMINARY_POINT_BUFFER_PROXY,2.222501302,PRELIMINARY_90M,0.4208851359952476,0.28916534748525236,0.28916534748525236,0.283603446,0.37041688366666664,0.34101770328679165
522,ST011__ST038,11,ST011,배곧생명공원,38,ST038,능곡도서관,11722.0,11.722,2.8414945183320772,0.252219385,0.24635405,0.007871142,0.0,PRELIMINARY_POINT_BUFFER_PROXY,1.57585824,PRELIMINARY_90M,0.49739041880595747,0.35192747814519376,0.35192747814519376,0.252219385,0.26264304,0.3410450804877878
18,ST001__ST019,1,ST001,월곶역,19,ST019,시화병원,8079.0,8.079,2.5208666486840325,0.077315377,0.077315377,0.0,0.0,PRELIMINARY_POINT_BUFFER_PROXY,3.284411932,PRELIMINARY_90M,0.34280986124665846,0.3966889722318433,0.3966889722318433,0.077315377,0.5474019886666667,0.3410540497862921
497,ST011__ST013,11,ST011,배곧생명공원,13,ST013,삼미시장,12015.0,12.015,3.5967019096389317,0.225146148,0.214479943,0.04709838,0.0,PRELIMINARY_POINT_BUFFER_PROXY,2.108150993,PRELIMINARY_90M,0.5098230576653796,0.2780324934129414,0.2780324934129414,0.225146148,0.35135849883333337,0.3410900494779136
174,ST004__ST019,4,ST004,배곧중심상가,19,ST019,시화병원,2926.0,2.926,2.614569512395373,0.770020935,0.770020935,0.0,0.0,PRELIMINARY_POINT_BUFFER_PROXY,0.52724186,PRELIMINARY_90M,0.12415665973607162,0.38247214130628965,0.38247214130628965,0.770020935,0.08787364333333332,0.34113084484392364
42,ST001__ST043,1,ST001,월곶역,43,ST043,시흥종합버스터미널,9008.0,9.008,2.536862478986472,0.084178966,0.084178966,0.0,0.0,PRELIMINARY_POINT_BUFFER_PROXY,3.026550194,PRELIMINARY_90M,0.3822293885517885,0.3941877055943215,0.3941877055943215,0.084178966,0.5044250323333334,0.3412552731198608
111,ST003__ST007,3,ST003,배곧한울공원,7,ST007,장현지구,11918.0,11.918,2.4201159543259982,0.18047956,0.18047956,0.0,0.0,PRELIMINARY_POINT_BUFFER_PROXY,1.606500355,PRELIMINARY_90M,0.5057071328552637,0.4132033418533038,0.4132033418533038,0.18047956,0.26775005916666667,0.3417850234688085
518,ST011__ST034,11,ST011,배곧생명공원,34,ST034,군자디지털과학고등학교,7227.0,7.227,2.038545203521944,0.307261362,0.307261362,0.0,0.0,PRELIMINARY_POINT_BUFFER_PROXY,1.577303523,PRELIMINARY_90M,0.30665761446089873,0.4905459041439576,0.4905459041439576,0.307261362,0.26288392050000003,0.34183720027621406
1176,ST030__ST046,30,ST030,장곡도서관,46,ST046,배곧1동행정복지센터,7040.0,7.04,2.5184296641892288,0.324318539,0.324318539,0.0,0.0,PRELIMINARY_POINT_BUFFER_PROXY,2.089585665,PRELIMINARY_90M,0.298722790342428,0.39707283241596314,0.39707283241596314,0.324318539,0.3482642775,0.34209460981459777
352,ST007__ST050,7,ST007,장현지구,50,ST050,시흥한라3차아파트,10627.0,10.627,2.7996965790661688,0.293668656,0.293668656,0.0,0.0,PRELIMINARY_POINT_BUFFER_PROXY,1.60664307,PRELIMINARY_90M,0.4509271438876395,0.35718156298692455,0.35718156298692455,0.293668656,0.267773845,0.342387801968641
58,ST002__ST006,2,ST002,월곶포구,6,ST006,시흥시청 본청,6776.0,6.776,2.1608815000917105,0.303637314,0.303637314,0.0,0.0,PRELIMINARY_POINT_BUFFER_PROXY,1.896784016,PRELIMINARY_90M,0.28752068570458694,0.46277410397449315,0.46277410397449315,0.303637314,0.31613066933333334,0.3425156932531034
427,ST009__ST032,9,ST009,능곡중앙공원,32,ST032,희망공원,12767.0,12.767,2.9527692893746162,0.192399538,0.192399538,0.02577607,0.0,PRELIMINARY_POINT_BUFFER_PROXY,1.78392832,PRELIMINARY_90M,0.5417320829974116,0.338665131609993,0.338665131609993,0.192399538,0.2973213866666667,0.34252953481851783
217,ST005__ST012,5,ST005,배곧중·고등학교,12,ST012,신천역,11750.0,11.75,3.432834289970251,0.224826773,0.213920621,0.048157909,0.0,PRELIMINARY_POINT_BUFFER_PROXY,2.132655687,PRELIMINARY_90M,0.49857852081300125,0.29130447773774304,0.29130447773774304,0.224826773,0.35544261450000003,0.3425380965126861
91,ST002__ST039,2,ST002,월곶포구,39,ST039,능곡힐스테이트,8607.0,8.607,2.1653653415540304,0.258363518,0.226112006,0.032251511,0.0,PRELIMINARY_POINT_BUFFER_PROXY,1.708996677,PRELIMINARY_90M,0.36521407052234056,0.4618158334807022,0.4618158334807022,0.258363518,0.2848327795,0.3425565503757607
1062,ST026__ST038,26,ST026,은계파크자이,38,ST038,능곡도서관,9348.0,9.348,2.2332370139404776,0.196951609,0.189597904,0.009868499,0.0,PRELIMINARY_POINT_BUFFER_PROXY,1.978875946,PRELIMINARY_90M,0.3966563414944626,0.4477805059461785,0.4477805059461785,0.196951609,0.3298126576666667,0.342800278526827
1366,ST040__ST041,40,ST040,갯골생태공원,41,ST041,연꽃테마파크,7076.0,7.076,2.2566955285224086,0.201399465,0.162371207,0.078395336,0.0,PRELIMINARY_POINT_BUFFER_PROXY,2.561974978,PRELIMINARY_90M,0.30025035006576994,0.4431257949337804,0.4431257949337804,0.201399465,0.42699582966666666,0.34294285991655427
903,ST021__ST034,21,ST021,오이도 포구 해양관광 단지,34,ST034,군자디지털과학고등학교,11283.0,11.283,2.511926328675623,0.271074727,0.26522391,0.023934864,0.0,PRELIMINARY_POINT_BUFFER_PROXY,1.347876861,PRELIMINARY_90M,0.478762676624093,0.39810084737924445,0.39810084737924445,0.271074727,0.2246461435,0.3431460986258344
1212,ST032__ST035,32,ST032,희망공원,35,ST035,산들공원,8997.0,8.997,2.4269003733370473,0.294953952,0.294953952,0.0,0.0,PRELIMINARY_POINT_BUFFER_PROXY,1.708469511,PRELIMINARY_90M,0.38176263419187845,0.41204822867325847,0.41204822867325847,0.294953952,0.2847449185,0.34337743334128423
82,ST002__ST030,2,ST002,월곶포구,30,ST030,장곡도서관,5588.0,5.588,2.0815186231395657,0.385608082,0.385608082,0.0,0.0,PRELIMINARY_POINT_BUFFER_PROXY,1.627351059,PRELIMINARY_90M,0.2371112148343022,0.4804184737447579,0.4804184737447579,0.385608082,0.2712251765,0.34359073676976504
301,ST006__ST047,6,ST006,시흥시청 본청,47,ST047,배곧2동행정복지센터,10990.0,10.99,2.4042417245259013,0.221552777,0.221552777,0.0,0.0,PRELIMINARY_POINT_BUFFER_PROXY,1.625128198,PRELIMINARY_90M,0.4663300377646709,0.41593155538351395,0.41593155538351395,0.221552777,0.2708546996666667,0.3436672674537129
300,ST006__ST046,6,ST006,시흥시청 본청,46,ST046,배곧1동행정복지센터,8564.0,8.564,2.4261774730588592,0.308547855,0.308547855,0.0,0.0,PRELIMINARY_POINT_BUFFER_PROXY,1.746734551,PRELIMINARY_90M,0.36338948529723764,0.41217100195857764,0.41217100195857764,0.308547855,0.2911224251666667,0.3438076918556205
822,ST019__ST022,19,ST019,시화병원,22,ST022,오이도박물관,7736.0,7.736,3.038595131848429,0.32773623,0.2220677,0.105668529,0.0,PRELIMINARY_POINT_BUFFER_PROXY,2.344498559,PRELIMINARY_90M,0.32825561166037254,0.32909945438887184,0.32909945438887184,0.32773623,0.3907497598333333,0.34396026397064444
1055,ST026__ST031,26,ST026,은계파크자이,31,ST031,마전저수지,9634.0,9.634,2.3852072239154096,0.139069702,0.139069702,0.0,0.0,PRELIMINARY_POINT_BUFFER_PROXY,2.456527444,PRELIMINARY_90M,0.4087919548521237,0.41925078457479326,0.41925078457479326,0.139069702,0.40942124066666663,0.3441334205233959
1286,ST035__ST046,35,ST035,산들공원,46,ST046,배곧1동행정복지센터,6475.0,6.475,1.6738013716276383,0.235938292,0.235938292,0.0,0.0,PRELIMINARY_POINT_BUFFER_PROXY,1.610502024,PRELIMINARY_90M,0.2747485891288666,0.5974424546131061,0.5974424546131061,0.235938292,0.268417004,0.34413658493549315
386,ST008__ST037,8,ST008,시흥능곡역,37,ST037,군자동행정복지센터,4944.0,4.944,3.099278481155629,0.296311656,0.296311656,0.0,0.0,PRELIMINARY_POINT_BUFFER_PROXY,3.296729813,PRELIMINARY_90M,0.209784868672296,0.32265574264469765,0.32265574264469765,0.296311656,0.5494549688333333,0.34455180903758176
1353,ST039__ST043,39,ST039,능곡힐스테이트,43,ST043,시흥종합버스터미널,9797.0,9.797,3.3777318578726767,0.321542663,0.317948067,0.030100174,0.0,PRELIMINARY_POINT_BUFFER_PROXY,2.070297135,PRELIMINARY_90M,0.4157084058216998,0.2960566563829635,0.2960566563829635,0.321542663,0.34504952250000004,0.3445893119261659
1192,ST031__ST038,31,ST031,마전저수지,38,ST038,능곡도서관,5844.0,5.844,2.1645947711014233,0.237305503,0.225553598,0.01577078,0.0,PRELIMINARY_POINT_BUFFER_PROXY,2.588128648,PRELIMINARY_90M,0.24797386175584504,0.4619802345226789,0.4619802345226789,0.237305503,0.43135477466666666,0.34465359348629765
506,ST011__ST022,11,ST011,배곧생명공원,22,ST022,오이도박물관,6033.0,6.033,2.2358096730738017,0.425286867,0.346528422,0.078758446,0.0,PRELIMINARY_POINT_BUFFER_PROXY,1.509339924,PRELIMINARY_90M,0.2559935503033903,0.44726526235356845,0.44726526235356845,0.425286867,0.251556654,0.3450255834142397
44,ST001__ST045,1,ST001,월곶역,45,ST045,시흥중앙도서관,8509.0,8.509,2.4890978744652723,0.087374093,0.087374093,0.0,0.0,PRELIMINARY_POINT_BUFFER_PROXY,3.180460753,PRELIMINARY_90M,0.36105571349768745,0.4017519802088248,0.4017519802088248,0.087374093,0.5300767921666667,0.34506464471829473
553,ST012__ST026,12,ST012,신천역,26,ST026,은계파크자이,1797.0,1.797,2.4281601537334185,0.516501543,0.516501543,0.0,0.0,PRELIMINARY_POINT_BUFFER_PROXY,2.25962769,PRELIMINARY_90M,0.07625068952348624,0.4118344494132521,0.4118344494132521,0.516501543,0.376604615,0.3452978242341846
1063,ST026__ST039,26,ST026,은계파크자이,39,ST039,능곡힐스테이트,9446.0,9.446,2.230851179550346,0.203196298,0.173804709,0.02939159,0.0,PRELIMINARY_POINT_BUFFER_PROXY,1.973949092,PRELIMINARY_90M,0.4008146985191157,0.4482593949640162,0.4482593949640162,0.203196298,0.3289915153333333,0.34531547670411633
438,ST009__ST043,9,ST009,능곡중앙공원,43,ST043,시흥종합버스터미널,9831.0,9.831,3.3729547340069628,0.323895134,0.323895134,0.033463188,0.0,PRELIMINARY_POINT_BUFFER_PROXY,2.07290647,PRELIMINARY_90M,0.41715110111596726,0.2964759621342537,0.2964759621342537,0.323895134,0.34548441166666666,0.3457516522292219
189,ST004__ST034,4,ST004,배곧중심상가,34,ST034,군자디지털과학고등학교,5987.0,5.987,1.5963618879492623,0.21303547,0.21303547,0.0,0.0,PRELIMINARY_POINT_BUFFER_PROXY,1.737917332,PRELIMINARY_90M,0.2540416684346756,0.6264243762951721,0.6264243762951721,0.21303547,0.28965288866666666,0.34578860084912866
1142,ST029__ST037,29,ST029,관곡공원,37,ST037,군자동행정복지센터,8485.0,8.485,2.9235862417114005,0.209904838,0.209904838,0.0,0.0,PRELIMINARY_POINT_BUFFER_PROXY,2.828127704,PRELIMINARY_90M,0.3600373403487928,0.3420456649209783,0.3420456649209783,0.209904838,0.47135461733333334,0.3458356151507761
1445,ST046__ST051,46,ST046,배곧1동행정복지센터,51,ST051,연성중학교,11280.0,11.28,2.7426133343782095,0.126763303,0.118839831,0.015292056,0.0,PRELIMINARY_POINT_BUFFER_PROXY,2.482269419,PRELIMINARY_90M,0.47863537998048117,0.36461574348274456,0.36461574348274456,0.126763303,0.41371156983333335,0.3459314990741398
619,ST013__ST050,13,ST013,삼미시장,50,ST050,시흥한라3차아파트,11821.0,11.821,3.400846083864691,0.244205597,0.244205597,0.0,0.0,PRELIMINARY_POINT_BUFFER_PROXY,2.063702365,PRELIMINARY_90M,0.5015912080451479,0.2940444746219179,0.2940444746219179,0.244205597,0.3439503941666667,0.34594791845843315
135,ST003__ST031,3,ST003,배곧한울공원,31,ST031,마전저수지,8594.0,8.594,3.1926309390180325,0.232287384,0.232287384,0.0,0.0,PRELIMINARY_POINT_BUFFER_PROXY,2.844081562,PRELIMINARY_90M,0.364662451733356,0.3132212958844448,0.3132212958844448,0.232287384,0.4740135936666667,0.34604618132111686
1355,ST039__ST045,39,ST039,능곡힐스테이트,45,ST045,시흥중앙도서관,9894.0,9.894,3.46429514019489,0.333215342,0.329655643,0.02980796,0.0,PRELIMINARY_POINT_BUFFER_PROXY,2.060081788,PRELIMINARY_90M,0.4198243306318157,0.28865900840762176,0.28865900840762176,0.333215342,0.3433469646666667,0.34626141142652606
32,ST001__ST033,1,ST001,월곶역,33,ST033,타원산업단지,11330.0,11.33,2.573144628808778,0.07953692,0.07953692,0.0,0.0,PRELIMINARY_POINT_BUFFER_PROXY,2.619153543,PRELIMINARY_90M,0.480756990707345,0.388629534773933,0.388629534773933,0.07953692,0.4365255905,0.3463622589953195
1386,ST041__ST047,41,ST041,연꽃테마파크,47,ST047,배곧2동행정복지센터,12905.0,12.905,2.891812771741589,0.178808495,0.178808495,0.0,0.0,PRELIMINARY_POINT_BUFFER_PROXY,1.881581855,PRELIMINARY_90M,0.5475877286035559,0.34580385347622344,0.34580385347622344,0.178808495,0.31359697583333335,0.3464492632282782
1036,ST025__ST041,25,ST025,목감동행정복지센터,41,ST041,연꽃테마파크,6054.0,6.054,2.1947241513999223,0.22938676,0.197850453,0.130745712,0.0,PRELIMINARY_POINT_BUFFER_PROXY,2.664553727,PRELIMINARY_90M,0.25688462680867313,0.45563812625934885,0.45563812625934885,0.22938676,0.4440922878333333,0.3465004502253388
909,ST021__ST040,21,ST021,오이도 포구 해양관광 단지,40,ST040,갯골생태공원,12679.0,12.679,2.365986309940982,0.193317489,0.188113287,0.021289655,0.0,PRELIMINARY_POINT_BUFFER_PROXY,1.398367202,PRELIMINARY_90M,0.5379980481181312,0.4226567143682857,0.4226567143682857,0.193317489,0.23306120033333333,0.34675836295493756
19,ST001__ST020,1,ST001,월곶역,20,ST020,시화공업단지[왼쪽부근],9551.0,9.551,2.6636149917137995,0.125880368,0.125880368,0.0,0.0,PRELIMINARY_POINT_BUFFER_PROXY,2.883103763,PRELIMINARY_90M,0.40527008104552975,0.37542963345336516,0.37542963345336516,0.125880368,0.4805172938333333,0.3467743440830571
47,ST001__ST048,1,ST001,월곶역,48,ST048,정왕평생학습관 사거리,8349.0,8.349,2.5384931329101597,0.107172999,0.107172999,0.0,0.0,PRELIMINARY_POINT_BUFFER_PROXY,3.191673391,PRELIMINARY_90M,0.35426655917172317,0.39393449091335053,0.39393449091335053,0.107172999,0.5319455651666667,0.3468299035629351
251,ST005__ST046,5,ST005,배곧중·고등학교,46,ST046,배곧1동행정복지센터,508.0,0.508,2.0,0.795799795,0.795799795,0.0,0.0,PRELIMINARY_POINT_BUFFER_PROXY,0.422677047,PRELIMINARY_90M,0.021555564984936562,0.5,0.5,0.795799795,0.0704461745,0.34695038362123415
968,ST023__ST034,23,ST023,오이도역,34,ST034,군자디지털과학고등학교,5721.0,5.721,1.6171564960054718,0.243107021,0.243107021,0.0,0.0,PRELIMINARY_POINT_BUFFER_PROXY,1.702079171,PRELIMINARY_90M,0.24275469936776,0.6183693430228266,0.6183693430228266,0.243107021,0.2836798618333333,0.34697773130598
213,ST005__ST008,5,ST005,배곧중·고등학교,8,ST008,시흥능곡역,13301.0,13.301,2.7244470798594547,0.10581897,0.10581897,0.0,0.0,PRELIMINARY_POINT_BUFFER_PROXY,2.10683508,PRELIMINARY_90M,0.5643908855603174,0.36704695326715125,0.36704695326715125,0.10581897,0.35113918000000005,0.3470989972068672
440,ST009__ST045,9,ST009,능곡중앙공원,45,ST045,시흥중앙도서관,9928.0,9.928,3.459266989298956,0.335504972,0.335504972,0.033139442,0.0,PRELIMINARY_POINT_BUFFER_PROXY,2.063427956,PRELIMINARY_90M,0.42126702592608306,0.28907858314881235,0.28907858314881235,0.335504972,0.3439046593333333,0.3474388101020572
1090,ST027__ST038,27,ST027,은행동행정복지센터,38,ST038,능곡도서관,9684.0,9.684,2.293970249991462,0.200426735,0.193325854,0.009529214,0.0,PRELIMINARY_POINT_BUFFER_PROXY,2.05557101,PRELIMINARY_90M,0.41091356557898756,0.43592544410884226,0.43592544410884226,0.200426735,0.3425951683333333,0.34746522825529075
1193,ST031__ST039,31,ST031,마전저수지,39,ST039,능곡힐스테이트,5942.0,5.942,2.161920459666236,0.246568749,0.199883874,0.046684875,0.0,PRELIMINARY_POINT_BUFFER_PROXY,2.571813399,PRELIMINARY_90M,0.25213221878049813,0.4625517074547614,0.4625517074547614,0.246568749,0.42863556649999995,0.3474720604338149
1399,ST042__ST047,42,ST042,시흥시청역,47,ST047,배곧2동행정복지센터,11061.0,11.061,2.365776355512594,0.230366667,0.230366667,0.0,0.0,PRELIMINARY_POINT_BUFFER_PROXY,1.6070053,PRELIMINARY_90M,0.46934272499681756,0.4226942236825803,0.4226942236825803,0.230366667,0.2678342166666667,0.34755945808651617
1108,ST028__ST029,28,ST028,매화산업단지,29,ST029,관곡공원,5556.0,5.556,1.6000991552975863,0.203318057,0.203318057,0.0,0.0,PRELIMINARY_POINT_BUFFER_PROXY,1.965812089,PRELIMINARY_90M,0.23575338396910936,0.6249612698620668,0.6249612698620668,0.203318057,0.3276353481666667,0.34791701474946074
405,ST009__ST010,9,ST009,능곡중앙공원,10,ST010,은계호수공원,9691.0,9.691,2.29332305979191,0.207927752,0.175648579,0.058300051,0.0,PRELIMINARY_POINT_BUFFER_PROXY,2.020392326,PRELIMINARY_90M,0.4112105910807485,0.43604846501248595,0.43604846501248595,0.207927752,0.33673205433333336,0.347979715606642
615,ST013__ST046,13,ST013,삼미시장,46,ST046,배곧1동행정복지센터,10371.0,10.371,3.0112737861436907,0.257913099,0.257913099,0.0,0.0,PRELIMINARY_POINT_BUFFER_PROXY,2.172159518,PRELIMINARY_90M,0.4400644969660967,0.3320853801475899,0.3320853801475899,0.257913099,0.36202658633333334,0.348022390611755
592,ST013__ST023,13,ST013,삼미시장,23,ST023,오이도역,11783.0,11.783,3.3102733501963364,0.253473877,0.253473877,0.0,0.0,PRELIMINARY_POINT_BUFFER_PROXY,2.025275514,PRELIMINARY_90M,0.49997878389273137,0.30208985609623107,0.30208985609623107,0.253473877,0.337545919,0.34827210899724065
359,ST008__ST010,8,ST008,시흥능곡역,10,ST010,은계호수공원,9519.0,9.519,2.1680281636531937,0.115583801,0.115583801,0.0,0.0,PRELIMINARY_POINT_BUFFER_PROXY,2.47456009,PRELIMINARY_90M,0.4039122501803369,0.4612486206429023,0.4612486206429023,0.115583801,0.4124266816666667,0.3482928383724765
1398,ST042__ST046,42,ST042,시흥시청역,46,ST046,배곧1동행정복지센터,8635.0,8.635,2.3767235981646926,0.31911375,0.31911375,0.0,0.0,PRELIMINARY_POINT_BUFFER_PROXY,1.724411828,PRELIMINARY_90M,0.3664021725293843,0.42074728452740595,0.42074728452740595,0.31911375,0.28740197133333334,0.3484162945975309
1076,ST026__ST052,26,ST026,은계파크자이,52,ST052,가온그린공원,9390.0,9.39,2.177315992784442,0.234095551,0.234095551,0.0,0.0,PRELIMINARY_POINT_BUFFER_PROXY,1.812583899,PRELIMINARY_90M,0.3984384945050282,0.4592810613222744,0.4592810613222744,0.234095551,0.3020973165,0.34847810583182565
470,ST010__ST030,10,ST010,은계호수공원,30,ST030,장곡도서관,9934.0,9.934,2.2601702712098652,0.221216871,0.221216871,0.0,0.0,PRELIMINARY_POINT_BUFFER_PROXY,1.8544822,PRELIMINARY_90M,0.4215216192133067,0.44244454178432396,0.44244454178432396,0.221216871,0.30908036666666666,0.34856584966607435
666,ST015__ST016,15,ST015,목감택지개발예정지구,16,ST016,물왕호수,3107.0,3.107,2.1181705540136373,0.281664379,0.281664379,0.0,0.0,PRELIMINARY_POINT_BUFFER_PROXY,3.053159992,PRELIMINARY_90M,0.1318368905673187,0.47210551487704316,0.47210551487704316,0.281664379,0.5088599986666666,0.3486166957777571
282,ST006__ST028,6,ST006,시흥시청 본청,28,ST028,매화산업단지,7615.0,7.615,2.0444096007770654,0.182828995,0.182828995,0.0,0.0,PRELIMINARY_POINT_BUFFER_PROXY,2.397987931,PRELIMINARY_90M,0.3231213137013621,0.4891387712227076,0.4891387712227076,0.182828995,0.39966465516666666,0.3486884337726841
1484,ST053__ST055,53,ST053,오이도 빨강등대,55,ST055,해양생태과학관,3521.0,3.521,1.9799575304526895,0.311460493,0.147728619,0.22614112,0.0,PRELIMINARY_POINT_BUFFER_PROXY,2.57401526,PRELIMINARY_90M,0.14940382738575125,0.5050613382456562,0.5050613382456562,0.311460493,0.4290025433333333,0.3487320504911852
1083,ST027__ST031,27,ST027,은행동행정복지센터,31,ST031,마전저수지,9970.0,9.97,2.439129741416626,0.144378702,0.144378702,0.0,0.0,PRELIMINARY_POINT_BUFFER_PROXY,2.509305264,PRELIMINARY_90M,0.42304917893664873,0.4099822912327773,0.4099822912327773,0.144378702,0.418217544,0.34890692904235654
486,ST010__ST046,10,ST010,은계호수공원,46,ST046,배곧1동행정복지센터,13616.0,13.616,2.513312911654336,0.17693716,0.17693716,0.0,0.0,PRELIMINARY_POINT_BUFFER_PROXY,1.460026333,PRELIMINARY_90M,0.5777570331395595,0.3978812170036443,0.3978812170036443,0.17693716,0.2433377221666667,0.3489782830774676
931,ST022__ST029,22,ST022,오이도박물관,29,ST029,관곡공원,15735.0,15.735,3.2082171760772153,0.087833163,0.087833163,0.0,0.0,PRELIMINARY_POINT_BUFFER_PROXY,1.973262516,PRELIMINARY_90M,0.6676708957440489,0.31169959672827713,0.31169959672827713,0.087833163,0.328877086,0.34902018536808155
117,ST003__ST013,3,ST003,배곧한울공원,13,ST013,삼미시장,14451.0,14.451,3.7336384826645013,0.191124528,0.182256242,0.039159374,0.0,PRELIMINARY_POINT_BUFFER_PROXY,1.944039739,PRELIMINARY_90M,0.6131879322781856,0.26783525096043914,0.26783525096043914,0.191124528,0.3240066231666667,0.34903858360132284
1070,ST026__ST046,26,ST026,은계파크자이,46,ST046,배곧1동행정복지센터,13712.0,13.712,2.458625338398342,0.168901254,0.168901254,0.0,0.0,PRELIMINARY_POINT_BUFFER_PROXY,1.437103912,PRELIMINARY_90M,0.5818305257351382,0.40673134876721173,0.40673134876721173,0.168901254,0.23951731866666667,0.34924511179225415
1350,ST039__ST040,39,ST039,능곡힐스테이트,40,ST040,갯골생태공원,6357.0,6.357,2.038276403214854,0.364902457,0.359359059,0.046418923,0.0,PRELIMINARY_POINT_BUFFER_PROXY,1.639535566,PRELIMINARY_90M,0.26974158781346796,0.49061059551234487,0.49061059551234487,0.364902457,0.2732559276666667,0.34962764199811985
573,ST012__ST046,12,ST012,신천역,46,ST046,배곧1동행정복지센터,11024.0,11.024,3.1772498675016245,0.239585976,0.216403977,0.0556025,0.0,PRELIMINARY_POINT_BUFFER_PROXY,2.264352656,PRELIMINARY_90M,0.46777273305893835,0.3147376006616479,0.3147376006616479,0.239585976,0.3773921093333333,0.3498721047634799
1091,ST027__ST039,27,ST027,은행동행정복지센터,39,ST039,능곡힐스테이트,9782.0,9.782,2.2910655255291217,0.206424511,0.178033437,0.028391073,0.0,PRELIMINARY_POINT_BUFFER_PROXY,2.051455528,PRELIMINARY_90M,0.4150719226036407,0.4364781316191513,0.4364781316191513,0.206424511,0.34190925466666666,0.34997095497236463
577,ST012__ST050,12,ST012,신천역,50,ST050,시흥한라3차아파트,12474.0,12.474,3.5270330895348403,0.228730679,0.208244629,0.049136211,0.0,PRELIMINARY_POINT_BUFFER_PROXY,2.151555722,PRELIMINARY_90M,0.5292994441379896,0.28352441687239294,0.28352441687239294,0.228730679,0.35859262033333333,0.350036790085929
393,ST008__ST044,8,ST008,시흥능곡역,44,ST044,경기과학기술대학교,9845.0,9.845,3.3708627586547335,0.30400091,0.30400091,0.0,0.0,PRELIMINARY_POINT_BUFFER_PROXY,2.295432289,PRELIMINARY_90M,0.4177451521194891,0.29665995669283396,0.29665995669283396,0.30400091,0.3825720481666666,0.35024451674474744
596,ST013__ST027,13,ST013,삼미시장,27,ST027,은행동행정복지센터,1561.0,1.561,2.6154869323133116,0.514819805,0.514819805,0.0,0.0,PRELIMINARY_POINT_BUFFER_PROXY,2.62974837,PRELIMINARY_90M,0.06623668689268893,0.3823379836639188,0.3823379836639188,0.514819805,0.43829139500000003,0.35042146763915194
156,ST003__ST052,3,ST003,배곧한울공원,52,ST052,가온그린공원,11347.0,11.347,2.4015030239723623,0.209697768,0.209697768,0.0,0.0,PRELIMINARY_POINT_BUFFER_PROXY,1.765352499,PRELIMINARY_90M,0.48147833835447873,0.4164058883198427,0.4164058883198427,0.209697768,0.2942254165,0.3504518527935804
1267,ST034__ST047,34,ST034,군자디지털과학고등학교,47,ST047,배곧2동행정복지센터,8311.0,8.311,2.3344607096336327,0.351533163,0.351533163,0.0,0.0,PRELIMINARY_POINT_BUFFER_PROXY,1.618704247,PRELIMINARY_90M,0.35265413501930665,0.42836445945450874,0.42836445945450874,0.351533163,0.26978404116666665,0.3505839496601205
134,ST003__ST030,3,ST003,배곧한울공원,30,ST030,장곡도서관,11580.0,11.58,2.378062343333929,0.235274656,0.235274656,0.0,0.0,PRELIMINARY_POINT_BUFFER_PROXY,1.532008208,PRELIMINARY_90M,0.49136504434166417,0.42051042219441903,0.42051042219441903,0.235274656,0.2553347013333333,0.35062120596735413
900,ST021__ST031,21,ST021,오이도 포구 해양관광 단지,31,ST031,마전저수지,9293.0,9.293,3.031251972754875,0.24550113,0.238398194,0.029057106,0.0,PRELIMINARY_POINT_BUFFER_PROXY,2.59903452,PRELIMINARY_90M,0.39432256969491236,0.3298966925178364,0.3298966925178364,0.24550113,0.43317242,0.3507232030531872
1275,ST034__ST055,34,ST034,군자디지털과학고등학교,55,ST055,해양생태과학관,13093.0,13.093,2.6266711393558175,0.178707062,0.178707062,0.0,0.0,PRELIMINARY_POINT_BUFFER_PROXY,1.729572327,PRELIMINARY_90M,0.5555649849365638,0.38071001162530255,0.38071001162530255,0.178707062,0.28826205450000003,0.3508110282654666
33,ST001__ST034,1,ST001,월곶역,34,ST034,군자디지털과학고등학교,8277.0,8.277,1.9078452826401169,0.168648431,0.168648431,0.0,0.0,PRELIMINARY_POINT_BUFFER_PROXY,2.162643123,PRELIMINARY_90M,0.35121143972503927,0.5241515174732506,0.5241515174732506,0.168648431,0.36044052050000003,0.3511129771745725
1315,ST037__ST038,37,ST037,군자동행정복지센터,38,ST038,능곡도서관,4967.0,4.967,3.1386691135702853,0.330414356,0.316572403,0.018575574,0.0,PRELIMINARY_POINT_BUFFER_PROXY,3.271661112,PRELIMINARY_90M,0.21076080960665336,0.31860637863240204,0.31860637863240204,0.330414356,0.545276852,0.3512645990597638
243,ST005__ST038,5,ST005,배곧중·고등학교,38,ST038,능곡도서관,13642.0,13.642,2.39254548428057,0.045126959,0.040088606,0.006761352,0.0,PRELIMINARY_POINT_BUFFER_PROXY,2.178824613,PRELIMINARY_90M,0.5788602707175288,0.41796488575459473,0.41796488575459473,0.045126959,0.36313743550000005,0.35127238774303093
1360,ST039__ST050,39,ST039,능곡힐스테이트,50,ST050,시흥한라3차아파트,12357.0,12.357,2.8216512181691695,0.267545208,0.255069884,0.044581291,0.0,PRELIMINARY_POINT_BUFFER_PROXY,1.556367595,PRELIMINARY_90M,0.5243348750371282,0.3544024128711594,0.3544024128711594,0.267545208,0.2593945991666667,0.35141927376873855
779,ST017__ST052,17,ST017,장곡동,52,ST052,가온그린공원,639.0,0.639,1.9871511618456574,0.588670368,0.588670368,0.0,0.0,PRELIMINARY_POINT_BUFFER_PROXY,1.720740011,PRELIMINARY_90M,0.02711418508931981,0.5032329795541092,0.5032329795541092,0.588670368,0.2867900018333333,0.3514518836191906
491,ST010__ST051,10,ST010,은계호수공원,51,ST051,연성중학교,7611.0,7.611,2.223556453636578,0.236339042,0.224593164,0.02266918,0.0,PRELIMINARY_POINT_BUFFER_PROXY,2.383404021,PRELIMINARY_90M,0.32295158484321296,0.44972998025956207,0.44972998025956207,0.236339042,0.3972340035,0.3515636526506937
1471,ST050__ST051,50,ST050,시흥한라3차아파트,51,ST051,연성중학교,12445.0,12.445,3.047235854957068,0.154021333,0.146839911,0.013859921,0.0,PRELIMINARY_POINT_BUFFER_PROXY,2.381450999,PRELIMINARY_90M,0.5280689099164085,0.32816626201521537,0.32816626201521537,0.154021333,0.3969084998333334,0.35179125119123933
793,ST018__ST029,18,ST018,정왕역,29,ST029,관곡공원,8633.0,8.633,2.787743143516228,0.057050086,0.057050086,0.0,0.0,PRELIMINARY_POINT_BUFFER_PROXY,3.751097041,PRELIMINARY_90M,0.36631730810030977,0.35871310537551276,0.35871310537551276,0.057050086,0.6251828401666667,0.3518158349106223
550,ST012__ST023,12,ST012,신천역,23,ST023,오이도역,12205.0,12.205,3.3042201499823207,0.233930976,0.212992824,0.050220587,0.0,PRELIMINARY_POINT_BUFFER_PROXY,2.122010434,PRELIMINARY_90M,0.5178851784274622,0.3026432727266525,0.3026432727266525,0.233930976,0.35366840566666663,0.35203195820519534
263,ST006__ST009,6,ST006,시흥시청 본청,9,ST009,능곡중앙공원,2599.0,2.599,2.0712474576884348,0.334828877,0.2890141,0.229887243,0.0,PRELIMINARY_POINT_BUFFER_PROXY,2.885576321,PRELIMINARY_90M,0.11028132558238214,0.4828008340036905,0.4828008340036905,0.334828877,0.4809293868333333,0.3522101058548515
1454,ST047__ST052,47,ST047,배곧2동행정복지센터,52,ST052,가온그린공원,9773.0,9.773,2.3012895967641205,0.261504256,0.261504256,0.0,0.0,PRELIMINARY_POINT_BUFFER_PROXY,1.792108788,PRELIMINARY_90M,0.4146900326728052,0.43453896519851987,0.43453896519851987,0.261504256,0.298684798,0.35235451296783127
730,ST016__ST041,16,ST016,물왕호수,41,ST041,연꽃테마파크,3935.0,3.935,2.0,0.29027288,0.250287871,0.138484824,0.0,PRELIMINARY_POINT_BUFFER_PROXY,2.713464194,PRELIMINARY_90M,0.1669707642041838,0.5,0.5,0.29027288,0.4522440323333334,0.3523719191343793
1309,ST036__ST050,36,ST036,시흥시립군자도서관,50,ST050,시흥한라3차아파트,7787.0,7.787,2.207110061858895,0.303797728,0.303797728,0.0,0.0,PRELIMINARY_POINT_BUFFER_PROXY,1.937523345,PRELIMINARY_90M,0.3304196546017737,0.45308116585621006,0.45308116585621006,0.303797728,0.3229205575,0.35255477648949596
1467,ST049__ST052,49,ST049,거북섬 웨이브파크 정문,52,ST052,가온그린공원,14740.0,14.74,3.195004166692929,0.181587689,0.181587689,0.0,0.0,PRELIMINARY_POINT_BUFFER_PROXY,1.741910132,PRELIMINARY_90M,0.6254508422794586,0.3129886372057773,0.3129886372057773,0.181587689,0.29031835533333333,0.3525863809546423
782,ST017__ST055,17,ST017,장곡동,55,ST055,해양생태과학관,14191.0,14.191,3.1032929260799613,0.201713142,0.201713142,0.0,0.0,PRELIMINARY_POINT_BUFFER_PROXY,1.7071018,PRELIMINARY_90M,0.6021555564984936,0.32223835255642036,0.32223835255642036,0.201713142,0.28451696666666665,0.3526560044303952
1110,ST028__ST031,28,ST028,매화산업단지,31,ST031,마전저수지,9015.0,9.015,2.1633168838959445,0.125240153,0.125240153,0.0,0.0,PRELIMINARY_POINT_BUFFER_PROXY,2.643668039,PRELIMINARY_90M,0.3825264140535495,0.4622531296474178,0.4622531296474178,0.125240153,0.44061133983333334,0.35265775913357517
1185,ST030__ST055,30,ST030,장곡도서관,55,ST055,해양생태과학관,13978.0,13.978,3.182896630324114,0.189727972,0.189727972,0.0,0.0,PRELIMINARY_POINT_BUFFER_PROXY,1.884823019,PRELIMINARY_90M,0.5931174948020537,0.3141792260775274,0.3141792260775274,0.189727972,0.31413716983333334,0.3527904656782286
61,ST002__ST009,2,ST002,월곶포구,9,ST009,능곡중앙공원,8909.0,8.909,2.1597855366879912,0.285476645,0.272125216,0.066994175,0.0,PRELIMINARY_POINT_BUFFER_PROXY,1.712174897,PRELIMINARY_90M,0.37802859931259813,0.4630089344581359,0.4630089344581359,0.285476645,0.2853624828333333,0.35296916540101686
1104,ST027__ST052,27,ST027,은행동행정복지센터,52,ST052,가온그린공원,9726.0,9.726,2.239733791325707,0.236285294,0.236285294,0.0,0.0,PRELIMINARY_POINT_BUFFER_PROXY,1.899569739,PRELIMINARY_90M,0.4126957185895532,0.4464816327158667,0.4464816327158667,0.236285294,0.31659495649999997,0.35301440045135496
360,ST008__ST011,8,ST008,시흥능곡역,11,ST011,배곧생명공원,13465.0,13.465,2.5414779791303364,0.066161215,0.066161215,0.0,0.0,PRELIMINARY_POINT_BUFFER_PROXY,2.288661545,PRELIMINARY_90M,0.5713497687444308,0.39347183340230557,0.39347183340230557,0.066161215,0.38144359083333335,0.3531066019950174
1352,ST039__ST042,39,ST039,능곡힐스테이트,42,ST042,시흥시청역,2747.0,2.747,2.0559410979162904,0.429779309,0.37360867,0.200729024,0.0,PRELIMINARY_POINT_BUFFER_PROXY,2.284188953,PRELIMINARY_90M,0.1165612933338991,0.48639525763335656,0.48639525763335656,0.429779309,0.38069815883333336,0.35335850470014724
490,ST010__ST050,10,ST010,은계호수공원,50,ST050,시흥한라3차아파트,15238.0,15.238,2.7659729454193465,0.173628336,0.173628336,0.0,0.0,PRELIMINARY_POINT_BUFFER_PROXY,1.392417901,PRELIMINARY_90M,0.6465820851190224,0.36153643572547345,0.36153643572547345,0.173628336,0.23206965016666667,0.3534541267527906
244,ST005__ST039,5,ST005,배곧중·고등학교,39,ST039,능곡힐스테이트,13740.0,13.74,2.389785438745052,0.050486802,0.030284237,0.020202565,0.0,PRELIMINARY_POINT_BUFFER_PROXY,2.174264857,PRELIMINARY_90M,0.5830186277421818,0.4184476078007781,0.4184476078007781,0.050486802,0.36237747616666666,0.3535826284274067
786,ST018__ST022,18,ST018,정왕역,22,ST022,오이도박물관,8195.0,8.195,3.016327388879168,0.365325878,0.265565807,0.099760071,0.0,PRELIMINARY_POINT_BUFFER_PROXY,2.21976096,PRELIMINARY_90M,0.34773199813298256,0.33152899903600597,0.33152899903600597,0.365325878,0.36996016,0.3536367587922471
955,ST022__ST053,22,ST022,오이도박물관,53,ST053,오이도 빨강등대,3692.0,3.692,2.684063160562845,0.131624432,0.001507895,0.130116537,0.0,PRELIMINARY_POINT_BUFFER_PROXY,4.523552075,PRELIMINARY_90M,0.1566597360716256,0.37256947403216145,0.37256947403216145,0.131624432,0.7539253458333333,0.35369474698428005
1316,ST037__ST039,37,ST037,군자동행정복지센터,39,ST039,능곡힐스테이트,5065.0,5.065,3.1169406297195072,0.339516874,0.284687646,0.054829229,0.0,PRELIMINARY_POINT_BUFFER_PROXY,3.238108219,PRELIMINARY_90M,0.21491916663130647,0.3208274134146693,0.3208274134146693,0.339516874,0.5396847031666666,0.3537370393031606
963,ST023__ST029,23,ST023,오이도역,29,ST029,관곡공원,8419.0,8.419,2.5509242459209656,0.072897838,0.072897838,0.0,0.0,PRELIMINARY_POINT_BUFFER_PROXY,3.559452918,PRELIMINARY_90M,0.35723681418933256,0.39201477723183736,0.39201477723183736,0.072897838,0.5932421529999999,0.3538478956052925
1117,ST028__ST038,28,ST028,매화산업단지,38,ST038,능곡도서관,8729.0,8.729,1.9933415681901132,0.186772272,0.178897513,0.01056774,0.0,PRELIMINARY_POINT_BUFFER_PROXY,2.140300825,PRELIMINARY_90M,0.3703908006958883,0.5016701683033511,0.5016701683033511,0.186772272,0.3567168041666667,0.3538875112914765
1319,ST037__ST042,37,ST037,군자동행정복지센터,42,ST042,시흥시청역,6708.0,6.708,2.8237370109722706,0.306005252,0.306005252,0.0,0.0,PRELIMINARY_POINT_BUFFER_PROXY,2.829592416,PRELIMINARY_90M,0.2846352951160521,0.35414062857634165,0.35414062857634165,0.306005252,0.471598736,0.35409497792309846
17,ST001__ST018,1,ST001,월곶역,18,ST018,정왕역,8408.0,8.408,2.3918789326341554,0.113532322,0.113532322,0.0,0.0,PRELIMINARY_POINT_BUFFER_PROXY,3.168487094,PRELIMINARY_90M,0.3567700598294225,0.41808136120782197,0.41808136120782197,0.113532322,0.5280811823333333,0.35411623134264447
453,ST010__ST013,10,ST010,은계호수공원,13,ST013,삼미시장,2822.0,2.822,2.499145512681044,0.559085533,0.559085533,0.0,0.0,PRELIMINARY_POINT_BUFFER_PROXY,2.040771125,PRELIMINARY_90M,0.11974370942419485,0.4001367647165194,0.4001367647165194,0.559085533,0.34012852083333334,0.35477363199351186
239,ST005__ST034,5,ST005,배곧중·고등학교,34,ST034,군자디지털과학고등학교,6876.0,6.876,1.7635512454913496,0.290949718,0.290949718,0.0,0.0,PRELIMINARY_POINT_BUFFER_PROXY,1.620828692,PRELIMINARY_90M,0.2917639071583146,0.5670376761415777,0.5670376761415777,0.290949718,0.2701381153333333,0.3549723541583064
848,ST019__ST048,19,ST019,시화병원,48,ST048,정왕평생학습관 사거리,855.0,0.855,3.0,1.0,1.0,0.0,0.0,PRELIMINARY_POINT_BUFFER_PROXY,0.303061646,PRELIMINARY_90M,0.03627954342937158,0.3333333333333333,0.3333333333333333,1.0,0.050510274333333334,0.3550307877740096
1023,ST025__ST028,25,ST025,목감동행정복지센터,28,ST028,매화산업단지,6878.0,6.878,2.8903708674922335,0.271201217,0.266520768,0.103849183,0.0,PRELIMINARY_POINT_BUFFER_PROXY,3.071832764,PRELIMINARY_90M,0.29184877158738914,0.345976362842194,0.345976362842194,0.271201217,0.5119721273333333,0.3552496196907291
406,ST009__ST011,9,ST009,능곡중앙공원,11,ST011,배곧생명공원,13637.0,13.637,2.6258313192187823,0.132429178,0.109483052,0.04144345,0.0,PRELIMINARY_POINT_BUFFER_PROXY,1.975099642,PRELIMINARY_90M,0.5786481096448424,0.3808317741817142,0.3808317741817142,0.132429178,0.32918327366666666,0.3552730838733058
1331,ST037__ST054,37,ST037,군자동행정복지센터,54,ST054,시흥 프리미엄 아울렛,9699.0,9.699,2.3505502139681247,0.272624325,0.272624325,0.0,0.0,PRELIMINARY_POINT_BUFFER_PROXY,1.871799018,PRELIMINARY_90M,0.4115500487970467,0.4254323068945766,0.4254323068945766,0.272624325,0.311966503,0.35539329592290586
256,ST005__ST051,5,ST005,배곧중·고등학교,51,ST051,연성중학교,11788.0,11.788,2.7106754677536853,0.155536821,0.147954117,0.014634384,0.0,PRELIMINARY_POINT_BUFFER_PROXY,2.38444986,PRELIMINARY_90M,0.5001909449654177,0.3689117387514824,0.3689117387514824,0.155536821,0.39740831000000004,0.35551195367922506
1354,ST039__ST044,39,ST039,능곡힐스테이트,44,ST044,경기과학기술대학교,9820.0,9.82,3.3767573140694007,0.354042298,0.350455432,0.030035451,0.0,PRELIMINARY_POINT_BUFFER_PROXY,2.132369889,PRELIMINARY_90M,0.4166843467560572,0.2961420993547443,0.2961420993547443,0.354042298,0.3553949815,0.3555659314027003
349,ST007__ST047,7,ST007,장현지구,47,ST047,배곧2동행정복지센터,11603.0,11.603,2.27747518651546,0.232817919,0.232817919,0.0,0.0,PRELIMINARY_POINT_BUFFER_PROXY,1.557348238,PRELIMINARY_90M,0.49234098527602155,0.4390827201634637,0.4390827201634637,0.232817919,0.2595580396666667,0.355949916026538
348,ST007__ST046,7,ST007,장현지구,46,ST046,배곧1동행정복지센터,9177.0,9.177,2.2644336799476807,0.31697882,0.31697882,0.0,0.0,PRELIMINARY_POINT_BUFFER_PROXY,1.657624601,PRELIMINARY_90M,0.38940043280858827,0.4416115202910711,0.4416115202910711,0.31697882,0.27627076683333335,0.3560653849832482
13,ST001__ST014,1,ST001,월곶역,14,ST014,시흥대야역,10345.0,10.345,3.077670885016786,0.204886147,0.155571656,0.121201371,0.0,PRELIMINARY_POINT_BUFFER_PROXY,2.733430341,PRELIMINARY_90M,0.43896125938812747,0.32492103196230676,0.32492103196230676,0.204886147,0.4555717235,0.3560850404626085
1118,ST028__ST039,28,ST028,매화산업단지,39,ST039,능곡힐스테이트,8827.0,8.827,1.9934144520107262,0.193566014,0.162114654,0.03145136,0.0,PRELIMINARY_POINT_BUFFER_PROXY,2.133727733,PRELIMINARY_90M,0.3745491577205414,0.5016518260873024,0.5016518260873024,0.193566014,0.3556212888333334,0.35634707166029433
106,ST002__ST054,2,ST002,월곶포구,54,ST054,시흥 프리미엄 아울렛,1292.0,1.292,1.7682329099189025,0.526537914,0.526537914,0.0,0.0,PRELIMINARY_POINT_BUFFER_PROXY,1.675401346,PRELIMINARY_90M,0.0548224211821615,0.5655363580162432,0.5655363580162432,0.526537914,0.27923355766666663,0.3565325627162679
535,ST011__ST051,11,ST011,배곧생명공원,51,ST051,연성중학교,12234.0,12.234,2.8588341577773817,0.167833014,0.160526264,0.014101801,0.0,PRELIMINARY_POINT_BUFFER_PROXY,2.338244675,PRELIMINARY_90M,0.5191157126490431,0.3497929382435588,0.3497929382435588,0.167833014,0.38970744583333333,0.3566122776814838
439,ST009__ST044,9,ST009,능곡중앙공원,44,ST044,경기과학기술대학교,9854.0,9.854,3.3719937985373485,0.356277282,0.356277282,0.033391482,0.0,PRELIMINARY_POINT_BUFFER_PROXY,2.135066913,PRELIMINARY_90M,0.4181270420503246,0.2965604505066897,0.2965604505066897,0.356277282,0.35584448550000003,0.3567023150142536
574,ST012__ST047,12,ST012,신천역,47,ST047,배곧2동행정복지센터,13450.0,13.45,3.0238770144412572,0.180950803,0.16194956,0.045574873,0.0,PRELIMINARY_POINT_BUFFER_PROXY,2.07097631,PRELIMINARY_90M,0.5707132855263716,0.33070128025189444,0.33070128025189444,0.180950803,0.3451627183333333,0.3568820217778998
43,ST001__ST044,1,ST001,월곶역,44,ST044,경기과학기술대학교,9744.0,9.744,2.584045983958349,0.135564347,0.135564347,0.0,0.0,PRELIMINARY_POINT_BUFFER_PROXY,2.951537709,PRELIMINARY_90M,0.41345949845122415,0.38699001728605403,0.38699001728605403,0.135564347,0.49192295150000004,0.35698420355931954
1125,ST028__ST046,28,ST028,매화산업단지,46,ST046,배곧1동행정복지센터,12973.0,12.973,2.2953010755293417,0.190204854,0.190204854,0.0,0.0,PRELIMINARY_POINT_BUFFER_PROXY,1.511602429,PRELIMINARY_90M,0.5504731191920906,0.43567269264202313,0.43567269264202313,0.190204854,0.2519337381666667,0.3570711010001951
898,ST021__ST029,21,ST021,오이도 포구 해양관광 단지,29,ST029,관곡공원,15779.0,15.779,3.0101958865594396,0.137149874,0.132968168,0.017106769,0.0,PRELIMINARY_POINT_BUFFER_PROXY,1.738343832,PRELIMINARY_90M,0.669537913183689,0.33220429423381115,0.33220429423381115,0.137149874,0.289723972,0.357154013354375
432,ST009__ST037,9,ST009,능곡중앙공원,37,ST037,군자동행정복지센터,4953.0,4.953,3.102056456122923,0.400364762,0.400364762,0.066454291,0.0,PRELIMINARY_POINT_BUFFER_PROXY,2.974338855,PRELIMINARY_90M,0.2101667586031315,0.3223667957513065,0.3223667957513065,0.400364762,0.4957231425,0.3571553647136095
291,ST006__ST037,6,ST006,시흥시청 본청,37,ST037,군자동행정복지센터,6845.0,6.845,2.8673370714628095,0.296832124,0.296832124,0.0,0.0,PRELIMINARY_POINT_BUFFER_PROXY,2.957161605,PRELIMINARY_90M,0.290448508507659,0.34875564856064756,0.34875564856064756,0.296832124,0.4928602675,0.3572241371420766
583,ST013__ST014,13,ST013,삼미시장,14,ST014,시흥대야역,1514.0,1.514,2.268613825900731,0.811440142,0.741965677,0.311431231,0.0,PRELIMINARY_POINT_BUFFER_PROXY,0.67519953,PRELIMINARY_90M,0.06424237280943693,0.4407978072702434,0.4407978072702434,0.811440142,0.112533255,0.3572533942699201
437,ST009__ST042,9,ST009,능곡중앙공원,42,ST042,시흥시청역,2781.0,2.781,2.0552547795934166,0.436775112,0.393968211,0.210534951,0.0,PRELIMINARY_POINT_BUFFER_PROXY,2.330781896,PRELIMINARY_90M,0.11800398862816651,0.48655768128067617,0.48655768128067617,0.436775112,0.3884636493333333,0.357450107810544
1293,ST035__ST053,35,ST035,산들공원,53,ST053,오이도 빨강등대,12207.0,12.207,2.650706976020092,0.195879752,0.156524789,0.039354963,0.0,PRELIMINARY_POINT_BUFFER_PROXY,2.034511519,PRELIMINARY_90M,0.5179700428565367,0.3772578444341862,0.3772578444341862,0.195879752,0.33908525316666666,0.35754822311434736
1054,ST026__ST030,26,ST026,은계파크자이,30,ST030,장곡도서관,9910.0,9.91,2.16801989739041,0.24891517,0.24891517,0.0,0.0,PRELIMINARY_POINT_BUFFER_PROXY,1.805942881,PRELIMINARY_90M,0.4205032460644121,0.4612503792994125,0.4612503792994125,0.24891517,0.3009904801666667,0.35791481888262283
1356,ST039__ST046,39,ST039,능곡힐스테이트,46,ST046,배곧1동행정복지센터,10907.0,10.907,2.374259605100675,0.283680888,0.269546089,0.050511524,0.0,PRELIMINARY_POINT_BUFFER_PROXY,1.592643065,PRELIMINARY_90M,0.46280816395807695,0.42118393365732953,0.42118393365732953,0.283680888,0.26544051083333337,0.358278374112185
133,ST003__ST029,3,ST003,배곧한울공원,29,ST029,관곡공원,15639.0,15.639,2.5268210818123493,0.054432669,0.054432669,0.0,0.0,PRELIMINARY_POINT_BUFFER_PROXY,1.916530202,PRELIMINARY_90M,0.6635974031484703,0.3957541779265017,0.3957541779265017,0.054432669,0.31942170033333334,0.35830148760207636
1046,ST025__ST051,25,ST025,목감동행정복지센터,51,ST051,연성중학교,4855.0,4.855,2.2406696427083874,0.255573087,0.248649808,0.132560721,0.0,PRELIMINARY_POINT_BUFFER_PROXY,3.153385578,PRELIMINARY_90M,0.20600840157847838,0.44629515254701263,0.44629515254701263,0.255573087,0.525564263,0.35836022603137274
776,ST017__ST049,17,ST017,장곡동,49,ST049,거북섬 웨이브파크 정문,14646.0,14.646,3.094482193339755,0.208559805,0.208559805,0.0,0.0,PRELIMINARY_POINT_BUFFER_PROXY,1.681786926,PRELIMINARY_90M,0.6214622141129545,0.3231558424062989,0.3231558424062989,0.208559805,0.280297821,0.35836892062981335
1179,ST030__ST049,30,ST030,장곡도서관,49,ST049,거북섬 웨이브파크 정문,14433.0,14.433,3.171456716031603,0.197050759,0.197050759,0.0,0.0,PRELIMINARY_POINT_BUFFER_PROXY,1.85357876,PRELIMINARY_90M,0.6124241524165146,0.3153125170982265,0.3153125170982265,0.197050759,0.3089297933333333,0.35842930546201857
616,ST013__ST047,13,ST013,삼미시장,47,ST047,배곧2동행정복지센터,12993.0,12.993,2.8535310620420042,0.204797576,0.204797576,0.0,0.0,PRELIMINARY_POINT_BUFFER_PROXY,1.971024321,PRELIMINARY_90M,0.5513217634828361,0.35044300491489794,0.35044300491489794,0.204797576,0.3285040535,0.35876659947443357
441,ST009__ST046,9,ST009,능곡중앙공원,46,ST046,배곧1동행정복지센터,10940.0,10.94,2.3731400637119227,0.284122724,0.255525034,0.051650852,0.0,PRELIMINARY_POINT_BUFFER_PROXY,1.610873325,PRELIMINARY_90M,0.4642084270378071,0.42138262940783205,0.42138262940783205,0.284122724,0.2684788875,0.3595481669864098
607,ST013__ST038,13,ST013,삼미시장,38,ST038,능곡도서관,10669.0,10.669,2.4106621132158583,0.223015161,0.216569654,0.008649719,0.0,PRELIMINARY_POINT_BUFFER_PROXY,2.089859033,PRELIMINARY_90M,0.4527092968982051,0.4148237924003316,0.4148237924003316,0.223015161,0.3483098388333334,0.3597145222829675
1140,ST029__ST035,29,ST029,관곡공원,35,ST035,산들공원,8617.0,8.617,2.9667041823193947,0.222000363,0.222000363,0.0,0.0,PRELIMINARY_POINT_BUFFER_PROXY,3.087149764,PRELIMINARY_90M,0.3656383926677133,0.3370743891351484,0.3370743891351484,0.222000363,0.5145249606666666,0.3598095263673821
783,ST018__ST019,18,ST018,정왕역,19,ST019,시화병원,477.0,0.477,2.616523504201786,1.0,1.0,0.0,0.0,PRELIMINARY_POINT_BUFFER_PROXY,0.221777495,PRELIMINARY_90M,0.020240166334280985,0.38218651519626484,0.38218651519626484,1.0,0.03696291583333333,0.3598473993409698
403,ST008__ST054,8,ST008,시흥능곡역,54,ST054,시흥 프리미엄 아울렛,8474.0,8.474,2.118722442640392,0.201490511,0.201490511,0.0,0.0,PRELIMINARY_POINT_BUFFER_PROXY,2.450436707,PRELIMINARY_90M,0.35957058598888275,0.47198253998469997,0.47198253998469997,0.201490511,0.40840611783333336,0.360362438701729
565,ST012__ST038,12,ST012,신천역,38,ST038,능곡도서관,10528.0,10.528,2.3728396337552122,0.220045017,0.213514366,0.00876398,0.0,PRELIMINARY_POINT_BUFFER_PROXY,2.12272917,PRELIMINARY_90M,0.4467263546484491,0.42143598150264305,0.42143598150264305,0.220045017,0.35378819499999997,0.360498887037773
1098,ST027__ST046,27,ST027,은행동행정복지센터,46,ST046,배곧1동행정복지센터,13928.0,13.928,2.483699345919321,0.199464446,0.199464446,0.0,0.0,PRELIMINARY_POINT_BUFFER_PROXY,1.494361257,PRELIMINARY_90M,0.5909958840751899,0.4026252217857948,0.4026252217857948,0.199464446,0.2490602095,0.3605364403402462
812,ST018__ST048,18,ST018,정왕역,48,ST048,정왕평생학습관 사거리,747.0,0.747,2.7790953736776527,1.0,1.0,0.0,0.0,PRELIMINARY_POINT_BUFFER_PROXY,0.305117177,PRELIMINARY_90M,0.031696864259345696,0.3598293205305411,0.3598293205305411,1.0,0.05085286283333334,0.36059476190580503
155,ST003__ST051,3,ST003,배곧한울공원,51,ST051,연성중학교,14670.0,14.67,3.1162241781566955,0.143837956,0.137744357,0.011760457,0.0,PRELIMINARY_POINT_BUFFER_PROXY,2.13390286,PRELIMINARY_90M,0.6224805872618492,0.32090117489285336,0.32090117489285336,0.143837956,0.35565047666666666,0.3607175487053423
755,ST017__ST028,17,ST017,장곡동,28,ST028,매화산업단지,7665.0,7.665,1.9685429224432203,0.302670708,0.302670708,0.0,0.0,PRELIMINARY_POINT_BUFFER_PROXY,1.842938926,PRELIMINARY_90M,0.3252429244282259,0.5079899394618578,0.5079899394618578,0.302670708,0.30715648766666664,0.36076501488918755
312,ST007__ST010,7,ST007,장현지구,10,ST010,은계호수공원,9295.0,9.295,2.133532995691515,0.240178212,0.240178212,0.0,0.0,PRELIMINARY_POINT_BUFFER_PROXY,2.044052907,PRELIMINARY_90M,0.39440743412398693,0.4687061329819662,0.4687061329819662,0.240178212,0.3406754845,0.36099181590148827
520,ST011__ST036,11,ST011,배곧생명공원,36,ST036,시흥시립군자도서관,7492.0,7.492,2.0687468486474847,0.331902844,0.331902844,0.0,0.0,PRELIMINARY_POINT_BUFFER_PROXY,1.872674267,PRELIMINARY_90M,0.31790215131327704,0.4833844221460856,0.4833844221460856,0.331902844,0.31211237783333334,0.36132544882317397
1314,ST036__ST055,36,ST036,시흥시립군자도서관,55,ST055,해양생태과학관,13275.0,13.275,2.6350895777874723,0.189985919,0.189985919,0.0,0.0,PRELIMINARY_POINT_BUFFER_PROXY,1.88131981,PRELIMINARY_90M,0.5632876479823482,0.3794937403379055,0.3794937403379055,0.189985919,0.3135533016666667,0.3615801522467301
110,ST003__ST006,3,ST003,배곧한울공원,6,ST006,시흥시청 본청,12768.0,12.768,2.392591104727005,0.205756748,0.205756748,0.0,0.0,PRELIMINARY_POINT_BUFFER_PROXY,1.686058387,PRELIMINARY_90M,0.5417745152119489,0.4179569162588273,0.4179569162588273,0.205756748,0.28100973116666667,0.3616244776593607
600,ST013__ST031,13,ST013,삼미시장,31,ST031,마전저수지,10955.0,10.955,2.539738308283579,0.171418211,0.171418211,0.0,0.0,PRELIMINARY_POINT_BUFFER_PROXY,2.50208746,PRELIMINARY_90M,0.4648449102558663,0.39374135387823717,0.39374135387823717,0.171418211,0.41701457666666664,0.36175476295019254
608,ST013__ST039,13,ST013,삼미시장,39,ST039,능곡힐스테이트,10767.0,10.767,2.406975501946521,0.228261563,0.202467309,0.025794253,0.0,PRELIMINARY_POINT_BUFFER_PROXY,2.084815761,PRELIMINARY_90M,0.4568676539228582,0.41545915161633346,0.41545915161633346,0.228261563,0.34746929350000005,0.36201441550979796
940,ST022__ST038,22,ST022,오이도박물관,38,ST038,능곡도서관,15734.0,15.734,3.1711587092107423,0.19149564,0.18712631,0.005863538,0.0,PRELIMINARY_POINT_BUFFER_PROXY,1.645782853,PRELIMINARY_90M,0.6676284635295116,0.31534214831174007,0.31534214831174007,0.19149564,0.2742971421666667,0.3621908485019796
1082,ST027__ST030,27,ST027,은행동행정복지센터,30,ST030,장곡도서관,10246.0,10.246,2.2275739708934226,0.250512017,0.250512017,0.0,0.0,PRELIMINARY_POINT_BUFFER_PROXY,1.889500259,PRELIMINARY_90M,0.4347604701489371,0.4489188745543322,0.4489188745543322,0.250512017,0.31491670983333336,0.3622770178841507
866,ST020__ST031,20,ST020,시화공업단지[왼쪽부근],31,ST031,마전저수지,5736.0,5.736,3.0,0.215509815,0.215509815,0.0,0.0,PRELIMINARY_POINT_BUFFER_PROXY,3.941832982,PRELIMINARY_90M,0.24339118258581915,0.3333333333333333,0.3333333333333333,0.215509815,0.6569721636666667,0.3623016236464548
558,ST012__ST031,12,ST012,신천역,31,ST031,마전저수지,10814.0,10.814,2.5045720982067676,0.167862657,0.167862657,0.0,0.0,PRELIMINARY_POINT_BUFFER_PROXY,2.541731055,PRELIMINARY_90M,0.45886196800611023,0.39926979970589926,0.39926979970589926,0.167862657,0.4236218425,0.36240406680300236
294,ST006__ST040,6,ST006,시흥시청 본청,40,ST040,갯골생태공원,3134.0,3.134,1.787243299742466,0.417517824,0.417517824,0.0,0.0,PRELIMINARY_POINT_BUFFER_PROXY,2.045098404,PRELIMINARY_90M,0.13298256035982517,0.5595209114193326,0.5595209114193326,0.417517824,0.340849734,0.36271775744478946
566,ST012__ST039,12,ST012,신천역,39,ST039,능곡힐스테이트,10626.0,10.626,2.369448751930395,0.225387105,0.199255214,0.026131891,0.0,PRELIMINARY_POINT_BUFFER_PROXY,2.117461439,PRELIMINARY_90M,0.45088471167310223,0.42203909208219753,0.42203909208219753,0.225387105,0.3529102398333333,0.36280528714715826
586,ST013__ST017,13,ST013,삼미시장,17,ST017,장곡동,10668.0,10.668,2.3895441602496903,0.248389511,0.248389511,0.0,0.0,PRELIMINARY_POINT_BUFFER_PROXY,1.991466494,PRELIMINARY_90M,0.45266686468366785,0.4184898595452227,0.4184898595452227,0.248389511,0.33191108233333333,0.36286432939055596
399,ST008__ST050,8,ST008,시흥능곡역,50,ST050,시흥한라3차아파트,14112.0,14.112,2.7272706740161086,0.111182208,0.111182208,0.0,0.0,PRELIMINARY_POINT_BUFFER_PROXY,2.262457176,PRELIMINARY_90M,0.5988034115500488,0.3666669427158199,0.3666669427158199,0.111182208,0.377076196,0.36343218956646717
169,ST004__ST014,4,ST004,배곧중심상가,14,ST014,시흥대야역,11638.0,11.638,3.410207240134275,0.235822411,0.191985149,0.107739858,0.0,PRELIMINARY_POINT_BUFFER_PROXY,2.586665465,PRELIMINARY_90M,0.49382611278482624,0.293237310692187,0.293237310692187,0.235822411,0.4311109108333333,0.36349918632758665
829,ST019__ST029,19,ST019,시화병원,29,ST029,관곡공원,9265.0,9.265,2.820027725618513,0.12145997,0.12145997,0.0,0.0,PRELIMINARY_POINT_BUFFER_PROXY,3.513046847,PRELIMINARY_90M,0.39313446768786864,0.35460644266562,0.35460644266562,0.12145997,0.5855078078333333,0.36367717204670547
1266,ST034__ST046,34,ST034,군자디지털과학고등학교,46,ST046,배곧1동행정복지센터,6911.0,6.911,1.6590635230531043,0.284024149,0.284024149,0.0,0.0,PRELIMINARY_POINT_BUFFER_PROXY,1.648350544,PRELIMINARY_90M,0.29324903466711927,0.6027496754070889,0.6027496754070889,0.284024149,0.27472509066666667,0.3636869874352187
544,ST012__ST017,12,ST012,신천역,17,ST017,장곡동,10527.0,10.527,2.351442584163786,0.245754547,0.245754547,0.0,0.0,PRELIMINARY_POINT_BUFFER_PROXY,2.028121111,PRELIMINARY_90M,0.4466839224339118,0.42527085574390816,0.42527085574390816,0.245754547,0.33802018516666665,0.3639323775861216
864,ST020__ST029,20,ST020,시화공업단지[왼쪽부근],29,ST029,관곡공원,10424.0,10.424,2.840038246298897,0.118573536,0.118573536,0.0,0.0,PRELIMINARY_POINT_BUFFER_PROXY,3.256444901,PRELIMINARY_90M,0.44231340433657235,0.35210793421644504,0.35210793421644504,0.118573536,0.5427408168333333,0.36393392284658765
1075,ST026__ST051,26,ST026,은계파크자이,51,ST051,연성중학교,7587.0,7.587,2.103109787779251,0.27255464,0.260774295,0.022735702,0.0,PRELIMINARY_POINT_BUFFER_PROXY,2.31844097,PRELIMINARY_90M,0.3219332116943183,0.47548635159742936,0.47548635159742936,0.27255464,0.38640682833333334,0.36409525790627023
621,ST013__ST052,13,ST013,삼미시장,52,ST052,가온그린공원,10711.0,10.711,2.3610115699713874,0.255497662,0.255497662,0.0,0.0,PRELIMINARY_POINT_BUFFER_PROXY,1.938174021,PRELIMINARY_90M,0.4544914499087707,0.42354726792470515,0.42354726792470515,0.255497662,0.3230290035,0.364141345833369
487,ST010__ST047,10,ST010,은계호수공원,47,ST047,배곧2동행정복지센터,16042.0,16.042,2.4851081642729627,0.137242987,0.137242987,0.0,0.0,PRELIMINARY_POINT_BUFFER_PROXY,1.420075432,PRELIMINARY_90M,0.6806975856069928,0.4023969718406835,0.4023969718406835,0.137242987,0.23667923866666665,0.36425419577858575
650,ST014__ST040,14,ST014,시흥대야역,40,ST040,갯골생태공원,11018.0,11.018,2.227076316300076,0.137706878,0.116319751,0.021387128,0.0,PRELIMINARY_POINT_BUFFER_PROXY,2.417277935,PRELIMINARY_90M,0.4675181397717147,0.4490191883775841,0.4490191883775841,0.137706878,0.40287965583333335,0.364280965495658
377,ST008__ST028,8,ST008,시흥능곡역,28,ST028,매화산업단지,8534.0,8.534,1.9269660940085112,0.132284324,0.132284324,0.0,0.0,PRELIMINARY_POINT_BUFFER_PROXY,2.663161369,PRELIMINARY_90M,0.36211651886111934,0.5189504906751011,0.5189504906751011,0.132284324,0.44386022816666665,0.3643028904257218
443,ST009__ST048,9,ST009,능곡중앙공원,48,ST048,정왕평생학습관 사거리,10150.0,10.15,3.379835703661929,0.394095672,0.394095672,0.032414758,0.0,PRELIMINARY_POINT_BUFFER_PROXY,2.0216349,PRELIMINARY_90M,0.4306869775533585,0.2958723700434717,0.2958723700434717,0.394095672,0.33693915,0.36439854239920755
1357,ST039__ST047,39,ST039,능곡힐스테이트,47,ST047,배곧2동행정복지센터,13333.0,13.333,2.365626333383,0.216505062,0.204941925,0.041321538,0.0,PRELIMINARY_POINT_BUFFER_PROXY,1.516776548,PRELIMINARY_90M,0.5657487164255103,0.4227210298973696,0.4227210298973696,0.216505062,0.2527960913333333,0.36444272491405333
1071,ST026__ST047,26,ST026,은계파크자이,47,ST047,배곧2동행정복지센터,16138.0,16.138,2.43880861134086,0.130649592,0.130649592,0.0,0.0,PRELIMINARY_POINT_BUFFER_PROXY,1.396604178,PRELIMINARY_90M,0.6847710782025714,0.410036275642884,0.410036275642884,0.130649592,0.232767363,0.36455607721136385
338,ST007__ST036,7,ST007,장현지구,36,ST036,시흥시립군자도서관,7914.0,7.914,2.6645802732851354,0.307930223,0.307930223,0.0,0.0,PRELIMINARY_POINT_BUFFER_PROXY,2.636188829,PRELIMINARY_90M,0.3358085458480078,0.37529362880372513,0.37529362880372513,0.307930223,0.43936480483333334,0.3645993006212666
1306,ST036__ST047,36,ST036,시흥시립군자도서관,47,ST047,배곧2동행정복지센터,8493.0,8.493,2.353896512711308,0.365456328,0.365456328,0.0,0.0,PRELIMINARY_POINT_BUFFER_PROXY,1.848028246,PRELIMINARY_90M,0.36037679806509104,0.42482751242456357,0.42482751242456357,0.365456328,0.30800470766666666,0.3646663365390803
579,ST012__ST052,12,ST012,신천역,52,ST052,가온그린공원,10570.0,10.57,2.322667703383439,0.252965486,0.252965486,0.0,0.0,PRELIMINARY_POINT_BUFFER_PROXY,1.970080173,PRELIMINARY_90M,0.44850850765901473,0.4305394174738367,0.4305394174738367,0.252965486,0.3283466955,0.3650900266582129
442,ST009__ST047,9,ST009,능곡중앙공원,47,ST047,배곧2동행정복지센터,13366.0,13.366,2.3647311189132942,0.217031184,0.193623772,0.042276587,0.0,PRELIMINARY_POINT_BUFFER_PROXY,1.53097519,PRELIMINARY_90M,0.5671489795052403,0.42288105907767953,0.42288105907767953,0.217031184,0.25516253166666664,0.36555593856239665
1160,ST029__ST055,29,ST029,관곡공원,55,ST055,해양생태과학관,16984.0,16.984,3.017403958564327,0.101654746,0.101654746,0.0,0.0,PRELIMINARY_POINT_BUFFER_PROXY,1.853322415,PRELIMINARY_90M,0.7206687317011075,0.3314107138892326,0.3314107138892326,0.101654746,0.3088870691666667,0.3656553151892517
103,ST002__ST051,2,ST002,월곶포구,51,ST051,연성중학교,7741.0,7.741,2.26792291157827,0.306454625,0.294910451,0.022279897,0.0,PRELIMINARY_POINT_BUFFER_PROXY,2.332794515,PRELIMINARY_90M,0.32846777273305894,0.44093209469103606,0.44093209469103606,0.306454625,0.3887990858333333,0.36616339456435704
191,ST004__ST036,4,ST004,배곧중심상가,36,ST036,시흥시립군자도서관,6252.0,6.252,1.6513872931847957,0.246571661,0.246571661,0.0,0.0,PRELIMINARY_POINT_BUFFER_PROXY,2.085627538,PRELIMINARY_90M,0.26528620528705393,0.6055514682273243,0.6055514682273243,0.246571661,0.34760458966666663,0.36625348104526123
309,ST006__ST055,6,ST006,시흥시청 본청,55,ST055,해양생태과학관,15502.0,15.502,3.06666115185903,0.194244557,0.194244557,0.0,0.0,PRELIMINARY_POINT_BUFFER_PROXY,1.723815297,PRELIMINARY_90M,0.6577841897568634,0.3260875429271974,0.3260875429271974,0.194244557,0.2873025495,0.36635470979601514
87,ST002__ST035,2,ST002,월곶포구,35,ST035,산들공원,7244.0,7.244,1.8624410921821457,0.248901797,0.248901797,0.0,0.0,PRELIMINARY_POINT_BUFFER_PROXY,2.233402493,PRELIMINARY_90M,0.3073789621080324,0.5369297338840077,0.5369297338840077,0.248901797,0.3722337488333333,0.36636106045634337
513,ST011__ST029,11,ST011,배곧생명공원,29,ST029,관곡공원,9925.0,9.925,2.7163115231162704,0.145334135,0.145334135,0.0,0.0,PRELIMINARY_POINT_BUFFER_PROXY,3.187994299,PRELIMINARY_90M,0.42113972928247123,0.36814628642180064,0.36814628642180064,0.145334135,0.5313323831666666,0.3664881334677346
1006,ST024__ST041,24,ST024,목감고등학교,41,ST041,연꽃테마파크,6620.0,6.62,2.1088538684731546,0.256634362,0.232869828,0.08230653,0.0,PRELIMINARY_POINT_BUFFER_PROXY,2.729827706,PRELIMINARY_90M,0.28090126023677175,0.47419122536167796,0.47419122536167796,0.256634362,0.45497128433333334,0.3666745329829458
1148,ST029__ST043,29,ST029,관곡공원,43,ST043,시흥종합버스터미널,9732.0,9.732,2.794266024956174,0.077907684,0.077907684,0.0,0.0,PRELIMINARY_POINT_BUFFER_PROXY,3.709272843,PRELIMINARY_90M,0.41295031187677683,0.3578757323278424,0.3578757323278424,0.077907684,0.6182121405,0.3667364671761548
1452,ST047__ST050,47,ST047,배곧2동행정복지센터,50,ST050,시흥한라3차아파트,729.0,0.729,2.9057391020038947,1.0,1.0,0.0,0.0,PRELIMINARY_POINT_BUFFER_PROXY,0.554485213,PRELIMINARY_90M,0.030933084397674716,0.34414652000600005,0.34414652000600005,1.0,0.09241420216666667,0.3668734516425854
146,ST003__ST042,3,ST003,배곧한울공원,42,ST042,시흥시청역,16342.0,16.342,2.572163882599194,0.052087979,0.052087979,0.0,0.0,PRELIMINARY_POINT_BUFFER_PROXY,2.003018759,PRELIMINARY_90M,0.6934272499681758,0.3887777162120367,0.3887777162120367,0.052087979,0.3338364598333334,0.3670323512533865
748,ST017__ST021,17,ST017,장곡동,21,ST021,오이도 포구 해양관광 단지,13376.0,13.376,3.1328967051676546,0.252648823,0.214032891,0.038615932,0.0,PRELIMINARY_POINT_BUFFER_PROXY,1.972838038,PRELIMINARY_90M,0.5675733016506131,0.3191934155858119,0.3191934155858119,0.252648823,0.32880633966666667,0.36705546997577293
1103,ST027__ST051,27,ST027,은행동행정복지센터,51,ST051,연성중학교,7923.0,7.923,2.182844451637436,0.273625618,0.262340521,0.021779886,0.0,PRELIMINARY_POINT_BUFFER_PROXY,2.406116467,PRELIMINARY_90M,0.3361904357788433,0.45811784676176137,0.45811784676176137,0.273625618,0.4010194111666667,0.3672383279268179
395,ST008__ST046,8,ST008,시흥능곡역,46,ST046,배곧1동행정복지센터,12662.0,12.662,2.3310094314983836,0.107164139,0.107164139,0.0,0.0,PRELIMINARY_POINT_BUFFER_PROXY,2.373808917,PRELIMINARY_90M,0.5372767004709976,0.42899869322158657,0.42899869322158657,0.107164139,0.39563481949999996,0.36726858804814605
72,ST002__ST020,2,ST002,월곶포구,20,ST020,시화공업단지[왼쪽부근],8871.0,8.871,2.659617387464015,0.221037333,0.221037333,0.0,0.0,PRELIMINARY_POINT_BUFFER_PROXY,2.977741312,PRELIMINARY_90M,0.3764161751601816,0.3759939323278056,0.3759939323278056,0.221037333,0.49629021866666667,0.36743441478866345
970,ST023__ST036,23,ST023,오이도역,36,ST036,시흥시립군자도서관,5986.0,5.986,1.6736800636760731,0.276782237,0.276782237,0.0,0.0,PRELIMINARY_POINT_BUFFER_PROXY,2.065866617,PRELIMINARY_90M,0.2539992362201383,0.5974857571067667,0.5974857571067667,0.276782237,0.3443111028333334,0.3681445832900596
71,ST002__ST019,2,ST002,월곶포구,19,ST019,시화병원,7399.0,7.399,2.5029211086978633,0.18693605,0.18693605,0.0,0.0,PRELIMINARY_POINT_BUFFER_PROXY,3.435578338,PRELIMINARY_90M,0.3139559553613103,0.3995331680750604,0.3995331680750604,0.18693605,0.5725963896666667,0.36825539077575936
664,ST014__ST054,14,ST014,시흥대야역,54,ST054,시흥 프리미엄 아울렛,10085.0,10.085,3.128896964004259,0.240306149,0.185260788,0.125047292,0.0,PRELIMINARY_POINT_BUFFER_PROXY,2.91185417,PRELIMINARY_90M,0.4279288836084355,0.3196014478917941,0.3196014478917941,0.240306149,0.4853090283333333,0.36828637720839075
35,ST001__ST036,1,ST001,월곶역,36,ST036,시흥시립군자도서관,8542.0,8.542,1.9383921017791224,0.194568464,0.194568464,0.0,0.0,PRELIMINARY_POINT_BUFFER_PROXY,2.404183711,PRELIMINARY_90M,0.36245597657741757,0.515891495369882,0.515891495369882,0.194568464,0.40069728516666664,0.3684033052784915
279,ST006__ST025,6,ST006,시흥시청 본청,25,ST025,목감동행정복지센터,7000.0,7.0,2.109248922792119,0.120646147,0.0891229,0.069507083,0.0,PRELIMINARY_POINT_BUFFER_PROXY,3.49144083,PRELIMINARY_90M,0.2970255017609369,0.4741024111446503,0.4741024111446503,0.120646147,0.581906805,0.3684202162263968
1033,ST025__ST038,25,ST025,목감동행정복지센터,38,ST038,능곡도서관,6274.0,6.274,2.2598427372065113,0.114598785,0.098278462,0.054041431,0.0,PRELIMINARY_POINT_BUFFER_PROXY,3.90420797,PRELIMINARY_90M,0.266219714006874,0.4425086682076572,0.4425086682076572,0.114598785,0.6507013283333333,0.3685071238869661
445,ST009__ST050,9,ST009,능곡중앙공원,50,ST050,시흥한라3차아파트,14456.0,14.456,2.6998806259466566,0.173526724,0.151882268,0.039092479,0.0,PRELIMINARY_POINT_BUFFER_PROXY,1.902023938,PRELIMINARY_90M,0.613400093350872,0.37038674613599665,0.37038674613599665,0.173526724,0.31700398966666665,0.36857938828838377
1407,ST042__ST055,42,ST042,시흥시청역,55,ST055,해양생태과학관,15573.0,15.573,3.036295351760702,0.200628289,0.200628289,0.0,0.0,PRELIMINARY_POINT_BUFFER_PROXY,1.709285246,PRELIMINARY_90M,0.66079687698901,0.32934872406932186,0.32934872406932186,0.200628289,0.28488087433333337,0.3689136910979163
196,ST004__ST041,4,ST004,배곧중심상가,41,ST041,연꽃테마파크,12653.0,12.653,2.5487013369552254,0.117860338,0.096037197,0.043835738,0.0,PRELIMINARY_POINT_BUFFER_PROXY,2.57573594,PRELIMINARY_90M,0.5368948105401621,0.39235668200913554,0.39235668200913554,0.117860338,0.4292893233333333,0.36910028847065773
1126,ST028__ST047,28,ST028,매화산업단지,47,ST047,배곧2동행정복지센터,15399.0,15.399,2.300264097746014,0.146768742,0.146768742,0.0,0.0,PRELIMINARY_POINT_BUFFER_PROXY,1.462315432,PRELIMINARY_90M,0.6534136716595239,0.4347326904679691,0.4347326904679691,0.146768742,0.24371923866666667,0.3696585856985399
1138,ST029__ST033,29,ST029,관곡공원,33,ST033,타원산업단지,12054.0,12.054,2.7787913780238895,0.074752674,0.074752674,0.0,0.0,PRELIMINARY_POINT_BUFFER_PROXY,3.196760541,PRELIMINARY_90M,0.5114779140323333,0.35986868532431543,0.35986868532431543,0.074752674,0.5327934235,0.3697231742141622
66,ST002__ST014,2,ST002,월곶포구,14,ST014,시흥대야역,9776.0,9.776,3.0588362192751695,0.2786786,0.226479007,0.128292153,0.0,PRELIMINARY_POINT_BUFFER_PROXY,2.761333555,PRELIMINARY_90M,0.414817329316417,0.3269217206526222,0.3269217206526222,0.2786786,0.4602222591666667,0.37015997728392647
1190,ST031__ST036,31,ST031,마전저수지,36,ST036,시흥시립군자도서관,9630.0,9.63,2.7381513895949263,0.227496296,0.227496296,0.0,0.0,PRELIMINARY_POINT_BUFFER_PROXY,2.877773443,PRELIMINARY_90M,0.40862222599397463,0.3652099017607412,0.3652099017607412,0.227496296,0.4796289071666667,0.3702393327303456
780,ST017__ST053,17,ST017,장곡동,53,ST053,오이도 빨강등대,13741.0,13.741,3.1027479517549197,0.243702413,0.208742175,0.034960239,0.0,PRELIMINARY_POINT_BUFFER_PROXY,1.99444841,PRELIMINARY_90M,0.5830610599567192,0.3222949512977354,0.3222949512977354,0.243702413,0.3324080683333333,0.37036662314694696
1150,ST029__ST045,29,ST029,관곡공원,45,ST045,시흥중앙도서관,9233.0,9.233,2.7641240720233733,0.080513965,0.080513965,0.0,0.0,PRELIMINARY_POINT_BUFFER_PROXY,3.889570974,PRELIMINARY_90M,0.3917766368226758,0.36177826101271476,0.36177826101271476,0.080513965,0.6482618290000001,0.3705826729588476
1139,ST029__ST034,29,ST029,관곡공원,34,ST034,군자디지털과학고등학교,8970.0,8.97,2.900578525484893,0.252434833,0.252434833,0.0,0.0,PRELIMINARY_POINT_BUFFER_PROXY,3.031578557,PRELIMINARY_90M,0.380616964399372,0.34475880973876716,0.34475880973876716,0.252434833,0.5052630928333334,0.3707684249928681
1183,ST030__ST053,30,ST030,장곡도서관,53,ST053,오이도 빨강등대,13528.0,13.528,3.1849977939219296,0.231969,0.196466378,0.035502622,0.0,PRELIMINARY_POINT_BUFFER_PROXY,2.182318125,PRELIMINARY_90M,0.5740229982602792,0.31397196001464855,0.31397196001464855,0.231969,0.3637196875,0.37092091144373196
1273,ST034__ST053,34,ST034,군자디지털과학고등학교,53,ST053,오이도 빨강등대,12643.0,12.643,2.6090656975130386,0.223528223,0.185526421,0.038001802,0.0,PRELIMINARY_POINT_BUFFER_PROXY,2.042559487,PRELIMINARY_90M,0.5364704883947893,0.3832789649387518,0.3832789649387518,0.223528223,0.3404265811666667,0.37092606437505193
81,ST002__ST029,2,ST002,월곶포구,29,ST029,관곡공원,8359.0,8.359,2.454829538271647,0.22113098,0.184447681,0.065623965,0.0,PRELIMINARY_POINT_BUFFER_PROXY,3.003651106,PRELIMINARY_90M,0.3546908813170959,0.40736026042120316,0.40736026042120316,0.22113098,0.5006085176666667,0.37094765985124145
932,ST022__ST030,22,ST022,오이도박물관,30,ST030,장곡도서관,12415.0,12.415,2.534707979202299,0.178530173,0.178530173,0.0,0.0,PRELIMINARY_POINT_BUFFER_PROXY,2.308524813,PRELIMINARY_90M,0.5267959434802902,0.3945227648333325,0.3945227648333325,0.178530173,0.3847541355,0.37115075420340565
1154,ST029__ST049,29,ST029,관곡공원,49,ST049,거북섬 웨이브파크 정문,17439.0,17.439,3.0122381875910405,0.110007252,0.110007252,0.0,0.0,PRELIMINARY_POINT_BUFFER_PROXY,1.828296045,PRELIMINARY_90M,0.7399753893155684,0.3319790593318665,0.3319790593318665,0.110007252,0.3047160075,0.3716694270368587
1239,ST033__ST040,33,ST033,타원산업단지,40,ST040,갯골생태공원,9736.0,9.736,2.7182707914052595,0.144941078,0.144941078,0.0,0.0,PRELIMINARY_POINT_BUFFER_PROXY,3.367233468,PRELIMINARY_90M,0.413120040734926,0.36788093488030743,0.36788093488030743,0.144941078,0.5612055779999999,0.3717869079038083
171,ST004__ST016,4,ST004,배곧중심상가,16,ST016,물왕호수,11715.0,11.715,2.5514715857665906,0.129045792,0.129045792,0.0,0.0,PRELIMINARY_POINT_BUFFER_PROXY,2.815872271,PRELIMINARY_90M,0.49709339330419655,0.39193068250436724,0.39193068250436724,0.129045792,0.46931204516666664,0.3718454782438076
303,ST006__ST049,6,ST006,시흥시청 본청,49,ST049,거북섬 웨이브파크 정문,15957.0,15.957,3.0596167427423016,0.200739873,0.200739873,0.0,0.0,PRELIMINARY_POINT_BUFFER_PROXY,1.699761861,PRELIMINARY_90M,0.6770908473713243,0.32683832129370255,0.32683832129370255,0.200739873,0.2832936435,0.37199067129125674
1137,ST029__ST032,29,ST029,관곡공원,32,ST032,희망공원,12193.0,12.193,2.706401018663905,0.073899633,0.073899633,0.0,0.0,PRELIMINARY_POINT_BUFFER_PROXY,3.171272258,PRELIMINARY_90M,0.5173759918530149,0.36949439240666543,0.36949439240666543,0.073899633,0.5285453763333333,0.3723288483982534
1153,ST029__ST048,29,ST029,관곡공원,48,ST048,정왕평생학습관 사거리,9073.0,9.073,2.814486899879952,0.098607989,0.098607989,0.0,0.0,PRELIMINARY_POINT_BUFFER_PROXY,3.910368585,PRELIMINARY_90M,0.3849874824967115,0.35530454948738743,0.35530454948738743,0.098607989,0.6517280975,0.37265702962102476
364,ST008__ST015,8,ST008,시흥능곡역,15,ST015,목감택지개발예정지구,6807.0,6.807,1.8885444736486015,0.0,0.0,0.0,0.0,PRELIMINARY_POINT_BUFFER_PROXY,4.039381199,PRELIMINARY_90M,0.2888360843552425,0.5295083139175617,0.5295083139175617,0.0,0.6732301998333333,0.37289364952653437
599,ST013__ST030,13,ST013,삼미시장,30,ST030,장곡도서관,11231.0,11.231,2.3443065473351545,0.267587404,0.267587404,0.0,0.0,PRELIMINARY_POINT_BUFFER_PROXY,1.925417323,PRELIMINARY_90M,0.47655620146815464,0.4265653743691203,0.4265653743691203,0.267587404,0.32090288716666665,0.3729029667509854
9,ST001__ST010,1,ST001,월곶역,10,ST010,은계호수공원,11694.0,11.694,3.0834271826948316,0.243297008,0.212935672,0.093952653,0.0,PRELIMINARY_POINT_BUFFER_PROXY,2.568536826,PRELIMINARY_90M,0.49620231679891375,0.3243144529607562,0.3243144529607562,0.243297008,0.428089471,0.37297581218991754
142,ST003__ST038,3,ST003,배곧한울공원,38,ST038,능곡도서관,14501.0,14.501,2.368565324149436,0.187250037,0.18250883,0.006362588,0.0,PRELIMINARY_POINT_BUFFER_PROXY,1.604061747,PRELIMINARY_90M,0.6153095430050495,0.4221965042737866,0.4221965042737866,0.187250037,0.2673436245,0.37302492719470903
554,ST012__ST027,12,ST012,신천역,27,ST027,은행동행정복지센터,1420.0,1.42,2.35513154122392,0.521377701,0.521377701,0.0,0.0,PRELIMINARY_POINT_BUFFER_PROXY,2.923916061,PRELIMINARY_90M,0.06025374464293291,0.42460473332216414,0.42460473332216414,0.521377701,0.4873193435,0.3733888806162743
289,ST006__ST035,6,ST006,시흥시청 본청,35,ST035,산들공원,6977.0,6.977,2.9216522119106507,0.310126848,0.310126848,0.0,0.0,PRELIMINARY_POINT_BUFFER_PROXY,3.275946265,PRELIMINARY_90M,0.2960495608265795,0.34227208697986594,0.34227208697986594,0.310126848,0.5459910441666667,0.3736098849932781
557,ST012__ST030,12,ST012,신천역,30,ST030,장곡도서관,11090.0,11.09,2.30754962573065,0.265325557,0.265325557,0.0,0.0,PRELIMINARY_POINT_BUFFER_PROXY,1.955667813,PRELIMINARY_90M,0.4705732592183986,0.4333601274916744,0.4333601274916744,0.265325557,0.3259446355,0.3738008948025182
601,ST013__ST032,13,ST013,삼미시장,32,ST032,희망공원,15493.0,15.493,3.473559711141993,0.245813043,0.245813043,0.0,0.0,PRELIMINARY_POINT_BUFFER_PROXY,1.826729101,PRELIMINARY_90M,0.6574022998260279,0.28788910603504,0.28788910603504,0.245813043,0.3044548501666667,0.37388982475693366
241,ST005__ST036,5,ST005,배곧중·고등학교,36,ST036,시흥시립군자도서관,7141.0,7.141,1.8054973029419472,0.31740942,0.31740942,0.0,0.0,PRELIMINARY_POINT_BUFFER_PROXY,1.92922156,PRELIMINARY_90M,0.30300844401069293,0.5538640231533779,0.5538640231533779,0.31740942,0.32153692666666667,0.37395470345768433
620,ST013__ST051,13,ST013,삼미시장,51,ST051,연성중학교,8908.0,8.908,2.334947961738539,0.292595472,0.282558318,0.019371397,0.0,PRELIMINARY_POINT_BUFFER_PROXY,2.385267848,PRELIMINARY_90M,0.3779861670980608,0.4282750692462658,0.4282750692462658,0.292595472,0.3975446413333333,0.374100337419415
559,ST012__ST032,12,ST012,신천역,32,ST032,희망공원,15950.0,15.95,3.5991988043704652,0.224515196,0.20849348,0.038428416,0.0,PRELIMINARY_POINT_BUFFER_PROXY,1.913407696,PRELIMINARY_90M,0.6767938218695634,0.2778396121897217,0.2778396121897217,0.224515196,0.3189012826666667,0.3745124781814879
1401,ST042__ST049,42,ST042,시흥시청역,49,ST049,거북섬 웨이브파크 정문,16028.0,16.028,3.030141625650659,0.206913881,0.206913881,0.0,0.0,PRELIMINARY_POINT_BUFFER_PROXY,1.686122305,PRELIMINARY_90M,0.680103534603471,0.3300175779029045,0.3300175779029045,0.206913881,0.2810203841666667,0.3745138444182605
1382,ST041__ST043,41,ST041,연꽃테마파크,43,ST043,시흥종합버스터미널,10435.0,10.435,2.707502732761991,0.072648627,0.072648627,0.0,0.0,PRELIMINARY_POINT_BUFFER_PROXY,3.682610442,PRELIMINARY_90M,0.44278015869648235,0.3693440408755839,0.3693440408755839,0.072648627,0.613768407,0.37463530839301656
1099,ST027__ST047,27,ST027,은행동행정복지센터,47,ST047,배곧2동행정복지센터,16354.0,16.354,2.4604237375691342,0.157182329,0.157182329,0.0,0.0,PRELIMINARY_POINT_BUFFER_PROXY,1.449907418,PRELIMINARY_90M,0.6939364365426232,0.4064340563499792,0.4064340563499792,0.157182329,0.24165123633333332,0.37480101455648396
1482,ST052__ST055,52,ST052,가온그린공원,55,ST055,해양생태과학관,16025.0,16.025,2.9752784385029045,0.212574082,0.212574082,0.0,0.0,PRELIMINARY_POINT_BUFFER_PROXY,1.627691978,PRELIMINARY_90M,0.6799762379598592,0.33610299696964774,0.33610299696964774,0.212574082,0.27128199633333333,0.37498382831571003
15,ST001__ST016,1,ST001,월곶역,16,ST016,물왕호수,10422.0,10.422,2.114969521905537,0.085103461,0.085103461,0.0,0.0,PRELIMINARY_POINT_BUFFER_PROXY,2.998850572,PRELIMINARY_90M,0.4422285399074978,0.4728200523187795,0.4728200523187795,0.085103461,0.49980842866666664,0.374990120473236
638,ST014__ST028,14,ST014,시흥대야역,28,ST028,매화산업단지,7295.0,7.295,2.089908465771216,0.142572754,0.110267444,0.03230531,0.0,PRELIMINARY_POINT_BUFFER_PROXY,3.417863274,PRELIMINARY_90M,0.30954300504943355,0.4784898555980445,0.4784898555980445,0.142572754,0.569643879,0.37506237341186954
1394,ST041__ST055,41,ST041,연꽃테마파크,55,ST055,해양생태과학관,17687.0,17.687,2.957351755572606,0.097607816,0.097607816,0.0,0.0,PRELIMINARY_POINT_BUFFER_PROXY,1.894955201,PRELIMINARY_90M,0.750498578520813,0.33814036430251393,0.33814036430251393,0.097607816,0.3158258668333333,0.3755181564141651
27,ST001__ST028,1,ST001,월곶역,28,ST028,매화산업단지,11836.0,11.836,2.36274090325665,0.176039328,0.161852085,0.034852774,0.0,PRELIMINARY_POINT_BUFFER_PROXY,2.410613789,PRELIMINARY_90M,0.502227691263207,0.4232372659319794,0.4232372659319794,0.176039328,0.40176896483333335,0.37581831250712994
953,ST022__ST051,22,ST022,오이도박물관,51,ST051,연성중학교,16246.0,16.246,3.1739125008850815,0.129857695,0.12435636,0.010617405,0.0,PRELIMINARY_POINT_BUFFER_PROXY,2.216455749,PRELIMINARY_90M,0.6893537573725973,0.3150685470129182,0.3150685470129182,0.129857695,0.3694092915,0.3759223227213789
357,ST007__ST055,7,ST007,장현지구,55,ST055,해양생태과학관,16115.0,16.115,2.9502314469114848,0.203390924,0.203390924,0.0,0.0,PRELIMINARY_POINT_BUFFER_PROXY,1.668540589,PRELIMINARY_90M,0.6837951372682141,0.3389564574829789,0.3389564574829789,0.203390924,0.2780900981666667,0.3760581542294649
1292,ST035__ST052,35,ST035,산들공원,52,ST052,가온그린공원,3835.0,3.835,1.9561805087839683,0.129647388,0.129647388,0.0,0.0,PRELIMINARY_POINT_BUFFER_PROXY,4.205215096,PRELIMINARY_90M,0.16272754275045614,0.511200267822746,0.511200267822746,0.129647388,0.7008691826666666,0.37611109530996717
578,ST012__ST051,12,ST012,신천역,51,ST051,연성중학교,8767.0,8.767,2.288310361761418,0.290131604,0.279935171,0.019678799,0.0,PRELIMINARY_POINT_BUFFER_PROXY,2.434629231,PRELIMINARY_90M,0.37200322484830484,0.43700365855541284,0.43700365855541284,0.290131604,0.40577153850000003,0.3762275064759294
515,ST011__ST031,11,ST011,배곧생명공원,31,ST031,마전저수지,5237.0,5.237,2.7807944252833114,0.275602846,0.275602846,0.0,0.0,PRELIMINARY_POINT_BUFFER_PROXY,3.886572379,PRELIMINARY_90M,0.22221750753171807,0.3596094665998615,0.3596094665998615,0.275602846,0.6477620631666666,0.3762979708245615
749,ST017__ST022,17,ST017,장곡동,22,ST022,오이도박물관,13780.0,13.78,2.874343427573782,0.297637185,0.263149767,0.034487418,0.0,PRELIMINARY_POINT_BUFFER_PROXY,1.655169585,PRELIMINARY_90M,0.5847159163236729,0.34790553919442213,0.34790553919442213,0.297637185,0.2758615975,0.3765300595045238
921,ST021__ST052,21,ST021,오이도 포구 해양관광 단지,52,ST052,가온그린공원,12988.0,12.988,2.2926900646107344,0.249370982,0.244291054,0.020781268,0.0,PRELIMINARY_POINT_BUFFER_PROXY,1.618907718,PRELIMINARY_90M,0.5511096024101498,0.43616885484684365,0.43616885484684365,0.249370982,0.269817953,0.3766168480642484
1384,ST041__ST045,41,ST041,연꽃테마파크,45,ST045,시흥중앙도서관,9963.0,9.963,2.7305625680834593,0.0761019,0.0761019,0.0,0.0,PRELIMINARY_POINT_BUFFER_PROXY,3.84934731,PRELIMINARY_90M,0.42275215343488776,0.36622489874014674,0.36622489874014674,0.0761019,0.641557885,0.3766592092937586
1060,ST026__ST036,26,ST026,은계파크자이,36,ST036,시흥시립군자도서관,13254.0,13.254,2.645017745356628,0.172222094,0.172222094,0.0,0.0,PRELIMINARY_POINT_BUFFER_PROXY,2.366859705,PRELIMINARY_90M,0.5623965714770653,0.3780692971740989,0.3780692971740989,0.172222094,0.3944766175,0.3767911450377911
1368,ST040__ST043,40,ST040,갯골생태공원,43,ST043,시흥종합버스터미널,7040.0,7.04,2.823947383248435,0.107713516,0.107713516,0.0,0.0,PRELIMINARY_POINT_BUFFER_PROXY,4.483116336,PRELIMINARY_90M,0.298722790342428,0.35411424657979385,0.35411424657979385,0.107713516,0.747186056,0.3769341522305555
1217,ST032__ST040,32,ST032,희망공원,40,ST040,갯골생태공원,10482.0,10.482,2.9757066045826694,0.187094488,0.187094488,0.0,0.0,PRELIMINARY_POINT_BUFFER_PROXY,3.240715485,PRELIMINARY_90M,0.44477447277973436,0.33605463605181124,0.33605463605181124,0.187094488,0.5401192475,0.3770107110828864
476,ST010__ST036,10,ST010,은계호수공원,36,ST036,시흥시립군자도서관,13158.0,13.158,2.7029607165088714,0.180562017,0.180562017,0.0,0.0,PRELIMINARY_POINT_BUFFER_PROXY,2.397695151,PRELIMINARY_90M,0.5583230788814868,0.3699646812816408,0.3699646812816408,0.180562017,0.39961585850000003,0.3771164089157819
899,ST021__ST030,21,ST021,오이도 포구 해양관광 단지,30,ST030,장곡도서관,13221.0,13.221,2.274087119139725,0.271067996,0.266077947,0.020413586,0.0,PRELIMINARY_POINT_BUFFER_PROXY,1.421500125,PRELIMINARY_90M,0.5609963083973353,0.43973689116109793,0.43973689116109793,0.271067996,0.23691668749999997,0.3771794707646083
396,ST008__ST047,8,ST008,시흥능곡역,47,ST047,배곧2동행정복지센터,14818.0,14.818,2.786503429503744,0.1557205,0.1557205,0.0,0.0,PRELIMINARY_POINT_BUFFER_PROXY,2.193397772,PRELIMINARY_90M,0.6287605550133661,0.3588726966605933,0.3588726966605933,0.1557205,0.36556629533333335,0.3772300117518232
96,ST002__ST044,2,ST002,월곶포구,44,ST044,경기과학기술대학교,9064.0,9.064,2.57415179912506,0.229400406,0.229400406,0.0,0.0,PRELIMINARY_POINT_BUFFER_PROXY,3.049817901,PRELIMINARY_90M,0.384605592565876,0.38847747842217173,0.38847747842217173,0.229400406,0.5083029835,0.3776966151220119
1305,ST036__ST046,36,ST036,시흥시립군자도서관,46,ST046,배곧1동행정복지센터,7093.0,7.093,1.6997128934762096,0.302437234,0.302437234,0.0,0.0,PRELIMINARY_POINT_BUFFER_PROXY,1.918243629,PRELIMINARY_90M,0.30097169771290366,0.5883346557163696,0.5883346557163696,0.302437234,0.3197072715,0.3778627147323183
275,ST006__ST021,6,ST006,시흥시청 본청,21,ST021,오이도 포구 해양관광 단지,14687.0,14.687,3.0915800504195317,0.240209355,0.205047114,0.035162242,0.0,PRELIMINARY_POINT_BUFFER_PROXY,1.959112575,PRELIMINARY_90M,0.6232019349089829,0.3234591968156537,0.3234591968156537,0.240209355,0.3265187625,0.37834731230615914
40,ST001__ST041,1,ST001,월곶역,41,ST041,연꽃테마파크,11024.0,11.024,2.143081387721381,0.184019365,0.169751028,0.049417224,0.0,PRELIMINARY_POINT_BUFFER_PROXY,2.370109047,PRELIMINARY_90M,0.46777273305893835,0.46661783622844316,0.46661783622844316,0.184019365,0.39501817450000004,0.3783570271968454
465,ST010__ST025,10,ST010,은계호수공원,25,ST025,목감동행정복지센터,10313.0,10.313,2.6681422923957845,0.226109508,0.224029999,0.058254689,0.0,PRELIMINARY_POINT_BUFFER_PROXY,2.851874621,PRELIMINARY_90M,0.4376034285229346,0.3747926048959247,0.3747926048959247,0.226109508,0.4753124368333333,0.37845449456304814
430,ST009__ST035,9,ST009,능곡중앙공원,35,ST035,산들공원,5085.0,5.085,3.1705169235060016,0.415926001,0.415926001,0.064729724,0.0,PRELIMINARY_POINT_BUFFER_PROXY,3.401700163,PRELIMINARY_90M,0.21576781092205202,0.31540598083109617,0.31540598083109617,0.415926001,0.5669500271666666,0.37851245497995367
521,ST011__ST037,11,ST011,배곧생명공원,37,ST037,군자동행정복지센터,7968.0,7.968,2.004862958591922,0.371838069,0.371838069,0.0,0.0,PRELIMINARY_POINT_BUFFER_PROXY,1.83373405,PRELIMINARY_90M,0.3380998854330208,0.4987872092276727,0.4987872092276727,0.371838069,0.30562234166666663,0.37858687633184
183,ST004__ST028,4,ST004,배곧중심상가,28,ST028,매화산업단지,13129.0,13.129,2.7277294398157546,0.206288225,0.193497119,0.031422987,0.0,PRELIMINARY_POINT_BUFFER_PROXY,2.310949658,PRELIMINARY_90M,0.5570925446599058,0.3666052744833613,0.3666052744833613,0.206288225,0.3851582763333334,0.3787860801191501
219,ST005__ST014,5,ST005,배곧중·고등학교,14,ST014,시흥대야역,12432.0,12.432,3.3657206101028145,0.279060787,0.238017302,0.100873527,0.0,PRELIMINARY_POINT_BUFFER_PROXY,2.469502394,PRELIMINARY_90M,0.527517291127424,0.2971131938278895,0.2971131938278895,0.279060787,0.41158373233333334,0.3788187510721617
1158,ST029__ST053,29,ST029,관곡공원,53,ST053,오이도 빨강등대,16534.0,16.534,3.014607040347122,0.13382042,0.104765722,0.029054697,0.0,PRELIMINARY_POINT_BUFFER_PROXY,2.090862501,PRELIMINARY_90M,0.7015742351593329,0.33171819299037175,0.33171819299037175,0.13382042,0.3484770835,0.37889748291242614
1453,ST047__ST051,47,ST047,배곧2동행정복지센터,51,ST051,연성중학교,14576.0,14.576,2.458880168705452,0.1204182,0.114287495,0.01183207,0.0,PRELIMINARY_POINT_BUFFER_PROXY,2.221648292,PRELIMINARY_90M,0.6184919590953452,0.40668919645908513,0.40668919645908513,0.1204182,0.3702747153333333,0.3789685177219409
1016,ST024__ST051,24,ST024,목감고등학교,51,ST051,연성중학교,5421.0,5.421,2.131002869348733,0.286117824,0.286117824,0.073213062,0.0,PRELIMINARY_POINT_BUFFER_PROXY,3.183231796,PRELIMINARY_90M,0.230025035006577,0.46926262483429465,0.46926262483429465,0.286117824,0.5305386326666667,0.3789860291268846
725,ST016__ST036,16,ST016,물왕호수,36,ST036,시흥시립군자도서관,7947.0,7.947,2.8110036953937283,0.162740187,0.162740187,0.0,0.0,PRELIMINARY_POINT_BUFFER_PROXY,3.965292917,PRELIMINARY_90M,0.3372088089277379,0.35574481870609326,0.35574481870609326,0.162740187,0.6608821528333334,0.37914399186679115
281,ST006__ST027,6,ST006,시흥시청 본청,27,ST027,은행동행정복지센터,8014.0,8.014,2.0956042363908334,0.253163149,0.195302402,0.057860748,0.0,PRELIMINARY_POINT_BUFFER_PROXY,2.678365565,PRELIMINARY_90M,0.3400517673017355,0.47718933882394504,0.47718933882394504,0.253163149,0.44639426083333333,0.37919962898975346
339,ST007__ST037,7,ST007,장현지구,37,ST037,군자동행정복지센터,8390.0,8.39,2.570190493668074,0.347173938,0.347173938,0.0,0.0,PRELIMINARY_POINT_BUFFER_PROXY,2.554708776,PRELIMINARY_90M,0.3560062799677515,0.389076219238847,0.389076219238847,0.347173938,0.425784796,0.37951030830164967
1024,ST025__ST029,25,ST025,목감동행정복지센터,29,ST029,관곡공원,7247.0,7.247,2.3666145151496805,0.03405396,0.029414561,0.03405396,0.0,PRELIMINARY_POINT_BUFFER_PROXY,4.523781929,PRELIMINARY_90M,0.3075062587516442,0.4225445223962692,0.4225445223962692,0.03405396,0.7539636548333334,0.3795170989953117
1387,ST041__ST048,41,ST041,연꽃테마파크,48,ST048,정왕평생학습관 사거리,9776.0,9.776,2.720411057587995,0.09150236,0.09150236,0.0,0.0,PRELIMINARY_POINT_BUFFER_PROXY,3.868236792,PRELIMINARY_90M,0.414817329316417,0.36759150688301956,0.36759150688301956,0.09150236,0.6447061319999999,0.3796543320498591
426,ST009__ST031,9,ST009,능곡중앙공원,31,ST031,마전저수지,6981.0,6.981,2.2468611351412107,0.256364936,0.239325801,0.083802691,0.0,PRELIMINARY_POINT_BUFFER_PROXY,3.126192366,PRELIMINARY_90M,0.29621928968472866,0.44506533330425513,0.44506533330425513,0.256364936,0.521032061,0.3796704049972459
86,ST002__ST034,2,ST002,월곶포구,34,ST034,군자디지털과학고등학교,7597.0,7.597,1.8353556225191694,0.283611495,0.283611495,0.0,0.0,PRELIMINARY_POINT_BUFFER_PROXY,2.207590056,PRELIMINARY_90M,0.32235753383969107,0.5448535355929668,0.5448535355929668,0.283611495,0.367931676,0.37968856010816443
1338,ST038__ST044,38,ST038,능곡도서관,44,ST044,경기과학기술대학교,10752.0,10.752,3.3064938627772955,0.379843335,0.368779254,0.047865342,0.0,PRELIMINARY_POINT_BUFFER_PROXY,2.282050531,PRELIMINARY_90M,0.45623117070479907,0.30243515987053676,0.30243515987053676,0.379843335,0.38034175516666663,0.3797128551855006
1187,ST031__ST033,31,ST031,마전저수지,33,ST033,타원산업단지,9117.0,9.117,2.8349961827832684,0.098823044,0.098823044,0.0,0.0,PRELIMINARY_POINT_BUFFER_PROXY,4.086810319,PRELIMINARY_90M,0.3868544999363517,0.3527341610097853,0.3527341610097853,0.098823044,0.6811350531666666,0.37988668952820087
330,ST007__ST028,7,ST007,장현지구,28,ST028,매화산업단지,8310.0,8.31,1.8818440114835289,0.272091051,0.272091051,0.0,0.0,PRELIMINARY_POINT_BUFFER_PROXY,2.181486617,PRELIMINARY_90M,0.3526117028047694,0.5313936723223208,0.5313936723223208,0.272091051,0.36358110283333334,0.3799193822401059
795,ST018__ST031,18,ST018,정왕역,31,ST031,마전저수지,3945.0,3.945,2.958212084314256,0.124882541,0.124882541,0.0,0.0,PRELIMINARY_POINT_BUFFER_PROXY,5.337782322,PRELIMINARY_90M,0.16739508634955658,0.3380420238638198,0.3380420238638198,0.124882541,0.889630387,0.37998750955334404
835,ST019__ST035,19,ST019,시화병원,35,ST035,산들공원,5494.0,5.494,1.7484475998737334,0.388557525,0.388557525,0.0,0.0,PRELIMINARY_POINT_BUFFER_PROXY,1.959678705,PRELIMINARY_90M,0.2331225866677982,0.5719359276607525,0.5719359276607525,0.388557525,0.3266131175,0.38005728920713766
1380,ST040__ST055,40,ST040,갯골생태공원,55,ST055,해양생태과학관,12941.0,12.941,2.9956562462320218,0.113357949,0.113357949,0.0,0.0,PRELIMINARY_POINT_BUFFER_PROXY,3.150914702,PRELIMINARY_90M,0.5491152883268978,0.33381667247629426,0.33381667247629426,0.113357949,0.5251524503333334,0.38036059003413136
498,ST011__ST014,11,ST011,배곧생명공원,14,ST014,시흥대야역,12878.0,12.878,3.483853972554086,0.286473427,0.246849292,0.097385158,0.0,PRELIMINARY_POINT_BUFFER_PROXY,2.411839981,PRELIMINARY_90M,0.5464420588110493,0.28703843728182415,0.28703843728182415,0.286473427,0.40197333016666664,0.380481813314885
70,ST002__ST018,2,ST002,월곶포구,18,ST018,정왕역,7728.0,7.728,2.3633230741544877,0.221665055,0.221665055,0.0,0.0,PRELIMINARY_POINT_BUFFER_PROXY,3.302486644,PRELIMINARY_90M,0.32791615394407436,0.42313300747413224,0.42313300747413224,0.221665055,0.5504144406666667,0.38078216427121836
1065,ST026__ST041,26,ST026,은계파크자이,41,ST041,연꽃테마파크,9366.0,9.366,2.0139460598089474,0.222913602,0.193421536,0.059240165,0.0,PRELIMINARY_POINT_BUFFER_PROXY,2.43890326,PRELIMINARY_90M,0.3974201213561336,0.4965376282693812,0.4965376282693812,0.222913602,0.4064838766666667,0.38083880707304535
1149,ST029__ST044,29,ST029,관곡공원,44,ST044,경기과학기술대학교,10468.0,10.468,2.820058198037644,0.126175985,0.126175985,0.0,0.0,PRELIMINARY_POINT_BUFFER_PROXY,3.5905658,PRELIMINARY_90M,0.4441804217762125,0.35460261093046114,0.35460261093046114,0.126175985,0.5984276333333333,0.3808466627600017
481,ST010__ST041,10,ST010,은계호수공원,41,ST041,연꽃테마파크,9270.0,9.27,2.089724460388432,0.235276141,0.205480763,0.059849421,0.0,PRELIMINARY_POINT_BUFFER_PROXY,2.506177263,PRELIMINARY_90M,0.39334662876055504,0.4785319878076762,0.4785319878076762,0.235276141,0.4176962105,0.3812127420170578
799,ST018__ST035,18,ST018,정왕역,35,ST035,산들공원,4862.0,4.862,1.5515894623052275,0.308946091,0.308946091,0.0,0.0,PRELIMINARY_POINT_BUFFER_PROXY,2.192503213,PRELIMINARY_90M,0.20630542708023933,0.6445003812505146,0.6445003812505146,0.308946091,0.3654172021666667,0.3812922753743551
1312,ST036__ST053,36,ST036,시흥시립군자도서관,53,ST053,오이도 빨강등대,12825.0,12.825,2.6180306448172472,0.234566766,0.197105208,0.037461557,0.0,PRELIMINARY_POINT_BUFFER_PROXY,2.187192662,PRELIMINARY_90M,0.5441931514405737,0.3819664991239266,0.3819664991239266,0.234566766,0.3645321103333334,0.3813146317244584
1388,ST041__ST049,41,ST041,연꽃테마파크,49,ST049,거북섬 웨이브파크 정문,18142.0,18.142,2.953887748963796,0.105737286,0.105737286,0.0,0.0,PRELIMINARY_POINT_BUFFER_PROXY,1.869759833,PRELIMINARY_90M,0.7698052361352739,0.3385368994982268,0.3385368994982268,0.105737286,0.31162663883333336,0.3814265151167085
598,ST013__ST029,13,ST013,삼미시장,29,ST029,관곡공원,5601.0,5.601,1.6882870298682533,0.300692656,0.223851854,0.076840802,0.0,PRELIMINARY_POINT_BUFFER_PROXY,2.371361256,PRELIMINARY_90M,0.2376628336232868,0.5923163433163587,0.5923163433163587,0.300692656,0.395226876,0.38147467723491135
351,ST007__ST049,7,ST007,장현지구,49,ST049,거북섬 웨이브파크 정문,16570.0,16.57,2.9466340649212373,0.209395657,0.209395657,0.0,0.0,PRELIMINARY_POINT_BUFFER_PROXY,1.647153466,PRELIMINARY_90M,0.7031017948826749,0.3393702706096726,0.3393702706096726,0.209395657,0.2745255776666667,0.38159832503975355
186,ST004__ST031,4,ST004,배곧중심상가,31,ST031,마전저수지,3997.0,3.997,2.3484547535520255,0.124673026,0.124673026,0.0,0.0,PRELIMINARY_POINT_BUFFER_PROXY,4.838723446,PRELIMINARY_90M,0.16960156150549496,0.42581190822923254,0.42581190822923254,0.124673026,0.8064539076666667,0.3816351008503486
307,ST006__ST053,6,ST006,시흥시청 본청,53,ST053,오이도 빨강등대,15052.0,15.052,3.065065787195837,0.232345802,0.200436352,0.03190945,0.0,PRELIMINARY_POINT_BUFFER_PROXY,1.978965917,PRELIMINARY_90M,0.638689693215089,0.3262572712721049,0.3262572712721049,0.232345802,0.3298276528333333,0.38178010483013175
374,ST008__ST025,8,ST008,시흥능곡역,25,ST025,목감동행정복지센터,7469.0,7.469,1.988740417472464,0.077787688,0.048246665,0.065136385,0.0,PRELIMINARY_POINT_BUFFER_PROXY,3.782089357,PRELIMINARY_90M,0.31692621037891966,0.5028308326286861,0.5028308326286861,0.077787688,0.6303482261666666,0.3819732392935681
869,ST020__ST034,20,ST020,시화공업단지[왼쪽부근],34,ST034,군자디지털과학고등학교,5992.0,5.992,1.5800486633794386,0.388520481,0.388520481,0.0,0.0,PRELIMINARY_POINT_BUFFER_PROXY,1.516379787,PRELIMINARY_90M,0.254253829507362,0.632891899583131,0.632891899583131,0.388520481,0.2527299645,0.38209904364762326
727,ST016__ST038,16,ST016,물왕호수,38,ST038,능곡도서관,4155.0,4.155,2.1086022039793035,0.113688603,0.097131004,0.022219908,0.0,PRELIMINARY_POINT_BUFFER_PROXY,4.589248558,PRELIMINARY_90M,0.1763058514023847,0.47424782071877947,0.47424782071877947,0.113688603,0.7648747596666667,0.3822792586969577
652,ST014__ST042,14,ST014,시흥대야역,42,ST042,시흥시청역,11367.0,11.367,2.21228926525037,0.133495106,0.112762105,0.020733001,0.0,PRELIMINARY_POINT_BUFFER_PROXY,2.772317631,PRELIMINARY_90M,0.4823269826452243,0.45202045487791476,0.45202045487791476,0.133495106,0.4620529385,0.3824738705057848
246,ST005__ST041,5,ST005,배곧중·고등학교,41,ST041,연꽃테마파크,13540.0,13.54,2.228119371452335,0.090392438,0.070002504,0.040956882,0.0,PRELIMINARY_POINT_BUFFER_PROXY,2.497546821,PRELIMINARY_90M,0.5745321848347266,0.4488089878901681,0.4488089878901681,0.090392438,0.41625780349999997,0.3824978535562237
280,ST006__ST026,6,ST006,시흥시청 본청,26,ST026,은계파크자이,8185.0,8.185,2.072721435633473,0.272237775,0.215585507,0.056652267,0.0,PRELIMINARY_POINT_BUFFER_PROXY,2.570916267,PRELIMINARY_90M,0.3473076759876098,0.4824574990195806,0.4824574990195806,0.272237775,0.4284860445,0.3826222486267976
691,ST015__ST041,15,ST015,목감택지개발예정지구,41,ST041,연꽃테마파크,6996.0,6.996,2.103008519775055,0.288308607,0.265820206,0.077886748,0.0,PRELIMINARY_POINT_BUFFER_PROXY,2.821094596,PRELIMINARY_90M,0.2968557729027878,0.4755092481065951,0.4755092481065951,0.288308607,0.47018243266666665,0.3827140151690124
1186,ST031__ST032,31,ST031,마전저수지,32,ST032,희망공원,9257.0,9.257,2.7121760397838504,0.097324098,0.097324098,0.0,0.0,PRELIMINARY_POINT_BUFFER_PROXY,4.045858042,PRELIMINARY_90M,0.3927950099715704,0.36870763008425367,0.36870763008425367,0.097324098,0.6743096736666666,0.38328410293062265
14,ST001__ST015,1,ST001,월곶역,15,ST015,목감택지개발예정지구,11985.0,11.985,2.1415444016209766,0.073988583,0.073988583,0.0,0.0,PRELIMINARY_POINT_BUFFER_PROXY,2.910643961,PRELIMINARY_90M,0.5085500912292612,0.46695272778051233,0.46695272778051233,0.073988583,0.4851073268333333,0.3836496822107767
660,ST014__ST050,14,ST014,시흥대야역,50,ST050,시흥한라3차아파트,13136.0,13.136,3.4488328736725,0.271787486,0.229524329,0.096009786,0.0,PRELIMINARY_POINT_BUFFER_PROXY,2.497253447,PRELIMINARY_90M,0.5573895701616668,0.28995316288989875,0.28995316288989875,0.271787486,0.4162089078333333,0.3838347817212247
1328,ST037__ST051,37,ST037,군자동행정복지센터,51,ST051,연성중학교,7679.0,7.679,2.8767553676910294,0.324964174,0.313330244,0.022453124,0.0,PRELIMINARY_POINT_BUFFER_PROXY,3.223326426,PRELIMINARY_90M,0.3258369754317478,0.34761384691623265,0.34761384691623265,0.324964174,0.5372210709999999,0.3839090168369951
112,ST003__ST008,3,ST003,배곧한울공원,8,ST008,시흥능곡역,17663.0,17.663,2.541167474348073,0.065282645,0.065282645,0.0,0.0,PRELIMINARY_POINT_BUFFER_PROXY,1.969392408,PRELIMINARY_90M,0.7494802053719184,0.3935199116526337,0.3935199116526337,0.065282645,0.328232068,0.384128707506138
420,ST009__ST025,9,ST009,능곡중앙공원,25,ST025,목감동행정복지센터,6963.0,6.963,2.1349319188717595,0.217188943,0.140523126,0.151111218,0.0,PRELIMINARY_POINT_BUFFER_PROXY,3.335237025,PRELIMINARY_90M,0.2954555098230577,0.4683990113035861,0.4683990113035861,0.217188943,0.5558728375,0.38422907540666096
1405,ST042__ST053,42,ST042,시흥시청역,53,ST053,오이도 빨강등대,15123.0,15.123,3.033801750115951,0.23873895,0.206981095,0.031757855,0.0,PRELIMINARY_POINT_BUFFER_PROXY,1.963127175,PRELIMINARY_90M,0.6417023804472355,0.32961942881131906,0.32961942881131906,0.23873895,0.3271878625,0.38431215543963865
875,ST020__ST040,20,ST020,시화공업단지[왼쪽부근],40,ST040,갯골생태공원,8138.0,8.138,2.782118021093496,0.193860177,0.193860177,0.0,0.0,PRELIMINARY_POINT_BUFFER_PROXY,3.838501385,PRELIMINARY_90M,0.3453133619043578,0.3594383819874599,0.3594383819874599,0.193860177,0.6397502308333333,0.3845905379312877
118,ST003__ST014,3,ST003,배곧한울공원,14,ST014,시흥대야역,15314.0,15.314,3.6310426685404513,0.244608723,0.211288141,0.081892767,0.0,PRELIMINARY_POINT_BUFFER_PROXY,2.214411433,PRELIMINARY_90M,0.6498069334238554,0.27540298787013817,0.27540298787013817,0.244608723,0.36906857216666666,0.38472180411516504
288,ST006__ST034,6,ST006,시흥시청 본청,34,ST034,군자디지털과학고등학교,7330.0,7.33,2.8428862563521475,0.34315285,0.34315285,0.0,0.0,PRELIMINARY_POINT_BUFFER_PROXY,3.198812236,PRELIMINARY_90M,0.3110281325582382,0.351755191670296,0.351755191670296,0.34315285,0.5331353726666667,0.38476788672380025
1374,ST040__ST049,40,ST040,갯골생태공원,49,ST049,거북섬 웨이브파크 정문,13396.0,13.396,2.9896673562011338,0.123835737,0.123835737,0.0,0.0,PRELIMINARY_POINT_BUFFER_PROXY,3.074314468,PRELIMINARY_90M,0.5684219459413586,0.3344853727374758,0.3344853727374758,0.123835737,0.5123857446666666,0.38478220008637526
525,ST011__ST041,11,ST011,배곧생명공원,41,ST041,연꽃테마파크,13893.0,13.893,2.693678285247049,0.175304642,0.155425145,0.039931577,0.0,PRELIMINARY_POINT_BUFFER_PROXY,2.426775004,PRELIMINARY_90M,0.5895107565663852,0.3712395817558761,0.3712395817558761,0.175304642,0.40446250066666667,0.385129370247232
1370,ST040__ST045,40,ST040,갯골생태공원,45,ST045,시흥중앙도서관,6568.0,6.568,2.8673395654775087,0.115483078,0.115483078,0.0,0.0,PRELIMINARY_POINT_BUFFER_PROXY,4.790890566,PRELIMINARY_90M,0.2786947850808334,0.34875534521265056,0.34875534521265056,0.115483078,0.798481761,0.385353742323371
456,ST010__ST016,10,ST010,은계호수공원,16,ST016,물왕호수,10580.0,10.58,2.2218545891823154,0.101231567,0.101231567,0.0,0.0,PRELIMINARY_POINT_BUFFER_PROXY,3.247297419,PRELIMINARY_90M,0.4489328298043875,0.45007445800853196,0.45007445800853196,0.101231567,0.5412162365000001,0.38536377282822987
1375,ST040__ST050,40,ST040,갯골생태공원,50,ST050,시흥한라3차아파트,7453.0,7.453,2.814398435293779,0.175759269,0.175759269,0.0,0.0,PRELIMINARY_POINT_BUFFER_PROXY,4.166060365,PRELIMINARY_90M,0.31624729494632325,0.3553157177248131,0.3553157177248131,0.175759269,0.6943433941666667,0.3854164189594508
266,ST006__ST012,6,ST006,시흥시청 본청,12,ST012,신천역,8139.0,8.139,2.0551620969642515,0.276145236,0.219171283,0.056973953,0.0,PRELIMINARY_POINT_BUFFER_PROXY,2.606587388,PRELIMINARY_90M,0.34535579411889505,0.48657962380540853,0.48657962380540853,0.276145236,0.43443123133333333,0.38562797131440923
718,ST016__ST029,16,ST016,물왕호수,29,ST029,관곡공원,5128.0,5.128,2.2882225092974817,0.0,0.0,0.0,0.0,PRELIMINARY_POINT_BUFFER_PROXY,5.333892509,PRELIMINARY_90M,0.21759239614715492,0.4370204365776538,0.4370204365776538,0.0,0.8889820848333333,0.3858987293895355
1115,ST028__ST036,28,ST028,매화산업단지,36,ST036,시흥시립군자도서관,12515.0,12.515,2.486676222515408,0.194501238,0.194501238,0.0,0.0,PRELIMINARY_POINT_BUFFER_PROXY,2.497826405,PRELIMINARY_90M,0.5310391649340179,0.40214322674805075,0.40214322674805075,0.194501238,0.41630440083333337,0.38599700762885053
743,ST016__ST054,16,ST016,물왕호수,54,ST054,시흥 프리미엄 아울렛,9912.0,9.912,2.2094413725506494,0.127027984,0.127027984,0.0,0.0,PRELIMINARY_POINT_BUFFER_PROXY,3.266966244,PRELIMINARY_90M,0.42058811049348666,0.45260309344418953,0.45260309344418953,0.127027984,0.544494374,0.38617839048441904
173,ST004__ST018,4,ST004,배곧중심상가,18,ST018,정왕역,3686.0,3.686,2.1980134107601605,0.817515658,0.817515658,0.0,0.0,PRELIMINARY_POINT_BUFFER_PROXY,0.699753268,PRELIMINARY_90M,0.15640514278440193,0.4549562778391603,0.4549562778391603,0.817515658,0.11662554466666668,0.38637565582255723
633,ST014__ST023,14,ST014,시흥대야역,23,ST023,오이도역,12867.0,12.867,3.235786952873912,0.277623187,0.234475072,0.098020156,0.0,PRELIMINARY_POINT_BUFFER_PROXY,2.477251866,PRELIMINARY_90M,0.5459753044511393,0.3090438321694311,0.3090438321694311,0.277623187,0.412875311,0.38637940865514264
192,ST004__ST037,4,ST004,배곧중심상가,37,ST037,군자동행정복지센터,6728.0,6.728,1.605286670742663,0.299894033,0.299894033,0.0,0.0,PRELIMINARY_POINT_BUFFER_PROXY,2.024060564,PRELIMINARY_90M,0.2854839394067976,0.6229416952284069,0.6229416952284069,0.299894033,0.33734342733333333,0.3864157737421345
831,ST019__ST031,19,ST019,시화병원,31,ST031,마전저수지,4577.0,4.577,3.0,0.245904155,0.245904155,0.0,0.0,PRELIMINARY_POINT_BUFFER_PROXY,4.635043529,PRELIMINARY_90M,0.19421224593711545,0.3333333333333333,0.3333333333333333,0.245904155,0.7725072548333333,0.38648924727594547
656,ST014__ST046,14,ST014,시흥대야역,46,ST046,배곧1동행정복지센터,11686.0,11.686,3.1090523763986275,0.287377872,0.239866378,0.107932503,0.0,PRELIMINARY_POINT_BUFFER_PROXY,2.647340084,PRELIMINARY_90M,0.4958628590826155,0.32164141318145,0.32164141318145,0.287377872,0.44122334733333335,0.3865263728993497
221,ST005__ST016,5,ST005,배곧중·고등학교,16,ST016,물왕호수,12509.0,12.509,2.561648151954952,0.178773501,0.178773501,0.0,0.0,PRELIMINARY_POINT_BUFFER_PROXY,2.67829595,PRELIMINARY_90M,0.5307845716467943,0.3903736737759392,0.3903736737759392,0.178773501,0.4463826583333333,0.38657860118901666
500,ST011__ST016,11,ST011,배곧생명공원,16,ST016,물왕호수,12955.0,12.955,2.7066988639453453,0.189587973,0.189587973,0.0,0.0,PRELIMINARY_POINT_BUFFER_PROXY,2.626407838,PRELIMINARY_90M,0.5497093393304197,0.36945373322482483,0.36945373322482483,0.189587973,0.43773463966666665,0.3866214213054778
1130,ST028__ST051,28,ST028,매화산업단지,51,ST051,연성중학교,6968.0,6.968,1.7909129329233158,0.266511086,0.253684669,0.024754587,0.0,PRELIMINARY_POINT_BUFFER_PROXY,2.561025172,PRELIMINARY_90M,0.29566767089574403,0.5583744366442734,0.5583744366442734,0.266511086,0.42683752866666663,0.386847680551671
541,ST012__ST014,12,ST012,신천역,14,ST014,시흥대야역,1380.0,1.38,1.9626229682490228,0.849065167,0.772905097,0.341400609,0.0,PRELIMINARY_POINT_BUFFER_PROXY,0.782071988,PRELIMINARY_90M,0.058556456061441844,0.5095222139849722,0.5095222139849722,0.849065167,0.13034533133333334,0.3868722920949369
993,ST024__ST028,24,ST024,목감고등학교,28,ST028,매화산업단지,7811.0,7.811,2.7351304155275447,0.323695592,0.319573933,0.070790226,0.0,PRELIMINARY_POINT_BUFFER_PROXY,3.168264669,PRELIMINARY_90M,0.33143802775066833,0.3656132791046904,0.3656132791046904,0.323695592,0.5280441115,0.3871977525888397
373,ST008__ST024,8,ST008,시흥능곡역,24,ST024,목감고등학교,7693.0,7.693,1.9795588103840667,0.07423355,0.07423355,0.0,0.0,PRELIMINARY_POINT_BUFFER_PROXY,3.860852365,PRELIMINARY_90M,0.32643102643526967,0.5051630670199607,0.5051630670199607,0.07423355,0.6434753941666667,0.38732575940547426
1037,ST025__ST042,25,ST025,목감동행정복지센터,42,ST042,시흥시청역,5715.0,5.715,2.220000001279592,0.043183038,0.037299924,0.043183038,0.0,PRELIMINARY_POINT_BUFFER_PROXY,4.879937643,PRELIMINARY_90M,0.24250010608053635,0.45045045019081403,0.45045045019081403,0.043183038,0.8133229405,0.3873641336928376
365,ST008__ST016,8,ST008,시흥능곡역,16,ST016,물왕호수,5244.0,5.244,1.760127283972371,0.0,0.0,0.0,0.0,PRELIMINARY_POINT_BUFFER_PROXY,4.553952786,PRELIMINARY_90M,0.222514533033479,0.5681407299948981,0.5681407299948981,0.0,0.758992131,0.38741184850709426
323,ST007__ST021,7,ST007,장현지구,21,ST021,오이도 포구 해양관광 단지,15300.0,15.3,2.9679364267457373,0.248002574,0.214248992,0.033753582,0.0,PRELIMINARY_POINT_BUFFER_PROXY,1.895151331,PRELIMINARY_90M,0.6492128824203335,0.3369344407071661,0.3369344407071661,0.248002574,0.31585855516666667,0.38750211307354154
929,ST022__ST027,22,ST022,오이도박물관,27,ST027,은행동행정복지센터,17272.0,17.272,3.643913404908578,0.191910863,0.184491966,0.032759357,0.0,PRELIMINARY_POINT_BUFFER_PROXY,2.113285205,PRELIMINARY_90M,0.7328892094878432,0.27443023169895797,0.27443023169895797,0.191910863,0.3522142008333333,0.3878611262550336
214,ST005__ST009,5,ST005,배곧중·고등학교,9,ST009,능곡중앙공원,15323.0,15.323,2.6595788866979038,0.179827664,0.179827664,0.008890795,0.0,PRELIMINARY_POINT_BUFFER_PROXY,2.072729847,PRELIMINARY_90M,0.6501888233546909,0.37599937531523503,0.37599937531523503,0.179827664,0.3454549745,0.3878677092924815
804,ST018__ST040,18,ST018,정왕역,40,ST040,갯골생태공원,6347.0,6.347,2.694628026787754,0.131430314,0.131430314,0.0,0.0,PRELIMINARY_POINT_BUFFER_PROXY,4.680270411,PRELIMINARY_90M,0.2693172656680952,0.37110873562466895,0.37110873562466895,0.131430314,0.7800450685000001,0.38797534594819105
1088,ST027__ST036,27,ST027,은행동행정복지센터,36,ST036,시흥시립군자도서관,13470.0,13.47,2.667964812178662,0.203772416,0.203772416,0.0,0.0,PRELIMINARY_POINT_BUFFER_PROXY,2.412059044,PRELIMINARY_90M,0.5715619298171172,0.37481753711114324,0.37481753711114324,0.203772416,0.4020098406666666,0.38804043089873175
236,ST005__ST031,5,ST005,배곧중·고등학교,31,ST031,마전저수지,4886.0,4.886,2.447063154558197,0.250376445,0.250376445,0.0,0.0,PRELIMINARY_POINT_BUFFER_PROXY,4.115145494,PRELIMINARY_90M,0.20732380022913396,0.40865312288212857,0.40865312288212857,0.250376445,0.6858575823333334,0.388052737611149
1392,ST041__ST053,41,ST041,연꽃테마파크,53,ST053,오이도 빨강등대,17237.0,17.237,2.953097162853168,0.128353504,0.100485767,0.027867737,0.0,PRELIMINARY_POINT_BUFFER_PROXY,2.125359037,PRELIMINARY_90M,0.7314040819790385,0.33862753064103,0.33862753064103,0.128353504,0.3542265061666667,0.38815290569668387
1172,ST030__ST042,30,ST030,장곡도서관,42,ST042,시흥시청역,4189.0,4.189,1.8876809717400926,0.39848213,0.39848213,0.0,0.0,PRELIMINARY_POINT_BUFFER_PROXY,2.682185425,PRELIMINARY_90M,0.1777485466966521,0.5297505325161936,0.5297505325161936,0.39848213,0.4470309041666667,0.38825302834487807
1383,ST041__ST044,41,ST041,연꽃테마파크,44,ST044,경기과학기술대학교,11171.0,11.171,2.7373924956567253,0.118220531,0.118220531,0.0,0.0,PRELIMINARY_POINT_BUFFER_PROXY,3.574596517,PRELIMINARY_90M,0.474010268595918,0.3653111497845657,0.3653111497845657,0.118220531,0.5957660861666666,0.38832700888678756
62,ST002__ST010,2,ST002,월곶포구,10,ST010,은계호수공원,11014.0,11.014,3.1061839442020633,0.327183083,0.294943155,0.099765924,0.0,PRELIMINARY_POINT_BUFFER_PROXY,2.622043931,PRELIMINARY_90M,0.4673484109135656,0.32193843570229597,0.32193843570229597,0.327183083,0.4370073218333333,0.3883693128622987
971,ST023__ST037,23,ST023,오이도역,37,ST037,군자동행정복지센터,6462.0,6.462,1.6240566097265439,0.330054651,0.330054651,0.0,0.0,PRELIMINARY_POINT_BUFFER_PROXY,2.003670039,PRELIMINARY_90M,0.27419697033988205,0.6157420831336529,0.6157420831336529,0.330054651,0.33394500650000003,0.38848467774338374
422,ST009__ST027,9,ST009,능곡중앙공원,27,ST027,은행동행정복지센터,9105.0,9.105,2.1150789574271274,0.294373865,0.20908945,0.112981425,0.0,PRELIMINARY_POINT_BUFFER_PROXY,2.406833091,PRELIMINARY_90M,0.38634531336190436,0.4727955883105389,0.4727955883105389,0.294373865,0.40113884850000003,0.3886634037931108
922,ST021__ST053,21,ST021,오이도 포구 해양관광 단지,53,ST053,오이도 빨강등대,374.0,0.374,1.497751290766831,0.499042777,0.014898499,0.484144278,0.0,PRELIMINARY_POINT_BUFFER_PROXY,2.232582635,PRELIMINARY_90M,0.015869648236941487,0.6676675935214931,0.6676675935214931,0.499042777,0.37209710583333333,0.38866928114794197
1031,ST025__ST036,25,ST025,목감동행정복지센터,36,ST036,시흥시립군자도서관,10066.0,10.066,2.757315604469281,0.152974892,0.149634962,0.024515644,0.0,PRELIMINARY_POINT_BUFFER_PROXY,3.675575768,PRELIMINARY_90M,0.42712267153222727,0.36267157752239854,0.36267157752239854,0.152974892,0.6125959613333333,0.3888412755969898
624,ST013__ST055,13,ST013,삼미시장,55,ST055,해양생태과학관,17505.0,17.505,3.324354558844486,0.18493192,0.18493192,0.0,0.0,PRELIMINARY_POINT_BUFFER_PROXY,1.966906423,PRELIMINARY_90M,0.7427759154750286,0.30081027227961826,0.30081027227961826,0.18493192,0.3278177371666667,0.38908396123032835
1061,ST026__ST037,26,ST026,은계파크자이,37,ST037,군자동행정복지센터,13730.0,13.73,2.588003884782979,0.200911641,0.200911641,0.0,0.0,PRELIMINARY_POINT_BUFFER_PROXY,2.325990331,PRELIMINARY_90M,0.5825943055968091,0.38639818351117217,0.38639818351117217,0.200911641,0.38766505516666666,0.389392296318662
657,ST014__ST047,14,ST014,시흥대야역,47,ST047,배곧2동행정복지센터,14112.0,14.112,2.9745625331405816,0.22326244,0.183919511,0.089375866,0.0,PRELIMINARY_POINT_BUFFER_PROXY,2.397729002,PRELIMINARY_90M,0.5988034115500488,0.33618388884371075,0.33618388884371075,0.22326244,0.3996215003333334,0.38946781018177323
639,ST014__ST029,14,ST014,시흥대야역,29,ST029,관곡공원,10006.0,10.006,1.913024436768272,0.165812791,0.128079875,0.037732916,0.0,PRELIMINARY_POINT_BUFFER_PROXY,2.668668746,PRELIMINARY_90M,0.4245767386599907,0.5227324757488875,0.5227324757488875,0.165812791,0.4447781243333333,0.38947503243555287
1369,ST040__ST044,40,ST040,갯골생태공원,44,ST044,경기과학기술대학교,7776.0,7.776,2.85585812190269,0.169872357,0.169872357,0.0,0.0,PRELIMINARY_POINT_BUFFER_PROXY,4.250139429,PRELIMINARY_90M,0.32995290024186363,0.35015745086585703,0.35015745086585703,0.169872357,0.7083565715,0.38958481990193017
477,ST010__ST037,10,ST010,은계호수공원,37,ST037,군자동행정복지센터,13634.0,13.634,2.643526031926503,0.209161055,0.209161055,0.0,0.0,PRELIMINARY_POINT_BUFFER_PROXY,2.35598137,PRELIMINARY_90M,0.5785208130012305,0.3782826376297257,0.3782826376297257,0.209161055,0.39266356166666666,0.38965701682440573
762,ST017__ST035,17,ST017,장곡동,35,ST035,산들공원,4443.0,4.443,1.9603175955328784,0.196620513,0.196620513,0.0,0.0,PRELIMINARY_POINT_BUFFER_PROXY,3.98214452,PRELIMINARY_90M,0.18852632918912038,0.5101214223035974,0.5101214223035974,0.196620513,0.6636907533333333,0.38973975445651277
754,ST017__ST027,17,ST017,장곡동,27,ST027,은행동행정복지센터,8041.0,8.041,2.0018165708542117,0.367749391,0.310051367,0.057698024,0.0,PRELIMINARY_POINT_BUFFER_PROXY,2.105160326,PRELIMINARY_90M,0.34119743709424194,0.49954626940333585,0.49954626940333585,0.367749391,0.35086005433333334,0.3898382879577278
739,ST016__ST050,16,ST016,물왕호수,50,ST050,시흥한라3차아파트,12963.0,12.963,2.7499691619669635,0.185581174,0.185581174,0.0,0.0,PRELIMINARY_POINT_BUFFER_PROXY,2.760972907,PRELIMINARY_90M,0.5500487970467178,0.363640441438526,0.363640441438526,0.185581174,0.4601621511666667,0.3898581409129776
1480,ST052__ST053,52,ST052,가온그린공원,53,ST053,오이도 빨강등대,15575.0,15.575,2.971089781201021,0.249925642,0.219088685,0.030836957,0.0,PRELIMINARY_POINT_BUFFER_PROXY,1.877284997,PRELIMINARY_90M,0.6608817414180846,0.33657683666353705,0.33657683666353705,0.249925642,0.31288083283333334,0.3900662632287387
582,ST012__ST055,12,ST012,신천역,55,ST055,해양생태과학관,17962.0,17.962,3.4397378487909367,0.167592975,0.153369349,0.034115659,0.0,PRELIMINARY_POINT_BUFFER_PROXY,2.043434806,PRELIMINARY_90M,0.7621674375185641,0.2907198292310266,0.2907198292310266,0.167592975,0.34057246766666666,0.39026317735406435
1365,ST039__ST055,39,ST039,능곡힐스테이트,55,ST055,해양생태과학관,17845.0,17.845,2.950832604623814,0.19406042,0.185423872,0.030863202,0.0,PRELIMINARY_POINT_BUFFER_PROXY,1.625702844,PRELIMINARY_90M,0.7572028684177027,0.3388874036544966,0.3388874036544966,0.19406042,0.270950474,0.3902752915180498
815,ST018__ST051,18,ST018,정왕역,51,ST051,연성중학교,10045.0,10.045,2.7529826885050053,0.121464619,0.112567767,0.017170649,0.0,PRELIMINARY_POINT_BUFFER_PROXY,3.901208106,PRELIMINARY_90M,0.42623159502694447,0.36324238585860685,0.36324238585860685,0.121464619,0.650201351,0.3902849877213878
429,ST009__ST034,9,ST009,능곡중앙공원,34,ST034,군자디지털과학고등학교,5438.0,5.438,3.0482330688038717,0.45363226,0.45363226,0.060550946,0.0,PRELIMINARY_POINT_BUFFER_PROXY,3.293272439,PRELIMINARY_90M,0.2307463826537107,0.328058904102238,0.328058904102238,0.45363226,0.5488787398333334,0.39032907164732056
1361,ST039__ST051,39,ST039,능곡힐스테이트,51,ST051,연성중학교,3723.0,3.723,2.3660104994858293,0.437314546,0.37191324,0.194272542,0.0,PRELIMINARY_POINT_BUFFER_PROXY,3.261333916,PRELIMINARY_90M,0.15797513472228117,0.422652393223663,0.422652393223663,0.437314546,0.5435556526666666,0.39037443165315266
1209,ST031__ST055,31,ST031,마전저수지,55,ST055,해양생태과학관,12696.0,12.696,3.0269755240122755,0.115525199,0.115525199,0.0,0.0,PRELIMINARY_POINT_BUFFER_PROXY,3.473542225,PRELIMINARY_90M,0.538719395765265,0.3303627637776514,0.3303627637776514,0.115525199,0.5789237041666667,0.39088276567739577
355,ST007__ST053,7,ST007,장현지구,53,ST053,오이도 빨강등대,15665.0,15.665,2.945345350009207,0.240264807,0.209603868,0.030660938,0.0,PRELIMINARY_POINT_BUFFER_PROXY,1.915488197,PRELIMINARY_90M,0.6647006407264395,0.33951875965814127,0.33951875965814127,0.240264807,0.3192480328333333,0.39093306005447853
80,ST002__ST028,2,ST002,월곶포구,28,ST028,매화산업단지,11156.0,11.156,2.341194297693575,0.254709718,0.239656255,0.036980757,0.0,PRELIMINARY_POINT_BUFFER_PROXY,2.454896454,PRELIMINARY_90M,0.47337378537785885,0.4271324259524931,0.4271324259524931,0.254709718,0.409149409,0.391091334582588
450,ST009__ST055,9,ST009,능곡중앙공원,55,ST055,해양생태과학관,17878.0,17.878,2.9490926921153138,0.194494697,0.177000778,0.031596111,0.0,PRELIMINARY_POINT_BUFFER_PROXY,1.635614727,PRELIMINARY_90M,0.7586031314974329,0.3390873412265397,0.3390873412265397,0.194494697,0.27260245450000004,0.39119690605599317
678,ST015__ST028,15,ST015,목감택지개발예정지구,28,ST028,매화산업단지,8580.0,8.58,2.740609436528789,0.333729237,0.32605623,0.097512107,0.0,PRELIMINARY_POINT_BUFFER_PROXY,3.018923639,PRELIMINARY_90M,0.3640684007298341,0.36488234575539646,0.36488234575539646,0.333729237,0.5031539398333333,0.39145848082964096
1166,ST030__ST036,30,ST030,장곡도서관,36,ST036,시흥시립군자도서관,9544.0,9.544,2.63125439413521,0.31159704,0.31159704,0.0,0.0,PRELIMINARY_POINT_BUFFER_PROXY,2.817081425,PRELIMINARY_90M,0.40497305554376883,0.3800468712675198,0.3800468712675198,0.31159704,0.46951357083333334,0.3915326344111555
376,ST008__ST027,8,ST008,시흥능곡역,27,ST027,은행동행정복지센터,8933.0,8.933,1.9781235549054759,0.197632505,0.145725353,0.051907151,0.0,PRELIMINARY_POINT_BUFFER_PROXY,2.905223139,PRELIMINARY_90M,0.37904697246149277,0.5055295952167077,0.5055295952167077,0.197632505,0.4842038565,0.39160323229455013
1241,ST033__ST042,33,ST033,타원산업단지,42,ST042,시흥시청역,11609.0,11.609,2.600928175113378,0.168488667,0.168488667,0.0,0.0,PRELIMINARY_POINT_BUFFER_PROXY,3.125900871,PRELIMINARY_90M,0.4925955785632452,0.3844781296032554,0.3844781296032554,0.168488667,0.5209834784999999,0.39163646341662517
911,ST021__ST042,21,ST021,오이도 포구 해양관광 단지,42,ST042,시흥시청역,17962.0,17.962,2.4997745797688236,0.090906554,0.087234074,0.015023594,0.0,PRELIMINARY_POINT_BUFFER_PROXY,1.882328561,PRELIMINARY_90M,0.7621674375185641,0.40003607048939543,0.40003607048939543,0.090906554,0.3137214268333333,0.3917078722103232
242,ST005__ST037,5,ST005,배곧중·고등학교,37,ST037,군자동행정복지센터,7617.0,7.617,1.7551334745706244,0.360088489,0.360088489,0.0,0.0,PRELIMINARY_POINT_BUFFER_PROXY,1.88490725,PRELIMINARY_90M,0.3232061781304366,0.5697572375483522,0.5697572375483522,0.360088489,0.3141512083333333,0.39180077825303056
421,ST009__ST026,9,ST009,능곡중앙공원,26,ST026,은계파크자이,9276.0,9.276,2.0945292813519925,0.310445008,0.226732291,0.110899302,0.0,PRELIMINARY_POINT_BUFFER_PROXY,2.318711925,PRELIMINARY_90M,0.3936012220477787,0.47743424210069413,0.47743424210069413,0.310445008,0.38645198750000004,0.39198311491211824
965,ST023__ST031,23,ST023,오이도역,31,ST031,마전저수지,3731.0,3.731,2.433467062881194,0.164525975,0.164525975,0.0,0.0,PRELIMINARY_POINT_BUFFER_PROXY,5.004986189,PRELIMINARY_90M,0.15831459243857937,0.41093632013905823,0.41093632013905823,0.164525975,0.8341643648333333,0.39198531310274276
1318,ST037__ST041,37,ST037,군자동행정복지센터,41,ST041,연꽃테마파크,9274.0,9.274,2.595027395153209,0.3161322,0.299166025,0.058760965,0.0,PRELIMINARY_POINT_BUFFER_PROXY,2.841179654,PRELIMINARY_90M,0.3935163576187041,0.3853523865943468,0.3853523865943468,0.3161322,0.4735299423333333,0.392132721636596
36,ST001__ST037,1,ST001,월곶역,37,ST037,군자동행정복지센터,9175.0,9.175,1.8486750899454882,0.250028188,0.250028188,0.0,0.0,PRELIMINARY_POINT_BUFFER_PROXY,2.330406287,PRELIMINARY_90M,0.38931556837951375,0.5409279356003477,0.5409279356003477,0.250028188,0.38840104783333335,0.3921681849532987
1373,ST040__ST048,40,ST040,갯골생태공원,48,ST048,정왕평생학습관 사거리,6381.0,6.381,2.8557744448420976,0.140235273,0.140235273,0.0,0.0,PRELIMINARY_POINT_BUFFER_PROXY,4.850626954,PRELIMINARY_90M,0.2707599609623626,0.35016771083099046,0.35016771083099046,0.140235273,0.8084378256666667,0.3924001926150049
524,ST011__ST040,11,ST011,배곧생명공원,40,ST040,갯골생태공원,7639.0,7.639,2.6175084770048334,0.233609627,0.233609627,0.0,0.0,PRELIMINARY_POINT_BUFFER_PROXY,3.781989937,PRELIMINARY_90M,0.32413968685025674,0.38204269777352606,0.38204269777352606,0.233609627,0.6303316561666666,0.39253091694761233
165,ST004__ST010,4,ST004,배곧중심상가,10,ST010,은계호수공원,12984.0,12.984,2.4124416889839826,0.123102479,0.123102479,0.0,0.0,PRELIMINARY_POINT_BUFFER_PROXY,2.891117944,PRELIMINARY_90M,0.5509398735520007,0.4145177910688309,0.4145177910688309,0.123102479,0.48185299066666665,0.3926032835718746
1479,ST051__ST055,51,ST051,연성중학교,55,ST055,해양생태과학관,17601.0,17.601,2.9610168593181454,0.139411868,0.134336013,0.009796192,0.0,PRELIMINARY_POINT_BUFFER_PROXY,2.078751164,PRELIMINARY_90M,0.7468494080706072,0.33772181906126575,0.33772181906126575,0.139411868,0.3464585273333333,0.39261040561630156
1336,ST038__ST042,38,ST038,능곡도서관,42,ST042,시흥시청역,2385.0,2.385,2.0034464376205396,0.356010791,0.356010791,0.0,0.0,PRELIMINARY_POINT_BUFFER_PROXY,3.686968854,PRELIMINARY_90M,0.10120083167140494,0.4991398727822659,0.4991398727822659,0.356010791,0.614494809,0.39271157611341767
726,ST016__ST037,16,ST016,물왕호수,37,ST037,군자동행정복지센터,8423.0,8.423,2.7086537373101662,0.210058427,0.210058427,0.0,0.0,PRELIMINARY_POINT_BUFFER_PROXY,3.808674234,PRELIMINARY_90M,0.35740654304748165,0.3691870932875503,0.3691870932875503,0.210058427,0.634779039,0.392857775583758
475,ST010__ST035,10,ST010,은계호수공원,35,ST035,산들공원,12895.0,12.895,2.256979911424926,0.164014244,0.164014244,0.0,0.0,PRELIMINARY_POINT_BUFFER_PROXY,2.504960698,PRELIMINARY_90M,0.5471634064581831,0.4430699604094651,0.4430699604094651,0.164014244,0.4174934496666667,0.39293526513357874
753,ST017__ST026,17,ST017,장곡동,26,ST026,은계파크자이,8212.0,8.212,1.9809502394753047,0.384384831,0.32788857,0.056496261,0.0,PRELIMINARY_POINT_BUFFER_PROXY,2.011675991,PRELIMINARY_90M,0.3484533457801163,0.5048082380226121,0.5048082380226121,0.384384831,0.33527933183333336,0.39323143665901544
455,ST010__ST015,10,ST010,은계호수공원,15,ST015,목감택지개발예정지구,12143.0,12.143,2.234310052801355,0.088177732,0.088177732,0.0,0.0,PRELIMINARY_POINT_BUFFER_PROXY,3.131597958,PRELIMINARY_90M,0.515254381126151,0.4475654570618837,0.4475654570618837,0.088177732,0.521932993,0.3932326407970086
1059,ST026__ST035,26,ST026,은계파크자이,35,ST035,산들공원,12991.0,12.991,2.201134906444778,0.155626717,0.155626717,0.0,0.0,PRELIMINARY_POINT_BUFFER_PROXY,2.475261627,PRELIMINARY_90M,0.5512368990537616,0.4543110906433158,0.4543110906433158,0.155626717,0.4125436045,0.39342957779926935
233,ST005__ST028,5,ST005,배곧중·고등학교,28,ST028,매화산업단지,13923.0,13.923,2.7268441896054028,0.246558505,0.234494954,0.029635654,0.0,PRELIMINARY_POINT_BUFFER_PROXY,2.218132816,PRELIMINARY_90M,0.5907837230025035,0.3667242902296916,0.3667242902296916,0.246558505,0.36968880266666665,0.3934388302247155
410,ST009__ST015,9,ST009,능곡중앙공원,15,ST015,목감택지개발예정지구,5902.0,5.902,2.0201812566671036,0.180228914,0.180228914,0.099111033,0.0,PRELIMINARY_POINT_BUFFER_PROXY,3.891380857,PRELIMINARY_90M,0.2504349301990071,0.49500508763743345,0.49500508763743345,0.180228914,0.6485634761666667,0.3935581020007768
387,ST008__ST038,8,ST008,시흥능곡역,38,ST038,능곡도서관,1312.0,1.312,1.7792547011816842,0.151985076,0.099637532,0.070249169,0.0,PRELIMINARY_POINT_BUFFER_PROXY,4.827909169,PRELIMINARY_90M,0.05567106547290703,0.5620330801069989,0.5620330801069989,0.151985076,0.8046515281666666,0.39358518743664317
1470,ST049__ST055,49,ST049,거북섬 웨이브파크 정문,55,ST055,해양생태과학관,676.0,0.676,1.555560248126299,0.855999995,0.855999995,0.0,0.0,PRELIMINARY_POINT_BUFFER_PROXY,0.286663062,PRELIMINARY_90M,0.02868417702719905,0.6428552035863082,0.6428552035863082,0.855999995,0.047777177000000004,0.39382913815337683
446,ST009__ST051,9,ST009,능곡중앙공원,51,ST051,연성중학교,3757.0,3.757,2.362689895391398,0.44241947,0.386984181,0.201582447,0.0,PRELIMINARY_POINT_BUFFER_PROXY,3.307538535,PRELIMINARY_90M,0.15941783001654855,0.4232464031570856,0.4232464031570856,0.44241947,0.5512564225,0.39408503141840856
896,ST021__ST027,21,ST021,오이도 포구 해양관광 단지,27,ST027,은행동행정복지센터,17316.0,17.316,3.4623701983215853,0.236594322,0.225383083,0.048267287,0.0,PRELIMINARY_POINT_BUFFER_PROXY,1.899105389,PRELIMINARY_90M,0.7347562269274833,0.28881949148151714,0.28881949148151714,0.236594322,0.3165175648333333,0.39417190131058344
994,ST024__ST029,24,ST024,목감고등학교,29,ST029,관곡공원,7813.0,7.813,2.2813845626388716,0.071294065,0.071294065,0.0,0.0,PRELIMINARY_POINT_BUFFER_PROXY,4.420422919,PRELIMINARY_90M,0.33152289217974285,0.4383303088731795,0.4383303088731795,0.071294065,0.7367371531666667,0.3944711048048972
1466,ST049__ST051,49,ST049,거북섬 웨이브파크 정문,51,ST051,연성중학교,18406.0,18.406,3.0346379274664024,0.114602293,0.109747243,0.009370096,0.0,PRELIMINARY_POINT_BUFFER_PROXY,2.117346825,PRELIMINARY_90M,0.781007340773115,0.3295286040384043,0.3295286040384043,0.114602293,0.35289113749999995,0.3945073438278798
407,ST009__ST012,9,ST009,능곡중앙공원,12,ST012,신천역,9230.0,9.23,2.079155224614918,0.314081779,0.229949921,0.111454562,0.0,PRELIMINARY_POINT_BUFFER_PROXY,2.348627829,PRELIMINARY_90M,0.39164934017906394,0.4809645706876988,0.4809645706876988,0.314081779,0.3914379715,0.3945334153416907
974,ST023__ST040,23,ST023,오이도역,40,ST040,갯골생태공원,6133.0,6.133,2.36628959089785,0.155771092,0.155771092,0.0,0.0,PRELIMINARY_POINT_BUFFER_PROXY,4.437415204,PRELIMINARY_90M,0.260236771757118,0.4226025435967735,0.4226025435967735,0.155771092,0.7395692006666666,0.3945449020051396
618,ST013__ST049,13,ST013,삼미시장,49,ST049,거북섬 웨이브파크 정문,17960.0,17.96,3.3115858907667177,0.190939484,0.190939484,0.0,0.0,PRELIMINARY_POINT_BUFFER_PROXY,1.939830641,PRELIMINARY_90M,0.7620825730894896,0.3019701233744761,0.3019701233744761,0.190939484,0.3233051068333333,0.3945743218243247
1093,ST027__ST041,27,ST027,은행동행정복지센터,41,ST041,연꽃테마파크,9582.0,9.582,2.060403762062063,0.266140016,0.237311069,0.057908169,0.0,PRELIMINARY_POINT_BUFFER_PROXY,2.52212901,PRELIMINARY_90M,0.40658547969618536,0.4853417657319722,0.4853417657319722,0.266140016,0.420354835,0.39460552410703936
834,ST019__ST034,19,ST019,시화병원,34,ST034,군자디지털과학고등학교,5847.0,5.847,1.7201054013795372,0.425263441,0.425263441,0.0,0.0,PRELIMINARY_POINT_BUFFER_PROXY,1.944003641,PRELIMINARY_90M,0.24810115839945687,0.5813597231878888,0.5813597231878888,0.425263441,0.3240006068333333,0.3946812323551697
1203,ST031__ST049,31,ST031,마전저수지,49,ST049,거북섬 웨이브파크 정문,13151.0,13.151,3.019796020971755,0.126121661,0.126121661,0.0,0.0,PRELIMINARY_POINT_BUFFER_PROXY,3.384309795,PRELIMINARY_90M,0.5580260533797259,0.33114819446586496,0.33114819446586496,0.126121661,0.5640516325,0.3948368853363977
375,ST008__ST026,8,ST008,시흥능곡역,26,ST026,은계파크자이,9104.0,9.104,1.959757043038742,0.215824011,0.164891535,0.050932476,0.0,PRELIMINARY_POINT_BUFFER_PROXY,2.802888396,PRELIMINARY_90M,0.3863028811473671,0.5102673331636197,0.5102673331636197,0.215824011,0.46714806600000003,0.3948855728277467
68,ST002__ST016,2,ST002,월곶포구,16,ST016,물왕호수,9742.0,9.742,2.0729562158950396,0.168865377,0.168865377,0.0,0.0,PRELIMINARY_POINT_BUFFER_PROXY,3.091160952,PRELIMINARY_90M,0.41337463402214963,0.48240285652547193,0.48240285652547193,0.168865377,0.515193492,0.3949590898869054
215,ST005__ST010,5,ST005,배곧중·고등학교,10,ST010,은계호수공원,13781.0,13.781,3.3423948360700164,0.304395781,0.278627914,0.079738239,0.0,PRELIMINARY_POINT_BUFFER_PROXY,2.354961787,PRELIMINARY_90M,0.5847583485382102,0.2991866757357125,0.2991866757357125,0.304395781,0.3924936311666667,0.3952086091101473
388,ST008__ST039,8,ST008,시흥능곡역,39,ST039,능곡힐스테이트,1410.0,1.41,1.7943819357778974,0.196901186,0.0,0.196901186,0.0,PRELIMINARY_POINT_BUFFER_PROXY,4.602752376,PRELIMINARY_90M,0.059829422497560146,0.5572949549152041,0.5572949549152041,0.196901186,0.767125396,0.39528773985319104
740,ST016__ST051,16,ST016,물왕호수,51,ST051,연성중학교,2736.0,2.736,1.9961566566608884,0.363459039,0.363459039,0.145100799,0.0,PRELIMINARY_POINT_BUFFER_PROXY,3.605438126,PRELIMINARY_90M,0.11609453897398905,0.500962685800808,0.500962685800808,0.363459039,0.6009063543333334,0.3953556545270326
840,ST019__ST040,19,ST019,시화병원,40,ST040,갯골생태공원,6979.0,6.979,2.7459329450731076,0.210195538,0.210195538,0.0,0.0,PRELIMINARY_POINT_BUFFER_PROXY,4.266869863,PRELIMINARY_90M,0.2961344252556541,0.364174952558201,0.364174952558201,0.210195538,0.7111449771666667,0.39541247324513046
576,ST012__ST049,12,ST012,신천역,49,ST049,거북섬 웨이브파크 정문,18417.0,18.417,3.424449187916159,0.173876466,0.160003045,0.033275685,0.0,PRELIMINARY_POINT_BUFFER_PROXY,2.014914802,PRELIMINARY_90M,0.781474095133025,0.29201776552231995,0.29201776552231995,0.173876466,0.33581913366666666,0.39579686508050294
806,ST018__ST042,18,ST018,정왕역,42,ST042,시흥시청역,8220.0,8.22,2.5343117151145504,0.167767218,0.167767218,0.0,0.0,PRELIMINARY_POINT_BUFFER_PROXY,4.032822649,PRELIMINARY_90M,0.3487928034964145,0.39458445227397776,0.39458445227397776,0.167767218,0.6721371081666666,0.39582039548426473
1359,ST039__ST049,39,ST039,능곡힐스테이트,49,ST049,거북섬 웨이브파크 정문,18300.0,18.3,2.9475605308287705,0.199728493,0.191305957,0.030098418,0.0,PRELIMINARY_POINT_BUFFER_PROXY,1.607506367,PRELIMINARY_90M,0.7765095260321636,0.33926360104938313,0.33926360104938313,0.199728493,0.26791772783333334,0.39585483697872004
701,ST015__ST051,15,ST015,목감택지개발예정지구,51,ST051,연성중학교,5797.0,5.797,2.122512321905777,0.32243609,0.32243609,0.068467983,0.0,PRELIMINARY_POINT_BUFFER_PROXY,3.264344745,PRELIMINARY_90M,0.24597954767259303,0.47113978546994373,0.47113978546994373,0.32243609,0.5440574575,0.3959032201606342
792,ST018__ST028,18,ST018,정왕역,28,ST028,매화산업단지,11947.0,11.947,2.461849334359547,0.135715444,0.135715444,0.0,0.0,PRELIMINARY_POINT_BUFFER_PROXY,3.213272967,PRELIMINARY_90M,0.5069376670768447,0.4061987003197948,0.4061987003197948,0.135715444,0.5355454945,0.39609932647415985
1323,ST037__ST046,37,ST037,군자동행정복지센터,46,ST046,배곧1동행정복지센터,7569.0,7.569,1.6557060363995468,0.346308864,0.346308864,0.0,0.0,PRELIMINARY_POINT_BUFFER_PROXY,1.879730058,PRELIMINARY_90M,0.32116943183264735,0.6039719479277691,0.6039719479277691,0.346308864,0.313288343,0.3961846466901041
1436,ST045__ST051,45,ST045,시흥중앙도서관,51,ST051,연성중학교,10640.0,10.64,2.7341112239100824,0.143213845,0.134815579,0.016208393,0.0,PRELIMINARY_POINT_BUFFER_PROXY,3.745919825,PRELIMINARY_90M,0.45147876267662407,0.36574956836243444,0.36574956836243444,0.143213845,0.6243199708333333,0.39619053671809795
1335,ST038__ST041,38,ST038,능곡도서관,41,ST041,연꽃테마파크,4469.0,4.469,2.0,0.386674846,0.351461406,0.121958882,0.0,PRELIMINARY_POINT_BUFFER_PROXY,3.056363434,PRELIMINARY_90M,0.18962956676708959,0.5,0.5,0.386674846,0.5093939056666666,0.396424579608439
93,ST002__ST041,2,ST002,월곶포구,41,ST041,연꽃테마파크,10344.0,10.344,2.1053744691108007,0.269401021,0.254193013,0.0526717,0.0,PRELIMINARY_POINT_BUFFER_PROXY,2.41630177,PRELIMINARY_90M,0.4389188271735902,0.4749748867346849,0.4749748867346849,0.269401021,0.40271696166666665,0.39650292414373545
1372,ST040__ST047,40,ST040,갯골생태공원,47,ST047,배곧2동행정복지센터,8159.0,8.159,2.914434196056233,0.251059462,0.251059462,0.0,0.0,PRELIMINARY_POINT_BUFFER_PROXY,3.874202549,PRELIMINARY_90M,0.3462044384096406,0.34311977307745856,0.34311977307745856,0.251059462,0.6457004248333333,0.39652102458010813
1219,ST032__ST042,32,ST032,희망공원,42,ST042,시흥시청역,12355.0,12.355,2.8263658789966737,0.202820017,0.202820017,0.0,0.0,PRELIMINARY_POINT_BUFFER_PROXY,3.032420676,PRELIMINARY_90M,0.5242500106080537,0.3538112342181926,0.3538112342181926,0.202820017,0.505403446,0.3965711769565615
444,ST009__ST049,9,ST009,능곡중앙공원,49,ST049,거북섬 웨이브파크 정문,18333.0,18.333,2.9458694955092493,0.200141912,0.183080716,0.030814562,0.0,PRELIMINARY_POINT_BUFFER_PROXY,1.617224696,PRELIMINARY_90M,0.7779097891118938,0.3394583505903513,0.3394583505903513,0.200141912,0.26953744933333335,0.3967618752588946
1415,ST043__ST051,43,ST043,시흥종합버스터미널,51,ST051,연성중학교,11133.0,11.133,2.7969887562430933,0.159649769,0.151623481,0.015490487,0.0,PRELIMINARY_POINT_BUFFER_PROXY,3.591098531,PRELIMINARY_90M,0.4723978444435015,0.3575273578658203,0.3575273578658203,0.159649769,0.5985164218333333,0.3970228482856638
798,ST018__ST034,18,ST018,정왕역,34,ST034,군자디지털과학고등학교,5215.0,5.215,1.5330583017867183,0.355469051,0.355469051,0.0,0.0,PRELIMINARY_POINT_BUFFER_PROXY,2.157697699,PRELIMINARY_90M,0.221283998811898,0.6522909134209312,0.6522909134209312,0.355469051,0.35961628316666666,0.39716506159987397
1460,ST048__ST051,48,ST048,정왕평생학습관 사거리,51,ST051,연성중학교,10469.0,10.469,2.770703145089786,0.157054545,0.148518109,0.016475057,0.0,PRELIMINARY_POINT_BUFFER_PROXY,3.765429403,PRELIMINARY_90M,0.4442228539907498,0.3609192135116281,0.3609192135116281,0.157054545,0.6275715671666667,0.3974420449172612
1034,ST025__ST039,25,ST025,목감동행정복지센터,39,ST039,능곡힐스테이트,6209.0,6.209,2.1899140393600325,0.204488062,0.149722289,0.092882671,0.0,PRELIMINARY_POINT_BUFFER_PROXY,3.994189215,PRELIMINARY_90M,0.263461620061951,0.4566389282988633,0.4566389282988633,0.204488062,0.6656982025,0.3975717032152036
514,ST011__ST030,11,ST011,배곧생명공원,30,ST030,장곡도서관,8522.0,8.522,1.6167517048792093,0.194479382,0.194479382,0.0,0.0,PRELIMINARY_POINT_BUFFER_PROXY,2.494487357,PRELIMINARY_90M,0.361607332286672,0.6185241660683525,0.6185241660683525,0.194479382,0.41574789283333335,0.39758969329708943
361,ST008__ST012,8,ST008,시흥능곡역,12,ST012,신천역,9058.0,9.058,1.9434032479733672,0.219047126,0.167854791,0.051192335,0.0,PRELIMINARY_POINT_BUFFER_PROXY,2.836226292,PRELIMINARY_90M,0.38435099927865235,0.5145612476684016,0.5145612476684016,0.219047126,0.47270438200000003,0.39766593873676354
1250,ST033__ST051,33,ST033,타원산업단지,51,ST051,연성중학교,13434.0,13.434,2.7553936680522106,0.133768713,0.127116234,0.012839078,0.0,PRELIMINARY_POINT_BUFFER_PROXY,3.155065561,PRELIMINARY_90M,0.5700343700937752,0.3629245474411286,0.3629245474411286,0.133768713,0.5258442601666666,0.3981429726753926
778,ST017__ST051,17,ST017,장곡동,51,ST051,연성중학교,3517.0,3.517,2.16312007370754,0.462338053,0.436932527,0.049031879,0.0,PRELIMINARY_POINT_BUFFER_PROXY,3.114219406,PRELIMINARY_90M,0.14923409852760217,0.4622951874724283,0.4622951874724283,0.462338053,0.5190365676666667,0.39822597666667436
499,ST011__ST015,11,ST011,배곧생명공원,15,ST015,목감택지개발예정지구,14518.0,14.518,2.664826696188792,0.169141361,0.169141361,0.0,0.0,PRELIMINARY_POINT_BUFFER_PROXY,2.597943497,PRELIMINARY_90M,0.6160308906521831,0.375258924503492,0.375258924503492,0.169141361,0.43299058283333336,0.39835543974725207
463,ST010__ST023,10,ST010,은계호수공원,23,ST023,오이도역,13134.0,13.134,2.444962058789667,0.128545576,0.128545576,0.0,0.0,PRELIMINARY_POINT_BUFFER_PROXY,2.991803446,PRELIMINARY_90M,0.5573047057325922,0.40900430188885273,0.40900430188885273,0.128545576,0.49863390766666665,0.3983721228220279
1047,ST025__ST052,25,ST025,목감동행정복지센터,52,ST052,가온그린공원,7345.0,7.345,2.1523239745186866,0.150372603,0.145795802,0.033594487,0.0,PRELIMINARY_POINT_BUFFER_PROXY,4.001952969,PRELIMINARY_90M,0.31166461577629734,0.4646140691824171,0.4646140691824171,0.150372603,0.6669921615000001,0.3984108623646786
1035,ST025__ST040,25,ST025,목감동행정복지센터,40,ST040,갯골생태공원,8202.0,8.202,2.062584032392724,0.134736463,0.130636588,0.030093759,0.0,PRELIMINARY_POINT_BUFFER_PROXY,3.757341803,PRELIMINARY_90M,0.3480290236347435,0.48482873148200356,0.48482873148200356,0.134736463,0.6262236338333333,0.3984544629875201
877,ST020__ST042,20,ST020,시화공업단지[왼쪽부근],42,ST042,시흥시청역,10011.0,10.011,2.6340964893335266,0.211998424,0.211998424,0.0,0.0,PRELIMINARY_POINT_BUFFER_PROXY,3.464664556,PRELIMINARY_90M,0.424788899732677,0.37963681438754654,0.37963681438754654,0.211998424,0.5774440926666666,0.3984670576967225
1116,ST028__ST037,28,ST028,매화산업단지,37,ST037,군자동행정복지센터,12991.0,12.991,2.4322303276080466,0.224000668,0.224000668,0.0,0.0,PRELIMINARY_POINT_BUFFER_PROXY,2.450235061,PRELIMINARY_90M,0.5512368990537616,0.4111452721599111,0.4111452721599111,0.224000668,0.40837251016666665,0.3986888373450848
605,ST013__ST036,13,ST013,삼미시장,36,ST036,시흥시립군자도서관,13025.0,13.025,2.646814689825674,0.233447198,0.196470644,0.036976555,0.0,PRELIMINARY_POINT_BUFFER_PROXY,2.586681333,PRELIMINARY_90M,0.552679594348029,0.37781262278919214,0.37781262278919214,0.233447198,0.4311135555,0.3987632426593053
962,ST023__ST028,23,ST023,오이도역,28,ST028,매화산업단지,11733.0,11.733,2.286056940327946,0.14851192,0.14851192,0.0,0.0,PRELIMINARY_POINT_BUFFER_PROXY,3.068159669,PRELIMINARY_90M,0.49785717316586753,0.4374344235960042,0.4374344235960042,0.14851192,0.5113599448333334,0.39879086539880126
1272,ST034__ST052,34,ST034,군자디지털과학고등학교,52,ST052,가온그린공원,4271.0,4.271,1.90358243319081,0.218270531,0.218270531,0.0,0.0,PRELIMINARY_POINT_BUFFER_PROXY,4.023457066,PRELIMINARY_90M,0.18122798828870879,0.5253252932807259,0.5253252932807259,0.218270531,0.6705761776666667,0.3988499975590253
590,ST013__ST021,13,ST013,삼미시장,21,ST021,오이도 포구 해양관광 단지,16690.0,16.69,3.358903335073715,0.2249353,0.193984702,0.030950598,0.0,PRELIMINARY_POINT_BUFFER_PROXY,2.188951609,PRELIMINARY_90M,0.7081936606271482,0.297716218730675,0.297716218730675,0.2249353,0.36482526816666666,0.39891761188112246
768,ST017__ST041,17,ST017,장곡동,41,ST041,연꽃테마파크,6120.0,6.12,1.9329667879429329,0.333421921,0.307718932,0.089020211,0.0,PRELIMINARY_POINT_BUFFER_PROXY,2.911343552,PRELIMINARY_90M,0.2596851529681334,0.517339462963149,0.517339462963149,0.333421921,0.4852239253333333,0.3989176155661539
459,ST010__ST019,10,ST010,은계호수공원,19,ST019,시화병원,13084.0,13.084,2.614335613808798,0.129561627,0.129561627,0.0,0.0,PRELIMINARY_POINT_BUFFER_PROXY,3.174584011,PRELIMINARY_90M,0.5551830950057284,0.38250636020794226,0.38250636020794226,0.129561627,0.5290973351666667,0.3990871043450843
278,ST006__ST024,6,ST006,시흥시청 본청,24,ST024,목감고등학교,7071.0,7.071,2.1103035645045516,0.118010471,0.118010471,0.0,0.0,PRELIMINARY_POINT_BUFFER_PROXY,4.228565002,PRELIMINARY_90M,0.30003818899308354,0.4738654745317534,0.4738654745317534,0.118010471,0.7047608336666666,0.3991687420478759
276,ST006__ST022,6,ST006,시흥시청 본청,22,ST022,오이도박물관,15481.0,15.481,2.3644229000913493,0.22587944,0.195179584,0.030699856,0.0,PRELIMINARY_POINT_BUFFER_PROXY,1.747548962,PRELIMINARY_90M,0.6568931132515806,0.4229361845384618,0.4229361845384618,0.22587944,0.29125816033333335,0.39924172453084394
132,ST003__ST028,3,ST003,배곧한울공원,28,ST028,매화산업단지,16805.0,16.805,3.078039481766458,0.220746158,0.210750346,0.024555988,0.0,PRELIMINARY_POINT_BUFFER_PROXY,2.030104999,PRELIMINARY_90M,0.713073365298935,0.32488212250809384,0.32488212250809384,0.220746158,0.3383508331666667,0.3992631197434239
548,ST012__ST021,12,ST012,신천역,21,ST021,오이도 포구 해양관광 단지,17147.0,17.147,3.478849804424131,0.205690658,0.160674421,0.065855739,0.0,PRELIMINARY_POINT_BUFFER_PROXY,2.260628175,PRELIMINARY_90M,0.7275851826706836,0.2874513290939659,0.2874513290939659,0.205690658,0.3767713625,0.3993746330661624
67,ST002__ST015,2,ST002,월곶포구,15,ST015,목감택지개발예정지구,11305.0,11.305,2.1069502302882155,0.145481854,0.145481854,0.0,0.0,PRELIMINARY_POINT_BUFFER_PROXY,2.989500623,PRELIMINARY_90M,0.4796961853439131,0.4746196590809871,0.4746196590809871,0.145481854,0.49825010383333335,0.3995119505645584
23,ST001__ST024,1,ST001,월곶역,24,ST024,목감고등학교,12871.0,12.871,2.1785440494842936,0.113261046,0.113261046,0.0,0.0,PRELIMINARY_POINT_BUFFER_PROXY,2.88039329,PRELIMINARY_90M,0.5461450333092884,0.45902216218061814,0.45902216218061814,0.113261046,0.48006554833333337,0.39962344745581
954,ST022__ST052,22,ST022,오이도박물관,52,ST052,가온그린공원,11939.0,11.939,3.074199505815415,0.213624245,0.213624245,0.0,0.0,PRELIMINARY_POINT_BUFFER_PROXY,3.320625774,PRELIMINARY_90M,0.5065982093605466,0.3252879320643685,0.3252879320643685,0.213624245,0.5534376289999999,0.3997370038562287
886,ST020__ST051,20,ST020,시화공업단지[왼쪽부근],51,ST051,연성중학교,11836.0,11.836,2.804294883522885,0.165890879,0.158340761,0.014571495,0.0,PRELIMINARY_POINT_BUFFER_PROXY,3.445657059,PRELIMINARY_90M,0.502227691263207,0.3565958793690604,0.3565958793690604,0.165890879,0.5742761765000001,0.3997476565330669
1049,ST025__ST054,25,ST025,목감동행정복지센터,54,ST054,시흥 프리미엄 아울렛,12031.0,12.031,2.2705164444758563,0.12515251,0.122359322,0.020502469,0.0,PRELIMINARY_POINT_BUFFER_PROXY,3.138876899,PRELIMINARY_90M,0.510501973097976,0.4404284331139684,0.4404284331139684,0.12515251,0.5231461498333333,0.39980726651131937
179,ST004__ST024,4,ST004,배곧중심상가,24,ST024,목감고등학교,14164.0,14.164,2.533742423848658,0.147033497,0.147033497,0.0,0.0,PRELIMINARY_POINT_BUFFER_PROXY,2.740406723,PRELIMINARY_90M,0.6010098867059872,0.39467310906885245,0.39467310906885245,0.147033497,0.45673445383333333,0.39986273665204325
752,ST017__ST025,17,ST017,장곡동,25,ST025,목감동행정복지센터,8741.0,8.741,2.1699014583199623,0.22332564,0.219480247,0.036621511,0.0,PRELIMINARY_POINT_BUFFER_PROXY,3.266816772,PRELIMINARY_90M,0.37089998727033563,0.46085042072567023,0.46085042072567023,0.22332564,0.544469462,0.39988637749900147
610,ST013__ST041,13,ST013,삼미시장,41,ST041,연꽃테마파크,10567.0,10.567,2.200035546216401,0.282828754,0.256687182,0.052510091,0.0,PRELIMINARY_POINT_BUFFER_PROXY,2.488339775,PRELIMINARY_90M,0.4483812110154029,0.4545381104045295,0.4545381104045295,0.282828754,0.41472329583333334,0.40011784281331647
1089,ST027__ST037,27,ST027,은행동행정복지센터,37,ST037,군자동행정복지센터,13946.0,13.946,2.611048445560683,0.230942282,0.230942282,0.0,0.0,PRELIMINARY_POINT_BUFFER_PROXY,2.370900679,PRELIMINARY_90M,0.5917596639368609,0.3829879149504885,0.3829879149504885,0.230942282,0.39515011316666665,0.400209993513504
495,ST010__ST055,10,ST010,은계호수공원,55,ST055,해양생태과학관,20554.0,20.554,2.9669844643839696,0.135173232,0.135173232,0.0,0.0,PRELIMINARY_POINT_BUFFER_PROXY,1.539544613,PRELIMINARY_90M,0.8721517375991853,0.3370425467352855,0.3370425467352855,0.135173232,0.2565907688333333,0.40023957129195104
851,ST019__ST051,19,ST019,시화병원,51,ST051,연성중학교,10677.0,10.677,2.783053750312431,0.173530884,0.165161303,0.016153033,0.0,PRELIMINARY_POINT_BUFFER_PROXY,3.692434824,PRELIMINARY_90M,0.45304875461450334,0.35931753020858404,0.35931753020858404,0.173530884,0.615405804,0.40032574320577186
563,ST012__ST036,12,ST012,신천역,36,ST036,시흥시립군자도서관,14314.0,14.314,2.7038876472298066,0.218005591,0.218005591,0.0,0.0,PRELIMINARY_POINT_BUFFER_PROXY,2.437670801,PRELIMINARY_90M,0.6073747188865787,0.36983785218462106,0.36983785218462106,0.218005591,0.4062784668333333,0.40037415722613323
735,ST016__ST046,16,ST016,물왕호수,46,ST046,배곧1동행정복지센터,11513.0,11.513,2.3170243161222417,0.1905393,0.1905393,0.0,0.0,PRELIMINARY_POINT_BUFFER_PROXY,2.945973077,PRELIMINARY_90M,0.48852208596766666,0.43158804723879385,0.43158804723879385,0.1905393,0.49099551283333337,0.4004112365099485
594,ST013__ST025,13,ST013,삼미시장,25,ST025,목감동행정복지센터,11610.0,11.61,2.70398096958528,0.270409164,0.268561734,0.051753296,0.0,PRELIMINARY_POINT_BUFFER_PROXY,2.813742202,PRELIMINARY_90M,0.4926380107777825,0.3698250879899402,0.3698250879899402,0.270409164,0.46895703366666663,0.4004573241085973
1197,ST031__ST043,31,ST031,마전저수지,43,ST043,시흥종합버스터미널,6795.0,6.795,2.8763540393780764,0.111562897,0.111562897,0.0,0.0,PRELIMINARY_POINT_BUFFER_PROXY,5.129575649,PRELIMINARY_90M,0.2883268977807952,0.3476623483443712,0.3476623483443712,0.111562897,0.8549292748333334,0.40062035448962496
648,ST014__ST038,14,ST014,시흥대야역,38,ST038,능곡도서관,12936.0,12.936,2.2134256455080825,0.156041225,0.132513518,0.025345376,0.0,PRELIMINARY_POINT_BUFFER_PROXY,2.674529829,PRELIMINARY_90M,0.5489031272542114,0.4517883860383547,0.4517883860383547,0.156041225,0.4457549715,0.4006219274481415
26,ST001__ST027,1,ST001,월곶역,27,ST027,은행동행정복지센터,11582.0,11.582,2.3633224358048475,0.225928346,0.172047064,0.074767334,0.0,PRELIMINARY_POINT_BUFFER_PROXY,2.782448154,PRELIMINARY_90M,0.49144990877073874,0.423133121765267,0.423133121765267,0.225928346,0.46374135899999996,0.4010631838840014
182,ST004__ST027,4,ST004,배곧중심상가,27,ST027,은행동행정복지센터,12966.0,12.966,2.7380418326711444,0.257167142,0.20903555,0.066788886,0.0,PRELIMINARY_POINT_BUFFER_PROXY,2.59142719,PRELIMINARY_90M,0.5501760936903297,0.3652245148586472,0.3652245148586472,0.257167142,0.4319045316666667,0.40111807055391097
552,ST012__ST025,12,ST012,신천역,25,ST025,목감동행정복지센터,11469.0,11.469,2.672810002289368,0.268256823,0.266386985,0.052381024,0.0,PRELIMINARY_POINT_BUFFER_PROXY,2.854554512,PRELIMINARY_90M,0.4866550685280265,0.37413807907911906,0.37413807907911906,0.268256823,0.47575908533333333,0.4012022639851197
688,ST015__ST038,15,ST015,목감택지개발예정지구,38,ST038,능곡도서관,7216.0,7.216,2.1624082596758836,0.186713321,0.17718156,0.012791398,0.0,PRELIMINARY_POINT_BUFFER_PROXY,3.897964235,PRELIMINARY_90M,0.30619086010098867,0.46244736419471816,0.46244736419471816,0.186713321,0.6496607058333334,0.40125306278226003
976,ST023__ST042,23,ST023,오이도역,42,ST042,시흥시청역,8006.0,8.006,2.2786233454022335,0.187372988,0.187372988,0.0,0.0,PRELIMINARY_POINT_BUFFER_PROXY,3.835488247,PRELIMINARY_90M,0.33971230958543724,0.438861473976286,0.438861473976286,0.187372988,0.6392480411666667,0.4012987031820975
1032,ST025__ST037,25,ST025,목감동행정복지센터,37,ST037,군자동행정복지센터,10542.0,10.542,2.677976019793385,0.191216527,0.188027388,0.023408808,0.0,PRELIMINARY_POINT_BUFFER_PROXY,3.563256057,PRELIMINARY_90M,0.44732040565197095,0.3734163385365764,0.3734163385365764,0.191216527,0.5938760095,0.4014573201721368
641,ST014__ST031,14,ST014,시흥대야역,31,ST031,마전저수지,13222.0,13.222,2.3246024689983398,0.114740326,0.096920112,0.017820214,0.0,PRELIMINARY_POINT_BUFFER_PROXY,3.002992904,PRELIMINARY_90M,0.5610387406118725,0.430181079705596,0.430181079705596,0.114740326,0.5004988173333333,0.40161474091270044
408,ST009__ST013,9,ST009,능곡중앙공원,13,ST013,삼미시장,9533.0,9.533,2.044910643566718,0.336297045,0.275183927,0.109998038,0.0,PRELIMINARY_POINT_BUFFER_PROXY,2.263124604,PRELIMINARY_90M,0.4045063011838588,0.48901892273190356,0.48901892273190356,0.336297045,0.37718743400000004,0.4017524257289406
1378,ST040__ST053,40,ST040,갯골생태공원,53,ST053,오이도 빨강등대,12491.0,12.491,2.9911681163807007,0.156360434,0.11789894,0.038461494,0.0,PRELIMINARY_POINT_BUFFER_PROXY,3.518045746,PRELIMINARY_90M,0.5300207917851233,0.3343175512347983,0.3343175512347983,0.156360434,0.5863409576666666,0.4017599336716471
568,ST012__ST041,12,ST012,신천역,41,ST041,연꽃테마파크,10426.0,10.426,2.159019121334042,0.280626635,0.254136238,0.053210769,0.0,PRELIMINARY_POINT_BUFFER_PROXY,2.530371707,PRELIMINARY_90M,0.44239826876564686,0.4631732948164476,0.4631732948164476,0.280626635,0.4217286178333333,0.4019817041038569
1067,ST026__ST043,26,ST026,은계파크자이,43,ST043,시흥종합버스터미널,14109.0,14.109,2.564547297042144,0.123008822,0.123008822,0.0,0.0,PRELIMINARY_POINT_BUFFER_PROXY,2.984753906,PRELIMINARY_90M,0.598676114906437,0.38993236785040536,0.38993236785040536,0.123008822,0.4974589843333333,0.40226907227254394
1001,ST024__ST036,24,ST024,목감고등학교,36,ST036,시흥시립군자도서관,10632.0,10.632,2.673897257658323,0.174011145,0.174011145,0.0,0.0,PRELIMINARY_POINT_BUFFER_PROXY,3.659823053,PRELIMINARY_90M,0.4511393049603259,0.3739859477157901,0.3739859477157901,0.174011145,0.6099705088333334,0.40227672662736236
736,ST016__ST047,16,ST016,물왕호수,47,ST047,배곧2동행정복지센터,13669.0,13.669,2.8130027458529376,0.230005748,0.230005748,0.0,0.0,PRELIMINARY_POINT_BUFFER_PROXY,2.661843108,PRELIMINARY_90M,0.5800059405100352,0.3554920099080058,0.3554920099080058,0.230005748,0.443640518,0.40228605410451024
1403,ST042__ST051,42,ST042,시흥시청역,51,ST051,연성중학교,2072.0,2.072,2.5274345688921906,0.351208623,0.308075573,0.083245449,0.0,PRELIMINARY_POINT_BUFFER_PROXY,4.64619177,PRELIMINARY_90M,0.08791954852123732,0.3956581160628478,0.3956581160628478,0.351208623,0.774365295,0.4022878956460213
622,ST013__ST053,13,ST013,삼미시장,53,ST053,오이도 빨강등대,17055.0,17.055,3.3297646202026794,0.218320946,0.190151573,0.028169373,0.0,PRELIMINARY_POINT_BUFFER_PROXY,2.201647637,PRELIMINARY_90M,0.7236814189332541,0.30032152841456133,0.30032152841456133,0.218320946,0.3669412728333334,0.4023162915452872
483,ST010__ST043,10,ST010,은계호수공원,43,ST043,시흥종합버스터미널,14013.0,14.013,2.6184139759877043,0.130506051,0.130506051,0.0,0.0,PRELIMINARY_POINT_BUFFER_PROXY,3.016176328,PRELIMINARY_90M,0.5946026223108584,0.38191057990468646,0.38191057990468646,0.130506051,0.5026960546666667,0.4024288269705528
285,ST006__ST031,6,ST006,시흥시청 본청,31,ST031,마전저수지,4604.0,4.604,2.2803956005814645,0.283207887,0.283207887,0.0,0.0,PRELIMINARY_POINT_BUFFER_PROXY,4.157951616,PRELIMINARY_90M,0.19535791572962194,0.4385204039794744,0.4385204039794744,0.283207887,0.692991936,0.40251953567727405
1404,ST042__ST052,42,ST042,시흥시청역,52,ST052,가온그린공원,2348.0,2.348,1.8054173231380168,0.604898084,0.604898084,0.0,0.0,PRELIMINARY_POINT_BUFFER_PROXY,2.110928432,PRELIMINARY_90M,0.0996308397335257,0.5538885592733144,0.5538885592733144,0.604898084,0.35182140533333334,0.4025597220850433
474,ST010__ST034,10,ST010,은계호수공원,34,ST034,군자디지털과학고등학교,13248.0,13.248,2.231006078009116,0.186156382,0.186156382,0.0,0.0,PRELIMINARY_POINT_BUFFER_PROXY,2.483501326,PRELIMINARY_90M,0.5621419781898417,0.4482282723731396,0.4482282723731396,0.186156382,0.4139168876666666,0.40261088005741197
649,ST014__ST039,14,ST014,시흥대야역,39,ST039,능곡힐스테이트,13034.0,13.034,2.211843176655556,0.160870997,0.121489143,0.039381854,0.0,PRELIMINARY_POINT_BUFFER_PROXY,2.666441932,PRELIMINARY_90M,0.5530614842788645,0.45211161919357323,0.45211161919357323,0.160870997,0.44440698866666667,0.4026127722847761
400,ST008__ST051,8,ST008,시흥능곡역,51,ST051,연성중학교,3584.0,3.584,2.033364282623199,0.203001614,0.178070339,0.048116588,0.0,PRELIMINARY_POINT_BUFFER_PROXY,4.581588549,PRELIMINARY_90M,0.1520770569015997,0.4917957930833337,0.4917957930833337,0.203001614,0.7635980915,0.4026181388712334
580,ST012__ST053,12,ST012,신천역,53,ST053,오이도 빨강등대,17512.0,17.512,3.447977214109602,0.199652874,0.15763799,0.062419339,0.0,PRELIMINARY_POINT_BUFFER_PROXY,2.270892183,PRELIMINARY_90M,0.7430729409767896,0.29002511846884055,0.29002511846884055,0.199652874,0.3784820305,0.40280824098640755
1058,ST026__ST034,26,ST026,은계파크자이,34,ST034,군자디지털과학고등학교,13344.0,13.344,2.176815194380218,0.177831234,0.177831234,0.0,0.0,PRELIMINARY_POINT_BUFFER_PROXY,2.453541671,PRELIMINARY_90M,0.5662154707854203,0.45938672358666605,0.45938672358666605,0.177831234,0.4089236118333333,0.40308926005135487
485,ST010__ST045,10,ST010,은계호수공원,45,ST045,시흥중앙도서관,13514.0,13.514,2.5913469202727697,0.13422323,0.13422323,0.0,0.0,PRELIMINARY_POINT_BUFFER_PROXY,3.113751945,PRELIMINARY_90M,0.5734289472567573,0.385899700336047,0.385899700336047,0.13422323,0.5189586575,0.40312763377320104
1363,ST039__ST053,39,ST039,능곡힐스테이트,53,ST053,오이도 빨강등대,17395.0,17.395,2.946448206656283,0.22702381,0.190552735,0.059274168,0.0,PRELIMINARY_POINT_BUFFER_PROXY,1.849096907,PRELIMINARY_90M,0.7381083718759283,0.33939167766156997,0.33939167766156997,0.22702381,0.30818281783333334,0.4031766693427079
642,ST014__ST032,14,ST014,시흥대야역,32,ST032,희망공원,16612.0,16.612,3.534503672831976,0.258728107,0.22530986,0.075916683,0.0,PRELIMINARY_POINT_BUFFER_PROXY,2.198042086,PRELIMINARY_90M,0.7048839478932406,0.2829251551459735,0.2829251551459735,0.258728107,0.3663403476666667,0.4032193894264702
943,ST022__ST041,22,ST022,오이도박물관,41,ST041,연꽃테마파크,17905.0,17.905,3.01659397051425,0.139172396,0.123749829,0.030979022,0.0,PRELIMINARY_POINT_BUFFER_PROXY,2.294800011,PRELIMINARY_90M,0.7597488012899393,0.3314997012440246,0.3314997012440246,0.139172396,0.3824666685,0.403221891758491
627,ST014__ST017,14,ST014,시흥대야역,17,ST017,장곡동,12935.0,12.935,2.196010497908538,0.176965591,0.158753022,0.018212569,0.0,PRELIMINARY_POINT_BUFFER_PROXY,2.5931236,PRELIMINARY_90M,0.5488606950396742,0.4553712293053205,0.4553712293053205,0.176965591,0.4321872666666667,0.40334619550291534
751,ST017__ST024,17,ST017,장곡동,24,ST024,목감고등학교,7967.0,7.967,2.038940641713902,0.184483721,0.184483721,0.0,0.0,PRELIMINARY_POINT_BUFFER_PROXY,3.60318661,PRELIMINARY_90M,0.33805745321848346,0.49045076621721334,0.49045076621721334,0.184483721,0.6005311016666667,0.4033807605255909
1072,ST026__ST048,26,ST026,은계파크자이,48,ST048,정왕평생학습관 사거리,13450.0,13.45,2.566917421664298,0.139184046,0.139184046,0.0,0.0,PRELIMINARY_POINT_BUFFER_PROXY,3.085210412,PRELIMINARY_90M,0.5707132855263716,0.3895723296589867,0.3895723296589867,0.139184046,0.5142017353333334,0.40341784912967293
1007,ST024__ST042,24,ST024,목감고등학교,42,ST042,시흥시청역,6281.0,6.281,2.1271874680066416,0.088684673,0.088684673,0.0,0.0,PRELIMINARY_POINT_BUFFER_PROXY,4.732925624,PRELIMINARY_90M,0.26651673950863497,0.47010431146300724,0.47010431146300724,0.088684673,0.7888209373333334,0.4035316653262439
488,ST010__ST048,10,ST010,은계호수공원,48,ST048,정왕평생학습관 사거리,13354.0,13.354,2.6234623967790793,0.147167155,0.147167155,0.0,0.0,PRELIMINARY_POINT_BUFFER_PROXY,3.118723145,PRELIMINARY_90M,0.566639792930793,0.3811756559681345,0.3811756559681345,0.147167155,0.5197871908333334,0.40369244868306525
1251,ST033__ST052,33,ST033,타원산업단지,52,ST052,가온그린공원,10024.0,10.024,2.6519273099391074,0.21158644,0.21158644,0.0,0.0,PRELIMINARY_POINT_BUFFER_PROXY,3.605227171,PRELIMINARY_90M,0.42534051852166166,0.37708424218571873,0.37708424218571873,0.21158644,0.6008711951666666,0.40372059896851176
296,ST006__ST042,6,ST006,시흥시청 본청,42,ST042,시흥시청역,594.0,0.594,1.9806585205188414,0.443911734,0.443911734,0.0,0.0,PRELIMINARY_POINT_BUFFER_PROXY,3.847017707,PRELIMINARY_90M,0.02520473543514236,0.5048825881091538,0.5048825881091538,0.443911734,0.6411696178333334,0.4037921688444074
842,ST019__ST042,19,ST019,시화병원,42,ST042,시흥시청역,8852.0,8.852,2.5862039754816855,0.227246749,0.227246749,0.0,0.0,PRELIMINARY_POINT_BUFFER_PROXY,3.755676342,PRELIMINARY_90M,0.3756099630839734,0.38666710339958704,0.38666710339958704,0.227246749,0.6259460570000001,0.40386746812089014
25,ST001__ST026,1,ST001,월곶역,26,ST026,은계파크자이,11844.0,11.844,2.349349490956791,0.245611134,0.192924309,0.073109867,0.0,PRELIMINARY_POINT_BUFFER_PROXY,2.650203434,PRELIMINARY_90M,0.5025671489795053,0.4256497400021749,0.4256497400021749,0.245611134,0.4417005723333333,0.4038821488287534
181,ST004__ST026,4,ST004,배곧중심상가,26,ST026,은계파크자이,13137.0,13.137,2.7154257268066173,0.268998917,0.221493633,0.065919802,0.0,PRELIMINARY_POINT_BUFFER_PROXY,2.52676573,PRELIMINARY_90M,0.557432002376204,0.3682663790535768,0.3682663790535768,0.268998917,0.4211276216666667,0.40395623002411185
1087,ST027__ST035,27,ST027,은행동행정복지센터,35,ST035,산들공원,13207.0,13.207,2.2317784469768958,0.188076656,0.188076656,0.0,0.0,PRELIMINARY_POINT_BUFFER_PROXY,2.51636367,PRELIMINARY_90M,0.5604022573938133,0.4480731505201925,0.4480731505201925,0.188076656,0.419393945,0.40398650222850147
1025,ST025__ST030,25,ST025,목감동행정복지센터,30,ST030,장곡도서관,7865.0,7.865,2.142262429308918,0.174574372,0.170299885,0.03137545,0.0,PRELIMINARY_POINT_BUFFER_PROXY,3.847306972,PRELIMINARY_90M,0.33372936733568126,0.46679621801638677,0.46679621801638677,0.174574372,0.6412178286666667,0.4040794465046837
526,ST011__ST042,11,ST011,배곧생명공원,42,ST042,시흥시청역,9512.0,9.512,2.4941130669316243,0.244867542,0.244867542,0.0,0.0,PRELIMINARY_POINT_BUFFER_PROXY,3.404852565,PRELIMINARY_90M,0.40361522467857597,0.40094413250889516,0.40094413250889516,0.244867542,0.5674754275,0.4042255816718678
269,ST006__ST015,6,ST006,시흥시청 본청,15,ST015,목감택지개발예정지구,6311.0,6.311,2.0188725378469625,0.137175008,0.137175008,0.0,0.0,PRELIMINARY_POINT_BUFFER_PROXY,4.29974913,PRELIMINARY_90M,0.26778970594475326,0.4953259709334871,0.4953259709334871,0.137175008,0.7166248550000001,0.4042288849695601
419,ST009__ST024,9,ST009,능곡중앙공원,24,ST024,목감고등학교,6788.0,6.788,2.1061863448320617,0.240880001,0.240880001,0.086193074,0.0,PRELIMINARY_POINT_BUFFER_PROXY,3.692084153,PRELIMINARY_90M,0.28802987227903426,0.47479179724704546,0.47479179724704546,0.240880001,0.6153473588333334,0.40476225733985327
662,ST014__ST052,14,ST014,시흥대야역,52,ST052,가온그린공원,12978.0,12.978,2.1730187241266807,0.183034275,0.164873599,0.018160676,0.0,PRELIMINARY_POINT_BUFFER_PROXY,2.55311701,PRELIMINARY_90M,0.550685280264777,0.4601893158568582,0.4601893158568582,0.183034275,0.42551950166666663,0.40485709319707547
1228,ST032__ST051,32,ST032,희망공원,51,ST051,연성중학교,14180.0,14.18,2.9437125731706435,0.16551258,0.159210211,0.012163377,0.0,PRELIMINARY_POINT_BUFFER_PROXY,3.080442511,PRELIMINARY_90M,0.6016888021385837,0.33970707911978987,0.33970707911978987,0.16551258,0.5134070851666667,0.40507888660626
761,ST017__ST034,17,ST017,장곡동,34,ST034,군자디지털과학고등학교,4796.0,4.796,1.9023778836005452,0.255435013,0.255435013,0.0,0.0,PRELIMINARY_POINT_BUFFER_PROXY,3.815283297,PRELIMINARY_90M,0.20350490092077905,0.5256579192916945,0.5256579192916945,0.255435013,0.6358805495000001,0.4051195956781184
1120,ST028__ST041,28,ST028,매화산업단지,41,ST041,연꽃테마파크,7951.0,7.951,1.7928862917791397,0.204802032,0.185007852,0.068555532,0.0,PRELIMINARY_POINT_BUFFER_PROXY,3.129992526,PRELIMINARY_90M,0.33737853778588706,0.5577598560406568,0.5577598560406568,0.204802032,0.521665421,0.40540146170663593
404,ST008__ST055,8,ST008,시흥능곡역,55,ST055,해양생태과학관,19600.0,19.6,2.871345863255345,0.088080377,0.088080377,0.0,0.0,PRELIMINARY_POINT_BUFFER_PROXY,2.126063085,PRELIMINARY_90M,0.8316714049306233,0.3482687379451618,0.3482687379451618,0.088080377,0.35434384750000003,0.4055910918439463
828,ST019__ST028,19,ST019,시화병원,28,ST028,매화산업단지,12579.0,12.579,2.5020122653787755,0.179185317,0.179185317,0.0,0.0,PRELIMINARY_POINT_BUFFER_PROXY,3.061660173,PRELIMINARY_90M,0.5337548266644037,0.3996782964805377,0.3996782964805377,0.179185317,0.5102766955,0.4057237839112353
143,ST003__ST039,3,ST003,배곧한울공원,39,ST039,능곡힐스테이트,13615.0,13.615,2.8016576528381165,0.217790451,0.197393637,0.020396814,0.0,PRELIMINARY_POINT_BUFFER_PROXY,2.82443692,PRELIMINARY_90M,0.5777146009250222,0.3569315469315056,0.3569315469315056,0.217790451,0.4707394866666667,0.4057940213807986
1477,ST051__ST053,51,ST051,연성중학교,53,ST053,오이도 빨강등대,17151.0,17.151,2.9568374691117705,0.171410586,0.138194511,0.038060588,0.0,PRELIMINARY_POINT_BUFFER_PROXY,2.317285568,PRELIMINARY_90M,0.7277549115288326,0.3381991774814726,0.3381991774814726,0.171410586,0.3862142613333333,0.4058947340859096
724,ST016__ST035,16,ST016,물왕호수,35,ST035,산들공원,8555.0,8.555,2.7554200917307856,0.222244895,0.222244895,0.0,0.0,PRELIMINARY_POINT_BUFFER_PROXY,4.052626345,PRELIMINARY_90M,0.36300759536640215,0.36292106710010286,0.36292106710010286,0.222244895,0.6754377241666667,0.40590282040829295
729,ST016__ST040,16,ST016,물왕호수,40,ST040,갯골생태공원,6083.0,6.083,1.8904544428003949,0.141137784,0.141137784,0.0,0.0,PRELIMINARY_POINT_BUFFER_PROXY,4.174224503,PRELIMINARY_90M,0.25811516103025417,0.5289733396159845,0.5289733396159845,0.141137784,0.6957040838333333,0.40598259211989296
585,ST013__ST016,13,ST013,삼미시장,16,ST016,물왕호수,11877.0,11.877,2.3055951065304647,0.158172509,0.158172509,0.0,0.0,PRELIMINARY_POINT_BUFFER_PROXY,3.169724636,PRELIMINARY_90M,0.5039674120592353,0.4337274993200488,0.4337274993200488,0.158172509,0.5282874393333333,0.40603871492815435
461,ST010__ST021,10,ST010,은계호수공원,21,ST021,오이도 포구 해양관광 단지,19739.0,19.739,2.98140198464788,0.166931525,0.140767002,0.026164523,0.0,PRELIMINARY_POINT_BUFFER_PROXY,1.707173565,PRELIMINARY_90M,0.8375694827513048,0.3354126699952893,0.3354126699952893,0.166931525,0.2845289275,0.4061106513116486
489,ST010__ST049,10,ST010,은계호수공원,49,ST049,거북섬 웨이브파크 정문,21009.0,21.009,2.9637853573112216,0.141382111,0.141382111,0.0,0.0,PRELIMINARY_POINT_BUFFER_PROXY,1.52524764,PRELIMINARY_90M,0.8914583952136462,0.337406350137046,0.337406350137046,0.141382111,0.25420793999999997,0.40611369908767303
1195,ST031__ST041,31,ST031,마전저수지,41,ST041,연꽃테마파크,7679.0,7.679,2.08192263317797,0.264093825,0.243616743,0.070920709,0.0,PRELIMINARY_POINT_BUFFER_PROXY,3.329161958,PRELIMINARY_90M,0.3258369754317478,0.4803252455512916,0.4803252455512916,0.264093825,0.5548603263333333,0.40627909307909316
1229,ST032__ST052,32,ST032,희망공원,52,ST052,가온그린공원,10770.0,10.77,2.9070398940727515,0.247988754,0.247988754,0.0,0.0,PRELIMINARY_POINT_BUFFER_PROXY,3.463925133,PRELIMINARY_90M,0.45699495056647005,0.3439925272573415,0.3439925272573415,0.247988754,0.5773208555,0.4065742718309529
460,ST010__ST020,10,ST010,은계호수공원,20,ST020,시화공업단지[왼쪽부근],15053.0,15.053,2.695635617895412,0.150987549,0.150987549,0.0,0.0,PRELIMINARY_POINT_BUFFER_PROXY,2.79527489,PRELIMINARY_90M,0.6387321254296262,0.370970020340041,0.370970020340041,0.150987549,0.4658791483333333,0.40664221077575013
802,ST018__ST038,18,ST018,정왕역,38,ST038,능곡도서관,9789.0,9.789,2.4841039963929274,0.192044175,0.185023571,0.009421486,0.0,PRELIMINARY_POINT_BUFFER_PROXY,3.699669795,PRELIMINARY_90M,0.41536894810540165,0.4025596357688977,0.4025596357688977,0.192044175,0.6166116325000001,0.40664609784357486
329,ST007__ST027,7,ST007,장현지구,27,ST027,은행동행정복지센터,8709.0,8.709,1.9363877077820781,0.332743591,0.279492401,0.05325119,0.0,PRELIMINARY_POINT_BUFFER_PROXY,2.447643985,PRELIMINARY_90M,0.36954215640514276,0.5164255050686061,0.5164255050686061,0.332743591,0.4079406641666667,0.4066629791601039
543,ST012__ST016,12,ST012,신천역,16,ST016,물왕호수,11736.0,11.736,2.2704023930368664,0.154737909,0.154737909,0.0,0.0,PRELIMINARY_POINT_BUFFER_PROXY,3.213719151,PRELIMINARY_90M,0.49798446980947936,0.4404505576046414,0.4404505576046414,0.154737909,0.5356198584999999,0.40719819872853014
114,ST003__ST010,3,ST003,배곧한울공원,10,ST010,은계호수공원,16660.0,16.66,2.8353556729571103,0.156027618,0.156027618,0.0,0.0,PRELIMINARY_POINT_BUFFER_PROXY,2.482129633,PRELIMINARY_90M,0.7069206941910299,0.35268943841428485,0.35268943841428485,0.156027618,0.41368827216666665,0.4073315056929953
1003,ST024__ST038,24,ST024,목감고등학교,38,ST038,능곡도서관,7850.0,7.85,2.146106578757132,0.134809985,0.126052119,0.011752849,0.0,PRELIMINARY_POINT_BUFFER_PROXY,4.175710595,PRELIMINARY_90M,0.3330928841176221,0.46596008320291665,0.46596008320291665,0.134809985,0.6959517658333333,0.407453679538468
1114,ST028__ST035,28,ST028,매화산업단지,35,ST035,산들공원,12252.0,12.252,2.0127201156853216,0.177387339,0.177387339,0.0,0.0,PRELIMINARY_POINT_BUFFER_PROXY,2.614965456,PRELIMINARY_90M,0.5198794925107141,0.49684006842625744,0.49684006842625744,0.177387339,0.43582757600000005,0.4074836189842429
1351,ST039__ST041,39,ST039,능곡힐스테이트,41,ST041,연꽃테마파크,4913.0,4.913,2.0,0.442113845,0.402911695,0.223066191,0.0,PRELIMINARY_POINT_BUFFER_PROXY,2.879339632,PRELIMINARY_90M,0.20846947002164043,0.5,0.5,0.442113845,0.4798899386666667,0.4076183134220768
944,ST022__ST042,22,ST022,오이도박물관,42,ST042,시흥시청역,14452.0,14.452,2.9538945437472273,0.201620513,0.201620513,0.0,0.0,PRELIMINARY_POINT_BUFFER_PROXY,2.862621493,PRELIMINARY_90M,0.6132303644927228,0.3385361207686948,0.3385361207686948,0.201620513,0.47710358216666665,0.40762264510702106
1204,ST031__ST050,31,ST031,마전저수지,50,ST050,시흥한라3차아파트,7208.0,7.208,2.863483388042664,0.181680854,0.181680854,0.0,0.0,PRELIMINARY_POINT_BUFFER_PROXY,4.764043829,PRELIMINARY_90M,0.30585140238469044,0.34922500482307695,0.34922500482307695,0.181680854,0.7940073048333334,0.4076911415102752
1189,ST031__ST035,31,ST031,마전저수지,35,ST035,산들공원,5677.0,5.677,2.1062720508959734,0.183933821,0.183933821,0.0,0.0,PRELIMINARY_POINT_BUFFER_PROXY,4.387855812,PRELIMINARY_90M,0.24088768192811982,0.4747724775508541,0.4747724775508541,0.183933821,0.731309302,0.4077258206197435
634,ST014__ST024,14,ST014,시흥대야역,24,ST024,목감고등학교,15917.0,15.917,2.740307629860924,0.141310036,0.123047019,0.068047854,0.0,PRELIMINARY_POINT_BUFFER_PROXY,2.703529913,PRELIMINARY_90M,0.6753935587898332,0.364922532456968,0.364922532456968,0.141310036,0.45058831883333333,0.4080536115200336
1426,ST044__ST051,44,ST044,경기과학기술대학교,51,ST051,연성중학교,11834.0,11.834,2.6984336375946034,0.179004665,0.171453617,0.014573288,0.0,PRELIMINARY_POINT_BUFFER_PROXY,3.483476805,PRELIMINARY_90M,0.5021428268341325,0.37058535962048145,0.37058535962048145,0.179004665,0.5805794675,0.40807807973865345
1165,ST030__ST035,30,ST030,장곡도서관,35,ST035,산들공원,4843.0,4.843,1.9175399088012453,0.262734007,0.262734007,0.0,0.0,PRELIMINARY_POINT_BUFFER_PROXY,3.856525194,PRELIMINARY_90M,0.20549921500403107,0.5215015319421187,0.5215015319421187,0.262734007,0.642754199,0.40812223823653737
863,ST020__ST028,20,ST020,시화공업단지[왼쪽부근],28,ST028,매화산업단지,13738.0,13.738,2.5440134895863187,0.172127115,0.172127115,0.0,0.0,PRELIMINARY_POINT_BUFFER_PROXY,2.906147963,PRELIMINARY_90M,0.5829337633131073,0.39307967669723703,0.39307967669723703,0.172127115,0.48435799383333333,0.40812463721091946
458,ST010__ST018,10,ST010,은계호수공원,18,ST018,정왕역,13413.0,13.413,2.5311976888004213,0.150974113,0.150974113,0.0,0.0,PRELIMINARY_POINT_BUFFER_PROXY,3.105287265,PRELIMINARY_90M,0.5691432935884924,0.39506989296988393,0.39506989296988393,0.150974113,0.5175478775,0.40818379426459406
1069,ST026__ST045,26,ST026,은계파크자이,45,ST045,시흥중앙도서관,13517.0,13.517,2.5653305174190235,0.155231661,0.155231661,0.0,0.0,PRELIMINARY_POINT_BUFFER_PROXY,3.086859824,PRELIMINARY_90M,0.5735562439003692,0.38981331770305333,0.38981331770305333,0.155231661,0.5144766373333333,0.4082694649841889
803,ST018__ST039,18,ST018,정왕역,39,ST039,능곡힐스테이트,9887.0,9.887,2.4793741062344563,0.19805671,0.169983463,0.028073247,0.0,PRELIMINARY_POINT_BUFFER_PROXY,3.680178352,PRELIMINARY_90M,0.41952730513005476,0.4033275968662703,0.4033275968662703,0.19805671,0.6133630586666666,0.40856866766574795
464,ST010__ST024,10,ST010,은계호수공원,24,ST024,목감고등학교,13029.0,13.029,2.26457433281353,0.126023181,0.126023181,0.0,0.0,PRELIMINARY_POINT_BUFFER_PROXY,3.084237872,PRELIMINARY_90M,0.5528493232061781,0.441584091769507,0.441584091769507,0.126023181,0.5140396453333334,0.4086240603272546
679,ST015__ST029,15,ST015,목감택지개발예정지구,29,ST029,관곡공원,8189.0,8.189,2.2684718509323605,0.10686736,0.10686736,0.0,0.0,PRELIMINARY_POINT_BUFFER_PROXY,4.446520948,PRELIMINARY_90M,0.3474774048457589,0.44082539511741875,0.44082539511741875,0.10686736,0.7410868246666666,0.40906424615746106
436,ST009__ST041,9,ST009,능곡중앙공원,41,ST041,연꽃테마파크,4947.0,4.947,2.0,0.445959962,0.414150317,0.228422442,0.0,PRELIMINARY_POINT_BUFFER_PROXY,2.886617052,PRELIMINARY_90M,0.20991216531590784,0.5,0.5,0.445959962,0.48110284200000003,0.409243742328977
1348,ST038__ST054,38,ST038,능곡도서관,54,ST054,시흥 프리미엄 아울렛,10419.0,10.419,2.1992372260260047,0.177016892,0.177016892,0.0,0.0,PRELIMINARY_POINT_BUFFER_PROXY,3.37934972,PRELIMINARY_90M,0.44210124326388595,0.4547031071345532,0.4547031071345532,0.177016892,0.5632249533333333,0.4092615489329431
760,ST017__ST033,17,ST017,장곡동,33,ST033,타원산업단지,9970.0,9.97,2.6122649965995577,0.206278855,0.206278855,0.0,0.0,PRELIMINARY_POINT_BUFFER_PROXY,3.751018715,PRELIMINARY_90M,0.42304917893664873,0.3828095546591643,0.3828095546591643,0.206278855,0.6251697858333333,0.40932684360728655
1045,ST025__ST050,25,ST025,목감동행정복지센터,50,ST050,시흥한라3차아파트,15082.0,15.082,2.7227274086824176,0.175855904,0.173627574,0.016356315,0.0,PRELIMINARY_POINT_BUFFER_PROXY,2.730086926,PRELIMINARY_90M,0.6399626596512072,0.3672787796571674,0.3672787796571674,0.175855904,0.45501448766666663,0.40952795774376033
333,ST007__ST031,7,ST007,장현지구,31,ST031,마전저수지,5217.0,5.217,2.012980501468642,0.301018578,0.301018578,0.0,0.0,PRELIMINARY_POINT_BUFFER_PROXY,3.715766665,PRELIMINARY_90M,0.22136886324097255,0.4967758004960377,0.4967758004960377,0.301018578,0.6192944441666667,0.4096144214759192
1344,ST038__ST050,38,ST038,능곡도서관,50,ST050,시흥한라3차아파트,13470.0,13.47,2.7217035318378353,0.222044406,0.222044406,0.0,0.0,PRELIMINARY_POINT_BUFFER_PROXY,2.867485021,PRELIMINARY_90M,0.5715619298171172,0.3674169461523784,0.3674169461523784,0.222044406,0.47791417016666665,0.4097343630340406
324,ST007__ST022,7,ST007,장현지구,22,ST022,오이도박물관,16094.0,16.094,2.2745505708509826,0.233835944,0.204305595,0.029530349,0.0,PRELIMINARY_POINT_BUFFER_PROXY,1.69584501,PRELIMINARY_90M,0.6829040607629312,0.43964729244330136,0.43964729244330136,0.233835944,0.282640835,0.40975703305155814
328,ST007__ST026,7,ST007,장현지구,26,ST026,은계파크자이,8880.0,8.88,1.9183583737549257,0.348795616,0.296569731,0.052225884,0.0,PRELIMINARY_POINT_BUFFER_PROXY,2.353995559,PRELIMINARY_90M,0.3767980650910171,0.521279034032956,0.521279034032956,0.348795616,0.39233259316666663,0.4098013270726599
512,ST011__ST028,11,ST011,배곧생명공원,28,ST028,매화산업단지,13239.0,13.239,2.4400192038660267,0.19422082,0.19422082,0.0,0.0,PRELIMINARY_POINT_BUFFER_PROXY,2.845477339,PRELIMINARY_90M,0.5617600882590063,0.4098328400102652,0.4098328400102652,0.19422082,0.47424622316666665,0.4100149928589845
270,ST006__ST016,6,ST006,시흥시청 본청,16,ST016,물왕호수,4622.0,4.622,1.9307119944807511,0.057014033,0.057014033,0.0,0.0,PRELIMINARY_POINT_BUFFER_PROXY,5.215434929,PRELIMINARY_90M,0.19612169559129292,0.5179436409255549,0.5179436409255549,0.057014033,0.8692391548333332,0.41007963108754525
493,ST010__ST053,10,ST010,은계호수공원,53,ST053,오이도 빨강등대,20104.0,20.104,2.963552939823435,0.162376317,0.138483718,0.023892599,0.0,PRELIMINARY_POINT_BUFFER_PROXY,1.726543048,PRELIMINARY_90M,0.8530572410574108,0.3374328113266567,0.3374328113266567,0.162376317,0.28775717466666667,0.41015588601268355
920,ST021__ST051,21,ST021,오이도 포구 해양관광 단지,51,ST051,연성중학교,17791.0,17.791,2.4241277019380867,0.137055751,0.12832505,0.024862088,0.0,PRELIMINARY_POINT_BUFFER_PROXY,2.022766925,PRELIMINARY_90M,0.7549115288326897,0.4125195216409191,0.4125195216409191,0.137055751,0.3371278208333333,0.4104036555767356
287,ST006__ST033,6,ST006,시흥시청 본청,33,ST033,타원산업단지,11281.0,11.281,2.6191003738932084,0.195476431,0.195476431,0.0,0.0,PRELIMINARY_POINT_BUFFER_PROXY,3.518946764,PRELIMINARY_90M,0.4786778121950185,0.38181049110139,0.38181049110139,0.195476431,0.5864911273333333,0.41061396540743544
1198,ST031__ST044,31,ST031,마전저수지,44,ST044,경기과학기술대학교,7531.0,7.531,2.9041656223558356,0.175349099,0.175349099,0.0,0.0,PRELIMINARY_POINT_BUFFER_PROXY,4.827117808,PRELIMINARY_90M,0.3195570076802308,0.3443329789121352,0.3443329789121352,0.175349099,0.8045196346666666,0.4109396800647581
972,ST023__ST038,23,ST023,오이도역,38,ST038,능곡도서관,9575.0,9.575,2.2692691945699313,0.208971772,0.201794991,0.009631072,0.0,PRELIMINARY_POINT_BUFFER_PROXY,3.52890024,PRELIMINARY_90M,0.4062884541944244,0.4406705041397782,0.4406705041397782,0.208971772,0.58815004,0.4110201925835506
398,ST008__ST049,8,ST008,시흥능곡역,49,ST049,거북섬 웨이브파크 정문,20055.0,20.055,2.87015728176192,0.095649735,0.095649735,0.0,0.0,PRELIMINARY_POINT_BUFFER_PROXY,2.098141278,PRELIMINARY_90M,0.8509780625450842,0.3484129620193233,0.3484129620193233,0.095649735,0.34969021299999997,0.41118274314110187
1163,ST030__ST033,30,ST030,장곡도서관,33,ST033,타원산업단지,9757.0,9.757,2.7158285481821007,0.189193151,0.189193151,0.0,0.0,PRELIMINARY_POINT_BUFFER_PROXY,4.046429887,PRELIMINARY_90M,0.4140111172402088,0.36821175647092,0.36821175647092,0.189193151,0.6744049811666667,0.41145525146944883
372,ST008__ST023,8,ST008,시흥능곡역,23,ST023,오이도역,9826.0,9.826,1.8153652262265678,0.14008535,0.14008535,0.0,0.0,PRELIMINARY_POINT_BUFFER_PROXY,3.229381042,PRELIMINARY_90M,0.41693894004328086,0.5508533409988291,0.5508533409988291,0.14008535,0.5382301736666667,0.4115269511771942
1122,ST028__ST043,28,ST028,매화산업단지,43,ST043,시흥종합버스터미널,13370.0,13.37,2.411880151376906,0.141155935,0.141155935,0.0,0.0,PRELIMINARY_POINT_BUFFER_PROXY,3.141188007,PRELIMINARY_90M,0.5673187083633895,0.41461429973173214,0.41461429973173214,0.141155935,0.5235313345,0.4116550693987804
1199,ST031__ST045,31,ST031,마전저수지,45,ST045,시흥중앙도서관,6323.0,6.323,2.9253384842551386,0.119919247,0.119919247,0.0,0.0,PRELIMINARY_POINT_BUFFER_PROXY,5.501088401,PRELIMINARY_90M,0.2682988925192006,0.34184078368443027,0.34184078368443027,0.119919247,0.9168480668333333,0.41172674750924104
295,ST006__ST041,6,ST006,시흥시청 본청,41,ST041,연꽃테마파크,4324.0,4.324,2.049004075045147,0.317588105,0.253730079,0.12827043,0.0,PRELIMINARY_POINT_BUFFER_PROXY,3.948741975,PRELIMINARY_90M,0.18347689565918446,0.48804197716296216,0.48804197716296216,0.317588105,0.6581236625,0.41180766008053665
523,ST011__ST039,11,ST011,배곧생명공원,39,ST039,능곡힐스테이트,11298.0,11.298,2.3285883220548493,0.212905248,0.188331772,0.024573477,0.0,PRELIMINARY_POINT_BUFFER_PROXY,3.153661327,PRELIMINARY_90M,0.47939915984215214,0.42944473719491805,0.42944473719491805,0.212905248,0.5256102211666667,0.4118398415509342
606,ST013__ST037,13,ST013,삼미시장,37,ST037,군자동행정복지센터,14931.0,14.931,2.673523782572301,0.245071318,0.245071318,0.0,0.0,PRELIMINARY_POINT_BUFFER_PROXY,2.370553044,PRELIMINARY_90M,0.6335553952560784,0.37403819128845045,0.37403819128845045,0.245071318,0.395092174,0.4119392696361322
564,ST012__ST037,12,ST012,신천역,37,ST037,군자동행정복지센터,14790.0,14.79,2.649069439997693,0.243164252,0.243164252,0.0,0.0,PRELIMINARY_POINT_BUFFER_PROXY,2.397474228,PRELIMINARY_90M,0.6275724530063224,0.37749104832860514,0.37749104832860514,0.243164252,0.399579038,0.41195169783373187
661,ST014__ST051,14,ST014,시흥대야역,51,ST051,연성중학교,11175.0,11.175,2.121938824432075,0.20091631,0.171828694,0.03652646,0.0,PRELIMINARY_POINT_BUFFER_PROXY,3.011366635,PRELIMINARY_90M,0.47417999745406714,0.47126712065680987,0.47126712065680987,0.20091631,0.5018944391666667,0.4120644668193859
873,ST020__ST038,20,ST020,시화공업단지[왼쪽부근],38,ST038,능곡도서관,11580.0,11.58,2.578108280308316,0.226516953,0.220582071,0.007964472,0.0,PRELIMINARY_POINT_BUFFER_PROXY,3.260868126,PRELIMINARY_90M,0.49136504434166417,0.3878813033719476,0.3878813033719476,0.226516953,0.543478021,0.4123103304284029
1030,ST025__ST035,25,ST025,목감동행정복지센터,35,ST035,산들공원,10674.0,10.674,2.715831427294401,0.201215069,0.198065356,0.023119418,0.0,PRELIMINARY_POINT_BUFFER_PROXY,3.762887945,PRELIMINARY_90M,0.4529214579708915,0.368211366121583,0.368211366121583,0.201215069,0.6271479908333334,0.412373970981452
640,ST014__ST030,14,ST014,시흥대야역,30,ST030,장곡도서관,13498.0,13.498,2.166358760125449,0.195880621,0.178418999,0.017461622,0.0,PRELIMINARY_POINT_BUFFER_PROXY,2.519480895,PRELIMINARY_90M,0.572750031824161,0.4616040604198412,0.4616040604198412,0.195880621,0.4199134825,0.4125370489360005
1095,ST027__ST043,27,ST027,은행동행정복지센터,43,ST043,시흥종합버스터미널,14325.0,14.325,2.5873371618186747,0.153419331,0.153419331,0.0,0.0,PRELIMINARY_POINT_BUFFER_PROXY,3.016484413,PRELIMINARY_90M,0.6078414732464887,0.3864977532719726,0.3864977532719726,0.153419331,0.5027474021666667,0.41262648992128204
305,ST006__ST051,6,ST006,시흥시청 본청,51,ST051,연성중학교,2665.0,2.665,2.405708703853897,0.37184665,0.338316086,0.064712949,0.0,PRELIMINARY_POINT_BUFFER_PROXY,4.504771469,PRELIMINARY_90M,0.1130818517418424,0.41567792409696985,0.41567792409696985,0.37184665,0.7507952448333333,0.4128504176680364
973,ST023__ST039,23,ST023,오이도역,39,ST039,능곡힐스테이트,9673.0,9.673,2.2665803858440565,0.214947692,0.186256176,0.028691516,0.0,PRELIMINARY_POINT_BUFFER_PROXY,3.508931943,PRELIMINARY_90M,0.4104468112190775,0.4411932646402073,0.4411932646402073,0.214947692,0.5848219904999999,0.4128524395898212
314,ST007__ST012,7,ST007,장현지구,12,ST012,신천역,8834.0,8.834,1.9013704989777807,0.352796752,0.300297607,0.052499144,0.0,PRELIMINARY_POINT_BUFFER_PROXY,2.388145097,PRELIMINARY_90M,0.3748461832223024,0.5259364235101062,0.5259364235101062,0.352796752,0.39802418283333335,0.41290088539143543
759,ST017__ST032,17,ST017,장곡동,32,ST032,희망공원,10110.0,10.11,2.502850206206298,0.203412684,0.203412684,0.0,0.0,PRELIMINARY_POINT_BUFFER_PROXY,3.718226896,PRELIMINARY_90M,0.42898968897186746,0.3995444863301479,0.3995444863301479,0.203412684,0.6197044826666667,0.4129128354921705
1074,ST026__ST050,26,ST026,은계파크자이,50,ST050,시흥한라3차아파트,14694.0,14.694,2.4658116231388947,0.157315842,0.157315842,0.0,0.0,PRELIMINARY_POINT_BUFFER_PROXY,2.792020542,PRELIMINARY_90M,0.6234989604107438,0.4055459835682962,0.4055459835682962,0.157315842,0.465336757,0.41292438574476004
370,ST008__ST021,8,ST008,시흥능곡역,21,ST021,오이도 포구 해양관광 단지,18785.0,18.785,2.882337147186888,0.119404601,0.091910555,0.027494046,0.0,PRELIMINARY_POINT_BUFFER_PROXY,2.333115438,PRELIMINARY_90M,0.7970891500827428,0.3469406765880886,0.3469406765880886,0.119404601,0.38885257300000003,0.4130717501677079
1004,ST024__ST039,24,ST024,목감고등학교,39,ST039,능곡힐스테이트,6775.0,6.775,2.106389481815986,0.233197987,0.187967838,0.048701916,0.0,PRELIMINARY_POINT_BUFFER_PROXY,3.943263717,PRELIMINARY_90M,0.28747825349004963,0.47474600905140674,0.47474600905140674,0.233197987,0.6572106194999999,0.41315821726036406
1207,ST031__ST053,31,ST031,마전저수지,53,ST053,오이도 빨강등대,12246.0,12.246,3.0235523224798855,0.159459972,0.120236054,0.039223917,0.0,PRELIMINARY_POINT_BUFFER_PROXY,3.856877619,PRELIMINARY_90M,0.5196248992234904,0.33073679346147733,0.33073679346147733,0.159459972,0.6428129365,0.413158650296242
391,ST008__ST042,8,ST008,시흥능곡역,42,ST042,시흥시청역,2105.0,2.105,1.4865056605326343,0.125084013,0.125084013,0.0,0.0,PRELIMINARY_POINT_BUFFER_PROXY,4.593123333,PRELIMINARY_90M,0.08931981160096746,0.672718595394845,0.672718595394845,0.125084013,0.7655205555000001,0.4131607438739532
549,ST012__ST022,12,ST012,신천역,22,ST022,오이도박물관,17941.0,17.941,2.8344170144527934,0.194847123,0.154114889,0.060654043,0.0,PRELIMINARY_POINT_BUFFER_PROXY,2.064512144,PRELIMINARY_90M,0.7612763610132813,0.3528062366620594,0.3528062366620594,0.194847123,0.34408535733333334,0.4132537695021685
113,ST003__ST009,3,ST003,배곧한울공원,9,ST009,능곡중앙공원,13917.0,13.917,2.784335741362443,0.236029627,0.227479745,0.042901196,0.0,PRELIMINARY_POINT_BUFFER_PROXY,2.803883182,PRELIMINARY_90M,0.5905291297152798,0.3591520897227271,0.3591520897227271,0.236029627,0.46731386366666666,0.4132561775261684
1017,ST024__ST052,24,ST024,목감고등학교,52,ST052,가온그린공원,7911.0,7.911,2.0834857625828795,0.178828181,0.178828181,0.0,0.0,PRELIMINARY_POINT_BUFFER_PROXY,3.951617974,PRELIMINARY_90M,0.33568124920439596,0.4799648828702859,0.4799648828702859,0.178828181,0.6586029956666667,0.41326932718533715
1019,ST024__ST054,24,ST024,목감고등학교,54,ST054,시흥 프리미엄 아울렛,12597.0,12.597,2.221994583909126,0.144148794,0.144148794,0.0,0.0,PRELIMINARY_POINT_BUFFER_PROXY,3.146914156,PRELIMINARY_90M,0.5345186065260746,0.4500461014809105,0.4500461014809105,0.144148794,0.5244856926666667,0.41329979866841293
741,ST016__ST052,16,ST016,물왕호수,52,ST052,가온그린공원,5226.0,5.226,1.988461442932294,0.16416577,0.16416577,0.0,0.0,PRELIMINARY_POINT_BUFFER_PROXY,4.587167154,PRELIMINARY_90M,0.22175075317180803,0.5029013781254643,0.5029013781254643,0.16416577,0.7645278590000001,0.41333644007431813
1086,ST027__ST034,27,ST027,은행동행정복지센터,34,ST034,군자디지털과학고등학교,13560.0,13.56,2.207052053390549,0.209088643,0.209088643,0.0,0.0,PRELIMINARY_POINT_BUFFER_PROXY,2.495275744,PRELIMINARY_90M,0.5753808291254721,0.4530930742950832,0.4530930742950832,0.209088643,0.4158792906666667,0.4133604592718055
145,ST003__ST041,3,ST003,배곧한울공원,41,ST041,연꽃테마파크,17809.0,17.809,2.417238637065265,0.110118516,0.094613377,0.031144885,0.0,PRELIMINARY_POINT_BUFFER_PROXY,2.245195828,PRELIMINARY_90M,0.7556753086943607,0.4136951911434304,0.4136951911434304,0.110118516,0.3741993046666667,0.4134220801261145
1097,ST027__ST045,27,ST027,은행동행정복지센터,45,ST045,시흥중앙도서관,13826.0,13.826,2.5597598638367667,0.157877663,0.157877663,0.0,0.0,PRELIMINARY_POINT_BUFFER_PROXY,3.11145642,PRELIMINARY_90M,0.5866677981923877,0.3906616453080573,0.3906616453080573,0.157877663,0.5185760700000001,0.4134457941251113
1124,ST028__ST045,28,ST028,매화산업단지,45,ST045,시흥중앙도서관,12871.0,12.871,2.3754823064046895,0.145469848,0.145469848,0.0,0.0,PRELIMINARY_POINT_BUFFER_PROXY,3.248850816,PRELIMINARY_90M,0.5461450333092884,0.4209671430950406,0.4209671430950406,0.145469848,0.541475136,0.4135142901010822
1005,ST024__ST040,24,ST024,목감고등학교,40,ST040,갯골생태공원,8768.0,8.768,2.0062479519075405,0.161427339,0.161427339,0.0,0.0,PRELIMINARY_POINT_BUFFER_PROXY,3.733294024,PRELIMINARY_90M,0.3720456570628421,0.4984428764396744,0.4984428764396744,0.161427339,0.6222156706666667,0.41353288579229586
358,ST008__ST009,8,ST008,시흥능곡역,9,ST009,능곡중앙공원,1712.0,1.712,1.8305154308324192,0.348908245,0.279373488,0.348908245,0.0,PRELIMINARY_POINT_BUFFER_PROXY,4.123126948,PRELIMINARY_90M,0.07264395128781771,0.5462942202815817,0.5462942202815817,0.348908245,0.6871878246666667,0.41375856030901653
1215,ST032__ST038,32,ST032,희망공원,38,ST038,능곡도서관,13924.0,13.924,2.7580887227145565,0.21593228,0.210995866,0.006624551,0.0,PRELIMINARY_POINT_BUFFER_PROXY,2.916001393,PRELIMINARY_90M,0.5908261552170407,0.3625699172634967,0.3625699172634967,0.21593228,0.4860002321666667,0.4138321461618011
686,ST015__ST036,15,ST015,목감택지개발예정지구,36,ST036,시흥시립군자도서관,11008.0,11.008,2.6508932321834546,0.196966472,0.196966472,0.0,0.0,PRELIMINARY_POINT_BUFFER_PROXY,3.685852915,PRELIMINARY_90M,0.46709381762634195,0.37723133767116396,0.37723133767116396,0.196966472,0.6143088191666667,0.4139001116160431
390,ST008__ST041,8,ST008,시흥능곡역,41,ST041,연꽃테마파크,5243.0,5.243,1.856989325542413,0.211669005,0.159007329,0.105780532,0.0,PRELIMINARY_POINT_BUFFER_PROXY,4.097986625,PRELIMINARY_90M,0.22247210081894175,0.5385060572213614,0.5385060572213614,0.211669005,0.6829977708333334,0.4139112334684091
76,ST002__ST024,2,ST002,월곶포구,24,ST024,목감고등학교,12191.0,12.191,2.1485274514581043,0.181762375,0.181762375,0.0,0.0,PRELIMINARY_POINT_BUFFER_PROXY,2.9485876,PRELIMINARY_90M,0.5172911274239402,0.46543505847288436,0.46543505847288436,0.181762375,0.4914312666666667,0.4139799568908728
286,ST006__ST032,6,ST006,시흥시청 본청,32,ST032,희망공원,11421.0,11.421,2.522192739062727,0.193072915,0.193072915,0.0,0.0,PRELIMINARY_POINT_BUFFER_PROXY,3.490619862,PRELIMINARY_90M,0.4846183222302372,0.396480405526665,0.396480405526665,0.193072915,0.581769977,0.41398540493922553
1100,ST027__ST048,27,ST027,은행동행정복지센터,48,ST048,정왕평생학습관 사거리,13666.0,13.666,2.5907702956258905,0.170807905,0.170807905,0.0,0.0,PRELIMINARY_POINT_BUFFER_PROXY,3.116369942,PRELIMINARY_90M,0.5798786438664234,0.3859855895709254,0.3859855895709254,0.170807905,0.5193949903333334,0.4140167821926706
584,ST013__ST015,13,ST013,삼미시장,15,ST015,목감택지개발예정지구,13440.0,13.44,2.30709245579554,0.139742455,0.139742455,0.0,0.0,PRELIMINARY_POINT_BUFFER_PROXY,3.075593988,PRELIMINARY_90M,0.5702889633809989,0.43344600147599044,0.43344600147599044,0.139742455,0.512598998,0.4140191044642473
907,ST021__ST038,21,ST021,오이도 포구 해양관광 단지,38,ST038,능곡도서관,19531.0,19.531,2.477383565200705,0.109265217,0.102368642,0.018537556,0.0,PRELIMINARY_POINT_BUFFER_PROXY,1.887583577,PRELIMINARY_90M,0.8287435821275513,0.4036516646218185,0.4036516646218185,0.109265217,0.31459726283333334,0.41406443164567575
508,ST011__ST024,11,ST011,배곧생명공원,24,ST024,목감고등학교,15404.0,15.404,2.6657004244584543,0.196499779,0.196499779,0.0,0.0,PRELIMINARY_POINT_BUFFER_PROXY,2.586160392,PRELIMINARY_90M,0.6536258327322103,0.37513592706245424,0.37513592706245424,0.196499779,0.431026732,0.41407206769866617
836,ST019__ST036,19,ST019,시화병원,36,ST036,시흥시립군자도서관,6112.0,6.112,1.770975275019778,0.45030587,0.45030587,0.0,0.0,PRELIMINARY_POINT_BUFFER_PROXY,2.293476522,PRELIMINARY_90M,0.2593456952518352,0.5646606218084169,0.5646606218084169,0.45030587,0.382246087,0.414139568515063
604,ST013__ST035,13,ST013,삼미시장,35,ST035,산들공원,14192.0,14.192,2.3238248838122217,0.205915995,0.205915995,0.0,0.0,PRELIMINARY_POINT_BUFFER_PROXY,2.508844753,PRELIMINARY_90M,0.602197988713031,0.4303250244740927,0.4303250244740927,0.205915995,0.41814079216666666,0.4141449500884476
874,ST020__ST039,20,ST020,시화공업단지[왼쪽부근],39,ST039,능곡힐스테이트,11678.0,11.678,2.5733262110367985,0.231322196,0.207554509,0.023767687,0.0,PRELIMINARY_POINT_BUFFER_PROXY,3.24725777,PRELIMINARY_90M,0.4955234013663173,0.3886021118158579,0.3886021118158579,0.231322196,0.5412096283333333,0.4141643343788771
591,ST013__ST022,13,ST013,삼미시장,22,ST022,오이도박물관,17484.0,17.484,2.7028224670675196,0.212934628,0.185745705,0.027188923,0.0,PRELIMINARY_POINT_BUFFER_PROXY,1.991588641,PRELIMINARY_90M,0.7418848389697459,0.36998360498496585,0.36998360498496585,0.212934628,0.3319314401666667,0.4141836280303446
1127,ST028__ST048,28,ST028,매화산업단지,48,ST048,정왕평생학습관 사거리,12711.0,12.711,2.406464413192524,0.15920994,0.15920994,0.0,0.0,PRELIMINARY_POINT_BUFFER_PROXY,3.255869793,PRELIMINARY_90M,0.5393558789833242,0.41554738749423475,0.41554738749423475,0.15920994,0.5426449655,0.4141895429943897
910,ST021__ST041,21,ST021,오이도 포구 해양관광 단지,41,ST041,연꽃테마파크,18958.0,18.958,2.5770724859534138,0.119896611,0.101852314,0.043490644,0.0,PRELIMINARY_POINT_BUFFER_PROXY,2.066783076,PRELIMINARY_90M,0.8044299231976917,0.3880372032415068,0.3880372032415068,0.119896611,0.344463846,0.4142068958597996
1002,ST024__ST037,24,ST024,목감고등학교,37,ST037,군자동행정복지센터,11108.0,11.108,2.6021730494863746,0.209403637,0.209403637,0.0,0.0,PRELIMINARY_POINT_BUFFER_PROXY,3.555315612,PRELIMINARY_90M,0.4713370390800696,0.3842941960364178,0.3842941960364178,0.209403637,0.5925526019999999,0.41439686852912183
232,ST005__ST027,5,ST005,배곧중·고등학교,27,ST027,은행동행정복지센터,13760.0,13.76,2.7365526109023506,0.294985426,0.249623923,0.062945024,0.0,PRELIMINARY_POINT_BUFFER_PROXY,2.482134489,PRELIMINARY_90M,0.5838672720329274,0.36542326868338926,0.36542326868338926,0.294985426,0.4136890815,0.4144912620540792
542,ST012__ST015,12,ST012,신천역,15,ST015,목감택지개발예정지구,13299.0,13.299,2.2760589077302122,0.136519452,0.136519452,0.0,0.0,PRELIMINARY_POINT_BUFFER_PROXY,3.111377354,PRELIMINARY_90M,0.5643060211312428,0.43935593960406094,0.43935593960406094,0.136519452,0.5185628923333333,0.41468607626715925
562,ST012__ST035,12,ST012,신천역,35,ST035,산들공원,14051.0,14.051,2.294622595790284,0.203521022,0.203521022,0.0,0.0,PRELIMINARY_POINT_BUFFER_PROXY,2.539876269,PRELIMINARY_90M,0.596215046463275,0.4358015134317079,0.4358015134317079,0.203521022,0.4233127115,0.41471257334874567
1162,ST030__ST032,30,ST030,장곡도서관,32,ST032,희망공원,9897.0,9.897,2.6026223919553733,0.186508596,0.186508596,0.0,0.0,PRELIMINARY_POINT_BUFFER_PROXY,4.009157123,PRELIMINARY_90M,0.4199516272754275,0.3842278476858455,0.3842278476858455,0.186508596,0.6681928538333333,0.41472023119865153
1068,ST026__ST044,26,ST026,은계파크자이,44,ST044,경기과학기술대학교,14845.0,14.845,2.5941396992716417,0.154805612,0.154805612,0.0,0.0,PRELIMINARY_POINT_BUFFER_PROXY,2.937739661,PRELIMINARY_90M,0.6299062248058727,0.38548425139971093,0.38548425139971093,0.154805612,0.48962327683333334,0.41495484125972926
511,ST011__ST027,11,ST011,배곧생명공원,27,ST027,은행동행정복지센터,14206.0,14.206,2.8633071185009316,0.301202994,0.257262859,0.060972691,0.0,PRELIMINARY_POINT_BUFFER_PROXY,2.43986163,PRELIMINARY_90M,0.6027920397165528,0.3492465036455972,0.3492465036455972,0.301202994,0.40664360499999996,0.4149712855905375
472,ST010__ST032,10,ST010,은계호수공원,32,ST032,희망공원,16474.0,16.474,2.579651703785799,0.119684193,0.119684193,0.0,0.0,PRELIMINARY_POINT_BUFFER_PROXY,2.721306746,PRELIMINARY_90M,0.6990283022870963,0.38764923130220946,0.38764923130220946,0.119684193,0.4535511243333334,0.4149782127306598
838,ST019__ST038,19,ST019,시화병원,38,ST038,능곡도서관,10421.0,10.421,2.531216478716255,0.241079064,0.234484541,0.008849695,0.0,PRELIMINARY_POINT_BUFFER_PROXY,3.490066596,PRELIMINARY_90M,0.4421861076929605,0.395066960257451,0.395066960257451,0.241079064,0.581677766,0.41500247448760286
484,ST010__ST044,10,ST010,은계호수공원,44,ST044,경기과학기술대학교,14749.0,14.749,2.645505919246413,0.162133693,0.162133693,0.0,0.0,PRELIMINARY_POINT_BUFFER_PROXY,2.966404625,PRELIMINARY_90M,0.625832732210294,0.37799953223497434,0.37799953223497434,0.162133693,0.49440077083333334,0.4150916820696504
723,ST016__ST034,16,ST016,물왕호수,34,ST034,군자디지털과학고등학교,8908.0,8.908,2.6971308490200676,0.252895266,0.252895266,0.0,0.0,PRELIMINARY_POINT_BUFFER_PROXY,3.96098122,PRELIMINARY_90M,0.3779861670980608,0.37076436256821727,0.37076436256821727,0.252895266,0.6601635366666666,0.41545233308323615
1216,ST032__ST039,32,ST032,희망공원,39,ST039,능곡힐스테이트,14022.0,14.022,2.7528655908918496,0.2200076,0.200210973,0.019796627,0.0,PRELIMINARY_POINT_BUFFER_PROXY,2.906492868,PRELIMINARY_90M,0.5949845122416939,0.3632578369640011,0.3632578369640011,0.2200076,0.484415478,0.4156663568014238
1041,ST025__ST046,25,ST025,목감동행정복지센터,46,ST046,배곧1동행정복지센터,13632.0,13.632,2.3542054921303457,0.179007888,0.176542374,0.018097282,0.0,PRELIMINARY_POINT_BUFFER_PROXY,2.883214103,PRELIMINARY_90M,0.578435948572156,0.42477175562745345,0.42477175562745345,0.179007888,0.4805356838333333,0.4156878190082357
416,ST009__ST021,9,ST009,능곡중앙공원,21,ST021,오이도 포구 해양관광 단지,18957.0,18.957,2.939905146985015,0.166577651,0.122831567,0.057048382,0.0,PRELIMINARY_POINT_BUFFER_PROXY,2.10989888,PRELIMINARY_90M,0.8043874909831544,0.34014702856163176,0.34014702856163176,0.166577651,0.3516498133333333,0.4156904959695299
719,ST016__ST030,16,ST016,물왕호수,30,ST030,장곡도서관,5746.0,5.746,1.9895049166095151,0.196052924,0.196052924,0.0,0.0,PRELIMINARY_POINT_BUFFER_PROXY,4.322394635,PRELIMINARY_90M,0.24381550473119193,0.5026376118256521,0.5026376118256521,0.196052924,0.7203991058333333,0.41572628659754435
317,ST007__ST015,7,ST007,장현지구,15,ST015,목감택지개발예정지구,6924.0,6.924,1.8405394230049963,0.163528348,0.163528348,0.0,0.0,PRELIMINARY_POINT_BUFFER_PROXY,3.976463762,PRELIMINARY_90M,0.2938006534561039,0.5433189789367991,0.5433189789367991,0.163528348,0.6627439603333333,0.4158479851815591
908,ST021__ST039,21,ST021,오이도 포구 해양관광 단지,39,ST039,능곡힐스테이트,19629.0,19.629,2.475033730619554,0.112701791,0.095198302,0.027889425,0.0,PRELIMINARY_POINT_BUFFER_PROXY,1.885881282,PRELIMINARY_90M,0.8329019391522043,0.4040348976374066,0.4040348976374066,0.112701791,0.31431354699999997,0.4159880436974028
131,ST003__ST027,3,ST003,배곧한울공원,27,ST027,은행동행정복지센터,16642.0,16.642,3.089501766737752,0.26053894,0.223028605,0.052050501,0.0,PRELIMINARY_POINT_BUFFER_PROXY,2.246447509,PRELIMINARY_90M,0.7061569143293589,0.3236767852882357,0.3236767852882357,0.26053894,0.37440791816666663,0.4161951394460653
1201,ST031__ST047,31,ST031,마전저수지,47,ST047,배곧2동행정복지센터,7914.0,7.914,2.962193394662467,0.258760761,0.258760761,0.0,0.0,PRELIMINARY_POINT_BUFFER_PROXY,4.408167834,PRELIMINARY_90M,0.3358085458480078,0.33758768141266043,0.33758768141266043,0.258760761,0.7346946390000001,0.41671290681516704
839,ST019__ST039,19,ST019,시화병원,39,ST039,능곡힐스테이트,10519.0,10.519,2.526338381605967,0.246279767,0.219894642,0.026385125,0.0,PRELIMINARY_POINT_BUFFER_PROXY,3.472193314,PRELIMINARY_90M,0.44634446471761363,0.3958297935387066,0.3958297935387066,0.246279767,0.5786988856666667,0.41678822773074675
800,ST018__ST036,18,ST018,정왕역,36,ST036,시흥시립군자도서관,5480.0,5.48,1.5988970337156216,0.386797179,0.386797179,0.0,0.0,PRELIMINARY_POINT_BUFFER_PROXY,2.534814979,PRELIMINARY_90M,0.2325285356642763,0.625431143415242,0.625431143415242,0.386797179,0.42246916316666666,0.4168065053115462
402,ST008__ST053,8,ST008,시흥능곡역,53,ST053,오이도 빨강등대,19150.0,19.15,2.8654899652635466,0.115529815,0.09044632,0.025083495,0.0,PRELIMINARY_POINT_BUFFER_PROXY,2.341641964,PRELIMINARY_90M,0.8125769083888488,0.3489804578352545,0.3489804578352545,0.115529815,0.39027366066666663,0.41684021047269243
665,ST014__ST055,14,ST014,시흥대야역,55,ST055,해양생태과학관,18624.0,18.624,3.3876836854877492,0.200114184,0.170313831,0.067697866,0.0,PRELIMINARY_POINT_BUFFER_PROXY,2.292303327,PRELIMINARY_90M,0.7902575635422413,0.29518694566550796,0.29518694566550796,0.200114184,0.3820505545,0.4169023119269373
1113,ST028__ST034,28,ST028,매화산업단지,34,ST034,군자디지털과학고등학교,12605.0,12.605,1.9922239622337758,0.200283252,0.200283252,0.0,0.0,PRELIMINARY_POINT_BUFFER_PROXY,2.589088469,PRELIMINARY_90M,0.5348580642423728,0.5019515972886666,0.5019515972886666,0.200283252,0.43151474483333335,0.4171519145910932
231,ST005__ST026,5,ST005,배곧중·고등학교,26,ST026,은계파크자이,13931.0,13.931,2.715240419198111,0.305680478,0.260875684,0.062172518,0.0,PRELIMINARY_POINT_BUFFER_PROXY,2.422373011,PRELIMINARY_90M,0.5911231807188018,0.3682915122099313,0.3682915122099313,0.305680478,0.40372883516666663,0.4172060015238499
791,ST018__ST027,18,ST018,정왕역,27,ST027,은행동행정복지센터,12323.0,12.323,2.468553299988538,0.183236413,0.145604997,0.037631416,0.0,PRELIMINARY_POINT_BUFFER_PROXY,3.348571188,PRELIMINARY_90M,0.5228921797428607,0.40509556751504744,0.40509556751504744,0.183236413,0.5580951980000001,0.417329839564477
337,ST007__ST035,7,ST007,장현지구,35,ST035,산들공원,4967.0,4.967,1.7820285875158806,0.303154316,0.303154316,0.0,0.0,PRELIMINARY_POINT_BUFFER_PROXY,3.583766475,PRELIMINARY_90M,0.21076080960665336,0.5611582255220631,0.5611582255220631,0.303154316,0.5972944125,0.41809194090717916
327,ST007__ST025,7,ST007,장현지구,25,ST025,목감동행정복지센터,8584.0,8.584,2.07833634125379,0.254652325,0.250735872,0.037298246,0.0,PRELIMINARY_POINT_BUFFER_PROXY,3.434714312,PRELIMINARY_90M,0.3642381295879832,0.4811540750890849,0.4811540750890849,0.254652325,0.5724523853333333,0.41812422875260036
637,ST014__ST027,14,ST014,시흥대야역,27,ST027,은행동행정복지센터,1905.0,1.905,2.4973236886392187,0.756121681,0.589126823,0.182065921,0.0,PRELIMINARY_POINT_BUFFER_PROXY,2.616675973,PRELIMINARY_90M,0.08083336869351211,0.4004286687181091,0.4004286687181091,0.756121681,0.43611266216666666,0.41837409514457197
79,ST002__ST027,2,ST002,월곶포구,27,ST027,은행동행정복지센터,10993.0,10.993,2.347637080015806,0.315437364,0.258666769,0.078776632,0.0,PRELIMINARY_POINT_BUFFER_PROXY,2.79386186,PRELIMINARY_90M,0.46645733440828274,0.4259602169826297,0.4259602169826297,0.315437364,0.4656436433333333,0.4183746396810615
235,ST005__ST030,5,ST005,배곧중·고등학교,30,ST030,장곡도서관,8052.0,8.052,1.5237045300145453,0.241014082,0.241014082,0.0,0.0,PRELIMINARY_POINT_BUFFER_PROXY,2.609500193,PRELIMINARY_90M,0.341664191454152,0.6562952201700509,0.6562952201700509,0.241014082,0.43491669883333334,0.41847254811438406
995,ST024__ST030,24,ST024,목감고등학교,30,ST030,장곡도서관,8431.0,8.431,2.07834127497437,0.199652452,0.199652452,0.0,0.0,PRELIMINARY_POINT_BUFFER_PROXY,3.812964679,PRELIMINARY_90M,0.3577460007637799,0.4811529328898749,0.4811529328898749,0.199652452,0.6354941131666666,0.4185113747050804
1311,ST036__ST052,36,ST036,시흥시립군자도서관,52,ST052,가온그린공원,4453.0,4.453,1.9583068090046363,0.250288969,0.250288969,0.0,0.0,PRELIMINARY_POINT_BUFFER_PROXY,4.346934905,PRELIMINARY_90M,0.18895065133449315,0.5106452142237496,0.5106452142237496,0.250288969,0.7244891508333334,0.41859349634789406
692,ST015__ST042,15,ST015,목감택지개발예정지구,42,ST042,시흥시청역,6657.0,6.657,2.1200075035931785,0.131463704,0.131463704,0.0,0.0,PRELIMINARY_POINT_BUFFER_PROXY,4.736486726,PRELIMINARY_90M,0.282471252174651,0.47169644367065233,0.47169644367065233,0.131463704,0.7894144543333333,0.41876146354465915
335,ST007__ST033,7,ST007,장현지구,33,ST033,타원산업단지,11894.0,11.894,2.4843213607861188,0.207813665,0.207813665,0.0,0.0,PRELIMINARY_POINT_BUFFER_PROXY,3.363690784,PRELIMINARY_90M,0.5046887597063691,0.40252441402491024,0.40252441402491024,0.207813665,0.5606151306666667,0.4189104923494865
130,ST003__ST026,3,ST003,배곧한울공원,26,ST026,은계파크자이,16813.0,16.813,3.068251229187343,0.269752045,0.232623196,0.05152114,0.0,PRELIMINARY_POINT_BUFFER_PROXY,2.199492874,PRELIMINARY_90M,0.7134128230152331,0.3259185527206193,0.3259185527206193,0.269752045,0.3665821456666667,0.41891639160062977
1129,ST028__ST050,28,ST028,매화산업단지,50,ST050,시흥한라3차아파트,13783.0,13.783,2.41905336831233,0.176935546,0.176935546,0.0,0.0,PRELIMINARY_POINT_BUFFER_PROXY,3.009257081,PRELIMINARY_90M,0.5848432129672848,0.41338484429455036,0.41338484429455036,0.176935546,0.5015428468333333,0.4191766125237921
448,ST009__ST053,9,ST009,능곡중앙공원,53,ST053,오이도 빨강등대,19322.0,19.322,2.922118613968596,0.161844685,0.120795231,0.054100022,0.0,PRELIMINARY_POINT_BUFFER_PROXY,2.122659917,PRELIMINARY_90M,0.8198752492892604,0.34221745661510883,0.34221745661510883,0.161844685,0.3537766528333333,0.41942851093442557
1188,ST031__ST034,31,ST031,마전저수지,34,ST034,군자디지털과학고등학교,6030.0,6.03,2.057977037537833,0.231421206,0.231421206,0.0,0.0,PRELIMINARY_POINT_BUFFER_PROXY,4.228768339,PRELIMINARY_90M,0.2558662536597785,0.48591407083744803,0.48591407083744803,0.231421206,0.7047947231666667,0.4194990634159733
473,ST010__ST033,10,ST010,은계호수공원,33,ST033,타원산업단지,16338.0,16.338,2.6297900865004307,0.154359226,0.154359226,0.0,0.0,PRELIMINARY_POINT_BUFFER_PROXY,2.706035902,PRELIMINARY_90M,0.6932575211100267,0.38025848722045374,0.38025848722045374,0.154359226,0.45100598366666667,0.41972030449928677
744,ST016__ST055,16,ST016,물왕호수,55,ST055,해양생태과학관,18451.0,18.451,2.8962566104190945,0.138897539,0.138897539,0.0,0.0,PRELIMINARY_POINT_BUFFER_PROXY,2.470910351,PRELIMINARY_90M,0.7829167904272925,0.3452732732322699,0.3452732732322699,0.138897539,0.41181839183333335,0.4197264986232239
961,ST023__ST027,23,ST023,오이도역,27,ST027,은행동행정복지센터,12109.0,12.109,2.298317404752473,0.19647333,0.158179635,0.038293696,0.0,PRELIMINARY_POINT_BUFFER_PROXY,3.201751648,PRELIMINARY_90M,0.5138116858318835,0.43510091249023947,0.43510091249023947,0.19647333,0.5336252746666666,0.41975280074719734
1057,ST026__ST033,26,ST026,은계파크자이,33,ST033,타원산업단지,16434.0,16.434,2.583471886082176,0.147783407,0.147783407,0.0,0.0,PRELIMINARY_POINT_BUFFER_PROXY,2.681163662,PRELIMINARY_90M,0.6973310137056052,0.3870760140209986,0.3870760140209986,0.147783407,0.4468606103333333,0.41976276126498424
1202,ST031__ST048,31,ST031,마전저수지,48,ST048,정왕평생학습관 사거리,6136.0,6.136,2.915075802418168,0.145785762,0.145785762,0.0,0.0,PRELIMINARY_POINT_BUFFER_PROXY,5.580934478,PRELIMINARY_90M,0.26036406840072984,0.34304425262988403,0.34304425262988403,0.145785762,0.9301557463333333,0.41983745734098676
790,ST018__ST026,18,ST018,정왕역,26,ST026,은계파크자이,12494.0,12.494,2.448457993264804,0.196690264,0.159573787,0.037116477,0.0,PRELIMINARY_POINT_BUFFER_PROXY,3.267250567,PRELIMINARY_90M,0.5301480884287351,0.4084203211779785,0.4084203211779785,0.196690264,0.5445417611666666,0.41995010869334504
1102,ST027__ST050,27,ST027,은행동행정복지센터,50,ST050,시흥한라3차아파트,14738.0,14.738,2.5891342230857184,0.186544699,0.186544699,0.0,0.0,PRELIMINARY_POINT_BUFFER_PROXY,2.895192114,PRELIMINARY_90M,0.6253659778503841,0.3862294936599326,0.3862294936599326,0.186544699,0.482532019,0.4201680473775791
1056,ST026__ST032,26,ST026,은계파크자이,32,ST032,희망공원,17197.0,17.197,2.810783038039685,0.150101097,0.150101097,0.0,0.0,PRELIMINARY_POINT_BUFFER_PROXY,2.671275059,PRELIMINARY_90M,0.7297067933975474,0.3557727460520847,0.3557727460520847,0.150101097,0.4452125098333333,0.4201982865707414
1341,ST038__ST047,38,ST038,능곡도서관,47,ST047,배곧2동행정복지센터,14446.0,14.446,2.3075253903052224,0.178003825,0.178003825,0.0,0.0,PRELIMINARY_POINT_BUFFER_PROXY,2.73978734,PRELIMINARY_90M,0.6129757712054992,0.43336467897661024,0.43336467897661024,0.178003825,0.45663122333333334,0.4202438746288607
588,ST013__ST019,13,ST013,삼미시장,19,ST019,시화병원,14381.0,14.381,2.648115500586262,0.174022759,0.174022759,0.0,0.0,PRELIMINARY_POINT_BUFFER_PROXY,3.117959845,PRELIMINARY_90M,0.6102176772605762,0.3776270331783533,0.3776270331783533,0.174022759,0.5196599741666666,0.42038186090139906
887,ST020__ST052,20,ST020,시화공업단지[왼쪽부근],52,ST052,가온그린공원,8426.0,8.426,2.7010064819127746,0.271456484,0.271456484,0.0,0.0,PRELIMINARY_POINT_BUFFER_PROXY,4.094307675,PRELIMINARY_90M,0.3575338396910935,0.37023235845470054,0.37023235845470054,0.271456484,0.6823846124999999,0.4204018236614485
1123,ST028__ST044,28,ST028,매화산업단지,44,ST044,경기과학기술대학교,14103.0,14.103,2.496167441894289,0.175482067,0.175482067,0.0,0.0,PRELIMINARY_POINT_BUFFER_PROXY,3.044950595,PRELIMINARY_90M,0.5984215216192134,0.4006141508043711,0.4006141508043711,0.175482067,0.5074917658333333,0.42050237631422943
546,ST012__ST019,12,ST012,신천역,19,ST019,시화병원,14240.0,14.24,2.6224644853746386,0.171347656,0.171347656,0.0,0.0,PRELIMINARY_POINT_BUFFER_PROXY,3.153679,PRELIMINARY_90M,0.6042347350108203,0.38132070255934947,0.38132070255934947,0.171347656,0.5256131666666667,0.42062906505920905
274,ST006__ST020,6,ST006,시흥시청 본청,20,ST020,시화공업단지[왼쪽부근],9694.0,9.694,2.6963772196633475,0.253989166,0.253989166,0.0,0.0,PRELIMINARY_POINT_BUFFER_PROXY,3.879216338,PRELIMINARY_90M,0.4113378877243603,0.37086799009704347,0.37086799009704347,0.253989166,0.6465360563333333,0.4206827750386843
1042,ST025__ST047,25,ST025,목감동행정복지센터,47,ST047,배곧2동행정복지센터,16058.0,16.058,2.350066404904267,0.139040922,0.136947887,0.015363229,0.0,PRELIMINARY_POINT_BUFFER_PROXY,2.624910101,PRELIMINARY_90M,0.6813765010395892,0.42551989080527125,0.42551989080527125,0.139040922,0.43748501683333335,0.4208555826695484
78,ST002__ST026,2,ST002,월곶포구,26,ST026,은계파크자이,11164.0,11.164,2.3270017875206173,0.328468027,0.272566716,0.077570388,0.0,PRELIMINARY_POINT_BUFFER_PROXY,2.711812933,PRELIMINARY_90M,0.4737132430941571,0.42973752979600577,0.42973752979600577,0.328468027,0.4519688221666667,0.4209719055142074
417,ST009__ST022,9,ST009,능곡중앙공원,22,ST022,오이도박물관,17857.0,17.857,2.3401497011026753,0.221919165,0.177785413,0.058257155,0.0,PRELIMINARY_POINT_BUFFER_PROXY,1.663606098,PRELIMINARY_90M,0.75771205499215,0.4273230894283393,0.4273230894283393,0.221919165,0.277267683,0.4210554981051224
185,ST004__ST030,4,ST004,배곧중심상가,30,ST030,장곡도서관,7163.0,7.163,1.3543081164343391,0.169732084,0.169732084,0.0,0.0,PRELIMINARY_POINT_BUFFER_PROXY,2.835022961,PRELIMINARY_90M,0.303941952730513,0.7383844103606412,0.7383844103606412,0.169732084,0.4725038268333333,0.42114056848112186
380,ST008__ST031,8,ST008,시흥능곡역,31,ST031,마전저수지,6115.0,6.115,2.0361220445288395,0.213170314,0.213170314,0.0,0.0,PRELIMINARY_POINT_BUFFER_PROXY,4.326926888,PRELIMINARY_90M,0.25947299189544704,0.4911296956324644,0.4911296956324644,0.213170314,0.7211544813333334,0.4212318707153112
1340,ST038__ST046,38,ST038,능곡도서관,46,ST046,배곧1동행정복지센터,12020.0,12.02,2.303633620358635,0.231194778,0.231194778,0.0,0.0,PRELIMINARY_POINT_BUFFER_PROXY,3.057996137,PRELIMINARY_90M,0.5100352187380659,0.4340968073926259,0.4340968073926259,0.231194778,0.5096660228333333,0.42124820674100627
1029,ST025__ST034,25,ST025,목감동행정복지센터,34,ST034,군자디지털과학고등학교,11027.0,11.027,2.6700129419572725,0.226639869,0.223590409,0.022383542,0.0,PRELIMINARY_POINT_BUFFER_PROXY,3.697276312,PRELIMINARY_90M,0.4679000297025502,0.3745300197934407,0.3745300197934407,0.226639869,0.6162127186666667,0.4213206592906644
1015,ST024__ST050,24,ST024,목감고등학교,50,ST050,시흥한라3차아파트,15648.0,15.648,2.667319135323317,0.189316905,0.189316905,0.0,0.0,PRELIMINARY_POINT_BUFFER_PROXY,2.751695554,PRELIMINARY_90M,0.6639792930793058,0.37490826903949975,0.37490826903949975,0.189316905,0.45861592566666665,0.4217050981963681
1164,ST030__ST034,30,ST030,장곡도서관,34,ST034,군자디지털과학고등학교,5196.0,5.196,1.8669374221592223,0.312566858,0.312566858,0.0,0.0,PRELIMINARY_POINT_BUFFER_PROXY,3.70960645,PRELIMINARY_90M,0.22047778673568974,0.5356365929198856,0.5356365929198856,0.312566858,0.6182677416666666,0.4217372448305605
659,ST014__ST049,14,ST014,시흥대야역,49,ST049,거북섬 웨이브파크 정문,19079.0,19.079,3.3741600518218817,0.205407748,0.176315799,0.066088574,0.0,PRELIMINARY_POINT_BUFFER_PROXY,2.258783472,PRELIMINARY_90M,0.8095642211567021,0.29637005495932206,0.29637005495932206,0.205407748,0.376463912,0.42195148402900606
1111,ST028__ST032,28,ST028,매화산업단지,32,ST032,희망공원,15832.0,15.832,2.388104053869203,0.128230476,0.128230476,0.0,0.0,PRELIMINARY_POINT_BUFFER_PROXY,2.815820813,PRELIMINARY_90M,0.6717868205541647,0.41874222288589197,0.41874222288589197,0.128230476,0.46930346883333335,0.4220157470683475
841,ST019__ST041,19,ST019,시화병원,41,ST041,연꽃테마파크,12336.0,12.336,2.607293312433885,0.181177112,0.158794754,0.044959027,0.0,PRELIMINARY_POINT_BUFFER_PROXY,3.60680508,PRELIMINARY_90M,0.5234437985318454,0.3835395102005263,0.3835395102005263,0.181177112,0.60113418,0.4223236501830929
297,ST006__ST043,6,ST006,시흥시청 본청,43,ST043,시흥종합버스터미널,8959.0,8.959,2.594531318961741,0.230185724,0.230185724,0.0,0.0,PRELIMINARY_POINT_BUFFER_PROXY,4.162107481,PRELIMINARY_90M,0.380150210039462,0.38542606623849585,0.38542606623849585,0.230185724,0.6936845801666666,0.42236164511115615
334,ST007__ST032,7,ST007,장현지구,32,ST032,희망공원,12034.0,12.034,2.3939250535017615,0.205388673,0.205388673,0.0,0.0,PRELIMINARY_POINT_BUFFER_PROXY,3.338288618,PRELIMINARY_90M,0.5106292697415878,0.4177240212834692,0.4177240212834692,0.205388673,0.5563814363333334,0.42253085008959756
960,ST023__ST026,23,ST023,오이도역,26,ST026,은계파크자이,12280.0,12.28,2.28024325171806,0.209976387,0.172215786,0.037760601,0.0,PRELIMINARY_POINT_BUFFER_PROXY,3.123676829,PRELIMINARY_90M,0.5210675945177579,0.43854970264534066,0.43854970264534066,0.209976387,0.5206128048333333,0.4225516222491079
876,ST020__ST041,20,ST020,시화공업단지[왼쪽부근],41,ST041,연꽃테마파크,13495.0,13.495,2.6410173895489404,0.173819481,0.15335923,0.041098126,0.0,PRELIMINARY_POINT_BUFFER_PROXY,3.395905401,PRELIMINARY_90M,0.5726227351805491,0.37864195970734976,0.37864195970734976,0.173819481,0.5659842334999999,0.4227671023469747
603,ST013__ST034,13,ST013,삼미시장,34,ST034,군자디지털과학고등학교,14545.0,14.545,2.298552036092485,0.225074756,0.225074756,0.0,0.0,PRELIMINARY_POINT_BUFFER_PROXY,2.488149708,PRELIMINARY_90M,0.6171765604446896,0.4350564983075127,0.4350564983075127,0.225074756,0.414691618,0.4229998581880506
411,ST009__ST016,9,ST009,능곡중앙공원,16,ST016,물왕호수,4339.0,4.339,1.9124735141481584,0.245312237,0.245312237,0.134901491,0.0,PRELIMINARY_POINT_BUFFER_PROXY,4.439840082,PRELIMINARY_90M,0.1841133788772436,0.5228830583023334,0.5228830583023334,0.245312237,0.739973347,0.4230705052948942
964,ST023__ST030,23,ST023,오이도역,30,ST030,장곡도서관,6897.0,6.897,1.3622999408685186,0.193012198,0.193012198,0.0,0.0,PRELIMINARY_POINT_BUFFER_PROXY,2.841051121,PRELIMINARY_90M,0.2926549836635974,0.7340527368462348,0.7340527368462348,0.193012198,0.47350852016666667,0.4233071096691247
561,ST012__ST034,12,ST012,신천역,34,ST034,군자디지털과학고등학교,14404.0,14.404,2.2698170332877905,0.222923155,0.222923155,0.0,0.0,PRELIMINARY_POINT_BUFFER_PROXY,2.518181043,PRELIMINARY_90M,0.6111936181949336,0.44056414474585087,0.44056414474585087,0.222923155,0.41969684049999995,0.42359443961019605
612,ST013__ST043,13,ST013,삼미시장,43,ST043,시흥종합버스터미널,15310.0,15.31,2.649796971415584,0.172186725,0.172186725,0.0,0.0,PRELIMINARY_POINT_BUFFER_PROXY,2.976276829,PRELIMINARY_90M,0.6496372045657063,0.3773874039359991,0.3773874039359991,0.172186725,0.4960461381666667,0.42381436791709304
593,ST013__ST024,13,ST013,삼미시장,24,ST024,목감고등학교,13109.0,13.109,2.658565095932811,0.301930306,0.297728615,0.064675136,0.0,PRELIMINARY_POINT_BUFFER_PROXY,2.766900127,PRELIMINARY_90M,0.5562439003691603,0.3761427551764084,0.3761427551764084,0.301930306,0.46115002116666665,0.4238667456780588
570,ST012__ST043,12,ST012,신천역,43,ST043,시흥종합버스터미널,15169.0,15.169,2.625733687606946,0.16965876,0.16965876,0.0,0.0,PRELIMINARY_POINT_BUFFER_PROXY,3.008714187,PRELIMINARY_90M,0.6436542623159502,0.38084593449817256,0.38084593449817256,0.16965876,0.5014523645,0.42390283032853066
510,ST011__ST026,11,ST011,배곧생명공원,26,ST026,은계파크자이,13760.0,13.76,2.460310514552401,0.231880739,0.198172565,0.033708175,0.0,PRELIMINARY_POINT_BUFFER_PROXY,2.843321115,PRELIMINARY_90M,0.5838672720329274,0.40645276036709044,0.40645276036709044,0.231880739,0.4738868525,0.42402190597500444
614,ST013__ST045,13,ST013,삼미시장,45,ST045,시흥중앙도서관,14811.0,14.811,2.626151804297836,0.176979189,0.176979189,0.0,0.0,PRELIMINARY_POINT_BUFFER_PROXY,3.062720973,PRELIMINARY_90M,0.6284635295116052,0.38078529899278757,0.38078529899278757,0.176979189,0.5104534955,0.4241703782510982
572,ST012__ST045,12,ST012,신천역,45,ST045,시흥중앙도서관,14670.0,14.67,2.601048177250857,0.17441092,0.17441092,0.0,0.0,PRELIMINARY_POINT_BUFFER_PROXY,3.097330323,PRELIMINARY_90M,0.6224805872618492,0.38446039129384235,0.38446039129384235,0.17441092,0.5162217205,0.42439340476392284
1000,ST024__ST035,24,ST024,목감고등학교,35,ST035,산들공원,11240.0,11.24,2.63901293879902,0.218685381,0.218685381,0.0,0.0,PRELIMINARY_POINT_BUFFER_PROXY,3.741876975,PRELIMINARY_90M,0.4769380913989901,0.37892955555386054,0.37892955555386054,0.218685381,0.6236461624999999,0.42454979761321265
704,ST015__ST054,15,ST015,목감택지개발예정지구,54,ST054,시흥 프리미엄 아울렛,12973.0,12.973,2.2155671273155124,0.164483593,0.164483593,0.0,0.0,PRELIMINARY_POINT_BUFFER_PROXY,3.194112932,PRELIMINARY_90M,0.5504731191920906,0.45135170479427,0.45135170479427,0.164483593,0.5323521553333334,0.4246651430799234
617,ST013__ST048,13,ST013,삼미시장,48,ST048,정왕평생학습관 사거리,14651.0,14.651,2.655812348205143,0.189251604,0.189251604,0.0,0.0,PRELIMINARY_POINT_BUFFER_PROXY,3.068206796,PRELIMINARY_90M,0.621674375185641,0.376532626891287,0.376532626891287,0.189251604,0.5113677993333333,0.4247066013525653
738,ST016__ST049,16,ST016,물왕호수,49,ST049,거북섬 웨이브파크 정문,18906.0,18.906,2.894398258633019,0.145707754,0.145707754,0.0,0.0,PRELIMINARY_POINT_BUFFER_PROXY,2.43312544,PRELIMINARY_90M,0.8022234480417533,0.34549495634104105,0.34549495634104105,0.145707754,0.4055209066666667,0.4247367662623653
326,ST007__ST024,7,ST007,장현지구,24,ST024,목감고등학교,7810.0,7.81,1.9356311516316742,0.218129369,0.218129369,0.0,0.0,PRELIMINARY_POINT_BUFFER_PROXY,3.797294408,PRELIMINARY_90M,0.331395595536131,0.516627353903161,0.516627353903161,0.218129369,0.6328824013333333,0.4247586799431563
1096,ST027__ST044,27,ST027,은행동행정복지센터,44,ST044,경기과학기술대학교,15061.0,15.061,2.6153910541495997,0.183273142,0.183273142,0.0,0.0,PRELIMINARY_POINT_BUFFER_PROXY,2.967842276,PRELIMINARY_90M,0.6390715831459244,0.3823519998714503,0.3823519998714503,0.183273142,0.4946403793333333,0.42483427608767704
575,ST012__ST048,12,ST012,신천역,48,ST048,정왕평생학습관 사거리,14510.0,14.51,2.630712594917702,0.186772297,0.186772297,0.0,0.0,PRELIMINARY_POINT_BUFFER_PROXY,3.102818824,PRELIMINARY_90M,0.6156914329358849,0.38012514249253576,0.38012514249253576,0.186772297,0.5171364706666667,0.42493133577377185
418,ST009__ST023,9,ST009,능곡중앙공원,23,ST023,오이도역,10456.0,10.456,2.280880731978156,0.228354375,0.198428371,0.054049945,0.0,PRELIMINARY_POINT_BUFFER_PROXY,3.536089925,PRELIMINARY_90M,0.44367123520176516,0.4384271329841621,0.4384271329841621,0.228354375,0.5893483208333333,0.4249502660048151
462,ST010__ST022,10,ST010,은계호수공원,22,ST022,오이도박물관,20533.0,20.533,2.437397583610009,0.158947261,0.135800931,0.02314633,0.0,PRELIMINARY_POINT_BUFFER_PROXY,1.557131665,PRELIMINARY_90M,0.8712606610939025,0.4102736487163118,0.4102736487163118,0.158947261,0.2595219441666667,0.42500087874422027
1280,ST035__ST040,35,ST035,산들공원,40,ST040,갯골생태공원,5984.0,5.984,1.9719072015673569,0.291867828,0.291867828,0.0,0.0,PRELIMINARY_POINT_BUFFER_PROXY,3.883772356,PRELIMINARY_90M,0.2539143717910638,0.5071232557014634,0.5071232557014634,0.291867828,0.6472953926666667,0.4250502120397985
414,ST009__ST019,9,ST009,능곡중앙공원,19,ST019,시화병원,10406.0,10.406,2.4930300112958856,0.230123804,0.200050307,0.054316337,0.0,PRELIMINARY_POINT_BUFFER_PROXY,3.771978233,PRELIMINARY_90M,0.44154962447490137,0.40111831605276044,0.40111831605276044,0.230123804,0.6286630388333333,0.4253636958402488
1416,ST043__ST052,43,ST043,시흥종합버스터미널,52,ST052,가온그린공원,7723.0,7.723,2.6810852048267755,0.272057108,0.272057108,0.0,0.0,PRELIMINARY_POINT_BUFFER_PROXY,4.373165634,PRELIMINARY_90M,0.32770399287138796,0.3729832972856265,0.3729832972856265,0.272057108,0.728860939,0.42540133428925364
687,ST015__ST037,15,ST015,목감택지개발예정지구,37,ST037,군자동행정복지센터,11484.0,11.484,2.5824693495429583,0.230249468,0.230249468,0.0,0.0,PRELIMINARY_POINT_BUFFER_PROXY,3.582517943,PRELIMINARY_90M,0.4872915517460856,0.38722628021779953,0.38722628021779953,0.230249468,0.5970863238333334,0.42546340594930465
1182,ST030__ST052,30,ST030,장곡도서관,52,ST052,가온그린공원,791.0,0.791,1.4122876848564432,0.639846456,0.639846456,0.0,0.0,PRELIMINARY_POINT_BUFFER_PROXY,1.92746504,PRELIMINARY_90M,0.03356388169898587,0.7080710330640945,0.7080710330640945,0.639846456,0.3212441733333333,0.4256813860241034
501,ST011__ST017,11,ST011,배곧생명공원,17,ST017,장곡동,7363.0,7.363,2.5772716545856533,0.300840999,0.300840999,0.0,0.0,PRELIMINARY_POINT_BUFFER_PROXY,4.208993527,PRELIMINARY_90M,0.31242839563796837,0.3880072161662638,0.3880072161662638,0.300840999,0.7014989211666666,0.4256938829927247
342,ST007__ST040,7,ST007,장현지구,40,ST040,갯골생태공원,3004.0,3.004,1.4936565315277723,0.625530067,0.625530067,0.0,0.0,PRELIMINARY_POINT_BUFFER_PROXY,1.681985565,PRELIMINARY_90M,0.12746637246997922,0.669497959465393,0.669497959465393,0.625530067,0.2803309275,0.4257063316088431
1395,ST042__ST043,42,ST042,시흥시청역,43,ST043,시흥종합버스터미널,9030.0,9.03,2.5458886758955748,0.240915781,0.240915781,0.0,0.0,PRELIMINARY_POINT_BUFFER_PROXY,4.120803571,PRELIMINARY_90M,0.3831628972716086,0.3927901520078159,0.3927901520078159,0.240915781,0.6868005951666666,0.4259173563615227
827,ST019__ST027,19,ST019,시화병원,27,ST027,은행동행정복지센터,12955.0,12.955,2.5072274000019643,0.223128268,0.187334823,0.035793445,0.0,PRELIMINARY_POINT_BUFFER_PROXY,3.193730383,PRELIMINARY_90M,0.5497093393304197,0.3988469494227833,0.3988469494227833,0.223128268,0.5322883971666666,0.4259932384799674
690,ST015__ST040,15,ST015,목감택지개발예정지구,40,ST040,갯골생태공원,9144.0,9.144,2.00599114296807,0.189585065,0.189585065,0.0,0.0,PRELIMINARY_POINT_BUFFER_PROXY,3.767553046,PRELIMINARY_90M,0.38800016972885815,0.49850668758207833,0.49850668758207833,0.189585065,0.6279255076666667,0.4260043574944008
1112,ST028__ST033,28,ST028,매화산업단지,33,ST033,타원산업단지,15695.0,15.695,2.454285906034411,0.164407328,0.164407328,0.0,0.0,PRELIMINARY_POINT_BUFFER_PROXY,2.799555796,PRELIMINARY_90M,0.6659736071625578,0.40745049203162365,0.40745049203162365,0.164407328,0.4665926326666667,0.42610601496521205
706,ST016__ST017,16,ST016,물왕호수,17,ST017,장곡동,5417.0,5.417,1.9745791872443519,0.212878701,0.212878701,0.0,0.0,PRELIMINARY_POINT_BUFFER_PROXY,4.531672654,PRELIMINARY_90M,0.2298553061484279,0.5064370203332095,0.5064370203332095,0.212878701,0.7552787756666667,0.42611245078707605
371,ST008__ST022,8,ST008,시흥능곡역,22,ST022,오이도박물관,16992.0,16.992,2.269036747791978,0.205776754,0.177809106,0.027967648,0.0,PRELIMINARY_POINT_BUFFER_PROXY,2.02411338,PRELIMINARY_90M,0.7210081894174057,0.44071564771840294,0.44071564771840294,0.205776754,0.33735223000000003,0.4262132052839522
631,ST014__ST021,14,ST014,시흥대야역,21,ST021,오이도 포구 해양관광 단지,17809.0,17.809,3.42296189456145,0.238295058,0.178126057,0.099804857,0.0,PRELIMINARY_POINT_BUFFER_PROXY,2.512435415,PRELIMINARY_90M,0.7556753086943607,0.2921446486415298,0.2921446486415298,0.238295058,0.41873923583333333,0.426213562792306
702,ST015__ST052,15,ST015,목감택지개발예정지구,52,ST052,가온그린공원,8287.0,8.287,2.079700427811776,0.209100319,0.209100319,0.0,0.0,PRELIMINARY_POINT_BUFFER_PROXY,3.986145537,PRELIMINARY_90M,0.351635761870412,0.48083848357533987,0.48083848357533987,0.209100319,0.6643575895,0.426483038486438
88,ST002__ST036,2,ST002,월곶포구,36,ST036,시흥시립군자도서관,12778.0,12.778,2.769855391684176,0.137954825,0.137954825,0.0,0.0,PRELIMINARY_POINT_BUFFER_PROXY,3.991808188,PRELIMINARY_90M,0.5421988373573217,0.36102967793996005,0.36102967793996005,0.137954825,0.6653013646666667,0.42662117624098705
689,ST015__ST039,15,ST015,목감택지개발예정지구,39,ST039,능곡힐스테이트,7151.0,7.151,2.1007990111285837,0.265424342,0.222570912,0.046142766,0.0,PRELIMINARY_POINT_BUFFER_PROXY,3.977932459,PRELIMINARY_90M,0.3034327661560657,0.4760093634387154,0.4760093634387154,0.265424342,0.6629887431666667,0.4269638036903619
763,ST017__ST036,17,ST017,장곡동,36,ST036,시흥시립군자도서관,5061.0,5.061,1.9616842116374067,0.29462359,0.29462359,0.0,0.0,PRELIMINARY_POINT_BUFFER_PROXY,4.135337569,PRELIMINARY_90M,0.2147494377731574,0.5097660439267673,0.5097660439267673,0.29462359,0.6892229281666666,0.42709049996664783
589,ST013__ST020,13,ST013,삼미시장,20,ST020,시화공업단지[왼쪽부근],14405.0,14.405,2.6488376477715785,0.203930753,0.170490253,0.0334405,0.0,PRELIMINARY_POINT_BUFFER_PROXY,3.094128642,PRELIMINARY_90M,0.6112360504094708,0.377524081493361,0.377524081493361,0.203930753,0.515688107,0.427094747975708
322,ST007__ST020,7,ST007,장현지구,20,ST020,시화공업단지[왼쪽부근],10307.0,10.307,2.5362418727732217,0.264744719,0.264744719,0.0,0.0,PRELIMINARY_POINT_BUFFER_PROXY,3.67636277,PRELIMINARY_90M,0.43734883523571094,0.3942841614339261,0.3942841614339261,0.264744719,0.6127271283333333,0.4272762110007426
547,ST012__ST020,12,ST012,신천역,20,ST020,시화공업단지[왼쪽부근],14264.0,14.264,2.6232290536107215,0.201551107,0.167784378,0.033766729,0.0,PRELIMINARY_POINT_BUFFER_PROXY,3.12701089,PRELIMINARY_90M,0.6052531081597149,0.381209562551756,0.381209562551756,0.201551107,0.5211684816666667,0.42729556484453446
941,ST022__ST039,22,ST022,오이도박물관,39,ST039,능곡힐스테이트,16119.0,16.119,2.8767569285917025,0.21669545,0.199475198,0.017220252,0.0,PRELIMINARY_POINT_BUFFER_PROXY,2.767784351,PRELIMINARY_90M,0.6839648661263631,0.34761365830429874,0.34761365830429874,0.21669545,0.46129739183333335,0.4273928415659988
862,ST020__ST027,20,ST020,시화공업단지[왼쪽부근],27,ST027,은행동행정복지센터,14114.0,14.114,2.547685605683168,0.212649556,0.179794867,0.032854689,0.0,PRELIMINARY_POINT_BUFFER_PROXY,3.034051676,PRELIMINARY_90M,0.5988882759791233,0.39251310984733834,0.39251310984733834,0.212649556,0.5056752793333333,0.4274315552899487
1358,ST039__ST048,39,ST039,능곡힐스테이트,48,ST048,정왕평생학습관 사거리,10643.0,10.643,2.5090757639657406,0.249041878,0.234552605,0.051778256,0.0,PRELIMINARY_POINT_BUFFER_PROXY,3.67443327,PRELIMINARY_90M,0.4516060593202359,0.3985531303444746,0.3985531303444746,0.249041878,0.612405545,0.4279016531661777
1011,ST024__ST046,24,ST024,목감고등학교,46,ST046,배곧1동행정복지센터,14198.0,14.198,2.307815181281656,0.193719036,0.193719036,0.0,0.0,PRELIMINARY_POINT_BUFFER_PROXY,2.901274811,PRELIMINARY_90M,0.6024525820002546,0.43331026163223574,0.43331026163223574,0.193719036,0.48354580183333334,0.42825692036645596
728,ST016__ST039,16,ST016,물왕호수,39,ST039,능곡힐스테이트,4090.0,4.09,2.0,0.250178222,0.175234323,0.080696429,0.0,PRELIMINARY_POINT_BUFFER_PROXY,4.74147672,PRELIMINARY_90M,0.1735477574574617,0.5,0.5,0.250178222,0.7902461199999999,0.4284930248643654
826,ST019__ST026,19,ST019,시화병원,26,ST026,은계파크자이,13126.0,13.126,2.487597096798354,0.235414017,0.200086749,0.035327268,0.0,PRELIMINARY_POINT_BUFFER_PROXY,3.119663938,PRELIMINARY_90M,0.556965248016294,0.4019943588481606,0.4019943588481606,0.235414017,0.5199439896666667,0.42857940338278033
587,ST013__ST018,13,ST013,삼미시장,18,ST018,정왕역,14710.0,14.71,2.5715421277646224,0.192551951,0.192551951,0.0,0.0,PRELIMINARY_POINT_BUFFER_PROXY,3.055270646,PRELIMINARY_90M,0.6241778758433403,0.38887171600384207,0.38887171600384207,0.192551951,0.5092117743333333,0.42870332929512894
343,ST007__ST041,7,ST007,장현지구,41,ST041,연꽃테마파크,5963.0,5.963,1.7948613454178433,0.381443526,0.355056843,0.091388128,0.0,PRELIMINARY_POINT_BUFFER_PROXY,3.139713519,PRELIMINARY_90M,0.253023295285781,0.5571461007575492,0.5571461007575492,0.381443526,0.5232855865,0.4287246271358326
345,ST007__ST043,7,ST007,장현지구,43,ST043,시흥종합버스터미널,9572.0,9.572,2.4286399381834176,0.243291198,0.243291198,0.0,0.0,PRELIMINARY_POINT_BUFFER_PROXY,3.925570549,PRELIMINARY_90M,0.40616115755081256,0.4117530903934584,0.4117530903934584,0.243291198,0.6542617581666667,0.42886680102773445
545,ST012__ST018,12,ST012,신천역,18,ST018,정왕역,14569.0,14.569,2.5457409355160103,0.190114344,0.190114344,0.0,0.0,PRELIMINARY_POINT_BUFFER_PROXY,3.089810354,PRELIMINARY_90M,0.6181949335935842,0.39281294732266403,0.39281294732266403,0.190114344,0.5149683923333334,0.4290226543123954
1085,ST027__ST033,27,ST027,은행동행정복지센터,33,ST033,타원산업단지,16650.0,16.65,2.6028370461977524,0.173630221,0.173630221,0.0,0.0,PRELIMINARY_POINT_BUFFER_PROXY,2.712212482,PRELIMINARY_90M,0.7064963720456571,0.3841961606704534,0.3841961606704534,0.173630221,0.45203541366666666,0.4290895418456943
551,ST012__ST024,12,ST012,신천역,24,ST024,목감고등학교,14185.0,14.185,2.301252154691879,0.168264621,0.168264621,0.0,0.0,PRELIMINARY_POINT_BUFFER_PROXY,3.07018481,PRELIMINARY_90M,0.60190096321127,0.4345460352796031,0.4345460352796031,0.168264621,0.5116974683333334,0.42910227195605166
1026,ST025__ST031,25,ST025,목감동행정복지센터,31,ST031,마전저수지,9672.0,9.672,2.255346999795927,0.113899704,0.110424545,0.025508246,0.0,PRELIMINARY_POINT_BUFFER_PROXY,4.494392828,PRELIMINARY_90M,0.41040437900454024,0.443390750997733,0.443390750997733,0.113899704,0.7490654713333332,0.4291900763339016
663,ST014__ST053,14,ST014,시흥대야역,53,ST053,오이도 빨강등대,18174.0,18.174,3.3943322102232214,0.231820017,0.174848506,0.095809902,0.0,PRELIMINARY_POINT_BUFFER_PROXY,2.517703092,PRELIMINARY_90M,0.7711630670004668,0.2946087589741951,0.2946087589741951,0.231820017,0.41961718200000003,0.42930225624366547
710,ST016__ST021,16,ST016,물왕호수,21,ST021,오이도 포구 해양관광 단지,17636.0,17.636,2.9091175450822373,0.174615597,0.145330882,0.029284715,0.0,PRELIMINARY_POINT_BUFFER_PROXY,2.706197271,PRELIMINARY_90M,0.7483345355794119,0.3437468526118738,0.3437468526118738,0.174615597,0.4510328785,0.4294324659228214
1084,ST027__ST032,27,ST027,은행동행정복지센터,32,ST032,희망공원,17413.0,17.413,2.8264849467220805,0.174782845,0.174782845,0.0,0.0,PRELIMINARY_POINT_BUFFER_PROXY,2.70186216,PRELIMINARY_90M,0.7388721517375992,0.3537963296637104,0.3537963296637104,0.174782845,0.45031036,0.4294404216003274
556,ST012__ST029,12,ST012,신천역,29,ST029,관곡공원,5571.0,5.571,1.4799014920236022,0.386775582,0.309575788,0.077199794,0.0,PRELIMINARY_POINT_BUFFER_PROXY,2.517723357,PRELIMINARY_90M,0.2363898671871685,0.6757206512661935,0.6757206512661935,0.386775582,0.4196205595,0.4296266649883405
1390,ST041__ST051,41,ST041,연꽃테마파크,51,ST051,연성중학교,2393.0,2.393,1.8827646315644875,0.438765774,0.401394363,0.072125664,0.0,PRELIMINARY_POINT_BUFFER_PROXY,3.886342784,PRELIMINARY_90M,0.10154028938770314,0.5311338354433861,0.5311338354433861,0.438765774,0.6477237973333333,0.42979092404110564
747,ST017__ST020,17,ST017,장곡동,20,ST020,시화공업단지[왼쪽부근],8191.0,8.191,2.726294731484664,0.287883576,0.287883576,0.0,0.0,PRELIMINARY_POINT_BUFFER_PROXY,4.304343613,PRELIMINARY_90M,0.34756226927483347,0.3667981999346886,0.3667981999346886,0.287883576,0.7173906021666667,0.4299086618440472
1476,ST051__ST052,51,ST051,연성중학교,52,ST052,가온그린공원,3384.0,3.384,1.8183133651064234,0.470012372,0.443583355,0.051006918,0.0,PRELIMINARY_POINT_BUFFER_PROXY,3.338281338,PRELIMINARY_90M,0.14359061399414436,0.5499602099341504,0.5499602099341504,0.470012372,0.556380223,0.42998585473207374
861,ST020__ST026,20,ST020,시화공업단지[왼쪽부근],26,ST026,은계파크자이,14285.0,14.285,2.529163537577769,0.224064082,0.191602585,0.032461498,0.0,PRELIMINARY_POINT_BUFFER_PROXY,2.966812488,PRELIMINARY_90M,0.6061441846649976,0.39538763909182406,0.39538763909182406,0.224064082,0.494468748,0.43001616343920546
277,ST006__ST023,6,ST006,시흥시청 본청,23,ST023,오이도역,8080.0,8.08,2.309958576717372,0.237837615,0.237837615,0.0,0.0,PRELIMINARY_POINT_BUFFER_PROXY,4.247882056,PRELIMINARY_90M,0.3428522934611957,0.4329081958781601,0.4329081958781601,0.237837615,0.7079803426666667,0.4303946117515056
1437,ST045__ST052,45,ST045,시흥중앙도서관,52,ST052,가온그린공원,7230.0,7.23,2.580652783901376,0.255536809,0.255536809,0.0,0.0,PRELIMINARY_POINT_BUFFER_PROXY,4.637835143,PRELIMINARY_90M,0.30678491110451056,0.38749885542068985,0.38749885542068985,0.255536809,0.7729725238333334,0.4306982748396334
267,ST006__ST013,6,ST006,시흥시청 본청,13,ST013,삼미시장,11455.0,11.455,2.6163837818491467,0.201577269,0.174703637,0.087897649,0.0,PRELIMINARY_POINT_BUFFER_PROXY,3.918999504,PRELIMINARY_90M,0.4860610175245046,0.38220692504569925,0.38220692504569925,0.201577269,0.6531665839999999,0.4307529488925509
332,ST007__ST030,7,ST007,장현지구,30,ST030,장곡도서관,1683.0,1.683,1.4562870070184697,0.759142743,0.759142743,0.0,0.0,PRELIMINARY_POINT_BUFFER_PROXY,1.235595407,PRELIMINARY_90M,0.07141341706623669,0.6866778287388218,0.6866778287388218,0.759142743,0.20593256783333333,0.4307916391595979
536,ST011__ST052,11,ST011,배곧생명공원,52,ST052,가온그린공원,7927.0,7.927,2.5372493883302685,0.314692628,0.314692628,0.0,0.0,PRELIMINARY_POINT_BUFFER_PROXY,4.068576505,PRELIMINARY_90M,0.3363601646369924,0.39412759526097957,0.39412759526097957,0.314692628,0.6780960841666667,0.4308191180161597
299,ST006__ST045,6,ST006,시흥시청 본청,45,ST045,시흥중앙도서관,8460.0,8.46,2.5498869254037335,0.241986931,0.241986931,0.0,0.0,PRELIMINARY_POINT_BUFFER_PROXY,4.385498652,PRELIMINARY_90M,0.35897653498536086,0.3921742529197314,0.3921742529197314,0.241986931,0.7309164419999999,0.43101354022627303
680,ST015__ST030,15,ST015,목감택지개발예정지구,30,ST030,장곡도서관,8807.0,8.807,2.0749987409926467,0.227250281,0.227250281,0.0,0.0,PRELIMINARY_POINT_BUFFER_PROXY,3.848886438,PRELIMINARY_90M,0.3737005134297959,0.4819280032534457,0.4819280032534457,0.227250281,0.641481073,0.4310899676708104
770,ST017__ST043,17,ST017,장곡동,43,ST043,시흥종합버스터미널,7648.0,7.648,2.5813963042428436,0.250235778,0.250235778,0.0,0.0,PRELIMINARY_POINT_BUFFER_PROXY,4.57330077,PRELIMINARY_90M,0.3245215767810922,0.38738724401068386,0.38738724401068386,0.250235778,0.7622167950000001,0.431090348447944
336,ST007__ST034,7,ST007,장현지구,34,ST034,군자디지털과학고등학교,5320.0,5.32,1.7415557933434342,0.349152348,0.349152348,0.0,0.0,PRELIMINARY_POINT_BUFFER_PROXY,3.459564988,PRELIMINARY_90M,0.22573938133831203,0.574199232561021,0.574199232561021,0.349152348,0.5765941646666667,0.43142128164149995
273,ST006__ST019,6,ST006,시흥시청 본청,19,ST019,시화병원,8030.0,8.03,2.585118830440043,0.240191619,0.240191619,0.0,0.0,PRELIMINARY_POINT_BUFFER_PROXY,4.553296659,PRELIMINARY_90M,0.3407306827343319,0.38682941311049074,0.38682941311049074,0.240191619,0.7588827765,0.43165862283620565
930,ST022__ST028,22,ST022,오이도박물관,28,ST028,매화산업단지,18179.0,18.179,2.820257511125228,0.17361703,0.17361703,0.0,0.0,PRELIMINARY_POINT_BUFFER_PROXY,2.564393799,PRELIMINARY_90M,0.7713752280731532,0.3545775504737578,0.3545775504737578,0.17361703,0.4273989665,0.43174219376172773
816,ST018__ST052,18,ST018,정왕역,52,ST052,가온그린공원,6635.0,6.635,2.5954303365631386,0.232705275,0.232705275,0.0,0.0,PRELIMINARY_POINT_BUFFER_PROXY,4.965953657,PRELIMINARY_90M,0.2815377434548309,0.38529256051009914,0.38529256051009914,0.232705275,0.8276589428333333,0.4317986304495658
298,ST006__ST044,6,ST006,시흥시청 본청,44,ST044,경기과학기술대학교,9695.0,9.695,2.6375648814314294,0.270726205,0.270726205,0.0,0.0,PRELIMINARY_POINT_BUFFER_PROXY,3.999571885,PRELIMINARY_90M,0.4113803199388976,0.3791375928001025,0.3791375928001025,0.270726205,0.6665953141666666,0.4319598579764167
1206,ST031__ST052,31,ST031,마전저수지,52,ST052,가온그린공원,2690.0,2.69,2.0640110584536466,0.390648941,0.390648941,0.0,0.0,PRELIMINARY_POINT_BUFFER_PROXY,4.432005921,PRELIMINARY_90M,0.11414265710527433,0.4844935282222752,0.4844935282222752,0.390648941,0.7386676535,0.43198819495688734
700,ST015__ST050,15,ST015,목감택지개발예정지구,50,ST050,시흥한라3차아파트,16024.0,16.024,2.6516758361959587,0.204722169,0.204722169,0.0,0.0,PRELIMINARY_POINT_BUFFER_PROXY,2.798571257,PRELIMINARY_90M,0.6799338057453218,0.3771200032635136,0.3771200032635136,0.204722169,0.4664285428333333,0.43205113021054214
865,ST020__ST030,20,ST020,시화공업단지[왼쪽부근],30,ST030,장곡도서관,9297.0,9.297,2.2030361017731273,0.21011764,0.21011764,0.0,0.0,PRELIMINARY_POINT_BUFFER_PROXY,4.026544933,PRELIMINARY_90M,0.3944922985530615,0.4539190252920249,0.4539190252920249,0.21011764,0.6710908221666667,0.43240494650293826
742,ST016__ST053,16,ST016,물왕호수,53,ST053,오이도 빨강등대,18001.0,18.001,2.8906514378990043,0.169372121,0.142688138,0.026683983,0.0,PRELIMINARY_POINT_BUFFER_PROXY,2.707782511,PRELIMINARY_90M,0.7638222938855179,0.34594278192421024,0.34594278192421024,0.169372121,0.45129708516666667,0.4326085704940987
1427,ST044__ST052,44,ST044,경기과학기술대학교,52,ST052,가온그린공원,8424.0,8.424,2.552281853578836,0.289896098,0.289896098,0.0,0.0,PRELIMINARY_POINT_BUFFER_PROXY,4.155282954,PRELIMINARY_90M,0.3574489752620189,0.3918062570549525,0.3918062570549525,0.289896098,0.692547159,0.4329246223292429
999,ST024__ST034,24,ST024,목감고등학교,34,ST034,군자디지털과학고등학교,11593.0,11.593,2.597756645360384,0.242340239,0.242340239,0.0,0.0,PRELIMINARY_POINT_BUFFER_PROXY,3.68018367,PRELIMINARY_90M,0.4919166631306488,0.3849475283937811,0.3849475283937811,0.242340239,0.613363945,0.43314209388110747
1012,ST024__ST047,24,ST024,목감고등학교,47,ST047,배곧2동행정복지센터,16624.0,16.624,2.3105869021332817,0.152964994,0.152964994,0.0,0.0,PRELIMINARY_POINT_BUFFER_PROXY,2.651031614,PRELIMINARY_90M,0.7053931344676879,0.4327904737435913,0.4327904737435913,0.152964994,0.44183860233333333,0.43324680113615316
560,ST012__ST033,12,ST012,신천역,33,ST033,타원산업단지,17491.0,17.491,2.6374366535877343,0.155308349,0.155308349,0.0,0.0,PRELIMINARY_POINT_BUFFER_PROXY,2.7472813,PRELIMINARY_90M,0.7421818644715068,0.3791560258479342,0.3791560258479342,0.155308349,0.4578802166666667,0.4336316139965269
720,ST016__ST031,16,ST016,물왕호수,31,ST031,마전저수지,7553.0,7.553,2.1709163510349363,0.113202954,0.113202954,0.0,0.0,PRELIMINARY_POINT_BUFFER_PROXY,5.041993359,PRELIMINARY_90M,0.32049051640005094,0.4606349754209885,0.4606349754209885,0.113202954,0.8403322265000001,0.4336651680802599
602,ST013__ST033,13,ST013,삼미시장,33,ST033,타원산업단지,17632.0,17.632,2.6582393296996996,0.157616703,0.157616703,0.0,0.0,PRELIMINARY_POINT_BUFFER_PROXY,2.721854877,PRELIMINARY_90M,0.7481648067212627,0.3761888513300154,0.3761888513300154,0.157616703,0.45364247950000003,0.4339032101378195
716,ST016__ST027,16,ST016,물왕호수,27,ST027,은행동행정복지센터,9672.0,9.672,2.061470853179971,0.18259595,0.134638072,0.047957878,0.0,PRELIMINARY_POINT_BUFFER_PROXY,3.949408294,PRELIMINARY_90M,0.41040437900454024,0.48509053545793585,0.48509053545793585,0.18259595,0.6582347156666667,0.4340813950322857
801,ST018__ST037,18,ST018,정왕역,37,ST037,군자동행정복지센터,5956.0,5.956,1.5510283272592456,0.43580932,0.43580932,0.0,0.0,PRELIMINARY_POINT_BUFFER_PROXY,2.429115274,PRELIMINARY_90M,0.25272626978402,0.6447335502679415,0.6447335502679415,0.43580932,0.4048525456666667,0.4345304214296571
302,ST006__ST048,6,ST006,시흥시청 본청,48,ST048,정왕평생학습관 사거리,8300.0,8.3,2.600756339187811,0.26492128,0.26492128,0.0,0.0,PRELIMINARY_POINT_BUFFER_PROXY,4.419057988,PRELIMINARY_90M,0.3521873806593966,0.3845035326578458,0.3845035326578458,0.26492128,0.7365096646666666,0.4345304644959772
413,ST009__ST018,9,ST009,능곡중앙공원,18,ST018,정왕역,10735.0,10.735,2.392884336098931,0.253786149,0.224636968,0.05264691,0.0,PRELIMINARY_POINT_BUFFER_PROXY,3.665801204,PRELIMINARY_90M,0.45550982305766535,0.4179056985388099,0.4179056985388099,0.253786149,0.6109668673333334,0.43454213448245216
1461,ST048__ST052,48,ST048,정왕평생학습관 사거리,52,ST052,가온그린공원,7059.0,7.059,2.631176579104022,0.278804075,0.278804075,0.0,0.0,PRELIMINARY_POINT_BUFFER_PROXY,4.6806906,PRELIMINARY_90M,0.2995290024186362,0.38005811086252667,0.38005811086252667,0.278804075,0.7801151000000001,0.43462657207029076
1397,ST042__ST045,42,ST042,시흥시청역,45,ST045,시흥중앙도서관,8531.0,8.531,2.498783433268731,0.25324337,0.25324337,0.0,0.0,PRELIMINARY_POINT_BUFFER_PROXY,4.340822591,PRELIMINARY_90M,0.3619892222175075,0.40019474544533495,0.40019474544533495,0.25324337,0.7234704318333334,0.43472444237404395
1396,ST042__ST044,42,ST042,시흥시청역,44,ST044,경기과학기술대학교,9766.0,9.766,2.5922763110812763,0.280348142,0.280348142,0.0,0.0,PRELIMINARY_POINT_BUFFER_PROXY,3.962574696,PRELIMINARY_90M,0.41439300717104427,0.385761346398635,0.385761346398635,0.280348142,0.660429116,0.43523290289241984
685,ST015__ST035,15,ST015,목감택지개발예정지구,35,ST035,산들공원,11616.0,11.616,2.6183413371462763,0.238994137,0.238994137,0.0,0.0,PRELIMINARY_POINT_BUFFER_PROXY,3.764893781,PRELIMINARY_90M,0.4928926040650062,0.3819211749870235,0.3819211749870235,0.238994137,0.6274822968333333,0.4353225532213407
1329,ST037__ST052,37,ST037,군자동행정복지센터,52,ST052,가온그린공원,4929.0,4.929,1.8657671765131771,0.32268539,0.32268539,0.0,0.0,PRELIMINARY_POINT_BUFFER_PROXY,4.042820461,PRELIMINARY_90M,0.20914838545423686,0.535972554661853,0.535972554661853,0.32268539,0.6738034101666667,0.4354024350706891
667,ST015__ST017,15,ST015,목감택지개발예정지구,17,ST017,장곡동,8478.0,8.478,2.068764394021674,0.239205014,0.239205014,0.0,0.0,PRELIMINARY_POINT_BUFFER_PROXY,3.963866732,PRELIMINARY_90M,0.35974031484703184,0.48338032251995694,0.48338032251995694,0.239205014,0.6606444553333334,0.4357425266750805
651,ST014__ST041,14,ST014,시흥대야역,41,ST041,연꽃테마파크,12834.0,12.834,2.038415615350713,0.204727689,0.164845697,0.061588308,0.0,PRELIMINARY_POINT_BUFFER_PROXY,3.019574373,PRELIMINARY_90M,0.5445750413714092,0.4905770896127815,0.4905770896127815,0.204727689,0.5032623955000001,0.43578555387104767
613,ST013__ST044,13,ST013,삼미시장,44,ST044,경기과학기술대학교,16046.0,16.046,2.6732600283408345,0.199346259,0.199346259,0.0,0.0,PRELIMINARY_POINT_BUFFER_PROXY,2.933287024,PRELIMINARY_90M,0.6808673144651419,0.37407509535114414,0.37407509535114414,0.199346259,0.4888811706666667,0.43579245987073817
646,ST014__ST036,14,ST014,시흥대야역,36,ST036,시흥시립군자도서관,16722.0,16.722,2.5328890206858636,0.168782508,0.154692335,0.014090172,0.0,PRELIMINARY_POINT_BUFFER_PROXY,2.820323135,PRELIMINARY_90M,0.709551491492341,0.3948060857910059,0.3948060857910059,0.168782508,0.47005385583333337,0.4357984852791701
1173,ST030__ST043,30,ST030,장곡도서관,43,ST043,시흥종합버스터미널,7435.0,7.435,2.7164252710890455,0.229056794,0.229056794,0.0,0.0,PRELIMINARY_POINT_BUFFER_PROXY,4.983186745,PRELIMINARY_90M,0.3154835150846523,0.36813087061257116,0.36813087061257116,0.229056794,0.8305311241666667,0.43580057596597255
571,ST012__ST044,12,ST012,신천역,44,ST044,경기과학기술대학교,15905.0,15.905,2.65051695524312,0.197172949,0.197172949,0.0,0.0,PRELIMINARY_POINT_BUFFER_PROXY,2.963593412,PRELIMINARY_90M,0.6748843722153859,0.3772848907915303,0.3772848907915303,0.197172949,0.4939322353333333,0.4358186118350624
852,ST019__ST052,19,ST019,시화병원,52,ST052,가온그린공원,7267.0,7.267,2.653328762428982,0.299514676,0.299514676,0.0,0.0,PRELIMINARY_POINT_BUFFER_PROXY,4.553000916,PRELIMINARY_90M,0.30835490304238977,0.3768850713714621,0.3768850713714621,0.299514676,0.758833486,0.4358970341034629
1349,ST038__ST055,38,ST038,능곡도서관,55,ST055,해양생태과학관,18958.0,18.958,2.8722622467666086,0.166048356,0.166048356,0.0,0.0,PRELIMINARY_POINT_BUFFER_PROXY,2.551145389,PRELIMINARY_90M,0.8044299231976917,0.34815762423007507,0.34815762423007507,0.166048356,0.4251908981666667,0.4359567003986084
180,ST004__ST025,4,ST004,배곧중심상가,25,ST025,목감동행정복지센터,16770.0,16.77,2.838874877911118,0.131237165,0.131237165,0.010426758,0.0,PRELIMINARY_POINT_BUFFER_PROXY,3.294681109,PRELIMINARY_90M,0.7115882377901303,0.35225222773319737,0.35225222773319737,0.131237165,0.5491135181666666,0.43604778717249854
715,ST016__ST026,16,ST016,물왕호수,26,ST026,은계파크자이,9843.0,9.843,2.0430294187126394,0.199688668,0.152563984,0.047124684,0.0,PRELIMINARY_POINT_BUFFER_PROXY,3.839006543,PRELIMINARY_90M,0.4176602876904146,0.489469212161479,0.489469212161479,0.199688668,0.6398344238333333,0.4366631479213067
347,ST007__ST045,7,ST007,장현지구,45,ST045,시흥중앙도서관,9073.0,9.073,2.377914665313401,0.255013601,0.255013601,0.0,0.0,PRELIMINARY_POINT_BUFFER_PROXY,4.120945997,PRELIMINARY_90M,0.3849874824967115,0.4205365375751209,0.4205365375751209,0.255013601,0.6868243328333333,0.4368404884762914
321,ST007__ST019,7,ST007,장현지구,19,ST019,시화병원,8643.0,8.643,2.4020451386071913,0.253997224,0.253997224,0.0,0.0,PRELIMINARY_POINT_BUFFER_PROXY,4.263780363,PRELIMINARY_90M,0.3667416302456825,0.4163119101832711,0.4163119101832711,0.253997224,0.7106300605000001,0.4369202062322385
433,ST009__ST038,9,ST009,능곡중앙공원,38,ST038,능곡도서관,744.0,0.744,2.0,0.97496266,0.515421611,0.830516213,0.0,PRELIMINARY_POINT_BUFFER_PROXY,1.451338391,PRELIMINARY_90M,0.031569567615733866,0.5,0.5,0.97496266,0.24188973183333332,0.43710548986226677
379,ST008__ST030,8,ST008,시흥능곡역,30,ST030,장곡도서관,2575.0,2.575,2.0,0.366377515,0.366377515,0.0,0.0,PRELIMINARY_POINT_BUFFER_PROXY,4.637122017,PRELIMINARY_90M,0.1092629524334875,0.5,0.5,0.366377515,0.7728536695,0.4371235342333719
89,ST002__ST037,2,ST002,월곶포구,37,ST037,군자동행정복지센터,13254.0,13.254,2.7063087385279334,0.168906554,0.168906554,0.0,0.0,PRELIMINARY_POINT_BUFFER_PROXY,3.891570706,PRELIMINARY_90M,0.5623965714770653,0.3695069914838833,0.3695069914838833,0.168906554,0.6485951176666667,0.4373513086569038
325,ST007__ST023,7,ST007,장현지구,23,ST023,오이도역,8693.0,8.693,2.147375838721975,0.25172783,0.25172783,0.0,0.0,PRELIMINARY_POINT_BUFFER_PROXY,3.980430619,PRELIMINARY_90M,0.36886324097254636,0.46568466589209495,0.46568466589209495,0.25172783,0.6634051031666667,0.43742021000782705
1171,ST030__ST041,30,ST030,장곡도서관,41,ST041,연꽃테마파크,7593.0,7.593,1.9399828975273095,0.370245606,0.349532939,0.071736634,0.0,PRELIMINARY_POINT_BUFFER_PROXY,3.254864428,PRELIMINARY_90M,0.322187804981542,0.5154684617449947,0.5154684617449947,0.370245606,0.5424774046666666,0.4375948193483008
711,ST016__ST022,16,ST016,물왕호수,22,ST022,오이도박물관,18040.0,18.04,2.716651906491273,0.210722831,0.184382479,0.026340352,0.0,PRELIMINARY_POINT_BUFFER_PROXY,2.446883858,PRELIMINARY_90M,0.7654771502524716,0.3681001594685581,0.3681001594685581,0.210722831,0.40781397633333333,0.43802852926359076
1400,ST042__ST048,42,ST042,시흥시청역,48,ST048,정왕평생학습관 사거리,8371.0,8.371,2.5482261599822627,0.276198774,0.276198774,0.0,0.0,PRELIMINARY_POINT_BUFFER_PROXY,4.372055509,PRELIMINARY_90M,0.35520006789154324,0.3924298461824757,0.3924298461824757,0.276198774,0.7286759181666667,0.4381261515601714
346,ST007__ST044,7,ST007,장현지구,44,ST044,경기과학기술대학교,10308.0,10.308,2.4809750604090848,0.280482961,0.280482961,0.0,0.0,PRELIMINARY_POINT_BUFFER_PROXY,3.789544778,PRELIMINARY_90M,0.43739126745024826,0.40306733266198624,0.40306733266198624,0.280482961,0.6315907963333333,0.43813308936139195
1022,ST025__ST027,25,ST025,목감동행정복지센터,27,ST027,은행동행정복지센터,11791.0,11.791,2.1504100554988375,0.170690801,0.128504866,0.060260373,0.0,PRELIMINARY_POINT_BUFFER_PROXY,3.700550705,PRELIMINARY_90M,0.5003182416090296,0.4650275873863633,0.4650275873863633,0.170690801,0.6167584508333334,0.43819877020718156
767,ST017__ST040,17,ST017,장곡동,40,ST040,갯골생태공원,1842.0,1.842,1.5201564854789573,0.647795036,0.647795036,0.0,0.0,PRELIMINARY_POINT_BUFFER_PROXY,2.216553796,PRELIMINARY_90M,0.07816013917766368,0.6578270129110615,0.6578270129110615,0.647795036,0.36942563266666667,0.43830195518884796
696,ST015__ST046,15,ST015,목감택지개발예정지구,46,ST046,배곧1동행정복지센터,14574.0,14.574,2.2998809303560313,0.210544664,0.210544664,0.0,0.0,PRELIMINARY_POINT_BUFFER_PROXY,2.948512867,PRELIMINARY_90M,0.6184070946662706,0.4348051183002747,0.4348051183002747,0.210544664,0.49141881116666664,0.438793922033303
985,ST023__ST051,23,ST023,오이도역,51,ST051,연성중학교,8807.0,8.807,2.366674760791399,0.252929573,0.242785227,0.019578275,0.0,PRELIMINARY_POINT_BUFFER_PROXY,4.23939879,PRELIMINARY_90M,0.3737005134297959,0.42253376617985616,0.42253376617985616,0.252929573,0.706566465,0.43893257940241304
362,ST008__ST013,8,ST008,시흥능곡역,13,ST013,삼미시장,12374.0,12.374,2.4928618632690633,0.165312967,0.14043598,0.081367067,0.0,PRELIMINARY_POINT_BUFFER_PROXY,3.986454748,PRELIMINARY_90M,0.5250562226842619,0.40114537220631646,0.40114537220631646,0.165312967,0.6644091246666667,0.43898092163931124
771,ST017__ST044,17,ST017,장곡동,44,ST044,경기과학기술대학교,8384.0,8.384,2.6323327643462284,0.295369778,0.295369778,0.0,0.0,PRELIMINARY_POINT_BUFFER_PROXY,4.350987972,PRELIMINARY_90M,0.35575168668052787,0.37989117999994276,0.37989117999994276,0.295369778,0.7251646620000001,0.43904432667011767
990,ST024__ST025,24,ST024,목감고등학교,25,ST025,목감동행정복지센터,1561.0,1.561,2.1480533485120725,0.815690328,0.815690328,0.023517001,0.0,PRELIMINARY_POINT_BUFFER_PROXY,2.460306204,PRELIMINARY_90M,0.06623668689268893,0.4655377859645276,0.4655377859645276,0.815690328,0.41005103400000004,0.43937895871430416
632,ST014__ST022,14,ST014,시흥대야역,22,ST022,오이도박물관,18603.0,18.603,2.8037169187819537,0.226450453,0.171057444,0.093345242,0.0,PRELIMINARY_POINT_BUFFER_PROXY,2.313005972,PRELIMINARY_90M,0.7893664870369584,0.35666938887483685,0.35666938887483685,0.226450453,0.3855009953333333,0.4394968310612821
897,ST021__ST028,21,ST021,오이도 포구 해양관광 단지,28,ST028,매화산업단지,18234.0,18.234,2.7716073137341612,0.173516928,0.144095839,0.02942109,0.0,PRELIMINARY_POINT_BUFFER_PROXY,2.701193413,PRELIMINARY_90M,0.7737089998727034,0.36080147250467065,0.36080147250467065,0.173516928,0.45019890216666664,0.43955657563601014
350,ST007__ST048,7,ST007,장현지구,48,ST048,정왕평생학습관 사거리,8913.0,8.913,2.422155127522018,0.276606779,0.276606779,0.0,0.0,PRELIMINARY_POINT_BUFFER_PROXY,4.146293081,PRELIMINARY_90M,0.3781983281707472,0.4128554726480498,0.4128554726480498,0.276606779,0.6910488468333332,0.43967735666303254
1260,ST034__ST040,34,ST034,군자디지털과학고등학교,40,ST040,갯골생태공원,6420.0,6.42,1.9358417989769254,0.339848049,0.339848049,0.0,0.0,PRELIMINARY_POINT_BUFFER_PROXY,3.783253682,PRELIMINARY_90M,0.27241481732931644,0.5165711374392736,0.5165711374392736,0.339848049,0.6305422803333333,0.43984407102548084
1079,ST026__ST055,26,ST026,은계파크자이,55,ST055,해양생태과학관,20010.0,20.01,2.752157040409683,0.122145529,0.122145529,0.0,0.0,PRELIMINARY_POINT_BUFFER_PROXY,2.568517988,PRELIMINARY_90M,0.8490686128909067,0.3633513587041316,0.3633513587041316,0.122145529,0.42808633133333335,0.44066295798209293
1343,ST038__ST049,38,ST038,능곡도서관,49,ST049,거북섬 웨이브파크 정문,19413.0,19.413,2.871013012846859,0.172046242,0.172046242,0.0,0.0,PRELIMINARY_POINT_BUFFER_PROXY,2.512368021,PRELIMINARY_90M,0.8237365808121526,0.34830911442244317,0.34830911442244317,0.172046242,0.4187280035,0.440704985183649
626,ST014__ST016,14,ST014,시흥대야역,16,ST016,물왕호수,14144.0,14.144,2.1419854886419727,0.107296823,0.090632653,0.01666417,0.0,PRELIMINARY_POINT_BUFFER_PROXY,3.534463459,PRELIMINARY_90M,0.6001612424152416,0.46685657083232807,0.46685657083232807,0.107296823,0.5890772431666667,0.44084796985355906
1021,ST025__ST026,25,ST025,목감동행정복지센터,26,ST026,은계파크자이,11962.0,11.962,2.1339656225188346,0.184924391,0.143341479,0.059398986,0.0,PRELIMINARY_POINT_BUFFER_PROXY,3.613948828,PRELIMINARY_90M,0.5075741502949039,0.4686111104356246,0.4686111104356246,0.184924391,0.6023248046666666,0.44085861409929883
272,ST006__ST018,6,ST006,시흥시청 본청,18,ST018,정왕역,8359.0,8.359,2.4528516535518414,0.270187169,0.270187169,0.0,0.0,PRELIMINARY_POINT_BUFFER_PROXY,4.38859811,PRELIMINARY_90M,0.3546908813170959,0.4076887399822791,0.4076887399822791,0.270187169,0.7314330183333334,0.4409999521581771
986,ST023__ST052,23,ST023,오이도역,52,ST052,가온그린공원,6421.0,6.421,2.2786022006559326,0.259309932,0.259309932,0.0,0.0,PRELIMINARY_POINT_BUFFER_PROXY,4.760544025,PRELIMINARY_90M,0.2724572495438537,0.43886554647938714,0.43886554647938714,0.259309932,0.7934240041666666,0.44101418304747686
996,ST024__ST031,24,ST024,목감고등학교,31,ST031,마전저수지,10238.0,10.238,2.196470908575251,0.137899481,0.137899481,0.0,0.0,PRELIMINARY_POINT_BUFFER_PROXY,4.428390819,PRELIMINARY_90M,0.43442101243263886,0.45527577720055196,0.45527577720055196,0.137899481,0.7380651364999999,0.4414153517832977
284,ST006__ST030,6,ST006,시흥시청 본청,30,ST030,장곡도서관,2299.0,2.299,1.599654875590196,0.767619824,0.767619824,0.0,0.0,PRELIMINARY_POINT_BUFFER_PROXY,1.660607465,PRELIMINARY_90M,0.09755166122119914,0.625134843308653,0.625134843308653,0.767619824,0.27676791083333335,0.4417685598407964
120,ST003__ST016,3,ST003,배곧한울공원,16,ST016,물왕호수,14750.0,14.75,2.691827623849983,0.161777691,0.161777691,0.0,0.0,PRELIMINARY_POINT_BUFFER_PROXY,3.650060712,PRELIMINARY_90M,0.6258751644248314,0.3714948130927311,0.3714948130927311,0.161777691,0.6083434520000001,0.4418727801293906
318,ST007__ST016,7,ST007,장현지구,16,ST016,물왕호수,5361.0,5.361,1.7008916027228806,0.211312552,0.211312552,0.0,0.0,PRELIMINARY_POINT_BUFFER_PROXY,4.448459026,PRELIMINARY_90M,0.2274791021343404,0.5879269427864451,0.5879269427864451,0.211312552,0.7414098376666667,0.44203210864686304
764,ST017__ST037,17,ST017,장곡동,37,ST037,군자동행정복지센터,5537.0,5.537,1.8789982137136798,0.355272139,0.355272139,0.0,0.0,PRELIMINARY_POINT_BUFFER_PROXY,3.88315591,PRELIMINARY_90M,0.2349471718929011,0.5321984835864134,0.5321984835864134,0.355272139,0.6471926516666667,0.4424026115364953
1377,ST040__ST052,40,ST040,갯골생태공원,52,ST052,가온그린공원,2051.0,2.051,2.0,0.604110384,0.604110384,0.0,0.0,PRELIMINARY_POINT_BUFFER_PROXY,3.481148434,PRELIMINARY_90M,0.08702847201595451,0.5,0.5,0.604110384,0.5801914056666667,0.4428325654206553
1050,ST025__ST055,25,ST025,목감동행정복지센터,55,ST055,해양생태과학관,20570.0,20.57,2.86121721659983,0.136577987,0.134944562,0.011989611,0.0,PRELIMINARY_POINT_BUFFER_PROXY,2.475824215,PRELIMINARY_90M,0.8728306530317818,0.34950160169536687,0.34950160169536687,0.136577987,0.41263736916666666,0.4428869027234539
1134,ST028__ST055,28,ST028,매화산업단지,55,ST055,해양생태과학관,19271.0,19.271,2.653431763713171,0.134699549,0.134699549,0.0,0.0,PRELIMINARY_POINT_BUFFER_PROXY,2.657535721,PRELIMINARY_90M,0.8177112063478593,0.37687044139421005,0.37687044139421005,0.134699549,0.44292262016666667,0.44305095422718405
367,ST008__ST018,8,ST008,시흥능곡역,18,ST018,정왕역,8593.0,8.593,1.6328493833811462,0.200418056,0.200418056,0.0,0.0,PRELIMINARY_POINT_BUFFER_PROXY,3.570086229,PRELIMINARY_90M,0.36462001951881867,0.6124263573712457,0.6124263573712457,0.200418056,0.5950143715,0.4431197010975161
717,ST016__ST028,16,ST016,물왕호수,28,ST028,매화산업단지,5396.0,5.396,1.7354982539155246,0.101337798,0.101337798,0.0,0.0,PRELIMINARY_POINT_BUFFER_PROXY,5.198864531,PRELIMINARY_90M,0.22896422964314508,0.5762034031113897,0.5762034031113897,0.101337798,0.8664774218333333,0.44324571314696704
697,ST015__ST047,15,ST015,목감택지개발예정지구,47,ST047,배곧2동행정복지센터,17000.0,17.0,2.3037237038693634,0.168289992,0.168289992,0.0,0.0,PRELIMINARY_POINT_BUFFER_PROXY,2.696353614,PRELIMINARY_90M,0.7213476471337039,0.43407983271621825,0.43407983271621825,0.168289992,0.449392269,0.4432774352124806
1174,ST030__ST044,30,ST030,장곡도서관,44,ST044,경기과학기술대학교,8171.0,8.171,2.756490469842499,0.277261165,0.277261165,0.0,0.0,PRELIMINARY_POINT_BUFFER_PROXY,4.718620442,PRELIMINARY_90M,0.3467136249840879,0.36278014052308266,0.36278014052308266,0.277261165,0.7864367403333333,0.44329791771012594
684,ST015__ST034,15,ST015,목감택지개발예정지구,34,ST034,군자디지털과학고등학교,11969.0,11.969,2.5789867126290114,0.261310662,0.261310662,0.0,0.0,PRELIMINARY_POINT_BUFFER_PROXY,3.705029013,PRELIMINARY_90M,0.5078711757966649,0.38774918657126506,0.38774918657126506,0.261310662,0.6175048355,0.44360896496698254
772,ST017__ST045,17,ST017,장곡동,45,ST045,시흥중앙도서관,7149.0,7.149,2.527627459473465,0.265603327,0.265603327,0.0,0.0,PRELIMINARY_POINT_BUFFER_PROXY,4.863694723,PRELIMINARY_90M,0.3033479017269911,0.395627922244646,0.395627922244646,0.265603327,0.8106157871666667,0.44379873453457597
1131,ST028__ST052,28,ST028,매화산업단지,52,ST052,가온그린공원,9242.0,9.242,1.815274074509646,0.145416115,0.145416115,0.0,0.0,PRELIMINARY_POINT_BUFFER_PROXY,4.127099785,PRELIMINARY_90M,0.39215852675351126,0.5508810014102838,0.5508810014102838,0.145416115,0.6878499641666668,0.44407640183261543
1345,ST038__ST051,38,ST038,능곡도서관,51,ST051,연성중학교,3270.0,3.27,1.9967836320421606,0.483304122,0.483304122,0.121430099,0.0,PRELIMINARY_POINT_BUFFER_PROXY,3.925263713,PRELIMINARY_90M,0.1387533415368948,0.5008053872002521,0.5008053872002521,0.483304122,0.6542106188333333,0.4442683673926201
794,ST018__ST030,18,ST018,정왕역,30,ST030,장곡도서관,7506.0,7.506,1.9907769945731615,0.16120625,0.16120625,0.0,0.0,PRELIMINARY_POINT_BUFFER_PROXY,4.777849909,PRELIMINARY_90M,0.3184962023167989,0.5023164335965254,0.5023164335965254,0.16120625,0.7963083181666667,0.4445818010199978
230,ST005__ST025,5,ST005,배곧중·고등학교,25,ST025,목감동행정복지센터,17657.0,17.657,2.5784646895346133,0.10950321,0.10950321,0.009901731,0.0,PRELIMINARY_POINT_BUFFER_PROXY,3.199265617,PRELIMINARY_90M,0.7492256120846947,0.38782768833669384,0.38782768833669384,0.10950321,0.5332109361666667,0.44494186164701377
750,ST017__ST023,17,ST017,장곡동,23,ST023,오이도역,6770.0,6.77,2.251824167685008,0.262137057,0.262137057,0.0,0.0,PRELIMINARY_POINT_BUFFER_PROXY,4.731040277,PRELIMINARY_90M,0.2872660924173633,0.44408440692243384,0.44408440692243384,0.262137057,0.7885067128333333,0.44549856729328263
366,ST008__ST017,8,ST008,시흥능곡역,17,ST017,장곡동,2645.0,2.645,1.8829314447256988,0.383443263,0.383443263,0.0,0.0,PRELIMINARY_POINT_BUFFER_PROXY,4.5324066,PRELIMINARY_90M,0.11223320745109687,0.5310867810939753,0.5310867810939753,0.383443263,0.7554010999999999,0.445541087886268
1073,ST026__ST049,26,ST026,은계파크자이,49,ST049,거북섬 웨이브파크 정문,20465.0,20.465,2.7536338876048894,0.128809489,0.128809489,0.0,0.0,PRELIMINARY_POINT_BUFFER_PROXY,2.531339545,PRELIMINARY_90M,0.8683752705053677,0.3631564836928267,0.3631564836928267,0.128809489,0.42188992416666665,0.4455577918412153
384,ST008__ST035,8,ST008,시흥능곡역,35,ST035,산들공원,4859.0,4.859,1.965398368544659,0.241179969,0.241179969,0.0,0.0,PRELIMINARY_POINT_BUFFER_PROXY,4.957531633,PRELIMINARY_90M,0.2061781304366275,0.5088027017853288,0.5088027017853288,0.241179969,0.8262552721666667,0.44560401834715574
261,ST006__ST007,6,ST006,시흥시청 본청,7,ST007,장현지구,616.0,0.616,1.9913878469423045,0.790782282,0.790782282,0.0,0.0,PRELIMINARY_POINT_BUFFER_PROXY,2.79823581,PRELIMINARY_90M,0.026138244154962447,0.5021623495068827,0.5021623495068827,0.790782282,0.466372635,0.44636387766546126
647,ST014__ST037,14,ST014,시흥대야역,37,ST037,군자동행정복지센터,17198.0,17.198,2.4904768839111964,0.191780722,0.178080398,0.013700324,0.0,PRELIMINARY_POINT_BUFFER_PROXY,2.77589343,PRELIMINARY_90M,0.7297492256120847,0.4015295249115258,0.4015295249115258,0.191780722,0.462648905,0.4464270943809026
320,ST007__ST018,7,ST007,장현지구,18,ST018,정왕역,8972.0,8.972,2.285552090454245,0.281434742,0.281434742,0.0,0.0,PRELIMINARY_POINT_BUFFER_PROXY,4.119751288,PRELIMINARY_90M,0.38070182882844655,0.43753104738962817,0.43753104738962817,0.281434742,0.6866252146666666,0.4465732082211853
830,ST019__ST030,19,ST019,시화병원,30,ST030,장곡도서관,8138.0,8.138,2.089520420340609,0.226443262,0.226443262,0.0,0.0,PRELIMINARY_POINT_BUFFER_PROXY,4.432894098,PRELIMINARY_90M,0.3453133619043578,0.4785787160850009,0.4785787160850009,0.226443262,0.738815683,0.4472877557473397
746,ST017__ST019,17,ST017,장곡동,19,ST019,시화병원,6719.0,6.719,2.5683224236556637,0.264976881,0.264976881,0.0,0.0,PRELIMINARY_POINT_BUFFER_PROXY,5.10007127,PRELIMINARY_90M,0.2851020494759621,0.3893592139325847,0.3893592139325847,0.264976881,0.8500118783333334,0.4473625056854701
1128,ST028__ST049,28,ST028,매화산업단지,49,ST049,거북섬 웨이브파크 정문,19726.0,19.726,2.6572336312204317,0.141323551,0.141323551,0.0,0.0,PRELIMINARY_POINT_BUFFER_PROXY,2.616889818,PRELIMINARY_90M,0.8370178639623201,0.37633122968593224,0.37633122968593224,0.141323551,0.436148303,0.44770523691206304
1044,ST025__ST049,25,ST025,목감동행정복지센터,49,ST049,거북섬 웨이브파크 정문,21025.0,21.025,2.8603019857122054,0.142751783,0.141153591,0.011730994,0.0,PRELIMINARY_POINT_BUFFER_PROXY,2.441626685,PRELIMINARY_90M,0.8921373106462426,0.34961343417415536,0.34961343417415536,0.142751783,0.4069377808333334,0.44786007716343285
423,ST009__ST028,9,ST009,능곡중앙공원,28,ST028,매화산업단지,7906.0,7.906,1.8163242159413575,0.203786429,0.203786429,0.074025087,0.0,PRELIMINARY_POINT_BUFFER_PROXY,4.220534155,PRELIMINARY_90M,0.3354690881317096,0.5505624993727917,0.5505624993727917,0.203786429,0.7034223591666667,0.448310093917792
1109,ST028__ST030,28,ST028,매화산업단지,30,ST030,장곡도서관,9762.0,9.762,1.8251079234098146,0.165184991,0.165184991,0.0,0.0,PRELIMINARY_POINT_BUFFER_PROXY,3.996719363,PRELIMINARY_90M,0.4142232783128951,0.5479128040448802,0.5479128040448802,0.165184991,0.6661198938333334,0.4483602417977772
368,ST008__ST019,8,ST008,시흥능곡역,19,ST019,시화병원,9541.0,9.541,2.380203466611261,0.202110648,0.202110648,0.0,0.0,PRELIMINARY_POINT_BUFFER_PROXY,4.601175867,PRELIMINARY_90M,0.404845758900157,0.4201321500567841,0.4201321500567841,0.202110648,0.7668626445000001,0.4484878003642353
1347,ST038__ST053,38,ST038,능곡도서관,53,ST053,오이도 빨강등대,18508.0,18.508,2.866225884662172,0.196349045,0.170396853,0.025952192,0.0,PRELIMINARY_POINT_BUFFER_PROXY,2.784839525,PRELIMINARY_90M,0.7853354266559172,0.34889085516645,0.34889085516645,0.196349045,0.4641399208333334,0.44867881191392517
1107,ST027__ST055,27,ST027,은행동행정복지센터,55,ST055,해양생태과학관,20226.0,20.226,2.7662954046727735,0.143686062,0.143686062,0.0,0.0,PRELIMINARY_POINT_BUFFER_PROXY,2.594153985,PRELIMINARY_90M,0.8582339712309586,0.3614942924428169,0.3614942924428169,0.143686062,0.4323589975,0.44894333079344384
625,ST014__ST015,14,ST014,시흥대야역,15,ST015,목감택지개발예정지구,15707.0,15.707,2.159576160416125,0.096600804,0.081597823,0.015002981,0.0,PRELIMINARY_POINT_BUFFER_PROXY,3.418737714,PRELIMINARY_90M,0.6664827937370051,0.46305382432417275,0.46305382432417275,0.096600804,0.569789619,0.44898176026529446
775,ST017__ST048,17,ST017,장곡동,48,ST048,정왕평생학습관 사거리,6989.0,6.989,2.5875518533140287,0.293401237,0.293401237,0.0,0.0,PRELIMINARY_POINT_BUFFER_PROXY,4.918188862,PRELIMINARY_90M,0.29655874740102683,0.3864656852071357,0.3864656852071357,0.293401237,0.8196981436666667,0.4490309533187073
315,ST007__ST013,7,ST007,장현지구,13,ST013,삼미시장,12150.0,12.15,2.4724961048594403,0.261575599,0.236236819,0.082877489,0.0,PRELIMINARY_POINT_BUFFER_PROXY,3.688674808,PRELIMINARY_90M,0.5155514066279119,0.404449575485519,0.404449575485519,0.261575599,0.6147791346666667,0.4490889289450244
77,ST002__ST025,2,ST002,월곶포구,25,ST025,목감동행정복지센터,16953.0,16.953,2.6869233844526637,0.156930589,0.156930589,0.0103136,0.0,PRELIMINARY_POINT_BUFFER_PROXY,3.288570612,PRELIMINARY_90M,0.7193533330504519,0.3721728746663552,0.3721728746663552,0.156930589,0.548095102,0.4491379746792018
1175,ST030__ST045,30,ST030,장곡도서관,45,ST045,시흥중앙도서관,6936.0,6.936,2.670716000289097,0.243370139,0.243370139,0.0,0.0,PRELIMINARY_POINT_BUFFER_PROXY,5.311475889,PRELIMINARY_90M,0.2943098400305512,0.37443142583927047,0.37443142583927047,0.243370139,0.8852459814999999,0.44933934659245545
645,ST014__ST035,14,ST014,시흥대야역,35,ST035,산들공원,16459.0,16.459,2.1807613593434447,0.155629604,0.14131406,0.014315544,0.0,PRELIMINARY_POINT_BUFFER_PROXY,2.910687535,PRELIMINARY_90M,0.6983918190690372,0.4585554470302367,0.4585554470302367,0.155629604,0.48511458916666667,0.44942286481648513
24,ST001__ST025,1,ST001,월곶역,25,ST025,목감동행정복지센터,18498.0,18.498,2.7382049832865003,0.126379283,0.126379283,0.009451603,0.0,PRELIMINARY_POINT_BUFFER_PROXY,3.135162631,PRELIMINARY_90M,0.7849111045105444,0.3652027536666598,0.3652027536666598,0.126379283,0.5225271051666667,0.4497550615859677
805,ST018__ST041,18,ST018,정왕역,41,ST041,연꽃테마파크,11624.0,11.624,2.379137582782341,0.216876921,0.203345141,0.04686622,0.0,PRELIMINARY_POINT_BUFFER_PROXY,4.012326702,PRELIMINARY_90M,0.49323206178130435,0.4203203745915885,0.4203203745915885,0.216876921,0.668721117,0.44978761859322325
509,ST011__ST025,11,ST011,배곧생명공원,25,ST025,목감동행정복지센터,18010.0,18.01,2.930753987027782,0.174621145,0.174621145,0.00971056,0.0,PRELIMINARY_POINT_BUFFER_PROXY,3.122988317,PRELIMINARY_90M,0.7642041838163534,0.34120912380439955,0.34120912380439955,0.174621145,0.5204980528333333,0.45013312636352154
959,ST023__ST025,23,ST023,오이도역,25,ST025,목감동행정복지센터,17427.0,17.427,2.81157262201152,0.172715584,0.172715584,0.010032928,0.0,PRELIMINARY_POINT_BUFFER_PROXY,3.196233169,PRELIMINARY_90M,0.7394662027411211,0.3556728331223246,0.3556728331223246,0.172715584,0.5327055281666667,0.45014003700752814
992,ST024__ST027,24,ST024,목감고등학교,27,ST027,은행동행정복지센터,12357.0,12.357,2.1064315690594175,0.187976257,0.150441738,0.037534519,0.0,PRELIMINARY_POINT_BUFFER_PROXY,3.681477696,PRELIMINARY_90M,0.5243348750371282,0.4747365234592116,0.4747365234592116,0.187976257,0.613579616,0.45015681787408496
353,ST007__ST051,7,ST007,장현지구,51,ST051,연성중학교,3360.0,3.36,1.9288666578782163,0.553656435,0.527051485,0.051346729,0.0,PRELIMINARY_POINT_BUFFER_PROXY,3.519092434,PRELIMINARY_90M,0.14257224084524972,0.5184391548869509,0.5184391548869509,0.553656435,0.5865154056666667,0.4502958090997168
1240,ST033__ST041,33,ST033,타원산업단지,41,ST041,연꽃테마파크,15013.0,15.013,2.465674424801496,0.206350366,0.195872811,0.036288157,0.0,PRELIMINARY_POINT_BUFFER_PROXY,3.315517966,PRELIMINARY_90M,0.6370348368481351,0.4055685494975708,0.4055685494975708,0.206350366,0.5525863276666666,0.4503850200030931
928,ST022__ST026,22,ST022,오이도박물관,26,ST026,은계파크자이,18726.0,18.726,2.8008813727635293,0.2131924,0.188429982,0.024762418,0.0,PRELIMINARY_POINT_BUFFER_PROXY,2.620434035,PRELIMINARY_90M,0.7945856494250435,0.3570304725234885,0.3570304725234885,0.2131924,0.43673900583333336,0.45038688194546633
293,ST006__ST039,6,ST006,시흥시청 본청,39,ST039,능곡힐스테이트,2245.0,2.245,1.4839630692760302,0.123748548,0.0,0.123748548,0.0,PRELIMINARY_POINT_BUFFER_PROXY,5.463392543,PRELIMINARY_90M,0.0952603216361862,0.6738712173530453,0.6738712173530453,0.123748548,0.9105654238333334,0.4508613777056412
397,ST008__ST048,8,ST008,시흥능곡역,48,ST048,정왕평생학습관 사거리,9811.0,9.811,2.3990711302241006,0.224075837,0.224075837,0.0,0.0,PRELIMINARY_POINT_BUFFER_PROXY,4.485684758,PRELIMINARY_90M,0.4163024568252217,0.41682799121782965,0.41682799121782965,0.224075837,0.7476141263333332,0.4512051028440961
895,ST021__ST026,21,ST021,오이도 포구 해양관광 단지,26,ST026,은계파크자이,19372.0,19.372,3.049742602135096,0.261752844,0.201846142,0.07239483,0.0,PRELIMINARY_POINT_BUFFER_PROXY,2.361492815,PRELIMINARY_90M,0.8219968600161243,0.32789652454600904,0.32789652454600904,0.261752844,0.39358213583333335,0.4513070910988667
1170,ST030__ST040,30,ST030,장곡도서관,40,ST040,갯골생태공원,1629.0,1.629,2.0,0.602351411,0.602351411,0.0,0.0,PRELIMINARY_POINT_BUFFER_PROXY,3.804091528,PRELIMINARY_90M,0.06912207748122375,0.5,0.5,0.602351411,0.6340152546666666,0.4513721857869726
1191,ST031__ST037,31,ST031,마전저수지,37,ST037,군자동행정복지센터,6771.0,6.771,2.0162481635256917,0.315653891,0.315653891,0.0,0.0,PRELIMINARY_POINT_BUFFER_PROXY,4.240884001,PRELIMINARY_90M,0.28730852463190054,0.4959706935337564,0.4959706935337564,0.315653891,0.7068140001666667,0.4514367773330809
425,ST009__ST030,9,ST009,능곡중앙공원,30,ST030,장곡도서관,3408.0,3.408,2.053963435245604,0.448659017,0.413718063,0.17184827,0.0,PRELIMINARY_POINT_BUFFER_PROXY,4.366873749,PRELIMINARY_90M,0.144608987143039,0.48686358424896903,0.48686358424896903,0.448659017,0.7278122914999999,0.451985969973002
1077,ST026__ST053,26,ST026,은계파크자이,53,ST053,오이도 빨강등대,19560.0,19.56,2.7436729916103246,0.14981047,0.125248232,0.024562238,0.0,PRELIMINARY_POINT_BUFFER_PROXY,2.785041735,PRELIMINARY_90M,0.8299741163491322,0.3644749221418975,0.3644749221418975,0.14981047,0.4641736225,0.4521082827477574
1278,ST035__ST038,35,ST035,산들공원,38,ST038,능곡도서관,5280.0,5.28,1.9945304789784195,0.259652021,0.2466278,0.017478197,0.0,PRELIMINARY_POINT_BUFFER_PROXY,4.943765851,PRELIMINARY_90M,0.22404209275682097,0.5013711299674853,0.5013711299674853,0.259652021,0.8239609751666667,0.4522565547227433
681,ST015__ST031,15,ST015,목감택지개발예정지구,31,ST031,마전저수지,10614.0,10.614,2.189516754857514,0.162979991,0.162979991,0.0,0.0,PRELIMINARY_POINT_BUFFER_PROXY,4.441402544,PRELIMINARY_90M,0.4503755250986549,0.45672178474152686,0.45672178474152686,0.162979991,0.7402337573333333,0.4525777645433788
991,ST024__ST026,24,ST024,목감고등학교,26,ST026,은계파크자이,12528.0,12.528,2.091329895244567,0.201331245,0.164309034,0.037022211,0.0,PRELIMINARY_POINT_BUFFER_PROXY,3.59665048,PRELIMINARY_90M,0.5315907837230025,0.4781646369010838,0.4781646369010838,0.201331245,0.5994417466666667,0.4526321030726883
401,ST008__ST052,8,ST008,시흥능곡역,52,ST052,가온그린공원,2055.0,2.055,2.0,0.328329708,0.328329708,0.0,0.0,PRELIMINARY_POINT_BUFFER_PROXY,5.381209551,PRELIMINARY_90M,0.08719820087410363,0.5,0.5,0.328329708,0.8968682585000001,0.45309904184352595
1299,ST036__ST040,36,ST036,시흥시립군자도서관,40,ST040,갯골생태공원,6602.0,6.602,1.97187103077271,0.358090209,0.358090209,0.0,0.0,PRELIMINARY_POINT_BUFFER_PROXY,4.00443852,PRELIMINARY_90M,0.2801374803751008,0.5071325580599121,0.5071325580599121,0.358090209,0.66740642,0.45319166685875323
1279,ST035__ST039,35,ST035,산들공원,39,ST039,능곡힐스테이트,5378.0,5.378,1.9946287952543234,0.269498436,0.217850095,0.051648341,0.0,PRELIMINARY_POINT_BUFFER_PROXY,4.882919105,PRELIMINARY_90M,0.2282004497814741,0.5013464171274514,0.5013464171274514,0.269498436,0.8138198508333333,0.4532162884355647
758,ST017__ST031,17,ST017,장곡동,31,ST031,마전저수지,3293.0,3.293,2.1243923399823124,0.350974211,0.350974211,0.0,0.0,PRELIMINARY_POINT_BUFFER_PROXY,5.110437079,PRELIMINARY_90M,0.1397292824712522,0.4707228420943779,0.4707228420943779,0.350974211,0.8517395131666667,0.4532914621830742
629,ST014__ST019,14,ST014,시흥대야역,19,ST019,시화병원,16648.0,16.648,2.4624590888915967,0.128647791,0.114492963,0.014154828,0.0,PRELIMINARY_POINT_BUFFER_PROXY,3.433939837,PRELIMINARY_90M,0.7064115076165826,0.40609811732958395,0.40609811732958395,0.128647791,0.5723233061666667,0.4533701805282083
170,ST004__ST015,4,ST004,배곧중심상가,15,ST015,목감택지개발예정지구,12637.0,12.637,2.1693442016664655,0.109578458,0.109578458,0.0,0.0,PRELIMINARY_POINT_BUFFER_PROXY,4.246675286,PRELIMINARY_90M,0.5362158951075656,0.4609688030289575,0.4609688030289575,0.109578458,0.7077792143333334,0.4536355926174641
1101,ST027__ST049,27,ST027,은행동행정복지센터,49,ST049,거북섬 웨이브파크 정문,20681.0,20.681,2.7674467597498906,0.149808157,0.149808157,0.0,0.0,PRELIMINARY_POINT_BUFFER_PROXY,2.556910617,PRELIMINARY_90M,0.8775406288454194,0.3613438981172579,0.3613438981172579,0.149808157,0.42615176950000005,0.4537111133656694
1048,ST025__ST053,25,ST025,목감동행정복지센터,53,ST053,오이도 빨강등대,20120.0,20.12,2.8554167031295563,0.163790677,0.138247256,0.036131836,0.0,PRELIMINARY_POINT_BUFFER_PROXY,2.688815563,PRELIMINARY_90M,0.8537361564900072,0.35021158169453626,0.35021158169453626,0.163790677,0.44813592716666667,0.45396858558780256
975,ST023__ST041,23,ST023,오이도역,41,ST041,연꽃테마파크,11410.0,11.41,2.196818980893119,0.231551759,0.217767264,0.047741475,0.0,PRELIMINARY_POINT_BUFFER_PROXY,3.873480017,PRELIMINARY_90M,0.48415156787032715,0.4552036415824525,0.4552036415824525,0.231551759,0.6455800028333333,0.4541217428215283
1218,ST032__ST041,32,ST032,희망공원,41,ST041,연꽃테마파크,15759.0,15.759,2.64882427702321,0.231473754,0.221492313,0.034569907,0.0,PRELIMINARY_POINT_BUFFER_PROXY,3.2329194,PRELIMINARY_90M,0.6686892688929436,0.3775259871612984,0.3775259871612984,0.231473754,0.5388199,0.4541272275135605
1020,ST024__ST055,24,ST024,목감고등학교,55,ST055,해양생태과학관,21136.0,21.136,2.8165009077344,0.14759215,0.14759215,0.0,0.0,PRELIMINARY_POINT_BUFFER_PROXY,2.503167612,PRELIMINARY_90M,0.8968472864598803,0.35505048027994507,0.35505048027994507,0.14759215,0.41719460199999997,0.4541711296849563
1178,ST030__ST048,30,ST030,장곡도서관,48,ST048,정왕평생학습관 사거리,6776.0,6.776,2.7359223632924965,0.271497661,0.271497661,0.0,0.0,PRELIMINARY_POINT_BUFFER_PROXY,5.378297952,PRELIMINARY_90M,0.28752068570458694,0.3655074476589197,0.3655074476589197,0.271497661,0.8963829919999999,0.4552271965908766
1167,ST030__ST037,30,ST030,장곡도서관,37,ST037,군자동행정복지센터,5937.0,5.937,1.8495604243910337,0.398555146,0.398555146,0.0,0.0,PRELIMINARY_POINT_BUFFER_PROXY,3.787068244,PRELIMINARY_90M,0.2519200577078118,0.5406690080586306,0.5406690080586306,0.398555146,0.6311780406666666,0.4555805631082772
1132,ST028__ST053,28,ST028,매화산업단지,53,ST053,오이도 빨강등대,18821.0,18.821,2.6422490807993704,0.163747485,0.138224571,0.025522913,0.0,PRELIMINARY_POINT_BUFFER_PROXY,2.889458635,PRELIMINARY_90M,0.7986167098060848,0.37846545477743754,0.37846545477743754,0.163747485,0.48157643916666665,0.45560152218754724
1291,ST035__ST051,35,ST035,산들공원,51,ST051,연성중학교,8002.0,8.002,2.1066164788159965,0.281015272,0.269847363,0.021553716,0.0,PRELIMINARY_POINT_BUFFER_PROXY,4.370401109,PRELIMINARY_90M,0.33954258072728816,0.47469485312392523,0.47469485312392523,0.281015272,0.7284001848333334,0.45591322267113665
1181,ST030__ST051,30,ST030,장곡도서관,51,ST051,연성중학교,4293.0,4.293,2.229191408628017,0.55923175,0.538417977,0.040169936,0.0,PRELIMINARY_POINT_BUFFER_PROXY,3.810257233,PRELIMINARY_90M,0.18216149700852888,0.4485931518170807,0.4485931518170807,0.55923175,0.6350428721666667,0.4562573177480691
721,ST016__ST032,16,ST016,물왕호수,32,ST032,희망공원,14369.0,14.369,2.432143843196271,0.122218886,0.122218886,0.0,0.0,PRELIMINARY_POINT_BUFFER_PROXY,4.09231293,PRELIMINARY_90M,0.6097084906861289,0.4111598920423315,0.4111598920423315,0.122218886,0.682052155,0.4562848559321151
745,ST017__ST018,17,ST017,장곡동,18,ST018,정왕역,7048.0,7.048,2.412165966762437,0.299407458,0.299407458,0.0,0.0,PRELIMINARY_POINT_BUFFER_PROXY,4.875639447,PRELIMINARY_90M,0.29906224805872617,0.4145651724546055,0.4145651724546055,0.299407458,0.8126065745000001,0.45641036325333295
383,ST008__ST034,8,ST008,시흥능곡역,34,ST034,군자디지털과학고등학교,5212.0,5.212,1.9117330107174155,0.292305874,0.292305874,0.0,0.0,PRELIMINARY_POINT_BUFFER_PROXY,4.735701128,PRELIMINARY_90M,0.22115670216828617,0.5230855953178997,0.5230855953178997,0.292305874,0.7892835213333332,0.45645792320487977
412,ST009__ST017,9,ST009,능곡중앙공원,17,ST017,장곡동,3477.0,3.477,1.9638082698292665,0.45438424,0.364332145,0.162644864,0.0,PRELIMINARY_POINT_BUFFER_PROXY,4.302419954,PRELIMINARY_90M,0.1475368099461111,0.50921468015151,0.50921468015151,0.45438424,0.7170699923333334,0.45705143060773856
653,ST014__ST043,14,ST014,시흥대야역,43,ST043,시흥종합버스터미널,17577.0,17.577,2.4737445066713426,0.129449041,0.116042987,0.013406055,0.0,PRELIMINARY_POINT_BUFFER_PROXY,3.294133581,PRELIMINARY_90M,0.7458310349217125,0.40424546565061187,0.40424546565061187,0.129449041,0.5490222635,0.45713695126808107
655,ST014__ST045,14,ST014,시흥대야역,45,ST045,시흥중앙도서관,17078.0,17.078,2.448111171274576,0.132359676,0.118563034,0.013796643,0.0,PRELIMINARY_POINT_BUFFER_PROXY,3.378380339,PRELIMINARY_90M,0.7246573598676115,0.4084781817646637,0.4084781817646637,0.132359676,0.5630633898333334,0.45713965186640215
658,ST014__ST048,14,ST014,시흥대야역,48,ST048,정왕평생학습관 사거리,16918.0,16.918,2.4720875714161683,0.142558556,0.128629704,0.013928852,0.0,PRELIMINARY_POINT_BUFFER_PROXY,3.385922496,PRELIMINARY_90M,0.7178682055416472,0.404516414209039,0.404516414209039,0.142558556,0.564320416,0.4573158979376716
1281,ST035__ST041,35,ST035,산들공원,41,ST041,연꽃테마파크,9592.0,9.592,1.9619812587620868,0.279375583,0.262967451,0.056828228,0.0,PRELIMINARY_POINT_BUFFER_PROXY,3.802669825,PRELIMINARY_90M,0.4070098018415581,0.5096888645261324,0.5096888645261324,0.279375583,0.6337783041666667,0.45746313838358926
644,ST014__ST034,14,ST014,시흥대야역,34,ST034,군자디지털과학고등학교,16812.0,16.812,2.1618852842919813,0.173252107,0.159235336,0.01401677,0.0,PRELIMINARY_POINT_BUFFER_PROXY,2.885344998,PRELIMINARY_90M,0.7133703908006959,0.4625592334921233,0.4625592334921233,0.173252107,0.48089083299999996,0.45751814107320476
1014,ST024__ST049,24,ST024,목감고등학교,49,ST049,거북섬 웨이브파크 정문,21591.0,21.591,2.8165489215885158,0.1533729,0.1533729,0.0,0.0,PRELIMINARY_POINT_BUFFER_PROXY,2.469291604,PRELIMINARY_90M,0.9161539440743413,0.35504442771617345,0.35504442771617345,0.1533729,0.41154860066666665,0.4590299681142953
732,ST016__ST043,16,ST016,물왕호수,43,ST043,시흥종합버스터미널,11908.0,11.908,2.4472829519601325,0.135478594,0.135478594,0.0,0.0,PRELIMINARY_POINT_BUFFER_PROXY,4.721745189,PRELIMINARY_90M,0.5052828107098909,0.40861642058964115,0.40861642058964115,0.135478594,0.7869575315,0.45908383919988305
677,ST015__ST027,15,ST015,목감택지개발예정지구,27,ST027,은행동행정복지센터,12733.0,12.733,2.1032911908587373,0.207406174,0.170979151,0.036427022,0.0,PRELIMINARY_POINT_BUFFER_PROXY,3.711470621,PRELIMINARY_90M,0.5402893877031443,0.4754453422075701,0.4754453422075701,0.207406174,0.6185784368333334,0.46042983518601194
1105,ST027__ST053,27,ST027,은행동행정복지센터,53,ST053,오이도 빨강등대,19776.0,19.776,2.7582263809305574,0.171541304,0.147246536,0.024294768,0.0,PRELIMINARY_POINT_BUFFER_PROXY,2.812529581,PRELIMINARY_90M,0.839139474689184,0.3625518220381261,0.3625518220381261,0.171541304,0.4687549301666667,0.4604968827234942
709,ST016__ST020,16,ST016,물왕호수,20,ST020,시화공업단지[왼쪽부근],12451.0,12.451,2.548398837776363,0.165229444,0.165229444,0.0,0.0,PRELIMINARY_POINT_BUFFER_PROXY,4.538592722,PRELIMINARY_90M,0.5283235032036322,0.3924032553995992,0.3924032553995992,0.165229444,0.7564321203333333,0.4605970807341412
628,ST014__ST018,14,ST014,시흥대야역,18,ST018,정왕역,16977.0,16.977,2.399727637754127,0.145582499,0.13170277,0.013879729,0.0,PRELIMINARY_POINT_BUFFER_PROXY,3.373540912,PRELIMINARY_90M,0.7203717061993465,0.41671395714552284,0.41671395714552284,0.145582499,0.5622568186666667,0.46123124525288406
630,ST014__ST020,14,ST014,시흥대야역,20,ST020,시화공업단지[왼쪽부근],18120.0,18.12,2.5424246509296697,0.150069671,0.137064573,0.013005097,0.0,PRELIMINARY_POINT_BUFFER_PROXY,3.210484273,PRELIMINARY_90M,0.7688717274154538,0.39332532416814686,0.39332532416814686,0.150069671,0.5350807121666666,0.46183685868756685
119,ST003__ST015,3,ST003,배곧한울공원,15,ST015,목감택지개발예정지구,17241.0,17.241,2.6509372869857804,0.169037689,0.169037689,0.0,0.0,PRELIMINARY_POINT_BUFFER_PROXY,3.420116745,PRELIMINARY_90M,0.7315738108371876,0.3772250686235732,0.3772250686235732,0.169037689,0.5700194575,0.4619640064901902
1362,ST039__ST052,39,ST039,능곡힐스테이트,52,ST052,가온그린공원,2854.0,2.854,2.0644389201095645,0.429658903,0.375581248,0.193249627,0.0,PRELIMINARY_POINT_BUFFER_PROXY,4.881821647,PRELIMINARY_90M,0.1211015402893877,0.48439311536857077,0.48439311536857077,0.429658903,0.8136369411666666,0.46219762495615624
788,ST018__ST024,18,ST018,정왕역,24,ST024,목감고등학교,13471.0,13.471,2.3806833218820813,0.14476978,0.14476978,0.0,0.0,PRELIMINARY_POINT_BUFFER_PROXY,4.275612458,PRELIMINARY_90M,0.5716043620316544,0.4200474673840435,0.4200474673840435,0.14476978,0.7126020763333334,0.46225592143725786
675,ST015__ST025,15,ST015,목감택지개발예정지구,25,ST025,목감동행정복지센터,1937.0,1.937,2.119312197773404,0.821667788,0.821667788,0.018951717,0.0,PRELIMINARY_POINT_BUFFER_PROXY,2.8405487,PRELIMINARY_90M,0.08219119955870496,0.47185119825697314,0.47185119825697314,0.821667788,0.4734247833333333,0.4622837422872529
722,ST016__ST033,16,ST016,물왕호수,33,ST033,타원산업단지,14233.0,14.233,2.4882758519344574,0.162050487,0.162050487,0.0,0.0,PRELIMINARY_POINT_BUFFER_PROXY,4.087981554,PRELIMINARY_90M,0.6039377095090592,0.40188470230202616,0.40188470230202616,0.162050487,0.681330259,0.4623007894527713
1282,ST035__ST042,35,ST035,산들공원,42,ST042,시흥시청역,6299.0,6.299,1.8016166623723513,0.227800528,0.227800528,0.0,0.0,PRELIMINARY_POINT_BUFFER_PROXY,4.803732278,PRELIMINARY_90M,0.26728051937030595,0.5550570334330777,0.5550570334330777,0.227800528,0.8006220463333333,0.4626900317841792
1333,ST038__ST039,38,ST038,능곡도서관,39,ST039,능곡힐스테이트,1349.0,1.349,2.0,0.986190072,0.721601283,0.558223763,0.0,PRELIMINARY_POINT_BUFFER_PROXY,1.845403458,PRELIMINARY_90M,0.05724105741078627,0.5,0.5,0.986190072,0.307567243,0.46274959310269653
447,ST009__ST052,9,ST009,능곡중앙공원,52,ST052,가온그린공원,2888.0,2.888,2.0636774551337727,0.436398537,0.395167823,0.202782874,0.0,PRELIMINARY_POINT_BUFFER_PROXY,4.846507662,PRELIMINARY_90M,0.12254423558365511,0.4845718489157878,0.4845718489157878,0.436398537,0.8077512769999999,0.4628164746248607
676,ST015__ST026,15,ST015,목감택지개발예정지구,26,ST026,은계파크자이,12904.0,12.904,2.0886708184496285,0.220114852,0.184170546,0.035944306,0.0,PRELIMINARY_POINT_BUFFER_PROXY,3.630403189,PRELIMINARY_90M,0.5475452963890185,0.47877338600549635,0.47877338600549635,0.220114852,0.6050671981666667,0.4628751831402954
220,ST005__ST015,5,ST005,배곧중·고등학교,15,ST015,목감택지개발예정지구,13526.0,13.526,2.2166747175956694,0.155930937,0.155930937,0.0,0.0,PRELIMINARY_POINT_BUFFER_PROXY,4.023602437,PRELIMINARY_90M,0.5739381338312046,0.45112618105946395,0.45112618105946395,0.155930937,0.6706004061666667,0.46289891451433385
705,ST015__ST055,15,ST015,목감택지개발예정지구,55,ST055,해양생태과학관,21512.0,21.512,2.8022469526562133,0.159792923,0.159792923,0.0,0.0,PRELIMINARY_POINT_BUFFER_PROXY,2.539914855,PRELIMINARY_90M,0.9128017991258964,0.35685648584687124,0.35685648584687124,0.159792923,0.4233191425,0.46319258761819193
708,ST016__ST019,16,ST016,물왕호수,19,ST019,시화병원,10979.0,10.979,2.4279263736508616,0.134774177,0.134774177,0.0,0.0,PRELIMINARY_POINT_BUFFER_PROXY,5.055688597,PRELIMINARY_90M,0.4658632834047609,0.4118741041130933,0.4118741041130933,0.134774177,0.8426147661666666,0.46378158267113023
128,ST003__ST024,3,ST003,배곧한울공원,24,ST024,목감고등학교,17199.0,17.199,2.6572244094238426,0.171931166,0.171931166,0.0,0.0,PRELIMINARY_POINT_BUFFER_PROXY,3.467943678,PRELIMINARY_90M,0.7297916578266219,0.3763325357291998,0.3763325357291998,0.171931166,0.577990613,0.4640114931389554
789,ST018__ST025,18,ST018,정왕역,25,ST025,목감동행정복지센터,14245.0,14.245,2.442453709583211,0.170760818,0.168401454,0.022469346,0.0,PRELIMINARY_POINT_BUFFER_PROXY,4.029882036,PRELIMINARY_90M,0.6044468960835065,0.40942434080793433,0.40942434080793433,0.170760818,0.671647006,0.46406976522286025
389,ST008__ST040,8,ST008,시흥능곡역,40,ST040,갯골생태공원,4204.0,4.204,2.0,0.457811993,0.457811993,0.0,0.0,PRELIMINARY_POINT_BUFFER_PROXY,4.321369187,PRELIMINARY_90M,0.17838502991471125,0.5,0.5,0.457811993,0.7202281978333334,0.4641063051870111
734,ST016__ST045,16,ST016,물왕호수,45,ST045,시흥중앙도서관,11409.0,11.409,2.4077556504969193,0.140098804,0.140098804,0.0,0.0,PRELIMINARY_POINT_BUFFER_PROXY,4.910278417,PRELIMINARY_90M,0.4841091356557899,0.4153245366877728,0.4153245366877728,0.140098804,0.8183797361666666,0.4644780531275573
1018,ST024__ST053,24,ST024,목감고등학교,53,ST053,오이도 빨강등대,20686.0,20.686,2.809883633317229,0.174301206,0.151080424,0.023220782,0.0,PRELIMINARY_POINT_BUFFER_PROXY,2.705911763,PRELIMINARY_90M,0.8777527899181058,0.35588662396650306,0.35588662396650306,0.174301206,0.45098529383333336,0.4647314784294856
958,ST023__ST024,23,ST023,오이도역,24,ST024,목감고등학교,13257.0,13.257,2.2237666874818216,0.156242807,0.156242807,0.0,0.0,PRELIMINARY_POINT_BUFFER_PROXY,4.155520731,PRELIMINARY_90M,0.5625238681206772,0.4496874630010729,0.4496874630010729,0.156242807,0.6925867885,0.4652602316554375
1317,ST037__ST040,37,ST037,군자동행정복지센터,40,ST040,갯골생태공원,7078.0,7.078,1.9065003071820184,0.40126683,0.40126683,0.0,0.0,PRELIMINARY_POINT_BUFFER_PROXY,3.821325686,PRELIMINARY_90M,0.30033521449484446,0.5245212897332765,0.5245212897332765,0.40126683,0.6368876143333334,0.4657527371403636
1258,ST034__ST038,34,ST034,군자디지털과학고등학교,38,ST038,능곡도서관,5716.0,5.716,1.9523151636500016,0.315975055,0.30394167,0.016148518,0.0,PRELIMINARY_POINT_BUFFER_PROXY,4.7650399,PRELIMINARY_90M,0.2425425382950736,0.5122123818013194,0.5122123818013194,0.315975055,0.7941733166666666,0.46622582294076487
306,ST006__ST052,6,ST006,시흥시청 본청,52,ST052,가온그린공원,1779.0,1.779,1.4826262058444766,0.840948525,0.840948525,0.0,0.0,PRELIMINARY_POINT_BUFFER_PROXY,1.647772227,PRELIMINARY_90M,0.07548690966181525,0.6744788376584903,0.6744788376584903,0.840948525,0.2746287045,0.4663857442050764
268,ST006__ST014,6,ST006,시흥시청 본청,14,ST014,시흥대야역,12318.0,12.318,2.5669508697427,0.267324357,0.21131642,0.137606268,0.0,PRELIMINARY_POINT_BUFFER_PROXY,4.116184396,PRELIMINARY_90M,0.5226800186701744,0.3895672534239955,0.3895672534239955,0.267324357,0.6860307326666667,0.4664005904402091
1038,ST025__ST043,25,ST025,목감동행정복지센터,43,ST043,시흥종합버스터미널,14027.0,14.027,2.463734998088591,0.132592237,0.130195772,0.017590455,0.0,PRELIMINARY_POINT_BUFFER_PROXY,4.393760876,PRELIMINARY_90M,0.5951966733143803,0.4058878088657334,0.4058878088657334,0.132592237,0.7322934793333333,0.46649254962836173
737,ST016__ST048,16,ST016,물왕호수,48,ST048,정왕평생학습관 사거리,11249.0,11.249,2.4432384599419756,0.155551168,0.155551168,0.0,0.0,PRELIMINARY_POINT_BUFFER_PROXY,4.944045903,PRELIMINARY_90M,0.4773199813298256,0.40929283669828487,0.40929283669828487,0.155551168,0.8240076505,0.4665429091320276
1169,ST030__ST039,30,ST030,장곡도서관,39,ST039,능곡힐스테이트,3380.0,3.38,1.9038474704739254,0.431416403,0.34918051,0.082235893,0.0,PRELIMINARY_POINT_BUFFER_PROXY,4.598144697,PRELIMINARY_90M,0.14342088513599524,0.5252521620080571,0.5252521620080571,0.431416403,0.7663574495000001,0.4666117249110131
1168,ST030__ST038,30,ST030,장곡도서관,38,ST038,능곡도서관,3282.0,3.282,1.9010144281905854,0.420337618,0.399372834,0.028134244,0.0,PRELIMINARY_POINT_BUFFER_PROXY,4.68639496,PRELIMINARY_90M,0.13926252811134213,0.5260349343859612,0.5260349343859612,0.420337618,0.7810658266666667,0.4666752267909925
1259,ST034__ST039,34,ST034,군자디지털과학고등학교,39,ST039,능곡힐스테이트,5814.0,5.814,1.9531081884480037,0.324148164,0.276363699,0.047784465,0.0,PRELIMINARY_POINT_BUFFER_PROXY,4.712592915,PRELIMINARY_90M,0.24670089531972675,0.5120044070854206,0.5120044070854206,0.324148164,0.7854321525,0.46707140472628683
643,ST014__ST033,14,ST014,시흥대야역,33,ST033,타원산업단지,19899.0,19.899,2.501760852388713,0.121525774,0.109683545,0.011842229,0.0,PRELIMINARY_POINT_BUFFER_PROXY,3.032447401,PRELIMINARY_90M,0.8443586370772691,0.3997184619166086,0.3997184619166086,0.121525774,0.5054079001666667,0.4677526932901361
733,ST016__ST044,16,ST016,물왕호수,44,ST044,경기과학기술대학교,12644.0,12.644,2.4888631488960193,0.172084405,0.172084405,0.0,0.0,PRELIMINARY_POINT_BUFFER_PROXY,4.565922726,PRELIMINARY_90M,0.5365129206093266,0.40178986958104473,0.40178986958104473,0.172084405,0.760987121,0.4678435790475928
699,ST015__ST049,15,ST015,목감택지개발예정지구,49,ST049,거북섬 웨이브파크 정문,21967.0,21.967,2.8025884338341633,0.165222942,0.165222942,0.0,0.0,PRELIMINARY_POINT_BUFFER_PROXY,2.505956618,PRELIMINARY_90M,0.9321084567403572,0.3568130046950635,0.3568130046950635,0.165222942,0.4176594363333333,0.4679509599421885
1271,ST034__ST051,34,ST034,군자디지털과학고등학교,51,ST051,연성중학교,8438.0,8.438,2.072249583279339,0.318061069,0.307468589,0.020443158,0.0,PRELIMINARY_POINT_BUFFER_PROXY,4.279175988,PRELIMINARY_90M,0.3580430262655408,0.48256735485380003,0.48256735485380003,0.318061069,0.7131959980000001,0.4679668620298353
654,ST014__ST044,14,ST014,시흥대야역,44,ST044,경기과학기술대학교,18313.0,18.313,2.5013858535956457,0.15496374,0.142097203,0.012866536,0.0,PRELIMINARY_POINT_BUFFER_PROXY,3.24338827,PRELIMINARY_90M,0.7770611448211482,0.39977838627436807,0.39977838627436807,0.15496374,0.5405647116666666,0.4680919956905457
859,ST020__ST024,20,ST020,시화공업단지[왼쪽부근],24,ST024,목감고등학교,15262.0,15.262,2.4641825075605026,0.176487626,0.176487626,0.0,0.0,PRELIMINARY_POINT_BUFFER_PROXY,3.873011086,PRELIMINARY_90M,0.647600458267917,0.4058140973454042,0.4058140973454042,0.176487626,0.6455018476666666,0.46885100731999696
824,ST019__ST024,19,ST019,시화병원,24,ST024,목감고등학교,14103.0,14.103,2.4201539562076997,0.183142467,0.183142467,0.0,0.0,PRELIMINARY_POINT_BUFFER_PROXY,4.088075127,PRELIMINARY_90M,0.5984215216192134,0.4131968536278438,0.4131968536278438,0.183142467,0.6813458545,0.46902667418676425
1261,ST034__ST041,34,ST034,군자디지털과학고등학교,41,ST041,연꽃테마파크,10028.0,10.028,1.9393243017364707,0.310632261,0.294935822,0.054363336,0.0,PRELIMINARY_POINT_BUFFER_PROXY,3.747505792,PRELIMINARY_90M,0.42551024737981075,0.515643515168969,0.515643515168969,0.310632261,0.6245842986666666,0.4690925805538616
1040,ST025__ST045,25,ST025,목감동행정복지센터,45,ST045,시흥중앙도서관,13528.0,13.528,2.431006880729086,0.136382282,0.133897672,0.018237446,0.0,PRELIMINARY_POINT_BUFFER_PROXY,4.540212749,PRELIMINARY_90M,0.5740229982602792,0.41135218823407393,0.41135218823407393,0.136382282,0.7567021248333333,0.4696148983319216
927,ST022__ST025,22,ST022,오이도박물관,25,ST025,목감동행정복지센터,22022.0,22.022,3.15005190273173,0.145372901,0.145372901,0.007940755,0.0,PRELIMINARY_POINT_BUFFER_PROXY,2.895047457,PRELIMINARY_90M,0.9344422285399075,0.31745508673453865,0.31745508673453865,0.145372901,0.4825079095,0.46994453144361154
1027,ST025__ST032,25,ST025,목감동행정복지센터,32,ST032,희망공원,16489.0,16.489,2.4331621445672034,0.121458809,0.119420112,0.014964371,0.0,PRELIMINARY_POINT_BUFFER_PROXY,3.897445899,PRELIMINARY_90M,0.6996647855051555,0.41098781773866294,0.41098781773866294,0.121458809,0.6495743165,0.47042143218595456
671,ST015__ST021,15,ST015,목감택지개발예정지구,21,ST021,오이도 포구 해양관광 단지,20697.0,20.697,2.809495743364371,0.191054056,0.166099672,0.024954385,0.0,PRELIMINARY_POINT_BUFFER_PROXY,2.743334832,PRELIMINARY_90M,0.8782195442780159,0.35593575906347524,0.35593575906347524,0.191054056,0.457222472,0.4706079578353728
1043,ST025__ST048,25,ST025,목감동행정복지센터,48,ST048,정왕평생학습관 사거리,13368.0,13.368,2.4611439648232616,0.149338766,0.146824023,0.018458627,0.0,PRELIMINARY_POINT_BUFFER_PROXY,4.564651858,PRELIMINARY_90M,0.567233843934315,0.4063151178040946,0.4063151178040946,0.149338766,0.7607753096666667,0.4709157593512691
825,ST019__ST025,19,ST019,시화병원,25,ST025,목감동행정복지센터,14877.0,14.877,2.4772422626406074,0.206030365,0.20377135,0.021513671,0.0,PRELIMINARY_POINT_BUFFER_PROXY,3.863030363,PRELIMINARY_90M,0.6312640556710655,0.4036746890205456,0.4036746890205456,0.206030365,0.6438383938333333,0.4712018758812361
707,ST016__ST018,16,ST016,물왕호수,18,ST018,정왕역,11308.0,11.308,2.33474303046991,0.160022807,0.160022807,0.0,0.0,PRELIMINARY_POINT_BUFFER_PROXY,4.917859407,PRELIMINARY_90M,0.47982348198752495,0.4283126609435607,0.4283126609435607,0.160022807,0.8196432345,0.47195054610777143
860,ST020__ST025,20,ST020,시화공업단지[왼쪽부근],25,ST025,목감동행정복지센터,16036.0,16.036,2.5150188935596285,0.198042964,0.195947195,0.019959004,0.0,PRELIMINARY_POINT_BUFFER_PROXY,3.674446299,PRELIMINARY_90M,0.6804429923197691,0.3976113271199531,0.3976113271199531,0.198042964,0.6124077165,0.4721262499849306
712,ST016__ST023,16,ST016,물왕호수,23,ST023,오이도역,11973.0,11.973,2.3760153435329974,0.185269558,0.185269558,0.0,0.0,PRELIMINARY_POINT_BUFFER_PROXY,4.665065349,PRELIMINARY_90M,0.5080409046548139,0.4208727029990715,0.4208727029990715,0.185269558,0.7775108915,0.47292351428847135
363,ST008__ST014,8,ST008,시흥능곡역,14,ST014,시흥대야역,13237.0,13.237,2.4548963553389425,0.228851433,0.176734113,0.128047386,0.0,PRELIMINARY_POINT_BUFFER_PROXY,4.163555892,PRELIMINARY_90M,0.5616752238299317,0.40734917293969913,0.40734917293969913,0.228851433,0.693925982,0.4729504529424077
409,ST009__ST014,9,ST009,능곡중앙공원,14,ST014,시흥대야역,13409.0,13.409,2.541805665232799,0.294165062,0.219377929,0.168556282,0.0,PRELIMINARY_POINT_BUFFER_PROXY,3.817984239,PRELIMINARY_90M,0.5689735647303433,0.39342110755285137,0.39342110755285137,0.294165062,0.6363307065,0.4732226101957987
703,ST015__ST053,15,ST015,목감택지개발예정지구,53,ST053,오이도 빨강등대,21062.0,21.062,2.795442319913768,0.18628709,0.163480366,0.022806724,0.0,PRELIMINARY_POINT_BUFFER_PROXY,2.744056378,PRELIMINARY_90M,0.8937073025841219,0.35772514169809355,0.35772514169809355,0.18628709,0.4573427296666666,0.47376556598722047
229,ST005__ST024,5,ST005,배곧중·고등학교,24,ST024,목감고등학교,14412.0,14.412,2.245115086335153,0.1859835,0.1859835,0.0,0.0,PRELIMINARY_POINT_BUFFER_PROXY,3.921723624,PRELIMINARY_90M,0.6115330759112318,0.445411465134451,0.445411465134451,0.1859835,0.653620604,0.4741371612614207
1028,ST025__ST033,25,ST025,목감동행정복지센터,33,ST033,타원산업단지,16352.0,16.352,2.4970750571449134,0.156128518,0.154072495,0.01509155,0.0,PRELIMINARY_POINT_BUFFER_PROXY,3.888715131,PRELIMINARY_90M,0.6938515721135486,0.40046853903677704,0.40046853903677704,0.156128518,0.6481191885,0.4746419544125814
891,ST021__ST022,21,ST021,오이도 포구 해양관광 단지,22,ST022,오이도박물관,983.0,0.983,1.6751107429937875,0.54496198,0.0,0.54496198,0.0,PRELIMINARY_POINT_BUFFER_PROXY,4.304877321,PRELIMINARY_90M,0.04171086689014299,0.59697545620941,0.59697545620941,0.54496198,0.7174795535,0.4752819641498882
1262,ST034__ST042,34,ST034,군자디지털과학고등학교,42,ST042,시흥시청역,6735.0,6.735,1.7782420880602594,0.277662941,0.277662941,0.0,0.0,PRELIMINARY_POINT_BUFFER_PROXY,4.656883012,PRELIMINARY_90M,0.2857809649085586,0.5623531276839923,0.5623531276839923,0.277662941,0.7761471686666667,0.4754860505648044
129,ST003__ST025,3,ST003,배곧한울공원,25,ST025,목감동행정복지센터,21926.0,21.926,2.663888630562109,0.121804862,0.121804862,0.007975282,0.0,PRELIMINARY_POINT_BUFFER_PROXY,2.852065949,PRELIMINARY_90M,0.9303687359443289,0.375391068728346,0.375391068728346,0.121804862,0.47534432483333333,0.47572724787650206
1039,ST025__ST044,25,ST025,목감동행정복지센터,44,ST044,경기과학기술대학교,14763.0,14.763,2.4985230078121674,0.164085589,0.16180876,0.016712304,0.0,PRELIMINARY_POINT_BUFFER_PROXY,4.276737693,PRELIMINARY_90M,0.626426783213816,0.40023645844896594,0.40023645844896594,0.164085589,0.7127896155000001,0.4758846115406955
1346,ST038__ST052,38,ST038,능곡도서관,52,ST052,가온그린공원,3394.0,3.394,2.05417193577184,0.520530741,0.485454785,0.151745333,0.0,PRELIMINARY_POINT_BUFFER_PROXY,4.521379018,PRELIMINARY_90M,0.14401493613951713,0.4868141671034257,0.4868141671034257,0.520530741,0.7535631696666667,0.4762307534774024
1008,ST024__ST043,24,ST024,목감고등학교,43,ST043,시흥종합버스터미널,14593.0,14.593,2.4143476887586584,0.148706628,0.148706628,0.0,0.0,PRELIMINARY_POINT_BUFFER_PROXY,4.351475257,PRELIMINARY_90M,0.6192133067424789,0.41419055120190745,0.41419055120190745,0.148706628,0.7252458761666666,0.4768390905277632
1337,ST038__ST043,38,ST038,능곡도서관,43,ST043,시흥종합버스터미널,12415.0,12.415,2.428988117398842,0.177099719,0.177099719,0.0,0.0,PRELIMINARY_POINT_BUFFER_PROXY,4.762638715,PRELIMINARY_90M,0.5267959434802902,0.41169406833940436,0.41169406833940436,0.177099719,0.7937731191666666,0.47734071249659027
1300,ST036__ST041,36,ST036,시흥시립군자도서관,41,ST041,연꽃테마파크,10210.0,10.21,1.9625580605474966,0.322949385,0.307533399,0.053392011,0.0,PRELIMINARY_POINT_BUFFER_PROXY,3.88112673,PRELIMINARY_90M,0.4332329104255951,0.5095390654180336,0.5095390654180336,0.322949385,0.646854455,0.47814395396090714
1310,ST036__ST051,36,ST036,시흥시립군자도서관,51,ST051,연성중학교,8620.0,8.62,2.096945088936556,0.332486659,0.32211825,0.020010708,0.0,PRELIMINARY_POINT_BUFFER_PROXY,4.433127681,PRELIMINARY_90M,0.36576568931132514,0.47688420897427486,0.47688420897427486,0.332486659,0.7388546135,0.4784977926964
354,ST007__ST052,7,ST007,장현지구,52,ST052,가온그린공원,1163.0,1.163,1.2131708783527768,0.867518063,0.867518063,0.0,0.0,PRELIMINARY_POINT_BUFFER_PROXY,1.043527785,PRELIMINARY_90M,0.0493486655068528,0.824286189063311,0.824286189063311,0.867518063,0.1739212975,0.47876855376754096
1297,ST036__ST038,36,ST036,시흥시립군자도서관,38,ST038,능곡도서관,5898.0,5.898,1.9921225746274878,0.337126268,0.325464976,0.015649178,0.0,PRELIMINARY_POINT_BUFFER_PROXY,4.973337005,PRELIMINARY_90M,0.250265201340858,0.5019771437442762,0.5019771437442762,0.337126268,0.8288895008333333,0.47956452847961684
1010,ST024__ST045,24,ST024,목감고등학교,45,ST045,시흥중앙도서관,14094.0,14.094,2.3811894404821903,0.152913481,0.152913481,0.0,0.0,PRELIMINARY_POINT_BUFFER_PROXY,4.492773174,PRELIMINARY_90M,0.5980396316883778,0.4199581868620668,0.4199581868620668,0.152913481,0.748795529,0.4799267071376111
1298,ST036__ST039,36,ST036,시흥시립군자도서관,39,ST039,능곡힐스테이트,5996.0,5.996,1.9922495948968149,0.344709672,0.298378959,0.046330713,0.0,PRELIMINARY_POINT_BUFFER_PROXY,4.918029864,PRELIMINARY_90M,0.2544235583655111,0.5019451390837368,0.5019451390837368,0.344709672,0.819671644,0.480187503362312
997,ST024__ST032,24,ST024,목감고등학교,32,ST032,희망공원,17055.0,17.055,2.391917398002593,0.135616559,0.135616559,0.0,0.0,PRELIMINARY_POINT_BUFFER_PROXY,3.874965792,PRELIMINARY_90M,0.7236814189332541,0.4180746378763185,0.4180746378763185,0.135616559,0.6458276319999999,0.4808000619523931
1013,ST024__ST048,24,ST024,목감고등학교,48,ST048,정왕평생학습관 사거리,13934.0,13.934,2.409523315191766,0.165536283,0.165536283,0.0,0.0,PRELIMINARY_POINT_BUFFER_PROXY,4.513245344,PRELIMINARY_90M,0.5912504773624135,0.4150198479903123,0.4150198479903123,0.165536283,0.7522075573333334,0.4810035414215148
1156,ST029__ST051,29,ST029,관곡공원,51,ST051,연성중학교,1708.0,1.708,1.9938381027991827,0.615090182,0.562700526,0.101110411,0.0,PRELIMINARY_POINT_BUFFER_PROXY,4.412486394,PRELIMINARY_90M,0.07247422242966861,0.5015452350900924,0.5015452350900924,0.615090182,0.735414399,0.48113100962994026
1339,ST038__ST045,38,ST038,능곡도서관,45,ST045,시흥중앙도서관,11943.0,11.943,2.437181231354207,0.184122626,0.184122626,0.0,0.0,PRELIMINARY_POINT_BUFFER_PROXY,4.944622709,PRELIMINARY_90M,0.5067679382186956,0.4103100693272429,0.4103100693272429,0.184122626,0.8241037848333334,0.48132610459481795
316,ST007__ST014,7,ST007,장현지구,14,ST014,시흥대야역,13013.0,13.013,2.4352199641989087,0.319846311,0.266825546,0.130267067,0.0,PRELIMINARY_POINT_BUFFER_PROXY,3.886924836,PRELIMINARY_90M,0.5521704077735817,0.4106405231155209,0.4106405231155209,0.319846311,0.647820806,0.4826195119722757
757,ST017__ST030,17,ST017,장곡동,30,ST030,장곡도서관,564.0,0.564,1.5742051509756851,0.955860684,0.955860684,0.0,0.0,PRELIMINARY_POINT_BUFFER_PROXY,1.913795281,PRELIMINARY_90M,0.02393176899902406,0.6352412195959368,0.6352412195959368,0.955860684,0.31896588016666666,0.4834998881904069
926,ST022__ST024,22,ST022,오이도박물관,24,ST024,목감고등학교,19703.0,19.703,2.7370854175799733,0.176879497,0.176879497,0.0,0.0,PRELIMINARY_POINT_BUFFER_PROXY,3.339583501,PRELIMINARY_90M,0.8360419230279629,0.36535213463822475,0.36535213463822475,0.176879497,0.5565972501666666,0.48371770120821356
998,ST024__ST033,24,ST024,목감고등학교,33,ST033,타원산업단지,16918.0,16.918,2.4533541547589595,0.16924316,0.16924316,0.0,0.0,PRELIMINARY_POINT_BUFFER_PROXY,3.868487998,PRELIMINARY_90M,0.7178682055416472,0.4076052363089215,0.4076052363089215,0.16924316,0.6447479996666666,0.4848661503793088
1342,ST038__ST048,38,ST038,능곡도서관,48,ST048,정왕평생학습관 사거리,11756.0,11.756,2.4240915545274277,0.198641157,0.198641157,0.0,0.0,PRELIMINARY_POINT_BUFFER_PROXY,4.97738278,PRELIMINARY_90M,0.4988331141002249,0.412525673022671,0.412525673022671,0.198641157,0.8295637966666667,0.4848909351973906
670,ST015__ST020,15,ST015,목감택지개발예정지구,20,ST020,시화공업단지[왼쪽부근],15434.0,15.434,2.4296714964759176,0.168892636,0.168892636,0.0,0.0,PRELIMINARY_POINT_BUFFER_PROXY,4.245213101,PRELIMINARY_90M,0.6548987991683286,0.41157827362688154,0.41157827362688154,0.168892636,0.7075355168333334,0.4857263064071359
1009,ST024__ST044,24,ST024,목감고등학교,44,ST044,경기과학기술대학교,15329.0,15.329,2.4502265402585843,0.178263083,0.178263083,0.0,0.0,PRELIMINARY_POINT_BUFFER_PROXY,4.239655915,PRELIMINARY_90M,0.6504434166419145,0.40812552781118155,0.40812552781118155,0.178263083,0.7066093191666667,0.4858603366549407
693,ST015__ST043,15,ST015,목감택지개발예정지구,43,ST043,시흥종합버스터미널,14969.0,14.969,2.4039477498189408,0.166220469,0.166220469,0.0,0.0,PRELIMINARY_POINT_BUFFER_PROXY,4.361544492,PRELIMINARY_90M,0.635167819408495,0.4159824189503775,0.4159824189503775,0.166220469,0.726924082,0.4860736973397181
1301,ST036__ST042,36,ST036,시흥시립군자도서관,42,ST042,시흥시청역,6917.0,6.917,1.816778563173707,0.296710198,0.296710198,0.0,0.0,PRELIMINARY_POINT_BUFFER_PROXY,4.838276223,PRELIMINARY_90M,0.2935036279543429,0.5504248125061059,0.5504248125061059,0.296710198,0.8063793705000001,0.4867545022401122
669,ST015__ST019,15,ST015,목감택지개발예정지구,19,ST019,시화병원,14040.0,14.04,2.3859421458005627,0.167705805,0.167705805,0.0,0.0,PRELIMINARY_POINT_BUFFER_PROXY,4.598795216,PRELIMINARY_90M,0.5957482921033649,0.419121646247825,0.419121646247825,0.167705805,0.7664658693333334,0.48726040317113084
673,ST015__ST023,15,ST015,목감택지개발예정지구,23,ST023,오이도역,14090.0,14.09,2.2288852817417673,0.166619814,0.166619814,0.0,0.0,PRELIMINARY_POINT_BUFFER_PROXY,4.42097111,PRELIMINARY_90M,0.5978699028302287,0.4486547639717679,0.4486547639717679,0.166619814,0.7368285183333333,0.48749324978383246
695,ST015__ST045,15,ST015,목감택지개발예정지구,45,ST045,시흥중앙도서관,14470.0,14.47,2.3712927445420826,0.170920367,0.170920367,0.0,0.0,PRELIMINARY_POINT_BUFFER_PROXY,4.497785907,PRELIMINARY_90M,0.6139941443543938,0.4217109010693274,0.4217109010693274,0.170920367,0.7496309845,0.4890640992309303
672,ST015__ST022,15,ST015,목감택지개발예정지구,22,ST022,오이도박물관,21491.0,21.491,2.296047592479886,0.182538575,0.160423427,0.022115147,0.0,PRELIMINARY_POINT_BUFFER_PROXY,2.5623948,PRELIMINARY_90M,0.9119107226206136,0.4355310418108244,0.4355310418108244,0.182538575,0.4270658,0.4892615348578595
271,ST006__ST017,6,ST006,시흥시청 본청,17,ST017,장곡동,1970.0,1.97,1.4937720094859535,0.908945228,0.908945228,0.0,0.0,PRELIMINARY_POINT_BUFFER_PROXY,1.770716728,PRELIMINARY_90M,0.0835914626384351,0.669446203068249,0.669446203068249,0.908945228,0.29511945466666667,0.4892755870933377
698,ST015__ST048,15,ST015,목감택지개발예정지구,48,ST048,정왕평생학습관 사거리,14310.0,14.31,2.398770532175577,0.183415753,0.183415753,0.0,0.0,PRELIMINARY_POINT_BUFFER_PROXY,4.519696342,PRELIMINARY_90M,0.6072049900284295,0.4168802253432074,0.4168802253432074,0.183415753,0.7532827236666666,0.4901959230095759
893,ST021__ST024,21,ST021,오이도 포구 해양관광 단지,24,ST024,목감고등학교,19758.0,19.758,2.6924026282238867,0.176778492,0.14962387,0.027154622,0.0,PRELIMINARY_POINT_BUFFER_PROXY,3.460371374,PRELIMINARY_90M,0.8383756948275131,0.37141547460889085,0.37141547460889085,0.176778492,0.5767285623333334,0.4908245559424343
682,ST015__ST032,15,ST015,목감택지개발예정지구,32,ST032,희망공원,18057.0,18.057,2.665921039572897,0.184631811,0.184631811,0.0,0.0,PRELIMINARY_POINT_BUFFER_PROXY,3.827981211,PRELIMINARY_90M,0.7661984978996054,0.37510488313645196,0.37510488313645196,0.184631811,0.6379968685,0.4909830151340143
635,ST014__ST025,14,ST014,시흥대야역,25,ST025,목감동행정복지센터,17312.0,17.312,3.0618174768871667,0.044252939,0.030644476,0.015726619,0.0,PRELIMINARY_POINT_BUFFER_PROXY,5.206626046,PRELIMINARY_90M,0.7345864980693343,0.32660340061049686,0.32660340061049686,0.044252939,0.8677710076666667,0.49330346133662445
683,ST015__ST033,15,ST015,목감택지개발예정지구,33,ST033,타원산업단지,17294.0,17.294,2.4435036657266473,0.183958216,0.183958216,0.0,0.0,PRELIMINARY_POINT_BUFFER_PROXY,3.8882232,PRELIMINARY_90M,0.7338227182076632,0.40924841408110624,0.40924841408110624,0.183958216,0.6480372,0.49376663707219237
668,ST015__ST018,15,ST015,목감택지개발예정지구,18,ST018,정왕역,14369.0,14.369,2.313577339630178,0.186818514,0.186818514,0.0,0.0,PRELIMINARY_POINT_BUFFER_PROXY,4.500737776,PRELIMINARY_90M,0.6097084906861289,0.43223106609431455,0.43223106609431455,0.186818514,0.7501229626666667,0.4947202583617776
694,ST015__ST044,15,ST015,목감택지개발예정지구,44,ST044,경기과학기술대학교,15705.0,15.705,2.4394563869361243,0.194247965,0.194247965,0.0,0.0,PRELIMINARY_POINT_BUFFER_PROXY,4.252906452,PRELIMINARY_90M,0.6663979293079306,0.40992739421587554,0.40992739421587554,0.194247965,0.708817742,0.49484775763095157
894,ST021__ST025,21,ST021,오이도 포구 해양관광 단지,25,ST025,목감동행정복지센터,23567.0,23.567,2.585653305476059,0.149787788,0.146989019,0.018868865,0.0,PRELIMINARY_POINT_BUFFER_PROXY,2.698418566,PRELIMINARY_90M,1.0,0.3867494524042095,0.3867494524042095,0.149787788,0.44973642766666666,0.49656841701771903
1051,ST026__ST027,26,ST026,은계파크자이,27,ST027,은행동행정복지센터,457.0,0.457,1.0,0.754632796,0.754632796,0.0,0.0,PRELIMINARY_POINT_BUFFER_PROXY,1.276801074,PRELIMINARY_90M,0.01939152204353545,1.0,1.0,0.754632796,0.212800179,0.49670612426088384
344,ST007__ST042,7,ST007,장현지구,42,ST042,시흥시청역,1884.0,1.884,1.0848082524282452,0.701082383,0.701082383,0.0,0.0,PRELIMINARY_POINT_BUFFER_PROXY,1.854984739,PRELIMINARY_90M,0.0799422921882293,0.9218218959540457,0.9218218959540457,0.701082383,0.3091641231666667,0.5030026735772354
540,ST012__ST013,12,ST012,신천역,13,ST013,삼미시장,817.0,0.817,1.0,0.809017738,0.809017738,0.0,0.0,PRELIMINARY_POINT_BUFFER_PROXY,1.048439723,PRELIMINARY_90M,0.034667119276955066,1.0,1.0,0.809017738,0.17473995383333332,0.5046062027775721
319,ST007__ST017,7,ST007,장현지구,17,ST017,장곡동,1354.0,1.354,1.2676067006331293,0.962650029,0.962650029,0.0,0.0,PRELIMINARY_POINT_BUFFER_PROXY,1.309444042,PRELIMINARY_90M,0.05745321848347265,0.7888882249522126,0.7888882249522126,0.962650029,0.21824067366666666,0.5068080365255879
1255,ST034__ST035,34,ST034,군자디지털과학고등학교,35,ST035,산들공원,462.0,0.462,1.4710642870065378,1.0,1.0,0.0,0.0,PRELIMINARY_POINT_BUFFER_PROXY,2.223041889,PRELIMINARY_90M,0.019603683116221834,0.6797799449233423,0.6797799449233423,1.0,0.3705069815,0.517472652384891
341,ST007__ST039,7,ST007,장현지구,39,ST039,능곡힐스테이트,3093.0,3.093,1.5666346849364792,0.518859596,0.428985095,0.089874501,0.0,PRELIMINARY_POINT_BUFFER_PROXY,4.745965987,PRELIMINARY_90M,0.13124283956379684,0.6383109027364258,0.6383109027364258,0.518859596,0.7909943311666666,0.5198519173667223
311,ST007__ST009,7,ST007,장현지구,9,ST009,능곡중앙공원,3395.0,3.395,1.60506658419029,0.56701767,0.531927058,0.176076025,0.0,PRELIMINARY_POINT_BUFFER_PROXY,4.488913524,PRELIMINARY_90M,0.1440573683540544,0.6230271129247085,0.6230271129247085,0.56701767,0.748152254,0.5205636013196907
340,ST007__ST038,7,ST007,장현지구,38,ST038,능곡도서관,2995.0,2.995,1.5526416544384283,0.509541985,0.486566978,0.030831918,0.0,PRELIMINARY_POINT_BUFFER_PROXY,4.846282974,PRELIMINARY_90M,0.12708448253914373,0.6440636170885727,0.6440636170885727,0.509541985,0.807713829,0.5221009784069292
674,ST015__ST024,15,ST015,목감택지개발예정지구,24,ST024,목감고등학교,376.0,0.376,2.0,0.846481849,0.846481849,0.0,0.0,PRELIMINARY_POINT_BUFFER_PROXY,4.399641958,PRELIMINARY_90M,0.015954512666016038,0.5,0.5,0.846481849,0.7332736596666667,0.5239275053331707
310,ST007__ST008,7,ST007,장현지구,8,ST008,시흥능곡역,2741.0,2.741,1.4601091553027377,0.484118832,0.484118832,0.0,0.0,PRELIMINARY_POINT_BUFFER_PROXY,4.893457588,PRELIMINARY_90M,0.11630670004667544,0.6848803025227664,0.6848803025227664,0.484118832,0.8155762646666668,0.5252205248090271
1296,ST036__ST037,36,ST036,시흥시립군자도서관,37,ST037,군자동행정복지센터,688.0,0.688,1.1969270521131194,1.0,1.0,0.0,0.0,PRELIMINARY_POINT_BUFFER_PROXY,1.574384084,PRELIMINARY_90M,0.02919336360164637,0.8354728036554493,0.8354728036554493,1.0,0.26239734733333336,0.5317658786476073
467,ST010__ST027,10,ST010,은계호수공원,27,ST027,은행동행정복지센터,1085.0,1.085,1.0,0.896875795,0.896875795,0.0,0.0,PRELIMINARY_POINT_BUFFER_PROXY,1.453282362,PRELIMINARY_90M,0.04603895277294522,1.0,1.0,0.896875795,0.242213727,0.5462821186932363
1277,ST035__ST037,35,ST035,산들공원,37,ST037,군자동행정복지센터,1120.0,1.12,1.558960820583074,1.0,1.0,0.0,0.0,PRELIMINARY_POINT_BUFFER_PROXY,3.432987377,PRELIMINARY_90M,0.047524080281749904,0.6414529389045104,0.6414529389045104,1.0,0.5721645628333333,0.5652853955048984
1257,ST034__ST037,34,ST034,군자디지털과학고등학교,37,ST037,군자동행정복지센터,1204.0,1.204,1.4107293611207596,1.0,1.0,0.0,0.0,PRELIMINARY_POINT_BUFFER_PROXY,3.342884366,PRELIMINARY_90M,0.05108838630288115,0.7088531844304609,0.7088531844304609,1.0,0.5571473943333333,0.5792722412666688
1276,ST035__ST036,35,ST035,산들공원,36,ST036,시흥시립군자도서관,644.0,0.644,1.9726651165804354,1.0,1.0,0.0,0.0,PRELIMINARY_POINT_BUFFER_PROXY,5.075705136,PRELIMINARY_90M,0.027326346162006195,0.50692841455699,0.50692841455699,1.0,0.845950856,0.595051404179749
1256,ST034__ST036,34,ST034,군자디지털과학고등학교,36,ST036,시흥시립군자도서관,834.0,0.834,1.5937178303347366,1.0,1.0,0.0,0.0,PRELIMINARY_POINT_BUFFER_PROXY,4.670931472,PRELIMINARY_90M,0.03538846692408877,0.6274636456755742,0.6274636456755742,1.0,0.7784885786666668,0.6103351728165824
731,ST016__ST042,16,ST016,물왕호수,42,ST042,시흥시청역,3596.0,3.596,2.0217012678110553,0.0,0.0,0.0,0.0,PRELIMINARY_POINT_BUFFER_PROXY,6.248952212,PRELIMINARY_90M,0.15258624347604702,0.4946329192753211,0.4946329192753211,0.0,30.0,7.661804790687842
1161,ST030__ST031,30,ST030,장곡도서관,31,ST031,마전저수지,3080.0,3.08,2.4191566998959355,0.306722356,0.306722356,0.0,0.0,PRELIMINARY_POINT_BUFFER_PROXY,6.137599967,PRELIMINARY_90M,0.13069122077481224,0.41336718702141817,0.41336718702141817,0.306722356,30.0,7.7126951909490575
