from_station_id,to_station_id,reference_distance_km,structure_distance_km,distance_stretch,structure
ST001,ST002,0.619,0.619,1.0,CANDIDATE_GRAPH
ST001,ST003,6.8,6.8,1.0,CANDIDATE_GRAPH
ST001,ST004,3.811,3.811,1.0,CANDIDATE_GRAPH
ST001,ST005,3.419,3.419,1.0,CANDIDATE_GRAPH
ST001,ST006,7.161,7.161,1.0,CANDIDATE_GRAPH
ST001,ST007,6.545,6.545,1.0,CANDIDATE_GRAPH
ST001,ST008,8.055,8.055,1.0,CANDIDATE_GRAPH
ST001,ST009,8.887,8.887,1.0,CANDIDATE_GRAPH
ST001,ST010,11.633,11.633,1.0,CANDIDATE_GRAPH
ST001,ST011,4.454,4.454,1.0,CANDIDATE_GRAPH
ST001,ST012,9.602,9.602,1.0,CANDIDATE_GRAPH
ST001,ST013,9.482,9.482,1.0,CANDIDATE_GRAPH
ST001,ST014,10.345,10.345,1.0,CANDIDATE_GRAPH
ST001,ST015,11.924,11.924,1.0,CANDIDATE_GRAPH
ST001,ST016,10.361,10.361,1.0,CANDIDATE_GRAPH
ST001,ST017,5.41,5.41,1.0,CANDIDATE_GRAPH
ST001,ST018,6.58,6.58,1.0,CANDIDATE_GRAPH
ST001,ST019,6.5889999999999995,6.5889999999999995,1.0,CANDIDATE_GRAPH
ST001,ST020,7.875,7.875,1.0,CANDIDATE_GRAPH
ST001,ST021,9.161000000000001,9.161000000000001,1.0,CANDIDATE_GRAPH
ST001,ST022,9.935,9.935,1.0,CANDIDATE_GRAPH
ST001,ST023,4.925,4.925,1.0,CANDIDATE_GRAPH
ST001,ST024,12.299999999999999,12.299999999999999,1.0,CANDIDATE_GRAPH
ST001,ST025,13.215,13.215,1.0,CANDIDATE_GRAPH
ST001,ST026,11.399000000000001,11.399000000000001,1.0,CANDIDATE_GRAPH
ST001,ST027,11.022,11.022,1.0,CANDIDATE_GRAPH
ST001,ST028,11.775,11.775,1.0,CANDIDATE_GRAPH
ST001,ST029,8.007,8.007,1.0,CANDIDATE_GRAPH
ST001,ST030,5.974,5.974,1.0,CANDIDATE_GRAPH
ST001,ST031,4.665,4.665,1.0,CANDIDATE_GRAPH
ST001,ST032,9.175,9.175,1.0,CANDIDATE_GRAPH
ST001,ST033,9.479,9.479,1.0,CANDIDATE_GRAPH
ST001,ST034,8.216000000000001,8.216000000000001,1.0,CANDIDATE_GRAPH
ST001,ST035,7.8629999999999995,7.8629999999999995,1.0,CANDIDATE_GRAPH
ST001,ST036,8.507,8.507,1.0,CANDIDATE_GRAPH
ST001,ST037,8.983,8.983,1.0,CANDIDATE_GRAPH
ST001,ST038,9.128,9.128,1.0,CANDIDATE_GRAPH
ST001,ST039,8.889,8.889,1.0,CANDIDATE_GRAPH
ST001,ST040,5.747,5.747,1.0,CANDIDATE_GRAPH
ST001,ST041,10.347999999999999,10.347999999999999,1.0,CANDIDATE_GRAPH
ST001,ST042,7.559,7.559,1.0,CANDIDATE_GRAPH
ST001,ST043,7.173,7.173,1.0,CANDIDATE_GRAPH
ST001,ST044,7.885,7.885,1.0,CANDIDATE_GRAPH
ST001,ST045,6.502,6.502,1.0,CANDIDATE_GRAPH
ST001,ST046,2.998,2.998,1.0,CANDIDATE_GRAPH
ST001,ST047,5.936999999999999,5.936999999999999,1.0,CANDIDATE_GRAPH
ST001,ST048,6.497999999999999,6.497999999999999,1.0,CANDIDATE_GRAPH
ST001,ST049,11.303999999999998,11.303999999999998,1.0,CANDIDATE_GRAPH
ST001,ST050,5.361000000000001,5.361000000000001,1.0,CANDIDATE_GRAPH
ST001,ST051,8.36,8.36,1.0,CANDIDATE_GRAPH
ST001,ST052,6.035,6.035,1.0,CANDIDATE_GRAPH
ST001,ST053,9.285,9.285,1.0,CANDIDATE_GRAPH
ST001,ST054,1.911,1.911,1.0,CANDIDATE_GRAPH
ST001,ST055,10.682,10.682,1.0,CANDIDATE_GRAPH
ST002,ST003,6.181,6.181,1.0,CANDIDATE_GRAPH
ST002,ST004,3.192,3.192,1.0,CANDIDATE_GRAPH
ST002,ST005,2.8,2.8,1.0,CANDIDATE_GRAPH
ST002,ST006,6.542,6.542,1.0,CANDIDATE_GRAPH
ST002,ST007,5.926,5.926,1.0,CANDIDATE_GRAPH
ST002,ST008,7.436,7.436,1.0,CANDIDATE_GRAPH
ST002,ST009,8.268,8.268,1.0,CANDIDATE_GRAPH
ST002,ST010,11.014,11.014,1.0,CANDIDATE_GRAPH
ST002,ST011,3.835,3.835,1.0,CANDIDATE_GRAPH
ST002,ST012,8.983,8.983,1.0,CANDIDATE_GRAPH
ST002,ST013,8.913,8.913,1.0,CANDIDATE_GRAPH
ST002,ST014,9.776,9.776,1.0,CANDIDATE_GRAPH
ST002,ST015,11.305,11.305,1.0,CANDIDATE_GRAPH
ST002,ST016,9.742,9.742,1.0,CANDIDATE_GRAPH
ST002,ST017,4.791,4.791,1.0,CANDIDATE_GRAPH
ST002,ST018,5.961,5.961,1.0,CANDIDATE_GRAPH
ST002,ST019,5.97,5.97,1.0,CANDIDATE_GRAPH
ST002,ST020,7.256,7.256,1.0,CANDIDATE_GRAPH
ST002,ST021,8.542,8.542,1.0,CANDIDATE_GRAPH
ST002,ST022,9.315999999999999,9.315999999999999,1.0,CANDIDATE_GRAPH
ST002,ST023,4.306,4.306,1.0,CANDIDATE_GRAPH
ST002,ST024,11.681,11.681,1.0,CANDIDATE_GRAPH
ST002,ST025,12.596,12.596,1.0,CANDIDATE_GRAPH
ST002,ST026,10.780000000000001,10.780000000000001,1.0,CANDIDATE_GRAPH
ST002,ST027,10.403,10.403,1.0,CANDIDATE_GRAPH
ST002,ST028,11.156,11.156,1.0,CANDIDATE_GRAPH
ST002,ST029,8.350999999999999,8.350999999999999,1.0,CANDIDATE_GRAPH
ST002,ST030,5.355,5.355,1.0,CANDIDATE_GRAPH
ST002,ST031,4.046,4.046,1.0,CANDIDATE_GRAPH
ST002,ST032,8.556,8.556,1.0,CANDIDATE_GRAPH
ST002,ST033,8.86,8.86,1.0,CANDIDATE_GRAPH
ST002,ST034,7.597,7.597,1.0,CANDIDATE_GRAPH
ST002,ST035,7.244,7.244,1.0,CANDIDATE_GRAPH
ST002,ST036,7.888,7.888,1.0,CANDIDATE_GRAPH
ST002,ST037,8.364,8.364,1.0,CANDIDATE_GRAPH
ST002,ST038,8.509,8.509,1.0,CANDIDATE_GRAPH
ST002,ST039,8.284,8.284,1.0,CANDIDATE_GRAPH
ST002,ST040,5.178,5.178,1.0,CANDIDATE_GRAPH
ST002,ST041,9.729,9.729,1.0,CANDIDATE_GRAPH
ST002,ST042,6.94,6.94,1.0,CANDIDATE_GRAPH
ST002,ST043,6.554,6.554,1.0,CANDIDATE_GRAPH
ST002,ST044,7.266,7.266,1.0,CANDIDATE_GRAPH
ST002,ST045,5.883,5.883,1.0,CANDIDATE_GRAPH
ST002,ST046,2.379,2.379,1.0,CANDIDATE_GRAPH
ST002,ST047,5.318,5.318,1.0,CANDIDATE_GRAPH
ST002,ST048,5.879,5.879,1.0,CANDIDATE_GRAPH
ST002,ST049,10.684999999999999,10.684999999999999,1.0,CANDIDATE_GRAPH
ST002,ST050,4.742,4.742,1.0,CANDIDATE_GRAPH
ST002,ST051,7.741,7.741,1.0,CANDIDATE_GRAPH
ST002,ST052,5.430000000000001,5.430000000000001,1.0,CANDIDATE_GRAPH
ST002,ST053,8.666,8.666,1.0,CANDIDATE_GRAPH
ST002,ST054,1.292,1.292,1.0,CANDIDATE_GRAPH
ST002,ST055,10.063,10.063,1.0,CANDIDATE_GRAPH
ST003,ST004,4.263,4.263,1.0,CANDIDATE_GRAPH
ST003,ST005,4.21,4.21,1.0,CANDIDATE_GRAPH
ST003,ST006,12.193999999999999,12.193999999999999,1.0,CANDIDATE_GRAPH
ST003,ST007,11.892,11.892,1.0,CANDIDATE_GRAPH
ST003,ST008,13.004999999999999,13.004999999999999,1.0,CANDIDATE_GRAPH
ST003,ST009,13.838,13.838,1.0,CANDIDATE_GRAPH
ST003,ST010,16.573999999999998,16.573999999999998,1.0,CANDIDATE_GRAPH
ST003,ST011,3.1750000000000003,3.1750000000000003,1.0,CANDIDATE_GRAPH
ST003,ST012,14.213,14.213,1.0,CANDIDATE_GRAPH
ST003,ST013,14.001,14.001,1.0,CANDIDATE_GRAPH
ST003,ST014,15.514999999999999,15.514999999999999,1.0,CANDIDATE_GRAPH
ST003,ST015,17.486,17.486,1.0,CANDIDATE_GRAPH
ST003,ST016,15.472000000000001,15.472000000000001,1.0,CANDIDATE_GRAPH
ST003,ST017,10.538,10.538,1.0,CANDIDATE_GRAPH
ST003,ST018,4.966,4.966,1.0,CANDIDATE_GRAPH
ST003,ST019,4.507,4.507,1.0,CANDIDATE_GRAPH
ST003,ST020,4.917999999999999,4.917999999999999,1.0,CANDIDATE_GRAPH
ST003,ST021,2.859,2.859,1.0,CANDIDATE_GRAPH
ST003,ST022,3.668,3.668,1.0,CANDIDATE_GRAPH
ST003,ST023,4.569,4.569,1.0,CANDIDATE_GRAPH
ST003,ST024,17.862000000000002,17.862000000000002,1.0,CANDIDATE_GRAPH
ST003,ST025,17.835,17.835,1.0,CANDIDATE_GRAPH
ST003,ST026,15.939,15.939,1.0,CANDIDATE_GRAPH
ST003,ST027,15.562,15.562,1.0,CANDIDATE_GRAPH
ST003,ST028,16.302,16.302,1.0,CANDIDATE_GRAPH
ST003,ST029,12.806000000000001,12.806000000000001,1.0,CANDIDATE_GRAPH
ST003,ST030,10.67,10.67,1.0,CANDIDATE_GRAPH
ST003,ST031,8.26,8.26,1.0,CANDIDATE_GRAPH
ST003,ST032,2.946,2.946,1.0,CANDIDATE_GRAPH
ST003,ST033,4.416,4.416,1.0,CANDIDATE_GRAPH
ST003,ST034,9.663,9.663,1.0,CANDIDATE_GRAPH
ST003,ST035,9.31,9.31,1.0,CANDIDATE_GRAPH
ST003,ST036,9.954,9.954,1.0,CANDIDATE_GRAPH
ST003,ST037,9.617,9.617,1.0,CANDIDATE_GRAPH
ST003,ST038,13.952,13.952,1.0,CANDIDATE_GRAPH
ST003,ST039,13.803999999999998,13.803999999999998,1.0,CANDIDATE_GRAPH
ST003,ST040,9.633000000000001,9.633000000000001,1.0,CANDIDATE_GRAPH
ST003,ST041,14.026,14.026,1.0,CANDIDATE_GRAPH
ST003,ST042,12.265,12.265,1.0,CANDIDATE_GRAPH
ST003,ST043,4.734,4.734,1.0,CANDIDATE_GRAPH
ST003,ST044,4.512,4.512,1.0,CANDIDATE_GRAPH
ST003,ST045,4.063,4.063,1.0,CANDIDATE_GRAPH
ST003,ST046,4.543,4.543,1.0,CANDIDATE_GRAPH
ST003,ST047,2.142,2.142,1.0,CANDIDATE_GRAPH
ST003,ST048,4.8629999999999995,4.8629999999999995,1.0,CANDIDATE_GRAPH
ST003,ST049,5.138,5.138,1.0,CANDIDATE_GRAPH
ST003,ST050,2.18,2.18,1.0,CANDIDATE_GRAPH
ST003,ST051,13.376000000000001,13.376000000000001,1.0,CANDIDATE_GRAPH
ST003,ST052,10.95,10.95,1.0,CANDIDATE_GRAPH
ST003,ST053,2.485,2.485,1.0,CANDIDATE_GRAPH
ST003,ST054,5.63,5.63,1.0,CANDIDATE_GRAPH
ST003,ST055,4.683,4.683,1.0,CANDIDATE_GRAPH
ST004,ST005,1.874,1.874,1.0,CANDIDATE_GRAPH
ST004,ST006,8.466,8.466,1.0,CANDIDATE_GRAPH
ST004,ST007,7.85,7.85,1.0,CANDIDATE_GRAPH
ST004,ST008,8.741999999999999,8.741999999999999,1.0,CANDIDATE_GRAPH
ST004,ST009,9.575,9.575,1.0,CANDIDATE_GRAPH
ST004,ST010,12.311,12.311,1.0,CANDIDATE_GRAPH
ST004,ST011,2.231,2.231,1.0,CANDIDATE_GRAPH
ST004,ST012,9.95,9.95,1.0,CANDIDATE_GRAPH
ST004,ST013,10.767,10.767,1.0,CANDIDATE_GRAPH
ST004,ST014,11.329999999999998,11.329999999999998,1.0,CANDIDATE_GRAPH
ST004,ST015,14.497,14.497,1.0,CANDIDATE_GRAPH
ST004,ST016,11.55,11.55,1.0,CANDIDATE_GRAPH
ST004,ST017,6.764,6.764,1.0,CANDIDATE_GRAPH
ST004,ST018,3.3680000000000003,3.3680000000000003,1.0,CANDIDATE_GRAPH
ST004,ST019,2.926,2.926,1.0,CANDIDATE_GRAPH
ST004,ST020,4.663,4.663,1.0,CANDIDATE_GRAPH
ST004,ST021,5.883,5.883,1.0,CANDIDATE_GRAPH
ST004,ST022,6.657,6.657,1.0,CANDIDATE_GRAPH
ST004,ST023,1.713,1.713,1.0,CANDIDATE_GRAPH
ST004,ST024,14.235,14.235,1.0,CANDIDATE_GRAPH
ST004,ST025,13.669,13.669,1.0,CANDIDATE_GRAPH
ST004,ST026,11.747,11.747,1.0,CANDIDATE_GRAPH
ST004,ST027,11.37,11.37,1.0,CANDIDATE_GRAPH
ST004,ST028,13.012,13.012,1.0,CANDIDATE_GRAPH
ST004,ST029,9.373999999999999,9.373999999999999,1.0,CANDIDATE_GRAPH
ST004,ST030,7.077,7.077,1.0,CANDIDATE_GRAPH
ST004,ST031,3.997,3.997,1.0,CANDIDATE_GRAPH
ST004,ST032,5.657,5.657,1.0,CANDIDATE_GRAPH
ST004,ST033,6.271,6.271,1.0,CANDIDATE_GRAPH
ST004,ST034,5.987,5.987,1.0,CANDIDATE_GRAPH
ST004,ST035,5.634,5.634,1.0,CANDIDATE_GRAPH
ST004,ST036,6.252,6.252,1.0,CANDIDATE_GRAPH
ST004,ST037,6.728,6.728,1.0,CANDIDATE_GRAPH
ST004,ST038,9.841000000000001,9.841000000000001,1.0,CANDIDATE_GRAPH
ST004,ST039,9.541,9.541,1.0,CANDIDATE_GRAPH
ST004,ST040,6.399,6.399,1.0,CANDIDATE_GRAPH
ST004,ST041,10.89,10.89,1.0,CANDIDATE_GRAPH
ST004,ST042,8.272,8.272,1.0,CANDIDATE_GRAPH
ST004,ST043,3.945,3.945,1.0,CANDIDATE_GRAPH
ST004,ST044,4.673,4.673,1.0,CANDIDATE_GRAPH
ST004,ST045,3.29,3.29,1.0,CANDIDATE_GRAPH
ST004,ST046,1.366,1.366,1.0,CANDIDATE_GRAPH
ST004,ST047,2.617,2.617,1.0,CANDIDATE_GRAPH
ST004,ST048,3.286,3.286,1.0,CANDIDATE_GRAPH
ST004,ST049,7.854,7.854,1.0,CANDIDATE_GRAPH
ST004,ST050,2.083,2.083,1.0,CANDIDATE_GRAPH
ST004,ST051,10.071,10.071,1.0,CANDIDATE_GRAPH
ST004,ST052,6.686999999999999,6.686999999999999,1.0,CANDIDATE_GRAPH
ST004,ST053,6.257,6.257,1.0,CANDIDATE_GRAPH
ST004,ST054,2.4530000000000003,2.4530000000000003,1.0,CANDIDATE_GRAPH
ST004,ST055,7.399,7.399,1.0,CANDIDATE_GRAPH
ST005,ST006,8.471,8.471,1.0,CANDIDATE_GRAPH
ST005,ST007,8.514,8.514,1.0,CANDIDATE_GRAPH
ST005,ST008,9.522,9.522,1.0,CANDIDATE_GRAPH
ST005,ST009,10.355,10.355,1.0,CANDIDATE_GRAPH
ST005,ST010,12.924,12.924,1.0,CANDIDATE_GRAPH
ST005,ST011,1.035,1.035,1.0,CANDIDATE_GRAPH
ST005,ST012,10.931000000000001,10.931000000000001,1.0,CANDIDATE_GRAPH
ST005,ST013,10.277999999999999,10.277999999999999,1.0,CANDIDATE_GRAPH
ST005,ST014,11.593,11.593,1.0,CANDIDATE_GRAPH
ST005,ST015,14.105,14.105,1.0,CANDIDATE_GRAPH
ST005,ST016,11.420000000000002,11.420000000000002,1.0,CANDIDATE_GRAPH
ST005,ST017,7.16,7.16,1.0,CANDIDATE_GRAPH
ST005,ST018,4.208,4.208,1.0,CANDIDATE_GRAPH
ST005,ST019,4.217,4.217,1.0,CANDIDATE_GRAPH
ST005,ST020,5.8870000000000005,5.8870000000000005,1.0,CANDIDATE_GRAPH
ST005,ST021,5.83,5.83,1.0,CANDIDATE_GRAPH
ST005,ST022,6.603999999999999,6.603999999999999,1.0,CANDIDATE_GRAPH
ST005,ST023,2.553,2.553,1.0,CANDIDATE_GRAPH
ST005,ST024,14.481,14.481,1.0,CANDIDATE_GRAPH
ST005,ST025,14.257,14.257,1.0,CANDIDATE_GRAPH
ST005,ST026,12.216,12.216,1.0,CANDIDATE_GRAPH
ST005,ST027,11.838999999999999,11.838999999999999,1.0,CANDIDATE_GRAPH
ST005,ST028,12.879999999999999,12.879999999999999,1.0,CANDIDATE_GRAPH
ST005,ST029,9.242,9.242,1.0,CANDIDATE_GRAPH
ST005,ST030,6.947,6.947,1.0,CANDIDATE_GRAPH
ST005,ST031,4.886,4.886,1.0,CANDIDATE_GRAPH
ST005,ST032,6.2940000000000005,6.2940000000000005,1.0,CANDIDATE_GRAPH
ST005,ST033,7.767,7.767,1.0,CANDIDATE_GRAPH
ST005,ST034,6.876,6.876,1.0,CANDIDATE_GRAPH
ST005,ST035,6.523,6.523,1.0,CANDIDATE_GRAPH
ST005,ST036,7.141,7.141,1.0,CANDIDATE_GRAPH
ST005,ST037,7.617,7.617,1.0,CANDIDATE_GRAPH
ST005,ST038,10.229,10.229,1.0,CANDIDATE_GRAPH
ST005,ST039,10.327,10.327,1.0,CANDIDATE_GRAPH
ST005,ST040,6.55,6.55,1.0,CANDIDATE_GRAPH
ST005,ST041,9.945,9.945,1.0,CANDIDATE_GRAPH
ST005,ST042,8.542,8.542,1.0,CANDIDATE_GRAPH
ST005,ST043,5.481999999999999,5.481999999999999,1.0,CANDIDATE_GRAPH
ST005,ST044,6.181,6.181,1.0,CANDIDATE_GRAPH
ST005,ST045,4.8629999999999995,4.8629999999999995,1.0,CANDIDATE_GRAPH
ST005,ST046,0.508,0.508,1.0,CANDIDATE_GRAPH
ST005,ST047,2.676,2.676,1.0,CANDIDATE_GRAPH
ST005,ST048,4.175,4.175,1.0,CANDIDATE_GRAPH
ST005,ST049,8.764,8.764,1.0,CANDIDATE_GRAPH
ST005,ST050,2.03,2.03,1.0,CANDIDATE_GRAPH
ST005,ST051,10.541,10.541,1.0,CANDIDATE_GRAPH
ST005,ST052,7.5760000000000005,7.5760000000000005,1.0,CANDIDATE_GRAPH
ST005,ST053,5.885,5.885,1.0,CANDIDATE_GRAPH
ST005,ST054,1.508,1.508,1.0,CANDIDATE_GRAPH
ST005,ST055,8.206999999999999,8.206999999999999,1.0,CANDIDATE_GRAPH
ST006,ST007,0.616,0.616,1.0,CANDIDATE_GRAPH
ST006,ST008,1.951,1.951,1.0,CANDIDATE_GRAPH
ST006,ST009,2.599,2.599,1.0,CANDIDATE_GRAPH
ST006,ST010,8.397,8.397,1.0,CANDIDATE_GRAPH
ST006,ST011,9.333,9.333,1.0,CANDIDATE_GRAPH
ST006,ST012,8.139,8.139,1.0,CANDIDATE_GRAPH
ST006,ST013,8.849,8.849,1.0,CANDIDATE_GRAPH
ST006,ST014,9.518999999999998,9.518999999999998,1.0,CANDIDATE_GRAPH
ST006,ST015,6.311,6.311,1.0,CANDIDATE_GRAPH
ST006,ST016,4.19,4.19,1.0,CANDIDATE_GRAPH
ST006,ST017,1.97,1.97,1.0,CANDIDATE_GRAPH
ST006,ST018,8.359,8.359,1.0,CANDIDATE_GRAPH
ST006,ST019,8.03,8.03,1.0,CANDIDATE_GRAPH
ST006,ST020,9.694,9.694,1.0,CANDIDATE_GRAPH
ST006,ST021,13.761999999999999,13.761999999999999,1.0,CANDIDATE_GRAPH
ST006,ST022,13.718,13.718,1.0,CANDIDATE_GRAPH
ST006,ST023,8.08,8.08,1.0,CANDIDATE_GRAPH
ST006,ST024,6.687,6.687,1.0,CANDIDATE_GRAPH
ST006,ST025,6.309,6.309,1.0,CANDIDATE_GRAPH
ST006,ST026,8.185,8.185,1.0,CANDIDATE_GRAPH
ST006,ST027,8.014,8.014,1.0,CANDIDATE_GRAPH
ST006,ST028,7.615,7.615,1.0,CANDIDATE_GRAPH
ST006,ST029,3.2479999999999998,3.2479999999999998,1.0,CANDIDATE_GRAPH
ST006,ST030,2.299,2.299,1.0,CANDIDATE_GRAPH
ST006,ST031,4.468999999999999,4.468999999999999,1.0,CANDIDATE_GRAPH
ST006,ST032,11.421,11.421,1.0,CANDIDATE_GRAPH
ST006,ST033,11.281,11.281,1.0,CANDIDATE_GRAPH
ST006,ST034,5.936,5.936,1.0,CANDIDATE_GRAPH
ST006,ST035,5.582999999999999,5.582999999999999,1.0,CANDIDATE_GRAPH
ST006,ST036,6.226999999999999,6.226999999999999,1.0,CANDIDATE_GRAPH
ST006,ST037,6.702999999999999,6.702999999999999,1.0,CANDIDATE_GRAPH
ST006,ST038,2.199,2.199,1.0,CANDIDATE_GRAPH
ST006,ST039,2.245,2.245,1.0,CANDIDATE_GRAPH
ST006,ST040,3.134,3.134,1.0,CANDIDATE_GRAPH
ST006,ST041,3.951,3.951,1.0,CANDIDATE_GRAPH
ST006,ST042,0.594,0.594,1.0,CANDIDATE_GRAPH
ST006,ST043,8.959,8.959,1.0,CANDIDATE_GRAPH
ST006,ST044,9.693,9.693,1.0,CANDIDATE_GRAPH
ST006,ST045,8.46,8.46,1.0,CANDIDATE_GRAPH
ST006,ST046,8.05,8.05,1.0,CANDIDATE_GRAPH
ST006,ST047,10.742999999999999,10.742999999999999,1.0,CANDIDATE_GRAPH
ST006,ST048,8.3,8.3,1.0,CANDIDATE_GRAPH
ST006,ST049,15.919999999999998,15.919999999999998,1.0,CANDIDATE_GRAPH
ST006,ST050,10.014,10.014,1.0,CANDIDATE_GRAPH
ST006,ST051,2.665,2.665,1.0,CANDIDATE_GRAPH
ST006,ST052,1.779,1.779,1.0,CANDIDATE_GRAPH
ST006,ST053,14.136,14.136,1.0,CANDIDATE_GRAPH
ST006,ST054,6.963,6.963,1.0,CANDIDATE_GRAPH
ST006,ST055,15.695,15.695,1.0,CANDIDATE_GRAPH
ST007,ST008,2.567,2.567,1.0,CANDIDATE_GRAPH
ST007,ST009,3.2150000000000003,3.2150000000000003,1.0,CANDIDATE_GRAPH
ST007,ST010,9.013,9.013,1.0,CANDIDATE_GRAPH
ST007,ST011,8.717,8.717,1.0,CANDIDATE_GRAPH
ST007,ST012,8.754999999999999,8.754999999999999,1.0,CANDIDATE_GRAPH
ST007,ST013,9.465,9.465,1.0,CANDIDATE_GRAPH
ST007,ST014,10.134999999999998,10.134999999999998,1.0,CANDIDATE_GRAPH
ST007,ST015,6.924,6.924,1.0,CANDIDATE_GRAPH
ST007,ST016,4.806,4.806,1.0,CANDIDATE_GRAPH
ST007,ST017,1.354,1.354,1.0,CANDIDATE_GRAPH
ST007,ST018,7.798,7.798,1.0,CANDIDATE_GRAPH
ST007,ST019,8.073,8.073,1.0,CANDIDATE_GRAPH
ST007,ST020,9.545000000000002,9.545000000000002,1.0,CANDIDATE_GRAPH
ST007,ST021,13.145999999999999,13.145999999999999,1.0,CANDIDATE_GRAPH
ST007,ST022,13.102,13.102,1.0,CANDIDATE_GRAPH
ST007,ST023,7.584,7.584,1.0,CANDIDATE_GRAPH
ST007,ST024,7.300000000000001,7.300000000000001,1.0,CANDIDATE_GRAPH
ST007,ST025,6.925,6.925,1.0,CANDIDATE_GRAPH
ST007,ST026,8.801,8.801,1.0,CANDIDATE_GRAPH
ST007,ST027,8.629999999999999,8.629999999999999,1.0,CANDIDATE_GRAPH
ST007,ST028,8.231,8.231,1.0,CANDIDATE_GRAPH
ST007,ST029,3.864,3.864,1.0,CANDIDATE_GRAPH
ST007,ST030,1.683,1.683,1.0,CANDIDATE_GRAPH
ST007,ST031,3.8529999999999998,3.8529999999999998,1.0,CANDIDATE_GRAPH
ST007,ST032,11.463999999999999,11.463999999999999,1.0,CANDIDATE_GRAPH
ST007,ST033,11.185,11.185,1.0,CANDIDATE_GRAPH
ST007,ST034,5.32,5.32,1.0,CANDIDATE_GRAPH
ST007,ST035,4.967,4.967,1.0,CANDIDATE_GRAPH
ST007,ST036,5.611,5.611,1.0,CANDIDATE_GRAPH
ST007,ST037,6.087,6.087,1.0,CANDIDATE_GRAPH
ST007,ST038,2.815,2.815,1.0,CANDIDATE_GRAPH
ST007,ST039,2.861,2.861,1.0,CANDIDATE_GRAPH
ST007,ST040,3.004,3.004,1.0,CANDIDATE_GRAPH
ST007,ST041,4.567,4.567,1.0,CANDIDATE_GRAPH
ST007,ST042,1.21,1.21,1.0,CANDIDATE_GRAPH
ST007,ST043,8.886,8.886,1.0,CANDIDATE_GRAPH
ST007,ST044,9.587,9.587,1.0,CANDIDATE_GRAPH
ST007,ST045,8.393,8.393,1.0,CANDIDATE_GRAPH
ST007,ST046,8.093,8.093,1.0,CANDIDATE_GRAPH
ST007,ST047,10.358,10.358,1.0,CANDIDATE_GRAPH
ST007,ST048,8.222,8.222,1.0,CANDIDATE_GRAPH
ST007,ST049,15.534,15.534,1.0,CANDIDATE_GRAPH
ST007,ST050,9.712,9.712,1.0,CANDIDATE_GRAPH
ST007,ST051,3.281,3.281,1.0,CANDIDATE_GRAPH
ST007,ST052,1.163,1.163,1.0,CANDIDATE_GRAPH
ST007,ST053,13.52,13.52,1.0,CANDIDATE_GRAPH
ST007,ST054,7.006,7.006,1.0,CANDIDATE_GRAPH
ST007,ST055,15.079,15.079,1.0,CANDIDATE_GRAPH
ST008,ST009,1.712,1.712,1.0,CANDIDATE_GRAPH
ST008,ST010,9.519,9.519,1.0,CANDIDATE_GRAPH
ST008,ST011,9.982,9.982,1.0,CANDIDATE_GRAPH
ST008,ST012,9.058,9.058,1.0,CANDIDATE_GRAPH
ST008,ST013,9.875,9.875,1.0,CANDIDATE_GRAPH
ST008,ST014,10.437999999999999,10.437999999999999,1.0,CANDIDATE_GRAPH
ST008,ST015,6.807,6.807,1.0,CANDIDATE_GRAPH
ST008,ST016,5.244,5.244,1.0,CANDIDATE_GRAPH
ST008,ST017,2.645,2.645,1.0,CANDIDATE_GRAPH
ST008,ST018,8.593,8.593,1.0,CANDIDATE_GRAPH
ST008,ST019,9.07,9.07,1.0,CANDIDATE_GRAPH
ST008,ST020,10.251000000000001,10.251000000000001,1.0,CANDIDATE_GRAPH
ST008,ST021,14.038,14.038,1.0,CANDIDATE_GRAPH
ST008,ST022,13.994,13.994,1.0,CANDIDATE_GRAPH
ST008,ST023,8.475999999999999,8.475999999999999,1.0,CANDIDATE_GRAPH
ST008,ST024,7.183000000000001,7.183000000000001,1.0,CANDIDATE_GRAPH
ST008,ST025,7.469,7.469,1.0,CANDIDATE_GRAPH
ST008,ST026,9.104,9.104,1.0,CANDIDATE_GRAPH
ST008,ST027,8.933,8.933,1.0,CANDIDATE_GRAPH
ST008,ST028,8.534,8.534,1.0,CANDIDATE_GRAPH
ST008,ST029,4.389,4.389,1.0,CANDIDATE_GRAPH
ST008,ST030,2.575,2.575,1.0,CANDIDATE_GRAPH
ST008,ST031,4.745,4.745,1.0,CANDIDATE_GRAPH
ST008,ST032,12.461,12.461,1.0,CANDIDATE_GRAPH
ST008,ST033,10.699,10.699,1.0,CANDIDATE_GRAPH
ST008,ST034,5.212,5.212,1.0,CANDIDATE_GRAPH
ST008,ST035,4.859,4.859,1.0,CANDIDATE_GRAPH
ST008,ST036,4.468,4.468,1.0,CANDIDATE_GRAPH
ST008,ST037,4.944,4.944,1.0,CANDIDATE_GRAPH
ST008,ST038,1.312,1.312,1.0,CANDIDATE_GRAPH
ST008,ST039,1.41,1.41,1.0,CANDIDATE_GRAPH
ST008,ST040,4.106,4.106,1.0,CANDIDATE_GRAPH
ST008,ST041,5.243,5.243,1.0,CANDIDATE_GRAPH
ST008,ST042,2.105,2.105,1.0,CANDIDATE_GRAPH
ST008,ST043,9.778,9.778,1.0,CANDIDATE_GRAPH
ST008,ST044,9.845,9.845,1.0,CANDIDATE_GRAPH
ST008,ST045,9.285,9.285,1.0,CANDIDATE_GRAPH
ST008,ST046,9.100999999999999,9.100999999999999,1.0,CANDIDATE_GRAPH
ST008,ST047,11.359000000000002,11.359000000000002,1.0,CANDIDATE_GRAPH
ST008,ST048,9.114,9.114,1.0,CANDIDATE_GRAPH
ST008,ST049,16.426,16.426,1.0,CANDIDATE_GRAPH
ST008,ST050,10.825000000000001,10.825000000000001,1.0,CANDIDATE_GRAPH
ST008,ST051,3.584,3.584,1.0,CANDIDATE_GRAPH
ST008,ST052,2.055,2.055,1.0,CANDIDATE_GRAPH
ST008,ST053,14.412,14.412,1.0,CANDIDATE_GRAPH
ST008,ST054,8.014,8.014,1.0,CANDIDATE_GRAPH
ST008,ST055,15.971,15.971,1.0,CANDIDATE_GRAPH
ST009,ST010,9.691,9.691,1.0,CANDIDATE_GRAPH
ST009,ST011,10.815,10.815,1.0,CANDIDATE_GRAPH
ST009,ST012,9.23,9.23,1.0,CANDIDATE_GRAPH
ST009,ST013,9.533,9.533,1.0,CANDIDATE_GRAPH
ST009,ST014,10.61,10.61,1.0,CANDIDATE_GRAPH
ST009,ST015,5.902,5.902,1.0,CANDIDATE_GRAPH
ST009,ST016,4.339,4.339,1.0,CANDIDATE_GRAPH
ST009,ST017,3.477,3.477,1.0,CANDIDATE_GRAPH
ST009,ST018,9.523,9.523,1.0,CANDIDATE_GRAPH
ST009,ST019,10.0,10.0,1.0,CANDIDATE_GRAPH
ST009,ST020,10.26,10.26,1.0,CANDIDATE_GRAPH
ST009,ST021,14.870999999999999,14.870999999999999,1.0,CANDIDATE_GRAPH
ST009,ST022,14.827,14.827,1.0,CANDIDATE_GRAPH
ST009,ST023,9.309,9.309,1.0,CANDIDATE_GRAPH
ST009,ST024,6.2780000000000005,6.2780000000000005,1.0,CANDIDATE_GRAPH
ST009,ST025,6.963,6.963,1.0,CANDIDATE_GRAPH
ST009,ST026,9.276,9.276,1.0,CANDIDATE_GRAPH
ST009,ST027,9.105,9.105,1.0,CANDIDATE_GRAPH
ST009,ST028,7.906,7.906,1.0,CANDIDATE_GRAPH
ST009,ST029,4.562,4.562,1.0,CANDIDATE_GRAPH
ST009,ST030,3.408,3.408,1.0,CANDIDATE_GRAPH
ST009,ST031,5.577999999999999,5.577999999999999,1.0,CANDIDATE_GRAPH
ST009,ST032,12.789,12.789,1.0,CANDIDATE_GRAPH
ST009,ST033,10.708,10.708,1.0,CANDIDATE_GRAPH
ST009,ST034,5.311,5.311,1.0,CANDIDATE_GRAPH
ST009,ST035,5.085,5.085,1.0,CANDIDATE_GRAPH
ST009,ST036,4.477,4.477,1.0,CANDIDATE_GRAPH
ST009,ST037,4.953,4.953,1.0,CANDIDATE_GRAPH
ST009,ST038,0.744,0.744,1.0,CANDIDATE_GRAPH
ST009,ST039,0.792,0.792,1.0,CANDIDATE_GRAPH
ST009,ST040,4.939,4.939,1.0,CANDIDATE_GRAPH
ST009,ST041,4.947,4.947,1.0,CANDIDATE_GRAPH
ST009,ST042,2.781,2.781,1.0,CANDIDATE_GRAPH
ST009,ST043,9.831,9.831,1.0,CANDIDATE_GRAPH
ST009,ST044,9.854,9.854,1.0,CANDIDATE_GRAPH
ST009,ST045,9.928,9.928,1.0,CANDIDATE_GRAPH
ST009,ST046,9.934,9.934,1.0,CANDIDATE_GRAPH
ST009,ST047,12.192,12.192,1.0,CANDIDATE_GRAPH
ST009,ST048,9.947,9.947,1.0,CANDIDATE_GRAPH
ST009,ST049,17.181,17.181,1.0,CANDIDATE_GRAPH
ST009,ST050,11.658,11.658,1.0,CANDIDATE_GRAPH
ST009,ST051,3.757,3.757,1.0,CANDIDATE_GRAPH
ST009,ST052,2.888,2.888,1.0,CANDIDATE_GRAPH
ST009,ST053,15.245,15.245,1.0,CANDIDATE_GRAPH
ST009,ST054,8.847,8.847,1.0,CANDIDATE_GRAPH
ST009,ST055,16.804,16.804,1.0,CANDIDATE_GRAPH
ST010,ST011,13.551,13.551,1.0,CANDIDATE_GRAPH
ST010,ST012,2.361,2.361,1.0,CANDIDATE_GRAPH
ST010,ST013,2.646,2.646,1.0,CANDIDATE_GRAPH
ST010,ST014,1.525,1.525,1.0,CANDIDATE_GRAPH
ST010,ST015,11.921,11.921,1.0,CANDIDATE_GRAPH
ST010,ST016,9.129999999999999,9.129999999999999,1.0,CANDIDATE_GRAPH
ST010,ST017,9.126000000000001,9.126000000000001,1.0,CANDIDATE_GRAPH
ST010,ST018,13.603,13.603,1.0,CANDIDATE_GRAPH
ST010,ST019,14.08,14.08,1.0,CANDIDATE_GRAPH
ST010,ST020,15.286,15.286,1.0,CANDIDATE_GRAPH
ST010,ST021,18.194,18.194,1.0,CANDIDATE_GRAPH
ST010,ST022,18.907,18.907,1.0,CANDIDATE_GRAPH
ST010,ST023,13.389,13.389,1.0,CANDIDATE_GRAPH
ST010,ST024,11.545,11.545,1.0,CANDIDATE_GRAPH
ST010,ST025,10.313,10.313,1.0,CANDIDATE_GRAPH
ST010,ST026,1.22,1.22,1.0,CANDIDATE_GRAPH
ST010,ST027,1.085,1.085,1.0,CANDIDATE_GRAPH
ST010,ST028,3.734,3.734,1.0,CANDIDATE_GRAPH
ST010,ST029,6.442,6.442,1.0,CANDIDATE_GRAPH
ST010,ST030,9.083,9.083,1.0,CANDIDATE_GRAPH
ST010,ST031,9.658,9.658,1.0,CANDIDATE_GRAPH
ST010,ST032,17.471,17.471,1.0,CANDIDATE_GRAPH
ST010,ST033,16.826,16.826,1.0,CANDIDATE_GRAPH
ST010,ST034,13.684999999999999,13.684999999999999,1.0,CANDIDATE_GRAPH
ST010,ST035,13.248999999999999,13.248999999999999,1.0,CANDIDATE_GRAPH
ST010,ST036,13.867,13.867,1.0,CANDIDATE_GRAPH
ST010,ST037,14.338999999999999,14.338999999999999,1.0,CANDIDATE_GRAPH
ST010,ST038,9.372,9.372,1.0,CANDIDATE_GRAPH
ST010,ST039,9.47,9.47,1.0,CANDIDATE_GRAPH
ST010,ST040,7.454,7.454,1.0,CANDIDATE_GRAPH
ST010,ST041,9.27,9.27,1.0,CANDIDATE_GRAPH
ST010,ST042,7.803,7.803,1.0,CANDIDATE_GRAPH
ST010,ST043,14.494,14.494,1.0,CANDIDATE_GRAPH
ST010,ST044,15.228,15.228,1.0,CANDIDATE_GRAPH
ST010,ST045,14.021999999999998,14.021999999999998,1.0,CANDIDATE_GRAPH
ST010,ST046,12.503,12.503,1.0,CANDIDATE_GRAPH
ST010,ST047,14.928,14.928,1.0,CANDIDATE_GRAPH
ST010,ST048,13.835,13.835,1.0,CANDIDATE_GRAPH
ST010,ST049,20.165,20.165,1.0,CANDIDATE_GRAPH
ST010,ST050,14.394,14.394,1.0,CANDIDATE_GRAPH
ST010,ST051,7.611,7.611,1.0,CANDIDATE_GRAPH
ST010,ST052,9.414,9.414,1.0,CANDIDATE_GRAPH
ST010,ST053,18.401,18.401,1.0,CANDIDATE_GRAPH
ST010,ST054,11.416,11.416,1.0,CANDIDATE_GRAPH
ST010,ST055,19.71,19.71,1.0,CANDIDATE_GRAPH
ST011,ST012,11.19,11.19,1.0,CANDIDATE_GRAPH
ST011,ST013,11.312999999999999,11.312999999999999,1.0,CANDIDATE_GRAPH
ST011,ST014,12.57,12.57,1.0,CANDIDATE_GRAPH
ST011,ST015,15.14,15.14,1.0,CANDIDATE_GRAPH
ST011,ST016,12.455000000000002,12.455000000000002,1.0,CANDIDATE_GRAPH
ST011,ST017,7.363,7.363,1.0,CANDIDATE_GRAPH
ST011,ST018,3.576,3.576,1.0,CANDIDATE_GRAPH
ST011,ST019,3.322,3.322,1.0,CANDIDATE_GRAPH
ST011,ST020,4.958,4.958,1.0,CANDIDATE_GRAPH
ST011,ST021,4.795,4.795,1.0,CANDIDATE_GRAPH
ST011,ST022,5.569,5.569,1.0,CANDIDATE_GRAPH
ST011,ST023,1.921,1.921,1.0,CANDIDATE_GRAPH
ST011,ST024,15.33,15.33,1.0,CANDIDATE_GRAPH
ST011,ST025,14.909,14.909,1.0,CANDIDATE_GRAPH
ST011,ST026,12.987,12.987,1.0,CANDIDATE_GRAPH
ST011,ST027,12.61,12.61,1.0,CANDIDATE_GRAPH
ST011,ST028,13.654,13.654,1.0,CANDIDATE_GRAPH
ST011,ST029,9.925,9.925,1.0,CANDIDATE_GRAPH
ST011,ST030,7.9270000000000005,7.9270000000000005,1.0,CANDIDATE_GRAPH
ST011,ST031,5.237,5.237,1.0,CANDIDATE_GRAPH
ST011,ST032,5.259,5.259,1.0,CANDIDATE_GRAPH
ST011,ST033,6.732,6.732,1.0,CANDIDATE_GRAPH
ST011,ST034,7.227,7.227,1.0,CANDIDATE_GRAPH
ST011,ST035,6.874,6.874,1.0,CANDIDATE_GRAPH
ST011,ST036,7.492,7.492,1.0,CANDIDATE_GRAPH
ST011,ST037,7.968,7.968,1.0,CANDIDATE_GRAPH
ST011,ST038,11.081,11.081,1.0,CANDIDATE_GRAPH
ST011,ST039,10.780999999999999,10.780999999999999,1.0,CANDIDATE_GRAPH
ST011,ST040,7.585,7.585,1.0,CANDIDATE_GRAPH
ST011,ST041,10.98,10.98,1.0,CANDIDATE_GRAPH
ST011,ST042,9.512,9.512,1.0,CANDIDATE_GRAPH
ST011,ST043,4.475,4.475,1.0,CANDIDATE_GRAPH
ST011,ST044,5.146,5.146,1.0,CANDIDATE_GRAPH
ST011,ST045,3.828,3.828,1.0,CANDIDATE_GRAPH
ST011,ST046,1.543,1.543,1.0,CANDIDATE_GRAPH
ST011,ST047,1.641,1.641,1.0,CANDIDATE_GRAPH
ST011,ST048,3.624,3.624,1.0,CANDIDATE_GRAPH
ST011,ST049,7.729,7.729,1.0,CANDIDATE_GRAPH
ST011,ST050,0.995,0.995,1.0,CANDIDATE_GRAPH
ST011,ST051,10.728,10.728,1.0,CANDIDATE_GRAPH
ST011,ST052,7.927,7.927,1.0,CANDIDATE_GRAPH
ST011,ST053,4.85,4.85,1.0,CANDIDATE_GRAPH
ST011,ST054,2.543,2.543,1.0,CANDIDATE_GRAPH
ST011,ST055,7.172,7.172,1.0,CANDIDATE_GRAPH
ST012,ST013,0.817,0.817,1.0,CANDIDATE_GRAPH
ST012,ST014,1.38,1.38,1.0,CANDIDATE_GRAPH
ST012,ST015,13.075999999999999,13.075999999999999,1.0,CANDIDATE_GRAPH
ST012,ST016,10.015,10.015,1.0,CANDIDATE_GRAPH
ST012,ST017,9.461,9.461,1.0,CANDIDATE_GRAPH
ST012,ST018,13.318,13.318,1.0,CANDIDATE_GRAPH
ST012,ST019,12.876,12.876,1.0,CANDIDATE_GRAPH
ST012,ST020,14.612999999999998,14.612999999999998,1.0,CANDIDATE_GRAPH
ST012,ST021,15.832999999999998,15.832999999999998,1.0,CANDIDATE_GRAPH
ST012,ST022,16.607,16.607,1.0,CANDIDATE_GRAPH
ST012,ST023,11.663,11.663,1.0,CANDIDATE_GRAPH
ST012,ST024,12.7,12.7,1.0,CANDIDATE_GRAPH
ST012,ST025,11.469,11.469,1.0,CANDIDATE_GRAPH
ST012,ST026,1.797,1.797,1.0,CANDIDATE_GRAPH
ST012,ST027,1.42,1.42,1.0,CANDIDATE_GRAPH
ST012,ST028,4.89,4.89,1.0,CANDIDATE_GRAPH
ST012,ST029,5.571,5.571,1.0,CANDIDATE_GRAPH
ST012,ST030,10.025,10.025,1.0,CANDIDATE_GRAPH
ST012,ST031,10.814,10.814,1.0,CANDIDATE_GRAPH
ST012,ST032,15.607,15.607,1.0,CANDIDATE_GRAPH
ST012,ST033,16.220999999999997,16.220999999999997,1.0,CANDIDATE_GRAPH
ST012,ST034,14.075,14.075,1.0,CANDIDATE_GRAPH
ST012,ST035,13.671,13.671,1.0,CANDIDATE_GRAPH
ST012,ST036,13.526,13.526,1.0,CANDIDATE_GRAPH
ST012,ST037,14.001999999999999,14.001999999999999,1.0,CANDIDATE_GRAPH
ST012,ST038,9.794,9.794,1.0,CANDIDATE_GRAPH
ST012,ST039,9.892,9.892,1.0,CANDIDATE_GRAPH
ST012,ST040,8.61,8.61,1.0,CANDIDATE_GRAPH
ST012,ST041,8.709,8.709,1.0,CANDIDATE_GRAPH
ST012,ST042,8.225,8.225,1.0,CANDIDATE_GRAPH
ST012,ST043,13.895,13.895,1.0,CANDIDATE_GRAPH
ST012,ST044,14.622999999999998,14.622999999999998,1.0,CANDIDATE_GRAPH
ST012,ST045,13.239999999999998,13.239999999999998,1.0,CANDIDATE_GRAPH
ST012,ST046,10.51,10.51,1.0,CANDIDATE_GRAPH
ST012,ST047,12.567,12.567,1.0,CANDIDATE_GRAPH
ST012,ST048,13.235999999999999,13.235999999999999,1.0,CANDIDATE_GRAPH
ST012,ST049,17.804,17.804,1.0,CANDIDATE_GRAPH
ST012,ST050,12.033,12.033,1.0,CANDIDATE_GRAPH
ST012,ST051,7.279,7.279,1.0,CANDIDATE_GRAPH
ST012,ST052,9.835999999999999,9.835999999999999,1.0,CANDIDATE_GRAPH
ST012,ST053,16.04,16.04,1.0,CANDIDATE_GRAPH
ST012,ST054,9.423,9.423,1.0,CANDIDATE_GRAPH
ST012,ST055,17.349,17.349,1.0,CANDIDATE_GRAPH
ST013,ST014,1.514,1.514,1.0,CANDIDATE_GRAPH
ST013,ST015,13.106,13.106,1.0,CANDIDATE_GRAPH
ST013,ST016,10.045,10.045,1.0,CANDIDATE_GRAPH
ST013,ST017,9.602,9.602,1.0,CANDIDATE_GRAPH
ST013,ST018,13.437999999999999,13.437999999999999,1.0,CANDIDATE_GRAPH
ST013,ST019,13.447,13.447,1.0,CANDIDATE_GRAPH
ST013,ST020,15.116999999999999,15.116999999999999,1.0,CANDIDATE_GRAPH
ST013,ST021,15.620999999999999,15.620999999999999,1.0,CANDIDATE_GRAPH
ST013,ST022,16.395,16.395,1.0,CANDIDATE_GRAPH
ST013,ST023,11.783,11.783,1.0,CANDIDATE_GRAPH
ST013,ST024,12.73,12.73,1.0,CANDIDATE_GRAPH
ST013,ST025,11.61,11.61,1.0,CANDIDATE_GRAPH
ST013,ST026,1.938,1.938,1.0,CANDIDATE_GRAPH
ST013,ST027,1.561,1.561,1.0,CANDIDATE_GRAPH
ST013,ST028,5.031,5.031,1.0,CANDIDATE_GRAPH
ST013,ST029,5.601,5.601,1.0,CANDIDATE_GRAPH
ST013,ST030,10.166,10.166,1.0,CANDIDATE_GRAPH
ST013,ST031,10.955,10.955,1.0,CANDIDATE_GRAPH
ST013,ST032,16.034,16.034,1.0,CANDIDATE_GRAPH
ST013,ST033,17.037999999999997,17.037999999999997,1.0,CANDIDATE_GRAPH
ST013,ST034,14.137,14.137,1.0,CANDIDATE_GRAPH
ST013,ST035,13.701,13.701,1.0,CANDIDATE_GRAPH
ST013,ST036,13.61,13.61,1.0,CANDIDATE_GRAPH
ST013,ST037,14.085999999999999,14.085999999999999,1.0,CANDIDATE_GRAPH
ST013,ST038,9.824,9.824,1.0,CANDIDATE_GRAPH
ST013,ST039,9.922,9.922,1.0,CANDIDATE_GRAPH
ST013,ST040,8.751,8.751,1.0,CANDIDATE_GRAPH
ST013,ST041,8.739,8.739,1.0,CANDIDATE_GRAPH
ST013,ST042,8.254999999999999,8.254999999999999,1.0,CANDIDATE_GRAPH
ST013,ST043,14.712,14.712,1.0,CANDIDATE_GRAPH
ST013,ST044,15.439999999999998,15.439999999999998,1.0,CANDIDATE_GRAPH
ST013,ST045,14.056999999999999,14.056999999999999,1.0,CANDIDATE_GRAPH
ST013,ST046,9.857,9.857,1.0,CANDIDATE_GRAPH
ST013,ST047,12.549999999999999,12.549999999999999,1.0,CANDIDATE_GRAPH
ST013,ST048,13.524,13.524,1.0,CANDIDATE_GRAPH
ST013,ST049,18.162999999999997,18.162999999999997,1.0,CANDIDATE_GRAPH
ST013,ST050,11.821,11.821,1.0,CANDIDATE_GRAPH
ST013,ST051,7.309,7.309,1.0,CANDIDATE_GRAPH
ST013,ST052,9.866,9.866,1.0,CANDIDATE_GRAPH
ST013,ST053,15.995,15.995,1.0,CANDIDATE_GRAPH
ST013,ST054,8.77,8.77,1.0,CANDIDATE_GRAPH
ST013,ST055,17.555,17.555,1.0,CANDIDATE_GRAPH
ST014,ST015,13.446,13.446,1.0,CANDIDATE_GRAPH
ST014,ST016,10.655000000000001,10.655000000000001,1.0,CANDIDATE_GRAPH
ST014,ST017,9.946,9.946,1.0,CANDIDATE_GRAPH
ST014,ST018,14.697999999999999,14.697999999999999,1.0,CANDIDATE_GRAPH
ST014,ST019,14.255999999999998,14.255999999999998,1.0,CANDIDATE_GRAPH
ST014,ST020,15.992999999999997,15.992999999999997,1.0,CANDIDATE_GRAPH
ST014,ST021,17.134999999999998,17.134999999999998,1.0,CANDIDATE_GRAPH
ST014,ST022,17.909,17.909,1.0,CANDIDATE_GRAPH
ST014,ST023,13.043,13.043,1.0,CANDIDATE_GRAPH
ST014,ST024,13.07,13.07,1.0,CANDIDATE_GRAPH
ST014,ST025,11.838000000000001,11.838000000000001,1.0,CANDIDATE_GRAPH
ST014,ST026,2.362,2.362,1.0,CANDIDATE_GRAPH
ST014,ST027,1.905,1.905,1.0,CANDIDATE_GRAPH
ST014,ST028,5.259,5.259,1.0,CANDIDATE_GRAPH
ST014,ST029,6.951,6.951,1.0,CANDIDATE_GRAPH
ST014,ST030,10.51,10.51,1.0,CANDIDATE_GRAPH
ST014,ST031,11.183,11.183,1.0,CANDIDATE_GRAPH
ST014,ST032,16.987,16.987,1.0,CANDIDATE_GRAPH
ST014,ST033,17.600999999999996,17.600999999999996,1.0,CANDIDATE_GRAPH
ST014,ST034,14.742,14.742,1.0,CANDIDATE_GRAPH
ST014,ST035,14.389,14.389,1.0,CANDIDATE_GRAPH
ST014,ST036,14.905999999999999,14.905999999999999,1.0,CANDIDATE_GRAPH
ST014,ST037,15.381999999999998,15.381999999999998,1.0,CANDIDATE_GRAPH
ST014,ST038,10.897,10.897,1.0,CANDIDATE_GRAPH
ST014,ST039,10.995000000000001,10.995000000000001,1.0,CANDIDATE_GRAPH
ST014,ST040,8.979,8.979,1.0,CANDIDATE_GRAPH
ST014,ST041,10.088999999999999,10.088999999999999,1.0,CANDIDATE_GRAPH
ST014,ST042,9.328,9.328,1.0,CANDIDATE_GRAPH
ST014,ST043,15.274999999999999,15.274999999999999,1.0,CANDIDATE_GRAPH
ST014,ST044,16.002999999999997,16.002999999999997,1.0,CANDIDATE_GRAPH
ST014,ST045,14.619999999999997,14.619999999999997,1.0,CANDIDATE_GRAPH
ST014,ST046,11.172,11.172,1.0,CANDIDATE_GRAPH
ST014,ST047,13.947,13.947,1.0,CANDIDATE_GRAPH
ST014,ST048,14.615999999999998,14.615999999999998,1.0,CANDIDATE_GRAPH
ST014,ST049,19.183999999999997,19.183999999999997,1.0,CANDIDATE_GRAPH
ST014,ST050,13.334999999999999,13.334999999999999,1.0,CANDIDATE_GRAPH
ST014,ST051,8.658999999999999,8.658999999999999,1.0,CANDIDATE_GRAPH
ST014,ST052,10.584999999999999,10.584999999999999,1.0,CANDIDATE_GRAPH
ST014,ST053,17.42,17.42,1.0,CANDIDATE_GRAPH
ST014,ST054,10.085,10.085,1.0,CANDIDATE_GRAPH
ST014,ST055,18.729,18.729,1.0,CANDIDATE_GRAPH
ST015,ST016,3.107,3.107,1.0,CANDIDATE_GRAPH
ST015,ST017,8.278,8.278,1.0,CANDIDATE_GRAPH
ST015,ST018,14.415,14.415,1.0,CANDIDATE_GRAPH
ST015,ST019,14.085999999999999,14.085999999999999,1.0,CANDIDATE_GRAPH
ST015,ST020,15.807,15.807,1.0,CANDIDATE_GRAPH
ST015,ST021,19.847,19.847,1.0,CANDIDATE_GRAPH
ST015,ST022,19.863,19.863,1.0,CANDIDATE_GRAPH
ST015,ST023,14.344999999999999,14.344999999999999,1.0,CANDIDATE_GRAPH
ST015,ST024,0.376,0.376,1.0,CANDIDATE_GRAPH
ST015,ST025,1.9369999999999998,1.9369999999999998,1.0,CANDIDATE_GRAPH
ST015,ST026,11.896999999999998,11.896999999999998,1.0,CANDIDATE_GRAPH
ST015,ST027,12.233,12.233,1.0,CANDIDATE_GRAPH
ST015,ST028,8.187,8.187,1.0,CANDIDATE_GRAPH
ST015,ST029,7.505,7.505,1.0,CANDIDATE_GRAPH
ST015,ST030,8.607000000000001,8.607000000000001,1.0,CANDIDATE_GRAPH
ST015,ST031,10.613999999999999,10.613999999999999,1.0,CANDIDATE_GRAPH
ST015,ST032,17.497,17.497,1.0,CANDIDATE_GRAPH
ST015,ST033,16.61,16.61,1.0,CANDIDATE_GRAPH
ST015,ST034,11.213000000000001,11.213000000000001,1.0,CANDIDATE_GRAPH
ST015,ST035,10.987,10.987,1.0,CANDIDATE_GRAPH
ST015,ST036,10.379000000000001,10.379000000000001,1.0,CANDIDATE_GRAPH
ST015,ST037,10.855,10.855,1.0,CANDIDATE_GRAPH
ST015,ST038,6.646,6.646,1.0,CANDIDATE_GRAPH
ST015,ST039,6.694,6.694,1.0,CANDIDATE_GRAPH
ST015,ST040,9.144,9.144,1.0,CANDIDATE_GRAPH
ST015,ST041,6.996,6.996,1.0,CANDIDATE_GRAPH
ST015,ST042,6.657,6.657,1.0,CANDIDATE_GRAPH
ST015,ST043,15.015,15.015,1.0,CANDIDATE_GRAPH
ST015,ST044,15.749,15.749,1.0,CANDIDATE_GRAPH
ST015,ST045,14.516000000000002,14.516000000000002,1.0,CANDIDATE_GRAPH
ST015,ST046,13.684,13.684,1.0,CANDIDATE_GRAPH
ST015,ST047,16.622999999999998,16.622999999999998,1.0,CANDIDATE_GRAPH
ST015,ST048,14.356000000000002,14.356000000000002,1.0,CANDIDATE_GRAPH
ST015,ST049,21.99,21.99,1.0,CANDIDATE_GRAPH
ST015,ST050,16.047,16.047,1.0,CANDIDATE_GRAPH
ST015,ST051,5.797,5.797,1.0,CANDIDATE_GRAPH
ST015,ST052,8.087,8.087,1.0,CANDIDATE_GRAPH
ST015,ST053,19.971,19.971,1.0,CANDIDATE_GRAPH
ST015,ST054,12.597,12.597,1.0,CANDIDATE_GRAPH
ST015,ST055,21.368000000000002,21.368000000000002,1.0,CANDIDATE_GRAPH
ST016,ST017,5.417,5.417,1.0,CANDIDATE_GRAPH
ST016,ST018,11.308,11.308,1.0,CANDIDATE_GRAPH
ST016,ST019,10.979,10.979,1.0,CANDIDATE_GRAPH
ST016,ST020,12.7,12.7,1.0,CANDIDATE_GRAPH
ST016,ST021,16.846,16.846,1.0,CANDIDATE_GRAPH
ST016,ST022,16.802,16.802,1.0,CANDIDATE_GRAPH
ST016,ST023,11.283999999999999,11.283999999999999,1.0,CANDIDATE_GRAPH
ST016,ST024,3.229,3.229,1.0,CANDIDATE_GRAPH
ST016,ST025,3.005,3.005,1.0,CANDIDATE_GRAPH
ST016,ST026,9.106,9.106,1.0,CANDIDATE_GRAPH
ST016,ST027,9.442,9.442,1.0,CANDIDATE_GRAPH
ST016,ST028,5.396,5.396,1.0,CANDIDATE_GRAPH
ST016,ST029,4.444,4.444,1.0,CANDIDATE_GRAPH
ST016,ST030,5.746,5.746,1.0,CANDIDATE_GRAPH
ST016,ST031,7.553,7.553,1.0,CANDIDATE_GRAPH
ST016,ST032,14.389999999999999,14.389999999999999,1.0,CANDIDATE_GRAPH
ST016,ST033,14.24,14.24,1.0,CANDIDATE_GRAPH
ST016,ST034,8.781,8.781,1.0,CANDIDATE_GRAPH
ST016,ST035,8.555,8.555,1.0,CANDIDATE_GRAPH
ST016,ST036,7.947,7.947,1.0,CANDIDATE_GRAPH
ST016,ST037,8.423,8.423,1.0,CANDIDATE_GRAPH
ST016,ST038,4.155,4.155,1.0,CANDIDATE_GRAPH
ST016,ST039,4.09,4.09,1.0,CANDIDATE_GRAPH
ST016,ST040,6.083,6.083,1.0,CANDIDATE_GRAPH
ST016,ST041,3.935,3.935,1.0,CANDIDATE_GRAPH
ST016,ST042,3.596,3.596,1.0,CANDIDATE_GRAPH
ST016,ST043,11.908,11.908,1.0,CANDIDATE_GRAPH
ST016,ST044,12.642,12.642,1.0,CANDIDATE_GRAPH
ST016,ST045,11.409,11.409,1.0,CANDIDATE_GRAPH
ST016,ST046,10.999,10.999,1.0,CANDIDATE_GRAPH
ST016,ST047,13.998999999999999,13.998999999999999,1.0,CANDIDATE_GRAPH
ST016,ST048,11.249,11.249,1.0,CANDIDATE_GRAPH
ST016,ST049,18.889,18.889,1.0,CANDIDATE_GRAPH
ST016,ST050,13.306,13.306,1.0,CANDIDATE_GRAPH
ST016,ST051,2.736,2.736,1.0,CANDIDATE_GRAPH
ST016,ST052,5.226,5.226,1.0,CANDIDATE_GRAPH
ST016,ST053,17.22,17.22,1.0,CANDIDATE_GRAPH
ST016,ST054,9.912,9.912,1.0,CANDIDATE_GRAPH
ST016,ST055,18.697000000000003,18.697000000000003,1.0,CANDIDATE_GRAPH
ST017,ST018,7.048,7.048,1.0,CANDIDATE_GRAPH
ST017,ST019,6.719,6.719,1.0,CANDIDATE_GRAPH
ST017,ST020,8.191,8.191,1.0,CANDIDATE_GRAPH
ST017,ST021,12.158000000000001,12.158000000000001,1.0,CANDIDATE_GRAPH
ST017,ST022,12.542000000000002,12.542000000000002,1.0,CANDIDATE_GRAPH
ST017,ST023,6.77,6.77,1.0,CANDIDATE_GRAPH
ST017,ST024,7.967,7.967,1.0,CANDIDATE_GRAPH
ST017,ST025,7.984,7.984,1.0,CANDIDATE_GRAPH
ST017,ST026,8.212,8.212,1.0,CANDIDATE_GRAPH
ST017,ST027,8.041,8.041,1.0,CANDIDATE_GRAPH
ST017,ST028,7.665,7.665,1.0,CANDIDATE_GRAPH
ST017,ST029,4.322,4.322,1.0,CANDIDATE_GRAPH
ST017,ST030,0.564,0.564,1.0,CANDIDATE_GRAPH
ST017,ST031,3.293,3.293,1.0,CANDIDATE_GRAPH
ST017,ST032,10.11,10.11,1.0,CANDIDATE_GRAPH
ST017,ST033,9.97,9.97,1.0,CANDIDATE_GRAPH
ST017,ST034,4.796,4.796,1.0,CANDIDATE_GRAPH
ST017,ST035,4.443,4.443,1.0,CANDIDATE_GRAPH
ST017,ST036,5.061,5.061,1.0,CANDIDATE_GRAPH
ST017,ST037,5.537,5.537,1.0,CANDIDATE_GRAPH
ST017,ST038,3.846,3.846,1.0,CANDIDATE_GRAPH
ST017,ST039,3.4930000000000003,3.4930000000000003,1.0,CANDIDATE_GRAPH
ST017,ST040,1.842,1.842,1.0,CANDIDATE_GRAPH
ST017,ST041,5.607,5.607,1.0,CANDIDATE_GRAPH
ST017,ST042,2.564,2.564,1.0,CANDIDATE_GRAPH
ST017,ST043,7.648,7.648,1.0,CANDIDATE_GRAPH
ST017,ST044,8.382,8.382,1.0,CANDIDATE_GRAPH
ST017,ST045,7.149,7.149,1.0,CANDIDATE_GRAPH
ST017,ST046,6.739,6.739,1.0,CANDIDATE_GRAPH
ST017,ST047,9.004000000000001,9.004000000000001,1.0,CANDIDATE_GRAPH
ST017,ST048,6.989,6.989,1.0,CANDIDATE_GRAPH
ST017,ST049,14.608999999999998,14.608999999999998,1.0,CANDIDATE_GRAPH
ST017,ST050,8.358,8.358,1.0,CANDIDATE_GRAPH
ST017,ST051,3.517,3.517,1.0,CANDIDATE_GRAPH
ST017,ST052,0.639,0.639,1.0,CANDIDATE_GRAPH
ST017,ST053,12.213000000000001,12.213000000000001,1.0,CANDIDATE_GRAPH
ST017,ST054,5.652,5.652,1.0,CANDIDATE_GRAPH
ST017,ST055,14.163,14.163,1.0,CANDIDATE_GRAPH
ST018,ST019,0.477,0.477,1.0,CANDIDATE_GRAPH
ST018,ST020,1.949,1.949,1.0,CANDIDATE_GRAPH
ST018,ST021,6.586,6.586,1.0,CANDIDATE_GRAPH
ST018,ST022,6.573,6.573,1.0,CANDIDATE_GRAPH
ST018,ST023,1.655,1.655,1.0,CANDIDATE_GRAPH
ST018,ST024,14.183,14.183,1.0,CANDIDATE_GRAPH
ST018,ST025,13.617,13.617,1.0,CANDIDATE_GRAPH
ST018,ST026,13.579,13.579,1.0,CANDIDATE_GRAPH
ST018,ST027,13.915000000000001,13.915000000000001,1.0,CANDIDATE_GRAPH
ST018,ST028,11.947,11.947,1.0,CANDIDATE_GRAPH
ST018,ST029,8.633,8.633,1.0,CANDIDATE_GRAPH
ST018,ST030,7.025,7.025,1.0,CANDIDATE_GRAPH
ST018,ST031,3.945,3.945,1.0,CANDIDATE_GRAPH
ST018,ST032,3.868,3.868,1.0,CANDIDATE_GRAPH
ST018,ST033,3.728,3.728,1.0,CANDIDATE_GRAPH
ST018,ST034,5.215,5.215,1.0,CANDIDATE_GRAPH
ST018,ST035,4.862,4.862,1.0,CANDIDATE_GRAPH
ST018,ST036,5.48,5.48,1.0,CANDIDATE_GRAPH
ST018,ST037,5.956,5.956,1.0,CANDIDATE_GRAPH
ST018,ST038,9.789,9.789,1.0,CANDIDATE_GRAPH
ST018,ST039,9.489,9.489,1.0,CANDIDATE_GRAPH
ST018,ST040,6.3469999999999995,6.3469999999999995,1.0,CANDIDATE_GRAPH
ST018,ST041,10.523,10.523,1.0,CANDIDATE_GRAPH
ST018,ST042,8.22,8.22,1.0,CANDIDATE_GRAPH
ST018,ST043,1.406,1.406,1.0,CANDIDATE_GRAPH
ST018,ST044,2.1399999999999997,2.1399999999999997,1.0,CANDIDATE_GRAPH
ST018,ST045,0.934,0.934,1.0,CANDIDATE_GRAPH
ST018,ST046,3.7,3.7,1.0,CANDIDATE_GRAPH
ST018,ST047,3.497,3.497,1.0,CANDIDATE_GRAPH
ST018,ST048,0.747,0.747,1.0,CANDIDATE_GRAPH
ST018,ST049,8.366999999999999,8.366999999999999,1.0,CANDIDATE_GRAPH
ST018,ST050,2.786,2.786,1.0,CANDIDATE_GRAPH
ST018,ST051,10.019,10.019,1.0,CANDIDATE_GRAPH
ST018,ST052,6.635,6.635,1.0,CANDIDATE_GRAPH
ST018,ST053,6.96,6.96,1.0,CANDIDATE_GRAPH
ST018,ST054,4.787,4.787,1.0,CANDIDATE_GRAPH
ST018,ST055,8.279,8.279,1.0,CANDIDATE_GRAPH
ST019,ST020,1.979,1.979,1.0,CANDIDATE_GRAPH
ST019,ST021,6.127,6.127,1.0,CANDIDATE_GRAPH
ST019,ST022,6.305,6.305,1.0,CANDIDATE_GRAPH
ST019,ST023,1.664,1.664,1.0,CANDIDATE_GRAPH
ST019,ST024,14.207999999999998,14.207999999999998,1.0,CANDIDATE_GRAPH
ST019,ST025,13.983999999999998,13.983999999999998,1.0,CANDIDATE_GRAPH
ST019,ST026,14.056000000000001,14.056000000000001,1.0,CANDIDATE_GRAPH
ST019,ST027,14.296,14.296,1.0,CANDIDATE_GRAPH
ST019,ST028,12.424,12.424,1.0,CANDIDATE_GRAPH
ST019,ST029,9.11,9.11,1.0,CANDIDATE_GRAPH
ST019,ST030,7.283,7.283,1.0,CANDIDATE_GRAPH
ST019,ST031,4.422,4.422,1.0,CANDIDATE_GRAPH
ST019,ST032,3.411,3.411,1.0,CANDIDATE_GRAPH
ST019,ST033,3.836,3.836,1.0,CANDIDATE_GRAPH
ST019,ST034,5.692,5.692,1.0,CANDIDATE_GRAPH
ST019,ST035,5.339,5.339,1.0,CANDIDATE_GRAPH
ST019,ST036,5.957000000000001,5.957000000000001,1.0,CANDIDATE_GRAPH
ST019,ST037,6.415,6.415,1.0,CANDIDATE_GRAPH
ST019,ST038,10.229,10.229,1.0,CANDIDATE_GRAPH
ST019,ST039,9.966000000000001,9.966000000000001,1.0,CANDIDATE_GRAPH
ST019,ST040,6.824,6.824,1.0,CANDIDATE_GRAPH
ST019,ST041,10.631,10.631,1.0,CANDIDATE_GRAPH
ST019,ST042,8.623999999999999,8.623999999999999,1.0,CANDIDATE_GRAPH
ST019,ST043,1.504,1.504,1.0,CANDIDATE_GRAPH
ST019,ST044,2.238,2.238,1.0,CANDIDATE_GRAPH
ST019,ST045,0.859,0.859,1.0,CANDIDATE_GRAPH
ST019,ST046,3.7089999999999996,3.7089999999999996,1.0,CANDIDATE_GRAPH
ST019,ST047,3.02,3.02,1.0,CANDIDATE_GRAPH
ST019,ST048,0.855,0.855,1.0,CANDIDATE_GRAPH
ST019,ST049,7.91,7.91,1.0,CANDIDATE_GRAPH
ST019,ST050,2.327,2.327,1.0,CANDIDATE_GRAPH
ST019,ST051,10.236,10.236,1.0,CANDIDATE_GRAPH
ST019,ST052,7.112,7.112,1.0,CANDIDATE_GRAPH
ST019,ST053,6.5009999999999994,6.5009999999999994,1.0,CANDIDATE_GRAPH
ST019,ST054,4.795999999999999,4.795999999999999,1.0,CANDIDATE_GRAPH
ST019,ST055,7.802,7.802,1.0,CANDIDATE_GRAPH
ST020,ST021,7.03,7.03,1.0,CANDIDATE_GRAPH
ST020,ST022,6.274,6.274,1.0,CANDIDATE_GRAPH
ST020,ST023,3.334,3.334,1.0,CANDIDATE_GRAPH
ST020,ST024,15.928999999999998,15.928999999999998,1.0,CANDIDATE_GRAPH
ST020,ST025,15.408000000000001,15.408000000000001,1.0,CANDIDATE_GRAPH
ST020,ST026,15.262,15.262,1.0,CANDIDATE_GRAPH
ST020,ST027,15.597999999999999,15.597999999999999,1.0,CANDIDATE_GRAPH
ST020,ST028,13.895999999999999,13.895999999999999,1.0,CANDIDATE_GRAPH
ST020,ST029,10.424,10.424,1.0,CANDIDATE_GRAPH
ST020,ST030,8.227,8.227,1.0,CANDIDATE_GRAPH
ST020,ST031,5.736,5.736,1.0,CANDIDATE_GRAPH
ST020,ST032,3.417,3.417,1.0,CANDIDATE_GRAPH
ST020,ST033,1.99,1.99,1.0,CANDIDATE_GRAPH
ST020,ST034,5.992,5.992,1.0,CANDIDATE_GRAPH
ST020,ST035,6.436,6.436,1.0,CANDIDATE_GRAPH
ST020,ST036,6.189,6.189,1.0,CANDIDATE_GRAPH
ST020,ST037,5.501,5.501,1.0,CANDIDATE_GRAPH
ST020,ST038,10.468,10.468,1.0,CANDIDATE_GRAPH
ST020,ST039,10.226,10.226,1.0,CANDIDATE_GRAPH
ST020,ST040,7.832,7.832,1.0,CANDIDATE_GRAPH
ST020,ST041,11.227,11.227,1.0,CANDIDATE_GRAPH
ST020,ST042,9.822,9.822,1.0,CANDIDATE_GRAPH
ST020,ST043,0.792,0.792,1.0,CANDIDATE_GRAPH
ST020,ST044,0.406,0.406,1.0,CANDIDATE_GRAPH
ST020,ST045,1.373,1.373,1.0,CANDIDATE_GRAPH
ST020,ST046,5.379,5.379,1.0,CANDIDATE_GRAPH
ST020,ST047,3.98,3.98,1.0,CANDIDATE_GRAPH
ST020,ST048,2.009,2.009,1.0,CANDIDATE_GRAPH
ST020,ST049,7.9159999999999995,7.9159999999999995,1.0,CANDIDATE_GRAPH
ST020,ST050,4.182,4.182,1.0,CANDIDATE_GRAPH
ST020,ST051,11.708,11.708,1.0,CANDIDATE_GRAPH
ST020,ST052,8.426,8.426,1.0,CANDIDATE_GRAPH
ST020,ST053,7.395,7.395,1.0,CANDIDATE_GRAPH
ST020,ST054,6.465999999999999,6.465999999999999,1.0,CANDIDATE_GRAPH
ST020,ST055,7.845,7.845,1.0,CANDIDATE_GRAPH
ST021,ST022,0.983,0.983,1.0,CANDIDATE_GRAPH
ST021,ST023,5.955,5.955,1.0,CANDIDATE_GRAPH
ST021,ST024,19.531,19.531,1.0,CANDIDATE_GRAPH
ST021,ST025,18.965,18.965,1.0,CANDIDATE_GRAPH
ST021,ST026,17.558999999999997,17.558999999999997,1.0,CANDIDATE_GRAPH
ST021,ST027,17.182,17.182,1.0,CANDIDATE_GRAPH
ST021,ST028,17.688000000000002,17.688000000000002,1.0,CANDIDATE_GRAPH
ST021,ST029,14.374,14.374,1.0,CANDIDATE_GRAPH
ST021,ST030,12.29,12.29,1.0,CANDIDATE_GRAPH
ST021,ST031,9.293,9.293,1.0,CANDIDATE_GRAPH
ST021,ST032,3.877,3.877,1.0,CANDIDATE_GRAPH
ST021,ST033,5.896,5.896,1.0,CANDIDATE_GRAPH
ST021,ST034,11.283,11.283,1.0,CANDIDATE_GRAPH
ST021,ST035,10.93,10.93,1.0,CANDIDATE_GRAPH
ST021,ST036,11.574,11.574,1.0,CANDIDATE_GRAPH
ST021,ST037,11.237,11.237,1.0,CANDIDATE_GRAPH
ST021,ST038,15.137,15.137,1.0,CANDIDATE_GRAPH
ST021,ST039,14.837,14.837,1.0,CANDIDATE_GRAPH
ST021,ST040,11.253,11.253,1.0,CANDIDATE_GRAPH
ST021,ST041,15.645999999999999,15.645999999999999,1.0,CANDIDATE_GRAPH
ST021,ST042,13.568,13.568,1.0,CANDIDATE_GRAPH
ST021,ST043,6.354,6.354,1.0,CANDIDATE_GRAPH
ST021,ST044,6.851,6.851,1.0,CANDIDATE_GRAPH
ST021,ST045,5.683,5.683,1.0,CANDIDATE_GRAPH
ST021,ST046,6.163,6.163,1.0,CANDIDATE_GRAPH
ST021,ST047,3.762,3.762,1.0,CANDIDATE_GRAPH
ST021,ST048,6.483,6.483,1.0,CANDIDATE_GRAPH
ST021,ST049,3.415,3.415,1.0,CANDIDATE_GRAPH
ST021,ST050,3.8,3.8,1.0,CANDIDATE_GRAPH
ST021,ST051,14.762,14.762,1.0,CANDIDATE_GRAPH
ST021,ST052,11.982999999999999,11.982999999999999,1.0,CANDIDATE_GRAPH
ST021,ST053,0.374,0.374,1.0,CANDIDATE_GRAPH
ST021,ST054,7.25,7.25,1.0,CANDIDATE_GRAPH
ST021,ST055,2.96,2.96,1.0,CANDIDATE_GRAPH
ST022,ST023,6.145,6.145,1.0,CANDIDATE_GRAPH
ST022,ST024,19.487000000000002,19.487000000000002,1.0,CANDIDATE_GRAPH
ST022,ST025,18.921,18.921,1.0,CANDIDATE_GRAPH
ST022,ST026,18.333,18.333,1.0,CANDIDATE_GRAPH
ST022,ST027,17.956,17.956,1.0,CANDIDATE_GRAPH
ST022,ST028,17.878,17.878,1.0,CANDIDATE_GRAPH
ST022,ST029,14.564,14.564,1.0,CANDIDATE_GRAPH
ST022,ST030,12.329,12.329,1.0,CANDIDATE_GRAPH
ST022,ST031,9.249,9.249,1.0,CANDIDATE_GRAPH
ST022,ST032,2.894,2.894,1.0,CANDIDATE_GRAPH
ST022,ST033,4.913,4.913,1.0,CANDIDATE_GRAPH
ST022,ST034,11.239,11.239,1.0,CANDIDATE_GRAPH
ST022,ST035,10.886,10.886,1.0,CANDIDATE_GRAPH
ST022,ST036,11.53,11.53,1.0,CANDIDATE_GRAPH
ST022,ST037,11.195,11.195,1.0,CANDIDATE_GRAPH
ST022,ST038,15.093,15.093,1.0,CANDIDATE_GRAPH
ST022,ST039,14.793,14.793,1.0,CANDIDATE_GRAPH
ST022,ST040,11.651,11.651,1.0,CANDIDATE_GRAPH
ST022,ST041,15.602,15.602,1.0,CANDIDATE_GRAPH
ST022,ST042,13.524000000000001,13.524000000000001,1.0,CANDIDATE_GRAPH
ST022,ST043,5.95,5.95,1.0,CANDIDATE_GRAPH
ST022,ST044,5.868,5.868,1.0,CANDIDATE_GRAPH
ST022,ST045,5.639,5.639,1.0,CANDIDATE_GRAPH
ST022,ST046,6.936999999999999,6.936999999999999,1.0,CANDIDATE_GRAPH
ST022,ST047,4.352,4.352,1.0,CANDIDATE_GRAPH
ST022,ST048,6.439,6.439,1.0,CANDIDATE_GRAPH
ST022,ST049,2.432,2.432,1.0,CANDIDATE_GRAPH
ST022,ST050,4.574,4.574,1.0,CANDIDATE_GRAPH
ST022,ST051,14.952,14.952,1.0,CANDIDATE_GRAPH
ST022,ST052,11.939,11.939,1.0,CANDIDATE_GRAPH
ST022,ST053,1.357,1.357,1.0,CANDIDATE_GRAPH
ST022,ST054,8.024,8.024,1.0,CANDIDATE_GRAPH
ST022,ST055,1.977,1.977,1.0,CANDIDATE_GRAPH
ST023,ST024,13.969,13.969,1.0,CANDIDATE_GRAPH
ST023,ST025,13.403,13.403,1.0,CANDIDATE_GRAPH
ST023,ST026,13.365,13.365,1.0,CANDIDATE_GRAPH
ST023,ST027,13.083,13.083,1.0,CANDIDATE_GRAPH
ST023,ST028,11.733,11.733,1.0,CANDIDATE_GRAPH
ST023,ST029,8.419,8.419,1.0,CANDIDATE_GRAPH
ST023,ST030,6.811,6.811,1.0,CANDIDATE_GRAPH
ST023,ST031,3.731,3.731,1.0,CANDIDATE_GRAPH
ST023,ST032,4.753,4.753,1.0,CANDIDATE_GRAPH
ST023,ST033,5.324,5.324,1.0,CANDIDATE_GRAPH
ST023,ST034,5.721,5.721,1.0,CANDIDATE_GRAPH
ST023,ST035,5.368,5.368,1.0,CANDIDATE_GRAPH
ST023,ST036,5.986,5.986,1.0,CANDIDATE_GRAPH
ST023,ST037,6.462,6.462,1.0,CANDIDATE_GRAPH
ST023,ST038,9.575,9.575,1.0,CANDIDATE_GRAPH
ST023,ST039,9.274999999999999,9.274999999999999,1.0,CANDIDATE_GRAPH
ST023,ST040,6.133,6.133,1.0,CANDIDATE_GRAPH
ST023,ST041,11.2,11.2,1.0,CANDIDATE_GRAPH
ST023,ST042,8.006,8.006,1.0,CANDIDATE_GRAPH
ST023,ST043,3.061,3.061,1.0,CANDIDATE_GRAPH
ST023,ST044,3.74,3.74,1.0,CANDIDATE_GRAPH
ST023,ST045,2.5229999999999997,2.5229999999999997,1.0,CANDIDATE_GRAPH
ST023,ST046,2.045,2.045,1.0,CANDIDATE_GRAPH
ST023,ST047,3.166,3.166,1.0,CANDIDATE_GRAPH
ST023,ST048,2.402,2.402,1.0,CANDIDATE_GRAPH
ST023,ST049,8.577,8.577,1.0,CANDIDATE_GRAPH
ST023,ST050,2.437,2.437,1.0,CANDIDATE_GRAPH
ST023,ST051,8.807,8.807,1.0,CANDIDATE_GRAPH
ST023,ST052,6.420999999999999,6.420999999999999,1.0,CANDIDATE_GRAPH
ST023,ST053,6.329,6.329,1.0,CANDIDATE_GRAPH
ST023,ST054,3.1319999999999997,3.1319999999999997,1.0,CANDIDATE_GRAPH
ST023,ST055,8.122,8.122,1.0,CANDIDATE_GRAPH
ST024,ST025,1.561,1.561,1.0,CANDIDATE_GRAPH
ST024,ST026,11.521,11.521,1.0,CANDIDATE_GRAPH
ST024,ST027,11.857,11.857,1.0,CANDIDATE_GRAPH
ST024,ST028,7.811,7.811,1.0,CANDIDATE_GRAPH
ST024,ST029,7.1290000000000004,7.1290000000000004,1.0,CANDIDATE_GRAPH
ST024,ST030,8.431,8.431,1.0,CANDIDATE_GRAPH
ST024,ST031,10.238,10.238,1.0,CANDIDATE_GRAPH
ST024,ST032,17.619,17.619,1.0,CANDIDATE_GRAPH
ST024,ST033,16.986,16.986,1.0,CANDIDATE_GRAPH
ST024,ST034,11.466,11.466,1.0,CANDIDATE_GRAPH
ST024,ST035,11.24,11.24,1.0,CANDIDATE_GRAPH
ST024,ST036,10.632,10.632,1.0,CANDIDATE_GRAPH
ST024,ST037,11.108,11.108,1.0,CANDIDATE_GRAPH
ST024,ST038,7.022,7.022,1.0,CANDIDATE_GRAPH
ST024,ST039,6.775,6.775,1.0,CANDIDATE_GRAPH
ST024,ST040,8.768,8.768,1.0,CANDIDATE_GRAPH
ST024,ST041,6.62,6.62,1.0,CANDIDATE_GRAPH
ST024,ST042,6.281,6.281,1.0,CANDIDATE_GRAPH
ST024,ST043,15.137,15.137,1.0,CANDIDATE_GRAPH
ST024,ST044,15.871,15.871,1.0,CANDIDATE_GRAPH
ST024,ST045,14.638000000000002,14.638000000000002,1.0,CANDIDATE_GRAPH
ST024,ST046,14.059999999999999,14.059999999999999,1.0,CANDIDATE_GRAPH
ST024,ST047,16.852,16.852,1.0,CANDIDATE_GRAPH
ST024,ST048,14.478000000000002,14.478000000000002,1.0,CANDIDATE_GRAPH
ST024,ST049,21.919,21.919,1.0,CANDIDATE_GRAPH
ST024,ST050,16.221,16.221,1.0,CANDIDATE_GRAPH
ST024,ST051,5.421,5.421,1.0,CANDIDATE_GRAPH
ST024,ST052,7.911,7.911,1.0,CANDIDATE_GRAPH
ST024,ST053,19.904999999999998,19.904999999999998,1.0,CANDIDATE_GRAPH
ST024,ST054,12.972999999999999,12.972999999999999,1.0,CANDIDATE_GRAPH
ST024,ST055,21.464000000000002,21.464000000000002,1.0,CANDIDATE_GRAPH
ST025,ST026,10.588000000000001,10.588000000000001,1.0,CANDIDATE_GRAPH
ST025,ST027,10.924,10.924,1.0,CANDIDATE_GRAPH
ST025,ST028,6.878,6.878,1.0,CANDIDATE_GRAPH
ST025,ST029,6.563000000000001,6.563000000000001,1.0,CANDIDATE_GRAPH
ST025,ST030,7.865,7.865,1.0,CANDIDATE_GRAPH
ST025,ST031,9.672,9.672,1.0,CANDIDATE_GRAPH
ST025,ST032,17.395,17.395,1.0,CANDIDATE_GRAPH
ST025,ST033,16.919,16.919,1.0,CANDIDATE_GRAPH
ST025,ST034,10.9,10.9,1.0,CANDIDATE_GRAPH
ST025,ST035,10.674,10.674,1.0,CANDIDATE_GRAPH
ST025,ST036,10.066,10.066,1.0,CANDIDATE_GRAPH
ST025,ST037,10.542,10.542,1.0,CANDIDATE_GRAPH
ST025,ST038,6.274,6.274,1.0,CANDIDATE_GRAPH
ST025,ST039,6.209,6.209,1.0,CANDIDATE_GRAPH
ST025,ST040,8.202,8.202,1.0,CANDIDATE_GRAPH
ST025,ST041,6.054,6.054,1.0,CANDIDATE_GRAPH
ST025,ST042,5.715,5.715,1.0,CANDIDATE_GRAPH
ST025,ST043,14.745,14.745,1.0,CANDIDATE_GRAPH
ST025,ST044,15.479,15.479,1.0,CANDIDATE_GRAPH
ST025,ST045,14.246,14.246,1.0,CANDIDATE_GRAPH
ST025,ST046,13.835999999999999,13.835999999999999,1.0,CANDIDATE_GRAPH
ST025,ST047,16.286,16.286,1.0,CANDIDATE_GRAPH
ST025,ST048,14.086,14.086,1.0,CANDIDATE_GRAPH
ST025,ST049,21.352999999999998,21.352999999999998,1.0,CANDIDATE_GRAPH
ST025,ST050,15.655000000000001,15.655000000000001,1.0,CANDIDATE_GRAPH
ST025,ST051,4.855,4.855,1.0,CANDIDATE_GRAPH
ST025,ST052,7.345,7.345,1.0,CANDIDATE_GRAPH
ST025,ST053,19.339,19.339,1.0,CANDIDATE_GRAPH
ST025,ST054,12.748999999999999,12.748999999999999,1.0,CANDIDATE_GRAPH
ST025,ST055,20.898,20.898,1.0,CANDIDATE_GRAPH
ST026,ST027,0.457,0.457,1.0,CANDIDATE_GRAPH
ST026,ST028,3.71,3.71,1.0,CANDIDATE_GRAPH
ST026,ST029,6.175,6.175,1.0,CANDIDATE_GRAPH
ST026,ST030,8.776,8.776,1.0,CANDIDATE_GRAPH
ST026,ST031,9.634,9.634,1.0,CANDIDATE_GRAPH
ST026,ST032,17.404,17.404,1.0,CANDIDATE_GRAPH
ST026,ST033,16.802,16.802,1.0,CANDIDATE_GRAPH
ST026,ST034,13.008,13.008,1.0,CANDIDATE_GRAPH
ST026,ST035,12.655,12.655,1.0,CANDIDATE_GRAPH
ST026,ST036,13.273,13.273,1.0,CANDIDATE_GRAPH
ST026,ST037,13.748999999999999,13.748999999999999,1.0,CANDIDATE_GRAPH
ST026,ST038,9.348,9.348,1.0,CANDIDATE_GRAPH
ST026,ST039,9.446,9.446,1.0,CANDIDATE_GRAPH
ST026,ST040,7.43,7.43,1.0,CANDIDATE_GRAPH
ST026,ST041,9.312999999999999,9.312999999999999,1.0,CANDIDATE_GRAPH
ST026,ST042,7.779,7.779,1.0,CANDIDATE_GRAPH
ST026,ST043,14.469999999999999,14.469999999999999,1.0,CANDIDATE_GRAPH
ST026,ST044,15.203999999999999,15.203999999999999,1.0,CANDIDATE_GRAPH
ST026,ST045,13.998,13.998,1.0,CANDIDATE_GRAPH
ST026,ST046,11.795,11.795,1.0,CANDIDATE_GRAPH
ST026,ST047,14.364,14.364,1.0,CANDIDATE_GRAPH
ST026,ST048,13.811,13.811,1.0,CANDIDATE_GRAPH
ST026,ST049,19.601,19.601,1.0,CANDIDATE_GRAPH
ST026,ST050,13.759,13.759,1.0,CANDIDATE_GRAPH
ST026,ST051,7.587,7.587,1.0,CANDIDATE_GRAPH
ST026,ST052,8.850999999999999,8.850999999999999,1.0,CANDIDATE_GRAPH
ST026,ST053,17.837,17.837,1.0,CANDIDATE_GRAPH
ST026,ST054,10.708,10.708,1.0,CANDIDATE_GRAPH
ST026,ST055,19.146,19.146,1.0,CANDIDATE_GRAPH
ST027,ST028,4.046,4.046,1.0,CANDIDATE_GRAPH
ST027,ST029,6.511,6.511,1.0,CANDIDATE_GRAPH
ST027,ST030,8.605,8.605,1.0,CANDIDATE_GRAPH
ST027,ST031,9.97,9.97,1.0,CANDIDATE_GRAPH
ST027,ST032,17.027,17.027,1.0,CANDIDATE_GRAPH
ST027,ST033,17.138,17.138,1.0,CANDIDATE_GRAPH
ST027,ST034,12.837,12.837,1.0,CANDIDATE_GRAPH
ST027,ST035,12.484,12.484,1.0,CANDIDATE_GRAPH
ST027,ST036,13.102,13.102,1.0,CANDIDATE_GRAPH
ST027,ST037,13.578,13.578,1.0,CANDIDATE_GRAPH
ST027,ST038,9.684,9.684,1.0,CANDIDATE_GRAPH
ST027,ST039,9.782,9.782,1.0,CANDIDATE_GRAPH
ST027,ST040,7.766,7.766,1.0,CANDIDATE_GRAPH
ST027,ST041,9.582,9.582,1.0,CANDIDATE_GRAPH
ST027,ST042,8.115,8.115,1.0,CANDIDATE_GRAPH
ST027,ST043,14.806000000000001,14.806000000000001,1.0,CANDIDATE_GRAPH
ST027,ST044,15.540000000000001,15.540000000000001,1.0,CANDIDATE_GRAPH
ST027,ST045,14.334,14.334,1.0,CANDIDATE_GRAPH
ST027,ST046,11.418,11.418,1.0,CANDIDATE_GRAPH
ST027,ST047,13.986999999999998,13.986999999999998,1.0,CANDIDATE_GRAPH
ST027,ST048,14.147,14.147,1.0,CANDIDATE_GRAPH
ST027,ST049,19.224,19.224,1.0,CANDIDATE_GRAPH
ST027,ST050,13.382,13.382,1.0,CANDIDATE_GRAPH
ST027,ST051,7.923,7.923,1.0,CANDIDATE_GRAPH
ST027,ST052,8.68,8.68,1.0,CANDIDATE_GRAPH
ST027,ST053,17.46,17.46,1.0,CANDIDATE_GRAPH
ST027,ST054,10.331,10.331,1.0,CANDIDATE_GRAPH
ST027,ST055,18.769,18.769,1.0,CANDIDATE_GRAPH
ST028,ST029,5.556,5.556,1.0,CANDIDATE_GRAPH
ST028,ST030,8.229,8.229,1.0,CANDIDATE_GRAPH
ST028,ST031,9.015,9.015,1.0,CANDIDATE_GRAPH
ST028,ST032,15.815,15.815,1.0,CANDIDATE_GRAPH
ST028,ST033,15.674999999999999,15.674999999999999,1.0,CANDIDATE_GRAPH
ST028,ST034,12.461,12.461,1.0,CANDIDATE_GRAPH
ST028,ST035,12.108,12.108,1.0,CANDIDATE_GRAPH
ST028,ST036,12.383,12.383,1.0,CANDIDATE_GRAPH
ST028,ST037,12.859,12.859,1.0,CANDIDATE_GRAPH
ST028,ST038,8.65,8.65,1.0,CANDIDATE_GRAPH
ST028,ST039,8.698,8.698,1.0,CANDIDATE_GRAPH
ST028,ST040,6.811,6.811,1.0,CANDIDATE_GRAPH
ST028,ST041,7.951,7.951,1.0,CANDIDATE_GRAPH
ST028,ST042,7.16,7.16,1.0,CANDIDATE_GRAPH
ST028,ST043,13.353,13.353,1.0,CANDIDATE_GRAPH
ST028,ST044,14.087,14.087,1.0,CANDIDATE_GRAPH
ST028,ST045,12.880999999999998,12.880999999999998,1.0,CANDIDATE_GRAPH
ST028,ST046,12.459,12.459,1.0,CANDIDATE_GRAPH
ST028,ST047,14.899,14.899,1.0,CANDIDATE_GRAPH
ST028,ST048,12.693999999999999,12.693999999999999,1.0,CANDIDATE_GRAPH
ST028,ST049,20.31,20.31,1.0,CANDIDATE_GRAPH
ST028,ST050,14.17,14.17,1.0,CANDIDATE_GRAPH
ST028,ST051,6.968,6.968,1.0,CANDIDATE_GRAPH
ST028,ST052,8.304,8.304,1.0,CANDIDATE_GRAPH
ST028,ST053,18.062,18.062,1.0,CANDIDATE_GRAPH
ST028,ST054,11.372,11.372,1.0,CANDIDATE_GRAPH
ST028,ST055,19.855,19.855,1.0,CANDIDATE_GRAPH
ST029,ST030,4.785,4.785,1.0,CANDIDATE_GRAPH
ST029,ST031,5.377,5.377,1.0,CANDIDATE_GRAPH
ST029,ST032,12.501,12.501,1.0,CANDIDATE_GRAPH
ST029,ST033,12.064,12.064,1.0,CANDIDATE_GRAPH
ST029,ST034,8.536,8.536,1.0,CANDIDATE_GRAPH
ST029,ST035,8.1,8.1,1.0,CANDIDATE_GRAPH
ST029,ST036,8.009,8.009,1.0,CANDIDATE_GRAPH
ST029,ST037,8.485,8.485,1.0,CANDIDATE_GRAPH
ST029,ST038,4.223,4.223,1.0,CANDIDATE_GRAPH
ST029,ST039,4.321,4.321,1.0,CANDIDATE_GRAPH
ST029,ST040,3.173,3.173,1.0,CANDIDATE_GRAPH
ST029,ST041,3.138,3.138,1.0,CANDIDATE_GRAPH
ST029,ST042,2.654,2.654,1.0,CANDIDATE_GRAPH
ST029,ST043,9.732,9.732,1.0,CANDIDATE_GRAPH
ST029,ST044,10.466,10.466,1.0,CANDIDATE_GRAPH
ST029,ST045,9.233,9.233,1.0,CANDIDATE_GRAPH
ST029,ST046,8.821,8.821,1.0,CANDIDATE_GRAPH
ST029,ST047,11.332,11.332,1.0,CANDIDATE_GRAPH
ST029,ST048,9.073,9.073,1.0,CANDIDATE_GRAPH
ST029,ST049,16.996,16.996,1.0,CANDIDATE_GRAPH
ST029,ST050,10.626000000000001,10.626000000000001,1.0,CANDIDATE_GRAPH
ST029,ST051,1.708,1.708,1.0,CANDIDATE_GRAPH
ST029,ST052,4.265,4.265,1.0,CANDIDATE_GRAPH
ST029,ST053,14.748000000000001,14.748000000000001,1.0,CANDIDATE_GRAPH
ST029,ST054,7.734,7.734,1.0,CANDIDATE_GRAPH
ST029,ST055,16.519,16.519,1.0,CANDIDATE_GRAPH
ST030,ST031,3.08,3.08,1.0,CANDIDATE_GRAPH
ST030,ST032,9.897,9.897,1.0,CANDIDATE_GRAPH
ST030,ST033,9.757,9.757,1.0,CANDIDATE_GRAPH
ST030,ST034,5.062,5.062,1.0,CANDIDATE_GRAPH
ST030,ST035,4.626,4.626,1.0,CANDIDATE_GRAPH
ST030,ST036,5.244000000000001,5.244000000000001,1.0,CANDIDATE_GRAPH
ST030,ST037,5.720000000000001,5.720000000000001,1.0,CANDIDATE_GRAPH
ST030,ST038,3.282,3.282,1.0,CANDIDATE_GRAPH
ST030,ST039,3.38,3.38,1.0,CANDIDATE_GRAPH
ST030,ST040,1.629,1.629,1.0,CANDIDATE_GRAPH
ST030,ST041,5.759,5.759,1.0,CANDIDATE_GRAPH
ST030,ST042,2.893,2.893,1.0,CANDIDATE_GRAPH
ST030,ST043,7.435,7.435,1.0,CANDIDATE_GRAPH
ST030,ST044,8.169,8.169,1.0,CANDIDATE_GRAPH
ST030,ST045,6.936,6.936,1.0,CANDIDATE_GRAPH
ST030,ST046,6.526,6.526,1.0,CANDIDATE_GRAPH
ST030,ST047,9.219,9.219,1.0,CANDIDATE_GRAPH
ST030,ST048,6.776,6.776,1.0,CANDIDATE_GRAPH
ST030,ST049,14.396,14.396,1.0,CANDIDATE_GRAPH
ST030,ST050,8.49,8.49,1.0,CANDIDATE_GRAPH
ST030,ST051,4.0809999999999995,4.0809999999999995,1.0,CANDIDATE_GRAPH
ST030,ST052,0.791,0.791,1.0,CANDIDATE_GRAPH
ST030,ST053,12.664,12.664,1.0,CANDIDATE_GRAPH
ST030,ST054,5.439,5.439,1.0,CANDIDATE_GRAPH
ST030,ST055,14.224,14.224,1.0,CANDIDATE_GRAPH
ST031,ST032,7.813,7.813,1.0,CANDIDATE_GRAPH
ST031,ST033,7.673,7.673,1.0,CANDIDATE_GRAPH
ST031,ST034,6.03,6.03,1.0,CANDIDATE_GRAPH
ST031,ST035,5.677,5.677,1.0,CANDIDATE_GRAPH
ST031,ST036,6.321,6.321,1.0,CANDIDATE_GRAPH
ST031,ST037,6.771,6.771,1.0,CANDIDATE_GRAPH
ST031,ST038,5.844,5.844,1.0,CANDIDATE_GRAPH
ST031,ST039,5.5440000000000005,5.5440000000000005,1.0,CANDIDATE_GRAPH
ST031,ST040,2.402,2.402,1.0,CANDIDATE_GRAPH
ST031,ST041,7.632000000000001,7.632000000000001,1.0,CANDIDATE_GRAPH
ST031,ST042,4.275,4.275,1.0,CANDIDATE_GRAPH
ST031,ST043,5.351,5.351,1.0,CANDIDATE_GRAPH
ST031,ST044,6.085,6.085,1.0,CANDIDATE_GRAPH
ST031,ST045,4.879,4.879,1.0,CANDIDATE_GRAPH
ST031,ST046,5.3629999999999995,5.3629999999999995,1.0,CANDIDATE_GRAPH
ST031,ST047,6.614,6.614,1.0,CANDIDATE_GRAPH
ST031,ST048,4.692,4.692,1.0,CANDIDATE_GRAPH
ST031,ST049,11.681000000000001,11.681000000000001,1.0,CANDIDATE_GRAPH
ST031,ST050,6.08,6.08,1.0,CANDIDATE_GRAPH
ST031,ST051,6.074,6.074,1.0,CANDIDATE_GRAPH
ST031,ST052,2.69,2.69,1.0,CANDIDATE_GRAPH
ST031,ST053,9.667,9.667,1.0,CANDIDATE_GRAPH
ST031,ST054,4.873,4.873,1.0,CANDIDATE_GRAPH
ST031,ST055,11.226,11.226,1.0,CANDIDATE_GRAPH
ST032,ST033,2.081,2.081,1.0,CANDIDATE_GRAPH
ST032,ST034,9.083,9.083,1.0,CANDIDATE_GRAPH
ST032,ST035,8.73,8.73,1.0,CANDIDATE_GRAPH
ST032,ST036,9.146,9.146,1.0,CANDIDATE_GRAPH
ST032,ST037,8.458,8.458,1.0,CANDIDATE_GRAPH
ST032,ST038,13.179,13.179,1.0,CANDIDATE_GRAPH
ST032,ST039,12.833,12.833,1.0,CANDIDATE_GRAPH
ST032,ST040,10.11,10.11,1.0,CANDIDATE_GRAPH
ST032,ST041,13.504999999999999,13.504999999999999,1.0,CANDIDATE_GRAPH
ST032,ST042,12.014999999999999,12.014999999999999,1.0,CANDIDATE_GRAPH
ST032,ST043,3.095,3.095,1.0,CANDIDATE_GRAPH
ST032,ST044,3.013,3.013,1.0,CANDIDATE_GRAPH
ST032,ST045,3.542,3.542,1.0,CANDIDATE_GRAPH
ST032,ST046,6.177,6.177,1.0,CANDIDATE_GRAPH
ST032,ST047,4.347,4.347,1.0,CANDIDATE_GRAPH
ST032,ST048,4.266,4.266,1.0,CANDIDATE_GRAPH
ST032,ST049,4.499,4.499,1.0,CANDIDATE_GRAPH
ST032,ST050,4.271,4.271,1.0,CANDIDATE_GRAPH
ST032,ST051,13.56,13.56,1.0,CANDIDATE_GRAPH
ST032,ST052,10.503,10.503,1.0,CANDIDATE_GRAPH
ST032,ST053,4.2509999999999994,4.2509999999999994,1.0,CANDIDATE_GRAPH
ST032,ST054,7.263999999999999,7.263999999999999,1.0,CANDIDATE_GRAPH
ST032,ST055,4.731,4.731,1.0,CANDIDATE_GRAPH
ST033,ST034,7.5809999999999995,7.5809999999999995,1.0,CANDIDATE_GRAPH
ST033,ST035,7.497,7.497,1.0,CANDIDATE_GRAPH
ST033,ST036,7.0649999999999995,7.0649999999999995,1.0,CANDIDATE_GRAPH
ST033,ST037,6.377,6.377,1.0,CANDIDATE_GRAPH
ST033,ST038,11.114,11.114,1.0,CANDIDATE_GRAPH
ST033,ST039,11.212,11.212,1.0,CANDIDATE_GRAPH
ST033,ST040,9.372,9.372,1.0,CANDIDATE_GRAPH
ST033,ST041,12.767,12.767,1.0,CANDIDATE_GRAPH
ST033,ST042,11.361999999999998,11.361999999999998,1.0,CANDIDATE_GRAPH
ST033,ST043,2.332,2.332,1.0,CANDIDATE_GRAPH
ST033,ST044,1.598,1.598,1.0,CANDIDATE_GRAPH
ST033,ST045,2.981,2.981,1.0,CANDIDATE_GRAPH
ST033,ST046,7.273,7.273,1.0,CANDIDATE_GRAPH
ST033,ST047,5.588,5.588,1.0,CANDIDATE_GRAPH
ST033,ST048,3.606,3.606,1.0,CANDIDATE_GRAPH
ST033,ST049,6.473,6.473,1.0,CANDIDATE_GRAPH
ST033,ST050,5.79,5.79,1.0,CANDIDATE_GRAPH
ST033,ST051,13.406,13.406,1.0,CANDIDATE_GRAPH
ST033,ST052,10.022,10.022,1.0,CANDIDATE_GRAPH
ST033,ST053,6.235,6.235,1.0,CANDIDATE_GRAPH
ST033,ST054,8.36,8.36,1.0,CANDIDATE_GRAPH
ST033,ST055,6.669,6.669,1.0,CANDIDATE_GRAPH
ST034,ST035,0.462,0.462,1.0,CANDIDATE_GRAPH
ST034,ST036,0.834,0.834,1.0,CANDIDATE_GRAPH
ST034,ST037,1.204,1.204,1.0,CANDIDATE_GRAPH
ST034,ST038,5.716,5.716,1.0,CANDIDATE_GRAPH
ST034,ST039,5.814,5.814,1.0,CANDIDATE_GRAPH
ST034,ST040,6.322,6.322,1.0,CANDIDATE_GRAPH
ST034,ST041,9.239,9.239,1.0,CANDIDATE_GRAPH
ST034,ST042,6.53,6.53,1.0,CANDIDATE_GRAPH
ST034,ST043,6.443,6.443,1.0,CANDIDATE_GRAPH
ST034,ST044,6.398,6.398,1.0,CANDIDATE_GRAPH
ST034,ST045,6.149,6.149,1.0,CANDIDATE_GRAPH
ST034,ST046,6.911,6.911,1.0,CANDIDATE_GRAPH
ST034,ST047,8.311,8.311,1.0,CANDIDATE_GRAPH
ST034,ST048,5.962,5.962,1.0,CANDIDATE_GRAPH
ST034,ST049,13.582,13.582,1.0,CANDIDATE_GRAPH
ST034,ST050,7.605,7.605,1.0,CANDIDATE_GRAPH
ST034,ST051,7.654999999999999,7.654999999999999,1.0,CANDIDATE_GRAPH
ST034,ST052,4.271,4.271,1.0,CANDIDATE_GRAPH
ST034,ST053,11.657,11.657,1.0,CANDIDATE_GRAPH
ST034,ST054,7.997999999999999,7.997999999999999,1.0,CANDIDATE_GRAPH
ST034,ST055,13.216000000000001,13.216000000000001,1.0,CANDIDATE_GRAPH
ST035,ST036,0.644,0.644,1.0,CANDIDATE_GRAPH
ST035,ST037,1.12,1.12,1.0,CANDIDATE_GRAPH
ST035,ST038,5.28,5.28,1.0,CANDIDATE_GRAPH
ST035,ST039,5.378,5.378,1.0,CANDIDATE_GRAPH
ST035,ST040,5.886,5.886,1.0,CANDIDATE_GRAPH
ST035,ST041,8.803,8.803,1.0,CANDIDATE_GRAPH
ST035,ST042,6.177,6.177,1.0,CANDIDATE_GRAPH
ST035,ST043,6.007,6.007,1.0,CANDIDATE_GRAPH
ST035,ST044,6.03,6.03,1.0,CANDIDATE_GRAPH
ST035,ST045,5.796,5.796,1.0,CANDIDATE_GRAPH
ST035,ST046,6.475,6.475,1.0,CANDIDATE_GRAPH
ST035,ST047,7.875,7.875,1.0,CANDIDATE_GRAPH
ST035,ST048,5.609,5.609,1.0,CANDIDATE_GRAPH
ST035,ST049,13.229,13.229,1.0,CANDIDATE_GRAPH
ST035,ST050,7.169,7.169,1.0,CANDIDATE_GRAPH
ST035,ST051,7.218999999999999,7.218999999999999,1.0,CANDIDATE_GRAPH
ST035,ST052,3.835,3.835,1.0,CANDIDATE_GRAPH
ST035,ST053,11.304,11.304,1.0,CANDIDATE_GRAPH
ST035,ST054,7.561999999999999,7.561999999999999,1.0,CANDIDATE_GRAPH
ST035,ST055,12.863,12.863,1.0,CANDIDATE_GRAPH
ST036,ST037,0.688,0.688,1.0,CANDIDATE_GRAPH
ST036,ST038,5.221,5.221,1.0,CANDIDATE_GRAPH
ST036,ST039,5.269,5.269,1.0,CANDIDATE_GRAPH
ST036,ST040,6.5040000000000004,6.5040000000000004,1.0,CANDIDATE_GRAPH
ST036,ST041,9.421,9.421,1.0,CANDIDATE_GRAPH
ST036,ST042,6.573,6.573,1.0,CANDIDATE_GRAPH
ST036,ST043,6.146999999999999,6.146999999999999,1.0,CANDIDATE_GRAPH
ST036,ST044,6.17,6.17,1.0,CANDIDATE_GRAPH
ST036,ST045,6.244,6.244,1.0,CANDIDATE_GRAPH
ST036,ST046,7.093,7.093,1.0,CANDIDATE_GRAPH
ST036,ST047,8.493,8.493,1.0,CANDIDATE_GRAPH
ST036,ST048,6.227,6.227,1.0,CANDIDATE_GRAPH
ST036,ST049,13.538,13.538,1.0,CANDIDATE_GRAPH
ST036,ST050,7.787,7.787,1.0,CANDIDATE_GRAPH
ST036,ST051,7.837,7.837,1.0,CANDIDATE_GRAPH
ST036,ST052,4.453,4.453,1.0,CANDIDATE_GRAPH
ST036,ST053,11.948,11.948,1.0,CANDIDATE_GRAPH
ST036,ST054,8.18,8.18,1.0,CANDIDATE_GRAPH
ST036,ST055,13.507,13.507,1.0,CANDIDATE_GRAPH
ST037,ST038,4.967,4.967,1.0,CANDIDATE_GRAPH
ST037,ST039,5.065,5.065,1.0,CANDIDATE_GRAPH
ST037,ST040,6.98,6.98,1.0,CANDIDATE_GRAPH
ST037,ST041,9.274,9.274,1.0,CANDIDATE_GRAPH
ST037,ST042,6.708,6.708,1.0,CANDIDATE_GRAPH
ST037,ST043,5.459,5.459,1.0,CANDIDATE_GRAPH
ST037,ST044,5.482,5.482,1.0,CANDIDATE_GRAPH
ST037,ST045,5.556,5.556,1.0,CANDIDATE_GRAPH
ST037,ST046,7.569,7.569,1.0,CANDIDATE_GRAPH
ST037,ST047,8.163,8.163,1.0,CANDIDATE_GRAPH
ST037,ST048,6.192,6.192,1.0,CANDIDATE_GRAPH
ST037,ST049,12.85,12.85,1.0,CANDIDATE_GRAPH
ST037,ST050,8.289,8.289,1.0,CANDIDATE_GRAPH
ST037,ST051,7.679,7.679,1.0,CANDIDATE_GRAPH
ST037,ST052,4.929,4.929,1.0,CANDIDATE_GRAPH
ST037,ST053,11.611,11.611,1.0,CANDIDATE_GRAPH
ST037,ST054,8.656,8.656,1.0,CANDIDATE_GRAPH
ST037,ST055,12.948,12.948,1.0,CANDIDATE_GRAPH
ST038,ST039,1.349,1.349,1.0,CANDIDATE_GRAPH
ST038,ST040,4.911,4.911,1.0,CANDIDATE_GRAPH
ST038,ST041,4.469,4.469,1.0,CANDIDATE_GRAPH
ST038,ST042,2.385,2.385,1.0,CANDIDATE_GRAPH
ST038,ST043,10.425999999999998,10.425999999999998,1.0,CANDIDATE_GRAPH
ST038,ST044,10.449,10.449,1.0,CANDIDATE_GRAPH
ST038,ST045,10.218,10.218,1.0,CANDIDATE_GRAPH
ST038,ST046,9.808,9.808,1.0,CANDIDATE_GRAPH
ST038,ST047,12.458000000000002,12.458000000000002,1.0,CANDIDATE_GRAPH
ST038,ST048,10.058,10.058,1.0,CANDIDATE_GRAPH
ST038,ST049,17.525,17.525,1.0,CANDIDATE_GRAPH
ST038,ST050,11.772,11.772,1.0,CANDIDATE_GRAPH
ST038,ST051,3.27,3.27,1.0,CANDIDATE_GRAPH
ST038,ST052,3.367,3.367,1.0,CANDIDATE_GRAPH
ST038,ST053,15.511000000000001,15.511000000000001,1.0,CANDIDATE_GRAPH
ST038,ST054,8.721,8.721,1.0,CANDIDATE_GRAPH
ST038,ST055,17.07,17.07,1.0,CANDIDATE_GRAPH
ST039,ST040,4.905,4.905,1.0,CANDIDATE_GRAPH
ST039,ST041,4.913,4.913,1.0,CANDIDATE_GRAPH
ST039,ST042,2.747,2.747,1.0,CANDIDATE_GRAPH
ST039,ST043,9.797,9.797,1.0,CANDIDATE_GRAPH
ST039,ST044,9.82,9.82,1.0,CANDIDATE_GRAPH
ST039,ST045,9.894,9.894,1.0,CANDIDATE_GRAPH
ST039,ST046,9.905999999999999,9.905999999999999,1.0,CANDIDATE_GRAPH
ST039,ST047,12.158000000000001,12.158000000000001,1.0,CANDIDATE_GRAPH
ST039,ST048,9.913,9.913,1.0,CANDIDATE_GRAPH
ST039,ST049,17.224999999999998,17.224999999999998,1.0,CANDIDATE_GRAPH
ST039,ST050,11.624,11.624,1.0,CANDIDATE_GRAPH
ST039,ST051,3.723,3.723,1.0,CANDIDATE_GRAPH
ST039,ST052,2.854,2.854,1.0,CANDIDATE_GRAPH
ST039,ST053,15.211,15.211,1.0,CANDIDATE_GRAPH
ST039,ST054,8.818999999999999,8.818999999999999,1.0,CANDIDATE_GRAPH
ST039,ST055,16.77,16.77,1.0,CANDIDATE_GRAPH
ST040,ST041,6.311,6.311,1.0,CANDIDATE_GRAPH
ST040,ST042,3.46,3.46,1.0,CANDIDATE_GRAPH
ST040,ST043,7.04,7.04,1.0,CANDIDATE_GRAPH
ST040,ST044,7.774,7.774,1.0,CANDIDATE_GRAPH
ST040,ST045,6.568,6.568,1.0,CANDIDATE_GRAPH
ST040,ST046,6.129,6.129,1.0,CANDIDATE_GRAPH
ST040,ST047,8.159,8.159,1.0,CANDIDATE_GRAPH
ST040,ST048,6.381,6.381,1.0,CANDIDATE_GRAPH
ST040,ST049,14.083,14.083,1.0,CANDIDATE_GRAPH
ST040,ST050,7.453,7.453,1.0,CANDIDATE_GRAPH
ST040,ST051,4.881,4.881,1.0,CANDIDATE_GRAPH
ST040,ST052,2.051,2.051,1.0,CANDIDATE_GRAPH
ST040,ST053,11.627,11.627,1.0,CANDIDATE_GRAPH
ST040,ST054,5.042,5.042,1.0,CANDIDATE_GRAPH
ST040,ST055,13.628,13.628,1.0,CANDIDATE_GRAPH
ST041,ST042,3.357,3.357,1.0,CANDIDATE_GRAPH
ST041,ST043,10.435,10.435,1.0,CANDIDATE_GRAPH
ST041,ST044,11.169,11.169,1.0,CANDIDATE_GRAPH
ST041,ST045,9.963,9.963,1.0,CANDIDATE_GRAPH
ST041,ST046,9.524,9.524,1.0,CANDIDATE_GRAPH
ST041,ST047,12.593,12.593,1.0,CANDIDATE_GRAPH
ST041,ST048,9.776,9.776,1.0,CANDIDATE_GRAPH
ST041,ST049,17.81,17.81,1.0,CANDIDATE_GRAPH
ST041,ST050,11.886999999999999,11.886999999999999,1.0,CANDIDATE_GRAPH
ST041,ST051,2.393,2.393,1.0,CANDIDATE_GRAPH
ST041,ST052,4.968,4.968,1.0,CANDIDATE_GRAPH
ST041,ST053,15.83,15.83,1.0,CANDIDATE_GRAPH
ST041,ST054,8.437,8.437,1.0,CANDIDATE_GRAPH
ST041,ST055,17.222,17.222,1.0,CANDIDATE_GRAPH
ST042,ST043,9.03,9.03,1.0,CANDIDATE_GRAPH
ST042,ST044,9.764,9.764,1.0,CANDIDATE_GRAPH
ST042,ST045,8.531,8.531,1.0,CANDIDATE_GRAPH
ST042,ST046,8.121,8.121,1.0,CANDIDATE_GRAPH
ST042,ST047,10.814,10.814,1.0,CANDIDATE_GRAPH
ST042,ST048,8.371,8.371,1.0,CANDIDATE_GRAPH
ST042,ST049,15.956000000000001,15.956000000000001,1.0,CANDIDATE_GRAPH
ST042,ST050,10.085,10.085,1.0,CANDIDATE_GRAPH
ST042,ST051,2.072,2.072,1.0,CANDIDATE_GRAPH
ST042,ST052,2.348,2.348,1.0,CANDIDATE_GRAPH
ST042,ST053,13.942,13.942,1.0,CANDIDATE_GRAPH
ST042,ST054,7.034,7.034,1.0,CANDIDATE_GRAPH
ST042,ST055,15.501000000000001,15.501000000000001,1.0,CANDIDATE_GRAPH
ST043,ST044,0.734,0.734,1.0,CANDIDATE_GRAPH
ST043,ST045,0.671,0.671,1.0,CANDIDATE_GRAPH
ST043,ST046,4.974,4.974,1.0,CANDIDATE_GRAPH
ST043,ST047,3.278,3.278,1.0,CANDIDATE_GRAPH
ST043,ST048,1.307,1.307,1.0,CANDIDATE_GRAPH
ST043,ST049,7.593999999999999,7.593999999999999,1.0,CANDIDATE_GRAPH
ST043,ST050,3.48,3.48,1.0,CANDIDATE_GRAPH
ST043,ST051,11.102,11.102,1.0,CANDIDATE_GRAPH
ST043,ST052,7.723,7.723,1.0,CANDIDATE_GRAPH
ST043,ST053,6.728,6.728,1.0,CANDIDATE_GRAPH
ST043,ST054,6.061,6.061,1.0,CANDIDATE_GRAPH
ST043,ST055,7.8260000000000005,7.8260000000000005,1.0,CANDIDATE_GRAPH
ST044,ST045,1.383,1.383,1.0,CANDIDATE_GRAPH
ST044,ST046,5.675,5.675,1.0,CANDIDATE_GRAPH
ST044,ST047,3.99,3.99,1.0,CANDIDATE_GRAPH
ST044,ST048,2.008,2.008,1.0,CANDIDATE_GRAPH
ST044,ST049,7.512,7.512,1.0,CANDIDATE_GRAPH
ST044,ST050,4.192,4.192,1.0,CANDIDATE_GRAPH
ST044,ST051,11.808,11.808,1.0,CANDIDATE_GRAPH
ST044,ST052,8.424,8.424,1.0,CANDIDATE_GRAPH
ST044,ST053,6.997,6.997,1.0,CANDIDATE_GRAPH
ST044,ST054,6.762,6.762,1.0,CANDIDATE_GRAPH
ST044,ST055,7.744,7.744,1.0,CANDIDATE_GRAPH
ST045,ST046,4.467,4.467,1.0,CANDIDATE_GRAPH
ST045,ST047,2.631,2.631,1.0,CANDIDATE_GRAPH
ST045,ST048,0.8,0.8,1.0,CANDIDATE_GRAPH
ST045,ST049,7.847,7.847,1.0,CANDIDATE_GRAPH
ST045,ST050,2.833,2.833,1.0,CANDIDATE_GRAPH
ST045,ST051,10.603000000000002,10.603000000000002,1.0,CANDIDATE_GRAPH
ST045,ST052,7.23,7.23,1.0,CANDIDATE_GRAPH
ST045,ST053,6.0569999999999995,6.0569999999999995,1.0,CANDIDATE_GRAPH
ST045,ST054,5.553999999999999,5.553999999999999,1.0,CANDIDATE_GRAPH
ST045,ST055,7.392,7.392,1.0,CANDIDATE_GRAPH
ST046,ST047,3.069,3.069,1.0,CANDIDATE_GRAPH
ST046,ST048,3.667,3.667,1.0,CANDIDATE_GRAPH
ST046,ST049,8.306,8.306,1.0,CANDIDATE_GRAPH
ST046,ST050,2.363,2.363,1.0,CANDIDATE_GRAPH
ST046,ST051,10.12,10.12,1.0,CANDIDATE_GRAPH
ST046,ST052,7.317,7.317,1.0,CANDIDATE_GRAPH
ST046,ST053,6.393,6.393,1.0,CANDIDATE_GRAPH
ST046,ST054,1.087,1.087,1.0,CANDIDATE_GRAPH
ST046,ST055,7.851,7.851,1.0,CANDIDATE_GRAPH
ST047,ST048,3.431,3.431,1.0,CANDIDATE_GRAPH
ST047,ST049,6.569,6.569,1.0,CANDIDATE_GRAPH
ST047,ST050,0.729,0.729,1.0,CANDIDATE_GRAPH
ST047,ST051,11.973,11.973,1.0,CANDIDATE_GRAPH
ST047,ST052,9.304,9.304,1.0,CANDIDATE_GRAPH
ST047,ST053,3.916,3.916,1.0,CANDIDATE_GRAPH
ST047,ST054,4.156,4.156,1.0,CANDIDATE_GRAPH
ST047,ST055,6.114,6.114,1.0,CANDIDATE_GRAPH
ST048,ST049,8.647,8.647,1.0,CANDIDATE_GRAPH
ST048,ST050,3.182,3.182,1.0,CANDIDATE_GRAPH
ST048,ST051,10.443,10.443,1.0,CANDIDATE_GRAPH
ST048,ST052,7.059,7.059,1.0,CANDIDATE_GRAPH
ST048,ST053,6.856999999999999,6.856999999999999,1.0,CANDIDATE_GRAPH
ST048,ST054,4.754,4.754,1.0,CANDIDATE_GRAPH
ST048,ST055,8.192,8.192,1.0,CANDIDATE_GRAPH
ST049,ST050,6.734,6.734,1.0,CANDIDATE_GRAPH
ST049,ST051,17.384,17.384,1.0,CANDIDATE_GRAPH
ST049,ST052,14.371,14.371,1.0,CANDIDATE_GRAPH
ST049,ST053,3.789,3.789,1.0,CANDIDATE_GRAPH
ST049,ST054,9.392999999999999,9.392999999999999,1.0,CANDIDATE_GRAPH
ST049,ST055,0.676,0.676,1.0,CANDIDATE_GRAPH
ST050,ST051,11.244,11.244,1.0,CANDIDATE_GRAPH
ST050,ST052,8.77,8.77,1.0,CANDIDATE_GRAPH
ST050,ST053,4.1739999999999995,4.1739999999999995,1.0,CANDIDATE_GRAPH
ST050,ST054,3.45,3.45,1.0,CANDIDATE_GRAPH
ST050,ST055,6.177,6.177,1.0,CANDIDATE_GRAPH
ST051,ST052,3.384,3.384,1.0,CANDIDATE_GRAPH
ST051,ST053,15.136000000000001,15.136000000000001,1.0,CANDIDATE_GRAPH
ST051,ST054,9.033,9.033,1.0,CANDIDATE_GRAPH
ST051,ST055,16.929,16.929,1.0,CANDIDATE_GRAPH
ST052,ST053,12.357,12.357,1.0,CANDIDATE_GRAPH
ST052,ST054,6.23,6.23,1.0,CANDIDATE_GRAPH
ST052,ST055,13.916,13.916,1.0,CANDIDATE_GRAPH
ST053,ST054,7.393,7.393,1.0,CANDIDATE_GRAPH
ST053,ST055,3.334,3.334,1.0,CANDIDATE_GRAPH
ST054,ST055,8.785,8.785,1.0,CANDIDATE_GRAPH
ST001,ST002,0.619,0.619,1.0,CURRENT_02_CANDIDATE
ST001,ST003,6.8,8.495999999999999,1.2494117647058822,CURRENT_02_CANDIDATE
ST001,ST004,3.811,3.811,1.0,CURRENT_02_CANDIDATE
ST001,ST005,3.419,4.577,1.338695525007312,CURRENT_02_CANDIDATE
ST001,ST006,7.161,14.754000000000001,2.0603267700041896,CURRENT_02_CANDIDATE
ST001,ST007,6.545,15.449000000000002,2.3604278074866314,CURRENT_02_CANDIDATE
ST001,ST008,8.055,16.705000000000002,2.0738671632526384,CURRENT_02_CANDIDATE
ST001,ST009,8.887,16.397000000000002,1.8450545740969957,CURRENT_02_CANDIDATE
ST001,ST010,11.633,15.565000000000001,1.3380039542680309,CURRENT_02_CANDIDATE
ST001,ST011,4.454,4.547,1.020880107768298,CURRENT_02_CANDIDATE
ST001,ST012,9.602,17.926000000000002,1.866902728598209,CURRENT_02_CANDIDATE
ST001,ST013,9.482,18.723,1.9745834212191522,CURRENT_02_CANDIDATE
ST001,ST014,10.345,19.527,1.8875785403576606,CURRENT_02_CANDIDATE
ST001,ST015,11.924,24.337,2.041009728279101,CURRENT_02_CANDIDATE
ST001,ST016,10.361,21.23,2.0490300164076825,CURRENT_02_CANDIDATE
ST001,ST017,5.41,16.188,2.9922365988909423,CURRENT_02_CANDIDATE
ST001,ST018,6.58,14.314,2.1753799392097264,CURRENT_02_CANDIDATE
ST001,ST019,6.5889999999999995,15.209,2.308241007740173,CURRENT_02_CANDIDATE
ST001,ST020,7.875,13.229999999999999,1.68,CURRENT_02_CANDIDATE
ST001,ST021,9.161000000000001,12.363999999999999,1.3496343193974454,CURRENT_02_CANDIDATE
ST001,ST022,9.935,10.780000000000001,1.0850528434826372,CURRENT_02_CANDIDATE
ST001,ST023,4.925,13.064999999999998,2.6527918781725885,CURRENT_02_CANDIDATE
ST001,ST024,12.299999999999999,24.459,1.9885365853658539,CURRENT_02_CANDIDATE
ST001,ST025,13.215,24.235,1.8339008702232311,CURRENT_02_CANDIDATE
ST001,ST026,11.399000000000001,16.785,1.472497587507676,CURRENT_02_CANDIDATE
ST001,ST027,11.022,20.284,1.8403193612774449,CURRENT_02_CANDIDATE
ST001,ST028,11.775,19.299,1.638980891719745,CURRENT_02_CANDIDATE
ST001,ST029,8.007,11.284,1.409266891469964,CURRENT_02_CANDIDATE
ST001,ST030,5.974,16.069000000000003,2.6898225644459326,CURRENT_02_CANDIDATE
ST001,ST031,4.665,4.726,1.0130760986066452,CURRENT_02_CANDIDATE
ST001,ST032,9.175,9.812999999999999,1.069536784741144,CURRENT_02_CANDIDATE
ST001,ST033,9.479,11.893999999999998,1.2547737103069942,CURRENT_02_CANDIDATE
ST001,ST034,8.216000000000001,19.098999999999997,2.3246105160662114,CURRENT_02_CANDIDATE
ST001,ST035,7.8629999999999995,18.662999999999997,2.373521556657764,CURRENT_02_CANDIDATE
ST001,ST036,8.507,21.173000000000002,2.488891501116728,CURRENT_02_CANDIDATE
ST001,ST037,8.983,18.115,2.016586886340866,CURRENT_02_CANDIDATE
ST001,ST038,9.128,15.507000000000001,1.6988387379491676,CURRENT_02_CANDIDATE
ST001,ST039,8.889,15.605,1.7555405557430535,CURRENT_02_CANDIDATE
ST001,ST040,5.747,8.111,1.411345049591091,CURRENT_02_CANDIDATE
ST001,ST041,10.347999999999999,17.295,1.6713374565133363,CURRENT_02_CANDIDATE
ST001,ST042,7.559,13.938,1.8438946950654849,CURRENT_02_CANDIDATE
ST001,ST043,7.173,12.908,1.7995260002788234,CURRENT_02_CANDIDATE
ST001,ST044,7.885,13.491999999999999,1.7110970196575777,CURRENT_02_CANDIDATE
ST001,ST045,6.502,12.558999999999997,1.9315595201476465,CURRENT_02_CANDIDATE
ST001,ST046,2.998,4.156,1.3862575050033354,CURRENT_02_CANDIDATE
ST001,ST047,5.936999999999999,6.428,1.0827017011958904,CURRENT_02_CANDIDATE
ST001,ST048,6.497999999999999,14.215,2.187596183441059,CURRENT_02_CANDIDATE
ST001,ST049,11.303999999999998,13.212000000000002,1.1687898089171977,CURRENT_02_CANDIDATE
ST001,ST050,5.361000000000001,5.542,1.0337623577690729,CURRENT_02_CANDIDATE
ST001,ST051,8.36,16.01,1.9150717703349285,CURRENT_02_CANDIDATE
ST001,ST052,6.035,15.549,2.576470588235294,CURRENT_02_CANDIDATE
ST001,ST053,9.285,10.980999999999998,1.1826602046311252,CURRENT_02_CANDIDATE
ST001,ST054,1.911,3.069,1.6059654631083202,CURRENT_02_CANDIDATE
ST001,ST055,10.682,12.757000000000001,1.1942520127316982,CURRENT_02_CANDIDATE
ST002,ST003,6.181,7.877,1.2743892574017148,CURRENT_02_CANDIDATE
ST002,ST004,3.192,3.192,1.0,CURRENT_02_CANDIDATE
ST002,ST005,2.8,5.196,1.8557142857142856,CURRENT_02_CANDIDATE
ST002,ST006,6.542,15.373000000000001,2.3498929990828494,CURRENT_02_CANDIDATE
ST002,ST007,5.926,16.068,2.711441106986163,CURRENT_02_CANDIDATE
ST002,ST008,7.436,17.324,2.3297471759010224,CURRENT_02_CANDIDATE
ST002,ST009,8.268,17.016000000000002,2.058055152394775,CURRENT_02_CANDIDATE
ST002,ST010,11.014,16.184,1.4694025785364084,CURRENT_02_CANDIDATE
ST002,ST011,3.835,3.928,1.0242503259452411,CURRENT_02_CANDIDATE
ST002,ST012,8.983,18.545,2.064455081821218,CURRENT_02_CANDIDATE
ST002,ST013,8.913,19.342,2.170088634578705,CURRENT_02_CANDIDATE
ST002,ST014,9.776,20.146,2.0607610474631755,CURRENT_02_CANDIDATE
ST002,ST015,11.305,24.956,2.207518796992481,CURRENT_02_CANDIDATE
ST002,ST016,9.742,21.849,2.2427632929583248,CURRENT_02_CANDIDATE
ST002,ST017,4.791,16.807,3.508035900647046,CURRENT_02_CANDIDATE
ST002,ST018,5.961,13.695,2.2974333165576244,CURRENT_02_CANDIDATE
ST002,ST019,5.97,14.59,2.4438860971524288,CURRENT_02_CANDIDATE
ST002,ST020,7.256,12.610999999999999,1.7380099228224914,CURRENT_02_CANDIDATE
ST002,ST021,8.542,11.745,1.3749707328494498,CURRENT_02_CANDIDATE
ST002,ST022,9.315999999999999,10.161000000000001,1.0907041648776301,CURRENT_02_CANDIDATE
ST002,ST023,4.306,12.446,2.8903855085926615,CURRENT_02_CANDIDATE
ST002,ST024,11.681,25.078,2.1469052307165484,CURRENT_02_CANDIDATE
ST002,ST025,12.596,24.854,1.9731660844712606,CURRENT_02_CANDIDATE
ST002,ST026,10.780000000000001,17.404,1.6144712430426715,CURRENT_02_CANDIDATE
ST002,ST027,10.403,20.903,2.009324233394213,CURRENT_02_CANDIDATE
ST002,ST028,11.156,19.918,1.7854069558981713,CURRENT_02_CANDIDATE
ST002,ST029,8.350999999999999,11.903,1.4253382828403787,CURRENT_02_CANDIDATE
ST002,ST030,5.355,16.688000000000002,3.116339869281046,CURRENT_02_CANDIDATE
ST002,ST031,4.046,5.345,1.3210578348986652,CURRENT_02_CANDIDATE
ST002,ST032,8.556,9.193999999999999,1.0745675549322113,CURRENT_02_CANDIDATE
ST002,ST033,8.86,11.274999999999999,1.2725733634311511,CURRENT_02_CANDIDATE
ST002,ST034,7.597,18.48,2.4325391601948136,CURRENT_02_CANDIDATE
ST002,ST035,7.244,18.044,2.4908890115958036,CURRENT_02_CANDIDATE
ST002,ST036,7.888,21.792,2.7626774847870186,CURRENT_02_CANDIDATE
ST002,ST037,8.364,17.496,2.0918220946915347,CURRENT_02_CANDIDATE
ST002,ST038,8.509,16.126,1.8951698201903868,CURRENT_02_CANDIDATE
ST002,ST039,8.284,16.224,1.9584741670690486,CURRENT_02_CANDIDATE
ST002,ST040,5.178,8.73,1.685979142526072,CURRENT_02_CANDIDATE
ST002,ST041,9.729,17.914,1.8412992085517528,CURRENT_02_CANDIDATE
ST002,ST042,6.94,14.557,2.097550432276657,CURRENT_02_CANDIDATE
ST002,ST043,6.554,12.289,1.8750381446444917,CURRENT_02_CANDIDATE
ST002,ST044,7.266,12.873,1.7716763005780345,CURRENT_02_CANDIDATE
ST002,ST045,5.883,11.94,2.0295767465578787,CURRENT_02_CANDIDATE
ST002,ST046,2.379,4.7749999999999995,2.0071458596048757,CURRENT_02_CANDIDATE
ST002,ST047,5.318,5.809,1.0923279428356527,CURRENT_02_CANDIDATE
ST002,ST048,5.879,13.596,2.3126382037761526,CURRENT_02_CANDIDATE
ST002,ST049,10.684999999999999,12.593000000000002,1.1785680861020125,CURRENT_02_CANDIDATE
ST002,ST050,4.742,4.923,1.0381695487136229,CURRENT_02_CANDIDATE
ST002,ST051,7.741,16.629,2.1481720707918877,CURRENT_02_CANDIDATE
ST002,ST052,5.430000000000001,16.168,2.9775322283609573,CURRENT_02_CANDIDATE
ST002,ST053,8.666,10.362,1.1957073621047773,CURRENT_02_CANDIDATE
ST002,ST054,1.292,3.6879999999999997,2.854489164086687,CURRENT_02_CANDIDATE
ST002,ST055,10.063,12.138000000000002,1.2062009341150752,CURRENT_02_CANDIDATE
ST003,ST004,4.263,4.685,1.0989913206661974,CURRENT_02_CANDIDATE
ST003,ST005,4.21,5.476,1.3007125890736342,CURRENT_02_CANDIDATE
ST003,ST006,12.193999999999999,18.669,1.5309988518943745,CURRENT_02_CANDIDATE
ST003,ST007,11.892,19.364,1.6283215607130845,CURRENT_02_CANDIDATE
ST003,ST008,13.004999999999999,20.62,1.5855440215301808,CURRENT_02_CANDIDATE
ST003,ST009,13.838,20.312,1.4678421737245269,CURRENT_02_CANDIDATE
ST003,ST010,16.573999999999998,19.48,1.175334861831785,CURRENT_02_CANDIDATE
ST003,ST011,3.1750000000000003,4.442,1.3990551181102362,CURRENT_02_CANDIDATE
ST003,ST012,14.213,21.841,1.5366917610638149,CURRENT_02_CANDIDATE
ST003,ST013,14.001,22.637999999999998,1.6168845082494108,CURRENT_02_CANDIDATE
ST003,ST014,15.514999999999999,23.442,1.5109249113760879,CURRENT_02_CANDIDATE
ST003,ST015,17.486,28.252,1.6156925540432345,CURRENT_02_CANDIDATE
ST003,ST016,15.472000000000001,25.145,1.6251938986556358,CURRENT_02_CANDIDATE
ST003,ST017,10.538,20.102999999999998,1.907667489087113,CURRENT_02_CANDIDATE
ST003,ST018,4.966,6.14,1.2364075714861054,CURRENT_02_CANDIDATE
ST003,ST019,4.507,7.415,1.6452185489238962,CURRENT_02_CANDIDATE
ST003,ST020,4.917999999999999,5.436,1.1053273688491259,CURRENT_02_CANDIDATE
ST003,ST021,2.859,3.868,1.352920601608954,CURRENT_02_CANDIDATE
ST003,ST022,3.668,5.84,1.5921483097055615,CURRENT_02_CANDIDATE
ST003,ST023,4.569,4.569,1.0,CURRENT_02_CANDIDATE
ST003,ST024,17.862000000000002,28.374,1.588511924756466,CURRENT_02_CANDIDATE
ST003,ST025,17.835,28.15,1.5783571628819735,CURRENT_02_CANDIDATE
ST003,ST026,15.939,20.7,1.2987012987012987,CURRENT_02_CANDIDATE
ST003,ST027,15.562,24.198999999999998,1.5550057833183395,CURRENT_02_CANDIDATE
ST003,ST028,16.302,23.214,1.4239970555760029,CURRENT_02_CANDIDATE
ST003,ST029,12.806000000000001,15.199,1.1868655317819772,CURRENT_02_CANDIDATE
ST003,ST030,10.67,19.984,1.8729147141518276,CURRENT_02_CANDIDATE
ST003,ST031,8.26,13.222000000000001,1.6007263922518162,CURRENT_02_CANDIDATE
ST003,ST032,2.946,2.946,1.0,CURRENT_02_CANDIDATE
ST003,ST033,4.416,4.416,1.0,CURRENT_02_CANDIDATE
ST003,ST034,9.663,10.603,1.0972782779675048,CURRENT_02_CANDIDATE
ST003,ST035,9.31,10.167,1.0920515574650913,CURRENT_02_CANDIDATE
ST003,ST036,9.954,25.088,2.520393811533052,CURRENT_02_CANDIDATE
ST003,ST037,9.617,9.619,1.0002079650618696,CURRENT_02_CANDIDATE
ST003,ST038,13.952,19.422,1.3920584862385321,CURRENT_02_CANDIDATE
ST003,ST039,13.803999999999998,19.52,1.414082874529122,CURRENT_02_CANDIDATE
ST003,ST040,9.633000000000001,12.026,1.2484169002387624,CURRENT_02_CANDIDATE
ST003,ST041,14.026,21.21,1.512191644089548,CURRENT_02_CANDIDATE
ST003,ST042,12.265,17.853,1.4556053811659193,CURRENT_02_CANDIDATE
ST003,ST043,4.734,4.734,1.0,CURRENT_02_CANDIDATE
ST003,ST044,4.512,5.446,1.207003546099291,CURRENT_02_CANDIDATE
ST003,ST045,4.063,4.063,1.0,CURRENT_02_CANDIDATE
ST003,ST046,4.543,7.800000000000001,1.7169271406559543,CURRENT_02_CANDIDATE
ST003,ST047,2.142,2.142,1.0,CURRENT_02_CANDIDATE
ST003,ST048,4.8629999999999995,6.041,1.2422373020769075,CURRENT_02_CANDIDATE
ST003,ST049,5.138,7.445,1.449007395873881,CURRENT_02_CANDIDATE
ST003,ST050,2.18,5.437,2.494036697247706,CURRENT_02_CANDIDATE
ST003,ST051,13.376000000000001,19.925,1.4896082535885167,CURRENT_02_CANDIDATE
ST003,ST052,10.95,19.464,1.7775342465753425,CURRENT_02_CANDIDATE
ST003,ST053,2.485,2.485,1.0,CURRENT_02_CANDIDATE
ST003,ST054,5.63,6.984,1.2404973357015987,CURRENT_02_CANDIDATE
ST003,ST055,4.683,4.683,1.0,CURRENT_02_CANDIDATE
ST004,ST005,1.874,2.591,1.3826040554962646,CURRENT_02_CANDIDATE
ST004,ST006,8.466,15.203,1.7957713205764234,CURRENT_02_CANDIDATE
ST004,ST007,7.85,15.898,2.0252229299363056,CURRENT_02_CANDIDATE
ST004,ST008,8.741999999999999,17.154,1.962251201098147,CURRENT_02_CANDIDATE
ST004,ST009,9.575,16.846,1.7593733681462143,CURRENT_02_CANDIDATE
ST004,ST010,12.311,16.014,1.3007879132483144,CURRENT_02_CANDIDATE
ST004,ST011,2.231,2.231,1.0,CURRENT_02_CANDIDATE
ST004,ST012,9.95,18.375,1.8467336683417086,CURRENT_02_CANDIDATE
ST004,ST013,10.767,19.171999999999997,1.7806259868115537,CURRENT_02_CANDIDATE
ST004,ST014,11.329999999999998,19.976,1.763106796116505,CURRENT_02_CANDIDATE
ST004,ST015,14.497,24.785999999999998,1.7097330482168722,CURRENT_02_CANDIDATE
ST004,ST016,11.55,21.679,1.8769696969696967,CURRENT_02_CANDIDATE
ST004,ST017,6.764,16.636999999999997,2.4596392667060907,CURRENT_02_CANDIDATE
ST004,ST018,3.3680000000000003,10.825,3.214073634204275,CURRENT_02_CANDIDATE
ST004,ST019,2.926,11.75,4.015721120984279,CURRENT_02_CANDIDATE
ST004,ST020,4.663,9.771,2.095432125241261,CURRENT_02_CANDIDATE
ST004,ST021,5.883,8.552999999999999,1.4538500764915858,CURRENT_02_CANDIDATE
ST004,ST022,6.657,6.969,1.0468679585398828,CURRENT_02_CANDIDATE
ST004,ST023,1.713,9.254,5.402218330414477,CURRENT_02_CANDIDATE
ST004,ST024,14.235,24.907999999999998,1.7497716894977169,CURRENT_02_CANDIDATE
ST004,ST025,13.669,24.683999999999997,1.8058380276538148,CURRENT_02_CANDIDATE
ST004,ST026,11.747,17.233999999999998,1.4670979824636077,CURRENT_02_CANDIDATE
ST004,ST027,11.37,20.732999999999997,1.8234828496042215,CURRENT_02_CANDIDATE
ST004,ST028,13.012,19.747999999999998,1.5176759913925604,CURRENT_02_CANDIDATE
ST004,ST029,9.373999999999999,11.732999999999999,1.2516535097077022,CURRENT_02_CANDIDATE
ST004,ST030,7.077,16.518,2.334039847392963,CURRENT_02_CANDIDATE
ST004,ST031,3.997,8.536999999999999,2.1358518889166875,CURRENT_02_CANDIDATE
ST004,ST032,5.657,6.354,1.1232101820753049,CURRENT_02_CANDIDATE
ST004,ST033,6.271,8.435,1.345080529421145,CURRENT_02_CANDIDATE
ST004,ST034,5.987,15.288,2.5535326540838486,CURRENT_02_CANDIDATE
ST004,ST035,5.634,14.852,2.6361377351792687,CURRENT_02_CANDIDATE
ST004,ST036,6.252,21.622,3.4584133077415227,CURRENT_02_CANDIDATE
ST004,ST037,6.728,14.303999999999998,2.126040428061831,CURRENT_02_CANDIDATE
ST004,ST038,9.841000000000001,15.956,1.6213799410629,CURRENT_02_CANDIDATE
ST004,ST039,9.541,16.054,1.6826328477098835,CURRENT_02_CANDIDATE
ST004,ST040,6.399,8.559999999999999,1.3377090170339114,CURRENT_02_CANDIDATE
ST004,ST041,10.89,17.744,1.6293847566574837,CURRENT_02_CANDIDATE
ST004,ST042,8.272,14.386999999999999,1.73924081237911,CURRENT_02_CANDIDATE
ST004,ST043,3.945,9.418999999999999,2.3875792141951835,CURRENT_02_CANDIDATE
ST004,ST044,4.673,10.033000000000001,2.1470147656751553,CURRENT_02_CANDIDATE
ST004,ST045,3.29,8.748,2.658966565349544,CURRENT_02_CANDIDATE
ST004,ST046,1.366,4.446,3.254758418740849,CURRENT_02_CANDIDATE
ST004,ST047,2.617,2.617,1.0,CURRENT_02_CANDIDATE
ST004,ST048,3.286,10.725999999999999,3.264150943396226,CURRENT_02_CANDIDATE
ST004,ST049,7.854,9.401,1.196969696969697,CURRENT_02_CANDIDATE
ST004,ST050,2.083,2.083,1.0,CURRENT_02_CANDIDATE
ST004,ST051,10.071,16.459,1.6342964948863072,CURRENT_02_CANDIDATE
ST004,ST052,6.686999999999999,15.997999999999998,2.3924031703304918,CURRENT_02_CANDIDATE
ST004,ST053,6.257,7.17,1.1459165734377497,CURRENT_02_CANDIDATE
ST004,ST054,2.4530000000000003,3.518,1.4341622503057478,CURRENT_02_CANDIDATE
ST004,ST055,7.399,8.946,1.2090823084200568,CURRENT_02_CANDIDATE
ST005,ST006,8.471,13.193,1.557431235981584,CURRENT_02_CANDIDATE
ST005,ST007,8.514,13.887999999999998,1.6311956777073056,CURRENT_02_CANDIDATE
ST005,ST008,9.522,15.144,1.5904221802142406,CURRENT_02_CANDIDATE
ST005,ST009,10.355,14.835999999999999,1.4327378078223079,CURRENT_02_CANDIDATE
ST005,ST010,12.924,14.004,1.083565459610028,CURRENT_02_CANDIDATE
ST005,ST011,1.035,4.822,4.658937198067633,CURRENT_02_CANDIDATE
ST005,ST012,10.931000000000001,16.365,1.4971182874393922,CURRENT_02_CANDIDATE
ST005,ST013,10.277999999999999,17.162,1.6697801128624248,CURRENT_02_CANDIDATE
ST005,ST014,11.593,17.966,1.5497282843094973,CURRENT_02_CANDIDATE
ST005,ST015,14.105,22.775999999999996,1.6147465437788016,CURRENT_02_CANDIDATE
ST005,ST016,11.420000000000002,19.668999999999997,1.722329246935201,CURRENT_02_CANDIDATE
ST005,ST017,7.16,14.626999999999999,2.042877094972067,CURRENT_02_CANDIDATE
ST005,ST018,4.208,11.616,2.7604562737642584,CURRENT_02_CANDIDATE
ST005,ST019,4.217,12.890999999999998,3.0569124970358073,CURRENT_02_CANDIDATE
ST005,ST020,5.8870000000000005,10.911999999999999,1.8535756752165786,CURRENT_02_CANDIDATE
ST005,ST021,5.83,9.344,1.6027444253859346,CURRENT_02_CANDIDATE
ST005,ST022,6.603999999999999,7.686,1.1638400969109632,CURRENT_02_CANDIDATE
ST005,ST023,2.553,10.045,3.9345867606737173,CURRENT_02_CANDIDATE
ST005,ST024,14.481,22.897999999999996,1.5812443891996406,CURRENT_02_CANDIDATE
ST005,ST025,14.257,22.673999999999996,1.590376657080732,CURRENT_02_CANDIDATE
ST005,ST026,12.216,15.224,1.246234446627374,CURRENT_02_CANDIDATE
ST005,ST027,11.838999999999999,18.723,1.5814680293943746,CURRENT_02_CANDIDATE
ST005,ST028,12.879999999999999,17.738,1.3771739130434784,CURRENT_02_CANDIDATE
ST005,ST029,9.242,9.722999999999999,1.0520450119021854,CURRENT_02_CANDIDATE
ST005,ST030,6.947,14.508,2.0883834748812435,CURRENT_02_CANDIDATE
ST005,ST031,4.886,9.303,1.9040114613180517,CURRENT_02_CANDIDATE
ST005,ST032,6.2940000000000005,7.681000000000001,1.2203686050206546,CURRENT_02_CANDIDATE
ST005,ST033,7.767,9.762,1.256855928930089,CURRENT_02_CANDIDATE
ST005,ST034,6.876,16.079,2.3384235020360675,CURRENT_02_CANDIDATE
ST005,ST035,6.523,15.643,2.398129694925648,CURRENT_02_CANDIDATE
ST005,ST036,7.141,19.612000000000002,2.746394062456239,CURRENT_02_CANDIDATE
ST005,ST037,7.617,15.094999999999999,1.9817513456741498,CURRENT_02_CANDIDATE
ST005,ST038,10.229,13.945999999999998,1.3633786293870367,CURRENT_02_CANDIDATE
ST005,ST039,10.327,14.043999999999999,1.3599302798489397,CURRENT_02_CANDIDATE
ST005,ST040,6.55,6.55,1.0,CURRENT_02_CANDIDATE
ST005,ST041,9.945,15.733999999999998,1.5821015585721465,CURRENT_02_CANDIDATE
ST005,ST042,8.542,12.376999999999999,1.448958089440412,CURRENT_02_CANDIDATE
ST005,ST043,5.481999999999999,10.209999999999999,1.862458956585188,CURRENT_02_CANDIDATE
ST005,ST044,6.181,10.922,1.767027988998544,CURRENT_02_CANDIDATE
ST005,ST045,4.8629999999999995,9.539,1.9615463705531566,CURRENT_02_CANDIDATE
ST005,ST046,0.508,2.5949999999999998,5.108267716535432,CURRENT_02_CANDIDATE
ST005,ST047,2.676,3.334,1.2458893871449925,CURRENT_02_CANDIDATE
ST005,ST048,4.175,11.517,2.758562874251497,CURRENT_02_CANDIDATE
ST005,ST049,8.764,10.118,1.1544956640803288,CURRENT_02_CANDIDATE
ST005,ST050,2.03,4.674,2.3024630541871924,CURRENT_02_CANDIDATE
ST005,ST051,10.541,14.448999999999998,1.370742813774784,CURRENT_02_CANDIDATE
ST005,ST052,7.5760000000000005,13.988,1.8463569165786693,CURRENT_02_CANDIDATE
ST005,ST053,5.885,7.961,1.3527612574341548,CURRENT_02_CANDIDATE
ST005,ST054,1.508,1.508,1.0,CURRENT_02_CANDIDATE
ST005,ST055,8.206999999999999,9.663,1.1774095284513222,CURRENT_02_CANDIDATE
ST006,ST007,0.616,7.635,12.394480519480519,CURRENT_02_CANDIDATE
ST006,ST008,1.951,1.951,1.0,CURRENT_02_CANDIDATE
ST006,ST009,2.599,8.583,3.3024240092343207,CURRENT_02_CANDIDATE
ST006,ST010,8.397,14.097000000000001,1.678813862093605,CURRENT_02_CANDIDATE
ST006,ST011,9.333,16.13,1.7282760098574947,CURRENT_02_CANDIDATE
ST006,ST012,8.139,16.458000000000002,2.02211573903428,CURRENT_02_CANDIDATE
ST006,ST013,8.849,17.255000000000003,1.9499378460843035,CURRENT_02_CANDIDATE
ST006,ST014,9.518999999999998,18.059,1.89715306229646,CURRENT_02_CANDIDATE
ST006,ST015,6.311,16.523000000000003,2.618127079702108,CURRENT_02_CANDIDATE
ST006,ST016,4.19,13.416000000000002,3.201909307875895,CURRENT_02_CANDIDATE
ST006,ST017,1.97,8.373999999999999,4.250761421319797,CURRENT_02_CANDIDATE
ST006,ST018,8.359,23.906999999999996,2.8600311041990665,CURRENT_02_CANDIDATE
ST006,ST019,8.03,24.802,3.088667496886675,CURRENT_02_CANDIDATE
ST006,ST020,9.694,22.823,2.3543428925108314,CURRENT_02_CANDIDATE
ST006,ST021,13.761999999999999,22.537,1.637625345153321,CURRENT_02_CANDIDATE
ST006,ST022,13.718,20.879,1.522014870972445,CURRENT_02_CANDIDATE
ST006,ST023,8.08,23.238,2.875990099009901,CURRENT_02_CANDIDATE
ST006,ST024,6.687,16.645000000000003,2.489158067892927,CURRENT_02_CANDIDATE
ST006,ST025,6.309,16.421000000000003,2.602789665557141,CURRENT_02_CANDIDATE
ST006,ST026,8.185,15.317000000000002,1.8713500305436777,CURRENT_02_CANDIDATE
ST006,ST027,8.014,18.816000000000003,2.347891190416771,CURRENT_02_CANDIDATE
ST006,ST028,7.615,17.831000000000003,2.341562705187131,CURRENT_02_CANDIDATE
ST006,ST029,3.2479999999999998,3.47,1.0683497536945814,CURRENT_02_CANDIDATE
ST006,ST030,2.299,8.255,3.5906916050456723,CURRENT_02_CANDIDATE
ST006,ST031,4.468999999999999,19.48,4.35891698366525,CURRENT_02_CANDIDATE
ST006,ST032,11.421,19.406,1.6991506873303563,CURRENT_02_CANDIDATE
ST006,ST033,11.281,21.487,1.9047070295186594,CURRENT_02_CANDIDATE
ST006,ST034,5.936,29.272,4.9312668463611855,CURRENT_02_CANDIDATE
ST006,ST035,5.582999999999999,28.836,5.164965072541644,CURRENT_02_CANDIDATE
ST006,ST036,6.226999999999999,6.4190000000000005,1.030833467159146,CURRENT_02_CANDIDATE
ST006,ST037,6.702999999999999,28.288,4.220199910487842,CURRENT_02_CANDIDATE
ST006,ST038,2.199,7.693,3.4984083674397453,CURRENT_02_CANDIDATE
ST006,ST039,2.245,7.791,3.4703786191536747,CURRENT_02_CANDIDATE
ST006,ST040,3.134,6.643000000000001,2.1196553924696877,CURRENT_02_CANDIDATE
ST006,ST041,3.951,9.481000000000002,2.399645659326753,CURRENT_02_CANDIDATE
ST006,ST042,0.594,6.1240000000000006,10.309764309764311,CURRENT_02_CANDIDATE
ST006,ST043,8.959,22.500999999999998,2.5115526286415895,CURRENT_02_CANDIDATE
ST006,ST044,9.693,23.084999999999997,2.381615598885794,CURRENT_02_CANDIDATE
ST006,ST045,8.46,22.732,2.686997635933806,CURRENT_02_CANDIDATE
ST006,ST046,8.05,12.772,1.586583850931677,CURRENT_02_CANDIDATE
ST006,ST047,10.742999999999999,16.527,1.538397095783301,CURRENT_02_CANDIDATE
ST006,ST048,8.3,23.807999999999996,2.8684337349397584,CURRENT_02_CANDIDATE
ST006,ST049,15.919999999999998,23.311,1.4642587939698495,CURRENT_02_CANDIDATE
ST006,ST050,10.014,15.135,1.5113840623127621,CURRENT_02_CANDIDATE
ST006,ST051,2.665,8.196000000000002,3.0754221388367733,CURRENT_02_CANDIDATE
ST006,ST052,1.779,7.734999999999999,4.347948285553682,CURRENT_02_CANDIDATE
ST006,ST053,14.136,21.154,1.4964629315223543,CURRENT_02_CANDIDATE
ST006,ST054,6.963,11.685,1.6781559672554933,CURRENT_02_CANDIDATE
ST006,ST055,15.695,22.856,1.456259955399809,CURRENT_02_CANDIDATE
ST007,ST008,2.567,9.586,3.7343202181534862,CURRENT_02_CANDIDATE
ST007,ST009,3.2150000000000003,9.278,2.8858475894245723,CURRENT_02_CANDIDATE
ST007,ST010,9.013,14.792,1.6411849550649062,CURRENT_02_CANDIDATE
ST007,ST011,8.717,16.825,1.9301365148560283,CURRENT_02_CANDIDATE
ST007,ST012,8.754999999999999,17.153,1.959223300970874,CURRENT_02_CANDIDATE
ST007,ST013,9.465,17.95,1.896460644479662,CURRENT_02_CANDIDATE
ST007,ST014,10.134999999999998,18.754,1.8504193389245196,CURRENT_02_CANDIDATE
ST007,ST015,6.924,17.218,2.4867128827267475,CURRENT_02_CANDIDATE
ST007,ST016,4.806,14.111,2.9361215147732005,CURRENT_02_CANDIDATE
ST007,ST017,1.354,9.068999999999999,6.697932053175775,CURRENT_02_CANDIDATE
ST007,ST018,7.798,24.601999999999997,3.1549115157732746,CURRENT_02_CANDIDATE
ST007,ST019,8.073,25.497,3.1583054626532885,CURRENT_02_CANDIDATE
ST007,ST020,9.545000000000002,23.518,2.4639078051335774,CURRENT_02_CANDIDATE
ST007,ST021,13.145999999999999,23.231999999999996,1.7672295755362846,CURRENT_02_CANDIDATE
ST007,ST022,13.102,21.573999999999998,1.6466188368188062,CURRENT_02_CANDIDATE
ST007,ST023,7.584,23.932999999999996,3.155722573839662,CURRENT_02_CANDIDATE
ST007,ST024,7.300000000000001,17.34,2.3753424657534246,CURRENT_02_CANDIDATE
ST007,ST025,6.925,17.116,2.4716245487364623,CURRENT_02_CANDIDATE
ST007,ST026,8.801,16.012,1.8193387115100557,CURRENT_02_CANDIDATE
ST007,ST027,8.629999999999999,19.511,2.2608342989571266,CURRENT_02_CANDIDATE
ST007,ST028,8.231,18.526,2.2507593245049202,CURRENT_02_CANDIDATE
ST007,ST029,3.864,4.165,1.0778985507246377,CURRENT_02_CANDIDATE
ST007,ST030,1.683,8.95,5.317884729649435,CURRENT_02_CANDIDATE
ST007,ST031,3.8529999999999998,20.174999999999997,5.236179600311445,CURRENT_02_CANDIDATE
ST007,ST032,11.463999999999999,20.101,1.7534019539427774,CURRENT_02_CANDIDATE
ST007,ST033,11.185,22.182,1.9831917746982564,CURRENT_02_CANDIDATE
ST007,ST034,5.32,29.966999999999995,5.632894736842104,CURRENT_02_CANDIDATE
ST007,ST035,4.967,29.530999999999995,5.94543990336219,CURRENT_02_CANDIDATE
ST007,ST036,5.611,14.054,2.504722865799323,CURRENT_02_CANDIDATE
ST007,ST037,6.087,28.982999999999997,4.761458846722523,CURRENT_02_CANDIDATE
ST007,ST038,2.815,8.388,2.979751332149201,CURRENT_02_CANDIDATE
ST007,ST039,2.861,8.486,2.966095770709542,CURRENT_02_CANDIDATE
ST007,ST040,3.004,7.338,2.4427430093209055,CURRENT_02_CANDIDATE
ST007,ST041,4.567,10.176,2.2281585285745567,CURRENT_02_CANDIDATE
ST007,ST042,1.21,6.819,5.635537190082645,CURRENT_02_CANDIDATE
ST007,ST043,8.886,23.195999999999998,2.6103983794733288,CURRENT_02_CANDIDATE
ST007,ST044,9.587,23.779999999999998,2.4804422655679566,CURRENT_02_CANDIDATE
ST007,ST045,8.393,23.426999999999996,2.7912546169426897,CURRENT_02_CANDIDATE
ST007,ST046,8.093,13.466999999999999,1.6640306437662176,CURRENT_02_CANDIDATE
ST007,ST047,10.358,17.221999999999998,1.6626761923151185,CURRENT_02_CANDIDATE
ST007,ST048,8.222,24.502999999999997,2.9801751398686447,CURRENT_02_CANDIDATE
ST007,ST049,15.534,24.005999999999997,1.5453843182696019,CURRENT_02_CANDIDATE
ST007,ST050,9.712,15.829999999999998,1.6299423393739703,CURRENT_02_CANDIDATE
ST007,ST051,3.281,8.891,2.709844559585492,CURRENT_02_CANDIDATE
ST007,ST052,1.163,8.43,7.2484952708512465,CURRENT_02_CANDIDATE
ST007,ST053,13.52,21.848999999999997,1.6160502958579879,CURRENT_02_CANDIDATE
ST007,ST054,7.006,12.379999999999999,1.7670568084498999,CURRENT_02_CANDIDATE
ST007,ST055,15.079,23.551,1.5618409708866634,CURRENT_02_CANDIDATE
ST008,ST009,1.712,10.534,6.153037383177571,CURRENT_02_CANDIDATE
ST008,ST010,9.519,16.048000000000002,1.6858913751444482,CURRENT_02_CANDIDATE
ST008,ST011,9.982,18.081000000000003,1.8113604488078545,CURRENT_02_CANDIDATE
ST008,ST012,9.058,18.409000000000002,2.0323470964892913,CURRENT_02_CANDIDATE
ST008,ST013,9.875,19.206,1.9449113924050632,CURRENT_02_CANDIDATE
ST008,ST014,10.437999999999999,20.01,1.9170339145430162,CURRENT_02_CANDIDATE
ST008,ST015,6.807,18.474,2.7139709122961655,CURRENT_02_CANDIDATE
ST008,ST016,5.244,15.366999999999999,2.9303966437833715,CURRENT_02_CANDIDATE
ST008,ST017,2.645,10.325,3.9035916824196595,CURRENT_02_CANDIDATE
ST008,ST018,8.593,25.858,3.0091935296171304,CURRENT_02_CANDIDATE
ST008,ST019,9.07,26.753,2.949614112458655,CURRENT_02_CANDIDATE
ST008,ST020,10.251000000000001,24.774,2.4167398302604624,CURRENT_02_CANDIDATE
ST008,ST021,14.038,24.488,1.7444080353326683,CURRENT_02_CANDIDATE
ST008,ST022,13.994,22.830000000000002,1.631413462912677,CURRENT_02_CANDIDATE
ST008,ST023,8.475999999999999,25.189,2.9718027371401607,CURRENT_02_CANDIDATE
ST008,ST024,7.183000000000001,18.596,2.588890435751079,CURRENT_02_CANDIDATE
ST008,ST025,7.469,18.372,2.4597670370866247,CURRENT_02_CANDIDATE
ST008,ST026,9.104,17.268,1.896748681898067,CURRENT_02_CANDIDATE
ST008,ST027,8.933,20.767,2.3247509235419233,CURRENT_02_CANDIDATE
ST008,ST028,8.534,19.782000000000004,2.3180220295289433,CURRENT_02_CANDIDATE
ST008,ST029,4.389,5.421,1.2351332877648666,CURRENT_02_CANDIDATE
ST008,ST030,2.575,10.206,3.9634951456310676,CURRENT_02_CANDIDATE
ST008,ST031,4.745,21.431,4.51654373024236,CURRENT_02_CANDIDATE
ST008,ST032,12.461,21.357000000000003,1.7139073910601077,CURRENT_02_CANDIDATE
ST008,ST033,10.699,23.438000000000002,2.190672025422937,CURRENT_02_CANDIDATE
ST008,ST034,5.212,31.223,5.990598618572525,CURRENT_02_CANDIDATE
ST008,ST035,4.859,30.787,6.336077382177403,CURRENT_02_CANDIDATE
ST008,ST036,4.468,4.468,1.0,CURRENT_02_CANDIDATE
ST008,ST037,4.944,30.239,6.116302588996764,CURRENT_02_CANDIDATE
ST008,ST038,1.312,9.644,7.350609756097561,CURRENT_02_CANDIDATE
ST008,ST039,1.41,9.742,6.909219858156029,CURRENT_02_CANDIDATE
ST008,ST040,4.106,8.594000000000001,2.093034583536289,CURRENT_02_CANDIDATE
ST008,ST041,5.243,11.431999999999999,2.1804310509250424,CURRENT_02_CANDIDATE
ST008,ST042,2.105,8.075,3.8361045130641327,CURRENT_02_CANDIDATE
ST008,ST043,9.778,24.452,2.500715892820618,CURRENT_02_CANDIDATE
ST008,ST044,9.845,25.036,2.543016759776536,CURRENT_02_CANDIDATE
ST008,ST045,9.285,24.683,2.6583737210554657,CURRENT_02_CANDIDATE
ST008,ST046,9.100999999999999,14.723,1.6177343149104497,CURRENT_02_CANDIDATE
ST008,ST047,11.359000000000002,18.478,1.6267277049036006,CURRENT_02_CANDIDATE
ST008,ST048,9.114,25.759,2.826311169629142,CURRENT_02_CANDIDATE
ST008,ST049,16.426,25.262,1.5379276756361868,CURRENT_02_CANDIDATE
ST008,ST050,10.825000000000001,17.086000000000002,1.5783833718244804,CURRENT_02_CANDIDATE
ST008,ST051,3.584,10.146999999999998,2.8311941964285707,CURRENT_02_CANDIDATE
ST008,ST052,2.055,9.686,4.71338199513382,CURRENT_02_CANDIDATE
ST008,ST053,14.412,23.105,1.6031779072994725,CURRENT_02_CANDIDATE
ST008,ST054,8.014,13.636000000000001,1.701522335912154,CURRENT_02_CANDIDATE
ST008,ST055,15.971,24.807000000000002,1.5532527706467973,CURRENT_02_CANDIDATE
ST009,ST010,9.691,15.739999999999998,1.6241873903621915,CURRENT_02_CANDIDATE
ST009,ST011,10.815,17.773,1.6433656957928804,CURRENT_02_CANDIDATE
ST009,ST012,9.23,18.101,1.9611050920910074,CURRENT_02_CANDIDATE
ST009,ST013,9.533,18.897999999999996,1.9823770061890273,CURRENT_02_CANDIDATE
ST009,ST014,10.61,19.701999999999998,1.8569274269557021,CURRENT_02_CANDIDATE
ST009,ST015,5.902,18.166,3.0779396814639104,CURRENT_02_CANDIDATE
ST009,ST016,4.339,15.059,3.4706153491587917,CURRENT_02_CANDIDATE
ST009,ST017,3.477,10.017,2.8809318377911994,CURRENT_02_CANDIDATE
ST009,ST018,9.523,25.549999999999997,2.682978053134516,CURRENT_02_CANDIDATE
ST009,ST019,10.0,26.445,2.6445,CURRENT_02_CANDIDATE
ST009,ST020,10.26,24.466,2.384600389863548,CURRENT_02_CANDIDATE
ST009,ST021,14.870999999999999,24.179999999999996,1.6259834577365342,CURRENT_02_CANDIDATE
ST009,ST022,14.827,22.522,1.5189856343157753,CURRENT_02_CANDIDATE
ST009,ST023,9.309,24.880999999999997,2.6727897733376302,CURRENT_02_CANDIDATE
ST009,ST024,6.2780000000000005,18.288,2.913029627269831,CURRENT_02_CANDIDATE
ST009,ST025,6.963,18.064,2.5942840729570587,CURRENT_02_CANDIDATE
ST009,ST026,9.276,16.959999999999997,1.8283742992669252,CURRENT_02_CANDIDATE
ST009,ST027,9.105,20.458999999999996,2.247007138934651,CURRENT_02_CANDIDATE
ST009,ST028,7.906,19.473999999999997,2.4631925120161897,CURRENT_02_CANDIDATE
ST009,ST029,4.562,5.1129999999999995,1.120780359491451,CURRENT_02_CANDIDATE
ST009,ST030,3.408,9.898,2.904342723004695,CURRENT_02_CANDIDATE
ST009,ST031,5.577999999999999,21.122999999999998,3.786841161706705,CURRENT_02_CANDIDATE
ST009,ST032,12.789,21.049,1.6458675424192666,CURRENT_02_CANDIDATE
ST009,ST033,10.708,23.13,2.1600672394471423,CURRENT_02_CANDIDATE
ST009,ST034,5.311,30.914999999999996,5.820937676520429,CURRENT_02_CANDIDATE
ST009,ST035,5.085,30.478999999999996,5.993903638151425,CURRENT_02_CANDIDATE
ST009,ST036,4.477,15.002,3.3509046236318962,CURRENT_02_CANDIDATE
ST009,ST037,4.953,29.930999999999997,6.043004239854633,CURRENT_02_CANDIDATE
ST009,ST038,0.744,9.335999999999999,12.548387096774192,CURRENT_02_CANDIDATE
ST009,ST039,0.792,0.792,1.0,CURRENT_02_CANDIDATE
ST009,ST040,4.939,8.286,1.6776675440372544,CURRENT_02_CANDIDATE
ST009,ST041,4.947,11.123999999999999,2.248635536688902,CURRENT_02_CANDIDATE
ST009,ST042,2.781,7.7669999999999995,2.792880258899676,CURRENT_02_CANDIDATE
ST009,ST043,9.831,24.144,2.455904790967348,CURRENT_02_CANDIDATE
ST009,ST044,9.854,24.727999999999998,2.5094377917596913,CURRENT_02_CANDIDATE
ST009,ST045,9.928,24.374999999999996,2.4551772763900077,CURRENT_02_CANDIDATE
ST009,ST046,9.934,14.415,1.4510771089188645,CURRENT_02_CANDIDATE
ST009,ST047,12.192,18.169999999999998,1.490321522309711,CURRENT_02_CANDIDATE
ST009,ST048,9.947,25.450999999999997,2.558660902784759,CURRENT_02_CANDIDATE
ST009,ST049,17.181,24.953999999999997,1.4524183691286885,CURRENT_02_CANDIDATE
ST009,ST050,11.658,16.778,1.4391833933779379,CURRENT_02_CANDIDATE
ST009,ST051,3.757,9.838999999999999,2.6188448229970716,CURRENT_02_CANDIDATE
ST009,ST052,2.888,9.378,3.247229916897507,CURRENT_02_CANDIDATE
ST009,ST053,15.245,22.796999999999997,1.4953755329616267,CURRENT_02_CANDIDATE
ST009,ST054,8.847,13.328,1.5064993783203346,CURRENT_02_CANDIDATE
ST009,ST055,16.804,24.499,1.457926684122828,CURRENT_02_CANDIDATE
ST010,ST011,13.551,16.941,1.2501660394066858,CURRENT_02_CANDIDATE
ST010,ST012,2.361,2.361,1.0,CURRENT_02_CANDIDATE
ST010,ST013,2.646,3.158,1.1934996220710508,CURRENT_02_CANDIDATE
ST010,ST014,1.525,3.9619999999999997,2.5980327868852457,CURRENT_02_CANDIDATE
ST010,ST015,11.921,23.679999999999996,1.9864105360288564,CURRENT_02_CANDIDATE
ST010,ST016,9.129999999999999,20.572999999999997,2.253340635268346,CURRENT_02_CANDIDATE
ST010,ST017,9.126000000000001,15.530999999999999,1.701840894148586,CURRENT_02_CANDIDATE
ST010,ST018,13.603,24.717999999999996,1.8170991693008893,CURRENT_02_CANDIDATE
ST010,ST019,14.08,25.613,1.8191051136363636,CURRENT_02_CANDIDATE
ST010,ST020,15.286,23.634,1.5461206332591915,CURRENT_02_CANDIDATE
ST010,ST021,18.194,23.347999999999995,1.2832802022644827,CURRENT_02_CANDIDATE
ST010,ST022,18.907,21.689999999999998,1.147194160892791,CURRENT_02_CANDIDATE
ST010,ST023,13.389,24.048999999999996,1.7961759653446858,CURRENT_02_CANDIDATE
ST010,ST024,11.545,23.801999999999996,2.0616717193590297,CURRENT_02_CANDIDATE
ST010,ST025,10.313,23.577999999999996,2.2862406671191695,CURRENT_02_CANDIDATE
ST010,ST026,1.22,1.22,1.0,CURRENT_02_CANDIDATE
ST010,ST027,1.085,4.718999999999999,4.349308755760369,CURRENT_02_CANDIDATE
ST010,ST028,3.734,3.734,1.0,CURRENT_02_CANDIDATE
ST010,ST029,6.442,10.626999999999999,1.649642968022353,CURRENT_02_CANDIDATE
ST010,ST030,9.083,15.411999999999999,1.6967962127050533,CURRENT_02_CANDIDATE
ST010,ST031,9.658,20.290999999999997,2.1009525781735348,CURRENT_02_CANDIDATE
ST010,ST032,17.471,20.217,1.157174746723141,CURRENT_02_CANDIDATE
ST010,ST033,16.826,22.298,1.325210983002496,CURRENT_02_CANDIDATE
ST010,ST034,13.684999999999999,30.082999999999995,2.1982462550237485,CURRENT_02_CANDIDATE
ST010,ST035,13.248999999999999,29.646999999999995,2.2376783153445543,CURRENT_02_CANDIDATE
ST010,ST036,13.867,20.516,1.4794836662580224,CURRENT_02_CANDIDATE
ST010,ST037,14.338999999999999,29.098999999999997,2.029360485389497,CURRENT_02_CANDIDATE
ST010,ST038,9.372,14.849999999999998,1.584507042253521,CURRENT_02_CANDIDATE
ST010,ST039,9.47,14.947999999999999,1.578458289334741,CURRENT_02_CANDIDATE
ST010,ST040,7.454,7.454,1.0,CURRENT_02_CANDIDATE
ST010,ST041,9.27,16.637999999999998,1.7948220064724918,CURRENT_02_CANDIDATE
ST010,ST042,7.803,13.280999999999999,1.7020376778162243,CURRENT_02_CANDIDATE
ST010,ST043,14.494,23.311999999999998,1.60838967848765,CURRENT_02_CANDIDATE
ST010,ST044,15.228,23.895999999999997,1.5692146046755975,CURRENT_02_CANDIDATE
ST010,ST045,14.021999999999998,23.542999999999996,1.6790044216231634,CURRENT_02_CANDIDATE
ST010,ST046,12.503,13.582999999999998,1.0863792689754457,CURRENT_02_CANDIDATE
ST010,ST047,14.928,17.337999999999997,1.1614415862808143,CURRENT_02_CANDIDATE
ST010,ST048,13.835,24.618999999999996,1.7794723527285865,CURRENT_02_CANDIDATE
ST010,ST049,20.165,24.121999999999996,1.1962310934787999,CURRENT_02_CANDIDATE
ST010,ST050,14.394,15.945999999999998,1.1078227039044044,CURRENT_02_CANDIDATE
ST010,ST051,7.611,15.352999999999998,2.017211930101169,CURRENT_02_CANDIDATE
ST010,ST052,9.414,14.892,1.5818992989165073,CURRENT_02_CANDIDATE
ST010,ST053,18.401,21.964999999999996,1.1936851258083798,CURRENT_02_CANDIDATE
ST010,ST054,11.416,12.495999999999999,1.0946040644709178,CURRENT_02_CANDIDATE
ST010,ST055,19.71,23.666999999999998,1.2007610350076101,CURRENT_02_CANDIDATE
ST011,ST012,11.19,19.302,1.7249329758713137,CURRENT_02_CANDIDATE
ST011,ST013,11.312999999999999,20.098999999999997,1.776628657296915,CURRENT_02_CANDIDATE
ST011,ST014,12.57,20.903,1.6629276054097055,CURRENT_02_CANDIDATE
ST011,ST015,15.14,25.712999999999997,1.698348745046235,CURRENT_02_CANDIDATE
ST011,ST016,12.455000000000002,22.605999999999998,1.815014050582095,CURRENT_02_CANDIDATE
ST011,ST017,7.363,17.564,2.3854407170990086,CURRENT_02_CANDIDATE
ST011,ST018,3.576,9.767000000000001,2.7312639821029085,CURRENT_02_CANDIDATE
ST011,ST019,3.322,10.661999999999999,3.2095123419626725,CURRENT_02_CANDIDATE
ST011,ST020,4.958,8.683,1.7513110125050422,CURRENT_02_CANDIDATE
ST011,ST021,4.795,8.31,1.7330552659019813,CURRENT_02_CANDIDATE
ST011,ST022,5.569,8.16,1.465254085114024,CURRENT_02_CANDIDATE
ST011,ST023,1.921,9.011,4.690786048932847,CURRENT_02_CANDIDATE
ST011,ST024,15.33,25.834999999999997,1.6852576647097193,CURRENT_02_CANDIDATE
ST011,ST025,14.909,25.610999999999997,1.7178214501307931,CURRENT_02_CANDIDATE
ST011,ST026,12.987,18.160999999999998,1.3983983983983983,CURRENT_02_CANDIDATE
ST011,ST027,12.61,21.659999999999997,1.7176843774781918,CURRENT_02_CANDIDATE
ST011,ST028,13.654,20.674999999999997,1.5142082906108099,CURRENT_02_CANDIDATE
ST011,ST029,9.925,12.66,1.2755667506297228,CURRENT_02_CANDIDATE
ST011,ST030,7.9270000000000005,17.445,2.2007064463226946,CURRENT_02_CANDIDATE
ST011,ST031,5.237,9.273,1.77067023104831,CURRENT_02_CANDIDATE
ST011,ST032,5.259,5.266,1.0013310515307092,CURRENT_02_CANDIDATE
ST011,ST033,6.732,7.3469999999999995,1.0913547237076648,CURRENT_02_CANDIDATE
ST011,ST034,7.227,15.044999999999998,2.0817766708177663,CURRENT_02_CANDIDATE
ST011,ST035,6.874,14.608999999999998,2.125254582484725,CURRENT_02_CANDIDATE
ST011,ST036,7.492,22.549,3.009743726641751,CURRENT_02_CANDIDATE
ST011,ST037,7.968,14.061,1.764683734939759,CURRENT_02_CANDIDATE
ST011,ST038,11.081,16.883,1.5235989531630718,CURRENT_02_CANDIDATE
ST011,ST039,10.780999999999999,16.981,1.5750857990909937,CURRENT_02_CANDIDATE
ST011,ST040,7.585,9.487,1.2507580751483192,CURRENT_02_CANDIDATE
ST011,ST041,10.98,18.671,1.700455373406193,CURRENT_02_CANDIDATE
ST011,ST042,9.512,15.314,1.6099663582842725,CURRENT_02_CANDIDATE
ST011,ST043,4.475,8.361,1.8683798882681568,CURRENT_02_CANDIDATE
ST011,ST044,5.146,8.945,1.7382432957637,CURRENT_02_CANDIDATE
ST011,ST045,3.828,8.504999999999999,2.2217868338557993,CURRENT_02_CANDIDATE
ST011,ST046,1.543,3.358,2.1762799740764747,CURRENT_02_CANDIDATE
ST011,ST047,1.641,4.848,2.954296160877514,CURRENT_02_CANDIDATE
ST011,ST048,3.624,9.668000000000001,2.667770419426049,CURRENT_02_CANDIDATE
ST011,ST049,7.729,9.765,1.2634234700478717,CURRENT_02_CANDIDATE
ST011,ST050,0.995,0.995,1.0,CURRENT_02_CANDIDATE
ST011,ST051,10.728,17.386,1.6206189410887397,CURRENT_02_CANDIDATE
ST011,ST052,7.927,16.925,2.1351078592153403,CURRENT_02_CANDIDATE
ST011,ST053,4.85,6.927,1.4282474226804125,CURRENT_02_CANDIDATE
ST011,ST054,2.543,4.445,1.7479355092410538,CURRENT_02_CANDIDATE
ST011,ST055,7.172,9.125,1.2723089793641942,CURRENT_02_CANDIDATE
ST012,ST013,0.817,5.519,6.755201958384333,CURRENT_02_CANDIDATE
ST012,ST014,1.38,6.323,4.581884057971015,CURRENT_02_CANDIDATE
ST012,ST015,13.075999999999999,26.040999999999997,1.9915111654940347,CURRENT_02_CANDIDATE
ST012,ST016,10.015,22.933999999999997,2.2899650524213677,CURRENT_02_CANDIDATE
ST012,ST017,9.461,17.892,1.8911320156431666,CURRENT_02_CANDIDATE
ST012,ST018,13.318,27.078999999999997,2.033263252740652,CURRENT_02_CANDIDATE
ST012,ST019,12.876,27.973999999999997,2.1725691208449827,CURRENT_02_CANDIDATE
ST012,ST020,14.612999999999998,25.994999999999997,1.7788955040032848,CURRENT_02_CANDIDATE
ST012,ST021,15.832999999999998,25.708999999999996,1.6237605002210571,CURRENT_02_CANDIDATE
ST012,ST022,16.607,24.051,1.4482447160835792,CURRENT_02_CANDIDATE
ST012,ST023,11.663,26.409999999999997,2.2644259624453396,CURRENT_02_CANDIDATE
ST012,ST024,12.7,26.162999999999997,2.06007874015748,CURRENT_02_CANDIDATE
ST012,ST025,11.469,25.938999999999997,2.2616618711308742,CURRENT_02_CANDIDATE
ST012,ST026,1.797,3.5810000000000004,1.9927657206455207,CURRENT_02_CANDIDATE
ST012,ST027,1.42,7.08,4.985915492957747,CURRENT_02_CANDIDATE
ST012,ST028,4.89,6.095000000000001,1.2464212678936608,CURRENT_02_CANDIDATE
ST012,ST029,5.571,12.988,2.3313588224735238,CURRENT_02_CANDIDATE
ST012,ST030,10.025,17.773,1.77286783042394,CURRENT_02_CANDIDATE
ST012,ST031,10.814,22.651999999999997,2.0946920658405768,CURRENT_02_CANDIDATE
ST012,ST032,15.607,22.578,1.4466585506503493,CURRENT_02_CANDIDATE
ST012,ST033,16.220999999999997,24.659,1.5201898773195244,CURRENT_02_CANDIDATE
ST012,ST034,14.075,32.443999999999996,2.3050799289520425,CURRENT_02_CANDIDATE
ST012,ST035,13.671,32.007999999999996,2.3413064150391336,CURRENT_02_CANDIDATE
ST012,ST036,13.526,22.877,1.691335206269407,CURRENT_02_CANDIDATE
ST012,ST037,14.001999999999999,31.459999999999997,2.246821882588202,CURRENT_02_CANDIDATE
ST012,ST038,9.794,17.211,1.7573003879926483,CURRENT_02_CANDIDATE
ST012,ST039,9.892,17.308999999999997,1.7497978164173067,CURRENT_02_CANDIDATE
ST012,ST040,8.61,9.815,1.1399535423925669,CURRENT_02_CANDIDATE
ST012,ST041,8.709,18.999,2.1815363417154665,CURRENT_02_CANDIDATE
ST012,ST042,8.225,15.642,1.9017629179331308,CURRENT_02_CANDIDATE
ST012,ST043,13.895,25.673,1.8476430370636918,CURRENT_02_CANDIDATE
ST012,ST044,14.622999999999998,26.256999999999998,1.7955959789372906,CURRENT_02_CANDIDATE
ST012,ST045,13.239999999999998,25.903999999999996,1.9564954682779456,CURRENT_02_CANDIDATE
ST012,ST046,10.51,15.943999999999999,1.5170313986679353,CURRENT_02_CANDIDATE
ST012,ST047,12.567,19.698999999999998,1.567518102968091,CURRENT_02_CANDIDATE
ST012,ST048,13.235999999999999,26.979999999999997,2.0383801752795407,CURRENT_02_CANDIDATE
ST012,ST049,17.804,26.482999999999997,1.487474724780948,CURRENT_02_CANDIDATE
ST012,ST050,12.033,18.307,1.52139948475027,CURRENT_02_CANDIDATE
ST012,ST051,7.279,17.714,2.4335760406649265,CURRENT_02_CANDIDATE
ST012,ST052,9.835999999999999,17.253,1.7540666937779588,CURRENT_02_CANDIDATE
ST012,ST053,16.04,24.325999999999997,1.516583541147132,CURRENT_02_CANDIDATE
ST012,ST054,9.423,14.857,1.576674095298737,CURRENT_02_CANDIDATE
ST012,ST055,17.349,26.028,1.5002593809441465,CURRENT_02_CANDIDATE
ST013,ST014,1.514,4.68,3.09114927344782,CURRENT_02_CANDIDATE
ST013,ST015,13.106,26.837999999999997,2.047764382725469,CURRENT_02_CANDIDATE
ST013,ST016,10.045,23.730999999999998,2.3624688899950224,CURRENT_02_CANDIDATE
ST013,ST017,9.602,18.689,1.946365340554051,CURRENT_02_CANDIDATE
ST013,ST018,13.437999999999999,27.875999999999998,2.074415835689835,CURRENT_02_CANDIDATE
ST013,ST019,13.447,28.771,2.1395850375548453,CURRENT_02_CANDIDATE
ST013,ST020,15.116999999999999,26.792,1.7723093206324008,CURRENT_02_CANDIDATE
ST013,ST021,15.620999999999999,26.505999999999997,1.6968183855066896,CURRENT_02_CANDIDATE
ST013,ST022,16.395,24.848,1.5155840195181458,CURRENT_02_CANDIDATE
ST013,ST023,11.783,27.206999999999997,2.309004498005601,CURRENT_02_CANDIDATE
ST013,ST024,12.73,26.959999999999997,2.11783189316575,CURRENT_02_CANDIDATE
ST013,ST025,11.61,26.735999999999997,2.3028423772609816,CURRENT_02_CANDIDATE
ST013,ST026,1.938,1.938,1.0,CURRENT_02_CANDIDATE
ST013,ST027,1.561,1.561,1.0,CURRENT_02_CANDIDATE
ST013,ST028,5.031,6.8919999999999995,1.3699065792089047,CURRENT_02_CANDIDATE
ST013,ST029,5.601,13.785,2.4611676486341727,CURRENT_02_CANDIDATE
ST013,ST030,10.166,18.57,1.8266771591579776,CURRENT_02_CANDIDATE
ST013,ST031,10.955,23.448999999999998,2.1404837973528066,CURRENT_02_CANDIDATE
ST013,ST032,16.034,23.375,1.4578395908694026,CURRENT_02_CANDIDATE
ST013,ST033,17.037999999999997,25.456,1.4940720741871114,CURRENT_02_CANDIDATE
ST013,ST034,14.137,33.241,2.3513475277640232,CURRENT_02_CANDIDATE
ST013,ST035,13.701,32.805,2.394350777315524,CURRENT_02_CANDIDATE
ST013,ST036,13.61,23.674,1.7394562821454813,CURRENT_02_CANDIDATE
ST013,ST037,14.085999999999999,32.257,2.2900042595484877,CURRENT_02_CANDIDATE
ST013,ST038,9.824,18.008,1.8330618892508144,CURRENT_02_CANDIDATE
ST013,ST039,9.922,18.106,1.8248337028824835,CURRENT_02_CANDIDATE
ST013,ST040,8.751,10.612,1.2126614101245572,CURRENT_02_CANDIDATE
ST013,ST041,8.739,19.796,2.26524774001602,CURRENT_02_CANDIDATE
ST013,ST042,8.254999999999999,16.439,1.9913991520290735,CURRENT_02_CANDIDATE
ST013,ST043,14.712,26.47,1.7992115280043501,CURRENT_02_CANDIDATE
ST013,ST044,15.439999999999998,27.054,1.7522020725388603,CURRENT_02_CANDIDATE
ST013,ST045,14.056999999999999,26.700999999999997,1.899480685779327,CURRENT_02_CANDIDATE
ST013,ST046,9.857,16.741,1.6983869331439587,CURRENT_02_CANDIDATE
ST013,ST047,12.549999999999999,20.496,1.6331474103585657,CURRENT_02_CANDIDATE
ST013,ST048,13.524,27.776999999999997,2.0539041703637975,CURRENT_02_CANDIDATE
ST013,ST049,18.162999999999997,27.279999999999998,1.5019545229312339,CURRENT_02_CANDIDATE
ST013,ST050,11.821,19.104,1.6161069283478555,CURRENT_02_CANDIDATE
ST013,ST051,7.309,18.511,2.53263100287317,CURRENT_02_CANDIDATE
ST013,ST052,9.866,18.05,1.8295155078045815,CURRENT_02_CANDIDATE
ST013,ST053,15.995,25.122999999999998,1.5706783369803063,CURRENT_02_CANDIDATE
ST013,ST054,8.77,15.654,1.7849486887115167,CURRENT_02_CANDIDATE
ST013,ST055,17.555,26.825,1.5280546852748504,CURRENT_02_CANDIDATE
ST014,ST015,13.446,27.642,2.0557786702365015,CURRENT_02_CANDIDATE
ST014,ST016,10.655000000000001,24.535,2.3026748005631155,CURRENT_02_CANDIDATE
ST014,ST017,9.946,19.493,1.959883370199075,CURRENT_02_CANDIDATE
ST014,ST018,14.697999999999999,28.679999999999996,1.9512858892366307,CURRENT_02_CANDIDATE
ST014,ST019,14.255999999999998,29.574999999999996,2.0745650953984285,CURRENT_02_CANDIDATE
ST014,ST020,15.992999999999997,27.595999999999997,1.725504908397424,CURRENT_02_CANDIDATE
ST014,ST021,17.134999999999998,27.309999999999995,1.5938138313393637,CURRENT_02_CANDIDATE
ST014,ST022,17.909,25.651999999999997,1.4323524484895862,CURRENT_02_CANDIDATE
ST014,ST023,13.043,28.010999999999996,2.1475887449206468,CURRENT_02_CANDIDATE
ST014,ST024,13.07,27.764,2.1242540168324404,CURRENT_02_CANDIDATE
ST014,ST025,11.838000000000001,27.54,2.3264064875823616,CURRENT_02_CANDIDATE
ST014,ST026,2.362,2.742,1.1608806096528366,CURRENT_02_CANDIDATE
ST014,ST027,1.905,6.241,3.276115485564304,CURRENT_02_CANDIDATE
ST014,ST028,5.259,7.696,1.4633960829054953,CURRENT_02_CANDIDATE
ST014,ST029,6.951,14.589,2.0988347000431595,CURRENT_02_CANDIDATE
ST014,ST030,10.51,19.374000000000002,1.843387250237869,CURRENT_02_CANDIDATE
ST014,ST031,11.183,24.252999999999997,2.1687382634355714,CURRENT_02_CANDIDATE
ST014,ST032,16.987,24.179,1.423382586683935,CURRENT_02_CANDIDATE
ST014,ST033,17.600999999999996,26.259999999999998,1.4919606840520427,CURRENT_02_CANDIDATE
ST014,ST034,14.742,34.044999999999995,2.3093881427214757,CURRENT_02_CANDIDATE
ST014,ST035,14.389,33.608999999999995,2.335742581138369,CURRENT_02_CANDIDATE
ST014,ST036,14.905999999999999,24.478,1.6421575204615593,CURRENT_02_CANDIDATE
ST014,ST037,15.381999999999998,33.06099999999999,2.149330386165648,CURRENT_02_CANDIDATE
ST014,ST038,10.897,18.812,1.7263467009268607,CURRENT_02_CANDIDATE
ST014,ST039,10.995000000000001,18.91,1.7198726693951796,CURRENT_02_CANDIDATE
ST014,ST040,8.979,11.416,1.2714110702750865,CURRENT_02_CANDIDATE
ST014,ST041,10.088999999999999,20.6,2.041827733174745,CURRENT_02_CANDIDATE
ST014,ST042,9.328,17.243000000000002,1.8485205831903948,CURRENT_02_CANDIDATE
ST014,ST043,15.274999999999999,27.273999999999997,1.785531914893617,CURRENT_02_CANDIDATE
ST014,ST044,16.002999999999997,27.857999999999997,1.740798600262451,CURRENT_02_CANDIDATE
ST014,ST045,14.619999999999997,27.504999999999995,1.881326949384405,CURRENT_02_CANDIDATE
ST014,ST046,11.172,17.544999999999998,1.5704439670605082,CURRENT_02_CANDIDATE
ST014,ST047,13.947,21.299999999999997,1.5272101527210151,CURRENT_02_CANDIDATE
ST014,ST048,14.615999999999998,28.580999999999996,1.9554597701149425,CURRENT_02_CANDIDATE
ST014,ST049,19.183999999999997,28.083999999999996,1.463928273561301,CURRENT_02_CANDIDATE
ST014,ST050,13.334999999999999,19.907999999999998,1.4929133858267716,CURRENT_02_CANDIDATE
ST014,ST051,8.658999999999999,19.315,2.230627093197829,CURRENT_02_CANDIDATE
ST014,ST052,10.584999999999999,18.854,1.7811998110533775,CURRENT_02_CANDIDATE
ST014,ST053,17.42,25.926999999999996,1.4883467278989664,CURRENT_02_CANDIDATE
ST014,ST054,10.085,16.458,1.631928606841844,CURRENT_02_CANDIDATE
ST014,ST055,18.729,27.628999999999998,1.47519888942282,CURRENT_02_CANDIDATE
ST015,ST016,3.107,3.107,1.0,CURRENT_02_CANDIDATE
ST015,ST017,8.278,17.957,2.1692437786905048,CURRENT_02_CANDIDATE
ST015,ST018,14.415,33.49,2.3232743669788416,CURRENT_02_CANDIDATE
ST015,ST019,14.085999999999999,34.385,2.441076245917933,CURRENT_02_CANDIDATE
ST015,ST020,15.807,32.406,2.0501043841336117,CURRENT_02_CANDIDATE
ST015,ST021,19.847,32.12,1.6183806116793467,CURRENT_02_CANDIDATE
ST015,ST022,19.863,30.462,1.53360519558979,CURRENT_02_CANDIDATE
ST015,ST023,14.344999999999999,32.821,2.2879749041477866,CURRENT_02_CANDIDATE
ST015,ST024,0.376,6.336,16.851063829787236,CURRENT_02_CANDIDATE
ST015,ST025,1.9369999999999998,6.112,3.1553949406298405,CURRENT_02_CANDIDATE
ST015,ST026,11.896999999999998,24.9,2.092964612927629,CURRENT_02_CANDIDATE
ST015,ST027,12.233,28.398999999999997,2.321507398021744,CURRENT_02_CANDIDATE
ST015,ST028,8.187,27.414,3.3484792964455847,CURRENT_02_CANDIDATE
ST015,ST029,7.505,13.053,1.739240506329114,CURRENT_02_CANDIDATE
ST015,ST030,8.607000000000001,17.838,2.0724991286162426,CURRENT_02_CANDIDATE
ST015,ST031,10.613999999999999,29.063,2.7381759939702284,CURRENT_02_CANDIDATE
ST015,ST032,17.497,28.989,1.6567983082814197,CURRENT_02_CANDIDATE
ST015,ST033,16.61,31.07,1.8705599036724865,CURRENT_02_CANDIDATE
ST015,ST034,11.213000000000001,38.855,3.4651743511995,CURRENT_02_CANDIDATE
ST015,ST035,10.987,38.419,3.4967689087102936,CURRENT_02_CANDIDATE
ST015,ST036,10.379000000000001,22.942,2.2104248964254745,CURRENT_02_CANDIDATE
ST015,ST037,10.855,37.870999999999995,3.488807001381851,CURRENT_02_CANDIDATE
ST015,ST038,6.646,17.276,2.599458320794463,CURRENT_02_CANDIDATE
ST015,ST039,6.694,17.374000000000002,2.595458619659397,CURRENT_02_CANDIDATE
ST015,ST040,9.144,16.226,1.7744969378827646,CURRENT_02_CANDIDATE
ST015,ST041,6.996,7.042,1.0065751858204688,CURRENT_02_CANDIDATE
ST015,ST042,6.657,10.399000000000001,1.5621150668469281,CURRENT_02_CANDIDATE
ST015,ST043,15.015,32.084,2.136796536796537,CURRENT_02_CANDIDATE
ST015,ST044,15.749,32.668,2.074290431138485,CURRENT_02_CANDIDATE
ST015,ST045,14.516000000000002,32.315,2.2261642325709556,CURRENT_02_CANDIDATE
ST015,ST046,13.684,22.355,1.6336597486115172,CURRENT_02_CANDIDATE
ST015,ST047,16.622999999999998,26.11,1.570715274017927,CURRENT_02_CANDIDATE
ST015,ST048,14.356000000000002,33.391000000000005,2.3259264419058234,CURRENT_02_CANDIDATE
ST015,ST049,21.99,32.894,1.495861755343338,CURRENT_02_CANDIDATE
ST015,ST050,16.047,24.718,1.540350221225151,CURRENT_02_CANDIDATE
ST015,ST051,5.797,12.471,2.151285147490081,CURRENT_02_CANDIDATE
ST015,ST052,8.087,17.318,2.1414616050451345,CURRENT_02_CANDIDATE
ST015,ST053,19.971,30.737,1.5390816684192077,CURRENT_02_CANDIDATE
ST015,ST054,12.597,21.268,1.6883384932920538,CURRENT_02_CANDIDATE
ST015,ST055,21.368000000000002,32.439,1.5181111943092473,CURRENT_02_CANDIDATE
ST016,ST017,5.417,14.849999999999998,2.7413697618608084,CURRENT_02_CANDIDATE
ST016,ST018,11.308,30.383,2.686858860983375,CURRENT_02_CANDIDATE
ST016,ST019,10.979,31.278,2.8488933418344113,CURRENT_02_CANDIDATE
ST016,ST020,12.7,29.299,2.3070078740157482,CURRENT_02_CANDIDATE
ST016,ST021,16.846,29.012999999999998,1.7222486050100914,CURRENT_02_CANDIDATE
ST016,ST022,16.802,27.355,1.6280799904773242,CURRENT_02_CANDIDATE
ST016,ST023,11.283999999999999,29.714,2.63328606876994,CURRENT_02_CANDIDATE
ST016,ST024,3.229,3.229,1.0,CURRENT_02_CANDIDATE
ST016,ST025,3.005,3.005,1.0,CURRENT_02_CANDIDATE
ST016,ST026,9.106,21.793,2.393257193059521,CURRENT_02_CANDIDATE
ST016,ST027,9.442,25.291999999999998,2.678669773353103,CURRENT_02_CANDIDATE
ST016,ST028,5.396,24.307000000000002,4.504633061527057,CURRENT_02_CANDIDATE
ST016,ST029,4.444,9.946,2.2380738073807382,CURRENT_02_CANDIDATE
ST016,ST030,5.746,14.731,2.563696484510964,CURRENT_02_CANDIDATE
ST016,ST031,7.553,25.956,3.4365152919369786,CURRENT_02_CANDIDATE
ST016,ST032,14.389999999999999,25.882,1.798610145934677,CURRENT_02_CANDIDATE
ST016,ST033,14.24,27.963,1.9636938202247192,CURRENT_02_CANDIDATE
ST016,ST034,8.781,35.748,4.07106252135292,CURRENT_02_CANDIDATE
ST016,ST035,8.555,35.312,4.1276446522501455,CURRENT_02_CANDIDATE
ST016,ST036,7.947,19.835,2.495910406442683,CURRENT_02_CANDIDATE
ST016,ST037,8.423,34.763999999999996,4.127270568680992,CURRENT_02_CANDIDATE
ST016,ST038,4.155,14.169,3.4101083032490975,CURRENT_02_CANDIDATE
ST016,ST039,4.09,14.267,3.4882640586797065,CURRENT_02_CANDIDATE
ST016,ST040,6.083,13.119,2.156666118691435,CURRENT_02_CANDIDATE
ST016,ST041,3.935,3.935,1.0,CURRENT_02_CANDIDATE
ST016,ST042,3.596,7.292,2.0278086763070076,CURRENT_02_CANDIDATE
ST016,ST043,11.908,28.977,2.433406113537118,CURRENT_02_CANDIDATE
ST016,ST044,12.642,29.561,2.338316722037652,CURRENT_02_CANDIDATE
ST016,ST045,11.409,29.208,2.5600841440967654,CURRENT_02_CANDIDATE
ST016,ST046,10.999,19.248,1.749977270660969,CURRENT_02_CANDIDATE
ST016,ST047,13.998999999999999,23.003,1.643188799199943,CURRENT_02_CANDIDATE
ST016,ST048,11.249,30.284,2.692150413370077,CURRENT_02_CANDIDATE
ST016,ST049,18.889,29.787,1.5769495473556039,CURRENT_02_CANDIDATE
ST016,ST050,13.306,21.611,1.6241545167593567,CURRENT_02_CANDIDATE
ST016,ST051,2.736,9.364,3.422514619883041,CURRENT_02_CANDIDATE
ST016,ST052,5.226,14.210999999999999,2.7192881745120547,CURRENT_02_CANDIDATE
ST016,ST053,17.22,27.63,1.6045296167247387,CURRENT_02_CANDIDATE
ST016,ST054,9.912,18.161,1.832223567393059,CURRENT_02_CANDIDATE
ST016,ST055,18.697000000000003,29.332,1.5688078301331763,CURRENT_02_CANDIDATE
ST017,ST018,7.048,25.340999999999998,3.595488081725312,CURRENT_02_CANDIDATE
ST017,ST019,6.719,26.235999999999997,3.904747730317011,CURRENT_02_CANDIDATE
ST017,ST020,8.191,24.256999999999998,2.9614210719081915,CURRENT_02_CANDIDATE
ST017,ST021,12.158000000000001,23.970999999999997,1.9716236223063,CURRENT_02_CANDIDATE
ST017,ST022,12.542000000000002,22.313,1.779062350502312,CURRENT_02_CANDIDATE
ST017,ST023,6.77,24.671999999999997,3.644313146233382,CURRENT_02_CANDIDATE
ST017,ST024,7.967,18.079,2.2692355968369524,CURRENT_02_CANDIDATE
ST017,ST025,7.984,17.855,2.2363476953907817,CURRENT_02_CANDIDATE
ST017,ST026,8.212,16.750999999999998,2.039819775937652,CURRENT_02_CANDIDATE
ST017,ST027,8.041,20.249999999999996,2.518343489615719,CURRENT_02_CANDIDATE
ST017,ST028,7.665,19.265,2.513372472276582,CURRENT_02_CANDIDATE
ST017,ST029,4.322,4.904,1.1346598796853309,CURRENT_02_CANDIDATE
ST017,ST030,0.564,9.689,17.179078014184398,CURRENT_02_CANDIDATE
ST017,ST031,3.293,20.913999999999998,6.3510476768903725,CURRENT_02_CANDIDATE
ST017,ST032,10.11,20.84,2.0613254203758657,CURRENT_02_CANDIDATE
ST017,ST033,9.97,22.921,2.2989969909729187,CURRENT_02_CANDIDATE
ST017,ST034,4.796,30.705999999999996,6.4024186822351945,CURRENT_02_CANDIDATE
ST017,ST035,4.443,30.269999999999996,6.812964213369344,CURRENT_02_CANDIDATE
ST017,ST036,5.061,14.793000000000001,2.9229401304090104,CURRENT_02_CANDIDATE
ST017,ST037,5.537,29.721999999999998,5.3678887484197215,CURRENT_02_CANDIDATE
ST017,ST038,3.846,9.126999999999999,2.3731149245969836,CURRENT_02_CANDIDATE
ST017,ST039,3.4930000000000003,9.225,2.640996278270827,CURRENT_02_CANDIDATE
ST017,ST040,1.842,8.077,4.3849077090119435,CURRENT_02_CANDIDATE
ST017,ST041,5.607,10.915,1.9466738006063846,CURRENT_02_CANDIDATE
ST017,ST042,2.564,7.558,2.9477379095163805,CURRENT_02_CANDIDATE
ST017,ST043,7.648,23.935,3.129576359832636,CURRENT_02_CANDIDATE
ST017,ST044,8.382,24.519,2.925196850393701,CURRENT_02_CANDIDATE
ST017,ST045,7.149,24.165999999999997,3.3803329136942226,CURRENT_02_CANDIDATE
ST017,ST046,6.739,14.206,2.1080278973141415,CURRENT_02_CANDIDATE
ST017,ST047,9.004000000000001,17.961,1.9947800977343397,CURRENT_02_CANDIDATE
ST017,ST048,6.989,25.241999999999997,3.6116754900558017,CURRENT_02_CANDIDATE
ST017,ST049,14.608999999999998,24.744999999999997,1.693818878773359,CURRENT_02_CANDIDATE
ST017,ST050,8.358,16.569,1.9824120603015074,CURRENT_02_CANDIDATE
ST017,ST051,3.517,9.629999999999999,2.738129087290304,CURRENT_02_CANDIDATE
ST017,ST052,0.639,0.639,1.0,CURRENT_02_CANDIDATE
ST017,ST053,12.213000000000001,22.587999999999997,1.8495046262179642,CURRENT_02_CANDIDATE
ST017,ST054,5.652,13.119,2.3211252653927814,CURRENT_02_CANDIDATE
ST017,ST055,14.163,24.29,1.7150321259620136,CURRENT_02_CANDIDATE
ST018,ST019,0.477,3.928,8.234800838574424,CURRENT_02_CANDIDATE
ST018,ST020,1.949,1.949,1.0,CURRENT_02_CANDIDATE
ST018,ST021,6.586,10.008,1.51958700273307,CURRENT_02_CANDIDATE
ST018,ST022,6.573,7.3950000000000005,1.1250570515746234,CURRENT_02_CANDIDATE
ST018,ST023,1.655,10.709,6.470694864048338,CURRENT_02_CANDIDATE
ST018,ST024,14.183,33.611999999999995,2.3698794331241624,CURRENT_02_CANDIDATE
ST018,ST025,13.617,33.388,2.451935081148564,CURRENT_02_CANDIDATE
ST018,ST026,13.579,25.938,1.910155386994624,CURRENT_02_CANDIDATE
ST018,ST027,13.915000000000001,29.436999999999998,2.115486884656845,CURRENT_02_CANDIDATE
ST018,ST028,11.947,28.451999999999998,2.3815183728132587,CURRENT_02_CANDIDATE
ST018,ST029,8.633,20.436999999999998,2.3673114792076912,CURRENT_02_CANDIDATE
ST018,ST030,7.025,25.221999999999998,3.5903202846975084,CURRENT_02_CANDIDATE
ST018,ST031,3.945,19.04,4.826362484157161,CURRENT_02_CANDIDATE
ST018,ST032,3.868,4.501,1.1636504653567736,CURRENT_02_CANDIDATE
ST018,ST033,3.728,3.728,1.0,CURRENT_02_CANDIDATE
ST018,ST034,5.215,8.617,1.6523489932885909,CURRENT_02_CANDIDATE
ST018,ST035,4.862,8.181000000000001,1.6826408885232416,CURRENT_02_CANDIDATE
ST018,ST036,5.48,30.325999999999997,5.533941605839415,CURRENT_02_CANDIDATE
ST018,ST037,5.956,7.633,1.2815648085963733,CURRENT_02_CANDIDATE
ST018,ST038,9.789,24.659999999999997,2.519154152620288,CURRENT_02_CANDIDATE
ST018,ST039,9.489,24.757999999999996,2.609126356834228,CURRENT_02_CANDIDATE
ST018,ST040,6.3469999999999995,17.264,2.720025208760044,CURRENT_02_CANDIDATE
ST018,ST041,10.523,26.447999999999997,2.513351705787323,CURRENT_02_CANDIDATE
ST018,ST042,8.22,23.090999999999998,2.80912408759124,CURRENT_02_CANDIDATE
ST018,ST043,1.406,1.406,1.0,CURRENT_02_CANDIDATE
ST018,ST044,2.1399999999999997,2.1399999999999997,1.0,CURRENT_02_CANDIDATE
ST018,ST045,0.934,2.077,2.223768736616702,CURRENT_02_CANDIDATE
ST018,ST046,3.7,11.135,3.0094594594594595,CURRENT_02_CANDIDATE
ST018,ST047,3.497,8.282,2.3683156991707177,CURRENT_02_CANDIDATE
ST018,ST048,0.747,2.713,3.63186077643909,CURRENT_02_CANDIDATE
ST018,ST049,8.366999999999999,9.0,1.0756543564001435,CURRENT_02_CANDIDATE
ST018,ST050,2.786,8.772,3.148600143575018,CURRENT_02_CANDIDATE
ST018,ST051,10.019,25.162999999999997,2.5115280966164284,CURRENT_02_CANDIDATE
ST018,ST052,6.635,24.701999999999998,3.7229841748304446,CURRENT_02_CANDIDATE
ST018,ST053,6.96,8.625,1.2392241379310345,CURRENT_02_CANDIDATE
ST018,ST054,4.787,12.222,2.553164821391268,CURRENT_02_CANDIDATE
ST018,ST055,8.279,9.372,1.132020775455973,CURRENT_02_CANDIDATE
ST019,ST020,1.979,1.979,1.0,CURRENT_02_CANDIDATE
ST019,ST021,6.127,11.283,1.8415211359556063,CURRENT_02_CANDIDATE
ST019,ST022,6.305,8.29,1.3148295003965107,CURRENT_02_CANDIDATE
ST019,ST023,1.664,11.984,7.2019230769230775,CURRENT_02_CANDIDATE
ST019,ST024,14.207999999999998,34.507,2.4287021396396398,CURRENT_02_CANDIDATE
ST019,ST025,13.983999999999998,34.283,2.4515875286041195,CURRENT_02_CANDIDATE
ST019,ST026,14.056000000000001,26.833,1.9090068298235627,CURRENT_02_CANDIDATE
ST019,ST027,14.296,30.331999999999997,2.1217123670956908,CURRENT_02_CANDIDATE
ST019,ST028,12.424,29.347,2.3621216999356087,CURRENT_02_CANDIDATE
ST019,ST029,9.11,21.332,2.3416026344676184,CURRENT_02_CANDIDATE
ST019,ST030,7.283,26.117,3.586022243580942,CURRENT_02_CANDIDATE
ST019,ST031,4.422,19.935,4.508141112618724,CURRENT_02_CANDIDATE
ST019,ST032,3.411,5.396,1.5819407798299618,CURRENT_02_CANDIDATE
ST019,ST033,3.836,3.9690000000000003,1.0346715328467155,CURRENT_02_CANDIDATE
ST019,ST034,5.692,9.892,1.7378777231201685,CURRENT_02_CANDIDATE
ST019,ST035,5.339,9.456,1.7711181869263906,CURRENT_02_CANDIDATE
ST019,ST036,5.957000000000001,31.221,5.24106093671311,CURRENT_02_CANDIDATE
ST019,ST037,6.415,8.908000000000001,1.3886204208885427,CURRENT_02_CANDIDATE
ST019,ST038,10.229,25.555,2.4982891778277447,CURRENT_02_CANDIDATE
ST019,ST039,9.966000000000001,25.653,2.5740517760385306,CURRENT_02_CANDIDATE
ST019,ST040,6.824,18.159,2.6610492379835873,CURRENT_02_CANDIDATE
ST019,ST041,10.631,27.343,2.572006396387922,CURRENT_02_CANDIDATE
ST019,ST042,8.623999999999999,23.986,2.7813079777365495,CURRENT_02_CANDIDATE
ST019,ST043,1.504,2.771,1.8424202127659575,CURRENT_02_CANDIDATE
ST019,ST044,2.238,2.3850000000000002,1.0656836461126007,CURRENT_02_CANDIDATE
ST019,ST045,0.859,3.3520000000000003,3.9022118742724103,CURRENT_02_CANDIDATE
ST019,ST046,3.7089999999999996,12.03,3.2434618495551364,CURRENT_02_CANDIDATE
ST019,ST047,3.02,9.557,3.164569536423841,CURRENT_02_CANDIDATE
ST019,ST048,0.855,4.077999999999999,4.769590643274853,CURRENT_02_CANDIDATE
ST019,ST049,7.91,9.895,1.2509481668773703,CURRENT_02_CANDIDATE
ST019,ST050,2.327,9.667,4.154275891706059,CURRENT_02_CANDIDATE
ST019,ST051,10.236,26.058,2.5457209847596713,CURRENT_02_CANDIDATE
ST019,ST052,7.112,25.597,3.5991282339707538,CURRENT_02_CANDIDATE
ST019,ST053,6.5009999999999994,9.9,1.5228426395939088,CURRENT_02_CANDIDATE
ST019,ST054,4.795999999999999,13.116999999999999,2.7349874895746455,CURRENT_02_CANDIDATE
ST019,ST055,7.802,10.267,1.3159446295821584,CURRENT_02_CANDIDATE
ST020,ST021,7.03,9.304,1.323470839260313,CURRENT_02_CANDIDATE
ST020,ST022,6.274,6.311,1.0058973541600256,CURRENT_02_CANDIDATE
ST020,ST023,3.334,10.004999999999999,3.0008998200359924,CURRENT_02_CANDIDATE
ST020,ST024,15.928999999999998,32.528,2.0420616485655096,CURRENT_02_CANDIDATE
ST020,ST025,15.408000000000001,32.304,2.0965732087227416,CURRENT_02_CANDIDATE
ST020,ST026,15.262,24.854,1.6284890577905908,CURRENT_02_CANDIDATE
ST020,ST027,15.597999999999999,28.352999999999998,1.8177330426977818,CURRENT_02_CANDIDATE
ST020,ST028,13.895999999999999,27.368000000000002,1.9694876223373636,CURRENT_02_CANDIDATE
ST020,ST029,10.424,19.353,1.8565809669992328,CURRENT_02_CANDIDATE
ST020,ST030,8.227,24.138,2.9339978120821684,CURRENT_02_CANDIDATE
ST020,ST031,5.736,17.956,3.1304044630404464,CURRENT_02_CANDIDATE
ST020,ST032,3.417,3.417,1.0,CURRENT_02_CANDIDATE
ST020,ST033,1.99,1.99,1.0,CURRENT_02_CANDIDATE
ST020,ST034,5.992,7.913,1.3205941255006677,CURRENT_02_CANDIDATE
ST020,ST035,6.436,7.477,1.1617464263517714,CURRENT_02_CANDIDATE
ST020,ST036,6.189,29.242,4.724834383583778,CURRENT_02_CANDIDATE
ST020,ST037,5.501,6.929,1.2595891656062534,CURRENT_02_CANDIDATE
ST020,ST038,10.468,23.576,2.2521971723347343,CURRENT_02_CANDIDATE
ST020,ST039,10.226,23.674,2.3150792098572266,CURRENT_02_CANDIDATE
ST020,ST040,7.832,16.18,2.0658835546475998,CURRENT_02_CANDIDATE
ST020,ST041,11.227,25.364,2.259196579674,CURRENT_02_CANDIDATE
ST020,ST042,9.822,22.007,2.2405823661168807,CURRENT_02_CANDIDATE
ST020,ST043,0.792,0.792,1.0,CURRENT_02_CANDIDATE
ST020,ST044,0.406,0.406,1.0,CURRENT_02_CANDIDATE
ST020,ST045,1.373,1.373,1.0,CURRENT_02_CANDIDATE
ST020,ST046,5.379,10.051,1.8685629299126234,CURRENT_02_CANDIDATE
ST020,ST047,3.98,7.577999999999999,1.9040201005025124,CURRENT_02_CANDIDATE
ST020,ST048,2.009,2.099,1.0447984071677452,CURRENT_02_CANDIDATE
ST020,ST049,7.9159999999999995,7.9159999999999995,1.0,CURRENT_02_CANDIDATE
ST020,ST050,4.182,7.688,1.8383548541367765,CURRENT_02_CANDIDATE
ST020,ST051,11.708,24.079,2.056627946703109,CURRENT_02_CANDIDATE
ST020,ST052,8.426,23.618000000000002,2.802990742938524,CURRENT_02_CANDIDATE
ST020,ST053,7.395,7.920999999999999,1.071129141311697,CURRENT_02_CANDIDATE
ST020,ST054,6.465999999999999,11.138,1.7225487163625117,CURRENT_02_CANDIDATE
ST020,ST055,7.845,8.288,1.0564690885914596,CURRENT_02_CANDIDATE
ST021,ST022,0.983,9.708,9.87589013224822,CURRENT_02_CANDIDATE
ST021,ST023,5.955,8.437,1.4167926112510494,CURRENT_02_CANDIDATE
ST021,ST024,19.531,32.242,1.650811530387589,CURRENT_02_CANDIDATE
ST021,ST025,18.965,32.018,1.6882678618507778,CURRENT_02_CANDIDATE
ST021,ST026,17.558999999999997,24.567999999999998,1.3991685175693378,CURRENT_02_CANDIDATE
ST021,ST027,17.182,28.066999999999997,1.6335118146897916,CURRENT_02_CANDIDATE
ST021,ST028,17.688000000000002,27.082,1.531094527363184,CURRENT_02_CANDIDATE
ST021,ST029,14.374,19.067,1.3264922777236676,CURRENT_02_CANDIDATE
ST021,ST030,12.29,23.852,1.940764849471115,CURRENT_02_CANDIDATE
ST021,ST031,9.293,17.09,1.8390186161627033,CURRENT_02_CANDIDATE
ST021,ST032,3.877,6.814,1.7575444931648183,CURRENT_02_CANDIDATE
ST021,ST033,5.896,8.284,1.405020352781547,CURRENT_02_CANDIDATE
ST021,ST034,11.283,14.471,1.2825489674731898,CURRENT_02_CANDIDATE
ST021,ST035,10.93,14.035,1.2840805123513266,CURRENT_02_CANDIDATE
ST021,ST036,11.574,28.956,2.5018144116122345,CURRENT_02_CANDIDATE
ST021,ST037,11.237,13.486999999999998,1.200231378481801,CURRENT_02_CANDIDATE
ST021,ST038,15.137,23.29,1.5386139922045319,CURRENT_02_CANDIDATE
ST021,ST039,14.837,23.387999999999998,1.5763294466536362,CURRENT_02_CANDIDATE
ST021,ST040,11.253,15.894,1.4124233537723274,CURRENT_02_CANDIDATE
ST021,ST041,15.645999999999999,25.078,1.6028377860155951,CURRENT_02_CANDIDATE
ST021,ST042,13.568,21.721,1.6008991745283019,CURRENT_02_CANDIDATE
ST021,ST043,6.354,8.601999999999999,1.3537928863707898,CURRENT_02_CANDIDATE
ST021,ST044,6.851,9.314,1.3595095606480805,CURRENT_02_CANDIDATE
ST021,ST045,5.683,7.930999999999999,1.3955657223297553,CURRENT_02_CANDIDATE
ST021,ST046,6.163,11.668,1.8932338147006327,CURRENT_02_CANDIDATE
ST021,ST047,3.762,6.01,1.5975544922913343,CURRENT_02_CANDIDATE
ST021,ST048,6.483,9.908999999999999,1.5284590467376213,CURRENT_02_CANDIDATE
ST021,ST049,3.415,11.312999999999999,3.312737920937042,CURRENT_02_CANDIDATE
ST021,ST050,3.8,9.305,2.448684210526316,CURRENT_02_CANDIDATE
ST021,ST051,14.762,23.793,1.61177347242921,CURRENT_02_CANDIDATE
ST021,ST052,11.982999999999999,23.332,1.9470917132604526,CURRENT_02_CANDIDATE
ST021,ST053,0.374,6.353,16.98663101604278,CURRENT_02_CANDIDATE
ST021,ST054,7.25,10.852,1.4968275862068965,CURRENT_02_CANDIDATE
ST021,ST055,2.96,8.551,2.8888513513513514,CURRENT_02_CANDIDATE
ST022,ST023,6.145,10.408999999999999,1.6938974776240845,CURRENT_02_CANDIDATE
ST022,ST024,19.487000000000002,30.583999999999996,1.5694565607841122,CURRENT_02_CANDIDATE
ST022,ST025,18.921,30.359999999999996,1.6045663548438243,CURRENT_02_CANDIDATE
ST022,ST026,18.333,22.909999999999997,1.249659084710631,CURRENT_02_CANDIDATE
ST022,ST027,17.956,26.408999999999995,1.4707618623301402,CURRENT_02_CANDIDATE
ST022,ST028,17.878,25.424,1.4220830070477681,CURRENT_02_CANDIDATE
ST022,ST029,14.564,17.409,1.1953446855259544,CURRENT_02_CANDIDATE
ST022,ST030,12.329,22.194,1.8001459972422742,CURRENT_02_CANDIDATE
ST022,ST031,9.249,15.506,1.6765055681695318,CURRENT_02_CANDIDATE
ST022,ST032,2.894,2.894,1.0,CURRENT_02_CANDIDATE
ST022,ST033,4.913,4.975,1.012619580704254,CURRENT_02_CANDIDATE
ST022,ST034,11.239,12.975999999999999,1.1545511166473883,CURRENT_02_CANDIDATE
ST022,ST035,10.886,12.54,1.1519382693367628,CURRENT_02_CANDIDATE
ST022,ST036,11.53,27.298,2.367562879444926,CURRENT_02_CANDIDATE
ST022,ST037,11.195,11.992,1.0711924966502904,CURRENT_02_CANDIDATE
ST022,ST038,15.093,21.631999999999998,1.433247200689061,CURRENT_02_CANDIDATE
ST022,ST039,14.793,21.729999999999997,1.4689380112215236,CURRENT_02_CANDIDATE
ST022,ST040,11.651,14.235999999999999,1.2218693674362715,CURRENT_02_CANDIDATE
ST022,ST041,15.602,23.419999999999998,1.5010896038969361,CURRENT_02_CANDIDATE
ST022,ST042,13.524000000000001,20.063,1.4835107956225966,CURRENT_02_CANDIDATE
ST022,ST043,5.95,5.989000000000001,1.0065546218487396,CURRENT_02_CANDIDATE
ST022,ST044,5.868,6.5729999999999995,1.1201431492842535,CURRENT_02_CANDIDATE
ST022,ST045,5.639,6.436,1.1413371165100195,CURRENT_02_CANDIDATE
ST022,ST046,6.936999999999999,9.528,1.3735043967132767,CURRENT_02_CANDIDATE
ST022,ST047,4.352,4.352,1.0,CURRENT_02_CANDIDATE
ST022,ST048,6.439,7.296000000000001,1.1330952011181863,CURRENT_02_CANDIDATE
ST022,ST049,2.432,2.432,1.0,CURRENT_02_CANDIDATE
ST022,ST050,4.574,7.165,1.5664626147791867,CURRENT_02_CANDIDATE
ST022,ST051,14.952,22.134999999999998,1.4804039593365435,CURRENT_02_CANDIDATE
ST022,ST052,11.939,21.674,1.8153949241980065,CURRENT_02_CANDIDATE
ST022,ST053,1.357,8.325,6.134856300663227,CURRENT_02_CANDIDATE
ST022,ST054,8.024,9.193999999999999,1.1458125623130608,CURRENT_02_CANDIDATE
ST022,ST055,1.977,1.977,1.0,CURRENT_02_CANDIDATE
ST023,ST024,13.969,32.943,2.3582933638771566,CURRENT_02_CANDIDATE
ST023,ST025,13.403,32.719,2.4411698873386554,CURRENT_02_CANDIDATE
ST023,ST026,13.365,25.269,1.8906846240179571,CURRENT_02_CANDIDATE
ST023,ST027,13.083,28.767999999999997,2.1988840480012226,CURRENT_02_CANDIDATE
ST023,ST028,11.733,27.783,2.367936589107645,CURRENT_02_CANDIDATE
ST023,ST029,8.419,19.768,2.3480223304430456,CURRENT_02_CANDIDATE
ST023,ST030,6.811,24.553,3.604903832036412,CURRENT_02_CANDIDATE
ST023,ST031,3.731,17.791,4.768426695255964,CURRENT_02_CANDIDATE
ST023,ST032,4.753,7.515000000000001,1.5811066694719125,CURRENT_02_CANDIDATE
ST023,ST033,5.324,8.985,1.687640871525169,CURRENT_02_CANDIDATE
ST023,ST034,5.721,15.172,2.651983918895298,CURRENT_02_CANDIDATE
ST023,ST035,5.368,14.736,2.745156482861401,CURRENT_02_CANDIDATE
ST023,ST036,5.986,29.657,4.954393585031741,CURRENT_02_CANDIDATE
ST023,ST037,6.462,14.187999999999999,2.195605075827917,CURRENT_02_CANDIDATE
ST023,ST038,9.575,23.991,2.5055874673629246,CURRENT_02_CANDIDATE
ST023,ST039,9.274999999999999,24.089,2.5971967654986527,CURRENT_02_CANDIDATE
ST023,ST040,6.133,16.595,2.7058535789988585,CURRENT_02_CANDIDATE
ST023,ST041,11.2,25.779,2.3016964285714288,CURRENT_02_CANDIDATE
ST023,ST042,8.006,22.422,2.800649512865351,CURRENT_02_CANDIDATE
ST023,ST043,3.061,9.302999999999999,3.039202874877491,CURRENT_02_CANDIDATE
ST023,ST044,3.74,10.015,2.677807486631016,CURRENT_02_CANDIDATE
ST023,ST045,2.5229999999999997,8.632,3.421323820848197,CURRENT_02_CANDIDATE
ST023,ST046,2.045,12.368999999999998,6.048410757946209,CURRENT_02_CANDIDATE
ST023,ST047,3.166,6.711,2.1197094125078966,CURRENT_02_CANDIDATE
ST023,ST048,2.402,10.61,4.417152373022481,CURRENT_02_CANDIDATE
ST023,ST049,8.577,12.014,1.4007228634720763,CURRENT_02_CANDIDATE
ST023,ST050,2.437,10.005999999999998,4.105867870332376,CURRENT_02_CANDIDATE
ST023,ST051,8.807,24.494,2.781196775292381,CURRENT_02_CANDIDATE
ST023,ST052,6.420999999999999,24.033,3.7428749415978824,CURRENT_02_CANDIDATE
ST023,ST053,6.329,7.054,1.114552061937115,CURRENT_02_CANDIDATE
ST023,ST054,3.1319999999999997,11.553,3.6886973180076637,CURRENT_02_CANDIDATE
ST023,ST055,8.122,9.251999999999999,1.1391282935237625,CURRENT_02_CANDIDATE
ST024,ST025,1.561,6.234,3.9935938500960924,CURRENT_02_CANDIDATE
ST024,ST026,11.521,25.022,2.1718600815901397,CURRENT_02_CANDIDATE
ST024,ST027,11.857,28.520999999999997,2.405414523066543,CURRENT_02_CANDIDATE
ST024,ST028,7.811,27.536,3.525284854692101,CURRENT_02_CANDIDATE
ST024,ST029,7.1290000000000004,13.175,1.8480852854537804,CURRENT_02_CANDIDATE
ST024,ST030,8.431,17.96,2.1302336614873685,CURRENT_02_CANDIDATE
ST024,ST031,10.238,29.185,2.8506544246923227,CURRENT_02_CANDIDATE
ST024,ST032,17.619,29.111,1.6522504114875987,CURRENT_02_CANDIDATE
ST024,ST033,16.986,31.192,1.8363358059578476,CURRENT_02_CANDIDATE
ST024,ST034,11.466,38.977,3.3993546136403276,CURRENT_02_CANDIDATE
ST024,ST035,11.24,38.541,3.4289145907473304,CURRENT_02_CANDIDATE
ST024,ST036,10.632,23.064,2.1693002257336342,CURRENT_02_CANDIDATE
ST024,ST037,11.108,37.992999999999995,3.4203276917536902,CURRENT_02_CANDIDATE
ST024,ST038,7.022,17.398,2.477641697522073,CURRENT_02_CANDIDATE
ST024,ST039,6.775,17.496000000000002,2.5824354243542436,CURRENT_02_CANDIDATE
ST024,ST040,8.768,16.348,1.8645072992700726,CURRENT_02_CANDIDATE
ST024,ST041,6.62,7.164,1.0821752265861027,CURRENT_02_CANDIDATE
ST024,ST042,6.281,10.521,1.6750517433529695,CURRENT_02_CANDIDATE
ST024,ST043,15.137,32.206,2.1276342736341416,CURRENT_02_CANDIDATE
ST024,ST044,15.871,32.79,2.066032386113036,CURRENT_02_CANDIDATE
ST024,ST045,14.638000000000002,32.437,2.2159448012023497,CURRENT_02_CANDIDATE
ST024,ST046,14.059999999999999,22.477,1.5986486486486489,CURRENT_02_CANDIDATE
ST024,ST047,16.852,26.232,1.5566104913363399,CURRENT_02_CANDIDATE
ST024,ST048,14.478000000000002,33.513000000000005,2.3147534189805223,CURRENT_02_CANDIDATE
ST024,ST049,21.919,33.016,1.5062730964003832,CURRENT_02_CANDIDATE
ST024,ST050,16.221,24.84,1.5313482522655817,CURRENT_02_CANDIDATE
ST024,ST051,5.421,12.593,2.323003135952776,CURRENT_02_CANDIDATE
ST024,ST052,7.911,17.44,2.2045253444570854,CURRENT_02_CANDIDATE
ST024,ST053,19.904999999999998,30.858999999999998,1.5503139914594324,CURRENT_02_CANDIDATE
ST024,ST054,12.972999999999999,21.39,1.648809064981115,CURRENT_02_CANDIDATE
ST024,ST055,21.464000000000002,32.561,1.517005218039508,CURRENT_02_CANDIDATE
ST025,ST026,10.588000000000001,24.798000000000002,2.3420853796751038,CURRENT_02_CANDIDATE
ST025,ST027,10.924,28.297,2.590351519589894,CURRENT_02_CANDIDATE
ST025,ST028,6.878,27.312000000000005,3.9709217795870897,CURRENT_02_CANDIDATE
ST025,ST029,6.563000000000001,12.951,1.973335364924577,CURRENT_02_CANDIDATE
ST025,ST030,7.865,17.736,2.2550540368722185,CURRENT_02_CANDIDATE
ST025,ST031,9.672,28.961000000000002,2.994313482216708,CURRENT_02_CANDIDATE
ST025,ST032,17.395,28.887000000000004,1.6606496119574594,CURRENT_02_CANDIDATE
ST025,ST033,16.919,30.968000000000004,1.830368225072404,CURRENT_02_CANDIDATE
ST025,ST034,10.9,38.753,3.555321100917431,CURRENT_02_CANDIDATE
ST025,ST035,10.674,38.317,3.589750796327525,CURRENT_02_CANDIDATE
ST025,ST036,10.066,22.84,2.26902443870455,CURRENT_02_CANDIDATE
ST025,ST037,10.542,37.769,3.582716752039461,CURRENT_02_CANDIDATE
ST025,ST038,6.274,17.174,2.7373286579534586,CURRENT_02_CANDIDATE
ST025,ST039,6.209,17.272,2.7817684007086485,CURRENT_02_CANDIDATE
ST025,ST040,8.202,16.124000000000002,1.9658619848817365,CURRENT_02_CANDIDATE
ST025,ST041,6.054,6.9399999999999995,1.1463495209778658,CURRENT_02_CANDIDATE
ST025,ST042,5.715,10.297,1.8017497812773404,CURRENT_02_CANDIDATE
ST025,ST043,14.745,31.982000000000003,2.1690064428619875,CURRENT_02_CANDIDATE
ST025,ST044,15.479,32.566,2.103882679759675,CURRENT_02_CANDIDATE
ST025,ST045,14.246,32.213,2.261196125228134,CURRENT_02_CANDIDATE
ST025,ST046,13.835999999999999,22.253000000000004,1.608340560855739,CURRENT_02_CANDIDATE
ST025,ST047,16.286,26.008000000000003,1.5969544393958002,CURRENT_02_CANDIDATE
ST025,ST048,14.086,33.289,2.363268493539685,CURRENT_02_CANDIDATE
ST025,ST049,21.352999999999998,32.792,1.5357092680185456,CURRENT_02_CANDIDATE
ST025,ST050,15.655000000000001,24.616000000000003,1.5724049824337274,CURRENT_02_CANDIDATE
ST025,ST051,4.855,12.369,2.547682801235839,CURRENT_02_CANDIDATE
ST025,ST052,7.345,17.216,2.3439074200136147,CURRENT_02_CANDIDATE
ST025,ST053,19.339,30.635,1.584104658979265,CURRENT_02_CANDIDATE
ST025,ST054,12.748999999999999,21.166000000000004,1.6602086438152017,CURRENT_02_CANDIDATE
ST025,ST055,20.898,32.337,1.5473729543496988,CURRENT_02_CANDIDATE
ST026,ST027,0.457,3.4989999999999997,7.6564551422319465,CURRENT_02_CANDIDATE
ST026,ST028,3.71,4.954,1.335309973045822,CURRENT_02_CANDIDATE
ST026,ST029,6.175,11.847,1.9185425101214575,CURRENT_02_CANDIDATE
ST026,ST030,8.776,16.631999999999998,1.8951686417502276,CURRENT_02_CANDIDATE
ST026,ST031,9.634,21.511,2.2328212580444258,CURRENT_02_CANDIDATE
ST026,ST032,17.404,21.437,1.2317283383130315,CURRENT_02_CANDIDATE
ST026,ST033,16.802,23.518,1.3997143197238424,CURRENT_02_CANDIDATE
ST026,ST034,13.008,31.302999999999997,2.4064421894218944,CURRENT_02_CANDIDATE
ST026,ST035,12.655,30.866999999999997,2.4391149743184513,CURRENT_02_CANDIDATE
ST026,ST036,13.273,21.736,1.6376101860920667,CURRENT_02_CANDIDATE
ST026,ST037,13.748999999999999,30.319,2.205178558440614,CURRENT_02_CANDIDATE
ST026,ST038,9.348,16.07,1.7190842961061188,CURRENT_02_CANDIDATE
ST026,ST039,9.446,16.168,1.7116239678170655,CURRENT_02_CANDIDATE
ST026,ST040,7.43,8.674,1.16742934051144,CURRENT_02_CANDIDATE
ST026,ST041,9.312999999999999,17.858,1.9175346290132076,CURRENT_02_CANDIDATE
ST026,ST042,7.779,14.501,1.864121352358915,CURRENT_02_CANDIDATE
ST026,ST043,14.469999999999999,24.532,1.6953697304768487,CURRENT_02_CANDIDATE
ST026,ST044,15.203999999999999,25.116,1.6519337016574587,CURRENT_02_CANDIDATE
ST026,ST045,13.998,24.762999999999998,1.769038434062009,CURRENT_02_CANDIDATE
ST026,ST046,11.795,14.802999999999999,1.2550233149639678,CURRENT_02_CANDIDATE
ST026,ST047,14.364,18.558,1.2919799498746867,CURRENT_02_CANDIDATE
ST026,ST048,13.811,25.839,1.8709000072406052,CURRENT_02_CANDIDATE
ST026,ST049,19.601,25.342,1.292893219733687,CURRENT_02_CANDIDATE
ST026,ST050,13.759,17.166,1.247619739806672,CURRENT_02_CANDIDATE
ST026,ST051,7.587,16.573,2.1843943587715833,CURRENT_02_CANDIDATE
ST026,ST052,8.850999999999999,16.112,1.8203592814371257,CURRENT_02_CANDIDATE
ST026,ST053,17.837,23.185,1.2998262039580646,CURRENT_02_CANDIDATE
ST026,ST054,10.708,13.716,1.2809114680612625,CURRENT_02_CANDIDATE
ST026,ST055,19.146,24.887,1.2998537553535987,CURRENT_02_CANDIDATE
ST027,ST028,4.046,8.453,2.089223924864063,CURRENT_02_CANDIDATE
ST027,ST029,6.511,15.345999999999998,2.356934418676086,CURRENT_02_CANDIDATE
ST027,ST030,8.605,20.131,2.339453805926787,CURRENT_02_CANDIDATE
ST027,ST031,9.97,25.009999999999994,2.50852557673019,CURRENT_02_CANDIDATE
ST027,ST032,17.027,24.935999999999996,1.4644975626945436,CURRENT_02_CANDIDATE
ST027,ST033,17.138,27.016999999999996,1.576438324191854,CURRENT_02_CANDIDATE
ST027,ST034,12.837,34.80199999999999,2.711069564540001,CURRENT_02_CANDIDATE
ST027,ST035,12.484,34.36599999999999,2.752803588593399,CURRENT_02_CANDIDATE
ST027,ST036,13.102,25.235,1.9260418256754692,CURRENT_02_CANDIDATE
ST027,ST037,13.578,33.81799999999999,2.4906466342613043,CURRENT_02_CANDIDATE
ST027,ST038,9.684,19.569,2.020755885997522,CURRENT_02_CANDIDATE
ST027,ST039,9.782,19.666999999999998,2.0105295440605193,CURRENT_02_CANDIDATE
ST027,ST040,7.766,12.172999999999998,1.5674736028843674,CURRENT_02_CANDIDATE
ST027,ST041,9.582,21.357,2.228866624921728,CURRENT_02_CANDIDATE
ST027,ST042,8.115,18.0,2.2181146025878005,CURRENT_02_CANDIDATE
ST027,ST043,14.806000000000001,28.030999999999995,1.8932189652843436,CURRENT_02_CANDIDATE
ST027,ST044,15.540000000000001,28.614999999999995,1.841377091377091,CURRENT_02_CANDIDATE
ST027,ST045,14.334,28.261999999999993,1.971675736012278,CURRENT_02_CANDIDATE
ST027,ST046,11.418,18.301999999999996,1.6029076896128918,CURRENT_02_CANDIDATE
ST027,ST047,13.986999999999998,22.056999999999995,1.5769643240151567,CURRENT_02_CANDIDATE
ST027,ST048,14.147,29.337999999999994,2.07379656464268,CURRENT_02_CANDIDATE
ST027,ST049,19.224,28.840999999999994,1.500260091552226,CURRENT_02_CANDIDATE
ST027,ST050,13.382,20.664999999999996,1.5442385293678071,CURRENT_02_CANDIDATE
ST027,ST051,7.923,20.072,2.533383819260381,CURRENT_02_CANDIDATE
ST027,ST052,8.68,19.610999999999997,2.259331797235023,CURRENT_02_CANDIDATE
ST027,ST053,17.46,26.683999999999994,1.5282932416953032,CURRENT_02_CANDIDATE
ST027,ST054,10.331,17.214999999999996,1.6663440131642626,CURRENT_02_CANDIDATE
ST027,ST055,18.769,28.385999999999996,1.512387447386648,CURRENT_02_CANDIDATE
ST028,ST029,5.556,14.360999999999999,2.5847732181425482,CURRENT_02_CANDIDATE
ST028,ST030,8.229,19.146,2.326649653663872,CURRENT_02_CANDIDATE
ST028,ST031,9.015,24.024999999999995,2.6650027731558508,CURRENT_02_CANDIDATE
ST028,ST032,15.815,23.950999999999997,1.5144483085678153,CURRENT_02_CANDIDATE
ST028,ST033,15.674999999999999,26.031999999999996,1.6607336523125995,CURRENT_02_CANDIDATE
ST028,ST034,12.461,33.81699999999999,2.7138271406789176,CURRENT_02_CANDIDATE
ST028,ST035,12.108,33.38099999999999,2.7569375619425167,CURRENT_02_CANDIDATE
ST028,ST036,12.383,24.25,1.958329968505209,CURRENT_02_CANDIDATE
ST028,ST037,12.859,32.83299999999999,2.5533089664826183,CURRENT_02_CANDIDATE
ST028,ST038,8.65,18.584,2.1484393063583815,CURRENT_02_CANDIDATE
ST028,ST039,8.698,18.682,2.1478500804782708,CURRENT_02_CANDIDATE
ST028,ST040,6.811,11.187999999999999,1.6426369108794596,CURRENT_02_CANDIDATE
ST028,ST041,7.951,20.372,2.5621934347880773,CURRENT_02_CANDIDATE
ST028,ST042,7.16,17.015,2.3763966480446927,CURRENT_02_CANDIDATE
ST028,ST043,13.353,27.045999999999996,2.025462442896727,CURRENT_02_CANDIDATE
ST028,ST044,14.087,27.629999999999995,1.9613828352381626,CURRENT_02_CANDIDATE
ST028,ST045,12.880999999999998,27.276999999999994,2.1176150919959627,CURRENT_02_CANDIDATE
ST028,ST046,12.459,17.316999999999997,1.3899189341038605,CURRENT_02_CANDIDATE
ST028,ST047,14.899,21.071999999999996,1.4143231089334853,CURRENT_02_CANDIDATE
ST028,ST048,12.693999999999999,28.352999999999994,2.233574917283756,CURRENT_02_CANDIDATE
ST028,ST049,20.31,27.855999999999995,1.3715411127523385,CURRENT_02_CANDIDATE
ST028,ST050,14.17,19.679999999999996,1.3888496824276637,CURRENT_02_CANDIDATE
ST028,ST051,6.968,19.087,2.7392365097588978,CURRENT_02_CANDIDATE
ST028,ST052,8.304,18.625999999999998,2.2430154142581884,CURRENT_02_CANDIDATE
ST028,ST053,18.062,25.698999999999995,1.422821392979736,CURRENT_02_CANDIDATE
ST028,ST054,11.372,16.229999999999997,1.4271895884628911,CURRENT_02_CANDIDATE
ST028,ST055,19.855,27.400999999999996,1.3800554016620497,CURRENT_02_CANDIDATE
ST029,ST030,4.785,4.785,1.0,CURRENT_02_CANDIDATE
ST029,ST031,5.377,16.009999999999998,2.9774967453970613,CURRENT_02_CANDIDATE
ST029,ST032,12.501,15.936,1.2747780177585795,CURRENT_02_CANDIDATE
ST029,ST033,12.064,18.017,1.4934515915119362,CURRENT_02_CANDIDATE
ST029,ST034,8.536,25.801999999999996,3.0227272727272725,CURRENT_02_CANDIDATE
ST029,ST035,8.1,25.365999999999996,3.1316049382716047,CURRENT_02_CANDIDATE
ST029,ST036,8.009,9.889,1.2347359220876513,CURRENT_02_CANDIDATE
ST029,ST037,8.485,24.817999999999998,2.924926340601061,CURRENT_02_CANDIDATE
ST029,ST038,4.223,4.223,1.0,CURRENT_02_CANDIDATE
ST029,ST039,4.321,4.321,1.0,CURRENT_02_CANDIDATE
ST029,ST040,3.173,3.173,1.0,CURRENT_02_CANDIDATE
ST029,ST041,3.138,6.011,1.915551306564691,CURRENT_02_CANDIDATE
ST029,ST042,2.654,2.654,1.0,CURRENT_02_CANDIDATE
ST029,ST043,9.732,19.031,1.95550760378134,CURRENT_02_CANDIDATE
ST029,ST044,10.466,19.615,1.8741639594878654,CURRENT_02_CANDIDATE
ST029,ST045,9.233,19.261999999999997,2.08621249864616,CURRENT_02_CANDIDATE
ST029,ST046,8.821,9.302,1.054528964969958,CURRENT_02_CANDIDATE
ST029,ST047,11.332,13.056999999999999,1.1522237910342392,CURRENT_02_CANDIDATE
ST029,ST048,9.073,20.337999999999997,2.2415959440096986,CURRENT_02_CANDIDATE
ST029,ST049,16.996,19.840999999999998,1.1673923276064957,CURRENT_02_CANDIDATE
ST029,ST050,10.626000000000001,11.665,1.097779032561641,CURRENT_02_CANDIDATE
ST029,ST051,1.708,4.726,2.7669789227166275,CURRENT_02_CANDIDATE
ST029,ST052,4.265,4.265,1.0,CURRENT_02_CANDIDATE
ST029,ST053,14.748000000000001,17.683999999999997,1.1990778410631948,CURRENT_02_CANDIDATE
ST029,ST054,7.734,8.215,1.0621929144039306,CURRENT_02_CANDIDATE
ST029,ST055,16.519,19.386,1.1735577214117079,CURRENT_02_CANDIDATE
ST030,ST031,3.08,20.794999999999998,6.7516233766233755,CURRENT_02_CANDIDATE
ST030,ST032,9.897,20.721,2.0936647468929976,CURRENT_02_CANDIDATE
ST030,ST033,9.757,22.802,2.336988828533361,CURRENT_02_CANDIDATE
ST030,ST034,5.062,30.586999999999996,6.042473330699328,CURRENT_02_CANDIDATE
ST030,ST035,4.626,30.150999999999996,6.517725897103328,CURRENT_02_CANDIDATE
ST030,ST036,5.244000000000001,14.674000000000001,2.7982456140350878,CURRENT_02_CANDIDATE
ST030,ST037,5.720000000000001,29.602999999999998,5.175349650349649,CURRENT_02_CANDIDATE
ST030,ST038,3.282,9.008,2.74466788543571,CURRENT_02_CANDIDATE
ST030,ST039,3.38,9.106,2.6940828402366863,CURRENT_02_CANDIDATE
ST030,ST040,1.629,7.958,4.885205647636587,CURRENT_02_CANDIDATE
ST030,ST041,5.759,10.796,1.874631012328529,CURRENT_02_CANDIDATE
ST030,ST042,2.893,7.439,2.5713791911510544,CURRENT_02_CANDIDATE
ST030,ST043,7.435,23.816,3.2032279757901816,CURRENT_02_CANDIDATE
ST030,ST044,8.169,24.4,2.9869017015546575,CURRENT_02_CANDIDATE
ST030,ST045,6.936,24.046999999999997,3.466983852364475,CURRENT_02_CANDIDATE
ST030,ST046,6.526,14.087,2.1585963836959854,CURRENT_02_CANDIDATE
ST030,ST047,9.219,17.842,1.9353509057381495,CURRENT_02_CANDIDATE
ST030,ST048,6.776,25.122999999999998,3.7076446280991733,CURRENT_02_CANDIDATE
ST030,ST049,14.396,24.625999999999998,1.7106140594609611,CURRENT_02_CANDIDATE
ST030,ST050,8.49,16.45,1.9375736160188455,CURRENT_02_CANDIDATE
ST030,ST051,4.0809999999999995,9.511,2.3305562362166135,CURRENT_02_CANDIDATE
ST030,ST052,0.791,9.05,11.441213653603034,CURRENT_02_CANDIDATE
ST030,ST053,12.664,22.468999999999998,1.7742419456727732,CURRENT_02_CANDIDATE
ST030,ST054,5.439,13.0,2.3901452472881046,CURRENT_02_CANDIDATE
ST030,ST055,14.224,24.171,1.6993110236220472,CURRENT_02_CANDIDATE
ST031,ST032,7.813,14.538999999999998,1.8608729041341352,CURRENT_02_CANDIDATE
ST031,ST033,7.673,16.619999999999997,2.1660367522481425,CURRENT_02_CANDIDATE
ST031,ST034,6.03,23.824999999999996,3.9510779436152563,CURRENT_02_CANDIDATE
ST031,ST035,5.677,23.388999999999996,4.119957724150079,CURRENT_02_CANDIDATE
ST031,ST036,6.321,25.898999999999997,4.097294731846227,CURRENT_02_CANDIDATE
ST031,ST037,6.771,22.840999999999998,3.3733569635208975,CURRENT_02_CANDIDATE
ST031,ST038,5.844,20.232999999999997,3.462183436002737,CURRENT_02_CANDIDATE
ST031,ST039,5.5440000000000005,20.330999999999996,3.6672077922077913,CURRENT_02_CANDIDATE
ST031,ST040,2.402,12.837,5.344296419650291,CURRENT_02_CANDIDATE
ST031,ST041,7.632000000000001,22.020999999999997,2.885351153039832,CURRENT_02_CANDIDATE
ST031,ST042,4.275,18.663999999999998,4.365847953216373,CURRENT_02_CANDIDATE
ST031,ST043,5.351,17.633999999999997,3.2954587927490184,CURRENT_02_CANDIDATE
ST031,ST044,6.085,18.217999999999996,2.9939194741166797,CURRENT_02_CANDIDATE
ST031,ST045,4.879,17.284999999999997,3.5427341668374663,CURRENT_02_CANDIDATE
ST031,ST046,5.3629999999999995,8.882,1.6561625955621855,CURRENT_02_CANDIDATE
ST031,ST047,6.614,11.154,1.6864227396431812,CURRENT_02_CANDIDATE
ST031,ST048,4.692,18.940999999999995,4.036871270247228,CURRENT_02_CANDIDATE
ST031,ST049,11.681000000000001,17.938,1.535656193819022,CURRENT_02_CANDIDATE
ST031,ST050,6.08,10.267999999999999,1.688815789473684,CURRENT_02_CANDIDATE
ST031,ST051,6.074,20.735999999999997,3.4138952914059923,CURRENT_02_CANDIDATE
ST031,ST052,2.69,20.275,7.537174721189591,CURRENT_02_CANDIDATE
ST031,ST053,9.667,15.706999999999997,1.624806041170994,CURRENT_02_CANDIDATE
ST031,ST054,4.873,7.795,1.5996306176893083,CURRENT_02_CANDIDATE
ST031,ST055,11.226,17.483,1.5573668270087297,CURRENT_02_CANDIDATE
ST032,ST033,2.081,2.081,1.0,CURRENT_02_CANDIDATE
ST032,ST034,9.083,10.082,1.109985687548167,CURRENT_02_CANDIDATE
ST032,ST035,8.73,9.646,1.104925544100802,CURRENT_02_CANDIDATE
ST032,ST036,9.146,25.825,2.823638749179969,CURRENT_02_CANDIDATE
ST032,ST037,8.458,9.097999999999999,1.0756680066209505,CURRENT_02_CANDIDATE
ST032,ST038,13.179,20.159,1.5296304727217542,CURRENT_02_CANDIDATE
ST032,ST039,12.833,20.256999999999998,1.5785085326891606,CURRENT_02_CANDIDATE
ST032,ST040,10.11,12.763,1.2624134520276955,CURRENT_02_CANDIDATE
ST032,ST041,13.504999999999999,21.947,1.62510181414291,CURRENT_02_CANDIDATE
ST032,ST042,12.014999999999999,18.59,1.5472326258843114,CURRENT_02_CANDIDATE
ST032,ST043,3.095,3.095,1.0,CURRENT_02_CANDIDATE
ST032,ST044,3.013,3.6790000000000003,1.221042150680385,CURRENT_02_CANDIDATE
ST032,ST045,3.542,3.542,1.0,CURRENT_02_CANDIDATE
ST032,ST046,6.177,6.634,1.0739841346932169,CURRENT_02_CANDIDATE
ST032,ST047,4.347,4.347,1.0,CURRENT_02_CANDIDATE
ST032,ST048,4.266,4.402,1.0318799812470698,CURRENT_02_CANDIDATE
ST032,ST049,4.499,4.499,1.0,CURRENT_02_CANDIDATE
ST032,ST050,4.271,4.271,1.0,CURRENT_02_CANDIDATE
ST032,ST051,13.56,20.662,1.5237463126843656,CURRENT_02_CANDIDATE
ST032,ST052,10.503,20.201,1.9233552318385223,CURRENT_02_CANDIDATE
ST032,ST053,4.2509999999999994,5.431,1.2775817454716538,CURRENT_02_CANDIDATE
ST032,ST054,7.263999999999999,7.721,1.0629129955947139,CURRENT_02_CANDIDATE
ST032,ST055,4.731,4.871,1.0295920524202073,CURRENT_02_CANDIDATE
ST033,ST034,7.5809999999999995,9.521,1.2559029151826937,CURRENT_02_CANDIDATE
ST033,ST035,7.497,9.085,1.2118180605575566,CURRENT_02_CANDIDATE
ST033,ST036,7.0649999999999995,27.906,3.9498938428874735,CURRENT_02_CANDIDATE
ST033,ST037,6.377,8.536999999999999,1.3387172651717107,CURRENT_02_CANDIDATE
ST033,ST038,11.114,22.24,2.0010797192729886,CURRENT_02_CANDIDATE
ST033,ST039,11.212,22.338,1.9923296468069926,CURRENT_02_CANDIDATE
ST033,ST040,9.372,14.844,1.583866837387964,CURRENT_02_CANDIDATE
ST033,ST041,12.767,24.028,1.8820396334299365,CURRENT_02_CANDIDATE
ST033,ST042,11.361999999999998,20.671,1.819309980637212,CURRENT_02_CANDIDATE
ST033,ST043,2.332,2.332,1.0,CURRENT_02_CANDIDATE
ST033,ST044,1.598,1.598,1.0,CURRENT_02_CANDIDATE
ST033,ST045,2.981,2.981,1.0,CURRENT_02_CANDIDATE
ST033,ST046,7.273,8.715,1.1982675649663137,CURRENT_02_CANDIDATE
ST033,ST047,5.588,6.428000000000001,1.150322118826056,CURRENT_02_CANDIDATE
ST033,ST048,3.606,3.608,1.0005546311702718,CURRENT_02_CANDIDATE
ST033,ST049,6.473,6.58,1.0165302023791132,CURRENT_02_CANDIDATE
ST033,ST050,5.79,6.352,1.09706390328152,CURRENT_02_CANDIDATE
ST033,ST051,13.406,22.743,1.6964791884230939,CURRENT_02_CANDIDATE
ST033,ST052,10.022,22.282,2.2233087208142086,CURRENT_02_CANDIDATE
ST033,ST053,6.235,6.901,1.1068163592622293,CURRENT_02_CANDIDATE
ST033,ST054,8.36,9.802,1.172488038277512,CURRENT_02_CANDIDATE
ST033,ST055,6.669,6.952,1.0424351476983056,CURRENT_02_CANDIDATE
ST034,ST035,0.462,12.644,27.36796536796537,CURRENT_02_CANDIDATE
ST034,ST036,0.834,35.691,42.79496402877698,CURRENT_02_CANDIDATE
ST034,ST037,1.204,12.096,10.046511627906977,CURRENT_02_CANDIDATE
ST034,ST038,5.716,30.025,5.252799160251924,CURRENT_02_CANDIDATE
ST034,ST039,5.814,30.122999999999998,5.181114551083591,CURRENT_02_CANDIDATE
ST034,ST040,6.322,22.628999999999998,3.579405251502689,CURRENT_02_CANDIDATE
ST034,ST041,9.239,31.813,3.443338023595627,CURRENT_02_CANDIDATE
ST034,ST042,6.53,28.456,4.357733537519143,CURRENT_02_CANDIDATE
ST034,ST043,6.443,7.211,1.1191991308396712,CURRENT_02_CANDIDATE
ST034,ST044,6.398,7.923,1.2383557361675523,CURRENT_02_CANDIDATE
ST034,ST045,6.149,6.54,1.0635875752154822,CURRENT_02_CANDIDATE
ST034,ST046,6.911,16.716,2.4187527130661266,CURRENT_02_CANDIDATE
ST034,ST047,8.311,12.745,1.5335098062808326,CURRENT_02_CANDIDATE
ST034,ST048,5.962,8.518,1.4287151962428717,CURRENT_02_CANDIDATE
ST034,ST049,13.582,14.581,1.0735532322191135,CURRENT_02_CANDIDATE
ST034,ST050,7.605,14.353000000000002,1.887310979618672,CURRENT_02_CANDIDATE
ST034,ST051,7.654999999999999,30.528,3.9879817112998044,CURRENT_02_CANDIDATE
ST034,ST052,4.271,30.067,7.039803324748303,CURRENT_02_CANDIDATE
ST034,ST053,11.657,13.088,1.122758857338938,CURRENT_02_CANDIDATE
ST034,ST054,7.997999999999999,17.587,2.198924731182796,CURRENT_02_CANDIDATE
ST034,ST055,13.216000000000001,14.953000000000001,1.131431598062954,CURRENT_02_CANDIDATE
ST035,ST036,0.644,35.254999999999995,54.74378881987577,CURRENT_02_CANDIDATE
ST035,ST037,1.12,11.66,10.410714285714285,CURRENT_02_CANDIDATE
ST035,ST038,5.28,29.589,5.603977272727272,CURRENT_02_CANDIDATE
ST035,ST039,5.378,29.686999999999998,5.520081814801041,CURRENT_02_CANDIDATE
ST035,ST040,5.886,22.192999999999998,3.7704723071695545,CURRENT_02_CANDIDATE
ST035,ST041,8.803,31.377,3.5643530614563215,CURRENT_02_CANDIDATE
ST035,ST042,6.177,28.02,4.536182612918893,CURRENT_02_CANDIDATE
ST035,ST043,6.007,6.775,1.1278508406858667,CURRENT_02_CANDIDATE
ST035,ST044,6.03,7.487,1.241625207296849,CURRENT_02_CANDIDATE
ST035,ST045,5.796,6.104,1.0531400966183575,CURRENT_02_CANDIDATE
ST035,ST046,6.475,16.28,2.5142857142857147,CURRENT_02_CANDIDATE
ST035,ST047,7.875,12.309,1.563047619047619,CURRENT_02_CANDIDATE
ST035,ST048,5.609,8.082,1.440898555892316,CURRENT_02_CANDIDATE
ST035,ST049,13.229,14.145,1.0692418172197444,CURRENT_02_CANDIDATE
ST035,ST050,7.169,13.917000000000002,1.9412749337425028,CURRENT_02_CANDIDATE
ST035,ST051,7.218999999999999,30.092,4.168444382878516,CURRENT_02_CANDIDATE
ST035,ST052,3.835,29.631,7.726466753585398,CURRENT_02_CANDIDATE
ST035,ST053,11.304,12.652,1.1192498230714791,CURRENT_02_CANDIDATE
ST035,ST054,7.561999999999999,17.151,2.268050780216874,CURRENT_02_CANDIDATE
ST035,ST055,12.863,14.517000000000001,1.1285858664386226,CURRENT_02_CANDIDATE
ST036,ST037,0.688,34.706999999999994,50.446220930232556,CURRENT_02_CANDIDATE
ST036,ST038,5.221,14.112000000000002,2.7029304730894466,CURRENT_02_CANDIDATE
ST036,ST039,5.269,14.21,2.6969064338584174,CURRENT_02_CANDIDATE
ST036,ST040,6.5040000000000004,13.062000000000001,2.0083025830258303,CURRENT_02_CANDIDATE
ST036,ST041,9.421,15.900000000000002,1.687718925804055,CURRENT_02_CANDIDATE
ST036,ST042,6.573,12.543000000000001,1.908261068005477,CURRENT_02_CANDIDATE
ST036,ST043,6.146999999999999,28.919999999999998,4.70473401659346,CURRENT_02_CANDIDATE
ST036,ST044,6.17,29.503999999999998,4.781847649918962,CURRENT_02_CANDIDATE
ST036,ST045,6.244,29.150999999999996,4.668641896220371,CURRENT_02_CANDIDATE
ST036,ST046,7.093,19.191,2.705625264345129,CURRENT_02_CANDIDATE
ST036,ST047,8.493,22.945999999999998,2.701754385964912,CURRENT_02_CANDIDATE
ST036,ST048,6.227,30.226999999999997,4.854183394893206,CURRENT_02_CANDIDATE
ST036,ST049,13.538,29.729999999999997,2.196040774117299,CURRENT_02_CANDIDATE
ST036,ST050,7.787,21.554,2.7679465776293823,CURRENT_02_CANDIDATE
ST036,ST051,7.837,14.615000000000002,1.8648717621538857,CURRENT_02_CANDIDATE
ST036,ST052,4.453,14.154,3.178531327195149,CURRENT_02_CANDIDATE
ST036,ST053,11.948,27.572999999999997,2.3077502510880477,CURRENT_02_CANDIDATE
ST036,ST054,8.18,18.104,2.21320293398533,CURRENT_02_CANDIDATE
ST036,ST055,13.507,29.275,2.1673946842378027,CURRENT_02_CANDIDATE
ST037,ST038,4.967,29.040999999999997,5.8467888061203945,CURRENT_02_CANDIDATE
ST037,ST039,5.065,29.138999999999996,5.753010858835142,CURRENT_02_CANDIDATE
ST037,ST040,6.98,21.644999999999996,3.1010028653295123,CURRENT_02_CANDIDATE
ST037,ST041,9.274,30.828999999999997,3.3242398102221262,CURRENT_02_CANDIDATE
ST037,ST042,6.708,27.471999999999998,4.09540846750149,CURRENT_02_CANDIDATE
ST037,ST043,5.459,6.227,1.1406851071624842,CURRENT_02_CANDIDATE
ST037,ST044,5.482,6.939,1.2657789128055454,CURRENT_02_CANDIDATE
ST037,ST045,5.556,5.556,1.0,CURRENT_02_CANDIDATE
ST037,ST046,7.569,15.732,2.0784780023781213,CURRENT_02_CANDIDATE
ST037,ST047,8.163,11.761,1.4407693250030624,CURRENT_02_CANDIDATE
ST037,ST048,6.192,7.534000000000001,1.2167312661498708,CURRENT_02_CANDIDATE
ST037,ST049,12.85,13.596999999999998,1.0581322957198442,CURRENT_02_CANDIDATE
ST037,ST050,8.289,13.369,1.612860417420678,CURRENT_02_CANDIDATE
ST037,ST051,7.679,29.543999999999997,3.847375960411511,CURRENT_02_CANDIDATE
ST037,ST052,4.929,29.083,5.900385473726922,CURRENT_02_CANDIDATE
ST037,ST053,11.611,12.104,1.042459736456808,CURRENT_02_CANDIDATE
ST037,ST054,8.656,16.602999999999998,1.9180914972273564,CURRENT_02_CANDIDATE
ST037,ST055,12.948,13.969,1.078853877046648,CURRENT_02_CANDIDATE
ST038,ST039,1.349,8.544,6.33358042994811,CURRENT_02_CANDIDATE
ST038,ST040,4.911,7.396,1.5060069232335573,CURRENT_02_CANDIDATE
ST038,ST041,4.469,10.234,2.2899977623629444,CURRENT_02_CANDIDATE
ST038,ST042,2.385,6.877,2.8834381551362687,CURRENT_02_CANDIDATE
ST038,ST043,10.425999999999998,23.253999999999998,2.2303855745252257,CURRENT_02_CANDIDATE
ST038,ST044,10.449,23.837999999999997,2.281366637955785,CURRENT_02_CANDIDATE
ST038,ST045,10.218,23.484999999999996,2.2983949892346835,CURRENT_02_CANDIDATE
ST038,ST046,9.808,13.524999999999999,1.3789763458401303,CURRENT_02_CANDIDATE
ST038,ST047,12.458000000000002,17.279999999999998,1.387060523358484,CURRENT_02_CANDIDATE
ST038,ST048,10.058,24.560999999999996,2.4419367667528333,CURRENT_02_CANDIDATE
ST038,ST049,17.525,24.063999999999997,1.3731241084165478,CURRENT_02_CANDIDATE
ST038,ST050,11.772,15.887999999999998,1.349643221202854,CURRENT_02_CANDIDATE
ST038,ST051,3.27,8.949,2.736697247706422,CURRENT_02_CANDIDATE
ST038,ST052,3.367,8.488,2.520938520938521,CURRENT_02_CANDIDATE
ST038,ST053,15.511000000000001,21.906999999999996,1.4123525240152146,CURRENT_02_CANDIDATE
ST038,ST054,8.721,12.437999999999999,1.4262125902992775,CURRENT_02_CANDIDATE
ST038,ST055,17.07,23.608999999999998,1.38306971294669,CURRENT_02_CANDIDATE
ST039,ST040,4.905,7.494,1.5278287461773699,CURRENT_02_CANDIDATE
ST039,ST041,4.913,10.332,2.102992061876654,CURRENT_02_CANDIDATE
ST039,ST042,2.747,6.975,2.5391336002912266,CURRENT_02_CANDIDATE
ST039,ST043,9.797,23.351999999999997,2.383586812289476,CURRENT_02_CANDIDATE
ST039,ST044,9.82,23.935999999999996,2.437474541751527,CURRENT_02_CANDIDATE
ST039,ST045,9.894,23.583,2.383565797453002,CURRENT_02_CANDIDATE
ST039,ST046,9.905999999999999,13.623,1.3752271350696548,CURRENT_02_CANDIDATE
ST039,ST047,12.158000000000001,17.378,1.4293469320611942,CURRENT_02_CANDIDATE
ST039,ST048,9.913,24.658999999999995,2.4875416120246134,CURRENT_02_CANDIDATE
ST039,ST049,17.224999999999998,24.162,1.4027285921625545,CURRENT_02_CANDIDATE
ST039,ST050,11.624,15.985999999999999,1.375258086717137,CURRENT_02_CANDIDATE
ST039,ST051,3.723,9.047,2.4300295460650014,CURRENT_02_CANDIDATE
ST039,ST052,2.854,8.585999999999999,3.008409250175192,CURRENT_02_CANDIDATE
ST039,ST053,15.211,22.005,1.4466504503319966,CURRENT_02_CANDIDATE
ST039,ST054,8.818999999999999,12.536,1.4214763578637035,CURRENT_02_CANDIDATE
ST039,ST055,16.77,23.707,1.4136553369111509,CURRENT_02_CANDIDATE
ST040,ST041,6.311,9.184000000000001,1.45523688797338,CURRENT_02_CANDIDATE
ST040,ST042,3.46,5.827,1.6841040462427745,CURRENT_02_CANDIDATE
ST040,ST043,7.04,15.857999999999999,2.252556818181818,CURRENT_02_CANDIDATE
ST040,ST044,7.774,16.441999999999997,2.1149987136609205,CURRENT_02_CANDIDATE
ST040,ST045,6.568,16.089,2.4496041412911085,CURRENT_02_CANDIDATE
ST040,ST046,6.129,6.129,1.0,CURRENT_02_CANDIDATE
ST040,ST047,8.159,9.884,1.2114229685010418,CURRENT_02_CANDIDATE
ST040,ST048,6.381,17.165,2.690017238677323,CURRENT_02_CANDIDATE
ST040,ST049,14.083,16.668,1.183554640346517,CURRENT_02_CANDIDATE
ST040,ST050,7.453,8.491999999999999,1.1394069502213873,CURRENT_02_CANDIDATE
ST040,ST051,4.881,7.899,1.618315918869084,CURRENT_02_CANDIDATE
ST040,ST052,2.051,7.438,3.6265236470014623,CURRENT_02_CANDIDATE
ST040,ST053,11.627,14.511,1.2480433473810957,CURRENT_02_CANDIDATE
ST040,ST054,5.042,5.042,1.0,CURRENT_02_CANDIDATE
ST040,ST055,13.628,16.213,1.1896830055767538,CURRENT_02_CANDIDATE
ST041,ST042,3.357,3.357,1.0,CURRENT_02_CANDIDATE
ST041,ST043,10.435,25.042,2.3998083373263057,CURRENT_02_CANDIDATE
ST041,ST044,11.169,25.626,2.294386247649745,CURRENT_02_CANDIDATE
ST041,ST045,9.963,25.273,2.5366857372277427,CURRENT_02_CANDIDATE
ST041,ST046,9.524,15.313,1.6078328433431333,CURRENT_02_CANDIDATE
ST041,ST047,12.593,19.068,1.5141745414118957,CURRENT_02_CANDIDATE
ST041,ST048,9.776,26.349,2.6952741407528644,CURRENT_02_CANDIDATE
ST041,ST049,17.81,25.852,1.4515440763615948,CURRENT_02_CANDIDATE
ST041,ST050,11.886999999999999,17.676000000000002,1.4870026078909737,CURRENT_02_CANDIDATE
ST041,ST051,2.393,5.429,2.2687003760969495,CURRENT_02_CANDIDATE
ST041,ST052,4.968,10.276,2.0684380032206118,CURRENT_02_CANDIDATE
ST041,ST053,15.83,23.695,1.4968414403032217,CURRENT_02_CANDIDATE
ST041,ST054,8.437,14.226,1.686144364110466,CURRENT_02_CANDIDATE
ST041,ST055,17.222,25.397000000000002,1.4746835443037976,CURRENT_02_CANDIDATE
ST042,ST043,9.03,21.685,2.4014396456256923,CURRENT_02_CANDIDATE
ST042,ST044,9.764,22.269,2.2807251126587462,CURRENT_02_CANDIDATE
ST042,ST045,8.531,21.915999999999997,2.5689837064822405,CURRENT_02_CANDIDATE
ST042,ST046,8.121,11.956,1.4722324836842753,CURRENT_02_CANDIDATE
ST042,ST047,10.814,15.710999999999999,1.4528389125208063,CURRENT_02_CANDIDATE
ST042,ST048,8.371,22.991999999999997,2.746625253852586,CURRENT_02_CANDIDATE
ST042,ST049,15.956000000000001,22.494999999999997,1.4098144898470792,CURRENT_02_CANDIDATE
ST042,ST050,10.085,14.318999999999999,1.419831432821021,CURRENT_02_CANDIDATE
ST042,ST051,2.072,2.072,1.0,CURRENT_02_CANDIDATE
ST042,ST052,2.348,6.919,2.946763202725724,CURRENT_02_CANDIDATE
ST042,ST053,13.942,20.337999999999997,1.4587577105149905,CURRENT_02_CANDIDATE
ST042,ST054,7.034,10.869,1.5452089849303383,CURRENT_02_CANDIDATE
ST042,ST055,15.501000000000001,22.04,1.4218437520159988,CURRENT_02_CANDIDATE
ST043,ST044,0.734,0.734,1.0,CURRENT_02_CANDIDATE
ST043,ST045,0.671,0.671,1.0,CURRENT_02_CANDIDATE
ST043,ST046,4.974,9.729,1.9559710494571771,CURRENT_02_CANDIDATE
ST043,ST047,3.278,6.8759999999999994,2.097620500305064,CURRENT_02_CANDIDATE
ST043,ST048,1.307,1.307,1.0,CURRENT_02_CANDIDATE
ST043,ST049,7.593999999999999,7.593999999999999,1.0,CURRENT_02_CANDIDATE
ST043,ST050,3.48,7.366,2.1166666666666667,CURRENT_02_CANDIDATE
ST043,ST051,11.102,23.756999999999998,2.1398847054584755,CURRENT_02_CANDIDATE
ST043,ST052,7.723,23.296,3.016444386896284,CURRENT_02_CANDIDATE
ST043,ST053,6.728,7.218999999999999,1.0729785969084422,CURRENT_02_CANDIDATE
ST043,ST054,6.061,10.815999999999999,1.7845240059396137,CURRENT_02_CANDIDATE
ST043,ST055,7.8260000000000005,7.966000000000001,1.0178890876565296,CURRENT_02_CANDIDATE
ST044,ST045,1.383,1.383,1.0,CURRENT_02_CANDIDATE
ST044,ST046,5.675,10.313,1.8172687224669606,CURRENT_02_CANDIDATE
ST044,ST047,3.99,7.587999999999999,1.901754385964912,CURRENT_02_CANDIDATE
ST044,ST048,2.008,2.041,1.016434262948207,CURRENT_02_CANDIDATE
ST044,ST049,7.512,8.178,1.0886581469648564,CURRENT_02_CANDIDATE
ST044,ST050,4.192,7.95,1.896469465648855,CURRENT_02_CANDIDATE
ST044,ST051,11.808,24.341,2.061399051490515,CURRENT_02_CANDIDATE
ST044,ST052,8.424,23.880000000000003,2.834757834757835,CURRENT_02_CANDIDATE
ST044,ST053,6.997,7.930999999999999,1.133485779619837,CURRENT_02_CANDIDATE
ST044,ST054,6.762,11.4,1.6858917480035494,CURRENT_02_CANDIDATE
ST044,ST055,7.744,8.55,1.1040805785123968,CURRENT_02_CANDIDATE
ST045,ST046,4.467,10.176,2.2780389523169915,CURRENT_02_CANDIDATE
ST045,ST047,2.631,6.205,2.3584188521474725,CURRENT_02_CANDIDATE
ST045,ST048,0.8,1.978,2.4724999999999997,CURRENT_02_CANDIDATE
ST045,ST049,7.847,8.041,1.0247228240091755,CURRENT_02_CANDIDATE
ST045,ST050,2.833,7.813,2.757853865160607,CURRENT_02_CANDIDATE
ST045,ST051,10.603000000000002,23.988,2.262378572102235,CURRENT_02_CANDIDATE
ST045,ST052,7.23,23.527,3.2540802213001383,CURRENT_02_CANDIDATE
ST045,ST053,6.0569999999999995,6.548,1.081063232623411,CURRENT_02_CANDIDATE
ST045,ST054,5.553999999999999,11.047,1.9890169247389273,CURRENT_02_CANDIDATE
ST045,ST055,7.392,8.413,1.1381222943722944,CURRENT_02_CANDIDATE
ST046,ST047,3.069,5.929,1.931899641577061,CURRENT_02_CANDIDATE
ST046,ST048,3.667,11.036000000000001,3.009544586855741,CURRENT_02_CANDIDATE
ST046,ST049,8.306,11.133,1.3403563688899591,CURRENT_02_CANDIDATE
ST046,ST050,2.363,2.363,1.0,CURRENT_02_CANDIDATE
ST046,ST051,10.12,14.027999999999999,1.3861660079051383,CURRENT_02_CANDIDATE
ST046,ST052,7.317,13.567,1.8541752084187508,CURRENT_02_CANDIDATE
ST046,ST053,6.393,10.285,1.6087908650086031,CURRENT_02_CANDIDATE
ST046,ST054,1.087,1.087,1.0,CURRENT_02_CANDIDATE
ST046,ST055,7.851,11.505,1.465418418035919,CURRENT_02_CANDIDATE
ST047,ST048,3.431,8.183,2.385018944914019,CURRENT_02_CANDIDATE
ST047,ST049,6.569,6.784000000000001,1.0327294869843204,CURRENT_02_CANDIDATE
ST047,ST050,0.729,4.7,6.44718792866941,CURRENT_02_CANDIDATE
ST047,ST051,11.973,17.783,1.4852584982878143,CURRENT_02_CANDIDATE
ST047,ST052,9.304,17.322,1.861779879621668,CURRENT_02_CANDIDATE
ST047,ST053,3.916,4.627,1.1815628192032686,CURRENT_02_CANDIDATE
ST047,ST054,4.156,4.8420000000000005,1.1650625601539943,CURRENT_02_CANDIDATE
ST047,ST055,6.114,6.329000000000001,1.0351651946352634,CURRENT_02_CANDIDATE
ST048,ST049,8.647,8.901,1.0293743494853707,CURRENT_02_CANDIDATE
ST048,ST050,3.182,8.673,2.7256442489000627,CURRENT_02_CANDIDATE
ST048,ST051,10.443,25.064,2.4000766063391747,CURRENT_02_CANDIDATE
ST048,ST052,7.059,24.603,3.485337866553336,CURRENT_02_CANDIDATE
ST048,ST053,6.856999999999999,8.526,1.2434009041855039,CURRENT_02_CANDIDATE
ST048,ST054,4.754,12.123,2.5500631047538915,CURRENT_02_CANDIDATE
ST048,ST055,8.192,9.273,1.1319580078125,CURRENT_02_CANDIDATE
ST049,ST050,6.734,8.77,1.3023463023463022,CURRENT_02_CANDIDATE
ST049,ST051,17.384,24.567,1.4131960423377818,CURRENT_02_CANDIDATE
ST049,ST052,14.371,24.106,1.6774058868554729,CURRENT_02_CANDIDATE
ST049,ST053,3.789,9.93,2.620744259699129,CURRENT_02_CANDIDATE
ST049,ST054,9.392999999999999,11.626000000000001,1.237730224635367,CURRENT_02_CANDIDATE
ST049,ST055,0.676,4.409,6.522189349112425,CURRENT_02_CANDIDATE
ST050,ST051,11.244,16.391000000000002,1.4577552472429742,CURRENT_02_CANDIDATE
ST050,ST052,8.77,15.93,1.8164196123147094,CURRENT_02_CANDIDATE
ST050,ST053,4.1739999999999995,7.922000000000001,1.8979396262577868,CURRENT_02_CANDIDATE
ST050,ST054,3.45,3.45,1.0,CURRENT_02_CANDIDATE
ST050,ST055,6.177,9.142,1.4800064756354216,CURRENT_02_CANDIDATE
ST051,ST052,3.384,8.991,2.6569148936170213,CURRENT_02_CANDIDATE
ST051,ST053,15.136000000000001,22.409999999999997,1.4805761099365746,CURRENT_02_CANDIDATE
ST051,ST054,9.033,12.940999999999999,1.4326358906232701,CURRENT_02_CANDIDATE
ST051,ST055,16.929,24.112,1.424301494476933,CURRENT_02_CANDIDATE
ST052,ST053,12.357,21.948999999999998,1.776240187747835,CURRENT_02_CANDIDATE
ST052,ST054,6.23,12.48,2.003210272873194,CURRENT_02_CANDIDATE
ST052,ST055,13.916,23.651,1.6995544696751939,CURRENT_02_CANDIDATE
ST053,ST054,7.393,9.469000000000001,1.280806167996754,CURRENT_02_CANDIDATE
ST053,ST055,3.334,7.167999999999999,2.1499700059988,CURRENT_02_CANDIDATE
ST054,ST055,8.785,11.171000000000001,1.2715993170176438,CURRENT_02_CANDIDATE
ST001,ST002,0.619,0.619,1.0,MST
ST001,ST003,6.8,11.271999999999998,1.6576470588235293,MST
ST001,ST004,3.811,6.587,1.728417738126476,MST
ST001,ST005,3.419,4.577,1.338695525007312,MST
ST001,ST006,7.161,14.754000000000001,2.0603267700041896,MST
ST001,ST007,6.545,15.449000000000002,2.3604278074866314,MST
ST001,ST008,8.055,16.705000000000002,2.0738671632526384,MST
ST001,ST009,8.887,16.397000000000002,1.8450545740969957,MST
ST001,ST010,11.633,15.565000000000001,1.3380039542680309,MST
ST001,ST011,4.454,7.514,1.687022900763359,MST
ST001,ST012,9.602,17.926000000000002,1.866902728598209,MST
ST001,ST013,9.482,18.723,1.9745834212191522,MST
ST001,ST014,10.345,19.527,1.8875785403576606,MST
ST001,ST015,11.924,24.337,2.041009728279101,MST
ST001,ST016,10.361,21.23,2.0490300164076825,MST
ST001,ST017,5.41,16.188,2.9922365988909423,MST
ST001,ST018,6.58,19.836999999999996,3.0147416413373853,MST
ST001,ST019,6.5889999999999995,21.112,3.204128092275004,MST
ST001,ST020,7.875,19.133,2.4295873015873015,MST
ST001,ST021,9.161000000000001,15.139999999999999,1.6526580067678198,MST
ST001,ST022,9.935,17.112,1.7223955712128836,MST
ST001,ST023,4.925,15.840999999999998,3.2164467005076136,MST
ST001,ST024,12.299999999999999,24.459,1.9885365853658539,MST
ST001,ST025,13.215,24.235,1.8339008702232311,MST
ST001,ST026,11.399000000000001,16.785,1.472497587507676,MST
ST001,ST027,11.022,20.284,1.8403193612774449,MST
ST001,ST028,11.775,19.299,1.638980891719745,MST
ST001,ST029,8.007,11.284,1.409266891469964,MST
ST001,ST030,5.974,16.069000000000003,2.6898225644459326,MST
ST001,ST031,4.665,4.726,1.0130760986066452,MST
ST001,ST032,9.175,14.217999999999998,1.5496457765667573,MST
ST001,ST033,9.479,21.365,2.25392973942399,MST
ST001,ST034,8.216000000000001,24.299999999999997,2.9576436222005835,MST
ST001,ST035,7.8629999999999995,23.863999999999997,3.0349739285260076,MST
ST001,ST036,8.507,21.173000000000002,2.488891501116728,MST
ST001,ST037,8.983,23.316,2.5955694088834464,MST
ST001,ST038,9.128,15.507000000000001,1.6988387379491676,MST
ST001,ST039,8.889,15.605,1.7555405557430535,MST
ST001,ST040,5.747,8.111,1.411345049591091,MST
ST001,ST041,10.347999999999999,17.295,1.6713374565133363,MST
ST001,ST042,7.559,13.938,1.8438946950654849,MST
ST001,ST043,7.173,18.430999999999997,2.569496723825456,MST
ST001,ST044,7.885,22.962999999999997,2.9122384273937856,MST
ST001,ST045,6.502,17.759999999999998,2.7314672408489695,MST
ST001,ST046,2.998,4.156,1.3862575050033354,MST
ST001,ST047,5.936999999999999,13.413999999999998,2.2593902644433213,MST
ST001,ST048,6.497999999999999,24.973,3.843182517697753,MST
ST001,ST049,11.303999999999998,18.717,1.6557855626326965,MST
ST001,ST050,5.361000000000001,6.519,1.2160044767767206,MST
ST001,ST051,8.36,16.01,1.9150717703349285,MST
ST001,ST052,6.035,15.549,2.576470588235294,MST
ST001,ST053,9.285,13.756999999999998,1.4816370490037694,MST
ST001,ST054,1.911,3.069,1.6059654631083202,MST
ST001,ST055,10.682,19.089,1.7870249017038007,MST
ST002,ST003,6.181,11.890999999999998,1.9237987380682735,MST
ST002,ST004,3.192,7.2059999999999995,2.257518796992481,MST
ST002,ST005,2.8,5.196,1.8557142857142856,MST
ST002,ST006,6.542,15.373000000000001,2.3498929990828494,MST
ST002,ST007,5.926,16.068,2.711441106986163,MST
ST002,ST008,7.436,17.324,2.3297471759010224,MST
ST002,ST009,8.268,17.016000000000002,2.058055152394775,MST
ST002,ST010,11.014,16.184,1.4694025785364084,MST
ST002,ST011,3.835,8.133,2.120730117340287,MST
ST002,ST012,8.983,18.545,2.064455081821218,MST
ST002,ST013,8.913,19.342,2.170088634578705,MST
ST002,ST014,9.776,20.146,2.0607610474631755,MST
ST002,ST015,11.305,24.956,2.207518796992481,MST
ST002,ST016,9.742,21.849,2.2427632929583248,MST
ST002,ST017,4.791,16.807,3.508035900647046,MST
ST002,ST018,5.961,20.455999999999996,3.4316389867471893,MST
ST002,ST019,5.97,21.730999999999998,3.6400335008375206,MST
ST002,ST020,7.256,19.752,2.722160970231532,MST
ST002,ST021,8.542,15.758999999999999,1.844884102083821,MST
ST002,ST022,9.315999999999999,17.730999999999998,1.9032846715328466,MST
ST002,ST023,4.306,16.459999999999997,3.822573153738968,MST
ST002,ST024,11.681,25.078,2.1469052307165484,MST
ST002,ST025,12.596,24.854,1.9731660844712606,MST
ST002,ST026,10.780000000000001,17.404,1.6144712430426715,MST
ST002,ST027,10.403,20.903,2.009324233394213,MST
ST002,ST028,11.156,19.918,1.7854069558981713,MST
ST002,ST029,8.350999999999999,11.903,1.4253382828403787,MST
ST002,ST030,5.355,16.688000000000002,3.116339869281046,MST
ST002,ST031,4.046,5.345,1.3210578348986652,MST
ST002,ST032,8.556,14.836999999999998,1.734104721832632,MST
ST002,ST033,8.86,21.983999999999998,2.4812641083521445,MST
ST002,ST034,7.597,24.918999999999997,3.2801105699618263,MST
ST002,ST035,7.244,24.482999999999997,3.379762562120375,MST
ST002,ST036,7.888,21.792,2.7626774847870186,MST
ST002,ST037,8.364,23.935,2.861669057867049,MST
ST002,ST038,8.509,16.126,1.8951698201903868,MST
ST002,ST039,8.284,16.224,1.9584741670690486,MST
ST002,ST040,5.178,8.73,1.685979142526072,MST
ST002,ST041,9.729,17.914,1.8412992085517528,MST
ST002,ST042,6.94,14.557,2.097550432276657,MST
ST002,ST043,6.554,19.049999999999997,2.906621910283796,MST
ST002,ST044,7.266,23.581999999999997,3.2455271125791354,MST
ST002,ST045,5.883,18.378999999999998,3.1240863505014445,MST
ST002,ST046,2.379,4.7749999999999995,2.0071458596048757,MST
ST002,ST047,5.318,14.032999999999998,2.6387739751786383,MST
ST002,ST048,5.879,25.592,4.353121279129104,MST
ST002,ST049,10.684999999999999,19.336,1.8096396817969116,MST
ST002,ST050,4.742,7.138,1.5052720371151413,MST
ST002,ST051,7.741,16.629,2.1481720707918877,MST
ST002,ST052,5.430000000000001,16.168,2.9775322283609573,MST
ST002,ST053,8.666,14.375999999999998,1.6588968382183242,MST
ST002,ST054,1.292,3.6879999999999997,2.854489164086687,MST
ST002,ST055,10.063,19.708,1.9584616913445292,MST
ST003,ST004,4.263,4.685,1.0989913206661974,MST
ST003,ST005,4.21,9.710999999999999,2.306650831353919,MST
ST003,ST006,12.193999999999999,19.887999999999998,1.6309660488764965,MST
ST003,ST007,11.892,20.583,1.7308274470232088,MST
ST003,ST008,13.004999999999999,21.839,1.6792772010765091,MST
ST003,ST009,13.838,21.531,1.5559329382858795,MST
ST003,ST010,16.573999999999998,20.698999999999998,1.248883793894051,MST
ST003,ST011,3.1750000000000003,12.647999999999998,3.9836220472440935,MST
ST003,ST012,14.213,23.06,1.622458312812214,MST
ST003,ST013,14.001,23.856999999999996,1.7039497178772942,MST
ST003,ST014,15.514999999999999,24.660999999999998,1.5894940380277152,MST
ST003,ST015,17.486,29.470999999999997,1.6854054672309273,MST
ST003,ST016,15.472000000000001,26.363999999999997,1.7039813857290587,MST
ST003,ST017,10.538,21.322,2.0233440880622506,MST
ST003,ST018,4.966,8.565,1.724728151429722,MST
ST003,ST019,4.507,9.84,2.183270468160639,MST
ST003,ST020,4.917999999999999,7.861,1.5984139894265963,MST
ST003,ST021,2.859,3.868,1.352920601608954,MST
ST003,ST022,3.668,5.84,1.5921483097055615,MST
ST003,ST023,4.569,4.569,1.0,MST
ST003,ST024,17.862000000000002,29.592999999999996,1.6567573619975362,MST
ST003,ST025,17.835,29.368999999999996,1.6467059153350152,MST
ST003,ST026,15.939,21.918999999999997,1.375180375180375,MST
ST003,ST027,15.562,25.417999999999996,1.633337617272844,MST
ST003,ST028,16.302,24.433,1.4987731566678935,MST
ST003,ST029,12.806000000000001,16.418,1.2820552865844135,MST
ST003,ST030,10.67,21.203,1.9871602624179943,MST
ST003,ST031,8.26,15.997999999999998,1.9368038740920095,MST
ST003,ST032,2.946,2.946,1.0,MST
ST003,ST033,4.416,10.093,2.285552536231884,MST
ST003,ST034,9.663,13.027999999999999,1.3482355376177169,MST
ST003,ST035,9.31,12.591999999999999,1.3525241675617614,MST
ST003,ST036,9.954,26.307,2.6428571428571423,MST
ST003,ST037,9.617,12.044,1.2523656025787666,MST
ST003,ST038,13.952,20.641,1.479429472477064,MST
ST003,ST039,13.803999999999998,20.738999999999997,1.5023906114169805,MST
ST003,ST040,9.633000000000001,13.245,1.3749610713173464,MST
ST003,ST041,14.026,22.429,1.5991016683302437,MST
ST003,ST042,12.265,19.072,1.554993885038728,MST
ST003,ST043,4.734,7.159,1.5122517955217574,MST
ST003,ST044,4.512,11.691,2.5910904255319154,MST
ST003,ST045,4.063,6.4879999999999995,1.5968496185084913,MST
ST003,ST046,4.543,9.29,2.0449042482940785,MST
ST003,ST047,2.142,2.142,1.0,MST
ST003,ST048,4.8629999999999995,13.701,2.8173966687230108,MST
ST003,ST049,5.138,7.445,1.449007395873881,MST
ST003,ST050,2.18,11.652999999999999,5.345412844036696,MST
ST003,ST051,13.376000000000001,21.144,1.580741626794258,MST
ST003,ST052,10.95,20.683,1.8888584474885846,MST
ST003,ST053,2.485,2.485,1.0,MST
ST003,ST054,5.63,8.203,1.4570159857904084,MST
ST003,ST055,4.683,7.817,1.6692291266282298,MST
ST004,ST005,1.874,5.026,2.6819637139807897,MST
ST004,ST006,8.466,15.203,1.7957713205764234,MST
ST004,ST007,7.85,15.898,2.0252229299363056,MST
ST004,ST008,8.741999999999999,17.154,1.962251201098147,MST
ST004,ST009,9.575,16.846,1.7593733681462143,MST
ST004,ST010,12.311,16.014,1.3007879132483144,MST
ST004,ST011,2.231,7.963,3.569251456745854,MST
ST004,ST012,9.95,18.375,1.8467336683417086,MST
ST004,ST013,10.767,19.171999999999997,1.7806259868115537,MST
ST004,ST014,11.329999999999998,19.976,1.763106796116505,MST
ST004,ST015,14.497,24.785999999999998,1.7097330482168722,MST
ST004,ST016,11.55,21.679,1.8769696969696967,MST
ST004,ST017,6.764,16.636999999999997,2.4596392667060907,MST
ST004,ST018,3.3680000000000003,13.25,3.9340855106888357,MST
ST004,ST019,2.926,14.524999999999999,4.964114832535884,MST
ST004,ST020,4.663,12.546,2.690542569161484,MST
ST004,ST021,5.883,8.552999999999999,1.4538500764915858,MST
ST004,ST022,6.657,10.525,1.5810425116418807,MST
ST004,ST023,1.713,9.254,5.402218330414477,MST
ST004,ST024,14.235,24.907999999999998,1.7497716894977169,MST
ST004,ST025,13.669,24.683999999999997,1.8058380276538148,MST
ST004,ST026,11.747,17.233999999999998,1.4670979824636077,MST
ST004,ST027,11.37,20.732999999999997,1.8234828496042215,MST
ST004,ST028,13.012,19.747999999999998,1.5176759913925604,MST
ST004,ST029,9.373999999999999,11.732999999999999,1.2516535097077022,MST
ST004,ST030,7.077,16.518,2.334039847392963,MST
ST004,ST031,3.997,11.312999999999999,2.8303727795846885,MST
ST004,ST032,5.657,7.631,1.3489482057627717,MST
ST004,ST033,6.271,14.777999999999999,2.3565619518418113,MST
ST004,ST034,5.987,17.713,2.958576916652748,MST
ST004,ST035,5.634,17.277,3.066560170394036,MST
ST004,ST036,6.252,21.622,3.4584133077415227,MST
ST004,ST037,6.728,16.729,2.486474435196195,MST
ST004,ST038,9.841000000000001,15.956,1.6213799410629,MST
ST004,ST039,9.541,16.054,1.6826328477098835,MST
ST004,ST040,6.399,8.559999999999999,1.3377090170339114,MST
ST004,ST041,10.89,17.744,1.6293847566574837,MST
ST004,ST042,8.272,14.386999999999999,1.73924081237911,MST
ST004,ST043,3.945,11.844,3.0022813688212926,MST
ST004,ST044,4.673,16.375999999999998,3.5043869034881228,MST
ST004,ST045,3.29,11.173,3.396048632218845,MST
ST004,ST046,1.366,4.6049999999999995,3.3711566617862365,MST
ST004,ST047,2.617,6.827,2.6087122659533817,MST
ST004,ST048,3.286,18.386,5.595252586731588,MST
ST004,ST049,7.854,12.129999999999999,1.544435956200662,MST
ST004,ST050,2.083,6.968,3.3451752280364855,MST
ST004,ST051,10.071,16.459,1.6342964948863072,MST
ST004,ST052,6.686999999999999,15.997999999999998,2.3924031703304918,MST
ST004,ST053,6.257,7.17,1.1459165734377497,MST
ST004,ST054,2.4530000000000003,3.518,1.4341622503057478,MST
ST004,ST055,7.399,12.502,1.6896877956480607,MST
ST005,ST006,8.471,13.193,1.557431235981584,MST
ST005,ST007,8.514,13.887999999999998,1.6311956777073056,MST
ST005,ST008,9.522,15.144,1.5904221802142406,MST
ST005,ST009,10.355,14.835999999999999,1.4327378078223079,MST
ST005,ST010,12.924,14.004,1.083565459610028,MST
ST005,ST011,1.035,5.953,5.751690821256039,MST
ST005,ST012,10.931000000000001,16.365,1.4971182874393922,MST
ST005,ST013,10.277999999999999,17.162,1.6697801128624248,MST
ST005,ST014,11.593,17.966,1.5497282843094973,MST
ST005,ST015,14.105,22.775999999999996,1.6147465437788016,MST
ST005,ST016,11.420000000000002,19.668999999999997,1.722329246935201,MST
ST005,ST017,7.16,14.626999999999999,2.042877094972067,MST
ST005,ST018,4.208,18.275999999999996,4.343155893536121,MST
ST005,ST019,4.217,19.551,4.636234289779464,MST
ST005,ST020,5.8870000000000005,17.572,2.9848819432648206,MST
ST005,ST021,5.83,13.578999999999999,2.329159519725557,MST
ST005,ST022,6.603999999999999,15.550999999999998,2.3547849788007267,MST
ST005,ST023,2.553,14.279999999999998,5.593419506462984,MST
ST005,ST024,14.481,22.897999999999996,1.5812443891996406,MST
ST005,ST025,14.257,22.673999999999996,1.590376657080732,MST
ST005,ST026,12.216,15.224,1.246234446627374,MST
ST005,ST027,11.838999999999999,18.723,1.5814680293943746,MST
ST005,ST028,12.879999999999999,17.738,1.3771739130434784,MST
ST005,ST029,9.242,9.722999999999999,1.0520450119021854,MST
ST005,ST030,6.947,14.508,2.0883834748812435,MST
ST005,ST031,4.886,9.303,1.9040114613180517,MST
ST005,ST032,6.2940000000000005,12.656999999999998,2.010962821734985,MST
ST005,ST033,7.767,19.804,2.5497618127977337,MST
ST005,ST034,6.876,22.738999999999997,3.307009889470622,MST
ST005,ST035,6.523,22.302999999999997,3.419132301088456,MST
ST005,ST036,7.141,19.612000000000002,2.746394062456239,MST
ST005,ST037,7.617,21.755,2.8561113299199157,MST
ST005,ST038,10.229,13.945999999999998,1.3633786293870367,MST
ST005,ST039,10.327,14.043999999999999,1.3599302798489397,MST
ST005,ST040,6.55,6.55,1.0,MST
ST005,ST041,9.945,15.733999999999998,1.5821015585721465,MST
ST005,ST042,8.542,12.376999999999999,1.448958089440412,MST
ST005,ST043,5.481999999999999,16.869999999999997,3.077344035023714,MST
ST005,ST044,6.181,21.401999999999997,3.4625465135091407,MST
ST005,ST045,4.8629999999999995,16.198999999999998,3.331071355130578,MST
ST005,ST046,0.508,2.5949999999999998,5.108267716535432,MST
ST005,ST047,2.676,11.852999999999998,4.429372197309416,MST
ST005,ST048,4.175,23.412,5.607664670658683,MST
ST005,ST049,8.764,17.156,1.957553628480146,MST
ST005,ST050,2.03,4.958,2.4423645320197047,MST
ST005,ST051,10.541,14.448999999999998,1.370742813774784,MST
ST005,ST052,7.5760000000000005,13.988,1.8463569165786693,MST
ST005,ST053,5.885,12.195999999999998,2.0723874256584534,MST
ST005,ST054,1.508,1.508,1.0,MST
ST005,ST055,8.206999999999999,17.528,2.1357377848178385,MST
ST006,ST007,0.616,7.635,12.394480519480519,MST
ST006,ST008,1.951,1.951,1.0,MST
ST006,ST009,2.599,8.583,3.3024240092343207,MST
ST006,ST010,8.397,14.097000000000001,1.678813862093605,MST
ST006,ST011,9.333,16.13,1.7282760098574947,MST
ST006,ST012,8.139,16.458000000000002,2.02211573903428,MST
ST006,ST013,8.849,17.255000000000003,1.9499378460843035,MST
ST006,ST014,9.518999999999998,18.059,1.89715306229646,MST
ST006,ST015,6.311,16.523000000000003,2.618127079702108,MST
ST006,ST016,4.19,13.416000000000002,3.201909307875895,MST
ST006,ST017,1.97,8.373999999999999,4.250761421319797,MST
ST006,ST018,8.359,28.452999999999996,3.4038760617298713,MST
ST006,ST019,8.03,29.727999999999998,3.7021170610211707,MST
ST006,ST020,9.694,27.749,2.862492263255622,MST
ST006,ST021,13.761999999999999,23.755999999999997,1.726202586833309,MST
ST006,ST022,13.718,25.728,1.8754920542353113,MST
ST006,ST023,8.08,24.456999999999997,3.026856435643564,MST
ST006,ST024,6.687,16.645000000000003,2.489158067892927,MST
ST006,ST025,6.309,16.421000000000003,2.602789665557141,MST
ST006,ST026,8.185,15.317000000000002,1.8713500305436777,MST
ST006,ST027,8.014,18.816000000000003,2.347891190416771,MST
ST006,ST028,7.615,17.831000000000003,2.341562705187131,MST
ST006,ST029,3.2479999999999998,3.47,1.0683497536945814,MST
ST006,ST030,2.299,8.255,3.5906916050456723,MST
ST006,ST031,4.468999999999999,19.48,4.35891698366525,MST
ST006,ST032,11.421,22.834,1.999299535942562,MST
ST006,ST033,11.281,29.980999999999998,2.657654463256803,MST
ST006,ST034,5.936,32.916,5.545148247978436,MST
ST006,ST035,5.582999999999999,32.48,5.817660755866022,MST
ST006,ST036,6.226999999999999,6.4190000000000005,1.030833467159146,MST
ST006,ST037,6.702999999999999,31.932,4.763837087871103,MST
ST006,ST038,2.199,7.693,3.4984083674397453,MST
ST006,ST039,2.245,7.791,3.4703786191536747,MST
ST006,ST040,3.134,6.643000000000001,2.1196553924696877,MST
ST006,ST041,3.951,9.481000000000002,2.399645659326753,MST
ST006,ST042,0.594,6.1240000000000006,10.309764309764311,MST
ST006,ST043,8.959,27.046999999999997,3.018975332068311,MST
ST006,ST044,9.693,31.578999999999997,3.257918085216135,MST
ST006,ST045,8.46,26.375999999999998,3.1177304964539,MST
ST006,ST046,8.05,12.772,1.586583850931677,MST
ST006,ST047,10.742999999999999,22.029999999999998,2.0506376244996742,MST
ST006,ST048,8.3,33.589,4.046867469879517,MST
ST006,ST049,15.919999999999998,27.333,1.7168969849246232,MST
ST006,ST050,10.014,15.135,1.5113840623127621,MST
ST006,ST051,2.665,8.196000000000002,3.0754221388367733,MST
ST006,ST052,1.779,7.734999999999999,4.347948285553682,MST
ST006,ST053,14.136,22.372999999999998,1.582696661007357,MST
ST006,ST054,6.963,11.685,1.6781559672554933,MST
ST006,ST055,15.695,27.705000000000002,1.7652118509079326,MST
ST007,ST008,2.567,9.586,3.7343202181534862,MST
ST007,ST009,3.2150000000000003,9.278,2.8858475894245723,MST
ST007,ST010,9.013,14.792,1.6411849550649062,MST
ST007,ST011,8.717,16.825,1.9301365148560283,MST
ST007,ST012,8.754999999999999,17.153,1.959223300970874,MST
ST007,ST013,9.465,17.95,1.896460644479662,MST
ST007,ST014,10.134999999999998,18.754,1.8504193389245196,MST
ST007,ST015,6.924,17.218,2.4867128827267475,MST
ST007,ST016,4.806,14.111,2.9361215147732005,MST
ST007,ST017,1.354,9.068999999999999,6.697932053175775,MST
ST007,ST018,7.798,29.147999999999996,3.737881508078994,MST
ST007,ST019,8.073,30.423,3.7684875510962463,MST
ST007,ST020,9.545000000000002,28.444,2.9799895233106333,MST
ST007,ST021,13.145999999999999,24.450999999999997,1.8599574014909477,MST
ST007,ST022,13.102,26.423000000000002,2.0167150053426957,MST
ST007,ST023,7.584,25.151999999999997,3.3164556962025316,MST
ST007,ST024,7.300000000000001,17.34,2.3753424657534246,MST
ST007,ST025,6.925,17.116,2.4716245487364623,MST
ST007,ST026,8.801,16.012,1.8193387115100557,MST
ST007,ST027,8.629999999999999,19.511,2.2608342989571266,MST
ST007,ST028,8.231,18.526,2.2507593245049202,MST
ST007,ST029,3.864,4.165,1.0778985507246377,MST
ST007,ST030,1.683,8.95,5.317884729649435,MST
ST007,ST031,3.8529999999999998,20.174999999999997,5.236179600311445,MST
ST007,ST032,11.463999999999999,23.529,2.052424982554083,MST
ST007,ST033,11.185,30.676,2.742601698703621,MST
ST007,ST034,5.32,33.611,6.317857142857142,MST
ST007,ST035,4.967,33.175,6.679081940809342,MST
ST007,ST036,5.611,14.054,2.504722865799323,MST
ST007,ST037,6.087,32.626999999999995,5.36011171348776,MST
ST007,ST038,2.815,8.388,2.979751332149201,MST
ST007,ST039,2.861,8.486,2.966095770709542,MST
ST007,ST040,3.004,7.338,2.4427430093209055,MST
ST007,ST041,4.567,10.176,2.2281585285745567,MST
ST007,ST042,1.21,6.819,5.635537190082645,MST
ST007,ST043,8.886,27.741999999999997,3.121989646635156,MST
ST007,ST044,9.587,32.274,3.366433712318765,MST
ST007,ST045,8.393,27.070999999999998,3.225425950196592,MST
ST007,ST046,8.093,13.466999999999999,1.6640306437662176,MST
ST007,ST047,10.358,22.724999999999998,2.193956362232091,MST
ST007,ST048,8.222,34.284,4.16978837265872,MST
ST007,ST049,15.534,28.028,1.804300244624694,MST
ST007,ST050,9.712,15.829999999999998,1.6299423393739703,MST
ST007,ST051,3.281,8.891,2.709844559585492,MST
ST007,ST052,1.163,8.43,7.2484952708512465,MST
ST007,ST053,13.52,23.067999999999998,1.7062130177514792,MST
ST007,ST054,7.006,12.379999999999999,1.7670568084498999,MST
ST007,ST055,15.079,28.400000000000002,1.8834140194973141,MST
ST008,ST009,1.712,10.534,6.153037383177571,MST
ST008,ST010,9.519,16.048000000000002,1.6858913751444482,MST
ST008,ST011,9.982,18.081000000000003,1.8113604488078545,MST
ST008,ST012,9.058,18.409000000000002,2.0323470964892913,MST
ST008,ST013,9.875,19.206,1.9449113924050632,MST
ST008,ST014,10.437999999999999,20.01,1.9170339145430162,MST
ST008,ST015,6.807,18.474,2.7139709122961655,MST
ST008,ST016,5.244,15.366999999999999,2.9303966437833715,MST
ST008,ST017,2.645,10.325,3.9035916824196595,MST
ST008,ST018,8.593,30.403999999999996,3.5382287908762944,MST
ST008,ST019,9.07,31.679,3.492723263506064,MST
ST008,ST020,10.251000000000001,29.7,2.8972783143107987,MST
ST008,ST021,14.038,25.706999999999997,1.831243766918364,MST
ST008,ST022,13.994,27.679000000000002,1.9779191081892242,MST
ST008,ST023,8.475999999999999,26.407999999999998,3.115620575743275,MST
ST008,ST024,7.183000000000001,18.596,2.588890435751079,MST
ST008,ST025,7.469,18.372,2.4597670370866247,MST
ST008,ST026,9.104,17.268,1.896748681898067,MST
ST008,ST027,8.933,20.767,2.3247509235419233,MST
ST008,ST028,8.534,19.782000000000004,2.3180220295289433,MST
ST008,ST029,4.389,5.421,1.2351332877648666,MST
ST008,ST030,2.575,10.206,3.9634951456310676,MST
ST008,ST031,4.745,21.431,4.51654373024236,MST
ST008,ST032,12.461,24.785,1.9890056977770645,MST
ST008,ST033,10.699,31.932,2.984577997943733,MST
ST008,ST034,5.212,34.867,6.689754412893323,MST
ST008,ST035,4.859,34.431,7.086025931261576,MST
ST008,ST036,4.468,4.468,1.0,MST
ST008,ST037,4.944,33.882999999999996,6.853357605177993,MST
ST008,ST038,1.312,9.644,7.350609756097561,MST
ST008,ST039,1.41,9.742,6.909219858156029,MST
ST008,ST040,4.106,8.594000000000001,2.093034583536289,MST
ST008,ST041,5.243,11.431999999999999,2.1804310509250424,MST
ST008,ST042,2.105,8.075,3.8361045130641327,MST
ST008,ST043,9.778,28.997999999999998,2.9656371446103496,MST
ST008,ST044,9.845,33.53,3.4057897409852718,MST
ST008,ST045,9.285,28.326999999999998,3.0508346795907375,MST
ST008,ST046,9.100999999999999,14.723,1.6177343149104497,MST
ST008,ST047,11.359000000000002,23.980999999999998,2.111189365261026,MST
ST008,ST048,9.114,35.54,3.8994952819837607,MST
ST008,ST049,16.426,29.284,1.7827833921831244,MST
ST008,ST050,10.825000000000001,17.086000000000002,1.5783833718244804,MST
ST008,ST051,3.584,10.146999999999998,2.8311941964285707,MST
ST008,ST052,2.055,9.686,4.71338199513382,MST
ST008,ST053,14.412,24.323999999999998,1.687760199833472,MST
ST008,ST054,8.014,13.636000000000001,1.701522335912154,MST
ST008,ST055,15.971,29.656000000000002,1.856865568843529,MST
ST009,ST010,9.691,15.739999999999998,1.6241873903621915,MST
ST009,ST011,10.815,17.773,1.6433656957928804,MST
ST009,ST012,9.23,18.101,1.9611050920910074,MST
ST009,ST013,9.533,18.897999999999996,1.9823770061890273,MST
ST009,ST014,10.61,19.701999999999998,1.8569274269557021,MST
ST009,ST015,5.902,18.166,3.0779396814639104,MST
ST009,ST016,4.339,15.059,3.4706153491587917,MST
ST009,ST017,3.477,10.017,2.8809318377911994,MST
ST009,ST018,9.523,30.095999999999997,3.1603486296335186,MST
ST009,ST019,10.0,31.371,3.1370999999999998,MST
ST009,ST020,10.26,29.392,2.864717348927875,MST
ST009,ST021,14.870999999999999,25.398999999999997,1.7079550803577432,MST
ST009,ST022,14.827,27.371000000000002,1.846024145140622,MST
ST009,ST023,9.309,26.099999999999998,2.803738317757009,MST
ST009,ST024,6.2780000000000005,18.288,2.913029627269831,MST
ST009,ST025,6.963,18.064,2.5942840729570587,MST
ST009,ST026,9.276,16.959999999999997,1.8283742992669252,MST
ST009,ST027,9.105,20.458999999999996,2.247007138934651,MST
ST009,ST028,7.906,19.473999999999997,2.4631925120161897,MST
ST009,ST029,4.562,5.1129999999999995,1.120780359491451,MST
ST009,ST030,3.408,9.898,2.904342723004695,MST
ST009,ST031,5.577999999999999,21.122999999999998,3.786841161706705,MST
ST009,ST032,12.789,24.477,1.9139103917429041,MST
ST009,ST033,10.708,31.624,2.9533059394844976,MST
ST009,ST034,5.311,34.559,6.507060817171907,MST
ST009,ST035,5.085,34.123,6.710521140609636,MST
ST009,ST036,4.477,15.002,3.3509046236318962,MST
ST009,ST037,4.953,33.574999999999996,6.778719967696344,MST
ST009,ST038,0.744,9.335999999999999,12.548387096774192,MST
ST009,ST039,0.792,0.792,1.0,MST
ST009,ST040,4.939,8.286,1.6776675440372544,MST
ST009,ST041,4.947,11.123999999999999,2.248635536688902,MST
ST009,ST042,2.781,7.7669999999999995,2.792880258899676,MST
ST009,ST043,9.831,28.689999999999998,2.918319601261316,MST
ST009,ST044,9.854,33.222,3.371422772478182,MST
ST009,ST045,9.928,28.019,2.822219983883964,MST
ST009,ST046,9.934,14.415,1.4510771089188645,MST
ST009,ST047,12.192,23.673,1.9416830708661417,MST
ST009,ST048,9.947,35.232,3.5419724540062334,MST
ST009,ST049,17.181,28.976,1.686514172632559,MST
ST009,ST050,11.658,16.778,1.4391833933779379,MST
ST009,ST051,3.757,9.838999999999999,2.6188448229970716,MST
ST009,ST052,2.888,9.378,3.247229916897507,MST
ST009,ST053,15.245,24.016,1.5753361757953428,MST
ST009,ST054,8.847,13.328,1.5064993783203346,MST
ST009,ST055,16.804,29.348000000000003,1.7464889312068559,MST
ST010,ST011,13.551,16.941,1.2501660394066858,MST
ST010,ST012,2.361,2.361,1.0,MST
ST010,ST013,2.646,3.158,1.1934996220710508,MST
ST010,ST014,1.525,3.9619999999999997,2.5980327868852457,MST
ST010,ST015,11.921,23.679999999999996,1.9864105360288564,MST
ST010,ST016,9.129999999999999,20.572999999999997,2.253340635268346,MST
ST010,ST017,9.126000000000001,15.530999999999999,1.701840894148586,MST
ST010,ST018,13.603,29.263999999999996,2.1512901565831064,MST
ST010,ST019,14.08,30.538999999999998,2.168963068181818,MST
ST010,ST020,15.286,28.56,1.8683762920319247,MST
ST010,ST021,18.194,24.566999999999997,1.350280312190832,MST
ST010,ST022,18.907,26.539,1.4036600200983764,MST
ST010,ST023,13.389,25.267999999999997,1.8872208529389796,MST
ST010,ST024,11.545,23.801999999999996,2.0616717193590297,MST
ST010,ST025,10.313,23.577999999999996,2.2862406671191695,MST
ST010,ST026,1.22,1.22,1.0,MST
ST010,ST027,1.085,4.718999999999999,4.349308755760369,MST
ST010,ST028,3.734,3.734,1.0,MST
ST010,ST029,6.442,10.626999999999999,1.649642968022353,MST
ST010,ST030,9.083,15.411999999999999,1.6967962127050533,MST
ST010,ST031,9.658,20.290999999999997,2.1009525781735348,MST
ST010,ST032,17.471,23.645,1.353385610440158,MST
ST010,ST033,16.826,30.791999999999998,1.8300249613693091,MST
ST010,ST034,13.684999999999999,33.727,2.4645232005845816,MST
ST010,ST035,13.248999999999999,33.291,2.5127179409766773,MST
ST010,ST036,13.867,20.516,1.4794836662580224,MST
ST010,ST037,14.338999999999999,32.742999999999995,2.2834925727038144,MST
ST010,ST038,9.372,14.849999999999998,1.584507042253521,MST
ST010,ST039,9.47,14.947999999999999,1.578458289334741,MST
ST010,ST040,7.454,7.454,1.0,MST
ST010,ST041,9.27,16.637999999999998,1.7948220064724918,MST
ST010,ST042,7.803,13.280999999999999,1.7020376778162243,MST
ST010,ST043,14.494,27.857999999999997,1.9220367048433833,MST
ST010,ST044,15.228,32.39,2.127002889414237,MST
ST010,ST045,14.021999999999998,27.186999999999998,1.938881757238625,MST
ST010,ST046,12.503,13.582999999999998,1.0863792689754457,MST
ST010,ST047,14.928,22.840999999999998,1.5300777063236868,MST
ST010,ST048,13.835,34.4,2.486447415973979,MST
ST010,ST049,20.165,28.144,1.3956855938507315,MST
ST010,ST050,14.394,15.945999999999998,1.1078227039044044,MST
ST010,ST051,7.611,15.352999999999998,2.017211930101169,MST
ST010,ST052,9.414,14.892,1.5818992989165073,MST
ST010,ST053,18.401,23.183999999999997,1.2599315254605727,MST
ST010,ST054,11.416,12.495999999999999,1.0946040644709178,MST
ST010,ST055,19.71,28.516000000000002,1.4467782851344495,MST
ST011,ST012,11.19,19.302,1.7249329758713137,MST
ST011,ST013,11.312999999999999,20.098999999999997,1.776628657296915,MST
ST011,ST014,12.57,20.903,1.6629276054097055,MST
ST011,ST015,15.14,25.712999999999997,1.698348745046235,MST
ST011,ST016,12.455000000000002,22.605999999999998,1.815014050582095,MST
ST011,ST017,7.363,17.564,2.3854407170990086,MST
ST011,ST018,3.576,21.212999999999997,5.932046979865771,MST
ST011,ST019,3.322,22.488,6.769416014449127,MST
ST011,ST020,4.958,20.509,4.13654699475595,MST
ST011,ST021,4.795,16.516,3.444421272158498,MST
ST011,ST022,5.569,18.488,3.319806069312264,MST
ST011,ST023,1.921,17.217,8.962519521082768,MST
ST011,ST024,15.33,25.834999999999997,1.6852576647097193,MST
ST011,ST025,14.909,25.610999999999997,1.7178214501307931,MST
ST011,ST026,12.987,18.160999999999998,1.3983983983983983,MST
ST011,ST027,12.61,21.659999999999997,1.7176843774781918,MST
ST011,ST028,13.654,20.674999999999997,1.5142082906108099,MST
ST011,ST029,9.925,12.66,1.2755667506297228,MST
ST011,ST030,7.9270000000000005,17.445,2.2007064463226946,MST
ST011,ST031,5.237,12.24,2.3372159633377887,MST
ST011,ST032,5.259,15.594,2.9652025099828863,MST
ST011,ST033,6.732,22.741,3.378045157456922,MST
ST011,ST034,7.227,25.676,3.5527881555278813,MST
ST011,ST035,6.874,25.24,3.67180680826302,MST
ST011,ST036,7.492,22.549,3.009743726641751,MST
ST011,ST037,7.968,24.692,3.0988955823293174,MST
ST011,ST038,11.081,16.883,1.5235989531630718,MST
ST011,ST039,10.780999999999999,16.981,1.5750857990909937,MST
ST011,ST040,7.585,9.487,1.2507580751483192,MST
ST011,ST041,10.98,18.671,1.700455373406193,MST
ST011,ST042,9.512,15.314,1.6099663582842725,MST
ST011,ST043,4.475,19.807,4.426145251396648,MST
ST011,ST044,5.146,24.339,4.729692965410027,MST
ST011,ST045,3.828,19.136,4.998955067920585,MST
ST011,ST046,1.543,3.358,2.1762799740764747,MST
ST011,ST047,1.641,14.79,9.012797074954296,MST
ST011,ST048,3.624,26.349,7.27069536423841,MST
ST011,ST049,7.729,20.093,2.599689481174796,MST
ST011,ST050,0.995,0.995,1.0,MST
ST011,ST051,10.728,17.386,1.6206189410887397,MST
ST011,ST052,7.927,16.925,2.1351078592153403,MST
ST011,ST053,4.85,15.133,3.1202061855670102,MST
ST011,ST054,2.543,4.445,1.7479355092410538,MST
ST011,ST055,7.172,20.465,2.85345789180145,MST
ST012,ST013,0.817,5.519,6.755201958384333,MST
ST012,ST014,1.38,6.323,4.581884057971015,MST
ST012,ST015,13.075999999999999,26.040999999999997,1.9915111654940347,MST
ST012,ST016,10.015,22.933999999999997,2.2899650524213677,MST
ST012,ST017,9.461,17.892,1.8911320156431666,MST
ST012,ST018,13.318,31.625,2.3746057966661662,MST
ST012,ST019,12.876,32.900000000000006,2.555141348244797,MST
ST012,ST020,14.612999999999998,30.921000000000003,2.1159926093204686,MST
ST012,ST021,15.832999999999998,26.927999999999997,1.7007515947704162,MST
ST012,ST022,16.607,28.9,1.740230023484073,MST
ST012,ST023,11.663,27.628999999999998,2.3689445254222754,MST
ST012,ST024,12.7,26.162999999999997,2.06007874015748,MST
ST012,ST025,11.469,25.938999999999997,2.2616618711308742,MST
ST012,ST026,1.797,3.5810000000000004,1.9927657206455207,MST
ST012,ST027,1.42,7.08,4.985915492957747,MST
ST012,ST028,4.89,6.095000000000001,1.2464212678936608,MST
ST012,ST029,5.571,12.988,2.3313588224735238,MST
ST012,ST030,10.025,17.773,1.77286783042394,MST
ST012,ST031,10.814,22.651999999999997,2.0946920658405768,MST
ST012,ST032,15.607,26.006,1.6663035817261487,MST
ST012,ST033,16.220999999999997,33.153,2.0438320695394863,MST
ST012,ST034,14.075,36.088,2.563978685612789,MST
ST012,ST035,13.671,35.652,2.6078560456440645,MST
ST012,ST036,13.526,22.877,1.691335206269407,MST
ST012,ST037,14.001999999999999,35.104,2.5070704185116415,MST
ST012,ST038,9.794,17.211,1.7573003879926483,MST
ST012,ST039,9.892,17.308999999999997,1.7497978164173067,MST
ST012,ST040,8.61,9.815,1.1399535423925669,MST
ST012,ST041,8.709,18.999,2.1815363417154665,MST
ST012,ST042,8.225,15.642,1.9017629179331308,MST
ST012,ST043,13.895,30.219,2.174811083123426,MST
ST012,ST044,14.622999999999998,34.751,2.3764617383573823,MST
ST012,ST045,13.239999999999998,29.548000000000002,2.231722054380665,MST
ST012,ST046,10.51,15.943999999999999,1.5170313986679353,MST
ST012,ST047,12.567,25.201999999999998,2.005410997055781,MST
ST012,ST048,13.235999999999999,36.760999999999996,2.7773496524629797,MST
ST012,ST049,17.804,30.505,1.7133790159514717,MST
ST012,ST050,12.033,18.307,1.52139948475027,MST
ST012,ST051,7.279,17.714,2.4335760406649265,MST
ST012,ST052,9.835999999999999,17.253,1.7540666937779588,MST
ST012,ST053,16.04,25.544999999999998,1.592581047381546,MST
ST012,ST054,9.423,14.857,1.576674095298737,MST
ST012,ST055,17.349,30.877,1.7797567583146001,MST
ST013,ST014,1.514,4.68,3.09114927344782,MST
ST013,ST015,13.106,26.837999999999997,2.047764382725469,MST
ST013,ST016,10.045,23.730999999999998,2.3624688899950224,MST
ST013,ST017,9.602,18.689,1.946365340554051,MST
ST013,ST018,13.437999999999999,32.422,2.412710224735824,MST
ST013,ST019,13.447,33.697,2.505912099353016,MST
ST013,ST020,15.116999999999999,31.718,2.09816762585169,MST
ST013,ST021,15.620999999999999,27.724999999999998,1.7748543627168556,MST
ST013,ST022,16.395,29.697000000000003,1.811344922232388,MST
ST013,ST023,11.783,28.426,2.4124586268352712,MST
ST013,ST024,12.73,26.959999999999997,2.11783189316575,MST
ST013,ST025,11.61,26.735999999999997,2.3028423772609816,MST
ST013,ST026,1.938,1.938,1.0,MST
ST013,ST027,1.561,1.561,1.0,MST
ST013,ST028,5.031,6.8919999999999995,1.3699065792089047,MST
ST013,ST029,5.601,13.785,2.4611676486341727,MST
ST013,ST030,10.166,18.57,1.8266771591579776,MST
ST013,ST031,10.955,23.448999999999998,2.1404837973528066,MST
ST013,ST032,16.034,26.803,1.671635275040539,MST
ST013,ST033,17.037999999999997,33.949999999999996,1.9926047658175843,MST
ST013,ST034,14.137,36.885,2.609110843884841,MST
ST013,ST035,13.701,36.449,2.66031676519962,MST
ST013,ST036,13.61,23.674,1.7394562821454813,MST
ST013,ST037,14.085999999999999,35.900999999999996,2.548700837711203,MST
ST013,ST038,9.824,18.008,1.8330618892508144,MST
ST013,ST039,9.922,18.106,1.8248337028824835,MST
ST013,ST040,8.751,10.612,1.2126614101245572,MST
ST013,ST041,8.739,19.796,2.26524774001602,MST
ST013,ST042,8.254999999999999,16.439,1.9913991520290735,MST
ST013,ST043,14.712,31.016,2.10821098423056,MST
ST013,ST044,15.439999999999998,35.547999999999995,2.3023316062176167,MST
ST013,ST045,14.056999999999999,30.345,2.158710962509782,MST
ST013,ST046,9.857,16.741,1.6983869331439587,MST
ST013,ST047,12.549999999999999,25.999,2.071633466135458,MST
ST013,ST048,13.524,37.55799999999999,2.7771369417332146,MST
ST013,ST049,18.162999999999997,31.302,1.72339371249243,MST
ST013,ST050,11.821,19.104,1.6161069283478555,MST
ST013,ST051,7.309,18.511,2.53263100287317,MST
ST013,ST052,9.866,18.05,1.8295155078045815,MST
ST013,ST053,15.995,26.342,1.6468896530165678,MST
ST013,ST054,8.77,15.654,1.7849486887115167,MST
ST013,ST055,17.555,31.674000000000003,1.8042722870976933,MST
ST014,ST015,13.446,27.642,2.0557786702365015,MST
ST014,ST016,10.655000000000001,24.535,2.3026748005631155,MST
ST014,ST017,9.946,19.493,1.959883370199075,MST
ST014,ST018,14.697999999999999,33.226,2.260579670703497,MST
ST014,ST019,14.255999999999998,34.501,2.4201038159371495,MST
ST014,ST020,15.992999999999997,32.522,2.033514662664916,MST
ST014,ST021,17.134999999999998,28.528999999999996,1.6649547709366792,MST
ST014,ST022,17.909,30.500999999999998,1.7031101680719192,MST
ST014,ST023,13.043,29.229999999999997,2.24104883845741,MST
ST014,ST024,13.07,27.764,2.1242540168324404,MST
ST014,ST025,11.838000000000001,27.54,2.3264064875823616,MST
ST014,ST026,2.362,2.742,1.1608806096528366,MST
ST014,ST027,1.905,6.241,3.276115485564304,MST
ST014,ST028,5.259,7.696,1.4633960829054953,MST
ST014,ST029,6.951,14.589,2.0988347000431595,MST
ST014,ST030,10.51,19.374000000000002,1.843387250237869,MST
ST014,ST031,11.183,24.252999999999997,2.1687382634355714,MST
ST014,ST032,16.987,27.607,1.6251839642079238,MST
ST014,ST033,17.600999999999996,34.754,1.9745469007442762,MST
ST014,ST034,14.742,37.689,2.5565730565730562,MST
ST014,ST035,14.389,37.253,2.5889915907985266,MST
ST014,ST036,14.905999999999999,24.478,1.6421575204615593,MST
ST014,ST037,15.381999999999998,36.705,2.386230659212066,MST
ST014,ST038,10.897,18.812,1.7263467009268607,MST
ST014,ST039,10.995000000000001,18.91,1.7198726693951796,MST
ST014,ST040,8.979,11.416,1.2714110702750865,MST
ST014,ST041,10.088999999999999,20.6,2.041827733174745,MST
ST014,ST042,9.328,17.243000000000002,1.8485205831903948,MST
ST014,ST043,15.274999999999999,31.82,2.0831423895253685,MST
ST014,ST044,16.002999999999997,36.352,2.2715740798600264,MST
ST014,ST045,14.619999999999997,31.149,2.130574555403557,MST
ST014,ST046,11.172,17.544999999999998,1.5704439670605082,MST
ST014,ST047,13.947,26.802999999999997,1.921775292177529,MST
ST014,ST048,14.615999999999998,38.361999999999995,2.6246579091406677,MST
ST014,ST049,19.183999999999997,32.106,1.6735821517931613,MST
ST014,ST050,13.334999999999999,19.907999999999998,1.4929133858267716,MST
ST014,ST051,8.658999999999999,19.315,2.230627093197829,MST
ST014,ST052,10.584999999999999,18.854,1.7811998110533775,MST
ST014,ST053,17.42,27.145999999999997,1.5583237657864522,MST
ST014,ST054,10.085,16.458,1.631928606841844,MST
ST014,ST055,18.729,32.477999999999994,1.7341021944577926,MST
ST015,ST016,3.107,3.107,1.0,MST
ST015,ST017,8.278,17.957,2.1692437786905048,MST
ST015,ST018,14.415,38.036,2.6386403052376,MST
ST015,ST019,14.085999999999999,39.311,2.7907851767712626,MST
ST015,ST020,15.807,37.332,2.3617384702979694,MST
ST015,ST021,19.847,33.339,1.6798004736232175,MST
ST015,ST022,19.863,35.311,1.777727432915471,MST
ST015,ST023,14.344999999999999,34.04,2.3729522481700944,MST
ST015,ST024,0.376,6.336,16.851063829787236,MST
ST015,ST025,1.9369999999999998,6.112,3.1553949406298405,MST
ST015,ST026,11.896999999999998,24.9,2.092964612927629,MST
ST015,ST027,12.233,28.398999999999997,2.321507398021744,MST
ST015,ST028,8.187,27.414,3.3484792964455847,MST
ST015,ST029,7.505,13.053,1.739240506329114,MST
ST015,ST030,8.607000000000001,17.838,2.0724991286162426,MST
ST015,ST031,10.613999999999999,29.063,2.7381759939702284,MST
ST015,ST032,17.497,32.417,1.8527176087329258,MST
ST015,ST033,16.61,39.564,2.3819385912101145,MST
ST015,ST034,11.213000000000001,42.499,3.790154285204673,MST
ST015,ST035,10.987,42.063,3.828433603349413,MST
ST015,ST036,10.379000000000001,22.942,2.2104248964254745,MST
ST015,ST037,10.855,41.515,3.8245048364808842,MST
ST015,ST038,6.646,17.276,2.599458320794463,MST
ST015,ST039,6.694,17.374000000000002,2.595458619659397,MST
ST015,ST040,9.144,16.226,1.7744969378827646,MST
ST015,ST041,6.996,7.042,1.0065751858204688,MST
ST015,ST042,6.657,10.399000000000001,1.5621150668469281,MST
ST015,ST043,15.015,36.63,2.4395604395604398,MST
ST015,ST044,15.749,41.162,2.6136262619848876,MST
ST015,ST045,14.516000000000002,35.959,2.4771975750895563,MST
ST015,ST046,13.684,22.355,1.6336597486115172,MST
ST015,ST047,16.622999999999998,31.613,1.9017626180593157,MST
ST015,ST048,14.356000000000002,43.172,3.007244357759821,MST
ST015,ST049,21.99,36.916000000000004,1.6787630741246025,MST
ST015,ST050,16.047,24.718,1.540350221225151,MST
ST015,ST051,5.797,12.471,2.151285147490081,MST
ST015,ST052,8.087,17.318,2.1414616050451345,MST
ST015,ST053,19.971,31.956,1.6001201742526663,MST
ST015,ST054,12.597,21.268,1.6883384932920538,MST
ST015,ST055,21.368000000000002,37.288,1.7450393111194307,MST
ST016,ST017,5.417,14.849999999999998,2.7413697618608084,MST
ST016,ST018,11.308,34.929,3.088875132649452,MST
ST016,ST019,10.979,36.204,3.2975680845250026,MST
ST016,ST020,12.7,34.225,2.6948818897637796,MST
ST016,ST021,16.846,30.232,1.7946099964383235,MST
ST016,ST022,16.802,32.204,1.9166765861207,MST
ST016,ST023,11.283999999999999,30.933,2.741315136476427,MST
ST016,ST024,3.229,3.229,1.0,MST
ST016,ST025,3.005,3.005,1.0,MST
ST016,ST026,9.106,21.793,2.393257193059521,MST
ST016,ST027,9.442,25.291999999999998,2.678669773353103,MST
ST016,ST028,5.396,24.307000000000002,4.504633061527057,MST
ST016,ST029,4.444,9.946,2.2380738073807382,MST
ST016,ST030,5.746,14.731,2.563696484510964,MST
ST016,ST031,7.553,25.956,3.4365152919369786,MST
ST016,ST032,14.389999999999999,29.310000000000002,2.0368311327310638,MST
ST016,ST033,14.24,36.457,2.560182584269663,MST
ST016,ST034,8.781,39.392,4.486049424894659,MST
ST016,ST035,8.555,38.956,4.553594389246055,MST
ST016,ST036,7.947,19.835,2.495910406442683,MST
ST016,ST037,8.423,38.408,4.559895524160038,MST
ST016,ST038,4.155,14.169,3.4101083032490975,MST
ST016,ST039,4.09,14.267,3.4882640586797065,MST
ST016,ST040,6.083,13.119,2.156666118691435,MST
ST016,ST041,3.935,3.935,1.0,MST
ST016,ST042,3.596,7.292,2.0278086763070076,MST
ST016,ST043,11.908,33.523,2.815166274773262,MST
ST016,ST044,12.642,38.055,3.010204081632653,MST
ST016,ST045,11.409,32.852000000000004,2.8794811114032783,MST
ST016,ST046,10.999,19.248,1.749977270660969,MST
ST016,ST047,13.998999999999999,28.506,2.0362883063075934,MST
ST016,ST048,11.249,40.065,3.5616499244377273,MST
ST016,ST049,18.889,33.809000000000005,1.7898777066017262,MST
ST016,ST050,13.306,21.611,1.6241545167593567,MST
ST016,ST051,2.736,9.364,3.422514619883041,MST
ST016,ST052,5.226,14.210999999999999,2.7192881745120547,MST
ST016,ST053,17.22,28.849,1.6753193960511035,MST
ST016,ST054,9.912,18.161,1.832223567393059,MST
ST016,ST055,18.697000000000003,34.181,1.8281542493448142,MST
ST017,ST018,7.048,29.887,4.240493757094211,MST
ST017,ST019,6.719,31.162000000000003,4.637892543533264,MST
ST017,ST020,8.191,29.183000000000003,3.562812843364669,MST
ST017,ST021,12.158000000000001,25.189999999999998,2.0718868234907055,MST
ST017,ST022,12.542000000000002,27.162,2.1656833040982297,MST
ST017,ST023,6.77,25.891,3.8243722304283603,MST
ST017,ST024,7.967,18.079,2.2692355968369524,MST
ST017,ST025,7.984,17.855,2.2363476953907817,MST
ST017,ST026,8.212,16.750999999999998,2.039819775937652,MST
ST017,ST027,8.041,20.249999999999996,2.518343489615719,MST
ST017,ST028,7.665,19.265,2.513372472276582,MST
ST017,ST029,4.322,4.904,1.1346598796853309,MST
ST017,ST030,0.564,9.689,17.179078014184398,MST
ST017,ST031,3.293,20.913999999999998,6.3510476768903725,MST
ST017,ST032,10.11,24.268,2.4003956478733928,MST
ST017,ST033,9.97,31.415000000000003,3.150952858575727,MST
ST017,ST034,4.796,34.35,7.162218515429524,MST
ST017,ST035,4.443,33.914,7.633130767499439,MST
ST017,ST036,5.061,14.793000000000001,2.9229401304090104,MST
ST017,ST037,5.537,33.366,6.02600686292216,MST
ST017,ST038,3.846,9.126999999999999,2.3731149245969836,MST
ST017,ST039,3.4930000000000003,9.225,2.640996278270827,MST
ST017,ST040,1.842,8.077,4.3849077090119435,MST
ST017,ST041,5.607,10.915,1.9466738006063846,MST
ST017,ST042,2.564,7.558,2.9477379095163805,MST
ST017,ST043,7.648,28.481,3.723980125523013,MST
ST017,ST044,8.382,33.013000000000005,3.938558816511573,MST
ST017,ST045,7.149,27.810000000000002,3.8900545530843478,MST
ST017,ST046,6.739,14.206,2.1080278973141415,MST
ST017,ST047,9.004000000000001,23.464,2.605952909817858,MST
ST017,ST048,6.989,35.023,5.011160394906282,MST
ST017,ST049,14.608999999999998,28.767,1.96912861934424,MST
ST017,ST050,8.358,16.569,1.9824120603015074,MST
ST017,ST051,3.517,9.629999999999999,2.738129087290304,MST
ST017,ST052,0.639,0.639,1.0,MST
ST017,ST053,12.213000000000001,23.807,1.9493163023008266,MST
ST017,ST054,5.652,13.119,2.3211252653927814,MST
ST017,ST055,14.163,29.139,2.0574030925651345,MST
ST018,ST019,0.477,5.429,11.381551362683439,MST
ST018,ST020,1.949,3.45,1.7701385325808108,MST
ST018,ST021,6.586,12.433,1.8877922866686911,MST
ST018,ST022,6.573,8.513,1.2951468127186976,MST
ST018,ST023,1.655,13.134,7.93595166163142,MST
ST018,ST024,14.183,38.158,2.6904040047944724,MST
ST018,ST025,13.617,37.934000000000005,2.785782477785122,MST
ST018,ST026,13.579,30.484,2.2449370351277707,MST
ST018,ST027,13.915000000000001,33.983000000000004,2.442184692777578,MST
ST018,ST028,11.947,32.998000000000005,2.7620323093663686,MST
ST018,ST029,8.633,24.983000000000004,2.8938955172014373,MST
ST018,ST030,7.025,29.768000000000004,4.237437722419929,MST
ST018,ST031,3.945,24.563,6.2263624841571605,MST
ST018,ST032,3.868,5.619,1.452688728024819,MST
ST018,ST033,3.728,4.34,1.1641630901287552,MST
ST018,ST034,5.215,8.617,1.6523489932885909,MST
ST018,ST035,4.862,8.181000000000001,1.6826408885232416,MST
ST018,ST036,5.48,34.872,6.363503649635036,MST
ST018,ST037,5.956,7.633,1.2815648085963733,MST
ST018,ST038,9.789,29.206000000000003,2.983552967616713,MST
ST018,ST039,9.489,29.304000000000002,3.0882073980398355,MST
ST018,ST040,6.3469999999999995,21.810000000000002,3.4362691035134714,MST
ST018,ST041,10.523,30.994000000000003,2.9453577877031267,MST
ST018,ST042,8.22,27.637000000000004,3.3621654501216547,MST
ST018,ST043,1.406,1.406,1.0,MST
ST018,ST044,2.1399999999999997,5.938,2.774766355140187,MST
ST018,ST045,0.934,2.077,2.223768736616702,MST
ST018,ST046,3.7,17.855,4.825675675675676,MST
ST018,ST047,3.497,10.706999999999999,3.061767229053474,MST
ST018,ST048,0.747,7.948,10.639892904953147,MST
ST018,ST049,8.366999999999999,10.117999999999999,1.2092745308951833,MST
ST018,ST050,2.786,20.218,7.2569992821249105,MST
ST018,ST051,10.019,29.709000000000003,2.965265994610241,MST
ST018,ST052,6.635,29.248000000000005,4.408138658628486,MST
ST018,ST053,6.96,11.049999999999999,1.5876436781609193,MST
ST018,ST054,4.787,16.768,3.502820137873407,MST
ST018,ST055,8.279,10.49,1.2670612392801064,MST
ST019,ST020,1.979,1.979,1.0,MST
ST019,ST021,6.127,13.708,2.23731026603558,MST
ST019,ST022,6.305,9.788,1.5524187153053133,MST
ST019,ST023,1.664,14.408999999999999,8.659254807692307,MST
ST019,ST024,14.207999999999998,39.43300000000001,2.7754082207207214,MST
ST019,ST025,13.983999999999998,39.20900000000001,2.8038472540045776,MST
ST019,ST026,14.056000000000001,31.759,2.259462151394422,MST
ST019,ST027,14.296,35.258,2.4662842753217684,MST
ST019,ST028,12.424,34.273,2.758612363168062,MST
ST019,ST029,9.11,26.258000000000003,2.882327113062569,MST
ST019,ST030,7.283,31.043000000000003,4.262391871481532,MST
ST019,ST031,4.422,25.837999999999997,5.843057440072365,MST
ST019,ST032,3.411,6.894,2.021108179419525,MST
ST019,ST033,3.836,6.957000000000001,1.8136079249217938,MST
ST019,ST034,5.692,9.892,1.7378777231201685,MST
ST019,ST035,5.339,9.456,1.7711181869263906,MST
ST019,ST036,5.957000000000001,36.147000000000006,6.067987241900285,MST
ST019,ST037,6.415,8.908000000000001,1.3886204208885427,MST
ST019,ST038,10.229,30.481,2.9798611790008804,MST
ST019,ST039,9.966000000000001,30.579,3.0683323299217338,MST
ST019,ST040,6.824,23.085,3.382913247362251,MST
ST019,ST041,10.631,32.269000000000005,3.0353682626281633,MST
ST019,ST042,8.623999999999999,28.912000000000003,3.3525046382189245,MST
ST019,ST043,1.504,4.023000000000001,2.674867021276596,MST
ST019,ST044,2.238,8.555000000000001,3.8226094727435216,MST
ST019,ST045,0.859,3.3520000000000003,3.9022118742724103,MST
ST019,ST046,3.7089999999999996,19.13,5.1577244540307365,MST
ST019,ST047,3.02,11.982,3.967549668874172,MST
ST019,ST048,0.855,10.565000000000001,12.356725146198832,MST
ST019,ST049,7.91,11.393,1.4403286978508218,MST
ST019,ST050,2.327,21.493,9.236355822948001,MST
ST019,ST051,10.236,30.984,3.0269636576787806,MST
ST019,ST052,7.112,30.523000000000003,4.291760404949382,MST
ST019,ST053,6.5009999999999994,12.325,1.8958621750499924,MST
ST019,ST054,4.795999999999999,18.043,3.7620934111759805,MST
ST019,ST055,7.802,11.765,1.507946680338375,MST
ST020,ST021,7.03,11.729000000000001,1.668421052631579,MST
ST020,ST022,6.274,7.809,1.2446605036659228,MST
ST020,ST023,3.334,12.43,3.728254349130174,MST
ST020,ST024,15.928999999999998,37.454,2.351308933391927,MST
ST020,ST025,15.408000000000001,37.230000000000004,2.416277258566978,MST
ST020,ST026,15.262,29.78,1.9512514742497706,MST
ST020,ST027,15.597999999999999,33.278999999999996,2.13354276189255,MST
ST020,ST028,13.895999999999999,32.294000000000004,2.323978123200922,MST
ST020,ST029,10.424,24.279000000000003,2.329144282425173,MST
ST020,ST030,8.227,29.064000000000004,3.532757991977635,MST
ST020,ST031,5.736,23.858999999999998,4.1595188284518825,MST
ST020,ST032,3.417,4.915,1.4383962540239978,MST
ST020,ST033,1.99,4.978,2.501507537688442,MST
ST020,ST034,5.992,7.913,1.3205941255006677,MST
ST020,ST035,6.436,7.477,1.1617464263517714,MST
ST020,ST036,6.189,34.168000000000006,5.520762643399581,MST
ST020,ST037,5.501,6.929,1.2595891656062534,MST
ST020,ST038,10.468,28.502000000000002,2.722774168895682,MST
ST020,ST039,10.226,28.6,2.7967924897320553,MST
ST020,ST040,7.832,21.106,2.694841675178754,MST
ST020,ST041,11.227,30.290000000000003,2.697960274338648,MST
ST020,ST042,9.822,26.933000000000003,2.742109549989819,MST
ST020,ST043,0.792,2.044,2.580808080808081,MST
ST020,ST044,0.406,6.576,16.197044334975367,MST
ST020,ST045,1.373,1.373,1.0,MST
ST020,ST046,5.379,17.151,3.1885108756274403,MST
ST020,ST047,3.98,10.003,2.5133165829145727,MST
ST020,ST048,2.009,8.586,4.273768043802887,MST
ST020,ST049,7.9159999999999995,9.414,1.1892369883779688,MST
ST020,ST050,4.182,19.514,4.666188426590148,MST
ST020,ST051,11.708,29.005000000000003,2.4773659036556204,MST
ST020,ST052,8.426,28.544000000000004,3.387609779254688,MST
ST020,ST053,7.395,10.346,1.3990534144692361,MST
ST020,ST054,6.465999999999999,16.064,2.4843798329724716,MST
ST020,ST055,7.845,9.786,1.2474187380497133,MST
ST021,ST022,0.983,9.708,9.87589013224822,MST
ST021,ST023,5.955,8.437,1.4167926112510494,MST
ST021,ST024,19.531,33.461,1.713225129281655,MST
ST021,ST025,18.965,33.237,1.752544160295281,MST
ST021,ST026,17.558999999999997,25.787,1.4685916054445016,MST
ST021,ST027,17.182,29.285999999999998,1.7044581538819694,MST
ST021,ST028,17.688000000000002,28.301000000000002,1.6000113071008593,MST
ST021,ST029,14.374,20.286,1.4112981772645055,MST
ST021,ST030,12.29,25.071,2.039951179820993,MST
ST021,ST031,9.293,19.865999999999996,2.1377380824276333,MST
ST021,ST032,3.877,6.814,1.7575444931648183,MST
ST021,ST033,5.896,13.960999999999999,2.3678765264586157,MST
ST021,ST034,11.283,16.896,1.4974740760436056,MST
ST021,ST035,10.93,16.46,1.5059469350411712,MST
ST021,ST036,11.574,30.175,2.6071366856747886,MST
ST021,ST037,11.237,15.911999999999999,1.4160363086232979,MST
ST021,ST038,15.137,24.509,1.6191451410451212,MST
ST021,ST039,14.837,24.607,1.6584889128530027,MST
ST021,ST040,11.253,17.113,1.5207500222162977,MST
ST021,ST041,15.645999999999999,26.297,1.6807490732455581,MST
ST021,ST042,13.568,22.94,1.690742924528302,MST
ST021,ST043,6.354,11.027,1.7354422411079633,MST
ST021,ST044,6.851,15.559,2.271055320391184,MST
ST021,ST045,5.683,10.356,1.8222769663909908,MST
ST021,ST046,6.163,13.157999999999998,2.1349991887067983,MST
ST021,ST047,3.762,6.01,1.5975544922913343,MST
ST021,ST048,6.483,17.569,2.710010797470307,MST
ST021,ST049,3.415,11.312999999999999,3.312737920937042,MST
ST021,ST050,3.8,15.520999999999997,4.084473684210526,MST
ST021,ST051,14.762,25.012,1.6943503590299418,MST
ST021,ST052,11.982999999999999,24.551000000000002,2.0488191604773434,MST
ST021,ST053,0.374,6.353,16.98663101604278,MST
ST021,ST054,7.25,12.070999999999998,1.664965517241379,MST
ST021,ST055,2.96,11.685,3.9476351351351355,MST
ST022,ST023,6.145,10.408999999999999,1.6938974776240845,MST
ST022,ST024,19.487000000000002,35.433,1.8182891158208034,MST
ST022,ST025,18.921,35.209,1.8608424501876224,MST
ST022,ST026,18.333,27.759,1.5141548028145968,MST
ST022,ST027,17.956,31.258,1.740810871018044,MST
ST022,ST028,17.878,30.273000000000003,1.693310213670433,MST
ST022,ST029,14.564,22.258000000000003,1.5282889316121946,MST
ST022,ST030,12.329,27.043000000000003,2.1934463460134643,MST
ST022,ST031,9.249,21.837999999999997,2.361120121094172,MST
ST022,ST032,2.894,2.894,1.0,MST
ST022,ST033,4.913,10.041,2.043761449216365,MST
ST022,ST034,11.239,12.975999999999999,1.1545511166473883,MST
ST022,ST035,10.886,12.54,1.1519382693367628,MST
ST022,ST036,11.53,32.147000000000006,2.7881179531656555,MST
ST022,ST037,11.195,11.992,1.0711924966502904,MST
ST022,ST038,15.093,26.481,1.7545219638242895,MST
ST022,ST039,14.793,26.579,1.796728182248361,MST
ST022,ST040,11.651,19.085,1.638056819157154,MST
ST022,ST041,15.602,28.269000000000002,1.8118830919112936,MST
ST022,ST042,13.524000000000001,24.912000000000003,1.842058562555457,MST
ST022,ST043,5.95,7.107,1.194453781512605,MST
ST022,ST044,5.868,11.639000000000001,1.9834696659850035,MST
ST022,ST045,5.639,6.436,1.1413371165100195,MST
ST022,ST046,6.936999999999999,15.129999999999999,2.181058094277065,MST
ST022,ST047,4.352,7.981999999999999,1.834099264705882,MST
ST022,ST048,6.439,13.649000000000001,2.1197390899207953,MST
ST022,ST049,2.432,7.393,3.0398848684210527,MST
ST022,ST050,4.574,17.493,3.824442501093135,MST
ST022,ST051,14.952,26.984,1.8047084002140183,MST
ST022,ST052,11.939,26.523000000000003,2.221542842784153,MST
ST022,ST053,1.357,8.325,6.134856300663227,MST
ST022,ST054,8.024,14.043,1.7501246261216352,MST
ST022,ST055,1.977,1.977,1.0,MST
ST023,ST024,13.969,34.162,2.4455580213329515,MST
ST023,ST025,13.403,33.938,2.532119674699694,MST
ST023,ST026,13.365,26.488,1.9818930041152263,MST
ST023,ST027,13.083,29.987,2.2920583963922647,MST
ST023,ST028,11.733,29.002000000000002,2.471831586124606,MST
ST023,ST029,8.419,20.987000000000002,2.4928138733816367,MST
ST023,ST030,6.811,25.772000000000002,3.783879019233593,MST
ST023,ST031,3.731,20.566999999999997,5.5124631466094876,MST
ST023,ST032,4.753,7.515000000000001,1.5811066694719125,MST
ST023,ST033,5.324,14.661999999999999,2.7539444027047333,MST
ST023,ST034,5.721,17.597,3.075860863485405,MST
ST023,ST035,5.368,17.161,3.196907600596125,MST
ST023,ST036,5.986,30.876,5.158035415970598,MST
ST023,ST037,6.462,16.613,2.570875889817394,MST
ST023,ST038,9.575,25.21,2.63289817232376,MST
ST023,ST039,9.274999999999999,25.308,2.728625336927224,MST
ST023,ST040,6.133,17.814,2.9046143812163705,MST
ST023,ST041,11.2,26.998,2.4105357142857144,MST
ST023,ST042,8.006,23.641000000000002,2.9529103172620537,MST
ST023,ST043,3.061,11.728,3.8314276380267884,MST
ST023,ST044,3.74,16.259999999999998,4.3475935828877,MST
ST023,ST045,2.5229999999999997,11.057,4.382481173206501,MST
ST023,ST046,2.045,13.858999999999998,6.7770171149144245,MST
ST023,ST047,3.166,6.711,2.1197094125078966,MST
ST023,ST048,2.402,18.27,7.6061615320566185,MST
ST023,ST049,8.577,12.014,1.4007228634720763,MST
ST023,ST050,2.437,16.221999999999998,6.656544932293803,MST
ST023,ST051,8.807,25.713,2.919609401612354,MST
ST023,ST052,6.420999999999999,25.252000000000002,3.93272076000623,MST
ST023,ST053,6.329,7.054,1.114552061937115,MST
ST023,ST054,3.1319999999999997,12.771999999999998,4.077905491698595,MST
ST023,ST055,8.122,12.386000000000001,1.5249938438808177,MST
ST024,ST025,1.561,6.234,3.9935938500960924,MST
ST024,ST026,11.521,25.022,2.1718600815901397,MST
ST024,ST027,11.857,28.520999999999997,2.405414523066543,MST
ST024,ST028,7.811,27.536,3.525284854692101,MST
ST024,ST029,7.1290000000000004,13.175,1.8480852854537804,MST
ST024,ST030,8.431,17.96,2.1302336614873685,MST
ST024,ST031,10.238,29.185,2.8506544246923227,MST
ST024,ST032,17.619,32.539,1.8468130994948635,MST
ST024,ST033,16.986,39.686,2.336394677970093,MST
ST024,ST034,11.466,42.621,3.7171637885923605,MST
ST024,ST035,11.24,42.185,3.7531138790035588,MST
ST024,ST036,10.632,23.064,2.1693002257336342,MST
ST024,ST037,11.108,41.637,3.748379546272956,MST
ST024,ST038,7.022,17.398,2.477641697522073,MST
ST024,ST039,6.775,17.496000000000002,2.5824354243542436,MST
ST024,ST040,8.768,16.348,1.8645072992700726,MST
ST024,ST041,6.62,7.164,1.0821752265861027,MST
ST024,ST042,6.281,10.521,1.6750517433529695,MST
ST024,ST043,15.137,36.752,2.4279579837484313,MST
ST024,ST044,15.871,41.284,2.6012223552391154,MST
ST024,ST045,14.638000000000002,36.081,2.4648859133761443,MST
ST024,ST046,14.059999999999999,22.477,1.5986486486486489,MST
ST024,ST047,16.852,31.735,1.8831592689295038,MST
ST024,ST048,14.478000000000002,43.294,2.990330156098908,MST
ST024,ST049,21.919,37.038000000000004,1.6897668689265022,MST
ST024,ST050,16.221,24.84,1.5313482522655817,MST
ST024,ST051,5.421,12.593,2.323003135952776,MST
ST024,ST052,7.911,17.44,2.2045253444570854,MST
ST024,ST053,19.904999999999998,32.078,1.6115548857071091,MST
ST024,ST054,12.972999999999999,21.39,1.648809064981115,MST
ST024,ST055,21.464000000000002,37.41,1.74291837495341,MST
ST025,ST026,10.588000000000001,24.798000000000002,2.3420853796751038,MST
ST025,ST027,10.924,28.297,2.590351519589894,MST
ST025,ST028,6.878,27.312000000000005,3.9709217795870897,MST
ST025,ST029,6.563000000000001,12.951,1.973335364924577,MST
ST025,ST030,7.865,17.736,2.2550540368722185,MST
ST025,ST031,9.672,28.961000000000002,2.994313482216708,MST
ST025,ST032,17.395,32.315000000000005,1.8577177349813168,MST
ST025,ST033,16.919,39.462,2.3324073526804185,MST
ST025,ST034,10.9,42.397000000000006,3.8896330275229363,MST
ST025,ST035,10.674,41.961000000000006,3.9311410905002817,MST
ST025,ST036,10.066,22.84,2.26902443870455,MST
ST025,ST037,10.542,41.413000000000004,3.9283817112502377,MST
ST025,ST038,6.274,17.174,2.7373286579534586,MST
ST025,ST039,6.209,17.272,2.7817684007086485,MST
ST025,ST040,8.202,16.124000000000002,1.9658619848817365,MST
ST025,ST041,6.054,6.9399999999999995,1.1463495209778658,MST
ST025,ST042,5.715,10.297,1.8017497812773404,MST
ST025,ST043,14.745,36.528000000000006,2.477314343845372,MST
ST025,ST044,15.479,41.06,2.652626138639447,MST
ST025,ST045,14.246,35.857000000000006,2.516987224484066,MST
ST025,ST046,13.835999999999999,22.253000000000004,1.608340560855739,MST
ST025,ST047,16.286,31.511000000000003,1.9348520201399975,MST
ST025,ST048,14.086,43.07,3.057645889535709,MST
ST025,ST049,21.352999999999998,36.81400000000001,1.7240668758488273,MST
ST025,ST050,15.655000000000001,24.616000000000003,1.5724049824337274,MST
ST025,ST051,4.855,12.369,2.547682801235839,MST
ST025,ST052,7.345,17.216,2.3439074200136147,MST
ST025,ST053,19.339,31.854000000000003,1.6471379078545947,MST
ST025,ST054,12.748999999999999,21.166000000000004,1.6602086438152017,MST
ST025,ST055,20.898,37.186,1.7794047277251412,MST
ST026,ST027,0.457,3.4989999999999997,7.6564551422319465,MST
ST026,ST028,3.71,4.954,1.335309973045822,MST
ST026,ST029,6.175,11.847,1.9185425101214575,MST
ST026,ST030,8.776,16.631999999999998,1.8951686417502276,MST
ST026,ST031,9.634,21.511,2.2328212580444258,MST
ST026,ST032,17.404,24.865,1.4286945529763273,MST
ST026,ST033,16.802,32.01199999999999,1.9052493750743955,MST
ST026,ST034,13.008,34.946999999999996,2.6865774907749076,MST
ST026,ST035,12.655,34.510999999999996,2.7270644014223624,MST
ST026,ST036,13.273,21.736,1.6376101860920667,MST
ST026,ST037,13.748999999999999,33.962999999999994,2.4702160157102333,MST
ST026,ST038,9.348,16.07,1.7190842961061188,MST
ST026,ST039,9.446,16.168,1.7116239678170655,MST
ST026,ST040,7.43,8.674,1.16742934051144,MST
ST026,ST041,9.312999999999999,17.858,1.9175346290132076,MST
ST026,ST042,7.779,14.501,1.864121352358915,MST
ST026,ST043,14.469999999999999,29.077999999999996,2.009536973047685,MST
ST026,ST044,15.203999999999999,33.60999999999999,2.2106024730334117,MST
ST026,ST045,13.998,28.406999999999996,2.0293613373339046,MST
ST026,ST046,11.795,14.802999999999999,1.2550233149639678,MST
ST026,ST047,14.364,24.060999999999996,1.675090504037872,MST
ST026,ST048,13.811,35.61999999999999,2.5791036130620513,MST
ST026,ST049,19.601,29.363999999999997,1.4980868323044743,MST
ST026,ST050,13.759,17.166,1.247619739806672,MST
ST026,ST051,7.587,16.573,2.1843943587715833,MST
ST026,ST052,8.850999999999999,16.112,1.8203592814371257,MST
ST026,ST053,17.837,24.403999999999996,1.3681672927061723,MST
ST026,ST054,10.708,13.716,1.2809114680612625,MST
ST026,ST055,19.146,29.736,1.5531181447822,MST
ST027,ST028,4.046,8.453,2.089223924864063,MST
ST027,ST029,6.511,15.345999999999998,2.356934418676086,MST
ST027,ST030,8.605,20.131,2.339453805926787,MST
ST027,ST031,9.97,25.009999999999994,2.50852557673019,MST
ST027,ST032,17.027,28.363999999999997,1.6658248663886766,MST
ST027,ST033,17.138,35.510999999999996,2.072062084257206,MST
ST027,ST034,12.837,38.446,2.994936511646023,MST
ST027,ST035,12.484,38.01,3.0446972124319127,MST
ST027,ST036,13.102,25.235,1.9260418256754692,MST
ST027,ST037,13.578,37.461999999999996,2.7590219472676387,MST
ST027,ST038,9.684,19.569,2.020755885997522,MST
ST027,ST039,9.782,19.666999999999998,2.0105295440605193,MST
ST027,ST040,7.766,12.172999999999998,1.5674736028843674,MST
ST027,ST041,9.582,21.357,2.228866624921728,MST
ST027,ST042,8.115,18.0,2.2181146025878005,MST
ST027,ST043,14.806000000000001,32.577,2.200256652708361,MST
ST027,ST044,15.540000000000001,37.108999999999995,2.3879665379665376,MST
ST027,ST045,14.334,31.906,2.225896469931631,MST
ST027,ST046,11.418,18.301999999999996,1.6029076896128918,MST
ST027,ST047,13.986999999999998,27.559999999999995,1.9704010867233859,MST
ST027,ST048,14.147,39.11899999999999,2.7651798967979073,MST
ST027,ST049,19.224,32.863,1.7094777361631295,MST
ST027,ST050,13.382,20.664999999999996,1.5442385293678071,MST
ST027,ST051,7.923,20.072,2.533383819260381,MST
ST027,ST052,8.68,19.610999999999997,2.259331797235023,MST
ST027,ST053,17.46,27.902999999999995,1.5981099656357385,MST
ST027,ST054,10.331,17.214999999999996,1.6663440131642626,MST
ST027,ST055,18.769,33.23499999999999,1.7707389844957107,MST
ST028,ST029,5.556,14.360999999999999,2.5847732181425482,MST
ST028,ST030,8.229,19.146,2.326649653663872,MST
ST028,ST031,9.015,24.024999999999995,2.6650027731558508,MST
ST028,ST032,15.815,27.378999999999998,1.7312045526398987,MST
ST028,ST033,15.674999999999999,34.525999999999996,2.202615629984051,MST
ST028,ST034,12.461,37.461,3.006259529732766,MST
ST028,ST035,12.108,37.025,3.0578956062107694,MST
ST028,ST036,12.383,24.25,1.958329968505209,MST
ST028,ST037,12.859,36.477,2.8366902558519325,MST
ST028,ST038,8.65,18.584,2.1484393063583815,MST
ST028,ST039,8.698,18.682,2.1478500804782708,MST
ST028,ST040,6.811,11.187999999999999,1.6426369108794596,MST
ST028,ST041,7.951,20.372,2.5621934347880773,MST
ST028,ST042,7.16,17.015,2.3763966480446927,MST
ST028,ST043,13.353,31.592,2.365910282333558,MST
ST028,ST044,14.087,36.123999999999995,2.5643501100305244,MST
ST028,ST045,12.880999999999998,30.921,2.4005123825789925,MST
ST028,ST046,12.459,17.316999999999997,1.3899189341038605,MST
ST028,ST047,14.899,26.574999999999996,1.7836767568293173,MST
ST028,ST048,12.693999999999999,38.13399999999999,3.0040964235071685,MST
ST028,ST049,20.31,31.877999999999997,1.5695716395864105,MST
ST028,ST050,14.17,19.679999999999996,1.3888496824276637,MST
ST028,ST051,6.968,19.087,2.7392365097588978,MST
ST028,ST052,8.304,18.625999999999998,2.2430154142581884,MST
ST028,ST053,18.062,26.917999999999996,1.490311150481674,MST
ST028,ST054,11.372,16.229999999999997,1.4271895884628911,MST
ST028,ST055,19.855,32.24999999999999,1.6242760010073025,MST
ST029,ST030,4.785,4.785,1.0,MST
ST029,ST031,5.377,16.009999999999998,2.9774967453970613,MST
ST029,ST032,12.501,19.364,1.548996080313575,MST
ST029,ST033,12.064,26.511,2.1975298408488064,MST
ST029,ST034,8.536,29.445999999999998,3.4496251171508905,MST
ST029,ST035,8.1,29.009999999999998,3.5814814814814815,MST
ST029,ST036,8.009,9.889,1.2347359220876513,MST
ST029,ST037,8.485,28.462,3.354390100176783,MST
ST029,ST038,4.223,4.223,1.0,MST
ST029,ST039,4.321,4.321,1.0,MST
ST029,ST040,3.173,3.173,1.0,MST
ST029,ST041,3.138,6.011,1.915551306564691,MST
ST029,ST042,2.654,2.654,1.0,MST
ST029,ST043,9.732,23.576999999999998,2.4226263871763254,MST
ST029,ST044,10.466,28.108999999999998,2.6857443149245177,MST
ST029,ST045,9.233,22.906,2.480883786418282,MST
ST029,ST046,8.821,9.302,1.054528964969958,MST
ST029,ST047,11.332,18.56,1.637839745852453,MST
ST029,ST048,9.073,30.119,3.3196296704507877,MST
ST029,ST049,16.996,23.863,1.404036243822076,MST
ST029,ST050,10.626000000000001,11.665,1.097779032561641,MST
ST029,ST051,1.708,4.726,2.7669789227166275,MST
ST029,ST052,4.265,4.265,1.0,MST
ST029,ST053,14.748000000000001,18.903,1.2817331163547598,MST
ST029,ST054,7.734,8.215,1.0621929144039306,MST
ST029,ST055,16.519,24.235000000000003,1.4670984926448336,MST
ST030,ST031,3.08,20.794999999999998,6.7516233766233755,MST
ST030,ST032,9.897,24.149,2.4400323330302114,MST
ST030,ST033,9.757,31.296000000000003,3.207543302244543,MST
ST030,ST034,5.062,34.231,6.762346898459107,MST
ST030,ST035,4.626,33.795,7.30544747081712,MST
ST030,ST036,5.244000000000001,14.674000000000001,2.7982456140350878,MST
ST030,ST037,5.720000000000001,33.247,5.812412587412587,MST
ST030,ST038,3.282,9.008,2.74466788543571,MST
ST030,ST039,3.38,9.106,2.6940828402366863,MST
ST030,ST040,1.629,7.958,4.885205647636587,MST
ST030,ST041,5.759,10.796,1.874631012328529,MST
ST030,ST042,2.893,7.439,2.5713791911510544,MST
ST030,ST043,7.435,28.362000000000002,3.814660390047075,MST
ST030,ST044,8.169,32.894000000000005,4.026686252907333,MST
ST030,ST045,6.936,27.691000000000003,3.9923587081891583,MST
ST030,ST046,6.526,14.087,2.1585963836959854,MST
ST030,ST047,9.219,23.345,2.5322703113135914,MST
ST030,ST048,6.776,34.904,5.151121605667061,MST
ST030,ST049,14.396,28.648,1.9899972214504027,MST
ST030,ST050,8.49,16.45,1.9375736160188455,MST
ST030,ST051,4.0809999999999995,9.511,2.3305562362166135,MST
ST030,ST052,0.791,9.05,11.441213653603034,MST
ST030,ST053,12.664,23.688,1.870499052432091,MST
ST030,ST054,5.439,13.0,2.3901452472881046,MST
ST030,ST055,14.224,29.02,2.040213723284589,MST
ST031,ST032,7.813,18.944,2.424676820683476,MST
ST031,ST033,7.673,26.090999999999998,3.4003649159390066,MST
ST031,ST034,6.03,29.025999999999996,4.813598673300165,MST
ST031,ST035,5.677,28.589999999999996,5.036110621807293,MST
ST031,ST036,6.321,25.898999999999997,4.097294731846227,MST
ST031,ST037,6.771,28.041999999999998,4.141485748043125,MST
ST031,ST038,5.844,20.232999999999997,3.462183436002737,MST
ST031,ST039,5.5440000000000005,20.330999999999996,3.6672077922077913,MST
ST031,ST040,2.402,12.837,5.344296419650291,MST
ST031,ST041,7.632000000000001,22.020999999999997,2.885351153039832,MST
ST031,ST042,4.275,18.663999999999998,4.365847953216373,MST
ST031,ST043,5.351,23.156999999999996,4.327602317323864,MST
ST031,ST044,6.085,27.688999999999997,4.5503697617091206,MST
ST031,ST045,4.879,22.485999999999997,4.608731297397007,MST
ST031,ST046,5.3629999999999995,8.882,1.6561625955621855,MST
ST031,ST047,6.614,18.139999999999997,2.742667069851829,MST
ST031,ST048,4.692,29.698999999999998,6.329710144927535,MST
ST031,ST049,11.681000000000001,23.442999999999998,2.006934337813543,MST
ST031,ST050,6.08,11.245,1.8495065789473684,MST
ST031,ST051,6.074,20.735999999999997,3.4138952914059923,MST
ST031,ST052,2.69,20.275,7.537174721189591,MST
ST031,ST053,9.667,18.482999999999997,1.9119685528085235,MST
ST031,ST054,4.873,7.795,1.5996306176893083,MST
ST031,ST055,11.226,23.815,2.1214145733119545,MST
ST032,ST033,2.081,7.147,3.434406535319558,MST
ST032,ST034,9.083,10.082,1.109985687548167,MST
ST032,ST035,8.73,9.646,1.104925544100802,MST
ST032,ST036,9.146,29.253000000000004,3.198447408703258,MST
ST032,ST037,8.458,9.097999999999999,1.0756680066209505,MST
ST032,ST038,13.179,23.587000000000003,1.789741255026937,MST
ST032,ST039,12.833,23.685000000000002,1.8456323540871193,MST
ST032,ST040,10.11,16.191000000000003,1.601483679525223,MST
ST032,ST041,13.504999999999999,25.375000000000004,1.8789337282487972,MST
ST032,ST042,12.014999999999999,22.018000000000004,1.8325426550145656,MST
ST032,ST043,3.095,4.213,1.361227786752827,MST
ST032,ST044,3.013,8.745000000000001,2.902422834384335,MST
ST032,ST045,3.542,3.542,1.0,MST
ST032,ST046,6.177,12.236,1.9808968755059093,MST
ST032,ST047,4.347,5.088,1.1704623878536922,MST
ST032,ST048,4.266,10.755,2.521097046413502,MST
ST032,ST049,4.499,4.499,1.0,MST
ST032,ST050,4.271,14.599,3.4181690470615784,MST
ST032,ST051,13.56,24.090000000000003,1.776548672566372,MST
ST032,ST052,10.503,23.629000000000005,2.249738170046654,MST
ST032,ST053,4.2509999999999994,5.431,1.2775817454716538,MST
ST032,ST054,7.263999999999999,11.149000000000001,1.5348292951541853,MST
ST032,ST055,4.731,4.871,1.0295920524202073,MST
ST033,ST034,7.5809999999999995,10.145,1.338213955942488,MST
ST033,ST035,7.497,9.709,1.2950513538748833,MST
ST033,ST036,7.0649999999999995,36.400000000000006,5.1521585279547075,MST
ST033,ST037,6.377,9.161000000000001,1.4365689195546498,MST
ST033,ST038,11.114,30.734,2.7653410113370525,MST
ST033,ST039,11.212,30.832,2.749910809846593,MST
ST033,ST040,9.372,23.338,2.490183525394793,MST
ST033,ST041,12.767,32.522000000000006,2.5473486331949564,MST
ST033,ST042,11.361999999999998,29.165000000000003,2.566889632107024,MST
ST033,ST043,2.332,2.934,1.258147512864494,MST
ST033,ST044,1.598,1.598,1.0,MST
ST033,ST045,2.981,3.6050000000000004,1.2093257296209328,MST
ST033,ST046,7.273,19.383,2.665062560153994,MST
ST033,ST047,5.588,12.235,2.1895132426628487,MST
ST033,ST048,3.606,3.608,1.0005546311702718,MST
ST033,ST049,6.473,11.646,1.7991657654874094,MST
ST033,ST050,5.79,21.746,3.755785837651122,MST
ST033,ST051,13.406,31.237000000000002,2.3300760853349245,MST
ST033,ST052,10.022,30.776000000000003,3.070844142885652,MST
ST033,ST053,6.235,12.578,2.017321571772253,MST
ST033,ST054,8.36,18.296,2.188516746411483,MST
ST033,ST055,6.669,12.018,1.8020692757534864,MST
ST034,ST035,0.462,12.644,27.36796536796537,MST
ST034,ST036,0.834,39.33500000000001,47.16426858513191,MST
ST034,ST037,1.204,12.096,10.046511627906977,MST
ST034,ST038,5.716,33.669000000000004,5.8903079076277125,MST
ST034,ST039,5.814,33.767,5.807877536979705,MST
ST034,ST040,6.322,26.273000000000003,4.155805124960456,MST
ST034,ST041,9.239,35.45700000000001,3.8377530035718155,MST
ST034,ST042,6.53,32.10000000000001,4.9157733537519155,MST
ST034,ST043,6.443,7.211,1.1191991308396712,MST
ST034,ST044,6.398,11.743,1.8354173179118476,MST
ST034,ST045,6.149,6.54,1.0635875752154822,MST
ST034,ST046,6.911,22.318,3.2293445232238462,MST
ST034,ST047,8.311,15.17,1.8252917819756949,MST
ST034,ST048,5.962,13.753,2.3067762495806776,MST
ST034,ST049,13.582,14.581,1.0735532322191135,MST
ST034,ST050,7.605,24.681,3.2453648915187374,MST
ST034,ST051,7.654999999999999,34.17200000000001,4.464010450685828,MST
ST034,ST052,4.271,33.711000000000006,7.892999297588388,MST
ST034,ST053,11.657,15.513,1.3307883675045038,MST
ST034,ST054,7.997999999999999,21.231,2.6545386346586652,MST
ST034,ST055,13.216000000000001,14.953000000000001,1.131431598062954,MST
ST035,ST036,0.644,38.899,60.40217391304348,MST
ST035,ST037,1.12,11.66,10.410714285714285,MST
ST035,ST038,5.28,33.233000000000004,6.294128787878789,MST
ST035,ST039,5.378,33.331,6.197657121606546,MST
ST035,ST040,5.886,25.837000000000003,4.389568467550119,MST
ST035,ST041,8.803,35.02100000000001,3.9783028513006933,MST
ST035,ST042,6.177,31.664000000000005,5.12611299983811,MST
ST035,ST043,6.007,6.775,1.1278508406858667,MST
ST035,ST044,6.03,11.307,1.8751243781094526,MST
ST035,ST045,5.796,6.104,1.0531400966183575,MST
ST035,ST046,6.475,21.882,3.37945945945946,MST
ST035,ST047,7.875,14.734,1.870984126984127,MST
ST035,ST048,5.609,13.317,2.374220003565698,MST
ST035,ST049,13.229,14.145,1.0692418172197444,MST
ST035,ST050,7.169,24.245,3.3819221648765523,MST
ST035,ST051,7.218999999999999,33.736000000000004,4.673223438149329,MST
ST035,ST052,3.835,33.275000000000006,8.676662320730118,MST
ST035,ST053,11.304,15.077,1.3337756546355273,MST
ST035,ST054,7.561999999999999,20.795,2.749933879925946,MST
ST035,ST055,12.863,14.517000000000001,1.1285858664386226,MST
ST036,ST037,0.688,38.351,55.74273255813954,MST
ST036,ST038,5.221,14.112000000000002,2.7029304730894466,MST
ST036,ST039,5.269,14.21,2.6969064338584174,MST
ST036,ST040,6.5040000000000004,13.062000000000001,2.0083025830258303,MST
ST036,ST041,9.421,15.900000000000002,1.687718925804055,MST
ST036,ST042,6.573,12.543000000000001,1.908261068005477,MST
ST036,ST043,6.146999999999999,33.466,5.444281763461852,MST
ST036,ST044,6.17,37.998,6.158508914100486,MST
ST036,ST045,6.244,32.795,5.252242152466368,MST
ST036,ST046,7.093,19.191,2.705625264345129,MST
ST036,ST047,8.493,28.448999999999998,3.349699752737548,MST
ST036,ST048,6.227,40.007999999999996,6.4249237192869755,MST
ST036,ST049,13.538,33.752,2.4931304476288965,MST
ST036,ST050,7.787,21.554,2.7679465776293823,MST
ST036,ST051,7.837,14.615000000000002,1.8648717621538857,MST
ST036,ST052,4.453,14.154,3.178531327195149,MST
ST036,ST053,11.948,28.791999999999998,2.409775694676933,MST
ST036,ST054,8.18,18.104,2.21320293398533,MST
ST036,ST055,13.507,34.123999999999995,2.5263937217738945,MST
ST037,ST038,4.967,32.685,6.580430843567547,MST
ST037,ST039,5.065,32.783,6.472458045409674,MST
ST037,ST040,6.98,25.289,3.6230659025787966,MST
ST037,ST041,9.274,34.473000000000006,3.717166271296098,MST
ST037,ST042,6.708,31.116000000000003,4.638640429338104,MST
ST037,ST043,5.459,6.227,1.1406851071624842,MST
ST037,ST044,5.482,10.759000000000002,1.9626048887267424,MST
ST037,ST045,5.556,5.556,1.0,MST
ST037,ST046,7.569,21.334,2.8186021931562952,MST
ST037,ST047,8.163,14.185999999999998,1.7378414798480948,MST
ST037,ST048,6.192,12.769000000000002,2.0621770025839794,MST
ST037,ST049,12.85,13.596999999999998,1.0581322957198442,MST
ST037,ST050,8.289,23.697,2.8588490770901194,MST
ST037,ST051,7.679,33.188,4.321916916265139,MST
ST037,ST052,4.929,32.727000000000004,6.639683505782107,MST
ST037,ST053,11.611,14.528999999999998,1.2513134096977003,MST
ST037,ST054,8.656,20.247,2.339071164510166,MST
ST037,ST055,12.948,13.969,1.078853877046648,MST
ST038,ST039,1.349,8.544,6.33358042994811,MST
ST038,ST040,4.911,7.396,1.5060069232335573,MST
ST038,ST041,4.469,10.234,2.2899977623629444,MST
ST038,ST042,2.385,6.877,2.8834381551362687,MST
ST038,ST043,10.425999999999998,27.799999999999997,2.66641089583733,MST
ST038,ST044,10.449,32.332,3.094267394008996,MST
ST038,ST045,10.218,27.128999999999998,2.655020551967117,MST
ST038,ST046,9.808,13.524999999999999,1.3789763458401303,MST
ST038,ST047,12.458000000000002,22.782999999999998,1.8287847166479365,MST
ST038,ST048,10.058,34.342,3.41439650029827,MST
ST038,ST049,17.525,28.086,1.6026248216833097,MST
ST038,ST050,11.772,15.887999999999998,1.349643221202854,MST
ST038,ST051,3.27,8.949,2.736697247706422,MST
ST038,ST052,3.367,8.488,2.520938520938521,MST
ST038,ST053,15.511000000000001,23.125999999999998,1.4909419121913479,MST
ST038,ST054,8.721,12.437999999999999,1.4262125902992775,MST
ST038,ST055,17.07,28.458000000000002,1.6671353251318102,MST
ST039,ST040,4.905,7.494,1.5278287461773699,MST
ST039,ST041,4.913,10.332,2.102992061876654,MST
ST039,ST042,2.747,6.975,2.5391336002912266,MST
ST039,ST043,9.797,27.897999999999996,2.847606410125548,MST
ST039,ST044,9.82,32.43,3.3024439918533606,MST
ST039,ST045,9.894,27.226999999999997,2.751869820092985,MST
ST039,ST046,9.905999999999999,13.623,1.3752271350696548,MST
ST039,ST047,12.158000000000001,22.880999999999997,1.8819707188682344,MST
ST039,ST048,9.913,34.44,3.474225764148088,MST
ST039,ST049,17.224999999999998,28.183999999999997,1.6362264150943397,MST
ST039,ST050,11.624,15.985999999999999,1.375258086717137,MST
ST039,ST051,3.723,9.047,2.4300295460650014,MST
ST039,ST052,2.854,8.585999999999999,3.008409250175192,MST
ST039,ST053,15.211,23.223999999999997,1.526789823154296,MST
ST039,ST054,8.818999999999999,12.536,1.4214763578637035,MST
ST039,ST055,16.77,28.556,1.7028026237328564,MST
ST040,ST041,6.311,9.184000000000001,1.45523688797338,MST
ST040,ST042,3.46,5.827,1.6841040462427745,MST
ST040,ST043,7.04,20.403999999999996,2.8982954545454542,MST
ST040,ST044,7.774,24.935999999999996,3.207615127347568,MST
ST040,ST045,6.568,19.732999999999997,3.0044153471376367,MST
ST040,ST046,6.129,6.129,1.0,MST
ST040,ST047,8.159,15.386999999999997,1.8858928790292924,MST
ST040,ST048,6.381,26.945999999999998,4.222849083215796,MST
ST040,ST049,14.083,20.689999999999998,1.469147198750266,MST
ST040,ST050,7.453,8.491999999999999,1.1394069502213873,MST
ST040,ST051,4.881,7.899,1.618315918869084,MST
ST040,ST052,2.051,7.438,3.6265236470014623,MST
ST040,ST053,11.627,15.729999999999997,1.3528855250709553,MST
ST040,ST054,5.042,5.042,1.0,MST
ST040,ST055,13.628,21.062,1.5454945700029352,MST
ST041,ST042,3.357,3.357,1.0,MST
ST041,ST043,10.435,29.588,2.835457594633445,MST
ST041,ST044,11.169,34.12,3.054884054078252,MST
ST041,ST045,9.963,28.917,2.9024390243902443,MST
ST041,ST046,9.524,15.313,1.6078328433431333,MST
ST041,ST047,12.593,24.570999999999998,1.9511633447153178,MST
ST041,ST048,9.776,36.129999999999995,3.6957855973813416,MST
ST041,ST049,17.81,29.874,1.6773722627737226,MST
ST041,ST050,11.886999999999999,17.676000000000002,1.4870026078909737,MST
ST041,ST051,2.393,5.429,2.2687003760969495,MST
ST041,ST052,4.968,10.276,2.0684380032206118,MST
ST041,ST053,15.83,24.913999999999998,1.5738471257106759,MST
ST041,ST054,8.437,14.226,1.686144364110466,MST
ST041,ST055,17.222,30.246,1.756242016026013,MST
ST042,ST043,9.03,26.231,2.904872646733112,MST
ST042,ST044,9.764,30.763,3.1506554690700534,MST
ST042,ST045,8.531,25.560000000000002,2.996131754776697,MST
ST042,ST046,8.121,11.956,1.4722324836842753,MST
ST042,ST047,10.814,21.214,1.9617162936933603,MST
ST042,ST048,8.371,32.773,3.91506391112173,MST
ST042,ST049,15.956000000000001,26.517,1.6618826773627473,MST
ST042,ST050,10.085,14.318999999999999,1.419831432821021,MST
ST042,ST051,2.072,2.072,1.0,MST
ST042,ST052,2.348,6.919,2.946763202725724,MST
ST042,ST053,13.942,21.557,1.5461913642232104,MST
ST042,ST054,7.034,10.869,1.5452089849303383,MST
ST042,ST055,15.501000000000001,26.889,1.7346622798529125,MST
ST043,ST044,0.734,4.532,6.174386920980926,MST
ST043,ST045,0.671,0.671,1.0,MST
ST043,ST046,4.974,16.449,3.3069963811821474,MST
ST043,ST047,3.278,9.301,2.8374008541793776,MST
ST043,ST048,1.307,6.542,5.0053557765876056,MST
ST043,ST049,7.593999999999999,8.712,1.1472214906505136,MST
ST043,ST050,3.48,18.812,5.405747126436782,MST
ST043,ST051,11.102,28.303000000000004,2.549360475589984,MST
ST043,ST052,7.723,27.842000000000006,3.605075747766413,MST
ST043,ST053,6.728,9.644,1.4334126040428063,MST
ST043,ST054,6.061,15.362000000000002,2.5345652532585383,MST
ST043,ST055,7.8260000000000005,9.084,1.1607462305136722,MST
ST044,ST045,1.383,5.203,3.7621113521330445,MST
ST044,ST046,5.675,20.981,3.6970925110132162,MST
ST044,ST047,3.99,13.833,3.4669172932330827,MST
ST044,ST048,2.008,5.206,2.5926294820717133,MST
ST044,ST049,7.512,13.244,1.7630457933972312,MST
ST044,ST050,4.192,23.344,5.568702290076336,MST
ST044,ST051,11.808,32.835,2.780741869918699,MST
ST044,ST052,8.424,32.374,3.84306742640076,MST
ST044,ST053,6.997,14.176,2.0260111476347005,MST
ST044,ST054,6.762,19.894000000000002,2.942028985507247,MST
ST044,ST055,7.744,13.616000000000001,1.7582644628099175,MST
ST045,ST046,4.467,15.777999999999999,3.5321244683232593,MST
ST045,ST047,2.631,8.629999999999999,3.2801216267578868,MST
ST045,ST048,0.8,7.213000000000001,9.016250000000001,MST
ST045,ST049,7.847,8.041,1.0247228240091755,MST
ST045,ST050,2.833,18.141,6.403459230497704,MST
ST045,ST051,10.603000000000002,27.631999999999998,2.6060548901254355,MST
ST045,ST052,7.23,27.171,3.7580912863070535,MST
ST045,ST053,6.0569999999999995,8.972999999999999,1.4814264487369984,MST
ST045,ST054,5.553999999999999,14.690999999999999,2.645120633777458,MST
ST045,ST055,7.392,8.413,1.1381222943722944,MST
ST046,ST047,3.069,11.431999999999999,3.7249918540241116,MST
ST046,ST048,3.667,22.991,6.269702754295064,MST
ST046,ST049,8.306,16.735,2.0148085721165425,MST
ST046,ST050,2.363,2.363,1.0,MST
ST046,ST051,10.12,14.027999999999999,1.3861660079051383,MST
ST046,ST052,7.317,13.567,1.8541752084187508,MST
ST046,ST053,6.393,11.774999999999999,1.8418582824964804,MST
ST046,ST054,1.087,1.087,1.0,MST
ST046,ST055,7.851,17.107,2.1789580945102536,MST
ST047,ST048,3.431,15.843,4.617604197027106,MST
ST047,ST049,6.569,9.587,1.4594306591566448,MST
ST047,ST050,0.729,13.794999999999998,18.92318244170096,MST
ST047,ST051,11.973,23.285999999999998,1.9448759709346026,MST
ST047,ST052,9.304,22.825,2.4532459157351676,MST
ST047,ST053,3.916,4.627,1.1815628192032686,MST
ST047,ST054,4.156,10.344999999999999,2.489172281039461,MST
ST047,ST055,6.114,9.959,1.6288845273143604,MST
ST048,ST049,8.647,15.253999999999998,1.7640800277552906,MST
ST048,ST050,3.182,25.354,7.967944688874922,MST
ST048,ST051,10.443,34.845,3.3366848606722206,MST
ST048,ST052,7.059,34.384,4.87094489304434,MST
ST048,ST053,6.856999999999999,16.186,2.3605075105731372,MST
ST048,ST054,4.754,21.904,4.6074884307951205,MST
ST048,ST055,8.192,15.626,1.907470703125,MST
ST049,ST050,6.734,19.098,2.836055836055836,MST
ST049,ST051,17.384,28.589,1.644558214450069,MST
ST049,ST052,14.371,28.128,1.9572750678449655,MST
ST049,ST053,3.789,9.93,2.620744259699129,MST
ST049,ST054,9.392999999999999,15.648,1.6659214308527628,MST
ST049,ST055,0.676,9.37,13.860946745562128,MST
ST050,ST051,11.244,16.391000000000002,1.4577552472429742,MST
ST050,ST052,8.77,15.93,1.8164196123147094,MST
ST050,ST053,4.1739999999999995,14.137999999999998,3.387158600862482,MST
ST050,ST054,3.45,3.45,1.0,MST
ST050,ST055,6.177,19.47,3.152015541525012,MST
ST051,ST052,3.384,8.991,2.6569148936170213,MST
ST051,ST053,15.136000000000001,23.628999999999998,1.5611125792811837,MST
ST051,ST054,9.033,12.940999999999999,1.4326358906232701,MST
ST051,ST055,16.929,28.961000000000002,1.710733061610255,MST
ST052,ST053,12.357,23.168,1.874888727037307,MST
ST052,ST054,6.23,12.48,2.003210272873194,MST
ST052,ST055,13.916,28.500000000000004,2.048002299511354,MST
ST053,ST054,7.393,10.687999999999999,1.445691870688489,MST
ST053,ST055,3.334,10.302,3.08998200359928,MST
ST054,ST055,8.785,16.02,1.8235628912919748,MST
ST001,ST002,0.619,0.619,1.0,T2_SPANNER
ST001,ST003,6.8,8.495999999999999,1.2494117647058822,T2_SPANNER
ST001,ST004,3.811,3.811,1.0,T2_SPANNER
ST001,ST005,3.419,4.577,1.338695525007312,T2_SPANNER
ST001,ST006,7.161,10.091000000000001,1.4091607317413772,T2_SPANNER
ST001,ST007,6.545,9.943,1.5191749427043544,T2_SPANNER
ST001,ST008,8.055,8.14,1.010552451893234,T2_SPANNER
ST001,ST009,8.887,10.196,1.1472937999324855,T2_SPANNER
ST001,ST010,11.633,12.024000000000001,1.0336112782601221,T2_SPANNER
ST001,ST011,4.454,4.547,1.020880107768298,T2_SPANNER
ST001,ST012,9.602,9.663,1.0063528431576754,T2_SPANNER
ST001,ST013,9.482,9.482,1.0,T2_SPANNER
ST001,ST014,10.345,10.995999999999999,1.0629289511841467,T2_SPANNER
ST001,ST015,11.924,13.468,1.1294867494129488,T2_SPANNER
ST001,ST016,10.361,10.361,1.0,T2_SPANNER
ST001,ST017,5.41,5.471,1.011275415896488,T2_SPANNER
ST001,ST018,6.58,6.58,1.0,T2_SPANNER
ST001,ST019,6.5889999999999995,6.5889999999999995,1.0,T2_SPANNER
ST001,ST020,7.875,8.529,1.083047619047619,T2_SPANNER
ST001,ST021,9.161000000000001,9.341999999999999,1.0197576683768144,T2_SPANNER
ST001,ST022,9.935,11.07,1.1142425767488675,T2_SPANNER
ST001,ST023,4.925,4.925,1.0,T2_SPANNER
ST001,ST024,12.299999999999999,13.59,1.104878048780488,T2_SPANNER
ST001,ST025,13.215,13.366,1.0114264093832765,T2_SPANNER
ST001,ST026,11.399000000000001,11.42,1.0018422668655145,T2_SPANNER
ST001,ST027,11.022,11.043,1.001905280348394,T2_SPANNER
ST001,ST028,11.775,13.136,1.1155838641188958,T2_SPANNER
ST001,ST029,8.007,8.007,1.0,T2_SPANNER
ST001,ST030,5.974,6.035,1.0102109139604956,T2_SPANNER
ST001,ST031,4.665,4.726,1.0130760986066452,T2_SPANNER
ST001,ST032,9.175,9.812999999999999,1.069536784741144,T2_SPANNER
ST001,ST033,9.479,10.533000000000001,1.1111931638358479,T2_SPANNER
ST001,ST034,8.216000000000001,10.356,1.260467380720545,T2_SPANNER
ST001,ST035,7.8629999999999995,9.92,1.261604985374539,T2_SPANNER
ST001,ST036,8.507,10.532,1.238039261784413,T2_SPANNER
ST001,ST037,8.983,11.008,1.2254258042970052,T2_SPANNER
ST001,ST038,9.128,9.452,1.0354951796669587,T2_SPANNER
ST001,ST039,8.889,9.55,1.074361570480369,T2_SPANNER
ST001,ST040,5.747,5.797,1.0087001914042109,T2_SPANNER
ST001,ST041,10.347999999999999,11.145,1.0770197139543873,T2_SPANNER
ST001,ST042,7.559,8.187000000000001,1.0830797724566743,T2_SPANNER
ST001,ST043,7.173,7.915,1.1034434685626655,T2_SPANNER
ST001,ST044,7.885,8.935,1.1331642358909322,T2_SPANNER
ST001,ST045,6.502,8.586,1.3205167640725932,T2_SPANNER
ST001,ST046,2.998,4.156,1.3862575050033354,T2_SPANNER
ST001,ST047,5.936999999999999,7.225,1.2169445848071416,T2_SPANNER
ST001,ST048,6.497999999999999,7.0969999999999995,1.0921822099107419,T2_SPANNER
ST001,ST049,11.303999999999998,12.756999999999998,1.1285385704175512,T2_SPANNER
ST001,ST050,5.361000000000001,5.542,1.0337623577690729,T2_SPANNER
ST001,ST051,8.36,9.469,1.1326555023923446,T2_SPANNER
ST001,ST052,6.035,6.085,1.008285004142502,T2_SPANNER
ST001,ST053,9.285,10.980999999999998,1.1826602046311252,T2_SPANNER
ST001,ST054,1.911,3.069,1.6059654631083202,T2_SPANNER
ST001,ST055,10.682,11.719,1.0970791986519377,T2_SPANNER
ST002,ST003,6.181,7.877,1.2743892574017148,T2_SPANNER
ST002,ST004,3.192,3.192,1.0,T2_SPANNER
ST002,ST005,2.8,4.963,1.7725000000000002,T2_SPANNER
ST002,ST006,6.542,9.472000000000001,1.4478752675022932,T2_SPANNER
ST002,ST007,5.926,10.562,1.7823152210597366,T2_SPANNER
ST002,ST008,7.436,7.521000000000001,1.0114308768154923,T2_SPANNER
ST002,ST009,8.268,9.577,1.1583212385099177,T2_SPANNER
ST002,ST010,11.014,12.632,1.1469039404394408,T2_SPANNER
ST002,ST011,3.835,3.928,1.0242503259452411,T2_SPANNER
ST002,ST012,8.983,10.282,1.1446064789045975,T2_SPANNER
ST002,ST013,8.913,10.100999999999999,1.1332884550656344,T2_SPANNER
ST002,ST014,9.776,11.614999999999998,1.1881137479541735,T2_SPANNER
ST002,ST015,11.305,12.849,1.136576735957541,T2_SPANNER
ST002,ST016,9.742,9.742,1.0,T2_SPANNER
ST002,ST017,4.791,6.09,1.2711333750782716,T2_SPANNER
ST002,ST018,5.961,5.961,1.0,T2_SPANNER
ST002,ST019,5.97,5.97,1.0,T2_SPANNER
ST002,ST020,7.256,7.91,1.0901323042998898,T2_SPANNER
ST002,ST021,8.542,8.722999999999999,1.0211894169983609,T2_SPANNER
ST002,ST022,9.315999999999999,10.451,1.1218334048948049,T2_SPANNER
ST002,ST023,4.306,4.306,1.0,T2_SPANNER
ST002,ST024,11.681,12.971,1.110435750363839,T2_SPANNER
ST002,ST025,12.596,12.747,1.0119879326770402,T2_SPANNER
ST002,ST026,10.780000000000001,12.039,1.116790352504638,T2_SPANNER
ST002,ST027,10.403,11.661999999999999,1.1210227818898393,T2_SPANNER
ST002,ST028,11.156,13.754999999999999,1.2329688060236643,T2_SPANNER
ST002,ST029,8.350999999999999,8.350999999999999,1.0,T2_SPANNER
ST002,ST030,5.355,6.654,1.2425770308123247,T2_SPANNER
ST002,ST031,4.046,5.345,1.3210578348986652,T2_SPANNER
ST002,ST032,8.556,9.193999999999999,1.0745675549322113,T2_SPANNER
ST002,ST033,8.86,9.914000000000001,1.1189616252821672,T2_SPANNER
ST002,ST034,7.597,9.737,1.2816901408450703,T2_SPANNER
ST002,ST035,7.244,9.301,1.28395913859746,T2_SPANNER
ST002,ST036,7.888,11.151,1.4136663286004056,T2_SPANNER
ST002,ST037,8.364,11.626999999999999,1.3901243424198946,T2_SPANNER
ST002,ST038,8.509,8.833,1.038077329886003,T2_SPANNER
ST002,ST039,8.284,8.931000000000001,1.0781023660067601,T2_SPANNER
ST002,ST040,5.178,5.178,1.0,T2_SPANNER
ST002,ST041,9.729,11.488999999999999,1.1809024565731319,T2_SPANNER
ST002,ST042,6.94,8.806000000000001,1.2688760806916428,T2_SPANNER
ST002,ST043,6.554,7.296,1.1132133048519988,T2_SPANNER
ST002,ST044,7.266,8.316,1.1445086705202314,T2_SPANNER
ST002,ST045,5.883,7.9670000000000005,1.3542410334863166,T2_SPANNER
ST002,ST046,2.379,4.7749999999999995,2.0071458596048757,T2_SPANNER
ST002,ST047,5.318,7.843999999999999,1.4749905979691613,T2_SPANNER
ST002,ST048,5.879,6.478,1.101888076203436,T2_SPANNER
ST002,ST049,10.684999999999999,12.137999999999998,1.1359850257370145,T2_SPANNER
ST002,ST050,4.742,4.923,1.0381695487136229,T2_SPANNER
ST002,ST051,7.741,8.85,1.1432631442966026,T2_SPANNER
ST002,ST052,5.430000000000001,5.466,1.0066298342541435,T2_SPANNER
ST002,ST053,8.666,10.362,1.1957073621047773,T2_SPANNER
ST002,ST054,1.292,3.6879999999999997,2.854489164086687,T2_SPANNER
ST002,ST055,10.063,11.1,1.1030507800854614,T2_SPANNER
ST003,ST004,4.263,4.685,1.0989913206661974,T2_SPANNER
ST003,ST005,4.21,5.476,1.3007125890736342,T2_SPANNER
ST003,ST006,12.193999999999999,13.434000000000001,1.1016893554206988,T2_SPANNER
ST003,ST007,11.892,12.584,1.0581903800874537,T2_SPANNER
ST003,ST008,13.004999999999999,14.142999999999999,1.0875048058439063,T2_SPANNER
ST003,ST009,13.838,15.282,1.1043503396444574,T2_SPANNER
ST003,ST010,16.573999999999998,17.908,1.0804875105587066,T2_SPANNER
ST003,ST011,3.1750000000000003,4.442,1.3990551181102362,T2_SPANNER
ST003,ST012,14.213,18.159,1.2776331527474847,T2_SPANNER
ST003,ST013,14.001,17.897000000000002,1.2782658381544176,T2_SPANNER
ST003,ST014,15.514999999999999,16.383000000000003,1.055945858846278,T2_SPANNER
ST003,ST015,17.486,19.508,1.1156353654352051,T2_SPANNER
ST003,ST016,15.472000000000001,17.483,1.1299767321613237,T2_SPANNER
ST003,ST017,10.538,11.449,1.0864490415638641,T2_SPANNER
ST003,ST018,4.966,6.145,1.2374144180426903,T2_SPANNER
ST003,ST019,4.507,6.233,1.3829598402485024,T2_SPANNER
ST003,ST020,4.917999999999999,5.193,1.0559170394469297,T2_SPANNER
ST003,ST021,2.859,3.868,1.352920601608954,T2_SPANNER
ST003,ST022,3.668,5.84,1.5921483097055615,T2_SPANNER
ST003,ST023,4.569,4.569,1.0,T2_SPANNER
ST003,ST024,17.862000000000002,19.999,1.1196394580674054,T2_SPANNER
ST003,ST025,17.835,19.433,1.0895991028875804,T2_SPANNER
ST003,ST026,15.939,19.125000000000004,1.199887069452287,T2_SPANNER
ST003,ST027,15.562,19.458000000000002,1.250353425009639,T2_SPANNER
ST003,ST028,16.302,16.302,1.0,T2_SPANNER
ST003,ST029,12.806000000000001,14.513,1.1332968920818365,T2_SPANNER
ST003,ST030,10.67,11.737,1.1,T2_SPANNER
ST003,ST031,8.26,10.09,1.221549636803874,T2_SPANNER
ST003,ST032,2.946,2.946,1.0,T2_SPANNER
ST003,ST033,4.416,5.027,1.1383605072463767,T2_SPANNER
ST003,ST034,9.663,11.312999999999999,1.1707544240918968,T2_SPANNER
ST003,ST035,9.31,10.876999999999999,1.1683136412459718,T2_SPANNER
ST003,ST036,9.954,11.495000000000001,1.154812135824794,T2_SPANNER
ST003,ST037,9.617,10.329,1.0740355620255797,T2_SPANNER
ST003,ST038,13.952,15.454999999999998,1.1077264908256879,T2_SPANNER
ST003,ST039,13.803999999999998,14.536000000000001,1.0530281077948422,T2_SPANNER
ST003,ST040,9.633000000000001,11.34,1.177203363438181,T2_SPANNER
ST003,ST041,14.026,14.735,1.050548980464851,T2_SPANNER
ST003,ST042,12.265,13.954,1.137708927843457,T2_SPANNER
ST003,ST043,4.734,4.739,1.001056189269117,T2_SPANNER
ST003,ST044,4.512,5.598999999999999,1.2409131205673758,T2_SPANNER
ST003,ST045,4.063,4.773,1.1747477233571253,T2_SPANNER
ST003,ST046,4.543,5.211,1.1470394012766894,T2_SPANNER
ST003,ST047,2.142,2.142,1.0,T2_SPANNER
ST003,ST048,4.8629999999999995,7.202,1.480978819658647,T2_SPANNER
ST003,ST049,5.138,6.279999999999999,1.2222654729466718,T2_SPANNER
ST003,ST050,2.18,5.437,2.494036697247706,T2_SPANNER
ST003,ST051,13.376000000000001,15.472,1.1566985645933012,T2_SPANNER
ST003,ST052,10.95,12.088,1.1039269406392693,T2_SPANNER
ST003,ST053,2.485,2.485,1.0,T2_SPANNER
ST003,ST054,5.63,6.298,1.1186500888099467,T2_SPANNER
ST003,ST055,4.683,4.683,1.0,T2_SPANNER
ST004,ST005,1.874,2.591,1.3826040554962646,T2_SPANNER
ST004,ST006,8.466,8.749,1.0334278289629106,T2_SPANNER
ST004,ST007,7.85,7.899,1.0062420382165607,T2_SPANNER
ST004,ST008,8.741999999999999,9.458,1.0819034545870512,T2_SPANNER
ST004,ST009,9.575,11.348,1.185169712793734,T2_SPANNER
ST004,ST010,12.311,15.128000000000002,1.228819754690927,T2_SPANNER
ST004,ST011,2.231,3.0780000000000003,1.3796503809950698,T2_SPANNER
ST004,ST012,9.95,13.474,1.3541708542713569,T2_SPANNER
ST004,ST013,10.767,13.293,1.234605739760379,T2_SPANNER
ST004,ST014,11.329999999999998,13.603000000000002,1.2006178287731688,T2_SPANNER
ST004,ST015,14.497,14.823,1.0224874111885218,T2_SPANNER
ST004,ST016,11.55,12.934000000000001,1.1198268398268398,T2_SPANNER
ST004,ST017,6.764,6.764,1.0,T2_SPANNER
ST004,ST018,3.3680000000000003,6.175,1.8334323040380045,T2_SPANNER
ST004,ST019,2.926,6.183999999999999,2.113465481886534,T2_SPANNER
ST004,ST020,4.663,5.295,1.1355350632639931,T2_SPANNER
ST004,ST021,5.883,5.883,1.0,T2_SPANNER
ST004,ST022,6.657,9.248000000000001,1.3892143608231937,T2_SPANNER
ST004,ST023,1.713,4.52,2.638645650904845,T2_SPANNER
ST004,ST024,14.235,15.314,1.075799086757991,T2_SPANNER
ST004,ST025,13.669,14.748000000000001,1.0789377423366742,T2_SPANNER
ST004,ST026,11.747,15.231,1.2965863624755256,T2_SPANNER
ST004,ST027,11.37,14.854,1.3064204045734389,T2_SPANNER
ST004,ST028,13.012,14.429,1.108899477405472,T2_SPANNER
ST004,ST029,9.373999999999999,11.543000000000001,1.2313846810326436,T2_SPANNER
ST004,ST030,7.077,7.328,1.0354670057934154,T2_SPANNER
ST004,ST031,3.997,8.536999999999999,2.1358518889166875,T2_SPANNER
ST004,ST032,5.657,6.354,1.1232101820753049,T2_SPANNER
ST004,ST033,6.271,6.894,1.0993461967788232,T2_SPANNER
ST004,ST034,5.987,10.462,1.7474528144312678,T2_SPANNER
ST004,ST035,5.634,10.026,1.779552715654952,T2_SPANNER
ST004,ST036,6.252,10.644,1.7024952015355088,T2_SPANNER
ST004,ST037,6.728,11.790000000000001,1.7523781212841858,T2_SPANNER
ST004,ST038,9.841000000000001,10.77,1.0944009755106188,T2_SPANNER
ST004,ST039,9.541,10.868,1.1390839534639974,T2_SPANNER
ST004,ST040,6.399,8.370000000000001,1.308016877637131,T2_SPANNER
ST004,ST041,10.89,11.954999999999998,1.0977961432506884,T2_SPANNER
ST004,ST042,8.272,9.48,1.1460348162475822,T2_SPANNER
ST004,ST043,3.945,5.563000000000001,1.4101394169835237,T2_SPANNER
ST004,ST044,4.673,5.701,1.2199871602824737,T2_SPANNER
ST004,ST045,3.29,6.234000000000001,1.8948328267477206,T2_SPANNER
ST004,ST046,1.366,4.446,3.254758418740849,T2_SPANNER
ST004,ST047,2.617,5.925000000000001,2.264042797095912,T2_SPANNER
ST004,ST048,3.286,3.286,1.0,T2_SPANNER
ST004,ST049,7.854,9.298,1.1838553603259485,T2_SPANNER
ST004,ST050,2.083,2.083,1.0,T2_SPANNER
ST004,ST051,10.071,10.787,1.0710952239102374,T2_SPANNER
ST004,ST052,6.686999999999999,7.4030000000000005,1.107073426050546,T2_SPANNER
ST004,ST053,6.257,7.17,1.1459165734377497,T2_SPANNER
ST004,ST054,2.4530000000000003,3.518,1.4341622503057478,T2_SPANNER
ST004,ST055,7.399,8.26,1.1163670766319773,T2_SPANNER
ST005,ST006,8.471,11.34,1.3386849250383661,T2_SPANNER
ST005,ST007,8.514,10.49,1.232088325111581,T2_SPANNER
ST005,ST008,9.522,9.522,1.0,T2_SPANNER
ST005,ST009,10.355,11.578,1.1181071945919845,T2_SPANNER
ST005,ST010,12.924,13.118,1.0150108325595792,T2_SPANNER
ST005,ST011,1.035,1.035,1.0,T2_SPANNER
ST005,ST012,10.931000000000001,14.24,1.3027170432714297,T2_SPANNER
ST005,ST013,10.277999999999999,13.107,1.2752481027437246,T2_SPANNER
ST005,ST014,11.593,11.593,1.0,T2_SPANNER
ST005,ST015,14.105,15.8,1.120170152428217,T2_SPANNER
ST005,ST016,11.420000000000002,12.693000000000001,1.1114711033274955,T2_SPANNER
ST005,ST017,7.16,7.511,1.0490223463687152,T2_SPANNER
ST005,ST018,4.208,6.122,1.454847908745247,T2_SPANNER
ST005,ST019,4.217,4.376,1.0377045292862226,T2_SPANNER
ST005,ST020,5.8870000000000005,6.046,1.0270086631561066,T2_SPANNER
ST005,ST021,5.83,5.83,1.0,T2_SPANNER
ST005,ST022,6.603999999999999,7.686,1.1638400969109632,T2_SPANNER
ST005,ST023,2.553,4.467,1.7497062279670974,T2_SPANNER
ST005,ST024,14.481,15.922,1.0995097023686211,T2_SPANNER
ST005,ST025,14.257,15.495000000000001,1.0868345374202146,T2_SPANNER
ST005,ST026,12.216,14.335,1.173461034708579,T2_SPANNER
ST005,ST027,11.838999999999999,14.668,1.2389559929048062,T2_SPANNER
ST005,ST028,12.879999999999999,15.176,1.1782608695652175,T2_SPANNER
ST005,ST029,9.242,9.722999999999999,1.0520450119021854,T2_SPANNER
ST005,ST030,6.947,6.947,1.0,T2_SPANNER
ST005,ST031,4.886,8.952,1.8321735571019238,T2_SPANNER
ST005,ST032,6.2940000000000005,6.301,1.0011121703209405,T2_SPANNER
ST005,ST033,7.767,7.779,1.0015449980687523,T2_SPANNER
ST005,ST034,6.876,11.835,1.7212041884816753,T2_SPANNER
ST005,ST035,6.523,11.399000000000001,1.747508814962441,T2_SPANNER
ST005,ST036,7.141,12.017,1.6828175325584651,T2_SPANNER
ST005,ST037,7.617,10.857,1.4253643166601022,T2_SPANNER
ST005,ST038,10.229,10.834,1.0591455665265421,T2_SPANNER
ST005,ST039,10.327,10.932,1.0585842935993028,T2_SPANNER
ST005,ST040,6.55,6.55,1.0,T2_SPANNER
ST005,ST041,9.945,9.945,1.0,T2_SPANNER
ST005,ST042,8.542,10.227,1.1972605947084993,T2_SPANNER
ST005,ST043,5.481999999999999,5.498,1.0029186428310837,T2_SPANNER
ST005,ST044,6.181,6.181,1.0,T2_SPANNER
ST005,ST045,4.8629999999999995,5.965,1.2266090890396875,T2_SPANNER
ST005,ST046,0.508,2.5949999999999998,5.108267716535432,T2_SPANNER
ST005,ST047,2.676,3.334,1.2458893871449925,T2_SPANNER
ST005,ST048,4.175,4.659,1.1159281437125748,T2_SPANNER
ST005,ST049,8.764,9.245000000000001,1.0548836147877683,T2_SPANNER
ST005,ST050,2.03,2.03,1.0,T2_SPANNER
ST005,ST051,10.541,11.534,1.0942035859975334,T2_SPANNER
ST005,ST052,7.5760000000000005,8.15,1.075765575501584,T2_SPANNER
ST005,ST053,5.885,6.642,1.1286321155480035,T2_SPANNER
ST005,ST054,1.508,1.508,1.0,T2_SPANNER
ST005,ST055,8.206999999999999,8.206999999999999,1.0,T2_SPANNER
ST006,ST007,0.616,6.025,9.780844155844157,T2_SPANNER
ST006,ST008,1.951,1.951,1.0,T2_SPANNER
ST006,ST009,2.599,2.599,1.0,T2_SPANNER
ST006,ST010,8.397,10.5,1.250446588067167,T2_SPANNER
ST006,ST011,9.333,11.370999999999999,1.2183649416050573,T2_SPANNER
ST006,ST012,8.139,8.139,1.0,T2_SPANNER
ST006,ST013,8.849,11.12,1.2566391682676008,T2_SPANNER
ST006,ST014,9.518999999999998,12.025,1.2632629477886335,T2_SPANNER
ST006,ST015,6.311,8.501000000000001,1.347013151639994,T2_SPANNER
ST006,ST016,4.19,5.401,1.2890214797136037,T2_SPANNER
ST006,ST017,1.97,4.6450000000000005,2.357868020304569,T2_SPANNER
ST006,ST018,8.359,10.641,1.2729991625792558,T2_SPANNER
ST006,ST019,8.03,8.03,1.0,T2_SPANNER
ST006,ST020,9.694,10.009,1.0324943263874562,T2_SPANNER
ST006,ST021,13.761999999999999,14.632000000000001,1.063217555587851,T2_SPANNER
ST006,ST022,13.718,14.334999999999999,1.0449774019536375,T2_SPANNER
ST006,ST023,8.08,9.693999999999999,1.1997524752475246,T2_SPANNER
ST006,ST024,6.687,7.071,1.057424854194706,T2_SPANNER
ST006,ST025,6.309,7.0,1.1095260738627357,T2_SPANNER
ST006,ST026,8.185,9.645,1.1783750763591936,T2_SPANNER
ST006,ST027,8.014,9.559,1.1927876216620914,T2_SPANNER
ST006,ST028,7.615,10.485000000000001,1.3768877216021012,T2_SPANNER
ST006,ST029,3.2479999999999998,3.47,1.0683497536945814,T2_SPANNER
ST006,ST030,2.299,4.526,1.9686820356676815,T2_SPANNER
ST006,ST031,4.468999999999999,6.696,1.498321772208548,T2_SPANNER
ST006,ST032,11.421,11.440999999999999,1.001751160143595,T2_SPANNER
ST006,ST033,11.281,12.013000000000002,1.0648878645510151,T2_SPANNER
ST006,ST034,5.936,8.036999999999999,1.35394204851752,T2_SPANNER
ST006,ST035,5.582999999999999,7.684,1.3763209743865308,T2_SPANNER
ST006,ST036,6.226999999999999,6.4190000000000005,1.030833467159146,T2_SPANNER
ST006,ST037,6.702999999999999,6.895,1.0286438907951663,T2_SPANNER
ST006,ST038,2.199,3.263,1.483856298317417,T2_SPANNER
ST006,ST039,2.245,3.3609999999999998,1.4971046770601335,T2_SPANNER
ST006,ST040,3.134,6.643000000000001,2.1196553924696877,T2_SPANNER
ST006,ST041,3.951,6.6080000000000005,1.6724879777271577,T2_SPANNER
ST006,ST042,0.594,4.056,6.828282828282829,T2_SPANNER
ST006,ST043,8.959,9.533999999999999,1.0641812702310525,T2_SPANNER
ST006,ST044,9.693,10.415000000000001,1.0744867430104201,T2_SPANNER
ST006,ST045,8.46,10.204999999999998,1.2062647754137112,T2_SPANNER
ST006,ST046,8.05,11.052,1.3729192546583848,T2_SPANNER
ST006,ST047,10.742999999999999,12.835999999999999,1.194824536907754,T2_SPANNER
ST006,ST048,8.3,12.018,1.4479518072289157,T2_SPANNER
ST006,ST049,15.919999999999998,15.939999999999998,1.0012562814070352,T2_SPANNER
ST006,ST050,10.014,10.832,1.0816856401038548,T2_SPANNER
ST006,ST051,2.665,2.665,1.0,T2_SPANNER
ST006,ST052,1.779,4.006,2.2518268690275436,T2_SPANNER
ST006,ST053,14.136,15.382,1.0881437464629315,T2_SPANNER
ST006,ST054,6.963,9.965,1.4311360045957202,T2_SPANNER
ST006,ST055,15.695,16.311999999999998,1.0393118827652117,T2_SPANNER
ST007,ST008,2.567,7.537000000000001,2.9361121932216596,T2_SPANNER
ST007,ST009,3.2150000000000003,7.875,2.4494556765163296,T2_SPANNER
ST007,ST010,9.013,11.195,1.242094752024853,T2_SPANNER
ST007,ST011,8.717,10.976999999999999,1.2592635080876446,T2_SPANNER
ST007,ST012,8.754999999999999,8.834,1.0090234151913193,T2_SPANNER
ST007,ST013,9.465,11.815,1.248283148441627,T2_SPANNER
ST007,ST014,10.134999999999998,12.72,1.2550567340897882,T2_SPANNER
ST007,ST015,6.924,6.924,1.0,T2_SPANNER
ST007,ST016,4.806,6.096,1.268414481897628,T2_SPANNER
ST007,ST017,1.354,7.383,5.452732644017725,T2_SPANNER
ST007,ST018,7.798,9.161999999999999,1.174916645293665,T2_SPANNER
ST007,ST019,8.073,9.794,1.2131797349188653,T2_SPANNER
ST007,ST020,9.545000000000002,11.110999999999999,1.1640649554740699,T2_SPANNER
ST007,ST021,13.145999999999999,13.782,1.0483797352806938,T2_SPANNER
ST007,ST022,13.102,15.924,1.2153869638223171,T2_SPANNER
ST007,ST023,7.584,10.816999999999998,1.4262921940928268,T2_SPANNER
ST007,ST024,7.300000000000001,7.81,1.06986301369863,T2_SPANNER
ST007,ST025,6.925,9.100999999999999,1.3142238267148014,T2_SPANNER
ST007,ST026,8.801,10.34,1.1748664924440404,T2_SPANNER
ST007,ST027,8.629999999999999,10.254,1.188180764774044,T2_SPANNER
ST007,ST028,8.231,13.724,1.6673551208844613,T2_SPANNER
ST007,ST029,3.864,4.165,1.0778985507246377,T2_SPANNER
ST007,ST030,1.683,7.947,4.721925133689839,T2_SPANNER
ST007,ST031,3.8529999999999998,5.217,1.3540098624448482,T2_SPANNER
ST007,ST032,11.463999999999999,13.03,1.1366015352407537,T2_SPANNER
ST007,ST033,11.185,12.595,1.1260616897630755,T2_SPANNER
ST007,ST034,5.32,5.32,1.0,T2_SPANNER
ST007,ST035,4.967,4.967,1.0,T2_SPANNER
ST007,ST036,5.611,12.005,2.139547317768669,T2_SPANNER
ST007,ST037,6.087,11.039,1.813537046163956,T2_SPANNER
ST007,ST038,2.815,8.388,2.979751332149201,T2_SPANNER
ST007,ST039,2.861,7.083,2.4757077944774553,T2_SPANNER
ST007,ST040,3.004,7.338,2.4427430093209055,T2_SPANNER
ST007,ST041,4.567,7.303,1.599080359097876,T2_SPANNER
ST007,ST042,1.21,5.432,4.489256198347108,T2_SPANNER
ST007,ST043,8.886,10.568,1.1892865181183885,T2_SPANNER
ST007,ST044,9.587,10.997,1.1470741629289662,T2_SPANNER
ST007,ST045,8.393,11.071,1.319075419992851,T2_SPANNER
ST007,ST046,8.093,12.344999999999999,1.5253923143457306,T2_SPANNER
ST007,ST047,10.358,13.702,1.3228422475381347,T2_SPANNER
ST007,ST048,8.222,11.185,1.3603746047190466,T2_SPANNER
ST007,ST049,15.534,17.197,1.1070554911806358,T2_SPANNER
ST007,ST050,9.712,9.982,1.027800658978583,T2_SPANNER
ST007,ST051,3.281,3.36,1.0240780249923802,T2_SPANNER
ST007,ST052,1.163,6.744,5.798796216680997,T2_SPANNER
ST007,ST053,13.52,15.068999999999999,1.1145710059171596,T2_SPANNER
ST007,ST054,7.006,11.417,1.6296031972594918,T2_SPANNER
ST007,ST055,15.079,16.159,1.07162278665694,T2_SPANNER
ST008,ST009,1.712,2.056,1.2009345794392523,T2_SPANNER
ST008,ST010,9.519,9.908,1.040865637146759,T2_SPANNER
ST008,ST011,9.982,10.556999999999999,1.0576036866359446,T2_SPANNER
ST008,ST012,9.058,10.09,1.1139324354162066,T2_SPANNER
ST008,ST013,9.875,12.73,1.2891139240506329,T2_SPANNER
ST008,ST014,10.437999999999999,11.433,1.0953247748610846,T2_SPANNER
ST008,ST015,6.807,6.807,1.0,T2_SPANNER
ST008,ST016,5.244,5.4670000000000005,1.042524790236461,T2_SPANNER
ST008,ST017,2.645,2.694,1.0185255198487713,T2_SPANNER
ST008,ST018,8.593,8.69,1.0112882578843243,T2_SPANNER
ST008,ST019,9.07,9.322,1.0277839029768465,T2_SPANNER
ST008,ST020,10.251000000000001,10.639,1.0378499658569893,T2_SPANNER
ST008,ST021,14.038,14.038,1.0,T2_SPANNER
ST008,ST022,13.994,15.452,1.1041875089323996,T2_SPANNER
ST008,ST023,8.475999999999999,10.344999999999999,1.2205049551675318,T2_SPANNER
ST008,ST024,7.183000000000001,8.185,1.1394960322984824,T2_SPANNER
ST008,ST025,7.469,7.619,1.0200830097737315,T2_SPANNER
ST008,ST026,9.104,10.934000000000001,1.201010544815466,T2_SPANNER
ST008,ST027,8.933,11.27,1.2616142393372887,T2_SPANNER
ST008,ST028,8.534,8.534,1.0,T2_SPANNER
ST008,ST029,4.389,4.759,1.0843016632490317,T2_SPANNER
ST008,ST030,2.575,2.575,1.0,T2_SPANNER
ST008,ST031,4.745,4.745,1.0,T2_SPANNER
ST008,ST032,12.461,12.558,1.007784286975363,T2_SPANNER
ST008,ST033,10.699,11.321,1.05813627441817,T2_SPANNER
ST008,ST034,5.212,6.3260000000000005,1.2137375287797392,T2_SPANNER
ST008,ST035,4.859,5.890000000000001,1.2121835768676683,T2_SPANNER
ST008,ST036,4.468,4.468,1.0,T2_SPANNER
ST008,ST037,4.944,4.944,1.0,T2_SPANNER
ST008,ST038,1.312,1.312,1.0,T2_SPANNER
ST008,ST039,1.41,1.41,1.0,T2_SPANNER
ST008,ST040,4.106,7.147,1.7406234778373113,T2_SPANNER
ST008,ST041,5.243,5.462,1.041769979019645,T2_SPANNER
ST008,ST042,2.105,2.105,1.0,T2_SPANNER
ST008,ST043,9.778,10.096,1.0325219881366332,T2_SPANNER
ST008,ST044,9.845,11.045,1.121889283900457,T2_SPANNER
ST008,ST045,9.285,10.5,1.1308562197092085,T2_SPANNER
ST008,ST046,9.100999999999999,9.100999999999999,1.0,T2_SPANNER
ST008,ST047,11.359000000000002,12.169999999999998,1.0713971300290515,T2_SPANNER
ST008,ST048,9.114,11.826,1.2975641869651087,T2_SPANNER
ST008,ST049,16.426,17.057,1.0384147083891393,T2_SPANNER
ST008,ST050,10.825000000000001,11.463999999999999,1.059030023094688,T2_SPANNER
ST008,ST051,3.584,4.177,1.1654575892857142,T2_SPANNER
ST008,ST052,2.055,2.055,1.0,T2_SPANNER
ST008,ST053,14.412,16.163999999999998,1.121565362198168,T2_SPANNER
ST008,ST054,8.014,8.014,1.0,T2_SPANNER
ST008,ST055,15.971,17.429,1.0912904639659382,T2_SPANNER
ST009,ST010,9.691,10.584,1.0921473532143224,T2_SPANNER
ST009,ST011,10.815,12.293000000000001,1.13666204345816,T2_SPANNER
ST009,ST012,9.23,10.738,1.1633802816901408,T2_SPANNER
ST009,ST013,9.533,12.937,1.35707542221756,T2_SPANNER
ST009,ST014,10.61,12.109,1.1412818096135722,T2_SPANNER
ST009,ST015,5.902,5.902,1.0,T2_SPANNER
ST009,ST016,4.339,4.899,1.1290619958515786,T2_SPANNER
ST009,ST017,3.477,4.750000000000001,1.3661202185792354,T2_SPANNER
ST009,ST018,9.523,10.533,1.1060590150162763,T2_SPANNER
ST009,ST019,10.0,10.629,1.0629,T2_SPANNER
ST009,ST020,10.26,11.521,1.1229044834307993,T2_SPANNER
ST009,ST021,14.870999999999999,15.881,1.067917423172618,T2_SPANNER
ST009,ST022,14.827,16.305,1.0996830107236797,T2_SPANNER
ST009,ST023,9.309,12.187999999999999,1.309270598345687,T2_SPANNER
ST009,ST024,6.2780000000000005,7.567,1.2053201656578527,T2_SPANNER
ST009,ST025,6.963,7.0009999999999994,1.0054574177796927,T2_SPANNER
ST009,ST026,9.276,11.142,1.2011642949547219,T2_SPANNER
ST009,ST027,9.105,11.478,1.2606260296540361,T2_SPANNER
ST009,ST028,7.906,7.906,1.0,T2_SPANNER
ST009,ST029,4.562,4.967,1.0887768522577814,T2_SPANNER
ST009,ST030,3.408,4.631,1.358861502347418,T2_SPANNER
ST009,ST031,5.577999999999999,6.588,1.1810684833273577,T2_SPANNER
ST009,ST032,12.789,13.411,1.0486355461724919,T2_SPANNER
ST009,ST033,10.708,11.33,1.058087411281285,T2_SPANNER
ST009,ST034,5.311,5.438,1.0239126341555262,T2_SPANNER
ST009,ST035,5.085,5.085,1.0,T2_SPANNER
ST009,ST036,4.477,4.477,1.0,T2_SPANNER
ST009,ST037,4.953,4.953,1.0,T2_SPANNER
ST009,ST038,0.744,0.744,1.0,T2_SPANNER
ST009,ST039,0.792,0.792,1.0,T2_SPANNER
ST009,ST040,4.939,5.511,1.1158129175946547,T2_SPANNER
ST009,ST041,4.947,6.138,1.2407519708914494,T2_SPANNER
ST009,ST042,2.781,2.781,1.0,T2_SPANNER
ST009,ST043,9.831,10.589,1.0771030413996543,T2_SPANNER
ST009,ST044,9.854,11.115,1.127968337730871,T2_SPANNER
ST009,ST045,9.928,10.509,1.0585213537469782,T2_SPANNER
ST009,ST046,9.934,11.157,1.1231125427823636,T2_SPANNER
ST009,ST047,12.192,13.14,1.077755905511811,T2_SPANNER
ST009,ST048,9.947,11.825,1.1888006434100735,T2_SPANNER
ST009,ST049,17.181,17.91,1.042430591932949,T2_SPANNER
ST009,ST050,11.658,13.288,1.1398181506261795,T2_SPANNER
ST009,ST051,3.757,4.515,1.2017567207878626,T2_SPANNER
ST009,ST052,2.888,4.111000000000001,1.4234764542936291,T2_SPANNER
ST009,ST053,15.245,17.565,1.1521810429649066,T2_SPANNER
ST009,ST054,8.847,10.07,1.1382389510568556,T2_SPANNER
ST009,ST055,16.804,17.999,1.0711140204713163,T2_SPANNER
ST010,ST011,13.551,14.153000000000002,1.0444247656999486,T2_SPANNER
ST010,ST012,2.361,2.361,1.0,T2_SPANNER
ST010,ST013,2.646,2.822,1.0665154950869238,T2_SPANNER
ST010,ST014,1.525,1.525,1.0,T2_SPANNER
ST010,ST015,11.921,13.687000000000001,1.1481419344014765,T2_SPANNER
ST010,ST016,9.129999999999999,10.58,1.1588170865279301,T2_SPANNER
ST010,ST017,9.126000000000001,10.519,1.1526408064869602,T2_SPANNER
ST010,ST018,13.603,13.801,1.0145556127324855,T2_SPANNER
ST010,ST019,14.08,14.433,1.0250710227272728,T2_SPANNER
ST010,ST020,15.286,15.75,1.0303545728117232,T2_SPANNER
ST010,ST021,18.194,18.86,1.0366054743321975,T2_SPANNER
ST010,ST022,18.907,20.118000000000002,1.0640503517215847,T2_SPANNER
ST010,ST023,13.389,15.456,1.154380461572933,T2_SPANNER
ST010,ST024,11.545,11.545,1.0,T2_SPANNER
ST010,ST025,10.313,10.612,1.0289925336953358,T2_SPANNER
ST010,ST026,1.22,1.22,1.0,T2_SPANNER
ST010,ST027,1.085,3.781,3.484792626728111,T2_SPANNER
ST010,ST028,3.734,3.734,1.0,T2_SPANNER
ST010,ST029,6.442,7.395,1.1479354237814343,T2_SPANNER
ST010,ST030,9.083,11.083,1.2201915666629968,T2_SPANNER
ST010,ST031,9.658,9.856,1.020501138952164,T2_SPANNER
ST010,ST032,17.471,17.669,1.0113330662240285,T2_SPANNER
ST010,ST033,16.826,17.443,1.0366694401521455,T2_SPANNER
ST010,ST034,13.684999999999999,15.428999999999998,1.1274388016075996,T2_SPANNER
ST010,ST035,13.248999999999999,14.992999999999999,1.131632576043475,T2_SPANNER
ST010,ST036,13.867,14.376,1.0367058484171052,T2_SPANNER
ST010,ST037,14.338999999999999,14.852,1.0357765534556107,T2_SPANNER
ST010,ST038,9.372,11.219999999999999,1.1971830985915493,T2_SPANNER
ST010,ST039,9.47,11.318,1.1951425554382258,T2_SPANNER
ST010,ST040,7.454,7.454,1.0,T2_SPANNER
ST010,ST041,9.27,10.533,1.1362459546925567,T2_SPANNER
ST010,ST042,7.803,7.803,1.0,T2_SPANNER
ST010,ST043,14.494,15.207,1.0491927694218297,T2_SPANNER
ST010,ST044,15.228,16.156,1.0609403729971105,T2_SPANNER
ST010,ST045,14.021999999999998,15.878,1.132363428897447,T2_SPANNER
ST010,ST046,12.503,12.697000000000001,1.0155162760937375,T2_SPANNER
ST010,ST047,14.928,15.766000000000002,1.0561361200428725,T2_SPANNER
ST010,ST048,13.835,13.835,1.0,T2_SPANNER
ST010,ST049,20.165,22.168,1.0993305231837343,T2_SPANNER
ST010,ST050,14.394,15.06,1.0462692788661943,T2_SPANNER
ST010,ST051,7.611,8.807,1.1571409801602943,T2_SPANNER
ST010,ST052,9.414,11.158,1.1852560016995963,T2_SPANNER
ST010,ST053,18.401,19.76,1.0738546818107713,T2_SPANNER
ST010,ST054,11.416,11.610000000000001,1.0169936930623686,T2_SPANNER
ST010,ST055,19.71,21.237000000000002,1.0774733637747338,T2_SPANNER
ST011,ST012,11.19,14.21,1.2698838248436104,T2_SPANNER
ST011,ST013,11.312999999999999,14.029,1.2400777866171662,T2_SPANNER
ST011,ST014,12.57,12.628,1.0046141607000796,T2_SPANNER
ST011,ST015,15.14,16.777,1.1081241743725232,T2_SPANNER
ST011,ST016,12.455000000000002,13.670000000000002,1.097551184263348,T2_SPANNER
ST011,ST017,7.363,8.546,1.1606682058943365,T2_SPANNER
ST011,ST018,3.576,5.087,1.422539149888143,T2_SPANNER
ST011,ST019,3.322,3.341,1.005719446116797,T2_SPANNER
ST011,ST020,4.958,5.1770000000000005,1.04417103670835,T2_SPANNER
ST011,ST021,4.795,4.795,1.0,T2_SPANNER
ST011,ST022,5.569,8.16,1.465254085114024,T2_SPANNER
ST011,ST023,1.921,3.432,1.786569495054659,T2_SPANNER
ST011,ST024,15.33,15.793,1.0302022178734507,T2_SPANNER
ST011,ST025,14.909,15.227,1.0213293983499898,T2_SPANNER
ST011,ST026,12.987,15.370000000000001,1.1834911834911837,T2_SPANNER
ST011,ST027,12.61,15.59,1.2363203806502776,T2_SPANNER
ST011,ST028,13.654,15.165000000000001,1.1106635418192472,T2_SPANNER
ST011,ST029,9.925,10.758,1.0839294710327454,T2_SPANNER
ST011,ST030,7.9270000000000005,7.982,1.0069383120978932,T2_SPANNER
ST011,ST031,5.237,7.918,1.5119343135382852,T2_SPANNER
ST011,ST032,5.259,5.266,1.0013310515307092,T2_SPANNER
ST011,ST033,6.732,6.744,1.0017825311942958,T2_SPANNER
ST011,ST034,7.227,10.8,1.4943960149439601,T2_SPANNER
ST011,ST035,6.874,10.364,1.5077102123945303,T2_SPANNER
ST011,ST036,7.492,10.982,1.4658302189001602,T2_SPANNER
ST011,ST037,7.968,9.822,1.2326807228915662,T2_SPANNER
ST011,ST038,11.081,11.722,1.0578467647324248,T2_SPANNER
ST011,ST039,10.780999999999999,11.967,1.1100083480196643,T2_SPANNER
ST011,ST040,7.585,7.585,1.0,T2_SPANNER
ST011,ST041,10.98,10.98,1.0,T2_SPANNER
ST011,ST042,9.512,9.512,1.0,T2_SPANNER
ST011,ST043,4.475,4.475,1.0,T2_SPANNER
ST011,ST044,5.146,5.146,1.0,T2_SPANNER
ST011,ST045,3.828,5.146,1.3443051201671892,T2_SPANNER
ST011,ST046,1.543,3.358,2.1762799740764747,T2_SPANNER
ST011,ST047,1.641,4.369,2.6624009750152346,T2_SPANNER
ST011,ST048,3.624,3.624,1.0,T2_SPANNER
ST011,ST049,7.729,8.21,1.0622331478845906,T2_SPANNER
ST011,ST050,0.995,0.995,1.0,T2_SPANNER
ST011,ST051,10.728,11.584,1.0797912005965697,T2_SPANNER
ST011,ST052,7.927,9.184999999999999,1.158698120348177,T2_SPANNER
ST011,ST053,4.85,6.722,1.3859793814432992,T2_SPANNER
ST011,ST054,2.543,2.543,1.0,T2_SPANNER
ST011,ST055,7.172,7.172,1.0,T2_SPANNER
ST012,ST013,0.817,2.981,3.648714810281518,T2_SPANNER
ST012,ST014,1.38,3.886,2.8159420289855075,T2_SPANNER
ST012,ST015,13.075999999999999,15.186,1.1613643315998778,T2_SPANNER
ST012,ST016,10.015,12.079,1.2060908637044434,T2_SPANNER
ST012,ST017,9.461,12.555,1.3270267413592642,T2_SPANNER
ST012,ST018,13.318,16.162,1.213545577414026,T2_SPANNER
ST012,ST019,12.876,16.168999999999997,1.2557471264367814,T2_SPANNER
ST012,ST020,14.612999999999998,18.111,1.23937589817286,T2_SPANNER
ST012,ST021,15.832999999999998,19.005,1.2003410598117856,T2_SPANNER
ST012,ST022,16.607,20.733,1.2484494490275186,T2_SPANNER
ST012,ST023,11.663,14.588000000000001,1.25079310640487,T2_SPANNER
ST012,ST024,12.7,12.701,1.0000787401574804,T2_SPANNER
ST012,ST025,11.469,11.768,1.026070276397245,T2_SPANNER
ST012,ST026,1.797,1.797,1.0,T2_SPANNER
ST012,ST027,1.42,1.42,1.0,T2_SPANNER
ST012,ST028,4.89,4.89,1.0,T2_SPANNER
ST012,ST029,5.571,7.931,1.4236223299228146,T2_SPANNER
ST012,ST030,10.025,12.665,1.2633416458852866,T2_SPANNER
ST012,ST031,10.814,12.216999999999999,1.1297392269280562,T2_SPANNER
ST012,ST032,15.607,19.476,1.2479015826231818,T2_SPANNER
ST012,ST033,16.220999999999997,19.804,1.2208865051476483,T2_SPANNER
ST012,ST034,14.075,14.154,1.005612788632327,T2_SPANNER
ST012,ST035,13.671,13.800999999999998,1.0095091800160925,T2_SPANNER
ST012,ST036,13.526,14.558,1.0762975011089753,T2_SPANNER
ST012,ST037,14.001999999999999,15.033999999999999,1.073703756606199,T2_SPANNER
ST012,ST038,9.794,10.528,1.0749438431692873,T2_SPANNER
ST012,ST039,9.892,10.626,1.0742013748483623,T2_SPANNER
ST012,ST040,8.61,9.815,1.1399535423925669,T2_SPANNER
ST012,ST041,8.709,11.068999999999999,1.2709840394993683,T2_SPANNER
ST012,ST042,8.225,10.164,1.235744680851064,T2_SPANNER
ST012,ST043,13.895,17.567999999999998,1.264339690536164,T2_SPANNER
ST012,ST044,14.622999999999998,18.517,1.2662928263694182,T2_SPANNER
ST012,ST045,13.239999999999998,18.238999999999997,1.3775679758308157,T2_SPANNER
ST012,ST046,10.51,13.818999999999999,1.3148430066603234,T2_SPANNER
ST012,ST047,12.567,16.887999999999998,1.3438370335004375,T2_SPANNER
ST012,ST048,13.235999999999999,16.195999999999998,1.223632517376851,T2_SPANNER
ST012,ST049,17.804,22.419999999999998,1.2592675803190294,T2_SPANNER
ST012,ST050,12.033,15.205,1.263608410205269,T2_SPANNER
ST012,ST051,7.279,9.343,1.2835554334386592,T2_SPANNER
ST012,ST052,9.835999999999999,12.145,1.2347498983326557,T2_SPANNER
ST012,ST053,16.04,20.644,1.2870324189526183,T2_SPANNER
ST012,ST054,9.423,12.732,1.3511620503024513,T2_SPANNER
ST012,ST055,17.349,21.381999999999998,1.2324629661651967,T2_SPANNER
ST013,ST014,1.514,1.514,1.0,T2_SPANNER
ST013,ST015,13.106,15.327000000000002,1.1694643674652831,T2_SPANNER
ST013,ST016,10.045,12.22,1.2165256346441016,T2_SPANNER
ST013,ST017,9.602,12.696,1.3222245365548844,T2_SPANNER
ST013,ST018,13.437999999999999,16.062,1.1952671528501266,T2_SPANNER
ST013,ST019,13.447,16.071,1.1951364616643119,T2_SPANNER
ST013,ST020,15.116999999999999,18.011000000000003,1.191440100549051,T2_SPANNER
ST013,ST021,15.620999999999999,18.823999999999998,1.2050444913897957,T2_SPANNER
ST013,ST022,16.395,20.107,1.2264104910033546,T2_SPANNER
ST013,ST023,11.783,14.407,1.2226937112789613,T2_SPANNER
ST013,ST024,12.73,12.841999999999999,1.0087981146897091,T2_SPANNER
ST013,ST025,11.61,11.908999999999999,1.0257536606373816,T2_SPANNER
ST013,ST026,1.938,1.938,1.0,T2_SPANNER
ST013,ST027,1.561,1.561,1.0,T2_SPANNER
ST013,ST028,5.031,5.031,1.0,T2_SPANNER
ST013,ST029,5.601,8.072,1.4411712194251025,T2_SPANNER
ST013,ST030,10.166,12.857,1.2647058823529411,T2_SPANNER
ST013,ST031,10.955,12.678,1.1572797809219535,T2_SPANNER
ST013,ST032,16.034,19.294999999999998,1.2033803168267432,T2_SPANNER
ST013,ST033,17.037999999999997,19.961000000000002,1.17155769456509,T2_SPANNER
ST013,ST034,14.137,16.608,1.1747895593124424,T2_SPANNER
ST013,ST035,13.701,16.172,1.180351799138749,T2_SPANNER
ST013,ST036,13.61,16.081,1.1815576781778105,T2_SPANNER
ST013,ST037,14.085999999999999,16.557,1.1754224052250462,T2_SPANNER
ST013,ST038,9.824,12.294999999999998,1.2515268729641693,T2_SPANNER
ST013,ST039,9.922,12.392999999999999,1.2490425317476312,T2_SPANNER
ST013,ST040,8.751,10.276,1.1742657981944922,T2_SPANNER
ST013,ST041,8.739,11.209999999999999,1.2827554640119005,T2_SPANNER
ST013,ST042,8.254999999999999,10.625,1.2870987280436101,T2_SPANNER
ST013,ST043,14.712,17.397,1.1825040783034257,T2_SPANNER
ST013,ST044,15.439999999999998,18.417,1.1928108808290159,T2_SPANNER
ST013,ST045,14.056999999999999,18.067999999999998,1.2853382656327808,T2_SPANNER
ST013,ST046,9.857,12.686,1.2870041594805723,T2_SPANNER
ST013,ST047,12.549999999999999,15.754999999999999,1.2553784860557768,T2_SPANNER
ST013,ST048,13.524,16.353,1.209183673469388,T2_SPANNER
ST013,ST049,18.162999999999997,22.238999999999997,1.2244122666960304,T2_SPANNER
ST013,ST050,11.821,15.024,1.2709584637509517,T2_SPANNER
ST013,ST051,7.309,9.484,1.2975783280886577,T2_SPANNER
ST013,ST052,9.866,12.337,1.2504561118994526,T2_SPANNER
ST013,ST053,15.995,19.749,1.23469834323226,T2_SPANNER
ST013,ST054,8.77,11.599,1.3225769669327252,T2_SPANNER
ST013,ST055,17.555,21.201,1.2076901167758474,T2_SPANNER
ST014,ST015,13.446,15.212,1.1313401755168824,T2_SPANNER
ST014,ST016,10.655000000000001,12.105,1.1360863444392304,T2_SPANNER
ST014,ST017,9.946,12.044,1.2109390709833099,T2_SPANNER
ST014,ST018,14.697999999999999,15.008000000000001,1.0210913049394477,T2_SPANNER
ST014,ST019,14.255999999999998,15.227,1.068111672278339,T2_SPANNER
ST014,ST020,15.992999999999997,16.848,1.0534608891389985,T2_SPANNER
ST014,ST021,17.134999999999998,17.335,1.011672016340823,T2_SPANNER
ST014,ST022,17.909,18.593,1.0381930872745548,T2_SPANNER
ST014,ST023,13.043,14.260000000000002,1.0933067545810016,T2_SPANNER
ST014,ST024,13.07,13.07,1.0,T2_SPANNER
ST014,ST025,11.838000000000001,12.137,1.0252576448724446,T2_SPANNER
ST014,ST026,2.362,2.742,1.1608806096528366,T2_SPANNER
ST014,ST027,1.905,3.075,1.6141732283464567,T2_SPANNER
ST014,ST028,5.259,5.259,1.0,T2_SPANNER
ST014,ST029,6.951,8.917,1.2828370018702346,T2_SPANNER
ST014,ST030,10.51,12.608,1.1996194100856328,T2_SPANNER
ST014,ST031,11.183,11.381,1.0177054457658947,T2_SPANNER
ST014,ST032,16.987,17.806,1.0482133396126452,T2_SPANNER
ST014,ST033,17.600999999999996,18.447,1.0480654508266578,T2_SPANNER
ST014,ST034,14.742,16.954,1.1500474833808167,T2_SPANNER
ST014,ST035,14.389,16.518,1.147960247411217,T2_SPANNER
ST014,ST036,14.905999999999999,15.901,1.0667516436334363,T2_SPANNER
ST014,ST037,15.381999999999998,16.377,1.0646859966194253,T2_SPANNER
ST014,ST038,10.897,12.745,1.1695879599889878,T2_SPANNER
ST014,ST039,10.995000000000001,12.843,1.1680763983628921,T2_SPANNER
ST014,ST040,8.979,8.979,1.0,T2_SPANNER
ST014,ST041,10.088999999999999,12.055,1.1948656953117258,T2_SPANNER
ST014,ST042,9.328,9.328,1.0,T2_SPANNER
ST014,ST043,15.274999999999999,16.414,1.074566284779051,T2_SPANNER
ST014,ST044,16.002999999999997,17.244,1.0775479597575457,T2_SPANNER
ST014,ST045,14.619999999999997,16.872,1.1540355677154586,T2_SPANNER
ST014,ST046,11.172,11.172,1.0,T2_SPANNER
ST014,ST047,13.947,14.241,1.0210798021079803,T2_SPANNER
ST014,ST048,14.615999999999998,14.839,1.015257252326218,T2_SPANNER
ST014,ST049,19.183999999999997,20.75,1.081630525437865,T2_SPANNER
ST014,ST050,13.334999999999999,13.535,1.0149981252343458,T2_SPANNER
ST014,ST051,8.658999999999999,10.329,1.1928629171959813,T2_SPANNER
ST014,ST052,10.584999999999999,12.683,1.1982050070854984,T2_SPANNER
ST014,ST053,17.42,18.235,1.0467853042479907,T2_SPANNER
ST014,ST054,10.085,10.085,1.0,T2_SPANNER
ST014,ST055,18.729,19.712,1.0524854503710823,T2_SPANNER
ST015,ST016,3.107,3.107,1.0,T2_SPANNER
ST015,ST017,8.278,8.478,1.024160425223484,T2_SPANNER
ST015,ST018,14.415,15.497,1.0750607006590358,T2_SPANNER
ST015,ST019,14.085999999999999,16.128999999999998,1.1450376260116428,T2_SPANNER
ST015,ST020,15.807,17.423,1.1022331878281773,T2_SPANNER
ST015,ST021,19.847,20.706,1.0432811004181992,T2_SPANNER
ST015,ST022,19.863,22.207,1.118008357247143,T2_SPANNER
ST015,ST023,14.344999999999999,17.152,1.1956779365632626,T2_SPANNER
ST015,ST024,0.376,6.336,16.851063829787236,T2_SPANNER
ST015,ST025,1.9369999999999998,6.112,3.1553949406298405,T2_SPANNER
ST015,ST026,11.896999999999998,13.43,1.1288560141212072,T2_SPANNER
ST015,ST027,12.233,13.766,1.1253167661244174,T2_SPANNER
ST015,ST028,8.187,12.99,1.5866617808721144,T2_SPANNER
ST015,ST029,7.505,10.18,1.3564290473017988,T2_SPANNER
ST015,ST030,8.607000000000001,8.853000000000002,1.028581387242942,T2_SPANNER
ST015,ST031,10.613999999999999,11.552,1.0883738458639534,T2_SPANNER
ST015,ST032,17.497,19.313,1.1037892210093159,T2_SPANNER
ST015,ST033,16.61,17.232,1.0374473208910295,T2_SPANNER
ST015,ST034,11.213000000000001,11.34,1.0113261393025952,T2_SPANNER
ST015,ST035,10.987,10.987,1.0,T2_SPANNER
ST015,ST036,10.379000000000001,10.379000000000001,1.0,T2_SPANNER
ST015,ST037,10.855,10.855,1.0,T2_SPANNER
ST015,ST038,6.646,6.646,1.0,T2_SPANNER
ST015,ST039,6.694,6.694,1.0,T2_SPANNER
ST015,ST040,9.144,11.26,1.231408573928259,T2_SPANNER
ST015,ST041,6.996,7.042,1.0065751858204688,T2_SPANNER
ST015,ST042,6.657,7.915,1.188974012317861,T2_SPANNER
ST015,ST043,15.015,16.491,1.0983016983016982,T2_SPANNER
ST015,ST044,15.749,17.017,1.0805130484475205,T2_SPANNER
ST015,ST045,14.516000000000002,16.411,1.1305456048498208,T2_SPANNER
ST015,ST046,13.684,15.379000000000001,1.1238672902660043,T2_SPANNER
ST015,ST047,16.622999999999998,18.448,1.109787643626301,T2_SPANNER
ST015,ST048,14.356000000000002,17.641,1.2288241850097517,T2_SPANNER
ST015,ST049,21.99,23.811999999999998,1.0828558435652569,T2_SPANNER
ST015,ST050,16.047,16.906,1.0535302548763008,T2_SPANNER
ST015,ST051,5.797,5.843,1.0079351388649302,T2_SPANNER
ST015,ST052,8.087,8.862,1.0958328181031285,T2_SPANNER
ST015,ST053,19.971,21.993,1.1012468078714135,T2_SPANNER
ST015,ST054,12.597,14.292000000000002,1.1345558466301502,T2_SPANNER
ST015,ST055,21.368000000000002,23.083,1.0802602021714711,T2_SPANNER
ST016,ST017,5.417,6.3100000000000005,1.1648513937603842,T2_SPANNER
ST016,ST018,11.308,12.755,1.1279625044216486,T2_SPANNER
ST016,ST019,10.979,13.387,1.2193278076327536,T2_SPANNER
ST016,ST020,12.7,14.704,1.1577952755905514,T2_SPANNER
ST016,ST021,16.846,18.103,1.0746171197910483,T2_SPANNER
ST016,ST022,16.802,19.517000000000003,1.1615879062016428,T2_SPANNER
ST016,ST023,11.283999999999999,14.048000000000002,1.2449485997873098,T2_SPANNER
ST016,ST024,3.229,3.229,1.0,T2_SPANNER
ST016,ST025,3.005,3.005,1.0,T2_SPANNER
ST016,ST026,9.106,10.323,1.133648144080826,T2_SPANNER
ST016,ST027,9.442,10.659,1.128892183859352,T2_SPANNER
ST016,ST028,5.396,9.883,1.8315418828762045,T2_SPANNER
ST016,ST029,4.444,7.073,1.5915841584158417,T2_SPANNER
ST016,ST030,5.746,5.746,1.0,T2_SPANNER
ST016,ST031,7.553,8.81,1.166423937508275,T2_SPANNER
ST016,ST032,14.389999999999999,16.623,1.1551772063933288,T2_SPANNER
ST016,ST033,14.24,15.269000000000002,1.0722612359550563,T2_SPANNER
ST016,ST034,8.781,10.337,1.177200774399271,T2_SPANNER
ST016,ST035,8.555,9.955,1.1636469900642898,T2_SPANNER
ST016,ST036,7.947,7.947,1.0,T2_SPANNER
ST016,ST037,8.423,9.852,1.169654517392853,T2_SPANNER
ST016,ST038,4.155,4.155,1.0,T2_SPANNER
ST016,ST039,4.09,5.691,1.391442542787286,T2_SPANNER
ST016,ST040,6.083,8.153,1.3402926187736315,T2_SPANNER
ST016,ST041,3.935,3.935,1.0,T2_SPANNER
ST016,ST042,3.596,4.808,1.3370411568409344,T2_SPANNER
ST016,ST043,11.908,14.161000000000001,1.1892005374538128,T2_SPANNER
ST016,ST044,12.642,14.594999999999999,1.154485049833887,T2_SPANNER
ST016,ST045,11.409,14.669,1.2857393286002279,T2_SPANNER
ST016,ST046,10.999,12.272,1.1157377943449405,T2_SPANNER
ST016,ST047,13.998999999999999,15.341000000000001,1.0958639902850205,T2_SPANNER
ST016,ST048,11.249,14.534,1.2920259578629212,T2_SPANNER
ST016,ST049,18.889,21.122,1.1182169516649902,T2_SPANNER
ST016,ST050,13.306,14.635,1.099879753494664,T2_SPANNER
ST016,ST051,2.736,2.736,1.0,T2_SPANNER
ST016,ST052,5.226,6.12,1.1710677382319175,T2_SPANNER
ST016,ST053,17.22,19.335,1.122822299651568,T2_SPANNER
ST016,ST054,9.912,11.185,1.1284301856335754,T2_SPANNER
ST016,ST055,18.697000000000003,20.811999999999998,1.1131197518318443,T2_SPANNER
ST017,ST018,7.048,7.048,1.0,T2_SPANNER
ST017,ST019,6.719,7.906,1.1766631939276677,T2_SPANNER
ST017,ST020,8.191,8.997,1.0984006836772067,T2_SPANNER
ST017,ST021,12.158000000000001,12.622,1.0381641717387726,T2_SPANNER
ST017,ST022,12.542000000000002,13.81,1.1011003029819804,T2_SPANNER
ST017,ST023,6.77,8.703,1.2855243722304284,T2_SPANNER
ST017,ST024,7.967,8.549999999999999,1.0731768545249152,T2_SPANNER
ST017,ST025,7.984,7.984,1.0,T2_SPANNER
ST017,ST026,8.212,11.079,1.3491232342912811,T2_SPANNER
ST017,ST027,8.041,11.415,1.4195995522944906,T2_SPANNER
ST017,ST028,7.665,7.665,1.0,T2_SPANNER
ST017,ST029,4.322,4.904,1.1346598796853309,T2_SPANNER
ST017,ST030,0.564,0.564,1.0,T2_SPANNER
ST017,ST031,3.293,3.3289999999999997,1.010932280595202,T2_SPANNER
ST017,ST032,10.11,10.916,1.0797230464886252,T2_SPANNER
ST017,ST033,9.97,11.001000000000001,1.1034102306920763,T2_SPANNER
ST017,ST034,4.796,4.91,1.0237698081734778,T2_SPANNER
ST017,ST035,4.443,4.474,1.006977267611974,T2_SPANNER
ST017,ST036,5.061,5.061,1.0,T2_SPANNER
ST017,ST037,5.537,5.537,1.0,T2_SPANNER
ST017,ST038,3.846,4.006,1.0416016640665626,T2_SPANNER
ST017,ST039,3.4930000000000003,4.104,1.1749212711136559,T2_SPANNER
ST017,ST040,1.842,5.731,3.1112920738327903,T2_SPANNER
ST017,ST041,5.607,6.073,1.0831103977171392,T2_SPANNER
ST017,ST042,2.564,2.716,1.0592823712948518,T2_SPANNER
ST017,ST043,7.648,8.454,1.1053870292887031,T2_SPANNER
ST017,ST044,8.382,9.403,1.1218086375566692,T2_SPANNER
ST017,ST045,7.149,9.125,1.2764022940271367,T2_SPANNER
ST017,ST046,6.739,7.09,1.0520848790621753,T2_SPANNER
ST017,ST047,9.004000000000001,10.158999999999999,1.1282763216348286,T2_SPANNER
ST017,ST048,6.989,10.05,1.437973959078552,T2_SPANNER
ST017,ST049,14.608999999999998,15.415,1.0551714696420016,T2_SPANNER
ST017,ST050,8.358,8.847000000000001,1.0585068198133525,T2_SPANNER
ST017,ST051,3.517,4.023,1.143872618709127,T2_SPANNER
ST017,ST052,0.639,0.639,1.0,T2_SPANNER
ST017,ST053,12.213000000000001,13.934,1.1409154179972159,T2_SPANNER
ST017,ST054,5.652,6.003,1.0621019108280254,T2_SPANNER
ST017,ST055,14.163,15.024000000000001,1.0607922050413048,T2_SPANNER
ST018,ST019,0.477,2.91,6.100628930817611,T2_SPANNER
ST018,ST020,1.949,1.949,1.0,T2_SPANNER
ST018,ST021,6.586,7.76,1.1782569085939871,T2_SPANNER
ST018,ST022,6.573,6.7620000000000005,1.0287539936102237,T2_SPANNER
ST018,ST023,1.655,1.655,1.0,T2_SPANNER
ST018,ST024,14.183,14.501000000000001,1.0224212084890363,T2_SPANNER
ST018,ST025,13.617,13.935,1.0233531614893148,T2_SPANNER
ST018,ST026,13.579,15.020999999999999,1.1061933868473377,T2_SPANNER
ST018,ST027,13.915000000000001,16.031,1.1520661157024792,T2_SPANNER
ST018,ST028,11.947,12.96,1.0847911609609109,T2_SPANNER
ST018,ST029,8.633,9.52,1.1027452797405306,T2_SPANNER
ST018,ST030,7.025,7.025,1.0,T2_SPANNER
ST018,ST031,3.945,3.945,1.0,T2_SPANNER
ST018,ST032,3.868,3.868,1.0,T2_SPANNER
ST018,ST033,3.728,3.9530000000000003,1.060354077253219,T2_SPANNER
ST018,ST034,5.215,8.617,1.6523489932885909,T2_SPANNER
ST018,ST035,4.862,8.181000000000001,1.6826408885232416,T2_SPANNER
ST018,ST036,5.48,8.799,1.6056569343065692,T2_SPANNER
ST018,ST037,5.956,7.633,1.2815648085963733,T2_SPANNER
ST018,ST038,9.789,9.789,1.0,T2_SPANNER
ST018,ST039,9.489,9.887,1.0419433027716303,T2_SPANNER
ST018,ST040,6.3469999999999995,6.3469999999999995,1.0,T2_SPANNER
ST018,ST041,10.523,11.577000000000002,1.10016155088853,T2_SPANNER
ST018,ST042,8.22,8.22,1.0,T2_SPANNER
ST018,ST043,1.406,1.406,1.0,T2_SPANNER
ST018,ST044,2.1399999999999997,2.355,1.1004672897196264,T2_SPANNER
ST018,ST045,0.934,2.077,2.223768736616702,T2_SPANNER
ST018,ST046,3.7,3.836,1.0367567567567566,T2_SPANNER
ST018,ST047,3.497,4.708,1.3462968258507293,T2_SPANNER
ST018,ST048,0.747,3.958,5.2985274431057565,T2_SPANNER
ST018,ST049,8.366999999999999,8.366999999999999,1.0,T2_SPANNER
ST018,ST050,2.786,4.092,1.468772433596554,T2_SPANNER
ST018,ST051,10.019,10.019,1.0,T2_SPANNER
ST018,ST052,6.635,6.635,1.0,T2_SPANNER
ST018,ST053,6.96,8.629999999999999,1.239942528735632,T2_SPANNER
ST018,ST054,4.787,4.923,1.0284102778358053,T2_SPANNER
ST018,ST055,8.279,8.739,1.0555622659741515,T2_SPANNER
ST019,ST020,1.979,1.979,1.0,T2_SPANNER
ST019,ST021,6.127,7.858,1.2825199934715195,T2_SPANNER
ST019,ST022,6.305,6.305,1.0,T2_SPANNER
ST019,ST023,1.664,1.664,1.0,T2_SPANNER
ST019,ST024,14.207999999999998,15.100999999999999,1.0628519144144144,T2_SPANNER
ST019,ST025,13.983999999999998,14.567,1.0416905034324944,T2_SPANNER
ST019,ST026,14.056000000000001,15.653,1.1136169607285145,T2_SPANNER
ST019,ST027,14.296,16.663,1.1655707890318971,T2_SPANNER
ST019,ST028,12.424,13.397,1.078316162266581,T2_SPANNER
ST019,ST029,9.11,10.152000000000001,1.1143798024149287,T2_SPANNER
ST019,ST030,7.283,7.657,1.0513524646436907,T2_SPANNER
ST019,ST031,4.422,4.577,1.035052012663953,T2_SPANNER
ST019,ST032,3.411,3.411,1.0,T2_SPANNER
ST019,ST033,3.836,3.9830000000000005,1.0383211678832118,T2_SPANNER
ST019,ST034,5.692,8.715,1.5310962754743498,T2_SPANNER
ST019,ST035,5.339,8.279,1.550664918524068,T2_SPANNER
ST019,ST036,5.957000000000001,8.897,1.4935370152761456,T2_SPANNER
ST019,ST037,6.415,6.481,1.0102883865939205,T2_SPANNER
ST019,ST038,10.229,10.421,1.018770163261316,T2_SPANNER
ST019,ST039,9.966000000000001,10.519,1.0554886614489263,T2_SPANNER
ST019,ST040,6.824,6.979,1.0227139507620164,T2_SPANNER
ST019,ST041,10.631,12.209,1.1484338256043645,T2_SPANNER
ST019,ST042,8.623999999999999,8.852,1.0264378478664196,T2_SPANNER
ST019,ST043,1.504,1.504,1.0,T2_SPANNER
ST019,ST044,2.238,2.3850000000000002,1.0656836461126007,T2_SPANNER
ST019,ST045,0.859,2.175,2.5320139697322466,T2_SPANNER
ST019,ST046,3.7089999999999996,4.055,1.0932866001617687,T2_SPANNER
ST019,ST047,3.02,4.805999999999999,1.591390728476821,T2_SPANNER
ST019,ST048,0.855,3.988,4.664327485380117,T2_SPANNER
ST019,ST049,7.91,7.91,1.0,T2_SPANNER
ST019,ST050,2.327,4.101,1.762354963472282,T2_SPANNER
ST019,ST051,10.236,10.651,1.0405431809300507,T2_SPANNER
ST019,ST052,7.112,7.2669999999999995,1.0217941507311585,T2_SPANNER
ST019,ST053,6.5009999999999994,7.352,1.1309029380095372,T2_SPANNER
ST019,ST054,4.795999999999999,5.1419999999999995,1.0721434528773979,T2_SPANNER
ST019,ST055,7.802,8.282,1.0615226864906435,T2_SPANNER
ST020,ST021,7.03,7.056,1.0036984352773826,T2_SPANNER
ST020,ST022,6.274,6.979,1.1123685049410266,T2_SPANNER
ST020,ST023,3.334,3.604,1.0809838032393522,T2_SPANNER
ST020,ST024,15.928999999999998,16.45,1.0327076401531798,T2_SPANNER
ST020,ST025,15.408000000000001,15.884,1.0308930425752856,T2_SPANNER
ST020,ST026,15.262,16.97,1.1119119381470317,T2_SPANNER
ST020,ST027,15.597999999999999,17.98,1.1527118861392487,T2_SPANNER
ST020,ST028,13.895999999999999,14.909,1.0728986758779506,T2_SPANNER
ST020,ST029,10.424,11.469,1.1002494244052188,T2_SPANNER
ST020,ST030,8.227,8.974,1.0907985900085087,T2_SPANNER
ST020,ST031,5.736,5.894,1.0275453277545328,T2_SPANNER
ST020,ST032,3.417,4.085,1.1954931226221832,T2_SPANNER
ST020,ST033,1.99,2.004,1.007035175879397,T2_SPANNER
ST020,ST034,5.992,6.872,1.1468624833110814,T2_SPANNER
ST020,ST035,6.436,6.436,1.0,T2_SPANNER
ST020,ST036,6.189,7.053999999999999,1.1397640975925027,T2_SPANNER
ST020,ST037,5.501,6.929,1.2595891656062534,T2_SPANNER
ST020,ST038,10.468,11.738,1.1213221245701184,T2_SPANNER
ST020,ST039,10.226,11.836,1.1574418149814198,T2_SPANNER
ST020,ST040,7.832,8.296,1.059244126659857,T2_SPANNER
ST020,ST041,11.227,13.526,1.2047742050414179,T2_SPANNER
ST020,ST042,9.822,10.169,1.0353288535939729,T2_SPANNER
ST020,ST043,0.792,2.044,2.580808080808081,T2_SPANNER
ST020,ST044,0.406,0.406,1.0,T2_SPANNER
ST020,ST045,1.373,1.373,1.0,T2_SPANNER
ST020,ST046,5.379,5.676,1.0552147239263805,T2_SPANNER
ST020,ST047,3.98,4.004,1.0060301507537688,T2_SPANNER
ST020,ST048,2.009,2.009,1.0,T2_SPANNER
ST020,ST049,7.9159999999999995,8.584,1.0843860535624052,T2_SPANNER
ST020,ST050,4.182,4.182,1.0,T2_SPANNER
ST020,ST051,11.708,11.968,1.0222070379227879,T2_SPANNER
ST020,ST052,8.426,8.584,1.0187514835034417,T2_SPANNER
ST020,ST053,7.395,7.677999999999999,1.0382691007437457,T2_SPANNER
ST020,ST054,6.465999999999999,6.763,1.0459325703680793,T2_SPANNER
ST020,ST055,7.845,8.673,1.105544933078394,T2_SPANNER
ST021,ST022,0.983,9.708,9.87589013224822,T2_SPANNER
ST021,ST023,5.955,6.237,1.0473551637279597,T2_SPANNER
ST021,ST024,19.531,19.849,1.0162818084071477,T2_SPANNER
ST021,ST025,18.965,19.283,1.0167677300290008,T2_SPANNER
ST021,ST026,17.558999999999997,20.077,1.143402243863546,T2_SPANNER
ST021,ST027,17.182,20.384999999999998,1.1864160167617275,T2_SPANNER
ST021,ST028,17.688000000000002,17.97,1.0159430122116688,T2_SPANNER
ST021,ST029,14.374,14.868,1.0343676081814388,T2_SPANNER
ST021,ST030,12.29,12.373,1.0067534580960131,T2_SPANNER
ST021,ST031,9.293,9.293,1.0,T2_SPANNER
ST021,ST032,3.877,6.814,1.7575444931648183,T2_SPANNER
ST021,ST033,5.896,8.895,1.5086499321573947,T2_SPANNER
ST021,ST034,11.283,12.222999999999999,1.0833111761056455,T2_SPANNER
ST021,ST035,10.93,11.786999999999999,1.0784080512351326,T2_SPANNER
ST021,ST036,11.574,12.405000000000001,1.071798859512701,T2_SPANNER
ST021,ST037,11.237,11.239,1.0001779834475395,T2_SPANNER
ST021,ST038,15.137,15.137,1.0,T2_SPANNER
ST021,ST039,14.837,15.235,1.0268248298173486,T2_SPANNER
ST021,ST040,11.253,11.695,1.0392784146449836,T2_SPANNER
ST021,ST041,15.645999999999999,15.687,1.002620478077464,T2_SPANNER
ST021,ST042,13.568,13.568,1.0,T2_SPANNER
ST021,ST043,6.354,6.354,1.0,T2_SPANNER
ST021,ST044,6.851,7.462,1.0891840607210626,T2_SPANNER
ST021,ST045,5.683,5.683,1.0,T2_SPANNER
ST021,ST046,6.163,6.163,1.0,T2_SPANNER
ST021,ST047,3.762,6.01,1.5975544922913343,T2_SPANNER
ST021,ST048,6.483,6.488,1.0007712478790685,T2_SPANNER
ST021,ST049,3.415,3.415,1.0,T2_SPANNER
ST021,ST050,3.8,3.8,1.0,T2_SPANNER
ST021,ST051,14.762,15.366999999999999,1.040983606557377,T2_SPANNER
ST021,ST052,11.982999999999999,11.982999999999999,1.0,T2_SPANNER
ST021,ST053,0.374,6.353,16.98663101604278,T2_SPANNER
ST021,ST054,7.25,7.25,1.0,T2_SPANNER
ST021,ST055,2.96,8.551,2.8888513513513514,T2_SPANNER
ST022,ST023,6.145,6.145,1.0,T2_SPANNER
ST022,ST024,19.487000000000002,21.263,1.0911376815312772,T2_SPANNER
ST022,ST025,18.921,20.697000000000003,1.0938639606786114,T2_SPANNER
ST022,ST026,18.333,21.335000000000004,1.1637484317896691,T2_SPANNER
ST022,ST027,17.956,21.668000000000003,1.206727556248608,T2_SPANNER
ST022,ST028,17.878,17.878,1.0,T2_SPANNER
ST022,ST029,14.564,16.002000000000002,1.098736610821203,T2_SPANNER
ST022,ST030,12.329,13.787,1.1182577662421933,T2_SPANNER
ST022,ST031,9.249,10.707,1.1576386636393123,T2_SPANNER
ST022,ST032,2.894,2.894,1.0,T2_SPANNER
ST022,ST033,4.913,4.975,1.012619580704254,T2_SPANNER
ST022,ST034,11.239,12.975999999999999,1.1545511166473883,T2_SPANNER
ST022,ST035,10.886,12.54,1.1519382693367628,T2_SPANNER
ST022,ST036,11.53,13.158000000000001,1.141196877710321,T2_SPANNER
ST022,ST037,11.195,11.352,1.014024117909781,T2_SPANNER
ST022,ST038,15.093,16.089,1.065990856688531,T2_SPANNER
ST022,ST039,14.793,16.649,1.1254647468397216,T2_SPANNER
ST022,ST040,11.651,12.829,1.1011072010986183,T2_SPANNER
ST022,ST041,15.602,16.945,1.086078707857967,T2_SPANNER
ST022,ST042,13.524000000000001,14.982000000000001,1.1078083407275954,T2_SPANNER
ST022,ST043,5.95,7.107,1.194453781512605,T2_SPANNER
ST022,ST044,5.868,6.5729999999999995,1.1201431492842535,T2_SPANNER
ST022,ST045,5.639,6.436,1.1413371165100195,T2_SPANNER
ST022,ST046,6.936999999999999,7.421,1.0697707942914807,T2_SPANNER
ST022,ST047,4.352,4.352,1.0,T2_SPANNER
ST022,ST048,6.439,6.448,1.0013977325671688,T2_SPANNER
ST022,ST049,2.432,7.393,3.0398848684210527,T2_SPANNER
ST022,ST050,4.574,7.165,1.5664626147791867,T2_SPANNER
ST022,ST051,14.952,16.781,1.1223247726056713,T2_SPANNER
ST022,ST052,11.939,13.397,1.122120780634894,T2_SPANNER
ST022,ST053,1.357,3.692,2.7207074428887252,T2_SPANNER
ST022,ST054,8.024,8.508000000000001,1.060319042871386,T2_SPANNER
ST022,ST055,1.977,1.977,1.0,T2_SPANNER
ST023,ST024,13.969,16.156,1.1565609564034647,T2_SPANNER
ST023,ST025,13.403,15.59,1.16317242408416,T2_SPANNER
ST023,ST026,13.365,15.443000000000001,1.155480733258511,T2_SPANNER
ST023,ST027,13.083,15.779,1.2060689444317052,T2_SPANNER
ST023,ST028,11.733,11.733,1.0,T2_SPANNER
ST023,ST029,8.419,11.174999999999999,1.3273547927307279,T2_SPANNER
ST023,ST030,6.811,8.68,1.2744090441932168,T2_SPANNER
ST023,ST031,3.731,5.6,1.5009380863039399,T2_SPANNER
ST023,ST032,4.753,5.075,1.0677466863033873,T2_SPANNER
ST023,ST033,5.324,5.608,1.053343350864012,T2_SPANNER
ST023,ST034,5.721,10.272,1.795490298898794,T2_SPANNER
ST023,ST035,5.368,9.836,1.8323397913561847,T2_SPANNER
ST023,ST036,5.986,10.454,1.7464082860006684,T2_SPANNER
ST023,ST037,6.462,8.145,1.2604456824512535,T2_SPANNER
ST023,ST038,9.575,11.443999999999999,1.195195822454308,T2_SPANNER
ST023,ST039,9.274999999999999,11.542,1.2444204851752023,T2_SPANNER
ST023,ST040,6.133,8.001999999999999,1.304744823088211,T2_SPANNER
ST023,ST041,11.2,12.611999999999998,1.1260714285714284,T2_SPANNER
ST023,ST042,8.006,9.875,1.2334499125655758,T2_SPANNER
ST023,ST043,3.061,3.061,1.0,T2_SPANNER
ST023,ST044,3.74,4.01,1.0721925133689838,T2_SPANNER
ST023,ST045,2.5229999999999997,3.732,1.479191438763377,T2_SPANNER
ST023,ST046,2.045,4.8,2.34718826405868,T2_SPANNER
ST023,ST047,3.166,6.3629999999999995,2.0097915350600126,T2_SPANNER
ST023,ST048,2.402,5.6129999999999995,2.3368026644462945,T2_SPANNER
ST023,ST049,8.577,9.574,1.1162411099452023,T2_SPANNER
ST023,ST050,2.437,2.437,1.0,T2_SPANNER
ST023,ST051,8.807,11.674,1.3255365050527987,T2_SPANNER
ST023,ST052,6.420999999999999,8.29,1.2910761563619373,T2_SPANNER
ST023,ST053,6.329,7.054,1.114552061937115,T2_SPANNER
ST023,ST054,3.1319999999999997,4.175,1.33301404853129,T2_SPANNER
ST023,ST055,8.122,8.122,1.0,T2_SPANNER
ST024,ST025,1.561,6.234,3.9935938500960924,T2_SPANNER
ST024,ST026,11.521,11.521,1.0,T2_SPANNER
ST024,ST027,11.857,11.857,1.0,T2_SPANNER
ST024,ST028,7.811,7.811,1.0,T2_SPANNER
ST024,ST029,7.1290000000000004,8.934999999999999,1.2533314630382941,T2_SPANNER
ST024,ST030,8.431,8.975000000000001,1.0645237812833592,T2_SPANNER
ST024,ST031,10.238,10.556000000000001,1.0310607540535262,T2_SPANNER
ST024,ST032,17.619,18.369,1.0425676826153585,T2_SPANNER
ST024,ST033,16.986,18.454,1.0864241139762156,T2_SPANNER
ST024,ST034,11.466,12.181999999999999,1.0624454910169194,T2_SPANNER
ST024,ST035,11.24,11.745999999999999,1.045017793594306,T2_SPANNER
ST024,ST036,10.632,11.176,1.051166290443943,T2_SPANNER
ST024,ST037,11.108,12.52,1.1271155923658625,T2_SPANNER
ST024,ST038,7.022,7.384,1.0515522643121618,T2_SPANNER
ST024,ST039,6.775,6.775,1.0,T2_SPANNER
ST024,ST040,8.768,11.382,1.2981295620437956,T2_SPANNER
ST024,ST041,6.62,7.164,1.0821752265861027,T2_SPANNER
ST024,ST042,6.281,6.281,1.0,T2_SPANNER
ST024,ST043,15.137,15.907000000000002,1.0508687322454913,T2_SPANNER
ST024,ST044,15.871,16.856,1.0620628819860123,T2_SPANNER
ST024,ST045,14.638000000000002,16.578000000000003,1.1325317666347863,T2_SPANNER
ST024,ST046,14.059999999999999,15.501000000000001,1.1024893314367001,T2_SPANNER
ST024,ST047,16.852,18.57,1.1019463565155472,T2_SPANNER
ST024,ST048,14.478000000000002,17.762999999999998,1.2268959801077495,T2_SPANNER
ST024,ST049,21.919,22.868,1.043295770792463,T2_SPANNER
ST024,ST050,16.221,16.788,1.0349546883669318,T2_SPANNER
ST024,ST051,5.421,5.965,1.1003504888396973,T2_SPANNER
ST024,ST052,7.911,7.911,1.0,T2_SPANNER
ST024,ST053,19.904999999999998,22.453,1.1280080381813615,T2_SPANNER
ST024,ST054,12.972999999999999,14.414000000000001,1.1110768519232255,T2_SPANNER
ST024,ST055,21.464000000000002,22.965,1.0699310473350725,T2_SPANNER
ST025,ST026,10.588000000000001,10.588000000000001,1.0,T2_SPANNER
ST025,ST027,10.924,10.924,1.0,T2_SPANNER
ST025,ST028,6.878,6.878,1.0,T2_SPANNER
ST025,ST029,6.563000000000001,8.369,1.2751790339783633,T2_SPANNER
ST025,ST030,7.865,8.548,1.0868404322949776,T2_SPANNER
ST025,ST031,9.672,9.99,1.03287841191067,T2_SPANNER
ST025,ST032,17.395,17.803,1.0234550158091407,T2_SPANNER
ST025,ST033,16.919,16.919,1.0,T2_SPANNER
ST025,ST034,10.9,11.616,1.0656880733944953,T2_SPANNER
ST025,ST035,10.674,11.18,1.0474049091249766,T2_SPANNER
ST025,ST036,10.066,10.952,1.0880190741108682,T2_SPANNER
ST025,ST037,10.542,10.542,1.0,T2_SPANNER
ST025,ST038,6.274,7.16,1.14121772394007,T2_SPANNER
ST025,ST039,6.209,6.209,1.0,T2_SPANNER
ST025,ST040,8.202,11.158,1.360399902462814,T2_SPANNER
ST025,ST041,6.054,6.9399999999999995,1.1463495209778658,T2_SPANNER
ST025,ST042,5.715,5.715,1.0,T2_SPANNER
ST025,ST043,14.745,15.341000000000001,1.0404204815191591,T2_SPANNER
ST025,ST044,15.479,16.29,1.0523935654758059,T2_SPANNER
ST025,ST045,14.246,16.012,1.123964621648182,T2_SPANNER
ST025,ST046,13.835999999999999,14.959,1.0811650766117376,T2_SPANNER
ST025,ST047,16.286,18.028,1.106963035736215,T2_SPANNER
ST025,ST048,14.086,17.539,1.2451370154763597,T2_SPANNER
ST025,ST049,21.352999999999998,22.302,1.04444340373718,T2_SPANNER
ST025,ST050,15.655000000000001,16.222,1.036218460555733,T2_SPANNER
ST025,ST051,4.855,5.741,1.1824922760041192,T2_SPANNER
ST025,ST052,7.345,7.345,1.0,T2_SPANNER
ST025,ST053,19.339,21.918,1.13335746419153,T2_SPANNER
ST025,ST054,12.748999999999999,13.987,1.0971056553455174,T2_SPANNER
ST025,ST055,20.898,22.399,1.0718250550291895,T2_SPANNER
ST026,ST027,0.457,3.2169999999999996,7.039387308533915,T2_SPANNER
ST026,ST028,3.71,3.71,1.0,T2_SPANNER
ST026,ST029,6.175,6.175,1.0,T2_SPANNER
ST026,ST030,8.776,10.96,1.2488605287146766,T2_SPANNER
ST026,ST031,9.634,11.076,1.1496782229603488,T2_SPANNER
ST026,ST032,17.404,18.889,1.0853252125948059,T2_SPANNER
ST026,ST033,16.802,18.663,1.1107606237352696,T2_SPANNER
ST026,ST034,13.008,14.710999999999999,1.1309194341943418,T2_SPANNER
ST026,ST035,12.655,14.274999999999999,1.128012643224022,T2_SPANNER
ST026,ST036,13.273,14.184000000000001,1.0686355759813155,T2_SPANNER
ST026,ST037,13.748999999999999,14.66,1.066259364317405,T2_SPANNER
ST026,ST038,9.348,10.398,1.112323491655969,T2_SPANNER
ST026,ST039,9.446,10.495999999999999,1.1111581621850517,T2_SPANNER
ST026,ST040,7.43,8.674,1.16742934051144,T2_SPANNER
ST026,ST041,9.312999999999999,9.312999999999999,1.0,T2_SPANNER
ST026,ST042,7.779,8.829,1.1349787890474354,T2_SPANNER
ST026,ST043,14.469999999999999,16.427,1.1352453351762268,T2_SPANNER
ST026,ST044,15.203999999999999,17.376,1.142857142857143,T2_SPANNER
ST026,ST045,13.998,17.098,1.2214602086012287,T2_SPANNER
ST026,ST046,11.795,13.914000000000001,1.1796523950826623,T2_SPANNER
ST026,ST047,14.364,16.983,1.1823308270676691,T2_SPANNER
ST026,ST048,13.811,15.055,1.0900731301136775,T2_SPANNER
ST026,ST049,19.601,23.387999999999998,1.1932044283454926,T2_SPANNER
ST026,ST050,13.759,16.277,1.1830074860091577,T2_SPANNER
ST026,ST051,7.587,7.587,1.0,T2_SPANNER
ST026,ST052,8.850999999999999,10.44,1.1795277369788726,T2_SPANNER
ST026,ST053,17.837,20.977,1.1760385715086619,T2_SPANNER
ST026,ST054,10.708,12.827000000000002,1.1978894284646995,T2_SPANNER
ST026,ST055,19.146,22.454,1.1727776036770083,T2_SPANNER
ST027,ST028,4.046,4.046,1.0,T2_SPANNER
ST027,ST029,6.511,6.511,1.0,T2_SPANNER
ST027,ST030,8.605,11.296,1.3127251597908192,T2_SPANNER
ST027,ST031,9.97,12.086000000000002,1.2122367101303912,T2_SPANNER
ST027,ST032,17.027,19.899,1.1686732836083866,T2_SPANNER
ST027,ST033,17.138,19.673000000000002,1.1479169097911075,T2_SPANNER
ST027,ST034,12.837,15.047,1.1721586040352108,T2_SPANNER
ST027,ST035,12.484,14.611,1.1703780839474527,T2_SPANNER
ST027,ST036,13.102,14.52,1.1082277514883223,T2_SPANNER
ST027,ST037,13.578,14.995999999999999,1.1044336426572396,T2_SPANNER
ST027,ST038,9.684,10.734,1.1084262701363075,T2_SPANNER
ST027,ST039,9.782,10.832,1.10734001226743,T2_SPANNER
ST027,ST040,7.766,9.684000000000001,1.2469739891836211,T2_SPANNER
ST027,ST041,9.582,9.649000000000001,1.006992277186391,T2_SPANNER
ST027,ST042,8.115,9.165,1.1293900184842882,T2_SPANNER
ST027,ST043,14.806000000000001,17.437,1.177698230447116,T2_SPANNER
ST027,ST044,15.540000000000001,18.386000000000003,1.1831402831402833,T2_SPANNER
ST027,ST045,14.334,18.108,1.2632900795311848,T2_SPANNER
ST027,ST046,11.418,14.247,1.2477666841828692,T2_SPANNER
ST027,ST047,13.986999999999998,17.316,1.238006720526203,T2_SPANNER
ST027,ST048,14.147,16.065,1.1355764473033152,T2_SPANNER
ST027,ST049,19.224,23.8,1.2380357885975863,T2_SPANNER
ST027,ST050,13.382,16.585,1.2393513675085936,T2_SPANNER
ST027,ST051,7.923,7.923,1.0,T2_SPANNER
ST027,ST052,8.68,10.776,1.2414746543778803,T2_SPANNER
ST027,ST053,17.46,21.31,1.2205040091638029,T2_SPANNER
ST027,ST054,10.331,13.16,1.2738360274900784,T2_SPANNER
ST027,ST055,18.769,22.762,1.2127444189887582,T2_SPANNER
ST028,ST029,5.556,9.885,1.779157667386609,T2_SPANNER
ST028,ST030,8.229,8.229,1.0,T2_SPANNER
ST028,ST031,9.015,9.015,1.0,T2_SPANNER
ST028,ST032,15.815,16.808,1.0627884919380335,T2_SPANNER
ST028,ST033,15.674999999999999,16.913,1.0789792663476876,T2_SPANNER
ST028,ST034,12.461,12.575,1.0091485434555814,T2_SPANNER
ST028,ST035,12.108,12.139,1.0025602907168814,T2_SPANNER
ST028,ST036,12.383,12.383,1.0,T2_SPANNER
ST028,ST037,12.859,12.859,1.0,T2_SPANNER
ST028,ST038,8.65,8.65,1.0,T2_SPANNER
ST028,ST039,8.698,8.698,1.0,T2_SPANNER
ST028,ST040,6.811,11.187999999999999,1.6426369108794596,T2_SPANNER
ST028,ST041,7.951,7.951,1.0,T2_SPANNER
ST028,ST042,7.16,10.381,1.4498603351955308,T2_SPANNER
ST028,ST043,13.353,14.366000000000001,1.0758631019246612,T2_SPANNER
ST028,ST044,14.087,15.315000000000001,1.0871725704550295,T2_SPANNER
ST028,ST045,12.880999999999998,15.037,1.1673783091374896,T2_SPANNER
ST028,ST046,12.459,14.754999999999999,1.1842844530058592,T2_SPANNER
ST028,ST047,14.899,17.668,1.1858513994227802,T2_SPANNER
ST028,ST048,12.693999999999999,16.918,1.3327556325823224,T2_SPANNER
ST028,ST049,20.31,21.307,1.0490891186607583,T2_SPANNER
ST028,ST050,14.17,14.17,1.0,T2_SPANNER
ST028,ST051,6.968,11.297,1.621268656716418,T2_SPANNER
ST028,ST052,8.304,8.304,1.0,T2_SPANNER
ST028,ST053,18.062,18.787,1.0401395194330638,T2_SPANNER
ST028,ST054,11.372,13.668,1.2018994020400984,T2_SPANNER
ST028,ST055,19.855,19.855,1.0,T2_SPANNER
ST029,ST030,4.785,4.785,1.0,T2_SPANNER
ST029,ST031,5.377,5.575,1.036823507532081,T2_SPANNER
ST029,ST032,12.501,13.388,1.0709543236541077,T2_SPANNER
ST029,ST033,12.064,13.162,1.0910145888594165,T2_SPANNER
ST029,ST034,8.536,8.536,1.0,T2_SPANNER
ST029,ST035,8.1,8.1,1.0,T2_SPANNER
ST029,ST036,8.009,8.009,1.0,T2_SPANNER
ST029,ST037,8.485,8.485,1.0,T2_SPANNER
ST029,ST038,4.223,4.223,1.0,T2_SPANNER
ST029,ST039,4.321,4.321,1.0,T2_SPANNER
ST029,ST040,3.173,3.173,1.0,T2_SPANNER
ST029,ST041,3.138,3.138,1.0,T2_SPANNER
ST029,ST042,2.654,2.654,1.0,T2_SPANNER
ST029,ST043,9.732,10.926,1.12268803945746,T2_SPANNER
ST029,ST044,10.466,11.875,1.1346264093254348,T2_SPANNER
ST029,ST045,9.233,11.597,1.2560381241200043,T2_SPANNER
ST029,ST046,8.821,9.302,1.054528964969958,T2_SPANNER
ST029,ST047,11.332,12.370999999999999,1.091687257324391,T2_SPANNER
ST029,ST048,9.073,9.554,1.053014438443734,T2_SPANNER
ST029,ST049,16.996,17.887,1.0524240997881855,T2_SPANNER
ST029,ST050,10.626000000000001,11.665,1.097779032561641,T2_SPANNER
ST029,ST051,1.708,4.726,2.7669789227166275,T2_SPANNER
ST029,ST052,4.265,4.265,1.0,T2_SPANNER
ST029,ST053,14.748000000000001,16.365,1.109641985353946,T2_SPANNER
ST029,ST054,7.734,8.215,1.0621929144039306,T2_SPANNER
ST029,ST055,16.519,17.842,1.0800895938010775,T2_SPANNER
ST030,ST031,3.08,3.08,1.0,T2_SPANNER
ST030,ST032,9.897,10.893,1.1006365565322827,T2_SPANNER
ST030,ST033,9.757,10.978000000000002,1.1251409244644872,T2_SPANNER
ST030,ST034,5.062,5.196,1.0264717502963254,T2_SPANNER
ST030,ST035,4.626,4.843,1.0469087764807607,T2_SPANNER
ST030,ST036,5.244000000000001,5.625,1.072654462242563,T2_SPANNER
ST030,ST037,5.720000000000001,6.101,1.0666083916083915,T2_SPANNER
ST030,ST038,3.282,3.8870000000000005,1.1843388177940282,T2_SPANNER
ST030,ST039,3.38,3.9850000000000003,1.1789940828402368,T2_SPANNER
ST030,ST040,1.629,5.482,3.365254757519951,T2_SPANNER
ST030,ST041,5.759,6.6370000000000005,1.1524570237888523,T2_SPANNER
ST030,ST042,2.893,3.2800000000000002,1.1337711717939856,T2_SPANNER
ST030,ST043,7.435,8.431000000000001,1.1339609952925356,T2_SPANNER
ST030,ST044,8.169,9.38,1.1482433590402743,T2_SPANNER
ST030,ST045,6.936,9.102,1.3122837370242215,T2_SPANNER
ST030,ST046,6.526,6.526,1.0,T2_SPANNER
ST030,ST047,9.219,9.594999999999999,1.040785334634993,T2_SPANNER
ST030,ST048,6.776,10.193,1.504279811097993,T2_SPANNER
ST030,ST049,14.396,15.392,1.0691858849680467,T2_SPANNER
ST030,ST050,8.49,8.889,1.0469964664310953,T2_SPANNER
ST030,ST051,4.0809999999999995,4.587,1.1239892183288411,T2_SPANNER
ST030,ST052,0.791,1.2029999999999998,1.520859671302149,T2_SPANNER
ST030,ST053,12.664,13.589,1.0730416929879976,T2_SPANNER
ST030,ST054,5.439,5.439,1.0,T2_SPANNER
ST030,ST055,14.224,15.065999999999999,1.059195725534308,T2_SPANNER
ST031,ST032,7.813,7.813,1.0,T2_SPANNER
ST031,ST033,7.673,7.898,1.0293236022416263,T2_SPANNER
ST031,ST034,6.03,6.961,1.1543946932006635,T2_SPANNER
ST031,ST035,5.677,6.525,1.1493746697199227,T2_SPANNER
ST031,ST036,6.321,8.39,1.3273216263249488,T2_SPANNER
ST031,ST037,6.771,8.866,1.3094077684241618,T2_SPANNER
ST031,ST038,5.844,5.844,1.0,T2_SPANNER
ST031,ST039,5.5440000000000005,5.942,1.0717893217893217,T2_SPANNER
ST031,ST040,2.402,2.402,1.0,T2_SPANNER
ST031,ST041,7.632000000000001,7.632000000000001,1.0,T2_SPANNER
ST031,ST042,4.275,4.275,1.0,T2_SPANNER
ST031,ST043,5.351,5.351,1.0,T2_SPANNER
ST031,ST044,6.085,6.3,1.0353327855382086,T2_SPANNER
ST031,ST045,4.879,6.022,1.234269317483091,T2_SPANNER
ST031,ST046,5.3629999999999995,7.781,1.4508670520231215,T2_SPANNER
ST031,ST047,6.614,8.653,1.3082854550952525,T2_SPANNER
ST031,ST048,4.692,7.9030000000000005,1.6843563512361466,T2_SPANNER
ST031,ST049,11.681000000000001,12.312,1.0540193476585908,T2_SPANNER
ST031,ST050,6.08,8.036999999999999,1.321875,T2_SPANNER
ST031,ST051,6.074,6.074,1.0,T2_SPANNER
ST031,ST052,2.69,2.69,1.0,T2_SPANNER
ST031,ST053,9.667,11.929,1.2339919313127135,T2_SPANNER
ST031,ST054,4.873,7.444,1.527601067104453,T2_SPANNER
ST031,ST055,11.226,12.684000000000001,1.1298770710849813,T2_SPANNER
ST032,ST033,2.081,2.081,1.0,T2_SPANNER
ST032,ST034,9.083,10.082,1.109985687548167,T2_SPANNER
ST032,ST035,8.73,9.646,1.104925544100802,T2_SPANNER
ST032,ST036,9.146,10.264,1.1222392302645963,T2_SPANNER
ST032,ST037,8.458,8.458,1.0,T2_SPANNER
ST032,ST038,13.179,13.195,1.0012140526595341,T2_SPANNER
ST032,ST039,12.833,13.754999999999999,1.0718460219745967,T2_SPANNER
ST032,ST040,10.11,10.215,1.010385756676558,T2_SPANNER
ST032,ST041,13.504999999999999,15.445,1.1436504998148835,T2_SPANNER
ST032,ST042,12.014999999999999,12.088000000000001,1.0060757386600085,T2_SPANNER
ST032,ST043,3.095,4.213,1.361227786752827,T2_SPANNER
ST032,ST044,3.013,3.6790000000000003,1.221042150680385,T2_SPANNER
ST032,ST045,3.542,3.542,1.0,T2_SPANNER
ST032,ST046,6.177,6.634,1.0739841346932169,T2_SPANNER
ST032,ST047,4.347,5.088,1.1704623878536922,T2_SPANNER
ST032,ST048,4.266,5.689,1.33356774496015,T2_SPANNER
ST032,ST049,4.499,4.499,1.0,T2_SPANNER
ST032,ST050,4.271,4.271,1.0,T2_SPANNER
ST032,ST051,13.56,13.887,1.0241150442477875,T2_SPANNER
ST032,ST052,10.503,10.503,1.0,T2_SPANNER
ST032,ST053,4.2509999999999994,5.431,1.2775817454716538,T2_SPANNER
ST032,ST054,7.263999999999999,7.721,1.0629129955947139,T2_SPANNER
ST032,ST055,4.731,4.871,1.0295920524202073,T2_SPANNER
ST033,ST034,7.5809999999999995,8.064,1.0637119113573408,T2_SPANNER
ST033,ST035,7.497,7.628,1.0174736561291184,T2_SPANNER
ST033,ST036,7.0649999999999995,8.246,1.1671620665251239,T2_SPANNER
ST033,ST037,6.377,6.377,1.0,T2_SPANNER
ST033,ST038,11.114,11.114,1.0,T2_SPANNER
ST033,ST039,11.212,12.122,1.0811630396004281,T2_SPANNER
ST033,ST040,9.372,9.989,1.0658344003414426,T2_SPANNER
ST033,ST041,12.767,15.530000000000001,1.2164173259183835,T2_SPANNER
ST033,ST042,11.361999999999998,12.173,1.0713782784721002,T2_SPANNER
ST033,ST043,2.332,2.934,1.258147512864494,T2_SPANNER
ST033,ST044,1.598,1.598,1.0,T2_SPANNER
ST033,ST045,2.981,3.377,1.132841328413284,T2_SPANNER
ST033,ST046,7.273,7.275,1.0002749896878869,T2_SPANNER
ST033,ST047,5.588,5.822,1.0418754473872585,T2_SPANNER
ST033,ST048,3.606,3.608,1.0005546311702718,T2_SPANNER
ST033,ST049,6.473,6.58,1.0165302023791132,T2_SPANNER
ST033,ST050,5.79,6.186,1.0683937823834198,T2_SPANNER
ST033,ST051,13.406,13.972,1.0422199015366254,T2_SPANNER
ST033,ST052,10.022,10.588,1.056475753342646,T2_SPANNER
ST033,ST053,6.235,6.235,1.0,T2_SPANNER
ST033,ST054,8.36,8.362,1.0002392344497608,T2_SPANNER
ST033,ST055,6.669,6.669,1.0,T2_SPANNER
ST034,ST035,0.462,8.106,17.545454545454543,T2_SPANNER
ST034,ST036,0.834,9.915,11.888489208633093,T2_SPANNER
ST034,ST037,1.204,10.391,8.630398671096346,T2_SPANNER
ST034,ST038,5.716,6.1819999999999995,1.0815255423372987,T2_SPANNER
ST034,ST039,5.814,6.2299999999999995,1.0715514275885791,T2_SPANNER
ST034,ST040,6.322,9.363,1.4810186649794368,T2_SPANNER
ST034,ST041,9.239,10.983,1.1887650178590756,T2_SPANNER
ST034,ST042,6.53,7.626,1.1678407350689126,T2_SPANNER
ST034,ST043,6.443,7.211,1.1191991308396712,T2_SPANNER
ST034,ST044,6.398,6.466,1.0106283213504221,T2_SPANNER
ST034,ST045,6.149,6.54,1.0635875752154822,T2_SPANNER
ST034,ST046,6.911,10.843,1.568948053827232,T2_SPANNER
ST034,ST047,8.311,9.171,1.1034773192154974,T2_SPANNER
ST034,ST048,5.962,7.176,1.2036229453203624,T2_SPANNER
ST034,ST049,13.582,14.581,1.0735532322191135,T2_SPANNER
ST034,ST050,7.605,10.691,1.405785667324129,T2_SPANNER
ST034,ST051,7.654999999999999,7.654999999999999,1.0,T2_SPANNER
ST034,ST052,4.271,4.271,1.0,T2_SPANNER
ST034,ST053,11.657,13.797999999999998,1.1836664665008148,T2_SPANNER
ST034,ST054,7.997999999999999,10.635,1.3297074268567142,T2_SPANNER
ST034,ST055,13.216000000000001,14.733,1.1147851089588376,T2_SPANNER
ST035,ST036,0.644,9.535,14.805900621118012,T2_SPANNER
ST035,ST037,1.12,10.011,8.938392857142855,T2_SPANNER
ST035,ST038,5.28,5.829,1.1039772727272725,T2_SPANNER
ST035,ST039,5.378,5.877,1.0927854220899962,T2_SPANNER
ST035,ST040,5.886,8.927,1.5166496772001359,T2_SPANNER
ST035,ST041,8.803,10.547,1.1981142792229922,T2_SPANNER
ST035,ST042,6.177,7.19,1.1639954670552048,T2_SPANNER
ST035,ST043,6.007,6.775,1.1278508406858667,T2_SPANNER
ST035,ST044,6.03,6.03,1.0,T2_SPANNER
ST035,ST045,5.796,6.104,1.0531400966183575,T2_SPANNER
ST035,ST046,6.475,10.407,1.6072586872586874,T2_SPANNER
ST035,ST047,7.875,8.735,1.109206349206349,T2_SPANNER
ST035,ST048,5.609,6.74,1.201640221073275,T2_SPANNER
ST035,ST049,13.229,14.145,1.0692418172197444,T2_SPANNER
ST035,ST050,7.169,10.255,1.4304644999302554,T2_SPANNER
ST035,ST051,7.218999999999999,7.218999999999999,1.0,T2_SPANNER
ST035,ST052,3.835,3.835,1.0,T2_SPANNER
ST035,ST053,11.304,13.361999999999998,1.1820594479830147,T2_SPANNER
ST035,ST054,7.561999999999999,10.282,1.3596932028563873,T2_SPANNER
ST035,ST055,12.863,14.297,1.111482546839773,T2_SPANNER
ST036,ST037,0.688,9.411999999999999,13.680232558139535,T2_SPANNER
ST036,ST038,5.221,5.221,1.0,T2_SPANNER
ST036,ST039,5.269,5.269,1.0,T2_SPANNER
ST036,ST040,6.5040000000000004,9.988,1.5356703567035668,T2_SPANNER
ST036,ST041,9.421,9.93,1.0540282347946077,T2_SPANNER
ST036,ST042,6.573,6.573,1.0,T2_SPANNER
ST036,ST043,6.146999999999999,7.393000000000001,1.2027005043110464,T2_SPANNER
ST036,ST044,6.17,6.648,1.0774716369529984,T2_SPANNER
ST036,ST045,6.244,6.722,1.0765534913516976,T2_SPANNER
ST036,ST046,7.093,11.024999999999999,1.5543493585224868,T2_SPANNER
ST036,ST047,8.493,9.353,1.101259861062051,T2_SPANNER
ST036,ST048,6.227,7.358,1.1816283924843423,T2_SPANNER
ST036,ST049,13.538,14.762999999999998,1.090486039296794,T2_SPANNER
ST036,ST050,7.787,10.873000000000001,1.3963015281880058,T2_SPANNER
ST036,ST051,7.837,8.645,1.1031006762791884,T2_SPANNER
ST036,ST052,4.453,5.7,1.2800359308331462,T2_SPANNER
ST036,ST053,11.948,13.979999999999999,1.1700703046534984,T2_SPANNER
ST036,ST054,8.18,11.064,1.3525672371638142,T2_SPANNER
ST036,ST055,13.507,14.915,1.1042422447619753,T2_SPANNER
ST037,ST038,4.967,5.697,1.1469700020132878,T2_SPANNER
ST037,ST039,5.065,5.745,1.134254689042448,T2_SPANNER
ST037,ST040,6.98,10.464,1.4991404011461318,T2_SPANNER
ST037,ST041,9.274,10.405999999999999,1.122061677808928,T2_SPANNER
ST037,ST042,6.708,7.0489999999999995,1.050834824090638,T2_SPANNER
ST037,ST043,5.459,6.227,1.1406851071624842,T2_SPANNER
ST037,ST044,5.482,7.335,1.338015322874863,T2_SPANNER
ST037,ST045,5.556,5.556,1.0,T2_SPANNER
ST037,ST046,7.569,10.536,1.3919936583432422,T2_SPANNER
ST037,ST047,8.163,8.187,1.0029400955531054,T2_SPANNER
ST037,ST048,6.192,8.938,1.4434754521963824,T2_SPANNER
ST037,ST049,12.85,12.957,1.0083268482490273,T2_SPANNER
ST037,ST050,8.289,9.707,1.1710700928941973,T2_SPANNER
ST037,ST051,7.679,7.679,1.0,T2_SPANNER
ST037,ST052,4.929,6.176,1.2529924934063705,T2_SPANNER
ST037,ST053,11.611,12.612,1.086211351304797,T2_SPANNER
ST037,ST054,8.656,11.54,1.3331792975970422,T2_SPANNER
ST037,ST055,12.948,13.046,1.007568736484399,T2_SPANNER
ST038,ST039,1.349,1.536,1.1386212008895478,T2_SPANNER
ST038,ST040,4.911,6.255,1.2736713500305437,T2_SPANNER
ST038,ST041,4.469,6.774,1.5157753412396509,T2_SPANNER
ST038,ST042,2.385,3.417,1.4327044025157234,T2_SPANNER
ST038,ST043,10.425999999999998,11.195,1.0737579129100328,T2_SPANNER
ST038,ST044,10.449,11.859,1.1349411426930807,T2_SPANNER
ST038,ST045,10.218,11.253,1.1012918379330594,T2_SPANNER
ST038,ST046,9.808,10.413,1.061684339314845,T2_SPANNER
ST038,ST047,12.458000000000002,13.482,1.082196179161984,T2_SPANNER
ST038,ST048,10.058,12.568999999999999,1.2496520182938953,T2_SPANNER
ST038,ST049,17.525,17.694,1.0096433666191156,T2_SPANNER
ST038,ST050,11.772,12.716999999999999,1.080275229357798,T2_SPANNER
ST038,ST051,3.27,5.259,1.608256880733945,T2_SPANNER
ST038,ST052,3.367,3.367,1.0,T2_SPANNER
ST038,ST053,15.511000000000001,17.349,1.1184965508348914,T2_SPANNER
ST038,ST054,8.721,9.326,1.0693727783511067,T2_SPANNER
ST038,ST055,17.07,17.783,1.0417691857059168,T2_SPANNER
ST039,ST040,4.905,6.303,1.2850152905198775,T2_SPANNER
ST039,ST041,4.913,6.872,1.3987380419295745,T2_SPANNER
ST039,ST042,2.747,3.5149999999999997,1.2795777211503458,T2_SPANNER
ST039,ST043,9.797,9.797,1.0,T2_SPANNER
ST039,ST044,9.82,11.907,1.2125254582484726,T2_SPANNER
ST039,ST045,9.894,10.468,1.058014958560744,T2_SPANNER
ST039,ST046,9.905999999999999,10.511,1.0610740965071674,T2_SPANNER
ST039,ST047,12.158000000000001,13.099,1.0773975982891921,T2_SPANNER
ST039,ST048,9.913,12.617,1.272773126197922,T2_SPANNER
ST039,ST049,17.224999999999998,18.254,1.0597387518142236,T2_SPANNER
ST039,ST050,11.624,12.873999999999999,1.107536132140399,T2_SPANNER
ST039,ST051,3.723,3.723,1.0,T2_SPANNER
ST039,ST052,2.854,3.465,1.2140854940434478,T2_SPANNER
ST039,ST053,15.211,17.021,1.1189928341331932,T2_SPANNER
ST039,ST054,8.818999999999999,9.424,1.0686018822995804,T2_SPANNER
ST039,ST055,16.77,18.626,1.1106738223017294,T2_SPANNER
ST040,ST041,6.311,6.311,1.0,T2_SPANNER
ST040,ST042,3.46,5.827,1.6841040462427745,T2_SPANNER
ST040,ST043,7.04,7.752999999999999,1.101278409090909,T2_SPANNER
ST040,ST044,7.774,8.702,1.1193722665294572,T2_SPANNER
ST040,ST045,6.568,8.424,1.2825822168087697,T2_SPANNER
ST040,ST046,6.129,6.129,1.0,T2_SPANNER
ST040,ST047,8.159,9.198,1.127344037259468,T2_SPANNER
ST040,ST048,6.381,6.381,1.0,T2_SPANNER
ST040,ST049,14.083,14.713999999999999,1.0448057942199813,T2_SPANNER
ST040,ST050,7.453,8.491999999999999,1.1394069502213873,T2_SPANNER
ST040,ST051,4.881,5.417,1.1098135627945092,T2_SPANNER
ST040,ST052,2.051,5.0920000000000005,2.482691370063384,T2_SPANNER
ST040,ST053,11.627,13.192,1.1346004988389093,T2_SPANNER
ST040,ST054,5.042,5.042,1.0,T2_SPANNER
ST040,ST055,13.628,14.668999999999999,1.0763868506017022,T2_SPANNER
ST041,ST042,3.357,3.357,1.0,T2_SPANNER
ST041,ST043,10.435,12.983,1.2441782462865356,T2_SPANNER
ST041,ST044,11.169,13.932,1.2473811442385172,T2_SPANNER
ST041,ST045,9.963,13.654,1.3704707417444546,T2_SPANNER
ST041,ST046,9.524,9.524,1.0,T2_SPANNER
ST041,ST047,12.593,12.593,1.0,T2_SPANNER
ST041,ST048,9.776,12.692,1.2982815057283144,T2_SPANNER
ST041,ST049,17.81,19.101999999999997,1.0725435148792812,T2_SPANNER
ST041,ST050,11.886999999999999,11.886999999999999,1.0,T2_SPANNER
ST041,ST051,2.393,5.429,2.2687003760969495,T2_SPANNER
ST041,ST052,4.968,6.712000000000001,1.351046698872786,T2_SPANNER
ST041,ST053,15.83,16.587,1.0478205938092229,T2_SPANNER
ST041,ST054,8.437,8.437,1.0,T2_SPANNER
ST041,ST055,17.222,18.064,1.048890953431657,T2_SPANNER
ST042,ST043,9.03,9.626000000000001,1.0660022148394244,T2_SPANNER
ST042,ST044,9.764,10.575000000000001,1.0830602212208114,T2_SPANNER
ST042,ST045,8.531,10.297,1.2070097292228343,T2_SPANNER
ST042,ST046,8.121,9.806000000000001,1.2074867627139516,T2_SPANNER
ST042,ST047,10.814,12.875,1.1905862770482707,T2_SPANNER
ST042,ST048,8.371,12.178,1.4547843746266873,T2_SPANNER
ST042,ST049,15.956000000000001,16.587,1.0395462521935321,T2_SPANNER
ST042,ST050,10.085,10.507,1.0418443232523549,T2_SPANNER
ST042,ST051,2.072,2.072,1.0,T2_SPANNER
ST042,ST052,2.348,3.3550000000000004,1.4288756388415675,T2_SPANNER
ST042,ST053,13.942,16.204,1.1622435805479845,T2_SPANNER
ST042,ST054,7.034,8.719000000000001,1.2395507534830823,T2_SPANNER
ST042,ST055,15.501000000000001,16.683999999999997,1.0763176569253594,T2_SPANNER
ST043,ST044,0.734,2.45,3.337874659400545,T2_SPANNER
ST043,ST045,0.671,0.671,1.0,T2_SPANNER
ST043,ST046,4.974,5.242,1.053880176919984,T2_SPANNER
ST043,ST047,3.278,3.3019999999999996,1.0073215375228797,T2_SPANNER
ST043,ST048,1.307,4.053,3.1009946442234124,T2_SPANNER
ST043,ST049,7.593999999999999,8.712,1.1472214906505136,T2_SPANNER
ST043,ST050,3.48,3.48,1.0,T2_SPANNER
ST043,ST051,11.102,11.425,1.0290938569627095,T2_SPANNER
ST043,ST052,7.723,8.041,1.0411757089214038,T2_SPANNER
ST043,ST053,6.728,7.224,1.0737217598097504,T2_SPANNER
ST043,ST054,6.061,6.329,1.0442171258868174,T2_SPANNER
ST043,ST055,7.8260000000000005,9.084,1.1607462305136722,T2_SPANNER
ST044,ST045,1.383,1.779,1.2863340563991323,T2_SPANNER
ST044,ST046,5.675,6.072,1.0699559471365638,T2_SPANNER
ST044,ST047,3.99,4.41,1.1052631578947367,T2_SPANNER
ST044,ST048,2.008,2.415,1.2026892430278884,T2_SPANNER
ST044,ST049,7.512,8.178,1.0886581469648564,T2_SPANNER
ST044,ST050,4.192,4.588,1.0944656488549618,T2_SPANNER
ST044,ST051,11.808,12.374,1.0479336043360434,T2_SPANNER
ST044,ST052,8.424,8.99,1.0671889838556505,T2_SPANNER
ST044,ST053,6.997,7.833,1.119479777047306,T2_SPANNER
ST044,ST054,6.762,7.159,1.0587104406980183,T2_SPANNER
ST044,ST055,7.744,8.267,1.0675361570247934,T2_SPANNER
ST045,ST046,4.467,5.699999999999999,1.2760241773002015,T2_SPANNER
ST045,ST047,2.631,2.631,1.0,T2_SPANNER
ST045,ST048,0.8,3.3819999999999997,4.227499999999999,T2_SPANNER
ST045,ST049,7.847,8.041,1.0247228240091755,T2_SPANNER
ST045,ST050,2.833,4.151,1.46523120367102,T2_SPANNER
ST045,ST051,10.603000000000002,12.096,1.1408092049419973,T2_SPANNER
ST045,ST052,7.23,8.712,1.2049792531120331,T2_SPANNER
ST045,ST053,6.0569999999999995,7.257999999999999,1.1982829783721314,T2_SPANNER
ST045,ST054,5.553999999999999,6.786999999999999,1.2220021606049694,T2_SPANNER
ST045,ST055,7.392,8.413,1.1381222943722944,T2_SPANNER
ST046,ST047,3.069,3.069,1.0,T2_SPANNER
ST046,ST048,3.667,3.667,1.0,T2_SPANNER
ST046,ST049,8.306,9.578,1.1531423067661932,T2_SPANNER
ST046,ST050,2.363,2.363,1.0,T2_SPANNER
ST046,ST051,10.12,10.998,1.0867588932806325,T2_SPANNER
ST046,ST052,7.317,7.614,1.040590405904059,T2_SPANNER
ST046,ST053,6.393,7.696,1.203816674487721,T2_SPANNER
ST046,ST054,1.087,1.087,1.0,T2_SPANNER
ST046,ST055,7.851,8.54,1.087759521080117,T2_SPANNER
ST047,ST048,3.431,6.013,1.7525502768872048,T2_SPANNER
ST047,ST049,6.569,8.422,1.282082508753235,T2_SPANNER
ST047,ST050,0.729,5.364,7.3580246913580245,T2_SPANNER
ST047,ST051,11.973,14.067,1.1748935103983964,T2_SPANNER
ST047,ST052,9.304,10.683,1.1482158211521925,T2_SPANNER
ST047,ST053,3.916,4.627,1.1815628192032686,T2_SPANNER
ST047,ST054,4.156,4.156,1.0,T2_SPANNER
ST047,ST055,6.114,6.329000000000001,1.0351651946352634,T2_SPANNER
ST048,ST049,8.647,9.903,1.1452526887938013,T2_SPANNER
ST048,ST050,3.182,4.619,1.4516027655562538,T2_SPANNER
ST048,ST051,10.443,11.798,1.1297519869769224,T2_SPANNER
ST048,ST052,7.059,10.575,1.4980875478113045,T2_SPANNER
ST048,ST053,6.856999999999999,9.687,1.4127169316027417,T2_SPANNER
ST048,ST054,4.754,4.754,1.0,T2_SPANNER
ST048,ST055,8.192,8.425,1.0284423828125,T2_SPANNER
ST049,ST050,6.734,7.215,1.0714285714285714,T2_SPANNER
ST049,ST051,17.384,18.386,1.0576392084675563,T2_SPANNER
ST049,ST052,14.371,15.001999999999999,1.0439078700160043,T2_SPANNER
ST049,ST053,3.789,3.795,1.0015835312747425,T2_SPANNER
ST049,ST054,9.392999999999999,10.665,1.1354199936122644,T2_SPANNER
ST049,ST055,0.676,9.37,13.860946745562128,T2_SPANNER
ST050,ST051,11.244,12.579,1.1187299893276414,T2_SPANNER
ST050,ST052,8.77,9.486,1.0816419612314712,T2_SPANNER
ST050,ST053,4.1739999999999995,5.727,1.3720651653090563,T2_SPANNER
ST050,ST054,3.45,3.45,1.0,T2_SPANNER
ST050,ST055,6.177,6.177,1.0,T2_SPANNER
ST051,ST052,3.384,3.384,1.0,T2_SPANNER
ST051,ST053,15.136000000000001,17.956999999999997,1.1863768498942915,T2_SPANNER
ST051,ST054,9.033,10.026,1.1099302557289938,T2_SPANNER
ST051,ST055,16.929,18.756,1.1079213184476344,T2_SPANNER
ST052,ST053,12.357,14.573,1.1793315529659303,T2_SPANNER
ST052,ST054,6.23,6.6419999999999995,1.0661316211878007,T2_SPANNER
ST052,ST055,13.916,15.374,1.1047714860592124,T2_SPANNER
ST053,ST054,7.393,8.15,1.1023941566346545,T2_SPANNER
ST053,ST055,3.334,5.6690000000000005,1.7003599280143973,T2_SPANNER
ST054,ST055,8.785,9.626999999999999,1.0958451906659077,T2_SPANNER
ST001,ST002,0.619,0.619,1.0,DEGREE_LIMIT_3
ST001,ST003,6.8,8.495999999999999,1.2494117647058822,DEGREE_LIMIT_3
ST001,ST004,3.811,3.811,1.0,DEGREE_LIMIT_3
ST001,ST005,3.419,8.837,2.584673881251828,DEGREE_LIMIT_3
ST001,ST006,7.161,13.771,1.9230554391844716,DEGREE_LIMIT_3
ST001,ST007,6.545,6.606,1.009320091673033,DEGREE_LIMIT_3
ST001,ST008,8.055,15.722000000000001,1.9518311607697085,DEGREE_LIMIT_3
ST001,ST009,8.887,17.924000000000003,2.016878586699674,DEGREE_LIMIT_3
ST001,ST010,11.633,28.012,2.4079773059399985,DEGREE_LIMIT_3
ST001,ST011,4.454,11.774,2.643466546924113,DEGREE_LIMIT_3
ST001,ST012,9.602,30.373,3.1631951676734014,DEGREE_LIMIT_3
ST001,ST013,9.482,31.169999999999998,3.287281164311327,DEGREE_LIMIT_3
ST001,ST014,10.345,31.974,3.09076848719188,DEGREE_LIMIT_3
ST001,ST015,11.924,23.511999999999997,1.971821536397182,DEGREE_LIMIT_3
ST001,ST016,10.361,20.404999999999998,1.969404497635363,DEGREE_LIMIT_3
ST001,ST017,5.41,15.671,2.896672828096118,DEGREE_LIMIT_3
ST001,ST018,6.58,17.060999999999996,2.592857142857142,DEGREE_LIMIT_3
ST001,ST019,6.5889999999999995,18.336,2.7828198512672637,DEGREE_LIMIT_3
ST001,ST020,7.875,16.357,2.077079365079365,DEGREE_LIMIT_3
ST001,ST021,9.161000000000001,14.399999999999999,1.5718807990394057,DEGREE_LIMIT_3
ST001,ST022,9.935,14.335999999999999,1.4429793658782082,DEGREE_LIMIT_3
ST001,ST023,4.925,13.694999999999999,2.7807106598984768,DEGREE_LIMIT_3
ST001,ST024,12.299999999999999,23.633999999999997,1.9214634146341463,DEGREE_LIMIT_3
ST001,ST025,13.215,17.4,1.3166855845629966,DEGREE_LIMIT_3
ST001,ST026,11.399000000000001,29.232,2.56443547679621,DEGREE_LIMIT_3
ST001,ST027,11.022,32.730999999999995,2.969606242061331,DEGREE_LIMIT_3
ST001,ST028,11.775,24.278,2.0618259023354564,DEGREE_LIMIT_3
ST001,ST029,8.007,10.301,1.2864993131010367,DEGREE_LIMIT_3
ST001,ST030,5.974,17.101,2.862571141613659,DEGREE_LIMIT_3
ST001,ST031,4.665,4.726,1.0130760986066452,DEGREE_LIMIT_3
ST001,ST032,9.175,11.441999999999998,1.24708446866485,DEGREE_LIMIT_3
ST001,ST033,9.479,18.589,1.9610718430214158,DEGREE_LIMIT_3
ST001,ST034,8.216000000000001,26.653,3.2440360272638746,DEGREE_LIMIT_3
ST001,ST035,7.8629999999999995,26.217,3.3342235787867227,DEGREE_LIMIT_3
ST001,ST036,8.507,20.19,2.373339602680146,DEGREE_LIMIT_3
ST001,ST037,8.983,21.858,2.4332628297896024,DEGREE_LIMIT_3
ST001,ST038,9.128,15.97,1.7495617879053462,DEGREE_LIMIT_3
ST001,ST039,8.889,17.132,1.927325908426145,DEGREE_LIMIT_3
ST001,ST040,5.747,7.128,1.240299286584305,DEGREE_LIMIT_3
ST001,ST041,10.347999999999999,16.312,1.5763432547352147,DEGREE_LIMIT_3
ST001,ST042,7.559,12.955,1.7138510384971557,DEGREE_LIMIT_3
ST001,ST043,7.173,15.654999999999998,2.182489892653004,DEGREE_LIMIT_3
ST001,ST044,7.885,20.186999999999998,2.560177552314521,DEGREE_LIMIT_3
ST001,ST045,6.502,14.983999999999998,2.304521685635189,DEGREE_LIMIT_3
ST001,ST046,2.998,8.416,2.8072048032021346,DEGREE_LIMIT_3
ST001,ST047,5.936999999999999,10.637999999999998,1.7918140474987365,DEGREE_LIMIT_3
ST001,ST048,6.497999999999999,22.197,3.4159741458910435,DEGREE_LIMIT_3
ST001,ST049,11.303999999999998,16.767999999999997,1.4833687190375089,DEGREE_LIMIT_3
ST001,ST050,5.361000000000001,10.779,2.0106323447118073,DEGREE_LIMIT_3
ST001,ST051,8.36,12.545,1.500598086124402,DEGREE_LIMIT_3
ST001,ST052,6.035,16.31,2.7025683512841754,DEGREE_LIMIT_3
ST001,ST053,9.285,14.553999999999998,1.567474421109316,DEGREE_LIMIT_3
ST001,ST054,1.911,7.329,3.835164835164835,DEGREE_LIMIT_3
ST001,ST055,10.682,16.313,1.5271484740685264,DEGREE_LIMIT_3
ST002,ST003,6.181,7.877,1.2743892574017148,DEGREE_LIMIT_3
ST002,ST004,3.192,3.192,1.0,DEGREE_LIMIT_3
ST002,ST005,2.8,8.218,2.935,DEGREE_LIMIT_3
ST002,ST006,6.542,14.39,2.1996331397126263,DEGREE_LIMIT_3
ST002,ST007,5.926,7.225,1.2192035099561254,DEGREE_LIMIT_3
ST002,ST008,7.436,16.341,2.1975524475524475,DEGREE_LIMIT_3
ST002,ST009,8.268,18.543000000000003,2.242743105950653,DEGREE_LIMIT_3
ST002,ST010,11.014,28.631,2.5995097149082986,DEGREE_LIMIT_3
ST002,ST011,3.835,11.155,2.908735332464146,DEGREE_LIMIT_3
ST002,ST012,8.983,30.992,3.4500723589001447,DEGREE_LIMIT_3
ST002,ST013,8.913,31.788999999999998,3.5665881296981934,DEGREE_LIMIT_3
ST002,ST014,9.776,32.592999999999996,3.3339811783960718,DEGREE_LIMIT_3
ST002,ST015,11.305,24.130999999999997,2.1345422379478105,DEGREE_LIMIT_3
ST002,ST016,9.742,21.023999999999997,2.158078423321699,DEGREE_LIMIT_3
ST002,ST017,4.791,16.29,3.4001252348152784,DEGREE_LIMIT_3
ST002,ST018,5.961,16.442,2.758262036571045,DEGREE_LIMIT_3
ST002,ST019,5.97,17.717,2.9676716917922947,DEGREE_LIMIT_3
ST002,ST020,7.256,15.738,2.16896361631753,DEGREE_LIMIT_3
ST002,ST021,8.542,13.781,1.6133224069304613,DEGREE_LIMIT_3
ST002,ST022,9.315999999999999,13.717,1.472413052812366,DEGREE_LIMIT_3
ST002,ST023,4.306,13.075999999999999,3.036692986530422,DEGREE_LIMIT_3
ST002,ST024,11.681,24.252999999999997,2.0762777159489767,DEGREE_LIMIT_3
ST002,ST025,12.596,18.019,1.4305335026992694,DEGREE_LIMIT_3
ST002,ST026,10.780000000000001,29.851,2.7691094619666043,DEGREE_LIMIT_3
ST002,ST027,10.403,33.349999999999994,3.2058060174949525,DEGREE_LIMIT_3
ST002,ST028,11.156,24.897,2.2317138759411974,DEGREE_LIMIT_3
ST002,ST029,8.350999999999999,10.92,1.3076278290025147,DEGREE_LIMIT_3
ST002,ST030,5.355,17.72,3.309056956115779,DEGREE_LIMIT_3
ST002,ST031,4.046,5.345,1.3210578348986652,DEGREE_LIMIT_3
ST002,ST032,8.556,10.823,1.2649602618045817,DEGREE_LIMIT_3
ST002,ST033,8.86,17.97,2.028216704288939,DEGREE_LIMIT_3
ST002,ST034,7.597,26.034,3.4268790311965245,DEGREE_LIMIT_3
ST002,ST035,7.244,25.598,3.533683048039757,DEGREE_LIMIT_3
ST002,ST036,7.888,20.809,2.638057809330629,DEGREE_LIMIT_3
ST002,ST037,8.364,21.239,2.539335246293639,DEGREE_LIMIT_3
ST002,ST038,8.509,16.589,1.9495827946879771,DEGREE_LIMIT_3
ST002,ST039,8.284,17.751,2.1428054080154513,DEGREE_LIMIT_3
ST002,ST040,5.178,7.747,1.496137504828119,DEGREE_LIMIT_3
ST002,ST041,9.729,16.931,1.740261075136191,DEGREE_LIMIT_3
ST002,ST042,6.94,13.574,1.9559077809798269,DEGREE_LIMIT_3
ST002,ST043,6.554,15.036,2.2941714983216355,DEGREE_LIMIT_3
ST002,ST044,7.266,19.567999999999998,2.69309110927608,DEGREE_LIMIT_3
ST002,ST045,5.883,14.365,2.441781404045555,DEGREE_LIMIT_3
ST002,ST046,2.379,7.797,3.2774274905422445,DEGREE_LIMIT_3
ST002,ST047,5.318,10.019,1.8839789394509217,DEGREE_LIMIT_3
ST002,ST048,5.879,21.578,3.670352100697398,DEGREE_LIMIT_3
ST002,ST049,10.684999999999999,16.149,1.5113710809546095,DEGREE_LIMIT_3
ST002,ST050,4.742,10.16,2.1425558835934204,DEGREE_LIMIT_3
ST002,ST051,7.741,13.164,1.7005554837876244,DEGREE_LIMIT_3
ST002,ST052,5.430000000000001,16.929,3.1176795580110492,DEGREE_LIMIT_3
ST002,ST053,8.666,13.935,1.60800830833141,DEGREE_LIMIT_3
ST002,ST054,1.292,6.71,5.193498452012384,DEGREE_LIMIT_3
ST002,ST055,10.063,15.694,1.5595746795190302,DEGREE_LIMIT_3
ST003,ST004,4.263,4.685,1.0989913206661974,DEGREE_LIMIT_3
ST003,ST005,4.21,9.710999999999999,2.306650831353919,DEGREE_LIMIT_3
ST003,ST006,12.193999999999999,22.267000000000003,1.826061997703789,DEGREE_LIMIT_3
ST003,ST007,11.892,15.102,1.2699293642785066,DEGREE_LIMIT_3
ST003,ST008,13.004999999999999,24.218000000000004,1.8622068435217227,DEGREE_LIMIT_3
ST003,ST009,13.838,26.420000000000005,1.909235438647204,DEGREE_LIMIT_3
ST003,ST010,16.573999999999998,36.508,2.2027271630264273,DEGREE_LIMIT_3
ST003,ST011,3.1750000000000003,12.647999999999998,3.9836220472440935,DEGREE_LIMIT_3
ST003,ST012,14.213,38.869,2.734749876873285,DEGREE_LIMIT_3
ST003,ST013,14.001,39.666000000000004,2.833083351189201,DEGREE_LIMIT_3
ST003,ST014,15.514999999999999,40.47,2.6084434418304867,DEGREE_LIMIT_3
ST003,ST015,17.486,32.008,1.8304929658012126,DEGREE_LIMIT_3
ST003,ST016,15.472000000000001,28.901000000000003,1.8679550155118925,DEGREE_LIMIT_3
ST003,ST017,10.538,24.167000000000005,2.293319415448852,DEGREE_LIMIT_3
ST003,ST018,4.966,8.565,1.724728151429722,DEGREE_LIMIT_3
ST003,ST019,4.507,9.84,2.183270468160639,DEGREE_LIMIT_3
ST003,ST020,4.917999999999999,7.861,1.5984139894265963,DEGREE_LIMIT_3
ST003,ST021,2.859,5.904,2.0650577124868836,DEGREE_LIMIT_3
ST003,ST022,3.668,5.84,1.5921483097055615,DEGREE_LIMIT_3
ST003,ST023,4.569,14.568999999999997,3.1886627270737575,DEGREE_LIMIT_3
ST003,ST024,17.862000000000002,32.13,1.7987907289217333,DEGREE_LIMIT_3
ST003,ST025,17.835,25.896000000000004,1.451976450798991,DEGREE_LIMIT_3
ST003,ST026,15.939,37.728,2.3670242800677586,DEGREE_LIMIT_3
ST003,ST027,15.562,41.227000000000004,2.6492096131602625,DEGREE_LIMIT_3
ST003,ST028,16.302,32.774,2.010428168322905,DEGREE_LIMIT_3
ST003,ST029,12.806000000000001,18.797000000000004,1.4678275808214902,DEGREE_LIMIT_3
ST003,ST030,10.67,25.597000000000005,2.398969072164949,DEGREE_LIMIT_3
ST003,ST031,8.26,13.222000000000001,1.6007263922518162,DEGREE_LIMIT_3
ST003,ST032,2.946,2.946,1.0,DEGREE_LIMIT_3
ST003,ST033,4.416,10.093,2.285552536231884,DEGREE_LIMIT_3
ST003,ST034,9.663,18.157,1.8790230777191348,DEGREE_LIMIT_3
ST003,ST035,9.31,17.721,1.90343716433942,DEGREE_LIMIT_3
ST003,ST036,9.954,28.686000000000003,2.8818565400843883,DEGREE_LIMIT_3
ST003,ST037,9.617,13.362,1.389414578350837,DEGREE_LIMIT_3
ST003,ST038,13.952,24.466,1.7535837155963303,DEGREE_LIMIT_3
ST003,ST039,13.803999999999998,25.628000000000004,1.8565633149811653,DEGREE_LIMIT_3
ST003,ST040,9.633000000000001,15.624000000000002,1.6219246340703832,DEGREE_LIMIT_3
ST003,ST041,14.026,24.808000000000003,1.7687152431199205,DEGREE_LIMIT_3
ST003,ST042,12.265,21.451000000000004,1.7489604565837753,DEGREE_LIMIT_3
ST003,ST043,4.734,7.159,1.5122517955217574,DEGREE_LIMIT_3
ST003,ST044,4.512,11.691,2.5910904255319154,DEGREE_LIMIT_3
ST003,ST045,4.063,6.4879999999999995,1.5968496185084913,DEGREE_LIMIT_3
ST003,ST046,4.543,9.29,2.0449042482940785,DEGREE_LIMIT_3
ST003,ST047,2.142,2.142,1.0,DEGREE_LIMIT_3
ST003,ST048,4.8629999999999995,13.701,2.8173966687230108,DEGREE_LIMIT_3
ST003,ST049,5.138,8.272,1.609964966913196,DEGREE_LIMIT_3
ST003,ST050,2.18,11.652999999999999,5.345412844036696,DEGREE_LIMIT_3
ST003,ST051,13.376000000000001,21.041000000000004,1.5730412679425838,DEGREE_LIMIT_3
ST003,ST052,10.95,24.806000000000004,2.265388127853882,DEGREE_LIMIT_3
ST003,ST053,2.485,6.058,2.437826961770624,DEGREE_LIMIT_3
ST003,ST054,5.63,8.203,1.4570159857904084,DEGREE_LIMIT_3
ST003,ST055,4.683,7.817,1.6692291266282298,DEGREE_LIMIT_3
ST004,ST005,1.874,5.026,2.6819637139807897,DEGREE_LIMIT_3
ST004,ST006,8.466,17.582,2.07677769903142,DEGREE_LIMIT_3
ST004,ST007,7.85,10.417,1.3270063694267515,DEGREE_LIMIT_3
ST004,ST008,8.741999999999999,19.533,2.2343857240905973,DEGREE_LIMIT_3
ST004,ST009,9.575,21.735000000000003,2.269973890339426,DEGREE_LIMIT_3
ST004,ST010,12.311,31.823,2.5849240516611163,DEGREE_LIMIT_3
ST004,ST011,2.231,7.963,3.569251456745854,DEGREE_LIMIT_3
ST004,ST012,9.95,34.184,3.435577889447236,DEGREE_LIMIT_3
ST004,ST013,10.767,34.981,3.24890870251695,DEGREE_LIMIT_3
ST004,ST014,11.329999999999998,35.785,3.158428949691086,DEGREE_LIMIT_3
ST004,ST015,14.497,27.323,1.8847347727115955,DEGREE_LIMIT_3
ST004,ST016,11.55,24.216,2.0966233766233766,DEGREE_LIMIT_3
ST004,ST017,6.764,19.482,2.880248373743347,DEGREE_LIMIT_3
ST004,ST018,3.3680000000000003,13.25,3.9340855106888357,DEGREE_LIMIT_3
ST004,ST019,2.926,14.524999999999999,4.964114832535884,DEGREE_LIMIT_3
ST004,ST020,4.663,12.546,2.690542569161484,DEGREE_LIMIT_3
ST004,ST021,5.883,10.589,1.7999320074791774,DEGREE_LIMIT_3
ST004,ST022,6.657,10.525,1.5810425116418807,DEGREE_LIMIT_3
ST004,ST023,1.713,9.884,5.769994162288383,DEGREE_LIMIT_3
ST004,ST024,14.235,27.445,1.9279943800491746,DEGREE_LIMIT_3
ST004,ST025,13.669,21.211000000000002,1.551759455702685,DEGREE_LIMIT_3
ST004,ST026,11.747,33.043,2.8128883970375416,DEGREE_LIMIT_3
ST004,ST027,11.37,36.542,3.2138962181178545,DEGREE_LIMIT_3
ST004,ST028,13.012,28.089000000000002,2.1586996618505996,DEGREE_LIMIT_3
ST004,ST029,9.373999999999999,14.112,1.5054405803285686,DEGREE_LIMIT_3
ST004,ST030,7.077,20.912,2.9549244029956196,DEGREE_LIMIT_3
ST004,ST031,3.997,8.536999999999999,2.1358518889166875,DEGREE_LIMIT_3
ST004,ST032,5.657,7.631,1.3489482057627717,DEGREE_LIMIT_3
ST004,ST033,6.271,14.777999999999999,2.3565619518418113,DEGREE_LIMIT_3
ST004,ST034,5.987,22.842,3.815266410556205,DEGREE_LIMIT_3
ST004,ST035,5.634,22.406,3.9769258075967335,DEGREE_LIMIT_3
ST004,ST036,6.252,24.001,3.8389315419065904,DEGREE_LIMIT_3
ST004,ST037,6.728,18.047,2.682372175980975,DEGREE_LIMIT_3
ST004,ST038,9.841000000000001,19.781,2.0100599532567824,DEGREE_LIMIT_3
ST004,ST039,9.541,20.943,2.1950529294623204,DEGREE_LIMIT_3
ST004,ST040,6.399,10.939,1.709485857165182,DEGREE_LIMIT_3
ST004,ST041,10.89,20.122999999999998,1.8478420569329657,DEGREE_LIMIT_3
ST004,ST042,8.272,16.766,2.0268375241779495,DEGREE_LIMIT_3
ST004,ST043,3.945,11.844,3.0022813688212926,DEGREE_LIMIT_3
ST004,ST044,4.673,16.375999999999998,3.5043869034881228,DEGREE_LIMIT_3
ST004,ST045,3.29,11.173,3.396048632218845,DEGREE_LIMIT_3
ST004,ST046,1.366,4.6049999999999995,3.3711566617862365,DEGREE_LIMIT_3
ST004,ST047,2.617,6.827,2.6087122659533817,DEGREE_LIMIT_3
ST004,ST048,3.286,18.386,5.595252586731588,DEGREE_LIMIT_3
ST004,ST049,7.854,12.957,1.6497326203208558,DEGREE_LIMIT_3
ST004,ST050,2.083,6.968,3.3451752280364855,DEGREE_LIMIT_3
ST004,ST051,10.071,16.356,1.6240691093238013,DEGREE_LIMIT_3
ST004,ST052,6.686999999999999,20.121,3.008972633467923,DEGREE_LIMIT_3
ST004,ST053,6.257,10.743,1.7169570081508712,DEGREE_LIMIT_3
ST004,ST054,2.4530000000000003,3.518,1.4341622503057478,DEGREE_LIMIT_3
ST004,ST055,7.399,12.502,1.6896877956480607,DEGREE_LIMIT_3
ST005,ST006,8.471,22.607999999999997,2.6688702632510917,DEGREE_LIMIT_3
ST005,ST007,8.514,15.443,1.8138360347662674,DEGREE_LIMIT_3
ST005,ST008,9.522,24.558999999999997,2.57918504515858,DEGREE_LIMIT_3
ST005,ST009,10.355,26.761,2.5843553838725253,DEGREE_LIMIT_3
ST005,ST010,12.924,36.849,2.8512070566388115,DEGREE_LIMIT_3
ST005,ST011,1.035,5.953,5.751690821256039,DEGREE_LIMIT_3
ST005,ST012,10.931000000000001,39.209999999999994,3.5870460159180304,DEGREE_LIMIT_3
ST005,ST013,10.277999999999999,40.007,3.8924888110527345,DEGREE_LIMIT_3
ST005,ST014,11.593,40.81099999999999,3.5203139825756917,DEGREE_LIMIT_3
ST005,ST015,14.105,32.349,2.293442041829138,DEGREE_LIMIT_3
ST005,ST016,11.420000000000002,29.241999999999997,2.560595446584938,DEGREE_LIMIT_3
ST005,ST017,7.16,24.508,3.422905027932961,DEGREE_LIMIT_3
ST005,ST018,4.208,18.275999999999996,4.343155893536121,DEGREE_LIMIT_3
ST005,ST019,4.217,19.551,4.636234289779464,DEGREE_LIMIT_3
ST005,ST020,5.8870000000000005,17.572,2.9848819432648206,DEGREE_LIMIT_3
ST005,ST021,5.83,15.614999999999998,2.678387650085763,DEGREE_LIMIT_3
ST005,ST022,6.603999999999999,15.550999999999998,2.3547849788007267,DEGREE_LIMIT_3
ST005,ST023,2.553,7.8740000000000006,3.084214649432041,DEGREE_LIMIT_3
ST005,ST024,14.481,32.471,2.242317519508321,DEGREE_LIMIT_3
ST005,ST025,14.257,26.237,1.8402889808515115,DEGREE_LIMIT_3
ST005,ST026,12.216,38.068999999999996,3.1163228552717746,DEGREE_LIMIT_3
ST005,ST027,11.838999999999999,41.568,3.5111073570402906,DEGREE_LIMIT_3
ST005,ST028,12.879999999999999,33.114999999999995,2.571040372670807,DEGREE_LIMIT_3
ST005,ST029,9.242,19.137999999999998,2.070763903916901,DEGREE_LIMIT_3
ST005,ST030,6.947,25.938,3.7336979991363175,DEGREE_LIMIT_3
ST005,ST031,4.886,13.562999999999999,2.775890298812935,DEGREE_LIMIT_3
ST005,ST032,6.2940000000000005,12.656999999999998,2.010962821734985,DEGREE_LIMIT_3
ST005,ST033,7.767,19.804,2.5497618127977337,DEGREE_LIMIT_3
ST005,ST034,6.876,27.868,4.052937754508434,DEGREE_LIMIT_3
ST005,ST035,6.523,27.432,4.205426950789514,DEGREE_LIMIT_3
ST005,ST036,7.141,29.026999999999997,4.064836857582971,DEGREE_LIMIT_3
ST005,ST037,7.617,23.073,3.0291453328081923,DEGREE_LIMIT_3
ST005,ST038,10.229,24.806999999999995,2.425163750122201,DEGREE_LIMIT_3
ST005,ST039,10.327,25.968999999999998,2.51467028178561,DEGREE_LIMIT_3
ST005,ST040,6.55,15.965,2.4374045801526716,DEGREE_LIMIT_3
ST005,ST041,9.945,25.148999999999997,2.5288084464555047,DEGREE_LIMIT_3
ST005,ST042,8.542,21.791999999999998,2.5511589791617886,DEGREE_LIMIT_3
ST005,ST043,5.481999999999999,16.869999999999997,3.077344035023714,DEGREE_LIMIT_3
ST005,ST044,6.181,21.401999999999997,3.4625465135091407,DEGREE_LIMIT_3
ST005,ST045,4.8629999999999995,16.198999999999998,3.331071355130578,DEGREE_LIMIT_3
ST005,ST046,0.508,2.5949999999999998,5.108267716535432,DEGREE_LIMIT_3
ST005,ST047,2.676,11.852999999999998,4.429372197309416,DEGREE_LIMIT_3
ST005,ST048,4.175,23.412,5.607664670658683,DEGREE_LIMIT_3
ST005,ST049,8.764,17.982999999999997,2.051916932907348,DEGREE_LIMIT_3
ST005,ST050,2.03,4.958,2.4423645320197047,DEGREE_LIMIT_3
ST005,ST051,10.541,21.381999999999998,2.028460297884451,DEGREE_LIMIT_3
ST005,ST052,7.5760000000000005,25.147,3.3192977824709606,DEGREE_LIMIT_3
ST005,ST053,5.885,15.768999999999998,2.6795242141036533,DEGREE_LIMIT_3
ST005,ST054,1.508,1.508,1.0,DEGREE_LIMIT_3
ST005,ST055,8.206999999999999,17.528,2.1357377848178385,DEGREE_LIMIT_3
ST006,ST007,0.616,20.377000000000002,33.07954545454546,DEGREE_LIMIT_3
ST006,ST008,1.951,1.951,1.0,DEGREE_LIMIT_3
ST006,ST009,2.599,4.153,1.5979222777991533,DEGREE_LIMIT_3
ST006,ST010,8.397,27.527,3.2781945933071337,DEGREE_LIMIT_3
ST006,ST011,9.333,25.545,2.737062037929926,DEGREE_LIMIT_3
ST006,ST012,8.139,29.888,3.672195601425237,DEGREE_LIMIT_3
ST006,ST013,8.849,30.685,3.467623460277997,DEGREE_LIMIT_3
ST006,ST014,9.518999999999998,31.489,3.308015547851666,DEGREE_LIMIT_3
ST006,ST015,6.311,23.026999999999997,3.6487086040247183,DEGREE_LIMIT_3
ST006,ST016,4.19,19.919999999999998,4.7541766109785195,DEGREE_LIMIT_3
ST006,ST017,1.97,8.84,4.4873096446700504,DEGREE_LIMIT_3
ST006,ST018,8.359,30.832,3.6884794831917693,DEGREE_LIMIT_3
ST006,ST019,8.03,32.107000000000006,3.998381070983812,DEGREE_LIMIT_3
ST006,ST020,9.694,30.128000000000004,3.107901794924696,DEGREE_LIMIT_3
ST006,ST021,13.761999999999999,28.171,2.047013515477402,DEGREE_LIMIT_3
ST006,ST022,13.718,28.107,2.0489138358361276,DEGREE_LIMIT_3
ST006,ST023,8.08,27.466,3.3992574257425745,DEGREE_LIMIT_3
ST006,ST024,6.687,23.148999999999997,3.4617915358157614,DEGREE_LIMIT_3
ST006,ST025,6.309,16.915,2.681090505626882,DEGREE_LIMIT_3
ST006,ST026,8.185,28.747,3.5121563836285885,DEGREE_LIMIT_3
ST006,ST027,8.014,32.245999999999995,4.023708510107312,DEGREE_LIMIT_3
ST006,ST028,7.615,23.793,3.1244911359159553,DEGREE_LIMIT_3
ST006,ST029,3.2479999999999998,3.47,1.0683497536945814,DEGREE_LIMIT_3
ST006,ST030,2.299,10.27,4.46715963462375,DEGREE_LIMIT_3
ST006,ST031,4.468999999999999,9.045000000000002,2.0239427164913857,DEGREE_LIMIT_3
ST006,ST032,11.421,25.213,2.2076000350232032,DEGREE_LIMIT_3
ST006,ST033,11.281,32.36,2.868540023047602,DEGREE_LIMIT_3
ST006,ST034,5.936,40.424,6.809973045822103,DEGREE_LIMIT_3
ST006,ST035,5.582999999999999,39.988,7.162457460146875,DEGREE_LIMIT_3
ST006,ST036,6.226999999999999,6.4190000000000005,1.030833467159146,DEGREE_LIMIT_3
ST006,ST037,6.702999999999999,35.629000000000005,5.315381172609281,DEGREE_LIMIT_3
ST006,ST038,2.199,2.199,1.0,DEGREE_LIMIT_3
ST006,ST039,2.245,3.3609999999999998,1.4971046770601335,DEGREE_LIMIT_3
ST006,ST040,3.134,6.643000000000001,2.1196553924696877,DEGREE_LIMIT_3
ST006,ST041,3.951,9.481000000000002,2.399645659326753,DEGREE_LIMIT_3
ST006,ST042,0.594,6.1240000000000006,10.309764309764311,DEGREE_LIMIT_3
ST006,ST043,8.959,29.426000000000002,3.2845183614242663,DEGREE_LIMIT_3
ST006,ST044,9.693,33.958,3.50335293510781,DEGREE_LIMIT_3
ST006,ST045,8.46,28.755000000000003,3.398936170212766,DEGREE_LIMIT_3
ST006,ST046,8.05,22.187,2.7561490683229812,DEGREE_LIMIT_3
ST006,ST047,10.742999999999999,24.409,2.2720841478171834,DEGREE_LIMIT_3
ST006,ST048,8.3,35.967999999999996,4.333493975903614,DEGREE_LIMIT_3
ST006,ST049,15.919999999999998,30.538999999999998,1.9182788944723619,DEGREE_LIMIT_3
ST006,ST050,10.014,24.55,2.451567805072898,DEGREE_LIMIT_3
ST006,ST051,2.665,12.06,4.525328330206379,DEGREE_LIMIT_3
ST006,ST052,1.779,9.479,5.328274311410905,DEGREE_LIMIT_3
ST006,ST053,14.136,28.325,2.0037492925863045,DEGREE_LIMIT_3
ST006,ST054,6.963,21.1,3.0303030303030303,DEGREE_LIMIT_3
ST006,ST055,15.695,30.084,1.9167887862376551,DEGREE_LIMIT_3
ST007,ST008,2.567,22.328000000000003,8.698091156992598,DEGREE_LIMIT_3
ST007,ST009,3.2150000000000003,24.530000000000005,7.6298600311042,DEGREE_LIMIT_3
ST007,ST010,9.013,34.618,3.8408964828580943,DEGREE_LIMIT_3
ST007,ST011,8.717,18.38,2.108523574624297,DEGREE_LIMIT_3
ST007,ST012,8.754999999999999,36.979,4.223757852655626,DEGREE_LIMIT_3
ST007,ST013,9.465,37.776,3.991125198098257,DEGREE_LIMIT_3
ST007,ST014,10.134999999999998,38.58,3.8066107548100647,DEGREE_LIMIT_3
ST007,ST015,6.924,30.118000000000002,4.349797804737146,DEGREE_LIMIT_3
ST007,ST016,4.806,27.011000000000003,5.6202663337494805,DEGREE_LIMIT_3
ST007,ST017,1.354,22.277000000000005,16.45273264401773,DEGREE_LIMIT_3
ST007,ST018,7.798,23.667,3.0350089766606825,DEGREE_LIMIT_3
ST007,ST019,8.073,24.942000000000004,3.0895577852099594,DEGREE_LIMIT_3
ST007,ST020,9.545000000000002,22.963000000000005,2.405762179151388,DEGREE_LIMIT_3
ST007,ST021,13.145999999999999,21.006,1.5979005020538568,DEGREE_LIMIT_3
ST007,ST022,13.102,20.942,1.5983819264234467,DEGREE_LIMIT_3
ST007,ST023,7.584,20.301,2.6768196202531644,DEGREE_LIMIT_3
ST007,ST024,7.300000000000001,30.240000000000002,4.142465753424657,DEGREE_LIMIT_3
ST007,ST025,6.925,24.006000000000004,3.466570397111914,DEGREE_LIMIT_3
ST007,ST026,8.801,35.838,4.072037268492217,DEGREE_LIMIT_3
ST007,ST027,8.629999999999999,39.337,4.558169177288529,DEGREE_LIMIT_3
ST007,ST028,8.231,30.884000000000004,3.7521564815939747,DEGREE_LIMIT_3
ST007,ST029,3.864,16.907000000000004,4.375517598343686,DEGREE_LIMIT_3
ST007,ST030,1.683,23.707000000000004,14.086155674390971,DEGREE_LIMIT_3
ST007,ST031,3.8529999999999998,11.332,2.941084868933299,DEGREE_LIMIT_3
ST007,ST032,11.463999999999999,18.048000000000002,1.5743196092114449,DEGREE_LIMIT_3
ST007,ST033,11.185,25.195000000000004,2.2525704067948147,DEGREE_LIMIT_3
ST007,ST034,5.32,33.259,6.251691729323308,DEGREE_LIMIT_3
ST007,ST035,4.967,32.823,6.608214213811154,DEGREE_LIMIT_3
ST007,ST036,5.611,26.796000000000003,4.7756193191944405,DEGREE_LIMIT_3
ST007,ST037,6.087,28.464000000000006,4.676195170034501,DEGREE_LIMIT_3
ST007,ST038,2.815,22.576,8.019893428063943,DEGREE_LIMIT_3
ST007,ST039,2.861,23.738000000000003,8.297098916462776,DEGREE_LIMIT_3
ST007,ST040,3.004,13.734000000000002,4.571904127829561,DEGREE_LIMIT_3
ST007,ST041,4.567,22.918000000000003,5.018173855922925,DEGREE_LIMIT_3
ST007,ST042,1.21,19.561000000000003,16.166115702479342,DEGREE_LIMIT_3
ST007,ST043,8.886,22.261000000000003,2.5051766824217876,DEGREE_LIMIT_3
ST007,ST044,9.587,26.793000000000003,2.7947220194012727,DEGREE_LIMIT_3
ST007,ST045,8.393,21.590000000000003,2.5723817466936736,DEGREE_LIMIT_3
ST007,ST046,8.093,15.021999999999998,1.8561720004942541,DEGREE_LIMIT_3
ST007,ST047,10.358,17.244,1.6648001544699749,DEGREE_LIMIT_3
ST007,ST048,8.222,28.803000000000004,3.503162247628315,DEGREE_LIMIT_3
ST007,ST049,15.534,23.374,1.5046993691257884,DEGREE_LIMIT_3
ST007,ST050,9.712,17.384999999999998,1.7900535420098844,DEGREE_LIMIT_3
ST007,ST051,3.281,19.151000000000003,5.836939957330083,DEGREE_LIMIT_3
ST007,ST052,1.163,22.916000000000004,19.70421324161651,DEGREE_LIMIT_3
ST007,ST053,13.52,21.16,1.5650887573964498,DEGREE_LIMIT_3
ST007,ST054,7.006,13.934999999999999,1.9890094204967168,DEGREE_LIMIT_3
ST007,ST055,15.079,22.919,1.519928377213343,DEGREE_LIMIT_3
ST008,ST009,1.712,2.202,1.286214953271028,DEGREE_LIMIT_3
ST008,ST010,9.519,29.478,3.0967538606996534,DEGREE_LIMIT_3
ST008,ST011,9.982,27.496000000000002,2.7545582047685837,DEGREE_LIMIT_3
ST008,ST012,9.058,31.839000000000002,3.515014351954074,DEGREE_LIMIT_3
ST008,ST013,9.875,32.636,3.3049113924050637,DEGREE_LIMIT_3
ST008,ST014,10.437999999999999,33.44,3.2036788656830812,DEGREE_LIMIT_3
ST008,ST015,6.807,24.977999999999998,3.6694579109739967,DEGREE_LIMIT_3
ST008,ST016,5.244,21.871,4.170671243325706,DEGREE_LIMIT_3
ST008,ST017,2.645,10.791,4.079773156899811,DEGREE_LIMIT_3
ST008,ST018,8.593,32.783,3.8150820435237986,DEGREE_LIMIT_3
ST008,ST019,9.07,34.058,3.755016538037486,DEGREE_LIMIT_3
ST008,ST020,10.251000000000001,32.079,3.1293532338308454,DEGREE_LIMIT_3
ST008,ST021,14.038,30.122,2.1457472574440803,DEGREE_LIMIT_3
ST008,ST022,13.994,30.058,2.14792053737316,DEGREE_LIMIT_3
ST008,ST023,8.475999999999999,29.417,3.4706229353468623,DEGREE_LIMIT_3
ST008,ST024,7.183000000000001,25.099999999999998,3.4943616873172765,DEGREE_LIMIT_3
ST008,ST025,7.469,18.866,2.5259070826081134,DEGREE_LIMIT_3
ST008,ST026,9.104,30.698,3.371924428822496,DEGREE_LIMIT_3
ST008,ST027,8.933,34.197,3.8281652300458977,DEGREE_LIMIT_3
ST008,ST028,8.534,25.744,3.01663932505273,DEGREE_LIMIT_3
ST008,ST029,4.389,5.421,1.2351332877648666,DEGREE_LIMIT_3
ST008,ST030,2.575,12.221,4.746019417475728,DEGREE_LIMIT_3
ST008,ST031,4.745,10.996000000000002,2.3173867228661753,DEGREE_LIMIT_3
ST008,ST032,12.461,27.164,2.1799213546264347,DEGREE_LIMIT_3
ST008,ST033,10.699,34.311,3.2069352275913636,DEGREE_LIMIT_3
ST008,ST034,5.212,42.375,8.130276285495011,DEGREE_LIMIT_3
ST008,ST035,4.859,41.939,8.63119983535707,DEGREE_LIMIT_3
ST008,ST036,4.468,4.468,1.0,DEGREE_LIMIT_3
ST008,ST037,4.944,37.58,7.601132686084142,DEGREE_LIMIT_3
ST008,ST038,1.312,4.15,3.163109756097561,DEGREE_LIMIT_3
ST008,ST039,1.41,1.41,1.0,DEGREE_LIMIT_3
ST008,ST040,4.106,8.594000000000001,2.093034583536289,DEGREE_LIMIT_3
ST008,ST041,5.243,11.431999999999999,2.1804310509250424,DEGREE_LIMIT_3
ST008,ST042,2.105,8.075,3.8361045130641327,DEGREE_LIMIT_3
ST008,ST043,9.778,31.377000000000002,3.208938433217427,DEGREE_LIMIT_3
ST008,ST044,9.845,35.909,3.6474352463179276,DEGREE_LIMIT_3
ST008,ST045,9.285,30.706000000000003,3.3070543887991386,DEGREE_LIMIT_3
ST008,ST046,9.100999999999999,24.138,2.652236018019998,DEGREE_LIMIT_3
ST008,ST047,11.359000000000002,26.36,2.320626815740822,DEGREE_LIMIT_3
ST008,ST048,9.114,37.919,4.1605222734254985,DEGREE_LIMIT_3
ST008,ST049,16.426,32.49,1.9779617679288934,DEGREE_LIMIT_3
ST008,ST050,10.825000000000001,26.501,2.4481293302540412,DEGREE_LIMIT_3
ST008,ST051,3.584,14.011000000000001,3.9093191964285716,DEGREE_LIMIT_3
ST008,ST052,2.055,11.43,5.562043795620437,DEGREE_LIMIT_3
ST008,ST053,14.412,30.276,2.1007493755203996,DEGREE_LIMIT_3
ST008,ST054,8.014,23.051000000000002,2.876341402545546,DEGREE_LIMIT_3
ST008,ST055,15.971,32.035,2.005823054285893,DEGREE_LIMIT_3
ST009,ST010,9.691,31.68,3.2690124858115777,DEGREE_LIMIT_3
ST009,ST011,10.815,29.698,2.7460009246417014,DEGREE_LIMIT_3
ST009,ST012,9.23,34.041,3.688082340195016,DEGREE_LIMIT_3
ST009,ST013,9.533,34.838,3.6544634427777196,DEGREE_LIMIT_3
ST009,ST014,10.61,35.641999999999996,3.3592836946277096,DEGREE_LIMIT_3
ST009,ST015,5.902,27.18,4.605218569976279,DEGREE_LIMIT_3
ST009,ST016,4.339,24.073,5.548052546669739,DEGREE_LIMIT_3
ST009,ST017,3.477,12.993000000000002,3.736842105263159,DEGREE_LIMIT_3
ST009,ST018,9.523,34.985,3.673737267667752,DEGREE_LIMIT_3
ST009,ST019,10.0,36.26,3.626,DEGREE_LIMIT_3
ST009,ST020,10.26,34.281,3.3412280701754384,DEGREE_LIMIT_3
ST009,ST021,14.870999999999999,32.324,2.1736265214175243,DEGREE_LIMIT_3
ST009,ST022,14.827,32.26,2.175760437040534,DEGREE_LIMIT_3
ST009,ST023,9.309,31.619,3.396605435599957,DEGREE_LIMIT_3
ST009,ST024,6.2780000000000005,27.302,4.348837209302325,DEGREE_LIMIT_3
ST009,ST025,6.963,21.068,3.0257073100675,DEGREE_LIMIT_3
ST009,ST026,9.276,32.9,3.5467874083656747,DEGREE_LIMIT_3
ST009,ST027,9.105,36.399,3.997693574958814,DEGREE_LIMIT_3
ST009,ST028,7.906,27.946,3.5347837085757656,DEGREE_LIMIT_3
ST009,ST029,4.562,7.623000000000001,1.6709776413853574,DEGREE_LIMIT_3
ST009,ST030,3.408,14.423000000000002,4.232100938967137,DEGREE_LIMIT_3
ST009,ST031,5.577999999999999,13.198,2.3660810326281823,DEGREE_LIMIT_3
ST009,ST032,12.789,29.366,2.2961920400344047,DEGREE_LIMIT_3
ST009,ST033,10.708,36.513,3.40988046320508,DEGREE_LIMIT_3
ST009,ST034,5.311,44.577,8.393334588589719,DEGREE_LIMIT_3
ST009,ST035,5.085,44.141,8.68062930186824,DEGREE_LIMIT_3
ST009,ST036,4.477,6.67,1.4898369443823989,DEGREE_LIMIT_3
ST009,ST037,4.953,39.782,8.031899858671512,DEGREE_LIMIT_3
ST009,ST038,0.744,6.352,8.537634408602152,DEGREE_LIMIT_3
ST009,ST039,0.792,0.792,1.0,DEGREE_LIMIT_3
ST009,ST040,4.939,10.796000000000001,2.185867584531282,DEGREE_LIMIT_3
ST009,ST041,4.947,13.634,2.7560137457044673,DEGREE_LIMIT_3
ST009,ST042,2.781,10.277000000000001,3.695433297375045,DEGREE_LIMIT_3
ST009,ST043,9.831,33.579,3.415624046383888,DEGREE_LIMIT_3
ST009,ST044,9.854,38.111,3.8675664704688453,DEGREE_LIMIT_3
ST009,ST045,9.928,32.908,3.3146655922643027,DEGREE_LIMIT_3
ST009,ST046,9.934,26.34,2.651499899335615,DEGREE_LIMIT_3
ST009,ST047,12.192,28.561999999999998,2.3426837270341205,DEGREE_LIMIT_3
ST009,ST048,9.947,40.120999999999995,4.033477430381019,DEGREE_LIMIT_3
ST009,ST049,17.181,34.692,2.0192072638379606,DEGREE_LIMIT_3
ST009,ST050,11.658,28.703,2.462086121118545,DEGREE_LIMIT_3
ST009,ST051,3.757,16.213,4.31541123236625,DEGREE_LIMIT_3
ST009,ST052,2.888,13.632000000000001,4.7202216066482,DEGREE_LIMIT_3
ST009,ST053,15.245,32.477999999999994,2.130403410954411,DEGREE_LIMIT_3
ST009,ST054,8.847,25.253,2.8544139256245056,DEGREE_LIMIT_3
ST009,ST055,16.804,34.236999999999995,2.037431563913354,DEGREE_LIMIT_3
ST010,ST011,13.551,39.786,2.936019481957051,DEGREE_LIMIT_3
ST010,ST012,2.361,2.361,1.0,DEGREE_LIMIT_3
ST010,ST013,2.646,3.158,1.1934996220710508,DEGREE_LIMIT_3
ST010,ST014,1.525,3.9619999999999997,2.5980327868852457,DEGREE_LIMIT_3
ST010,ST015,11.921,16.724,1.40290244107038,DEGREE_LIMIT_3
ST010,ST016,9.129999999999999,13.617,1.4914567360350495,DEGREE_LIMIT_3
ST010,ST017,9.126000000000001,29.427000000000003,3.224523339907955,DEGREE_LIMIT_3
ST010,ST018,13.603,45.073,3.3134602661177683,DEGREE_LIMIT_3
ST010,ST019,14.08,46.348,3.2917613636363634,DEGREE_LIMIT_3
ST010,ST020,15.286,44.369,2.9025906057830695,DEGREE_LIMIT_3
ST010,ST021,18.194,42.412000000000006,2.3310981642299664,DEGREE_LIMIT_3
ST010,ST022,18.907,42.348,2.2398053630930344,DEGREE_LIMIT_3
ST010,ST023,13.389,41.707,3.1150197923668683,DEGREE_LIMIT_3
ST010,ST024,11.545,16.846,1.4591598094413165,DEGREE_LIMIT_3
ST010,ST025,10.313,10.612,1.0289925336953358,DEGREE_LIMIT_3
ST010,ST026,1.22,1.22,1.0,DEGREE_LIMIT_3
ST010,ST027,1.085,4.718999999999999,4.349308755760369,DEGREE_LIMIT_3
ST010,ST028,3.734,3.734,1.0,DEGREE_LIMIT_3
ST010,ST029,6.442,24.057000000000002,3.734399254889786,DEGREE_LIMIT_3
ST010,ST030,9.083,30.857000000000003,3.3972255862600464,DEGREE_LIMIT_3
ST010,ST031,9.658,23.286,2.4110581901014707,DEGREE_LIMIT_3
ST010,ST032,17.471,39.454,2.258256539408162,DEGREE_LIMIT_3
ST010,ST033,16.826,46.601,2.7695827885415425,DEGREE_LIMIT_3
ST010,ST034,13.684999999999999,54.665,3.9945195469492147,DEGREE_LIMIT_3
ST010,ST035,13.248999999999999,54.229,4.0930636274435805,DEGREE_LIMIT_3
ST010,ST036,13.867,33.946,2.4479700007211362,DEGREE_LIMIT_3
ST010,ST037,14.338999999999999,49.87,3.4779273310551644,DEGREE_LIMIT_3
ST010,ST038,9.372,29.726,3.1717883055911225,DEGREE_LIMIT_3
ST010,ST039,9.47,30.888,3.2616684266103486,DEGREE_LIMIT_3
ST010,ST040,7.454,20.884,2.801717198819426,DEGREE_LIMIT_3
ST010,ST041,9.27,30.068,3.2435814455231933,DEGREE_LIMIT_3
ST010,ST042,7.803,26.711000000000002,3.423170575419711,DEGREE_LIMIT_3
ST010,ST043,14.494,43.667,3.012763902304402,DEGREE_LIMIT_3
ST010,ST044,15.228,48.199,3.1651562910428157,DEGREE_LIMIT_3
ST010,ST045,14.021999999999998,42.996,3.0663243474540014,DEGREE_LIMIT_3
ST010,ST046,12.503,36.428000000000004,2.9135407502199477,DEGREE_LIMIT_3
ST010,ST047,14.928,38.650000000000006,2.589094319399786,DEGREE_LIMIT_3
ST010,ST048,13.835,50.208999999999996,3.6291290205999274,DEGREE_LIMIT_3
ST010,ST049,20.165,44.78,2.220679394991322,DEGREE_LIMIT_3
ST010,ST050,14.394,38.791000000000004,2.6949423370848966,DEGREE_LIMIT_3
ST010,ST051,7.611,15.467,2.032190250952569,DEGREE_LIMIT_3
ST010,ST052,9.414,30.066000000000003,3.193753983428936,DEGREE_LIMIT_3
ST010,ST053,18.401,42.566,2.3132438454431825,DEGREE_LIMIT_3
ST010,ST054,11.416,35.341,3.0957428170988086,DEGREE_LIMIT_3
ST010,ST055,19.71,44.324999999999996,2.248858447488584,DEGREE_LIMIT_3
ST011,ST012,11.19,42.147000000000006,3.766487935656837,DEGREE_LIMIT_3
ST011,ST013,11.312999999999999,42.94400000000001,3.795986917705296,DEGREE_LIMIT_3
ST011,ST014,12.57,43.748000000000005,3.4803500397772478,DEGREE_LIMIT_3
ST011,ST015,15.14,35.286,2.330647291941876,DEGREE_LIMIT_3
ST011,ST016,12.455000000000002,32.179,2.5836210357286227,DEGREE_LIMIT_3
ST011,ST017,7.363,27.445000000000004,3.7274208882249087,DEGREE_LIMIT_3
ST011,ST018,3.576,21.212999999999997,5.932046979865771,DEGREE_LIMIT_3
ST011,ST019,3.322,22.488,6.769416014449127,DEGREE_LIMIT_3
ST011,ST020,4.958,20.509,4.13654699475595,DEGREE_LIMIT_3
ST011,ST021,4.795,18.552,3.8690302398331595,DEGREE_LIMIT_3
ST011,ST022,5.569,18.488,3.319806069312264,DEGREE_LIMIT_3
ST011,ST023,1.921,1.921,1.0,DEGREE_LIMIT_3
ST011,ST024,15.33,35.408,2.3097195042400522,DEGREE_LIMIT_3
ST011,ST025,14.909,29.174000000000003,1.9568046146622846,DEGREE_LIMIT_3
ST011,ST026,12.987,41.00600000000001,3.157465157465158,DEGREE_LIMIT_3
ST011,ST027,12.61,44.50500000000001,3.529341792228391,DEGREE_LIMIT_3
ST011,ST028,13.654,36.05200000000001,2.6403984180459945,DEGREE_LIMIT_3
ST011,ST029,9.925,22.075000000000003,2.2241813602015115,DEGREE_LIMIT_3
ST011,ST030,7.9270000000000005,28.875000000000004,3.6426138513939703,DEGREE_LIMIT_3
ST011,ST031,5.237,16.5,3.1506587741073133,DEGREE_LIMIT_3
ST011,ST032,5.259,15.594,2.9652025099828863,DEGREE_LIMIT_3
ST011,ST033,6.732,22.741,3.378045157456922,DEGREE_LIMIT_3
ST011,ST034,7.227,30.805,4.262487892624879,DEGREE_LIMIT_3
ST011,ST035,6.874,30.369,4.417951702065755,DEGREE_LIMIT_3
ST011,ST036,7.492,31.964000000000002,4.266417512012814,DEGREE_LIMIT_3
ST011,ST037,7.968,26.01,3.264307228915663,DEGREE_LIMIT_3
ST011,ST038,11.081,27.744,2.5037451493547516,DEGREE_LIMIT_3
ST011,ST039,10.780999999999999,28.906000000000002,2.681198404600687,DEGREE_LIMIT_3
ST011,ST040,7.585,18.902,2.4920237310481212,DEGREE_LIMIT_3
ST011,ST041,10.98,28.086000000000002,2.5579234972677596,DEGREE_LIMIT_3
ST011,ST042,9.512,24.729000000000003,2.5997687132043734,DEGREE_LIMIT_3
ST011,ST043,4.475,19.807,4.426145251396648,DEGREE_LIMIT_3
ST011,ST044,5.146,24.339,4.729692965410027,DEGREE_LIMIT_3
ST011,ST045,3.828,19.136,4.998955067920585,DEGREE_LIMIT_3
ST011,ST046,1.543,3.358,2.1762799740764747,DEGREE_LIMIT_3
ST011,ST047,1.641,14.79,9.012797074954296,DEGREE_LIMIT_3
ST011,ST048,3.624,26.349,7.27069536423841,DEGREE_LIMIT_3
ST011,ST049,7.729,20.919999999999998,2.7066890930262644,DEGREE_LIMIT_3
ST011,ST050,0.995,0.995,1.0,DEGREE_LIMIT_3
ST011,ST051,10.728,24.319000000000003,2.2668717375093217,DEGREE_LIMIT_3
ST011,ST052,7.927,28.084000000000003,3.54282830831336,DEGREE_LIMIT_3
ST011,ST053,4.85,18.706,3.8569072164948457,DEGREE_LIMIT_3
ST011,ST054,2.543,4.445,1.7479355092410538,DEGREE_LIMIT_3
ST011,ST055,7.172,20.465,2.85345789180145,DEGREE_LIMIT_3
ST012,ST013,0.817,5.519,6.755201958384333,DEGREE_LIMIT_3
ST012,ST014,1.38,6.323,4.581884057971015,DEGREE_LIMIT_3
ST012,ST015,13.075999999999999,19.085,1.4595442031202204,DEGREE_LIMIT_3
ST012,ST016,10.015,15.978000000000002,1.5954068896655018,DEGREE_LIMIT_3
ST012,ST017,9.461,31.788000000000007,3.359898530810697,DEGREE_LIMIT_3
ST012,ST018,13.318,47.434000000000005,3.561645892776694,DEGREE_LIMIT_3
ST012,ST019,12.876,48.709,3.782929481205344,DEGREE_LIMIT_3
ST012,ST020,14.612999999999998,46.730000000000004,3.1978375419147342,DEGREE_LIMIT_3
ST012,ST021,15.832999999999998,44.77300000000001,2.8278279542727223,DEGREE_LIMIT_3
ST012,ST022,16.607,44.709,2.692177997230084,DEGREE_LIMIT_3
ST012,ST023,11.663,44.068000000000005,3.7784446540341254,DEGREE_LIMIT_3
ST012,ST024,12.7,19.207,1.5123622047244096,DEGREE_LIMIT_3
ST012,ST025,11.469,12.973,1.131136106024937,DEGREE_LIMIT_3
ST012,ST026,1.797,3.5810000000000004,1.9927657206455207,DEGREE_LIMIT_3
ST012,ST027,1.42,7.08,4.985915492957747,DEGREE_LIMIT_3
ST012,ST028,4.89,6.095000000000001,1.2464212678936608,DEGREE_LIMIT_3
ST012,ST029,5.571,26.418000000000006,4.742057081313948,DEGREE_LIMIT_3
ST012,ST030,10.025,33.218,3.3135162094763095,DEGREE_LIMIT_3
ST012,ST031,10.814,25.647000000000006,2.3716478638801557,DEGREE_LIMIT_3
ST012,ST032,15.607,41.815000000000005,2.679246491958737,DEGREE_LIMIT_3
ST012,ST033,16.220999999999997,48.962,3.0184328956291235,DEGREE_LIMIT_3
ST012,ST034,14.075,57.026,4.05158081705151,DEGREE_LIMIT_3
ST012,ST035,13.671,56.59,4.139419208543633,DEGREE_LIMIT_3
ST012,ST036,13.526,36.307,2.6842377643057818,DEGREE_LIMIT_3
ST012,ST037,14.001999999999999,52.231,3.730252821025568,DEGREE_LIMIT_3
ST012,ST038,9.794,32.087,3.2761895037778235,DEGREE_LIMIT_3
ST012,ST039,9.892,33.249,3.3612009704811974,DEGREE_LIMIT_3
ST012,ST040,8.61,23.245000000000005,2.6997677119628345,DEGREE_LIMIT_3
ST012,ST041,8.709,32.42900000000001,3.7236192444597553,DEGREE_LIMIT_3
ST012,ST042,8.225,29.072000000000006,3.5345896656534963,DEGREE_LIMIT_3
ST012,ST043,13.895,46.028000000000006,3.312558474271321,DEGREE_LIMIT_3
ST012,ST044,14.622999999999998,50.56,3.457566846748274,DEGREE_LIMIT_3
ST012,ST045,13.239999999999998,45.357000000000006,3.425755287009064,DEGREE_LIMIT_3
ST012,ST046,10.51,38.78900000000001,3.6906755470980026,DEGREE_LIMIT_3
ST012,ST047,12.567,41.01100000000001,3.263388239038753,DEGREE_LIMIT_3
ST012,ST048,13.235999999999999,52.57,3.9717437292233306,DEGREE_LIMIT_3
ST012,ST049,17.804,47.141000000000005,2.6477757807234337,DEGREE_LIMIT_3
ST012,ST050,12.033,41.15200000000001,3.4199285298761746,DEGREE_LIMIT_3
ST012,ST051,7.279,17.828000000000003,2.449237532628109,DEGREE_LIMIT_3
ST012,ST052,9.835999999999999,32.42700000000001,3.296766978446524,DEGREE_LIMIT_3
ST012,ST053,16.04,44.92700000000001,2.800935162094764,DEGREE_LIMIT_3
ST012,ST054,9.423,37.702000000000005,4.0010612331529245,DEGREE_LIMIT_3
ST012,ST055,17.349,46.686,2.69099083520664,DEGREE_LIMIT_3
ST013,ST014,1.514,4.68,3.09114927344782,DEGREE_LIMIT_3
ST013,ST015,13.106,19.881999999999998,1.5170151075843124,DEGREE_LIMIT_3
ST013,ST016,10.045,16.775,1.6699850671976106,DEGREE_LIMIT_3
ST013,ST017,9.602,32.585,3.393563840866486,DEGREE_LIMIT_3
ST013,ST018,13.437999999999999,48.231,3.5891501711564224,DEGREE_LIMIT_3
ST013,ST019,13.447,49.506,3.6815646612627355,DEGREE_LIMIT_3
ST013,ST020,15.116999999999999,47.527,3.143943904213799,DEGREE_LIMIT_3
ST013,ST021,15.620999999999999,45.57000000000001,2.917226810063377,DEGREE_LIMIT_3
ST013,ST022,16.395,45.506,2.775602317779811,DEGREE_LIMIT_3
ST013,ST023,11.783,44.865,3.8076041755070866,DEGREE_LIMIT_3
ST013,ST024,12.73,20.003999999999998,1.5714061272584443,DEGREE_LIMIT_3
ST013,ST025,11.61,13.77,1.186046511627907,DEGREE_LIMIT_3
ST013,ST026,1.938,1.938,1.0,DEGREE_LIMIT_3
ST013,ST027,1.561,1.561,1.0,DEGREE_LIMIT_3
ST013,ST028,5.031,6.8919999999999995,1.3699065792089047,DEGREE_LIMIT_3
ST013,ST029,5.601,27.215000000000003,4.858953758257455,DEGREE_LIMIT_3
ST013,ST030,10.166,34.015,3.345957111941767,DEGREE_LIMIT_3
ST013,ST031,10.955,26.444000000000003,2.4138749429484254,DEGREE_LIMIT_3
ST013,ST032,16.034,42.612,2.657602594486716,DEGREE_LIMIT_3
ST013,ST033,17.037999999999997,49.759,2.9204718863716406,DEGREE_LIMIT_3
ST013,ST034,14.137,57.823,4.09018886609606,DEGREE_LIMIT_3
ST013,ST035,13.701,57.387,4.188526384935406,DEGREE_LIMIT_3
ST013,ST036,13.61,37.104,2.7262307127112417,DEGREE_LIMIT_3
ST013,ST037,14.085999999999999,53.028,3.7645889535709216,DEGREE_LIMIT_3
ST013,ST038,9.824,32.884,3.347312703583062,DEGREE_LIMIT_3
ST013,ST039,9.922,34.046,3.4313646442249546,DEGREE_LIMIT_3
ST013,ST040,8.751,24.042,2.747343160781625,DEGREE_LIMIT_3
ST013,ST041,8.739,33.226000000000006,3.80203684632109,DEGREE_LIMIT_3
ST013,ST042,8.254999999999999,29.869000000000003,3.618291944276197,DEGREE_LIMIT_3
ST013,ST043,14.712,46.825,3.1827759651984775,DEGREE_LIMIT_3
ST013,ST044,15.439999999999998,51.357,3.326230569948187,DEGREE_LIMIT_3
ST013,ST045,14.056999999999999,46.154,3.283346375471296,DEGREE_LIMIT_3
ST013,ST046,9.857,39.586000000000006,4.016029217814752,DEGREE_LIMIT_3
ST013,ST047,12.549999999999999,41.80800000000001,3.3313147410358575,DEGREE_LIMIT_3
ST013,ST048,13.524,53.367,3.9460958296362025,DEGREE_LIMIT_3
ST013,ST049,18.162999999999997,47.938,2.6393216979573864,DEGREE_LIMIT_3
ST013,ST050,11.821,41.949000000000005,3.5486845444547845,DEGREE_LIMIT_3
ST013,ST051,7.309,18.625,2.548228211793679,DEGREE_LIMIT_3
ST013,ST052,9.866,33.224000000000004,3.3675248327589706,DEGREE_LIMIT_3
ST013,ST053,15.995,45.724000000000004,2.8586433260393878,DEGREE_LIMIT_3
ST013,ST054,8.77,38.499,4.389851767388826,DEGREE_LIMIT_3
ST013,ST055,17.555,47.483,2.704813443463401,DEGREE_LIMIT_3
ST014,ST015,13.446,20.686,1.5384500966830283,DEGREE_LIMIT_3
ST014,ST016,10.655000000000001,17.579,1.6498357578601595,DEGREE_LIMIT_3
ST014,ST017,9.946,33.389,3.35702795093505,DEGREE_LIMIT_3
ST014,ST018,14.697999999999999,49.035000000000004,3.3361681861477757,DEGREE_LIMIT_3
ST014,ST019,14.255999999999998,50.31,3.5290404040404044,DEGREE_LIMIT_3
ST014,ST020,15.992999999999997,48.331,3.0220096292127816,DEGREE_LIMIT_3
ST014,ST021,17.134999999999998,46.37400000000001,2.706390428946601,DEGREE_LIMIT_3
ST014,ST022,17.909,46.31,2.5858506895974096,DEGREE_LIMIT_3
ST014,ST023,13.043,45.669000000000004,3.5014183853407963,DEGREE_LIMIT_3
ST014,ST024,13.07,20.808,1.5920428462127008,DEGREE_LIMIT_3
ST014,ST025,11.838000000000001,14.574,1.2311201216421692,DEGREE_LIMIT_3
ST014,ST026,2.362,2.742,1.1608806096528366,DEGREE_LIMIT_3
ST014,ST027,1.905,6.241,3.276115485564304,DEGREE_LIMIT_3
ST014,ST028,5.259,7.696,1.4633960829054953,DEGREE_LIMIT_3
ST014,ST029,6.951,28.019000000000005,4.030930801323551,DEGREE_LIMIT_3
ST014,ST030,10.51,34.819,3.3129400570884875,DEGREE_LIMIT_3
ST014,ST031,11.183,27.248000000000005,2.4365554860055445,DEGREE_LIMIT_3
ST014,ST032,16.987,43.416000000000004,2.5558368163890037,DEGREE_LIMIT_3
ST014,ST033,17.600999999999996,50.563,2.8727345037213805,DEGREE_LIMIT_3
ST014,ST034,14.742,58.627,3.9768688102021437,DEGREE_LIMIT_3
ST014,ST035,14.389,58.191,4.044130933351866,DEGREE_LIMIT_3
ST014,ST036,14.905999999999999,37.908,2.5431369918153766,DEGREE_LIMIT_3
ST014,ST037,15.381999999999998,53.832,3.4996749447406064,DEGREE_LIMIT_3
ST014,ST038,10.897,33.688,3.0914930714875655,DEGREE_LIMIT_3
ST014,ST039,10.995000000000001,34.85,3.1696225557071394,DEGREE_LIMIT_3
ST014,ST040,8.979,24.846000000000004,2.7671232876712337,DEGREE_LIMIT_3
ST014,ST041,10.088999999999999,34.03000000000001,3.3729804737833295,DEGREE_LIMIT_3
ST014,ST042,9.328,30.673000000000005,3.288271869639795,DEGREE_LIMIT_3
ST014,ST043,15.274999999999999,47.629000000000005,3.1181014729950904,DEGREE_LIMIT_3
ST014,ST044,16.002999999999997,52.161,3.2594513528713374,DEGREE_LIMIT_3
ST014,ST045,14.619999999999997,46.958000000000006,3.2119015047879627,DEGREE_LIMIT_3
ST014,ST046,11.172,40.39000000000001,3.615288220551379,DEGREE_LIMIT_3
ST014,ST047,13.947,42.61200000000001,3.0552807055280713,DEGREE_LIMIT_3
ST014,ST048,14.615999999999998,54.171,3.7062807881773403,DEGREE_LIMIT_3
ST014,ST049,19.183999999999997,48.742000000000004,2.540763135946623,DEGREE_LIMIT_3
ST014,ST050,13.334999999999999,42.75300000000001,3.2060742407199108,DEGREE_LIMIT_3
ST014,ST051,8.658999999999999,19.429000000000002,2.2437925857489325,DEGREE_LIMIT_3
ST014,ST052,10.584999999999999,34.028000000000006,3.2147378365611723,DEGREE_LIMIT_3
ST014,ST053,17.42,46.528000000000006,2.6709529276693456,DEGREE_LIMIT_3
ST014,ST054,10.085,39.303000000000004,3.8971740208230043,DEGREE_LIMIT_3
ST014,ST055,18.729,48.287,2.5781942442201933,DEGREE_LIMIT_3
ST015,ST016,3.107,3.107,1.0,DEGREE_LIMIT_3
ST015,ST017,8.278,24.927000000000003,3.01123459772892,DEGREE_LIMIT_3
ST015,ST018,14.415,40.573,2.8146375303503297,DEGREE_LIMIT_3
ST015,ST019,14.085999999999999,41.848,2.970893085332955,DEGREE_LIMIT_3
ST015,ST020,15.807,39.869,2.522236983614854,DEGREE_LIMIT_3
ST015,ST021,19.847,37.912000000000006,1.9102131304479268,DEGREE_LIMIT_3
ST015,ST022,19.863,37.848,1.9054523485878265,DEGREE_LIMIT_3
ST015,ST023,14.344999999999999,37.207,2.5937260369466717,DEGREE_LIMIT_3
ST015,ST024,0.376,6.336,16.851063829787236,DEGREE_LIMIT_3
ST015,ST025,1.9369999999999998,6.112,3.1553949406298405,DEGREE_LIMIT_3
ST015,ST026,11.896999999999998,17.944,1.5082793981676055,DEGREE_LIMIT_3
ST015,ST027,12.233,21.442999999999998,1.7528815499059918,DEGREE_LIMIT_3
ST015,ST028,8.187,12.99,1.5866617808721144,DEGREE_LIMIT_3
ST015,ST029,7.505,19.557000000000002,2.6058627581612264,DEGREE_LIMIT_3
ST015,ST030,8.607000000000001,26.357000000000003,3.0622748925293366,DEGREE_LIMIT_3
ST015,ST031,10.613999999999999,18.786,1.7699265121537595,DEGREE_LIMIT_3
ST015,ST032,17.497,34.954,1.9977138938103676,DEGREE_LIMIT_3
ST015,ST033,16.61,42.101,2.5346779048765806,DEGREE_LIMIT_3
ST015,ST034,11.213000000000001,50.165,4.473825024525104,DEGREE_LIMIT_3
ST015,ST035,10.987,49.729,4.5261672886138165,DEGREE_LIMIT_3
ST015,ST036,10.379000000000001,29.446,2.8370748627035356,DEGREE_LIMIT_3
ST015,ST037,10.855,45.37,4.179640718562874,DEGREE_LIMIT_3
ST015,ST038,6.646,25.226,3.7956665663557025,DEGREE_LIMIT_3
ST015,ST039,6.694,26.388,3.9420376456528237,DEGREE_LIMIT_3
ST015,ST040,9.144,16.384,1.7917760279965005,DEGREE_LIMIT_3
ST015,ST041,6.996,25.568,3.6546598056032016,DEGREE_LIMIT_3
ST015,ST042,6.657,22.211000000000002,3.3364879074658256,DEGREE_LIMIT_3
ST015,ST043,15.015,39.167,2.6085248085248085,DEGREE_LIMIT_3
ST015,ST044,15.749,43.699,2.774715854974919,DEGREE_LIMIT_3
ST015,ST045,14.516000000000002,38.496,2.6519702397354643,DEGREE_LIMIT_3
ST015,ST046,13.684,31.928,2.333235895936861,DEGREE_LIMIT_3
ST015,ST047,16.622999999999998,34.150000000000006,2.0543824821031107,DEGREE_LIMIT_3
ST015,ST048,14.356000000000002,45.708999999999996,3.183964892727779,DEGREE_LIMIT_3
ST015,ST049,21.99,40.28,1.831741700773079,DEGREE_LIMIT_3
ST015,ST050,16.047,34.291000000000004,2.136910325917617,DEGREE_LIMIT_3
ST015,ST051,5.797,10.967,1.8918406072106264,DEGREE_LIMIT_3
ST015,ST052,8.087,25.566000000000003,3.1613701001607524,DEGREE_LIMIT_3
ST015,ST053,19.971,38.066,1.906063792499124,DEGREE_LIMIT_3
ST015,ST054,12.597,30.841,2.448281336826229,DEGREE_LIMIT_3
ST015,ST055,21.368000000000002,39.824999999999996,1.863768251591164,DEGREE_LIMIT_3
ST016,ST017,5.417,21.820000000000004,4.028059811703896,DEGREE_LIMIT_3
ST016,ST018,11.308,37.466,3.313229571984436,DEGREE_LIMIT_3
ST016,ST019,10.979,38.741,3.528645596138082,DEGREE_LIMIT_3
ST016,ST020,12.7,36.762,2.894645669291339,DEGREE_LIMIT_3
ST016,ST021,16.846,34.805,2.0660690965214292,DEGREE_LIMIT_3
ST016,ST022,16.802,34.741,2.0676705154148314,DEGREE_LIMIT_3
ST016,ST023,11.283999999999999,34.1,3.0219780219780223,DEGREE_LIMIT_3
ST016,ST024,3.229,3.229,1.0,DEGREE_LIMIT_3
ST016,ST025,3.005,3.005,1.0,DEGREE_LIMIT_3
ST016,ST026,9.106,14.837,1.629365253678893,DEGREE_LIMIT_3
ST016,ST027,9.442,18.336,1.9419614488455834,DEGREE_LIMIT_3
ST016,ST028,5.396,9.883,1.8315418828762045,DEGREE_LIMIT_3
ST016,ST029,4.444,16.450000000000003,3.7016201620162024,DEGREE_LIMIT_3
ST016,ST030,5.746,23.250000000000004,4.046293073442395,DEGREE_LIMIT_3
ST016,ST031,7.553,15.679000000000002,2.075863895141004,DEGREE_LIMIT_3
ST016,ST032,14.389999999999999,31.847,2.213134120917304,DEGREE_LIMIT_3
ST016,ST033,14.24,38.994,2.7383426966292133,DEGREE_LIMIT_3
ST016,ST034,8.781,47.058,5.359070720874615,DEGREE_LIMIT_3
ST016,ST035,8.555,46.622,5.449678550555231,DEGREE_LIMIT_3
ST016,ST036,7.947,26.339000000000002,3.314332452497798,DEGREE_LIMIT_3
ST016,ST037,8.423,42.263,5.017570936720883,DEGREE_LIMIT_3
ST016,ST038,4.155,22.119,5.323465703971118,DEGREE_LIMIT_3
ST016,ST039,4.09,23.281000000000002,5.692176039119805,DEGREE_LIMIT_3
ST016,ST040,6.083,13.277000000000001,2.182640144665461,DEGREE_LIMIT_3
ST016,ST041,3.935,22.461000000000002,5.7080050825921225,DEGREE_LIMIT_3
ST016,ST042,3.596,19.104000000000003,5.312569521690768,DEGREE_LIMIT_3
ST016,ST043,11.908,36.06,3.028216325159557,DEGREE_LIMIT_3
ST016,ST044,12.642,40.592,3.2108843537414966,DEGREE_LIMIT_3
ST016,ST045,11.409,35.389,3.1018494171268296,DEGREE_LIMIT_3
ST016,ST046,10.999,28.821,2.620329120829166,DEGREE_LIMIT_3
ST016,ST047,13.998999999999999,31.043,2.217515536824059,DEGREE_LIMIT_3
ST016,ST048,11.249,42.602,3.787181082762912,DEGREE_LIMIT_3
ST016,ST049,18.889,37.173,1.9679707766424905,DEGREE_LIMIT_3
ST016,ST050,13.306,31.184,2.343604388997445,DEGREE_LIMIT_3
ST016,ST051,2.736,7.86,2.8728070175438596,DEGREE_LIMIT_3
ST016,ST052,5.226,22.459000000000003,4.29755070799847,DEGREE_LIMIT_3
ST016,ST053,17.22,34.958999999999996,2.0301393728222994,DEGREE_LIMIT_3
ST016,ST054,9.912,27.734,2.7980225988700567,DEGREE_LIMIT_3
ST016,ST055,18.697000000000003,36.717999999999996,1.9638444670267952,DEGREE_LIMIT_3
ST017,ST018,7.048,32.732,4.644154370034052,DEGREE_LIMIT_3
ST017,ST019,6.719,34.007,5.061318648608423,DEGREE_LIMIT_3
ST017,ST020,8.191,32.028,3.9101452814064213,DEGREE_LIMIT_3
ST017,ST021,12.158000000000001,30.070999999999998,2.47335088007896,DEGREE_LIMIT_3
ST017,ST022,12.542000000000002,30.006999999999998,2.3925211290065374,DEGREE_LIMIT_3
ST017,ST023,6.77,29.366,4.337666174298375,DEGREE_LIMIT_3
ST017,ST024,7.967,25.048999999999996,3.1440943893560935,DEGREE_LIMIT_3
ST017,ST025,7.984,18.814999999999998,2.3565881763527052,DEGREE_LIMIT_3
ST017,ST026,8.212,30.647,3.7319775937652215,DEGREE_LIMIT_3
ST017,ST027,8.041,34.146,4.246486755378684,DEGREE_LIMIT_3
ST017,ST028,7.665,25.692999999999998,3.3519895629484666,DEGREE_LIMIT_3
ST017,ST029,4.322,5.37,1.2424803331790837,DEGREE_LIMIT_3
ST017,ST030,0.564,1.4300000000000002,2.535460992907802,DEGREE_LIMIT_3
ST017,ST031,3.293,10.945,3.3237169754023688,DEGREE_LIMIT_3
ST017,ST032,10.11,27.113,2.6818001978239367,DEGREE_LIMIT_3
ST017,ST033,9.97,34.26,3.4363089267803404,DEGREE_LIMIT_3
ST017,ST034,4.796,42.324,8.824854045037531,DEGREE_LIMIT_3
ST017,ST035,4.443,41.888,9.42786405581814,DEGREE_LIMIT_3
ST017,ST036,5.061,15.259,3.0150167950997826,DEGREE_LIMIT_3
ST017,ST037,5.537,37.528999999999996,6.777858045873216,DEGREE_LIMIT_3
ST017,ST038,3.846,11.039,2.8702548101924075,DEGREE_LIMIT_3
ST017,ST039,3.4930000000000003,12.201,3.4929859719438876,DEGREE_LIMIT_3
ST017,ST040,1.842,8.543,4.637893593919652,DEGREE_LIMIT_3
ST017,ST041,5.607,6.073,1.0831103977171392,DEGREE_LIMIT_3
ST017,ST042,2.564,2.716,1.0592823712948518,DEGREE_LIMIT_3
ST017,ST043,7.648,31.326,4.095972803347281,DEGREE_LIMIT_3
ST017,ST044,8.382,35.858,4.277976616559293,DEGREE_LIMIT_3
ST017,ST045,7.149,30.655,4.288012309413904,DEGREE_LIMIT_3
ST017,ST046,6.739,24.087,3.574269179403472,DEGREE_LIMIT_3
ST017,ST047,9.004000000000001,26.308999999999997,2.92192358951577,DEGREE_LIMIT_3
ST017,ST048,6.989,37.867999999999995,5.418228645013592,DEGREE_LIMIT_3
ST017,ST049,14.608999999999998,32.439,2.220480525703334,DEGREE_LIMIT_3
ST017,ST050,8.358,26.45,3.1646326872457524,DEGREE_LIMIT_3
ST017,ST051,3.517,13.959999999999999,3.9692920102359963,DEGREE_LIMIT_3
ST017,ST052,0.639,0.639,1.0,DEGREE_LIMIT_3
ST017,ST053,12.213000000000001,30.224999999999998,2.474821911078359,DEGREE_LIMIT_3
ST017,ST054,5.652,23.0,4.069355980184006,DEGREE_LIMIT_3
ST017,ST055,14.163,31.983999999999998,2.258278613288145,DEGREE_LIMIT_3
ST018,ST019,0.477,5.429,11.381551362683439,DEGREE_LIMIT_3
ST018,ST020,1.949,3.45,1.7701385325808108,DEGREE_LIMIT_3
ST018,ST021,6.586,14.469,2.196932887944124,DEGREE_LIMIT_3
ST018,ST022,6.573,8.513,1.2951468127186976,DEGREE_LIMIT_3
ST018,ST023,1.655,23.134,13.978247734138973,DEGREE_LIMIT_3
ST018,ST024,14.183,40.695,2.869280124092223,DEGREE_LIMIT_3
ST018,ST025,13.617,34.461,2.530733641771315,DEGREE_LIMIT_3
ST018,ST026,13.579,46.293,3.4091612048015314,DEGREE_LIMIT_3
ST018,ST027,13.915000000000001,49.792,3.578296802012217,DEGREE_LIMIT_3
ST018,ST028,11.947,41.339,3.460199213191596,DEGREE_LIMIT_3
ST018,ST029,8.633,27.362000000000002,3.1694660025483614,DEGREE_LIMIT_3
ST018,ST030,7.025,34.162,4.862918149466192,DEGREE_LIMIT_3
ST018,ST031,3.945,21.787,5.5226869455006335,DEGREE_LIMIT_3
ST018,ST032,3.868,5.619,1.452688728024819,DEGREE_LIMIT_3
ST018,ST033,3.728,4.34,1.1641630901287552,DEGREE_LIMIT_3
ST018,ST034,5.215,12.404,2.3785234899328858,DEGREE_LIMIT_3
ST018,ST035,4.862,11.968,2.4615384615384617,DEGREE_LIMIT_3
ST018,ST036,5.48,37.251000000000005,6.797627737226278,DEGREE_LIMIT_3
ST018,ST037,5.956,8.951,1.5028542646071188,DEGREE_LIMIT_3
ST018,ST038,9.789,33.031,3.3742976810705896,DEGREE_LIMIT_3
ST018,ST039,9.489,34.193,3.6034355569606906,DEGREE_LIMIT_3
ST018,ST040,6.3469999999999995,24.189,3.811091854419411,DEGREE_LIMIT_3
ST018,ST041,10.523,33.373000000000005,3.1714340017105394,DEGREE_LIMIT_3
ST018,ST042,8.22,30.016000000000002,3.651581508515815,DEGREE_LIMIT_3
ST018,ST043,1.406,1.406,1.0,DEGREE_LIMIT_3
ST018,ST044,2.1399999999999997,5.938,2.774766355140187,DEGREE_LIMIT_3
ST018,ST045,0.934,2.077,2.223768736616702,DEGREE_LIMIT_3
ST018,ST046,3.7,17.855,4.825675675675676,DEGREE_LIMIT_3
ST018,ST047,3.497,10.706999999999999,3.061767229053474,DEGREE_LIMIT_3
ST018,ST048,0.747,7.948,10.639892904953147,DEGREE_LIMIT_3
ST018,ST049,8.366999999999999,10.945,1.3081152145332857,DEGREE_LIMIT_3
ST018,ST050,2.786,20.218,7.2569992821249105,DEGREE_LIMIT_3
ST018,ST051,10.019,29.606,2.9549855274977546,DEGREE_LIMIT_3
ST018,ST052,6.635,33.371,5.029540316503391,DEGREE_LIMIT_3
ST018,ST053,6.96,14.623,2.1010057471264365,DEGREE_LIMIT_3
ST018,ST054,4.787,16.768,3.502820137873407,DEGREE_LIMIT_3
ST018,ST055,8.279,10.49,1.2670612392801064,DEGREE_LIMIT_3
ST019,ST020,1.979,1.979,1.0,DEGREE_LIMIT_3
ST019,ST021,6.127,15.744,2.569609923290354,DEGREE_LIMIT_3
ST019,ST022,6.305,9.788,1.5524187153053133,DEGREE_LIMIT_3
ST019,ST023,1.664,24.409,14.668870192307692,DEGREE_LIMIT_3
ST019,ST024,14.207999999999998,41.970000000000006,2.953969594594595,DEGREE_LIMIT_3
ST019,ST025,13.983999999999998,35.736000000000004,2.5554919908466824,DEGREE_LIMIT_3
ST019,ST026,14.056000000000001,47.568000000000005,3.384177575412635,DEGREE_LIMIT_3
ST019,ST027,14.296,51.06700000000001,3.572118074986011,DEGREE_LIMIT_3
ST019,ST028,12.424,42.614000000000004,3.429974243399872,DEGREE_LIMIT_3
ST019,ST029,9.11,28.637,3.1434687156970367,DEGREE_LIMIT_3
ST019,ST030,7.283,35.437,4.8657146780173,DEGREE_LIMIT_3
ST019,ST031,4.422,23.061999999999998,5.215287200361827,DEGREE_LIMIT_3
ST019,ST032,3.411,6.894,2.021108179419525,DEGREE_LIMIT_3
ST019,ST033,3.836,6.957000000000001,1.8136079249217938,DEGREE_LIMIT_3
ST019,ST034,5.692,15.021,2.638966971187632,DEGREE_LIMIT_3
ST019,ST035,5.339,14.585,2.731784978460386,DEGREE_LIMIT_3
ST019,ST036,5.957000000000001,38.525999999999996,6.467349336914553,DEGREE_LIMIT_3
ST019,ST037,6.415,7.48,1.16601714731099,DEGREE_LIMIT_3
ST019,ST038,10.229,34.306,3.353798025222407,DEGREE_LIMIT_3
ST019,ST039,9.966000000000001,35.467999999999996,3.558900260887015,DEGREE_LIMIT_3
ST019,ST040,6.824,25.464,3.7315357561547478,DEGREE_LIMIT_3
ST019,ST041,10.631,34.648,3.259147775373907,DEGREE_LIMIT_3
ST019,ST042,8.623999999999999,31.291,3.6283627087198522,DEGREE_LIMIT_3
ST019,ST043,1.504,4.023000000000001,2.674867021276596,DEGREE_LIMIT_3
ST019,ST044,2.238,8.555000000000001,3.8226094727435216,DEGREE_LIMIT_3
ST019,ST045,0.859,3.3520000000000003,3.9022118742724103,DEGREE_LIMIT_3
ST019,ST046,3.7089999999999996,19.13,5.1577244540307365,DEGREE_LIMIT_3
ST019,ST047,3.02,11.982,3.967549668874172,DEGREE_LIMIT_3
ST019,ST048,0.855,10.565000000000001,12.356725146198832,DEGREE_LIMIT_3
ST019,ST049,7.91,12.22,1.5448798988622,DEGREE_LIMIT_3
ST019,ST050,2.327,21.493,9.236355822948001,DEGREE_LIMIT_3
ST019,ST051,10.236,30.881,3.016901133255178,DEGREE_LIMIT_3
ST019,ST052,7.112,34.646,4.8714848143982,DEGREE_LIMIT_3
ST019,ST053,6.5009999999999994,15.898,2.44546992770343,DEGREE_LIMIT_3
ST019,ST054,4.795999999999999,18.043,3.7620934111759805,DEGREE_LIMIT_3
ST019,ST055,7.802,11.765,1.507946680338375,DEGREE_LIMIT_3
ST020,ST021,7.03,13.765,1.9580369843527738,DEGREE_LIMIT_3
ST020,ST022,6.274,7.809,1.2446605036659228,DEGREE_LIMIT_3
ST020,ST023,3.334,22.43,6.727654469106178,DEGREE_LIMIT_3
ST020,ST024,15.928999999999998,39.99100000000001,2.5105781907213265,DEGREE_LIMIT_3
ST020,ST025,15.408000000000001,33.757000000000005,2.1908748701973004,DEGREE_LIMIT_3
ST020,ST026,15.262,45.589000000000006,2.9870921242301143,DEGREE_LIMIT_3
ST020,ST027,15.597999999999999,49.08800000000001,3.147070137197077,DEGREE_LIMIT_3
ST020,ST028,13.895999999999999,40.635000000000005,2.9242227979274618,DEGREE_LIMIT_3
ST020,ST029,10.424,26.658,2.557367613200307,DEGREE_LIMIT_3
ST020,ST030,8.227,33.458,4.066853044852315,DEGREE_LIMIT_3
ST020,ST031,5.736,21.083,3.6755578800557878,DEGREE_LIMIT_3
ST020,ST032,3.417,4.915,1.4383962540239978,DEGREE_LIMIT_3
ST020,ST033,1.99,4.978,2.501507537688442,DEGREE_LIMIT_3
ST020,ST034,5.992,13.042,2.1765687583444593,DEGREE_LIMIT_3
ST020,ST035,6.436,12.606,1.958669981354879,DEGREE_LIMIT_3
ST020,ST036,6.189,36.547,5.905154306026821,DEGREE_LIMIT_3
ST020,ST037,5.501,5.501,1.0,DEGREE_LIMIT_3
ST020,ST038,10.468,32.327,3.088173481085212,DEGREE_LIMIT_3
ST020,ST039,10.226,33.489,3.274887541560727,DEGREE_LIMIT_3
ST020,ST040,7.832,23.485,2.9985955056179776,DEGREE_LIMIT_3
ST020,ST041,11.227,32.669000000000004,2.909860158546362,DEGREE_LIMIT_3
ST020,ST042,9.822,29.312,2.984320912237834,DEGREE_LIMIT_3
ST020,ST043,0.792,2.044,2.580808080808081,DEGREE_LIMIT_3
ST020,ST044,0.406,6.576,16.197044334975367,DEGREE_LIMIT_3
ST020,ST045,1.373,1.373,1.0,DEGREE_LIMIT_3
ST020,ST046,5.379,17.151,3.1885108756274403,DEGREE_LIMIT_3
ST020,ST047,3.98,10.003,2.5133165829145727,DEGREE_LIMIT_3
ST020,ST048,2.009,8.586,4.273768043802887,DEGREE_LIMIT_3
ST020,ST049,7.9159999999999995,10.241,1.2937089439110663,DEGREE_LIMIT_3
ST020,ST050,4.182,19.514,4.666188426590148,DEGREE_LIMIT_3
ST020,ST051,11.708,28.902,2.4685685001708233,DEGREE_LIMIT_3
ST020,ST052,8.426,32.667,3.8769285544742464,DEGREE_LIMIT_3
ST020,ST053,7.395,13.919,1.882217714672076,DEGREE_LIMIT_3
ST020,ST054,6.465999999999999,16.064,2.4843798329724716,DEGREE_LIMIT_3
ST020,ST055,7.845,9.786,1.2474187380497133,DEGREE_LIMIT_3
ST021,ST022,0.983,11.744,11.947100712105799,DEGREE_LIMIT_3
ST021,ST023,5.955,20.473,3.437951301427372,DEGREE_LIMIT_3
ST021,ST024,19.531,38.034,1.9473657262812964,DEGREE_LIMIT_3
ST021,ST025,18.965,31.8,1.6767730029000791,DEGREE_LIMIT_3
ST021,ST026,17.558999999999997,43.632,2.484879548949257,DEGREE_LIMIT_3
ST021,ST027,17.182,47.131,2.7430450471423584,DEGREE_LIMIT_3
ST021,ST028,17.688000000000002,38.678,2.1866802351876973,DEGREE_LIMIT_3
ST021,ST029,14.374,24.701,1.718449979128983,DEGREE_LIMIT_3
ST021,ST030,12.29,31.501,2.5631407648494715,DEGREE_LIMIT_3
ST021,ST031,9.293,19.125999999999998,2.058108253524158,DEGREE_LIMIT_3
ST021,ST032,3.877,8.85,2.282692803714212,DEGREE_LIMIT_3
ST021,ST033,5.896,15.997,2.7131953867028495,DEGREE_LIMIT_3
ST021,ST034,11.283,24.061,2.132500221572277,DEGREE_LIMIT_3
ST021,ST035,10.93,23.625,2.1614821591948767,DEGREE_LIMIT_3
ST021,ST036,11.574,34.59,2.9885951270088134,DEGREE_LIMIT_3
ST021,ST037,11.237,19.266,1.7145145501468362,DEGREE_LIMIT_3
ST021,ST038,15.137,30.369999999999997,2.0063420757085284,DEGREE_LIMIT_3
ST021,ST039,14.837,31.532,2.1252274718608883,DEGREE_LIMIT_3
ST021,ST040,11.253,21.528,1.913089842708611,DEGREE_LIMIT_3
ST021,ST041,15.645999999999999,30.712,1.9629298223188036,DEGREE_LIMIT_3
ST021,ST042,13.568,27.355,2.016140919811321,DEGREE_LIMIT_3
ST021,ST043,6.354,13.062999999999999,2.0558703179099775,DEGREE_LIMIT_3
ST021,ST044,6.851,17.595,2.5682382133995034,DEGREE_LIMIT_3
ST021,ST045,5.683,12.392,2.1805384480028156,DEGREE_LIMIT_3
ST021,ST046,6.163,15.193999999999999,2.465357780301801,DEGREE_LIMIT_3
ST021,ST047,3.762,3.762,1.0,DEGREE_LIMIT_3
ST021,ST048,6.483,19.605,3.024062933826932,DEGREE_LIMIT_3
ST021,ST049,3.415,14.176,4.151098096632504,DEGREE_LIMIT_3
ST021,ST050,3.8,17.557,4.620263157894737,DEGREE_LIMIT_3
ST021,ST051,14.762,26.945,1.8252946755182224,DEGREE_LIMIT_3
ST021,ST052,11.982999999999999,30.71,2.562797296169574,DEGREE_LIMIT_3
ST021,ST053,0.374,7.678,20.52941176470588,DEGREE_LIMIT_3
ST021,ST054,7.25,14.107,1.9457931034482758,DEGREE_LIMIT_3
ST021,ST055,2.96,13.721,4.635472972972973,DEGREE_LIMIT_3
ST022,ST023,6.145,20.409,3.3212367778681857,DEGREE_LIMIT_3
ST022,ST024,19.487000000000002,37.97,1.9484784728280389,DEGREE_LIMIT_3
ST022,ST025,18.921,31.736,1.6772897838380636,DEGREE_LIMIT_3
ST022,ST026,18.333,43.568000000000005,2.3764795723558616,DEGREE_LIMIT_3
ST022,ST027,17.956,47.06700000000001,2.6212408108710186,DEGREE_LIMIT_3
ST022,ST028,17.878,38.614000000000004,2.159861282022598,DEGREE_LIMIT_3
ST022,ST029,14.564,24.637,1.6916369129360067,DEGREE_LIMIT_3
ST022,ST030,12.329,31.437,2.5498418363208692,DEGREE_LIMIT_3
ST022,ST031,9.249,19.061999999999998,2.0609795653584166,DEGREE_LIMIT_3
ST022,ST032,2.894,2.894,1.0,DEGREE_LIMIT_3
ST022,ST033,4.913,10.041,2.043761449216365,DEGREE_LIMIT_3
ST022,ST034,11.239,18.105,1.610908443811727,DEGREE_LIMIT_3
ST022,ST035,10.886,17.669,1.62309388205034,DEGREE_LIMIT_3
ST022,ST036,11.53,34.525999999999996,2.9944492627927146,DEGREE_LIMIT_3
ST022,ST037,11.195,13.31,1.1889236266190264,DEGREE_LIMIT_3
ST022,ST038,15.093,30.305999999999997,2.0079507056251242,DEGREE_LIMIT_3
ST022,ST039,14.793,31.468,2.1272223348881227,DEGREE_LIMIT_3
ST022,ST040,11.651,21.464,1.8422453008325466,DEGREE_LIMIT_3
ST022,ST041,15.602,30.648,1.9643635431354953,DEGREE_LIMIT_3
ST022,ST042,13.524000000000001,27.291,2.0179680567879323,DEGREE_LIMIT_3
ST022,ST043,5.95,7.107,1.194453781512605,DEGREE_LIMIT_3
ST022,ST044,5.868,11.639000000000001,1.9834696659850035,DEGREE_LIMIT_3
ST022,ST045,5.639,6.436,1.1413371165100195,DEGREE_LIMIT_3
ST022,ST046,6.936999999999999,15.129999999999999,2.181058094277065,DEGREE_LIMIT_3
ST022,ST047,4.352,7.981999999999999,1.834099264705882,DEGREE_LIMIT_3
ST022,ST048,6.439,13.649000000000001,2.1197390899207953,DEGREE_LIMIT_3
ST022,ST049,2.432,2.432,1.0,DEGREE_LIMIT_3
ST022,ST050,4.574,17.493,3.824442501093135,DEGREE_LIMIT_3
ST022,ST051,14.952,26.881,1.7978196896736223,DEGREE_LIMIT_3
ST022,ST052,11.939,30.646,2.5668816483792614,DEGREE_LIMIT_3
ST022,ST053,1.357,11.898,8.767870302137068,DEGREE_LIMIT_3
ST022,ST054,8.024,14.043,1.7501246261216352,DEGREE_LIMIT_3
ST022,ST055,1.977,1.977,1.0,DEGREE_LIMIT_3
ST023,ST024,13.969,37.329,2.6722743217123632,DEGREE_LIMIT_3
ST023,ST025,13.403,31.095000000000002,2.3200029844064765,DEGREE_LIMIT_3
ST023,ST026,13.365,42.927,3.2118967452300784,DEGREE_LIMIT_3
ST023,ST027,13.083,46.426,3.5485744859741652,DEGREE_LIMIT_3
ST023,ST028,11.733,37.973,3.236427171226455,DEGREE_LIMIT_3
ST023,ST029,8.419,23.996000000000002,2.850219741061884,DEGREE_LIMIT_3
ST023,ST030,6.811,30.796000000000003,4.5215093231537224,DEGREE_LIMIT_3
ST023,ST031,3.731,18.421,4.937282229965157,DEGREE_LIMIT_3
ST023,ST032,4.753,17.515,3.6850410267199663,DEGREE_LIMIT_3
ST023,ST033,5.324,24.662000000000003,4.632231404958678,DEGREE_LIMIT_3
ST023,ST034,5.721,32.726,5.720328613878692,DEGREE_LIMIT_3
ST023,ST035,5.368,32.29,6.015275707898658,DEGREE_LIMIT_3
ST023,ST036,5.986,33.885000000000005,5.660708319411962,DEGREE_LIMIT_3
ST023,ST037,6.462,27.931000000000004,4.322346022903127,DEGREE_LIMIT_3
ST023,ST038,9.575,29.665,3.0981723237597913,DEGREE_LIMIT_3
ST023,ST039,9.274999999999999,30.827,3.3236657681940707,DEGREE_LIMIT_3
ST023,ST040,6.133,20.823,3.3952388716778086,DEGREE_LIMIT_3
ST023,ST041,11.2,30.007,2.6791964285714287,DEGREE_LIMIT_3
ST023,ST042,8.006,26.650000000000002,3.3287534349238075,DEGREE_LIMIT_3
ST023,ST043,3.061,21.728,7.098333877817708,DEGREE_LIMIT_3
ST023,ST044,3.74,26.26,7.021390374331551,DEGREE_LIMIT_3
ST023,ST045,2.5229999999999997,21.057000000000002,8.346016646848991,DEGREE_LIMIT_3
ST023,ST046,2.045,5.279,2.5814180929095354,DEGREE_LIMIT_3
ST023,ST047,3.166,16.711,5.278269109286165,DEGREE_LIMIT_3
ST023,ST048,2.402,28.270000000000003,11.769358867610325,DEGREE_LIMIT_3
ST023,ST049,8.577,22.840999999999998,2.663052349306284,DEGREE_LIMIT_3
ST023,ST050,2.437,2.916,1.1965531391054576,DEGREE_LIMIT_3
ST023,ST051,8.807,26.240000000000002,2.979448166231407,DEGREE_LIMIT_3
ST023,ST052,6.420999999999999,30.005000000000003,4.672948138919172,DEGREE_LIMIT_3
ST023,ST053,6.329,20.627,3.259124664243956,DEGREE_LIMIT_3
ST023,ST054,3.1319999999999997,6.366,2.032567049808429,DEGREE_LIMIT_3
ST023,ST055,8.122,22.386,2.756217680374292,DEGREE_LIMIT_3
ST024,ST025,1.561,6.234,3.9935938500960924,DEGREE_LIMIT_3
ST024,ST026,11.521,18.066,1.5680930474785173,DEGREE_LIMIT_3
ST024,ST027,11.857,21.564999999999998,1.8187568524921987,DEGREE_LIMIT_3
ST024,ST028,7.811,13.112,1.6786583023940598,DEGREE_LIMIT_3
ST024,ST029,7.1290000000000004,19.679000000000002,2.7604152054986675,DEGREE_LIMIT_3
ST024,ST030,8.431,26.479000000000003,3.1406713319890884,DEGREE_LIMIT_3
ST024,ST031,10.238,18.908,1.8468450869310413,DEGREE_LIMIT_3
ST024,ST032,17.619,35.076,1.9908053805550827,DEGREE_LIMIT_3
ST024,ST033,16.986,42.223,2.485752973036618,DEGREE_LIMIT_3
ST024,ST034,11.466,50.287,4.385749171463457,DEGREE_LIMIT_3
ST024,ST035,11.24,49.851,4.435142348754448,DEGREE_LIMIT_3
ST024,ST036,10.632,29.568,2.7810383747178333,DEGREE_LIMIT_3
ST024,ST037,11.108,45.492,4.095426719481455,DEGREE_LIMIT_3
ST024,ST038,7.022,25.348,3.609797778410709,DEGREE_LIMIT_3
ST024,ST039,6.775,26.51,3.9129151291512914,DEGREE_LIMIT_3
ST024,ST040,8.768,16.506,1.8825273722627736,DEGREE_LIMIT_3
ST024,ST041,6.62,25.69,3.880664652567976,DEGREE_LIMIT_3
ST024,ST042,6.281,22.333000000000002,3.5556440057315717,DEGREE_LIMIT_3
ST024,ST043,15.137,39.289,2.59556054700403,DEGREE_LIMIT_3
ST024,ST044,15.871,43.821,2.7610736563543568,DEGREE_LIMIT_3
ST024,ST045,14.638000000000002,38.618,2.638201940155759,DEGREE_LIMIT_3
ST024,ST046,14.059999999999999,32.050000000000004,2.2795163584637272,DEGREE_LIMIT_3
ST024,ST047,16.852,34.272000000000006,2.0337051981960603,DEGREE_LIMIT_3
ST024,ST048,14.478000000000002,45.830999999999996,3.1655615416493985,DEGREE_LIMIT_3
ST024,ST049,21.919,40.402,1.8432410237693326,DEGREE_LIMIT_3
ST024,ST050,16.221,34.413000000000004,2.1215091547993343,DEGREE_LIMIT_3
ST024,ST051,5.421,11.089,2.0455635491606716,DEGREE_LIMIT_3
ST024,ST052,7.911,25.688000000000002,3.247124257363166,DEGREE_LIMIT_3
ST024,ST053,19.904999999999998,38.188,1.918512936448129,DEGREE_LIMIT_3
ST024,ST054,12.972999999999999,30.963,2.3867262776535885,DEGREE_LIMIT_3
ST024,ST055,21.464000000000002,39.946999999999996,1.8611162877376068,DEGREE_LIMIT_3
ST025,ST026,10.588000000000001,11.832,1.117491499811107,DEGREE_LIMIT_3
ST025,ST027,10.924,15.331000000000001,1.4034236543390701,DEGREE_LIMIT_3
ST025,ST028,6.878,6.878,1.0,DEGREE_LIMIT_3
ST025,ST029,6.563000000000001,13.445,2.0486058205089135,DEGREE_LIMIT_3
ST025,ST030,7.865,20.245,2.5740623013350286,DEGREE_LIMIT_3
ST025,ST031,9.672,12.674,1.3103804797353182,DEGREE_LIMIT_3
ST025,ST032,17.395,28.842,1.658062661684392,DEGREE_LIMIT_3
ST025,ST033,16.919,35.989,2.1271351734736093,DEGREE_LIMIT_3
ST025,ST034,10.9,44.053,4.041559633027522,DEGREE_LIMIT_3
ST025,ST035,10.674,43.617,4.08628442945475,DEGREE_LIMIT_3
ST025,ST036,10.066,23.334,2.318100536459368,DEGREE_LIMIT_3
ST025,ST037,10.542,39.257999999999996,3.7239612976664764,DEGREE_LIMIT_3
ST025,ST038,6.274,19.113999999999997,3.0465412814791195,DEGREE_LIMIT_3
ST025,ST039,6.209,20.276,3.265582219358995,DEGREE_LIMIT_3
ST025,ST040,8.202,10.272,1.252377468910022,DEGREE_LIMIT_3
ST025,ST041,6.054,19.456,3.213742979848034,DEGREE_LIMIT_3
ST025,ST042,5.715,16.099,2.8169728783902013,DEGREE_LIMIT_3
ST025,ST043,14.745,33.055,2.2417768735164465,DEGREE_LIMIT_3
ST025,ST044,15.479,37.586999999999996,2.428257639382389,DEGREE_LIMIT_3
ST025,ST045,14.246,32.384,2.273199494594974,DEGREE_LIMIT_3
ST025,ST046,13.835999999999999,25.816,1.865857184157271,DEGREE_LIMIT_3
ST025,ST047,16.286,28.037999999999997,1.7216013754144661,DEGREE_LIMIT_3
ST025,ST048,14.086,39.596999999999994,2.8110890245633957,DEGREE_LIMIT_3
ST025,ST049,21.352999999999998,34.168,1.6001498618461107,DEGREE_LIMIT_3
ST025,ST050,15.655000000000001,28.179,1.7999999999999998,DEGREE_LIMIT_3
ST025,ST051,4.855,4.855,1.0,DEGREE_LIMIT_3
ST025,ST052,7.345,19.454,2.6486044928522805,DEGREE_LIMIT_3
ST025,ST053,19.339,31.953999999999997,1.652308806039609,DEGREE_LIMIT_3
ST025,ST054,12.748999999999999,24.729,1.9396815436504826,DEGREE_LIMIT_3
ST025,ST055,20.898,33.712999999999994,1.6132165757488752,DEGREE_LIMIT_3
ST026,ST027,0.457,3.4989999999999997,7.6564551422319465,DEGREE_LIMIT_3
ST026,ST028,3.71,4.954,1.335309973045822,DEGREE_LIMIT_3
ST026,ST029,6.175,25.277,4.093441295546559,DEGREE_LIMIT_3
ST026,ST030,8.776,32.077,3.6550820419325434,DEGREE_LIMIT_3
ST026,ST031,9.634,24.506,2.5436993979655385,DEGREE_LIMIT_3
ST026,ST032,17.404,40.674,2.3370489542633877,DEGREE_LIMIT_3
ST026,ST033,16.802,47.821,2.846149267944292,DEGREE_LIMIT_3
ST026,ST034,13.008,55.885,4.29620233702337,DEGREE_LIMIT_3
ST026,ST035,12.655,55.449,4.38158830501778,DEGREE_LIMIT_3
ST026,ST036,13.273,35.166,2.6494387101634898,DEGREE_LIMIT_3
ST026,ST037,13.748999999999999,51.089999999999996,3.7159066113899195,DEGREE_LIMIT_3
ST026,ST038,9.348,30.945999999999998,3.310440735986307,DEGREE_LIMIT_3
ST026,ST039,9.446,32.108,3.3991107347025196,DEGREE_LIMIT_3
ST026,ST040,7.43,22.104,2.974966352624495,DEGREE_LIMIT_3
ST026,ST041,9.312999999999999,31.288,3.359604853430689,DEGREE_LIMIT_3
ST026,ST042,7.779,27.931,3.590564339889446,DEGREE_LIMIT_3
ST026,ST043,14.469999999999999,44.887,3.1020732550103665,DEGREE_LIMIT_3
ST026,ST044,15.203999999999999,49.419,3.250394632991318,DEGREE_LIMIT_3
ST026,ST045,13.998,44.216,3.1587369624232036,DEGREE_LIMIT_3
ST026,ST046,11.795,37.648,3.191860958033065,DEGREE_LIMIT_3
ST026,ST047,14.364,39.870000000000005,2.775689223057644,DEGREE_LIMIT_3
ST026,ST048,13.811,51.428999999999995,3.7237709072478458,DEGREE_LIMIT_3
ST026,ST049,19.601,46.0,2.346819039844906,DEGREE_LIMIT_3
ST026,ST050,13.759,40.011,2.907987499091504,DEGREE_LIMIT_3
ST026,ST051,7.587,16.687,2.1994200606300254,DEGREE_LIMIT_3
ST026,ST052,8.850999999999999,31.286,3.5347418370805563,DEGREE_LIMIT_3
ST026,ST053,17.837,43.786,2.4547849974771543,DEGREE_LIMIT_3
ST026,ST054,10.708,36.561,3.4143630930145683,DEGREE_LIMIT_3
ST026,ST055,19.146,45.544999999999995,2.37882586441032,DEGREE_LIMIT_3
ST027,ST028,4.046,8.453,2.089223924864063,DEGREE_LIMIT_3
ST027,ST029,6.511,28.776000000000003,4.419597604054677,DEGREE_LIMIT_3
ST027,ST030,8.605,35.576,4.134340499709471,DEGREE_LIMIT_3
ST027,ST031,9.97,28.005000000000003,2.808926780341023,DEGREE_LIMIT_3
ST027,ST032,17.027,44.173,2.59429141951019,DEGREE_LIMIT_3
ST027,ST033,17.138,51.32,2.9945151126152405,DEGREE_LIMIT_3
ST027,ST034,12.837,59.384,4.626002960193191,DEGREE_LIMIT_3
ST027,ST035,12.484,58.948,4.7218840115347644,DEGREE_LIMIT_3
ST027,ST036,13.102,38.665000000000006,2.951076171576859,DEGREE_LIMIT_3
ST027,ST037,13.578,54.589,4.020400648107232,DEGREE_LIMIT_3
ST027,ST038,9.684,34.445,3.5568979760429578,DEGREE_LIMIT_3
ST027,ST039,9.782,35.607,3.640053158863218,DEGREE_LIMIT_3
ST027,ST040,7.766,25.603,3.2968065928405874,DEGREE_LIMIT_3
ST027,ST041,9.582,34.787000000000006,3.6304529325819246,DEGREE_LIMIT_3
ST027,ST042,8.115,31.430000000000003,3.873074553296365,DEGREE_LIMIT_3
ST027,ST043,14.806000000000001,48.386,3.2679994596785087,DEGREE_LIMIT_3
ST027,ST044,15.540000000000001,52.918,3.4052767052767052,DEGREE_LIMIT_3
ST027,ST045,14.334,47.715,3.3287986605274176,DEGREE_LIMIT_3
ST027,ST046,11.418,41.147000000000006,3.603695918724821,DEGREE_LIMIT_3
ST027,ST047,13.986999999999998,43.36900000000001,3.1006649031243305,DEGREE_LIMIT_3
ST027,ST048,14.147,54.928,3.8826606347635537,DEGREE_LIMIT_3
ST027,ST049,19.224,49.499,2.5748543487307534,DEGREE_LIMIT_3
ST027,ST050,13.382,43.510000000000005,3.2513824540427443,DEGREE_LIMIT_3
ST027,ST051,7.923,20.186,2.547772308469014,DEGREE_LIMIT_3
ST027,ST052,8.68,34.785000000000004,4.0074884792626735,DEGREE_LIMIT_3
ST027,ST053,17.46,47.285000000000004,2.7081901489117985,DEGREE_LIMIT_3
ST027,ST054,10.331,40.06,3.8776497918884916,DEGREE_LIMIT_3
ST027,ST055,18.769,49.044,2.61303212744419,DEGREE_LIMIT_3
ST028,ST029,5.556,20.323,3.6578473722102234,DEGREE_LIMIT_3
ST028,ST030,8.229,27.123,3.296026248632884,DEGREE_LIMIT_3
ST028,ST031,9.015,19.552,2.1688297282307265,DEGREE_LIMIT_3
ST028,ST032,15.815,35.72,2.258615238697439,DEGREE_LIMIT_3
ST028,ST033,15.674999999999999,42.867,2.734736842105263,DEGREE_LIMIT_3
ST028,ST034,12.461,50.931,4.0872321643527805,DEGREE_LIMIT_3
ST028,ST035,12.108,50.495,4.1703832177073,DEGREE_LIMIT_3
ST028,ST036,12.383,30.212,2.4397964951950257,DEGREE_LIMIT_3
ST028,ST037,12.859,46.135999999999996,3.5878373123882104,DEGREE_LIMIT_3
ST028,ST038,8.65,25.991999999999997,3.0048554913294794,DEGREE_LIMIT_3
ST028,ST039,8.698,27.154,3.1218670958841113,DEGREE_LIMIT_3
ST028,ST040,6.811,17.15,2.5179856115107913,DEGREE_LIMIT_3
ST028,ST041,7.951,26.334,3.312036221858886,DEGREE_LIMIT_3
ST028,ST042,7.16,22.977,3.209078212290503,DEGREE_LIMIT_3
ST028,ST043,13.353,39.933,2.9905639182206247,DEGREE_LIMIT_3
ST028,ST044,14.087,44.464999999999996,3.1564563072336194,DEGREE_LIMIT_3
ST028,ST045,12.880999999999998,39.262,3.0480552752115524,DEGREE_LIMIT_3
ST028,ST046,12.459,32.694,2.624127137009391,DEGREE_LIMIT_3
ST028,ST047,14.899,34.916000000000004,2.3435129874488223,DEGREE_LIMIT_3
ST028,ST048,12.693999999999999,46.474999999999994,3.6611785095320624,DEGREE_LIMIT_3
ST028,ST049,20.31,41.046,2.0209748892171344,DEGREE_LIMIT_3
ST028,ST050,14.17,35.057,2.474029640084686,DEGREE_LIMIT_3
ST028,ST051,6.968,11.733,1.6838404133180254,DEGREE_LIMIT_3
ST028,ST052,8.304,26.332,3.1710019267822736,DEGREE_LIMIT_3
ST028,ST053,18.062,38.832,2.1499280256892925,DEGREE_LIMIT_3
ST028,ST054,11.372,31.607,2.7793703833978194,DEGREE_LIMIT_3
ST028,ST055,19.855,40.590999999999994,2.044371694787207,DEGREE_LIMIT_3
ST029,ST030,4.785,6.800000000000001,1.42110762800418,DEGREE_LIMIT_3
ST029,ST031,5.377,5.575,1.036823507532081,DEGREE_LIMIT_3
ST029,ST032,12.501,21.743000000000002,1.7393008559315257,DEGREE_LIMIT_3
ST029,ST033,12.064,28.890000000000004,2.394728116710876,DEGREE_LIMIT_3
ST029,ST034,8.536,36.954,4.329194001874415,DEGREE_LIMIT_3
ST029,ST035,8.1,36.518,4.508395061728395,DEGREE_LIMIT_3
ST029,ST036,8.009,9.889,1.2347359220876513,DEGREE_LIMIT_3
ST029,ST037,8.485,32.159000000000006,3.7901001767825586,DEGREE_LIMIT_3
ST029,ST038,4.223,5.6690000000000005,1.3424106085721053,DEGREE_LIMIT_3
ST029,ST039,4.321,6.831,1.5808840546169871,DEGREE_LIMIT_3
ST029,ST040,3.173,3.173,1.0,DEGREE_LIMIT_3
ST029,ST041,3.138,6.011,1.915551306564691,DEGREE_LIMIT_3
ST029,ST042,2.654,2.654,1.0,DEGREE_LIMIT_3
ST029,ST043,9.732,25.956000000000003,2.66707768187423,DEGREE_LIMIT_3
ST029,ST044,10.466,30.488000000000003,2.9130517867380092,DEGREE_LIMIT_3
ST029,ST045,9.233,25.285000000000004,2.738546517924835,DEGREE_LIMIT_3
ST029,ST046,8.821,18.717,2.1218682689037522,DEGREE_LIMIT_3
ST029,ST047,11.332,20.939,1.8477762089657606,DEGREE_LIMIT_3
ST029,ST048,9.073,32.498000000000005,3.5818362173481764,DEGREE_LIMIT_3
ST029,ST049,16.996,27.069,1.5926688632619441,DEGREE_LIMIT_3
ST029,ST050,10.626000000000001,21.08,1.983813288161114,DEGREE_LIMIT_3
ST029,ST051,1.708,8.59,5.029274004683841,DEGREE_LIMIT_3
ST029,ST052,4.265,6.009,1.4089097303634235,DEGREE_LIMIT_3
ST029,ST053,14.748000000000001,24.855,1.685313262815297,DEGREE_LIMIT_3
ST029,ST054,7.734,17.63,2.2795448668218254,DEGREE_LIMIT_3
ST029,ST055,16.519,26.614,1.6111144742417824,DEGREE_LIMIT_3
ST030,ST031,3.08,12.375,4.017857142857142,DEGREE_LIMIT_3
ST030,ST032,9.897,28.543,2.884005254117409,DEGREE_LIMIT_3
ST030,ST033,9.757,35.69,3.6578866454852923,DEGREE_LIMIT_3
ST030,ST034,5.062,43.754,8.643619122876332,DEGREE_LIMIT_3
ST030,ST035,4.626,43.318,9.364029399048853,DEGREE_LIMIT_3
ST030,ST036,5.244000000000001,16.689,3.182494279176201,DEGREE_LIMIT_3
ST030,ST037,5.720000000000001,38.958999999999996,6.811013986013984,DEGREE_LIMIT_3
ST030,ST038,3.282,12.469000000000001,3.799207800121877,DEGREE_LIMIT_3
ST030,ST039,3.38,13.631000000000002,4.032840236686392,DEGREE_LIMIT_3
ST030,ST040,1.629,9.973,6.122160834868017,DEGREE_LIMIT_3
ST030,ST041,5.759,7.503000000000001,1.3028303524917522,DEGREE_LIMIT_3
ST030,ST042,2.893,4.146000000000001,1.4331144141030077,DEGREE_LIMIT_3
ST030,ST043,7.435,32.756,4.405648957632818,DEGREE_LIMIT_3
ST030,ST044,8.169,37.288,4.5645733871954945,DEGREE_LIMIT_3
ST030,ST045,6.936,32.085,4.625865051903114,DEGREE_LIMIT_3
ST030,ST046,6.526,25.517,3.910052099295127,DEGREE_LIMIT_3
ST030,ST047,9.219,27.738999999999997,3.008894674042738,DEGREE_LIMIT_3
ST030,ST048,6.776,39.297999999999995,5.7995867768595035,DEGREE_LIMIT_3
ST030,ST049,14.396,33.869,2.3526674076132257,DEGREE_LIMIT_3
ST030,ST050,8.49,27.88,3.283863368669022,DEGREE_LIMIT_3
ST030,ST051,4.0809999999999995,15.39,3.7711345258515077,DEGREE_LIMIT_3
ST030,ST052,0.791,0.791,1.0,DEGREE_LIMIT_3
ST030,ST053,12.664,31.654999999999998,2.4996051800379027,DEGREE_LIMIT_3
ST030,ST054,5.439,24.43,4.491634491634492,DEGREE_LIMIT_3
ST030,ST055,14.224,33.413999999999994,2.3491282339707533,DEGREE_LIMIT_3
ST031,ST032,7.813,16.168,2.0693715602201457,DEGREE_LIMIT_3
ST031,ST033,7.673,23.315,3.0385768278378733,DEGREE_LIMIT_3
ST031,ST034,6.03,31.379,5.203814262023217,DEGREE_LIMIT_3
ST031,ST035,5.677,30.943,5.450590100405144,DEGREE_LIMIT_3
ST031,ST036,6.321,15.464,2.446448346780573,DEGREE_LIMIT_3
ST031,ST037,6.771,26.584000000000003,3.9261556638605826,DEGREE_LIMIT_3
ST031,ST038,5.844,11.244,1.924024640657084,DEGREE_LIMIT_3
ST031,ST039,5.5440000000000005,12.406,2.2377344877344876,DEGREE_LIMIT_3
ST031,ST040,2.402,2.402,1.0,DEGREE_LIMIT_3
ST031,ST041,7.632000000000001,11.585999999999999,1.518081761006289,DEGREE_LIMIT_3
ST031,ST042,4.275,8.229,1.924912280701754,DEGREE_LIMIT_3
ST031,ST043,5.351,20.381,3.8088207811623995,DEGREE_LIMIT_3
ST031,ST044,6.085,24.913,4.094165981922761,DEGREE_LIMIT_3
ST031,ST045,4.879,19.71,4.03976224636196,DEGREE_LIMIT_3
ST031,ST046,5.3629999999999995,13.142,2.4504941264217788,DEGREE_LIMIT_3
ST031,ST047,6.614,15.363999999999997,2.322951315391593,DEGREE_LIMIT_3
ST031,ST048,4.692,26.923000000000002,5.738064791133845,DEGREE_LIMIT_3
ST031,ST049,11.681000000000001,21.493999999999996,1.8400821847444564,DEGREE_LIMIT_3
ST031,ST050,6.08,15.504999999999999,2.55016447368421,DEGREE_LIMIT_3
ST031,ST051,6.074,7.819,1.2872900889035233,DEGREE_LIMIT_3
ST031,ST052,2.69,11.584,4.306319702602231,DEGREE_LIMIT_3
ST031,ST053,9.667,19.279999999999998,1.99441398572463,DEGREE_LIMIT_3
ST031,ST054,4.873,12.055,2.473835419659347,DEGREE_LIMIT_3
ST031,ST055,11.226,21.038999999999998,1.8741314804917153,DEGREE_LIMIT_3
ST032,ST033,2.081,7.147,3.434406535319558,DEGREE_LIMIT_3
ST032,ST034,9.083,15.211000000000002,1.6746669602554225,DEGREE_LIMIT_3
ST032,ST035,8.73,14.775000000000002,1.6924398625429555,DEGREE_LIMIT_3
ST032,ST036,9.146,31.632,3.458561119615132,DEGREE_LIMIT_3
ST032,ST037,8.458,10.416,1.2314968077559707,DEGREE_LIMIT_3
ST032,ST038,13.179,27.412,2.0799757189468093,DEGREE_LIMIT_3
ST032,ST039,12.833,28.574,2.226603288397101,DEGREE_LIMIT_3
ST032,ST040,10.11,18.57,1.8367952522255193,DEGREE_LIMIT_3
ST032,ST041,13.504999999999999,27.754,2.055090707145502,DEGREE_LIMIT_3
ST032,ST042,12.014999999999999,24.397000000000002,2.0305451518934667,DEGREE_LIMIT_3
ST032,ST043,3.095,4.213,1.361227786752827,DEGREE_LIMIT_3
ST032,ST044,3.013,8.745000000000001,2.902422834384335,DEGREE_LIMIT_3
ST032,ST045,3.542,3.542,1.0,DEGREE_LIMIT_3
ST032,ST046,6.177,12.236,1.9808968755059093,DEGREE_LIMIT_3
ST032,ST047,4.347,5.088,1.1704623878536922,DEGREE_LIMIT_3
ST032,ST048,4.266,10.755,2.521097046413502,DEGREE_LIMIT_3
ST032,ST049,4.499,5.3260000000000005,1.1838186263614139,DEGREE_LIMIT_3
ST032,ST050,4.271,14.599,3.4181690470615784,DEGREE_LIMIT_3
ST032,ST051,13.56,23.987000000000002,1.7689528023598822,DEGREE_LIMIT_3
ST032,ST052,10.503,27.752000000000002,2.642292678282396,DEGREE_LIMIT_3
ST032,ST053,4.2509999999999994,9.004,2.1180898612091275,DEGREE_LIMIT_3
ST032,ST054,7.263999999999999,11.149000000000001,1.5348292951541853,DEGREE_LIMIT_3
ST032,ST055,4.731,4.871,1.0295920524202073,DEGREE_LIMIT_3
ST033,ST034,7.5809999999999995,8.064,1.0637119113573408,DEGREE_LIMIT_3
ST033,ST035,7.497,7.628,1.0174736561291184,DEGREE_LIMIT_3
ST033,ST036,7.0649999999999995,38.778999999999996,5.488888888888889,DEGREE_LIMIT_3
ST033,ST037,6.377,10.479000000000001,1.6432491767288695,DEGREE_LIMIT_3
ST033,ST038,11.114,34.559,3.1095015296023027,DEGREE_LIMIT_3
ST033,ST039,11.212,35.721,3.1859614698537277,DEGREE_LIMIT_3
ST033,ST040,9.372,25.717,2.7440247545881347,DEGREE_LIMIT_3
ST033,ST041,12.767,34.901,2.733688415446072,DEGREE_LIMIT_3
ST033,ST042,11.361999999999998,31.544,2.7762717831367723,DEGREE_LIMIT_3
ST033,ST043,2.332,2.934,1.258147512864494,DEGREE_LIMIT_3
ST033,ST044,1.598,1.598,1.0,DEGREE_LIMIT_3
ST033,ST045,2.981,3.6050000000000004,1.2093257296209328,DEGREE_LIMIT_3
ST033,ST046,7.273,19.383,2.665062560153994,DEGREE_LIMIT_3
ST033,ST047,5.588,12.235,2.1895132426628487,DEGREE_LIMIT_3
ST033,ST048,3.606,3.608,1.0005546311702718,DEGREE_LIMIT_3
ST033,ST049,6.473,12.473,1.9269272362119576,DEGREE_LIMIT_3
ST033,ST050,5.79,21.746,3.755785837651122,DEGREE_LIMIT_3
ST033,ST051,13.406,31.134,2.322392958376846,DEGREE_LIMIT_3
ST033,ST052,10.022,34.899,3.4822390740371185,DEGREE_LIMIT_3
ST033,ST053,6.235,16.151,2.59037690457097,DEGREE_LIMIT_3
ST033,ST054,8.36,18.296,2.188516746411483,DEGREE_LIMIT_3
ST033,ST055,6.669,12.018,1.8020692757534864,DEGREE_LIMIT_3
ST034,ST035,0.462,12.496,27.047619047619047,DEGREE_LIMIT_3
ST034,ST036,0.834,46.843,56.16666666666667,DEGREE_LIMIT_3
ST034,ST037,1.204,18.543,15.401162790697674,DEGREE_LIMIT_3
ST034,ST038,5.716,42.623,7.456787963610916,DEGREE_LIMIT_3
ST034,ST039,5.814,43.785,7.530959752321981,DEGREE_LIMIT_3
ST034,ST040,6.322,33.781,5.343403986080354,DEGREE_LIMIT_3
ST034,ST041,9.239,42.965,4.650395064400909,DEGREE_LIMIT_3
ST034,ST042,6.53,39.608000000000004,6.065543644716692,DEGREE_LIMIT_3
ST034,ST043,6.443,10.998000000000001,1.706968803352476,DEGREE_LIMIT_3
ST034,ST044,6.398,6.466,1.0106283213504221,DEGREE_LIMIT_3
ST034,ST045,6.149,11.669,1.8977069442185721,DEGREE_LIMIT_3
ST034,ST046,6.911,27.447,3.9714947185646072,DEGREE_LIMIT_3
ST034,ST047,8.311,20.299,2.442425700878354,DEGREE_LIMIT_3
ST034,ST048,5.962,11.672,1.9577323045957735,DEGREE_LIMIT_3
ST034,ST049,13.582,20.537,1.5120748048888233,DEGREE_LIMIT_3
ST034,ST050,7.605,29.81,3.919789612097304,DEGREE_LIMIT_3
ST034,ST051,7.654999999999999,39.198,5.120574787720445,DEGREE_LIMIT_3
ST034,ST052,4.271,42.96300000000001,10.059236712713652,DEGREE_LIMIT_3
ST034,ST053,11.657,24.215,2.077292613880072,DEGREE_LIMIT_3
ST034,ST054,7.997999999999999,26.36,3.2958239559889972,DEGREE_LIMIT_3
ST034,ST055,13.216000000000001,20.082,1.5195217917675543,DEGREE_LIMIT_3
ST035,ST036,0.644,46.407,72.06055900621118,DEGREE_LIMIT_3
ST035,ST037,1.12,18.107,16.166964285714283,DEGREE_LIMIT_3
ST035,ST038,5.28,42.187,7.989962121212121,DEGREE_LIMIT_3
ST035,ST039,5.378,43.349,8.060431387132763,DEGREE_LIMIT_3
ST035,ST040,5.886,33.345,5.6651376146788985,DEGREE_LIMIT_3
ST035,ST041,8.803,42.528999999999996,4.831193911166647,DEGREE_LIMIT_3
ST035,ST042,6.177,39.172,6.341589768496034,DEGREE_LIMIT_3
ST035,ST043,6.007,10.562000000000001,1.7582820043282839,DEGREE_LIMIT_3
ST035,ST044,6.03,6.03,1.0,DEGREE_LIMIT_3
ST035,ST045,5.796,11.233,1.9380607315389924,DEGREE_LIMIT_3
ST035,ST046,6.475,27.011,4.171583011583012,DEGREE_LIMIT_3
ST035,ST047,7.875,19.863,2.5222857142857142,DEGREE_LIMIT_3
ST035,ST048,5.609,11.236,2.0032091281868425,DEGREE_LIMIT_3
ST035,ST049,13.229,20.101,1.5194648121551138,DEGREE_LIMIT_3
ST035,ST050,7.169,29.374,4.097363649044497,DEGREE_LIMIT_3
ST035,ST051,7.218999999999999,38.762,5.369441750935033,DEGREE_LIMIT_3
ST035,ST052,3.835,42.527,11.089178617992177,DEGREE_LIMIT_3
ST035,ST053,11.304,23.779,2.1035916489738145,DEGREE_LIMIT_3
ST035,ST054,7.561999999999999,25.924,3.4281935995768316,DEGREE_LIMIT_3
ST035,ST055,12.863,19.646,1.5273264401772526,DEGREE_LIMIT_3
ST036,ST037,0.688,42.047999999999995,61.11627906976744,DEGREE_LIMIT_3
ST036,ST038,5.221,8.618,1.6506416395326566,DEGREE_LIMIT_3
ST036,ST039,5.269,5.878,1.115581704308218,DEGREE_LIMIT_3
ST036,ST040,6.5040000000000004,13.062000000000001,2.0083025830258303,DEGREE_LIMIT_3
ST036,ST041,9.421,15.900000000000002,1.687718925804055,DEGREE_LIMIT_3
ST036,ST042,6.573,12.543000000000001,1.908261068005477,DEGREE_LIMIT_3
ST036,ST043,6.146999999999999,35.845,5.831299821050919,DEGREE_LIMIT_3
ST036,ST044,6.17,40.376999999999995,6.544084278768232,DEGREE_LIMIT_3
ST036,ST045,6.244,35.174,5.633247918001281,DEGREE_LIMIT_3
ST036,ST046,7.093,28.606,4.032990272099253,DEGREE_LIMIT_3
ST036,ST047,8.493,30.828,3.6298127870010597,DEGREE_LIMIT_3
ST036,ST048,6.227,42.38699999999999,6.806969648305764,DEGREE_LIMIT_3
ST036,ST049,13.538,36.958000000000006,2.7299453390456496,DEGREE_LIMIT_3
ST036,ST050,7.787,30.969,3.977012970335174,DEGREE_LIMIT_3
ST036,ST051,7.837,18.479,2.3579175704989153,DEGREE_LIMIT_3
ST036,ST052,4.453,15.898,3.570177408488659,DEGREE_LIMIT_3
ST036,ST053,11.948,34.744,2.9079343823234014,DEGREE_LIMIT_3
ST036,ST054,8.18,27.519000000000002,3.364180929095355,DEGREE_LIMIT_3
ST036,ST055,13.507,36.503,2.702524616865329,DEGREE_LIMIT_3
ST037,ST038,4.967,37.827999999999996,7.615864707066639,DEGREE_LIMIT_3
ST037,ST039,5.065,38.989999999999995,7.69792694965449,DEGREE_LIMIT_3
ST037,ST040,6.98,28.986,4.152722063037249,DEGREE_LIMIT_3
ST037,ST041,9.274,38.17,4.115807634246281,DEGREE_LIMIT_3
ST037,ST042,6.708,34.813,5.189773404889684,DEGREE_LIMIT_3
ST037,ST043,5.459,7.545000000000001,1.3821212676314345,DEGREE_LIMIT_3
ST037,ST044,5.482,12.077000000000002,2.2030280919372496,DEGREE_LIMIT_3
ST037,ST045,5.556,6.8740000000000006,1.2372210223182147,DEGREE_LIMIT_3
ST037,ST046,7.569,22.652,2.9927335182983223,DEGREE_LIMIT_3
ST037,ST047,8.163,15.504,1.8993017273061374,DEGREE_LIMIT_3
ST037,ST048,6.192,14.087000000000002,2.275032299741602,DEGREE_LIMIT_3
ST037,ST049,12.85,15.742,1.225058365758755,DEGREE_LIMIT_3
ST037,ST050,8.289,25.015,3.017854988539028,DEGREE_LIMIT_3
ST037,ST051,7.679,34.403,4.480140643312931,DEGREE_LIMIT_3
ST037,ST052,4.929,38.168000000000006,7.74355853114222,DEGREE_LIMIT_3
ST037,ST053,11.611,19.419999999999998,1.6725518904487122,DEGREE_LIMIT_3
ST037,ST054,8.656,21.565,2.4913354898336415,DEGREE_LIMIT_3
ST037,ST055,12.948,15.287,1.1806456595613222,DEGREE_LIMIT_3
ST038,ST039,1.349,5.5600000000000005,4.121571534469978,DEGREE_LIMIT_3
ST038,ST040,4.911,8.842,1.8004479739360622,DEGREE_LIMIT_3
ST038,ST041,4.469,11.68,2.613560080554934,DEGREE_LIMIT_3
ST038,ST042,2.385,8.323,3.4897274633123696,DEGREE_LIMIT_3
ST038,ST043,10.425999999999998,31.625,3.0332821791674665,DEGREE_LIMIT_3
ST038,ST044,10.449,36.157,3.460331132165757,DEGREE_LIMIT_3
ST038,ST045,10.218,30.954,3.029359953024075,DEGREE_LIMIT_3
ST038,ST046,9.808,24.386,2.486337683523654,DEGREE_LIMIT_3
ST038,ST047,12.458000000000002,26.607999999999997,2.1358163429121846,DEGREE_LIMIT_3
ST038,ST048,10.058,38.166999999999994,3.7946907933982894,DEGREE_LIMIT_3
ST038,ST049,17.525,32.738,1.868074179743224,DEGREE_LIMIT_3
ST038,ST050,11.772,26.749,2.2722562011552836,DEGREE_LIMIT_3
ST038,ST051,3.27,14.259,4.360550458715596,DEGREE_LIMIT_3
ST038,ST052,3.367,11.678,3.4683694683694686,DEGREE_LIMIT_3
ST038,ST053,15.511000000000001,30.523999999999997,1.9678937528205787,DEGREE_LIMIT_3
ST038,ST054,8.721,23.299,2.6715972938883157,DEGREE_LIMIT_3
ST038,ST055,17.07,32.282999999999994,1.8912126537785585,DEGREE_LIMIT_3
ST039,ST040,4.905,10.004,2.039551478083588,DEGREE_LIMIT_3
ST039,ST041,4.913,12.841999999999999,2.613881538774679,DEGREE_LIMIT_3
ST039,ST042,2.747,9.485,3.452857662904987,DEGREE_LIMIT_3
ST039,ST043,9.797,32.787,3.3466367255282226,DEGREE_LIMIT_3
ST039,ST044,9.82,37.318999999999996,3.8003054989816696,DEGREE_LIMIT_3
ST039,ST045,9.894,32.116,3.2460076814230847,DEGREE_LIMIT_3
ST039,ST046,9.905999999999999,25.548,2.5790430042398547,DEGREE_LIMIT_3
ST039,ST047,12.158000000000001,27.769999999999996,2.2840927784175022,DEGREE_LIMIT_3
ST039,ST048,9.913,39.32899999999999,3.9674165237566825,DEGREE_LIMIT_3
ST039,ST049,17.224999999999998,33.9,1.9680696661828738,DEGREE_LIMIT_3
ST039,ST050,11.624,27.910999999999998,2.4011527873365446,DEGREE_LIMIT_3
ST039,ST051,3.723,15.421,4.142089712597368,DEGREE_LIMIT_3
ST039,ST052,2.854,12.84,4.498948843728101,DEGREE_LIMIT_3
ST039,ST053,15.211,31.685999999999996,2.0830977582013013,DEGREE_LIMIT_3
ST039,ST054,8.818999999999999,24.461,2.77367048418188,DEGREE_LIMIT_3
ST039,ST055,16.77,33.44499999999999,1.9943351222420986,DEGREE_LIMIT_3
ST040,ST041,6.311,9.184000000000001,1.45523688797338,DEGREE_LIMIT_3
ST040,ST042,3.46,5.827,1.6841040462427745,DEGREE_LIMIT_3
ST040,ST043,7.04,22.783,3.236221590909091,DEGREE_LIMIT_3
ST040,ST044,7.774,27.315,3.5136351942372013,DEGREE_LIMIT_3
ST040,ST045,6.568,22.112000000000002,3.3666260657734477,DEGREE_LIMIT_3
ST040,ST046,6.129,15.544,2.536139663892968,DEGREE_LIMIT_3
ST040,ST047,8.159,17.766,2.1774727295011638,DEGREE_LIMIT_3
ST040,ST048,6.381,29.325000000000003,4.595674659144335,DEGREE_LIMIT_3
ST040,ST049,14.083,23.895999999999997,1.696797557338635,DEGREE_LIMIT_3
ST040,ST050,7.453,17.907,2.4026566483295317,DEGREE_LIMIT_3
ST040,ST051,4.881,5.417,1.1098135627945092,DEGREE_LIMIT_3
ST040,ST052,2.051,9.181999999999999,4.476840565577766,DEGREE_LIMIT_3
ST040,ST053,11.627,21.682,1.8647974542014274,DEGREE_LIMIT_3
ST040,ST054,5.042,14.457,2.8673145577151926,DEGREE_LIMIT_3
ST040,ST055,13.628,23.441,1.72006163780452,DEGREE_LIMIT_3
ST041,ST042,3.357,3.357,1.0,DEGREE_LIMIT_3
ST041,ST043,10.435,31.967,3.0634403449928125,DEGREE_LIMIT_3
ST041,ST044,11.169,36.498999999999995,3.2678843226788428,DEGREE_LIMIT_3
ST041,ST045,9.963,31.296,3.141222523336345,DEGREE_LIMIT_3
ST041,ST046,9.524,24.728,2.5963880722385557,DEGREE_LIMIT_3
ST041,ST047,12.593,26.95,2.140077821011673,DEGREE_LIMIT_3
ST041,ST048,9.776,38.50899999999999,3.9391366612111285,DEGREE_LIMIT_3
ST041,ST049,17.81,33.080000000000005,1.8573834924199892,DEGREE_LIMIT_3
ST041,ST050,11.886999999999999,27.091,2.279044334146547,DEGREE_LIMIT_3
ST041,ST051,2.393,14.601,6.101546176347681,DEGREE_LIMIT_3
ST041,ST052,4.968,6.712000000000001,1.351046698872786,DEGREE_LIMIT_3
ST041,ST053,15.83,30.866,1.949842072015161,DEGREE_LIMIT_3
ST041,ST054,8.437,23.641000000000002,2.8020623444352264,DEGREE_LIMIT_3
ST041,ST055,17.222,32.625,1.89437928231332,DEGREE_LIMIT_3
ST042,ST043,9.03,28.61,3.1683277962347733,DEGREE_LIMIT_3
ST042,ST044,9.764,33.142,3.394305612453913,DEGREE_LIMIT_3
ST042,ST045,8.531,27.939,3.274997069511194,DEGREE_LIMIT_3
ST042,ST046,8.121,21.371,2.631572466445019,DEGREE_LIMIT_3
ST042,ST047,10.814,23.592999999999996,2.1817088958757163,DEGREE_LIMIT_3
ST042,ST048,8.371,35.152,4.199259347748178,DEGREE_LIMIT_3
ST042,ST049,15.956000000000001,29.722999999999995,1.8628102281273498,DEGREE_LIMIT_3
ST042,ST050,10.085,23.733999999999998,2.3533961328705995,DEGREE_LIMIT_3
ST042,ST051,2.072,11.244,5.426640926640927,DEGREE_LIMIT_3
ST042,ST052,2.348,3.3550000000000004,1.4288756388415675,DEGREE_LIMIT_3
ST042,ST053,13.942,27.508999999999997,1.9731028546836893,DEGREE_LIMIT_3
ST042,ST054,7.034,20.284,2.8837077054307647,DEGREE_LIMIT_3
ST042,ST055,15.501000000000001,29.267999999999997,1.88813624927424,DEGREE_LIMIT_3
ST043,ST044,0.734,4.532,6.174386920980926,DEGREE_LIMIT_3
ST043,ST045,0.671,0.671,1.0,DEGREE_LIMIT_3
ST043,ST046,4.974,16.449,3.3069963811821474,DEGREE_LIMIT_3
ST043,ST047,3.278,9.301,2.8374008541793776,DEGREE_LIMIT_3
ST043,ST048,1.307,6.542,5.0053557765876056,DEGREE_LIMIT_3
ST043,ST049,7.593999999999999,9.539,1.256123255201475,DEGREE_LIMIT_3
ST043,ST050,3.48,18.812,5.405747126436782,DEGREE_LIMIT_3
ST043,ST051,11.102,28.200000000000003,2.5400828679517207,DEGREE_LIMIT_3
ST043,ST052,7.723,31.965000000000003,4.138935646769391,DEGREE_LIMIT_3
ST043,ST053,6.728,13.217,1.9644768133174793,DEGREE_LIMIT_3
ST043,ST054,6.061,15.362000000000002,2.5345652532585383,DEGREE_LIMIT_3
ST043,ST055,7.8260000000000005,9.084,1.1607462305136722,DEGREE_LIMIT_3
ST044,ST045,1.383,5.203,3.7621113521330445,DEGREE_LIMIT_3
ST044,ST046,5.675,20.981,3.6970925110132162,DEGREE_LIMIT_3
ST044,ST047,3.99,13.833,3.4669172932330827,DEGREE_LIMIT_3
ST044,ST048,2.008,5.206,2.5926294820717133,DEGREE_LIMIT_3
ST044,ST049,7.512,14.071000000000002,1.8731363152289673,DEGREE_LIMIT_3
ST044,ST050,4.192,23.344,5.568702290076336,DEGREE_LIMIT_3
ST044,ST051,11.808,32.732,2.772018970189702,DEGREE_LIMIT_3
ST044,ST052,8.424,36.497,4.332502374169041,DEGREE_LIMIT_3
ST044,ST053,6.997,17.749,2.536658567957696,DEGREE_LIMIT_3
ST044,ST054,6.762,19.894000000000002,2.942028985507247,DEGREE_LIMIT_3
ST044,ST055,7.744,13.616000000000001,1.7582644628099175,DEGREE_LIMIT_3
ST045,ST046,4.467,15.777999999999999,3.5321244683232593,DEGREE_LIMIT_3
ST045,ST047,2.631,8.629999999999999,3.2801216267578868,DEGREE_LIMIT_3
ST045,ST048,0.8,7.213000000000001,9.016250000000001,DEGREE_LIMIT_3
ST045,ST049,7.847,8.868,1.130113419141073,DEGREE_LIMIT_3
ST045,ST050,2.833,18.141,6.403459230497704,DEGREE_LIMIT_3
ST045,ST051,10.603000000000002,27.528999999999996,2.596340658304253,DEGREE_LIMIT_3
ST045,ST052,7.23,31.293999999999997,4.3283540802213,DEGREE_LIMIT_3
ST045,ST053,6.0569999999999995,12.546,2.071322436849926,DEGREE_LIMIT_3
ST045,ST054,5.553999999999999,14.690999999999999,2.645120633777458,DEGREE_LIMIT_3
ST045,ST055,7.392,8.413,1.1381222943722944,DEGREE_LIMIT_3
ST046,ST047,3.069,11.431999999999999,3.7249918540241116,DEGREE_LIMIT_3
ST046,ST048,3.667,22.991,6.269702754295064,DEGREE_LIMIT_3
ST046,ST049,8.306,17.561999999999998,2.114375150493619,DEGREE_LIMIT_3
ST046,ST050,2.363,2.363,1.0,DEGREE_LIMIT_3
ST046,ST051,10.12,20.961,2.0712450592885374,DEGREE_LIMIT_3
ST046,ST052,7.317,24.726,3.3792537925379253,DEGREE_LIMIT_3
ST046,ST053,6.393,15.347999999999999,2.400750821210699,DEGREE_LIMIT_3
ST046,ST054,1.087,1.087,1.0,DEGREE_LIMIT_3
ST046,ST055,7.851,17.107,2.1789580945102536,DEGREE_LIMIT_3
ST047,ST048,3.431,15.843,4.617604197027106,DEGREE_LIMIT_3
ST047,ST049,6.569,10.414,1.5853250114172628,DEGREE_LIMIT_3
ST047,ST050,0.729,13.794999999999998,18.92318244170096,DEGREE_LIMIT_3
ST047,ST051,11.973,23.183,1.9362732815501544,DEGREE_LIMIT_3
ST047,ST052,9.304,26.948,2.8963886500429923,DEGREE_LIMIT_3
ST047,ST053,3.916,3.916,1.0,DEGREE_LIMIT_3
ST047,ST054,4.156,10.344999999999999,2.489172281039461,DEGREE_LIMIT_3
ST047,ST055,6.114,9.959,1.6288845273143604,DEGREE_LIMIT_3
ST048,ST049,8.647,16.081,1.8597201341505722,DEGREE_LIMIT_3
ST048,ST050,3.182,25.354,7.967944688874922,DEGREE_LIMIT_3
ST048,ST051,10.443,34.742,3.3268217945034952,DEGREE_LIMIT_3
ST048,ST052,7.059,38.507000000000005,5.455021957784389,DEGREE_LIMIT_3
ST048,ST053,6.856999999999999,19.758999999999997,2.881580866268047,DEGREE_LIMIT_3
ST048,ST054,4.754,21.904,4.6074884307951205,DEGREE_LIMIT_3
ST048,ST055,8.192,15.626,1.907470703125,DEGREE_LIMIT_3
ST049,ST050,6.734,19.925,2.958865458865459,DEGREE_LIMIT_3
ST049,ST051,17.384,29.313000000000002,1.6862057063966867,DEGREE_LIMIT_3
ST049,ST052,14.371,33.078,2.3017187391274097,DEGREE_LIMIT_3
ST049,ST053,3.789,14.33,3.782000527843758,DEGREE_LIMIT_3
ST049,ST054,9.392999999999999,16.475,1.7539657191525608,DEGREE_LIMIT_3
ST049,ST055,0.676,4.409,6.522189349112425,DEGREE_LIMIT_3
ST050,ST051,11.244,23.323999999999998,2.0743507648523654,DEGREE_LIMIT_3
ST050,ST052,8.77,27.089,3.088825541619156,DEGREE_LIMIT_3
ST050,ST053,4.1739999999999995,17.711,4.243172017249641,DEGREE_LIMIT_3
ST050,ST054,3.45,3.45,1.0,DEGREE_LIMIT_3
ST050,ST055,6.177,19.47,3.152015541525012,DEGREE_LIMIT_3
ST051,ST052,3.384,14.599,4.3141252955082745,DEGREE_LIMIT_3
ST051,ST053,15.136000000000001,27.099,1.7903673361522197,DEGREE_LIMIT_3
ST051,ST054,9.033,19.874000000000002,2.2001549872689035,DEGREE_LIMIT_3
ST051,ST055,16.929,28.858,1.7046488274558451,DEGREE_LIMIT_3
ST052,ST053,12.357,30.863999999999997,2.497693614955086,DEGREE_LIMIT_3
ST052,ST054,6.23,23.639,3.79438202247191,DEGREE_LIMIT_3
ST052,ST055,13.916,32.623,2.3442799655073294,DEGREE_LIMIT_3
ST053,ST054,7.393,14.261,1.9289868794805898,DEGREE_LIMIT_3
ST053,ST055,3.334,13.875,4.161667666466706,DEGREE_LIMIT_3
ST054,ST055,8.785,16.02,1.8235628912919748,DEGREE_LIMIT_3
ST001,ST002,0.619,0.619,1.0,DEGREE_LIMIT_4
ST001,ST003,6.8,11.271999999999998,1.6576470588235293,DEGREE_LIMIT_4
ST001,ST004,3.811,6.587,1.728417738126476,DEGREE_LIMIT_4
ST001,ST005,3.419,4.577,1.338695525007312,DEGREE_LIMIT_4
ST001,ST006,7.161,13.771,1.9230554391844716,DEGREE_LIMIT_4
ST001,ST007,6.545,6.606,1.009320091673033,DEGREE_LIMIT_4
ST001,ST008,8.055,15.722000000000001,1.9518311607697085,DEGREE_LIMIT_4
ST001,ST009,8.887,17.924000000000003,2.016878586699674,DEGREE_LIMIT_4
ST001,ST010,11.633,14.582,1.253502965701023,DEGREE_LIMIT_4
ST001,ST011,4.454,7.514,1.687022900763359,DEGREE_LIMIT_4
ST001,ST012,9.602,16.943,1.7645282232868154,DEGREE_LIMIT_4
ST001,ST013,9.482,17.740000000000002,1.870913309428391,DEGREE_LIMIT_4
ST001,ST014,10.345,18.544,1.7925567907201545,DEGREE_LIMIT_4
ST001,ST015,11.924,23.354,1.9585709493458572,DEGREE_LIMIT_4
ST001,ST016,10.361,20.247,1.9541550043432099,DEGREE_LIMIT_4
ST001,ST017,5.41,15.671,2.896672828096118,DEGREE_LIMIT_4
ST001,ST018,6.58,19.836999999999996,3.0147416413373853,DEGREE_LIMIT_4
ST001,ST019,6.5889999999999995,21.112,3.204128092275004,DEGREE_LIMIT_4
ST001,ST020,7.875,19.133,2.4295873015873015,DEGREE_LIMIT_4
ST001,ST021,9.161000000000001,17.176,1.8749044864097801,DEGREE_LIMIT_4
ST001,ST022,9.935,17.112,1.7223955712128836,DEGREE_LIMIT_4
ST001,ST023,4.925,15.840999999999998,3.2164467005076136,DEGREE_LIMIT_4
ST001,ST024,12.299999999999999,23.476,1.9086178861788619,DEGREE_LIMIT_4
ST001,ST025,13.215,23.252,1.7595157018539538,DEGREE_LIMIT_4
ST001,ST026,11.399000000000001,15.802000000000001,1.3862619528028775,DEGREE_LIMIT_4
ST001,ST027,11.022,19.301000000000002,1.7511340954454728,DEGREE_LIMIT_4
ST001,ST028,11.775,18.316000000000003,1.5554989384288749,DEGREE_LIMIT_4
ST001,ST029,8.007,10.301,1.2864993131010367,DEGREE_LIMIT_4
ST001,ST030,5.974,17.101,2.862571141613659,DEGREE_LIMIT_4
ST001,ST031,4.665,4.726,1.0130760986066452,DEGREE_LIMIT_4
ST001,ST032,9.175,14.217999999999998,1.5496457765667573,DEGREE_LIMIT_4
ST001,ST033,9.479,21.365,2.25392973942399,DEGREE_LIMIT_4
ST001,ST034,8.216000000000001,29.258,3.56110029211295,DEGREE_LIMIT_4
ST001,ST035,7.8629999999999995,24.437999999999995,3.1079740557039295,DEGREE_LIMIT_4
ST001,ST036,8.507,20.19,2.373339602680146,DEGREE_LIMIT_4
ST001,ST037,8.983,23.316,2.5955694088834464,DEGREE_LIMIT_4
ST001,ST038,9.128,14.524000000000001,1.591148115687993,DEGREE_LIMIT_4
ST001,ST039,8.889,17.132,1.927325908426145,DEGREE_LIMIT_4
ST001,ST040,5.747,7.128,1.240299286584305,DEGREE_LIMIT_4
ST001,ST041,10.347999999999999,16.312,1.5763432547352147,DEGREE_LIMIT_4
ST001,ST042,7.559,12.955,1.7138510384971557,DEGREE_LIMIT_4
ST001,ST043,7.173,18.430999999999997,2.569496723825456,DEGREE_LIMIT_4
ST001,ST044,7.885,22.962999999999997,2.9122384273937856,DEGREE_LIMIT_4
ST001,ST045,6.502,17.759999999999998,2.7314672408489695,DEGREE_LIMIT_4
ST001,ST046,2.998,4.156,1.3862575050033354,DEGREE_LIMIT_4
ST001,ST047,5.936999999999999,13.413999999999998,2.2593902644433213,DEGREE_LIMIT_4
ST001,ST048,6.497999999999999,24.973,3.843182517697753,DEGREE_LIMIT_4
ST001,ST049,11.303999999999998,18.717,1.6557855626326965,DEGREE_LIMIT_4
ST001,ST050,5.361000000000001,6.519,1.2160044767767206,DEGREE_LIMIT_4
ST001,ST051,8.36,15.027000000000001,1.7974880382775122,DEGREE_LIMIT_4
ST001,ST052,6.035,16.31,2.7025683512841754,DEGREE_LIMIT_4
ST001,ST053,9.285,17.33,1.8664512654819598,DEGREE_LIMIT_4
ST001,ST054,1.911,3.069,1.6059654631083202,DEGREE_LIMIT_4
ST001,ST055,10.682,19.089,1.7870249017038007,DEGREE_LIMIT_4
ST002,ST003,6.181,11.890999999999998,1.9237987380682735,DEGREE_LIMIT_4
ST002,ST004,3.192,7.2059999999999995,2.257518796992481,DEGREE_LIMIT_4
ST002,ST005,2.8,5.196,1.8557142857142856,DEGREE_LIMIT_4
ST002,ST006,6.542,14.39,2.1996331397126263,DEGREE_LIMIT_4
ST002,ST007,5.926,7.225,1.2192035099561254,DEGREE_LIMIT_4
ST002,ST008,7.436,16.341,2.1975524475524475,DEGREE_LIMIT_4
ST002,ST009,8.268,18.543000000000003,2.242743105950653,DEGREE_LIMIT_4
ST002,ST010,11.014,15.201,1.3801525331396405,DEGREE_LIMIT_4
ST002,ST011,3.835,8.133,2.120730117340287,DEGREE_LIMIT_4
ST002,ST012,8.983,17.562,1.9550261605254369,DEGREE_LIMIT_4
ST002,ST013,8.913,18.358999999999998,2.05980029170874,DEGREE_LIMIT_4
ST002,ST014,9.776,19.163,1.9602086743044191,DEGREE_LIMIT_4
ST002,ST015,11.305,23.973,2.120566121185316,DEGREE_LIMIT_4
ST002,ST016,9.742,20.866,2.1418599876822007,DEGREE_LIMIT_4
ST002,ST017,4.791,16.29,3.4001252348152784,DEGREE_LIMIT_4
ST002,ST018,5.961,20.455999999999996,3.4316389867471893,DEGREE_LIMIT_4
ST002,ST019,5.97,21.730999999999998,3.6400335008375206,DEGREE_LIMIT_4
ST002,ST020,7.256,19.752,2.722160970231532,DEGREE_LIMIT_4
ST002,ST021,8.542,17.794999999999998,2.0832357761648326,DEGREE_LIMIT_4
ST002,ST022,9.315999999999999,17.730999999999998,1.9032846715328466,DEGREE_LIMIT_4
ST002,ST023,4.306,16.459999999999997,3.822573153738968,DEGREE_LIMIT_4
ST002,ST024,11.681,24.095,2.062751476757127,DEGREE_LIMIT_4
ST002,ST025,12.596,23.871,1.8951254366465544,DEGREE_LIMIT_4
ST002,ST026,10.780000000000001,16.421,1.5232838589981446,DEGREE_LIMIT_4
ST002,ST027,10.403,19.919999999999998,1.9148322599250214,DEGREE_LIMIT_4
ST002,ST028,11.156,18.935000000000002,1.6972929365363931,DEGREE_LIMIT_4
ST002,ST029,8.350999999999999,10.92,1.3076278290025147,DEGREE_LIMIT_4
ST002,ST030,5.355,17.72,3.309056956115779,DEGREE_LIMIT_4
ST002,ST031,4.046,5.345,1.3210578348986652,DEGREE_LIMIT_4
ST002,ST032,8.556,14.836999999999998,1.734104721832632,DEGREE_LIMIT_4
ST002,ST033,8.86,21.983999999999998,2.4812641083521445,DEGREE_LIMIT_4
ST002,ST034,7.597,29.877,3.9327366065552187,DEGREE_LIMIT_4
ST002,ST035,7.244,25.056999999999995,3.4590005521811147,DEGREE_LIMIT_4
ST002,ST036,7.888,20.809,2.638057809330629,DEGREE_LIMIT_4
ST002,ST037,8.364,23.935,2.861669057867049,DEGREE_LIMIT_4
ST002,ST038,8.509,15.143,1.779645081678223,DEGREE_LIMIT_4
ST002,ST039,8.284,17.751,2.1428054080154513,DEGREE_LIMIT_4
ST002,ST040,5.178,7.747,1.496137504828119,DEGREE_LIMIT_4
ST002,ST041,9.729,16.931,1.740261075136191,DEGREE_LIMIT_4
ST002,ST042,6.94,13.574,1.9559077809798269,DEGREE_LIMIT_4
ST002,ST043,6.554,19.049999999999997,2.906621910283796,DEGREE_LIMIT_4
ST002,ST044,7.266,23.581999999999997,3.2455271125791354,DEGREE_LIMIT_4
ST002,ST045,5.883,18.378999999999998,3.1240863505014445,DEGREE_LIMIT_4
ST002,ST046,2.379,4.7749999999999995,2.0071458596048757,DEGREE_LIMIT_4
ST002,ST047,5.318,14.032999999999998,2.6387739751786383,DEGREE_LIMIT_4
ST002,ST048,5.879,25.592,4.353121279129104,DEGREE_LIMIT_4
ST002,ST049,10.684999999999999,19.336,1.8096396817969116,DEGREE_LIMIT_4
ST002,ST050,4.742,7.138,1.5052720371151413,DEGREE_LIMIT_4
ST002,ST051,7.741,15.646,2.02118589329544,DEGREE_LIMIT_4
ST002,ST052,5.430000000000001,16.929,3.1176795580110492,DEGREE_LIMIT_4
ST002,ST053,8.666,17.948999999999998,2.071197784444957,DEGREE_LIMIT_4
ST002,ST054,1.292,3.6879999999999997,2.854489164086687,DEGREE_LIMIT_4
ST002,ST055,10.063,19.708,1.9584616913445292,DEGREE_LIMIT_4
ST003,ST004,4.263,4.685,1.0989913206661974,DEGREE_LIMIT_4
ST003,ST005,4.21,9.710999999999999,2.306650831353919,DEGREE_LIMIT_4
ST003,ST006,12.193999999999999,25.043,2.0537149417746434,DEGREE_LIMIT_4
ST003,ST007,11.892,17.878,1.503363605785402,DEGREE_LIMIT_4
ST003,ST008,13.004999999999999,26.994,2.0756632064590543,DEGREE_LIMIT_4
ST003,ST009,13.838,29.196,2.1098424627836394,DEGREE_LIMIT_4
ST003,ST010,16.573999999999998,25.854,1.5599131169301317,DEGREE_LIMIT_4
ST003,ST011,3.1750000000000003,12.647999999999998,3.9836220472440935,DEGREE_LIMIT_4
ST003,ST012,14.213,28.215,1.9851544360796456,DEGREE_LIMIT_4
ST003,ST013,14.001,29.011999999999997,2.072137704449682,DEGREE_LIMIT_4
ST003,ST014,15.514999999999999,29.816,1.9217531421205285,DEGREE_LIMIT_4
ST003,ST015,17.486,34.626,1.9802127416218687,DEGREE_LIMIT_4
ST003,ST016,15.472000000000001,31.519,2.0371639089968974,DEGREE_LIMIT_4
ST003,ST017,10.538,26.943,2.556747010817992,DEGREE_LIMIT_4
ST003,ST018,4.966,8.565,1.724728151429722,DEGREE_LIMIT_4
ST003,ST019,4.507,9.84,2.183270468160639,DEGREE_LIMIT_4
ST003,ST020,4.917999999999999,7.861,1.5984139894265963,DEGREE_LIMIT_4
ST003,ST021,2.859,5.904,2.0650577124868836,DEGREE_LIMIT_4
ST003,ST022,3.668,5.84,1.5921483097055615,DEGREE_LIMIT_4
ST003,ST023,4.569,4.569,1.0,DEGREE_LIMIT_4
ST003,ST024,17.862000000000002,34.748,1.9453588623894298,DEGREE_LIMIT_4
ST003,ST025,17.835,34.524,1.935744322960471,DEGREE_LIMIT_4
ST003,ST026,15.939,27.073999999999998,1.6986009159922202,DEGREE_LIMIT_4
ST003,ST027,15.562,30.572999999999997,1.9645932399434518,DEGREE_LIMIT_4
ST003,ST028,16.302,29.588,1.8149920255183414,DEGREE_LIMIT_4
ST003,ST029,12.806000000000001,21.573,1.6846009682961112,DEGREE_LIMIT_4
ST003,ST030,10.67,28.373,2.6591377694470477,DEGREE_LIMIT_4
ST003,ST031,8.26,15.997999999999998,1.9368038740920095,DEGREE_LIMIT_4
ST003,ST032,2.946,2.946,1.0,DEGREE_LIMIT_4
ST003,ST033,4.416,10.093,2.285552536231884,DEGREE_LIMIT_4
ST003,ST034,9.663,17.986,1.8613267101314293,DEGREE_LIMIT_4
ST003,ST035,9.31,13.166,1.4141783029001074,DEGREE_LIMIT_4
ST003,ST036,9.954,31.462,3.16073940124573,DEGREE_LIMIT_4
ST003,ST037,9.617,12.044,1.2523656025787666,DEGREE_LIMIT_4
ST003,ST038,13.952,25.796,1.8489105504587156,DEGREE_LIMIT_4
ST003,ST039,13.803999999999998,28.404,2.0576644450883803,DEGREE_LIMIT_4
ST003,ST040,9.633000000000001,18.4,1.9101006955257964,DEGREE_LIMIT_4
ST003,ST041,14.026,27.584,1.9666333951233423,DEGREE_LIMIT_4
ST003,ST042,12.265,24.227,1.9752955564614756,DEGREE_LIMIT_4
ST003,ST043,4.734,7.159,1.5122517955217574,DEGREE_LIMIT_4
ST003,ST044,4.512,11.691,2.5910904255319154,DEGREE_LIMIT_4
ST003,ST045,4.063,6.4879999999999995,1.5968496185084913,DEGREE_LIMIT_4
ST003,ST046,4.543,9.29,2.0449042482940785,DEGREE_LIMIT_4
ST003,ST047,2.142,2.142,1.0,DEGREE_LIMIT_4
ST003,ST048,4.8629999999999995,13.701,2.8173966687230108,DEGREE_LIMIT_4
ST003,ST049,5.138,7.445,1.449007395873881,DEGREE_LIMIT_4
ST003,ST050,2.18,11.652999999999999,5.345412844036696,DEGREE_LIMIT_4
ST003,ST051,13.376000000000001,26.299,1.9661333732057413,DEGREE_LIMIT_4
ST003,ST052,10.95,27.582,2.5189041095890414,DEGREE_LIMIT_4
ST003,ST053,2.485,6.058,2.437826961770624,DEGREE_LIMIT_4
ST003,ST054,5.63,8.203,1.4570159857904084,DEGREE_LIMIT_4
ST003,ST055,4.683,7.817,1.6692291266282298,DEGREE_LIMIT_4
ST004,ST005,1.874,5.026,2.6819637139807897,DEGREE_LIMIT_4
ST004,ST006,8.466,20.357999999999997,2.404677533664068,DEGREE_LIMIT_4
ST004,ST007,7.85,13.193,1.6806369426751593,DEGREE_LIMIT_4
ST004,ST008,8.741999999999999,22.308999999999997,2.5519331960649736,DEGREE_LIMIT_4
ST004,ST009,9.575,24.511,2.5598955613577026,DEGREE_LIMIT_4
ST004,ST010,12.311,21.169,1.7195191292340184,DEGREE_LIMIT_4
ST004,ST011,2.231,7.963,3.569251456745854,DEGREE_LIMIT_4
ST004,ST012,9.95,23.53,2.364824120603015,DEGREE_LIMIT_4
ST004,ST013,10.767,24.326999999999998,2.2594037336305375,DEGREE_LIMIT_4
ST004,ST014,11.329999999999998,25.131,2.2180935569285087,DEGREE_LIMIT_4
ST004,ST015,14.497,29.940999999999995,2.065323860108988,DEGREE_LIMIT_4
ST004,ST016,11.55,26.833999999999996,2.3232900432900427,DEGREE_LIMIT_4
ST004,ST017,6.764,22.258,3.2906564163217027,DEGREE_LIMIT_4
ST004,ST018,3.3680000000000003,13.25,3.9340855106888357,DEGREE_LIMIT_4
ST004,ST019,2.926,14.524999999999999,4.964114832535884,DEGREE_LIMIT_4
ST004,ST020,4.663,12.546,2.690542569161484,DEGREE_LIMIT_4
ST004,ST021,5.883,10.589,1.7999320074791774,DEGREE_LIMIT_4
ST004,ST022,6.657,10.525,1.5810425116418807,DEGREE_LIMIT_4
ST004,ST023,1.713,9.254,5.402218330414477,DEGREE_LIMIT_4
ST004,ST024,14.235,30.062999999999995,2.11190727081138,DEGREE_LIMIT_4
ST004,ST025,13.669,29.838999999999995,2.182968761430975,DEGREE_LIMIT_4
ST004,ST026,11.747,22.389,1.9059334298118669,DEGREE_LIMIT_4
ST004,ST027,11.37,25.887999999999998,2.2768689533861037,DEGREE_LIMIT_4
ST004,ST028,13.012,24.903,1.9138487549953886,DEGREE_LIMIT_4
ST004,ST029,9.373999999999999,16.887999999999998,1.8015788350757413,DEGREE_LIMIT_4
ST004,ST030,7.077,23.688,3.347181008902077,DEGREE_LIMIT_4
ST004,ST031,3.997,11.312999999999999,2.8303727795846885,DEGREE_LIMIT_4
ST004,ST032,5.657,7.631,1.3489482057627717,DEGREE_LIMIT_4
ST004,ST033,6.271,14.777999999999999,2.3565619518418113,DEGREE_LIMIT_4
ST004,ST034,5.987,22.671,3.786704526474027,DEGREE_LIMIT_4
ST004,ST035,5.634,17.851,3.168441604543841,DEGREE_LIMIT_4
ST004,ST036,6.252,26.776999999999997,4.282949456174024,DEGREE_LIMIT_4
ST004,ST037,6.728,16.729,2.486474435196195,DEGREE_LIMIT_4
ST004,ST038,9.841000000000001,21.110999999999997,2.145208820241845,DEGREE_LIMIT_4
ST004,ST039,9.541,23.718999999999998,2.486007756000419,DEGREE_LIMIT_4
ST004,ST040,6.399,13.715,2.1433036411939366,DEGREE_LIMIT_4
ST004,ST041,10.89,22.898999999999997,2.1027548209366387,DEGREE_LIMIT_4
ST004,ST042,8.272,19.541999999999998,2.36242746615087,DEGREE_LIMIT_4
ST004,ST043,3.945,11.844,3.0022813688212926,DEGREE_LIMIT_4
ST004,ST044,4.673,16.375999999999998,3.5043869034881228,DEGREE_LIMIT_4
ST004,ST045,3.29,11.173,3.396048632218845,DEGREE_LIMIT_4
ST004,ST046,1.366,4.6049999999999995,3.3711566617862365,DEGREE_LIMIT_4
ST004,ST047,2.617,6.827,2.6087122659533817,DEGREE_LIMIT_4
ST004,ST048,3.286,18.386,5.595252586731588,DEGREE_LIMIT_4
ST004,ST049,7.854,12.129999999999999,1.544435956200662,DEGREE_LIMIT_4
ST004,ST050,2.083,6.968,3.3451752280364855,DEGREE_LIMIT_4
ST004,ST051,10.071,21.613999999999997,2.1461622480389235,DEGREE_LIMIT_4
ST004,ST052,6.686999999999999,22.897,3.424106475250486,DEGREE_LIMIT_4
ST004,ST053,6.257,10.743,1.7169570081508712,DEGREE_LIMIT_4
ST004,ST054,2.4530000000000003,3.518,1.4341622503057478,DEGREE_LIMIT_4
ST004,ST055,7.399,12.502,1.6896877956480607,DEGREE_LIMIT_4
ST005,ST006,8.471,18.348000000000003,2.165978042734034,DEGREE_LIMIT_4
ST005,ST007,8.514,11.183,1.3134836739487903,DEGREE_LIMIT_4
ST005,ST008,9.522,20.299000000000003,2.1318000420079817,DEGREE_LIMIT_4
ST005,ST009,10.355,22.501000000000005,2.1729599227426366,DEGREE_LIMIT_4
ST005,ST010,12.924,19.159000000000002,1.4824357783967814,DEGREE_LIMIT_4
ST005,ST011,1.035,5.953,5.751690821256039,DEGREE_LIMIT_4
ST005,ST012,10.931000000000001,21.520000000000003,1.9687128350562622,DEGREE_LIMIT_4
ST005,ST013,10.277999999999999,22.317,2.171336835960304,DEGREE_LIMIT_4
ST005,ST014,11.593,23.121000000000002,1.9943931682912104,DEGREE_LIMIT_4
ST005,ST015,14.105,27.931,1.9802197802197803,DEGREE_LIMIT_4
ST005,ST016,11.420000000000002,24.824,2.173730297723292,DEGREE_LIMIT_4
ST005,ST017,7.16,20.248000000000005,2.8279329608938553,DEGREE_LIMIT_4
ST005,ST018,4.208,18.275999999999996,4.343155893536121,DEGREE_LIMIT_4
ST005,ST019,4.217,19.551,4.636234289779464,DEGREE_LIMIT_4
ST005,ST020,5.8870000000000005,17.572,2.9848819432648206,DEGREE_LIMIT_4
ST005,ST021,5.83,15.614999999999998,2.678387650085763,DEGREE_LIMIT_4
ST005,ST022,6.603999999999999,15.550999999999998,2.3547849788007267,DEGREE_LIMIT_4
ST005,ST023,2.553,14.279999999999998,5.593419506462984,DEGREE_LIMIT_4
ST005,ST024,14.481,28.053,1.937228091982598,DEGREE_LIMIT_4
ST005,ST025,14.257,27.829,1.951953426387038,DEGREE_LIMIT_4
ST005,ST026,12.216,20.379,1.6682220039292732,DEGREE_LIMIT_4
ST005,ST027,11.838999999999999,23.878,2.0168933186924574,DEGREE_LIMIT_4
ST005,ST028,12.879999999999999,22.893,1.777406832298137,DEGREE_LIMIT_4
ST005,ST029,9.242,14.878000000000002,1.609824713265527,DEGREE_LIMIT_4
ST005,ST030,6.947,21.678000000000004,3.12048366201238,DEGREE_LIMIT_4
ST005,ST031,4.886,9.303,1.9040114613180517,DEGREE_LIMIT_4
ST005,ST032,6.2940000000000005,12.656999999999998,2.010962821734985,DEGREE_LIMIT_4
ST005,ST033,7.767,19.804,2.5497618127977337,DEGREE_LIMIT_4
ST005,ST034,6.876,27.697,4.028068644560791,DEGREE_LIMIT_4
ST005,ST035,6.523,22.876999999999995,3.507128621799785,DEGREE_LIMIT_4
ST005,ST036,7.141,24.767000000000003,3.4682817532558468,DEGREE_LIMIT_4
ST005,ST037,7.617,21.755,2.8561113299199157,DEGREE_LIMIT_4
ST005,ST038,10.229,19.101000000000003,1.8673379606999712,DEGREE_LIMIT_4
ST005,ST039,10.327,21.709000000000003,2.1021593880120077,DEGREE_LIMIT_4
ST005,ST040,6.55,11.705000000000002,1.7870229007633591,DEGREE_LIMIT_4
ST005,ST041,9.945,20.889000000000003,2.100452488687783,DEGREE_LIMIT_4
ST005,ST042,8.542,17.532000000000004,2.052446733785999,DEGREE_LIMIT_4
ST005,ST043,5.481999999999999,16.869999999999997,3.077344035023714,DEGREE_LIMIT_4
ST005,ST044,6.181,21.401999999999997,3.4625465135091407,DEGREE_LIMIT_4
ST005,ST045,4.8629999999999995,16.198999999999998,3.331071355130578,DEGREE_LIMIT_4
ST005,ST046,0.508,2.5949999999999998,5.108267716535432,DEGREE_LIMIT_4
ST005,ST047,2.676,11.852999999999998,4.429372197309416,DEGREE_LIMIT_4
ST005,ST048,4.175,23.412,5.607664670658683,DEGREE_LIMIT_4
ST005,ST049,8.764,17.156,1.957553628480146,DEGREE_LIMIT_4
ST005,ST050,2.03,4.958,2.4423645320197047,DEGREE_LIMIT_4
ST005,ST051,10.541,19.604000000000003,1.8597855990892707,DEGREE_LIMIT_4
ST005,ST052,7.5760000000000005,20.887000000000004,2.756995776135164,DEGREE_LIMIT_4
ST005,ST053,5.885,15.768999999999998,2.6795242141036533,DEGREE_LIMIT_4
ST005,ST054,1.508,1.508,1.0,DEGREE_LIMIT_4
ST005,ST055,8.206999999999999,17.528,2.1357377848178385,DEGREE_LIMIT_4
ST006,ST007,0.616,20.377000000000002,33.07954545454546,DEGREE_LIMIT_4
ST006,ST008,1.951,1.951,1.0,DEGREE_LIMIT_4
ST006,ST009,2.599,4.153,1.5979222777991533,DEGREE_LIMIT_4
ST006,ST010,8.397,14.097000000000001,1.678813862093605,DEGREE_LIMIT_4
ST006,ST011,9.333,21.285,2.2806171648987466,DEGREE_LIMIT_4
ST006,ST012,8.139,16.458000000000002,2.02211573903428,DEGREE_LIMIT_4
ST006,ST013,8.849,17.255000000000003,1.9499378460843035,DEGREE_LIMIT_4
ST006,ST014,9.518999999999998,18.059,1.89715306229646,DEGREE_LIMIT_4
ST006,ST015,6.311,16.523000000000003,2.618127079702108,DEGREE_LIMIT_4
ST006,ST016,4.19,13.416000000000002,3.201909307875895,DEGREE_LIMIT_4
ST006,ST017,1.97,8.84,4.4873096446700504,DEGREE_LIMIT_4
ST006,ST018,8.359,33.608,4.020576623998085,DEGREE_LIMIT_4
ST006,ST019,8.03,34.882999999999996,4.344084682440847,DEGREE_LIMIT_4
ST006,ST020,9.694,32.903999999999996,3.394264493501134,DEGREE_LIMIT_4
ST006,ST021,13.761999999999999,30.947,2.2487283825025433,DEGREE_LIMIT_4
ST006,ST022,13.718,30.883000000000003,2.251275696165622,DEGREE_LIMIT_4
ST006,ST023,8.08,29.612,3.6648514851485148,DEGREE_LIMIT_4
ST006,ST024,6.687,16.645000000000003,2.489158067892927,DEGREE_LIMIT_4
ST006,ST025,6.309,16.421000000000003,2.602789665557141,DEGREE_LIMIT_4
ST006,ST026,8.185,15.317000000000002,1.8713500305436777,DEGREE_LIMIT_4
ST006,ST027,8.014,18.816000000000003,2.347891190416771,DEGREE_LIMIT_4
ST006,ST028,7.615,17.831000000000003,2.341562705187131,DEGREE_LIMIT_4
ST006,ST029,3.2479999999999998,3.47,1.0683497536945814,DEGREE_LIMIT_4
ST006,ST030,2.299,10.27,4.46715963462375,DEGREE_LIMIT_4
ST006,ST031,4.468999999999999,9.045000000000002,2.0239427164913857,DEGREE_LIMIT_4
ST006,ST032,11.421,27.989,2.4506610629542074,DEGREE_LIMIT_4
ST006,ST033,11.281,35.135999999999996,3.1146174984487187,DEGREE_LIMIT_4
ST006,ST034,5.936,43.028999999999996,7.248820754716981,DEGREE_LIMIT_4
ST006,ST035,5.582999999999999,38.208999999999996,6.84381157084005,DEGREE_LIMIT_4
ST006,ST036,6.226999999999999,6.4190000000000005,1.030833467159146,DEGREE_LIMIT_4
ST006,ST037,6.702999999999999,37.086999999999996,5.532895718335074,DEGREE_LIMIT_4
ST006,ST038,2.199,7.693,3.4984083674397453,DEGREE_LIMIT_4
ST006,ST039,2.245,3.3609999999999998,1.4971046770601335,DEGREE_LIMIT_4
ST006,ST040,3.134,6.643000000000001,2.1196553924696877,DEGREE_LIMIT_4
ST006,ST041,3.951,9.481000000000002,2.399645659326753,DEGREE_LIMIT_4
ST006,ST042,0.594,6.1240000000000006,10.309764309764311,DEGREE_LIMIT_4
ST006,ST043,8.959,32.202,3.5943743721397476,DEGREE_LIMIT_4
ST006,ST044,9.693,36.733999999999995,3.789745176931806,DEGREE_LIMIT_4
ST006,ST045,8.46,31.531,3.727068557919621,DEGREE_LIMIT_4
ST006,ST046,8.05,17.927,2.22695652173913,DEGREE_LIMIT_4
ST006,ST047,10.742999999999999,27.185,2.530484966955227,DEGREE_LIMIT_4
ST006,ST048,8.3,38.74399999999999,4.667951807228914,DEGREE_LIMIT_4
ST006,ST049,15.919999999999998,32.488,2.0407035175879398,DEGREE_LIMIT_4
ST006,ST050,10.014,20.29,2.026163371280208,DEGREE_LIMIT_4
ST006,ST051,2.665,8.196000000000002,3.0754221388367733,DEGREE_LIMIT_4
ST006,ST052,1.779,9.479,5.328274311410905,DEGREE_LIMIT_4
ST006,ST053,14.136,31.101,2.2001273344651953,DEGREE_LIMIT_4
ST006,ST054,6.963,16.84,2.418497773948011,DEGREE_LIMIT_4
ST006,ST055,15.695,32.86,2.09366040140172,DEGREE_LIMIT_4
ST007,ST008,2.567,22.328000000000003,8.698091156992598,DEGREE_LIMIT_4
ST007,ST009,3.2150000000000003,24.530000000000005,7.6298600311042,DEGREE_LIMIT_4
ST007,ST010,9.013,21.188000000000002,2.3508265838233666,DEGREE_LIMIT_4
ST007,ST011,8.717,14.12,1.6198233337157277,DEGREE_LIMIT_4
ST007,ST012,8.754999999999999,23.549000000000003,2.689777270131354,DEGREE_LIMIT_4
ST007,ST013,9.465,24.346,2.5722134178552563,DEGREE_LIMIT_4
ST007,ST014,10.134999999999998,25.150000000000002,2.481499753330045,DEGREE_LIMIT_4
ST007,ST015,6.924,29.96,4.326978625072212,DEGREE_LIMIT_4
ST007,ST016,4.806,26.853,5.587390761548066,DEGREE_LIMIT_4
ST007,ST017,1.354,22.277000000000005,16.45273264401773,DEGREE_LIMIT_4
ST007,ST018,7.798,26.442999999999998,3.390997691715824,DEGREE_LIMIT_4
ST007,ST019,8.073,27.718,3.433420042115694,DEGREE_LIMIT_4
ST007,ST020,9.545000000000002,25.739,2.6965950759559973,DEGREE_LIMIT_4
ST007,ST021,13.145999999999999,23.782,1.809067396926822,DEGREE_LIMIT_4
ST007,ST022,13.102,23.718000000000004,1.8102579758815451,DEGREE_LIMIT_4
ST007,ST023,7.584,22.447,2.9597837552742616,DEGREE_LIMIT_4
ST007,ST024,7.300000000000001,30.082,4.120821917808219,DEGREE_LIMIT_4
ST007,ST025,6.925,29.858,4.311624548736463,DEGREE_LIMIT_4
ST007,ST026,8.801,22.408,2.54607430973753,DEGREE_LIMIT_4
ST007,ST027,8.629999999999999,25.907,3.00196987253766,DEGREE_LIMIT_4
ST007,ST028,8.231,24.922000000000004,3.027821649860285,DEGREE_LIMIT_4
ST007,ST029,3.864,16.907000000000004,4.375517598343686,DEGREE_LIMIT_4
ST007,ST030,1.683,23.707000000000004,14.086155674390971,DEGREE_LIMIT_4
ST007,ST031,3.8529999999999998,11.332,2.941084868933299,DEGREE_LIMIT_4
ST007,ST032,11.463999999999999,20.824,1.816468946266574,DEGREE_LIMIT_4
ST007,ST033,11.185,27.971,2.5007599463567276,DEGREE_LIMIT_4
ST007,ST034,5.32,35.864,6.741353383458645,DEGREE_LIMIT_4
ST007,ST035,4.967,31.043999999999997,6.25005033219247,DEGREE_LIMIT_4
ST007,ST036,5.611,26.796000000000003,4.7756193191944405,DEGREE_LIMIT_4
ST007,ST037,6.087,29.922,4.915722030556925,DEGREE_LIMIT_4
ST007,ST038,2.815,21.130000000000003,7.506216696269983,DEGREE_LIMIT_4
ST007,ST039,2.861,23.738000000000003,8.297098916462776,DEGREE_LIMIT_4
ST007,ST040,3.004,13.734000000000002,4.571904127829561,DEGREE_LIMIT_4
ST007,ST041,4.567,22.918000000000003,5.018173855922925,DEGREE_LIMIT_4
ST007,ST042,1.21,19.561000000000003,16.166115702479342,DEGREE_LIMIT_4
ST007,ST043,8.886,25.037,2.817578212919199,DEGREE_LIMIT_4
ST007,ST044,9.587,29.569,3.0842807969124855,DEGREE_LIMIT_4
ST007,ST045,8.393,24.366,2.903133563684022,DEGREE_LIMIT_4
ST007,ST046,8.093,10.762,1.329791177560855,DEGREE_LIMIT_4
ST007,ST047,10.358,20.02,1.9328055609190962,DEGREE_LIMIT_4
ST007,ST048,8.222,31.579,3.8407929944052546,DEGREE_LIMIT_4
ST007,ST049,15.534,25.323,1.6301660872923909,DEGREE_LIMIT_4
ST007,ST050,9.712,13.125,1.3514209225700164,DEGREE_LIMIT_4
ST007,ST051,3.281,21.633000000000003,6.593416641267907,DEGREE_LIMIT_4
ST007,ST052,1.163,22.916000000000004,19.70421324161651,DEGREE_LIMIT_4
ST007,ST053,13.52,23.936,1.770414201183432,DEGREE_LIMIT_4
ST007,ST054,7.006,9.675,1.3809591778475594,DEGREE_LIMIT_4
ST007,ST055,15.079,25.695000000000004,1.7040254658797005,DEGREE_LIMIT_4
ST008,ST009,1.712,2.202,1.286214953271028,DEGREE_LIMIT_4
ST008,ST010,9.519,16.048000000000002,1.6858913751444482,DEGREE_LIMIT_4
ST008,ST011,9.982,23.236,2.3277900220396717,DEGREE_LIMIT_4
ST008,ST012,9.058,18.409000000000002,2.0323470964892913,DEGREE_LIMIT_4
ST008,ST013,9.875,19.206,1.9449113924050632,DEGREE_LIMIT_4
ST008,ST014,10.437999999999999,20.01,1.9170339145430162,DEGREE_LIMIT_4
ST008,ST015,6.807,18.474,2.7139709122961655,DEGREE_LIMIT_4
ST008,ST016,5.244,15.366999999999999,2.9303966437833715,DEGREE_LIMIT_4
ST008,ST017,2.645,10.791,4.079773156899811,DEGREE_LIMIT_4
ST008,ST018,8.593,35.559,4.138135691842197,DEGREE_LIMIT_4
ST008,ST019,9.07,36.833999999999996,4.061080485115766,DEGREE_LIMIT_4
ST008,ST020,10.251000000000001,34.855,3.4001560823334303,DEGREE_LIMIT_4
ST008,ST021,14.038,32.897999999999996,2.343496224533409,DEGREE_LIMIT_4
ST008,ST022,13.994,32.834,2.3462912676861514,DEGREE_LIMIT_4
ST008,ST023,8.475999999999999,31.563,3.7238084001887684,DEGREE_LIMIT_4
ST008,ST024,7.183000000000001,18.596,2.588890435751079,DEGREE_LIMIT_4
ST008,ST025,7.469,18.372,2.4597670370866247,DEGREE_LIMIT_4
ST008,ST026,9.104,17.268,1.896748681898067,DEGREE_LIMIT_4
ST008,ST027,8.933,20.767,2.3247509235419233,DEGREE_LIMIT_4
ST008,ST028,8.534,19.782000000000004,2.3180220295289433,DEGREE_LIMIT_4
ST008,ST029,4.389,5.421,1.2351332877648666,DEGREE_LIMIT_4
ST008,ST030,2.575,12.221,4.746019417475728,DEGREE_LIMIT_4
ST008,ST031,4.745,10.996000000000002,2.3173867228661753,DEGREE_LIMIT_4
ST008,ST032,12.461,29.94,2.402696412807961,DEGREE_LIMIT_4
ST008,ST033,10.699,37.086999999999996,3.4663987288531635,DEGREE_LIMIT_4
ST008,ST034,5.212,44.98,8.63008442056792,DEGREE_LIMIT_4
ST008,ST035,4.859,40.16,8.265075118337105,DEGREE_LIMIT_4
ST008,ST036,4.468,4.468,1.0,DEGREE_LIMIT_4
ST008,ST037,4.944,39.038,7.896035598705501,DEGREE_LIMIT_4
ST008,ST038,1.312,9.644,7.350609756097561,DEGREE_LIMIT_4
ST008,ST039,1.41,1.41,1.0,DEGREE_LIMIT_4
ST008,ST040,4.106,8.594000000000001,2.093034583536289,DEGREE_LIMIT_4
ST008,ST041,5.243,11.431999999999999,2.1804310509250424,DEGREE_LIMIT_4
ST008,ST042,2.105,8.075,3.8361045130641327,DEGREE_LIMIT_4
ST008,ST043,9.778,34.153,3.4928410717938227,DEGREE_LIMIT_4
ST008,ST044,9.845,38.684999999999995,3.9294057897409846,DEGREE_LIMIT_4
ST008,ST045,9.285,33.482,3.6060312331717825,DEGREE_LIMIT_4
ST008,ST046,9.100999999999999,19.878,2.1841555872980996,DEGREE_LIMIT_4
ST008,ST047,11.359000000000002,29.136,2.5650145259265775,DEGREE_LIMIT_4
ST008,ST048,9.114,40.69499999999999,4.465108624094798,DEGREE_LIMIT_4
ST008,ST049,16.426,34.439,2.0966151223669796,DEGREE_LIMIT_4
ST008,ST050,10.825000000000001,22.241,2.05459584295612,DEGREE_LIMIT_4
ST008,ST051,3.584,10.146999999999998,2.8311941964285707,DEGREE_LIMIT_4
ST008,ST052,2.055,11.43,5.562043795620437,DEGREE_LIMIT_4
ST008,ST053,14.412,33.052,2.2933666389120178,DEGREE_LIMIT_4
ST008,ST054,8.014,18.791,2.344771649613177,DEGREE_LIMIT_4
ST008,ST055,15.971,34.811,2.1796380940454574,DEGREE_LIMIT_4
ST009,ST010,9.691,18.25,1.8831905892064802,DEGREE_LIMIT_4
ST009,ST011,10.815,25.438,2.35210355987055,DEGREE_LIMIT_4
ST009,ST012,9.23,20.611,2.233044420368364,DEGREE_LIMIT_4
ST009,ST013,9.533,21.407999999999998,2.2456729256267702,DEGREE_LIMIT_4
ST009,ST014,10.61,22.212,2.093496701225259,DEGREE_LIMIT_4
ST009,ST015,5.902,20.676,3.5032192477126394,DEGREE_LIMIT_4
ST009,ST016,4.339,17.569,4.049089651993547,DEGREE_LIMIT_4
ST009,ST017,3.477,12.993000000000002,3.736842105263159,DEGREE_LIMIT_4
ST009,ST018,9.523,37.760999999999996,3.9652420455738735,DEGREE_LIMIT_4
ST009,ST019,10.0,39.035999999999994,3.9035999999999995,DEGREE_LIMIT_4
ST009,ST020,10.26,37.056999999999995,3.6117933723196876,DEGREE_LIMIT_4
ST009,ST021,14.870999999999999,35.099999999999994,2.3602985676820656,DEGREE_LIMIT_4
ST009,ST022,14.827,35.035999999999994,2.3629864436500974,DEGREE_LIMIT_4
ST009,ST023,9.309,33.765,3.6271350306155337,DEGREE_LIMIT_4
ST009,ST024,6.2780000000000005,20.798,3.3128384835935005,DEGREE_LIMIT_4
ST009,ST025,6.963,20.573999999999998,2.9547608789314945,DEGREE_LIMIT_4
ST009,ST026,9.276,19.47,2.0989650711513583,DEGREE_LIMIT_4
ST009,ST027,9.105,22.968999999999998,2.52267984623833,DEGREE_LIMIT_4
ST009,ST028,7.906,21.984,2.7806729066531752,DEGREE_LIMIT_4
ST009,ST029,4.562,7.623000000000001,1.6709776413853574,DEGREE_LIMIT_4
ST009,ST030,3.408,14.423000000000002,4.232100938967137,DEGREE_LIMIT_4
ST009,ST031,5.577999999999999,13.198,2.3660810326281823,DEGREE_LIMIT_4
ST009,ST032,12.789,32.141999999999996,2.513253577292986,DEGREE_LIMIT_4
ST009,ST033,10.708,39.288999999999994,3.6691258871871493,DEGREE_LIMIT_4
ST009,ST034,5.311,47.181999999999995,8.883826021464884,DEGREE_LIMIT_4
ST009,ST035,5.085,42.361999999999995,8.330776794493607,DEGREE_LIMIT_4
ST009,ST036,4.477,6.67,1.4898369443823989,DEGREE_LIMIT_4
ST009,ST037,4.953,41.239999999999995,8.326266908944072,DEGREE_LIMIT_4
ST009,ST038,0.744,11.846,15.922043010752688,DEGREE_LIMIT_4
ST009,ST039,0.792,0.792,1.0,DEGREE_LIMIT_4
ST009,ST040,4.939,10.796000000000001,2.185867584531282,DEGREE_LIMIT_4
ST009,ST041,4.947,13.634,2.7560137457044673,DEGREE_LIMIT_4
ST009,ST042,2.781,10.277000000000001,3.695433297375045,DEGREE_LIMIT_4
ST009,ST043,9.831,36.355,3.697996134676025,DEGREE_LIMIT_4
ST009,ST044,9.854,40.88699999999999,4.1492794804140445,DEGREE_LIMIT_4
ST009,ST045,9.928,35.684,3.594278807413376,DEGREE_LIMIT_4
ST009,ST046,9.934,22.08,2.222669619488625,DEGREE_LIMIT_4
ST009,ST047,12.192,31.337999999999997,2.570374015748031,DEGREE_LIMIT_4
ST009,ST048,9.947,42.89699999999999,4.312556549713481,DEGREE_LIMIT_4
ST009,ST049,17.181,36.641,2.1326465281415516,DEGREE_LIMIT_4
ST009,ST050,11.658,24.442999999999998,2.096671813347058,DEGREE_LIMIT_4
ST009,ST051,3.757,12.349,3.286931062017567,DEGREE_LIMIT_4
ST009,ST052,2.888,13.632000000000001,4.7202216066482,DEGREE_LIMIT_4
ST009,ST053,15.245,35.254,2.3124959002951786,DEGREE_LIMIT_4
ST009,ST054,8.847,20.993,2.3728947665875437,DEGREE_LIMIT_4
ST009,ST055,16.804,37.01299999999999,2.20263032611283,DEGREE_LIMIT_4
ST010,ST011,13.551,22.096,1.6305807689469412,DEGREE_LIMIT_4
ST010,ST012,2.361,2.361,1.0,DEGREE_LIMIT_4
ST010,ST013,2.646,3.158,1.1934996220710508,DEGREE_LIMIT_4
ST010,ST014,1.525,3.9619999999999997,2.5980327868852457,DEGREE_LIMIT_4
ST010,ST015,11.921,23.679999999999996,1.9864105360288564,DEGREE_LIMIT_4
ST010,ST016,9.129999999999999,20.572999999999997,2.253340635268346,DEGREE_LIMIT_4
ST010,ST017,9.126000000000001,15.997,1.7529037913653296,DEGREE_LIMIT_4
ST010,ST018,13.603,34.419,2.530250679997059,DEGREE_LIMIT_4
ST010,ST019,14.08,35.693999999999996,2.535085227272727,DEGREE_LIMIT_4
ST010,ST020,15.286,33.714999999999996,2.2056129791966503,DEGREE_LIMIT_4
ST010,ST021,18.194,31.758,1.745520501264153,DEGREE_LIMIT_4
ST010,ST022,18.907,31.694000000000003,1.6763103612418682,DEGREE_LIMIT_4
ST010,ST023,13.389,30.423,2.272238404660542,DEGREE_LIMIT_4
ST010,ST024,11.545,23.801999999999996,2.0616717193590297,DEGREE_LIMIT_4
ST010,ST025,10.313,23.577999999999996,2.2862406671191695,DEGREE_LIMIT_4
ST010,ST026,1.22,1.22,1.0,DEGREE_LIMIT_4
ST010,ST027,1.085,4.718999999999999,4.349308755760369,DEGREE_LIMIT_4
ST010,ST028,3.734,3.734,1.0,DEGREE_LIMIT_4
ST010,ST029,6.442,10.626999999999999,1.649642968022353,DEGREE_LIMIT_4
ST010,ST030,9.083,17.427,1.9186392161180226,DEGREE_LIMIT_4
ST010,ST031,9.658,9.856,1.020501138952164,DEGREE_LIMIT_4
ST010,ST032,17.471,28.8,1.6484459962223112,DEGREE_LIMIT_4
ST010,ST033,16.826,35.946999999999996,2.1363960537263753,DEGREE_LIMIT_4
ST010,ST034,13.684999999999999,43.839999999999996,3.2035074899525027,DEGREE_LIMIT_4
ST010,ST035,13.248999999999999,39.019999999999996,2.945127934183712,DEGREE_LIMIT_4
ST010,ST036,13.867,20.516,1.4794836662580224,DEGREE_LIMIT_4
ST010,ST037,14.338999999999999,37.897999999999996,2.6430016040170163,DEGREE_LIMIT_4
ST010,ST038,9.372,14.849999999999998,1.584507042253521,DEGREE_LIMIT_4
ST010,ST039,9.47,17.458,1.8435058078141497,DEGREE_LIMIT_4
ST010,ST040,7.454,7.454,1.0,DEGREE_LIMIT_4
ST010,ST041,9.27,16.637999999999998,1.7948220064724918,DEGREE_LIMIT_4
ST010,ST042,7.803,13.280999999999999,1.7020376778162243,DEGREE_LIMIT_4
ST010,ST043,14.494,33.013,2.2777011177038773,DEGREE_LIMIT_4
ST010,ST044,15.228,37.544999999999995,2.4655240346729705,DEGREE_LIMIT_4
ST010,ST045,14.021999999999998,32.342,2.3065183283411783,DEGREE_LIMIT_4
ST010,ST046,12.503,18.738,1.4986803167239862,DEGREE_LIMIT_4
ST010,ST047,14.928,27.996,1.87540192926045,DEGREE_LIMIT_4
ST010,ST048,13.835,39.55499999999999,2.8590531261293815,DEGREE_LIMIT_4
ST010,ST049,20.165,33.299,1.651326555913712,DEGREE_LIMIT_4
ST010,ST050,14.394,21.101,1.4659580380714186,DEGREE_LIMIT_4
ST010,ST051,7.611,15.352999999999998,2.017211930101169,DEGREE_LIMIT_4
ST010,ST052,9.414,16.636,1.7671553006161036,DEGREE_LIMIT_4
ST010,ST053,18.401,31.912,1.7342535731753708,DEGREE_LIMIT_4
ST010,ST054,11.416,17.651,1.5461632796075682,DEGREE_LIMIT_4
ST010,ST055,19.71,33.671,1.7083206494165397,DEGREE_LIMIT_4
ST011,ST012,11.19,24.457,2.185612153708669,DEGREE_LIMIT_4
ST011,ST013,11.312999999999999,25.253999999999998,2.232299124900557,DEGREE_LIMIT_4
ST011,ST014,12.57,26.058,2.073031026252983,DEGREE_LIMIT_4
ST011,ST015,15.14,30.867999999999995,2.038837516512549,DEGREE_LIMIT_4
ST011,ST016,12.455000000000002,27.760999999999996,2.228904054596547,DEGREE_LIMIT_4
ST011,ST017,7.363,23.185,3.1488523699578974,DEGREE_LIMIT_4
ST011,ST018,3.576,21.212999999999997,5.932046979865771,DEGREE_LIMIT_4
ST011,ST019,3.322,22.488,6.769416014449127,DEGREE_LIMIT_4
ST011,ST020,4.958,20.509,4.13654699475595,DEGREE_LIMIT_4
ST011,ST021,4.795,18.552,3.8690302398331595,DEGREE_LIMIT_4
ST011,ST022,5.569,18.488,3.319806069312264,DEGREE_LIMIT_4
ST011,ST023,1.921,17.217,8.962519521082768,DEGREE_LIMIT_4
ST011,ST024,15.33,30.989999999999995,2.0215264187866926,DEGREE_LIMIT_4
ST011,ST025,14.909,30.765999999999995,2.0635857535716675,DEGREE_LIMIT_4
ST011,ST026,12.987,23.316,1.7953337953337953,DEGREE_LIMIT_4
ST011,ST027,12.61,26.814999999999998,2.126486915146709,DEGREE_LIMIT_4
ST011,ST028,13.654,25.83,1.8917533323568183,DEGREE_LIMIT_4
ST011,ST029,9.925,17.814999999999998,1.7949622166246848,DEGREE_LIMIT_4
ST011,ST030,7.9270000000000005,24.615,3.105210041629872,DEGREE_LIMIT_4
ST011,ST031,5.237,12.24,2.3372159633377887,DEGREE_LIMIT_4
ST011,ST032,5.259,15.594,2.9652025099828863,DEGREE_LIMIT_4
ST011,ST033,6.732,22.741,3.378045157456922,DEGREE_LIMIT_4
ST011,ST034,7.227,30.634,4.238826622388266,DEGREE_LIMIT_4
ST011,ST035,6.874,25.814,3.7553098632528368,DEGREE_LIMIT_4
ST011,ST036,7.492,27.703999999999997,3.697810998398291,DEGREE_LIMIT_4
ST011,ST037,7.968,24.692,3.0988955823293174,DEGREE_LIMIT_4
ST011,ST038,11.081,22.037999999999997,1.9888096742171282,DEGREE_LIMIT_4
ST011,ST039,10.780999999999999,24.645999999999997,2.286058807160746,DEGREE_LIMIT_4
ST011,ST040,7.585,14.642,1.9303889255108766,DEGREE_LIMIT_4
ST011,ST041,10.98,23.825999999999997,2.1699453551912566,DEGREE_LIMIT_4
ST011,ST042,9.512,20.468999999999998,2.151913372582001,DEGREE_LIMIT_4
ST011,ST043,4.475,19.807,4.426145251396648,DEGREE_LIMIT_4
ST011,ST044,5.146,24.339,4.729692965410027,DEGREE_LIMIT_4
ST011,ST045,3.828,19.136,4.998955067920585,DEGREE_LIMIT_4
ST011,ST046,1.543,3.358,2.1762799740764747,DEGREE_LIMIT_4
ST011,ST047,1.641,14.79,9.012797074954296,DEGREE_LIMIT_4
ST011,ST048,3.624,26.349,7.27069536423841,DEGREE_LIMIT_4
ST011,ST049,7.729,20.093,2.599689481174796,DEGREE_LIMIT_4
ST011,ST050,0.995,0.995,1.0,DEGREE_LIMIT_4
ST011,ST051,10.728,22.540999999999997,2.10113721103654,DEGREE_LIMIT_4
ST011,ST052,7.927,23.823999999999998,3.005424498549262,DEGREE_LIMIT_4
ST011,ST053,4.85,18.706,3.8569072164948457,DEGREE_LIMIT_4
ST011,ST054,2.543,4.445,1.7479355092410538,DEGREE_LIMIT_4
ST011,ST055,7.172,20.465,2.85345789180145,DEGREE_LIMIT_4
ST012,ST013,0.817,5.519,6.755201958384333,DEGREE_LIMIT_4
ST012,ST014,1.38,6.323,4.581884057971015,DEGREE_LIMIT_4
ST012,ST015,13.075999999999999,26.040999999999997,1.9915111654940347,DEGREE_LIMIT_4
ST012,ST016,10.015,22.933999999999997,2.2899650524213677,DEGREE_LIMIT_4
ST012,ST017,9.461,18.358,1.9403868512842195,DEGREE_LIMIT_4
ST012,ST018,13.318,36.779999999999994,2.7616759273164133,DEGREE_LIMIT_4
ST012,ST019,12.876,38.05499999999999,2.9554986020503256,DEGREE_LIMIT_4
ST012,ST020,14.612999999999998,36.07599999999999,2.468760692534045,DEGREE_LIMIT_4
ST012,ST021,15.832999999999998,34.11899999999999,2.1549295774647885,DEGREE_LIMIT_4
ST012,ST022,16.607,34.055,2.050641295839104,DEGREE_LIMIT_4
ST012,ST023,11.663,32.784,2.8109405813255592,DEGREE_LIMIT_4
ST012,ST024,12.7,26.162999999999997,2.06007874015748,DEGREE_LIMIT_4
ST012,ST025,11.469,25.938999999999997,2.2616618711308742,DEGREE_LIMIT_4
ST012,ST026,1.797,3.5810000000000004,1.9927657206455207,DEGREE_LIMIT_4
ST012,ST027,1.42,7.08,4.985915492957747,DEGREE_LIMIT_4
ST012,ST028,4.89,6.095000000000001,1.2464212678936608,DEGREE_LIMIT_4
ST012,ST029,5.571,12.988,2.3313588224735238,DEGREE_LIMIT_4
ST012,ST030,10.025,19.788,1.973865336658354,DEGREE_LIMIT_4
ST012,ST031,10.814,12.216999999999999,1.1297392269280562,DEGREE_LIMIT_4
ST012,ST032,15.607,31.160999999999998,1.9966040879092715,DEGREE_LIMIT_4
ST012,ST033,16.220999999999997,38.30799999999999,2.3616299858208496,DEGREE_LIMIT_4
ST012,ST034,14.075,46.20099999999999,3.2824866785079925,DEGREE_LIMIT_4
ST012,ST035,13.671,41.38099999999999,3.0269182941993997,DEGREE_LIMIT_4
ST012,ST036,13.526,22.877,1.691335206269407,DEGREE_LIMIT_4
ST012,ST037,14.001999999999999,40.25899999999999,2.875232109698614,DEGREE_LIMIT_4
ST012,ST038,9.794,17.211,1.7573003879926483,DEGREE_LIMIT_4
ST012,ST039,9.892,19.819,2.003538212697129,DEGREE_LIMIT_4
ST012,ST040,8.61,9.815,1.1399535423925669,DEGREE_LIMIT_4
ST012,ST041,8.709,18.999,2.1815363417154665,DEGREE_LIMIT_4
ST012,ST042,8.225,15.642,1.9017629179331308,DEGREE_LIMIT_4
ST012,ST043,13.895,35.373999999999995,2.5458078445483983,DEGREE_LIMIT_4
ST012,ST044,14.622999999999998,39.90599999999999,2.7289885796348217,DEGREE_LIMIT_4
ST012,ST045,13.239999999999998,34.702999999999996,2.6210725075528702,DEGREE_LIMIT_4
ST012,ST046,10.51,21.098999999999997,2.0075166508087534,DEGREE_LIMIT_4
ST012,ST047,12.567,30.356999999999996,2.41561231797565,DEGREE_LIMIT_4
ST012,ST048,13.235999999999999,41.91599999999999,3.1668177697189477,DEGREE_LIMIT_4
ST012,ST049,17.804,35.66,2.0029206919793303,DEGREE_LIMIT_4
ST012,ST050,12.033,23.461999999999996,1.949804703731405,DEGREE_LIMIT_4
ST012,ST051,7.279,17.714,2.4335760406649265,DEGREE_LIMIT_4
ST012,ST052,9.835999999999999,18.997,1.9313745424969502,DEGREE_LIMIT_4
ST012,ST053,16.04,34.272999999999996,2.136720698254364,DEGREE_LIMIT_4
ST012,ST054,9.423,20.011999999999997,2.1237397856309026,DEGREE_LIMIT_4
ST012,ST055,17.349,36.032,2.0768920398870248,DEGREE_LIMIT_4
ST013,ST014,1.514,4.68,3.09114927344782,DEGREE_LIMIT_4
ST013,ST015,13.106,26.837999999999997,2.047764382725469,DEGREE_LIMIT_4
ST013,ST016,10.045,23.730999999999998,2.3624688899950224,DEGREE_LIMIT_4
ST013,ST017,9.602,19.155,1.9948968964799,DEGREE_LIMIT_4
ST013,ST018,13.437999999999999,37.577,2.7963238577169225,DEGREE_LIMIT_4
ST013,ST019,13.447,38.852,2.889268981929055,DEGREE_LIMIT_4
ST013,ST020,15.116999999999999,36.873,2.4391744393728914,DEGREE_LIMIT_4
ST013,ST021,15.620999999999999,34.916,2.2351962102298186,DEGREE_LIMIT_4
ST013,ST022,16.395,34.852,2.1257700518450746,DEGREE_LIMIT_4
ST013,ST023,11.783,33.580999999999996,2.8499533225833824,DEGREE_LIMIT_4
ST013,ST024,12.73,26.959999999999997,2.11783189316575,DEGREE_LIMIT_4
ST013,ST025,11.61,26.735999999999997,2.3028423772609816,DEGREE_LIMIT_4
ST013,ST026,1.938,1.938,1.0,DEGREE_LIMIT_4
ST013,ST027,1.561,1.561,1.0,DEGREE_LIMIT_4
ST013,ST028,5.031,6.8919999999999995,1.3699065792089047,DEGREE_LIMIT_4
ST013,ST029,5.601,13.785,2.4611676486341727,DEGREE_LIMIT_4
ST013,ST030,10.166,20.585,2.024886877828054,DEGREE_LIMIT_4
ST013,ST031,10.955,13.014,1.1879507074395252,DEGREE_LIMIT_4
ST013,ST032,16.034,31.958,1.9931395783959087,DEGREE_LIMIT_4
ST013,ST033,17.037999999999997,39.105,2.2951637516140395,DEGREE_LIMIT_4
ST013,ST034,14.137,46.998,3.3244677088491192,DEGREE_LIMIT_4
ST013,ST035,13.701,42.178,3.0784614261732717,DEGREE_LIMIT_4
ST013,ST036,13.61,23.674,1.7394562821454813,DEGREE_LIMIT_4
ST013,ST037,14.085999999999999,41.056,2.914667045293199,DEGREE_LIMIT_4
ST013,ST038,9.824,18.008,1.8330618892508144,DEGREE_LIMIT_4
ST013,ST039,9.922,20.616,2.0778068937714167,DEGREE_LIMIT_4
ST013,ST040,8.751,10.612,1.2126614101245572,DEGREE_LIMIT_4
ST013,ST041,8.739,19.796,2.26524774001602,DEGREE_LIMIT_4
ST013,ST042,8.254999999999999,16.439,1.9913991520290735,DEGREE_LIMIT_4
ST013,ST043,14.712,36.171,2.458605220228385,DEGREE_LIMIT_4
ST013,ST044,15.439999999999998,40.702999999999996,2.6362046632124354,DEGREE_LIMIT_4
ST013,ST045,14.056999999999999,35.5,2.525432169026108,DEGREE_LIMIT_4
ST013,ST046,9.857,21.895999999999997,2.2213655270366237,DEGREE_LIMIT_4
ST013,ST047,12.549999999999999,31.153999999999996,2.4823904382470117,DEGREE_LIMIT_4
ST013,ST048,13.524,42.712999999999994,3.158311150547175,DEGREE_LIMIT_4
ST013,ST049,18.162999999999997,36.457,2.007212464901173,DEGREE_LIMIT_4
ST013,ST050,11.821,24.258999999999997,2.05219524574909,DEGREE_LIMIT_4
ST013,ST051,7.309,18.511,2.53263100287317,DEGREE_LIMIT_4
ST013,ST052,9.866,19.794,2.0062842083924592,DEGREE_LIMIT_4
ST013,ST053,15.995,35.06999999999999,2.1925601750547044,DEGREE_LIMIT_4
ST013,ST054,8.77,20.808999999999997,2.372748004561003,DEGREE_LIMIT_4
ST013,ST055,17.555,36.82899999999999,2.0979208202791226,DEGREE_LIMIT_4
ST014,ST015,13.446,27.642,2.0557786702365015,DEGREE_LIMIT_4
ST014,ST016,10.655000000000001,24.535,2.3026748005631155,DEGREE_LIMIT_4
ST014,ST017,9.946,19.959000000000003,2.006736376432737,DEGREE_LIMIT_4
ST014,ST018,14.697999999999999,38.381,2.611307660906246,DEGREE_LIMIT_4
ST014,ST019,14.255999999999998,39.656,2.781705948372615,DEGREE_LIMIT_4
ST014,ST020,15.992999999999997,37.677,2.3558431813918594,DEGREE_LIMIT_4
ST014,ST021,17.134999999999998,35.72,2.084622118470966,DEGREE_LIMIT_4
ST014,ST022,17.909,35.656,1.990954268803395,DEGREE_LIMIT_4
ST014,ST023,13.043,34.385,2.636279996933221,DEGREE_LIMIT_4
ST014,ST024,13.07,27.764,2.1242540168324404,DEGREE_LIMIT_4
ST014,ST025,11.838000000000001,27.54,2.3264064875823616,DEGREE_LIMIT_4
ST014,ST026,2.362,2.742,1.1608806096528366,DEGREE_LIMIT_4
ST014,ST027,1.905,6.241,3.276115485564304,DEGREE_LIMIT_4
ST014,ST028,5.259,7.696,1.4633960829054953,DEGREE_LIMIT_4
ST014,ST029,6.951,14.589,2.0988347000431595,DEGREE_LIMIT_4
ST014,ST030,10.51,21.389000000000003,2.035109419600381,DEGREE_LIMIT_4
ST014,ST031,11.183,13.818000000000001,1.2356255029956185,DEGREE_LIMIT_4
ST014,ST032,16.987,32.762,1.9286513215988699,DEGREE_LIMIT_4
ST014,ST033,17.600999999999996,39.909,2.267427987046191,DEGREE_LIMIT_4
ST014,ST034,14.742,47.802,3.2425722425722423,DEGREE_LIMIT_4
ST014,ST035,14.389,42.982,2.987142956425047,DEGREE_LIMIT_4
ST014,ST036,14.905999999999999,24.478,1.6421575204615593,DEGREE_LIMIT_4
ST014,ST037,15.381999999999998,41.86,2.7213626316473802,DEGREE_LIMIT_4
ST014,ST038,10.897,18.812,1.7263467009268607,DEGREE_LIMIT_4
ST014,ST039,10.995000000000001,21.42,1.9481582537517053,DEGREE_LIMIT_4
ST014,ST040,8.979,11.416,1.2714110702750865,DEGREE_LIMIT_4
ST014,ST041,10.088999999999999,20.6,2.041827733174745,DEGREE_LIMIT_4
ST014,ST042,9.328,17.243000000000002,1.8485205831903948,DEGREE_LIMIT_4
ST014,ST043,15.274999999999999,36.975,2.4206219312602295,DEGREE_LIMIT_4
ST014,ST044,16.002999999999997,41.507,2.5937011810285577,DEGREE_LIMIT_4
ST014,ST045,14.619999999999997,36.304,2.4831737346101237,DEGREE_LIMIT_4
ST014,ST046,11.172,22.7,2.031865377730039,DEGREE_LIMIT_4
ST014,ST047,13.947,31.958,2.291388829138883,DEGREE_LIMIT_4
ST014,ST048,14.615999999999998,43.516999999999996,2.977353585112206,DEGREE_LIMIT_4
ST014,ST049,19.183999999999997,37.261,1.942295663052544,DEGREE_LIMIT_4
ST014,ST050,13.334999999999999,25.063,1.8794900637420322,DEGREE_LIMIT_4
ST014,ST051,8.658999999999999,19.315,2.230627093197829,DEGREE_LIMIT_4
ST014,ST052,10.584999999999999,20.598000000000003,1.9459612659423717,DEGREE_LIMIT_4
ST014,ST053,17.42,35.873999999999995,2.0593570608495977,DEGREE_LIMIT_4
ST014,ST054,10.085,21.613,2.1430837878036684,DEGREE_LIMIT_4
ST014,ST055,18.729,37.632999999999996,2.009343798387527,DEGREE_LIMIT_4
ST015,ST016,3.107,3.107,1.0,DEGREE_LIMIT_4
ST015,ST017,8.278,13.115000000000002,1.584319884029959,DEGREE_LIMIT_4
ST015,ST018,14.415,43.190999999999995,2.9962539021852237,DEGREE_LIMIT_4
ST015,ST019,14.085999999999999,44.465999999999994,3.1567513843532584,DEGREE_LIMIT_4
ST015,ST020,15.807,42.486999999999995,2.6878598089454036,DEGREE_LIMIT_4
ST015,ST021,19.847,40.53,2.0421222350985033,DEGREE_LIMIT_4
ST015,ST022,19.863,40.465999999999994,2.037255198107033,DEGREE_LIMIT_4
ST015,ST023,14.344999999999999,39.195,2.732310909724643,DEGREE_LIMIT_4
ST015,ST024,0.376,6.336,16.851063829787236,DEGREE_LIMIT_4
ST015,ST025,1.9369999999999998,6.112,3.1553949406298405,DEGREE_LIMIT_4
ST015,ST026,11.896999999999998,24.9,2.092964612927629,DEGREE_LIMIT_4
ST015,ST027,12.233,28.398999999999997,2.321507398021744,DEGREE_LIMIT_4
ST015,ST028,8.187,27.414,3.3484792964455847,DEGREE_LIMIT_4
ST015,ST029,7.505,13.053,1.739240506329114,DEGREE_LIMIT_4
ST015,ST030,8.607000000000001,14.545000000000002,1.6899035668641802,DEGREE_LIMIT_4
ST015,ST031,10.613999999999999,18.628,1.75504051253062,DEGREE_LIMIT_4
ST015,ST032,17.497,37.571999999999996,2.147339543921815,DEGREE_LIMIT_4
ST015,ST033,16.61,44.718999999999994,2.692293798916315,DEGREE_LIMIT_4
ST015,ST034,11.213000000000001,52.611999999999995,4.692053866048336,DEGREE_LIMIT_4
ST015,ST035,10.987,47.791999999999994,4.34986802584873,DEGREE_LIMIT_4
ST015,ST036,10.379000000000001,22.942,2.2104248964254745,DEGREE_LIMIT_4
ST015,ST037,10.855,46.669999999999995,4.29940119760479,DEGREE_LIMIT_4
ST015,ST038,6.646,17.276,2.599458320794463,DEGREE_LIMIT_4
ST015,ST039,6.694,19.884,2.9704212727815955,DEGREE_LIMIT_4
ST015,ST040,9.144,16.226,1.7744969378827646,DEGREE_LIMIT_4
ST015,ST041,6.996,7.042,1.0065751858204688,DEGREE_LIMIT_4
ST015,ST042,6.657,10.399000000000001,1.5621150668469281,DEGREE_LIMIT_4
ST015,ST043,15.015,41.785,2.7828837828837827,DEGREE_LIMIT_4
ST015,ST044,15.749,46.31699999999999,2.940948631659152,DEGREE_LIMIT_4
ST015,ST045,14.516000000000002,41.114,2.8323229539818127,DEGREE_LIMIT_4
ST015,ST046,13.684,27.509999999999998,2.0103770827243497,DEGREE_LIMIT_4
ST015,ST047,16.622999999999998,36.768,2.2118751127955245,DEGREE_LIMIT_4
ST015,ST048,14.356000000000002,48.32699999999999,3.366327667874059,DEGREE_LIMIT_4
ST015,ST049,21.99,42.071,1.91318781264211,DEGREE_LIMIT_4
ST015,ST050,16.047,29.872999999999998,1.8615940674269331,DEGREE_LIMIT_4
ST015,ST051,5.797,12.471,2.151285147490081,DEGREE_LIMIT_4
ST015,ST052,8.087,13.754000000000001,1.7007542970199088,DEGREE_LIMIT_4
ST015,ST053,19.971,40.684,2.037153873116018,DEGREE_LIMIT_4
ST015,ST054,12.597,26.423,2.0975629118043977,DEGREE_LIMIT_4
ST015,ST055,21.368000000000002,42.44299999999999,1.9862879071508792,DEGREE_LIMIT_4
ST016,ST017,5.417,10.008,1.8475170758722539,DEGREE_LIMIT_4
ST016,ST018,11.308,40.083999999999996,3.544747081712062,DEGREE_LIMIT_4
ST016,ST019,10.979,41.358999999999995,3.767100828855087,DEGREE_LIMIT_4
ST016,ST020,12.7,39.379999999999995,3.100787401574803,DEGREE_LIMIT_4
ST016,ST021,16.846,37.423,2.2214769084649175,DEGREE_LIMIT_4
ST016,ST022,16.802,37.358999999999995,2.2234852993691225,DEGREE_LIMIT_4
ST016,ST023,11.283999999999999,36.088,3.1981566820276504,DEGREE_LIMIT_4
ST016,ST024,3.229,3.229,1.0,DEGREE_LIMIT_4
ST016,ST025,3.005,3.005,1.0,DEGREE_LIMIT_4
ST016,ST026,9.106,21.793,2.393257193059521,DEGREE_LIMIT_4
ST016,ST027,9.442,25.291999999999998,2.678669773353103,DEGREE_LIMIT_4
ST016,ST028,5.396,24.307000000000002,4.504633061527057,DEGREE_LIMIT_4
ST016,ST029,4.444,9.946,2.2380738073807382,DEGREE_LIMIT_4
ST016,ST030,5.746,11.437999999999999,1.9906021580229722,DEGREE_LIMIT_4
ST016,ST031,7.553,15.521,2.054945054945055,DEGREE_LIMIT_4
ST016,ST032,14.389999999999999,34.464999999999996,2.395066018068103,DEGREE_LIMIT_4
ST016,ST033,14.24,41.611999999999995,2.9221910112359546,DEGREE_LIMIT_4
ST016,ST034,8.781,49.504999999999995,5.637740576244163,DEGREE_LIMIT_4
ST016,ST035,8.555,44.684999999999995,5.223261250730567,DEGREE_LIMIT_4
ST016,ST036,7.947,19.835,2.495910406442683,DEGREE_LIMIT_4
ST016,ST037,8.423,43.562999999999995,5.171910245755669,DEGREE_LIMIT_4
ST016,ST038,4.155,14.169,3.4101083032490975,DEGREE_LIMIT_4
ST016,ST039,4.09,16.777,4.101955990220049,DEGREE_LIMIT_4
ST016,ST040,6.083,13.119,2.156666118691435,DEGREE_LIMIT_4
ST016,ST041,3.935,3.935,1.0,DEGREE_LIMIT_4
ST016,ST042,3.596,7.292,2.0278086763070076,DEGREE_LIMIT_4
ST016,ST043,11.908,38.678,3.2480685253611017,DEGREE_LIMIT_4
ST016,ST044,12.642,43.209999999999994,3.4179718398987498,DEGREE_LIMIT_4
ST016,ST045,11.409,38.007,3.331317381014988,DEGREE_LIMIT_4
ST016,ST046,10.999,24.403,2.2186562414764976,DEGREE_LIMIT_4
ST016,ST047,13.998999999999999,33.661,2.404528894921066,DEGREE_LIMIT_4
ST016,ST048,11.249,45.21999999999999,4.01991288114499,DEGREE_LIMIT_4
ST016,ST049,18.889,38.964,2.0627878659537298,DEGREE_LIMIT_4
ST016,ST050,13.306,26.766,2.011573726138584,DEGREE_LIMIT_4
ST016,ST051,2.736,9.364,3.422514619883041,DEGREE_LIMIT_4
ST016,ST052,5.226,10.646999999999998,2.0373134328358207,DEGREE_LIMIT_4
ST016,ST053,17.22,37.577,2.182171893147503,DEGREE_LIMIT_4
ST016,ST054,9.912,23.316,2.35230024213075,DEGREE_LIMIT_4
ST016,ST055,18.697000000000003,39.33599999999999,2.103866930523613,DEGREE_LIMIT_4
ST017,ST018,7.048,35.507999999999996,5.038024971623154,DEGREE_LIMIT_4
ST017,ST019,6.719,36.782999999999994,5.4744753683583856,DEGREE_LIMIT_4
ST017,ST020,8.191,34.803999999999995,4.249053839580026,DEGREE_LIMIT_4
ST017,ST021,12.158000000000001,32.846999999999994,2.7016779075505832,DEGREE_LIMIT_4
ST017,ST022,12.542000000000002,32.783,2.613857439004943,DEGREE_LIMIT_4
ST017,ST023,6.77,31.511999999999997,4.654652880354505,DEGREE_LIMIT_4
ST017,ST024,7.967,13.237000000000002,1.6614785992217902,DEGREE_LIMIT_4
ST017,ST025,7.984,13.013000000000002,1.6298847695390783,DEGREE_LIMIT_4
ST017,ST026,8.212,17.217,2.096566000974184,DEGREE_LIMIT_4
ST017,ST027,8.041,20.715999999999998,2.576296480537246,DEGREE_LIMIT_4
ST017,ST028,7.665,19.731,2.574168297455969,DEGREE_LIMIT_4
ST017,ST029,4.322,5.37,1.2424803331790837,DEGREE_LIMIT_4
ST017,ST030,0.564,1.4300000000000002,2.535460992907802,DEGREE_LIMIT_4
ST017,ST031,3.293,10.945,3.3237169754023688,DEGREE_LIMIT_4
ST017,ST032,10.11,29.889,2.956379821958457,DEGREE_LIMIT_4
ST017,ST033,9.97,37.035999999999994,3.7147442326980933,DEGREE_LIMIT_4
ST017,ST034,4.796,44.928999999999995,9.368015012510424,DEGREE_LIMIT_4
ST017,ST035,4.443,40.108999999999995,9.027458924150348,DEGREE_LIMIT_4
ST017,ST036,5.061,15.259,3.0150167950997826,DEGREE_LIMIT_4
ST017,ST037,5.537,38.986999999999995,7.041177532960086,DEGREE_LIMIT_4
ST017,ST038,3.846,9.593,2.4942797711908478,DEGREE_LIMIT_4
ST017,ST039,3.4930000000000003,12.201,3.4929859719438876,DEGREE_LIMIT_4
ST017,ST040,1.842,8.543,4.637893593919652,DEGREE_LIMIT_4
ST017,ST041,5.607,6.073,1.0831103977171392,DEGREE_LIMIT_4
ST017,ST042,2.564,2.716,1.0592823712948518,DEGREE_LIMIT_4
ST017,ST043,7.648,34.102,4.458943514644351,DEGREE_LIMIT_4
ST017,ST044,8.382,38.63399999999999,4.609162491052254,DEGREE_LIMIT_4
ST017,ST045,7.149,33.431,4.676318366205063,DEGREE_LIMIT_4
ST017,ST046,6.739,19.826999999999998,2.942127912153138,DEGREE_LIMIT_4
ST017,ST047,9.004000000000001,29.084999999999997,3.2302310084406924,DEGREE_LIMIT_4
ST017,ST048,6.989,40.64399999999999,5.815424238088424,DEGREE_LIMIT_4
ST017,ST049,14.608999999999998,34.388,2.3538914367855432,DEGREE_LIMIT_4
ST017,ST050,8.358,22.189999999999998,2.654941373534338,DEGREE_LIMIT_4
ST017,ST051,3.517,4.788,1.3613875462041514,DEGREE_LIMIT_4
ST017,ST052,0.639,0.639,1.0,DEGREE_LIMIT_4
ST017,ST053,12.213000000000001,33.001,2.7021206910668956,DEGREE_LIMIT_4
ST017,ST054,5.652,18.74,3.3156404812455764,DEGREE_LIMIT_4
ST017,ST055,14.163,34.76,2.454282284826661,DEGREE_LIMIT_4
ST018,ST019,0.477,5.429,11.381551362683439,DEGREE_LIMIT_4
ST018,ST020,1.949,3.45,1.7701385325808108,DEGREE_LIMIT_4
ST018,ST021,6.586,14.469,2.196932887944124,DEGREE_LIMIT_4
ST018,ST022,6.573,8.513,1.2951468127186976,DEGREE_LIMIT_4
ST018,ST023,1.655,13.134,7.93595166163142,DEGREE_LIMIT_4
ST018,ST024,14.183,43.313,3.0538673059296344,DEGREE_LIMIT_4
ST018,ST025,13.617,43.089000000000006,3.1643533818021594,DEGREE_LIMIT_4
ST018,ST026,13.579,35.638999999999996,2.624567346638191,DEGREE_LIMIT_4
ST018,ST027,13.915000000000001,39.138,2.8126482213438733,DEGREE_LIMIT_4
ST018,ST028,11.947,38.153,3.1935213861220393,DEGREE_LIMIT_4
ST018,ST029,8.633,30.137999999999998,3.4910228194138773,DEGREE_LIMIT_4
ST018,ST030,7.025,36.938,5.258078291814947,DEGREE_LIMIT_4
ST018,ST031,3.945,24.563,6.2263624841571605,DEGREE_LIMIT_4
ST018,ST032,3.868,5.619,1.452688728024819,DEGREE_LIMIT_4
ST018,ST033,3.728,4.34,1.1641630901287552,DEGREE_LIMIT_4
ST018,ST034,5.215,12.233,2.345733461169703,DEGREE_LIMIT_4
ST018,ST035,4.862,7.412999999999999,1.5246812011517892,DEGREE_LIMIT_4
ST018,ST036,5.48,40.027,7.304197080291971,DEGREE_LIMIT_4
ST018,ST037,5.956,7.633,1.2815648085963733,DEGREE_LIMIT_4
ST018,ST038,9.789,34.361,3.510164470323833,DEGREE_LIMIT_4
ST018,ST039,9.489,36.968999999999994,3.8959848245336697,DEGREE_LIMIT_4
ST018,ST040,6.3469999999999995,26.965,4.248463841184812,DEGREE_LIMIT_4
ST018,ST041,10.523,36.149,3.4352370996864012,DEGREE_LIMIT_4
ST018,ST042,8.22,32.792,3.989294403892944,DEGREE_LIMIT_4
ST018,ST043,1.406,1.406,1.0,DEGREE_LIMIT_4
ST018,ST044,2.1399999999999997,5.938,2.774766355140187,DEGREE_LIMIT_4
ST018,ST045,0.934,2.077,2.223768736616702,DEGREE_LIMIT_4
ST018,ST046,3.7,17.855,4.825675675675676,DEGREE_LIMIT_4
ST018,ST047,3.497,10.706999999999999,3.061767229053474,DEGREE_LIMIT_4
ST018,ST048,0.747,7.948,10.639892904953147,DEGREE_LIMIT_4
ST018,ST049,8.366999999999999,10.117999999999999,1.2092745308951833,DEGREE_LIMIT_4
ST018,ST050,2.786,20.218,7.2569992821249105,DEGREE_LIMIT_4
ST018,ST051,10.019,34.864000000000004,3.4797884020361316,DEGREE_LIMIT_4
ST018,ST052,6.635,36.147000000000006,5.447927656367748,DEGREE_LIMIT_4
ST018,ST053,6.96,14.623,2.1010057471264365,DEGREE_LIMIT_4
ST018,ST054,4.787,16.768,3.502820137873407,DEGREE_LIMIT_4
ST018,ST055,8.279,10.49,1.2670612392801064,DEGREE_LIMIT_4
ST019,ST020,1.979,1.979,1.0,DEGREE_LIMIT_4
ST019,ST021,6.127,15.744,2.569609923290354,DEGREE_LIMIT_4
ST019,ST022,6.305,9.788,1.5524187153053133,DEGREE_LIMIT_4
ST019,ST023,1.664,14.408999999999999,8.659254807692307,DEGREE_LIMIT_4
ST019,ST024,14.207999999999998,44.587999999999994,3.1382319819819817,DEGREE_LIMIT_4
ST019,ST025,13.983999999999998,44.364,3.1724828375286043,DEGREE_LIMIT_4
ST019,ST026,14.056000000000001,36.913999999999994,2.626209447922595,DEGREE_LIMIT_4
ST019,ST027,14.296,40.413,2.8268746502518187,DEGREE_LIMIT_4
ST019,ST028,12.424,39.428,3.1735350933676756,DEGREE_LIMIT_4
ST019,ST029,9.11,31.412999999999997,3.448188803512623,DEGREE_LIMIT_4
ST019,ST030,7.283,38.212999999999994,5.246876287244266,DEGREE_LIMIT_4
ST019,ST031,4.422,25.837999999999997,5.843057440072365,DEGREE_LIMIT_4
ST019,ST032,3.411,6.894,2.021108179419525,DEGREE_LIMIT_4
ST019,ST033,3.836,6.957000000000001,1.8136079249217938,DEGREE_LIMIT_4
ST019,ST034,5.692,14.850000000000001,2.6089248067463107,DEGREE_LIMIT_4
ST019,ST035,5.339,10.030000000000001,1.8786289567334709,DEGREE_LIMIT_4
ST019,ST036,5.957000000000001,41.30199999999999,6.933355715964409,DEGREE_LIMIT_4
ST019,ST037,6.415,8.908000000000001,1.3886204208885427,DEGREE_LIMIT_4
ST019,ST038,10.229,35.635999999999996,3.4838205103138136,DEGREE_LIMIT_4
ST019,ST039,9.966000000000001,38.24399999999999,3.8374473208910285,DEGREE_LIMIT_4
ST019,ST040,6.824,28.24,4.138335287221571,DEGREE_LIMIT_4
ST019,ST041,10.631,37.42399999999999,3.5202709058414063,DEGREE_LIMIT_4
ST019,ST042,8.623999999999999,34.06699999999999,3.950255102040816,DEGREE_LIMIT_4
ST019,ST043,1.504,4.023000000000001,2.674867021276596,DEGREE_LIMIT_4
ST019,ST044,2.238,8.555000000000001,3.8226094727435216,DEGREE_LIMIT_4
ST019,ST045,0.859,3.3520000000000003,3.9022118742724103,DEGREE_LIMIT_4
ST019,ST046,3.7089999999999996,19.13,5.1577244540307365,DEGREE_LIMIT_4
ST019,ST047,3.02,11.982,3.967549668874172,DEGREE_LIMIT_4
ST019,ST048,0.855,10.565000000000001,12.356725146198832,DEGREE_LIMIT_4
ST019,ST049,7.91,11.393,1.4403286978508218,DEGREE_LIMIT_4
ST019,ST050,2.327,21.493,9.236355822948001,DEGREE_LIMIT_4
ST019,ST051,10.236,36.138999999999996,3.5305783509183266,DEGREE_LIMIT_4
ST019,ST052,7.112,37.422,5.261811023622046,DEGREE_LIMIT_4
ST019,ST053,6.5009999999999994,15.898,2.44546992770343,DEGREE_LIMIT_4
ST019,ST054,4.795999999999999,18.043,3.7620934111759805,DEGREE_LIMIT_4
ST019,ST055,7.802,11.765,1.507946680338375,DEGREE_LIMIT_4
ST020,ST021,7.03,13.765,1.9580369843527738,DEGREE_LIMIT_4
ST020,ST022,6.274,7.809,1.2446605036659228,DEGREE_LIMIT_4
ST020,ST023,3.334,12.43,3.728254349130174,DEGREE_LIMIT_4
ST020,ST024,15.928999999999998,42.608999999999995,2.674932513026555,DEGREE_LIMIT_4
ST020,ST025,15.408000000000001,42.385,2.7508437175493246,DEGREE_LIMIT_4
ST020,ST026,15.262,34.934999999999995,2.289018477263792,DEGREE_LIMIT_4
ST020,ST027,15.597999999999999,38.434,2.464033850493653,DEGREE_LIMIT_4
ST020,ST028,13.895999999999999,37.449,2.6949481865284977,DEGREE_LIMIT_4
ST020,ST029,10.424,29.433999999999997,2.8236761320030697,DEGREE_LIMIT_4
ST020,ST030,8.227,36.233999999999995,4.404278594870547,DEGREE_LIMIT_4
ST020,ST031,5.736,23.858999999999998,4.1595188284518825,DEGREE_LIMIT_4
ST020,ST032,3.417,4.915,1.4383962540239978,DEGREE_LIMIT_4
ST020,ST033,1.99,4.978,2.501507537688442,DEGREE_LIMIT_4
ST020,ST034,5.992,12.870999999999999,2.148030707610147,DEGREE_LIMIT_4
ST020,ST035,6.436,8.051,1.2509322560596645,DEGREE_LIMIT_4
ST020,ST036,6.189,39.32299999999999,6.353692034254321,DEGREE_LIMIT_4
ST020,ST037,5.501,6.929,1.2595891656062534,DEGREE_LIMIT_4
ST020,ST038,10.468,33.657,3.2152273595720287,DEGREE_LIMIT_4
ST020,ST039,10.226,36.26499999999999,3.546352434969684,DEGREE_LIMIT_4
ST020,ST040,7.832,26.261,3.3530388151174666,DEGREE_LIMIT_4
ST020,ST041,11.227,35.44499999999999,3.157121225616816,DEGREE_LIMIT_4
ST020,ST042,9.822,32.087999999999994,3.2669517409896147,DEGREE_LIMIT_4
ST020,ST043,0.792,2.044,2.580808080808081,DEGREE_LIMIT_4
ST020,ST044,0.406,6.576,16.197044334975367,DEGREE_LIMIT_4
ST020,ST045,1.373,1.373,1.0,DEGREE_LIMIT_4
ST020,ST046,5.379,17.151,3.1885108756274403,DEGREE_LIMIT_4
ST020,ST047,3.98,10.003,2.5133165829145727,DEGREE_LIMIT_4
ST020,ST048,2.009,8.586,4.273768043802887,DEGREE_LIMIT_4
ST020,ST049,7.9159999999999995,9.414,1.1892369883779688,DEGREE_LIMIT_4
ST020,ST050,4.182,19.514,4.666188426590148,DEGREE_LIMIT_4
ST020,ST051,11.708,34.16,2.917663136317048,DEGREE_LIMIT_4
ST020,ST052,8.426,35.443,4.2063849988131965,DEGREE_LIMIT_4
ST020,ST053,7.395,13.919,1.882217714672076,DEGREE_LIMIT_4
ST020,ST054,6.465999999999999,16.064,2.4843798329724716,DEGREE_LIMIT_4
ST020,ST055,7.845,9.786,1.2474187380497133,DEGREE_LIMIT_4
ST021,ST022,0.983,11.744,11.947100712105799,DEGREE_LIMIT_4
ST021,ST023,5.955,10.472999999999999,1.7586901763224179,DEGREE_LIMIT_4
ST021,ST024,19.531,40.652,2.0814090420357383,DEGREE_LIMIT_4
ST021,ST025,18.965,40.428000000000004,2.1317163195359874,DEGREE_LIMIT_4
ST021,ST026,17.558999999999997,32.978,1.878125177971411,DEGREE_LIMIT_4
ST021,ST027,17.182,36.477000000000004,2.1229775346292636,DEGREE_LIMIT_4
ST021,ST028,17.688000000000002,35.492,2.0065581184984165,DEGREE_LIMIT_4
ST021,ST029,14.374,27.476999999999997,1.9115764574926948,DEGREE_LIMIT_4
ST021,ST030,12.29,34.276999999999994,2.789015459723352,DEGREE_LIMIT_4
ST021,ST031,9.293,21.901999999999997,2.3568277197890883,DEGREE_LIMIT_4
ST021,ST032,3.877,8.85,2.282692803714212,DEGREE_LIMIT_4
ST021,ST033,5.896,15.997,2.7131953867028495,DEGREE_LIMIT_4
ST021,ST034,11.283,23.89,2.1173446778339096,DEGREE_LIMIT_4
ST021,ST035,10.93,19.07,1.7447392497712717,DEGREE_LIMIT_4
ST021,ST036,11.574,37.366,3.228443062035597,DEGREE_LIMIT_4
ST021,ST037,11.237,17.948,1.5972234582183857,DEGREE_LIMIT_4
ST021,ST038,15.137,31.699999999999996,2.094206249587104,DEGREE_LIMIT_4
ST021,ST039,14.837,34.30799999999999,2.3123272898833993,DEGREE_LIMIT_4
ST021,ST040,11.253,24.304,2.159779614325069,DEGREE_LIMIT_4
ST021,ST041,15.645999999999999,33.488,2.140355362392944,DEGREE_LIMIT_4
ST021,ST042,13.568,30.130999999999997,2.220739976415094,DEGREE_LIMIT_4
ST021,ST043,6.354,13.062999999999999,2.0558703179099775,DEGREE_LIMIT_4
ST021,ST044,6.851,17.595,2.5682382133995034,DEGREE_LIMIT_4
ST021,ST045,5.683,12.392,2.1805384480028156,DEGREE_LIMIT_4
ST021,ST046,6.163,15.193999999999999,2.465357780301801,DEGREE_LIMIT_4
ST021,ST047,3.762,3.762,1.0,DEGREE_LIMIT_4
ST021,ST048,6.483,19.605,3.024062933826932,DEGREE_LIMIT_4
ST021,ST049,3.415,13.349,3.908931185944363,DEGREE_LIMIT_4
ST021,ST050,3.8,17.557,4.620263157894737,DEGREE_LIMIT_4
ST021,ST051,14.762,32.202999999999996,2.181479474325972,DEGREE_LIMIT_4
ST021,ST052,11.982999999999999,33.486,2.7944588166569306,DEGREE_LIMIT_4
ST021,ST053,0.374,7.678,20.52941176470588,DEGREE_LIMIT_4
ST021,ST054,7.25,14.107,1.9457931034482758,DEGREE_LIMIT_4
ST021,ST055,2.96,13.721,4.635472972972973,DEGREE_LIMIT_4
ST022,ST023,6.145,10.408999999999999,1.6938974776240845,DEGREE_LIMIT_4
ST022,ST024,19.487000000000002,40.588,2.0828244470672757,DEGREE_LIMIT_4
ST022,ST025,18.921,40.364000000000004,2.133291052269965,DEGREE_LIMIT_4
ST022,ST026,18.333,32.914,1.7953417334860635,DEGREE_LIMIT_4
ST022,ST027,17.956,36.413000000000004,2.027901537090666,DEGREE_LIMIT_4
ST022,ST028,17.878,35.428,1.981653428795167,DEGREE_LIMIT_4
ST022,ST029,14.564,27.412999999999997,1.8822438890414719,DEGREE_LIMIT_4
ST022,ST030,12.329,34.212999999999994,2.7750020277394754,DEGREE_LIMIT_4
ST022,ST031,9.249,21.837999999999997,2.361120121094172,DEGREE_LIMIT_4
ST022,ST032,2.894,2.894,1.0,DEGREE_LIMIT_4
ST022,ST033,4.913,10.041,2.043761449216365,DEGREE_LIMIT_4
ST022,ST034,11.239,17.934,1.5956935670433312,DEGREE_LIMIT_4
ST022,ST035,10.886,13.114,1.204666544185192,DEGREE_LIMIT_4
ST022,ST036,11.53,37.30199999999999,3.235212489158716,DEGREE_LIMIT_4
ST022,ST037,11.195,11.992,1.0711924966502904,DEGREE_LIMIT_4
ST022,ST038,15.093,31.635999999999996,2.096071026303584,DEGREE_LIMIT_4
ST022,ST039,14.793,34.24399999999999,2.3148786588251196,DEGREE_LIMIT_4
ST022,ST040,11.651,24.24,2.0805081108917687,DEGREE_LIMIT_4
ST022,ST041,15.602,33.424,2.142289450070504,DEGREE_LIMIT_4
ST022,ST042,13.524000000000001,30.066999999999997,2.223232771369417,DEGREE_LIMIT_4
ST022,ST043,5.95,7.107,1.194453781512605,DEGREE_LIMIT_4
ST022,ST044,5.868,11.639000000000001,1.9834696659850035,DEGREE_LIMIT_4
ST022,ST045,5.639,6.436,1.1413371165100195,DEGREE_LIMIT_4
ST022,ST046,6.936999999999999,15.129999999999999,2.181058094277065,DEGREE_LIMIT_4
ST022,ST047,4.352,7.981999999999999,1.834099264705882,DEGREE_LIMIT_4
ST022,ST048,6.439,13.649000000000001,2.1197390899207953,DEGREE_LIMIT_4
ST022,ST049,2.432,7.393,3.0398848684210527,DEGREE_LIMIT_4
ST022,ST050,4.574,17.493,3.824442501093135,DEGREE_LIMIT_4
ST022,ST051,14.952,32.138999999999996,2.1494783306581056,DEGREE_LIMIT_4
ST022,ST052,11.939,33.422,2.7993969344166176,DEGREE_LIMIT_4
ST022,ST053,1.357,11.898,8.767870302137068,DEGREE_LIMIT_4
ST022,ST054,8.024,14.043,1.7501246261216352,DEGREE_LIMIT_4
ST022,ST055,1.977,1.977,1.0,DEGREE_LIMIT_4
ST023,ST024,13.969,39.317,2.8145894480635696,DEGREE_LIMIT_4
ST023,ST025,13.403,39.093,2.9167350593150787,DEGREE_LIMIT_4
ST023,ST026,13.365,31.642999999999997,2.367601945379723,DEGREE_LIMIT_4
ST023,ST027,13.083,35.141999999999996,2.6860811740426502,DEGREE_LIMIT_4
ST023,ST028,11.733,34.157,2.9111906588255345,DEGREE_LIMIT_4
ST023,ST029,8.419,26.141999999999996,3.1051193728471307,DEGREE_LIMIT_4
ST023,ST030,6.811,32.94199999999999,4.836587872559095,DEGREE_LIMIT_4
ST023,ST031,3.731,20.566999999999997,5.5124631466094876,DEGREE_LIMIT_4
ST023,ST032,4.753,7.515000000000001,1.5811066694719125,DEGREE_LIMIT_4
ST023,ST033,5.324,14.661999999999999,2.7539444027047333,DEGREE_LIMIT_4
ST023,ST034,5.721,22.555,3.942492571228806,DEGREE_LIMIT_4
ST023,ST035,5.368,17.735,3.303837555886736,DEGREE_LIMIT_4
ST023,ST036,5.986,36.03099999999999,6.0192114934847964,DEGREE_LIMIT_4
ST023,ST037,6.462,16.613,2.570875889817394,DEGREE_LIMIT_4
ST023,ST038,9.575,30.364999999999995,3.171279373368146,DEGREE_LIMIT_4
ST023,ST039,9.274999999999999,32.97299999999999,3.555040431266846,DEGREE_LIMIT_4
ST023,ST040,6.133,22.968999999999998,3.7451491928909175,DEGREE_LIMIT_4
ST023,ST041,11.2,32.153,2.8708035714285716,DEGREE_LIMIT_4
ST023,ST042,8.006,28.795999999999996,3.596802398201348,DEGREE_LIMIT_4
ST023,ST043,3.061,11.728,3.8314276380267884,DEGREE_LIMIT_4
ST023,ST044,3.74,16.259999999999998,4.3475935828877,DEGREE_LIMIT_4
ST023,ST045,2.5229999999999997,11.057,4.382481173206501,DEGREE_LIMIT_4
ST023,ST046,2.045,13.858999999999998,6.7770171149144245,DEGREE_LIMIT_4
ST023,ST047,3.166,6.711,2.1197094125078966,DEGREE_LIMIT_4
ST023,ST048,2.402,18.27,7.6061615320566185,DEGREE_LIMIT_4
ST023,ST049,8.577,12.014,1.4007228634720763,DEGREE_LIMIT_4
ST023,ST050,2.437,16.221999999999998,6.656544932293803,DEGREE_LIMIT_4
ST023,ST051,8.807,30.867999999999995,3.504939252867037,DEGREE_LIMIT_4
ST023,ST052,6.420999999999999,32.150999999999996,5.0071639931474845,DEGREE_LIMIT_4
ST023,ST053,6.329,10.627,1.6790962237320273,DEGREE_LIMIT_4
ST023,ST054,3.1319999999999997,12.771999999999998,4.077905491698595,DEGREE_LIMIT_4
ST023,ST055,8.122,12.386000000000001,1.5249938438808177,DEGREE_LIMIT_4
ST024,ST025,1.561,6.234,3.9935938500960924,DEGREE_LIMIT_4
ST024,ST026,11.521,25.022,2.1718600815901397,DEGREE_LIMIT_4
ST024,ST027,11.857,28.520999999999997,2.405414523066543,DEGREE_LIMIT_4
ST024,ST028,7.811,27.536,3.525284854692101,DEGREE_LIMIT_4
ST024,ST029,7.1290000000000004,13.175,1.8480852854537804,DEGREE_LIMIT_4
ST024,ST030,8.431,14.667000000000002,1.7396512869173293,DEGREE_LIMIT_4
ST024,ST031,10.238,18.75,1.8314123852314905,DEGREE_LIMIT_4
ST024,ST032,17.619,37.693999999999996,2.1393949713377602,DEGREE_LIMIT_4
ST024,ST033,16.986,44.840999999999994,2.639879901095019,DEGREE_LIMIT_4
ST024,ST034,11.466,52.733999999999995,4.599162742019884,DEGREE_LIMIT_4
ST024,ST035,11.24,47.913999999999994,4.2628113879003555,DEGREE_LIMIT_4
ST024,ST036,10.632,23.064,2.1693002257336342,DEGREE_LIMIT_4
ST024,ST037,11.108,46.791999999999994,4.212459488656823,DEGREE_LIMIT_4
ST024,ST038,7.022,17.398,2.477641697522073,DEGREE_LIMIT_4
ST024,ST039,6.775,20.006,2.9529151291512914,DEGREE_LIMIT_4
ST024,ST040,8.768,16.348,1.8645072992700726,DEGREE_LIMIT_4
ST024,ST041,6.62,7.164,1.0821752265861027,DEGREE_LIMIT_4
ST024,ST042,6.281,10.521,1.6750517433529695,DEGREE_LIMIT_4
ST024,ST043,15.137,41.907,2.7685142366386994,DEGREE_LIMIT_4
ST024,ST044,15.871,46.43899999999999,2.926028605632915,DEGREE_LIMIT_4
ST024,ST045,14.638000000000002,41.236,2.817051509769094,DEGREE_LIMIT_4
ST024,ST046,14.059999999999999,27.631999999999998,1.9652916073968705,DEGREE_LIMIT_4
ST024,ST047,16.852,36.89,2.1890576786138145,DEGREE_LIMIT_4
ST024,ST048,14.478000000000002,48.44899999999999,3.3463876225998055,DEGREE_LIMIT_4
ST024,ST049,21.919,42.193,1.9249509557917788,DEGREE_LIMIT_4
ST024,ST050,16.221,29.994999999999997,1.8491461685469452,DEGREE_LIMIT_4
ST024,ST051,5.421,12.593,2.323003135952776,DEGREE_LIMIT_4
ST024,ST052,7.911,13.876000000000001,1.7540133990645939,DEGREE_LIMIT_4
ST024,ST053,19.904999999999998,40.806,2.050037678975132,DEGREE_LIMIT_4
ST024,ST054,12.972999999999999,26.544999999999998,2.0461728204732905,DEGREE_LIMIT_4
ST024,ST055,21.464000000000002,42.56499999999999,1.9830879612374201,DEGREE_LIMIT_4
ST025,ST026,10.588000000000001,24.798000000000002,2.3420853796751038,DEGREE_LIMIT_4
ST025,ST027,10.924,28.297,2.590351519589894,DEGREE_LIMIT_4
ST025,ST028,6.878,27.312000000000005,3.9709217795870897,DEGREE_LIMIT_4
ST025,ST029,6.563000000000001,12.951,1.973335364924577,DEGREE_LIMIT_4
ST025,ST030,7.865,14.443000000000001,1.8363636363636364,DEGREE_LIMIT_4
ST025,ST031,9.672,18.526000000000003,1.915425971877585,DEGREE_LIMIT_4
ST025,ST032,17.395,37.47,2.1540672607071,DEGREE_LIMIT_4
ST025,ST033,16.919,44.617,2.637094390921449,DEGREE_LIMIT_4
ST025,ST034,10.9,52.51,4.81743119266055,DEGREE_LIMIT_4
ST025,ST035,10.674,47.69,4.467865842233464,DEGREE_LIMIT_4
ST025,ST036,10.066,22.84,2.26902443870455,DEGREE_LIMIT_4
ST025,ST037,10.542,46.568,4.417378106621134,DEGREE_LIMIT_4
ST025,ST038,6.274,17.174,2.7373286579534586,DEGREE_LIMIT_4
ST025,ST039,6.209,19.782,3.1860202931228865,DEGREE_LIMIT_4
ST025,ST040,8.202,16.124000000000002,1.9658619848817365,DEGREE_LIMIT_4
ST025,ST041,6.054,6.9399999999999995,1.1463495209778658,DEGREE_LIMIT_4
ST025,ST042,5.715,10.297,1.8017497812773404,DEGREE_LIMIT_4
ST025,ST043,14.745,41.683,2.8269243811461515,DEGREE_LIMIT_4
ST025,ST044,15.479,46.214999999999996,2.9856579882421346,DEGREE_LIMIT_4
ST025,ST045,14.246,41.012,2.8788431840516635,DEGREE_LIMIT_4
ST025,ST046,13.835999999999999,27.408,1.980919340849957,DEGREE_LIMIT_4
ST025,ST047,16.286,36.666000000000004,2.2513815547095666,DEGREE_LIMIT_4
ST025,ST048,14.086,48.224999999999994,3.423612097117705,DEGREE_LIMIT_4
ST025,ST049,21.352999999999998,41.969,1.965484943567649,DEGREE_LIMIT_4
ST025,ST050,15.655000000000001,29.771,1.9016927499201532,DEGREE_LIMIT_4
ST025,ST051,4.855,12.369,2.547682801235839,DEGREE_LIMIT_4
ST025,ST052,7.345,13.652000000000001,1.8586793737236218,DEGREE_LIMIT_4
ST025,ST053,19.339,40.582,2.0984539014426806,DEGREE_LIMIT_4
ST025,ST054,12.748999999999999,26.321,2.064554082673151,DEGREE_LIMIT_4
ST025,ST055,20.898,42.340999999999994,2.026079050626854,DEGREE_LIMIT_4
ST026,ST027,0.457,3.4989999999999997,7.6564551422319465,DEGREE_LIMIT_4
ST026,ST028,3.71,4.954,1.335309973045822,DEGREE_LIMIT_4
ST026,ST029,6.175,11.847,1.9185425101214575,DEGREE_LIMIT_4
ST026,ST030,8.776,18.647,2.124772105742935,DEGREE_LIMIT_4
ST026,ST031,9.634,11.076,1.1496782229603488,DEGREE_LIMIT_4
ST026,ST032,17.404,30.02,1.724890829694323,DEGREE_LIMIT_4
ST026,ST033,16.802,37.166999999999994,2.2120580883228183,DEGREE_LIMIT_4
ST026,ST034,13.008,45.059999999999995,3.464022140221402,DEGREE_LIMIT_4
ST026,ST035,12.655,40.239999999999995,3.179770841564599,DEGREE_LIMIT_4
ST026,ST036,13.273,21.736,1.6376101860920667,DEGREE_LIMIT_4
ST026,ST037,13.748999999999999,39.117999999999995,2.845152374718161,DEGREE_LIMIT_4
ST026,ST038,9.348,16.07,1.7190842961061188,DEGREE_LIMIT_4
ST026,ST039,9.446,18.678,1.977344907897523,DEGREE_LIMIT_4
ST026,ST040,7.43,8.674,1.16742934051144,DEGREE_LIMIT_4
ST026,ST041,9.312999999999999,17.858,1.9175346290132076,DEGREE_LIMIT_4
ST026,ST042,7.779,14.501,1.864121352358915,DEGREE_LIMIT_4
ST026,ST043,14.469999999999999,34.233,2.3657912923289564,DEGREE_LIMIT_4
ST026,ST044,15.203999999999999,38.76499999999999,2.5496579847408576,DEGREE_LIMIT_4
ST026,ST045,13.998,33.562,2.397628232604658,DEGREE_LIMIT_4
ST026,ST046,11.795,19.958,1.6920729122509537,DEGREE_LIMIT_4
ST026,ST047,14.364,29.215999999999998,2.0339738234475075,DEGREE_LIMIT_4
ST026,ST048,13.811,40.77499999999999,2.9523568170299033,DEGREE_LIMIT_4
ST026,ST049,19.601,34.519,1.7610836181827458,DEGREE_LIMIT_4
ST026,ST050,13.759,22.320999999999998,1.6222835961915836,DEGREE_LIMIT_4
ST026,ST051,7.587,16.573,2.1843943587715833,DEGREE_LIMIT_4
ST026,ST052,8.850999999999999,17.855999999999998,2.0173991639362785,DEGREE_LIMIT_4
ST026,ST053,17.837,33.132,1.8574872456130513,DEGREE_LIMIT_4
ST026,ST054,10.708,18.871,1.7623272319760925,DEGREE_LIMIT_4
ST026,ST055,19.146,34.891,1.8223649848532328,DEGREE_LIMIT_4
ST027,ST028,4.046,8.453,2.089223924864063,DEGREE_LIMIT_4
ST027,ST029,6.511,15.345999999999998,2.356934418676086,DEGREE_LIMIT_4
ST027,ST030,8.605,22.146,2.5736199883788493,DEGREE_LIMIT_4
ST027,ST031,9.97,14.575,1.4618856569709127,DEGREE_LIMIT_4
ST027,ST032,17.027,33.519,1.968579315205262,DEGREE_LIMIT_4
ST027,ST033,17.138,40.666,2.372855642432022,DEGREE_LIMIT_4
ST027,ST034,12.837,48.559,3.7827373997039806,DEGREE_LIMIT_4
ST027,ST035,12.484,43.739,3.5036046139057992,DEGREE_LIMIT_4
ST027,ST036,13.102,25.235,1.9260418256754692,DEGREE_LIMIT_4
ST027,ST037,13.578,42.617,3.1386802179997053,DEGREE_LIMIT_4
ST027,ST038,9.684,19.569,2.020755885997522,DEGREE_LIMIT_4
ST027,ST039,9.782,22.177,2.267123287671233,DEGREE_LIMIT_4
ST027,ST040,7.766,12.172999999999998,1.5674736028843674,DEGREE_LIMIT_4
ST027,ST041,9.582,21.357,2.228866624921728,DEGREE_LIMIT_4
ST027,ST042,8.115,18.0,2.2181146025878005,DEGREE_LIMIT_4
ST027,ST043,14.806000000000001,37.732,2.5484263136566256,DEGREE_LIMIT_4
ST027,ST044,15.540000000000001,42.263999999999996,2.7196911196911193,DEGREE_LIMIT_4
ST027,ST045,14.334,37.061,2.5855309055392772,DEGREE_LIMIT_4
ST027,ST046,11.418,23.456999999999997,2.0543878087230687,DEGREE_LIMIT_4
ST027,ST047,13.986999999999998,32.714999999999996,2.338957603488954,DEGREE_LIMIT_4
ST027,ST048,14.147,44.273999999999994,3.1295681063122918,DEGREE_LIMIT_4
ST027,ST049,19.224,38.018,1.977632126508531,DEGREE_LIMIT_4
ST027,ST050,13.382,25.819999999999997,1.9294574801972797,DEGREE_LIMIT_4
ST027,ST051,7.923,20.072,2.533383819260381,DEGREE_LIMIT_4
ST027,ST052,8.68,21.355,2.4602534562211984,DEGREE_LIMIT_4
ST027,ST053,17.46,36.63099999999999,2.0979954180985105,DEGREE_LIMIT_4
ST027,ST054,10.331,22.369999999999997,2.165327654631691,DEGREE_LIMIT_4
ST027,ST055,18.769,38.38999999999999,2.045394000745911,DEGREE_LIMIT_4
ST028,ST029,5.556,14.360999999999999,2.5847732181425482,DEGREE_LIMIT_4
ST028,ST030,8.229,21.161,2.57151537246324,DEGREE_LIMIT_4
ST028,ST031,9.015,13.59,1.5074875207986689,DEGREE_LIMIT_4
ST028,ST032,15.815,32.534,2.0571609231742016,DEGREE_LIMIT_4
ST028,ST033,15.674999999999999,39.681,2.5314832535885166,DEGREE_LIMIT_4
ST028,ST034,12.461,47.574,3.8178316347002648,DEGREE_LIMIT_4
ST028,ST035,12.108,42.754,3.5310538486950773,DEGREE_LIMIT_4
ST028,ST036,12.383,24.25,1.958329968505209,DEGREE_LIMIT_4
ST028,ST037,12.859,41.632,3.237576794463022,DEGREE_LIMIT_4
ST028,ST038,8.65,18.584,2.1484393063583815,DEGREE_LIMIT_4
ST028,ST039,8.698,21.192,2.4364221660151757,DEGREE_LIMIT_4
ST028,ST040,6.811,11.187999999999999,1.6426369108794596,DEGREE_LIMIT_4
ST028,ST041,7.951,20.372,2.5621934347880773,DEGREE_LIMIT_4
ST028,ST042,7.16,17.015,2.3763966480446927,DEGREE_LIMIT_4
ST028,ST043,13.353,36.747,2.7519658503707034,DEGREE_LIMIT_4
ST028,ST044,14.087,41.278999999999996,2.9302903386100656,DEGREE_LIMIT_4
ST028,ST045,12.880999999999998,36.076,2.800714230261626,DEGREE_LIMIT_4
ST028,ST046,12.459,22.471999999999998,1.8036760574684965,DEGREE_LIMIT_4
ST028,ST047,14.899,31.729999999999997,2.129673132424995,DEGREE_LIMIT_4
ST028,ST048,12.693999999999999,43.288999999999994,3.410193792342839,DEGREE_LIMIT_4
ST028,ST049,20.31,37.033,1.8233874938453964,DEGREE_LIMIT_4
ST028,ST050,14.17,24.834999999999997,1.7526464361326746,DEGREE_LIMIT_4
ST028,ST051,6.968,19.087,2.7392365097588978,DEGREE_LIMIT_4
ST028,ST052,8.304,20.37,2.453034682080925,DEGREE_LIMIT_4
ST028,ST053,18.062,35.645999999999994,1.9735355996013726,DEGREE_LIMIT_4
ST028,ST054,11.372,21.384999999999998,1.8804959549771367,DEGREE_LIMIT_4
ST028,ST055,19.855,37.404999999999994,1.8839083354318809,DEGREE_LIMIT_4
ST029,ST030,4.785,6.800000000000001,1.42110762800418,DEGREE_LIMIT_4
ST029,ST031,5.377,5.575,1.036823507532081,DEGREE_LIMIT_4
ST029,ST032,12.501,24.519000000000002,1.961363090952724,DEGREE_LIMIT_4
ST029,ST033,12.064,31.666,2.6248342175066313,DEGREE_LIMIT_4
ST029,ST034,8.536,39.559,4.634372071227741,DEGREE_LIMIT_4
ST029,ST035,8.1,34.739,4.288765432098765,DEGREE_LIMIT_4
ST029,ST036,8.009,9.889,1.2347359220876513,DEGREE_LIMIT_4
ST029,ST037,8.485,33.617,3.9619328226281674,DEGREE_LIMIT_4
ST029,ST038,4.223,4.223,1.0,DEGREE_LIMIT_4
ST029,ST039,4.321,6.831,1.5808840546169871,DEGREE_LIMIT_4
ST029,ST040,3.173,3.173,1.0,DEGREE_LIMIT_4
ST029,ST041,3.138,6.011,1.915551306564691,DEGREE_LIMIT_4
ST029,ST042,2.654,2.654,1.0,DEGREE_LIMIT_4
ST029,ST043,9.732,28.732,2.9523222359227295,DEGREE_LIMIT_4
ST029,ST044,10.466,33.264,3.178291610930633,DEGREE_LIMIT_4
ST029,ST045,9.233,28.061,3.0392071915953642,DEGREE_LIMIT_4
ST029,ST046,8.821,14.457,1.6389298265502779,DEGREE_LIMIT_4
ST029,ST047,11.332,23.715,2.0927462054359336,DEGREE_LIMIT_4
ST029,ST048,9.073,35.274,3.8877989639589994,DEGREE_LIMIT_4
ST029,ST049,16.996,29.018,1.7073429042127561,DEGREE_LIMIT_4
ST029,ST050,10.626000000000001,16.82,1.582909843779409,DEGREE_LIMIT_4
ST029,ST051,1.708,4.726,2.7669789227166275,DEGREE_LIMIT_4
ST029,ST052,4.265,6.009,1.4089097303634235,DEGREE_LIMIT_4
ST029,ST053,14.748000000000001,27.631,1.873542175210198,DEGREE_LIMIT_4
ST029,ST054,7.734,13.370000000000001,1.7287302818722525,DEGREE_LIMIT_4
ST029,ST055,16.519,29.390000000000004,1.7791633876142627,DEGREE_LIMIT_4
ST030,ST031,3.08,12.375,4.017857142857142,DEGREE_LIMIT_4
ST030,ST032,9.897,31.319,3.164494291199353,DEGREE_LIMIT_4
ST030,ST033,9.757,38.465999999999994,3.942400327969662,DEGREE_LIMIT_4
ST030,ST034,5.062,46.358999999999995,9.158237850651915,DEGREE_LIMIT_4
ST030,ST035,4.626,41.538999999999994,8.979463899697361,DEGREE_LIMIT_4
ST030,ST036,5.244000000000001,16.689,3.182494279176201,DEGREE_LIMIT_4
ST030,ST037,5.720000000000001,40.416999999999994,7.06590909090909,DEGREE_LIMIT_4
ST030,ST038,3.282,11.023,3.358622790981109,DEGREE_LIMIT_4
ST030,ST039,3.38,13.631000000000002,4.032840236686392,DEGREE_LIMIT_4
ST030,ST040,1.629,9.973,6.122160834868017,DEGREE_LIMIT_4
ST030,ST041,5.759,7.503000000000001,1.3028303524917522,DEGREE_LIMIT_4
ST030,ST042,2.893,4.146000000000001,1.4331144141030077,DEGREE_LIMIT_4
ST030,ST043,7.435,35.532,4.7790181573638195,DEGREE_LIMIT_4
ST030,ST044,8.169,40.06399999999999,4.904394662749417,DEGREE_LIMIT_4
ST030,ST045,6.936,34.861,5.026095732410611,DEGREE_LIMIT_4
ST030,ST046,6.526,21.256999999999998,3.2572785779957094,DEGREE_LIMIT_4
ST030,ST047,9.219,30.514999999999997,3.310011931879813,DEGREE_LIMIT_4
ST030,ST048,6.776,42.07399999999999,6.209268004722549,DEGREE_LIMIT_4
ST030,ST049,14.396,35.818,2.4880522367324254,DEGREE_LIMIT_4
ST030,ST050,8.49,23.619999999999997,2.7820965842167253,DEGREE_LIMIT_4
ST030,ST051,4.0809999999999995,6.218000000000001,1.5236461651555995,DEGREE_LIMIT_4
ST030,ST052,0.791,0.791,1.0,DEGREE_LIMIT_4
ST030,ST053,12.664,34.431,2.7188092229943144,DEGREE_LIMIT_4
ST030,ST054,5.439,20.169999999999998,3.708402279830851,DEGREE_LIMIT_4
ST030,ST055,14.224,36.19,2.544291338582677,DEGREE_LIMIT_4
ST031,ST032,7.813,18.944,2.424676820683476,DEGREE_LIMIT_4
ST031,ST033,7.673,26.090999999999998,3.4003649159390066,DEGREE_LIMIT_4
ST031,ST034,6.03,33.983999999999995,5.635820895522387,DEGREE_LIMIT_4
ST031,ST035,5.677,29.163999999999994,5.137220362867711,DEGREE_LIMIT_4
ST031,ST036,6.321,15.464,2.446448346780573,DEGREE_LIMIT_4
ST031,ST037,6.771,28.041999999999998,4.141485748043125,DEGREE_LIMIT_4
ST031,ST038,5.844,9.798,1.6765913757700204,DEGREE_LIMIT_4
ST031,ST039,5.5440000000000005,12.406,2.2377344877344876,DEGREE_LIMIT_4
ST031,ST040,2.402,2.402,1.0,DEGREE_LIMIT_4
ST031,ST041,7.632000000000001,11.585999999999999,1.518081761006289,DEGREE_LIMIT_4
ST031,ST042,4.275,8.229,1.924912280701754,DEGREE_LIMIT_4
ST031,ST043,5.351,23.156999999999996,4.327602317323864,DEGREE_LIMIT_4
ST031,ST044,6.085,27.688999999999997,4.5503697617091206,DEGREE_LIMIT_4
ST031,ST045,4.879,22.485999999999997,4.608731297397007,DEGREE_LIMIT_4
ST031,ST046,5.3629999999999995,8.882,1.6561625955621855,DEGREE_LIMIT_4
ST031,ST047,6.614,18.139999999999997,2.742667069851829,DEGREE_LIMIT_4
ST031,ST048,4.692,29.698999999999998,6.329710144927535,DEGREE_LIMIT_4
ST031,ST049,11.681000000000001,23.442999999999998,2.006934337813543,DEGREE_LIMIT_4
ST031,ST050,6.08,11.245,1.8495065789473684,DEGREE_LIMIT_4
ST031,ST051,6.074,10.300999999999998,1.6959170233783336,DEGREE_LIMIT_4
ST031,ST052,2.69,11.584,4.306319702602231,DEGREE_LIMIT_4
ST031,ST053,9.667,22.055999999999997,2.2815764973621597,DEGREE_LIMIT_4
ST031,ST054,4.873,7.795,1.5996306176893083,DEGREE_LIMIT_4
ST031,ST055,11.226,23.815,2.1214145733119545,DEGREE_LIMIT_4
ST032,ST033,2.081,7.147,3.434406535319558,DEGREE_LIMIT_4
ST032,ST034,9.083,15.04,1.655840581305736,DEGREE_LIMIT_4
ST032,ST035,8.73,10.219999999999999,1.1706758304696447,DEGREE_LIMIT_4
ST032,ST036,9.146,34.408,3.762081784386617,DEGREE_LIMIT_4
ST032,ST037,8.458,9.097999999999999,1.0756680066209505,DEGREE_LIMIT_4
ST032,ST038,13.179,28.741999999999997,2.180893846270582,DEGREE_LIMIT_4
ST032,ST039,12.833,31.349999999999998,2.4429205953401385,DEGREE_LIMIT_4
ST032,ST040,10.11,21.346,2.1113748763600397,DEGREE_LIMIT_4
ST032,ST041,13.504999999999999,30.529999999999998,2.2606442058496854,DEGREE_LIMIT_4
ST032,ST042,12.014999999999999,27.173,2.2615896795672077,DEGREE_LIMIT_4
ST032,ST043,3.095,4.213,1.361227786752827,DEGREE_LIMIT_4
ST032,ST044,3.013,8.745000000000001,2.902422834384335,DEGREE_LIMIT_4
ST032,ST045,3.542,3.542,1.0,DEGREE_LIMIT_4
ST032,ST046,6.177,12.236,1.9808968755059093,DEGREE_LIMIT_4
ST032,ST047,4.347,5.088,1.1704623878536922,DEGREE_LIMIT_4
ST032,ST048,4.266,10.755,2.521097046413502,DEGREE_LIMIT_4
ST032,ST049,4.499,4.499,1.0,DEGREE_LIMIT_4
ST032,ST050,4.271,14.599,3.4181690470615784,DEGREE_LIMIT_4
ST032,ST051,13.56,29.244999999999997,2.156710914454277,DEGREE_LIMIT_4
ST032,ST052,10.503,30.528,2.9065981148243356,DEGREE_LIMIT_4
ST032,ST053,4.2509999999999994,9.004,2.1180898612091275,DEGREE_LIMIT_4
ST032,ST054,7.263999999999999,11.149000000000001,1.5348292951541853,DEGREE_LIMIT_4
ST032,ST055,4.731,4.871,1.0295920524202073,DEGREE_LIMIT_4
ST033,ST034,7.5809999999999995,7.893,1.0411555203798972,DEGREE_LIMIT_4
ST033,ST035,7.497,8.940999999999999,1.1926103774843269,DEGREE_LIMIT_4
ST033,ST036,7.0649999999999995,41.55499999999999,5.881811748053786,DEGREE_LIMIT_4
ST033,ST037,6.377,9.161000000000001,1.4365689195546498,DEGREE_LIMIT_4
ST033,ST038,11.114,35.888999999999996,3.2291704156919194,DEGREE_LIMIT_4
ST033,ST039,11.212,38.49699999999999,3.433553335711737,DEGREE_LIMIT_4
ST033,ST040,9.372,28.493,3.040226205719163,DEGREE_LIMIT_4
ST033,ST041,12.767,37.67699999999999,2.9511239915406904,DEGREE_LIMIT_4
ST033,ST042,11.361999999999998,34.31999999999999,3.0205949656750573,DEGREE_LIMIT_4
ST033,ST043,2.332,2.934,1.258147512864494,DEGREE_LIMIT_4
ST033,ST044,1.598,1.598,1.0,DEGREE_LIMIT_4
ST033,ST045,2.981,3.6050000000000004,1.2093257296209328,DEGREE_LIMIT_4
ST033,ST046,7.273,19.383,2.665062560153994,DEGREE_LIMIT_4
ST033,ST047,5.588,12.235,2.1895132426628487,DEGREE_LIMIT_4
ST033,ST048,3.606,3.608,1.0005546311702718,DEGREE_LIMIT_4
ST033,ST049,6.473,11.646,1.7991657654874094,DEGREE_LIMIT_4
ST033,ST050,5.79,21.746,3.755785837651122,DEGREE_LIMIT_4
ST033,ST051,13.406,36.391999999999996,2.71460540056691,DEGREE_LIMIT_4
ST033,ST052,10.022,37.675,3.759229694671722,DEGREE_LIMIT_4
ST033,ST053,6.235,16.151,2.59037690457097,DEGREE_LIMIT_4
ST033,ST054,8.36,18.296,2.188516746411483,DEGREE_LIMIT_4
ST033,ST055,6.669,12.018,1.8020692757534864,DEGREE_LIMIT_4
ST034,ST035,0.462,16.834,36.43722943722943,DEGREE_LIMIT_4
ST034,ST036,0.834,49.44800000000001,59.290167865707446,DEGREE_LIMIT_4
ST034,ST037,1.204,17.054,14.164451827242525,DEGREE_LIMIT_4
ST034,ST038,5.716,43.782000000000004,7.659552134359693,DEGREE_LIMIT_4
ST034,ST039,5.814,46.39,7.9790161678706575,DEGREE_LIMIT_4
ST034,ST040,6.322,36.386,5.755457133818412,DEGREE_LIMIT_4
ST034,ST041,9.239,45.57000000000001,4.9323519861456875,DEGREE_LIMIT_4
ST034,ST042,6.53,42.21300000000001,6.46447166921899,DEGREE_LIMIT_4
ST034,ST043,6.443,10.827,1.6804283718764552,DEGREE_LIMIT_4
ST034,ST044,6.398,9.491,1.4834323226008128,DEGREE_LIMIT_4
ST034,ST045,6.149,11.498,1.869897544316149,DEGREE_LIMIT_4
ST034,ST046,6.911,27.276,3.9467515554912462,DEGREE_LIMIT_4
ST034,ST047,8.311,20.128,2.4218505594994584,DEGREE_LIMIT_4
ST034,ST048,5.962,11.501,1.929050654142905,DEGREE_LIMIT_4
ST034,ST049,13.582,19.538999999999998,1.4385951995287878,DEGREE_LIMIT_4
ST034,ST050,7.605,29.639,3.8973044049967123,DEGREE_LIMIT_4
ST034,ST051,7.654999999999999,44.28500000000001,5.785107772697585,DEGREE_LIMIT_4
ST034,ST052,4.271,45.56800000000001,10.669164130180288,DEGREE_LIMIT_4
ST034,ST053,11.657,24.044,2.0626233164622114,DEGREE_LIMIT_4
ST034,ST054,7.997999999999999,26.189,3.274443610902726,DEGREE_LIMIT_4
ST034,ST055,13.216000000000001,19.910999999999998,1.506582929782082,DEGREE_LIMIT_4
ST035,ST036,0.644,44.628,69.29813664596273,DEGREE_LIMIT_4
ST035,ST037,1.12,12.234,10.923214285714284,DEGREE_LIMIT_4
ST035,ST038,5.28,38.961999999999996,7.3791666666666655,DEGREE_LIMIT_4
ST035,ST039,5.378,41.56999999999999,7.7296392711044986,DEGREE_LIMIT_4
ST035,ST040,5.886,31.566,5.362895005096839,DEGREE_LIMIT_4
ST035,ST041,8.803,40.75,4.629103714642735,DEGREE_LIMIT_4
ST035,ST042,6.177,37.393,6.053585883114781,DEGREE_LIMIT_4
ST035,ST043,6.007,6.007,1.0,DEGREE_LIMIT_4
ST035,ST044,6.03,10.539,1.7477611940298505,DEGREE_LIMIT_4
ST035,ST045,5.796,6.678,1.1521739130434783,DEGREE_LIMIT_4
ST035,ST046,6.475,22.456,3.468108108108108,DEGREE_LIMIT_4
ST035,ST047,7.875,15.307999999999998,1.9438730158730155,DEGREE_LIMIT_4
ST035,ST048,5.609,12.549,2.2372972009270815,DEGREE_LIMIT_4
ST035,ST049,13.229,14.718999999999998,1.112631340237357,DEGREE_LIMIT_4
ST035,ST050,7.169,24.819,3.4619891198214536,DEGREE_LIMIT_4
ST035,ST051,7.218999999999999,39.465,5.466823659786675,DEGREE_LIMIT_4
ST035,ST052,3.835,40.748000000000005,10.625293350717081,DEGREE_LIMIT_4
ST035,ST053,11.304,19.223999999999997,1.7006369426751589,DEGREE_LIMIT_4
ST035,ST054,7.561999999999999,21.369,2.8258397249404923,DEGREE_LIMIT_4
ST035,ST055,12.863,15.091,1.1732099821192568,DEGREE_LIMIT_4
ST036,ST037,0.688,43.506,63.23546511627907,DEGREE_LIMIT_4
ST036,ST038,5.221,14.112000000000002,2.7029304730894466,DEGREE_LIMIT_4
ST036,ST039,5.269,5.878,1.115581704308218,DEGREE_LIMIT_4
ST036,ST040,6.5040000000000004,13.062000000000001,2.0083025830258303,DEGREE_LIMIT_4
ST036,ST041,9.421,15.900000000000002,1.687718925804055,DEGREE_LIMIT_4
ST036,ST042,6.573,12.543000000000001,1.908261068005477,DEGREE_LIMIT_4
ST036,ST043,6.146999999999999,38.621,6.282902228729463,DEGREE_LIMIT_4
ST036,ST044,6.17,43.153,6.994003241491086,DEGREE_LIMIT_4
ST036,ST045,6.244,37.95,6.07783472133248,DEGREE_LIMIT_4
ST036,ST046,7.093,24.346,3.432398139010292,DEGREE_LIMIT_4
ST036,ST047,8.493,33.604,3.956670198987401,DEGREE_LIMIT_4
ST036,ST048,6.227,45.163,7.252770194315079,DEGREE_LIMIT_4
ST036,ST049,13.538,38.907000000000004,2.8739104742207124,DEGREE_LIMIT_4
ST036,ST050,7.787,26.709,3.429947348144343,DEGREE_LIMIT_4
ST036,ST051,7.837,14.615000000000002,1.8648717621538857,DEGREE_LIMIT_4
ST036,ST052,4.453,15.898,3.570177408488659,DEGREE_LIMIT_4
ST036,ST053,11.948,37.519999999999996,3.140274522932708,DEGREE_LIMIT_4
ST036,ST054,8.18,23.259,2.8433985330073352,DEGREE_LIMIT_4
ST036,ST055,13.507,39.278999999999996,2.908047678981269,DEGREE_LIMIT_4
ST037,ST038,4.967,37.839999999999996,7.618280652305214,DEGREE_LIMIT_4
ST037,ST039,5.065,40.44799999999999,7.985784797630798,DEGREE_LIMIT_4
ST037,ST040,6.98,30.444,4.36160458452722,DEGREE_LIMIT_4
ST037,ST041,9.274,39.628,4.273021350010783,DEGREE_LIMIT_4
ST037,ST042,6.708,36.271,5.4071258199165175,DEGREE_LIMIT_4
ST037,ST043,5.459,6.227,1.1406851071624842,DEGREE_LIMIT_4
ST037,ST044,5.482,10.759000000000002,1.9626048887267424,DEGREE_LIMIT_4
ST037,ST045,5.556,5.556,1.0,DEGREE_LIMIT_4
ST037,ST046,7.569,21.334,2.8186021931562952,DEGREE_LIMIT_4
ST037,ST047,8.163,14.185999999999998,1.7378414798480948,DEGREE_LIMIT_4
ST037,ST048,6.192,12.769000000000002,2.0621770025839794,DEGREE_LIMIT_4
ST037,ST049,12.85,13.596999999999998,1.0581322957198442,DEGREE_LIMIT_4
ST037,ST050,8.289,23.697,2.8588490770901194,DEGREE_LIMIT_4
ST037,ST051,7.679,38.343,4.993228284932934,DEGREE_LIMIT_4
ST037,ST052,4.929,39.626000000000005,8.039358896327856,DEGREE_LIMIT_4
ST037,ST053,11.611,18.101999999999997,1.5590388424769612,DEGREE_LIMIT_4
ST037,ST054,8.656,20.247,2.339071164510166,DEGREE_LIMIT_4
ST037,ST055,12.948,13.969,1.078853877046648,DEGREE_LIMIT_4
ST038,ST039,1.349,11.054,8.194217939214234,DEGREE_LIMIT_4
ST038,ST040,4.911,7.396,1.5060069232335573,DEGREE_LIMIT_4
ST038,ST041,4.469,10.234,2.2899977623629444,DEGREE_LIMIT_4
ST038,ST042,2.385,6.877,2.8834381551362687,DEGREE_LIMIT_4
ST038,ST043,10.425999999999998,32.955,3.160847880299252,DEGREE_LIMIT_4
ST038,ST044,10.449,37.486999999999995,3.587616039812422,DEGREE_LIMIT_4
ST038,ST045,10.218,32.284,3.1595224114308085,DEGREE_LIMIT_4
ST038,ST046,9.808,18.68,1.904567699836868,DEGREE_LIMIT_4
ST038,ST047,12.458000000000002,27.938,2.2425750521753085,DEGREE_LIMIT_4
ST038,ST048,10.058,39.49699999999999,3.9269238417180348,DEGREE_LIMIT_4
ST038,ST049,17.525,33.241,1.8967760342368047,DEGREE_LIMIT_4
ST038,ST050,11.772,21.043,1.7875467210329594,DEGREE_LIMIT_4
ST038,ST051,3.27,8.949,2.736697247706422,DEGREE_LIMIT_4
ST038,ST052,3.367,10.232,3.0389070389070385,DEGREE_LIMIT_4
ST038,ST053,15.511000000000001,31.854,2.0536393527174264,DEGREE_LIMIT_4
ST038,ST054,8.721,17.593,2.0173145281504414,DEGREE_LIMIT_4
ST038,ST055,17.07,33.613,1.96912712360867,DEGREE_LIMIT_4
ST039,ST040,4.905,10.004,2.039551478083588,DEGREE_LIMIT_4
ST039,ST041,4.913,12.841999999999999,2.613881538774679,DEGREE_LIMIT_4
ST039,ST042,2.747,9.485,3.452857662904987,DEGREE_LIMIT_4
ST039,ST043,9.797,35.562999999999995,3.629988772073083,DEGREE_LIMIT_4
ST039,ST044,9.82,40.09499999999999,4.082993890020366,DEGREE_LIMIT_4
ST039,ST045,9.894,34.891999999999996,3.526581766727309,DEGREE_LIMIT_4
ST039,ST046,9.905999999999999,21.287999999999997,2.149000605693519,DEGREE_LIMIT_4
ST039,ST047,12.158000000000001,30.545999999999996,2.512419805889126,DEGREE_LIMIT_4
ST039,ST048,9.913,42.10499999999999,4.247452839705436,DEGREE_LIMIT_4
ST039,ST049,17.224999999999998,35.849,2.08121915820029,DEGREE_LIMIT_4
ST039,ST050,11.624,23.650999999999996,2.034669649002064,DEGREE_LIMIT_4
ST039,ST051,3.723,11.556999999999999,3.1042170292774642,DEGREE_LIMIT_4
ST039,ST052,2.854,12.84,4.498948843728101,DEGREE_LIMIT_4
ST039,ST053,15.211,34.461999999999996,2.2655972651370715,DEGREE_LIMIT_4
ST039,ST054,8.818999999999999,20.200999999999997,2.2906225195600407,DEGREE_LIMIT_4
ST039,ST055,16.77,36.221,2.1598688133571855,DEGREE_LIMIT_4
ST040,ST041,6.311,9.184000000000001,1.45523688797338,DEGREE_LIMIT_4
ST040,ST042,3.46,5.827,1.6841040462427745,DEGREE_LIMIT_4
ST040,ST043,7.04,25.558999999999997,3.6305397727272726,DEGREE_LIMIT_4
ST040,ST044,7.774,30.090999999999998,3.870722922562387,DEGREE_LIMIT_4
ST040,ST045,6.568,24.887999999999998,3.7892813641900123,DEGREE_LIMIT_4
ST040,ST046,6.129,11.283999999999999,1.8410833741230217,DEGREE_LIMIT_4
ST040,ST047,8.159,20.541999999999998,2.517710503738203,DEGREE_LIMIT_4
ST040,ST048,6.381,32.101,5.030716188685159,DEGREE_LIMIT_4
ST040,ST049,14.083,25.845,1.8351913654761058,DEGREE_LIMIT_4
ST040,ST050,7.453,13.646999999999998,1.8310747350060375,DEGREE_LIMIT_4
ST040,ST051,4.881,7.899,1.618315918869084,DEGREE_LIMIT_4
ST040,ST052,2.051,9.181999999999999,4.476840565577766,DEGREE_LIMIT_4
ST040,ST053,11.627,24.458,2.1035520770620106,DEGREE_LIMIT_4
ST040,ST054,5.042,10.197,2.0224117413724714,DEGREE_LIMIT_4
ST040,ST055,13.628,26.217000000000002,1.9237599060757267,DEGREE_LIMIT_4
ST041,ST042,3.357,3.357,1.0,DEGREE_LIMIT_4
ST041,ST043,10.435,34.743,3.3294681360804983,DEGREE_LIMIT_4
ST041,ST044,11.169,39.275,3.5164294028113527,DEGREE_LIMIT_4
ST041,ST045,9.963,34.072,3.4198534577938378,DEGREE_LIMIT_4
ST041,ST046,9.524,20.468,2.149097018059639,DEGREE_LIMIT_4
ST041,ST047,12.593,29.726,2.360517747955213,DEGREE_LIMIT_4
ST041,ST048,9.776,41.285,4.223097381342062,DEGREE_LIMIT_4
ST041,ST049,17.81,35.029,1.966816395283549,DEGREE_LIMIT_4
ST041,ST050,11.886999999999999,22.831,1.9206696391015396,DEGREE_LIMIT_4
ST041,ST051,2.393,5.429,2.2687003760969495,DEGREE_LIMIT_4
ST041,ST052,4.968,6.712000000000001,1.351046698872786,DEGREE_LIMIT_4
ST041,ST053,15.83,33.641999999999996,2.1252053063802903,DEGREE_LIMIT_4
ST041,ST054,8.437,19.381,2.29714353443167,DEGREE_LIMIT_4
ST041,ST055,17.222,35.400999999999996,2.055568458947857,DEGREE_LIMIT_4
ST042,ST043,9.03,31.385999999999996,3.4757475083056475,DEGREE_LIMIT_4
ST042,ST044,9.764,35.91799999999999,3.678615321589512,DEGREE_LIMIT_4
ST042,ST045,8.531,30.714999999999996,3.600398546477552,DEGREE_LIMIT_4
ST042,ST046,8.121,17.110999999999997,2.107006526289865,DEGREE_LIMIT_4
ST042,ST047,10.814,26.368999999999996,2.4384131681154058,DEGREE_LIMIT_4
ST042,ST048,8.371,37.92799999999999,4.530880420499342,DEGREE_LIMIT_4
ST042,ST049,15.956000000000001,31.671999999999997,1.9849586362496863,DEGREE_LIMIT_4
ST042,ST050,10.085,19.473999999999997,1.9309866137828453,DEGREE_LIMIT_4
ST042,ST051,2.072,2.072,1.0,DEGREE_LIMIT_4
ST042,ST052,2.348,3.3550000000000004,1.4288756388415675,DEGREE_LIMIT_4
ST042,ST053,13.942,30.284999999999997,2.17221345574523,DEGREE_LIMIT_4
ST042,ST054,7.034,16.023999999999997,2.278077907307364,DEGREE_LIMIT_4
ST042,ST055,15.501000000000001,32.044,2.067221469582607,DEGREE_LIMIT_4
ST043,ST044,0.734,4.532,6.174386920980926,DEGREE_LIMIT_4
ST043,ST045,0.671,0.671,1.0,DEGREE_LIMIT_4
ST043,ST046,4.974,16.449,3.3069963811821474,DEGREE_LIMIT_4
ST043,ST047,3.278,9.301,2.8374008541793776,DEGREE_LIMIT_4
ST043,ST048,1.307,6.542,5.0053557765876056,DEGREE_LIMIT_4
ST043,ST049,7.593999999999999,8.712,1.1472214906505136,DEGREE_LIMIT_4
ST043,ST050,3.48,18.812,5.405747126436782,DEGREE_LIMIT_4
ST043,ST051,11.102,33.458,3.013691226805981,DEGREE_LIMIT_4
ST043,ST052,7.723,34.741,4.498381457982649,DEGREE_LIMIT_4
ST043,ST053,6.728,13.217,1.9644768133174793,DEGREE_LIMIT_4
ST043,ST054,6.061,15.362000000000002,2.5345652532585383,DEGREE_LIMIT_4
ST043,ST055,7.8260000000000005,9.084,1.1607462305136722,DEGREE_LIMIT_4
ST044,ST045,1.383,5.203,3.7621113521330445,DEGREE_LIMIT_4
ST044,ST046,5.675,20.981,3.6970925110132162,DEGREE_LIMIT_4
ST044,ST047,3.99,13.833,3.4669172932330827,DEGREE_LIMIT_4
ST044,ST048,2.008,5.206,2.5926294820717133,DEGREE_LIMIT_4
ST044,ST049,7.512,13.244,1.7630457933972312,DEGREE_LIMIT_4
ST044,ST050,4.192,23.344,5.568702290076336,DEGREE_LIMIT_4
ST044,ST051,11.808,37.99000000000001,3.2173102981029817,DEGREE_LIMIT_4
ST044,ST052,8.424,39.27300000000001,4.662037037037039,DEGREE_LIMIT_4
ST044,ST053,6.997,17.749,2.536658567957696,DEGREE_LIMIT_4
ST044,ST054,6.762,19.894000000000002,2.942028985507247,DEGREE_LIMIT_4
ST044,ST055,7.744,13.616000000000001,1.7582644628099175,DEGREE_LIMIT_4
ST045,ST046,4.467,15.777999999999999,3.5321244683232593,DEGREE_LIMIT_4
ST045,ST047,2.631,8.629999999999999,3.2801216267578868,DEGREE_LIMIT_4
ST045,ST048,0.8,7.213000000000001,9.016250000000001,DEGREE_LIMIT_4
ST045,ST049,7.847,8.041,1.0247228240091755,DEGREE_LIMIT_4
ST045,ST050,2.833,18.141,6.403459230497704,DEGREE_LIMIT_4
ST045,ST051,10.603000000000002,32.787,3.0922380458360834,DEGREE_LIMIT_4
ST045,ST052,7.23,34.07,4.712309820193638,DEGREE_LIMIT_4
ST045,ST053,6.0569999999999995,12.546,2.071322436849926,DEGREE_LIMIT_4
ST045,ST054,5.553999999999999,14.690999999999999,2.645120633777458,DEGREE_LIMIT_4
ST045,ST055,7.392,8.413,1.1381222943722944,DEGREE_LIMIT_4
ST046,ST047,3.069,11.431999999999999,3.7249918540241116,DEGREE_LIMIT_4
ST046,ST048,3.667,22.991,6.269702754295064,DEGREE_LIMIT_4
ST046,ST049,8.306,16.735,2.0148085721165425,DEGREE_LIMIT_4
ST046,ST050,2.363,2.363,1.0,DEGREE_LIMIT_4
ST046,ST051,10.12,19.182999999999996,1.8955533596837943,DEGREE_LIMIT_4
ST046,ST052,7.317,20.465999999999998,2.797047970479704,DEGREE_LIMIT_4
ST046,ST053,6.393,15.347999999999999,2.400750821210699,DEGREE_LIMIT_4
ST046,ST054,1.087,1.087,1.0,DEGREE_LIMIT_4
ST046,ST055,7.851,17.107,2.1789580945102536,DEGREE_LIMIT_4
ST047,ST048,3.431,15.843,4.617604197027106,DEGREE_LIMIT_4
ST047,ST049,6.569,9.587,1.4594306591566448,DEGREE_LIMIT_4
ST047,ST050,0.729,13.794999999999998,18.92318244170096,DEGREE_LIMIT_4
ST047,ST051,11.973,28.440999999999995,2.375428046437818,DEGREE_LIMIT_4
ST047,ST052,9.304,29.723999999999997,3.1947549441100596,DEGREE_LIMIT_4
ST047,ST053,3.916,3.916,1.0,DEGREE_LIMIT_4
ST047,ST054,4.156,10.344999999999999,2.489172281039461,DEGREE_LIMIT_4
ST047,ST055,6.114,9.959,1.6288845273143604,DEGREE_LIMIT_4
ST048,ST049,8.647,15.253999999999998,1.7640800277552906,DEGREE_LIMIT_4
ST048,ST050,3.182,25.354,7.967944688874922,DEGREE_LIMIT_4
ST048,ST051,10.443,40.0,3.8303169587283348,DEGREE_LIMIT_4
ST048,ST052,7.059,41.283,5.8482787930301745,DEGREE_LIMIT_4
ST048,ST053,6.856999999999999,19.758999999999997,2.881580866268047,DEGREE_LIMIT_4
ST048,ST054,4.754,21.904,4.6074884307951205,DEGREE_LIMIT_4
ST048,ST055,8.192,15.626,1.907470703125,DEGREE_LIMIT_4
ST049,ST050,6.734,19.098,2.836055836055836,DEGREE_LIMIT_4
ST049,ST051,17.384,33.744,1.9410952600092037,DEGREE_LIMIT_4
ST049,ST052,14.371,35.027,2.437339085658618,DEGREE_LIMIT_4
ST049,ST053,3.789,13.503,3.5637371338083925,DEGREE_LIMIT_4
ST049,ST054,9.392999999999999,15.648,1.6659214308527628,DEGREE_LIMIT_4
ST049,ST055,0.676,9.37,13.860946745562128,DEGREE_LIMIT_4
ST050,ST051,11.244,21.546,1.916221985058698,DEGREE_LIMIT_4
ST050,ST052,8.77,22.829,2.603078677309008,DEGREE_LIMIT_4
ST050,ST053,4.1739999999999995,17.711,4.243172017249641,DEGREE_LIMIT_4
ST050,ST054,3.45,3.45,1.0,DEGREE_LIMIT_4
ST050,ST055,6.177,19.47,3.152015541525012,DEGREE_LIMIT_4
ST051,ST052,3.384,5.4270000000000005,1.6037234042553195,DEGREE_LIMIT_4
ST051,ST053,15.136000000000001,32.357,2.1377510570824523,DEGREE_LIMIT_4
ST051,ST054,9.033,18.096,2.0033211557622055,DEGREE_LIMIT_4
ST051,ST055,16.929,34.116,2.0152401205032784,DEGREE_LIMIT_4
ST052,ST053,12.357,33.63999999999999,2.7223436109087964,DEGREE_LIMIT_4
ST052,ST054,6.23,19.378999999999998,3.11059390048154,DEGREE_LIMIT_4
ST052,ST055,13.916,35.398999999999994,2.543762575452716,DEGREE_LIMIT_4
ST053,ST054,7.393,14.261,1.9289868794805898,DEGREE_LIMIT_4
ST053,ST055,3.334,13.875,4.161667666466706,DEGREE_LIMIT_4
ST054,ST055,8.785,16.02,1.8235628912919748,DEGREE_LIMIT_4
