pair_order,pair_id,from_order,from_station_id,from_station_name,to_order,to_station_id,to_station_name,w1_distance_m,distance_km,w2_average_lanes,w3_protection_proxy,w3_child_protection_proxy,w3_senior_protection_proxy,w3_disabled_protection_proxy,w3_classification,w4_average_absolute_grade_pct,w4_classification,distance_norm,lane_penalty_norm,protection_norm,slope_norm,scenario_cost,structure
1409,ST043__ST045,43,ST043,시흥종합버스터미널,45,ST045,시흥중앙도서관,671.0,0.671,3.1817228022763167,0.300402098,0.300402098,0.0,0.0,PRELIMINARY_POINT_BUFFER_PROXY,0.425583211,PRELIMINARY_90M,0.025579192145379383,0.35910616559669406,0.300402098,0.03381446955986759,0.16094664530420175,CANDIDATE_GRAPH
151,ST003__ST047,3,ST003,배곧한울공원,47,ST047,배곧2동행정복지센터,2142.0,2.142,2.998593533213879,0.082490603,0.082490603,0.0,0.0,PRELIMINARY_POINT_BUFFER_PROXY,1.45164868,PRELIMINARY_90M,0.15226939970717424,0.41290145953524826,0.082490603,0.20405434432339853,0.1871053842030704,CANDIDATE_GRAPH
209,ST004__ST054,4,ST004,배곧중심상가,54,ST054,시흥 프리미엄 아울렛,3518.0,3.518,3.9115620934849367,0.174673018,0.174673018,0.0,0.0,PRELIMINARY_POINT_BUFFER_PROXY,1.470188615,PRELIMINARY_90M,0.2707777107914908,0.14471160486108936,0.174673018,0.2071304016588043,0.1984523344980603,CANDIDATE_GRAPH
136,ST003__ST032,3,ST003,배곧한울공원,32,ST032,희망공원,2946.0,2.946,2.474419063810549,0.0,0.0,0.0,0.0,PRELIMINARY_POINT_BUFFER_PROXY,0.664390229,PRELIMINARY_90M,0.22151408147446386,0.5668807759001471,0.0,0.07343618773014575,0.2019215118556136,CANDIDATE_GRAPH
259,ST005__ST054,5,ST005,배곧중·고등학교,54,ST054,시흥 프리미엄 아울렛,1508.0,1.508,1.711681176130996,0.0,0.0,0.0,0.0,PRELIMINARY_POINT_BUFFER_PROXY,0.623743217,PRELIMINARY_90M,0.09766600637326674,0.7909394917780753,0.0,0.06669222992096648,0.2023748350744034,CANDIDATE_GRAPH
934,ST022__ST032,22,ST022,오이도박물관,32,ST032,희망공원,2894.0,2.894,2.88457420094931,0.0,0.0,0.0,0.0,PRELIMINARY_POINT_BUFFER_PROXY,2.242877844,PRELIMINARY_90M,0.2170355697183705,0.4463953053047024,0.0,0.3353313026249875,0.21554120585611827,CANDIDATE_GRAPH
1444,ST046__ST050,46,ST046,배곧1동행정복지센터,50,ST050,시흥한라3차아파트,2363.0,2.363,4.178737580648687,0.479447383,0.479447383,0.0,0.0,PRELIMINARY_POINT_BUFFER_PROXY,1.190735572,PRELIMINARY_90M,0.17130307467057102,0.06622724275592551,0.479447383,0.16076488943766587,0.21717810385153483,CANDIDATE_GRAPH
1,ST001__ST002,1,ST001,월곶역,2,ST002,월곶포구,619.0,0.619,1.5532421960245575,0.149164241,0.149164241,0.0,0.0,PRELIMINARY_POINT_BUFFER_PROXY,0.47799073,PRELIMINARY_90M,0.02110068038928602,0.8374818689184798,0.149164241,0.042509674437898,0.21854912333563078,CANDIDATE_GRAPH
1222,ST032__ST045,32,ST032,희망공원,45,ST045,시흥중앙도서관,3542.0,3.542,3.695161173181692,0.239589717,0.239589717,0.0,0.0,PRELIMINARY_POINT_BUFFER_PROXY,1.100349444,PRELIMINARY_90M,0.27284471621738005,0.20828064096267274,0.239589717,0.1457684554127718,0.21891447643053333,CANDIDATE_GRAPH
880,ST020__ST045,20,ST020,시화공업단지[왼쪽부근],45,ST045,시흥중앙도서관,1373.0,1.373,2.951996349336429,0.38168565,0.38168565,0.0,0.0,PRELIMINARY_POINT_BUFFER_PROXY,0.548337,PRELIMINARY_90M,0.08603910085263974,0.42658965485339595,0.38168565,0.05418119107762378,0.21898020743074667,CANDIDATE_GRAPH
1242,ST033__ST043,33,ST033,타원산업단지,43,ST043,시흥종합버스터미널,2934.0,2.934,2.565523484039041,0.07531911,0.07531911,0.0,0.0,PRELIMINARY_POINT_BUFFER_PROXY,0.889229462,PRELIMINARY_90M,0.22048057876151925,0.5401183195741607,0.07531911,0.11074043782361453,0.22063270965490606,CANDIDATE_GRAPH
1244,ST033__ST045,33,ST033,타원산업단지,45,ST045,시흥중앙도서관,3637.0,3.637,3.4781306841531268,0.249273043,0.249273043,0.0,0.0,PRELIMINARY_POINT_BUFFER_PROXY,0.487234376,PRELIMINARY_90M,0.28102661269485835,0.2720346165597639,0.249273043,0.04404333596822129,0.22169099890038638,CANDIDATE_GRAPH
1145,ST029__ST040,29,ST029,관곡공원,40,ST040,갯골생태공원,3173.0,3.173,2.6002442194967386,0.0,0.0,0.0,0.0,PRELIMINARY_POINT_BUFFER_PROXY,1.529257702,PRELIMINARY_90M,0.24106450779433297,0.5299189004465018,0.0,0.2169308620359346,0.22289598712270708,CANDIDATE_GRAPH
160,ST004__ST005,4,ST004,배곧중심상가,5,ST005,배곧중·고등학교,2591.0,2.591,3.612965583991951,0.346284637,0.346284637,0.0,0.0,PRELIMINARY_POINT_BUFFER_PROXY,1.174987484,PRELIMINARY_90M,0.19093962621651883,0.23242607606189314,0.346284637,0.15815204200260122,0.22360804993855038,CANDIDATE_GRAPH
1448,ST046__ST054,46,ST046,배곧1동행정복지센터,54,ST054,시흥 프리미엄 아울렛,1087.0,1.087,2.0,0.198910149,0.198910149,0.0,0.0,PRELIMINARY_POINT_BUFFER_PROXY,0.722410179,PRELIMINARY_90M,0.06140728619412626,0.7062441508450915,0.198910149,0.08306258031444422,0.22492830463412913,CANDIDATE_GRAPH
1210,ST032__ST033,32,ST032,희망공원,33,ST033,타원산업단지,2081.0,2.081,1.4965117896209403,0.0,0.0,0.0,0.0,PRELIMINARY_POINT_BUFFER_PROXY,0.481788461,PRELIMINARY_90M,0.14701576091637242,0.8541467576244774,0.0,0.043139775800197705,0.2287558342156555,CANDIDATE_GRAPH
53,ST001__ST054,1,ST001,월곶역,54,ST054,시흥 프리미엄 아울렛,3069.0,3.069,2.971566575272677,0.131704676,0.131704676,0.0,0.0,PRELIMINARY_POINT_BUFFER_PROXY,1.446878915,PRELIMINARY_90M,0.23210748428214625,0.42084078651533996,0.131704676,0.20326296772922972,0.22882139096120363,CANDIDATE_GRAPH
205,ST004__ST050,4,ST004,배곧중심상가,50,ST050,시흥한라3차아파트,2083.0,2.083,3.3375162940590184,0.4015265,0.4015265,0.0,0.0,PRELIMINARY_POINT_BUFFER_PROXY,0.795418286,PRELIMINARY_90M,0.14718801136852985,0.3133409161252583,0.4015265,0.09517573621717196,0.2288419726366129,CANDIDATE_GRAPH
1243,ST033__ST044,33,ST033,타원산업단지,44,ST044,경기과학기술대학교,1598.0,1.598,1.7010597777371803,0.123630586,0.123630586,0.0,0.0,PRELIMINARY_POINT_BUFFER_PROXY,0.331684145,PRELIMINARY_90M,0.1054172767203514,0.7940595896824632,0.123630586,0.018235185665018444,0.2293508891383684,CANDIDATE_GRAPH
534,ST011__ST050,11,ST011,배곧생명공원,50,ST050,시흥한라3차아파트,995.0,0.995,2.969355785245408,0.47264275,0.47264275,0.0,0.0,PRELIMINARY_POINT_BUFFER_PROXY,0.56995669,PRELIMINARY_90M,0.05348376539488416,0.4214902190171036,0.47264275,0.057768226631615675,0.2298432831863725,CANDIDATE_GRAPH
1224,ST032__ST047,32,ST032,희망공원,47,ST047,배곧2동행정복지센터,4347.0,4.347,3.0270902313068655,0.040631434,0.040631434,0.0,0.0,PRELIMINARY_POINT_BUFFER_PROXY,1.009713027,PRELIMINARY_90M,0.34217552321074846,0.4045303877888319,0.040631434,0.1307304946341744,0.2304349433766545,CANDIDATE_GRAPH
957,ST022__ST055,22,ST022,오이도박물관,55,ST055,해양생태과학관,1977.0,1.977,2.056726097058233,0.0,0.0,0.0,0.0,PRELIMINARY_POINT_BUFFER_PROXY,2.016046436,PRELIMINARY_90M,0.1380587374041857,0.6895805280345066,0.0,0.29769652038444466,0.23089114175603304,CANDIDATE_GRAPH
1226,ST032__ST049,32,ST032,희망공원,49,ST049,거북섬 웨이브파크 정문,4499.0,4.499,3.070219818149316,0.042639664,0.042639664,0.0,0.0,PRELIMINARY_POINT_BUFFER_PROXY,0.994963213,PRELIMINARY_90M,0.35526655757471365,0.3918608193822274,0.042639664,0.12828327604626832,0.2326178664345355,CANDIDATE_GRAPH
1147,ST029__ST042,29,ST029,관곡공원,42,ST042,시흥시청역,2654.0,2.654,2.6841941622399865,0.0,0.0,0.0,0.0,PRELIMINARY_POINT_BUFFER_PROXY,2.927478894,PRELIMINARY_90M,0.19636551545947808,0.5052581137294531,0.0,0.44891703427285934,0.23711710829763685,CANDIDATE_GRAPH
949,ST022__ST047,22,ST022,오이도박물관,47,ST047,배곧2동행정복지센터,4352.0,4.352,3.2556383357386656,0.040564469,0.040564469,0.0,0.0,PRELIMINARY_POINT_BUFFER_PROXY,1.850197274,PRELIMINARY_90M,0.34260614934114203,0.3373930452987237,0.040564469,0.2701796207113337,0.2380588216858445,CANDIDATE_GRAPH
466,ST010__ST026,10,ST010,은계호수공원,26,ST026,은계파크자이,1220.0,1.22,2.405341600576404,0.254629654,0.254629654,0.0,0.0,PRELIMINARY_POINT_BUFFER_PROXY,1.537591702,PRELIMINARY_90M,0.07286194126259582,0.5871726847699602,0.254629654,0.21831359945293588,0.23934066981384094,CANDIDATE_GRAPH
108,ST003__ST004,3,ST003,배곧한울공원,4,ST004,배곧중심상가,4685.0,4.685,2.9330495193194137,0.0,0.0,0.0,0.0,PRELIMINARY_POINT_BUFFER_PROXY,1.18657571,PRELIMINARY_90M,0.37128584962535527,0.432155396993838,0.0,0.16007470503198293,0.24039233252243936,CANDIDATE_GRAPH
878,ST020__ST043,20,ST020,시화공업단지[왼쪽부근],43,ST043,시흥종합버스터미널,792.0,0.792,2.422886141395766,0.407592084,0.407592084,0.0,0.0,PRELIMINARY_POINT_BUFFER_PROXY,0.610397046,PRELIMINARY_90M,0.036000344500904315,0.5820188732835356,0.407592084,0.0644778970657472,0.24057360079188575,CANDIDATE_GRAPH
1474,ST050__ST054,50,ST050,시흥한라3차아파트,54,ST054,시흥 프리미엄 아울렛,4969.0,4.969,4.404187534909858,0.286229319,0.286229319,0.0,0.0,PRELIMINARY_POINT_BUFFER_PROXY,1.464039357,PRELIMINARY_90M,0.3957454138317113,0.0,0.286229319,0.20611014618443493,0.24098474651876417,CANDIDATE_GRAPH
879,ST020__ST044,20,ST020,시화공업단지[왼쪽부근],44,ST044,경기과학기술대학교,406.0,0.406,2.506476981067469,0.352976565,0.352976565,0.0,0.0,PRELIMINARY_POINT_BUFFER_PROXY,1.876973273,PRELIMINARY_90M,0.0027560072345189906,0.5574635751942025,0.352976565,0.274622166391066,0.24189478377958207,CANDIDATE_GRAPH
115,ST003__ST011,3,ST003,배곧한울공원,11,ST011,배곧생명공원,4442.0,4.442,2.929381135965357,0.030002831,0.030002831,0.0,0.0,PRELIMINARY_POINT_BUFFER_PROXY,1.252044916,PRELIMINARY_90M,0.3503574196882267,0.43323300606103465,0.030002831,0.17093704254068998,0.24241296223418976,CANDIDATE_GRAPH
56,ST002__ST004,2,ST002,월곶포구,4,ST004,배곧중심상가,3192.0,3.192,3.5458499603414118,0.332930014,0.332930014,0.0,0.0,PRELIMINARY_POINT_BUFFER_PROXY,1.198313388,PRELIMINARY_90M,0.24270088708982862,0.2521416830789185,0.332930014,0.16202216442234924,0.2429094752605761,CANDIDATE_GRAPH
1408,ST043__ST044,43,ST043,시흥종합버스터미널,44,ST044,경기과학기술대학교,734.0,0.734,2.289035195013716,0.336285385,0.336285385,0.0,0.0,PRELIMINARY_POINT_BUFFER_PROXY,1.176164054,PRELIMINARY_90M,0.031005081388338643,0.6213383716981828,0.336285385,0.15834725286925844,0.24294288700594388,CANDIDATE_GRAPH
149,ST003__ST045,3,ST003,배곧한울공원,45,ST045,시흥중앙도서관,4063.0,4.063,3.6462280998642367,0.303337094,0.303337094,0.0,0.0,PRELIMINARY_POINT_BUFFER_PROXY,0.708093583,PRELIMINARY_90M,0.31771595900439237,0.22265501746680116,0.303337094,0.08068723918493967,0.24366894852263848,CANDIDATE_GRAPH
1220,ST032__ST043,32,ST032,희망공원,43,ST043,시흥종합버스터미널,3095.0,3.095,2.2048417647809075,0.071388765,0.071388765,0.0,0.0,PRELIMINARY_POINT_BUFFER_PROXY,0.910646818,PRELIMINARY_90M,0.2343467401601929,0.646070684289486,0.071388765,0.11429390308812581,0.24622677262718362,CANDIDATE_GRAPH
868,ST020__ST033,20,ST020,시화공업단지[왼쪽부근],33,ST033,타원산업단지,1990.0,1.99,1.8702031081023514,0.164715764,0.164715764,0.0,0.0,PRELIMINARY_POINT_BUFFER_PROXY,0.638115692,PRELIMINARY_90M,0.13917836534320902,0.7443727470421532,0.164715764,0.06907684222687185,0.24912744461258457,CANDIDATE_GRAPH
951,ST022__ST049,22,ST022,오이도박물관,49,ST049,거북섬 웨이브파크 정문,2432.0,2.432,2.198773004915802,0.078808855,0.078808855,0.0,0.0,PRELIMINARY_POINT_BUFFER_PROXY,1.80570442,PRELIMINARY_90M,0.17724571527000257,0.6478534179969773,0.078808855,0.26279757919285823,0.25072853457282507,CANDIDATE_GRAPH
166,ST004__ST011,4,ST004,배곧중심상가,11,ST011,배곧생명공원,2231.0,2.231,3.33315178950529,0.458588112,0.458588112,0.0,0.0,PRELIMINARY_POINT_BUFFER_PROXY,0.948297628,PRELIMINARY_90M,0.15993454482818018,0.3146230148665793,0.458588112,0.12054074539283013,0.25162983347210344,CANDIDATE_GRAPH
807,ST018__ST043,18,ST018,정왕역,43,ST043,시흥종합버스터미널,1406.0,1.406,2.6557306312689994,0.43367149,0.43367149,0.0,0.0,PRELIMINARY_POINT_BUFFER_PROXY,0.599226145,PRELIMINARY_90M,0.08888123331323745,0.5136194424397824,0.43367149,0.0626244746042261,0.2516438638382235,CANDIDATE_GRAPH
3,ST001__ST004,1,ST001,월곶역,4,ST004,배곧중심상가,4737.0,4.737,3.465738984511636,0.156110614,0.156110614,0.0,0.0,PRELIMINARY_POINT_BUFFER_PROXY,1.268327568,PRELIMINARY_90M,0.37576436138144864,0.2756747508104226,0.156110614,0.1736385822777203,0.2517259174872496,CANDIDATE_GRAPH
820,ST019__ST020,19,ST019,시화병원,20,ST020,시화공업단지[왼쪽부근],1979.0,1.979,2.8736363843131483,0.422822321,0.422822321,0.0,0.0,PRELIMINARY_POINT_BUFFER_PROXY,0.548112375,PRELIMINARY_90M,0.13823098785634313,0.4496083529185587,0.422822321,0.054143922372044954,0.2521296849392386,CANDIDATE_GRAPH
202,ST004__ST047,4,ST004,배곧중심상가,47,ST047,배곧2동행정복지센터,2617.0,2.617,4.125555851408769,0.591916562,0.591916562,0.0,0.0,PRELIMINARY_POINT_BUFFER_PROXY,1.078170272,PRELIMINARY_90M,0.1931788820945655,0.08184968678832416,0.591916562,0.14208859328144147,0.25327497558297896,CANDIDATE_GRAPH
137,ST003__ST033,3,ST003,배곧한울공원,33,ST033,타원산업단지,4416.0,4.416,2.7688580814682218,0.124574268,0.124574268,0.0,0.0,PRELIMINARY_POINT_BUFFER_PROXY,0.455012626,PRELIMINARY_90M,0.34811816381018,0.48038759224378025,0.124574268,0.03869725733056097,0.2548670313819032,CANDIDATE_GRAPH
784,ST018__ST020,18,ST018,정왕역,20,ST020,시화공업단지[왼쪽부근],1949.0,1.949,3.244027725944256,0.540858498,0.540858498,0.0,0.0,PRELIMINARY_POINT_BUFFER_PROXY,0.564911031,PRELIMINARY_90M,0.13564723107398158,0.34080372983808693,0.540858498,0.05693107502461671,0.2593915625972034,CANDIDATE_GRAPH
159,ST003__ST055,3,ST003,배곧한울공원,55,ST055,해양생태과학관,4683.0,4.683,2.979187730277081,0.0,0.0,0.0,0.0,PRELIMINARY_POINT_BUFFER_PROXY,2.085033623,PRELIMINARY_90M,0.3711135991731978,0.41860202765548005,0.0,0.30914254447354533,0.259981546912747,CANDIDATE_GRAPH
867,ST020__ST032,20,ST020,시화공업단지[왼쪽부근],32,ST032,희망공원,3417.0,3.417,2.3443302754970845,0.138210853,0.138210853,0.0,0.0,PRELIMINARY_POINT_BUFFER_PROXY,0.829933024,PRELIMINARY_90M,0.26207906295754024,0.6050951183767019,0.138210853,0.10090225645602437,0.2624347474288832,CANDIDATE_GRAPH
127,ST003__ST023,3,ST003,배곧한울공원,23,ST023,오이도역,4569.0,4.569,3.362496455886152,0.25196631,0.25196631,0.0,0.0,PRELIMINARY_POINT_BUFFER_PROXY,0.707990957,PRELIMINARY_90M,0.3612953234002239,0.3060028474757016,0.25196631,0.08067021196989801,0.2627460419807034,CANDIDATE_GRAPH
1420,ST044__ST045,44,ST044,경기과학기술대학교,45,ST045,시흥중앙도서관,1383.0,1.383,2.7968941464619532,0.482850734,0.482850734,0.0,0.0,PRELIMINARY_POINT_BUFFER_PROXY,0.927116456,PRELIMINARY_90M,0.08690035311342692,0.4721518341645844,0.482850734,0.11702646664788896,0.26311214391979965,CANDIDATE_GRAPH
63,ST002__ST011,2,ST002,월곶포구,11,ST011,배곧생명공원,3928.0,3.928,3.437997456052192,0.304495296,0.304495296,0.0,0.0,PRELIMINARY_POINT_BUFFER_PROXY,1.160746133,PRELIMINARY_90M,0.3060890534837654,0.28382398705988165,0.304495296,0.1557891851635865,0.2633881679058322,CANDIDATE_GRAPH
147,ST003__ST043,3,ST003,배곧한울공원,43,ST043,시흥종합버스터미널,4739.0,4.739,3.5517107534895764,0.285116743,0.285116743,0.0,0.0,PRELIMINARY_POINT_BUFFER_PROXY,0.649359863,PRELIMINARY_90M,0.37593661183360605,0.25042004081095814,0.285116743,0.07094242129632959,0.26358237124840317,CANDIDATE_GRAPH
252,ST005__ST047,5,ST005,배곧중·고등학교,47,ST047,배곧2동행정복지센터,3334.0,3.334,2.6812687086629072,0.216881735,0.216881735,0.0,0.0,PRELIMINARY_POINT_BUFFER_PROXY,0.993464254,PRELIMINARY_90M,0.2549306691930066,0.5061174828291513,0.216881735,0.12803457593877482,0.26387485092419877,CANDIDATE_GRAPH
1227,ST032__ST050,32,ST032,희망공원,50,ST050,시흥한라3차아파트,4271.0,4.271,3.200955888599408,0.219882908,0.219882908,0.0,0.0,PRELIMINARY_POINT_BUFFER_PROXY,1.156929234,PRELIMINARY_90M,0.3356300060287658,0.35345633399198484,0.219882908,0.15515590353841074,0.2664058814392266,CANDIDATE_GRAPH
1247,ST033__ST048,33,ST033,타원산업단지,48,ST048,정왕평생학습관 사거리,3608.0,3.608,2.731241808577759,0.220485387,0.220485387,0.0,0.0,PRELIMINARY_POINT_BUFFER_PROXY,0.925063471,PRELIMINARY_90M,0.2785289811385755,0.49143759242876095,0.220485387,0.11668584519647998,0.26839688541372564,CANDIDATE_GRAPH
797,ST018__ST033,18,ST018,정왕역,33,ST033,타원산업단지,3728.0,3.728,2.6919701197263484,0.201894718,0.201894718,0.0,0.0,PRELIMINARY_POINT_BUFFER_PROXY,0.876118982,PRELIMINARY_90M,0.2888640082680217,0.5029738807350543,0.201894718,0.10856520969176346,0.26845563999458294,CANDIDATE_GRAPH
1412,ST043__ST048,43,ST043,시흥종합버스터미널,48,ST048,정왕평생학습관 사거리,1307.0,1.307,3.0428754779308687,0.59325425,0.59325425,0.0,0.0,PRELIMINARY_POINT_BUFFER_PROXY,0.728620186,PRELIMINARY_90M,0.08035483593144432,0.3998933792626782,0.59325425,0.08409291497232037,0.2690303681743892,CANDIDATE_GRAPH
952,ST022__ST050,22,ST022,오이도박물관,50,ST050,시흥한라3차아파트,4574.0,4.574,3.4123151124351194,0.205257775,0.205257775,0.0,0.0,PRELIMINARY_POINT_BUFFER_PROXY,1.596050461,PRELIMINARY_90M,0.36172594953061754,0.291368325717403,0.205257775,0.22801279712761313,0.2703941107983387,CANDIDATE_GRAPH
843,ST019__ST043,19,ST019,시화병원,43,ST043,시흥종합버스터미널,1504.0,1.504,1.864455410627717,0.337651847,0.337651847,0.0,0.0,PRELIMINARY_POINT_BUFFER_PROXY,0.368706378,PRELIMINARY_90M,0.09732150546895185,0.7460611667944999,0.337651847,0.024377737480477956,0.2713443826451048,CANDIDATE_GRAPH
1441,ST046__ST047,46,ST046,배곧1동행정복지센터,47,ST047,배곧2동행정복지센터,3069.0,3.069,4.129648039445814,0.60945262,0.60945262,0.0,0.0,PRELIMINARY_POINT_BUFFER_PROXY,1.115499419,PRELIMINARY_90M,0.23210748428214625,0.08064758261660032,0.60945262,0.14828206679975695,0.2719726010420348,CANDIDATE_GRAPH
178,ST004__ST023,4,ST004,배곧중심상가,23,ST023,오이도역,1713.0,1.713,2.7144915430768712,0.4750888,0.4750888,0.0,0.0,PRELIMINARY_POINT_BUFFER_PROXY,0.778708558,PRELIMINARY_90M,0.11532167771940402,0.49635808089454436,0.4750888,0.09240333807300183,0.2722669040916506,CANDIDATE_GRAPH
988,ST023__ST054,23,ST023,오이도역,54,ST054,시흥 프리미엄 아울렛,4175.0,4.175,3.62850171203835,0.340947009,0.340947009,0.0,0.0,PRELIMINARY_POINT_BUFFER_PROXY,1.34126926,PRELIMINARY_90M,0.32736198432520885,0.2278622475750438,0.340947009,0.18574071892132277,0.27324700411703023,CANDIDATE_GRAPH
833,ST019__ST033,19,ST019,시화병원,33,ST033,타원산업단지,3836.0,3.836,2.7436795030655845,0.224557843,0.224557843,0.0,0.0,PRELIMINARY_POINT_BUFFER_PROXY,0.855941648,PRELIMINARY_90M,0.2981655326845233,0.48778394692296034,0.224557843,0.10521748294624725,0.2738368090161123,CANDIDATE_GRAPH
1381,ST041__ST042,41,ST041,연꽃테마파크,42,ST042,시흥시청역,3357.0,3.357,2.4375560527901543,0.0,0.0,0.0,0.0,PRELIMINARY_POINT_BUFFER_PROXY,2.986825232,PRELIMINARY_90M,0.25691154939281713,0.5777095010048499,0.0,0.458763494809769,0.2742754667099213,CANDIDATE_GRAPH
187,ST004__ST032,4,ST004,배곧중심상가,32,ST032,희망공원,5657.0,5.657,3.382880136450011,0.171375946,0.171375946,0.0,0.0,PRELIMINARY_POINT_BUFFER_PROXY,0.759506429,PRELIMINARY_90M,0.4549995693738696,0.30001502208276287,0.171375946,0.08921741267650729,0.275479452098883,CANDIDATE_GRAPH
1246,ST033__ST047,33,ST033,타원산업단지,47,ST047,배곧2동행정복지센터,5822.0,5.822,2.832765178273928,0.030351918,0.030351918,0.0,0.0,PRELIMINARY_POINT_BUFFER_PROXY,0.750301445,PRELIMINARY_90M,0.46921023167685816,0.4616145087545951,0.030351918,0.08769016576029681,0.27728798720186393,CANDIDATE_GRAPH
10,ST001__ST011,1,ST001,월곶역,11,ST011,배곧생명공원,5473.0,5.473,3.399135690853287,0.159476951,0.159476951,0.0,0.0,PRELIMINARY_POINT_BUFFER_PROXY,1.230120641,PRELIMINARY_90M,0.43915252777538544,0.29523985789554474,0.159476951,0.16729947170038212,0.2777155148055512,CANDIDATE_GRAPH
123,ST003__ST019,3,ST003,배곧한울공원,19,ST019,시화병원,4589.0,4.589,3.3569912039784113,0.314662169,0.314662169,0.0,0.0,PRELIMINARY_POINT_BUFFER_PROXY,0.732725069,PRELIMINARY_90M,0.3630178279217983,0.30762004742467164,0.314662169,0.08477397752529763,0.27996188813635836,CANDIDATE_GRAPH
124,ST003__ST020,3,ST003,배곧한울공원,20,ST020,시화공업단지[왼쪽부근],5193.0,5.193,3.656428711169751,0.322906619,0.322906619,0.0,0.0,PRELIMINARY_POINT_BUFFER_PROXY,0.631602774,PRELIMINARY_90M,0.4150374644733442,0.21965852823085064,0.322906619,0.0679962500247527,0.2801209104655535,CANDIDATE_GRAPH
153,ST003__ST049,3,ST003,배곧한울공원,49,ST049,거북섬 웨이브파크 정문,5138.0,5.138,2.9650251146495297,0.037330956,0.037330956,0.0,0.0,PRELIMINARY_POINT_BUFFER_PROXY,1.978649013,PRELIMINARY_90M,0.41030057703901474,0.422762378835406,0.037330956,0.29149171883878544,0.2812141745565542,CANDIDATE_GRAPH
1248,ST033__ST049,33,ST033,타원산업단지,49,ST049,거북섬 웨이브파크 정문,6473.0,6.473,3.047600158788452,0.029639496,0.029639496,0.0,0.0,PRELIMINARY_POINT_BUFFER_PROXY,0.648130457,PRELIMINARY_90M,0.5252777538541039,0.39850547662537295,0.029639496,0.07073844413327633,0.2815689497940024,CANDIDATE_GRAPH
148,ST003__ST044,3,ST003,배곧한울공원,44,ST044,경기과학기술대학교,4512.0,4.512,3.1706580906619517,0.229161108,0.229161108,0.0,0.0,PRELIMINARY_POINT_BUFFER_PROXY,1.318416395,PRELIMINARY_90M,0.35638618551373696,0.3623564893526261,0.229161108,0.18194908086982542,0.281789101930807,CANDIDATE_GRAPH
109,ST003__ST005,3,ST003,배곧한울공원,5,ST005,배곧중·고등학교,4928.0,4.928,2.777738601711209,0.110945923,0.110945923,0.0,0.0,PRELIMINARY_POINT_BUFFER_PROXY,1.138942822,PRELIMINARY_90M,0.39221427956248384,0.4777788874788641,0.110945923,0.1521716840915664,0.2833930087063771,CANDIDATE_GRAPH
947,ST022__ST045,22,ST022,오이도박물관,45,ST045,시흥중앙도서관,5639.0,5.639,3.6640196738093724,0.218388661,0.218388661,0.0,0.0,PRELIMINARY_POINT_BUFFER_PROXY,1.321126041,PRELIMINARY_90M,0.45344931530445265,0.21742863855474548,0.218388661,0.18239865237342848,0.2841499511735218,CANDIDATE_GRAPH
883,ST020__ST048,20,ST020,시화공업단지[왼쪽부근],48,ST048,정왕평생학습관 사거리,2009.0,2.009,2.934480706161243,0.546394757,0.546394757,0.0,0.0,PRELIMINARY_POINT_BUFFER_PROXY,0.706491352,PRELIMINARY_90M,0.14081474463870466,0.4317349774878171,0.546394757,0.08042140468117445,0.28429405607328617,CANDIDATE_GRAPH
809,ST018__ST045,18,ST018,정왕역,45,ST045,시흥중앙도서관,934.0,0.934,2.8758540739318326,0.653957282,0.653957282,0.0,0.0,PRELIMINARY_POINT_BUFFER_PROXY,0.795146929,PRELIMINARY_90M,0.04823012660408234,0.4489568936214601,0.653957282,0.09513071396168056,0.2844308506299729,CANDIDATE_GRAPH
796,ST018__ST032,18,ST018,정왕역,32,ST032,희망공원,3868.0,3.868,2.4031752148338352,0.194564581,0.194564581,0.0,0.0,PRELIMINARY_POINT_BUFFER_PROXY,0.885911753,PRELIMINARY_90M,0.3009215399190423,0.5878090732533656,0.194564581,0.11018997941552457,0.2880539957846666,CANDIDATE_GRAPH
125,ST003__ST021,3,ST003,배곧한울공원,21,ST021,오이도 포구 해양관광 단지,3868.0,3.868,3.0553772480821526,0.133587529,0.0,0.133587529,0.0,PRELIMINARY_POINT_BUFFER_PROXY,3.056247109,PRELIMINARY_90M,0.3009215399190423,0.39622091115594826,0.133587529,0.47028164058447025,0.288505849540525,CANDIDATE_GRAPH
4,ST001__ST005,1,ST001,월곶역,5,ST005,배곧중·고등학교,4449.0,4.449,3.024333047970285,0.232362051,0.232362051,0.0,0.0,PRELIMINARY_POINT_BUFFER_PROXY,1.296898482,PRELIMINARY_90M,0.35096029627077774,0.4053403265211448,0.232362051,0.1783789316688561,0.2887515214993296,CANDIDATE_GRAPH
507,ST011__ST023,11,ST011,배곧생명공원,23,ST023,오이도역,1921.0,1.921,2.767167983295987,0.54035387,0.54035387,0.0,0.0,PRELIMINARY_POINT_BUFFER_PROXY,0.683327862,PRELIMINARY_90M,0.13323572474377746,0.4808840684675202,0.54035387,0.0765782292154515,0.2893845192361439,CANDIDATE_GRAPH
262,ST006__ST008,6,ST006,시흥시청 본청,8,ST008,시흥능곡역,1951.0,1.951,2.023517683433672,0.1397711,0.1397711,0.0,0.0,PRELIMINARY_POINT_BUFFER_PROXY,2.968420709,PRELIMINARY_90M,0.135819481526139,0.699335693777877,0.1397711,0.45570990438570363,0.2907032179475796,CANDIDATE_GRAPH
228,ST005__ST023,5,ST005,배곧중·고등학교,23,ST023,오이도역,2833.0,2.833,3.4219570564133965,0.577933199,0.577933199,0.0,0.0,PRELIMINARY_POINT_BUFFER_PROXY,0.880019596,PRELIMINARY_90M,0.2117819309275687,0.28853594827656015,0.577933199,0.10921238090931554,0.29269602236635844,CANDIDATE_GRAPH
1232,ST032__ST055,32,ST032,희망공원,55,ST055,해양생태과학관,4731.0,4.731,2.4224255655753963,0.0,0.0,0.0,0.0,PRELIMINARY_POINT_BUFFER_PROXY,2.046498134,PRELIMINARY_90M,0.3752476100249763,0.5821541701247486,0.0,0.30274892046073737,0.29317983560280203,CANDIDATE_GRAPH
434,ST009__ST039,9,ST009,능곡중앙공원,39,ST039,능곡힐스테이트,792.0,0.792,2.0,0.496869839,0.318845713,0.496869839,0.0,PRELIMINARY_POINT_BUFFER_PROXY,0.848295282,PRELIMINARY_90M,0.036000344500904315,0.7062441508450915,0.496869839,0.10394883447345071,0.29365873566535244,CANDIDATE_GRAPH
154,ST003__ST050,3,ST003,배곧한울공원,50,ST050,시흥한라3차아파트,2180.0,2.18,2.3816694054634513,0.421831523,0.421831523,0.0,0.0,PRELIMINARY_POINT_BUFFER_PROXY,0.87801536,PRELIMINARY_90M,0.15554215829816553,0.5941265305467263,0.421831523,0.10887984765881147,0.29505491941252493,CANDIDATE_GRAPH
283,ST006__ST029,6,ST006,시흥시청 본청,29,ST029,관곡공원,3470.0,3.47,2.475229440723157,0.075912866,0.075912866,0.0,0.0,PRELIMINARY_POINT_BUFFER_PROXY,3.041565706,PRELIMINARY_90M,0.2666436999397123,0.5666427229420483,0.075912866,0.4678457724224623,0.2958089219306783,CANDIDATE_GRAPH
935,ST022__ST033,22,ST022,오이도박물관,33,ST033,타원산업단지,4913.0,4.913,2.071261974418769,0.0,0.0,0.0,0.0,PRELIMINARY_POINT_BUFFER_PROXY,1.146746424,PRELIMINARY_90M,0.39092240117130306,0.6853105290372506,0.0,0.1534664204093953,0.2969049092788155,CANDIDATE_GRAPH
175,ST004__ST020,4,ST004,배곧중심상가,20,ST020,시화공업단지[왼쪽부근],5086.0,5.086,4.0907536789867915,0.503240937,0.503240937,0.0,0.0,PRELIMINARY_POINT_BUFFER_PROXY,0.713569367,PRELIMINARY_90M,0.40582206528292136,0.09207302850057764,0.503240937,0.08159575507457452,0.29850192606032416,CANDIDATE_GRAPH
152,ST003__ST048,3,ST003,배곧한울공원,48,ST048,정왕평생학습관 사거리,4872.0,4.872,3.339952815767692,0.354358738,0.354358738,0.0,0.0,PRELIMINARY_POINT_BUFFER_PROXY,0.713851516,PRELIMINARY_90M,0.3873912669020756,0.3126251736217426,0.354358738,0.08164256788708586,0.29894804782313783,CANDIDATE_GRAPH
966,ST023__ST032,23,ST023,오이도역,32,ST032,희망공원,4753.0,4.753,3.3059758975034406,0.337259679,0.337259679,0.0,0.0,PRELIMINARY_POINT_BUFFER_PROXY,0.950310486,PRELIMINARY_90M,0.3771423649987081,0.32260609209812463,0.337259679,0.12087470916433367,0.2989671722938228,CANDIDATE_GRAPH
201,ST004__ST046,4,ST004,배곧중심상가,46,ST046,배곧1동행정복지센터,1366.0,1.366,1.7736075257466517,0.433248274,0.433248274,0.0,0.0,PRELIMINARY_POINT_BUFFER_PROXY,0.471065796,PRELIMINARY_90M,0.0854362242700887,0.7727482643616645,0.433248274,0.041360722511804365,0.29896850824363463,CANDIDATE_GRAPH
531,ST011__ST047,11,ST011,배곧생명공원,47,ST047,배곧2동행정복지센터,1641.0,1.641,2.998166187785597,0.680414776,0.680414776,0.0,0.0,PRELIMINARY_POINT_BUFFER_PROXY,0.575466479,PRELIMINARY_90M,0.10912066144173628,0.4130269947544156,0.680414776,0.058682384468198595,0.2997036821257206,CANDIDATE_GRAPH
916,ST021__ST047,21,ST021,오이도 포구 해양관광 단지,47,ST047,배곧2동행정복지센터,3762.0,3.762,2.469042411414725,0.254750012,0.237212965,0.071741573,0.0,PRELIMINARY_POINT_BUFFER_PROXY,1.099645611,PRELIMINARY_90M,0.29179226595469815,0.5684601989902931,0.254750012,0.14565167880796975,0.30135458770339846,CANDIDATE_GRAPH
1146,ST029__ST041,29,ST029,관곡공원,41,ST041,연꽃테마파크,3138.0,3.138,1.7569046050067059,0.0,0.0,0.0,0.0,PRELIMINARY_POINT_BUFFER_PROXY,2.735579863,PRELIMINARY_90M,0.2380501248815778,0.7776548450269946,0.0,0.4170780649364076,0.3014102224544123,CANDIDATE_GRAPH
1433,ST045__ST048,45,ST045,시흥중앙도서관,48,ST048,정왕평생학습관 사거리,800.0,0.8,1.9695451677354328,0.559341505,0.559341505,0.0,0.0,PRELIMINARY_POINT_BUFFER_PROXY,0.477205873,PRELIMINARY_90M,0.03668934630953406,0.7151904359578398,0.559341505,0.042379454718568105,0.3020716528576901,CANDIDATE_GRAPH
1225,ST032__ST048,32,ST032,희망공원,48,ST048,정왕평생학습관 사거리,4339.0,4.339,3.4681877374468693,0.435644018,0.435644018,0.0,0.0,PRELIMINARY_POINT_BUFFER_PROXY,0.974972519,PRELIMINARY_90M,0.34148652140211866,0.2749554153125626,0.435644018,0.12496651571681991,0.30216734741077705,CANDIDATE_GRAPH
1432,ST045__ST047,45,ST045,시흥중앙도서관,47,ST047,배곧2동행정복지센터,2631.0,2.631,3.7177601555393682,0.731797829,0.731797829,0.0,0.0,PRELIMINARY_POINT_BUFFER_PROXY,0.662398958,PRELIMINARY_90M,0.19438463525966757,0.20164205771015675,0.731797829,0.07310580557042778,0.3022783619684792,CANDIDATE_GRAPH
925,ST022__ST023,22,ST022,오이도박물관,23,ST023,오이도역,6145.0,6.145,3.451768155847177,0.187192651,0.187192651,0.0,0.0,PRELIMINARY_POINT_BUFFER_PROXY,1.271537161,PRELIMINARY_90M,0.4970286797002842,0.27977876344814856,0.187192651,0.17417110259622826,0.3028396187241634,CANDIDATE_GRAPH
157,ST003__ST053,3,ST003,배곧한울공원,53,ST053,오이도 빨강등대,2485.0,2.485,2.0743268960726615,0.321268247,0.295693025,0.112820736,0.0,PRELIMINARY_POINT_BUFFER_PROXY,1.113752047,PRELIMINARY_90M,0.18181035225217465,0.6844101903742181,0.321268247,0.14799215119550682,0.30303154579243086,CANDIDATE_GRAPH
808,ST018__ST044,18,ST018,정왕역,44,ST044,경기과학기술대학교,2142.0,2.142,2.829382375187232,0.547101756,0.547101756,0.0,0.0,PRELIMINARY_POINT_BUFFER_PROXY,1.086960451,PRELIMINARY_90M,0.15226939970717424,0.4626082269478513,0.547101756,0.14354701773613776,0.30412342694750194,CANDIDATE_GRAPH
1379,ST040__ST054,40,ST040,갯골생태공원,54,ST054,시흥 프리미엄 아울렛,5042.0,5.042,2.505555704817685,0.080180898,0.080180898,0.0,0.0,PRELIMINARY_POINT_BUFFER_PROXY,1.509985427,PRELIMINARY_90M,0.40203255533545773,0.5577342054812642,0.080180898,0.2137332983506408,0.3043634547162592,CANDIDATE_GRAPH
102,ST002__ST050,2,ST002,월곶포구,50,ST050,시흥한라3차아파트,4747.0,4.747,3.523226276440958,0.399957822,0.399957822,0.0,0.0,PRELIMINARY_POINT_BUFFER_PROXY,1.080085862,PRELIMINARY_90M,0.3766256136422358,0.25878752255410853,0.399957822,0.14240641881163507,0.3049268876073495,CANDIDATE_GRAPH
1411,ST043__ST047,43,ST043,시흥종합버스터미널,47,ST047,배곧2동행정복지센터,3278.0,3.278,3.627036078528638,0.64859462,0.64859462,0.0,0.0,PRELIMINARY_POINT_BUFFER_PROXY,0.612741743,PRELIMINARY_90M,0.2501076565325984,0.22829278599123903,0.64859462,0.06486691797688598,0.3050749296811902,CANDIDATE_GRAPH
845,ST019__ST045,19,ST019,시화병원,45,ST045,시흥중앙도서관,859.0,0.859,2.0563818251978376,0.590542959,0.590542959,0.0,0.0,PRELIMINARY_POINT_BUFFER_PROXY,0.427687423,PRELIMINARY_90M,0.04177073464817845,0.6896816599071971,0.590542959,0.03416359035008874,0.3053163674108152,CANDIDATE_GRAPH
823,ST019__ST023,19,ST019,시화병원,23,ST023,오이도역,1664.0,1.664,2.9999999999999996,0.714416548,0.714416548,0.0,0.0,PRELIMINARY_POINT_BUFFER_PROXY,0.445157056,PRELIMINARY_90M,0.11110154164154681,0.41248830169018313,0.714416548,0.03706206829709861,0.3055466471571428,CANDIDATE_GRAPH
30,ST001__ST031,1,ST001,월곶역,31,ST031,마전저수지,4726.0,4.726,2.1733816526852707,0.0,0.0,0.0,0.0,PRELIMINARY_POINT_BUFFER_PROXY,1.971254241,PRELIMINARY_90M,0.37481698389458273,0.6553122762326484,0.0,0.2902648136390502,0.3057881216554912,CANDIDATE_GRAPH
1194,ST031__ST040,31,ST031,마전저수지,40,ST040,갯골생태공원,2402.0,2.402,2.2619856904966325,0.142177716,0.142177716,0.0,0.0,PRELIMINARY_POINT_BUFFER_PROXY,3.572654596,PRELIMINARY_90M,0.17466195848764102,0.6292843218668183,0.142177716,0.5559615007589965,0.3059272039578875,CANDIDATE_GRAPH
1230,ST032__ST053,32,ST032,희망공원,53,ST053,오이도 빨강등대,4261.0,4.261,2.5365996710680383,0.114060629,0.001306683,0.112753945,0.0,PRELIMINARY_POINT_BUFFER_PROXY,2.285603339,PRELIMINARY_90M,0.33476875376797866,0.5486148588142554,0.114060629,0.3424201123917743,0.30677020969040975,CANDIDATE_GRAPH
1457,ST047__ST055,47,ST047,배곧2동행정복지센터,55,ST055,해양생태과학관,6114.0,6.114,2.977813567325743,0.02886443,0.02886443,0.0,0.0,PRELIMINARY_POINT_BUFFER_PROXY,1.944409084,PRELIMINARY_90M,0.49435879769184393,0.4190056960601276,0.02886443,0.28581079359475287,0.3069144449433839,CANDIDATE_GRAPH
844,ST019__ST044,19,ST019,시화병원,44,ST044,경기과학기술대학교,2250.0,2.25,2.9108230402575663,0.569009941,0.569009941,0.0,0.0,PRELIMINARY_POINT_BUFFER_PROXY,1.047408429,PRELIMINARY_90M,0.16157092412367582,0.4386845552243748,0.569009941,0.13698473543022732,0.3070869300526956,CANDIDATE_GRAPH
255,ST005__ST050,5,ST005,배곧중·고등학교,50,ST050,시흥한라3차아파트,2030.0,2.03,2.6294778279819995,0.56702246,0.56702246,0.0,0.0,PRELIMINARY_POINT_BUFFER_PROXY,0.693706726,PRELIMINARY_90M,0.14262337438635778,0.5213313569620519,0.56702246,0.07830024068638594,0.30768510353059353,CANDIDATE_GRAPH
57,ST002__ST005,2,ST002,월곶포구,5,ST005,배곧중·고등학교,2904.0,2.904,2.877154091987604,0.467373807,0.467373807,0.0,0.0,PRELIMINARY_POINT_BUFFER_PROXY,1.233991083,PRELIMINARY_90M,0.2178968219791577,0.4485750057135701,0.467373807,0.16794163692401223,0.3080135861240211,CANDIDATE_GRAPH
1221,ST032__ST044,32,ST032,희망공원,44,ST044,경기과학기술대학교,3013.0,3.013,1.8686990225704272,0.253343793,0.253343793,0.0,0.0,PRELIMINARY_POINT_BUFFER_PROXY,0.950254229,PRELIMINARY_90M,0.227284471621738,0.7448145809647851,0.253343793,0.12086537527198087,0.30997823580136247,CANDIDATE_GRAPH
1431,ST045__ST046,45,ST045,시흥중앙도서관,46,ST046,배곧1동행정복지센터,4713.0,4.713,3.902855407896959,0.537115466,0.537115466,0.0,0.0,PRELIMINARY_POINT_BUFFER_PROXY,0.879566094,PRELIMINARY_90M,0.37369735595555936,0.14726924467931057,0.537115466,0.10913713802665595,0.3108973607243063,CANDIDATE_GRAPH
901,ST021__ST032,21,ST021,오이도 포구 해양관광 단지,32,ST032,희망공원,3877.0,3.877,2.5776472870139315,0.138295622,0.0,0.138295622,0.0,PRELIMINARY_POINT_BUFFER_PROXY,2.773693265,PRELIMINARY_90M,0.30169666695375075,0.5365568815362849,0.138295622,0.42340165829309245,0.31098936398503363,CANDIDATE_GRAPH
45,ST001__ST046,1,ST001,월곶역,46,ST046,배곧1동행정복지센터,4670.0,4.67,2.9757922070900085,0.286688266,0.286688266,0.0,0.0,PRELIMINARY_POINT_BUFFER_PROXY,1.278413692,PRELIMINARY_90M,0.3699939712341745,0.4195994824526238,0.286688266,0.17531202372808202,0.31138665648169817,CANDIDATE_GRAPH
1455,ST047__ST053,47,ST047,배곧2동행정복지센터,53,ST053,오이도 빨강등대,3916.0,3.916,2.403030548620091,0.248901852,0.232677883,0.071569275,0.0,PRELIMINARY_POINT_BUFFER_PROXY,1.249750909,PRELIMINARY_90M,0.30505555077082075,0.5878515697998281,0.248901852,0.17055643187189196,0.3121486845105366,CANDIDATE_GRAPH
1254,ST033__ST055,33,ST033,타원산업단지,55,ST055,해양생태과학관,6669.0,6.669,2.6513319891233778,0.0,0.0,0.0,0.0,PRELIMINARY_POINT_BUFFER_PROXY,1.019873464,PRELIMINARY_90M,0.5421582981655327,0.5149115692983981,0.0,0.13241626574204388,0.31260015807892266,CANDIDATE_GRAPH
945,ST022__ST043,22,ST022,오이도박물관,43,ST043,시흥종합버스터미널,5950.0,5.95,2.5472433575560016,0.037132252,0.037132252,0.0,0.0,PRELIMINARY_POINT_BUFFER_PROXY,1.30121079,PRELIMINARY_90M,0.4802342606149341,0.5454882136518451,0.037132252,0.17909440918568284,0.31332685832344837,CANDIDATE_GRAPH
1143,ST029__ST038,29,ST029,관곡공원,38,ST038,능곡도서관,4223.0,4.223,2.511994530716733,0.118739746,0.102463148,0.021842811,0.0,PRELIMINARY_POINT_BUFFER_PROXY,2.578907523,PRELIMINARY_90M,0.33149599517698736,0.5558427627117288,0.118739746,0.39108373967517096,0.31553964830556697,CANDIDATE_GRAPH
75,ST002__ST023,2,ST002,월곶포구,23,ST023,오이도역,4306.0,4.306,3.2745199097294737,0.435659498,0.435659498,0.0,0.0,PRELIMINARY_POINT_BUFFER_PROXY,1.096657756,PRELIMINARY_90M,0.338644388941521,0.33184647249767263,0.435659498,0.14515594819780964,0.3155830973587383,CANDIDATE_GRAPH
516,ST011__ST032,11,ST011,배곧생명공원,32,ST032,희망공원,5259.0,5.259,3.441392197250164,0.37181668,0.37181668,0.0,0.0,PRELIMINARY_POINT_BUFFER_PROXY,0.983456995,PRELIMINARY_90M,0.42072172939453967,0.28282676197661016,0.37181668,0.1263742193919878,0.31572826059220904,CANDIDATE_GRAPH
292,ST006__ST038,6,ST006,시흥시청 본청,38,ST038,능곡도서관,2199.0,2.199,2.084117616972949,0.214672193,0.183407351,0.04195668,0.0,PRELIMINARY_POINT_BUFFER_PROXY,3.091529972,PRELIMINARY_90M,0.15717853759366118,0.6815341088423155,0.214672193,0.4761356044492447,0.3164076988436312,CANDIDATE_GRAPH
1223,ST032__ST046,32,ST032,희망공원,46,ST046,배곧1동행정복지센터,6177.0,6.177,3.771236322539583,0.329159995,0.329159995,0.0,0.0,PRELIMINARY_POINT_BUFFER_PROXY,1.116068504,PRELIMINARY_90M,0.4997846869348032,0.18593312086345892,0.329159995,0.14837648666092254,0.31665773634901123,CANDIDATE_GRAPH
1435,ST045__ST050,45,ST045,시흥중앙도서관,50,ST050,시흥한라3차아파트,2833.0,2.833,3.6569644058701334,0.750888061,0.750888061,0.0,0.0,PRELIMINARY_POINT_BUFFER_PROXY,0.66329661,PRELIMINARY_90M,0.2117819309275687,0.21950116477925208,0.750888061,0.07325473969663919,0.31673413498499536,CANDIDATE_GRAPH
1322,ST037__ST045,37,ST037,군자동행정복지센터,45,ST045,시흥중앙도서관,5556.0,5.556,3.4490973986733664,0.318446298,0.318446298,0.0,0.0,PRELIMINARY_POINT_BUFFER_PROXY,1.229092844,PRELIMINARY_90M,0.446300921539919,0.28056331398962786,0.318446298,0.16712894453827729,0.3169989015176388,CANDIDATE_GRAPH
1208,ST031__ST054,31,ST031,마전저수지,54,ST054,시흥 프리미엄 아울렛,4873.0,4.873,2.554776513686962,0.082913841,0.082913841,0.0,0.0,PRELIMINARY_POINT_BUFFER_PROXY,2.312195954,PRELIMINARY_90M,0.38747739212815435,0.5432753049757784,0.082913841,0.3468322318753847,0.31702544327131743,CANDIDATE_GRAPH
1456,ST047__ST054,47,ST047,배곧2동행정복지센터,54,ST054,시흥 프리미엄 아울렛,4676.0,4.676,2.493630104144614,0.19531706,0.19531706,0.0,0.0,PRELIMINARY_POINT_BUFFER_PROXY,1.283984,PRELIMINARY_90M,0.3705107225906468,0.5612374204336645,0.19531706,0.17623622258767185,0.3171909353816101,CANDIDATE_GRAPH
1320,ST037__ST043,37,ST037,군자동행정복지센터,43,ST043,시흥종합버스터미널,5459.0,5.459,3.293489234867605,0.297239452,0.297239452,0.0,0.0,PRELIMINARY_POINT_BUFFER_PROXY,1.231122529,PRELIMINARY_90M,0.43794677461028336,0.32627412228382535,0.297239452,0.1674657001651343,0.31796591359513443,CANDIDATE_GRAPH
1414,ST043__ST050,43,ST043,시흥종합버스터미널,50,ST050,시흥한라3차아파트,3480.0,3.48,3.582820694081797,0.668947502,0.668947502,0.0,0.0,PRELIMINARY_POINT_BUFFER_PROXY,0.615837167,PRELIMINARY_90M,0.2675049522004995,0.24128131379513162,0.668947502,0.06538049592100452,0.3189269459173518,CANDIDATE_GRAPH
1236,ST033__ST037,33,ST033,타원산업단지,37,ST037,군자동행정복지센터,6377.0,6.377,2.6778195613261624,0.052201447,0.052201447,0.0,0.0,PRELIMINARY_POINT_BUFFER_PROXY,1.167165179,PRELIMINARY_90M,0.5170097321505469,0.5071306900339172,0.052201447,0.15685420257247207,0.3189580363953457,CANDIDATE_GRAPH
49,ST001__ST050,1,ST001,월곶역,50,ST050,시흥한라3차아파트,6292.0,6.292,3.4684809422228047,0.250376476,0.250376476,0.0,0.0,PRELIMINARY_POINT_BUFFER_PROXY,1.158846195,PRELIMINARY_90M,0.5096890879338558,0.27486928469463145,0.250376476,0.1554739565383666,0.3192802501965308,CANDIDATE_GRAPH
832,ST019__ST032,19,ST019,시화병원,32,ST032,희망공원,3411.0,3.411,2.341371222142413,0.388053631,0.388053631,0.0,0.0,PRELIMINARY_POINT_BUFFER_PROXY,0.618345546,PRELIMINARY_90M,0.26156231160106796,0.6059643576075981,0.388053631,0.0657966741666633,0.3196225894568929,CANDIDATE_GRAPH
636,ST014__ST026,14,ST014,시흥대야역,26,ST026,은계파크자이,2742.0,2.742,2.689120979304191,0.480816193,0.434350308,0.046465885,0.0,PRELIMINARY_POINT_BUFFER_PROXY,1.352474425,PRELIMINARY_90M,0.2039445353544053,0.5038108323991268,0.480816193,0.1875998263018331,0.32048677604914216,CANDIDATE_GRAPH
22,ST001__ST023,1,ST001,월곶역,23,ST023,오이도역,5851.0,5.851,3.2813856216322828,0.265377551,0.265377551,0.0,0.0,PRELIMINARY_POINT_BUFFER_PROXY,1.177724274,PRELIMINARY_90M,0.471707863233141,0.3298296294676101,0.265377551,0.1586061171088497,0.3211989833414488,CANDIDATE_GRAPH
250,ST005__ST045,5,ST005,배곧중·고등학교,45,ST045,시흥중앙도서관,4916.0,4.916,3.972125654970632,0.577746462,0.577746462,0.0,0.0,PRELIMINARY_POINT_BUFFER_PROXY,0.813962468,PRELIMINARY_90M,0.3911807768495392,0.1269207044290135,0.577746462,0.09825249819450357,0.321471903012317,CANDIDATE_GRAPH
454,ST010__ST014,10,ST010,은계호수공원,14,ST014,시흥대야역,1525.0,1.525,2.792670740390496,0.667821134,0.57752438,0.090296754,0.0,PRELIMINARY_POINT_BUFFER_PROXY,1.2539899,PRELIMINARY_90M,0.09913013521660495,0.47339248440143145,0.667821134,0.1712597449827669,0.322018289453513,CANDIDATE_GRAPH
1475,ST050__ST055,50,ST050,시흥한라3차아파트,55,ST055,해양생태과학관,6177.0,6.177,3.092450020662885,0.125600025,0.125600025,0.0,0.0,PRELIMINARY_POINT_BUFFER_PROXY,1.783196728,PRELIMINARY_90M,0.4997846869348032,0.3853305673659684,0.125600025,0.2590632105944972,0.32225024173954936,CANDIDATE_GRAPH
1144,ST029__ST039,29,ST029,관곡공원,39,ST039,능곡힐스테이트,4321.0,4.321,2.5005444574442675,0.134141311,0.069883904,0.064257407,0.0,PRELIMINARY_POINT_BUFFER_PROXY,2.555414981,PRELIMINARY_90M,0.33993626733270177,0.5592062887087678,0.134141311,0.3871859694755221,0.3224321744795275,CANDIDATE_GRAPH
216,ST005__ST011,5,ST005,배곧중·고등학교,11,ST011,배곧생명공원,1035.0,1.035,2.302250274330589,0.657889333,0.657889333,0.0,0.0,PRELIMINARY_POINT_BUFFER_PROXY,0.815151569,PRELIMINARY_90M,0.0569287744380329,0.6174563648518054,0.657889333,0.09844978814474278,0.3226561454953841,CANDIDATE_GRAPH
468,ST010__ST028,10,ST010,은계호수공원,28,ST028,매화산업단지,3734.0,3.734,2.2597817465071626,0.156648005,0.156648005,0.0,0.0,PRELIMINARY_POINT_BUFFER_PROXY,2.499811713,PRELIMINARY_90M,0.289380759624494,0.6299317433049347,0.156648005,0.3779605412092454,0.3231256969609467,CANDIDATE_GRAPH
385,ST008__ST036,8,ST008,시흥능곡역,36,ST036,시흥시립군자도서관,4468.0,4.468,3.322939983305055,0.221339234,0.221339234,0.0,0.0,PRELIMINARY_POINT_BUFFER_PROXY,3.518784026,PRELIMINARY_90M,0.3525966755662734,0.3176227926683346,0.221339234,0.5470235534570783,0.3243217365004244,CANDIDATE_GRAPH
452,ST010__ST012,10,ST010,은계호수공원,12,ST012,신천역,2361.0,2.361,2.79221465563128,0.473443851,0.473443851,0.0,0.0,PRELIMINARY_POINT_BUFFER_PROXY,2.295026039,PRELIMINARY_90M,0.17113082421841358,0.4735264619671615,0.473443851,0.34398348170533055,0.3245595658756767,CANDIDATE_GRAPH
981,ST023__ST047,23,ST023,오이도역,47,ST047,배곧2동행정복지센터,3445.0,3.445,3.720252557069112,0.68437309,0.68437309,0.0,0.0,PRELIMINARY_POINT_BUFFER_PROXY,1.070800265,PRELIMINARY_90M,0.2644905692877444,0.20090990018235189,0.68437309,0.14086579697205084,0.32497682133298855,CANDIDATE_GRAPH
595,ST013__ST026,13,ST013,삼미시장,26,ST026,은계파크자이,1938.0,1.938,2.6326125397405407,0.511569918,0.511569918,0.0,0.0,PRELIMINARY_POINT_BUFFER_PROXY,2.070334106,PRELIMINARY_90M,0.13469985358711567,0.5204105170475657,0.511569918,0.3067036709232997,0.3251250823034985,CANDIDATE_GRAPH
1439,ST045__ST054,45,ST045,시흥중앙도서관,54,ST054,시흥 프리미엄 아울렛,6917.0,6.917,4.195062440228731,0.369304599,0.369304599,0.0,0.0,PRELIMINARY_POINT_BUFFER_PROXY,1.195975935,PRELIMINARY_90M,0.5635173542330548,0.06143171976765516,0.369304599,0.1616343454010411,0.3260887194952564,CANDIDATE_GRAPH
1451,ST047__ST049,47,ST047,배곧2동행정복지센터,49,ST049,거북섬 웨이브파크 정문,6569.0,6.569,2.966831098730792,0.056069655,0.056069655,0.0,0.0,PRELIMINARY_POINT_BUFFER_PROXY,1.870627643,PRELIMINARY_90M,0.5335457755576608,0.4222318604480546,0.056069655,0.27356932981373866,0.32624020675685295,CANDIDATE_GRAPH
1410,ST043__ST046,43,ST043,시흥종합버스터미널,46,ST046,배곧1동행정복지센터,5360.0,5.36,3.8249958768403687,0.509777971,0.509777971,0.0,0.0,PRELIMINARY_POINT_BUFFER_PROXY,0.820959045,PRELIMINARY_90M,0.42942037722849025,0.1701409373396422,0.509777971,0.09941333678447604,0.3266818127655714,CANDIDATE_GRAPH
872,ST020__ST037,20,ST020,시화공업단지[왼쪽부근],37,ST037,군자동행정복지센터,5501.0,5.501,3.257775175996918,0.311230757,0.311230757,0.0,0.0,PRELIMINARY_POINT_BUFFER_PROXY,1.3216431,PRELIMINARY_90M,0.44156403410558953,0.33676533597415237,0.311230757,0.18248444032952366,0.3270808344312154,CANDIDATE_GRAPH
882,ST020__ST047,20,ST020,시화공업단지[왼쪽부근],47,ST047,배곧2동행정복지센터,3980.0,3.98,3.469030866076152,0.615133014,0.615133014,0.0,0.0,PRELIMINARY_POINT_BUFFER_PROXY,0.623427135,PRELIMINARY_90M,0.31056756523985873,0.27470774134612075,0.615133014,0.06663978710740269,0.3274194176692851,CANDIDATE_GRAPH
714,ST016__ST025,16,ST016,물왕호수,25,ST025,목감동행정복지센터,3005.0,3.005,2.1381214943015445,0.193383798,0.119943446,0.161932073,0.0,PRELIMINARY_POINT_BUFFER_PROXY,2.924827881,PRELIMINARY_90M,0.22659546981310827,0.6656701539999965,0.193383798,0.4484771908761643,0.32805997336601184,CANDIDATE_GRAPH
1423,ST044__ST048,44,ST044,경기과학기술대학교,48,ST048,정왕평생학습관 사거리,2008.0,2.008,2.3764182257499433,0.556023168,0.556023168,0.0,0.0,PRELIMINARY_POINT_BUFFER_PROXY,1.090832724,PRELIMINARY_90M,0.14072861941262596,0.5956690953025329,0.556023168,0.14418948675052987,0.32902305086750516,CANDIDATE_GRAPH
1136,ST029__ST031,29,ST029,관곡공원,31,ST031,마전저수지,5377.0,5.377,2.6870303020635813,0.0,0.0,0.0,0.0,PRELIMINARY_POINT_BUFFER_PROXY,3.331666559,PRELIMINARY_90M,0.43088450607182843,0.504424981067251,0.0,0.5159779183484388,0.32909126109085596,CANDIDATE_GRAPH
1252,ST033__ST053,33,ST033,타원산업단지,53,ST053,오이도 빨강등대,6235.0,6.235,2.681993902930899,0.077964192,0.000893161,0.07707103,0.0,PRELIMINARY_POINT_BUFFER_PROXY,1.51111674,PRELIMINARY_90M,0.5047799500473689,0.5059044527711551,0.077964192,0.21392100039233028,0.32943307112965964,CANDIDATE_GRAPH
596,ST013__ST027,13,ST013,삼미시장,27,ST027,은행동행정복지센터,1561.0,1.561,2.6154869323133116,0.514819805,0.514819805,0.0,0.0,PRELIMINARY_POINT_BUFFER_PROXY,2.62974837,PRELIMINARY_90M,0.10223064335543881,0.525441264399645,0.514819805,0.3995190098286312,0.3295017807786273,CANDIDATE_GRAPH
248,ST005__ST043,5,ST005,배곧중·고등학교,43,ST043,시흥종합버스터미널,5498.0,5.498,3.837015357175228,0.516546058,0.516546058,0.0,0.0,PRELIMINARY_POINT_BUFFER_PROXY,0.754435463,PRELIMINARY_90M,0.44130565842735336,0.16661014468747493,0.516546058,0.0883760622531162,0.33017193322503613,CANDIDATE_GRAPH
150,ST003__ST046,3,ST003,배곧한울공원,46,ST046,배곧1동행정복지센터,5422.0,5.422,2.6242919561257807,0.202915765,0.202915765,0.0,0.0,PRELIMINARY_POINT_BUFFER_PROXY,1.137142625,PRELIMINARY_90M,0.43476014124537077,0.522854737152784,0.202915765,0.15187300401598763,0.3302468887188347,CANDIDATE_GRAPH
122,ST003__ST018,3,ST003,배곧한울공원,18,ST018,정왕역,5451.0,5.451,3.333807360654543,0.424690025,0.424690025,0.0,0.0,PRELIMINARY_POINT_BUFFER_PROXY,0.607883835,PRELIMINARY_90M,0.4372577728016536,0.31443043700694906,0.424690025,0.06406091711776074,0.3317079516996327,CANDIDATE_GRAPH
237,ST005__ST032,5,ST005,배곧중·고등학교,32,ST032,희망공원,7099.0,7.099,2.860833291777587,0.077000335,0.077000335,0.0,0.0,PRELIMINARY_POINT_BUFFER_PROXY,0.999605979,PRELIMINARY_90M,0.5791921453793816,0.45336933623815134,0.077000335,0.12905358157381588,0.33199923911648616,CANDIDATE_GRAPH
924,ST021__ST055,21,ST021,오이도 포구 해양관광 단지,55,ST055,해양생태과학관,2960.0,2.96,1.9299976875687086,0.180973235,0.0,0.180973235,0.0,PRELIMINARY_POINT_BUFFER_PROXY,2.778134843,PRELIMINARY_90M,0.22271983463956593,0.7268077395761527,0.180973235,0.4241385836699979,0.3321775863395783,CANDIDATE_GRAPH
378,ST008__ST029,8,ST008,시흥능곡역,29,ST029,관곡공원,4389.0,4.389,2.156570265400262,0.0,0.0,0.0,0.0,PRELIMINARY_POINT_BUFFER_PROXY,3.417489749,PRELIMINARY_90M,0.3457927827060546,0.6602507195800281,0.0,0.5302172915257137,0.33261021159198184,CANDIDATE_GRAPH
950,ST022__ST048,22,ST022,오이도박물관,48,ST048,정왕평생학습관 사거리,6448.0,6.448,3.430556160293327,0.267540036,0.267540036,0.0,0.0,PRELIMINARY_POINT_BUFFER_PROXY,1.248461824,PRELIMINARY_90M,0.5231246232021359,0.28600991121433983,0.267540036,0.17034255305461393,0.3327319923218076,CANDIDATE_GRAPH
210,ST004__ST055,4,ST004,배곧중심상가,55,ST055,해양생태과학관,7399.0,7.399,3.484870986965943,0.130920651,0.130920651,0.0,0.0,PRELIMINARY_POINT_BUFFER_PROXY,1.632000824,PRELIMINARY_90M,0.6050297132029971,0.27005461318342383,0.130920651,0.23397750939961678,0.33359811141767626,CANDIDATE_GRAPH
98,ST002__ST046,2,ST002,월곶포구,46,ST046,배곧1동행정복지센터,3125.0,3.125,2.815004873907645,0.531949966,0.531949966,0.0,0.0,PRELIMINARY_POINT_BUFFER_PROXY,1.210764979,PRELIMINARY_90M,0.23693049694255447,0.46683170204496216,0.531949966,0.1640880728429031,0.333892716765322,CANDIDATE_GRAPH
529,ST011__ST045,11,ST011,배곧생명공원,45,ST045,시흥중앙도서관,3828.0,3.828,3.480147122134749,0.661181158,0.661181158,0.0,0.0,PRELIMINARY_POINT_BUFFER_PROXY,0.647151976,PRELIMINARY_90M,0.29747653087589354,0.27144227610820426,0.661181158,0.07057609924600432,0.33428694541510423,CANDIDATE_GRAPH
779,ST017__ST052,17,ST017,장곡동,52,ST052,가온그린공원,639.0,0.639,1.9871511618456574,0.588670368,0.588670368,0.0,0.0,PRELIMINARY_POINT_BUFFER_PROXY,1.720740011,PRELIMINARY_90M,0.02282318491086039,0.7100185722077744,0.588670368,0.24870069085140145,0.33446452478806626,CANDIDATE_GRAPH
387,ST008__ST038,8,ST008,시흥능곡역,38,ST038,능곡도서관,1312.0,1.312,1.7792547011816842,0.151985076,0.099637532,0.070249169,0.0,PRELIMINARY_POINT_BUFFER_PROXY,4.827909169,PRELIMINARY_90M,0.08078546206183791,0.7710893735464199,0.151985076,0.7642273354061125,0.33512315574184415,CANDIDATE_GRAPH
892,ST021__ST023,21,ST021,오이도 포구 해양관광 단지,23,ST023,오이도역,5955.0,5.955,3.15826320833615,0.311273482,0.30019066,0.045338256,0.0,PRELIMINARY_POINT_BUFFER_PROXY,0.862008045,PRELIMINARY_90M,0.4806648867453277,0.36599755853541716,0.311273482,0.10622399051983547,0.33518419114592346,CANDIDATE_GRAPH
1157,ST029__ST052,29,ST029,관곡공원,52,ST052,가온그린공원,4265.0,4.265,2.386392012061943,0.201240875,0.201240875,0.0,0.0,PRELIMINARY_POINT_BUFFER_PROXY,2.198243349,PRELIMINARY_90M,0.3351132546722935,0.5927392372351619,0.201240875,0.327925760709286,0.335336569438728,CANDIDATE_GRAPH
850,ST019__ST050,19,ST019,시화병원,50,ST050,시흥한라3차아파트,2327.0,2.327,2.8286811737543958,0.671238316,0.671238316,0.0,0.0,PRELIMINARY_POINT_BUFFER_PROXY,0.870466051,PRELIMINARY_90M,0.16820256653173715,0.46281420897018277,0.671238316,0.10762730241921407,0.33538741444302667,CANDIDATE_GRAPH
39,ST001__ST040,1,ST001,월곶역,40,ST040,갯골생태공원,5747.0,5.747,2.2745800351507977,0.059449603,0.059449603,0.0,0.0,PRELIMINARY_POINT_BUFFER_PROXY,1.594274833,PRELIMINARY_90M,0.46275083972095427,0.6255846594583843,0.059449603,0.2277181934229965,0.33609985555746036,CANDIDATE_GRAPH
914,ST021__ST045,21,ST021,오이도 포구 해양관광 단지,45,ST045,시흥중앙도서관,5683.0,5.683,3.1106854785594846,0.354343024,0.342731054,0.047502923,0.0,PRELIMINARY_POINT_BUFFER_PROXY,0.685024673,PRELIMINARY_90M,0.4572388252519163,0.37997379494682426,0.354343024,0.07685975598042384,0.3361430672245991,CANDIDATE_GRAPH
1321,ST037__ST044,37,ST037,군자동행정복지센터,44,ST044,경기과학기술대학교,5482.0,5.482,3.2920678770932374,0.355555321,0.355555321,0.0,0.0,PRELIMINARY_POINT_BUFFER_PROXY,1.34534686,PRELIMINARY_90M,0.4399276548100939,0.32669165444378767,0.355555321,0.18641725480943946,0.33616442854370626,CANDIDATE_GRAPH
769,ST017__ST042,17,ST017,장곡동,42,ST042,시흥시청역,2716.0,2.716,1.8434790923881643,0.330839246,0.330839246,0.0,0.0,PRELIMINARY_POINT_BUFFER_PROXY,1.590121124,PRELIMINARY_90M,0.20170527947635863,0.7522230829711033,0.330839246,0.22702902989364263,0.33780563039499256,CANDIDATE_GRAPH
1468,ST049__ST053,49,ST049,거북섬 웨이브파크 정문,53,ST053,오이도 빨강등대,3795.0,3.795,1.9574790573544323,0.127972736,0.001466061,0.126506675,0.0,PRELIMINARY_POINT_BUFFER_PROXY,2.594915167,PRELIMINARY_90M,0.2946343984152958,0.7187349264588074,0.127972736,0.39373965140025324,0.33792315644715304,CANDIDATE_GRAPH
1285,ST035__ST045,35,ST035,산들공원,45,ST045,시흥중앙도서관,6104.0,6.104,3.104005896090232,0.305870296,0.305870296,0.0,0.0,PRELIMINARY_POINT_BUFFER_PROXY,0.734142852,PRELIMINARY_90M,0.4934975454310568,0.38193596136707975,0.305870296,0.0850092092991503,0.33833028856915837,CANDIDATE_GRAPH
811,ST018__ST047,18,ST018,정왕역,47,ST047,배곧2동행정복지센터,3541.0,3.541,3.5135420511635806,0.71603201,0.71603201,0.0,0.0,PRELIMINARY_POINT_BUFFER_PROXY,0.696535188,PRELIMINARY_90M,0.27275859099130134,0.26163232037387196,0.71603201,0.07876952557239102,0.3386154022575885,CANDIDATE_GRAPH
713,ST016__ST024,16,ST016,물왕호수,24,ST024,목감고등학교,3229.0,3.229,2.105914035609522,0.176923572,0.176923572,0.0,0.0,PRELIMINARY_POINT_BUFFER_PROXY,3.167384816,PRELIMINARY_90M,0.2458875204547412,0.6751312833771932,0.176923572,0.48872107733856496,0.33862594343538277,CANDIDATE_GRAPH
83,ST002__ST031,2,ST002,월곶포구,31,ST031,마전저수지,4046.0,4.046,2.0820118152150395,0.187446944,0.187446944,0.0,0.0,PRELIMINARY_POINT_BUFFER_PROXY,2.023503983,PRELIMINARY_90M,0.3162518301610542,0.6821527004258621,0.187446944,0.29893384091191594,0.3388204927783287,CANDIDATE_GRAPH
553,ST012__ST026,12,ST012,신천역,26,ST026,은계파크자이,1797.0,1.797,2.4281601537334185,0.516501543,0.516501543,0.0,0.0,PRELIMINARY_POINT_BUFFER_PROXY,2.25962769,PRELIMINARY_90M,0.12255619671001636,0.580469601310835,0.516501543,0.3381103569558261,0.3388305284040466,CANDIDATE_GRAPH
1283,ST035__ST043,35,ST035,산들공원,43,ST043,시흥종합버스터미널,6007.0,6.007,2.9570423267955706,0.286392525,0.286392525,0.0,0.0,PRELIMINARY_POINT_BUFFER_PROXY,0.727637936,PRELIMINARY_90M,0.4851433985014211,0.4251073694600692,0.286392525,0.08392994475059617,0.3390092863301007,CANDIDATE_GRAPH
176,ST004__ST021,4,ST004,배곧중심상가,21,ST021,오이도 포구 해양관광 단지,6584.0,6.584,3.5923217288463887,0.225583256,0.147159552,0.078423704,0.0,PRELIMINARY_POINT_BUFFER_PROXY,2.150735805,PRELIMINARY_90M,0.5348376539488416,0.23849032926000868,0.225583256,0.3200435362458069,0.3392935891709673,CANDIDATE_GRAPH
158,ST003__ST054,3,ST003,배곧한울공원,54,ST054,시흥 프리미엄 아울렛,6250.0,6.25,2.6271501795122543,0.1179273,0.1179273,0.0,0.0,PRELIMINARY_POINT_BUFFER_PROXY,1.360035586,PRELIMINARY_90M,0.5060718284385497,0.522015117314816,0.1179273,0.18885433796858025,0.33933813911174265,CANDIDATE_GRAPH
527,ST011__ST043,11,ST011,배곧생명공원,43,ST043,시흥종합버스터미널,4504.0,4.504,3.4056723875395676,0.588366349,0.588366349,0.0,0.0,PRELIMINARY_POINT_BUFFER_PROXY,0.593949192,PRELIMINARY_90M,0.3556971837051072,0.2933196650097982,0.588366349,0.06174894780306731,0.33951187671920724,CANDIDATE_GRAPH
885,ST020__ST050,20,ST020,시화공업단지[왼쪽부근],50,ST050,시흥한라3차아파트,4182.0,4.182,3.439864281573088,0.633674854,0.633674854,0.0,0.0,PRELIMINARY_POINT_BUFFER_PROXY,0.625603106,PRELIMINARY_90M,0.3279648609077599,0.28327559614376685,0.633674854,0.06700081380766783,0.33991165611761953,CANDIDATE_GRAPH
918,ST021__ST049,21,ST021,오이도 포구 해양관광 단지,49,ST049,거북섬 웨이브파크 정문,3415.0,3.415,2.0479519266585933,0.213066607,0.05611095,0.156955657,0.0,PRELIMINARY_POINT_BUFFER_PROXY,2.524721128,PRELIMINARY_90M,0.26190681250538284,0.6921579919108826,0.213066607,0.38209339219989963,0.34067964333904543,CANDIDATE_GRAPH
955,ST022__ST053,22,ST022,오이도박물관,53,ST053,오이도 빨강등대,3692.0,3.692,2.684063160562845,0.131624432,0.001507895,0.130116537,0.0,PRELIMINARY_POINT_BUFFER_PROXY,4.523552075,PRELIMINARY_90M,0.28576350012918783,0.5052965962383625,0.131624432,0.7137298621635428,0.34104213161741964,CANDIDATE_GRAPH
188,ST004__ST033,4,ST004,배곧중심상가,33,ST033,타원산업단지,6860.0,6.86,3.5719657412189014,0.329150295,0.329150295,0.0,0.0,PRELIMINARY_POINT_BUFFER_PROXY,0.846409732,PRELIMINARY_90M,0.5586082163465679,0.24447001969090798,0.329150295,0.10363599303637046,0.3422398523649359,CANDIDATE_GRAPH
388,ST008__ST039,8,ST008,시흥능곡역,39,ST039,능곡힐스테이트,1410.0,1.41,1.7943819357778974,0.196901186,0.0,0.196901186,0.0,PRELIMINARY_POINT_BUFFER_PROXY,4.602752376,PRELIMINARY_90M,0.08922573421755232,0.7666456599022438,0.196901186,0.7268703972763896,0.34281399504805055,CANDIDATE_GRAPH
1422,ST044__ST047,44,ST044,경기과학기술대학교,47,ST047,배곧2동행정복지센터,3990.0,3.99,3.4139524789333366,0.649649602,0.649649602,0.0,0.0,PRELIMINARY_POINT_BUFFER_PROXY,0.754094476,PRELIMINARY_90M,0.31142881750064594,0.2908873397313414,0.649649602,0.08831948732107744,0.342837877669656,CANDIDATE_GRAPH
1450,ST047__ST048,47,ST047,배곧2동행정복지센터,48,ST048,정왕평생학습관 사거리,3453.0,3.453,3.2407471324978205,0.685219912,0.685219912,0.0,0.0,PRELIMINARY_POINT_BUFFER_PROXY,0.689108455,PRELIMINARY_90M,0.26517957109637413,0.34176742335167654,0.685219912,0.0775373175564109,0.3441019101875279,CANDIDATE_GRAPH
431,ST009__ST036,9,ST009,능곡중앙공원,36,ST036,시흥시립군자도서관,4477.0,4.477,3.3255331202319405,0.336615531,0.336615531,0.073519269,0.0,PRELIMINARY_POINT_BUFFER_PROXY,3.161998942,PRELIMINARY_90M,0.35337180260098183,0.3168610435284025,0.336615531,0.4878274788860746,0.3443803441989353,CANDIDATE_GRAPH
858,ST020__ST023,20,ST020,시화공업단지[왼쪽부근],23,ST023,오이도역,3334.0,3.334,2.8138183012073985,0.608891451,0.608891451,0.0,0.0,PRELIMINARY_POINT_BUFFER_PROXY,0.604650763,PRELIMINARY_90M,0.2549306691930066,0.4671802647161071,0.608891451,0.06352450127587699,0.3444133251021553,CANDIDATE_GRAPH
1465,ST049__ST050,49,ST049,거북섬 웨이브파크 정문,50,ST050,시흥한라3차아파트,6734.0,6.734,2.955151712758751,0.139358768,0.139358768,0.0,0.0,PRELIMINARY_POINT_BUFFER_PROXY,1.546127024,PRELIMINARY_90M,0.5477564378606494,0.42566274839187934,0.139358768,0.21972973925321837,0.34464645581758585,CANDIDATE_GRAPH
946,ST022__ST044,22,ST022,오이도박물관,44,ST044,경기과학기술대학교,5868.0,5.868,2.379436484924746,0.130076716,0.130076716,0.0,0.0,PRELIMINARY_POINT_BUFFER_PROXY,1.329196574,PRELIMINARY_90M,0.4731719920764792,0.5947824640156691,0.130076716,0.1837376766059991,0.3446465205208014,CANDIDATE_GRAPH
922,ST021__ST053,21,ST021,오이도 포구 해양관광 단지,53,ST053,오이도 빨강등대,374.0,0.374,1.497751290766831,0.499042777,0.014898499,0.484144278,0.0,PRELIMINARY_POINT_BUFFER_PROXY,2.232582635,PRELIMINARY_90M,0.0,0.8537826469128378,0.499042777,0.3336231707915163,0.34556069925129507,CANDIDATE_GRAPH
979,ST023__ST045,23,ST023,오이도역,45,ST045,시흥중앙도서관,2748.0,2.748,2.70513027610012,0.678227446,0.678227446,0.0,0.0,PRELIMINARY_POINT_BUFFER_PROXY,0.429037868,PRELIMINARY_90M,0.20446128671087763,0.4991080078244656,0.678227446,0.034387649725071016,0.3460980608724609,CANDIDATE_GRAPH
846,ST019__ST046,19,ST019,시화병원,46,ST046,배곧1동행정복지센터,4055.0,4.055,3.251371511972627,0.614053069,0.614053069,0.0,0.0,PRELIMINARY_POINT_BUFFER_PROXY,0.784060813,PRELIMINARY_90M,0.3170269571957626,0.33864644973731073,0.614053069,0.09329135862181777,0.34619569600925165,CANDIDATE_GRAPH
756,ST017__ST029,17,ST017,장곡동,29,ST029,관곡공원,4322.0,4.322,2.2640824773122388,0.207924155,0.207924155,0.0,0.0,PRELIMINARY_POINT_BUFFER_PROXY,2.212483712,PRELIMINARY_90M,0.3400223925587805,0.628668378475303,0.207924155,0.33028845362406645,0.34626581988424376,CANDIDATE_GRAPH
530,ST011__ST046,11,ST011,배곧생명공원,46,ST046,배곧1동행정복지센터,2055.0,2.055,2.414191719013481,0.677890751,0.677890751,0.0,0.0,PRELIMINARY_POINT_BUFFER_PROXY,0.609010822,PRELIMINARY_90M,0.14477650503832573,0.5845729107133552,0.677890751,0.06424790141022223,0.34669623186761833,CANDIDATE_GRAPH
1418,ST043__ST054,43,ST043,시흥종합버스터미널,54,ST054,시흥 프리미엄 아울렛,7564.0,7.564,4.11485418504352,0.364312082,0.364312082,0.0,0.0,PRELIMINARY_POINT_BUFFER_PROXY,1.126489925,PRELIMINARY_90M,0.6192403755059857,0.08499336387882028,0.364312082,0.1501055589857393,0.3473266585507199,CANDIDATE_GRAPH
1459,ST048__ST050,48,ST048,정왕평생학습관 사거리,50,ST050,시흥한라3차아파트,3650.0,3.65,3.5088450033930068,0.746548284,0.746548284,0.0,0.0,PRELIMINARY_POINT_BUFFER_PROXY,0.613416754,PRELIMINARY_90M,0.28214624063388166,0.263012105630238,0.746548284,0.06497891257330876,0.34773751323390245,CANDIDATE_GRAPH
225,ST005__ST020,5,ST005,배곧중·고등학교,20,ST020,시화공업단지[왼쪽부근],6046.0,6.046,3.920032934906872,0.543310878,0.543310878,0.0,0.0,PRELIMINARY_POINT_BUFFER_PROXY,0.728433864,PRELIMINARY_90M,0.4885022823184911,0.1422232456461322,0.543310878,0.08406200131729151,0.347857467638292,CANDIDATE_GRAPH
984,ST023__ST050,23,ST023,오이도역,50,ST050,시흥한라3차아파트,2437.0,2.437,2.465689120443457,0.635532393,0.635532393,0.0,0.0,PRELIMINARY_POINT_BUFFER_PROXY,0.755387488,PRELIMINARY_90M,0.17767634140039618,0.5694452478270214,0.635532393,0.08853401768741194,0.3482389699586547,CANDIDATE_GRAPH
1440,ST045__ST055,45,ST045,시흥중앙도서관,55,ST055,해양생태과학관,7392.0,7.392,3.3734927062029856,0.179871299,0.179871299,0.0,0.0,PRELIMINARY_POINT_BUFFER_PROXY,1.48798843,PRELIMINARY_90M,0.6044268366204462,0.3027726346263603,0.179871299,0.21008366182393515,0.34858429376601846,CANDIDATE_GRAPH
504,ST011__ST020,11,ST011,배곧생명공원,20,ST020,시화공업단지[왼쪽부근],4958.0,4.958,3.5286319710741507,0.600203436,0.600203436,0.0,0.0,PRELIMINARY_POINT_BUFFER_PROXY,0.580870729,PRELIMINARY_90M,0.3947980363448454,0.25719956813686284,0.600203436,0.05957903177871326,0.3486069401148755,CANDIDATE_GRAPH
424,ST009__ST029,9,ST009,능곡중앙공원,29,ST029,관곡공원,4562.0,4.562,2.4231442712656004,0.204923527,0.178849884,0.12823664,0.0,PRELIMINARY_POINT_BUFFER_PROXY,2.421968536,PRELIMINARY_90M,0.3606924468176729,0.5819430461244302,0.204923527,0.36504517361911415,0.3486186234039386,CANDIDATE_GRAPH
848,ST019__ST048,19,ST019,시화병원,48,ST048,정왕평생학습관 사거리,855.0,0.855,3.0,1.0,1.0,0.0,0.0,PRELIMINARY_POINT_BUFFER_PROXY,0.303061646,PRELIMINARY_90M,0.041426233743863575,0.412488301690183,1.0,0.013486277537422852,0.34901978377900233,CANDIDATE_GRAPH
251,ST005__ST046,5,ST005,배곧중·고등학교,46,ST046,배곧1동행정복지센터,508.0,0.508,2.0,0.795799795,0.795799795,0.0,0.0,PRELIMINARY_POINT_BUFFER_PROXY,0.422677047,PRELIMINARY_90M,0.011540780294548273,0.7062441508450915,0.795799795,0.033332292729684944,0.34923789593156296,CANDIDATE_GRAPH
503,ST011__ST019,11,ST011,배곧생명공원,19,ST019,시화병원,3341.0,3.341,2.884602014738478,0.626739114,0.626739114,0.0,0.0,PRELIMINARY_POINT_BUFFER_PROXY,0.783434433,PRELIMINARY_90M,0.25553354577555765,0.446387134841447,0.626739114,0.09318743264830431,0.3493770613869802,CANDIDATE_GRAPH
554,ST012__ST027,12,ST012,신천역,27,ST027,은행동행정복지센터,1420.0,1.42,2.35513154122392,0.521377701,0.521377701,0.0,0.0,PRELIMINARY_POINT_BUFFER_PROXY,2.923916061,PRELIMINARY_90M,0.0900869864783395,0.6019221833911675,0.521377701,0.44832590606316086,0.3495081931051265,CANDIDATE_GRAPH
1473,ST050__ST053,50,ST050,시흥한라3차아파트,53,ST053,오이도 빨강등대,5727.0,5.727,3.0902887703235526,0.220321594,0.136464907,0.083856687,0.0,PRELIMINARY_POINT_BUFFER_PROXY,2.477162819,PRELIMINARY_90M,0.4610283351993799,0.38596544729463533,0.220321594,0.3742027450504386,0.34976381703627585,CANDIDATE_GRAPH
538,ST011__ST054,11,ST011,배곧생명공원,54,ST054,시흥 프리미엄 아울렛,4047.0,4.047,2.2880792125664065,0.335292792,0.335292792,0.0,0.0,PRELIMINARY_POINT_BUFFER_PROXY,1.468587342,PRELIMINARY_90M,0.3163379553871329,0.6216191971337695,0.335292792,0.20686472610181678,0.3498950307275229,CANDIDATE_GRAPH
296,ST006__ST042,6,ST006,시흥시청 본청,42,ST042,시흥시청역,594.0,0.594,1.9806585205188414,0.443911734,0.443911734,0.0,0.0,PRELIMINARY_POINT_BUFFER_PROXY,3.847017707,PRELIMINARY_90M,0.018947549737318062,0.7119258235739915,0.443911734,0.6014825158087417,0.3502171179941709,CANDIDATE_GRAPH
106,ST002__ST054,2,ST002,월곶포구,54,ST054,시흥 프리미엄 아울렛,1292.0,1.292,1.7682329099189025,0.526537914,0.526537914,0.0,0.0,PRELIMINARY_POINT_BUFFER_PROXY,1.675401346,PRELIMINARY_90M,0.07906295754026355,0.7743270891980265,0.526537914,0.2411783164174698,0.35034867894131805,CANDIDATE_GRAPH
795,ST018__ST031,18,ST018,정왕역,31,ST031,마전저수지,3945.0,3.945,2.958212084314256,0.124882541,0.124882541,0.0,0.0,PRELIMINARY_POINT_BUFFER_PROXY,5.337782322,PRELIMINARY_90M,0.3075531823271036,0.4247637463468624,0.124882541,0.8488230501382361,0.35114045585459414,CANDIDATE_GRAPH
1052,ST026__ST028,26,ST026,은계파크자이,28,ST028,매화산업단지,3710.0,3.71,2.0137289994067236,0.230217732,0.230217732,0.0,0.0,PRELIMINARY_POINT_BUFFER_PROXY,2.364000529,PRELIMINARY_90M,0.2873137541986048,0.7022111769663222,0.230217732,0.35542739916892313,0.35187059223811457,CANDIDATE_GRAPH
208,ST004__ST053,4,ST004,배곧중심상가,53,ST053,오이도 빨강등대,6949.0,6.949,3.508561666430198,0.209323159,0.140219425,0.069103734,0.0,PRELIMINARY_POINT_BUFFER_PROXY,2.183795736,PRELIMINARY_90M,0.5662733614675739,0.263095337520345,0.209323159,0.3255286818658189,0.35197483604759267,CANDIDATE_GRAPH
195,ST004__ST040,4,ST004,배곧중심상가,40,ST040,갯골생태공원,7040.0,7.04,2.9717888971519195,0.137297876,0.137297876,0.0,0.0,PRELIMINARY_POINT_BUFFER_PROXY,1.550786437,PRELIMINARY_90M,0.5741107570407372,0.4207754781629174,0.137297876,0.22050280677138037,0.35249375061254856,CANDIDATE_GRAPH
204,ST004__ST049,4,ST004,배곧중심상가,49,ST049,거북섬 웨이브파크 정문,7854.0,7.854,3.4464176884293347,0.147770832,0.147770832,0.0,0.0,PRELIMINARY_POINT_BUFFER_PROXY,1.589330031,PRELIMINARY_90M,0.6442166910688141,0.28135049454785244,0.147770832,0.22689777552702065,0.3527233151127085,CANDIDATE_GRAPH
1449,ST046__ST055,46,ST046,배곧1동행정복지센터,55,ST055,해양생태과학관,7851.0,7.851,3.5232407663534175,0.164232235,0.164232235,0.0,0.0,PRELIMINARY_POINT_BUFFER_PROXY,1.618401666,PRELIMINARY_90M,0.6439583153905779,0.25878326605756985,0.164232235,0.23172120215143918,0.35295830267093214,CANDIDATE_GRAPH
1367,ST040__ST042,40,ST040,갯골생태공원,42,ST042,시흥시청역,3460.0,3.46,1.9956964294535866,0.321864239,0.321864239,0.0,0.0,PRELIMINARY_POINT_BUFFER_PROXY,1.76240716,PRELIMINARY_90M,0.26578244767892517,0.7075083498653512,0.321864239,0.2556139049121247,0.3533336721475127,CANDIDATE_GRAPH
854,ST019__ST054,19,ST019,시화병원,54,ST054,시흥 프리미엄 아울렛,5839.0,5.839,3.449473355080724,0.447329658,0.447329658,0.0,0.0,PRELIMINARY_POINT_BUFFER_PROXY,1.073292342,PRELIMINARY_90M,0.47067436052019634,0.28045287459593926,0.447329658,0.141279270467845,0.3538509061714333,CANDIDATE_GRAPH
1325,ST037__ST048,37,ST037,군자동행정복지센터,48,ST048,정왕평생학습관 사거리,6192.0,6.192,3.3922692548148268,0.37843312,0.37843312,0.0,0.0,PRELIMINARY_POINT_BUFFER_PROXY,1.209430181,PRELIMINARY_90M,0.501076565325984,0.2972569136446904,0.37843312,0.1638666095433185,0.3540164520245302,CANDIDATE_GRAPH
980,ST023__ST046,23,ST023,오이도역,46,ST046,배곧1동행정복지센터,2045.0,2.045,2.389760491642425,0.684570888,0.684570888,0.0,0.0,PRELIMINARY_POINT_BUFFER_PROXY,0.792332511,PRELIMINARY_90M,0.14391525277753855,0.5917497266556364,0.684570888,0.09466375918898057,0.35406256968161287,CANDIDATE_GRAPH
263,ST006__ST009,6,ST006,시흥시청 본청,9,ST009,능곡중앙공원,2599.0,2.599,2.0712474576884348,0.334828877,0.2890141,0.229887243,0.0,PRELIMINARY_POINT_BUFFER_PROXY,2.885576321,PRELIMINARY_90M,0.19162862802514857,0.685314793411697,0.334828877,0.44196475978813077,0.354134911709361,CANDIDATE_GRAPH
198,ST004__ST043,4,ST004,배곧중심상가,43,ST043,시흥종합버스터미널,3945.0,3.945,2.7952590978055483,0.567010824,0.567010824,0.0,0.0,PRELIMINARY_POINT_BUFFER_PROXY,0.639443757,PRELIMINARY_90M,0.3075531823271036,0.4726321392710563,0.567010824,0.06929718841930164,0.35431732593159276,CANDIDATE_GRAPH
1425,ST044__ST050,44,ST044,경기과학기술대학교,50,ST050,시흥한라3차아파트,4192.0,4.192,3.3875016979736334,0.66648888,0.66648888,0.0,0.0,PRELIMINARY_POINT_BUFFER_PROXY,0.750088789,PRELIMINARY_90M,0.32882611316854704,0.2986574113529695,0.66648888,0.08765488289394814,0.3545910743136776,CANDIDATE_GRAPH
92,ST002__ST040,2,ST002,월곶포구,40,ST040,갯골생태공원,5178.0,5.178,2.1502804312043358,0.182738865,0.182738865,0.0,0.0,PRELIMINARY_POINT_BUFFER_PROXY,1.514434926,PRELIMINARY_90M,0.41374558608216344,0.6620983951652961,0.182738865,0.2144715379419787,0.35508608110311324,CANDIDATE_GRAPH
1284,ST035__ST044,35,ST035,산들공원,44,ST044,경기과학기술대학교,6030.0,6.03,2.956928367155461,0.339457259,0.339457259,0.0,0.0,PRELIMINARY_POINT_BUFFER_PROXY,0.834605206,PRELIMINARY_90M,0.4871242787012316,0.42514084577091904,0.339457259,0.10167744254558998,0.3556375978314533,CANDIDATE_GRAPH
505,ST011__ST021,11,ST011,배곧생명공원,21,ST021,오이도 포구 해양관광 단지,6597.0,6.597,3.3356174459520913,0.238967362,0.16067849,0.078288871,0.0,PRELIMINARY_POINT_BUFFER_PROXY,2.087636994,PRELIMINARY_90M,0.535957281887865,0.3138987138633249,0.238967362,0.3095744833374805,0.3565428044340398,CANDIDATE_GRAPH
1452,ST047__ST050,47,ST047,배곧2동행정복지센터,50,ST050,시흥한라3차아파트,729.0,0.729,2.9057391020038947,1.0,1.0,0.0,0.0,PRELIMINARY_POINT_BUFFER_PROXY,0.554485213,PRELIMINARY_90M,0.03057445525794505,0.4401779918231331,1.0,0.055201273170591585,0.3570168486804961,CANDIDATE_GRAPH
200,ST004__ST045,4,ST004,배곧중심상가,45,ST045,시흥중앙도서관,3290.0,3.29,2.605001057922393,0.615773208,0.615773208,0.0,0.0,PRELIMINARY_POINT_BUFFER_PROXY,0.612436929,PRELIMINARY_90M,0.25114115924554303,0.5285215513354811,0.615773208,0.06481634469598536,0.35726946970743406,CANDIDATE_GRAPH
666,ST015__ST016,15,ST015,목감택지개발예정지구,16,ST016,물왕호수,3107.0,3.107,2.1181705540136373,0.281664379,0.281664379,0.0,0.0,PRELIMINARY_POINT_BUFFER_PROXY,3.053159992,PRELIMINARY_90M,0.23538024287313755,0.6715308594057094,0.281664379,0.4697694408980579,0.3575707677714487,CANDIDATE_GRAPH
783,ST018__ST019,18,ST018,정왕역,19,ST019,시화병원,477.0,0.477,2.616523504201786,1.0,1.0,0.0,0.0,PRELIMINARY_POINT_BUFFER_PROXY,0.221777495,PRELIMINARY_90M,0.008870898286108,0.5251367653443361,1.0,0.0,0.358132167469005,CANDIDATE_GRAPH
1080,ST027__ST028,27,ST027,은행동행정복지센터,28,ST028,매화산업단지,4046.0,4.046,2.177258890186534,0.235801443,0.235801443,0.0,0.0,PRELIMINARY_POINT_BUFFER_PROXY,2.540050863,PRELIMINARY_90M,0.3162518301610542,0.6541733150380895,0.235801443,0.3846368285062608,0.35816868858992595,CANDIDATE_GRAPH
99,ST002__ST047,2,ST002,월곶포구,47,ST047,배곧2동행정복지센터,5318.0,5.318,2.389084237673916,0.264626121,0.264626121,0.0,0.0,PRELIMINARY_POINT_BUFFER_PROXY,1.218655464,PRELIMINARY_90M,0.425803117733184,0.5919483802144001,0.264626121,0.16539722437251525,0.3583868811553717,CANDIDATE_GRAPH
1249,ST033__ST050,33,ST033,타원산업단지,50,ST050,시흥한라3차아파트,6446.0,6.446,3.5655488582742394,0.470601858,0.470601858,0.0,0.0,PRELIMINARY_POINT_BUFFER_PROXY,0.562920837,PRELIMINARY_90M,0.5229523727499785,0.24635501658924486,0.470601858,0.05660087155558726,0.3584449290136796,CANDIDATE_GRAPH
812,ST018__ST048,18,ST018,정왕역,48,ST048,정왕평생학습관 사거리,747.0,0.747,2.7790953736776527,1.0,1.0,0.0,0.0,PRELIMINARY_POINT_BUFFER_PROXY,0.305117177,PRELIMINARY_90M,0.032124709327361986,0.47738032777775197,1.0,0.013827321408973855,0.35879381203147315,CANDIDATE_GRAPH
1234,ST033__ST035,33,ST033,타원산업단지,35,ST035,산들공원,7540.0,7.54,2.4880660387555813,0.057148758,0.057148758,0.0,0.0,PRELIMINARY_POINT_BUFFER_PROXY,0.8813862,PRELIMINARY_90M,0.6171733700800964,0.5628718971867732,0.057148758,0.10943912130828645,0.35928811666163135,CANDIDATE_GRAPH
1403,ST042__ST051,42,ST042,시흥시청역,51,ST051,연성중학교,2072.0,2.072,2.5274345688921906,0.351208623,0.308075573,0.083245449,0.0,PRELIMINARY_POINT_BUFFER_PROXY,4.64619177,PRELIMINARY_90M,0.14624063388166395,0.551307161186513,0.351208623,0.7340776537505509,0.3593594579084676,CANDIDATE_GRAPH
982,ST023__ST048,23,ST023,오이도역,48,ST048,정왕평생학습관 사거리,2744.0,2.744,3.0,0.805831223,0.805831223,0.0,0.0,PRELIMINARY_POINT_BUFFER_PROXY,0.39213366,PRELIMINARY_90M,0.20411678580656276,0.412488301690183,0.805831223,0.02826468005307702,0.3596360431282951,CANDIDATE_GRAPH
1391,ST041__ST052,41,ST041,연꽃테마파크,52,ST052,가온그린공원,4968.0,4.968,2.2619391797382047,0.172697542,0.172697542,0.0,0.0,PRELIMINARY_POINT_BUFFER_PROXY,2.343340408,PRELIMINARY_90M,0.3956592886056326,0.629297984674155,0.172697542,0.35199957071362264,0.3603146690538458,CANDIDATE_GRAPH
837,ST019__ST037,19,ST019,시화병원,37,ST037,군자동행정복지센터,6481.0,6.481,3.3637250258662945,0.35991361,0.35991361,0.0,0.0,PRELIMINARY_POINT_BUFFER_PROXY,1.238705103,PRELIMINARY_90M,0.5259667556627337,0.30564194785793863,0.35991361,0.1687237645744193,0.36050372123970736,CANDIDATE_GRAPH
1135,ST029__ST030,29,ST029,관곡공원,30,ST030,장곡도서관,4785.0,4.785,2.344415023463761,0.235519282,0.235519282,0.0,0.0,PRELIMINARY_POINT_BUFFER_PROXY,2.140637973,PRELIMINARY_90M,0.3798983722332271,0.6050702231657867,0.235519282,0.3183681522600866,0.36061351825379984,CANDIDATE_GRAPH
977,ST023__ST043,23,ST023,오이도역,43,ST043,시흥종합버스터미널,3313.0,3.313,2.7164508036729917,0.671309327,0.671309327,0.0,0.0,PRELIMINARY_POINT_BUFFER_PROXY,0.436993285,PRELIMINARY_90M,0.25312203944535355,0.4957825366344152,0.671309327,0.035707574461541866,0.3609326890519881,CANDIDATE_GRAPH
539,ST011__ST055,11,ST011,배곧생명공원,55,ST055,해양생태과학관,7172.0,7.172,3.0753891937864077,0.173700065,0.173700065,0.0,0.0,PRELIMINARY_POINT_BUFFER_PROXY,1.631005404,PRELIMINARY_90M,0.5854792868831281,0.3903422850523529,0.173700065,0.23381235407448703,0.3614830767807385,CANDIDATE_GRAPH
814,ST018__ST050,18,ST018,정왕역,50,ST050,시흥한라3차아파트,2786.0,2.786,2.797668420165774,0.7253767,0.7253767,0.0,0.0,PRELIMINARY_POINT_BUFFER_PROXY,0.76137224,PRELIMINARY_90M,0.20773404530186892,0.4719243867352403,0.7253767,0.08952697911312268,0.36186501506967056,CANDIDATE_GRAPH
847,ST019__ST047,19,ST019,시화병원,47,ST047,배곧2동행정복지센터,3020.0,3.02,3.0981105135230838,0.761448964,0.761448964,0.0,0.0,PRELIMINARY_POINT_BUFFER_PROXY,0.856538396,PRELIMINARY_90M,0.22788734820428905,0.3836677644791855,0.761448964,0.10531649252005583,0.36265383964534664,CANDIDATE_GRAPH
787,ST018__ST023,18,ST018,정왕역,23,ST023,오이도역,1655.0,1.655,2.5246466062280373,0.845619078,0.845619078,0.0,0.0,PRELIMINARY_POINT_BUFFER_PROXY,0.311055548,PRELIMINARY_90M,0.11032641460683834,0.5521261415263335,0.845619078,0.014812587521013129,0.36266613104581213,CANDIDATE_GRAPH
919,ST021__ST050,21,ST021,오이도 포구 해양관광 단지,50,ST050,시흥한라3차아파트,3800.0,3.8,2.1207887428081897,0.447508062,0.430147843,0.071018199,0.0,PRELIMINARY_POINT_BUFFER_PROXY,0.772975688,PRELIMINARY_90M,0.29506502454568945,0.6707617511331179,0.447508062,0.09145216770393486,0.3630199494732051,CANDIDATE_GRAPH
16,ST001__ST017,1,ST001,월곶역,17,ST017,장곡동,5471.0,5.471,2.2032904503529056,0.141154833,0.141154833,0.0,0.0,PRELIMINARY_POINT_BUFFER_PROXY,2.041065843,PRELIMINARY_90M,0.438980277323228,0.64652639197659,0.141154833,0.3018476207216278,0.36351422681669193,CANDIDATE_GRAPH
890,ST020__ST055,20,ST020,시화공업단지[왼쪽부근],55,ST055,해양생태과학관,7845.0,7.845,3.112517680994103,0.111759441,0.111759441,0.0,0.0,PRELIMINARY_POINT_BUFFER_PROXY,1.607476394,PRELIMINARY_90M,0.6434415640341056,0.37943557476481926,0.111759441,0.22990853327871102,0.36351780260670746,CANDIDATE_GRAPH
532,ST011__ST048,11,ST011,배곧생명공원,48,ST048,정왕평생학습관 사거리,3624.0,3.624,2.8984721926557486,0.655786705,0.655786705,0.0,0.0,PRELIMINARY_POINT_BUFFER_PROXY,0.754855634,PRELIMINARY_90M,0.279906984755835,0.44231268894942954,0.655786705,0.08844577501568386,0.3636435249567807,CANDIDATE_GRAPH
391,ST008__ST042,8,ST008,시흥능곡역,42,ST042,시흥시청역,2105.0,2.105,1.4865056605326343,0.125084013,0.125084013,0.0,0.0,PRELIMINARY_POINT_BUFFER_PROXY,4.593123333,PRELIMINARY_90M,0.14908276634226164,0.8570861165715664,0.125084013,0.7252727925192484,0.3636581136619921,CANDIDATE_GRAPH
1421,ST044__ST046,44,ST044,경기과학기술대학교,46,ST046,배곧1동행정복지센터,6072.0,6.072,3.6617220145761413,0.526775367,0.526775367,0.0,0.0,PRELIMINARY_POINT_BUFFER_PROXY,0.891299477,PRELIMINARY_90M,0.49074153819653776,0.21810358939387187,0.526775367,0.111083884811166,0.36373668071923754,CANDIDATE_GRAPH
55,ST002__ST003,2,ST002,월곶포구,3,ST003,배곧한울공원,6181.0,6.181,2.4749749767137175,0.199057367,0.199057367,0.0,0.0,PRELIMINARY_POINT_BUFFER_PROXY,1.283031499,PRELIMINARY_90M,0.5001291878391181,0.5667174732332205,0.199057367,0.1760781881777329,0.36456478036699536,CANDIDATE_GRAPH
46,ST001__ST047,1,ST001,월곶역,47,ST047,배곧2동행정복지센터,7096.0,7.096,2.7538987961978174,0.159419462,0.159419462,0.0,0.0,PRELIMINARY_POINT_BUFFER_PROXY,1.244990657,PRELIMINARY_90M,0.5789337697011455,0.4847819697911384,0.159419462,0.16976663362918074,0.3649030738980057,CANDIDATE_GRAPH
386,ST008__ST037,8,ST008,시흥능곡역,37,ST037,군자동행정복지센터,4944.0,4.944,3.099278481155629,0.296311656,0.296311656,0.0,0.0,PRELIMINARY_POINT_BUFFER_PROXY,3.296729813,PRELIMINARY_90M,0.3935922831797434,0.3833246671555016,0.296311656,0.5101813805607653,0.3650273536281253,CANDIDATE_GRAPH
870,ST020__ST035,20,ST020,시화공업단지[왼쪽부근],35,ST035,산들공원,6684.0,6.684,2.869246069005407,0.270890511,0.270890511,0.0,0.0,PRELIMINARY_POINT_BUFFER_PROXY,0.916932044,PRELIMINARY_90M,0.5434501765567135,0.45089803371984194,0.270890511,0.11533671772269614,0.3654103039472225,CANDIDATE_GRAPH
902,ST021__ST033,21,ST021,오이도 포구 해양관광 단지,33,ST033,타원산업단지,5896.0,5.896,2.0051291254395327,0.090975076,0.0,0.090975076,0.0,PRELIMINARY_POINT_BUFFER_PROXY,1.669667414,PRELIMINARY_90M,0.4755834984066833,0.7047374402461796,0.090975076,0.2402269698464426,0.3661795269685415,CANDIDATE_GRAPH
1376,ST040__ST051,40,ST040,갯골생태공원,51,ST051,연성중학교,5417.0,5.417,2.495832602905231,0.192518156,0.176017861,0.031845057,0.0,PRELIMINARY_POINT_BUFFER_PROXY,2.410565802,PRELIMINARY_90M,0.4343295151149772,0.5605904235399768,0.192518156,0.36315328653513135,0.3667359469785071,CANDIDATE_GRAPH
1434,ST045__ST049,45,ST045,시흥중앙도서관,49,ST049,거북섬 웨이브파크 정문,7847.0,7.847,3.3414189443190656,0.193917601,0.193917601,0.0,0.0,PRELIMINARY_POINT_BUFFER_PROXY,1.453478259,PRELIMINARY_90M,0.643613814486263,0.31219448978416353,0.193917601,0.204357899319878,0.36683681817500646,CANDIDATE_GRAPH
126,ST003__ST022,3,ST003,배곧한울공원,22,ST022,오이도박물관,3668.0,3.668,2.101502920676558,0.337713254,0.208126213,0.129587041,0.0,PRELIMINARY_POINT_BUFFER_PROXY,2.146262579,PRELIMINARY_90M,0.2836964947032986,0.6764270741900459,0.337713254,0.31930135998411946,0.3669027054817816,CANDIDATE_GRAPH
1196,ST031__ST042,31,ST031,마전저수지,42,ST042,시흥시청역,4275.0,4.275,2.1436264167673507,0.207291629,0.207291629,0.0,0.0,PRELIMINARY_POINT_BUFFER_PROXY,2.824591732,PRELIMINARY_90M,0.3359745069330807,0.6640530508265217,0.207291629,0.431846488481346,0.36700156811408446,CANDIDATE_GRAPH
533,ST011__ST049,11,ST011,배곧생명공원,49,ST049,거북섬 웨이브파크 정문,7867.0,7.867,3.231375254896857,0.159105909,0.159105909,0.0,0.0,PRELIMINARY_POINT_BUFFER_PROXY,1.540417714,PRELIMINARY_90M,0.6453363190078374,0.34452046721452345,0.159105909,0.21878247784665972,0.3673656540226467,CANDIDATE_GRAPH
1352,ST039__ST042,39,ST039,능곡힐스테이트,42,ST042,시흥시청역,2747.0,2.747,2.0559410979162904,0.429779309,0.37360867,0.200729024,0.0,PRELIMINARY_POINT_BUFFER_PROXY,2.284188953,PRELIMINARY_90M,0.2043751614847989,0.6898111261240337,0.429779309,0.34218544423191316,0.36826617562927333,CANDIDATE_GRAPH
1438,ST045__ST053,45,ST045,시흥중앙도서관,53,ST053,오이도 빨강등대,6942.0,6.942,3.3899831896516006,0.26159621,0.1923696,0.06922661,0.0,PRELIMINARY_POINT_BUFFER_PROXY,2.041926577,PRELIMINARY_90M,0.5656704848850228,0.2979284586579374,0.26159621,0.3019904295898645,0.36826797837982517,CANDIDATE_GRAPH
203,ST004__ST048,4,ST004,배곧중심상가,48,ST048,정왕평생학습관 사거리,3286.0,3.286,2.85126560046434,0.722314679,0.722314679,0.0,0.0,PRELIMINARY_POINT_BUFFER_PROXY,0.581559349,PRELIMINARY_90M,0.25079665834122816,0.4561799015243262,0.722314679,0.05969328431532176,0.3685474731215933,CANDIDATE_GRAPH
856,ST020__ST021,20,ST020,시화공업단지[왼쪽부근],21,ST021,오이도 포구 해양관광 단지,7030.0,7.03,3.1699281862102007,0.198238546,0.124749419,0.073489127,0.0,PRELIMINARY_POINT_BUFFER_PROXY,2.08695311,PRELIMINARY_90M,0.5732495047799501,0.3625709030546521,0.198238546,0.30946101657533887,0.36913029627021376,CANDIDATE_GRAPH
1419,ST043__ST055,43,ST043,시흥종합버스터미널,55,ST055,해양생태과학관,8039.0,8.039,3.364264252340225,0.190440676,0.190440676,0.0,0.0,PRELIMINARY_POINT_BUFFER_PROXY,1.405590741,PRELIMINARY_90M,0.660149857893377,0.30548354692720237,0.190440676,0.19641263138780188,0.36922122335629265,CANDIDATE_GRAPH
95,ST002__ST043,2,ST002,월곶포구,43,ST043,시흥종합버스터미널,7296.0,7.296,3.895549908774106,0.451755892,0.451755892,0.0,0.0,PRELIMINARY_POINT_BUFFER_PROXY,0.940832226,PRELIMINARY_90M,0.5961588149168892,0.14941527777764463,0.451755892,0.11930212160133073,0.36937293201663973,CANDIDATE_GRAPH
1447,ST046__ST053,46,ST046,배곧1동행정복지센터,53,ST053,오이도 빨강등대,7401.0,7.401,3.5478278014585065,0.239891327,0.174995367,0.06489596,0.0,PRELIMINARY_POINT_BUFFER_PROXY,2.131583779,PRELIMINARY_90M,0.6052019636551546,0.2515606806820728,0.239891327,0.3168659236994208,0.3696355437206318,CANDIDATE_GRAPH
818,ST018__ST054,18,ST018,정왕역,54,ST054,시흥 프리미엄 아울렛,5830.0,5.83,3.315653552693978,0.48397827,0.48397827,0.0,0.0,PRELIMINARY_POINT_BUFFER_PROXY,1.04582916,PRELIMINARY_90M,0.4698992334854879,0.3197632242798,0.48397827,0.13672271067167077,0.36992035067663137,CANDIDATE_GRAPH
528,ST011__ST044,11,ST011,배곧생명공원,44,ST044,경기과학기술대학교,5146.0,5.146,3.3457596833523393,0.601030682,0.601030682,0.0,0.0,PRELIMINARY_POINT_BUFFER_PROXY,0.799644313,PRELIMINARY_90M,0.4109895788476445,0.3109193723034843,0.601030682,0.09587689840317601,0.3706694323178488,CANDIDATE_GRAPH
453,ST010__ST013,10,ST010,은계호수공원,13,ST013,삼미시장,2822.0,2.822,2.499145512681044,0.559085533,0.559085533,0.0,0.0,PRELIMINARY_POINT_BUFFER_PROXY,2.040771125,PRELIMINARY_90M,0.2108345534407028,0.5596172369156094,0.559085533,0.3017987225207562,0.37075673271548126,CANDIDATE_GRAPH
1315,ST037__ST038,37,ST037,군자동행정복지센터,38,ST038,능곡도서관,4967.0,4.967,3.1386691135702853,0.330414356,0.316572403,0.018575574,0.0,PRELIMINARY_POINT_BUFFER_PROXY,3.271661112,PRELIMINARY_90M,0.3955731633795539,0.37175343848178544,0.330414356,0.5060221015988842,0.37130819911903357,CANDIDATE_GRAPH
1443,ST046__ST049,46,ST046,배곧1동행정복지센터,49,ST049,거북섬 웨이브파크 정문,8306.0,8.306,3.48477898206516,0.178349401,0.178349401,0.0,0.0,PRELIMINARY_POINT_BUFFER_PROXY,1.578347877,PRELIMINARY_90M,0.6831452932563948,0.27008164016117986,0.178349401,0.22507566906492915,0.37146588128171354,CANDIDATE_GRAPH
1265,ST034__ST045,34,ST034,군자디지털과학고등학교,45,ST045,시흥중앙도서관,6540.0,6.54,2.9933398472819306,0.352023517,0.352023517,0.0,0.0,PRELIMINARY_POINT_BUFFER_PROXY,0.836864495,PRELIMINARY_90M,0.531048144001378,0.4144447605073809,0.352023517,0.10205229296989038,0.372069525697442,CANDIDATE_GRAPH
172,ST004__ST017,4,ST004,배곧중심상가,17,ST017,장곡동,6764.0,6.764,2.942360541443412,0.206546328,0.206546328,0.0,0.0,PRELIMINARY_POINT_BUFFER_PROXY,1.909089561,PRELIMINARY_90M,0.550340194643011,0.42942022978330263,0.206546328,0.27995074727812974,0.3721323081734338,CANDIDATE_GRAPH
437,ST009__ST042,9,ST009,능곡중앙공원,42,ST042,시흥시청역,2781.0,2.781,2.0552547795934166,0.436775112,0.393968211,0.210534951,0.0,PRELIMINARY_POINT_BUFFER_PROXY,2.330781896,PRELIMINARY_90M,0.20730341917147532,0.6900127361457601,0.436775112,0.34991592247217085,0.37223991030999404,CANDIDATE_GRAPH
1263,ST034__ST043,34,ST034,군자디지털과학고등학교,43,ST043,시흥종합버스터미널,6443.0,6.443,2.8546434756622054,0.334548381,0.334548381,0.0,0.0,PRELIMINARY_POINT_BUFFER_PROXY,0.832123125,PRELIMINARY_90M,0.5226939970717424,0.455187630927238,0.334548381,0.1012656275383032,0.3728073645413029,CANDIDATE_GRAPH
1371,ST040__ST046,40,ST040,갯골생태공원,46,ST046,배곧1동행정복지센터,6643.0,6.643,2.6207233450820753,0.201536217,0.201536217,0.0,0.0,PRELIMINARY_POINT_BUFFER_PROXY,1.380841974,PRELIMINARY_90M,0.539919042287486,0.5239030375202312,0.201536217,0.19230643434489972,0.37298229170640124,CANDIDATE_GRAPH
28,ST001__ST029,1,ST001,월곶역,29,ST029,관곡공원,8007.0,8.007,2.4957917874297677,0.0,0.0,0.0,0.0,PRELIMINARY_POINT_BUFFER_PROXY,1.474024387,PRELIMINARY_90M,0.657393850658858,0.5606024133246302,0.0,0.20776681460186716,0.3733733525858064,CANDIDATE_GRAPH
1288,ST035__ST048,35,ST035,산들공원,48,ST048,정왕평생학습관 사거리,6740.0,6.74,3.084409976243774,0.362180104,0.362180104,0.0,0.0,PRELIMINARY_POINT_BUFFER_PROXY,0.763853952,PRELIMINARY_90M,0.5482731892171216,0.3876923774415475,0.362180104,0.08993873289769443,0.3734699276489563,CANDIDATE_GRAPH
1484,ST053__ST055,53,ST053,오이도 빨강등대,55,ST055,해양생태과학관,3521.0,3.521,1.9799575304526895,0.311460493,0.147728619,0.22614112,0.0,PRELIMINARY_POINT_BUFFER_PROXY,2.57401526,PRELIMINARY_90M,0.271036086469727,0.7121317435061232,0.311460493,0.39027203879877176,0.37369490803544486,CANDIDATE_GRAPH
583,ST013__ST014,13,ST013,삼미시장,14,ST014,시흥대야역,1514.0,1.514,2.268613825900731,0.811440142,0.741965677,0.311431231,0.0,PRELIMINARY_POINT_BUFFER_PROXY,0.67519953,PRELIMINARY_90M,0.09818275772973904,0.6273372683228735,0.811440142,0.07522961524926373,0.37397589665737296,CANDIDATE_GRAPH
258,ST005__ST053,5,ST005,배곧중·고등학교,53,ST053,오이도 빨강등대,6642.0,6.642,2.494332228519753,0.202414333,0.1928514,0.042185248,0.0,PRELIMINARY_POINT_BUFFER_PROXY,1.120074325,PRELIMINARY_90M,0.5398329170614072,0.5610311672916333,0.202414333,0.1490411133206909,0.37410750467792275,CANDIDATE_GRAPH
948,ST022__ST046,22,ST022,오이도박물관,46,ST046,배곧1동행정복지센터,7632.0,7.632,2.8793899893338257,0.144096576,0.144096576,0.0,0.0,PRELIMINARY_POINT_BUFFER_PROXY,1.456814235,PRELIMINARY_90M,0.6250968908793385,0.44791819779000763,0.144096576,0.20491138850123367,0.375128403640955,CANDIDATE_GRAPH
1159,ST029__ST054,29,ST029,관곡공원,54,ST054,시흥 프리미엄 아울렛,7734.0,7.734,2.5790384343041506,0.052274076,0.052274076,0.0,0.0,PRELIMINARY_POINT_BUFFER_PROXY,1.570475598,PRELIMINARY_90M,0.6338816639393678,0.5361482238827471,0.052274076,0.22376953818775455,0.37572217688349135,CANDIDATE_GRAPH
1205,ST031__ST051,31,ST031,마전저수지,51,ST051,연성중학교,6100.0,6.1,2.6203589074087144,0.119255883,0.104609688,0.028266702,0.0,PRELIMINARY_POINT_BUFFER_PROXY,2.974419427,PRELIMINARY_90M,0.49315304452674186,0.5240100932184334,0.119255883,0.4567051829833325,0.3757253324255461,CANDIDATE_GRAPH
358,ST008__ST009,8,ST008,시흥능곡역,9,ST009,능곡중앙공원,1712.0,1.712,1.8305154308324192,0.348908245,0.279373488,0.348908245,0.0,PRELIMINARY_POINT_BUFFER_PROXY,4.123126948,PRELIMINARY_90M,0.11523555249332529,0.7560312343795681,0.348908245,0.6472932403960375,0.3758597375579831,CANDIDATE_GRAPH
331,ST007__ST029,7,ST007,장현지구,29,ST029,관곡공원,4165.0,4.165,2.078936189138624,0.271907933,0.271907933,0.0,0.0,PRELIMINARY_POINT_BUFFER_PROXY,2.51365291,PRELIMINARY_90M,0.32650073206442165,0.6830561835756226,0.271907933,0.3802570064105875,0.3759020271492602,CANDIDATE_GRAPH
881,ST020__ST046,20,ST020,시화공업단지[왼쪽부근],46,ST046,배곧1동행정복지센터,5816.0,5.816,3.345020784723044,0.54883893,0.54883893,0.0,0.0,PRELIMINARY_POINT_BUFFER_PROXY,0.722324933,PRELIMINARY_90M,0.4686934803203858,0.3111364280977723,0.54883893,0.08304843670587093,0.37593700173757016,CANDIDATE_GRAPH
186,ST004__ST031,4,ST004,배곧중심상가,31,ST031,마전저수지,3997.0,3.997,2.3484547535520255,0.124673026,0.124673026,0.0,0.0,PRELIMINARY_POINT_BUFFER_PROXY,4.838723446,PRELIMINARY_90M,0.312031694083197,0.603883528823352,0.124673026,0.7660215885193494,0.37605929347169176,CANDIDATE_GRAPH
224,ST005__ST019,5,ST005,배곧중·고등학교,19,ST019,시화병원,5113.0,5.113,2.5042639598071927,0.361508567,0.361508567,0.0,0.0,PRELIMINARY_POINT_BUFFER_PROXY,1.508951186,PRELIMINARY_90M,0.40814744638704675,0.5581136631337129,0.361508567,0.2135617020308788,0.37688573591684077,CANDIDATE_GRAPH
1336,ST038__ST042,38,ST038,능곡도서관,42,ST042,시흥시청역,2385.0,2.385,2.0034464376205396,0.356010791,0.356010791,0.0,0.0,PRELIMINARY_POINT_BUFFER_PROXY,3.686968854,PRELIMINARY_90M,0.1731978296443028,0.7052317396353105,0.356010791,0.574927975661005,0.37690748240171884,CANDIDATE_GRAPH
1316,ST037__ST039,37,ST037,군자동행정복지센터,39,ST039,능곡힐스테이트,5065.0,5.065,3.1169406297195072,0.339516874,0.284687646,0.054829229,0.0,PRELIMINARY_POINT_BUFFER_PROXY,3.238108219,PRELIMINARY_90M,0.4040134355352683,0.3781363077062194,0.339516874,0.5004551660817568,0.3769794573908513,CANDIDATE_GRAPH
965,ST023__ST031,23,ST023,오이도역,31,ST031,마전저수지,3731.0,3.731,2.433467062881194,0.164525975,0.164525975,0.0,0.0,PRELIMINARY_POINT_BUFFER_PROXY,5.004986189,PRELIMINARY_90M,0.28912238394625783,0.5789106657077423,0.164525975,0.7936071075737493,0.3771475274088011,CANDIDATE_GRAPH
1442,ST046__ST048,46,ST046,배곧1동행정복지센터,48,ST048,정왕평생학습관 사거리,3667.0,3.667,2.9785864404707585,0.734916295,0.734916295,0.0,0.0,PRELIMINARY_POINT_BUFFER_PROXY,0.667618415,PRELIMINARY_90M,0.2836103694772199,0.4187786600531246,0.734916295,0.0739717929102801,0.3778442040141939,CANDIDATE_GRAPH
517,ST011__ST033,11,ST011,배곧생명공원,33,ST033,타원산업단지,6732.0,6.732,3.1481630303810437,0.397215532,0.397215532,0.0,0.0,PRELIMINARY_POINT_BUFFER_PROXY,0.751723,PRELIMINARY_90M,0.5475841874084919,0.36896454488723507,0.397215532,0.08792602336634738,0.37794016107537126,CANDIDATE_GRAPH
912,ST021__ST043,21,ST021,오이도 포구 해양관광 단지,43,ST043,시흥종합버스터미널,6933.0,6.933,2.4234188576339304,0.1092334,0.031860253,0.077373148,0.0,PRELIMINARY_POINT_BUFFER_PROXY,1.726597,PRELIMINARY_90M,0.5648953578503143,0.581862384772635,0.1092334,0.24967245445126526,0.37884507036982673,CANDIDATE_GRAPH
1430,ST044__ST055,44,ST044,경기과학기술대학교,55,ST055,해양생태과학관,7838.0,7.838,2.9528465126074575,0.13159171,0.13159171,0.0,0.0,PRELIMINARY_POINT_BUFFER_PROXY,1.662189575,PRELIMINARY_90M,0.6428386874515546,0.4263399144197947,0.13159171,0.23898628256739154,0.37900739337711176,CANDIDATE_GRAPH
765,ST017__ST038,17,ST017,장곡동,38,ST038,능곡도서관,4285.0,4.285,1.9821410620641189,0.326481556,0.310449796,0.021514244,0.0,PRELIMINARY_POINT_BUFFER_PROXY,1.72813283,PRELIMINARY_90M,0.3368357591938679,0.7114903183234511,0.326481556,0.24992727201871826,0.3793000591853517,CANDIDATE_GRAPH
810,ST018__ST046,18,ST018,정왕역,46,ST046,배곧1동행정복지센터,3836.0,3.836,3.060991160557495,0.739993526,0.739993526,0.0,0.0,PRELIMINARY_POINT_BUFFER_PROXY,0.664957987,PRELIMINARY_90M,0.2981655326845233,0.3945717915296728,0.739993526,0.07353038742181862,0.37930023435879046,CANDIDATE_GRAPH
1292,ST035__ST052,35,ST035,산들공원,52,ST052,가온그린공원,3835.0,3.835,1.9561805087839683,0.129647388,0.129647388,0.0,0.0,PRELIMINARY_POINT_BUFFER_PROXY,4.205215096,PRELIMINARY_90M,0.2980794074584446,0.719116382696793,0.129647388,0.6609129132700402,0.37969985314032023,CANDIDATE_GRAPH
177,ST004__ST022,4,ST004,배곧중심상가,22,ST022,오이도박물관,7095.0,7.095,3.2230177221652045,0.31100418,0.244058202,0.066945978,0.0,PRELIMINARY_POINT_BUFFER_PROXY,1.445357891,PRELIMINARY_90M,0.5788476444750668,0.3469755413389499,0.31100418,0.203010606702477,0.3801944198394349,CANDIDATE_GRAPH
253,ST005__ST048,5,ST005,배곧중·고등학교,48,ST048,정왕평생학습관 사거리,4349.0,4.349,3.274669870265716,0.728667958,0.728667958,0.0,0.0,PRELIMINARY_POINT_BUFFER_PROXY,0.703370048,PRELIMINARY_90M,0.34234777366290586,0.331802420713009,0.728667958,0.07990353285124455,0.38033472435230553,CANDIDATE_GRAPH
831,ST019__ST031,19,ST019,시화병원,31,ST031,마전저수지,4577.0,4.577,3.0,0.245904155,0.245904155,0.0,0.0,PRELIMINARY_POINT_BUFFER_PROXY,4.635043529,PRELIMINARY_90M,0.36198432520885365,0.412488301690183,0.245904155,0.7322279909278429,0.38050241155031184,CANDIDATE_GRAPH
2,ST001__ST003,1,ST001,월곶역,3,ST003,배곧한울공원,7959.0,7.959,2.7809772669852264,0.119946818,0.119946818,0.0,0.0,PRELIMINARY_POINT_BUFFER_PROXY,1.288859792,PRELIMINARY_90M,0.6532598398070795,0.4768275106111667,0.119946818,0.17704519067453475,0.38054992915589136,CANDIDATE_GRAPH
1424,ST044__ST049,44,ST044,경기과학기술대학교,49,ST049,거북섬 웨이브파크 정문,7754.0,7.754,2.513106231387435,0.113143833,0.113143833,0.0,0.0,PRELIMINARY_POINT_BUFFER_PROXY,0.978919207,PRELIMINARY_90M,0.6356041684609423,0.5555161941372007,0.113143833,0.12562133131207187,0.3806938557355807,CANDIDATE_GRAPH
888,ST020__ST053,20,ST020,시화공업단지[왼쪽부근],53,ST053,오이도 빨강등대,7395.0,7.395,3.1120678507259623,0.184303336,0.119332705,0.064970631,0.0,PRELIMINARY_POINT_BUFFER_PROXY,2.120199184,PRELIMINARY_90M,0.6046852122986823,0.3795677150372124,0.184303336,0.314977046151556,0.3808757582347147,CANDIDATE_GRAPH
597,ST013__ST028,13,ST013,삼미시장,28,ST028,매화산업단지,5031.0,5.031,2.447712054812518,0.276802217,0.276802217,0.0,0.0,PRELIMINARY_POINT_BUFFER_PROXY,2.504274006,PRELIMINARY_90M,0.4010851778485919,0.5747261160067514,0.276802217,0.3787009035198673,0.38133072522633754,CANDIDATE_GRAPH
884,ST020__ST049,20,ST020,시화공업단지[왼쪽부근],49,ST049,거북섬 웨이브파크 정문,8300.0,8.3,3.096464115950926,0.128758926,0.128758926,0.0,0.0,PRELIMINARY_POINT_BUFFER_PROXY,1.567717024,PRELIMINARY_90M,0.6826285418999225,0.38415140339604126,0.128758926,0.22331184878442278,0.38143677916184454,CANDIDATE_GRAPH
1200,ST031__ST046,31,ST031,마전저수지,46,ST046,배곧1동행정복지센터,6474.0,6.474,2.6607456451218936,0.206709213,0.206709213,0.0,0.0,PRELIMINARY_POINT_BUFFER_PROXY,1.978775005,PRELIMINARY_90M,0.5253638790801826,0.5121462527869018,0.206709213,0.2915126228287834,0.3817108049097618,CANDIDATE_GRAPH
174,ST004__ST019,4,ST004,배곧중심상가,19,ST019,시화병원,2926.0,2.926,2.614569512395373,0.770020935,0.770020935,0.0,0.0,PRELIMINARY_POINT_BUFFER_PROXY,0.52724186,PRELIMINARY_90M,0.2197915769528895,0.5257107618666707,0.770020935,0.05068118635061629,0.38217661600943786,CANDIDATE_GRAPH
555,ST012__ST028,12,ST012,신천역,28,ST028,매화산업단지,4890.0,4.89,2.367307062591222,0.271935607,0.271935607,0.0,0.0,PRELIMINARY_POINT_BUFFER_PROXY,2.585385906,PRELIMINARY_90M,0.38894152097149254,0.598345552773012,0.271935607,0.39215860199527713,0.3826063349439164,CANDIDATE_GRAPH
432,ST009__ST037,9,ST009,능곡중앙공원,37,ST037,군자동행정복지센터,4953.0,4.953,3.102056456122923,0.400364762,0.400364762,0.066454291,0.0,PRELIMINARY_POINT_BUFFER_PROXY,2.974338855,PRELIMINARY_90M,0.3943674102144518,0.3825086207600531,0.400364762,0.45669181486248267,0.3831252804564411,CANDIDATE_GRAPH
730,ST016__ST041,16,ST016,물왕호수,41,ST041,연꽃테마파크,3935.0,3.935,2.0,0.29027288,0.250287871,0.138484824,0.0,PRELIMINARY_POINT_BUFFER_PROXY,2.713464194,PRELIMINARY_90M,0.3066919300663164,0.7062441508450915,0.29027288,0.4134087389190912,0.3831705365300927,CANDIDATE_GRAPH
989,ST023__ST055,23,ST023,오이도역,55,ST055,해양생태과학관,8227.0,8.227,3.3796219383463817,0.216054457,0.216054457,0.0,0.0,PRELIMINARY_POINT_BUFFER_PROXY,1.566590717,PRELIMINARY_90M,0.6763414003961761,0.3009721368334094,0.216054457,0.22312497731430872,0.38439627835248985,CANDIDATE_GRAPH
1233,ST033__ST034,33,ST033,타원산업단지,34,ST034,군자디지털과학고등학교,7893.0,7.893,2.4341605952920373,0.09909245,0.09909245,0.0,0.0,PRELIMINARY_POINT_BUFFER_PROXY,0.916931401,PRELIMINARY_90M,0.647575574885884,0.5787069365054786,0.09909245,0.11533661103921174,0.3844664426670369,CANDIDATE_GRAPH
6,ST001__ST007,1,ST001,월곶역,7,ST007,장현지구,6606.0,6.606,2.2379457054195973,0.124628605,0.124628605,0.0,0.0,PRELIMINARY_POINT_BUFFER_PROXY,1.757575321,PRELIMINARY_90M,0.5367324089225735,0.6363462080967941,0.124628605,0.2548122292967868,0.38450457038677754,CANDIDATE_GRAPH
766,ST017__ST039,17,ST017,장곡동,39,ST039,능곡힐스테이트,4383.0,4.383,1.9825345779479786,0.337079027,0.273766902,0.063312125,0.0,PRELIMINARY_POINT_BUFFER_PROXY,1.722839209,PRELIMINARY_90M,0.3452760313495823,0.7113747207308319,0.337079027,0.24904897974272547,0.3847486588299289,CANDIDATE_GRAPH
537,ST011__ST053,11,ST011,배곧생명공원,53,ST053,오이도 빨강등대,4850.0,4.85,2.2547175666188095,0.438268244,0.425175863,0.05775481,0.0,PRELIMINARY_POINT_BUFFER_PROXY,0.820150579,PRELIMINARY_90M,0.38549651192834383,0.6314193757683111,0.438268244,0.09927919997279216,0.38566659532450137,CANDIDATE_GRAPH
727,ST016__ST038,16,ST016,물왕호수,38,ST038,능곡도서관,4155.0,4.155,2.1086022039793035,0.113688603,0.097131004,0.022219908,0.0,PRELIMINARY_POINT_BUFFER_PROXY,4.589248558,PRELIMINARY_90M,0.3256394798036345,0.6743416181950566,0.113688603,0.7246299083849838,0.38595877857803096,CANDIDATE_GRAPH
305,ST006__ST051,6,ST006,시흥시청 본청,51,ST051,연성중학교,2665.0,2.665,2.405708703853897,0.37184665,0.338316086,0.064712949,0.0,PRELIMINARY_POINT_BUFFER_PROXY,4.504771469,PRELIMINARY_90M,0.197312892946344,0.5870648460349527,0.37184665,0.7106138738469892,0.3860262253152593,CANDIDATE_GRAPH
1417,ST043__ST053,43,ST043,시흥종합버스터미널,53,ST053,오이도 빨강등대,7589.0,7.589,3.378798061680354,0.265817152,0.202500566,0.063316586,0.0,PRELIMINARY_POINT_BUFFER_PROXY,1.906364925,PRELIMINARY_90M,0.6213935061579536,0.3012141554230373,0.265817152,0.27949868870542655,0.3861096495457052,CANDIDATE_GRAPH
199,ST004__ST044,4,ST004,배곧중심상가,44,ST044,경기과학기술대학교,4681.0,4.681,2.8527491797795728,0.597922959,0.597922959,0.0,0.0,PRELIMINARY_POINT_BUFFER_PROXY,0.855658616,PRELIMINARY_90M,0.3709413487210404,0.4557440914227914,0.597922959,0.10517052363059946,0.3862346086315124,CANDIDATE_GRAPH
1231,ST032__ST054,32,ST032,희망공원,54,ST054,시흥 프리미엄 아울렛,8455.0,8.455,2.7386541658288084,0.087175815,0.087175815,0.0,0.0,PRELIMINARY_POINT_BUFFER_PROXY,1.159493291,PRELIMINARY_90M,0.6959779519421239,0.4892601691302393,0.087175815,0.15558131961151178,0.38657546869751797,CANDIDATE_GRAPH
855,ST019__ST055,19,ST019,시화병원,55,ST055,해양생태과학관,7802.0,7.802,3.1202061969026214,0.220126096,0.220126096,0.0,0.0,PRELIMINARY_POINT_BUFFER_PROXY,1.516146467,PRELIMINARY_90M,0.6397381793127207,0.37717702824537136,0.220126096,0.2147555086380948,0.3865886187042407,CANDIDATE_GRAPH
294,ST006__ST040,6,ST006,시흥시청 본청,40,ST040,갯골생태공원,3134.0,3.134,1.787243299742466,0.417517824,0.417517824,0.0,0.0,PRELIMINARY_POINT_BUFFER_PROXY,2.045098404,PRELIMINARY_90M,0.23770562397726294,0.7687426759926397,0.417517824,0.302516683954294,0.38670246218371407,CANDIDATE_GRAPH
1464,ST048__ST055,48,ST048,정왕평생학습관 사거리,55,ST055,해양생태과학관,8209.0,8.209,3.335914687355277,0.234802841,0.234802841,0.0,0.0,PRELIMINARY_POINT_BUFFER_PROXY,1.389563725,PRELIMINARY_90M,0.6747911463267591,0.31381139746252806,0.234802841,0.19375350555313925,0.38670291678984214,CANDIDATE_GRAPH
1413,ST043__ST049,43,ST043,시흥종합버스터미널,49,ST049,거북섬 웨이브파크 정문,8494.0,8.494,3.335129847015469,0.202851064,0.202851064,0.0,0.0,PRELIMINARY_POINT_BUFFER_PROXY,1.378385947,PRELIMINARY_90M,0.6993368357591939,0.3140419489029993,0.202851064,0.19189894209267205,0.38707388961021855,CANDIDATE_GRAPH
731,ST016__ST042,16,ST016,물왕호수,42,ST042,시흥시청역,3596.0,3.596,2.0217012678110553,0.0,0.0,0.0,0.0,PRELIMINARY_POINT_BUFFER_PROXY,6.248952212,PRELIMINARY_90M,0.2774954784256309,0.6998692764915169,0.0,1.0,0.38709727274727423,CANDIDATE_GRAPH
249,ST005__ST044,5,ST005,배곧중·고등학교,44,ST044,경기과학기술대학교,6221.0,6.221,3.664836525033137,0.595199119,0.595199119,0.0,0.0,PRELIMINARY_POINT_BUFFER_PROXY,0.980490573,PRELIMINARY_90M,0.5035741968822668,0.2171886837298752,0.595199119,0.12588204484266988,0.3873707921311689,CANDIDATE_GRAPH
740,ST016__ST051,16,ST016,물왕호수,51,ST051,연성중학교,2736.0,2.736,1.9961566566608884,0.363459039,0.363459039,0.145100799,0.0,PRELIMINARY_POINT_BUFFER_PROXY,3.605438126,PRELIMINARY_90M,0.203427783997933,0.7073731554312661,0.363459039,0.5614007872471636,0.3877492333226043,CANDIDATE_GRAPH
1184,ST030__ST054,30,ST030,장곡도서관,54,ST054,시흥 프리미엄 아울렛,5439.0,5.439,2.3816098548711766,0.247921112,0.247921112,0.0,0.0,PRELIMINARY_POINT_BUFFER_PROXY,2.422505924,PRELIMINARY_90M,0.436224270088709,0.5941440238815276,0.247921112,0.3651343344656522,0.3882577274772015,CANDIDATE_GRAPH
1264,ST034__ST044,34,ST034,군자디지털과학고등학교,44,ST044,경기과학기술대학교,6466.0,6.466,2.854871731872146,0.383886554,0.383886554,0.0,0.0,PRELIMINARY_POINT_BUFFER_PROXY,0.931735075,PRELIMINARY_90M,0.5246748772715528,0.455120579330462,0.383886554,0.1177927658206959,0.38830087628424026,CANDIDATE_GRAPH
1485,ST054__ST055,54,ST054,시흥 프리미엄 아울렛,55,ST055,해양생태과학관,8785.0,8.785,3.358124896093023,0.167963511,0.167963511,0.0,0.0,PRELIMINARY_POINT_BUFFER_PROXY,1.501812599,PRELIMINARY_90M,0.724399276548101,0.30728701873486375,0.167963511,0.2123773018209653,0.3888446235619528,CANDIDATE_GRAPH
1304,ST036__ST045,36,ST036,시흥시립군자도서관,45,ST045,시흥중앙도서관,6722.0,6.722,3.000023280953298,0.369603936,0.369603936,0.0,0.0,PRELIMINARY_POINT_BUFFER_PROXY,1.146482613,PRELIMINARY_90M,0.5467229351477048,0.4124814627739778,0.369603936,0.15342265015013007,0.38926370137901173,CANDIDATE_GRAPH
293,ST006__ST039,6,ST006,시흥시청 본청,39,ST039,능곡힐스테이트,2245.0,2.245,1.4839630692760302,0.123748548,0.0,0.123748548,0.0,PRELIMINARY_POINT_BUFFER_PROXY,5.463392543,PRELIMINARY_90M,0.16114029799328222,0.8578330176252039,0.123748548,0.869663697190612,0.3893523994012813,CANDIDATE_GRAPH
889,ST020__ST054,20,ST020,시화공업단지[왼쪽부근],54,ST054,시흥 프리미엄 아울렛,8020.0,8.02,3.7501993201548185,0.4009501,0.4009501,0.0,0.0,PRELIMINARY_POINT_BUFFER_PROXY,1.046900617,PRELIMINARY_90M,0.6585134785978813,0.1921128633626693,0.4009501,0.13690048169214206,0.38967488743561357,CANDIDATE_GRAPH
978,ST023__ST044,23,ST023,오이도역,44,ST044,경기과학기술대학교,4049.0,4.049,2.797259496141456,0.688072873,0.688072873,0.0,0.0,PRELIMINARY_POINT_BUFFER_PROXY,0.724665426,PRELIMINARY_90M,0.31651020583929035,0.4720445105592437,0.688072873,0.0834367601094382,0.389721206422016,CANDIDATE_GRAPH
1302,ST036__ST043,36,ST036,시흥시립군자도서관,43,ST043,시흥종합버스터미널,6625.0,6.625,2.865241405107486,0.35286474,0.35286474,0.0,0.0,PRELIMINARY_POINT_BUFFER_PROXY,1.146151704,PRELIMINARY_90M,0.5383687882180691,0.4520744271637558,0.35286474,0.15336774731164643,0.3900653084058223,CANDIDATE_GRAPH
51,ST001__ST052,1,ST001,월곶역,52,ST052,가온그린공원,6035.0,6.035,2.185669146366726,0.174249152,0.174249152,0.0,0.0,PRELIMINARY_POINT_BUFFER_PROXY,2.059195852,PRELIMINARY_90M,0.48755490483162517,0.6517027530922669,0.174249152,0.30485566509586226,0.3902754050739015,CANDIDATE_GRAPH
819,ST018__ST055,18,ST018,정왕역,55,ST055,해양생태과학관,8302.0,8.302,3.3241718335944097,0.233602738,0.233602738,0.0,0.0,PRELIMINARY_POINT_BUFFER_PROXY,1.413734722,PRELIMINARY_90M,0.6828007923520799,0.3172609294405535,0.233602738,0.19776384176121772,0.39049772397552135,CANDIDATE_GRAPH
956,ST022__ST054,22,ST022,오이도박물관,54,ST054,시흥 프리미엄 아울렛,8460.0,8.46,2.856440174871226,0.087101923,0.087101923,0.0,0.0,PRELIMINARY_POINT_BUFFER_PROXY,1.590310318,PRELIMINARY_90M,0.6964085780725174,0.45465984002541626,0.087101923,0.22706042005717422,0.3905095140890405,CANDIDATE_GRAPH
866,ST020__ST031,20,ST020,시화공업단지[왼쪽부근],31,ST031,마전저수지,5736.0,5.736,3.0,0.215509815,0.215509815,0.0,0.0,PRELIMINARY_POINT_BUFFER_PROXY,3.941832982,PRELIMINARY_90M,0.46180346223408836,0.412488301690183,0.215509815,0.6172138127184809,0.3905883977777397,CANDIDATE_GRAPH
1182,ST030__ST052,30,ST030,장곡도서관,52,ST052,가온그린공원,791.0,0.791,1.4122876848564432,0.639846456,0.639846456,0.0,0.0,PRELIMINARY_POINT_BUFFER_PROXY,1.92746504,PRELIMINARY_90M,0.0359142192748256,0.8788880810388843,0.639846456,0.2829995188606377,0.39075913478306146,CANDIDATE_GRAPH
967,ST023__ST033,23,ST023,오이도역,33,ST033,타원산업단지,7209.0,7.209,2.595996605722783,0.210133722,0.210133722,0.0,0.0,PRELIMINARY_POINT_BUFFER_PROXY,1.311515284,PRELIMINARY_90M,0.5886659202480407,0.5311666618375522,0.210133722,0.18080408154194214,0.3919204471856159,CANDIDATE_GRAPH
502,ST011__ST018,11,ST011,배곧생명공원,18,ST018,정왕역,4076.0,4.076,2.781020281378694,0.694066874,0.694066874,0.0,0.0,PRELIMINARY_POINT_BUFFER_PROXY,0.684774711,PRELIMINARY_90M,0.31883558694341574,0.47681487488148777,0.694066874,0.07681828348099637,0.3919948914286425,CANDIDATE_GRAPH
1470,ST049__ST055,49,ST049,거북섬 웨이브파크 정문,55,ST055,해양생태과학관,676.0,0.676,1.555560248126299,0.855999995,0.855999995,0.0,0.0,PRELIMINARY_POINT_BUFFER_PROXY,0.286663062,PRELIMINARY_90M,0.026009818275772974,0.8368009275549474,0.855999995,0.010765502917475826,0.3920784460951314,CANDIDATE_GRAPH
69,ST002__ST017,2,ST002,월곶포구,17,ST017,장곡동,4791.0,4.791,2.1304248058352484,0.31944135,0.31944135,0.0,0.0,PRELIMINARY_POINT_BUFFER_PROXY,2.098557604,PRELIMINARY_90M,0.3804151235896994,0.667931101256094,0.31944135,0.3113863787134678,0.39329980781463375,CANDIDATE_GRAPH
97,ST002__ST045,2,ST002,월곶포구,45,ST045,시흥중앙도서관,5883.0,5.883,3.0629597313091463,0.524937449,0.524937449,0.0,0.0,PRELIMINARY_POINT_BUFFER_PROXY,0.9182433,PRELIMINARY_90M,0.47446387046766,0.39399351235689983,0.524937449,0.11555427504624637,0.39342856064199794,CANDIDATE_GRAPH
1463,ST048__ST054,48,ST048,정왕평생학습관 사거리,54,ST054,시흥 프리미엄 아울렛,6215.0,6.215,3.18555666739969,0.509215425,0.509215425,0.0,0.0,PRELIMINARY_POINT_BUFFER_PROXY,0.985908915,PRELIMINARY_90M,0.5030574455257945,0.3579799452918322,0.509215425,0.12678103023042,0.3939871057769575,CANDIDATE_GRAPH
718,ST016__ST029,16,ST016,물왕호수,29,ST029,관곡공원,5128.0,5.128,2.2882225092974817,0.0,0.0,0.0,0.0,PRELIMINARY_POINT_BUFFER_PROXY,5.333892509,PRELIMINARY_90M,0.40943932477822753,0.6215771028808512,0.0,0.8481776709709411,0.394845834894191,CANDIDATE_GRAPH
1245,ST033__ST046,33,ST033,타원산업단지,46,ST046,배곧1동행정복지센터,8326.0,8.326,3.7254156810420254,0.412918588,0.412918588,0.0,0.0,PRELIMINARY_POINT_BUFFER_PROXY,0.706944131,PRELIMINARY_90M,0.6848677977779691,0.1993932023153966,0.412918588,0.08049652760713226,0.39488649582643837,CANDIDATE_GRAPH
290,ST006__ST036,6,ST006,시흥시청 본청,36,ST036,시흥시립군자도서관,6369.0,6.369,3.006830634630671,0.244304171,0.244304171,0.0,0.0,PRELIMINARY_POINT_BUFFER_PROXY,3.089108296,PRELIMINARY_90M,0.5163207303419172,0.4104817628139833,0.244304171,0.4757338115506301,0.39524472266506216,CANDIDATE_GRAPH
400,ST008__ST051,8,ST008,시흥능곡역,51,ST051,연성중학교,3584.0,3.584,2.033364282623199,0.203001614,0.178070339,0.048116588,0.0,PRELIMINARY_POINT_BUFFER_PROXY,4.581588549,PRELIMINARY_90M,0.27646197571268627,0.6964431976716694,0.203001614,0.7233589963308841,0.3953045839834067,CANDIDATE_GRAPH
245,ST005__ST040,5,ST005,배곧중·고등학교,40,ST040,갯골생태공원,7834.0,7.834,2.945528375281883,0.215888323,0.215888323,0.0,0.0,PRELIMINARY_POINT_BUFFER_PROXY,1.459394358,PRELIMINARY_90M,0.6424941865472397,0.42848966006410105,0.215888323,0.2053394701682082,0.3953438985795853,CANDIDATE_GRAPH
821,ST019__ST021,19,ST019,시화병원,21,ST021,오이도 포구 해양관광 단지,6987.0,6.987,3.178864864464529,0.319803247,0.245867275,0.073935972,0.0,PRELIMINARY_POINT_BUFFER_PROXY,1.994010885,PRELIMINARY_90M,0.5695461200585652,0.3599457015454276,0.319803247,0.29404048716246967,0.39538716715395383,CANDIDATE_GRAPH
260,ST005__ST055,5,ST005,배곧중·고등학교,55,ST055,해양생태과학관,8840.0,8.84,2.8691554302913267,0.061797594,0.061797594,0.0,0.0,PRELIMINARY_POINT_BUFFER_PROXY,1.619226112,PRELIMINARY_90M,0.7291361639824304,0.450924659372263,0.061797594,0.23185799028828785,0.3956106863115464,CANDIDATE_GRAPH
785,ST018__ST021,18,ST018,정왕역,21,ST021,오이도 포구 해양관광 단지,7487.0,7.487,3.4012024390536584,0.328131644,0.259105734,0.06902591,0.0,PRELIMINARY_POINT_BUFFER_PROXY,1.85716378,PRELIMINARY_90M,0.6126087330979244,0.29463273852295524,0.328131644,0.2713354700648211,0.39607283579858776,CANDIDATE_GRAPH
31,ST001__ST032,1,ST001,월곶역,32,ST032,희망공원,9862.0,9.862,3.6110472422904527,0.173219947,0.173219947,0.0,0.0,PRELIMINARY_POINT_BUFFER_PROXY,1.055008756,PRELIMINARY_90M,0.8171561450348808,0.232989600157386,0.173219947,0.13824574533235656,0.396644419343539,CANDIDATE_GRAPH
226,ST005__ST021,5,ST005,배곧중·고등학교,21,ST021,오이도 포구 해양관광 단지,7186.0,7.186,2.4829722843337407,0.221699643,0.182295673,0.03940397,0.0,PRELIMINARY_POINT_BUFFER_PROXY,1.167919642,PRELIMINARY_90M,0.5866850400482301,0.5643682173423477,0.221699643,0.15697937946470186,0.39718522515505533,CANDIDATE_GRAPH
430,ST009__ST035,9,ST009,능곡중앙공원,35,ST035,산들공원,5085.0,5.085,3.1705169235060016,0.415926001,0.415926001,0.064729724,0.0,PRELIMINARY_POINT_BUFFER_PROXY,3.401700163,PRELIMINARY_90M,0.40573594005684266,0.362397958030395,0.415926001,0.5275975589409814,0.3976083047171211,CANDIDATE_GRAPH
969,ST023__ST035,23,ST023,오이도역,35,ST035,산들공원,5368.0,5.368,1.6394358943294012,0.193630337,0.193630337,0.0,0.0,PRELIMINARY_POINT_BUFFER_PROXY,1.70575784,PRELIMINARY_90M,0.43010937903712,0.8121619658811384,0.193630337,0.2462149207014601,0.3983104981944387,CANDIDATE_GRAPH
1046,ST025__ST051,25,ST025,목감동행정복지센터,51,ST051,연성중학교,4855.0,4.855,2.2406696427083874,0.255573087,0.248649808,0.132560721,0.0,PRELIMINARY_POINT_BUFFER_PROXY,3.153385578,PRELIMINARY_90M,0.3859271380587374,0.6355460355854807,0.255573087,0.48639839073044083,0.3990367357972203,CANDIDATE_GRAPH
917,ST021__ST048,21,ST021,오이도 포구 해양관광 단지,48,ST048,정왕평생학습관 사거리,6488.0,6.488,2.9194215933920336,0.468500047,0.458328592,0.041609985,0.0,PRELIMINARY_POINT_BUFFER_PROXY,0.649691948,PRELIMINARY_90M,0.5265696322452846,0.43615867994685575,0.468500047,0.07099751925110818,0.399305746912887,CANDIDATE_GRAPH
480,ST010__ST040,10,ST010,은계호수공원,40,ST040,갯골생태공원,7454.0,7.454,2.3810988212602635,0.143643119,0.143643119,0.0,0.0,PRELIMINARY_POINT_BUFFER_PROXY,1.480173201,PRELIMINARY_90M,0.6097666006373267,0.5942941429938482,0.143643119,0.20878699640988027,0.399505968033316,CANDIDATE_GRAPH
100,ST002__ST048,2,ST002,월곶포구,48,ST048,정왕평생학습관 사거리,5879.0,5.879,3.2010053406486016,0.584418621,0.584418621,0.0,0.0,PRELIMINARY_POINT_BUFFER_PROXY,0.901110981,PRELIMINARY_90M,0.4741193695633451,0.35344180716328144,0.584418621,0.11271176262468385,0.39964156042352966,CANDIDATE_GRAPH
207,ST004__ST052,4,ST004,배곧중심상가,52,ST052,가온그린공원,7328.0,7.328,2.8710091488484712,0.228775204,0.228775204,0.0,0.0,PRELIMINARY_POINT_BUFFER_PROXY,1.940013751,PRELIMINARY_90M,0.5989148221514081,0.45038011870341477,0.228775204,0.28508154096704946,0.39965224363873314,CANDIDATE_GRAPH
162,ST004__ST007,4,ST004,배곧중심상가,7,ST007,장현지구,7899.0,7.899,2.8650445619521356,0.183317918,0.183317918,0.0,0.0,PRELIMINARY_POINT_BUFFER_PROXY,1.69100406,PRELIMINARY_90M,0.6480923262423564,0.45213225099200605,0.183317918,0.2437670440938041,0.3996533004972965,CANDIDATE_GRAPH
541,ST012__ST014,12,ST012,신천역,14,ST014,시흥대야역,1380.0,1.38,1.9626229682490228,0.849065167,0.772905097,0.341400609,0.0,PRELIMINARY_POINT_BUFFER_PROXY,0.782071988,PRELIMINARY_90M,0.08664197743519077,0.7172238725459898,0.849065167,0.09296138229072015,0.3999799657051228,CANDIDATE_GRAPH
781,ST017__ST054,17,ST017,장곡동,54,ST054,시흥 프리미엄 아울렛,5652.0,5.652,2.211420227168932,0.275865288,0.275865288,0.0,0.0,PRELIMINARY_POINT_BUFFER_PROXY,1.957119868,PRELIMINARY_90M,0.454568943243476,0.6441382224845582,0.275865288,0.28791970607810075,0.4000810525438433,CANDIDATE_GRAPH
29,ST001__ST030,1,ST001,월곶역,30,ST030,장곡도서관,6268.0,6.268,2.1504305313841865,0.222809114,0.222809114,0.0,0.0,PRELIMINARY_POINT_BUFFER_PROXY,1.637690152,PRELIMINARY_90M,0.5076220825079666,0.6620543023595057,0.222809114,0.23492145548831286,0.40101908617293636,CANDIDATE_GRAPH
987,ST023__ST053,23,ST023,오이도역,53,ST053,오이도 빨강등대,7777.0,7.777,3.394685268486207,0.291043366,0.22930015,0.061743216,0.0,PRELIMINARY_POINT_BUFFER_PROXY,2.063935872,PRELIMINARY_90M,0.6375850486607527,0.2965471954970843,0.291043366,0.30564210654190666,0.40107136361196627,CANDIDATE_GRAPH
190,ST004__ST035,4,ST004,배곧중심상가,35,ST035,산들공원,5634.0,5.634,1.616302802962953,0.164000859,0.164000859,0.0,0.0,PRELIMINARY_POINT_BUFFER_PROXY,1.742014497,PRELIMINARY_90M,0.4530186891740591,0.8189574467790675,0.164000859,0.25223045180888526,0.4011828130880669,CANDIDATE_GRAPH
983,ST023__ST049,23,ST023,오이도역,49,ST049,거북섬 웨이브파크 정문,8682.0,8.682,3.3503340740955077,0.226850983,0.226850983,0.0,0.0,PRELIMINARY_POINT_BUFFER_PROXY,1.531386353,PRELIMINARY_90M,0.7155283782619929,0.3095756182663586,0.226850983,0.2172840376281397,0.4016554074391902,CANDIDATE_GRAPH
515,ST011__ST031,11,ST011,배곧생명공원,31,ST031,마전저수지,5237.0,5.237,2.7807944252833114,0.275602846,0.275602846,0.0,0.0,PRELIMINARY_POINT_BUFFER_PROXY,3.886572379,PRELIMINARY_90M,0.41882697442080785,0.47688122143057365,0.275602846,0.6080452377899767,0.402073182501894,CANDIDATE_GRAPH
401,ST008__ST052,8,ST008,시흥능곡역,52,ST052,가온그린공원,2055.0,2.055,2.0,0.328329708,0.328329708,0.0,0.0,PRELIMINARY_POINT_BUFFER_PROXY,5.381209551,PRELIMINARY_90M,0.14477650503832573,0.7062441508450915,0.328329708,0.856028288253785,0.40240727717050007,CANDIDATE_GRAPH
59,ST002__ST007,2,ST002,월곶포구,7,ST007,장현지구,5926.0,5.926,2.18303415787715,0.266832809,0.266832809,0.0,0.0,PRELIMINARY_POINT_BUFFER_PROXY,1.765903969,PRELIMINARY_90M,0.47816725518904485,0.6524767963735356,0.266832809,0.25619407873554767,0.40299121265120497,CANDIDATE_GRAPH
849,ST019__ST049,19,ST019,시화병원,49,ST049,거북섬 웨이브파크 정문,8257.0,8.257,3.103647670093521,0.2312599,0.2312599,0.0,0.0,PRELIMINARY_POINT_BUFFER_PROXY,1.481977045,PRELIMINARY_90M,0.6789251571785376,0.38204119234893297,0.2312599,0.2090862815782548,0.40320996071901294,CANDIDATE_GRAPH
1462,ST048__ST053,48,ST048,정왕평생학습관 사거리,53,ST053,오이도 빨강등대,7759.0,7.759,3.3484815650864204,0.311112041,0.249179746,0.061932295,0.0,PRELIMINARY_POINT_BUFFER_PROXY,1.877210963,PRELIMINARY_90M,0.6360347945913358,0.3101198036233901,0.311112041,0.27466160277895263,0.40361338949848835,CANDIDATE_GRAPH
1458,ST048__ST049,48,ST048,정왕평생학습관 사거리,49,ST049,거북섬 웨이브파크 정문,8664.0,8.664,3.3088352366871927,0.244647215,0.244647215,0.0,0.0,PRELIMINARY_POINT_BUFFER_PROXY,1.363499277,PRELIMINARY_90M,0.713978124192576,0.32176614448817964,0.244647215,0.1894290170118525,0.4038217286668154,CANDIDATE_GRAPH
1235,ST033__ST036,33,ST033,타원산업단지,36,ST036,시흥시립군자도서관,8292.0,8.292,2.7666997178454844,0.141881676,0.141881676,0.0,0.0,PRELIMINARY_POINT_BUFFER_PROXY,1.568226714,PRELIMINARY_90M,0.6819395400912928,0.48102162418256256,0.141881676,0.2233964141112852,0.40386304498515774,CANDIDATE_GRAPH
915,ST021__ST046,21,ST021,오이도 포구 해양관광 단지,46,ST046,배곧1동행정복지센터,7042.0,7.042,2.427569715247588,0.267215226,0.257844371,0.038334839,0.0,PRELIMINARY_POINT_BUFFER_PROXY,1.024008484,PRELIMINARY_90M,0.5742830074928946,0.5806430460696139,0.267215226,0.13310232848191053,0.40389681760872254,CANDIDATE_GRAPH
1268,ST034__ST048,34,ST034,군자디지털과학고등학교,48,ST048,정왕평생학습관 사거리,7176.0,7.176,2.984758946773873,0.400823068,0.400823068,0.0,0.0,PRELIMINARY_POINT_BUFFER_PROXY,0.853683595,PRELIMINARY_90M,0.5858237877874429,0.4169654502226392,0.400823068,0.10484283759315485,0.4043636084091061,CANDIDATE_GRAPH
238,ST005__ST033,5,ST005,배곧중·고등학교,33,ST033,타원산업단지,7823.0,7.823,3.498818298568182,0.451711355,0.451711355,0.0,0.0,PRELIMINARY_POINT_BUFFER_PROXY,0.777002986,PRELIMINARY_90M,0.6415468090603738,0.26595750882028,0.451711355,0.0921203577248149,0.404478777343909,CANDIDATE_GRAPH
1393,ST041__ST054,41,ST041,연꽃테마파크,54,ST054,시흥 프리미엄 아울렛,8437.0,8.437,2.489736395352416,0.047911633,0.047911633,0.0,0.0,PRELIMINARY_POINT_BUFFER_PROXY,1.716462461,PRELIMINARY_90M,0.6944276978727069,0.5623812201662786,0.047911633,0.24799098021568108,0.40470249357105526,CANDIDATE_GRAPH
1303,ST036__ST044,36,ST036,시흥시립군자도서관,44,ST044,경기과학기술대학교,6648.0,6.648,2.8654297237561406,0.400791009,0.400791009,0.0,0.0,PRELIMINARY_POINT_BUFFER_PROXY,1.240684205,PRELIMINARY_90M,0.5403496684178796,0.4520191074592086,0.400791009,0.16905212771186373,0.4050817768448791,CANDIDATE_GRAPH
913,ST021__ST044,21,ST021,오이도 포구 해양관광 단지,44,ST044,경기과학기술대학교,6851.0,6.851,2.278241070460119,0.18968619,0.111387683,0.078298507,0.0,PRELIMINARY_POINT_BUFFER_PROXY,1.751180439,PRELIMINARY_90M,0.5578330893118595,0.6245092089223085,0.18968619,0.2537512210632006,0.4056276537030926,CANDIDATE_GRAPH
1361,ST039__ST051,39,ST039,능곡힐스테이트,51,ST051,연성중학교,3723.0,3.723,2.3660104994858293,0.437314546,0.37191324,0.194272542,0.0,PRELIMINARY_POINT_BUFFER_PROXY,3.261333916,PRELIMINARY_90M,0.2884333821376281,0.5987264257690195,0.437314546,0.5043086626353726,0.4056719047972796,CANDIDATE_GRAPH
853,ST019__ST053,19,ST019,시화병원,53,ST053,오이도 빨강등대,7352.0,7.352,3.1202256848674432,0.29974064,0.23439461,0.06534603,0.0,PRELIMINARY_POINT_BUFFER_PROXY,2.03323403,PRELIMINARY_90M,0.6009818275772973,0.3771713035417168,0.29974064,0.3005482037696171,0.40579529092584,CANDIDATE_GRAPH
1214,ST032__ST037,32,ST032,희망공원,37,ST037,군자동행정복지센터,9096.0,9.096,3.5455391300585832,0.270792335,0.270792335,0.0,0.0,PRELIMINARY_POINT_BUFFER_PROXY,1.231745271,PRELIMINARY_90M,0.7511842218585824,0.2522329912925939,0.270792335,0.16756902253908898,0.40619451303988596,CANDIDATE_GRAPH
223,ST005__ST018,5,ST005,배곧중·고등학교,18,ST018,정왕역,5442.0,5.442,2.30587117901592,0.400251355,0.400251355,0.0,0.0,PRELIMINARY_POINT_BUFFER_PROXY,1.438578665,PRELIMINARY_90M,0.4364826457669451,0.6163927029212568,0.400251355,0.2018858299507962,0.40639317984530154,CANDIDATE_GRAPH
637,ST014__ST027,14,ST014,시흥대야역,27,ST027,은행동행정복지센터,1905.0,1.905,2.4973236886392187,0.756121681,0.589126823,0.182065921,0.0,PRELIMINARY_POINT_BUFFER_PROXY,2.616675973,PRELIMINARY_90M,0.13185772112651795,0.5601524083840266,0.756121681,0.39735010024598233,0.40681361935798394,CANDIDATE_GRAPH
817,ST018__ST053,18,ST018,정왕역,53,ST053,오이도 빨강등대,7852.0,7.852,3.3359167327855648,0.308951268,0.247742651,0.061208617,0.0,PRELIMINARY_POINT_BUFFER_PROXY,1.9006229,PRELIMINARY_90M,0.6440444406166567,0.313810796605417,0.308951268,0.27854599938254954,0.4071974304442957,CANDIDATE_GRAPH
857,ST020__ST022,20,ST020,시화공업단지[왼쪽부근],22,ST022,오이도박물관,7541.0,7.541,2.850981623778786,0.280507698,0.217487892,0.063019806,0.0,PRELIMINARY_POINT_BUFFER_PROXY,1.429589168,PRELIMINARY_90M,0.6172594953061752,0.4562633213367314,0.280507698,0.2003943356069132,0.40747956246554456,CANDIDATE_GRAPH
813,ST018__ST049,18,ST018,정왕역,49,ST049,거북섬 웨이브파크 정문,8757.0,8.757,3.2979845713783864,0.243406156,0.243406156,0.0,0.0,PRELIMINARY_POINT_BUFFER_PROXY,1.386891051,PRELIMINARY_90M,0.7219877702178968,0.32495359088986375,0.243406156,0.19331006826693262,0.4075344869942765,CANDIDATE_GRAPH
1053,ST026__ST029,26,ST026,은계파크자이,29,ST029,관곡공원,6175.0,6.175,2.002908151887456,0.217079342,0.217079342,0.0,0.0,PRELIMINARY_POINT_BUFFER_PROXY,1.735808496,PRELIMINARY_90M,0.49961243648264575,0.7053898642179204,0.217079342,0.2512007818073677,0.40789227838361525,CANDIDATE_GRAPH
762,ST017__ST035,17,ST017,장곡동,35,ST035,산들공원,4443.0,4.443,1.9603175955328784,0.196620513,0.196620513,0.0,0.0,PRELIMINARY_POINT_BUFFER_PROXY,3.98214452,PRELIMINARY_90M,0.3504435449143054,0.7179010892658393,0.196620513,0.6239021102862116,0.4089759033661065,CANDIDATE_GRAPH
379,ST008__ST030,8,ST008,시흥능곡역,30,ST030,장곡도서관,2575.0,2.575,2.0,0.366377515,0.366377515,0.0,0.0,PRELIMINARY_POINT_BUFFER_PROXY,4.637122017,PRELIMINARY_90M,0.18956162259925932,0.7062441508450915,0.366377515,0.7325728437150265,0.40907570338601307,CANDIDATE_GRAPH
446,ST009__ST051,9,ST009,능곡중앙공원,51,ST051,연성중학교,3757.0,3.757,2.362689895391398,0.44241947,0.386984181,0.201582447,0.0,PRELIMINARY_POINT_BUFFER_PROXY,3.307538535,PRELIMINARY_90M,0.2913616398243045,0.5997018726444865,0.44241947,0.5119747120149728,0.4093180227696498,CANDIDATE_GRAPH
871,ST020__ST036,20,ST020,시화공업단지[왼쪽부근],36,ST036,시흥시립군자도서관,7436.0,7.436,3.1412046717136963,0.343691843,0.343691843,0.0,0.0,PRELIMINARY_POINT_BUFFER_PROXY,1.683238037,PRELIMINARY_90M,0.6082163465679098,0.37100860344628606,0.343691843,0.24247854270390817,0.4093721841436119,CANDIDATE_GRAPH
1334,ST038__ST040,38,ST038,능곡도서관,40,ST040,갯골생태공원,5500.0,5.5,2.0148239264657657,0.262666238,0.262666238,0.0,0.0,PRELIMINARY_POINT_BUFFER_PROXY,2.195794192,PRELIMINARY_90M,0.4414779088795108,0.7018895357383306,0.262666238,0.32751940829459786,0.4096896459996846,CANDIDATE_GRAPH
1206,ST031__ST052,31,ST031,마전저수지,52,ST052,가온그린공원,2690.0,2.69,2.0640110584536466,0.390648941,0.390648941,0.0,0.0,PRELIMINARY_POINT_BUFFER_PROXY,4.432005921,PRELIMINARY_90M,0.19946602359831195,0.6874405280137361,0.390648941,0.6985409621733388,0.4097445934381573,CANDIDATE_GRAPH
1390,ST041__ST051,41,ST041,연꽃테마파크,51,ST051,연성중학교,2393.0,2.393,1.8827646315644875,0.438765774,0.401394363,0.072125664,0.0,PRELIMINARY_POINT_BUFFER_PROXY,3.886342784,PRELIMINARY_90M,0.17388683145293257,0.7406827260508541,0.438765774,0.6080071444857702,0.4098894513915627,CANDIDATE_GRAPH
365,ST008__ST016,8,ST008,시흥능곡역,16,ST016,물왕호수,5244.0,5.244,1.760127283972371,0.0,0.0,0.0,0.0,PRELIMINARY_POINT_BUFFER_PROXY,4.553952786,PRELIMINARY_90M,0.4194298510033589,0.776708164230882,0.0,0.7187738027206755,0.40995815110545336,CANDIDATE_GRAPH
1404,ST042__ST052,42,ST042,시흥시청역,52,ST052,가온그린공원,2348.0,2.348,1.8054173231380168,0.604898084,0.604898084,0.0,0.0,PRELIMINARY_POINT_BUFFER_PROXY,2.110928432,PRELIMINARY_90M,0.17001119627939024,0.7634039503175185,0.604898084,0.3134388873233655,0.41042506285979513,CANDIDATE_GRAPH
236,ST005__ST031,5,ST005,배곧중·고등학교,31,ST031,마전저수지,4886.0,4.886,2.447063154558197,0.250376445,0.250376445,0.0,0.0,PRELIMINARY_POINT_BUFFER_PROXY,4.115145494,PRELIMINARY_90M,0.38859702006717767,0.5749167342519763,0.250376445,0.6459689957250663,0.41048176448266743,CANDIDATE_GRAPH
261,ST006__ST007,6,ST006,시흥시청 본청,7,ST007,장현지구,616.0,0.616,1.9913878469423045,0.790782282,0.790782282,0.0,0.0,PRELIMINARY_POINT_BUFFER_PROXY,2.79823581,PRELIMINARY_90M,0.020842304711049867,0.708774021179607,0.790782282,0.42747363996815096,0.41086622738001144,CANDIDATE_GRAPH
270,ST006__ST016,6,ST006,시흥시청 본청,16,ST016,물왕호수,4622.0,4.622,1.9307119944807511,0.057014033,0.057014033,0.0,0.0,PRELIMINARY_POINT_BUFFER_PROXY,5.215434929,PRELIMINARY_90M,0.365859960382396,0.7265979077426484,0.057014033,0.8285237559009357,0.41190263931750865,CANDIDATE_GRAPH
41,ST001__ST042,1,ST001,월곶역,42,ST042,시흥시청역,7620.0,7.62,2.205037081450518,0.116366312,0.116366312,0.0,0.0,PRELIMINARY_POINT_BUFFER_PROXY,1.658554214,PRELIMINARY_90M,0.624063388166394,0.6460133088753506,0.116366312,0.23838312085884736,0.41247389376213506,CANDIDATE_GRAPH
104,ST002__ST052,2,ST002,월곶포구,52,ST052,가온그린공원,5466.0,5.466,2.0586538771061926,0.303016369,0.303016369,0.0,0.0,PRELIMINARY_POINT_BUFFER_PROXY,2.048266632,PRELIMINARY_90M,0.4385496511928344,0.6890142313695342,0.303016369,0.303042341189858,0.41250566761987756,CANDIDATE_GRAPH
222,ST005__ST017,5,ST005,배곧중·고등학교,17,ST017,장곡동,7558.0,7.558,2.9182323798804926,0.280728112,0.280728112,0.0,0.0,PRELIMINARY_POINT_BUFFER_PROXY,1.776110559,PRELIMINARY_90M,0.6187236241495134,0.4365080183717649,0.280728112,0.25788750732841914,0.41272002622594556,CANDIDATE_GRAPH
254,ST005__ST049,5,ST005,배곧중·고등학교,49,ST049,거북섬 웨이브파크 정문,9295.0,9.295,2.866697133352073,0.079416582,0.079416582,0.0,0.0,PRELIMINARY_POINT_BUFFER_PROXY,1.583882716,PRELIMINARY_90M,0.7683231418482473,0.4516467984771283,0.079416582,0.2259939830776935,0.4129957023039662,CANDIDATE_GRAPH
1483,ST053__ST054,53,ST053,오이도 빨강등대,54,ST054,시흥 프리미엄 아울렛,7846.0,7.846,2.4519918002424586,0.190480413,0.190480413,0.0,0.0,PRELIMINARY_POINT_BUFFER_PROXY,1.245480791,PRELIMINARY_90M,0.6435276892601843,0.5734689157538123,0.190480413,0.169847954318063,0.4130257707895364,CANDIDATE_GRAPH
1119,ST028__ST040,28,ST028,매화산업단지,40,ST040,갯골생태공원,6811.0,6.811,1.9533744447506738,0.165783342,0.165783342,0.0,0.0,PRELIMINARY_POINT_BUFFER_PROXY,1.57948831,PRELIMINARY_90M,0.5543880802687107,0.7199406804196764,0.165783342,0.22526488425339605,0.4132595323159934,CANDIDATE_GRAPH
469,ST010__ST029,10,ST010,은계호수공원,29,ST029,관곡공원,6442.0,6.442,1.9174650738285552,0.188232734,0.166201252,0.022031482,0.0,PRELIMINARY_POINT_BUFFER_PROXY,1.720342834,PRELIMINARY_90M,0.5226078718456636,0.7304892681675219,0.188232734,0.24863479314332942,0.41336401125098604,CANDIDATE_GRAPH
1272,ST034__ST052,34,ST034,군자디지털과학고등학교,52,ST052,가온그린공원,4271.0,4.271,1.90358243319081,0.218270531,0.218270531,0.0,0.0,PRELIMINARY_POINT_BUFFER_PROXY,4.023457066,PRELIMINARY_90M,0.3356300060287658,0.7345673750565753,0.218270531,0.6307564903133038,0.41356508341837867,CANDIDATE_GRAPH
1064,ST026__ST040,26,ST026,은계파크자이,40,ST040,갯골생태공원,7430.0,7.43,2.258596133098155,0.180341115,0.180341115,0.0,0.0,PRELIMINARY_POINT_BUFFER_PROXY,1.420352121,PRELIMINARY_90M,0.6076995952114375,0.6302800241786672,0.180341115,0.19886176895110574,0.4136654072524024,CANDIDATE_GRAPH
1446,ST046__ST052,46,ST046,배곧1동행정복지센터,52,ST052,가온그린공원,7614.0,7.614,2.9124827258011097,0.262335461,0.262335461,0.0,0.0,PRELIMINARY_POINT_BUFFER_PROXY,1.923953071,PRELIMINARY_90M,0.6235466368099216,0.438197012888201,0.262335461,0.2824168297625277,0.4138271151754919,CANDIDATE_GRAPH
778,ST017__ST051,17,ST017,장곡동,51,ST051,연성중학교,3517.0,3.517,2.16312007370754,0.462338053,0.436932527,0.049031879,0.0,PRELIMINARY_POINT_BUFFER_PROXY,3.114219406,PRELIMINARY_90M,0.2706915855654121,0.6583266750789218,0.462338053,0.4799001268109415,0.41397692223531984,CANDIDATE_GRAPH
1192,ST031__ST038,31,ST031,마전저수지,38,ST038,능곡도서관,5844.0,5.844,2.1645947711014233,0.237305503,0.225553598,0.01577078,0.0,PRELIMINARY_POINT_BUFFER_PROXY,2.588128648,PRELIMINARY_90M,0.47110498665059,0.6578934740937351,0.237305503,0.3926136646288962,0.4146838655907879,CANDIDATE_GRAPH
1108,ST028__ST029,28,ST028,매화산업단지,29,ST029,관곡공원,5556.0,5.556,1.6000991552975863,0.203318057,0.203318057,0.0,0.0,PRELIMINARY_POINT_BUFFER_PROXY,1.965812089,PRELIMINARY_90M,0.446300921539919,0.8237173630584143,0.203318057,0.2893618778099875,0.41518259107215266,CANDIDATE_GRAPH
1428,ST044__ST053,44,ST044,경기과학기술대학교,53,ST053,오이도 빨강등대,7517.0,7.517,2.3403445170894934,0.155814441,0.091898306,0.063916136,0.0,PRELIMINARY_POINT_BUFFER_PROXY,1.828089522,PRELIMINARY_90M,0.615192489880286,0.60626595822225,0.155814441,0.26651160824478887,0.4155009145892684,CANDIDATE_GRAPH
435,ST009__ST040,9,ST009,능곡중앙공원,40,ST040,갯골생태공원,5511.0,5.511,1.9576878879411694,0.325495522,0.303897424,0.106224801,0.0,PRELIMINARY_POINT_BUFFER_PROXY,1.652679251,PRELIMINARY_90M,0.44242528636637674,0.7186735812524709,0.325495522,0.23740837509887638,0.41556870324355755,CANDIDATE_GRAPH
1037,ST025__ST042,25,ST025,목감동행정복지센터,42,ST042,시흥시청역,5715.0,5.715,2.220000001279592,0.043183038,0.037299924,0.043183038,0.0,PRELIMINARY_POINT_BUFFER_PROXY,4.879937643,PRELIMINARY_90M,0.4599948324864353,0.641617863655124,0.043183038,0.7728596509507825,0.4160464712438945,CANDIDATE_GRAPH
1081,ST027__ST029,27,ST027,은행동행정복지센터,29,ST029,관곡공원,6511.0,6.511,2.105093847144432,0.221221899,0.221221899,0.0,0.0,PRELIMINARY_POINT_BUFFER_PROXY,1.86056218,PRELIMINARY_90M,0.5285505124450952,0.6753722185362228,0.221221899,0.2718993163376718,0.4161574952636787,CANDIDATE_GRAPH
891,ST021__ST022,21,ST021,오이도 포구 해양관광 단지,22,ST022,오이도박물관,983.0,0.983,1.6751107429937875,0.54496198,0.0,0.54496198,0.0,PRELIMINARY_POINT_BUFFER_PROXY,4.304877321,PRELIMINARY_90M,0.05245026268193954,0.8016822704182588,0.54496198,0.6774483929399586,0.41655179996332437,CANDIDATE_GRAPH
1051,ST026__ST027,26,ST026,은계파크자이,27,ST027,은행동행정복지센터,457.0,0.457,1.0,0.754632796,0.754632796,0.0,0.0,PRELIMINARY_POINT_BUFFER_PROXY,1.276801074,PRELIMINARY_90M,0.007148393764533632,1.0,0.754632796,0.17504446586295966,0.41741680669703074,CANDIDATE_GRAPH
1141,ST029__ST036,29,ST029,관곡공원,36,ST036,시흥시립군자도서관,8009.0,8.009,3.037861813989035,0.16296721,0.16296721,0.0,0.0,PRELIMINARY_POINT_BUFFER_PROXY,2.924765057,PRELIMINARY_90M,0.6575661011110154,0.4013661723712888,0.16296721,0.4484667674185826,0.4184331874759006,CANDIDATE_GRAPH
1170,ST030__ST040,30,ST030,장곡도서관,40,ST040,갯골생태공원,1629.0,1.629,2.0,0.602351411,0.602351411,0.0,0.0,PRELIMINARY_POINT_BUFFER_PROXY,3.804091528,PRELIMINARY_90M,0.10808715872879167,0.7062441508450915,0.602351411,0.594360409512582,0.4188212499009827,CANDIDATE_GRAPH
1324,ST037__ST047,37,ST037,군자동행정복지센터,47,ST047,배곧2동행정복지센터,8163.0,8.163,3.5424936882987414,0.452447186,0.452447186,0.0,0.0,PRELIMINARY_POINT_BUFFER_PROXY,1.047777503,PRELIMINARY_90M,0.670829385927138,0.25312760762280806,0.452447186,0.13704597042296096,0.419084498662504,CANDIDATE_GRAPH
1036,ST025__ST041,25,ST025,목감동행정복지센터,41,ST041,연꽃테마파크,6054.0,6.054,2.1947241513999223,0.22938676,0.197850453,0.130745712,0.0,PRELIMINARY_POINT_BUFFER_PROXY,2.664553727,PRELIMINARY_90M,0.4891912841271208,0.6490427923996385,0.22938676,0.4052937481818814,0.41916626015170216,CANDIDATE_GRAPH
923,ST021__ST054,21,ST021,오이도 포구 해양관광 단지,54,ST054,시흥 프리미엄 아울렛,7891.0,7.891,2.4011215965287387,0.202314633,0.193955188,0.034197307,0.0,PRELIMINARY_POINT_BUFFER_PROXY,1.203938599,PRELIMINARY_90M,0.6474033244337266,0.5884123356424193,0.202314633,0.16295547252508827,0.4192956098090514,CANDIDATE_GRAPH
1370,ST040__ST045,40,ST040,갯골생태공원,45,ST045,시흥중앙도서관,6568.0,6.568,2.8673395654775087,0.115483078,0.115483078,0.0,0.0,PRELIMINARY_POINT_BUFFER_PROXY,4.790890566,PRELIMINARY_90M,0.5334596503315822,0.4514580802825966,0.115483078,0.7580853858628902,0.4195860710520066,CANDIDATE_GRAPH
1193,ST031__ST039,31,ST031,마전저수지,39,ST039,능곡힐스테이트,5942.0,5.942,2.161920459666236,0.246568749,0.199883874,0.046684875,0.0,PRELIMINARY_POINT_BUFFER_PROXY,2.571813399,PRELIMINARY_90M,0.4795452588063044,0.6586790687202833,0.246568749,0.38990671655354303,0.4197048490592946,CANDIDATE_GRAPH
366,ST008__ST017,8,ST008,시흥능곡역,17,ST017,장곡동,2645.0,2.645,1.8829314447256988,0.383443263,0.383443263,0.0,0.0,PRELIMINARY_POINT_BUFFER_PROXY,4.5324066,PRELIMINARY_90M,0.1955903884247696,0.7406337237090321,0.383443263,0.7151989625987809,0.4197240408302929,CANDIDATE_GRAPH
1307,ST036__ST048,36,ST036,시흥시립군자도서관,48,ST048,정왕평생학습관 사거리,7358.0,7.358,2.991076209764658,0.415671605,0.415671605,0.0,0.0,PRELIMINARY_POINT_BUFFER_PROXY,1.135478826,PRELIMINARY_90M,0.6014985789337697,0.41510971726844614,0.415671605,0.15159695444415305,0.4202038904971316,CANDIDATE_GRAPH
285,ST006__ST031,6,ST006,시흥시청 본청,31,ST031,마전저수지,4604.0,4.604,2.2803956005814645,0.283207887,0.283207887,0.0,0.0,PRELIMINARY_POINT_BUFFER_PROXY,4.157951616,PRELIMINARY_90M,0.3643097063129791,0.6238763030969829,0.283207887,0.6530711827380399,0.42104630698964524,CANDIDATE_GRAPH
84,ST002__ST032,2,ST002,월곶포구,32,ST032,희망공원,9083.0,9.083,2.650593250822116,0.135475524,0.135475524,0.0,0.0,PRELIMINARY_POINT_BUFFER_PROXY,1.129956495,PRELIMINARY_90M,0.750064593919559,0.5151285779953885,0.135475524,0.15068071569892075,0.42201931182576147,CANDIDATE_GRAPH
1161,ST030__ST031,30,ST030,장곡도서관,31,ST031,마전저수지,3080.0,3.08,2.4191566998959355,0.306722356,0.306722356,0.0,0.0,PRELIMINARY_POINT_BUFFER_PROXY,6.137599967,PRELIMINARY_90M,0.23305486176901213,0.5831144185381918,0.306722356,0.9815249681271188,0.42210141954586045,CANDIDATE_GRAPH
429,ST009__ST034,9,ST009,능곡중앙공원,34,ST034,군자디지털과학고등학교,5438.0,5.438,3.0482330688038717,0.45363226,0.45363226,0.060550946,0.0,PRELIMINARY_POINT_BUFFER_PROXY,3.293272439,PRELIMINARY_90M,0.43613814486263025,0.39831955560635457,0.45363226,0.5096077496039179,0.42216148926377917,CANDIDATE_GRAPH
1373,ST040__ST048,40,ST040,갯골생태공원,48,ST048,정왕평생학습관 사거리,6381.0,6.381,2.8557744448420976,0.140235273,0.140235273,0.0,0.0,PRELIMINARY_POINT_BUFFER_PROXY,4.850626954,PRELIMINARY_90M,0.5173542330548617,0.45485540211543074,0.140235273,0.7679965616301214,0.42230336448680594,CANDIDATE_GRAPH
968,ST023__ST034,23,ST023,오이도역,34,ST034,군자디지털과학고등학교,5721.0,5.721,1.6171564960054718,0.243107021,0.243107021,0.0,0.0,PRELIMINARY_POINT_BUFFER_PROXY,1.702079171,PRELIMINARY_90M,0.4605115838429076,0.8187066694544447,0.243107021,0.24560457353670576,0.4225378295164125,CANDIDATE_GRAPH
1092,ST027__ST040,27,ST027,은행동행정복지센터,40,ST040,갯골생태공원,7766.0,7.766,2.333264553599835,0.185388171,0.185388171,0.0,0.0,PRELIMINARY_POINT_BUFFER_PROXY,1.5408174,PRELIMINARY_90M,0.6366376711738868,0.6083457389091405,0.185388171,0.21884879183601075,0.4236666942180901,CANDIDATE_GRAPH
1172,ST030__ST042,30,ST030,장곡도서관,42,ST042,시흥시청역,4189.0,4.189,1.8876809717400926,0.39848213,0.39848213,0.0,0.0,PRELIMINARY_POINT_BUFFER_PROXY,2.682185425,PRELIMINARY_90M,0.32856773749031093,0.7392385223678348,0.39848213,0.4082191151785057,0.4236998123719516,CANDIDATE_GRAPH
1023,ST025__ST028,25,ST025,목감동행정복지센터,28,ST028,매화산업단지,6878.0,6.878,2.8903708674922335,0.271201217,0.266520768,0.103849183,0.0,PRELIMINARY_POINT_BUFFER_PROXY,3.071832764,PRELIMINARY_90M,0.5601584704159849,0.44469250060211796,0.271201217,0.4728675379131207,0.42372439970298637,CANDIDATE_GRAPH
1377,ST040__ST052,40,ST040,갯골생태공원,52,ST052,가온그린공원,2051.0,2.051,2.0,0.604110384,0.604110384,0.0,0.0,PRELIMINARY_POINT_BUFFER_PROXY,3.481148434,PRELIMINARY_90M,0.14443200413401086,0.7062441508450915,0.604110384,0.5407792360501436,0.42394451302344366,CANDIDATE_GRAPH
482,ST010__ST042,10,ST010,은계호수공원,42,ST042,시흥시청역,7803.0,7.803,2.352692290378065,0.137242443,0.137242443,0.0,0.0,PRELIMINARY_POINT_BUFFER_PROXY,2.038687833,PRELIMINARY_90M,0.6398243045387995,0.6026387275946935,0.137242443,0.301453072676871,0.4239948237590492,CANDIDATE_GRAPH
1033,ST025__ST038,25,ST025,목감동행정복지센터,38,ST038,능곡도서관,6274.0,6.274,2.2598427372065113,0.114598785,0.098278462,0.054041431,0.0,PRELIMINARY_POINT_BUFFER_PROXY,3.90420797,PRELIMINARY_90M,0.5081388338644389,0.6299138269302571,0.114598785,0.6109712506945401,0.4241267410927861,CANDIDATE_GRAPH
804,ST018__ST040,18,ST018,정왕역,40,ST040,갯골생태공원,6347.0,6.347,2.694628026787754,0.131430314,0.131430314,0.0,0.0,PRELIMINARY_POINT_BUFFER_PROXY,4.680270411,PRELIMINARY_90M,0.5144259753681854,0.5021931049892563,0.131430314,0.7397318188610926,0.42430506370587995,CANDIDATE_GRAPH
141,ST003__ST037,3,ST003,배곧한울공원,37,ST037,군자동행정복지센터,9617.0,9.617,3.5328980628457973,0.296037017,0.296037017,0.0,0.0,PRELIMINARY_POINT_BUFFER_PROXY,1.058329895,PRELIMINARY_90M,0.7960554646455947,0.2559463787259101,0.296037017,0.1387967728296402,0.42463745854558616,CANDIDATE_GRAPH
5,ST001__ST006,1,ST001,월곶역,6,ST006,시흥시청 본청,8097.0,8.097,2.218746574450684,0.109475795,0.109475795,0.0,0.0,PRELIMINARY_POINT_BUFFER_PROXY,1.677605889,PRELIMINARY_90M,0.6651451210059426,0.6419860651176035,0.109475795,0.24154408364731003,0.4247985666726971,CANDIDATE_GRAPH
82,ST002__ST030,2,ST002,월곶포구,30,ST030,장곡도서관,5588.0,5.588,2.0815186231395657,0.385608082,0.385608082,0.0,0.0,PRELIMINARY_POINT_BUFFER_PROXY,1.627351059,PRELIMINARY_90M,0.44905692877443804,0.6822975784827894,0.385608082,0.2332060426314667,0.4250123676623312,CANDIDATE_GRAPH
94,ST002__ST042,2,ST002,월곶포구,42,ST042,시흥시청역,6940.0,6.94,2.1549162435815505,0.23698744,0.23698744,0.0,0.0,PRELIMINARY_POINT_BUFFER_PROXY,1.656016441,PRELIMINARY_90M,0.5654982344328654,0.6607365981639045,0.23698744,0.2379620657013053,0.4250128715394796,CANDIDATE_GRAPH
189,ST004__ST034,4,ST004,배곧중심상가,34,ST034,군자디지털과학고등학교,5987.0,5.987,1.5963618879492623,0.21303547,0.21303547,0.0,0.0,PRELIMINARY_POINT_BUFFER_PROXY,1.737917332,PRELIMINARY_90M,0.4834208939798467,0.8248152072018401,0.21303547,0.2515506697895515,0.4251518223017471,CANDIDATE_GRAPH
1319,ST037__ST042,37,ST037,군자동행정복지센터,42,ST042,시흥시청역,6708.0,6.708,2.8237370109722706,0.306005252,0.306005252,0.0,0.0,PRELIMINARY_POINT_BUFFER_PROXY,2.829592416,PRELIMINARY_90M,0.5455171819826027,0.46426658570660606,0.306005252,0.43267617805146835,0.4251870705429524,CANDIDATE_GRAPH
767,ST017__ST040,17,ST017,장곡동,40,ST040,갯골생태공원,1842.0,1.842,1.5201564854789573,0.647795036,0.647795036,0.0,0.0,PRELIMINARY_POINT_BUFFER_PROXY,2.216553796,PRELIMINARY_90M,0.1264318318835587,0.8472009899146961,0.647795036,0.3309637424934135,0.42528465951619676,CANDIDATE_GRAPH
308,ST006__ST054,6,ST006,시흥시청 본청,54,ST054,시흥 프리미엄 아울렛,6963.0,6.963,2.2981115356407833,0.24524532,0.24524532,0.0,0.0,PRELIMINARY_POINT_BUFFER_PROXY,1.924103538,PRELIMINARY_90M,0.5674791146326759,0.6186721435500595,0.24524532,0.2824417945274574,0.42602971801056705,CANDIDATE_GRAPH
107,ST002__ST055,2,ST002,월곶포구,55,ST055,해양생태과학관,10063.0,10.063,3.53342080768877,0.201771908,0.201771908,0.0,0.0,PRELIMINARY_POINT_BUFFER_PROXY,1.544314901,PRELIMINARY_90M,0.8344673154767032,0.2557928193706712,0.201771908,0.21942908047276374,0.42657946336189495,CANDIDATE_GRAPH
433,ST009__ST038,9,ST009,능곡중앙공원,38,ST038,능곡도서관,744.0,0.744,2.0,0.97496266,0.515421611,0.830516213,0.0,PRELIMINARY_POINT_BUFFER_PROXY,1.451338391,PRELIMINARY_90M,0.031866333649125826,0.7062441508450915,0.97496266,0.2040028626566858,0.4267431413447152,CANDIDATE_GRAPH
1368,ST040__ST043,40,ST040,갯골생태공원,43,ST043,시흥종합버스터미널,7040.0,7.04,2.823947383248435,0.107713516,0.107713516,0.0,0.0,PRELIMINARY_POINT_BUFFER_PROXY,4.483116336,PRELIMINARY_90M,0.5741107570407372,0.46420478761998263,0.107713516,0.7070209577599675,0.42676124515224967,CANDIDATE_GRAPH
1199,ST031__ST045,31,ST031,마전저수지,45,ST045,시흥중앙도서관,6323.0,6.323,2.9253384842551386,0.119919247,0.119919247,0.0,0.0,PRELIMINARY_POINT_BUFFER_PROXY,5.501088401,PRELIMINARY_90M,0.5123589699422961,0.43442055864700735,0.119919247,0.8759180136440037,0.4275772650058056,CANDIDATE_GRAPH
1253,ST033__ST054,33,ST033,타원산업단지,54,ST054,시흥 프리미엄 아울렛,9930.0,9.93,2.6675480936559572,0.074252772,0.074252772,0.0,0.0,PRELIMINARY_POINT_BUFFER_PROXY,0.983376333,PRELIMINARY_90M,0.8230126604082336,0.5101479937414455,0.074252772,0.12636083633876846,0.4276013483419861,CANDIDATE_GRAPH
291,ST006__ST037,6,ST006,시흥시청 본청,37,ST037,군자동행정복지센터,6845.0,6.845,2.8673370714628095,0.296832124,0.296832124,0.0,0.0,PRELIMINARY_POINT_BUFFER_PROXY,2.957161605,PRELIMINARY_90M,0.5573163379553872,0.45145881291400236,0.296832124,0.4538418477043131,0.4276367890228329,CANDIDATE_GRAPH
332,ST007__ST030,7,ST007,장현지구,30,ST030,장곡도서관,1683.0,1.683,1.4562870070184697,0.759142743,0.759142743,0.0,0.0,PRELIMINARY_POINT_BUFFER_PROXY,1.235595407,PRELIMINARY_90M,0.11273792093704246,0.8659630227949378,0.759142743,0.16820781868832624,0.4276677354402013,CANDIDATE_GRAPH
990,ST024__ST025,24,ST024,목감고등학교,25,ST025,목감동행정복지센터,1561.0,1.561,2.1480533485120725,0.815690328,0.815690328,0.023517001,0.0,PRELIMINARY_POINT_BUFFER_PROXY,2.460306204,PRELIMINARY_90M,0.10223064335543881,0.6627526137327,0.815690328,0.371405976117815,0.4279647263386158,CANDIDATE_GRAPH
728,ST016__ST039,16,ST016,물왕호수,39,ST039,능곡힐스테이트,4090.0,4.09,2.0,0.250178222,0.175234323,0.080696429,0.0,PRELIMINARY_POINT_BUFFER_PROXY,4.74147672,PRELIMINARY_90M,0.32004134010851776,0.7062441508450915,0.250178222,0.7498868768897513,0.4282908862404622,CANDIDATE_GRAPH
1472,ST050__ST052,50,ST050,시흥한라3차아파트,52,ST052,가온그린공원,8779.0,8.779,3.3218078771929007,0.282979932,0.282979932,0.0,0.0,PRELIMINARY_POINT_BUFFER_PROXY,1.858796601,PRELIMINARY_90M,0.7238825251916287,0.317955355460644,0.282979932,0.271606379915069,0.4284358948964591,CANDIDATE_GRAPH
799,ST018__ST035,18,ST018,정왕역,35,ST035,산들공원,4862.0,4.862,1.5515894623052275,0.308946091,0.308946091,0.0,0.0,PRELIMINARY_POINT_BUFFER_PROXY,2.192503213,PRELIMINARY_90M,0.38653001464128844,0.8379673691156285,0.308946091,0.32697338480025356,0.42916150941761466,CANDIDATE_GRAPH
1327,ST037__ST050,37,ST037,군자동행정복지센터,50,ST050,시흥한라3차아파트,8365.0,8.365,3.526144712426741,0.465633811,0.465633811,0.0,0.0,PRELIMINARY_POINT_BUFFER_PROXY,1.038366977,PRELIMINARY_90M,0.6882266815950392,0.2579302149129006,0.465633811,0.13548462096125427,0.429196527435032,CANDIDATE_GRAPH
1290,ST035__ST050,35,ST035,산들공원,50,ST050,시흥한라3차아파트,7169.0,7.169,2.2273953014365597,0.243851842,0.243851842,0.0,0.0,PRELIMINARY_POINT_BUFFER_PROXY,1.660864196,PRELIMINARY_90M,0.585220911204892,0.6394454509777585,0.243851842,0.23876638202323414,0.42949432692074896,CANDIDATE_GRAPH
295,ST006__ST041,6,ST006,시흥시청 본청,41,ST041,연꽃테마파크,4324.0,4.324,2.049004075045147,0.317588105,0.253730079,0.12827043,0.0,PRELIMINARY_POINT_BUFFER_PROXY,3.948741975,PRELIMINARY_90M,0.3401946430109379,0.6918489171681534,0.317588105,0.618360119790103,0.4295889527059744,CANDIDATE_GRAPH
12,ST001__ST013,1,ST001,월곶역,13,ST013,삼미시장,9482.0,9.482,3.1837495936503077,0.119793102,0.106281611,0.059662208,0.0,PRELIMINARY_POINT_BUFFER_PROXY,2.374327025,PRELIMINARY_90M,0.7844285591249677,0.35851078377556755,0.119793102,0.357140721991783,0.42977153624761966,CANDIDATE_GRAPH
197,ST004__ST042,4,ST004,배곧중심상가,42,ST042,시흥시청역,8913.0,8.913,2.7655855969447916,0.169578568,0.169578568,0.0,0.0,PRELIMINARY_POINT_BUFFER_PROXY,1.61449924,PRELIMINARY_90M,0.7354233054861768,0.4813489037138068,0.169578568,0.2310737302955142,0.4307236392072504,CANDIDATE_GRAPH
1016,ST024__ST051,24,ST024,목감고등학교,51,ST051,연성중학교,5421.0,5.421,2.131002869348733,0.286117824,0.286117824,0.073213062,0.0,PRELIMINARY_POINT_BUFFER_PROXY,3.183231796,PRELIMINARY_90M,0.43467401601929206,0.6677612917178248,0.286117824,0.4913503324612516,0.4309201698195049,CANDIDATE_GRAPH
1202,ST031__ST048,31,ST031,마전저수지,48,ST048,정왕평생학습관 사거리,6136.0,6.136,2.915075802418168,0.145785762,0.145785762,0.0,0.0,PRELIMINARY_POINT_BUFFER_PROXY,5.580934478,PRELIMINARY_90M,0.49625355266557575,0.4374352814646333,0.145785762,0.8891656928219094,0.4309970941491646,CANDIDATE_GRAPH
227,ST005__ST022,5,ST005,배곧중·고등학교,22,ST022,오이도박물관,7825.0,7.825,2.4434586130258906,0.228123794,0.167381419,0.060742375,0.0,PRELIMINARY_POINT_BUFFER_PROXY,1.605171522,PRELIMINARY_90M,0.6417190595125313,0.5759755894106131,0.228123794,0.2295261199410822,0.43125665520267087,CANDIDATE_GRAPH
758,ST017__ST031,17,ST017,장곡동,31,ST031,마전저수지,3293.0,3.293,2.1243923399823124,0.350974211,0.350974211,0.0,0.0,PRELIMINARY_POINT_BUFFER_PROXY,5.110437079,PRELIMINARY_90M,0.2513995349237792,0.6697031733852212,0.350974211,0.8111030148522574,0.4313394768782056,CANDIDATE_GRAPH
1311,ST036__ST052,36,ST036,시흥시립군자도서관,52,ST052,가온그린공원,4453.0,4.453,1.9583068090046363,0.250288969,0.250288969,0.0,0.0,PRELIMINARY_POINT_BUFFER_PROXY,4.346934905,PRELIMINARY_90M,0.3513047971750926,0.7184917695699125,0.250288969,0.6844263861083622,0.4318912330915193,CANDIDATE_GRAPH
1335,ST038__ST041,38,ST038,능곡도서관,41,ST041,연꽃테마파크,4469.0,4.469,2.0,0.386674846,0.351461406,0.121958882,0.0,PRELIMINARY_POINT_BUFFER_PROXY,3.056363434,PRELIMINARY_90M,0.3526828007923521,0.7062441508450915,0.386674846,0.4703009406720672,0.4319016630471516,CANDIDATE_GRAPH
411,ST009__ST016,9,ST009,능곡중앙공원,16,ST016,물왕호수,4339.0,4.339,1.9124735141481584,0.245312237,0.245312237,0.134901491,0.0,PRELIMINARY_POINT_BUFFER_PROXY,4.439840082,PRELIMINARY_90M,0.34148652140211866,0.7319555680200444,0.245312237,0.6998407686942786,0.4322155706488922,CANDIDATE_GRAPH
65,ST002__ST013,2,ST002,월곶포구,13,ST013,삼미시장,8913.0,8.913,3.1699010313471865,0.195254791,0.180876461,0.06348988,0.0,PRELIMINARY_POINT_BUFFER_PROXY,2.384881968,PRELIMINARY_90M,0.7354233054861768,0.36257887995449556,0.195254791,0.3588919476481804,0.432561422808288,CANDIDATE_GRAPH
1429,ST044__ST054,44,ST044,경기과학기술대학교,54,ST054,시흥 프리미엄 아울렛,7507.0,7.507,3.100148303238359,0.480589438,0.480589438,0.0,0.0,PRELIMINARY_POINT_BUFFER_PROXY,1.08510555,PRELIMINARY_90M,0.6143312376194987,0.38306915183097556,0.480589438,0.1432392614345379,0.43326301224820035,CANDIDATE_GRAPH
1197,ST031__ST043,31,ST031,마전저수지,43,ST043,시흥종합버스터미널,6795.0,6.795,2.8763540393780764,0.111562897,0.111562897,0.0,0.0,PRELIMINARY_POINT_BUFFER_PROXY,5.129575649,PRELIMINARY_90M,0.5530100766514512,0.4488100258472506,0.111562897,0.8142783948434857,0.43334801547398094,CANDIDATE_GRAPH
761,ST017__ST034,17,ST017,장곡동,34,ST034,군자디지털과학고등학교,4796.0,4.796,1.9023778836005452,0.255435013,0.255435013,0.0,0.0,PRELIMINARY_POINT_BUFFER_PROXY,3.815283297,PRELIMINARY_90M,0.380845749720093,0.7349212185443127,0.255435013,0.5962172942928478,0.43357160350482227,CANDIDATE_GRAPH
519,ST011__ST035,11,ST011,배곧생명공원,35,ST035,산들공원,6874.0,6.874,2.077482822025021,0.271873086,0.271873086,0.0,0.0,PRELIMINARY_POINT_BUFFER_PROXY,1.573831308,PRELIMINARY_90M,0.55981396951167,0.6834831186662127,0.271873086,0.224326301539999,0.4342487297933269,CANDIDATE_GRAPH
1406,ST042__ST054,42,ST042,시흥시청역,54,ST054,시흥 프리미엄 아울렛,7034.0,7.034,2.2387261258249262,0.258859187,0.258859187,0.0,0.0,PRELIMINARY_POINT_BUFFER_PROXY,1.897766798,PRELIMINARY_90M,0.5735940056842649,0.6361169550379289,0.258859187,0.27807212859995145,0.4344069090370712,CANDIDATE_GRAPH
1180,ST030__ST050,30,ST030,장곡도서관,50,ST050,시흥한라3차아파트,8490.0,8.49,3.1450030516165666,0.293887363,0.293887363,0.0,0.0,PRELIMINARY_POINT_BUFFER_PROXY,1.953099272,PRELIMINARY_90M,0.698992334854879,0.3698928071325055,0.293887363,0.2872526280210039,0.4351856135788593,CANDIDATE_GRAPH
1362,ST039__ST052,39,ST039,능곡힐스테이트,52,ST052,가온그린공원,2854.0,2.854,2.0644389201095645,0.429658903,0.375581248,0.193249627,0.0,PRELIMINARY_POINT_BUFFER_PROXY,4.881821647,PRELIMINARY_90M,0.21359056067522178,0.6873148411496811,0.429658903,0.7731722358829373,0.43561022559870444,CANDIDATE_GRAPH
540,ST012__ST013,12,ST012,신천역,13,ST013,삼미시장,817.0,0.817,1.0,0.809017738,0.809017738,0.0,0.0,PRELIMINARY_POINT_BUFFER_PROXY,1.048439723,PRELIMINARY_90M,0.03815347515287228,1.0,0.809017738,0.13715584279784535,0.43618152722318215,CANDIDATE_GRAPH
506,ST011__ST022,11,ST011,배곧생명공원,22,ST022,오이도박물관,6033.0,6.033,2.2358096730738017,0.425286867,0.346528422,0.078758446,0.0,PRELIMINARY_POINT_BUFFER_PROXY,1.509339924,PRELIMINARY_90M,0.48738265437946776,0.6369736800923556,0.425286867,0.21362619958043605,0.43634431173835025,CANDIDATE_GRAPH
364,ST008__ST015,8,ST008,시흥능곡역,15,ST015,목감택지개발예정지구,6807.0,6.807,1.8885444736486015,0.0,0.0,0.0,0.0,PRELIMINARY_POINT_BUFFER_PROXY,4.039381199,PRELIMINARY_90M,0.5540435793643959,0.7389848636314539,0.0,0.6333985462927141,0.43672200744773637,CANDIDATE_GRAPH
1366,ST040__ST041,40,ST040,갯골생태공원,41,ST041,연꽃테마파크,7076.0,7.076,2.2566955285224086,0.201399465,0.162371207,0.078395336,0.0,PRELIMINARY_POINT_BUFFER_PROXY,2.561974978,PRELIMINARY_90M,0.5772112651795711,0.6308383378897233,0.201399465,0.388274372800134,0.4367826325608147,CANDIDATE_GRAPH
822,ST019__ST022,19,ST019,시화병원,22,ST022,오이도박물관,7736.0,7.736,3.038595131848429,0.32773623,0.2220677,0.105668529,0.0,PRELIMINARY_POINT_BUFFER_PROXY,2.344498559,PRELIMINARY_90M,0.6340539143915253,0.4011507559608021,0.32773623,0.3521917255879012,0.4369118375673794,CANDIDATE_GRAPH
240,ST005__ST035,5,ST005,배곧중·고등학교,35,ST035,산들공원,6523.0,6.523,1.789778276102733,0.252781917,0.252781917,0.0,0.0,PRELIMINARY_POINT_BUFFER_PROXY,1.619505142,PRELIMINARY_90M,0.5295840151580398,0.7679980118593419,0.252781917,0.2319042856112379,0.436935129768868,CANDIDATE_GRAPH
1165,ST030__ST035,30,ST030,장곡도서관,35,ST035,산들공원,4843.0,4.843,1.9175399088012453,0.262734007,0.262734007,0.0,0.0,PRELIMINARY_POINT_BUFFER_PROXY,3.856525194,PRELIMINARY_90M,0.3848936353457928,0.730467284956573,0.262734007,0.6030599525757867,0.43694872399871004,CANDIDATE_GRAPH
974,ST023__ST040,23,ST023,오이도역,40,ST040,갯골생태공원,6133.0,6.133,2.36628959089785,0.155771092,0.155771092,0.0,0.0,PRELIMINARY_POINT_BUFFER_PROXY,4.437415204,PRELIMINARY_90M,0.4959951769873396,0.5986444410342896,0.155771092,0.6994384445351395,0.43718573983269765,CANDIDATE_GRAPH
1121,ST028__ST042,28,ST028,매화산업단지,42,ST042,시흥시청역,7160.0,7.16,1.9431902543488275,0.157734723,0.157734723,0.0,0.0,PRELIMINARY_POINT_BUFFER_PROXY,2.182411471,PRELIMINARY_90M,0.5844457841701834,0.7229323459191261,0.157734723,0.3252990112382037,0.43737102607912,CANDIDATE_GRAPH
1066,ST026__ST042,26,ST026,은계파크자이,42,ST042,시흥시청역,7779.0,7.779,2.235582588000752,0.172282193,0.172282193,0.0,0.0,PRELIMINARY_POINT_BUFFER_PROXY,1.980521819,PRELIMINARY_90M,0.6377572991129101,0.6370403876608197,0.172282193,0.2918024458523425,0.43746404734953387,CANDIDATE_GRAPH
447,ST009__ST052,9,ST009,능곡중앙공원,52,ST052,가온그린공원,2888.0,2.888,2.0636774551337727,0.436398537,0.395167823,0.202782874,0.0,PRELIMINARY_POINT_BUFFER_PROXY,4.846507662,PRELIMINARY_90M,0.2165188183618982,0.6875385259402466,0.436398537,0.7673131084047848,0.43748589212543143,CANDIDATE_GRAPH
1476,ST051__ST052,51,ST051,연성중학교,52,ST052,가온그린공원,3384.0,3.384,1.8183133651064234,0.470012372,0.443583355,0.051006918,0.0,PRELIMINARY_POINT_BUFFER_PROXY,3.338281338,PRELIMINARY_90M,0.2592369304969426,0.7596156625583519,0.470012372,0.5170754108404586,0.43772046281166904,CANDIDATE_GRAPH
1286,ST035__ST046,35,ST035,산들공원,46,ST046,배곧1동행정복지센터,6475.0,6.475,1.6738013716276383,0.235938292,0.235938292,0.0,0.0,PRELIMINARY_POINT_BUFFER_PROXY,1.610502024,PRELIMINARY_90M,0.5254500043062613,0.802066905915781,0.235938292,0.2304105313361866,0.43786703539077565,CANDIDATE_GRAPH
741,ST016__ST052,16,ST016,물왕호수,52,ST052,가온그린공원,5226.0,5.226,1.988461442932294,0.16416577,0.16416577,0.0,0.0,PRELIMINARY_POINT_BUFFER_PROXY,4.587167154,PRELIMINARY_90M,0.41787959693394194,0.7096336694745379,0.16416577,0.7242845717890278,0.43786872109014147,CANDIDATE_GRAPH
933,ST022__ST031,22,ST022,오이도박물관,31,ST031,마전저수지,9249.0,9.249,3.3683490129246234,0.162077697,0.162077697,0.0,0.0,PRELIMINARY_POINT_BUFFER_PROXY,2.998768021,PRELIMINARY_90M,0.7643613814486263,0.30428362461313796,0.162077697,0.460744985236173,0.43801438046507274,CANDIDATE_GRAPH
257,ST005__ST052,5,ST005,배곧중·고등학교,52,ST052,가온그린공원,8122.0,8.122,2.8555152975367957,0.2956403,0.2956403,0.0,0.0,PRELIMINARY_POINT_BUFFER_PROXY,1.819513266,PRELIMINARY_90M,0.6672982516579106,0.4549315281521559,0.2956403,0.26508867687102095,0.43821407024135306,CANDIDATE_GRAPH
623,ST013__ST054,13,ST013,삼미시장,54,ST054,시흥 프리미엄 아울렛,8770.0,8.77,3.0162642189400977,0.198412944,0.198412944,0.0,0.0,PRELIMINARY_POINT_BUFFER_PROXY,2.393075385,PRELIMINARY_90M,0.7231073981569202,0.4077105922445933,0.198412944,0.36025136020625503,0.438270647834779,CANDIDATE_GRAPH
18,ST001__ST019,1,ST001,월곶역,19,ST019,시화병원,8079.0,8.079,2.5208666486840325,0.077315377,0.077315377,0.0,0.0,PRELIMINARY_POINT_BUFFER_PROXY,3.284411932,PRELIMINARY_90M,0.6635948669365257,0.5532365261644421,0.077315377,0.5081376566638528,0.4384550014102503,CANDIDATE_GRAPH
212,ST005__ST007,5,ST005,배곧중·고등학교,7,ST007,장현지구,8693.0,8.693,2.8511151830977814,0.249918525,0.249918525,0.0,0.0,PRELIMINARY_POINT_BUFFER_PROXY,1.599416949,PRELIMINARY_90M,0.7164757557488588,0.4562240875055673,0.249918525,0.22857134871406454,0.43877666557032374,CANDIDATE_GRAPH
939,ST022__ST037,22,ST022,오이도박물관,37,ST037,군자동행정복지센터,11358.0,11.358,3.1231643935948163,0.029286142,0.029286142,0.0,0.0,PRELIMINARY_POINT_BUFFER_PROXY,1.250201499,PRELIMINARY_90M,0.9459994832486436,0.3763080406640884,0.029286142,0.17063119160944015,0.4392776415112589,CANDIDATE_GRAPH
1176,ST030__ST046,30,ST030,장곡도서관,46,ST046,배곧1동행정복지센터,7040.0,7.04,2.5184296641892288,0.324318539,0.324318539,0.0,0.0,PRELIMINARY_POINT_BUFFER_PROXY,2.089585665,PRELIMINARY_90M,0.5741107570407372,0.5539524046140906,0.324318539,0.3098977975089618,0.4392935502634205,CANDIDATE_GRAPH
289,ST006__ST035,6,ST006,시흥시청 본청,35,ST035,산들공원,6977.0,6.977,2.9216522119106507,0.310126848,0.310126848,0.0,0.0,PRELIMINARY_POINT_BUFFER_PROXY,3.275946265,PRELIMINARY_90M,0.5686848677977779,0.4355034227097787,0.310126848,0.5067330736879981,0.43968206132437776,CANDIDATE_GRAPH
1156,ST029__ST051,29,ST029,관곡공원,51,ST051,연성중학교,1708.0,1.708,1.9938381027991827,0.615090182,0.562700526,0.101110411,0.0,PRELIMINARY_POINT_BUFFER_PROXY,4.412486394,PRELIMINARY_90M,0.11489105158901042,0.7080542441897228,0.615090182,0.6953023756188551,0.4398906187369265,CANDIDATE_GRAPH
11,ST001__ST012,1,ST001,월곶역,12,ST012,신천역,9663.0,9.663,3.1389937154892604,0.13373513,0.120476554,0.058545419,0.0,PRELIMINARY_POINT_BUFFER_PROXY,2.347871234,PRELIMINARY_90M,0.8000172250452158,0.3716580847694396,0.13373513,0.3527513036917991,0.44068412377348326,CANDIDATE_GRAPH
167,ST004__ST012,4,ST004,배곧중심상가,12,ST012,신천역,9950.0,9.95,3.298480804869283,0.16356514,0.16356514,0.0,0.0,PRELIMINARY_POINT_BUFFER_PROXY,2.089973668,PRELIMINARY_90M,0.8247351649298079,0.3248078193993663,0.16356514,0.3099621731108347,0.44100448257193126,CANDIDATE_GRAPH
1345,ST038__ST051,38,ST038,능곡도서관,51,ST051,연성중학교,3270.0,3.27,1.9967836320421606,0.483304122,0.483304122,0.121430099,0.0,PRELIMINARY_POINT_BUFFER_PROXY,3.925263713,PRELIMINARY_90M,0.24941865472396865,0.7071889777457413,0.483304122,0.6144647188597504,0.44173006303149986,CANDIDATE_GRAPH
161,ST004__ST006,4,ST004,배곧중심상가,6,ST006,시흥시청 본청,8749.0,8.749,2.781707771521675,0.21992462,0.21992462,0.0,0.0,PRELIMINARY_POINT_BUFFER_PROXY,1.796808136,PRELIMINARY_90M,0.7212987684092671,0.47661292063075067,0.21992462,0.2613215503040809,0.4419565406150057,CANDIDATE_GRAPH
135,ST003__ST031,3,ST003,배곧한울공원,31,ST031,마전저수지,8594.0,8.594,3.1926309390180325,0.232287384,0.232287384,0.0,0.0,PRELIMINARY_POINT_BUFFER_PROXY,2.844081562,PRELIMINARY_90M,0.7079493583670657,0.3559018366254335,0.232287384,0.4350801478516356,0.442296510931305,CANDIDATE_GRAPH
58,ST002__ST006,2,ST002,월곶포구,6,ST006,시흥시청 본청,6776.0,6.776,2.1608815000917105,0.303637314,0.303637314,0.0,0.0,PRELIMINARY_POINT_BUFFER_PROXY,1.896784016,PRELIMINARY_90M,0.5513736973559555,0.6589842691723355,0.303637314,0.2779090701113319,0.4423733369257513,CANDIDATE_GRAPH
1024,ST025__ST029,25,ST025,목감동행정복지센터,29,ST029,관곡공원,7247.0,7.247,2.3666145151496805,0.03405396,0.029414561,0.03405396,0.0,PRELIMINARY_POINT_BUFFER_PROXY,4.523781929,PRELIMINARY_90M,0.591938678839032,0.598548992634782,0.03405396,0.7137679984397906,0.44246702588658615,CANDIDATE_GRAPH
342,ST007__ST040,7,ST007,장현지구,40,ST040,갯골생태공원,3004.0,3.004,1.4936565315277723,0.625530067,0.625530067,0.0,0.0,PRELIMINARY_POINT_BUFFER_PROXY,1.681985565,PRELIMINARY_90M,0.22650934458702954,0.8549855063901923,0.625530067,0.24227073854046366,0.44299849941456837,CANDIDATE_GRAPH
410,ST009__ST015,9,ST009,능곡중앙공원,15,ST015,목감택지개발예정지구,5902.0,5.902,2.0201812566671036,0.180228914,0.180228914,0.099111033,0.0,PRELIMINARY_POINT_BUFFER_PROXY,3.891380857,PRELIMINARY_90M,0.4761002497631556,0.7003157886558333,0.180228914,0.6088430374599344,0.4430819292672613,CANDIDATE_GRAPH
64,ST002__ST012,2,ST002,월곶포구,12,ST012,신천역,8983.0,8.983,3.1711065178480338,0.228261946,0.213997667,0.062986265,0.0,PRELIMINARY_POINT_BUFFER_PROXY,2.40019603,PRELIMINARY_90M,0.7414520713116872,0.3622247612437943,0.228261946,0.3614327835653483,0.4432335812426516,CANDIDATE_GRAPH
1294,ST035__ST054,35,ST035,산들공원,54,ST054,시흥 프리미엄 아울렛,8605.0,8.605,2.452431616879482,0.180224756,0.180224756,0.0,0.0,PRELIMINARY_POINT_BUFFER_PROXY,1.662202277,PRELIMINARY_90M,0.7088967358539316,0.573339717044131,0.180224756,0.23898839002247563,0.44368624846107363,CANDIDATE_GRAPH
581,ST012__ST054,12,ST012,신천역,54,ST054,시흥 프리미엄 아울렛,9423.0,9.423,3.210050257042966,0.181118145,0.154003395,0.065035286,0.0,PRELIMINARY_POINT_BUFFER_PROXY,2.484378517,PRELIMINARY_90M,0.7793471707863233,0.35078481006731976,0.181118145,0.3753999391486365,0.44451799891097254,CANDIDATE_GRAPH
1189,ST031__ST035,31,ST031,마전저수지,35,ST035,산들공원,5677.0,5.677,2.1062720508959734,0.183933821,0.183933821,0.0,0.0,PRELIMINARY_POINT_BUFFER_PROXY,4.387855812,PRELIMINARY_90M,0.456722073895444,0.6750261142927112,0.183933821,0.6912157872658531,0.4445237720618256,CANDIDATE_GRAPH
970,ST023__ST036,23,ST023,오이도역,36,ST036,시흥시립군자도서관,5986.0,5.986,1.6736800636760731,0.276782237,0.276782237,0.0,0.0,PRELIMINARY_POINT_BUFFER_PROXY,2.065866617,PRELIMINARY_90M,0.48333476875376796,0.8021025408361023,0.276782237,0.3059624465172113,0.44467760345862095,CANDIDATE_GRAPH
425,ST009__ST030,9,ST009,능곡중앙공원,30,ST030,장곡도서관,3408.0,3.408,2.053963435245604,0.448659017,0.413718063,0.17184827,0.0,PRELIMINARY_POINT_BUFFER_PROXY,4.366873749,PRELIMINARY_90M,0.2613039359228318,0.6903920761012032,0.448659017,0.6877345437338184,0.44485972860330447,CANDIDATE_GRAPH
173,ST004__ST018,4,ST004,배곧중심상가,18,ST018,정왕역,3686.0,3.686,2.1980134107601605,0.817515658,0.817515658,0.0,0.0,PRELIMINARY_POINT_BUFFER_PROXY,0.699753268,PRELIMINARY_90M,0.28524674877271555,0.6480765532231809,0.817515658,0.07930345401334415,0.44572610531708823,CANDIDATE_GRAPH
598,ST013__ST029,13,ST013,삼미시장,29,ST029,관곡공원,5601.0,5.601,1.6882870298682533,0.300692656,0.223851854,0.076840802,0.0,PRELIMINARY_POINT_BUFFER_PROXY,2.371361256,PRELIMINARY_90M,0.45017655671346135,0.7978116590787414,0.300692656,0.35664865578510163,0.445794589033225,CANDIDATE_GRAPH
390,ST008__ST041,8,ST008,시흥능곡역,41,ST041,연꽃테마파크,5243.0,5.243,1.856989325542413,0.211669005,0.159007329,0.105780532,0.0,PRELIMINARY_POINT_BUFFER_PROXY,4.097986625,PRELIMINARY_90M,0.4193437257772802,0.7482543729585962,0.211669005,0.6431220782544971,0.44580674160194184,CANDIDATE_GRAPH
1350,ST039__ST040,39,ST039,능곡힐스테이트,40,ST040,갯골생태공원,6357.0,6.357,2.038276403214854,0.364902457,0.359359059,0.046418923,0.0,PRELIMINARY_POINT_BUFFER_PROXY,1.639535566,PRELIMINARY_90M,0.5152872276289725,0.6950002335161164,0.364902457,0.2352276377522507,0.4458603362862012,CANDIDATE_GRAPH
793,ST018__ST029,18,ST018,정왕역,29,ST029,관곡공원,8633.0,8.633,2.787743143516228,0.057050086,0.057050086,0.0,0.0,PRELIMINARY_POINT_BUFFER_PROXY,3.751097041,PRELIMINARY_90M,0.7113082421841357,0.47483999480552497,0.057050086,0.5855678177115635,0.44602357788228697,CANDIDATE_GRAPH
279,ST006__ST025,6,ST006,시흥시청 본청,25,ST025,목감동행정복지센터,7000.0,7.0,2.109248922792119,0.120646147,0.0891229,0.069507083,0.0,PRELIMINARY_POINT_BUFFER_PROXY,3.49144083,PRELIMINARY_90M,0.5706657479975885,0.6741516407610335,0.120646147,0.5424869011641098,0.44609791187597914,CANDIDATE_GRAPH
777,ST017__ST050,17,ST017,장곡동,50,ST050,시흥한라3차아파트,8703.0,8.703,3.016055028094267,0.310926104,0.310926104,0.0,0.0,PRELIMINARY_POINT_BUFFER_PROXY,1.661975821,PRELIMINARY_90M,0.7173370080096461,0.40777204327914574,0.310926104,0.23895081752613478,0.4461965100881255,CANDIDATE_GRAPH
1007,ST024__ST042,24,ST024,목감고등학교,42,ST042,시흥시청역,6281.0,6.281,2.1271874680066416,0.088684673,0.088684673,0.0,0.0,PRELIMINARY_POINT_BUFFER_PROXY,4.732925624,PRELIMINARY_90M,0.5087417104469899,0.6688820881789377,0.088684673,0.7484681199428387,0.4462774025336598,CANDIDATE_GRAPH
191,ST004__ST036,4,ST004,배곧중심상가,36,ST036,시흥시립군자도서관,6252.0,6.252,1.6513872931847957,0.246571661,0.246571661,0.0,0.0,PRELIMINARY_POINT_BUFFER_PROXY,2.085627538,PRELIMINARY_90M,0.5062440788907071,0.808651172561783,0.246571661,0.3092410840095446,0.44694473997553574,CANDIDATE_GRAPH
1094,ST027__ST042,27,ST027,은행동행정복지센터,42,ST042,시흥시청역,8115.0,8.115,2.3079958950529833,0.177443763,0.177443763,0.0,0.0,PRELIMINARY_POINT_BUFFER_PROXY,2.076001504,PRELIMINARY_90M,0.6666953750753596,0.6157685551575763,0.177443763,0.3076439784912909,0.4470046298315848,CANDIDATE_GRAPH
354,ST007__ST052,7,ST007,장현지구,52,ST052,가온그린공원,1163.0,1.163,1.2131708783527768,0.867518063,0.867518063,0.0,0.0,PRELIMINARY_POINT_BUFFER_PROXY,1.043527785,PRELIMINARY_90M,0.06795280337610886,0.9373798076143823,0.867518063,0.13634087753955518,0.4485900900854478,CANDIDATE_GRAPH
333,ST007__ST031,7,ST007,장현지구,31,ST031,마전저수지,5217.0,5.217,2.012980501468642,0.301018578,0.301018578,0.0,0.0,PRELIMINARY_POINT_BUFFER_PROXY,3.715766665,PRELIMINARY_90M,0.4171044698992335,0.7024310526137141,0.301018578,0.5797059707170922,0.4486833150950384,CANDIDATE_GRAPH
1142,ST029__ST037,29,ST029,관곡공원,37,ST037,군자동행정복지센터,8485.0,8.485,2.9235862417114005,0.209904838,0.209904838,0.0,0.0,PRELIMINARY_POINT_BUFFER_PROXY,2.828127704,PRELIMINARY_90M,0.6985617087244854,0.4349352901433685,0.209904838,0.43243316004240534,0.4488248395886044,CANDIDATE_GRAPH
1375,ST040__ST050,40,ST040,갯골생태공원,50,ST050,시흥한라3차아파트,7453.0,7.453,2.814398435293779,0.175759269,0.175759269,0.0,0.0,PRELIMINARY_POINT_BUFFER_PROXY,4.166060365,PRELIMINARY_90M,0.6096804754112479,0.46700984693493874,0.175759269,0.6544165475865366,0.448892435168905,CANDIDATE_GRAPH
1006,ST024__ST041,24,ST024,목감고등학교,41,ST041,연꽃테마파크,6620.0,6.62,2.1088538684731546,0.256634362,0.232869828,0.08230653,0.0,PRELIMINARY_POINT_BUFFER_PROXY,2.729827706,PRELIMINARY_90M,0.5379381620876755,0.6742676902779633,0.256634362,0.4161236945605538,0.4497090394703622,CANDIDATE_GRAPH
840,ST019__ST040,19,ST019,시화병원,40,ST040,갯골생태공원,6979.0,6.979,2.7459329450731076,0.210195538,0.210195538,0.0,0.0,PRELIMINARY_POINT_BUFFER_PROXY,4.266869863,PRELIMINARY_90M,0.5688571182499355,0.48712198515251914,0.210195538,0.671142377305005,0.449744629513732,CANDIDATE_GRAPH
773,ST017__ST046,17,ST017,장곡동,46,ST046,배곧1동행정복지센터,7253.0,7.253,2.3818191238044744,0.343886176,0.343886176,0.0,0.0,PRELIMINARY_POINT_BUFFER_PROXY,1.736339045,PRELIMINARY_90M,0.5924554301955043,0.5940825499083251,0.343886176,0.25128880795973785,0.44984077574405223,CANDIDATE_GRAPH
71,ST002__ST019,2,ST002,월곶포구,19,ST019,시화병원,7399.0,7.399,2.5029211086978633,0.18693605,0.18693605,0.0,0.0,PRELIMINARY_POINT_BUFFER_PROXY,3.435578338,PRELIMINARY_90M,0.6050297132029971,0.5585081335016227,0.18693605,0.5332184636916674,0.4501788083751236,CANDIDATE_GRAPH
284,ST006__ST030,6,ST006,시흥시청 본청,30,ST030,장곡도서관,2299.0,2.299,1.599654875590196,0.767619824,0.767619824,0.0,0.0,PRELIMINARY_POINT_BUFFER_PROXY,1.660607465,PRELIMINARY_90M,0.16579106020153303,0.8238478728211209,0.767619824,0.238723786443704,0.4505099696013164,CANDIDATE_GRAPH
47,ST001__ST048,1,ST001,월곶역,48,ST048,정왕평생학습관 사거리,8349.0,8.349,2.5384931329101597,0.107172999,0.107172999,0.0,0.0,PRELIMINARY_POINT_BUFFER_PROXY,3.191673391,PRELIMINARY_90M,0.6868486779777797,0.5480586433229806,0.107172999,0.492750921526007,0.4507146539357201,CANDIDATE_GRAPH
835,ST019__ST035,19,ST019,시화병원,35,ST035,산들공원,5494.0,5.494,1.7484475998737334,0.388557525,0.388557525,0.0,0.0,PRELIMINARY_POINT_BUFFER_PROXY,1.959678705,PRELIMINARY_90M,0.4409611575230385,0.7801391397511382,0.388557525,0.28834425607377,0.45075525274435657,CANDIDATE_GRAPH
1168,ST030__ST038,30,ST030,장곡도서관,38,ST038,능곡도서관,3282.0,3.282,1.9010144281905854,0.420337618,0.399372834,0.028134244,0.0,PRELIMINARY_POINT_BUFFER_PROXY,4.68639496,PRELIMINARY_90M,0.2504521574369133,0.7353217415460502,0.420337618,0.7407479747363694,0.4509192041225851,CANDIDATE_GRAPH
1034,ST025__ST039,25,ST025,목감동행정복지센터,39,ST039,능곡힐스테이트,6209.0,6.209,2.1899140393600325,0.204488062,0.149722289,0.092882671,0.0,PRELIMINARY_POINT_BUFFER_PROXY,3.994189215,PRELIMINARY_90M,0.5025406941693222,0.6504557909464465,0.204488062,0.6259005084687013,0.45098749291885726,CANDIDATE_GRAPH
798,ST018__ST034,18,ST018,정왕역,34,ST034,군자디지털과학고등학교,5215.0,5.215,1.5330583017867183,0.355469051,0.355469051,0.0,0.0,PRELIMINARY_POINT_BUFFER_PROXY,2.157697699,PRELIMINARY_90M,0.41693221944707604,0.8434110059095691,0.355469051,0.32119862039831426,0.45165553379813755,CANDIDATE_GRAPH
675,ST015__ST025,15,ST015,목감택지개발예정지구,25,ST025,목감동행정복지센터,1937.0,1.937,2.119312197773404,0.821667788,0.821667788,0.018951717,0.0,PRELIMINARY_POINT_BUFFER_PROXY,2.8405487,PRELIMINARY_90M,0.13461372836103694,0.6711954948736267,0.821667788,0.43449399228690055,0.4519449497441234,CANDIDATE_GRAPH
337,ST007__ST035,7,ST007,장현지구,35,ST035,산들공원,4967.0,4.967,1.7820285875158806,0.303154316,0.303154316,0.0,0.0,PRELIMINARY_POINT_BUFFER_PROXY,3.583766475,PRELIMINARY_90M,0.3955731633795539,0.7702745282108588,0.303154316,0.5578051305725904,0.45196486141090414,CANDIDATE_GRAPH
85,ST002__ST033,2,ST002,월곶포구,33,ST033,타원산업단지,8860.0,8.86,3.0224207982076776,0.388535107,0.388535107,0.0,0.0,PRELIMINARY_POINT_BUFFER_PROXY,0.942706983,PRELIMINARY_90M,0.7308586685040048,0.4059020610739559,0.388535107,0.1196131723154758,0.45205669878851423,CANDIDATE_GRAPH
412,ST009__ST017,9,ST009,능곡중앙공원,17,ST017,장곡동,3477.0,3.477,1.9638082698292665,0.45438424,0.364332145,0.162644864,0.0,PRELIMINARY_POINT_BUFFER_PROXY,4.302419954,PRELIMINARY_90M,0.26724657652226336,0.7168756832737806,0.45438424,0.6770406783613405,0.4520636001917494,CANDIDATE_GRAPH
963,ST023__ST029,23,ST023,오이도역,29,ST029,관곡공원,8419.0,8.419,2.5509242459209656,0.072897838,0.072897838,0.0,0.0,PRELIMINARY_POINT_BUFFER_PROXY,3.559452918,PRELIMINARY_90M,0.69287744380329,0.5444069311645506,0.072897838,0.5537711414912017,0.45267862228774186,CANDIDATE_GRAPH
139,ST003__ST035,3,ST003,배곧한울공원,35,ST035,산들공원,9310.0,9.31,2.6878061913950764,0.206809292,0.206809292,0.0,0.0,PRELIMINARY_POINT_BUFFER_PROXY,1.462020863,PRELIMINARY_90M,0.7696150202394282,0.5041970590378273,0.206809292,0.20577524731476937,0.45277327898858066,CANDIDATE_GRAPH
757,ST017__ST030,17,ST017,장곡동,30,ST030,장곡도서관,564.0,0.564,1.5742051509756851,0.955860684,0.955860684,0.0,0.0,PRELIMINARY_POINT_BUFFER_PROXY,1.913795281,PRELIMINARY_90M,0.016363792954956508,0.8313238782860152,0.955860684,0.28073149783223716,0.4530669988662734,CANDIDATE_GRAPH
44,ST001__ST045,1,ST001,월곶역,45,ST045,시흥중앙도서관,8509.0,8.509,2.4890978744652723,0.087374093,0.087374093,0.0,0.0,PRELIMINARY_POINT_BUFFER_PROXY,3.180460753,PRELIMINARY_90M,0.7006287141503746,0.5625687894116846,0.087374093,0.49089057426108135,0.45321091722413026,CANDIDATE_GRAPH
567,ST012__ST040,12,ST012,신천역,40,ST040,갯골생태공원,8610.0,8.61,2.4258672733918405,0.210859569,0.210859569,0.0,0.0,PRELIMINARY_POINT_BUFFER_PROXY,1.670696384,PRELIMINARY_90M,0.7093273619843252,0.5811431483225858,0.210859569,0.24039769162709676,0.45326775235309547,CANDIDATE_GRAPH
729,ST016__ST040,16,ST016,물왕호수,40,ST040,갯골생태공원,6083.0,6.083,1.8904544428003949,0.141137784,0.141137784,0.0,0.0,PRELIMINARY_POINT_BUFFER_PROXY,4.174224503,PRELIMINARY_90M,0.49168891568340367,0.7384237990214091,0.141137784,0.6557711023129777,0.45342599164041986,CANDIDATE_GRAPH
701,ST015__ST051,15,ST015,목감택지개발예정지구,51,ST051,연성중학교,5797.0,5.797,2.122512321905777,0.32243609,0.32243609,0.068467983,0.0,PRELIMINARY_POINT_BUFFER_PROXY,3.264344745,PRELIMINARY_90M,0.4670571010248902,0.6702554396917204,0.32243609,0.504808204981724,0.45385132654431426,CANDIDATE_GRAPH
1481,ST052__ST054,52,ST052,가온그린공원,54,ST054,시흥 프리미엄 아울렛,7486.0,7.486,2.1562135031309855,0.28092105,0.28092105,0.0,0.0,PRELIMINARY_POINT_BUFFER_PROXY,1.72365843,PRELIMINARY_90M,0.6125226078718456,0.660355520583386,0.28092105,0.24918490097256626,0.4540620145177081,CANDIDATE_GRAPH
1169,ST030__ST039,30,ST030,장곡도서관,39,ST039,능곡힐스테이트,3380.0,3.38,1.9038474704739254,0.431416403,0.34918051,0.082235893,0.0,PRELIMINARY_POINT_BUFFER_PROXY,4.598144697,PRELIMINARY_90M,0.2588924295926277,0.734489518804416,0.431416403,0.7261059132160548,0.45428024185071114,CANDIDATE_GRAPH
34,ST001__ST035,1,ST001,월곶역,35,ST035,산들공원,7924.0,7.924,1.9358117007644187,0.13183252,0.13183252,0.0,0.0,PRELIMINARY_POINT_BUFFER_PROXY,2.183904951,PRELIMINARY_90M,0.6502454568943243,0.7250998391928491,0.13183252,0.32554680229622424,0.4543960280960169,CANDIDATE_GRAPH
1351,ST039__ST041,39,ST039,능곡힐스테이트,41,ST041,연꽃테마파크,4913.0,4.913,2.0,0.442113845,0.402911695,0.223066191,0.0,PRELIMINARY_POINT_BUFFER_PROXY,2.879339632,PRELIMINARY_90M,0.39092240117130306,0.7062441508450915,0.442113845,0.44092999818043943,0.4547396315560403,CANDIDATE_GRAPH
20,ST001__ST021,1,ST001,월곶역,21,ST021,오이도 포구 해양관광 단지,10793.0,10.793,3.5692866457416605,0.206106074,0.158260973,0.047845101,0.0,PRELIMINARY_POINT_BUFFER_PROXY,1.833399869,PRELIMINARY_90M,0.8973387305141676,0.245257019657792,0.206106074,0.26739267561869823,0.45475537945432176,CANDIDATE_GRAPH
719,ST016__ST030,16,ST016,물왕호수,30,ST030,장곡도서관,5746.0,5.746,1.9895049166095151,0.196052924,0.196052924,0.0,0.0,PRELIMINARY_POINT_BUFFER_PROXY,4.322394635,PRELIMINARY_90M,0.46266471449487556,0.7093271429784149,0.196052924,0.680354781890422,0.4548645269524527,CANDIDATE_GRAPH
269,ST006__ST015,6,ST006,시흥시청 본청,15,ST015,목감택지개발예정지구,6311.0,6.311,2.0188725378469625,0.137175008,0.137175008,0.0,0.0,PRELIMINARY_POINT_BUFFER_PROXY,4.29974913,PRELIMINARY_90M,0.5113254672293515,0.7007002324641489,0.137175008,0.6765975480182851,0.4548873442258456,CANDIDATE_GRAPH
609,ST013__ST040,13,ST013,삼미시장,40,ST040,갯골생태공원,8751.0,8.751,2.4711492264829102,0.214627747,0.214627747,0.0,0.0,PRELIMINARY_POINT_BUFFER_PROXY,1.634966669,PRELIMINARY_90M,0.7214710188614245,0.567841309740926,0.214627747,0.23446958821585462,0.454910493532062,CANDIDATE_GRAPH
1204,ST031__ST050,31,ST031,마전저수지,50,ST050,시흥한라3차아파트,7208.0,7.208,2.863483388042664,0.181680854,0.181680854,0.0,0.0,PRELIMINARY_POINT_BUFFER_PROXY,4.764043829,PRELIMINARY_90M,0.5885797950219619,0.4525908549594615,0.181680854,0.7536311036725504,0.4549859783004615,CANDIDATE_GRAPH
706,ST016__ST017,16,ST016,물왕호수,17,ST017,장곡동,5417.0,5.417,1.9745791872443519,0.212878701,0.212878701,0.0,0.0,PRELIMINARY_POINT_BUFFER_PROXY,4.531672654,PRELIMINARY_90M,0.4343295151149772,0.7137116632823348,0.212878701,0.7150771897890545,0.4552389166650671,CANDIDATE_GRAPH
725,ST016__ST036,16,ST016,물왕호수,36,ST036,시흥시립군자도서관,7947.0,7.947,2.8110036953937283,0.162740187,0.162740187,0.0,0.0,PRELIMINARY_POINT_BUFFER_PROXY,3.965292917,PRELIMINARY_90M,0.6522263370941349,0.4680070716369381,0.162740187,0.6211061729206547,0.455731604998433,CANDIDATE_GRAPH
763,ST017__ST036,17,ST017,장곡동,36,ST036,시흥시립군자도서관,5061.0,5.061,1.9616842116374067,0.29462359,0.29462359,0.0,0.0,PRELIMINARY_POINT_BUFFER_PROXY,4.135337569,PRELIMINARY_90M,0.4036689346309534,0.7174996377915849,0.29462359,0.6493191682267936,0.45583782741316975,CANDIDATE_GRAPH
353,ST007__ST051,7,ST007,장현지구,51,ST051,연성중학교,3360.0,3.36,1.9288666578782163,0.553656435,0.527051485,0.051346729,0.0,PRELIMINARY_POINT_BUFFER_PROXY,3.519092434,PRELIMINARY_90M,0.2571699250710533,0.7271399861633028,0.553656435,0.5470747230372682,0.4559127882131194,CANDIDATE_GRAPH
518,ST011__ST034,11,ST011,배곧생명공원,34,ST034,군자디지털과학고등학교,7227.0,7.227,2.038545203521944,0.307261362,0.307261362,0.0,0.0,PRELIMINARY_POINT_BUFFER_PROXY,1.577303523,PRELIMINARY_90M,0.5902161743174575,0.6949212718536542,0.307261362,0.2249023948445794,0.45611061510852785,CANDIDATE_GRAPH
356,ST007__ST054,7,ST007,장현지구,54,ST054,시흥 프리미엄 아울렛,7576.0,7.576,2.1125948523926654,0.260577423,0.260577423,0.0,0.0,PRELIMINARY_POINT_BUFFER_PROXY,1.804905615,PRELIMINARY_90M,0.6202738782189303,0.6731687543700124,0.260577423,0.26266504528808404,0.4562737207938407,CANDIDATE_GRAPH
168,ST004__ST013,4,ST004,배곧중심상가,13,ST013,삼미시장,10775.0,10.775,3.530128973927555,0.163406945,0.151516028,0.052506297,0.0,PRELIMINARY_POINT_BUFFER_PROXY,2.255483615,PRELIMINARY_90M,0.8957884764447507,0.2567598147924738,0.163406945,0.33742279185367113,0.45634308474220814,CANDIDATE_GRAPH
344,ST007__ST042,7,ST007,장현지구,42,ST042,시흥시청역,1884.0,1.884,1.0848082524282452,0.701082383,0.701082383,0.0,0.0,PRELIMINARY_POINT_BUFFER_PROXY,1.854984739,PRELIMINARY_90M,0.13004909137886486,0.975087079792597,0.701082383,0.2709739340048403,0.4564512837918482,CANDIDATE_GRAPH
7,ST001__ST008,1,ST001,월곶역,8,ST008,시흥능곡역,8941.0,8.941,2.198123695182556,0.132917083,0.132917083,0.0,0.0,PRELIMINARY_POINT_BUFFER_PROXY,1.643029122,PRELIMINARY_90M,0.737834811816381,0.6480441565290316,0.132917083,0.2358072718534733,0.4564513769695606,CANDIDATE_GRAPH
384,ST008__ST035,8,ST008,시흥능곡역,35,ST035,산들공원,4859.0,4.859,1.965398368544659,0.241179969,0.241179969,0.0,0.0,PRELIMINARY_POINT_BUFFER_PROXY,4.957531633,PRELIMINARY_90M,0.3862716389630523,0.7164085824754004,0.241179969,0.7857336746257793,0.4566318335760153,CANDIDATE_GRAPH
282,ST006__ST028,6,ST006,시흥시청 본청,28,ST028,매화산업단지,7615.0,7.615,2.0444096007770654,0.182828995,0.182828995,0.0,0.0,PRELIMINARY_POINT_BUFFER_PROXY,2.397987931,PRELIMINARY_90M,0.6236327620360004,0.6931985708581943,0.182828995,0.361066426340997,0.4567783935853885,CANDIDATE_GRAPH
1369,ST040__ST044,40,ST040,갯골생태공원,44,ST044,경기과학기술대학교,7776.0,7.776,2.85585812190269,0.169872357,0.169872357,0.0,0.0,PRELIMINARY_POINT_BUFFER_PROXY,4.250139429,PRELIMINARY_90M,0.6374989234346741,0.45483082148944154,0.169872357,0.6683665437203552,0.4568138583080775,CANDIDATE_GRAPH
1270,ST034__ST050,34,ST034,군자디지털과학고등학교,50,ST050,시흥한라3차아파트,7605.0,7.605,2.182341130338644,0.287097417,0.287097417,0.0,0.0,PRELIMINARY_POINT_BUFFER_PROXY,1.691386605,PRELIMINARY_90M,0.6227715097752131,0.6526803772665973,0.287097417,0.24383051413042356,0.45685503524420756,CANDIDATE_GRAPH
674,ST015__ST024,15,ST015,목감택지개발예정지구,24,ST024,목감고등학교,376.0,0.376,2.0,0.846481849,0.846481849,0.0,0.0,PRELIMINARY_POINT_BUFFER_PROXY,4.399641958,PRELIMINARY_90M,0.0001722504521574369,0.7062441508450915,0.846481849,0.6931712882349484,0.4569052733125157,CANDIDATE_GRAPH
436,ST009__ST041,9,ST009,능곡중앙공원,41,ST041,연꽃테마파크,4947.0,4.947,2.0,0.445959962,0.414150317,0.228422442,0.0,PRELIMINARY_POINT_BUFFER_PROXY,2.886617052,PRELIMINARY_90M,0.3938506588579795,0.7062441508450915,0.445959962,0.44213743289765006,0.4569071662039586,CANDIDATE_GRAPH
717,ST016__ST028,16,ST016,물왕호수,28,ST028,매화산업단지,5396.0,5.396,1.7354982539155246,0.101337798,0.101337798,0.0,0.0,PRELIMINARY_POINT_BUFFER_PROXY,5.198864531,PRELIMINARY_90M,0.4325208853673241,0.7839430858690926,0.101337798,0.8257744747239257,0.4573715477609708,CANDIDATE_GRAPH
1333,ST038__ST039,38,ST038,능곡도서관,39,ST039,능곡힐스테이트,1349.0,1.349,2.0,0.986190072,0.721601283,0.558223763,0.0,PRELIMINARY_POINT_BUFFER_PROXY,1.845403458,PRELIMINARY_90M,0.08397209542675049,0.7062441508450915,0.986190072,0.26938425369028507,0.4575942196219237,CANDIDATE_GRAPH
1287,ST035__ST047,35,ST035,산들공원,47,ST047,배곧2동행정복지센터,7875.0,7.875,2.3838578413804727,0.315736244,0.315736244,0.0,0.0,PRELIMINARY_POINT_BUFFER_PROXY,1.585975829,PRELIMINARY_90M,0.6460253208164671,0.5934836646956005,0.315736244,0.22634126237492314,0.4576908455811221,CANDIDATE_GRAPH
786,ST018__ST022,18,ST018,정왕역,22,ST022,오이도박물관,8195.0,8.195,3.016327388879168,0.365325878,0.265565807,0.099760071,0.0,PRELIMINARY_POINT_BUFFER_PROXY,2.21976096,PRELIMINARY_90M,0.673585393161657,0.4076920357055006,0.365325878,0.33149585980385976,0.458349143218259,CANDIDATE_GRAPH
239,ST005__ST034,5,ST005,배곧중·고등학교,34,ST034,군자디지털과학고등학교,6876.0,6.876,1.7635512454913496,0.290949718,0.290949718,0.0,0.0,PRELIMINARY_POINT_BUFFER_PROXY,1.620828692,PRELIMINARY_90M,0.5599862199638274,0.7757023555074006,0.290949718,0.23212388269646375,0.45869165999328926,CANDIDATE_GRAPH
491,ST010__ST051,10,ST010,은계호수공원,51,ST051,연성중학교,7611.0,7.611,2.223556453636578,0.236339042,0.224593164,0.02266918,0.0,PRELIMINARY_POINT_BUFFER_PROXY,2.383404021,PRELIMINARY_90M,0.6232882611316855,0.6405731349730186,0.236339042,0.35864673375122275,0.45914728895337703,CANDIDATE_GRAPH
1164,ST030__ST034,30,ST030,장곡도서관,34,ST034,군자디지털과학고등학교,5196.0,5.196,1.8669374221592223,0.312566858,0.312566858,0.0,0.0,PRELIMINARY_POINT_BUFFER_PROXY,3.70960645,PRELIMINARY_90M,0.4152958401515804,0.7453320613894503,0.312566858,0.578683897309692,0.459364255427397,CANDIDATE_GRAPH
306,ST006__ST052,6,ST006,시흥시청 본청,52,ST052,가온그린공원,1779.0,1.779,1.4826262058444766,0.840948525,0.840948525,0.0,0.0,PRELIMINARY_POINT_BUFFER_PROXY,1.647772227,PRELIMINARY_90M,0.12100594264059943,0.8582257290777442,0.840948525,0.23659422514796166,0.4597234907619529,CANDIDATE_GRAPH
1140,ST029__ST035,29,ST029,관곡공원,35,ST035,산들공원,8617.0,8.617,2.9667041823193947,0.222000363,0.222000363,0.0,0.0,PRELIMINARY_POINT_BUFFER_PROXY,3.087149764,PRELIMINARY_90M,0.7099302385668762,0.4222691428862563,0.222000363,0.4754088612891957,0.45974083201903726,CANDIDATE_GRAPH
638,ST014__ST028,14,ST014,시흥대야역,28,ST028,매화산업단지,7295.0,7.295,2.089908465771216,0.142572754,0.110267444,0.03230531,0.0,PRELIMINARY_POINT_BUFFER_PROXY,3.417863274,PRELIMINARY_90M,0.5960726896908104,0.6798330131362529,0.142572754,0.5302792650070776,0.4597771222700958,CANDIDATE_GRAPH
184,ST004__ST029,4,ST004,배곧중심상가,29,ST029,관곡공원,10483.0,10.483,2.739412906893158,0.036387539,0.036387539,0.0,0.0,PRELIMINARY_POINT_BUFFER_PROXY,2.157727756,PRELIMINARY_90M,0.8706399104297649,0.4890372845045926,0.036387539,0.32120360731198627,0.4598088513981341,CANDIDATE_GRAPH
54,ST001__ST055,1,ST001,월곶역,55,ST055,해양생태과학관,11608.0,11.608,3.5024056957677026,0.147127457,0.147127457,0.0,0.0,PRELIMINARY_POINT_BUFFER_PROXY,1.519163315,PRELIMINARY_90M,0.9675307897683232,0.26490368990967894,0.147127457,0.21525604962813624,0.46068678609506936,CANDIDATE_GRAPH
42,ST001__ST043,1,ST001,월곶역,43,ST043,시흥종합버스터미널,9008.0,9.008,2.536862478986472,0.084178966,0.084178966,0.0,0.0,PRELIMINARY_POINT_BUFFER_PROXY,3.026550194,PRELIMINARY_90M,0.7436052019636552,0.5485376574510112,0.084178966,0.4653544704932768,0.46081726425147307,CANDIDATE_GRAPH
1469,ST049__ST054,49,ST049,거북섬 웨이브파크 정문,54,ST054,시흥 프리미엄 아울렛,10620.0,10.62,2.679732859292264,0.06937109,0.06937109,0.0,0.0,PRELIMINARY_POINT_BUFFER_PROXY,1.56223625,PRELIMINARY_90M,0.8824390664025493,0.5065686475651986,0.06937109,0.22240250497785596,0.46087055100061036,CANDIDATE_GRAPH
264,ST006__ST010,6,ST006,시흥시청 본청,10,ST010,은계호수공원,8600.0,8.6,2.2977932871741067,0.158558533,0.158558533,0.0,0.0,PRELIMINARY_POINT_BUFFER_PROXY,2.221566641,PRELIMINARY_90M,0.7084661097235381,0.6187656308986302,0.158558533,0.33179544975848757,0.46112521529673745,CANDIDATE_GRAPH
288,ST006__ST034,6,ST006,시흥시청 본청,34,ST034,군자디지털과학고등학교,7330.0,7.33,2.8428862563521475,0.34315285,0.34315285,0.0,0.0,PRELIMINARY_POINT_BUFFER_PROXY,3.198812236,PRELIMINARY_90M,0.5990870726035655,0.4586413828693645,0.34315285,0.49393536454204645,0.4612872691664278,CANDIDATE_GRAPH
17,ST001__ST018,1,ST001,월곶역,18,ST018,정왕역,8408.0,8.408,2.3918789326341554,0.113532322,0.113532322,0.0,0.0,PRELIMINARY_POINT_BUFFER_PROXY,3.168487094,PRELIMINARY_90M,0.6919300663164241,0.591127422223226,0.113532322,0.488903962031934,0.4621196824601837,CANDIDATE_GRAPH
1329,ST037__ST052,37,ST037,군자동행정복지센터,52,ST052,가온그린공원,4929.0,4.929,1.8657671765131771,0.32268539,0.32268539,0.0,0.0,PRELIMINARY_POINT_BUFFER_PROXY,4.042820461,PRELIMINARY_90M,0.3923004047885626,0.7456758278929241,0.32268539,0.6339691721931545,0.46220703058355483,CANDIDATE_GRAPH
426,ST009__ST031,9,ST009,능곡중앙공원,31,ST031,마전저수지,6981.0,6.981,2.2468611351412107,0.256364936,0.239325801,0.083802691,0.0,PRELIMINARY_POINT_BUFFER_PROXY,3.126192366,PRELIMINARY_90M,0.5690293687020929,0.6337272484683405,0.256364936,0.4818866230653523,0.4622799561992034,CANDIDATE_GRAPH
1198,ST031__ST044,31,ST031,마전저수지,44,ST044,경기과학기술대학교,7531.0,7.531,2.9041656223558356,0.175349099,0.175349099,0.0,0.0,PRELIMINARY_POINT_BUFFER_PROXY,4.827117808,PRELIMINARY_90M,0.616398243045388,0.44064021067327674,0.175349099,0.7640960365742123,0.462319107436673,CANDIDATE_GRAPH
392,ST008__ST043,8,ST008,시흥능곡역,43,ST043,시흥종합버스터미널,9822.0,9.822,3.3718222028660656,0.27147472,0.27147472,0.0,0.0,PRELIMINARY_POINT_BUFFER_PROXY,2.233456668,PRELIMINARY_90M,0.813711135991732,0.30326335475261335,0.27147472,0.33376818616622167,0.46338547647256206,CANDIDATE_GRAPH
420,ST009__ST025,9,ST009,능곡중앙공원,25,ST025,목감동행정복지센터,6963.0,6.963,2.1349319188717595,0.217188943,0.140523126,0.151111218,0.0,PRELIMINARY_POINT_BUFFER_PROXY,3.335237025,PRELIMINARY_90M,0.5674791146326759,0.6666071104388166,0.217188943,0.5165703129889873,0.46372189490754795,CANDIDATE_GRAPH
374,ST008__ST025,8,ST008,시흥능곡역,25,ST025,목감동행정복지센터,7469.0,7.469,1.988740417472464,0.077787688,0.048246665,0.065136385,0.0,PRELIMINARY_POINT_BUFFER_PROXY,3.782089357,PRELIMINARY_90M,0.6110584790285074,0.7095517190715976,0.077787688,0.5907099145405444,0.4638342206553787,CANDIDATE_GRAPH
394,ST008__ST045,8,ST008,시흥능곡역,45,ST045,시흥중앙도서관,9919.0,9.919,3.4582290329618446,0.283603446,0.283603446,0.0,0.0,PRELIMINARY_POINT_BUFFER_PROXY,2.222501302,PRELIMINARY_90M,0.8220652829213677,0.2778808430050438,0.283603446,0.3319505242409584,0.4639924577596312,CANDIDATE_GRAPH
60,ST002__ST008,2,ST002,월곶포구,8,ST008,시흥능곡역,8261.0,8.261,2.155457395225097,0.235590899,0.235590899,0.0,0.0,PRELIMINARY_POINT_BUFFER_PROXY,1.639786813,PRELIMINARY_90M,0.6792696580828524,0.660577631703333,0.235590899,0.23526932345273177,0.4640480299375747,CANDIDATE_GRAPH
265,ST006__ST011,6,ST006,시흥시청 본청,11,ST011,배곧생명공원,9367.0,9.367,2.720570366635699,0.23235844,0.23235844,0.0,0.0,PRELIMINARY_POINT_BUFFER_PROXY,1.678691712,PRELIMINARY_90M,0.7745241581259151,0.49457239091815797,0.23235844,0.24172423820578623,0.4643461792585698,CANDIDATE_GRAPH
382,ST008__ST033,8,ST008,시흥능곡역,33,ST033,타원산업단지,10699.0,10.699,3.158903558335437,0.128664141,0.128664141,0.0,0.0,PRELIMINARY_POINT_BUFFER_PROXY,2.141908628,PRELIMINARY_90M,0.8892429592627681,0.36580945197762016,0.128664141,0.3185789732599185,0.4643498073764807,CANDIDATE_GRAPH
869,ST020__ST034,20,ST020,시화공업단지[왼쪽부근],34,ST034,군자디지털과학고등학교,5992.0,5.992,1.5800486633794386,0.388520481,0.388520481,0.0,0.0,PRELIMINARY_POINT_BUFFER_PROXY,1.516379787,PRELIMINARY_90M,0.4838515201102403,0.8296073123378034,0.388520481,0.2147942199764839,0.46461874775261736,CANDIDATE_GRAPH
1266,ST034__ST046,34,ST034,군자디지털과학고등학교,46,ST046,배곧1동행정복지센터,6911.0,6.911,1.6590635230531043,0.284024149,0.284024149,0.0,0.0,PRELIMINARY_POINT_BUFFER_PROXY,1.648350544,PRELIMINARY_90M,0.5630006028765826,0.8063962351385098,0.284024149,0.23669017673840897,0.4648390217952672,CANDIDATE_GRAPH
50,ST001__ST051,1,ST001,월곶역,51,ST051,연성중학교,8421.0,8.421,2.3041351110427213,0.191690511,0.181080056,0.020477849,0.0,PRELIMINARY_POINT_BUFFER_PROXY,2.276092573,PRELIMINARY_90M,0.6930496942554474,0.6169026830429145,0.191690511,0.3408421315887333,0.4649968770862995,CANDIDATE_GRAPH
278,ST006__ST024,6,ST006,시흥시청 본청,24,ST024,목감고등학교,7071.0,7.071,2.1103035645045516,0.118010471,0.118010471,0.0,0.0,PRELIMINARY_POINT_BUFFER_PROXY,4.228565002,PRELIMINARY_90M,0.5767806390491775,0.6738418335892438,0.118010471,0.6647870179868225,0.4658622608330843,CANDIDATE_GRAPH
1328,ST037__ST051,37,ST037,군자동행정복지센터,51,ST051,연성중학교,7679.0,7.679,2.8767553676910294,0.324964174,0.313330244,0.022453124,0.0,PRELIMINARY_POINT_BUFFER_PROXY,3.223326426,PRELIMINARY_90M,0.6291447765050383,0.44869213330788915,0.324964174,0.4980026416911319,0.46588053819201103,CANDIDATE_GRAPH
1188,ST031__ST034,31,ST031,마전저수지,34,ST034,군자디지털과학고등학교,6030.0,6.03,2.057977037537833,0.231421206,0.231421206,0.0,0.0,PRELIMINARY_POINT_BUFFER_PROXY,4.228768339,PRELIMINARY_90M,0.4871242787012316,0.6892130569516794,0.231421206,0.6648207546892656,0.4659145236391568,CANDIDATE_GRAPH
1346,ST038__ST052,38,ST038,능곡도서관,52,ST052,가온그린공원,3394.0,3.394,2.05417193577184,0.520530741,0.485454785,0.151745333,0.0,PRELIMINARY_POINT_BUFFER_PROXY,4.521379018,PRELIMINARY_90M,0.2600981827577297,0.6903308278520695,0.520530741,0.7133693189402195,0.4662386126266522,CANDIDATE_GRAPH
338,ST007__ST036,7,ST007,장현지구,36,ST036,시흥시립군자도서관,7914.0,7.914,2.6645802732851354,0.307930223,0.307930223,0.0,0.0,PRELIMINARY_POINT_BUFFER_PROXY,2.636188829,PRELIMINARY_90M,0.6493842046335372,0.5110198083346155,0.307930223,0.40058757998005456,0.4665591260356693,CANDIDATE_GRAPH
318,ST007__ST016,7,ST007,장현지구,16,ST016,물왕호수,5361.0,5.361,1.7008916027228806,0.211312552,0.211312552,0.0,0.0,PRELIMINARY_POINT_BUFFER_PROXY,4.448459026,PRELIMINARY_90M,0.42950650245456895,0.7941089920765955,0.211312552,0.7012707826568222,0.46716782967294157,CANDIDATE_GRAPH
52,ST001__ST053,1,ST001,월곶역,53,ST053,오이도 빨강등대,11158.0,11.158,3.5178705850326684,0.196616462,0.15357452,0.043041943,0.0,PRELIMINARY_POINT_BUFFER_PROXY,1.864818909,PRELIMINARY_90M,0.9287744380328998,0.2603607882315623,0.196616462,0.2726055724526627,0.4671881623257268,CANDIDATE_GRAPH
380,ST008__ST031,8,ST008,시흥능곡역,31,ST031,마전저수지,6115.0,6.115,2.0361220445288395,0.213170314,0.213170314,0.0,0.0,PRELIMINARY_POINT_BUFFER_PROXY,4.326926888,PRELIMINARY_90M,0.49444492291792264,0.6956330889813109,0.213170314,0.6811067516296127,0.4676409320619771,CANDIDATE_GRAPH
875,ST020__ST040,20,ST020,시화공업단지[왼쪽부근],40,ST040,갯골생태공원,8138.0,8.138,2.782118021093496,0.193860177,0.193860177,0.0,0.0,PRELIMINARY_POINT_BUFFER_PROXY,3.838501385,PRELIMINARY_90M,0.66867625527517,0.476492407419415,0.193860177,0.6000695283975788,0.4678106443398293,CANDIDATE_GRAPH
247,ST005__ST042,5,ST005,배곧중·고등학교,42,ST042,시흥시청역,9707.0,9.707,2.7612267136458186,0.230343718,0.230343718,0.0,0.0,PRELIMINARY_POINT_BUFFER_PROXY,1.53960277,PRELIMINARY_90M,0.8038067349926794,0.4826293511786637,0.230343718,0.21864726623620126,0.4682412469186007,CANDIDATE_GRAPH
768,ST017__ST041,17,ST017,장곡동,41,ST041,연꽃테마파크,6120.0,6.12,1.9329667879429329,0.333421921,0.307718932,0.089020211,0.0,PRELIMINARY_POINT_BUFFER_PROXY,2.911343552,PRELIMINARY_90M,0.49487554904831627,0.7259355489744963,0.333421921,0.44623993550641916,0.46868502253777283,CANDIDATE_GRAPH
87,ST002__ST035,2,ST002,월곶포구,35,ST035,산들공원,7244.0,7.244,1.8624410921821457,0.248901797,0.248901797,0.0,0.0,PRELIMINARY_POINT_BUFFER_PROXY,2.233402493,PRELIMINARY_90M,0.5916803031607958,0.7466528846199472,0.248901797,0.33375919770935025,0.46870801193667044,CANDIDATE_GRAPH
692,ST015__ST042,15,ST015,목감택지개발예정지구,42,ST042,시흥시청역,6657.0,6.657,2.1200075035931785,0.131463704,0.131463704,0.0,0.0,PRELIMINARY_POINT_BUFFER_PROXY,4.736486726,PRELIMINARY_90M,0.5411247954525881,0.6709912447221167,0.131463704,0.7490589609532967,0.46881669749582366,CANDIDATE_GRAPH
37,ST001__ST038,1,ST001,월곶역,38,ST038,능곡도서관,9189.0,9.189,2.207876585874364,0.151020385,0.143541514,0.010036469,0.0,PRELIMINARY_POINT_BUFFER_PROXY,1.70966098,PRELIMINARY_90M,0.7591938678839032,0.6451791878421445,0.151020385,0.24686251102084986,0.4695381642309225,CANDIDATE_GRAPH
900,ST021__ST031,21,ST021,오이도 포구 해양관광 단지,31,ST031,마전저수지,9293.0,9.293,3.031251972754875,0.24550113,0.238398194,0.029057106,0.0,PRELIMINARY_POINT_BUFFER_PROXY,2.59903452,PRELIMINARY_90M,0.7681508913960899,0.40330785189580864,0.24550113,0.39442311474641795,0.4700531320797559,CANDIDATE_GRAPH
369,ST008__ST020,8,ST008,시흥능곡역,20,ST020,시화공업단지[왼쪽부근],10511.0,10.511,3.1512350183723807,0.191074926,0.191074926,0.0,0.0,PRELIMINARY_POINT_BUFFER_PROXY,1.960084443,PRELIMINARY_90M,0.873051416759969,0.36806213044624614,0.191074926,0.28841157418201324,0.47021088958254037,CANDIDATE_GRAPH
1274,ST034__ST054,34,ST034,군자디지털과학고등학교,54,ST054,시흥 프리미엄 아울렛,9041.0,9.041,2.4037160219270213,0.219655575,0.219655575,0.0,0.0,PRELIMINARY_POINT_BUFFER_PROXY,1.700261816,PRELIMINARY_90M,0.7464473344242528,0.5876502080064777,0.219655575,0.24530304668783673,0.4704959594029595,CANDIDATE_GRAPH
1353,ST039__ST043,39,ST039,능곡힐스테이트,43,ST043,시흥종합버스터미널,9797.0,9.797,3.3777318578726767,0.321542663,0.317948067,0.030100174,0.0,PRELIMINARY_POINT_BUFFER_PROXY,2.070297135,PRELIMINARY_90M,0.811558005339764,0.3015273590279337,0.321542663,0.3066975368718186,0.4707410699552769,CANDIDATE_GRAPH
524,ST011__ST040,11,ST011,배곧생명공원,40,ST040,갯골생태공원,7639.0,7.639,2.6175084770048334,0.233609627,0.233609627,0.0,0.0,PRELIMINARY_POINT_BUFFER_PROXY,3.781989937,PRELIMINARY_90M,0.6256997674618896,0.5248474238221824,0.233609627,0.590693419249688,0.47097082301355103,CANDIDATE_GRAPH
1309,ST036__ST050,36,ST036,시흥시립군자도서관,50,ST050,시흥한라3차아파트,7787.0,7.787,2.207110061858895,0.303797728,0.303797728,0.0,0.0,PRELIMINARY_POINT_BUFFER_PROXY,1.937523345,PRELIMINARY_90M,0.6384463009215399,0.6454043587552062,0.303797728,0.2846683447155826,0.47118676078091754,CANDIDATE_GRAPH
816,ST018__ST052,18,ST018,정왕역,52,ST052,가온그린공원,6635.0,6.635,2.5954303365631386,0.232705275,0.232705275,0.0,0.0,PRELIMINARY_POINT_BUFFER_PROXY,4.965953657,PRELIMINARY_90M,0.5392300404788563,0.5313330067153939,0.232705275,0.7871310165638261,0.47124308674525234,CANDIDATE_GRAPH
1355,ST039__ST045,39,ST039,능곡힐스테이트,45,ST045,시흥중앙도서관,9894.0,9.894,3.46429514019489,0.333215342,0.329655643,0.02980796,0.0,PRELIMINARY_POINT_BUFFER_PROXY,2.060081788,PRELIMINARY_90M,0.8199121522693997,0.2760988885237359,0.333215342,0.3050026553593934,0.4712432648029461,CANDIDATE_GRAPH
994,ST024__ST029,24,ST024,목감고등학교,29,ST029,관곡공원,7813.0,7.813,2.2813845626388716,0.071294065,0.071294065,0.0,0.0,PRELIMINARY_POINT_BUFFER_PROXY,4.420422919,PRELIMINARY_90M,0.6406855567995866,0.6235857897080272,0.071294065,0.6966191658850498,0.47127349395421825,CANDIDATE_GRAPH
691,ST015__ST041,15,ST015,목감택지개발예정지구,41,ST041,연꽃테마파크,6996.0,6.996,2.103008519775055,0.288308607,0.265820206,0.077886748,0.0,PRELIMINARY_POINT_BUFFER_PROXY,2.821094596,PRELIMINARY_90M,0.5703212470932736,0.67598479564838,0.288308607,0.43126626040364713,0.47157648642286876,CANDIDATE_GRAPH
834,ST019__ST034,19,ST019,시화병원,34,ST034,군자디지털과학고등학교,5847.0,5.847,1.7201054013795372,0.425263441,0.425263441,0.0,0.0,PRELIMINARY_POINT_BUFFER_PROXY,1.944003641,PRELIMINARY_90M,0.4713633623288261,0.7884648263367179,0.425263441,0.2857435244314986,0.4718475309971575,CANDIDATE_GRAPH
1278,ST035__ST038,35,ST035,산들공원,38,ST038,능곡도서관,5280.0,5.28,1.9945304789784195,0.259652021,0.2466278,0.017478197,0.0,PRELIMINARY_POINT_BUFFER_PROXY,4.943765851,PRELIMINARY_90M,0.4225303591421927,0.7078508546372565,0.259652021,0.7834497219205138,0.4718862601652958,CANDIDATE_GRAPH
1153,ST029__ST048,29,ST029,관곡공원,48,ST048,정왕평생학습관 사거리,9073.0,9.073,2.814486899879952,0.098607989,0.098607989,0.0,0.0,PRELIMINARY_POINT_BUFFER_PROXY,3.910368585,PRELIMINARY_90M,0.7492033416587719,0.46698385994530733,0.098607989,0.6119933904680269,0.4720689473898356,CANDIDATE_GRAPH
373,ST008__ST024,8,ST008,시흥능곡역,24,ST024,목감고등학교,7693.0,7.693,1.9795588103840667,0.07423355,0.07423355,0.0,0.0,PRELIMINARY_POINT_BUFFER_PROXY,3.860852365,PRELIMINARY_90M,0.6303505296701404,0.7122488698584566,0.07423355,0.603777896090481,0.47219753126981256,CANDIDATE_GRAPH
438,ST009__ST043,9,ST009,능곡중앙공원,43,ST043,시흥종합버스터미널,9831.0,9.831,3.3729547340069628,0.323895134,0.323895134,0.033463188,0.0,PRELIMINARY_POINT_BUFFER_PROXY,2.07290647,PRELIMINARY_90M,0.8144862630264404,0.30293066710562466,0.323895134,0.3071304652541069,0.47269967876849517,CANDIDATE_GRAPH
1075,ST026__ST051,26,ST026,은계파크자이,51,ST051,연성중학교,7587.0,7.587,2.103109787779251,0.27255464,0.260774295,0.022735702,0.0,PRELIMINARY_POINT_BUFFER_PROXY,2.31844097,PRELIMINARY_90M,0.6212212557057962,0.6759550475798153,0.27255464,0.34786837505908663,0.4729373652718547,CANDIDATE_GRAPH
428,ST009__ST033,9,ST009,능곡중앙공원,33,ST033,타원산업단지,10708.0,10.708,3.1601346829823638,0.176932327,0.176932327,0.030730754,0.0,PRELIMINARY_POINT_BUFFER_PROXY,1.994283261,PRELIMINARY_90M,0.8900180862974766,0.3654478019115467,0.176932327,0.294085678485567,0.47294182410926117,CANDIDATE_GRAPH
800,ST018__ST036,18,ST018,정왕역,36,ST036,시흥시립군자도서관,5480.0,5.48,1.5988970337156216,0.386797179,0.386797179,0.0,0.0,PRELIMINARY_POINT_BUFFER_PROXY,2.534814979,PRELIMINARY_90M,0.4397554043579364,0.8240704933045118,0.386797179,0.3837681156771418,0.4729930022877514,CANDIDATE_GRAPH
389,ST008__ST040,8,ST008,시흥능곡역,40,ST040,갯골생태공원,4204.0,4.204,2.0,0.457811993,0.457811993,0.0,0.0,PRELIMINARY_POINT_BUFFER_PROXY,4.321369187,PRELIMINARY_90M,0.3298596158814917,0.7062441508450915,0.457811993,0.6801846444631615,0.47318039064701467,CANDIDATE_GRAPH
440,ST009__ST045,9,ST009,능곡중앙공원,45,ST045,시흥중앙도서관,9928.0,9.928,3.459266989298956,0.335504972,0.335504972,0.033139442,0.0,PRELIMINARY_POINT_BUFFER_PROXY,2.063427956,PRELIMINARY_90M,0.8228404099560761,0.27757593725984997,0.335504972,0.3055578355486389,0.4732192492688924,CANDIDATE_GRAPH
829,ST019__ST029,19,ST019,시화병원,29,ST029,관곡공원,9265.0,9.265,2.820027725618513,0.12145997,0.12145997,0.0,0.0,PRELIMINARY_POINT_BUFFER_PROXY,3.513046847,PRELIMINARY_90M,0.7657393850658858,0.465356209975457,0.12145997,0.546071668159342,0.47335576949205277,CANDIDATE_GRAPH
336,ST007__ST034,7,ST007,장현지구,34,ST034,군자디지털과학고등학교,5320.0,5.32,1.7415557933434342,0.349152348,0.349152348,0.0,0.0,PRELIMINARY_POINT_BUFFER_PROXY,3.459564988,PRELIMINARY_90M,0.4259753681853415,0.7821636482306576,0.349152348,0.5371982139272702,0.4733919276000916,CANDIDATE_GRAPH
70,ST002__ST018,2,ST002,월곶포구,18,ST018,정왕역,7728.0,7.728,2.3633230741544877,0.221665055,0.221665055,0.0,0.0,PRELIMINARY_POINT_BUFFER_PROXY,3.302486644,PRELIMINARY_90M,0.6333649125828955,0.5995158726792682,0.221665055,0.5111365264243426,0.47366763665351835,CANDIDATE_GRAPH
971,ST023__ST037,23,ST023,오이도역,37,ST037,군자동행정복지센터,6462.0,6.462,1.6240566097265439,0.330054651,0.330054651,0.0,0.0,PRELIMINARY_POINT_BUFFER_PROXY,2.003670039,PRELIMINARY_90M,0.524330376367238,0.8166797206890458,0.330054651,0.2956430877927046,0.47371170178524813,CANDIDATE_GRAPH
393,ST008__ST044,8,ST008,시흥능곡역,44,ST044,경기과학기술대학교,9845.0,9.845,3.3708627586547335,0.30400091,0.30400091,0.0,0.0,PRELIMINARY_POINT_BUFFER_PROXY,2.295432289,PRELIMINARY_90M,0.8156920161915425,0.30354519710162997,0.30400091,0.3440508847621648,0.4738091053016906,CANDIDATE_GRAPH
138,ST003__ST034,3,ST003,배곧한울공원,34,ST034,군자디지털과학고등학교,9663.0,9.663,2.6365101331240934,0.235635472,0.235635472,0.0,0.0,PRELIMINARY_POINT_BUFFER_PROXY,1.469778474,PRELIMINARY_90M,0.8000172250452158,0.5192655761935197,0.235635472,0.20706235302586137,0.4738273649584086,CANDIDATE_GRAPH
1047,ST025__ST052,25,ST025,목감동행정복지센터,52,ST052,가온그린공원,7345.0,7.345,2.1523239745186866,0.150372603,0.145795802,0.033594487,0.0,PRELIMINARY_POINT_BUFFER_PROXY,4.001952969,PRELIMINARY_90M,0.6003789509947464,0.6614980923637042,0.150372603,0.6271886333969703,0.47410369708044764,CANDIDATE_GRAPH
38,ST001__ST039,1,ST001,월곶역,39,ST039,능곡힐스테이트,9287.0,9.287,2.20571435228064,0.157848013,0.12796136,0.029886653,0.0,PRELIMINARY_POINT_BUFFER_PROXY,1.709054796,PRELIMINARY_90M,0.7676341400396176,0.64581435660754,0.157848013,0.24676193587105535,0.4743111139660325,CANDIDATE_GRAPH
1255,ST034__ST035,34,ST034,군자디지털과학고등학교,35,ST035,산들공원,462.0,0.462,1.4710642870065378,1.0,1.0,0.0,0.0,PRELIMINARY_POINT_BUFFER_PROXY,2.223041889,PRELIMINARY_90M,0.0075790198949272245,0.861622110363843,1.0,0.33204021585027504,0.4747831114135344,CANDIDATE_GRAPH
1150,ST029__ST045,29,ST029,관곡공원,45,ST045,시흥중앙도서관,9233.0,9.233,2.7641240720233733,0.080513965,0.080513965,0.0,0.0,PRELIMINARY_POINT_BUFFER_PROXY,3.889570974,PRELIMINARY_90M,0.7629833778313668,0.4817782352081591,0.080513965,0.6085427503295655,0.474809733082045,CANDIDATE_GRAPH
419,ST009__ST024,9,ST009,능곡중앙공원,24,ST024,목감고등학교,6788.0,6.788,2.1061863448320617,0.240880001,0.240880001,0.086193074,0.0,PRELIMINARY_POINT_BUFFER_PROXY,3.692084153,PRELIMINARY_90M,0.5524072000689002,0.6750512909502933,0.240880001,0.5757766816037034,0.4749392807047293,CANDIDATE_GRAPH
1181,ST030__ST051,30,ST030,장곡도서관,51,ST051,연성중학교,4293.0,4.293,2.229191408628017,0.55923175,0.538417977,0.040169936,0.0,PRELIMINARY_POINT_BUFFER_PROXY,3.810257233,PRELIMINARY_90M,0.3375247610024976,0.6389178339845588,0.55923175,0.5953833937945224,0.4750326797169643,CANDIDATE_GRAPH
569,ST012__ST042,12,ST012,신천역,42,ST042,시흥시청역,8959.0,8.959,2.3993904468937313,0.202676679,0.202676679,0.0,0.0,PRELIMINARY_POINT_BUFFER_PROXY,2.145622904,PRELIMINARY_90M,0.739385065885798,0.5889208709734651,0.202676679,0.31919522816779833,0.4751174012298921,CANDIDATE_GRAPH
33,ST001__ST034,1,ST001,월곶역,34,ST034,군자디지털과학고등학교,8277.0,8.277,1.9078452826401169,0.168648431,0.168648431,0.0,0.0,PRELIMINARY_POINT_BUFFER_PROXY,2.162643123,PRELIMINARY_90M,0.6806476617001119,0.7333151380967746,0.168648431,0.322019141493555,0.47535468818842735,CANDIDATE_GRAPH
774,ST017__ST047,17,ST017,장곡동,47,ST047,배곧2동행정복지센터,9409.0,9.409,3.0876030863638437,0.366034869,0.366034869,0.0,0.0,PRELIMINARY_POINT_BUFFER_PROXY,1.599302329,PRELIMINARY_90M,0.7781414176212212,0.3867543826667813,0.366034869,0.2285523315119123,0.47549193967757053,CANDIDATE_GRAPH
1279,ST035__ST039,35,ST035,산들공원,39,ST039,능곡힐스테이트,5378.0,5.378,1.9946287952543234,0.269498436,0.217850095,0.051648341,0.0,PRELIMINARY_POINT_BUFFER_PROXY,4.882919105,PRELIMINARY_90M,0.43097063129790714,0.7078219736561426,0.269498436,0.7733543208649613,0.4757818728152402,CANDIDATE_GRAPH
192,ST004__ST037,4,ST004,배곧중심상가,37,ST037,군자동행정복지센터,6728.0,6.728,1.605286670742663,0.299894033,0.299894033,0.0,0.0,PRELIMINARY_POINT_BUFFER_PROXY,2.024060564,PRELIMINARY_90M,0.5472396865041771,0.8221935000538415,0.299894033,0.29902618616921045,0.4758000264626118,CANDIDATE_GRAPH
520,ST011__ST036,11,ST011,배곧생명공원,36,ST036,시흥시립군자도서관,7492.0,7.492,2.0687468486474847,0.331902844,0.331902844,0.0,0.0,PRELIMINARY_POINT_BUFFER_PROXY,1.872674267,PRELIMINARY_90M,0.613039359228318,0.6860493619439256,0.331902844,0.27390889587845346,0.4758356935004644,CANDIDATE_GRAPH
1372,ST040__ST047,40,ST040,갯골생태공원,47,ST047,배곧2동행정복지센터,8159.0,8.159,2.914434196056233,0.251059462,0.251059462,0.0,0.0,PRELIMINARY_POINT_BUFFER_PROXY,3.874202549,PRELIMINARY_90M,0.6704848850228232,0.43762375708630674,0.251059462,0.6059928947634654,0.47585826088976924,CANDIDATE_GRAPH
1280,ST035__ST040,35,ST035,산들공원,40,ST040,갯골생태공원,5984.0,5.984,1.9719072015673569,0.291867828,0.291867828,0.0,0.0,PRELIMINARY_POINT_BUFFER_PROXY,3.883772356,PRELIMINARY_90M,0.48316251830161056,0.7144965747038103,0.291867828,0.6075806713668228,0.47611025405134916,CANDIDATE_GRAPH
688,ST015__ST038,15,ST015,목감택지개발예정지구,38,ST038,능곡도서관,7216.0,7.216,2.1624082596758836,0.186713321,0.17718156,0.012791398,0.0,PRELIMINARY_POINT_BUFFER_PROXY,3.897964235,PRELIMINARY_90M,0.5892687968305916,0.6585357746142315,0.186713321,0.6099353200482308,0.47611986207078805,CANDIDATE_GRAPH
467,ST010__ST027,10,ST010,은계호수공원,27,ST027,은행동행정복지센터,1085.0,1.085,1.0,0.896875795,0.896875795,0.0,0.0,PRELIMINARY_POINT_BUFFER_PROXY,1.453282362,PRELIMINARY_90M,0.06123503574196882,1.0,0.896875795,0.20432539702664804,0.4763000208136863,CANDIDATE_GRAPH
993,ST024__ST028,24,ST024,목감고등학교,28,ST028,매화산업단지,7811.0,7.811,2.7351304155275447,0.323695592,0.319573933,0.070790226,0.0,PRELIMINARY_POINT_BUFFER_PROXY,3.168264669,PRELIMINARY_90M,0.6405133063474292,0.49029529139219696,0.323695592,0.48886705833983213,0.47649267225101444,CANDIDATE_GRAPH
19,ST001__ST020,1,ST001,월곶역,20,ST020,시화공업단지[왼쪽부근],9551.0,9.551,2.6636149917137995,0.125880368,0.125880368,0.0,0.0,PRELIMINARY_POINT_BUFFER_PROXY,2.883103763,PRELIMINARY_90M,0.7903711997243993,0.5113033654422768,0.125880368,0.4415545247914538,0.4765938637107132,CANDIDATE_GRAPH
1187,ST031__ST033,31,ST031,마전저수지,33,ST033,타원산업단지,9117.0,9.117,2.8349961827832684,0.098823044,0.098823044,0.0,0.0,PRELIMINARY_POINT_BUFFER_PROXY,4.086810319,PRELIMINARY_90M,0.7529928516062354,0.4609591381304854,0.098823044,0.641267759021229,0.4766352505414638,CANDIDATE_GRAPH
90,ST002__ST038,2,ST002,월곶포구,38,ST038,능곡도서관,8509.0,8.509,2.167242567914989,0.252130555,0.244053181,0.010839645,0.0,PRELIMINARY_POINT_BUFFER_PROXY,1.709976501,PRELIMINARY_90M,0.7006287141503746,0.6571156682923764,0.252130555,0.24691486075597702,0.47671305147450294,CANDIDATE_GRAPH
611,ST013__ST042,13,ST013,삼미시장,42,ST042,시흥시청역,9100.0,9.1,2.443346882890749,0.206425992,0.206425992,0.0,0.0,PRELIMINARY_POINT_BUFFER_PROXY,2.105196678,PRELIMINARY_90M,0.7515287227628973,0.5760084107913378,0.206425992,0.3124879021156805,0.4767164184426336,CANDIDATE_GRAPH
103,ST002__ST051,2,ST002,월곶포구,51,ST051,연성중학교,7741.0,7.741,2.26792291157827,0.306454625,0.294910451,0.022279897,0.0,PRELIMINARY_POINT_BUFFER_PROXY,2.332794515,PRELIMINARY_90M,0.6344845405219188,0.6275402284463614,0.306454625,0.3502498465899375,0.4767287681104345,CANDIDATE_GRAPH
163,ST004__ST008,4,ST004,배곧중심상가,8,ST008,시흥능곡역,10234.0,10.234,2.6871009164248223,0.177163027,0.177163027,0.0,0.0,PRELIMINARY_POINT_BUFFER_PROXY,1.605438133,PRELIMINARY_90M,0.849194729136164,0.504404237685602,0.177163027,0.22957035476295454,0.47682531269922096,CANDIDATE_GRAPH
1130,ST028__ST051,28,ST028,매화산업단지,51,ST051,연성중학교,6968.0,6.968,1.7909129329233158,0.266511086,0.253684669,0.024754587,0.0,PRELIMINARY_POINT_BUFFER_PROXY,2.561025172,PRELIMINARY_90M,0.5679097407630695,0.7676646997815122,0.266511086,0.3881167855317044,0.47714663855313244,CANDIDATE_GRAPH
471,ST010__ST031,10,ST010,은계호수공원,31,ST031,마전저수지,9658.0,9.658,2.479447707539169,0.110845888,0.110845888,0.0,0.0,PRELIMINARY_POINT_BUFFER_PROXY,2.494180019,PRELIMINARY_90M,0.7995865989148222,0.5654035823915486,0.110845888,0.37702615747815565,0.47720142172022084,CANDIDATE_GRAPH
383,ST008__ST034,8,ST008,시흥능곡역,34,ST034,군자디지털과학고등학교,5212.0,5.212,1.9117330107174155,0.292305874,0.292305874,0.0,0.0,PRELIMINARY_POINT_BUFFER_PROXY,4.735701128,PRELIMINARY_90M,0.41667384376883987,0.7321730952341443,0.292305874,0.748928618290791,0.47768622560954144,CANDIDATE_GRAPH
73,ST002__ST021,2,ST002,월곶포구,21,ST021,오이도 포구 해양관광 단지,10009.0,10.009,2.697243707061011,0.174538062,0.122902166,0.051635896,0.0,PRELIMINARY_POINT_BUFFER_PROXY,1.963748922,PRELIMINARY_90M,0.8298165532684524,0.5014247336094679,0.174538062,0.2890195670098409,0.477708190917328,CANDIDATE_GRAPH
300,ST006__ST046,6,ST006,시흥시청 본청,46,ST046,배곧1동행정복지센터,8564.0,8.564,2.4261774730588592,0.308547855,0.308547855,0.0,0.0,PRELIMINARY_POINT_BUFFER_PROXY,1.746734551,PRELIMINARY_90M,0.7053656015847042,0.5810520253559932,0.308547855,0.25301358059171064,0.47817736646460174,CANDIDATE_GRAPH
211,ST005__ST006,5,ST005,배곧중·고등학교,6,ST006,시흥시청 본청,9543.0,9.543,2.7759353574530383,0.277560288,0.277560288,0.0,0.0,PRELIMINARY_POINT_BUFFER_PROXY,1.704954845,PRELIMINARY_90M,0.7896821979157695,0.4783086010271568,0.277560288,0.24608169161192747,0.4783528152177398,CANDIDATE_GRAPH
241,ST005__ST036,5,ST005,배곧중·고등학교,36,ST036,시흥시립군자도서관,7141.0,7.141,1.8054973029419472,0.31740942,0.31740942,0.0,0.0,PRELIMINARY_POINT_BUFFER_PROXY,1.92922156,PRELIMINARY_90M,0.5828094048746878,0.7633804557822997,0.31740942,0.2832909522572913,0.47850538070119436,CANDIDATE_GRAPH
1004,ST024__ST039,24,ST024,목감고등학교,39,ST039,능곡힐스테이트,6775.0,6.775,2.106389481815986,0.233197987,0.187967838,0.048701916,0.0,PRELIMINARY_POINT_BUFFER_PROXY,3.943263717,PRELIMINARY_90M,0.5512875721298769,0.674991618273086,0.233197987,0.6174511934262217,0.47886614966400737,CANDIDATE_GRAPH
755,ST017__ST028,17,ST017,장곡동,28,ST028,매화산업단지,7665.0,7.665,1.9685429224432203,0.302670708,0.302670708,0.0,0.0,PRELIMINARY_POINT_BUFFER_PROXY,1.842938926,PRELIMINARY_90M,0.6279390233399362,0.7154848513747152,0.302670708,0.26897535032913833,0.47888960799329144,CANDIDATE_GRAPH
415,ST009__ST020,9,ST009,능곡중앙공원,20,ST020,시화공업단지[왼쪽부근],10520.0,10.52,3.15249532086178,0.240155396,0.240155396,0.031284208,0.0,PRELIMINARY_POINT_BUFFER_PROXY,1.809710265,PRELIMINARY_90M,0.8738265437946775,0.36769190921828065,0.240155396,0.2634622098345918,0.478935852646982,CANDIDATE_GRAPH
1305,ST036__ST046,36,ST036,시흥시립군자도서관,46,ST046,배곧1동행정복지센터,7093.0,7.093,1.6997128934762096,0.302437234,0.302437234,0.0,0.0,PRELIMINARY_POINT_BUFFER_PROXY,1.918243629,PRELIMINARY_90M,0.5786753940229094,0.794455244812258,0.302437234,0.2814695464551605,0.47925717733874396,CANDIDATE_GRAPH
81,ST002__ST029,2,ST002,월곶포구,29,ST029,관곡공원,8359.0,8.359,2.454829538271647,0.22113098,0.184447681,0.065623965,0.0,PRELIMINARY_POINT_BUFFER_PROXY,3.003651106,PRELIMINARY_90M,0.6877099302385669,0.5726353136093689,0.22113098,0.46155516334271224,0.479741557806779,CANDIDATE_GRAPH
478,ST010__ST038,10,ST010,은계호수공원,38,ST038,능곡도서관,9372.0,9.372,2.330701975467328,0.167732728,0.160396489,0.00984506,0.0,PRELIMINARY_POINT_BUFFER_PROXY,2.022751487,PRELIMINARY_90M,0.7749547842563087,0.6090985112244809,0.167732728,0.29880899037491765,0.4798084072908419,CANDIDATE_GRAPH
1139,ST029__ST034,29,ST029,관곡공원,34,ST034,군자디지털과학고등학교,8970.0,8.97,2.900578525484893,0.252434833,0.252434833,0.0,0.0,PRELIMINARY_POINT_BUFFER_PROXY,3.031578557,PRELIMINARY_90M,0.7403324433726639,0.44169394136060147,0.252434833,0.4661887524306856,0.48049216456715554,CANDIDATE_GRAPH
1103,ST027__ST051,27,ST027,은행동행정복지센터,51,ST051,연성중학교,7923.0,7.923,2.182844451637436,0.273625618,0.262340521,0.021779886,0.0,PRELIMINARY_POINT_BUFFER_PROXY,2.406116467,PRELIMINARY_90M,0.6501593316682456,0.6525325236910728,0.273625618,0.362415074153889,0.4808309364451839,CANDIDATE_GRAPH
1201,ST031__ST047,31,ST031,마전저수지,47,ST047,배곧2동행정복지센터,7914.0,7.914,2.962193394662467,0.258760761,0.258760761,0.0,0.0,PRELIMINARY_POINT_BUFFER_PROXY,4.408167834,PRELIMINARY_90M,0.6493842046335372,0.42359421314477463,0.258760761,0.6945858608000929,0.48088138362070687,CANDIDATE_GRAPH
1354,ST039__ST044,39,ST039,능곡힐스테이트,44,ST044,경기과학기술대학교,9820.0,9.82,3.3767573140694007,0.354042298,0.350455432,0.030035451,0.0,PRELIMINARY_POINT_BUFFER_PROXY,2.132369889,PRELIMINARY_90M,0.8135388855395745,0.30181363697040364,0.354042298,0.3169963513105174,0.4811613645295094,CANDIDATE_GRAPH
91,ST002__ST039,2,ST002,월곶포구,39,ST039,능곡힐스테이트,8607.0,8.607,2.1653653415540304,0.258363518,0.226112006,0.032251511,0.0,PRELIMINARY_POINT_BUFFER_PROXY,1.708996677,PRELIMINARY_90M,0.709068986306089,0.6576671145160958,0.258363518,0.24675229304456883,0.4813112915670356,CANDIDATE_GRAPH
319,ST007__ST017,7,ST007,장현지구,17,ST017,장곡동,1354.0,1.354,1.2676067006331293,0.962650029,0.962650029,0.0,0.0,PRELIMINARY_POINT_BUFFER_PROXY,1.309444042,PRELIMINARY_90M,0.08440272155714408,0.9213889664159717,0.962650029,0.18046043097641964,0.48155031772465773,CANDIDATE_GRAPH
1296,ST036__ST037,36,ST036,시흥시립군자도서관,37,ST037,군자동행정복지센터,688.0,0.688,1.1969270521131194,1.0,1.0,0.0,0.0,PRELIMINARY_POINT_BUFFER_PROXY,1.574384084,PRELIMINARY_90M,0.027043320988717597,0.9421515265849377,1.0,0.22441801548989346,0.48155816998652273,CANDIDATE_GRAPH
310,ST007__ST008,7,ST007,장현지구,8,ST008,시흥능곡역,2741.0,2.741,1.4601091553027377,0.484118832,0.484118832,0.0,0.0,PRELIMINARY_POINT_BUFFER_PROXY,4.893457588,PRELIMINARY_90M,0.2038584101283266,0.8648402443800967,0.484118832,0.77510281555689,0.4816136227544672,CANDIDATE_GRAPH
556,ST012__ST029,12,ST012,신천역,29,ST029,관곡공원,5571.0,5.571,1.4799014920236022,0.386775582,0.309575788,0.077199794,0.0,PRELIMINARY_POINT_BUFFER_PROXY,2.517723357,PRELIMINARY_90M,0.4475927999310998,0.8590261296998992,0.386775582,0.3809323555071583,0.48229645474193855,CANDIDATE_GRAPH
317,ST007__ST015,7,ST007,장현지구,15,ST015,목감택지개발예정지구,6924.0,6.924,1.8405394230049963,0.163528348,0.163528348,0.0,0.0,PRELIMINARY_POINT_BUFFER_PROXY,3.976463762,PRELIMINARY_90M,0.5641202308156059,0.7530866280469906,0.163528348,0.6229595860909237,0.48238543130849876,CANDIDATE_GRAPH
304,ST006__ST050,6,ST006,시흥시청 본청,50,ST050,시흥한라3차아파트,10014.0,10.014,2.9707752623655717,0.28503215,0.28503215,0.0,0.0,PRELIMINARY_POINT_BUFFER_PROXY,1.681460669,PRELIMINARY_90M,0.830247179398846,0.42107323931031393,0.28503215,0.24218365030681427,0.482386745697681,CANDIDATE_GRAPH
72,ST002__ST020,2,ST002,월곶포구,20,ST020,시화공업단지[왼쪽부근],8871.0,8.871,2.659617387464015,0.221037333,0.221037333,0.0,0.0,PRELIMINARY_POINT_BUFFER_PROXY,2.977741312,PRELIMINARY_90M,0.7318060459908707,0.5124776850732575,0.221037333,0.4572563342533679,0.48247543649946145,CANDIDATE_GRAPH
1148,ST029__ST043,29,ST029,관곡공원,43,ST043,시흥종합버스터미널,9732.0,9.732,2.794266024956174,0.077907684,0.077907684,0.0,0.0,PRELIMINARY_POINT_BUFFER_PROXY,3.709272843,PRELIMINARY_90M,0.8059598656446473,0.47292386022919697,0.077907684,0.5786285468319534,0.4829419280462589,CANDIDATE_GRAPH
439,ST009__ST044,9,ST009,능곡중앙공원,44,ST044,경기과학기술대학교,9854.0,9.854,3.3719937985373485,0.356277282,0.356277282,0.033391482,0.0,PRELIMINARY_POINT_BUFFER_PROXY,2.135066913,PRELIMINARY_90M,0.816467143226251,0.30321294752048433,0.356277282,0.31744382863225373,0.48309198442812273,CANDIDATE_GRAPH
806,ST018__ST042,18,ST018,정왕역,42,ST042,시흥시청역,8220.0,8.22,2.5343117151145504,0.167767218,0.167767218,0.0,0.0,PRELIMINARY_POINT_BUFFER_PROXY,4.032822649,PRELIMINARY_90M,0.675738523813625,0.5492869592582013,0.167767218,0.6323103830474208,0.4831542371435221,CANDIDATE_GRAPH
1177,ST030__ST047,30,ST030,장곡도서관,47,ST047,배곧2동행정복지센터,9466.0,9.466,2.4693194866650576,0.219276538,0.219276538,0.0,0.0,PRELIMINARY_POINT_BUFFER_PROXY,1.855195732,PRELIMINARY_90M,0.7830505555077082,0.5683788065148518,0.219276538,0.27100894095418343,0.4832139313737957,CANDIDATE_GRAPH
1237,ST033__ST038,33,ST033,타원산업단지,38,ST038,능곡도서관,11114.0,11.114,3.027519358491037,0.129363807,0.123175519,0.008304536,0.0,PRELIMINARY_POINT_BUFFER_PROXY,2.083461432,PRELIMINARY_90M,0.9249849280854362,0.40440432916845004,0.129363807,0.3088816940628934,0.48329879652302665,CANDIDATE_GRAPH
1267,ST034__ST047,34,ST034,군자디지털과학고등학교,47,ST047,배곧2동행정복지센터,8311.0,8.311,2.3344607096336327,0.351533163,0.351533163,0.0,0.0,PRELIMINARY_POINT_BUFFER_PROXY,1.618704247,PRELIMINARY_90M,0.6835759193867884,0.6079943610777105,0.351533163,0.2317714049436606,0.48349944549246715,CANDIDATE_GRAPH
1110,ST028__ST031,28,ST028,매화산업단지,31,ST031,마전저수지,9015.0,9.015,2.1633168838959445,0.125240153,0.125240153,0.0,0.0,PRELIMINARY_POINT_BUFFER_PROXY,2.643668039,PRELIMINARY_90M,0.7442080785462062,0.6582688609349048,0.125240153,0.4018284947288679,0.4837109121374833,CANDIDATE_GRAPH
1313,ST036__ST054,36,ST036,시흥시립군자도서관,54,ST054,시흥 프리미엄 아울렛,9223.0,9.223,2.420247319785912,0.235087047,0.235087047,0.0,0.0,PRELIMINARY_POINT_BUFFER_PROXY,1.900967107,PRELIMINARY_90M,0.7621221255705797,0.5827940425663066,0.235087047,0.2786031085615865,0.4838637804972022,CANDIDATE_GRAPH
764,ST017__ST037,17,ST017,장곡동,37,ST037,군자동행정복지센터,5537.0,5.537,1.8789982137136798,0.355272139,0.355272139,0.0,0.0,PRELIMINARY_POINT_BUFFER_PROXY,3.88315591,PRELIMINARY_90M,0.44466454224442337,0.7417891333248903,0.355272139,0.6074783935950733,0.4839302102397873,CANDIDATE_GRAPH
726,ST016__ST037,16,ST016,물왕호수,37,ST037,군자동행정복지센터,8423.0,8.423,2.7086537373101662,0.210058427,0.210058427,0.0,0.0,PRELIMINARY_POINT_BUFFER_PROXY,3.808674234,PRELIMINARY_90M,0.6932219447076049,0.4980729704847442,0.210058427,0.5951207501722072,0.48402499402044163,CANDIDATE_GRAPH
1151,ST029__ST046,29,ST029,관곡공원,46,ST046,배곧1동행정복지센터,10046.0,10.046,2.437207270869709,0.135099212,0.135099212,0.0,0.0,PRELIMINARY_POINT_BUFFER_PROXY,1.96435996,PRELIMINARY_90M,0.8330031866333649,0.5778119577340601,0.135099212,0.2891209475120978,0.4842564519953044,CANDIDATE_GRAPH
403,ST008__ST054,8,ST008,시흥능곡역,54,ST054,시흥 프리미엄 아울렛,8474.0,8.474,2.118722442640392,0.201490511,0.201490511,0.0,0.0,PRELIMINARY_POINT_BUFFER_PROXY,2.450436707,PRELIMINARY_90M,0.6976143312376195,0.6713687388935183,0.201490511,0.36976847638312793,0.4842766629193397,CANDIDATE_GRAPH
479,ST010__ST039,10,ST010,은계호수공원,39,ST039,능곡힐스테이트,9470.0,9.47,2.3273271025093933,0.174260921,0.144938428,0.029322493,0.0,PRELIMINARY_POINT_BUFFER_PROXY,2.018539596,PRELIMINARY_90M,0.7833950564120231,0.6100898998960289,0.174260921,0.29811017356641867,0.4844880060083766,CANDIDATE_GRAPH
271,ST006__ST017,6,ST006,시흥시청 본청,17,ST017,장곡동,1970.0,1.97,1.4937720094859535,0.908945228,0.908945228,0.0,0.0,PRELIMINARY_POINT_BUFFER_PROXY,1.770716728,PRELIMINARY_90M,0.13745586082163466,0.8549515840645282,0.908945228,0.2569925886885486,0.4848850634037601,CANDIDATE_GRAPH
986,ST023__ST052,23,ST023,오이도역,52,ST052,가온그린공원,6421.0,6.421,2.2786022006559326,0.259309932,0.259309932,0.0,0.0,PRELIMINARY_POINT_BUFFER_PROXY,4.760544025,PRELIMINARY_90M,0.5207992420980105,0.6244031248149818,0.259309932,0.753050432933053,0.484945407637258,CANDIDATE_GRAPH
1398,ST042__ST046,42,ST042,시흥시청역,46,ST046,배곧1동행정복지센터,8635.0,8.635,2.3767235981646926,0.31911375,0.31911375,0.0,0.0,PRELIMINARY_POINT_BUFFER_PROXY,1.724411828,PRELIMINARY_90M,0.7114804926362932,0.5955793903695297,0.31911375,0.24930990116509014,0.48530897317137206,CANDIDATE_GRAPH
377,ST008__ST028,8,ST008,시흥능곡역,28,ST028,매화산업단지,8534.0,8.534,1.9269660940085112,0.132284324,0.132284324,0.0,0.0,PRELIMINARY_POINT_BUFFER_PROXY,2.663161369,PRELIMINARY_90M,0.7027818448023426,0.7276982879167211,0.132284324,0.40506273480241645,0.4853437944845266,CANDIDATE_GRAPH
496,ST011__ST012,11,ST011,배곧생명공원,12,ST012,신천역,11190.0,11.19,3.3955749329725884,0.229835415,0.229835415,0.0,0.0,PRELIMINARY_POINT_BUFFER_PROXY,1.946326239,PRELIMINARY_90M,0.9315304452674188,0.2962858513504243,0.229835415,0.28612887878226084,0.48567101168102056,CANDIDATE_GRAPH
1213,ST032__ST036,32,ST032,희망공원,36,ST036,시흥시립군자도서관,11031.0,11.031,3.416515222422179,0.29976303,0.29976303,0.0,0.0,PRELIMINARY_POINT_BUFFER_PROXY,1.486346433,PRELIMINARY_90M,0.9178365343209026,0.29013451884161034,0.29976303,0.20981122953565776,0.48568213271098665,CANDIDATE_GRAPH
457,ST010__ST017,10,ST010,은계호수공원,17,ST017,장곡동,9371.0,9.371,2.3066653175877168,0.196613464,0.196613464,0.0,0.0,PRELIMINARY_POINT_BUFFER_PROXY,1.921374112,PRELIMINARY_90M,0.77486865903023,0.6161594200707521,0.196613464,0.2819889412208656,0.4858876218578607,CANDIDATE_GRAPH
1461,ST048__ST052,48,ST048,정왕평생학습관 사거리,52,ST052,가온그린공원,7059.0,7.059,2.631176579104022,0.278804075,0.278804075,0.0,0.0,PRELIMINARY_POINT_BUFFER_PROXY,4.6806906,PRELIMINARY_90M,0.5757471363362329,0.5208323388836993,0.278804075,0.7398015346101342,0.4863492144359415,CANDIDATE_GRAPH
1186,ST031__ST032,31,ST031,마전저수지,32,ST032,희망공원,9257.0,9.257,2.7121760397838504,0.097324098,0.097324098,0.0,0.0,PRELIMINARY_POINT_BUFFER_PROXY,4.045858042,PRELIMINARY_90M,0.765050383257256,0.4970382735306067,0.097324098,0.6344731531033864,0.48667728631166896,CANDIDATE_GRAPH
746,ST017__ST019,17,ST017,장곡동,19,ST019,시화병원,6719.0,6.719,2.5683224236556637,0.264976881,0.264976881,0.0,0.0,PRELIMINARY_POINT_BUFFER_PROXY,5.10007127,PRELIMINARY_90M,0.5464645594694686,0.5392961146903463,0.264976881,0.8093831694044784,0.486773514413055,CANDIDATE_GRAPH
1212,ST032__ST035,32,ST032,희망공원,35,ST035,산들공원,8997.0,8.997,2.4269003733370473,0.294953952,0.294953952,0.0,0.0,PRELIMINARY_POINT_BUFFER_PROXY,1.708469511,PRELIMINARY_90M,0.7426578244767893,0.5808396691709197,0.294953952,0.24666482818337723,0.48683638462856677,CANDIDATE_GRAPH
1175,ST030__ST045,30,ST030,장곡도서관,45,ST045,시흥중앙도서관,6936.0,6.936,2.670716000289097,0.243370139,0.243370139,0.0,0.0,PRELIMINARY_POINT_BUFFER_PROXY,5.311475889,PRELIMINARY_90M,0.5651537335285505,0.509217402638384,0.243370139,0.8444584126032064,0.48715858390315037,CANDIDATE_GRAPH
1178,ST030__ST048,30,ST030,장곡도서관,48,ST048,정왕평생학습관 사거리,6776.0,6.776,2.7359223632924965,0.271497661,0.271497661,0.0,0.0,PRELIMINARY_POINT_BUFFER_PROXY,5.378297952,PRELIMINARY_90M,0.5513736973559555,0.4900626521040171,0.271497661,0.8555452096743987,0.48719952119654764,CANDIDATE_GRAPH
1437,ST045__ST052,45,ST045,시흥중앙도서관,52,ST052,가온그린공원,7230.0,7.23,2.580652783901376,0.255536809,0.255536809,0.0,0.0,PRELIMINARY_POINT_BUFFER_PROXY,4.637835143,PRELIMINARY_90M,0.5904745499956937,0.5356739992459812,0.255536809,0.7326911621699387,0.48758876892317987,CANDIDATE_GRAPH
1173,ST030__ST043,30,ST030,장곡도서관,43,ST043,시흥종합버스터미널,7435.0,7.435,2.7164252710890455,0.229056794,0.229056794,0.0,0.0,PRELIMINARY_POINT_BUFFER_PROXY,4.983186745,PRELIMINARY_90M,0.608130221341831,0.49579003698029345,0.229056794,0.7899902480958725,0.4877663205800804,CANDIDATE_GRAPH
1117,ST028__ST038,28,ST028,매화산업단지,38,ST038,능곡도서관,8729.0,8.729,1.9933415681901132,0.186772272,0.178897513,0.01056774,0.0,PRELIMINARY_POINT_BUFFER_PROXY,2.140300825,PRELIMINARY_90M,0.7195762638876927,0.7082001041354449,0.186772272,0.31831221427656525,0.4879316133292662,CANDIDATE_GRAPH
1238,ST033__ST039,33,ST033,타원산업단지,39,ST039,능곡힐스테이트,11212.0,11.212,3.018660011719582,0.135210115,0.110436354,0.024773761,0.0,PRELIMINARY_POINT_BUFFER_PROXY,2.078405666,PRELIMINARY_90M,0.9334252002411506,0.4070068141022567,0.135210115,0.3080428655507981,0.48810914148747375,CANDIDATE_GRAPH
1055,ST026__ST031,26,ST026,은계파크자이,31,ST031,마전저수지,9634.0,9.634,2.3852072239154096,0.139069702,0.139069702,0.0,0.0,PRELIMINARY_POINT_BUFFER_PROXY,2.456527444,PRELIMINARY_90M,0.7975195934889329,0.5930872756832154,0.139069702,0.37077902233309357,0.48813359170773357,CANDIDATE_GRAPH
105,ST002__ST053,2,ST002,월곶포구,53,ST053,오이도 빨강등대,10374.0,10.374,2.672653089698992,0.16543645,0.119104544,0.046331907,0.0,PRELIMINARY_POINT_BUFFER_PROXY,1.992709671,PRELIMINARY_90M,0.8612522607871845,0.5086483712938912,0.16543645,0.2938245959595268,0.48860076742822184,CANDIDATE_GRAPH
964,ST023__ST030,23,ST023,오이도역,30,ST030,장곡도서관,6897.0,6.897,1.3622999408685186,0.193012198,0.193012198,0.0,0.0,PRELIMINARY_POINT_BUFFER_PROXY,2.841051121,PRELIMINARY_90M,0.5617948497114805,0.8935722732213952,0.193012198,0.43457735157605193,0.488782304279705,CANDIDATE_GRAPH
86,ST002__ST034,2,ST002,월곶포구,34,ST034,군자디지털과학고등학교,7597.0,7.597,1.8353556225191694,0.283611495,0.283611495,0.0,0.0,PRELIMINARY_POINT_BUFFER_PROXY,2.207590056,PRELIMINARY_90M,0.6220825079665834,0.7546093997605542,0.283611495,0.3294765216277702,0.4889751097345805,CANDIDATE_GRAPH
340,ST007__ST038,7,ST007,장현지구,38,ST038,능곡도서관,2995.0,2.995,1.5526416544384283,0.509541985,0.486566978,0.030831918,0.0,PRELIMINARY_POINT_BUFFER_PROXY,4.846282974,PRELIMINARY_90M,0.22573421755232106,0.837658281522066,0.509541985,0.7672758292465475,0.48901550308470776,CANDIDATE_GRAPH
1402,ST042__ST050,42,ST042,시흥시청역,50,ST050,시흥한라3차아파트,10085.0,10.085,2.9245549241338105,0.294245665,0.294245665,0.0,0.0,PRELIMINARY_POINT_BUFFER_PROXY,1.662082999,PRELIMINARY_90M,0.836362070450435,0.434650734015812,0.294245665,0.23896859998724343,0.48906357770890113,CANDIDATE_GRAPH
937,ST022__ST035,22,ST022,오이도박물관,35,ST035,산들공원,10886.0,10.886,2.836094749599771,0.176800613,0.176800613,0.0,0.0,PRELIMINARY_POINT_BUFFER_PROXY,1.673561815,PRELIMINARY_90M,0.9053483765394884,0.4606364277024503,0.176800613,0.24087311023275254,0.48933033711422386,CANDIDATE_GRAPH
1364,ST039__ST054,39,ST039,능곡힐스테이트,54,ST054,시흥 프리미엄 아울렛,9306.0,9.306,2.269526261554338,0.232048293,0.21548522,0.059189099,0.0,PRELIMINARY_POINT_BUFFER_PROXY,1.701032209,PRELIMINARY_90M,0.7692705193351133,0.627069235012649,0.232048293,0.24543086660947053,0.48948523201124006,CANDIDATE_GRAPH
492,ST010__ST052,10,ST010,은계호수공원,52,ST052,가온그린공원,9414.0,9.414,2.2745307477085395,0.204903465,0.204903465,0.0,0.0,PRELIMINARY_POINT_BUFFER_PROXY,1.862794783,PRELIMINARY_90M,0.7785720437516148,0.6255991379328376,0.204903465,0.272269739148496,0.4896863700219071,CANDIDATE_GRAPH
343,ST007__ST041,7,ST007,장현지구,41,ST041,연꽃테마파크,5963.0,5.963,1.7948613454178433,0.381443526,0.355056843,0.091388128,0.0,PRELIMINARY_POINT_BUFFER_PROXY,3.139713519,PRELIMINARY_90M,0.48135388855395744,0.7665048305163684,0.381443526,0.4841299880970416,0.489755206811715,CANDIDATE_GRAPH
193,ST004__ST038,4,ST004,배곧중심상가,38,ST038,능곡도서관,10482.0,10.482,2.684005602757446,0.19198165,0.185424387,0.008799693,0.0,PRELIMINARY_POINT_BUFFER_PROXY,1.668994461,PRELIMINARY_90M,0.8705537852036862,0.5053135041803629,0.19198165,0.24011531670353603,0.48976923566289315,CANDIDATE_GRAPH
1211,ST032__ST034,32,ST032,희망공원,34,ST034,군자디지털과학고등학교,9776.0,9.776,2.346286353043536,0.221489343,0.221489343,0.0,0.0,PRELIMINARY_POINT_BUFFER_PROXY,1.431768579,PRELIMINARY_90M,0.8097493755921109,0.6045205091560313,0.221489343,0.20075593305552422,0.4898021089967737,CANDIDATE_GRAPH
1003,ST024__ST038,24,ST024,목감고등학교,38,ST038,능곡도서관,7850.0,7.85,2.146106578757132,0.134809985,0.126052119,0.011752849,0.0,PRELIMINARY_POINT_BUFFER_PROXY,4.175710595,PRELIMINARY_90M,0.6438721901644991,0.6633244887351717,0.134809985,0.6560176675893765,0.4901253106930155,CANDIDATE_GRAPH
281,ST006__ST027,6,ST006,시흥시청 본청,27,ST027,은행동행정복지센터,8014.0,8.014,2.0956042363908334,0.253163149,0.195302402,0.057860748,0.0,PRELIMINARY_POINT_BUFFER_PROXY,2.678365565,PRELIMINARY_90M,0.657996727241409,0.6781598472012957,0.253163149,0.4075853422783729,0.4903594125665082,CANDIDATE_GRAPH
341,ST007__ST039,7,ST007,장현지구,39,ST039,능곡힐스테이트,3093.0,3.093,1.5666346849364792,0.518859596,0.428985095,0.089874501,0.0,PRELIMINARY_POINT_BUFFER_PROXY,4.745965987,PRELIMINARY_90M,0.23417448970803548,0.8335477469658605,0.518859596,0.7506317145974318,0.4909802769805993,CANDIDATE_GRAPH
8,ST001__ST009,1,ST001,월곶역,9,ST009,능곡중앙공원,9589.0,9.589,2.1992660976369445,0.186186101,0.173782985,0.062235777,0.0,PRELIMINARY_POINT_BUFFER_PROXY,1.713322114,PRELIMINARY_90M,0.7936439583153906,0.647708569125966,0.186186101,0.2474699488622772,0.4909841168149215,CANDIDATE_GRAPH
1062,ST026__ST038,26,ST026,은계파크자이,38,ST038,능곡도서관,9348.0,9.348,2.2332370139404776,0.196951609,0.189597904,0.009868499,0.0,PRELIMINARY_POINT_BUFFER_PROXY,1.978875946,PRELIMINARY_90M,0.7728877788304195,0.6377294137606513,0.196951609,0.2915293704766847,0.49102391316427985,CANDIDATE_GRAPH
43,ST001__ST044,1,ST001,월곶역,44,ST044,경기과학기술대학교,9744.0,9.744,2.584045983958349,0.135564347,0.135564347,0.0,0.0,PRELIMINARY_POINT_BUFFER_PROXY,2.951537709,PRELIMINARY_90M,0.806993368357592,0.5346772268818927,0.135564347,0.45290875778008416,0.49121052471854837,CANDIDATE_GRAPH
449,ST009__ST054,9,ST009,능곡중앙공원,54,ST054,시흥 프리미엄 아울렛,9339.0,9.339,2.2685819910687415,0.23274666,0.199253272,0.060493069,0.0,PRELIMINARY_POINT_BUFFER_PROXY,1.72230605,PRELIMINARY_90M,0.772112651795711,0.6273466199909774,0.23274666,0.24896052055163945,0.49123949520944027,CANDIDATE_GRAPH
185,ST004__ST030,4,ST004,배곧중심상가,30,ST030,장곡도서관,7163.0,7.163,1.3543081164343391,0.169732084,0.169732084,0.0,0.0,PRELIMINARY_POINT_BUFFER_PROXY,2.835022961,PRELIMINARY_90M,0.5847041598484196,0.8959199183943545,0.169732084,0.43357718810260937,0.49130003884120915,CANDIDATE_GRAPH
976,ST023__ST042,23,ST023,오이도역,42,ST042,시흥시청역,8006.0,8.006,2.2786233454022335,0.187372988,0.187372988,0.0,0.0,PRELIMINARY_POINT_BUFFER_PROXY,3.835488247,PRELIMINARY_90M,0.6573077254327793,0.624396913422077,0.187372988,0.5995696029529917,0.49171577402883687,CANDIDATE_GRAPH
836,ST019__ST036,19,ST019,시화병원,36,ST036,시흥시립군자도서관,6112.0,6.112,1.770975275019778,0.45030587,0.45030587,0.0,0.0,PRELIMINARY_POINT_BUFFER_PROXY,2.293476522,PRELIMINARY_90M,0.4941865472396865,0.7735215034091261,0.45030587,0.34372639325630494,0.49180501870416127,CANDIDATE_GRAPH
359,ST008__ST010,8,ST008,시흥능곡역,10,ST010,은계호수공원,9519.0,9.519,2.1680281636531937,0.115583801,0.115583801,0.0,0.0,PRELIMINARY_POINT_BUFFER_PROXY,2.47456009,PRELIMINARY_90M,0.7876151924898803,0.6568848949492077,0.115583801,0.3737709127040726,0.49200388351691055,CANDIDATE_GRAPH
13,ST001__ST014,1,ST001,월곶역,14,ST014,시흥대야역,10345.0,10.345,3.077670885016786,0.204886147,0.155571656,0.121201371,0.0,PRELIMINARY_POINT_BUFFER_PROXY,2.733430341,PRELIMINARY_90M,0.8587546292309017,0.3896720249074638,0.204886147,0.4167214265277122,0.4922282759414652,CANDIDATE_GRAPH
1118,ST028__ST039,28,ST028,매화산업단지,39,ST039,능곡힐스테이트,8827.0,8.827,1.9934144520107262,0.193566014,0.162114654,0.03145136,0.0,PRELIMINARY_POINT_BUFFER_PROXY,2.133727733,PRELIMINARY_90M,0.7280165360434071,0.7081786940868311,0.193566014,0.31722163829218897,0.492416275676387,CANDIDATE_GRAPH
501,ST011__ST017,11,ST011,배곧생명공원,17,ST017,장곡동,7363.0,7.363,2.5772716545856533,0.300840999,0.300840999,0.0,0.0,PRELIMINARY_POINT_BUFFER_PROXY,4.208993527,PRELIMINARY_90M,0.6019292050641633,0.536667225759224,0.300840999,0.6615398124686552,0.4924498885446002,CANDIDATE_GRAPH
1025,ST025__ST030,25,ST025,목감동행정복지센터,30,ST030,장곡도서관,7865.0,7.865,2.142262429308918,0.174574372,0.170299885,0.03137545,0.0,PRELIMINARY_POINT_BUFFER_PROXY,3.847306972,PRELIMINARY_90M,0.64516406855568,0.6644537301206102,0.174574372,0.6015305092739359,0.49257133940970044,CANDIDATE_GRAPH
679,ST015__ST029,15,ST015,목감택지개발예정지구,29,ST029,관곡공원,8189.0,8.189,2.2684718509323605,0.10686736,0.10686736,0.0,0.0,PRELIMINARY_POINT_BUFFER_PROXY,4.446520948,PRELIMINARY_90M,0.6730686418051848,0.627378974300266,0.10686736,0.7009492260252327,0.4929090433956528,CANDIDATE_GRAPH
852,ST019__ST052,19,ST019,시화병원,52,ST052,가온그린공원,7267.0,7.267,2.653328762428982,0.299514676,0.299514676,0.0,0.0,PRELIMINARY_POINT_BUFFER_PROXY,4.553000916,PRELIMINARY_90M,0.5936611833606064,0.5143250054604405,0.299514676,0.7186158730032384,0.49331746521878606,CANDIDATE_GRAPH
906,ST021__ST037,21,ST021,오이도 포구 해양관광 단지,37,ST037,군자동행정복지센터,11237.0,11.237,3.2784564129180023,0.32288267,0.317010944,0.024020396,0.0,PRELIMINARY_POINT_BUFFER_PROXY,0.995066461,PRELIMINARY_90M,0.9355783308931186,0.33069010166082546,0.32288267,0.12830040646057483,0.49355616461384283,CANDIDATE_GRAPH
313,ST007__ST011,7,ST007,장현지구,11,ST011,배곧생명공원,9980.0,9.98,2.5537413472256456,0.24479273,0.24479273,0.0,0.0,PRELIMINARY_POINT_BUFFER_PROXY,1.600494142,PRELIMINARY_90M,0.8273189217121695,0.543579391178639,0.24479273,0.22875007142421955,0.49378819404862,CANDIDATE_GRAPH
218,ST005__ST013,5,ST005,배곧중·고등학교,13,ST013,삼미시장,11569.0,11.569,3.474120233153167,0.21482162,0.203744915,0.04891101,0.0,PRELIMINARY_POINT_BUFFER_PROXY,2.151417595,PRELIMINARY_90M,0.9641719059512531,0.27321270999875125,0.21482162,0.3201566555814845,0.4938316124199115,CANDIDATE_GRAPH
35,ST001__ST036,1,ST001,월곶역,36,ST036,시흥시립군자도서관,8542.0,8.542,1.9383921017791224,0.194568464,0.194568464,0.0,0.0,PRELIMINARY_POINT_BUFFER_PROXY,2.404183711,PRELIMINARY_90M,0.7034708466109724,0.7243418313016146,0.194568464,0.36209440052308345,0.49403943865262573,CANDIDATE_GRAPH
1416,ST043__ST052,43,ST043,시흥종합버스터미널,52,ST052,가온그린공원,7723.0,7.723,2.6810852048267755,0.272057108,0.272057108,0.0,0.0,PRELIMINARY_POINT_BUFFER_PROXY,4.373165634,PRELIMINARY_90M,0.6329342864525019,0.5061713881543572,0.272057108,0.6887784631978174,0.49409232436891976,CANDIDATE_GRAPH
339,ST007__ST037,7,ST007,장현지구,37,ST037,군자동행정복지센터,8390.0,8.39,2.570190493668074,0.347173938,0.347173938,0.0,0.0,PRELIMINARY_POINT_BUFFER_PROXY,2.554708776,PRELIMINARY_90M,0.6903798122470072,0.5387473581975699,0.347173938,0.3870687993198257,0.49423621032394033,CANDIDATE_GRAPH
724,ST016__ST035,16,ST016,물왕호수,35,ST035,산들공원,8555.0,8.555,2.7554200917307856,0.222244895,0.222244895,0.0,0.0,PRELIMINARY_POINT_BUFFER_PROXY,4.052626345,PRELIMINARY_90M,0.7045904745499957,0.4843350803300357,0.222244895,0.6355961175631538,0.49437432354297867,CANDIDATE_GRAPH
194,ST004__ST039,4,ST004,배곧중심상가,39,ST039,능곡힐스테이트,10580.0,10.58,2.6777596266461616,0.197601569,0.171364162,0.026237407,0.0,PRELIMINARY_POINT_BUFFER_PROXY,1.667718253,PRELIMINARY_90M,0.8789940573594006,0.5071482961967346,0.197601569,0.23990357437650506,0.49446350772161285,CANDIDATE_GRAPH
101,ST002__ST049,2,ST002,월곶포구,49,ST049,거북섬 웨이브파크 정문,11279.0,11.279,2.6964338787885858,0.126061928,0.126061928,0.0,0.0,PRELIMINARY_POINT_BUFFER_PROXY,1.586662782,PRELIMINARY_90M,0.9391955903884248,0.5016626254013039,0.126061928,0.22645523833086523,0.49453474946583925,CANDIDATE_GRAPH
664,ST014__ST054,14,ST014,시흥대야역,54,ST054,시흥 프리미엄 아울렛,10085.0,10.085,3.128896964004259,0.240306149,0.185260788,0.125047292,0.0,PRELIMINARY_POINT_BUFFER_PROXY,2.91185417,PRELIMINARY_90M,0.836362070450435,0.37462406457562225,0.240306149,0.44632465480260275,0.4946767730431671,CANDIDATE_GRAPH
1035,ST025__ST040,25,ST025,목감동행정복지센터,40,ST040,갯골생태공원,8202.0,8.202,2.062584032392724,0.134736463,0.130636588,0.030093759,0.0,PRELIMINARY_POINT_BUFFER_PROXY,3.757341803,PRELIMINARY_90M,0.6741882697442081,0.6878597252660286,0.134736463,0.5866039187528004,0.4952125430265986,CANDIDATE_GRAPH
66,ST002__ST014,2,ST002,월곶포구,14,ST014,시흥대야역,9776.0,9.776,3.0588362192751695,0.2786786,0.226479007,0.128292153,0.0,PRELIMINARY_POINT_BUFFER_PROXY,2.761333555,PRELIMINARY_90M,0.8097493755921109,0.3952048181359412,0.2786786,0.4213509943285755,0.49532554423371333,CANDIDATE_GRAPH
1063,ST026__ST039,26,ST026,은계파크자이,39,ST039,능곡힐스테이트,9446.0,9.446,2.230851179550346,0.203196298,0.173804709,0.02939159,0.0,PRELIMINARY_POINT_BUFFER_PROXY,1.973949092,PRELIMINARY_90M,0.7813280509861339,0.6384302665678674,0.203196298,0.29071193042702037,0.49555673522277344,CANDIDATE_GRAPH
1239,ST033__ST040,33,ST033,타원산업단지,40,ST040,갯골생태공원,9736.0,9.736,2.7182707914052595,0.144941078,0.144941078,0.0,0.0,PRELIMINARY_POINT_BUFFER_PROXY,3.367233468,PRELIMINARY_90M,0.8063043665489622,0.49524790459267143,0.144941078,0.5218790097668907,0.4957732301757046,CANDIDATE_GRAPH
1478,ST051__ST054,51,ST051,연성중학교,54,ST054,시흥 프리미엄 아울렛,10127.0,10.127,2.365480117805432,0.113569653,0.104745501,0.01703025,0.0,PRELIMINARY_POINT_BUFFER_PROXY,2.378360935,PRELIMINARY_90M,0.8399793299457411,0.5988822284899209,0.113569653,0.35781000904407667,0.4958331257856051,CANDIDATE_GRAPH
720,ST016__ST031,16,ST016,물왕호수,31,ST031,마전저수지,7553.0,7.553,2.1709163510349363,0.113202954,0.113202954,0.0,0.0,PRELIMINARY_POINT_BUFFER_PROXY,5.041993359,PRELIMINARY_90M,0.6182929980191199,0.6560364730123653,0.113202954,0.7997471602082976,0.4958726564404097,CANDIDATE_GRAPH
1387,ST041__ST048,41,ST041,연꽃테마파크,48,ST048,정왕평생학습관 사거리,9776.0,9.776,2.720411057587995,0.09150236,0.09150236,0.0,0.0,PRELIMINARY_POINT_BUFFER_PROXY,3.868236792,PRELIMINARY_90M,0.8097493755921109,0.49461918888274437,0.09150236,0.6050030848972981,0.49596217196838244,CANDIDATE_GRAPH
615,ST013__ST046,13,ST013,삼미시장,46,ST046,배곧1동행정복지센터,10371.0,10.371,3.0112737861436907,0.257913099,0.257913099,0.0,0.0,PRELIMINARY_POINT_BUFFER_PROXY,2.172159518,PRELIMINARY_90M,0.8609938851089484,0.4091765610683523,0.257913099,0.32359805623335147,0.4962011551868051,CANDIDATE_GRAPH
775,ST017__ST048,17,ST017,장곡동,48,ST048,정왕평생학습관 사거리,6989.0,6.989,2.5875518533140287,0.293401237,0.293401237,0.0,0.0,PRELIMINARY_POINT_BUFFER_PROXY,4.918188862,PRELIMINARY_90M,0.5697183705107226,0.5336473572522888,0.293401237,0.779206110244904,0.4963621269159463,CANDIDATE_GRAPH
772,ST017__ST045,17,ST017,장곡동,45,ST045,시흥중앙도서관,7149.0,7.149,2.527627459473465,0.265603327,0.265603327,0.0,0.0,PRELIMINARY_POINT_BUFFER_PROXY,4.863694723,PRELIMINARY_90M,0.5834984066833175,0.5512504984500168,0.265603327,0.7701647033571469,0.4964000792827365,CANDIDATE_GRAPH
1384,ST041__ST045,41,ST041,연꽃테마파크,45,ST045,시흥중앙도서관,9963.0,9.963,2.7305625680834593,0.0761019,0.0761019,0.0,0.0,PRELIMINARY_POINT_BUFFER_PROXY,3.84934731,PRELIMINARY_90M,0.8258547928688312,0.4916371232969443,0.0761019,0.6018690323955977,0.4966824320228195,CANDIDATE_GRAPH
750,ST017__ST023,17,ST017,장곡동,23,ST023,오이도역,6770.0,6.77,2.251824167685008,0.262137057,0.262137057,0.0,0.0,PRELIMINARY_POINT_BUFFER_PROXY,4.731040277,PRELIMINARY_90M,0.5508569459994832,0.6322693286290539,0.262137057,0.7481553121865475,0.49701135790361206,CANDIDATE_GRAPH
1306,ST036__ST047,36,ST036,시흥시립군자도서관,47,ST047,배곧2동행정복지센터,8493.0,8.493,2.353896512711308,0.365456328,0.365456328,0.0,0.0,PRELIMINARY_POINT_BUFFER_PROXY,1.848028246,PRELIMINARY_90M,0.6992507105331152,0.6022849802406205,0.365456328,0.26981974596041897,0.4970317886287772,CANDIDATE_GRAPH
1258,ST034__ST038,34,ST034,군자디지털과학고등학교,38,ST038,능곡도서관,5716.0,5.716,1.9523151636500016,0.315975055,0.30394167,0.016148518,0.0,PRELIMINARY_POINT_BUFFER_PROXY,4.7650399,PRELIMINARY_90M,0.460080957712514,0.7202518504388982,0.315975055,0.7537963670084862,0.49714192408843244,CANDIDATE_GRAPH
96,ST002__ST044,2,ST002,월곶포구,44,ST044,경기과학기술대학교,9064.0,9.064,2.57415179912506,0.229400406,0.229400406,0.0,0.0,PRELIMINARY_POINT_BUFFER_PROXY,3.049817901,PRELIMINARY_90M,0.7484282146240634,0.537583701549291,0.229400406,0.46921493714515133,0.49719895750005305,CANDIDATE_GRAPH
770,ST017__ST043,17,ST017,장곡동,43,ST043,시흥종합버스터미널,7648.0,7.648,2.5813963042428436,0.250235778,0.250235778,0.0,0.0,PRELIMINARY_POINT_BUFFER_PROXY,4.57330077,PRELIMINARY_90M,0.6264748944965981,0.5354555857967095,0.250235778,0.7219839276811196,0.4972138638853192,CANDIDATE_GRAPH
513,ST011__ST029,11,ST011,배곧생명공원,29,ST029,관곡공원,9925.0,9.925,2.7163115231162704,0.145334135,0.145334135,0.0,0.0,PRELIMINARY_POINT_BUFFER_PROXY,3.187994299,PRELIMINARY_90M,0.8225820342778399,0.4958234511126256,0.145334135,0.4921405041791159,0.49722301159663645,CANDIDATE_GRAPH
61,ST002__ST009,2,ST002,월곶포구,9,ST009,능곡중앙공원,8909.0,8.909,2.1597855366879912,0.285476645,0.272125216,0.066994175,0.0,PRELIMINARY_POINT_BUFFER_PROXY,1.712174897,PRELIMINARY_90M,0.735078804581862,0.6593062148326378,0.285476645,0.2472796081049794,0.49759992703592615,CANDIDATE_GRAPH
1083,ST027__ST031,27,ST027,은행동행정복지센터,31,ST031,마전저수지,9970.0,9.97,2.439129741416626,0.144378702,0.144378702,0.0,0.0,PRELIMINARY_POINT_BUFFER_PROXY,2.509305264,PRELIMINARY_90M,0.8264576694513823,0.577247220766075,0.144378702,0.37953566578182873,0.4977346538284731,CANDIDATE_GRAPH
751,ST017__ST024,17,ST017,장곡동,24,ST024,목감고등학교,7967.0,7.967,2.038940641713902,0.184483721,0.184483721,0.0,0.0,PRELIMINARY_POINT_BUFFER_PROXY,3.60318661,PRELIMINARY_90M,0.6539488416157092,0.6948051095717871,0.184483721,0.5610272264818436,0.4981181307021322,CANDIDATE_GRAPH
678,ST015__ST028,15,ST015,목감택지개발예정지구,28,ST028,매화산업단지,8580.0,8.58,2.740609436528789,0.333729237,0.32605623,0.097512107,0.0,PRELIMINARY_POINT_BUFFER_PROXY,3.018923639,PRELIMINARY_90M,0.7067436052019637,0.4886857969254388,0.333729237,0.4640891089668407,0.49814309680080116,CANDIDATE_GRAPH
443,ST009__ST048,9,ST009,능곡중앙공원,48,ST048,정왕평생학습관 사거리,10150.0,10.15,3.379835703661929,0.394095672,0.394095672,0.032414758,0.0,PRELIMINARY_POINT_BUFFER_PROXY,2.0216349,PRELIMINARY_90M,0.8419602101455517,0.3009093420216209,0.394095672,0.29862373160071115,0.49818541969537394,CANDIDATE_GRAPH
1155,ST029__ST050,29,ST029,관곡공원,50,ST050,시흥한라3차아파트,11496.0,11.496,2.910318096071872,0.136506001,0.136506001,0.0,0.0,PRELIMINARY_POINT_BUFFER_PROXY,1.879301716,PRELIMINARY_90M,0.9578847644475067,0.43883288553241917,0.136506001,0.2750084905162706,0.49840401849055177,CANDIDATE_GRAPH
280,ST006__ST026,6,ST006,시흥시청 본청,26,ST026,은계파크자이,8185.0,8.185,2.072721435633473,0.272237775,0.215585507,0.056652267,0.0,PRELIMINARY_POINT_BUFFER_PROXY,2.570916267,PRELIMINARY_90M,0.6727241409008698,0.6848818037688167,0.272237775,0.38975786870324436,0.49895293412455444,CANDIDATE_GRAPH
689,ST015__ST039,15,ST015,목감택지개발예정지구,39,ST039,능곡힐스테이트,7151.0,7.151,2.1007990111285837,0.265424342,0.222570912,0.046142766,0.0,PRELIMINARY_POINT_BUFFER_PROXY,3.977932459,PRELIMINARY_90M,0.583670657135475,0.6766338517370394,0.265424342,0.6232032652721257,0.499448075635643,CANDIDATE_GRAPH
801,ST018__ST037,18,ST018,정왕역,37,ST037,군자동행정복지센터,5956.0,5.956,1.5510283272592456,0.43580932,0.43580932,0.0,0.0,PRELIMINARY_POINT_BUFFER_PROXY,2.429115274,PRELIMINARY_90M,0.4807510119714064,0.8381322058175515,0.43580932,0.36623092620395997,0.4997762642840965,CANDIDATE_GRAPH
1190,ST031__ST036,31,ST031,마전저수지,36,ST036,시흥시립군자도서관,9630.0,9.63,2.7381513895949263,0.227496296,0.227496296,0.0,0.0,PRELIMINARY_POINT_BUFFER_PROXY,2.877773443,PRELIMINARY_90M,0.797175092584618,0.4894078625897582,0.227496296,0.4406701435929189,0.4998674504615058,CANDIDATE_GRAPH
1195,ST031__ST041,31,ST031,마전저수지,41,ST041,연꽃테마파크,7679.0,7.679,2.08192263317797,0.264093825,0.243616743,0.070920709,0.0,PRELIMINARY_POINT_BUFFER_PROXY,3.329161958,PRELIMINARY_90M,0.6291447765050383,0.6821788981708908,0.264093825,0.5155623669304691,0.49999426270051195,CANDIDATE_GRAPH
864,ST020__ST029,20,ST020,시화공업단지[왼쪽부근],29,ST029,관곡공원,10424.0,10.424,2.840038246298897,0.118573536,0.118573536,0.0,0.0,PRELIMINARY_POINT_BUFFER_PROXY,3.256444901,PRELIMINARY_90M,0.8655585220911205,0.4594780024809588,0.118573536,0.5034975006515976,0.5000090923258236,CANDIDATE_GRAPH
1090,ST027__ST038,27,ST027,은행동행정복지센터,38,ST038,능곡도서관,9684.0,9.684,2.293970249991462,0.200426735,0.193325854,0.009529214,0.0,PRELIMINARY_POINT_BUFFER_PROXY,2.05557101,PRELIMINARY_90M,0.8018258547928688,0.6198886704325688,0.200426735,0.3042542486494838,0.5003616043114404,CANDIDATE_GRAPH
266,ST006__ST012,6,ST006,시흥시청 본청,12,ST012,신천역,8139.0,8.139,2.0551620969642515,0.276145236,0.219171283,0.056973953,0.0,PRELIMINARY_POINT_BUFFER_PROXY,2.606587388,PRELIMINARY_90M,0.6687623805012488,0.6900399622101925,0.276145236,0.395676250478272,0.5004625721892164,CANDIDATE_GRAPH
1076,ST026__ST052,26,ST026,은계파크자이,52,ST052,가온그린공원,9390.0,9.39,2.177315992784442,0.234095551,0.234095551,0.0,0.0,PRELIMINARY_POINT_BUFFER_PROXY,1.812583899,PRELIMINARY_90M,0.7765050383257256,0.6541565408159522,0.234095551,0.26393898944277117,0.50072280774361,CANDIDATE_GRAPH
1259,ST034__ST039,34,ST034,군자디지털과학고등학교,39,ST039,능곡힐스테이트,5814.0,5.814,1.9531081884480037,0.324148164,0.276363699,0.047784465,0.0,PRELIMINARY_POINT_BUFFER_PROXY,4.712592915,PRELIMINARY_90M,0.4685212298682284,0.7200188947659601,0.324148164,0.7450946141205087,0.5007874425251483,CANDIDATE_GRAPH
1260,ST034__ST040,34,ST034,군자디지털과학고등학교,40,ST040,갯골생태공원,6420.0,6.42,1.9358417989769254,0.339848049,0.339848049,0.0,0.0,PRELIMINARY_POINT_BUFFER_PROXY,3.783253682,PRELIMINARY_90M,0.5207131168719318,0.7250909976668761,0.339848049,0.5909030937753716,0.5008652667548571,CANDIDATE_GRAPH
1017,ST024__ST052,24,ST024,목감고등학교,52,ST052,가온그린공원,7911.0,7.911,2.0834857625828795,0.178828181,0.178828181,0.0,0.0,PRELIMINARY_POINT_BUFFER_PROXY,3.951617974,PRELIMINARY_90M,0.649125828955301,0.6817197197652127,0.178828181,0.6188372917877702,0.5010706231055635,CANDIDATE_GRAPH
234,ST005__ST029,5,ST005,배곧중·고등학교,29,ST029,관곡공원,11370.0,11.37,2.3427096945146686,0.010047644,0.010047644,0.0,0.0,PRELIMINARY_POINT_BUFFER_PROXY,2.090598508,PRELIMINARY_90M,0.9470329859615881,0.6055711735193158,0.010047644,0.31006584357491423,0.5015975673266562,CANDIDATE_GRAPH
405,ST009__ST010,9,ST009,능곡중앙공원,10,ST010,은계호수공원,9691.0,9.691,2.29332305979191,0.207927752,0.175648579,0.058300051,0.0,PRELIMINARY_POINT_BUFFER_PROXY,2.020392326,PRELIMINARY_90M,0.8024287313754198,0.620078786339203,0.207927752,0.2984175696660828,0.5016103866991499,CANDIDATE_GRAPH
206,ST004__ST051,4,ST004,배곧중심상가,51,ST051,연성중학교,10994.0,10.994,2.7105681041429013,0.100881317,0.092752396,0.015688565,0.0,PRELIMINARY_POINT_BUFFER_PROXY,2.504463014,PRELIMINARY_90M,0.91464990095599,0.49751061403020014,0.100881317,0.3787322628231685,0.5016597568141118,CANDIDATE_GRAPH
1282,ST035__ST042,35,ST035,산들공원,42,ST042,시흥시청역,6299.0,6.299,1.8016166623723513,0.227800528,0.227800528,0.0,0.0,PRELIMINARY_POINT_BUFFER_PROXY,4.803732278,PRELIMINARY_90M,0.5102919645164069,0.7645204166480863,0.227800528,0.7602160212937462,0.5024888061044216,CANDIDATE_GRAPH
140,ST003__ST036,3,ST003,배곧한울공원,36,ST036,시흥시립군자도서관,11552.0,11.552,3.4117495650713696,0.319486964,0.319486964,0.0,0.0,PRELIMINARY_POINT_BUFFER_PROXY,1.334349302,PRELIMINARY_90M,0.9627077771079149,0.2915344585634786,0.319486964,0.18459259258934804,0.5028152435888681,CANDIDATE_GRAPH
521,ST011__ST037,11,ST011,배곧생명공원,37,ST037,군자동행정복지센터,7968.0,7.968,2.004862958591922,0.371838069,0.371838069,0.0,0.0,PRELIMINARY_POINT_BUFFER_PROXY,1.83373405,PRELIMINARY_90M,0.654034966841788,0.7048156283145164,0.371838069,0.26744812133177126,0.5029520995072948,CANDIDATE_GRAPH
74,ST002__ST022,2,ST002,월곶포구,22,ST022,오이도박물관,9809.0,9.809,2.3331559962647863,0.25172601,0.203252567,0.048473444,0.0,PRELIMINARY_POINT_BUFFER_PROXY,1.60367083,PRELIMINARY_90M,0.8125915080527086,0.6083776282612797,0.25172601,0.22927713230251795,0.5034056258160817,CANDIDATE_GRAPH
311,ST007__ST009,7,ST007,장현지구,9,ST009,능곡중앙공원,3395.0,3.395,1.60506658419029,0.56701767,0.531927058,0.176076025,0.0,PRELIMINARY_POINT_BUFFER_PROXY,4.488913524,PRELIMINARY_90M,0.2601843079838085,0.8222581517659214,0.56701767,0.7079827994639499,0.5034679755671098,CANDIDATE_GRAPH
217,ST005__ST012,5,ST005,배곧중·고등학교,12,ST012,신천역,11750.0,11.75,3.432834289970251,0.224826773,0.213920621,0.048157909,0.0,PRELIMINARY_POINT_BUFFER_PROXY,2.132655687,PRELIMINARY_90M,0.9797605718715011,0.28534069729661005,0.224826773,0.31704376954765495,0.5037475982964956,CANDIDATE_GRAPH
573,ST012__ST046,12,ST012,신천역,46,ST046,배곧1동행정복지센터,11024.0,11.024,3.1772498675016245,0.239585976,0.216403977,0.0556025,0.0,PRELIMINARY_POINT_BUFFER_PROXY,2.264352656,PRELIMINARY_90M,0.9172336577383515,0.3604201163496483,0.239585976,0.33889430071419646,0.5038464425854822,CANDIDATE_GRAPH
330,ST007__ST028,7,ST007,장현지구,28,ST028,매화산업단지,8310.0,8.31,1.8818440114835289,0.272091051,0.272091051,0.0,0.0,PRELIMINARY_POINT_BUFFER_PROXY,2.181486617,PRELIMINARY_90M,0.6834897941607097,0.740953163584485,0.272091051,0.32514556388626425,0.504206658006085,CANDIDATE_GRAPH
1091,ST027__ST039,27,ST027,은행동행정복지센터,39,ST039,능곡힐스테이트,9782.0,9.782,2.2910655255291217,0.206424511,0.178033437,0.028391073,0.0,PRELIMINARY_POINT_BUFFER_PROXY,2.051455528,PRELIMINARY_90M,0.8102661269485832,0.6207419502335647,0.206424511,0.30357142756112343,0.5048833763628856,CANDIDATE_GRAPH
578,ST012__ST051,12,ST012,신천역,51,ST051,연성중학교,8767.0,8.767,2.288310361761418,0.290131604,0.279935171,0.019678799,0.0,PRELIMINARY_POINT_BUFFER_PROXY,2.434629231,PRELIMINARY_90M,0.722849022478684,0.6215512957057072,0.290131604,0.36714577557516664,0.5049121843449559,CANDIDATE_GRAPH
242,ST005__ST037,5,ST005,배곧중·고등학교,37,ST037,군자동행정복지센터,7617.0,7.617,1.7551334745706244,0.360088489,0.360088489,0.0,0.0,PRELIMINARY_POINT_BUFFER_PROXY,1.88490725,PRELIMINARY_90M,0.6238050124881578,0.7781751249522098,0.360088489,0.27593853390528816,0.5053796816970904,CANDIDATE_GRAPH
1120,ST028__ST041,28,ST028,매화산업단지,41,ST041,연꽃테마파크,7951.0,7.951,1.7928862917791397,0.204802032,0.185007852,0.068555532,0.0,PRELIMINARY_POINT_BUFFER_PROXY,3.129992526,PRELIMINARY_90M,0.6525708379984497,0.7670850140751323,0.204802032,0.4825171274357137,0.5053948732298409,CANDIDATE_GRAPH
273,ST006__ST019,6,ST006,시흥시청 본청,19,ST019,시화병원,8030.0,8.03,2.585118830440043,0.240191619,0.240191619,0.0,0.0,PRELIMINARY_POINT_BUFFER_PROXY,4.553296659,PRELIMINARY_90M,0.6593747308586685,0.5343620719526498,0.240191619,0.718664941267207,0.505501216131145,CANDIDATE_GRAPH
620,ST013__ST051,13,ST013,삼미시장,51,ST051,연성중학교,8908.0,8.908,2.334947961738539,0.292595472,0.282558318,0.019371397,0.0,PRELIMINARY_POINT_BUFFER_PROXY,2.385267848,PRELIMINARY_90M,0.7349926793557833,0.6078512279218812,0.292595472,0.3589559710120479,0.5058099470107076,CANDIDATE_GRAPH
348,ST007__ST046,7,ST007,장현지구,46,ST046,배곧1동행정복지센터,9177.0,9.177,2.2644336799476807,0.31697882,0.31697882,0.0,0.0,PRELIMINARY_POINT_BUFFER_PROXY,1.657624601,PRELIMINARY_90M,0.7581603651709585,0.6285652106469033,0.31697882,0.23822888391639105,0.5060482075266748,CANDIDATE_GRAPH
1167,ST030__ST037,30,ST030,장곡도서관,37,ST037,군자동행정복지센터,5937.0,5.937,1.8495604243910337,0.398555146,0.398555146,0.0,0.0,PRELIMINARY_POINT_BUFFER_PROXY,3.787068244,PRELIMINARY_90M,0.47911463267591076,0.7504366561246074,0.398555146,0.5915359876566857,0.5061466373099931,CANDIDATE_GRAPH
1323,ST037__ST046,37,ST037,군자동행정복지센터,46,ST046,배곧1동행정복지센터,7569.0,7.569,1.6557060363995468,0.346308864,0.346308864,0.0,0.0,PRELIMINARY_POINT_BUFFER_PROXY,1.879730058,PRELIMINARY_90M,0.6196710016363793,0.8073825164814518,0.346308864,0.27507955897207487,0.5062005037148344,CANDIDATE_GRAPH
144,ST003__ST040,3,ST003,배곧한울공원,40,ST040,갯골생태공원,11059.0,11.059,2.4533667349874793,0.150959916,0.150959916,0.0,0.0,PRELIMINARY_POINT_BUFFER_PROXY,1.505499554,PRELIMINARY_90M,0.9202480406511067,0.5730650206302562,0.150959916,0.21298902375920625,0.5063881509178195,CANDIDATE_GRAPH
887,ST020__ST052,20,ST020,시화공업단지[왼쪽부근],52,ST052,가온그린공원,8426.0,8.426,2.7010064819127746,0.271456484,0.271456484,0.0,0.0,PRELIMINARY_POINT_BUFFER_PROXY,4.094307675,PRELIMINARY_90M,0.6934803203858411,0.5003193964877095,0.271456484,0.6425116844675668,0.5070228651027213,CANDIDATE_GRAPH
842,ST019__ST042,19,ST019,시화병원,42,ST042,시흥시청역,8852.0,8.852,2.5862039754816855,0.227246749,0.227246749,0.0,0.0,PRELIMINARY_POINT_BUFFER_PROXY,3.755676342,PRELIMINARY_90M,0.7301696666953751,0.5340433042494859,0.227246749,0.5863275934298754,0.5071288704577597,CANDIDATE_GRAPH
1382,ST041__ST043,41,ST041,연꽃테마파크,43,ST043,시흥종합버스터미널,10435.0,10.435,2.707502732761991,0.072648627,0.072648627,0.0,0.0,PRELIMINARY_POINT_BUFFER_PROXY,3.682610442,PRELIMINARY_90M,0.8665058995779864,0.49841108480317453,0.072648627,0.5742048487890218,0.5072521658812834,CANDIDATE_GRAPH
312,ST007__ST010,7,ST007,장현지구,10,ST010,은계호수공원,9295.0,9.295,2.133532995691515,0.240178212,0.240178212,0.0,0.0,PRELIMINARY_POINT_BUFFER_PROXY,2.044052907,PRELIMINARY_90M,0.7683231418482473,0.6670180523055318,0.240178212,0.3023432200928514,0.5077127461219205,CANDIDATE_GRAPH
747,ST017__ST020,17,ST017,장곡동,20,ST020,시화공업단지[왼쪽부근],8191.0,8.191,2.726294731484664,0.287883576,0.287883576,0.0,0.0,PRELIMINARY_POINT_BUFFER_PROXY,4.304343613,PRELIMINARY_90M,0.6732408922573422,0.49289082526107775,0.287883576,0.6773598426614188,0.5077873477414981,CANDIDATE_GRAPH
1385,ST041__ST046,41,ST041,연꽃테마파크,46,ST046,배곧1동행정복지센터,10749.0,10.749,2.3763754220353497,0.126245661,0.126245661,0.0,0.0,PRELIMINARY_POINT_BUFFER_PROXY,2.032479485,PRELIMINARY_90M,0.8935492205667039,0.5956816691440603,0.126245661,0.30042301327233956,0.5085034282680094,CANDIDATE_GRAPH
745,ST017__ST018,17,ST017,장곡동,18,ST018,정왕역,7048.0,7.048,2.412165966762437,0.299407458,0.299407458,0.0,0.0,PRELIMINARY_POINT_BUFFER_PROXY,4.875639447,PRELIMINARY_90M,0.574799758849367,0.585167987286038,0.299407458,0.7721465148294954,0.5088873547789103,CANDIDATE_GRAPH
936,ST022__ST034,22,ST022,오이도박물관,34,ST034,군자디지털과학고등학교,11239.0,11.239,2.7873778759767913,0.202511939,0.202511939,0.0,0.0,PRELIMINARY_POINT_BUFFER_PROXY,1.673263858,PRELIMINARY_90M,0.935750581345276,0.474947294281741,0.202511939,0.24082367463249368,0.5092536982720689,CANDIDATE_GRAPH
1104,ST027__ST052,27,ST027,은행동행정복지센터,52,ST052,가온그린공원,9726.0,9.726,2.239733791325707,0.236285294,0.236285294,0.0,0.0,PRELIMINARY_POINT_BUFFER_PROXY,1.899569739,PRELIMINARY_90M,0.805443114288175,0.6358209474030829,0.236285294,0.2783712639468852,0.5098962925735105,CANDIDATE_GRAPH
470,ST010__ST030,10,ST010,은계호수공원,30,ST030,장곡도서관,9934.0,9.934,2.2601702712098652,0.221216871,0.221216871,0.0,0.0,PRELIMINARY_POINT_BUFFER_PROXY,1.8544822,PRELIMINARY_90M,0.8233571613125484,0.6298176119009747,0.221216871,0.27089055513769345,0.5100763298602409,CANDIDATE_GRAPH
794,ST018__ST030,18,ST018,정왕역,30,ST030,장곡도서관,7506.0,7.506,1.9907769945731615,0.16120625,0.16120625,0.0,0.0,PRELIMINARY_POINT_BUFFER_PROXY,4.777849909,PRELIMINARY_90M,0.6142451123934201,0.7089534626360128,0.16120625,0.7559217424292234,0.5104663057292831,CANDIDATE_GRAPH
815,ST018__ST051,18,ST018,정왕역,51,ST051,연성중학교,10045.0,10.045,2.7529826885050053,0.121464619,0.112567767,0.017170649,0.0,PRELIMINARY_POINT_BUFFER_PROXY,3.901208106,PRELIMINARY_90M,0.8329170614072862,0.48505108178435774,0.121464619,0.6104735276085411,0.5104683717407028,CANDIDATE_GRAPH
1217,ST032__ST040,32,ST032,희망공원,40,ST040,갯골생태공원,10482.0,10.482,2.9757066045826694,0.187094488,0.187094488,0.0,0.0,PRELIMINARY_POINT_BUFFER_PROXY,3.240715485,PRELIMINARY_90M,0.8705537852036862,0.41962462868985695,0.187094488,0.5008877511854615,0.5105255352370808,CANDIDATE_GRAPH
1297,ST036__ST038,36,ST036,시흥시립군자도서관,38,ST038,능곡도서관,5898.0,5.898,1.9921225746274878,0.337126268,0.325464976,0.015649178,0.0,PRELIMINARY_POINT_BUFFER_PROXY,4.973337005,PRELIMINARY_90M,0.47575574885884075,0.7085581906245483,0.337126268,0.7883560263481243,0.5107611211777225,CANDIDATE_GRAPH
164,ST004__ST009,4,ST004,배곧중심상가,9,ST009,능곡중앙공원,10882.0,10.882,2.6590371924450777,0.221476926,0.21054643,0.054846529,0.0,PRELIMINARY_POINT_BUFFER_PROXY,1.674284134,PRELIMINARY_90M,0.9050038756351736,0.5126481207537208,0.221476926,0.2409929539462528,0.5107991552149929,CANDIDATE_GRAPH
619,ST013__ST050,13,ST013,삼미시장,50,ST050,시흥한라3차아파트,11821.0,11.821,3.400846083864691,0.244205597,0.244205597,0.0,0.0,PRELIMINARY_POINT_BUFFER_PROXY,2.063702365,PRELIMINARY_90M,0.9858754629230901,0.2947374199440912,0.244205597,0.30560336417737205,0.5108957998885056,CANDIDATE_GRAPH
1331,ST037__ST054,37,ST037,군자동행정복지센터,54,ST054,시흥 프리미엄 아울렛,9699.0,9.699,2.3505502139681247,0.272624325,0.272624325,0.0,0.0,PRELIMINARY_POINT_BUFFER_PROXY,1.871799018,PRELIMINARY_90M,0.8031177331840496,0.6032679750694502,0.272624325,0.2737636787508445,0.510965434690934,CANDIDATE_GRAPH
754,ST017__ST027,17,ST017,장곡동,27,ST027,은행동행정복지센터,8041.0,8.041,2.0018165708542117,0.367749391,0.310051367,0.057698024,0.0,PRELIMINARY_POINT_BUFFER_PROXY,2.105160326,PRELIMINARY_90M,0.6603221083455344,0.7057105225312625,0.367749391,0.31248187076571854,0.5110644707920473,CANDIDATE_GRAPH
352,ST007__ST050,7,ST007,장현지구,50,ST050,시흥한라3차아파트,10627.0,10.627,2.7996965790661688,0.293668656,0.293668656,0.0,0.0,PRELIMINARY_POINT_BUFFER_PROXY,1.60664307,PRELIMINARY_90M,0.8830419429851003,0.47132860319523373,0.293668656,0.22977027214656737,0.5112131055058169,CANDIDATE_GRAPH
1454,ST047__ST052,47,ST047,배곧2동행정복지센터,52,ST052,가온그린공원,9773.0,9.773,2.3012895967641205,0.261504256,0.261504256,0.0,0.0,PRELIMINARY_POINT_BUFFER_PROXY,1.792108788,PRELIMINARY_90M,0.8094909999138747,0.6177385695061073,0.261504256,0.2605418569617351,0.511326906415338,CANDIDATE_GRAPH
536,ST011__ST052,11,ST011,배곧생명공원,52,ST052,가온그린공원,7927.0,7.927,2.5372493883302685,0.314692628,0.314692628,0.0,0.0,PRELIMINARY_POINT_BUFFER_PROXY,4.068576505,PRELIMINARY_90M,0.6505038325725605,0.5484240005681783,0.314692628,0.6382424918179124,0.5117706722867187,CANDIDATE_GRAPH
1191,ST031__ST037,31,ST031,마전저수지,37,ST037,군자동행정복지센터,6771.0,6.771,2.0162481635256917,0.315653891,0.315653891,0.0,0.0,PRELIMINARY_POINT_BUFFER_PROXY,4.240884001,PRELIMINARY_90M,0.550943071225562,0.7014711577713941,0.315653891,0.6668309273769474,0.5120624183397676,CANDIDATE_GRAPH
326,ST007__ST024,7,ST007,장현지구,24,ST024,목감고등학교,7810.0,7.81,1.9356311516316742,0.218129369,0.218129369,0.0,0.0,PRELIMINARY_POINT_BUFFER_PROXY,3.797294408,PRELIMINARY_90M,0.6404271811213504,0.7251528765566526,0.218129369,0.5932326638740113,0.5126973305349048,CANDIDATE_GRAPH
1149,ST029__ST044,29,ST029,관곡공원,44,ST044,경기과학기술대학교,10468.0,10.468,2.820058198037644,0.126175985,0.126175985,0.0,0.0,PRELIMINARY_POINT_BUFFER_PROXY,3.5905658,PRELIMINARY_90M,0.8693480320385841,0.4653472585240993,0.126175985,0.558933242054214,0.5127252454764564,CANDIDATE_GRAPH
1174,ST030__ST044,30,ST030,장곡도서관,44,ST044,경기과학기술대학교,8171.0,8.171,2.756490469842499,0.277261165,0.277261165,0.0,0.0,PRELIMINARY_POINT_BUFFER_PROXY,4.718620442,PRELIMINARY_90M,0.6715183877357678,0.4840206504989125,0.277261165,0.7460946725696188,0.513065057942744,CANDIDATE_GRAPH
1031,ST025__ST036,25,ST025,목감동행정복지센터,36,ST036,시흥시립군자도서관,10066.0,10.066,2.757315604469281,0.152974892,0.149634962,0.024515644,0.0,PRELIMINARY_POINT_BUFFER_PROXY,3.675575768,PRELIMINARY_90M,0.8347256911549393,0.4837782623759551,0.152974892,0.573037689327034,0.5131090207784749,CANDIDATE_GRAPH
723,ST016__ST034,16,ST016,물왕호수,34,ST034,군자디지털과학고등학교,8908.0,8.908,2.6971308490200676,0.252895266,0.252895266,0.0,0.0,PRELIMINARY_POINT_BUFFER_PROXY,3.96098122,PRELIMINARY_90M,0.7349926793557833,0.5014578863191193,0.252895266,0.6203907967780254,0.5138214510550518,CANDIDATE_GRAPH
1298,ST036__ST039,36,ST036,시흥시립군자도서관,39,ST039,능곡힐스테이트,5996.0,5.996,1.9922495948968149,0.344709672,0.298378959,0.046330713,0.0,PRELIMINARY_POINT_BUFFER_PROXY,4.918029864,PRELIMINARY_90M,0.48419602101455517,0.7085208776774722,0.344709672,0.7791797300572596,0.5142271603991777,CANDIDATE_GRAPH
1299,ST036__ST040,36,ST036,시흥시립군자도서관,40,ST040,갯골생태공원,6602.0,6.602,1.97187103077271,0.358090209,0.358090209,0.0,0.0,PRELIMINARY_POINT_BUFFER_PROXY,4.00443852,PRELIMINARY_90M,0.5363879080182585,0.7145072000863064,0.358090209,0.6276010241300592,0.5142999136931606,CANDIDATE_GRAPH
1445,ST046__ST051,46,ST046,배곧1동행정복지센터,51,ST051,연성중학교,11280.0,11.28,2.7426133343782095,0.126763303,0.118839831,0.015292056,0.0,PRELIMINARY_POINT_BUFFER_PROXY,2.482269419,PRELIMINARY_90M,0.9392817156145035,0.48809714021106254,0.126763303,0.3750500076966659,0.5143163554117886,CANDIDATE_GRAPH
514,ST011__ST030,11,ST011,배곧생명공원,30,ST030,장곡도서관,8522.0,8.522,1.6167517048792093,0.194479382,0.194479382,0.0,0.0,PRELIMINARY_POINT_BUFFER_PROXY,2.494487357,PRELIMINARY_90M,0.701748342089398,0.8188255792154704,0.194479382,0.37707714952906357,0.5145584535037429,CANDIDATE_GRAPH
277,ST006__ST023,6,ST006,시흥시청 본청,23,ST023,오이도역,8080.0,8.08,2.309958576717372,0.237837615,0.237837615,0.0,0.0,PRELIMINARY_POINT_BUFFER_PROXY,4.247882056,PRELIMINARY_90M,0.6636809921626045,0.6151920059386331,0.237837615,0.6679920111896104,0.5149849538730797,CANDIDATE_GRAPH
752,ST017__ST025,17,ST017,장곡동,25,ST025,목감동행정복지센터,8741.0,8.741,2.1699014583199623,0.22332564,0.219480247,0.036621511,0.0,PRELIMINARY_POINT_BUFFER_PROXY,3.266816772,PRELIMINARY_90M,0.7206097666006374,0.6563346036836537,0.22332564,0.5052183518774208,0.5150945018285669,CANDIDATE_GRAPH
302,ST006__ST048,6,ST006,시흥시청 본청,48,ST048,정왕평생학습관 사거리,8300.0,8.3,2.600756339187811,0.26492128,0.26492128,0.0,0.0,PRELIMINARY_POINT_BUFFER_PROXY,4.419057988,PRELIMINARY_90M,0.6826285418999225,0.529768462291782,0.26492128,0.6963927030622363,0.5155629075826647,CANDIDATE_GRAPH
169,ST004__ST014,4,ST004,배곧중심상가,14,ST014,시흥대야역,11638.0,11.638,3.410207240134275,0.235822411,0.191985149,0.107739858,0.0,PRELIMINARY_POINT_BUFFER_PROXY,2.586665465,PRELIMINARY_90M,0.9701145465506847,0.2919875255350477,0.235822411,0.3923709003041997,0.5157488341953791,CANDIDATE_GRAPH
592,ST013__ST023,13,ST013,삼미시장,23,ST023,오이도역,11783.0,11.783,3.3102733501963364,0.253473877,0.253473877,0.0,0.0,PRELIMINARY_POINT_BUFFER_PROXY,2.025275514,PRELIMINARY_90M,0.9826027043320988,0.3213436902331199,0.253473877,0.2992277648618893,0.5164323185421419,CANDIDATE_GRAPH
904,ST021__ST035,21,ST021,오이도 포구 해양관광 단지,35,ST035,산들공원,10930.0,10.93,2.551605329445319,0.247666634,0.241627929,0.024703488,0.0,PRELIMINARY_POINT_BUFFER_PROXY,1.336812849,PRELIMINARY_90M,0.909137886486952,0.5442068588955088,0.247666634,0.18500133252400622,0.5167064904281359,CANDIDATE_GRAPH
121,ST003__ST017,3,ST003,배곧한울공원,17,ST017,장곡동,10783.0,10.783,2.4217281819737533,0.194754046,0.194754046,0.0,0.0,PRELIMINARY_POINT_BUFFER_PROXY,1.74024992,PRELIMINARY_90M,0.8964774782533804,0.5823590306368358,0.194754046,0.2519376816333297,0.5167180872610497,CANDIDATE_GRAPH
376,ST008__ST027,8,ST008,시흥능곡역,27,ST027,은행동행정복지센터,8933.0,8.933,1.9781235549054759,0.197632505,0.145725353,0.051907151,0.0,PRELIMINARY_POINT_BUFFER_PROXY,2.905223139,PRELIMINARY_90M,0.7371458100077513,0.7126704845503242,0.197632505,0.445224465856479,0.5167269265412496,CANDIDATE_GRAPH
299,ST006__ST045,6,ST006,시흥시청 본청,45,ST045,시흥중앙도서관,8460.0,8.46,2.5498869254037335,0.241986931,0.241986931,0.0,0.0,PRELIMINARY_POINT_BUFFER_PROXY,4.385498652,PRELIMINARY_90M,0.6964085780725174,0.544711650133936,0.241986931,0.6908246985533669,0.5168057698851733,CANDIDATE_GRAPH
32,ST001__ST033,1,ST001,월곶역,33,ST033,타원산업단지,11330.0,11.33,2.573144628808778,0.07953692,0.07953692,0.0,0.0,PRELIMINARY_POINT_BUFFER_PROXY,2.619153543,PRELIMINARY_90M,0.9435879769184394,0.537879563720794,0.07953692,0.397761166809726,0.5173801096870715,CANDIDATE_GRAPH
1318,ST037__ST041,37,ST037,군자동행정복지센터,41,ST041,연꽃테마파크,9274.0,9.274,2.595027395153209,0.3161322,0.299166025,0.058760965,0.0,PRELIMINARY_POINT_BUFFER_PROXY,2.841179654,PRELIMINARY_90M,0.7665145121005943,0.5314513731114274,0.3161322,0.43459867715661576,0.5187932054309858,CANDIDATE_GRAPH
995,ST024__ST030,24,ST024,목감고등학교,30,ST030,장곡도서관,8431.0,8.431,2.07834127497437,0.199652452,0.199652452,0.0,0.0,PRELIMINARY_POINT_BUFFER_PROXY,3.812964679,PRELIMINARY_90M,0.6939109465162346,0.6832309430911173,0.199652452,0.5958326002846485,0.5188030229416029,CANDIDATE_GRAPH
753,ST017__ST026,17,ST017,장곡동,26,ST026,은계파크자이,8212.0,8.212,1.9809502394753047,0.384384831,0.32788857,0.056496261,0.0,PRELIMINARY_POINT_BUFFER_PROXY,2.011675991,PRELIMINARY_90M,0.6750495220049952,0.711840129424221,0.384384831,0.2969713970546576,0.5192772758947911,CANDIDATE_GRAPH
1277,ST035__ST037,35,ST035,산들공원,37,ST037,군자동행정복지센터,1120.0,1.12,1.558960820583074,1.0,1.0,0.0,0.0,PRELIMINARY_POINT_BUFFER_PROXY,3.432987377,PRELIMINARY_90M,0.06424941865472397,0.8358019895052946,1.0,0.5327885838355729,0.5195659820055483,CANDIDATE_GRAPH
481,ST010__ST041,10,ST010,은계호수공원,41,ST041,연꽃테마파크,9270.0,9.27,2.089724460388432,0.235276141,0.205480763,0.059849421,0.0,PRELIMINARY_POINT_BUFFER_PROXY,2.506177263,PRELIMINARY_90M,0.7661700111962794,0.6798870657937217,0.235276141,0.3790166828176918,0.5198084547500958,CANDIDATE_GRAPH
235,ST005__ST030,5,ST005,배곧중·고등학교,30,ST030,장곡도서관,8052.0,8.052,1.5237045300145453,0.241014082,0.241014082,0.0,0.0,PRELIMINARY_POINT_BUFFER_PROXY,2.609500193,PRELIMINARY_90M,0.6612694858324003,0.846158731079305,0.241014082,0.3961595291514096,0.5203535161299125,CANDIDATE_GRAPH
1054,ST026__ST030,26,ST026,은계파크자이,30,ST030,장곡도서관,9910.0,9.91,2.16801989739041,0.24891517,0.24891517,0.0,0.0,PRELIMINARY_POINT_BUFFER_PROXY,1.805942881,PRELIMINARY_90M,0.8212901558866592,0.656887323212251,0.24891517,0.262837143501377,0.5204833832279875,CANDIDATE_GRAPH
297,ST006__ST043,6,ST006,시흥시청 본청,43,ST043,시흥종합버스터미널,8959.0,8.959,2.594531318961741,0.230185724,0.230185724,0.0,0.0,PRELIMINARY_POINT_BUFFER_PROXY,4.162107481,PRELIMINARY_90M,0.739385065885798,0.5315970983942976,0.230185724,0.653760703980601,0.520714729335979,CANDIDATE_GRAPH
702,ST015__ST052,15,ST015,목감택지개발예정지구,52,ST052,가온그린공원,8287.0,8.287,2.079700427811776,0.209100319,0.209100319,0.0,0.0,PRELIMINARY_POINT_BUFFER_PROXY,3.986145537,PRELIMINARY_90M,0.6815089139608992,0.6828316839952338,0.209100319,0.6245659398892783,0.5210544274187532,CANDIDATE_GRAPH
1005,ST024__ST040,24,ST024,목감고등학교,40,ST040,갯골생태공원,8768.0,8.768,2.0062479519075405,0.161427339,0.161427339,0.0,0.0,PRELIMINARY_POINT_BUFFER_PROXY,3.733294024,PRELIMINARY_90M,0.7229351477047627,0.704408778427013,0.161427339,0.5826140262859084,0.5216579960749558,CANDIDATE_GRAPH
1276,ST035__ST036,35,ST035,산들공원,36,ST036,시흥시립군자도서관,644.0,0.644,1.9726651165804354,1.0,1.0,0.0,0.0,PRELIMINARY_POINT_BUFFER_PROXY,5.075705136,PRELIMINARY_90M,0.023253811041253982,0.7142739327355561,1.0,0.8053404569987349,0.5217946889613604,CANDIDATE_GRAPH
1427,ST044__ST052,44,ST044,경기과학기술대학교,52,ST052,가온그린공원,8424.0,8.424,2.552281853578836,0.289896098,0.289896098,0.0,0.0,PRELIMINARY_POINT_BUFFER_PROXY,4.155282954,PRELIMINARY_90M,0.6933080699336835,0.5440081259741938,0.289896098,0.652628411103683,0.5218277358371805,CANDIDATE_GRAPH
771,ST017__ST044,17,ST017,장곡동,44,ST044,경기과학기술대학교,8384.0,8.384,2.6323327643462284,0.295369778,0.295369778,0.0,0.0,PRELIMINARY_POINT_BUFFER_PROXY,4.350987972,PRELIMINARY_90M,0.6898630608905348,0.5204927027060946,0.295369778,0.6850988515984646,0.5221578840926757,CANDIDATE_GRAPH
1065,ST026__ST041,26,ST026,은계파크자이,41,ST041,연꽃테마파크,9366.0,9.366,2.0139460598089474,0.222913602,0.193421536,0.059240165,0.0,PRELIMINARY_POINT_BUFFER_PROXY,2.43890326,PRELIMINARY_90M,0.7744380328998364,0.7021474142035491,0.222913602,0.3678549020234086,0.5223894301591638,CANDIDATE_GRAPH
1400,ST042__ST048,42,ST042,시흥시청역,48,ST048,정왕평생학습관 사거리,8371.0,8.371,2.5482261599822627,0.276198774,0.276198774,0.0,0.0,PRELIMINARY_POINT_BUFFER_PROXY,4.372055509,PRELIMINARY_90M,0.6887434329515115,0.5451995096905673,0.276198774,0.688594276567742,0.5224389384563038,CANDIDATE_GRAPH
1166,ST030__ST036,30,ST030,장곡도서관,36,ST036,시흥시립군자도서관,9544.0,9.544,2.63125439413521,0.31159704,0.31159704,0.0,0.0,PRELIMINARY_POINT_BUFFER_PROXY,2.817081425,PRELIMINARY_90M,0.7897683231418482,0.5208094802631356,0.31159704,0.43060041426703516,0.5230701312923292,CANDIDATE_GRAPH
1338,ST038__ST044,38,ST038,능곡도서관,44,ST044,경기과학기술대학교,10752.0,10.752,3.3064938627772955,0.379843335,0.368779254,0.047865342,0.0,PRELIMINARY_POINT_BUFFER_PROXY,2.282050531,PRELIMINARY_90M,0.8938075962449401,0.3224539367692706,0.379843335,0.34183064748212444,0.5235588769119017,CANDIDATE_GRAPH
465,ST010__ST025,10,ST010,은계호수공원,25,ST025,목감동행정복지센터,10313.0,10.313,2.6681422923957845,0.226109508,0.224029999,0.058254689,0.0,PRELIMINARY_POINT_BUFFER_PROXY,2.851874621,PRELIMINARY_90M,0.8559986219963828,0.5099734443860606,0.226109508,0.4363731349253336,0.5235775538147461,CANDIDATE_GRAPH
1397,ST042__ST045,42,ST042,시흥시청역,45,ST045,시흥중앙도서관,8531.0,8.531,2.498783433268731,0.25324337,0.25324337,0.0,0.0,PRELIMINARY_POINT_BUFFER_PROXY,4.340822591,PRELIMINARY_90M,0.7025234691241065,0.5597235998608348,0.25324337,0.6834122602057632,0.5236506156964686,CANDIDATE_GRAPH
743,ST016__ST054,16,ST016,물왕호수,54,ST054,시흥 프리미엄 아울렛,9912.0,9.912,2.2094413725506494,0.127027984,0.127027984,0.0,0.0,PRELIMINARY_POINT_BUFFER_PROXY,3.266966244,PRELIMINARY_90M,0.8214624063388166,0.644719522603306,0.127027984,0.5052431515567097,0.5239992154727534,CANDIDATE_GRAPH
1163,ST030__ST033,30,ST030,장곡도서관,33,ST033,타원산업단지,9757.0,9.757,2.7158285481821007,0.189193151,0.189193151,0.0,0.0,PRELIMINARY_POINT_BUFFER_PROXY,4.046429887,PRELIMINARY_90M,0.8081129962966153,0.4959653278245332,0.189193151,0.6345680308905505,0.5245161066523045,CANDIDATE_GRAPH
375,ST008__ST026,8,ST008,시흥능곡역,26,ST026,은계파크자이,9104.0,9.104,1.959757043038742,0.215824011,0.164891535,0.050932476,0.0,PRELIMINARY_POINT_BUFFER_PROXY,2.802888396,PRELIMINARY_90M,0.7518732236672121,0.7180657548397502,0.215824011,0.42824557478312775,0.5249616182189434,CANDIDATE_GRAPH
422,ST009__ST027,9,ST009,능곡중앙공원,27,ST027,은행동행정복지센터,9105.0,9.105,2.1150789574271274,0.294373865,0.20908945,0.112981425,0.0,PRELIMINARY_POINT_BUFFER_PROXY,2.406833091,PRELIMINARY_90M,0.7519593488932909,0.6724390339862242,0.294373865,0.3625339729802295,0.5256471411069311,CANDIDATE_GRAPH
1262,ST034__ST042,34,ST034,군자디지털과학고등학교,42,ST042,시흥시청역,6735.0,6.735,1.7782420880602594,0.277662941,0.277662941,0.0,0.0,PRELIMINARY_POINT_BUFFER_PROXY,4.656883012,PRELIMINARY_90M,0.5478425630867281,0.7713868345737694,0.277662941,0.735851493485086,0.5258157232678716,CANDIDATE_GRAPH
558,ST012__ST031,12,ST012,신천역,31,ST031,마전저수지,10814.0,10.814,2.5045720982067676,0.167862657,0.167862657,0.0,0.0,PRELIMINARY_POINT_BUFFER_PROXY,2.541731055,PRELIMINARY_90M,0.8991473602618207,0.5580231456764886,0.167862657,0.3849155979262448,0.5260092091658717,CANDIDATE_GRAPH
361,ST008__ST012,8,ST008,시흥능곡역,12,ST012,신천역,9058.0,9.058,1.9434032479733672,0.219047126,0.167854791,0.051192335,0.0,PRELIMINARY_POINT_BUFFER_PROXY,2.836226292,PRELIMINARY_90M,0.7479114632675911,0.7228697777960849,0.219047126,0.433776839026384,0.5261712750568314,CANDIDATE_GRAPH
272,ST006__ST018,6,ST006,시흥시청 본청,18,ST018,정왕역,8359.0,8.359,2.4528516535518414,0.270187169,0.270187169,0.0,0.0,PRELIMINARY_POINT_BUFFER_PROXY,4.38859811,PRELIMINARY_90M,0.6877099302385669,0.5732163288147659,0.270187169,0.6913389457994703,0.5265893754663721,CANDIDATE_GRAPH
21,ST001__ST022,1,ST001,월곶역,22,ST022,오이도박물관,11587.0,11.587,2.5651565658220274,0.189285544,0.148267524,0.04101802,0.0,PRELIMINARY_POINT_BUFFER_PROXY,1.559906603,PRELIMINARY_90M,0.96572216002067,0.5402261039465699,0.189285544,0.22201598109073037,0.526671759960158,CANDIDATE_GRAPH
1395,ST042__ST043,42,ST042,시흥시청역,43,ST043,시흥종합버스터미널,9030.0,9.03,2.5458886758955748,0.240915781,0.240915781,0.0,0.0,PRELIMINARY_POINT_BUFFER_PROXY,4.120803571,PRELIMINARY_90M,0.7454999569373869,0.5458861593133384,0.240915781,0.6469077567973214,0.5273673255603513,CANDIDATE_GRAPH
1460,ST048__ST051,48,ST048,정왕평생학습관 사거리,51,ST051,연성중학교,10469.0,10.469,2.770703145089786,0.157054545,0.148518109,0.016475057,0.0,PRELIMINARY_POINT_BUFFER_PROXY,3.765429403,PRELIMINARY_90M,0.8694341572646628,0.47984559401288274,0.157054545,0.5879457746603765,0.527726576294265,CANDIDATE_GRAPH
565,ST012__ST038,12,ST012,신천역,38,ST038,능곡도서관,10528.0,10.528,2.3728396337552122,0.220045017,0.213514366,0.00876398,0.0,PRELIMINARY_POINT_BUFFER_PROXY,2.12272917,PRELIMINARY_90M,0.8745155456033072,0.5967203276327241,0.220045017,0.31539680932730463,0.527745282136798,CANDIDATE_GRAPH
327,ST007__ST025,7,ST007,장현지구,25,ST025,목감동행정복지센터,8584.0,8.584,2.07833634125379,0.254652325,0.250735872,0.037298246,0.0,PRELIMINARY_POINT_BUFFER_PROXY,3.434714312,PRELIMINARY_90M,0.7070881061062785,0.6832323924003958,0.254652325,0.5330751086305369,0.5277516631618572,CANDIDATE_GRAPH
15,ST001__ST016,1,ST001,월곶역,16,ST016,물왕호수,10422.0,10.422,2.114969521905537,0.085103461,0.085103461,0.0,0.0,PRELIMINARY_POINT_BUFFER_PROXY,2.998850572,PRELIMINARY_90M,0.8653862716389631,0.6724711813107966,0.085103461,0.4607586817032369,0.527769098841282,CANDIDATE_GRAPH
301,ST006__ST047,6,ST006,시흥시청 본청,47,ST047,배곧2동행정복지센터,10990.0,10.99,2.4042417245259013,0.221552777,0.221552777,0.0,0.0,PRELIMINARY_POINT_BUFFER_PROXY,1.625128198,PRELIMINARY_90M,0.9143054000516752,0.5874957797931408,0.221552777,0.23283723616668472,0.5278198256517173,CANDIDATE_GRAPH
600,ST013__ST031,13,ST013,삼미시장,31,ST031,마전저수지,10955.0,10.955,2.539738308283579,0.171418211,0.171418211,0.0,0.0,PRELIMINARY_POINT_BUFFER_PROXY,2.50208746,PRELIMINARY_90M,0.91129101713892,0.547692865773815,0.171418211,0.3783381222661842,0.5280957002433126,CANDIDATE_GRAPH
526,ST011__ST042,11,ST011,배곧생명공원,42,ST042,시흥시청역,9512.0,9.512,2.4941130669316243,0.244867542,0.244867542,0.0,0.0,PRELIMINARY_POINT_BUFFER_PROXY,3.404852565,PRELIMINARY_90M,0.7870123159073292,0.5610955472900561,0.244867542,0.5281205904023241,0.528108394085925,CANDIDATE_GRAPH
877,ST020__ST042,20,ST020,시화공업단지[왼쪽부근],42,ST042,시흥시청역,10011.0,10.011,2.6340964893335266,0.211998424,0.211998424,0.0,0.0,PRELIMINARY_POINT_BUFFER_PROXY,3.464664556,PRELIMINARY_90M,0.8299888037206098,0.519974598174775,0.211998424,0.5380443098576928,0.5281972534158222,CANDIDATE_GRAPH
1257,ST034__ST037,34,ST034,군자디지털과학고등학교,37,ST037,군자동행정복지센터,1204.0,1.204,1.4107293611207596,1.0,1.0,0.0,0.0,PRELIMINARY_POINT_BUFFER_PROXY,3.342884366,PRELIMINARY_90M,0.07148393764533632,0.8793458477511182,1.0,0.5178391232291201,0.5285644162104594,CANDIDATE_GRAPH
1133,ST028__ST054,28,ST028,매화산업단지,54,ST054,시흥 프리미엄 아울렛,11372.0,11.372,2.198496646600742,0.134812435,0.134812435,0.0,0.0,PRELIMINARY_POINT_BUFFER_PROXY,1.586988395,PRELIMINARY_90M,0.9472052364137455,0.6479345998684889,0.134812435,0.22650926248236056,0.5287882508408628,CANDIDATE_GRAPH
423,ST009__ST028,9,ST009,능곡중앙공원,28,ST028,매화산업단지,7906.0,7.906,1.8163242159413575,0.203786429,0.203786429,0.074025087,0.0,PRELIMINARY_POINT_BUFFER_PROXY,4.220534155,PRELIMINARY_90M,0.6486952028249074,0.7601999867604317,0.203786429,0.6634545782655467,0.5295481123306359,CANDIDATE_GRAPH
1082,ST027__ST030,27,ST027,은행동행정복지센터,30,ST030,장곡도서관,10246.0,10.246,2.2275739708934226,0.250512017,0.250512017,0.0,0.0,PRELIMINARY_POINT_BUFFER_PROXY,1.889500259,PRELIMINARY_90M,0.8502282318491086,0.6393929657797397,0.250512017,0.2767005839893923,0.5295915661515447,CANDIDATE_GRAPH
607,ST013__ST038,13,ST013,삼미시장,38,ST038,능곡도서관,10669.0,10.669,2.4106621132158583,0.223015161,0.216569654,0.008649719,0.0,PRELIMINARY_POINT_BUFFER_PROXY,2.089859033,PRELIMINARY_90M,0.8866592024804065,0.5856097530616179,0.223015161,0.30994315341995426,0.5296979347434589,CANDIDATE_GRAPH
36,ST001__ST037,1,ST001,월곶역,37,ST037,군자동행정복지센터,9175.0,9.175,1.8486750899454882,0.250028188,0.250028188,0.0,0.0,PRELIMINARY_POINT_BUFFER_PROXY,2.330406287,PRELIMINARY_90M,0.7579881147188011,0.7506967282964447,0.250028188,0.3498536032234953,0.5304202732943937,CANDIDATE_GRAPH
1171,ST030__ST041,30,ST030,장곡도서관,41,ST041,연꽃테마파크,7593.0,7.593,1.9399828975273095,0.370245606,0.349532939,0.071736634,0.0,PRELIMINARY_POINT_BUFFER_PROXY,3.254864428,PRELIMINARY_90M,0.6217380070622686,0.7238745257457739,0.370245606,0.5032352761311201,0.5304299005406168,CANDIDATE_GRAPH
522,ST011__ST038,11,ST011,배곧생명공원,38,ST038,능곡도서관,11722.0,11.722,2.8414945183320772,0.252219385,0.24635405,0.007871142,0.0,PRELIMINARY_POINT_BUFFER_PROXY,1.57585824,PRELIMINARY_90M,0.9773490655412971,0.4590502140532515,0.252219385,0.2246626004022641,0.5306364520604439,CANDIDATE_GRAPH
1251,ST033__ST052,33,ST033,타원산업단지,52,ST052,가온그린공원,10024.0,10.024,2.6519273099391074,0.21158644,0.21158644,0.0,0.0,PRELIMINARY_POINT_BUFFER_PROXY,3.605227171,PRELIMINARY_90M,0.8311084316596331,0.5147366903266538,0.21158644,0.5613657866025987,0.5309367671365922,CANDIDATE_GRAPH
321,ST007__ST019,7,ST007,장현지구,19,ST019,시화병원,8643.0,8.643,2.4020451386071913,0.253997224,0.253997224,0.0,0.0,PRELIMINARY_POINT_BUFFER_PROXY,4.263780363,PRELIMINARY_90M,0.712169494444923,0.5881410397549331,0.253997224,0.670629782242631,0.5309813043431043,CANDIDATE_GRAPH
1436,ST045__ST051,45,ST045,시흥중앙도서관,51,ST051,연성중학교,10640.0,10.64,2.7341112239100824,0.143213845,0.134815579,0.016208393,0.0,PRELIMINARY_POINT_BUFFER_PROXY,3.745919825,PRELIMINARY_90M,0.8841615709241237,0.49059468489123614,0.143213845,0.584708838796385,0.5310852738711482,CANDIDATE_GRAPH
802,ST018__ST038,18,ST018,정왕역,38,ST038,능곡도서관,9789.0,9.789,2.4841039963929274,0.192044175,0.185023571,0.009421486,0.0,PRELIMINARY_POINT_BUFFER_PROXY,3.699669795,PRELIMINARY_90M,0.8108690035311342,0.5640357703054024,0.192044175,0.5770352550408736,0.5311776373031085,CANDIDATE_GRAPH
830,ST019__ST030,19,ST019,시화병원,30,ST030,장곡도서관,8138.0,8.138,2.089520420340609,0.226443262,0.226443262,0.0,0.0,PRELIMINARY_POINT_BUFFER_PROXY,4.432894098,PRELIMINARY_90M,0.66867625527517,0.6799470037512316,0.226443262,0.6986883242528709,0.5314401542344865,CANDIDATE_GRAPH
566,ST012__ST039,12,ST012,신천역,39,ST039,능곡힐스테이트,10626.0,10.626,2.369448751930395,0.225387105,0.199255214,0.026131891,0.0,PRELIMINARY_POINT_BUFFER_PROXY,2.117461439,PRELIMINARY_90M,0.8829558177590217,0.5977164190025572,0.225387105,0.3145228125962754,0.5321030181556103,CANDIDATE_GRAPH
68,ST002__ST016,2,ST002,월곶포구,16,ST016,물왕호수,9742.0,9.742,2.0729562158950396,0.168865377,0.168865377,0.0,0.0,PRELIMINARY_POINT_BUFFER_PROXY,3.091160952,PRELIMINARY_90M,0.8068211179054345,0.6848128356937153,0.168865377,0.47607437841593275,0.532977459418035,CANDIDATE_GRAPH
544,ST012__ST017,12,ST012,신천역,17,ST017,장곡동,10527.0,10.527,2.351442584163786,0.245754547,0.245754547,0.0,0.0,PRELIMINARY_POINT_BUFFER_PROXY,2.028121111,PRELIMINARY_90M,0.8744294203772285,0.6030058361048632,0.245754547,0.29969989270513464,0.5330450850087728,CANDIDATE_GRAPH
1162,ST030__ST032,30,ST030,장곡도서관,32,ST032,희망공원,9897.0,9.897,2.6026223919553733,0.186508596,0.186508596,0.0,0.0,PRELIMINARY_POINT_BUFFER_PROXY,4.009157123,PRELIMINARY_90M,0.8201705279476359,0.5292202983764788,0.186508596,0.628383912169905,0.533788480282454,CANDIDATE_GRAPH
421,ST009__ST026,9,ST009,능곡중앙공원,26,ST026,은계파크자이,9276.0,9.276,2.0945292813519925,0.310445008,0.226732291,0.110899302,0.0,PRELIMINARY_POINT_BUFFER_PROXY,2.318711925,PRELIMINARY_90M,0.7666867625527517,0.6784756215315337,0.310445008,0.34791333061666085,0.533833742792269,CANDIDATE_GRAPH
760,ST017__ST033,17,ST017,장곡동,33,ST033,타원산업단지,9970.0,9.97,2.6122649965995577,0.206278855,0.206278855,0.0,0.0,PRELIMINARY_POINT_BUFFER_PROXY,3.751018715,PRELIMINARY_90M,0.8264576694513823,0.5263877268611613,0.206278855,0.5855548222362906,0.5339406667656597,CANDIDATE_GRAPH
1399,ST042__ST047,42,ST042,시흥시청역,47,ST047,배곧2동행정복지센터,11061.0,11.061,2.365776355512594,0.230366667,0.230366667,0.0,0.0,PRELIMINARY_POINT_BUFFER_PROXY,1.6070053,PRELIMINARY_90M,0.9204202911032642,0.5987952069307019,0.230366667,0.22983037161555708,0.5339723657646164,CANDIDATE_GRAPH
608,ST013__ST039,13,ST013,삼미시장,39,ST039,능곡힐스테이트,10767.0,10.767,2.406975501946521,0.228261563,0.202467309,0.025794253,0.0,PRELIMINARY_POINT_BUFFER_PROXY,2.084815761,PRELIMINARY_90M,0.8950994746361209,0.5866927166855462,0.228261563,0.3091063978525779,0.5340547098876383,CANDIDATE_GRAPH
667,ST015__ST017,15,ST015,목감택지개발예정지구,17,ST017,장곡동,8478.0,8.478,2.068764394021674,0.239205014,0.239205014,0.0,0.0,PRELIMINARY_POINT_BUFFER_PROXY,3.963866732,PRELIMINARY_90M,0.6979588321419343,0.6860442078876321,0.239205014,0.6208695471271504,0.534426118396276,CANDIDATE_GRAPH
586,ST013__ST017,13,ST013,삼미시장,17,ST017,장곡동,10668.0,10.668,2.3895441602496903,0.248389511,0.248389511,0.0,0.0,PRELIMINARY_POINT_BUFFER_PROXY,1.991466494,PRELIMINARY_90M,0.8865730772543278,0.591813275267608,0.248389511,0.29361833397802267,0.5348033599392398,CANDIDATE_GRAPH
329,ST007__ST027,7,ST007,장현지구,27,ST027,은행동행정복지센터,8709.0,8.709,1.9363877077820781,0.332743591,0.279492401,0.05325119,0.0,PRELIMINARY_POINT_BUFFER_PROXY,2.447643985,PRELIMINARY_90M,0.7178537593661183,0.7249306337622574,0.332743591,0.36930512130697213,0.5348166084766387,CANDIDATE_GRAPH
407,ST009__ST012,9,ST009,능곡중앙공원,12,ST012,신천역,9230.0,9.23,2.079155224614918,0.314081779,0.229949921,0.111454562,0.0,PRELIMINARY_POINT_BUFFER_PROXY,2.348627829,PRELIMINARY_90M,0.7627250021531307,0.6829918406232889,0.314081779,0.3528768343152711,0.5350040887755442,CANDIDATE_GRAPH
803,ST018__ST039,18,ST018,정왕역,39,ST039,능곡힐스테이트,9887.0,9.887,2.4793741062344563,0.19805671,0.169983463,0.028073247,0.0,PRELIMINARY_POINT_BUFFER_PROXY,3.680178352,PRELIMINARY_90M,0.8193092756868486,0.5654252032053135,0.19805671,0.5738013280493393,0.5354276638388606,CANDIDATE_GRAPH
851,ST019__ST051,19,ST019,시화병원,51,ST051,연성중학교,10677.0,10.677,2.783053750312431,0.173530884,0.165161303,0.016153033,0.0,PRELIMINARY_POINT_BUFFER_PROXY,3.692434824,PRELIMINARY_90M,0.8873482042890363,0.4762175314881276,0.173530884,0.5758348632587019,0.5355733282875935,CANDIDATE_GRAPH
274,ST006__ST020,6,ST006,시흥시청 본청,20,ST020,시화공업단지[왼쪽부근],9694.0,9.694,2.6963772196633475,0.253989166,0.253989166,0.0,0.0,PRELIMINARY_POINT_BUFFER_PROXY,3.879216338,PRELIMINARY_90M,0.802687107053656,0.5016792693507506,0.253989166,0.6068247586525042,0.5357973466368053,CANDIDATE_GRAPH
903,ST021__ST034,21,ST021,오이도 포구 해양관광 단지,34,ST034,군자디지털과학고등학교,11283.0,11.283,2.511926328675623,0.271074727,0.26522391,0.023934864,0.0,PRELIMINARY_POINT_BUFFER_PROXY,1.347876861,PRELIMINARY_90M,0.9395400912927396,0.555862797460229,0.271074727,0.18683702047391637,0.5358058262655921,CANDIDATE_GRAPH
256,ST005__ST051,5,ST005,배곧중·고등학교,51,ST051,연성중학교,11788.0,11.788,2.7106754677536853,0.155536821,0.147954117,0.014634384,0.0,PRELIMINARY_POINT_BUFFER_PROXY,2.38444986,PRELIMINARY_90M,0.9830333304624924,0.4974790753415459,0.155536821,0.3588202543556695,0.536264724133532,CANDIDATE_GRAPH
1383,ST041__ST044,41,ST041,연꽃테마파크,44,ST044,경기과학기술대학교,11171.0,11.171,2.7373924956567253,0.118220531,0.118220531,0.0,0.0,PRELIMINARY_POINT_BUFFER_PROXY,3.574596517,PRELIMINARY_90M,0.9298940659719231,0.489630792122993,0.118220531,0.5562836950027643,0.5363867685151864,CANDIDATE_GRAPH
579,ST012__ST052,12,ST012,신천역,52,ST052,가온그린공원,10570.0,10.57,2.322667703383439,0.252965486,0.252965486,0.0,0.0,PRELIMINARY_POINT_BUFFER_PROXY,1.970080173,PRELIMINARY_90M,0.8781328050986134,0.6114586256428252,0.252965486,0.2900700178922655,0.5363900810969195,CANDIDATE_GRAPH
456,ST010__ST016,10,ST010,은계호수공원,16,ST016,물왕호수,10580.0,10.58,2.2218545891823154,0.101231567,0.101231567,0.0,0.0,PRELIMINARY_POINT_BUFFER_PROXY,3.247297419,PRELIMINARY_90M,0.8789940573594006,0.6410730676109271,0.101231567,0.501979794192185,0.5364673944768032,CANDIDATE_GRAPH
985,ST023__ST051,23,ST023,오이도역,51,ST051,연성중학교,8807.0,8.807,2.366674760791399,0.252929573,0.242785227,0.019578275,0.0,PRELIMINARY_POINT_BUFFER_PROXY,4.23939879,PRELIMINARY_90M,0.7262940315218327,0.5985312951251411,0.252929573,0.6665845082718547,0.5371292395484479,CANDIDATE_GRAPH
972,ST023__ST038,23,ST023,오이도역,38,ST038,능곡도서관,9575.0,9.575,2.2692691945699313,0.208971772,0.201794991,0.009631072,0.0,PRELIMINARY_POINT_BUFFER_PROXY,3.52890024,PRELIMINARY_90M,0.7924382051502885,0.6271447499429431,0.208971772,0.5487019872963143,0.5373305628856366,CANDIDATE_GRAPH
650,ST014__ST040,14,ST014,시흥대야역,40,ST040,갯골생태공원,11018.0,11.018,2.227076316300076,0.137706878,0.116319751,0.021387128,0.0,PRELIMINARY_POINT_BUFFER_PROXY,2.417277935,PRELIMINARY_90M,0.9167169063818793,0.6395391547273941,0.137706878,0.3642669315371699,0.537825507409712,CANDIDATE_GRAPH
9,ST001__ST010,1,ST001,월곶역,10,ST010,은계호수공원,11694.0,11.694,3.0834271826948316,0.243297008,0.212935672,0.093952653,0.0,PRELIMINARY_POINT_BUFFER_PROXY,2.568536826,PRELIMINARY_90M,0.9749375592110929,0.38798107879506105,0.243297008,0.3893630832338123,0.5380530759679666,CANDIDATE_GRAPH
680,ST015__ST030,15,ST015,목감택지개발예정지구,30,ST030,장곡도서관,8807.0,8.807,2.0749987409926467,0.227250281,0.227250281,0.0,0.0,PRELIMINARY_POINT_BUFFER_PROXY,3.848886438,PRELIMINARY_90M,0.7262940315218327,0.6842128319992475,0.227250281,0.6017925667177901,0.5381269326901594,CANDIDATE_GRAPH
621,ST013__ST052,13,ST013,삼미시장,52,ST052,가온그린공원,10711.0,10.711,2.3610115699713874,0.255497662,0.255497662,0.0,0.0,PRELIMINARY_POINT_BUFFER_PROXY,1.938174021,PRELIMINARY_90M,0.8902764619757126,0.6001948905534,0.255497662,0.284776301765204,0.53822660056696,CANDIDATE_GRAPH
1301,ST036__ST042,36,ST036,시흥시립군자도서관,42,ST042,시흥시청역,6917.0,6.917,1.816778563173707,0.296710198,0.296710198,0.0,0.0,PRELIMINARY_POINT_BUFFER_PROXY,4.838276223,PRELIMINARY_90M,0.5635173542330548,0.7600665196033817,0.296710198,0.7659473874183362,0.5383140355149959,CANDIDATE_GRAPH
1291,ST035__ST051,35,ST035,산들공원,51,ST051,연성중학교,8002.0,8.002,2.1066164788159965,0.281015272,0.269847363,0.021553716,0.0,PRELIMINARY_POINT_BUFFER_PROXY,4.370401109,PRELIMINARY_90M,0.6569632245284643,0.6749249365765921,0.281015272,0.6883197864330304,0.5384239018652355,CANDIDATE_GRAPH
62,ST002__ST010,2,ST002,월곶포구,10,ST010,은계호수공원,11014.0,11.014,3.1061839442020633,0.327183083,0.294943155,0.099765924,0.0,PRELIMINARY_POINT_BUFFER_PROXY,2.622043931,PRELIMINARY_90M,0.9163724054775644,0.38129614699448855,0.327183083,0.39824072616144807,0.5385214509902624,CANDIDATE_GRAPH
1317,ST037__ST040,37,ST037,군자동행정복지센터,40,ST040,갯골생태공원,7078.0,7.078,1.9065003071820184,0.40126683,0.40126683,0.0,0.0,PRELIMINARY_POINT_BUFFER_PROXY,3.821325686,PRELIMINARY_90M,0.5773835156317285,0.7337102325045608,0.40126683,0.5972198185739105,0.5387259572581037,CANDIDATE_GRAPH
1032,ST025__ST037,25,ST025,목감동행정복지센터,37,ST037,군자동행정복지센터,10542.0,10.542,2.677976019793385,0.191216527,0.188027388,0.023408808,0.0,PRELIMINARY_POINT_BUFFER_PROXY,3.563256057,PRELIMINARY_90M,0.8757212987684093,0.5070847294440207,0.191216527,0.5544021401229939,0.5388838532261965,CANDIDATE_GRAPH
1093,ST027__ST041,27,ST027,은행동행정복지센터,41,ST041,연꽃테마파크,9582.0,9.582,2.060403762062063,0.266140016,0.237311069,0.057908169,0.0,PRELIMINARY_POINT_BUFFER_PROXY,2.52212901,PRELIMINARY_90M,0.7930410817328396,0.6885001924283991,0.266140016,0.38166332037989936,0.5390489191491585,CANDIDATE_GRAPH
639,ST014__ST029,14,ST014,시흥대야역,29,ST029,관곡공원,10006.0,10.006,1.913024436768272,0.165812791,0.128079875,0.037732916,0.0,PRELIMINARY_POINT_BUFFER_PROXY,2.668668746,PRELIMINARY_90M,0.8295581775902162,0.7317937312779542,0.165812791,0.40597649245149636,0.5390537800298909,CANDIDATE_GRAPH
156,ST003__ST052,3,ST003,배곧한울공원,52,ST052,가온그린공원,11347.0,11.347,2.4015030239723623,0.209697768,0.209697768,0.0,0.0,PRELIMINARY_POINT_BUFFER_PROXY,1.765352499,PRELIMINARY_90M,0.9450521057617777,0.5883002890998267,0.209697768,0.2561025814709264,0.5392681240572265,CANDIDATE_GRAPH
1256,ST034__ST036,34,ST034,군자디지털과학고등학교,36,ST036,시흥시립군자도서관,834.0,0.834,1.5937178303347366,1.0,1.0,0.0,0.0,PRELIMINARY_POINT_BUFFER_PROXY,4.670931472,PRELIMINARY_90M,0.03961760399621049,0.8255919145916095,1.0,0.7381823467720126,0.5397118963327975,CANDIDATE_GRAPH
325,ST007__ST023,7,ST007,장현지구,23,ST023,오이도역,8693.0,8.693,2.147375838721975,0.25172783,0.25172783,0.0,0.0,PRELIMINARY_POINT_BUFFER_PROXY,3.980430619,PRELIMINARY_90M,0.7164757557488588,0.662951636196401,0.25172783,0.6236177480301838,0.5398314614559083,CANDIDATE_GRAPH
1001,ST024__ST036,24,ST024,목감고등학교,36,ST036,시흥시립군자도서관,10632.0,10.632,2.673897257658323,0.174011145,0.174011145,0.0,0.0,PRELIMINARY_POINT_BUFFER_PROXY,3.659823053,PRELIMINARY_90M,0.8834725691154939,0.5082828896785068,0.174011145,0.5704240742022612,0.5399383745064634,CANDIDATE_GRAPH
350,ST007__ST048,7,ST007,장현지구,48,ST048,정왕평생학습관 사거리,8913.0,8.913,2.422155127522018,0.276606779,0.276606779,0.0,0.0,PRELIMINARY_POINT_BUFFER_PROXY,4.146293081,PRELIMINARY_90M,0.7354233054861768,0.5822336128847625,0.276606779,0.6511368543756785,0.5406671024034662,CANDIDATE_GRAPH
690,ST015__ST040,15,ST015,목감택지개발예정지구,40,ST040,갯골생태공원,9144.0,9.144,2.00599114296807,0.189585065,0.189585065,0.0,0.0,PRELIMINARY_POINT_BUFFER_PROXY,3.767553046,PRELIMINARY_90M,0.7553182327103609,0.7044842175550976,0.189585065,0.5882981193491758,0.5408992091120222,CANDIDATE_GRAPH
1026,ST025__ST031,25,ST025,목감동행정복지센터,31,ST031,마전저수지,9672.0,9.672,2.255346999795927,0.113899704,0.110424545,0.025508246,0.0,PRELIMINARY_POINT_BUFFER_PROXY,4.494392828,PRELIMINARY_90M,0.8007923520799242,0.6312344760908808,0.113899704,0.708891899375148,0.5413329293524218,CANDIDATE_GRAPH
973,ST023__ST039,23,ST023,오이도역,39,ST039,능곡힐스테이트,9673.0,9.673,2.2665803858440565,0.214947692,0.186256176,0.028691516,0.0,PRELIMINARY_POINT_BUFFER_PROXY,3.508931943,PRELIMINARY_90M,0.8008784773060029,0.6279346032334275,0.214947692,0.545388942969977,0.541439652149283,CANDIDATE_GRAPH
1356,ST039__ST046,39,ST039,능곡힐스테이트,46,ST046,배곧1동행정복지센터,10907.0,10.907,2.374259605100675,0.283680888,0.269546089,0.050511524,0.0,PRELIMINARY_POINT_BUFFER_PROXY,1.592643065,PRELIMINARY_90M,0.9071570062871415,0.5963032027443621,0.283680888,0.22744745828147198,0.5418029334915927,CANDIDATE_GRAPH
347,ST007__ST045,7,ST007,장현지구,45,ST045,시흥중앙도서관,9073.0,9.073,2.377914665313401,0.255013601,0.255013601,0.0,0.0,PRELIMINARY_POINT_BUFFER_PROXY,4.120945997,PRELIMINARY_90M,0.7492033416587719,0.5952295074278604,0.255013601,0.6469313874379926,0.542060179431841,CANDIDATE_GRAPH
1415,ST043__ST051,43,ST043,시흥종합버스터미널,51,ST051,연성중학교,11133.0,11.133,2.7969887562430933,0.159649769,0.151623481,0.015490487,0.0,PRELIMINARY_POINT_BUFFER_PROXY,3.591098531,PRELIMINARY_90M,0.9266213073809318,0.4721240419879873,0.159649769,0.5590216302335873,0.5425079527659618,CANDIDATE_GRAPH
328,ST007__ST026,7,ST007,장현지구,26,ST026,은계파크자이,8880.0,8.88,1.9183583737549257,0.348795616,0.296569731,0.052225884,0.0,PRELIMINARY_POINT_BUFFER_PROXY,2.353995559,PRELIMINARY_90M,0.7325811730255792,0.730226856089101,0.348795616,0.35376742240206743,0.542712799137083,CANDIDATE_GRAPH
759,ST017__ST032,17,ST017,장곡동,32,ST032,희망공원,10110.0,10.11,2.502850206206298,0.203412684,0.203412684,0.0,0.0,PRELIMINARY_POINT_BUFFER_PROXY,3.718226896,PRELIMINARY_90M,0.8385152011024029,0.5585289615232396,0.203412684,0.5801141604768913,0.5430564077620227,CANDIDATE_GRAPH
441,ST009__ST046,9,ST009,능곡중앙공원,46,ST046,배곧1동행정복지센터,10940.0,10.94,2.3731400637119227,0.284122724,0.255525034,0.051650852,0.0,PRELIMINARY_POINT_BUFFER_PROXY,1.610873325,PRELIMINARY_90M,0.9099991387477392,0.596632074575679,0.284122724,0.23047213582210813,0.5434276148501608,CANDIDATE_GRAPH
367,ST008__ST018,8,ST008,시흥능곡역,18,ST018,정왕역,8593.0,8.593,1.6328493833811462,0.200418056,0.200418056,0.0,0.0,PRELIMINARY_POINT_BUFFER_PROXY,3.570086229,PRELIMINARY_90M,0.707863233140987,0.8140967919977111,0.200418056,0.555535369591311,0.5440063094375843,CANDIDATE_GRAPH
1229,ST032__ST052,32,ST032,희망공원,52,ST052,가온그린공원,10770.0,10.77,2.9070398940727515,0.247988754,0.247988754,0.0,0.0,PRELIMINARY_POINT_BUFFER_PROXY,3.463925133,PRELIMINARY_90M,0.8953578503143571,0.43979587654437213,0.247988754,0.5379216283303241,0.544019855668448,CANDIDATE_GRAPH
111,ST003__ST007,3,ST003,배곧한울공원,7,ST007,장현지구,11918.0,11.918,2.4201159543259982,0.18047956,0.18047956,0.0,0.0,PRELIMINARY_POINT_BUFFER_PROXY,1.606500355,PRELIMINARY_90M,0.9942296098527259,0.5828326319385332,0.18047956,0.2297465935563985,0.5441287688696205,CANDIDATE_GRAPH
314,ST007__ST012,7,ST007,장현지구,12,ST012,신천역,8834.0,8.834,1.9013704989777807,0.352796752,0.300297607,0.052499144,0.0,PRELIMINARY_POINT_BUFFER_PROXY,2.388145097,PRELIMINARY_90M,0.7286194126259582,0.7352171436695984,0.352796752,0.3594333504037362,0.5441744137135655,CANDIDATE_GRAPH
865,ST020__ST030,20,ST020,시화공업단지[왼쪽부근],30,ST030,장곡도서관,9297.0,9.297,2.2030361017731273,0.21011764,0.21011764,0.0,0.0,PRELIMINARY_POINT_BUFFER_PROXY,4.026544933,PRELIMINARY_90M,0.7684953923004048,0.6466011083596241,0.21011764,0.6312688144361289,0.5455133411424857,CANDIDATE_GRAPH
345,ST007__ST043,7,ST007,장현지구,43,ST043,시흥종합버스터미널,9572.0,9.572,2.4286399381834176,0.243291198,0.243291198,0.0,0.0,PRELIMINARY_POINT_BUFFER_PROXY,3.925570549,PRELIMINARY_90M,0.7921798294720523,0.5803286618223142,0.243291198,0.6145156276212194,0.5463288163228641,CANDIDATE_GRAPH
298,ST006__ST044,6,ST006,시흥시청 본청,44,ST044,경기과학기술대학교,9695.0,9.695,2.6375648814314294,0.270726205,0.270726205,0.0,0.0,PRELIMINARY_POINT_BUFFER_PROXY,3.999571885,PRELIMINARY_90M,0.8027732322797347,0.5189557377088534,0.270726205,0.6267935753288368,0.5464623663890033,CANDIDATE_GRAPH
372,ST008__ST023,8,ST008,시흥능곡역,23,ST023,오이도역,9826.0,9.826,1.8153652262265678,0.14008535,0.14008535,0.0,0.0,PRELIMINARY_POINT_BUFFER_PROXY,3.229381042,PRELIMINARY_90M,0.8140556368960469,0.7604816955984305,0.14008535,0.4990071946175507,0.5468882287259351,CANDIDATE_GRAPH
171,ST004__ST016,4,ST004,배곧중심상가,16,ST016,물왕호수,11715.0,11.715,2.5514715857665906,0.129045792,0.129045792,0.0,0.0,PRELIMINARY_POINT_BUFFER_PROXY,2.815872271,PRELIMINARY_90M,0.976746188958746,0.5442461468834228,0.129045792,0.43039979721895294,0.5475318130950886,CANDIDATE_GRAPH
1030,ST025__ST035,25,ST025,목감동행정복지센터,35,ST035,산들공원,10674.0,10.674,2.715831427294401,0.201215069,0.198065356,0.023119418,0.0,PRELIMINARY_POINT_BUFFER_PROXY,3.762887945,PRELIMINARY_90M,0.8870898286108001,0.49596448206845467,0.201215069,0.5875241081052605,0.5481067198932601,CANDIDATE_GRAPH
134,ST003__ST030,3,ST003,배곧한울공원,30,ST030,장곡도서관,11580.0,11.58,2.378062343333929,0.235274656,0.235274656,0.0,0.0,PRELIMINARY_POINT_BUFFER_PROXY,1.532008208,PRELIMINARY_90M,0.965119283438119,0.5951861261455387,0.235274656,0.21738721283529702,0.548255720357744,CANDIDATE_GRAPH
656,ST014__ST046,14,ST014,시흥대야역,46,ST046,배곧1동행정복지센터,11686.0,11.686,3.1090523763986275,0.287377872,0.239866378,0.107932503,0.0,PRELIMINARY_POINT_BUFFER_PROXY,2.647340084,PRELIMINARY_90M,0.9742485574024632,0.3804535282588435,0.287377872,0.402437742871226,0.5492878301733147,CANDIDATE_GRAPH
408,ST009__ST013,9,ST009,능곡중앙공원,13,ST013,삼미시장,9533.0,9.533,2.044910643566718,0.336297045,0.275183927,0.109998038,0.0,PRELIMINARY_POINT_BUFFER_PROXY,2.263124604,PRELIMINARY_90M,0.7888209456549824,0.6930513866080569,0.336297045,0.33869054820034683,0.5495754517809073,CANDIDATE_GRAPH
320,ST007__ST018,7,ST007,장현지구,18,ST018,정왕역,8972.0,8.972,2.285552090454245,0.281434742,0.281434742,0.0,0.0,PRELIMINARY_POINT_BUFFER_PROXY,4.119751288,PRELIMINARY_90M,0.7405046938248213,0.6223615540357456,0.281434742,0.6467331670352174,0.5510176142011192,CANDIDATE_GRAPH
1396,ST042__ST044,42,ST042,시흥시청역,44,ST044,경기과학기술대학교,9766.0,9.766,2.5922763110812763,0.280348142,0.280348142,0.0,0.0,PRELIMINARY_POINT_BUFFER_PROXY,3.962574696,PRELIMINARY_90M,0.8088881233313238,0.5322595201490745,0.280348142,0.6206551786940674,0.5527480594998884,CANDIDATE_GRAPH
1131,ST028__ST052,28,ST028,매화산업단지,52,ST052,가온그린공원,9242.0,9.242,1.815274074509646,0.145416115,0.145416115,0.0,0.0,PRELIMINARY_POINT_BUFFER_PROXY,4.127099785,PRELIMINARY_90M,0.7637585048660753,0.7605084719484367,0.145416115,0.6479523945082942,0.5529640590190578,CANDIDATE_GRAPH
40,ST001__ST041,1,ST001,월곶역,41,ST041,연꽃테마파크,11024.0,11.024,2.143081387721381,0.184019365,0.169751028,0.049417224,0.0,PRELIMINARY_POINT_BUFFER_PROXY,2.370109047,PRELIMINARY_90M,0.9172336577383515,0.6642131562967346,0.184019365,0.35644089525735917,0.5533453870063738,CANDIDATE_GRAPH
838,ST019__ST038,19,ST019,시화병원,38,ST038,능곡도서관,10421.0,10.421,2.531216478716255,0.241079064,0.234484541,0.008849695,0.0,PRELIMINARY_POINT_BUFFER_PROXY,3.490066596,PRELIMINARY_90M,0.8653001464128843,0.5501962030547176,0.241079064,0.5422588948320345,0.5545028920802582,CANDIDATE_GRAPH
368,ST008__ST019,8,ST008,시흥능곡역,19,ST019,시화병원,9541.0,9.541,2.380203466611261,0.202110648,0.202110648,0.0,0.0,PRELIMINARY_POINT_BUFFER_PROXY,4.601175867,PRELIMINARY_90M,0.7895099474636121,0.5945571586590607,0.202110648,0.7266088304438315,0.5547588999106511,CANDIDATE_GRAPH
349,ST007__ST047,7,ST007,장현지구,47,ST047,배곧2동행정복지센터,11603.0,11.603,2.27747518651546,0.232817919,0.232817919,0.0,0.0,PRELIMINARY_POINT_BUFFER_PROXY,1.557348238,PRELIMINARY_90M,0.9671001636379295,0.624734191810826,0.232817919,0.2215915094070435,0.554875101796497,CANDIDATE_GRAPH
1348,ST038__ST054,38,ST038,능곡도서관,54,ST054,시흥 프리미엄 아울렛,10419.0,10.419,2.1992372260260047,0.177016892,0.177016892,0.0,0.0,PRELIMINARY_POINT_BUFFER_PROXY,3.37934972,PRELIMINARY_90M,0.8651278959607269,0.647717050330554,0.177016892,0.5238892803445506,0.5551757887040478,CANDIDATE_GRAPH
557,ST012__ST030,12,ST012,신천역,30,ST030,장곡도서관,11090.0,11.09,2.30754962573065,0.265325557,0.265325557,0.0,0.0,PRELIMINARY_POINT_BUFFER_PROXY,1.955667813,PRELIMINARY_90M,0.922917922659547,0.6158996493813103,0.265325557,0.2876787880579371,0.5556844102657941,CANDIDATE_GRAPH
716,ST016__ST027,16,ST016,물왕호수,27,ST027,은행동행정복지센터,9672.0,9.672,2.061470853179971,0.18259595,0.134638072,0.047957878,0.0,PRELIMINARY_POINT_BUFFER_PROXY,3.949408294,PRELIMINARY_90M,0.8007923520799242,0.6881867281709324,0.18259595,0.6184706722514611,0.5563342571998791,CANDIDATE_GRAPH
652,ST014__ST042,14,ST014,시흥대야역,42,ST042,시흥시청역,11367.0,11.367,2.21228926525037,0.133495106,0.112762105,0.020733001,0.0,PRELIMINARY_POINT_BUFFER_PROXY,2.772317631,PRELIMINARY_90M,0.946774610283352,0.6438829374649975,0.133495106,0.4231734196797136,0.5569974905441297,CANDIDATE_GRAPH
954,ST022__ST052,22,ST022,오이도박물관,52,ST052,가온그린공원,11939.0,11.939,3.074199505815415,0.213624245,0.213624245,0.0,0.0,PRELIMINARY_POINT_BUFFER_PROXY,3.320625774,PRELIMINARY_90M,0.996038239600379,0.3906917628525013,0.213624245,0.5141460841112697,0.5572797102973234,CANDIDATE_GRAPH
93,ST002__ST041,2,ST002,월곶포구,41,ST041,연꽃테마파크,10344.0,10.344,2.1053744691108007,0.269401021,0.254193013,0.0526717,0.0,PRELIMINARY_POINT_BUFFER_PROXY,2.41630177,PRELIMINARY_90M,0.858668504004823,0.6752897841922005,0.269401021,0.36410497090954,0.5575579341265592,CANDIDATE_GRAPH
599,ST013__ST030,13,ST013,삼미시장,30,ST030,장곡도서관,11231.0,11.231,2.3443065473351545,0.267587404,0.267587404,0.0,0.0,PRELIMINARY_POINT_BUFFER_PROXY,1.925417323,PRELIMINARY_90M,0.9350615795366463,0.6051020886630585,0.267587404,0.28265977145059096,0.5575877872880265,CANDIDATE_GRAPH
839,ST019__ST039,19,ST019,시화병원,39,ST039,능곡힐스테이트,10519.0,10.519,2.526338381605967,0.246279767,0.219894642,0.026385125,0.0,PRELIMINARY_POINT_BUFFER_PROXY,3.472193314,PRELIMINARY_90M,0.8737404185685987,0.5516291726136104,0.246279767,0.5392934453736693,0.5585989395777821,CANDIDATE_GRAPH
1241,ST033__ST042,33,ST033,타원산업단지,42,ST042,시흥시청역,11609.0,11.609,2.600928175113378,0.168488667,0.168488667,0.0,0.0,PRELIMINARY_POINT_BUFFER_PROXY,3.125900871,PRELIMINARY_90M,0.9676169149944018,0.5297179844835516,0.168488667,0.4818382596092245,0.5590074228361346,CANDIDATE_GRAPH
686,ST015__ST036,15,ST015,목감택지개발예정지구,36,ST036,시흥시립군자도서관,11008.0,11.008,2.6508932321834546,0.196966472,0.196966472,0.0,0.0,PRELIMINARY_POINT_BUFFER_PROXY,3.685852915,PRELIMINARY_90M,0.915855654121092,0.5150404567158577,0.196966472,0.5747428243998589,0.5590106119455326,CANDIDATE_GRAPH
414,ST009__ST019,9,ST009,능곡중앙공원,19,ST019,시화병원,10406.0,10.406,2.4930300112958856,0.230123804,0.200050307,0.054316337,0.0,PRELIMINARY_POINT_BUFFER_PROXY,3.771978233,PRELIMINARY_90M,0.8640082680217036,0.5614137012180145,0.230123804,0.5890323252097622,0.5605714338326635,CANDIDATE_GRAPH
1271,ST034__ST051,34,ST034,군자디지털과학고등학교,51,ST051,연성중학교,8438.0,8.438,2.072249583279339,0.318061069,0.307468589,0.020443158,0.0,PRELIMINARY_POINT_BUFFER_PROXY,4.279175988,PRELIMINARY_90M,0.6945138230987856,0.6850204131577811,0.318061069,0.6731841507026287,0.5605768105715255,CANDIDATE_GRAPH
886,ST020__ST051,20,ST020,시화공업단지[왼쪽부근],51,ST051,연성중학교,11836.0,11.836,2.804294883522885,0.165890879,0.158340761,0.014571495,0.0,PRELIMINARY_POINT_BUFFER_PROXY,3.445657059,PRELIMINARY_90M,0.987167341314271,0.4699778243648782,0.165890879,0.534890676871679,0.5612104556137223,CANDIDATE_GRAPH
322,ST007__ST020,7,ST007,장현지구,20,ST020,시화공업단지[왼쪽부근],10307.0,10.307,2.5362418727732217,0.264744719,0.264744719,0.0,0.0,PRELIMINARY_POINT_BUFFER_PROXY,3.67636277,PRELIMINARY_90M,0.8554818706399104,0.5487199641561754,0.264744719,0.573168264934504,0.5613240670453793,CANDIDATE_GRAPH
568,ST012__ST041,12,ST012,신천역,41,ST041,연꽃테마파크,10426.0,10.426,2.159019121334042,0.280626635,0.254136238,0.053210769,0.0,PRELIMINARY_POINT_BUFFER_PROXY,2.530371707,PRELIMINARY_90M,0.8657307725432779,0.6595313538257426,0.280626635,0.38303090923985905,0.5625233362912746,CANDIDATE_GRAPH
610,ST013__ST041,13,ST013,삼미시장,41,ST041,연꽃테마파크,10567.0,10.567,2.200035546216401,0.282828754,0.256687182,0.052510091,0.0,PRELIMINARY_POINT_BUFFER_PROXY,2.488339775,PRELIMINARY_90M,0.8778744294203772,0.6474825391051267,0.282828754,0.37605717212859757,0.5638683224374469,CANDIDATE_GRAPH
27,ST001__ST028,1,ST001,월곶역,28,ST028,매화산업단지,11836.0,11.836,2.36274090325665,0.176039328,0.161852085,0.034852774,0.0,PRELIMINARY_POINT_BUFFER_PROXY,2.410613789,PRELIMINARY_90M,0.987167341314271,0.5996868887857159,0.176039328,0.36316124830864105,0.5639299664634342,CANDIDATE_GRAPH
715,ST016__ST026,16,ST016,물왕호수,26,ST026,은계파크자이,9843.0,9.843,2.0430294187126394,0.199688668,0.152563984,0.047124684,0.0,PRELIMINARY_POINT_BUFFER_PROXY,3.839006543,PRELIMINARY_90M,0.8155197657393851,0.693604007412518,0.199688668,0.6001533417966786,0.5640978877607902,CANDIDATE_GRAPH
397,ST008__ST048,8,ST008,시흥능곡역,48,ST048,정왕평생학습관 사거리,9811.0,9.811,2.3990711302241006,0.224075837,0.224075837,0.0,0.0,PRELIMINARY_POINT_BUFFER_PROXY,4.485684758,PRELIMINARY_90M,0.812763758504866,0.5890146721129018,0.224075837,0.7074470980529899,0.564406273857232,CANDIDATE_GRAPH
287,ST006__ST033,6,ST006,시흥시청 본청,33,ST033,타원산업단지,11281.0,11.281,2.6191003738932084,0.195476431,0.195476431,0.0,0.0,PRELIMINARY_POINT_BUFFER_PROXY,3.518946764,PRELIMINARY_90M,0.9393678408405822,0.5243797947999708,0.195476431,0.5470505541676336,0.5645813941293429,CANDIDATE_GRAPH
1002,ST024__ST037,24,ST024,목감고등학교,37,ST037,군자동행정복지센터,11108.0,11.108,2.6021730494863746,0.209403637,0.209403637,0.0,0.0,PRELIMINARY_POINT_BUFFER_PROXY,3.555315612,PRELIMINARY_90M,0.9244681767289639,0.5293522953550208,0.209403637,0.5530846994691493,0.5647479350965139,CANDIDATE_GRAPH
80,ST002__ST028,2,ST002,월곶포구,28,ST028,매화산업단지,11156.0,11.156,2.341194297693575,0.254709718,0.239656255,0.036980757,0.0,PRELIMINARY_POINT_BUFFER_PROXY,2.454896454,PRELIMINARY_90M,0.9286021875807424,0.6060163301993028,0.254709718,0.3705084162736078,0.5654677236341615,CANDIDATE_GRAPH
1029,ST025__ST034,25,ST025,목감동행정복지센터,34,ST034,군자디지털과학고등학교,11027.0,11.027,2.6700129419572725,0.226639869,0.223590409,0.022383542,0.0,PRELIMINARY_POINT_BUFFER_PROXY,3.697276312,PRELIMINARY_90M,0.9174920334165877,0.5094239301356546,0.226639869,0.5766381397899669,0.5661626859414316,CANDIDATE_GRAPH
996,ST024__ST031,24,ST024,목감고등학교,31,ST031,마전저수지,10238.0,10.238,2.196470908575251,0.137899481,0.137899481,0.0,0.0,PRELIMINARY_POINT_BUFFER_PROXY,4.428390819,PRELIMINARY_90M,0.8495392300404788,0.6485296722623322,0.137899481,0.697941161741172,0.5662107094778099,CANDIDATE_GRAPH
418,ST009__ST023,9,ST009,능곡중앙공원,23,ST023,오이도역,10456.0,10.456,2.280880731978156,0.228354375,0.198428371,0.054049945,0.0,PRELIMINARY_POINT_BUFFER_PROXY,3.536089925,PRELIMINARY_90M,0.8683145293256395,0.623733792911596,0.228354375,0.549894865441977,0.5682296674125895,CANDIDATE_GRAPH
14,ST001__ST015,1,ST001,월곶역,15,ST015,목감택지개발예정지구,11985.0,11.985,2.1415444016209766,0.073988583,0.073988583,0.0,0.0,PRELIMINARY_POINT_BUFFER_PROXY,2.910643961,PRELIMINARY_90M,1.0,0.6646646549537981,0.073988583,0.44612386271396687,0.5683486561478546,CANDIDATE_GRAPH
552,ST012__ST025,12,ST012,신천역,25,ST025,목감동행정복지센터,11469.0,11.469,2.672810002289368,0.268256823,0.266386985,0.052381024,0.0,PRELIMINARY_POINT_BUFFER_PROXY,2.854554512,PRELIMINARY_90M,0.9555593833433813,0.5086022773026624,0.268256823,0.4368177696216601,0.568753110823965,CANDIDATE_GRAPH
1358,ST039__ST048,39,ST039,능곡힐스테이트,48,ST048,정왕평생학습관 사거리,10643.0,10.643,2.5090757639657406,0.249041878,0.234552605,0.051778256,0.0,PRELIMINARY_POINT_BUFFER_PROXY,3.67443327,PRELIMINARY_90M,0.8844199466023598,0.5567001675171517,0.249041878,0.5728481315236444,0.5690747040428029,CANDIDATE_GRAPH
67,ST002__ST015,2,ST002,월곶포구,15,ST015,목감택지개발예정지구,11305.0,11.305,2.1069502302882155,0.145481854,0.145481854,0.0,0.0,PRELIMINARY_POINT_BUFFER_PROXY,2.989500623,PRELIMINARY_90M,0.9414348462664714,0.6748268951294638,0.145481854,0.45920738288761975,0.5697191461523006,CANDIDATE_GRAPH
1109,ST028__ST030,28,ST028,매화산업단지,30,ST030,장곡도서관,9762.0,9.762,1.8251079234098146,0.165184991,0.165184991,0.0,0.0,PRELIMINARY_POINT_BUFFER_PROXY,3.996719363,PRELIMINARY_90M,0.8085436224270088,0.7576197213143068,0.165184991,0.626320298522715,0.5697585046407218,CANDIDATE_GRAPH
594,ST013__ST025,13,ST013,삼미시장,25,ST025,목감동행정복지센터,11610.0,11.61,2.70398096958528,0.270409164,0.268561734,0.051753296,0.0,PRELIMINARY_POINT_BUFFER_PROXY,2.813742202,PRELIMINARY_90M,0.9677030402204806,0.4994456233356718,0.270409164,0.4300463863589704,0.5706944376981481,CANDIDATE_GRAPH
792,ST018__ST028,18,ST018,정왕역,28,ST028,매화산업단지,11947.0,11.947,2.461849334359547,0.135715444,0.135715444,0.0,0.0,PRELIMINARY_POINT_BUFFER_PROXY,3.213272967,PRELIMINARY_90M,0.9967272414090087,0.5705732074486736,0.135715444,0.4963346198613277,0.5713482299620869,CANDIDATE_GRAPH
346,ST007__ST044,7,ST007,장현지구,44,ST044,경기과학기술대학교,10308.0,10.308,2.4809750604090848,0.280482961,0.280482961,0.0,0.0,PRELIMINARY_POINT_BUFFER_PROXY,3.789544778,PRELIMINARY_90M,0.8555679958659892,0.5649549135522874,0.280482961,0.5919468823322648,0.5713525538633933,CANDIDATE_GRAPH
1426,ST044__ST051,44,ST044,경기과학기술대학교,51,ST051,연성중학교,11834.0,11.834,2.6984336375946034,0.179004665,0.171453617,0.014573288,0.0,PRELIMINARY_POINT_BUFFER_PROXY,3.483476805,PRELIMINARY_90M,0.9869950908621136,0.5010751845551371,0.179004665,0.5411655482294525,0.5715893171971851,CANDIDATE_GRAPH
1310,ST036__ST051,36,ST036,시흥시립군자도서관,51,ST051,연성중학교,8620.0,8.62,2.096945088936556,0.332486659,0.32211825,0.020010708,0.0,PRELIMINARY_POINT_BUFFER_PROXY,4.433127681,PRELIMINARY_90M,0.7101886142451124,0.6777659639231353,0.332486659,0.698727079226962,0.5720499344044606,CANDIDATE_GRAPH
286,ST006__ST032,6,ST006,시흥시청 본청,32,ST032,희망공원,11421.0,11.421,2.522192739062727,0.193072915,0.193072915,0.0,0.0,PRELIMINARY_POINT_BUFFER_PROXY,3.490619862,PRELIMINARY_90M,0.9514253724916027,0.5528469793591926,0.193072915,0.5423506900803852,0.5731891085059572,CANDIDATE_GRAPH
1000,ST024__ST035,24,ST024,목감고등학교,35,ST035,산들공원,11240.0,11.24,2.63901293879902,0.218685381,0.218685381,0.0,0.0,PRELIMINARY_POINT_BUFFER_PROXY,3.741876975,PRELIMINARY_90M,0.9358367065713548,0.5185303623872118,0.218685381,0.5840380684620529,0.5735259752967244,CANDIDATE_GRAPH
735,ST016__ST046,16,ST016,물왕호수,46,ST046,배곧1동행정복지센터,11513.0,11.513,2.3170243161222417,0.1905393,0.1905393,0.0,0.0,PRELIMINARY_POINT_BUFFER_PROXY,2.945973077,PRELIMINARY_90M,0.9593488932908449,0.6131164036598482,0.1905393,0.45198550065526505,0.5738280434820552,CANDIDATE_GRAPH
962,ST023__ST028,23,ST023,오이도역,28,ST028,매화산업단지,11733.0,11.733,2.286056940327946,0.14851192,0.14851192,0.0,0.0,PRELIMINARY_POINT_BUFFER_PROXY,3.068159669,PRELIMINARY_90M,0.978296443028163,0.6222132514324008,0.14851192,0.472258115559785,0.5748131026803049,CANDIDATE_GRAPH
873,ST020__ST038,20,ST020,시화공업단지[왼쪽부근],38,ST038,능곡도서관,11580.0,11.58,2.578108280308316,0.226516953,0.220582071,0.007964472,0.0,PRELIMINARY_POINT_BUFFER_PROXY,3.260868126,PRELIMINARY_90M,0.965119283438119,0.5364214620596384,0.226516953,0.5042313809865288,0.5773399870132486,CANDIDATE_GRAPH
523,ST011__ST039,11,ST011,배곧생명공원,39,ST039,능곡힐스테이트,11298.0,11.298,2.3285883220548493,0.212905248,0.188331772,0.024573477,0.0,PRELIMINARY_POINT_BUFFER_PROXY,3.153661327,PRELIMINARY_90M,0.9408319696839205,0.6097194092774827,0.212905248,0.48644414168556455,0.5774280044977034,CANDIDATE_GRAPH
26,ST001__ST027,1,ST001,월곶역,27,ST027,은행동행정복지센터,11582.0,11.582,2.3633224358048475,0.225928346,0.172047064,0.074767334,0.0,PRELIMINARY_POINT_BUFFER_PROXY,2.782448154,PRELIMINARY_90M,0.9652915338902764,0.5995160601982088,0.225928346,0.4248542275997871,0.5779654695412065,CANDIDATE_GRAPH
661,ST014__ST051,14,ST014,시흥대야역,51,ST051,연성중학교,11175.0,11.175,2.121938824432075,0.20091631,0.171828694,0.03652646,0.0,PRELIMINARY_POINT_BUFFER_PROXY,3.011366635,PRELIMINARY_90M,0.9302385668762381,0.670423907929096,0.20091631,0.4628352870096499,0.57932265054395,CANDIDATE_GRAPH
413,ST009__ST018,9,ST009,능곡중앙공원,18,ST018,정왕역,10735.0,10.735,2.392884336098931,0.253786149,0.224636968,0.05264691,0.0,PRELIMINARY_POINT_BUFFER_PROXY,3.665801204,PRELIMINARY_90M,0.892343467401602,0.5908320790746876,0.253786149,0.5714159404216257,0.579645557718742,CANDIDATE_GRAPH
1281,ST035__ST041,35,ST035,산들공원,41,ST041,연꽃테마파크,9592.0,9.592,1.9619812587620868,0.279375583,0.262967451,0.056828228,0.0,PRELIMINARY_POINT_BUFFER_PROXY,3.802669825,PRELIMINARY_90M,0.7939023339936268,0.7174123784612354,0.279375583,0.5941245273510793,0.5803108674426783,CANDIDATE_GRAPH
543,ST012__ST016,12,ST012,신천역,16,ST016,물왕호수,11736.0,11.736,2.2704023930368664,0.154737909,0.154737909,0.0,0.0,PRELIMINARY_POINT_BUFFER_PROXY,3.213719151,PRELIMINARY_90M,0.9785548187063992,0.6268118662650275,0.154737909,0.4964086485764305,0.5810023343367098,CANDIDATE_GRAPH
874,ST020__ST039,20,ST020,시화공업단지[왼쪽부근],39,ST039,능곡힐스테이트,11678.0,11.678,2.5733262110367985,0.231322196,0.207554509,0.023767687,0.0,PRELIMINARY_POINT_BUFFER_PROXY,3.24725777,PRELIMINARY_90M,0.9735595555938334,0.5378262228792106,0.231322196,0.5019732158197531,0.5814376204066467,CANDIDATE_GRAPH
267,ST006__ST013,6,ST006,시흥시청 본청,13,ST013,삼미시장,11455.0,11.455,2.6163837818491467,0.201577269,0.174703637,0.087897649,0.0,PRELIMINARY_POINT_BUFFER_PROXY,3.918999504,PRELIMINARY_90M,0.9543536301782792,0.5251778096026816,0.201577269,0.6134253912652919,0.5814674584227278,CANDIDATE_GRAPH
585,ST013__ST016,13,ST013,삼미시장,16,ST016,물왕호수,11877.0,11.877,2.3055951065304647,0.158172509,0.158172509,0.0,0.0,PRELIMINARY_POINT_BUFFER_PROXY,3.169724636,PRELIMINARY_90M,0.9906984755834984,0.6164738008286501,0.158172509,0.48910928908119133,0.5829487472321331,CANDIDATE_GRAPH
687,ST015__ST037,15,ST015,목감택지개발예정지구,37,ST037,군자동행정복지센터,11484.0,11.484,2.5824693495429583,0.230249468,0.230249468,0.0,0.0,PRELIMINARY_POINT_BUFFER_PROXY,3.582517943,PRELIMINARY_90M,0.956851261734562,0.5351403724633926,0.230249468,0.5575979801151002,0.5831280801170402,CANDIDATE_GRAPH
79,ST002__ST027,2,ST002,월곶포구,27,ST027,은행동행정복지센터,10993.0,10.993,2.347637080015806,0.315437364,0.258666769,0.078776632,0.0,PRELIMINARY_POINT_BUFFER_PROXY,2.79386186,PRELIMINARY_90M,0.9145637757299113,0.6041237252073155,0.315437364,0.42674793510552883,0.5837935978127613,CANDIDATE_GRAPH
681,ST015__ST031,15,ST015,목감택지개발예정지구,31,ST031,마전저수지,10614.0,10.614,2.189516754857514,0.162979991,0.162979991,0.0,0.0,PRELIMINARY_POINT_BUFFER_PROXY,4.441402544,PRELIMINARY_90M,0.881922315046077,0.6505724955928398,0.162979991,0.7001000049157858,0.5845473078720628,CANDIDATE_GRAPH
25,ST001__ST026,1,ST001,월곶역,26,ST026,은계파크자이,11844.0,11.844,2.349349490956791,0.245611134,0.192924309,0.073109867,0.0,PRELIMINARY_POINT_BUFFER_PROXY,2.650203434,PRELIMINARY_90M,0.9878563431229007,0.6036206944772444,0.245611134,0.40291281620731556,0.5883135649195615,CANDIDATE_GRAPH
708,ST016__ST019,16,ST016,물왕호수,19,ST019,시화병원,10979.0,10.979,2.4279263736508616,0.134774177,0.134774177,0.0,0.0,PRELIMINARY_POINT_BUFFER_PROXY,5.055688597,PRELIMINARY_90M,0.9133580225648092,0.580538275577502,0.134774177,0.8020194085905077,0.5897794185517597,CANDIDATE_GRAPH
335,ST007__ST033,7,ST007,장현지구,33,ST033,타원산업단지,11894.0,11.894,2.4843213607861188,0.207813665,0.207813665,0.0,0.0,PRELIMINARY_POINT_BUFFER_PROXY,3.363690784,PRELIMINARY_90M,0.9921626044268366,0.5639719182435043,0.207813665,0.5212912245828961,0.5901983951355281,CANDIDATE_GRAPH
999,ST024__ST034,24,ST024,목감고등학교,34,ST034,군자디지털과학고등학교,11593.0,11.593,2.597756645360384,0.242340239,0.242340239,0.0,0.0,PRELIMINARY_POINT_BUFFER_PROXY,3.68018367,PRELIMINARY_90M,0.9662389113771424,0.5306496398992624,0.242340239,0.5738022103864623,0.5909689382698216,CANDIDATE_GRAPH
78,ST002__ST026,2,ST002,월곶포구,26,ST026,은계파크자이,11164.0,11.164,2.3270017875206173,0.328468027,0.272566716,0.077570388,0.0,PRELIMINARY_POINT_BUFFER_PROXY,2.711812933,PRELIMINARY_90M,0.9292911893893722,0.6101854630767997,0.328468027,0.41313476959224515,0.591376231090477,CANDIDATE_GRAPH
685,ST015__ST035,15,ST015,목감택지개발예정지구,35,ST035,산들공원,11616.0,11.616,2.6183413371462763,0.238994137,0.238994137,0.0,0.0,PRELIMINARY_POINT_BUFFER_PROXY,3.764893781,PRELIMINARY_90M,0.9682197915769529,0.5246027662841055,0.238994137,0.5878569068201114,0.5917245505817713,CANDIDATE_GRAPH
737,ST016__ST048,16,ST016,물왕호수,48,ST048,정왕평생학습관 사거리,11249.0,11.249,2.4432384599419756,0.155551168,0.155551168,0.0,0.0,PRELIMINARY_POINT_BUFFER_PROXY,4.944045903,PRELIMINARY_90M,0.9366118336060633,0.5760402606667225,0.155551168,0.7834961868088153,0.5994344139167889,CANDIDATE_GRAPH
1261,ST034__ST041,34,ST034,군자디지털과학고등학교,41,ST041,연꽃테마파크,10028.0,10.028,1.9393243017364707,0.310632261,0.294935822,0.054363336,0.0,PRELIMINARY_POINT_BUFFER_PROXY,3.747505792,PRELIMINARY_90M,0.831452932563948,0.7240679921115616,0.310632261,0.5849719748550638,0.6012259862979537,CANDIDATE_GRAPH
734,ST016__ST045,16,ST016,물왕호수,45,ST045,시흥중앙도서관,11409.0,11.409,2.4077556504969193,0.140098804,0.140098804,0.0,0.0,PRELIMINARY_POINT_BUFFER_PROXY,4.910278417,PRELIMINARY_90M,0.9503918697786582,0.5864635434856569,0.140098804,0.777893647047564,0.6016386111767963,CANDIDATE_GRAPH
1022,ST025__ST027,25,ST025,목감동행정복지센터,27,ST027,은행동행정복지센터,11791.0,11.791,2.1504100554988375,0.170690801,0.128504866,0.060260373,0.0,PRELIMINARY_POINT_BUFFER_PROXY,3.700550705,PRELIMINARY_90M,0.9832917061407286,0.6620603172705937,0.170690801,0.577181411414525,0.6058140725655524,CANDIDATE_GRAPH
805,ST018__ST041,18,ST018,정왕역,41,ST041,연꽃테마파크,11624.0,11.624,2.379137582782341,0.216876921,0.203345141,0.04686622,0.0,PRELIMINARY_POINT_BUFFER_PROXY,4.012326702,PRELIMINARY_90M,0.9689087933855827,0.5948702682683256,0.216876921,0.6289097935569271,0.6066478306221581,CANDIDATE_GRAPH
707,ST016__ST018,16,ST016,물왕호수,18,ST018,정왕역,11308.0,11.308,2.33474303046991,0.160022807,0.160022807,0.0,0.0,PRELIMINARY_POINT_BUFFER_PROXY,4.917859407,PRELIMINARY_90M,0.9416932219447076,0.6079114276807156,0.160022807,0.7791514486471458,0.6080533322638626,CANDIDATE_GRAPH
732,ST016__ST043,16,ST016,물왕호수,43,ST043,시흥종합버스터미널,11908.0,11.908,2.4472829519601325,0.135478594,0.135478594,0.0,0.0,PRELIMINARY_POINT_BUFFER_PROXY,4.721745189,PRELIMINARY_90M,0.9933683575919386,0.5748521674795286,0.135478594,0.7466131156456404,0.6085109744999303,CANDIDATE_GRAPH
684,ST015__ST034,15,ST015,목감택지개발예정지구,34,ST034,군자디지털과학고등학교,11969.0,11.969,2.5789867126290114,0.261310662,0.261310662,0.0,0.0,PRELIMINARY_POINT_BUFFER_PROXY,3.705029013,PRELIMINARY_90M,0.9986219963827405,0.5361634174273473,0.261310662,0.5779244308573444,0.6087667123480304,CANDIDATE_GRAPH
975,ST023__ST041,23,ST023,오이도역,41,ST041,연꽃테마파크,11410.0,11.41,2.196818980893119,0.231551759,0.217767264,0.047741475,0.0,PRELIMINARY_POINT_BUFFER_PROXY,3.873480017,PRELIMINARY_90M,0.9504779950047368,0.6484274239830297,0.231551759,0.6058730157100239,0.6111216751547673,CANDIDATE_GRAPH
1300,ST036__ST041,36,ST036,시흥시립군자도서관,41,ST041,연꽃테마파크,10210.0,10.21,1.9625580605474966,0.322949385,0.307533399,0.053392011,0.0,PRELIMINARY_POINT_BUFFER_PROXY,3.88112673,PRELIMINARY_90M,0.8471277237102748,0.7172429395629683,0.322949385,0.6071417217554008,0.6117518957244998,CANDIDATE_GRAPH
1021,ST025__ST026,25,ST025,목감동행정복지센터,26,ST026,은계파크자이,11962.0,11.962,2.1339656225188346,0.184924391,0.143341479,0.059398986,0.0,PRELIMINARY_POINT_BUFFER_PROXY,3.613948828,PRELIMINARY_90M,0.9980191198001894,0.6668909656445053,0.184924391,0.5628128422148079,0.6133379091411886,CANDIDATE_GRAPH
712,ST016__ST023,16,ST016,물왕호수,23,ST023,오이도역,11973.0,11.973,2.3760153435329974,0.185269558,0.185269558,0.0,0.0,PRELIMINARY_POINT_BUFFER_PROXY,4.665065349,PRELIMINARY_90M,0.9989664972870553,0.5957874443102813,0.185269558,0.7372090677025581,0.6256945125679092,CANDIDATE_GRAPH
1342,ST038__ST048,38,ST038,능곡도서관,48,ST048,정왕평생학습관 사거리,11756.0,11.756,2.4240915545274277,0.198641157,0.198641157,0.0,0.0,PRELIMINARY_POINT_BUFFER_PROXY,4.97738278,PRELIMINARY_90M,0.9802773232279735,0.5816647761254619,0.198641157,0.7890272819844655,0.6274443999025529,CANDIDATE_GRAPH
1339,ST038__ST045,38,ST038,능곡도서관,45,ST045,시흥중앙도서관,11943.0,11.943,2.437181231354207,0.184122626,0.184122626,0.0,0.0,PRELIMINARY_POINT_BUFFER_PROXY,4.944622709,PRELIMINARY_90M,0.9963827405046938,0.5778196069940479,0.184122626,0.7835918877013699,0.6278673202306579,CANDIDATE_GRAPH
1409,ST043__ST045,43,ST043,시흥종합버스터미널,45,ST045,시흥중앙도서관,671.0,0.671,3.1817228022763167,0.300402098,0.300402098,0.0,0.0,PRELIMINARY_POINT_BUFFER_PROXY,0.425583211,PRELIMINARY_90M,0.025579192145379383,0.35910616559669406,0.300402098,0.03381446955986759,0.16094664530420175,CURRENT_02_CANDIDATE
151,ST003__ST047,3,ST003,배곧한울공원,47,ST047,배곧2동행정복지센터,2142.0,2.142,2.998593533213879,0.082490603,0.082490603,0.0,0.0,PRELIMINARY_POINT_BUFFER_PROXY,1.45164868,PRELIMINARY_90M,0.15226939970717424,0.41290145953524826,0.082490603,0.20405434432339853,0.1871053842030704,CURRENT_02_CANDIDATE
209,ST004__ST054,4,ST004,배곧중심상가,54,ST054,시흥 프리미엄 아울렛,3518.0,3.518,3.9115620934849367,0.174673018,0.174673018,0.0,0.0,PRELIMINARY_POINT_BUFFER_PROXY,1.470188615,PRELIMINARY_90M,0.2707777107914908,0.14471160486108936,0.174673018,0.2071304016588043,0.1984523344980603,CURRENT_02_CANDIDATE
136,ST003__ST032,3,ST003,배곧한울공원,32,ST032,희망공원,2946.0,2.946,2.474419063810549,0.0,0.0,0.0,0.0,PRELIMINARY_POINT_BUFFER_PROXY,0.664390229,PRELIMINARY_90M,0.22151408147446386,0.5668807759001471,0.0,0.07343618773014575,0.2019215118556136,CURRENT_02_CANDIDATE
259,ST005__ST054,5,ST005,배곧중·고등학교,54,ST054,시흥 프리미엄 아울렛,1508.0,1.508,1.711681176130996,0.0,0.0,0.0,0.0,PRELIMINARY_POINT_BUFFER_PROXY,0.623743217,PRELIMINARY_90M,0.09766600637326674,0.7909394917780753,0.0,0.06669222992096648,0.2023748350744034,CURRENT_02_CANDIDATE
934,ST022__ST032,22,ST022,오이도박물관,32,ST032,희망공원,2894.0,2.894,2.88457420094931,0.0,0.0,0.0,0.0,PRELIMINARY_POINT_BUFFER_PROXY,2.242877844,PRELIMINARY_90M,0.2170355697183705,0.4463953053047024,0.0,0.3353313026249875,0.21554120585611827,CURRENT_02_CANDIDATE
1444,ST046__ST050,46,ST046,배곧1동행정복지센터,50,ST050,시흥한라3차아파트,2363.0,2.363,4.178737580648687,0.479447383,0.479447383,0.0,0.0,PRELIMINARY_POINT_BUFFER_PROXY,1.190735572,PRELIMINARY_90M,0.17130307467057102,0.06622724275592551,0.479447383,0.16076488943766587,0.21717810385153483,CURRENT_02_CANDIDATE
1,ST001__ST002,1,ST001,월곶역,2,ST002,월곶포구,619.0,0.619,1.5532421960245575,0.149164241,0.149164241,0.0,0.0,PRELIMINARY_POINT_BUFFER_PROXY,0.47799073,PRELIMINARY_90M,0.02110068038928602,0.8374818689184798,0.149164241,0.042509674437898,0.21854912333563078,CURRENT_02_CANDIDATE
1222,ST032__ST045,32,ST032,희망공원,45,ST045,시흥중앙도서관,3542.0,3.542,3.695161173181692,0.239589717,0.239589717,0.0,0.0,PRELIMINARY_POINT_BUFFER_PROXY,1.100349444,PRELIMINARY_90M,0.27284471621738005,0.20828064096267274,0.239589717,0.1457684554127718,0.21891447643053333,CURRENT_02_CANDIDATE
880,ST020__ST045,20,ST020,시화공업단지[왼쪽부근],45,ST045,시흥중앙도서관,1373.0,1.373,2.951996349336429,0.38168565,0.38168565,0.0,0.0,PRELIMINARY_POINT_BUFFER_PROXY,0.548337,PRELIMINARY_90M,0.08603910085263974,0.42658965485339595,0.38168565,0.05418119107762378,0.21898020743074667,CURRENT_02_CANDIDATE
1242,ST033__ST043,33,ST033,타원산업단지,43,ST043,시흥종합버스터미널,2934.0,2.934,2.565523484039041,0.07531911,0.07531911,0.0,0.0,PRELIMINARY_POINT_BUFFER_PROXY,0.889229462,PRELIMINARY_90M,0.22048057876151925,0.5401183195741607,0.07531911,0.11074043782361453,0.22063270965490606,CURRENT_02_CANDIDATE
1145,ST029__ST040,29,ST029,관곡공원,40,ST040,갯골생태공원,3173.0,3.173,2.6002442194967386,0.0,0.0,0.0,0.0,PRELIMINARY_POINT_BUFFER_PROXY,1.529257702,PRELIMINARY_90M,0.24106450779433297,0.5299189004465018,0.0,0.2169308620359346,0.22289598712270708,CURRENT_02_CANDIDATE
1448,ST046__ST054,46,ST046,배곧1동행정복지센터,54,ST054,시흥 프리미엄 아울렛,1087.0,1.087,2.0,0.198910149,0.198910149,0.0,0.0,PRELIMINARY_POINT_BUFFER_PROXY,0.722410179,PRELIMINARY_90M,0.06140728619412626,0.7062441508450915,0.198910149,0.08306258031444422,0.22492830463412913,CURRENT_02_CANDIDATE
53,ST001__ST054,1,ST001,월곶역,54,ST054,시흥 프리미엄 아울렛,3069.0,3.069,2.971566575272677,0.131704676,0.131704676,0.0,0.0,PRELIMINARY_POINT_BUFFER_PROXY,1.446878915,PRELIMINARY_90M,0.23210748428214625,0.42084078651533996,0.131704676,0.20326296772922972,0.22882139096120363,CURRENT_02_CANDIDATE
1243,ST033__ST044,33,ST033,타원산업단지,44,ST044,경기과학기술대학교,1598.0,1.598,1.7010597777371803,0.123630586,0.123630586,0.0,0.0,PRELIMINARY_POINT_BUFFER_PROXY,0.331684145,PRELIMINARY_90M,0.1054172767203514,0.7940595896824632,0.123630586,0.018235185665018444,0.2293508891383684,CURRENT_02_CANDIDATE
534,ST011__ST050,11,ST011,배곧생명공원,50,ST050,시흥한라3차아파트,995.0,0.995,2.969355785245408,0.47264275,0.47264275,0.0,0.0,PRELIMINARY_POINT_BUFFER_PROXY,0.56995669,PRELIMINARY_90M,0.05348376539488416,0.4214902190171036,0.47264275,0.057768226631615675,0.2298432831863725,CURRENT_02_CANDIDATE
957,ST022__ST055,22,ST022,오이도박물관,55,ST055,해양생태과학관,1977.0,1.977,2.056726097058233,0.0,0.0,0.0,0.0,PRELIMINARY_POINT_BUFFER_PROXY,2.016046436,PRELIMINARY_90M,0.1380587374041857,0.6895805280345066,0.0,0.29769652038444466,0.23089114175603304,CURRENT_02_CANDIDATE
1226,ST032__ST049,32,ST032,희망공원,49,ST049,거북섬 웨이브파크 정문,4499.0,4.499,3.070219818149316,0.042639664,0.042639664,0.0,0.0,PRELIMINARY_POINT_BUFFER_PROXY,0.994963213,PRELIMINARY_90M,0.35526655757471365,0.3918608193822274,0.042639664,0.12828327604626832,0.2326178664345355,CURRENT_02_CANDIDATE
1147,ST029__ST042,29,ST029,관곡공원,42,ST042,시흥시청역,2654.0,2.654,2.6841941622399865,0.0,0.0,0.0,0.0,PRELIMINARY_POINT_BUFFER_PROXY,2.927478894,PRELIMINARY_90M,0.19636551545947808,0.5052581137294531,0.0,0.44891703427285934,0.23711710829763685,CURRENT_02_CANDIDATE
466,ST010__ST026,10,ST010,은계호수공원,26,ST026,은계파크자이,1220.0,1.22,2.405341600576404,0.254629654,0.254629654,0.0,0.0,PRELIMINARY_POINT_BUFFER_PROXY,1.537591702,PRELIMINARY_90M,0.07286194126259582,0.5871726847699602,0.254629654,0.21831359945293588,0.23934066981384094,CURRENT_02_CANDIDATE
108,ST003__ST004,3,ST003,배곧한울공원,4,ST004,배곧중심상가,4685.0,4.685,2.9330495193194137,0.0,0.0,0.0,0.0,PRELIMINARY_POINT_BUFFER_PROXY,1.18657571,PRELIMINARY_90M,0.37128584962535527,0.432155396993838,0.0,0.16007470503198293,0.24039233252243936,CURRENT_02_CANDIDATE
807,ST018__ST043,18,ST018,정왕역,43,ST043,시흥종합버스터미널,1406.0,1.406,2.6557306312689994,0.43367149,0.43367149,0.0,0.0,PRELIMINARY_POINT_BUFFER_PROXY,0.599226145,PRELIMINARY_90M,0.08888123331323745,0.5136194424397824,0.43367149,0.0626244746042261,0.2516438638382235,CURRENT_02_CANDIDATE
820,ST019__ST020,19,ST019,시화병원,20,ST020,시화공업단지[왼쪽부근],1979.0,1.979,2.8736363843131483,0.422822321,0.422822321,0.0,0.0,PRELIMINARY_POINT_BUFFER_PROXY,0.548112375,PRELIMINARY_90M,0.13823098785634313,0.4496083529185587,0.422822321,0.054143922372044954,0.2521296849392386,CURRENT_02_CANDIDATE
127,ST003__ST023,3,ST003,배곧한울공원,23,ST023,오이도역,4569.0,4.569,3.362496455886152,0.25196631,0.25196631,0.0,0.0,PRELIMINARY_POINT_BUFFER_PROXY,0.707990957,PRELIMINARY_90M,0.3612953234002239,0.3060028474757016,0.25196631,0.08067021196989801,0.2627460419807034,CURRENT_02_CANDIDATE
1247,ST033__ST048,33,ST033,타원산업단지,48,ST048,정왕평생학습관 사거리,3608.0,3.608,2.731241808577759,0.220485387,0.220485387,0.0,0.0,PRELIMINARY_POINT_BUFFER_PROXY,0.925063471,PRELIMINARY_90M,0.2785289811385755,0.49143759242876095,0.220485387,0.11668584519647998,0.26839688541372564,CURRENT_02_CANDIDATE
1381,ST041__ST042,41,ST041,연꽃테마파크,42,ST042,시흥시청역,3357.0,3.357,2.4375560527901543,0.0,0.0,0.0,0.0,PRELIMINARY_POINT_BUFFER_PROXY,2.986825232,PRELIMINARY_90M,0.25691154939281713,0.5777095010048499,0.0,0.458763494809769,0.2742754667099213,CURRENT_02_CANDIDATE
125,ST003__ST021,3,ST003,배곧한울공원,21,ST021,오이도 포구 해양관광 단지,3868.0,3.868,3.0553772480821526,0.133587529,0.0,0.133587529,0.0,PRELIMINARY_POINT_BUFFER_PROXY,3.056247109,PRELIMINARY_90M,0.3009215399190423,0.39622091115594826,0.133587529,0.47028164058447025,0.288505849540525,CURRENT_02_CANDIDATE
262,ST006__ST008,6,ST006,시흥시청 본청,8,ST008,시흥능곡역,1951.0,1.951,2.023517683433672,0.1397711,0.1397711,0.0,0.0,PRELIMINARY_POINT_BUFFER_PROXY,2.968420709,PRELIMINARY_90M,0.135819481526139,0.699335693777877,0.1397711,0.45570990438570363,0.2907032179475796,CURRENT_02_CANDIDATE
434,ST009__ST039,9,ST009,능곡중앙공원,39,ST039,능곡힐스테이트,792.0,0.792,2.0,0.496869839,0.318845713,0.496869839,0.0,PRELIMINARY_POINT_BUFFER_PROXY,0.848295282,PRELIMINARY_90M,0.036000344500904315,0.7062441508450915,0.496869839,0.10394883447345071,0.29365873566535244,CURRENT_02_CANDIDATE
283,ST006__ST029,6,ST006,시흥시청 본청,29,ST029,관곡공원,3470.0,3.47,2.475229440723157,0.075912866,0.075912866,0.0,0.0,PRELIMINARY_POINT_BUFFER_PROXY,3.041565706,PRELIMINARY_90M,0.2666436999397123,0.5666427229420483,0.075912866,0.4678457724224623,0.2958089219306783,CURRENT_02_CANDIDATE
157,ST003__ST053,3,ST003,배곧한울공원,53,ST053,오이도 빨강등대,2485.0,2.485,2.0743268960726615,0.321268247,0.295693025,0.112820736,0.0,PRELIMINARY_POINT_BUFFER_PROXY,1.113752047,PRELIMINARY_90M,0.18181035225217465,0.6844101903742181,0.321268247,0.14799215119550682,0.30303154579243086,CURRENT_02_CANDIDATE
1379,ST040__ST054,40,ST040,갯골생태공원,54,ST054,시흥 프리미엄 아울렛,5042.0,5.042,2.505555704817685,0.080180898,0.080180898,0.0,0.0,PRELIMINARY_POINT_BUFFER_PROXY,1.509985427,PRELIMINARY_90M,0.40203255533545773,0.5577342054812642,0.080180898,0.2137332983506408,0.3043634547162592,CURRENT_02_CANDIDATE
30,ST001__ST031,1,ST001,월곶역,31,ST031,마전저수지,4726.0,4.726,2.1733816526852707,0.0,0.0,0.0,0.0,PRELIMINARY_POINT_BUFFER_PROXY,1.971254241,PRELIMINARY_90M,0.37481698389458273,0.6553122762326484,0.0,0.2902648136390502,0.3057881216554912,CURRENT_02_CANDIDATE
1143,ST029__ST038,29,ST029,관곡공원,38,ST038,능곡도서관,4223.0,4.223,2.511994530716733,0.118739746,0.102463148,0.021842811,0.0,PRELIMINARY_POINT_BUFFER_PROXY,2.578907523,PRELIMINARY_90M,0.33149599517698736,0.5558427627117288,0.118739746,0.39108373967517096,0.31553964830556697,CURRENT_02_CANDIDATE
1322,ST037__ST045,37,ST037,군자동행정복지센터,45,ST045,시흥중앙도서관,5556.0,5.556,3.4490973986733664,0.318446298,0.318446298,0.0,0.0,PRELIMINARY_POINT_BUFFER_PROXY,1.229092844,PRELIMINARY_90M,0.446300921539919,0.28056331398962786,0.318446298,0.16712894453827729,0.3169989015176388,CURRENT_02_CANDIDATE
636,ST014__ST026,14,ST014,시흥대야역,26,ST026,은계파크자이,2742.0,2.742,2.689120979304191,0.480816193,0.434350308,0.046465885,0.0,PRELIMINARY_POINT_BUFFER_PROXY,1.352474425,PRELIMINARY_90M,0.2039445353544053,0.5038108323991268,0.480816193,0.1875998263018331,0.32048677604914216,CURRENT_02_CANDIDATE
1144,ST029__ST039,29,ST029,관곡공원,39,ST039,능곡힐스테이트,4321.0,4.321,2.5005444574442675,0.134141311,0.069883904,0.064257407,0.0,PRELIMINARY_POINT_BUFFER_PROXY,2.555414981,PRELIMINARY_90M,0.33993626733270177,0.5592062887087678,0.134141311,0.3871859694755221,0.3224321744795275,CURRENT_02_CANDIDATE
468,ST010__ST028,10,ST010,은계호수공원,28,ST028,매화산업단지,3734.0,3.734,2.2597817465071626,0.156648005,0.156648005,0.0,0.0,PRELIMINARY_POINT_BUFFER_PROXY,2.499811713,PRELIMINARY_90M,0.289380759624494,0.6299317433049347,0.156648005,0.3779605412092454,0.3231256969609467,CURRENT_02_CANDIDATE
385,ST008__ST036,8,ST008,시흥능곡역,36,ST036,시흥시립군자도서관,4468.0,4.468,3.322939983305055,0.221339234,0.221339234,0.0,0.0,PRELIMINARY_POINT_BUFFER_PROXY,3.518784026,PRELIMINARY_90M,0.3525966755662734,0.3176227926683346,0.221339234,0.5470235534570783,0.3243217365004244,CURRENT_02_CANDIDATE
452,ST010__ST012,10,ST010,은계호수공원,12,ST012,신천역,2361.0,2.361,2.79221465563128,0.473443851,0.473443851,0.0,0.0,PRELIMINARY_POINT_BUFFER_PROXY,2.295026039,PRELIMINARY_90M,0.17113082421841358,0.4735264619671615,0.473443851,0.34398348170533055,0.3245595658756767,CURRENT_02_CANDIDATE
595,ST013__ST026,13,ST013,삼미시장,26,ST026,은계파크자이,1938.0,1.938,2.6326125397405407,0.511569918,0.511569918,0.0,0.0,PRELIMINARY_POINT_BUFFER_PROXY,2.070334106,PRELIMINARY_90M,0.13469985358711567,0.5204105170475657,0.511569918,0.3067036709232997,0.3251250823034985,CURRENT_02_CANDIDATE
714,ST016__ST025,16,ST016,물왕호수,25,ST025,목감동행정복지센터,3005.0,3.005,2.1381214943015445,0.193383798,0.119943446,0.161932073,0.0,PRELIMINARY_POINT_BUFFER_PROXY,2.924827881,PRELIMINARY_90M,0.22659546981310827,0.6656701539999965,0.193383798,0.4484771908761643,0.32805997336601184,CURRENT_02_CANDIDATE
596,ST013__ST027,13,ST013,삼미시장,27,ST027,은행동행정복지센터,1561.0,1.561,2.6154869323133116,0.514819805,0.514819805,0.0,0.0,PRELIMINARY_POINT_BUFFER_PROXY,2.62974837,PRELIMINARY_90M,0.10223064335543881,0.525441264399645,0.514819805,0.3995190098286312,0.3295017807786273,CURRENT_02_CANDIDATE
779,ST017__ST052,17,ST017,장곡동,52,ST052,가온그린공원,639.0,0.639,1.9871511618456574,0.588670368,0.588670368,0.0,0.0,PRELIMINARY_POINT_BUFFER_PROXY,1.720740011,PRELIMINARY_90M,0.02282318491086039,0.7100185722077744,0.588670368,0.24870069085140145,0.33446452478806626,CURRENT_02_CANDIDATE
1157,ST029__ST052,29,ST029,관곡공원,52,ST052,가온그린공원,4265.0,4.265,2.386392012061943,0.201240875,0.201240875,0.0,0.0,PRELIMINARY_POINT_BUFFER_PROXY,2.198243349,PRELIMINARY_90M,0.3351132546722935,0.5927392372351619,0.201240875,0.327925760709286,0.335336569438728,CURRENT_02_CANDIDATE
1285,ST035__ST045,35,ST035,산들공원,45,ST045,시흥중앙도서관,6104.0,6.104,3.104005896090232,0.305870296,0.305870296,0.0,0.0,PRELIMINARY_POINT_BUFFER_PROXY,0.734142852,PRELIMINARY_90M,0.4934975454310568,0.38193596136707975,0.305870296,0.0850092092991503,0.33833028856915837,CURRENT_02_CANDIDATE
713,ST016__ST024,16,ST016,물왕호수,24,ST024,목감고등학교,3229.0,3.229,2.105914035609522,0.176923572,0.176923572,0.0,0.0,PRELIMINARY_POINT_BUFFER_PROXY,3.167384816,PRELIMINARY_90M,0.2458875204547412,0.6751312833771932,0.176923572,0.48872107733856496,0.33862594343538277,CURRENT_02_CANDIDATE
666,ST015__ST016,15,ST015,목감택지개발예정지구,16,ST016,물왕호수,3107.0,3.107,2.1181705540136373,0.281664379,0.281664379,0.0,0.0,PRELIMINARY_POINT_BUFFER_PROXY,3.053159992,PRELIMINARY_90M,0.23538024287313755,0.6715308594057094,0.281664379,0.4697694408980579,0.3575707677714487,CURRENT_02_CANDIDATE
1403,ST042__ST051,42,ST042,시흥시청역,51,ST051,연성중학교,2072.0,2.072,2.5274345688921906,0.351208623,0.308075573,0.083245449,0.0,PRELIMINARY_POINT_BUFFER_PROXY,4.64619177,PRELIMINARY_90M,0.14624063388166395,0.551307161186513,0.351208623,0.7340776537505509,0.3593594579084676,CURRENT_02_CANDIDATE
1135,ST029__ST030,29,ST029,관곡공원,30,ST030,장곡도서관,4785.0,4.785,2.344415023463761,0.235519282,0.235519282,0.0,0.0,PRELIMINARY_POINT_BUFFER_PROXY,2.140637973,PRELIMINARY_90M,0.3798983722332271,0.6050702231657867,0.235519282,0.3183681522600866,0.36061351825379984,CURRENT_02_CANDIDATE
1265,ST034__ST045,34,ST034,군자디지털과학고등학교,45,ST045,시흥중앙도서관,6540.0,6.54,2.9933398472819306,0.352023517,0.352023517,0.0,0.0,PRELIMINARY_POINT_BUFFER_PROXY,0.836864495,PRELIMINARY_90M,0.531048144001378,0.4144447605073809,0.352023517,0.10205229296989038,0.372069525697442,CURRENT_02_CANDIDATE
331,ST007__ST029,7,ST007,장현지구,29,ST029,관곡공원,4165.0,4.165,2.078936189138624,0.271907933,0.271907933,0.0,0.0,PRELIMINARY_POINT_BUFFER_PROXY,2.51365291,PRELIMINARY_90M,0.32650073206442165,0.6830561835756226,0.271907933,0.3802570064105875,0.3759020271492602,CURRENT_02_CANDIDATE
730,ST016__ST041,16,ST016,물왕호수,41,ST041,연꽃테마파크,3935.0,3.935,2.0,0.29027288,0.250287871,0.138484824,0.0,PRELIMINARY_POINT_BUFFER_PROXY,2.713464194,PRELIMINARY_90M,0.3066919300663164,0.7062441508450915,0.29027288,0.4134087389190912,0.3831705365300927,CURRENT_02_CANDIDATE
480,ST010__ST040,10,ST010,은계호수공원,40,ST040,갯골생태공원,7454.0,7.454,2.3810988212602635,0.143643119,0.143643119,0.0,0.0,PRELIMINARY_POINT_BUFFER_PROXY,1.480173201,PRELIMINARY_90M,0.6097666006373267,0.5942941429938482,0.143643119,0.20878699640988027,0.399505968033316,CURRENT_02_CANDIDATE
1244,ST033__ST045,33,ST033,타원산업단지,45,ST045,시흥중앙도서관,3637.0,3.637,3.4781306841531268,0.249273043,0.249273043,0.0,0.0,PRELIMINARY_POINT_BUFFER_PROXY,0.487234376,PRELIMINARY_90M,0.28102661269485835,0.2720346165597639,0.249273043,0.04404333596822129,0.22169099890038638,CURRENT_02_CANDIDATE
160,ST004__ST005,4,ST004,배곧중심상가,5,ST005,배곧중·고등학교,2591.0,2.591,3.612965583991951,0.346284637,0.346284637,0.0,0.0,PRELIMINARY_POINT_BUFFER_PROXY,1.174987484,PRELIMINARY_90M,0.19093962621651883,0.23242607606189314,0.346284637,0.15815204200260122,0.22360804993855038,CURRENT_02_CANDIDATE
1210,ST032__ST033,32,ST032,희망공원,33,ST033,타원산업단지,2081.0,2.081,1.4965117896209403,0.0,0.0,0.0,0.0,PRELIMINARY_POINT_BUFFER_PROXY,0.481788461,PRELIMINARY_90M,0.14701576091637242,0.8541467576244774,0.0,0.043139775800197705,0.2287558342156555,CURRENT_02_CANDIDATE
205,ST004__ST050,4,ST004,배곧중심상가,50,ST050,시흥한라3차아파트,2083.0,2.083,3.3375162940590184,0.4015265,0.4015265,0.0,0.0,PRELIMINARY_POINT_BUFFER_PROXY,0.795418286,PRELIMINARY_90M,0.14718801136852985,0.3133409161252583,0.4015265,0.09517573621717196,0.2288419726366129,CURRENT_02_CANDIDATE
1224,ST032__ST047,32,ST032,희망공원,47,ST047,배곧2동행정복지센터,4347.0,4.347,3.0270902313068655,0.040631434,0.040631434,0.0,0.0,PRELIMINARY_POINT_BUFFER_PROXY,1.009713027,PRELIMINARY_90M,0.34217552321074846,0.4045303877888319,0.040631434,0.1307304946341744,0.2304349433766545,CURRENT_02_CANDIDATE
949,ST022__ST047,22,ST022,오이도박물관,47,ST047,배곧2동행정복지센터,4352.0,4.352,3.2556383357386656,0.040564469,0.040564469,0.0,0.0,PRELIMINARY_POINT_BUFFER_PROXY,1.850197274,PRELIMINARY_90M,0.34260614934114203,0.3373930452987237,0.040564469,0.2701796207113337,0.2380588216858445,CURRENT_02_CANDIDATE
878,ST020__ST043,20,ST020,시화공업단지[왼쪽부근],43,ST043,시흥종합버스터미널,792.0,0.792,2.422886141395766,0.407592084,0.407592084,0.0,0.0,PRELIMINARY_POINT_BUFFER_PROXY,0.610397046,PRELIMINARY_90M,0.036000344500904315,0.5820188732835356,0.407592084,0.0644778970657472,0.24057360079188575,CURRENT_02_CANDIDATE
1474,ST050__ST054,50,ST050,시흥한라3차아파트,54,ST054,시흥 프리미엄 아울렛,4969.0,4.969,4.404187534909858,0.286229319,0.286229319,0.0,0.0,PRELIMINARY_POINT_BUFFER_PROXY,1.464039357,PRELIMINARY_90M,0.3957454138317113,0.0,0.286229319,0.20611014618443493,0.24098474651876417,CURRENT_02_CANDIDATE
879,ST020__ST044,20,ST020,시화공업단지[왼쪽부근],44,ST044,경기과학기술대학교,406.0,0.406,2.506476981067469,0.352976565,0.352976565,0.0,0.0,PRELIMINARY_POINT_BUFFER_PROXY,1.876973273,PRELIMINARY_90M,0.0027560072345189906,0.5574635751942025,0.352976565,0.274622166391066,0.24189478377958207,CURRENT_02_CANDIDATE
115,ST003__ST011,3,ST003,배곧한울공원,11,ST011,배곧생명공원,4442.0,4.442,2.929381135965357,0.030002831,0.030002831,0.0,0.0,PRELIMINARY_POINT_BUFFER_PROXY,1.252044916,PRELIMINARY_90M,0.3503574196882267,0.43323300606103465,0.030002831,0.17093704254068998,0.24241296223418976,CURRENT_02_CANDIDATE
56,ST002__ST004,2,ST002,월곶포구,4,ST004,배곧중심상가,3192.0,3.192,3.5458499603414118,0.332930014,0.332930014,0.0,0.0,PRELIMINARY_POINT_BUFFER_PROXY,1.198313388,PRELIMINARY_90M,0.24270088708982862,0.2521416830789185,0.332930014,0.16202216442234924,0.2429094752605761,CURRENT_02_CANDIDATE
1408,ST043__ST044,43,ST043,시흥종합버스터미널,44,ST044,경기과학기술대학교,734.0,0.734,2.289035195013716,0.336285385,0.336285385,0.0,0.0,PRELIMINARY_POINT_BUFFER_PROXY,1.176164054,PRELIMINARY_90M,0.031005081388338643,0.6213383716981828,0.336285385,0.15834725286925844,0.24294288700594388,CURRENT_02_CANDIDATE
149,ST003__ST045,3,ST003,배곧한울공원,45,ST045,시흥중앙도서관,4063.0,4.063,3.6462280998642367,0.303337094,0.303337094,0.0,0.0,PRELIMINARY_POINT_BUFFER_PROXY,0.708093583,PRELIMINARY_90M,0.31771595900439237,0.22265501746680116,0.303337094,0.08068723918493967,0.24366894852263848,CURRENT_02_CANDIDATE
1220,ST032__ST043,32,ST032,희망공원,43,ST043,시흥종합버스터미널,3095.0,3.095,2.2048417647809075,0.071388765,0.071388765,0.0,0.0,PRELIMINARY_POINT_BUFFER_PROXY,0.910646818,PRELIMINARY_90M,0.2343467401601929,0.646070684289486,0.071388765,0.11429390308812581,0.24622677262718362,CURRENT_02_CANDIDATE
868,ST020__ST033,20,ST020,시화공업단지[왼쪽부근],33,ST033,타원산업단지,1990.0,1.99,1.8702031081023514,0.164715764,0.164715764,0.0,0.0,PRELIMINARY_POINT_BUFFER_PROXY,0.638115692,PRELIMINARY_90M,0.13917836534320902,0.7443727470421532,0.164715764,0.06907684222687185,0.24912744461258457,CURRENT_02_CANDIDATE
951,ST022__ST049,22,ST022,오이도박물관,49,ST049,거북섬 웨이브파크 정문,2432.0,2.432,2.198773004915802,0.078808855,0.078808855,0.0,0.0,PRELIMINARY_POINT_BUFFER_PROXY,1.80570442,PRELIMINARY_90M,0.17724571527000257,0.6478534179969773,0.078808855,0.26279757919285823,0.25072853457282507,CURRENT_02_CANDIDATE
166,ST004__ST011,4,ST004,배곧중심상가,11,ST011,배곧생명공원,2231.0,2.231,3.33315178950529,0.458588112,0.458588112,0.0,0.0,PRELIMINARY_POINT_BUFFER_PROXY,0.948297628,PRELIMINARY_90M,0.15993454482818018,0.3146230148665793,0.458588112,0.12054074539283013,0.25162983347210344,CURRENT_02_CANDIDATE
3,ST001__ST004,1,ST001,월곶역,4,ST004,배곧중심상가,4737.0,4.737,3.465738984511636,0.156110614,0.156110614,0.0,0.0,PRELIMINARY_POINT_BUFFER_PROXY,1.268327568,PRELIMINARY_90M,0.37576436138144864,0.2756747508104226,0.156110614,0.1736385822777203,0.2517259174872496,CURRENT_02_CANDIDATE
202,ST004__ST047,4,ST004,배곧중심상가,47,ST047,배곧2동행정복지센터,2617.0,2.617,4.125555851408769,0.591916562,0.591916562,0.0,0.0,PRELIMINARY_POINT_BUFFER_PROXY,1.078170272,PRELIMINARY_90M,0.1931788820945655,0.08184968678832416,0.591916562,0.14208859328144147,0.25327497558297896,CURRENT_02_CANDIDATE
137,ST003__ST033,3,ST003,배곧한울공원,33,ST033,타원산업단지,4416.0,4.416,2.7688580814682218,0.124574268,0.124574268,0.0,0.0,PRELIMINARY_POINT_BUFFER_PROXY,0.455012626,PRELIMINARY_90M,0.34811816381018,0.48038759224378025,0.124574268,0.03869725733056097,0.2548670313819032,CURRENT_02_CANDIDATE
784,ST018__ST020,18,ST018,정왕역,20,ST020,시화공업단지[왼쪽부근],1949.0,1.949,3.244027725944256,0.540858498,0.540858498,0.0,0.0,PRELIMINARY_POINT_BUFFER_PROXY,0.564911031,PRELIMINARY_90M,0.13564723107398158,0.34080372983808693,0.540858498,0.05693107502461671,0.2593915625972034,CURRENT_02_CANDIDATE
159,ST003__ST055,3,ST003,배곧한울공원,55,ST055,해양생태과학관,4683.0,4.683,2.979187730277081,0.0,0.0,0.0,0.0,PRELIMINARY_POINT_BUFFER_PROXY,2.085033623,PRELIMINARY_90M,0.3711135991731978,0.41860202765548005,0.0,0.30914254447354533,0.259981546912747,CURRENT_02_CANDIDATE
867,ST020__ST032,20,ST020,시화공업단지[왼쪽부근],32,ST032,희망공원,3417.0,3.417,2.3443302754970845,0.138210853,0.138210853,0.0,0.0,PRELIMINARY_POINT_BUFFER_PROXY,0.829933024,PRELIMINARY_90M,0.26207906295754024,0.6050951183767019,0.138210853,0.10090225645602437,0.2624347474288832,CURRENT_02_CANDIDATE
1420,ST044__ST045,44,ST044,경기과학기술대학교,45,ST045,시흥중앙도서관,1383.0,1.383,2.7968941464619532,0.482850734,0.482850734,0.0,0.0,PRELIMINARY_POINT_BUFFER_PROXY,0.927116456,PRELIMINARY_90M,0.08690035311342692,0.4721518341645844,0.482850734,0.11702646664788896,0.26311214391979965,CURRENT_02_CANDIDATE
63,ST002__ST011,2,ST002,월곶포구,11,ST011,배곧생명공원,3928.0,3.928,3.437997456052192,0.304495296,0.304495296,0.0,0.0,PRELIMINARY_POINT_BUFFER_PROXY,1.160746133,PRELIMINARY_90M,0.3060890534837654,0.28382398705988165,0.304495296,0.1557891851635865,0.2633881679058322,CURRENT_02_CANDIDATE
147,ST003__ST043,3,ST003,배곧한울공원,43,ST043,시흥종합버스터미널,4739.0,4.739,3.5517107534895764,0.285116743,0.285116743,0.0,0.0,PRELIMINARY_POINT_BUFFER_PROXY,0.649359863,PRELIMINARY_90M,0.37593661183360605,0.25042004081095814,0.285116743,0.07094242129632959,0.26358237124840317,CURRENT_02_CANDIDATE
252,ST005__ST047,5,ST005,배곧중·고등학교,47,ST047,배곧2동행정복지센터,3334.0,3.334,2.6812687086629072,0.216881735,0.216881735,0.0,0.0,PRELIMINARY_POINT_BUFFER_PROXY,0.993464254,PRELIMINARY_90M,0.2549306691930066,0.5061174828291513,0.216881735,0.12803457593877482,0.26387485092419877,CURRENT_02_CANDIDATE
1227,ST032__ST050,32,ST032,희망공원,50,ST050,시흥한라3차아파트,4271.0,4.271,3.200955888599408,0.219882908,0.219882908,0.0,0.0,PRELIMINARY_POINT_BUFFER_PROXY,1.156929234,PRELIMINARY_90M,0.3356300060287658,0.35345633399198484,0.219882908,0.15515590353841074,0.2664058814392266,CURRENT_02_CANDIDATE
797,ST018__ST033,18,ST018,정왕역,33,ST033,타원산업단지,3728.0,3.728,2.6919701197263484,0.201894718,0.201894718,0.0,0.0,PRELIMINARY_POINT_BUFFER_PROXY,0.876118982,PRELIMINARY_90M,0.2888640082680217,0.5029738807350543,0.201894718,0.10856520969176346,0.26845563999458294,CURRENT_02_CANDIDATE
1412,ST043__ST048,43,ST043,시흥종합버스터미널,48,ST048,정왕평생학습관 사거리,1307.0,1.307,3.0428754779308687,0.59325425,0.59325425,0.0,0.0,PRELIMINARY_POINT_BUFFER_PROXY,0.728620186,PRELIMINARY_90M,0.08035483593144432,0.3998933792626782,0.59325425,0.08409291497232037,0.2690303681743892,CURRENT_02_CANDIDATE
1409,ST043__ST045,43,ST043,시흥종합버스터미널,45,ST045,시흥중앙도서관,671.0,0.671,3.1817228022763167,0.300402098,0.300402098,0.0,0.0,PRELIMINARY_POINT_BUFFER_PROXY,0.425583211,PRELIMINARY_90M,0.025579192145379383,0.35910616559669406,0.300402098,0.03381446955986759,0.16094664530420175,MST
151,ST003__ST047,3,ST003,배곧한울공원,47,ST047,배곧2동행정복지센터,2142.0,2.142,2.998593533213879,0.082490603,0.082490603,0.0,0.0,PRELIMINARY_POINT_BUFFER_PROXY,1.45164868,PRELIMINARY_90M,0.15226939970717424,0.41290145953524826,0.082490603,0.20405434432339853,0.1871053842030704,MST
209,ST004__ST054,4,ST004,배곧중심상가,54,ST054,시흥 프리미엄 아울렛,3518.0,3.518,3.9115620934849367,0.174673018,0.174673018,0.0,0.0,PRELIMINARY_POINT_BUFFER_PROXY,1.470188615,PRELIMINARY_90M,0.2707777107914908,0.14471160486108936,0.174673018,0.2071304016588043,0.1984523344980603,MST
136,ST003__ST032,3,ST003,배곧한울공원,32,ST032,희망공원,2946.0,2.946,2.474419063810549,0.0,0.0,0.0,0.0,PRELIMINARY_POINT_BUFFER_PROXY,0.664390229,PRELIMINARY_90M,0.22151408147446386,0.5668807759001471,0.0,0.07343618773014575,0.2019215118556136,MST
259,ST005__ST054,5,ST005,배곧중·고등학교,54,ST054,시흥 프리미엄 아울렛,1508.0,1.508,1.711681176130996,0.0,0.0,0.0,0.0,PRELIMINARY_POINT_BUFFER_PROXY,0.623743217,PRELIMINARY_90M,0.09766600637326674,0.7909394917780753,0.0,0.06669222992096648,0.2023748350744034,MST
934,ST022__ST032,22,ST022,오이도박물관,32,ST032,희망공원,2894.0,2.894,2.88457420094931,0.0,0.0,0.0,0.0,PRELIMINARY_POINT_BUFFER_PROXY,2.242877844,PRELIMINARY_90M,0.2170355697183705,0.4463953053047024,0.0,0.3353313026249875,0.21554120585611827,MST
1444,ST046__ST050,46,ST046,배곧1동행정복지센터,50,ST050,시흥한라3차아파트,2363.0,2.363,4.178737580648687,0.479447383,0.479447383,0.0,0.0,PRELIMINARY_POINT_BUFFER_PROXY,1.190735572,PRELIMINARY_90M,0.17130307467057102,0.06622724275592551,0.479447383,0.16076488943766587,0.21717810385153483,MST
1,ST001__ST002,1,ST001,월곶역,2,ST002,월곶포구,619.0,0.619,1.5532421960245575,0.149164241,0.149164241,0.0,0.0,PRELIMINARY_POINT_BUFFER_PROXY,0.47799073,PRELIMINARY_90M,0.02110068038928602,0.8374818689184798,0.149164241,0.042509674437898,0.21854912333563078,MST
1222,ST032__ST045,32,ST032,희망공원,45,ST045,시흥중앙도서관,3542.0,3.542,3.695161173181692,0.239589717,0.239589717,0.0,0.0,PRELIMINARY_POINT_BUFFER_PROXY,1.100349444,PRELIMINARY_90M,0.27284471621738005,0.20828064096267274,0.239589717,0.1457684554127718,0.21891447643053333,MST
880,ST020__ST045,20,ST020,시화공업단지[왼쪽부근],45,ST045,시흥중앙도서관,1373.0,1.373,2.951996349336429,0.38168565,0.38168565,0.0,0.0,PRELIMINARY_POINT_BUFFER_PROXY,0.548337,PRELIMINARY_90M,0.08603910085263974,0.42658965485339595,0.38168565,0.05418119107762378,0.21898020743074667,MST
1242,ST033__ST043,33,ST033,타원산업단지,43,ST043,시흥종합버스터미널,2934.0,2.934,2.565523484039041,0.07531911,0.07531911,0.0,0.0,PRELIMINARY_POINT_BUFFER_PROXY,0.889229462,PRELIMINARY_90M,0.22048057876151925,0.5401183195741607,0.07531911,0.11074043782361453,0.22063270965490606,MST
1145,ST029__ST040,29,ST029,관곡공원,40,ST040,갯골생태공원,3173.0,3.173,2.6002442194967386,0.0,0.0,0.0,0.0,PRELIMINARY_POINT_BUFFER_PROXY,1.529257702,PRELIMINARY_90M,0.24106450779433297,0.5299189004465018,0.0,0.2169308620359346,0.22289598712270708,MST
1448,ST046__ST054,46,ST046,배곧1동행정복지센터,54,ST054,시흥 프리미엄 아울렛,1087.0,1.087,2.0,0.198910149,0.198910149,0.0,0.0,PRELIMINARY_POINT_BUFFER_PROXY,0.722410179,PRELIMINARY_90M,0.06140728619412626,0.7062441508450915,0.198910149,0.08306258031444422,0.22492830463412913,MST
53,ST001__ST054,1,ST001,월곶역,54,ST054,시흥 프리미엄 아울렛,3069.0,3.069,2.971566575272677,0.131704676,0.131704676,0.0,0.0,PRELIMINARY_POINT_BUFFER_PROXY,1.446878915,PRELIMINARY_90M,0.23210748428214625,0.42084078651533996,0.131704676,0.20326296772922972,0.22882139096120363,MST
1243,ST033__ST044,33,ST033,타원산업단지,44,ST044,경기과학기술대학교,1598.0,1.598,1.7010597777371803,0.123630586,0.123630586,0.0,0.0,PRELIMINARY_POINT_BUFFER_PROXY,0.331684145,PRELIMINARY_90M,0.1054172767203514,0.7940595896824632,0.123630586,0.018235185665018444,0.2293508891383684,MST
534,ST011__ST050,11,ST011,배곧생명공원,50,ST050,시흥한라3차아파트,995.0,0.995,2.969355785245408,0.47264275,0.47264275,0.0,0.0,PRELIMINARY_POINT_BUFFER_PROXY,0.56995669,PRELIMINARY_90M,0.05348376539488416,0.4214902190171036,0.47264275,0.057768226631615675,0.2298432831863725,MST
957,ST022__ST055,22,ST022,오이도박물관,55,ST055,해양생태과학관,1977.0,1.977,2.056726097058233,0.0,0.0,0.0,0.0,PRELIMINARY_POINT_BUFFER_PROXY,2.016046436,PRELIMINARY_90M,0.1380587374041857,0.6895805280345066,0.0,0.29769652038444466,0.23089114175603304,MST
1226,ST032__ST049,32,ST032,희망공원,49,ST049,거북섬 웨이브파크 정문,4499.0,4.499,3.070219818149316,0.042639664,0.042639664,0.0,0.0,PRELIMINARY_POINT_BUFFER_PROXY,0.994963213,PRELIMINARY_90M,0.35526655757471365,0.3918608193822274,0.042639664,0.12828327604626832,0.2326178664345355,MST
1147,ST029__ST042,29,ST029,관곡공원,42,ST042,시흥시청역,2654.0,2.654,2.6841941622399865,0.0,0.0,0.0,0.0,PRELIMINARY_POINT_BUFFER_PROXY,2.927478894,PRELIMINARY_90M,0.19636551545947808,0.5052581137294531,0.0,0.44891703427285934,0.23711710829763685,MST
466,ST010__ST026,10,ST010,은계호수공원,26,ST026,은계파크자이,1220.0,1.22,2.405341600576404,0.254629654,0.254629654,0.0,0.0,PRELIMINARY_POINT_BUFFER_PROXY,1.537591702,PRELIMINARY_90M,0.07286194126259582,0.5871726847699602,0.254629654,0.21831359945293588,0.23934066981384094,MST
108,ST003__ST004,3,ST003,배곧한울공원,4,ST004,배곧중심상가,4685.0,4.685,2.9330495193194137,0.0,0.0,0.0,0.0,PRELIMINARY_POINT_BUFFER_PROXY,1.18657571,PRELIMINARY_90M,0.37128584962535527,0.432155396993838,0.0,0.16007470503198293,0.24039233252243936,MST
807,ST018__ST043,18,ST018,정왕역,43,ST043,시흥종합버스터미널,1406.0,1.406,2.6557306312689994,0.43367149,0.43367149,0.0,0.0,PRELIMINARY_POINT_BUFFER_PROXY,0.599226145,PRELIMINARY_90M,0.08888123331323745,0.5136194424397824,0.43367149,0.0626244746042261,0.2516438638382235,MST
820,ST019__ST020,19,ST019,시화병원,20,ST020,시화공업단지[왼쪽부근],1979.0,1.979,2.8736363843131483,0.422822321,0.422822321,0.0,0.0,PRELIMINARY_POINT_BUFFER_PROXY,0.548112375,PRELIMINARY_90M,0.13823098785634313,0.4496083529185587,0.422822321,0.054143922372044954,0.2521296849392386,MST
127,ST003__ST023,3,ST003,배곧한울공원,23,ST023,오이도역,4569.0,4.569,3.362496455886152,0.25196631,0.25196631,0.0,0.0,PRELIMINARY_POINT_BUFFER_PROXY,0.707990957,PRELIMINARY_90M,0.3612953234002239,0.3060028474757016,0.25196631,0.08067021196989801,0.2627460419807034,MST
1247,ST033__ST048,33,ST033,타원산업단지,48,ST048,정왕평생학습관 사거리,3608.0,3.608,2.731241808577759,0.220485387,0.220485387,0.0,0.0,PRELIMINARY_POINT_BUFFER_PROXY,0.925063471,PRELIMINARY_90M,0.2785289811385755,0.49143759242876095,0.220485387,0.11668584519647998,0.26839688541372564,MST
1381,ST041__ST042,41,ST041,연꽃테마파크,42,ST042,시흥시청역,3357.0,3.357,2.4375560527901543,0.0,0.0,0.0,0.0,PRELIMINARY_POINT_BUFFER_PROXY,2.986825232,PRELIMINARY_90M,0.25691154939281713,0.5777095010048499,0.0,0.458763494809769,0.2742754667099213,MST
125,ST003__ST021,3,ST003,배곧한울공원,21,ST021,오이도 포구 해양관광 단지,3868.0,3.868,3.0553772480821526,0.133587529,0.0,0.133587529,0.0,PRELIMINARY_POINT_BUFFER_PROXY,3.056247109,PRELIMINARY_90M,0.3009215399190423,0.39622091115594826,0.133587529,0.47028164058447025,0.288505849540525,MST
262,ST006__ST008,6,ST006,시흥시청 본청,8,ST008,시흥능곡역,1951.0,1.951,2.023517683433672,0.1397711,0.1397711,0.0,0.0,PRELIMINARY_POINT_BUFFER_PROXY,2.968420709,PRELIMINARY_90M,0.135819481526139,0.699335693777877,0.1397711,0.45570990438570363,0.2907032179475796,MST
434,ST009__ST039,9,ST009,능곡중앙공원,39,ST039,능곡힐스테이트,792.0,0.792,2.0,0.496869839,0.318845713,0.496869839,0.0,PRELIMINARY_POINT_BUFFER_PROXY,0.848295282,PRELIMINARY_90M,0.036000344500904315,0.7062441508450915,0.496869839,0.10394883447345071,0.29365873566535244,MST
283,ST006__ST029,6,ST006,시흥시청 본청,29,ST029,관곡공원,3470.0,3.47,2.475229440723157,0.075912866,0.075912866,0.0,0.0,PRELIMINARY_POINT_BUFFER_PROXY,3.041565706,PRELIMINARY_90M,0.2666436999397123,0.5666427229420483,0.075912866,0.4678457724224623,0.2958089219306783,MST
157,ST003__ST053,3,ST003,배곧한울공원,53,ST053,오이도 빨강등대,2485.0,2.485,2.0743268960726615,0.321268247,0.295693025,0.112820736,0.0,PRELIMINARY_POINT_BUFFER_PROXY,1.113752047,PRELIMINARY_90M,0.18181035225217465,0.6844101903742181,0.321268247,0.14799215119550682,0.30303154579243086,MST
1379,ST040__ST054,40,ST040,갯골생태공원,54,ST054,시흥 프리미엄 아울렛,5042.0,5.042,2.505555704817685,0.080180898,0.080180898,0.0,0.0,PRELIMINARY_POINT_BUFFER_PROXY,1.509985427,PRELIMINARY_90M,0.40203255533545773,0.5577342054812642,0.080180898,0.2137332983506408,0.3043634547162592,MST
30,ST001__ST031,1,ST001,월곶역,31,ST031,마전저수지,4726.0,4.726,2.1733816526852707,0.0,0.0,0.0,0.0,PRELIMINARY_POINT_BUFFER_PROXY,1.971254241,PRELIMINARY_90M,0.37481698389458273,0.6553122762326484,0.0,0.2902648136390502,0.3057881216554912,MST
1143,ST029__ST038,29,ST029,관곡공원,38,ST038,능곡도서관,4223.0,4.223,2.511994530716733,0.118739746,0.102463148,0.021842811,0.0,PRELIMINARY_POINT_BUFFER_PROXY,2.578907523,PRELIMINARY_90M,0.33149599517698736,0.5558427627117288,0.118739746,0.39108373967517096,0.31553964830556697,MST
1322,ST037__ST045,37,ST037,군자동행정복지센터,45,ST045,시흥중앙도서관,5556.0,5.556,3.4490973986733664,0.318446298,0.318446298,0.0,0.0,PRELIMINARY_POINT_BUFFER_PROXY,1.229092844,PRELIMINARY_90M,0.446300921539919,0.28056331398962786,0.318446298,0.16712894453827729,0.3169989015176388,MST
636,ST014__ST026,14,ST014,시흥대야역,26,ST026,은계파크자이,2742.0,2.742,2.689120979304191,0.480816193,0.434350308,0.046465885,0.0,PRELIMINARY_POINT_BUFFER_PROXY,1.352474425,PRELIMINARY_90M,0.2039445353544053,0.5038108323991268,0.480816193,0.1875998263018331,0.32048677604914216,MST
1144,ST029__ST039,29,ST029,관곡공원,39,ST039,능곡힐스테이트,4321.0,4.321,2.5005444574442675,0.134141311,0.069883904,0.064257407,0.0,PRELIMINARY_POINT_BUFFER_PROXY,2.555414981,PRELIMINARY_90M,0.33993626733270177,0.5592062887087678,0.134141311,0.3871859694755221,0.3224321744795275,MST
468,ST010__ST028,10,ST010,은계호수공원,28,ST028,매화산업단지,3734.0,3.734,2.2597817465071626,0.156648005,0.156648005,0.0,0.0,PRELIMINARY_POINT_BUFFER_PROXY,2.499811713,PRELIMINARY_90M,0.289380759624494,0.6299317433049347,0.156648005,0.3779605412092454,0.3231256969609467,MST
385,ST008__ST036,8,ST008,시흥능곡역,36,ST036,시흥시립군자도서관,4468.0,4.468,3.322939983305055,0.221339234,0.221339234,0.0,0.0,PRELIMINARY_POINT_BUFFER_PROXY,3.518784026,PRELIMINARY_90M,0.3525966755662734,0.3176227926683346,0.221339234,0.5470235534570783,0.3243217365004244,MST
452,ST010__ST012,10,ST010,은계호수공원,12,ST012,신천역,2361.0,2.361,2.79221465563128,0.473443851,0.473443851,0.0,0.0,PRELIMINARY_POINT_BUFFER_PROXY,2.295026039,PRELIMINARY_90M,0.17113082421841358,0.4735264619671615,0.473443851,0.34398348170533055,0.3245595658756767,MST
595,ST013__ST026,13,ST013,삼미시장,26,ST026,은계파크자이,1938.0,1.938,2.6326125397405407,0.511569918,0.511569918,0.0,0.0,PRELIMINARY_POINT_BUFFER_PROXY,2.070334106,PRELIMINARY_90M,0.13469985358711567,0.5204105170475657,0.511569918,0.3067036709232997,0.3251250823034985,MST
714,ST016__ST025,16,ST016,물왕호수,25,ST025,목감동행정복지센터,3005.0,3.005,2.1381214943015445,0.193383798,0.119943446,0.161932073,0.0,PRELIMINARY_POINT_BUFFER_PROXY,2.924827881,PRELIMINARY_90M,0.22659546981310827,0.6656701539999965,0.193383798,0.4484771908761643,0.32805997336601184,MST
596,ST013__ST027,13,ST013,삼미시장,27,ST027,은행동행정복지센터,1561.0,1.561,2.6154869323133116,0.514819805,0.514819805,0.0,0.0,PRELIMINARY_POINT_BUFFER_PROXY,2.62974837,PRELIMINARY_90M,0.10223064335543881,0.525441264399645,0.514819805,0.3995190098286312,0.3295017807786273,MST
779,ST017__ST052,17,ST017,장곡동,52,ST052,가온그린공원,639.0,0.639,1.9871511618456574,0.588670368,0.588670368,0.0,0.0,PRELIMINARY_POINT_BUFFER_PROXY,1.720740011,PRELIMINARY_90M,0.02282318491086039,0.7100185722077744,0.588670368,0.24870069085140145,0.33446452478806626,MST
1157,ST029__ST052,29,ST029,관곡공원,52,ST052,가온그린공원,4265.0,4.265,2.386392012061943,0.201240875,0.201240875,0.0,0.0,PRELIMINARY_POINT_BUFFER_PROXY,2.198243349,PRELIMINARY_90M,0.3351132546722935,0.5927392372351619,0.201240875,0.327925760709286,0.335336569438728,MST
1285,ST035__ST045,35,ST035,산들공원,45,ST045,시흥중앙도서관,6104.0,6.104,3.104005896090232,0.305870296,0.305870296,0.0,0.0,PRELIMINARY_POINT_BUFFER_PROXY,0.734142852,PRELIMINARY_90M,0.4934975454310568,0.38193596136707975,0.305870296,0.0850092092991503,0.33833028856915837,MST
713,ST016__ST024,16,ST016,물왕호수,24,ST024,목감고등학교,3229.0,3.229,2.105914035609522,0.176923572,0.176923572,0.0,0.0,PRELIMINARY_POINT_BUFFER_PROXY,3.167384816,PRELIMINARY_90M,0.2458875204547412,0.6751312833771932,0.176923572,0.48872107733856496,0.33862594343538277,MST
666,ST015__ST016,15,ST015,목감택지개발예정지구,16,ST016,물왕호수,3107.0,3.107,2.1181705540136373,0.281664379,0.281664379,0.0,0.0,PRELIMINARY_POINT_BUFFER_PROXY,3.053159992,PRELIMINARY_90M,0.23538024287313755,0.6715308594057094,0.281664379,0.4697694408980579,0.3575707677714487,MST
1403,ST042__ST051,42,ST042,시흥시청역,51,ST051,연성중학교,2072.0,2.072,2.5274345688921906,0.351208623,0.308075573,0.083245449,0.0,PRELIMINARY_POINT_BUFFER_PROXY,4.64619177,PRELIMINARY_90M,0.14624063388166395,0.551307161186513,0.351208623,0.7340776537505509,0.3593594579084676,MST
1135,ST029__ST030,29,ST029,관곡공원,30,ST030,장곡도서관,4785.0,4.785,2.344415023463761,0.235519282,0.235519282,0.0,0.0,PRELIMINARY_POINT_BUFFER_PROXY,2.140637973,PRELIMINARY_90M,0.3798983722332271,0.6050702231657867,0.235519282,0.3183681522600866,0.36061351825379984,MST
1265,ST034__ST045,34,ST034,군자디지털과학고등학교,45,ST045,시흥중앙도서관,6540.0,6.54,2.9933398472819306,0.352023517,0.352023517,0.0,0.0,PRELIMINARY_POINT_BUFFER_PROXY,0.836864495,PRELIMINARY_90M,0.531048144001378,0.4144447605073809,0.352023517,0.10205229296989038,0.372069525697442,MST
331,ST007__ST029,7,ST007,장현지구,29,ST029,관곡공원,4165.0,4.165,2.078936189138624,0.271907933,0.271907933,0.0,0.0,PRELIMINARY_POINT_BUFFER_PROXY,2.51365291,PRELIMINARY_90M,0.32650073206442165,0.6830561835756226,0.271907933,0.3802570064105875,0.3759020271492602,MST
730,ST016__ST041,16,ST016,물왕호수,41,ST041,연꽃테마파크,3935.0,3.935,2.0,0.29027288,0.250287871,0.138484824,0.0,PRELIMINARY_POINT_BUFFER_PROXY,2.713464194,PRELIMINARY_90M,0.3066919300663164,0.7062441508450915,0.29027288,0.4134087389190912,0.3831705365300927,MST
480,ST010__ST040,10,ST010,은계호수공원,40,ST040,갯골생태공원,7454.0,7.454,2.3810988212602635,0.143643119,0.143643119,0.0,0.0,PRELIMINARY_POINT_BUFFER_PROXY,1.480173201,PRELIMINARY_90M,0.6097666006373267,0.5942941429938482,0.143643119,0.20878699640988027,0.399505968033316,MST
1409,ST043__ST045,43,ST043,시흥종합버스터미널,45,ST045,시흥중앙도서관,671.0,0.671,3.1817228022763167,0.300402098,0.300402098,0.0,0.0,PRELIMINARY_POINT_BUFFER_PROXY,0.425583211,PRELIMINARY_90M,0.025579192145379383,0.35910616559669406,0.300402098,0.03381446955986759,0.16094664530420175,T2_SPANNER
151,ST003__ST047,3,ST003,배곧한울공원,47,ST047,배곧2동행정복지센터,2142.0,2.142,2.998593533213879,0.082490603,0.082490603,0.0,0.0,PRELIMINARY_POINT_BUFFER_PROXY,1.45164868,PRELIMINARY_90M,0.15226939970717424,0.41290145953524826,0.082490603,0.20405434432339853,0.1871053842030704,T2_SPANNER
209,ST004__ST054,4,ST004,배곧중심상가,54,ST054,시흥 프리미엄 아울렛,3518.0,3.518,3.9115620934849367,0.174673018,0.174673018,0.0,0.0,PRELIMINARY_POINT_BUFFER_PROXY,1.470188615,PRELIMINARY_90M,0.2707777107914908,0.14471160486108936,0.174673018,0.2071304016588043,0.1984523344980603,T2_SPANNER
136,ST003__ST032,3,ST003,배곧한울공원,32,ST032,희망공원,2946.0,2.946,2.474419063810549,0.0,0.0,0.0,0.0,PRELIMINARY_POINT_BUFFER_PROXY,0.664390229,PRELIMINARY_90M,0.22151408147446386,0.5668807759001471,0.0,0.07343618773014575,0.2019215118556136,T2_SPANNER
259,ST005__ST054,5,ST005,배곧중·고등학교,54,ST054,시흥 프리미엄 아울렛,1508.0,1.508,1.711681176130996,0.0,0.0,0.0,0.0,PRELIMINARY_POINT_BUFFER_PROXY,0.623743217,PRELIMINARY_90M,0.09766600637326674,0.7909394917780753,0.0,0.06669222992096648,0.2023748350744034,T2_SPANNER
934,ST022__ST032,22,ST022,오이도박물관,32,ST032,희망공원,2894.0,2.894,2.88457420094931,0.0,0.0,0.0,0.0,PRELIMINARY_POINT_BUFFER_PROXY,2.242877844,PRELIMINARY_90M,0.2170355697183705,0.4463953053047024,0.0,0.3353313026249875,0.21554120585611827,T2_SPANNER
1444,ST046__ST050,46,ST046,배곧1동행정복지센터,50,ST050,시흥한라3차아파트,2363.0,2.363,4.178737580648687,0.479447383,0.479447383,0.0,0.0,PRELIMINARY_POINT_BUFFER_PROXY,1.190735572,PRELIMINARY_90M,0.17130307467057102,0.06622724275592551,0.479447383,0.16076488943766587,0.21717810385153483,T2_SPANNER
1,ST001__ST002,1,ST001,월곶역,2,ST002,월곶포구,619.0,0.619,1.5532421960245575,0.149164241,0.149164241,0.0,0.0,PRELIMINARY_POINT_BUFFER_PROXY,0.47799073,PRELIMINARY_90M,0.02110068038928602,0.8374818689184798,0.149164241,0.042509674437898,0.21854912333563078,T2_SPANNER
1222,ST032__ST045,32,ST032,희망공원,45,ST045,시흥중앙도서관,3542.0,3.542,3.695161173181692,0.239589717,0.239589717,0.0,0.0,PRELIMINARY_POINT_BUFFER_PROXY,1.100349444,PRELIMINARY_90M,0.27284471621738005,0.20828064096267274,0.239589717,0.1457684554127718,0.21891447643053333,T2_SPANNER
880,ST020__ST045,20,ST020,시화공업단지[왼쪽부근],45,ST045,시흥중앙도서관,1373.0,1.373,2.951996349336429,0.38168565,0.38168565,0.0,0.0,PRELIMINARY_POINT_BUFFER_PROXY,0.548337,PRELIMINARY_90M,0.08603910085263974,0.42658965485339595,0.38168565,0.05418119107762378,0.21898020743074667,T2_SPANNER
1242,ST033__ST043,33,ST033,타원산업단지,43,ST043,시흥종합버스터미널,2934.0,2.934,2.565523484039041,0.07531911,0.07531911,0.0,0.0,PRELIMINARY_POINT_BUFFER_PROXY,0.889229462,PRELIMINARY_90M,0.22048057876151925,0.5401183195741607,0.07531911,0.11074043782361453,0.22063270965490606,T2_SPANNER
1145,ST029__ST040,29,ST029,관곡공원,40,ST040,갯골생태공원,3173.0,3.173,2.6002442194967386,0.0,0.0,0.0,0.0,PRELIMINARY_POINT_BUFFER_PROXY,1.529257702,PRELIMINARY_90M,0.24106450779433297,0.5299189004465018,0.0,0.2169308620359346,0.22289598712270708,T2_SPANNER
160,ST004__ST005,4,ST004,배곧중심상가,5,ST005,배곧중·고등학교,2591.0,2.591,3.612965583991951,0.346284637,0.346284637,0.0,0.0,PRELIMINARY_POINT_BUFFER_PROXY,1.174987484,PRELIMINARY_90M,0.19093962621651883,0.23242607606189314,0.346284637,0.15815204200260122,0.22360804993855038,T2_SPANNER
1448,ST046__ST054,46,ST046,배곧1동행정복지센터,54,ST054,시흥 프리미엄 아울렛,1087.0,1.087,2.0,0.198910149,0.198910149,0.0,0.0,PRELIMINARY_POINT_BUFFER_PROXY,0.722410179,PRELIMINARY_90M,0.06140728619412626,0.7062441508450915,0.198910149,0.08306258031444422,0.22492830463412913,T2_SPANNER
1210,ST032__ST033,32,ST032,희망공원,33,ST033,타원산업단지,2081.0,2.081,1.4965117896209403,0.0,0.0,0.0,0.0,PRELIMINARY_POINT_BUFFER_PROXY,0.481788461,PRELIMINARY_90M,0.14701576091637242,0.8541467576244774,0.0,0.043139775800197705,0.2287558342156555,T2_SPANNER
53,ST001__ST054,1,ST001,월곶역,54,ST054,시흥 프리미엄 아울렛,3069.0,3.069,2.971566575272677,0.131704676,0.131704676,0.0,0.0,PRELIMINARY_POINT_BUFFER_PROXY,1.446878915,PRELIMINARY_90M,0.23210748428214625,0.42084078651533996,0.131704676,0.20326296772922972,0.22882139096120363,T2_SPANNER
205,ST004__ST050,4,ST004,배곧중심상가,50,ST050,시흥한라3차아파트,2083.0,2.083,3.3375162940590184,0.4015265,0.4015265,0.0,0.0,PRELIMINARY_POINT_BUFFER_PROXY,0.795418286,PRELIMINARY_90M,0.14718801136852985,0.3133409161252583,0.4015265,0.09517573621717196,0.2288419726366129,T2_SPANNER
1243,ST033__ST044,33,ST033,타원산업단지,44,ST044,경기과학기술대학교,1598.0,1.598,1.7010597777371803,0.123630586,0.123630586,0.0,0.0,PRELIMINARY_POINT_BUFFER_PROXY,0.331684145,PRELIMINARY_90M,0.1054172767203514,0.7940595896824632,0.123630586,0.018235185665018444,0.2293508891383684,T2_SPANNER
534,ST011__ST050,11,ST011,배곧생명공원,50,ST050,시흥한라3차아파트,995.0,0.995,2.969355785245408,0.47264275,0.47264275,0.0,0.0,PRELIMINARY_POINT_BUFFER_PROXY,0.56995669,PRELIMINARY_90M,0.05348376539488416,0.4214902190171036,0.47264275,0.057768226631615675,0.2298432831863725,T2_SPANNER
957,ST022__ST055,22,ST022,오이도박물관,55,ST055,해양생태과학관,1977.0,1.977,2.056726097058233,0.0,0.0,0.0,0.0,PRELIMINARY_POINT_BUFFER_PROXY,2.016046436,PRELIMINARY_90M,0.1380587374041857,0.6895805280345066,0.0,0.29769652038444466,0.23089114175603304,T2_SPANNER
1226,ST032__ST049,32,ST032,희망공원,49,ST049,거북섬 웨이브파크 정문,4499.0,4.499,3.070219818149316,0.042639664,0.042639664,0.0,0.0,PRELIMINARY_POINT_BUFFER_PROXY,0.994963213,PRELIMINARY_90M,0.35526655757471365,0.3918608193822274,0.042639664,0.12828327604626832,0.2326178664345355,T2_SPANNER
1147,ST029__ST042,29,ST029,관곡공원,42,ST042,시흥시청역,2654.0,2.654,2.6841941622399865,0.0,0.0,0.0,0.0,PRELIMINARY_POINT_BUFFER_PROXY,2.927478894,PRELIMINARY_90M,0.19636551545947808,0.5052581137294531,0.0,0.44891703427285934,0.23711710829763685,T2_SPANNER
949,ST022__ST047,22,ST022,오이도박물관,47,ST047,배곧2동행정복지센터,4352.0,4.352,3.2556383357386656,0.040564469,0.040564469,0.0,0.0,PRELIMINARY_POINT_BUFFER_PROXY,1.850197274,PRELIMINARY_90M,0.34260614934114203,0.3373930452987237,0.040564469,0.2701796207113337,0.2380588216858445,T2_SPANNER
466,ST010__ST026,10,ST010,은계호수공원,26,ST026,은계파크자이,1220.0,1.22,2.405341600576404,0.254629654,0.254629654,0.0,0.0,PRELIMINARY_POINT_BUFFER_PROXY,1.537591702,PRELIMINARY_90M,0.07286194126259582,0.5871726847699602,0.254629654,0.21831359945293588,0.23934066981384094,T2_SPANNER
108,ST003__ST004,3,ST003,배곧한울공원,4,ST004,배곧중심상가,4685.0,4.685,2.9330495193194137,0.0,0.0,0.0,0.0,PRELIMINARY_POINT_BUFFER_PROXY,1.18657571,PRELIMINARY_90M,0.37128584962535527,0.432155396993838,0.0,0.16007470503198293,0.24039233252243936,T2_SPANNER
879,ST020__ST044,20,ST020,시화공업단지[왼쪽부근],44,ST044,경기과학기술대학교,406.0,0.406,2.506476981067469,0.352976565,0.352976565,0.0,0.0,PRELIMINARY_POINT_BUFFER_PROXY,1.876973273,PRELIMINARY_90M,0.0027560072345189906,0.5574635751942025,0.352976565,0.274622166391066,0.24189478377958207,T2_SPANNER
115,ST003__ST011,3,ST003,배곧한울공원,11,ST011,배곧생명공원,4442.0,4.442,2.929381135965357,0.030002831,0.030002831,0.0,0.0,PRELIMINARY_POINT_BUFFER_PROXY,1.252044916,PRELIMINARY_90M,0.3503574196882267,0.43323300606103465,0.030002831,0.17093704254068998,0.24241296223418976,T2_SPANNER
56,ST002__ST004,2,ST002,월곶포구,4,ST004,배곧중심상가,3192.0,3.192,3.5458499603414118,0.332930014,0.332930014,0.0,0.0,PRELIMINARY_POINT_BUFFER_PROXY,1.198313388,PRELIMINARY_90M,0.24270088708982862,0.2521416830789185,0.332930014,0.16202216442234924,0.2429094752605761,T2_SPANNER
807,ST018__ST043,18,ST018,정왕역,43,ST043,시흥종합버스터미널,1406.0,1.406,2.6557306312689994,0.43367149,0.43367149,0.0,0.0,PRELIMINARY_POINT_BUFFER_PROXY,0.599226145,PRELIMINARY_90M,0.08888123331323745,0.5136194424397824,0.43367149,0.0626244746042261,0.2516438638382235,T2_SPANNER
820,ST019__ST020,19,ST019,시화병원,20,ST020,시화공업단지[왼쪽부근],1979.0,1.979,2.8736363843131483,0.422822321,0.422822321,0.0,0.0,PRELIMINARY_POINT_BUFFER_PROXY,0.548112375,PRELIMINARY_90M,0.13823098785634313,0.4496083529185587,0.422822321,0.054143922372044954,0.2521296849392386,T2_SPANNER
784,ST018__ST020,18,ST018,정왕역,20,ST020,시화공업단지[왼쪽부근],1949.0,1.949,3.244027725944256,0.540858498,0.540858498,0.0,0.0,PRELIMINARY_POINT_BUFFER_PROXY,0.564911031,PRELIMINARY_90M,0.13564723107398158,0.34080372983808693,0.540858498,0.05693107502461671,0.2593915625972034,T2_SPANNER
159,ST003__ST055,3,ST003,배곧한울공원,55,ST055,해양생태과학관,4683.0,4.683,2.979187730277081,0.0,0.0,0.0,0.0,PRELIMINARY_POINT_BUFFER_PROXY,2.085033623,PRELIMINARY_90M,0.3711135991731978,0.41860202765548005,0.0,0.30914254447354533,0.259981546912747,T2_SPANNER
127,ST003__ST023,3,ST003,배곧한울공원,23,ST023,오이도역,4569.0,4.569,3.362496455886152,0.25196631,0.25196631,0.0,0.0,PRELIMINARY_POINT_BUFFER_PROXY,0.707990957,PRELIMINARY_90M,0.3612953234002239,0.3060028474757016,0.25196631,0.08067021196989801,0.2627460419807034,T2_SPANNER
63,ST002__ST011,2,ST002,월곶포구,11,ST011,배곧생명공원,3928.0,3.928,3.437997456052192,0.304495296,0.304495296,0.0,0.0,PRELIMINARY_POINT_BUFFER_PROXY,1.160746133,PRELIMINARY_90M,0.3060890534837654,0.28382398705988165,0.304495296,0.1557891851635865,0.2633881679058322,T2_SPANNER
147,ST003__ST043,3,ST003,배곧한울공원,43,ST043,시흥종합버스터미널,4739.0,4.739,3.5517107534895764,0.285116743,0.285116743,0.0,0.0,PRELIMINARY_POINT_BUFFER_PROXY,0.649359863,PRELIMINARY_90M,0.37593661183360605,0.25042004081095814,0.285116743,0.07094242129632959,0.26358237124840317,T2_SPANNER
252,ST005__ST047,5,ST005,배곧중·고등학교,47,ST047,배곧2동행정복지센터,3334.0,3.334,2.6812687086629072,0.216881735,0.216881735,0.0,0.0,PRELIMINARY_POINT_BUFFER_PROXY,0.993464254,PRELIMINARY_90M,0.2549306691930066,0.5061174828291513,0.216881735,0.12803457593877482,0.26387485092419877,T2_SPANNER
1227,ST032__ST050,32,ST032,희망공원,50,ST050,시흥한라3차아파트,4271.0,4.271,3.200955888599408,0.219882908,0.219882908,0.0,0.0,PRELIMINARY_POINT_BUFFER_PROXY,1.156929234,PRELIMINARY_90M,0.3356300060287658,0.35345633399198484,0.219882908,0.15515590353841074,0.2664058814392266,T2_SPANNER
1247,ST033__ST048,33,ST033,타원산업단지,48,ST048,정왕평생학습관 사거리,3608.0,3.608,2.731241808577759,0.220485387,0.220485387,0.0,0.0,PRELIMINARY_POINT_BUFFER_PROXY,0.925063471,PRELIMINARY_90M,0.2785289811385755,0.49143759242876095,0.220485387,0.11668584519647998,0.26839688541372564,T2_SPANNER
843,ST019__ST043,19,ST019,시화병원,43,ST043,시흥종합버스터미널,1504.0,1.504,1.864455410627717,0.337651847,0.337651847,0.0,0.0,PRELIMINARY_POINT_BUFFER_PROXY,0.368706378,PRELIMINARY_90M,0.09732150546895185,0.7460611667944999,0.337651847,0.024377737480477956,0.2713443826451048,T2_SPANNER
1441,ST046__ST047,46,ST046,배곧1동행정복지센터,47,ST047,배곧2동행정복지센터,3069.0,3.069,4.129648039445814,0.60945262,0.60945262,0.0,0.0,PRELIMINARY_POINT_BUFFER_PROXY,1.115499419,PRELIMINARY_90M,0.23210748428214625,0.08064758261660032,0.60945262,0.14828206679975695,0.2719726010420348,T2_SPANNER
988,ST023__ST054,23,ST023,오이도역,54,ST054,시흥 프리미엄 아울렛,4175.0,4.175,3.62850171203835,0.340947009,0.340947009,0.0,0.0,PRELIMINARY_POINT_BUFFER_PROXY,1.34126926,PRELIMINARY_90M,0.32736198432520885,0.2278622475750438,0.340947009,0.18574071892132277,0.27324700411703023,T2_SPANNER
1381,ST041__ST042,41,ST041,연꽃테마파크,42,ST042,시흥시청역,3357.0,3.357,2.4375560527901543,0.0,0.0,0.0,0.0,PRELIMINARY_POINT_BUFFER_PROXY,2.986825232,PRELIMINARY_90M,0.25691154939281713,0.5777095010048499,0.0,0.458763494809769,0.2742754667099213,T2_SPANNER
1246,ST033__ST047,33,ST033,타원산업단지,47,ST047,배곧2동행정복지센터,5822.0,5.822,2.832765178273928,0.030351918,0.030351918,0.0,0.0,PRELIMINARY_POINT_BUFFER_PROXY,0.750301445,PRELIMINARY_90M,0.46921023167685816,0.4616145087545951,0.030351918,0.08769016576029681,0.27728798720186393,T2_SPANNER
124,ST003__ST020,3,ST003,배곧한울공원,20,ST020,시화공업단지[왼쪽부근],5193.0,5.193,3.656428711169751,0.322906619,0.322906619,0.0,0.0,PRELIMINARY_POINT_BUFFER_PROXY,0.631602774,PRELIMINARY_90M,0.4150374644733442,0.21965852823085064,0.322906619,0.0679962500247527,0.2801209104655535,T2_SPANNER
883,ST020__ST048,20,ST020,시화공업단지[왼쪽부근],48,ST048,정왕평생학습관 사거리,2009.0,2.009,2.934480706161243,0.546394757,0.546394757,0.0,0.0,PRELIMINARY_POINT_BUFFER_PROXY,0.706491352,PRELIMINARY_90M,0.14081474463870466,0.4317349774878171,0.546394757,0.08042140468117445,0.28429405607328617,T2_SPANNER
796,ST018__ST032,18,ST018,정왕역,32,ST032,희망공원,3868.0,3.868,2.4031752148338352,0.194564581,0.194564581,0.0,0.0,PRELIMINARY_POINT_BUFFER_PROXY,0.885911753,PRELIMINARY_90M,0.3009215399190423,0.5878090732533656,0.194564581,0.11018997941552457,0.2880539957846666,T2_SPANNER
125,ST003__ST021,3,ST003,배곧한울공원,21,ST021,오이도 포구 해양관광 단지,3868.0,3.868,3.0553772480821526,0.133587529,0.0,0.133587529,0.0,PRELIMINARY_POINT_BUFFER_PROXY,3.056247109,PRELIMINARY_90M,0.3009215399190423,0.39622091115594826,0.133587529,0.47028164058447025,0.288505849540525,T2_SPANNER
262,ST006__ST008,6,ST006,시흥시청 본청,8,ST008,시흥능곡역,1951.0,1.951,2.023517683433672,0.1397711,0.1397711,0.0,0.0,PRELIMINARY_POINT_BUFFER_PROXY,2.968420709,PRELIMINARY_90M,0.135819481526139,0.699335693777877,0.1397711,0.45570990438570363,0.2907032179475796,T2_SPANNER
434,ST009__ST039,9,ST009,능곡중앙공원,39,ST039,능곡힐스테이트,792.0,0.792,2.0,0.496869839,0.318845713,0.496869839,0.0,PRELIMINARY_POINT_BUFFER_PROXY,0.848295282,PRELIMINARY_90M,0.036000344500904315,0.7062441508450915,0.496869839,0.10394883447345071,0.29365873566535244,T2_SPANNER
283,ST006__ST029,6,ST006,시흥시청 본청,29,ST029,관곡공원,3470.0,3.47,2.475229440723157,0.075912866,0.075912866,0.0,0.0,PRELIMINARY_POINT_BUFFER_PROXY,3.041565706,PRELIMINARY_90M,0.2666436999397123,0.5666427229420483,0.075912866,0.4678457724224623,0.2958089219306783,T2_SPANNER
1146,ST029__ST041,29,ST029,관곡공원,41,ST041,연꽃테마파크,3138.0,3.138,1.7569046050067059,0.0,0.0,0.0,0.0,PRELIMINARY_POINT_BUFFER_PROXY,2.735579863,PRELIMINARY_90M,0.2380501248815778,0.7776548450269946,0.0,0.4170780649364076,0.3014102224544123,T2_SPANNER
1432,ST045__ST047,45,ST045,시흥중앙도서관,47,ST047,배곧2동행정복지센터,2631.0,2.631,3.7177601555393682,0.731797829,0.731797829,0.0,0.0,PRELIMINARY_POINT_BUFFER_PROXY,0.662398958,PRELIMINARY_90M,0.19438463525966757,0.20164205771015675,0.731797829,0.07310580557042778,0.3022783619684792,T2_SPANNER
925,ST022__ST023,22,ST022,오이도박물관,23,ST023,오이도역,6145.0,6.145,3.451768155847177,0.187192651,0.187192651,0.0,0.0,PRELIMINARY_POINT_BUFFER_PROXY,1.271537161,PRELIMINARY_90M,0.4970286797002842,0.27977876344814856,0.187192651,0.17417110259622826,0.3028396187241634,T2_SPANNER
157,ST003__ST053,3,ST003,배곧한울공원,53,ST053,오이도 빨강등대,2485.0,2.485,2.0743268960726615,0.321268247,0.295693025,0.112820736,0.0,PRELIMINARY_POINT_BUFFER_PROXY,1.113752047,PRELIMINARY_90M,0.18181035225217465,0.6844101903742181,0.321268247,0.14799215119550682,0.30303154579243086,T2_SPANNER
1379,ST040__ST054,40,ST040,갯골생태공원,54,ST054,시흥 프리미엄 아울렛,5042.0,5.042,2.505555704817685,0.080180898,0.080180898,0.0,0.0,PRELIMINARY_POINT_BUFFER_PROXY,1.509985427,PRELIMINARY_90M,0.40203255533545773,0.5577342054812642,0.080180898,0.2137332983506408,0.3043634547162592,T2_SPANNER
823,ST019__ST023,19,ST019,시화병원,23,ST023,오이도역,1664.0,1.664,2.9999999999999996,0.714416548,0.714416548,0.0,0.0,PRELIMINARY_POINT_BUFFER_PROXY,0.445157056,PRELIMINARY_90M,0.11110154164154681,0.41248830169018313,0.714416548,0.03706206829709861,0.3055466471571428,T2_SPANNER
30,ST001__ST031,1,ST001,월곶역,31,ST031,마전저수지,4726.0,4.726,2.1733816526852707,0.0,0.0,0.0,0.0,PRELIMINARY_POINT_BUFFER_PROXY,1.971254241,PRELIMINARY_90M,0.37481698389458273,0.6553122762326484,0.0,0.2902648136390502,0.3057881216554912,T2_SPANNER
1194,ST031__ST040,31,ST031,마전저수지,40,ST040,갯골생태공원,2402.0,2.402,2.2619856904966325,0.142177716,0.142177716,0.0,0.0,PRELIMINARY_POINT_BUFFER_PROXY,3.572654596,PRELIMINARY_90M,0.17466195848764102,0.6292843218668183,0.142177716,0.5559615007589965,0.3059272039578875,T2_SPANNER
1254,ST033__ST055,33,ST033,타원산업단지,55,ST055,해양생태과학관,6669.0,6.669,2.6513319891233778,0.0,0.0,0.0,0.0,PRELIMINARY_POINT_BUFFER_PROXY,1.019873464,PRELIMINARY_90M,0.5421582981655327,0.5149115692983981,0.0,0.13241626574204388,0.31260015807892266,T2_SPANNER
1143,ST029__ST038,29,ST029,관곡공원,38,ST038,능곡도서관,4223.0,4.223,2.511994530716733,0.118739746,0.102463148,0.021842811,0.0,PRELIMINARY_POINT_BUFFER_PROXY,2.578907523,PRELIMINARY_90M,0.33149599517698736,0.5558427627117288,0.118739746,0.39108373967517096,0.31553964830556697,T2_SPANNER
75,ST002__ST023,2,ST002,월곶포구,23,ST023,오이도역,4306.0,4.306,3.2745199097294737,0.435659498,0.435659498,0.0,0.0,PRELIMINARY_POINT_BUFFER_PROXY,1.096657756,PRELIMINARY_90M,0.338644388941521,0.33184647249767263,0.435659498,0.14515594819780964,0.3155830973587383,T2_SPANNER
1322,ST037__ST045,37,ST037,군자동행정복지센터,45,ST045,시흥중앙도서관,5556.0,5.556,3.4490973986733664,0.318446298,0.318446298,0.0,0.0,PRELIMINARY_POINT_BUFFER_PROXY,1.229092844,PRELIMINARY_90M,0.446300921539919,0.28056331398962786,0.318446298,0.16712894453827729,0.3169989015176388,T2_SPANNER
1414,ST043__ST050,43,ST043,시흥종합버스터미널,50,ST050,시흥한라3차아파트,3480.0,3.48,3.582820694081797,0.668947502,0.668947502,0.0,0.0,PRELIMINARY_POINT_BUFFER_PROXY,0.615837167,PRELIMINARY_90M,0.2675049522004995,0.24128131379513162,0.668947502,0.06538049592100452,0.3189269459173518,T2_SPANNER
1236,ST033__ST037,33,ST033,타원산업단지,37,ST037,군자동행정복지센터,6377.0,6.377,2.6778195613261624,0.052201447,0.052201447,0.0,0.0,PRELIMINARY_POINT_BUFFER_PROXY,1.167165179,PRELIMINARY_90M,0.5170097321505469,0.5071306900339172,0.052201447,0.15685420257247207,0.3189580363953457,T2_SPANNER
49,ST001__ST050,1,ST001,월곶역,50,ST050,시흥한라3차아파트,6292.0,6.292,3.4684809422228047,0.250376476,0.250376476,0.0,0.0,PRELIMINARY_POINT_BUFFER_PROXY,1.158846195,PRELIMINARY_90M,0.5096890879338558,0.27486928469463145,0.250376476,0.1554739565383666,0.3192802501965308,T2_SPANNER
832,ST019__ST032,19,ST019,시화병원,32,ST032,희망공원,3411.0,3.411,2.341371222142413,0.388053631,0.388053631,0.0,0.0,PRELIMINARY_POINT_BUFFER_PROXY,0.618345546,PRELIMINARY_90M,0.26156231160106796,0.6059643576075981,0.388053631,0.0657966741666633,0.3196225894568929,T2_SPANNER
636,ST014__ST026,14,ST014,시흥대야역,26,ST026,은계파크자이,2742.0,2.742,2.689120979304191,0.480816193,0.434350308,0.046465885,0.0,PRELIMINARY_POINT_BUFFER_PROXY,1.352474425,PRELIMINARY_90M,0.2039445353544053,0.5038108323991268,0.480816193,0.1875998263018331,0.32048677604914216,T2_SPANNER
454,ST010__ST014,10,ST010,은계호수공원,14,ST014,시흥대야역,1525.0,1.525,2.792670740390496,0.667821134,0.57752438,0.090296754,0.0,PRELIMINARY_POINT_BUFFER_PROXY,1.2539899,PRELIMINARY_90M,0.09913013521660495,0.47339248440143145,0.667821134,0.1712597449827669,0.322018289453513,T2_SPANNER
1475,ST050__ST055,50,ST050,시흥한라3차아파트,55,ST055,해양생태과학관,6177.0,6.177,3.092450020662885,0.125600025,0.125600025,0.0,0.0,PRELIMINARY_POINT_BUFFER_PROXY,1.783196728,PRELIMINARY_90M,0.4997846869348032,0.3853305673659684,0.125600025,0.2590632105944972,0.32225024173954936,T2_SPANNER
1144,ST029__ST039,29,ST029,관곡공원,39,ST039,능곡힐스테이트,4321.0,4.321,2.5005444574442675,0.134141311,0.069883904,0.064257407,0.0,PRELIMINARY_POINT_BUFFER_PROXY,2.555414981,PRELIMINARY_90M,0.33993626733270177,0.5592062887087678,0.134141311,0.3871859694755221,0.3224321744795275,T2_SPANNER
216,ST005__ST011,5,ST005,배곧중·고등학교,11,ST011,배곧생명공원,1035.0,1.035,2.302250274330589,0.657889333,0.657889333,0.0,0.0,PRELIMINARY_POINT_BUFFER_PROXY,0.815151569,PRELIMINARY_90M,0.0569287744380329,0.6174563648518054,0.657889333,0.09844978814474278,0.3226561454953841,T2_SPANNER
468,ST010__ST028,10,ST010,은계호수공원,28,ST028,매화산업단지,3734.0,3.734,2.2597817465071626,0.156648005,0.156648005,0.0,0.0,PRELIMINARY_POINT_BUFFER_PROXY,2.499811713,PRELIMINARY_90M,0.289380759624494,0.6299317433049347,0.156648005,0.3779605412092454,0.3231256969609467,T2_SPANNER
385,ST008__ST036,8,ST008,시흥능곡역,36,ST036,시흥시립군자도서관,4468.0,4.468,3.322939983305055,0.221339234,0.221339234,0.0,0.0,PRELIMINARY_POINT_BUFFER_PROXY,3.518784026,PRELIMINARY_90M,0.3525966755662734,0.3176227926683346,0.221339234,0.5470235534570783,0.3243217365004244,T2_SPANNER
452,ST010__ST012,10,ST010,은계호수공원,12,ST012,신천역,2361.0,2.361,2.79221465563128,0.473443851,0.473443851,0.0,0.0,PRELIMINARY_POINT_BUFFER_PROXY,2.295026039,PRELIMINARY_90M,0.17113082421841358,0.4735264619671615,0.473443851,0.34398348170533055,0.3245595658756767,T2_SPANNER
595,ST013__ST026,13,ST013,삼미시장,26,ST026,은계파크자이,1938.0,1.938,2.6326125397405407,0.511569918,0.511569918,0.0,0.0,PRELIMINARY_POINT_BUFFER_PROXY,2.070334106,PRELIMINARY_90M,0.13469985358711567,0.5204105170475657,0.511569918,0.3067036709232997,0.3251250823034985,T2_SPANNER
1439,ST045__ST054,45,ST045,시흥중앙도서관,54,ST054,시흥 프리미엄 아울렛,6917.0,6.917,4.195062440228731,0.369304599,0.369304599,0.0,0.0,PRELIMINARY_POINT_BUFFER_PROXY,1.195975935,PRELIMINARY_90M,0.5635173542330548,0.06143171976765516,0.369304599,0.1616343454010411,0.3260887194952564,T2_SPANNER
714,ST016__ST025,16,ST016,물왕호수,25,ST025,목감동행정복지센터,3005.0,3.005,2.1381214943015445,0.193383798,0.119943446,0.161932073,0.0,PRELIMINARY_POINT_BUFFER_PROXY,2.924827881,PRELIMINARY_90M,0.22659546981310827,0.6656701539999965,0.193383798,0.4484771908761643,0.32805997336601184,T2_SPANNER
1252,ST033__ST053,33,ST033,타원산업단지,53,ST053,오이도 빨강등대,6235.0,6.235,2.681993902930899,0.077964192,0.000893161,0.07707103,0.0,PRELIMINARY_POINT_BUFFER_PROXY,1.51111674,PRELIMINARY_90M,0.5047799500473689,0.5059044527711551,0.077964192,0.21392100039233028,0.32943307112965964,T2_SPANNER
596,ST013__ST027,13,ST013,삼미시장,27,ST027,은행동행정복지센터,1561.0,1.561,2.6154869323133116,0.514819805,0.514819805,0.0,0.0,PRELIMINARY_POINT_BUFFER_PROXY,2.62974837,PRELIMINARY_90M,0.10223064335543881,0.525441264399645,0.514819805,0.3995190098286312,0.3295017807786273,T2_SPANNER
248,ST005__ST043,5,ST005,배곧중·고등학교,43,ST043,시흥종합버스터미널,5498.0,5.498,3.837015357175228,0.516546058,0.516546058,0.0,0.0,PRELIMINARY_POINT_BUFFER_PROXY,0.754435463,PRELIMINARY_90M,0.44130565842735336,0.16661014468747493,0.516546058,0.0883760622531162,0.33017193322503613,T2_SPANNER
950,ST022__ST048,22,ST022,오이도박물관,48,ST048,정왕평생학습관 사거리,6448.0,6.448,3.430556160293327,0.267540036,0.267540036,0.0,0.0,PRELIMINARY_POINT_BUFFER_PROXY,1.248461824,PRELIMINARY_90M,0.5231246232021359,0.28600991121433983,0.267540036,0.17034255305461393,0.3327319923218076,T2_SPANNER
779,ST017__ST052,17,ST017,장곡동,52,ST052,가온그린공원,639.0,0.639,1.9871511618456574,0.588670368,0.588670368,0.0,0.0,PRELIMINARY_POINT_BUFFER_PROXY,1.720740011,PRELIMINARY_90M,0.02282318491086039,0.7100185722077744,0.588670368,0.24870069085140145,0.33446452478806626,T2_SPANNER
387,ST008__ST038,8,ST008,시흥능곡역,38,ST038,능곡도서관,1312.0,1.312,1.7792547011816842,0.151985076,0.099637532,0.070249169,0.0,PRELIMINARY_POINT_BUFFER_PROXY,4.827909169,PRELIMINARY_90M,0.08078546206183791,0.7710893735464199,0.151985076,0.7642273354061125,0.33512315574184415,T2_SPANNER
1157,ST029__ST052,29,ST029,관곡공원,52,ST052,가온그린공원,4265.0,4.265,2.386392012061943,0.201240875,0.201240875,0.0,0.0,PRELIMINARY_POINT_BUFFER_PROXY,2.198243349,PRELIMINARY_90M,0.3351132546722935,0.5927392372351619,0.201240875,0.327925760709286,0.335336569438728,T2_SPANNER
914,ST021__ST045,21,ST021,오이도 포구 해양관광 단지,45,ST045,시흥중앙도서관,5683.0,5.683,3.1106854785594846,0.354343024,0.342731054,0.047502923,0.0,PRELIMINARY_POINT_BUFFER_PROXY,0.685024673,PRELIMINARY_90M,0.4572388252519163,0.37997379494682426,0.354343024,0.07685975598042384,0.3361430672245991,T2_SPANNER
769,ST017__ST042,17,ST017,장곡동,42,ST042,시흥시청역,2716.0,2.716,1.8434790923881643,0.330839246,0.330839246,0.0,0.0,PRELIMINARY_POINT_BUFFER_PROXY,1.590121124,PRELIMINARY_90M,0.20170527947635863,0.7522230829711033,0.330839246,0.22702902989364263,0.33780563039499256,T2_SPANNER
1468,ST049__ST053,49,ST049,거북섬 웨이브파크 정문,53,ST053,오이도 빨강등대,3795.0,3.795,1.9574790573544323,0.127972736,0.001466061,0.126506675,0.0,PRELIMINARY_POINT_BUFFER_PROXY,2.594915167,PRELIMINARY_90M,0.2946343984152958,0.7187349264588074,0.127972736,0.39373965140025324,0.33792315644715304,T2_SPANNER
1285,ST035__ST045,35,ST035,산들공원,45,ST045,시흥중앙도서관,6104.0,6.104,3.104005896090232,0.305870296,0.305870296,0.0,0.0,PRELIMINARY_POINT_BUFFER_PROXY,0.734142852,PRELIMINARY_90M,0.4934975454310568,0.38193596136707975,0.305870296,0.0850092092991503,0.33833028856915837,T2_SPANNER
713,ST016__ST024,16,ST016,물왕호수,24,ST024,목감고등학교,3229.0,3.229,2.105914035609522,0.176923572,0.176923572,0.0,0.0,PRELIMINARY_POINT_BUFFER_PROXY,3.167384816,PRELIMINARY_90M,0.2458875204547412,0.6751312833771932,0.176923572,0.48872107733856496,0.33862594343538277,T2_SPANNER
553,ST012__ST026,12,ST012,신천역,26,ST026,은계파크자이,1797.0,1.797,2.4281601537334185,0.516501543,0.516501543,0.0,0.0,PRELIMINARY_POINT_BUFFER_PROXY,2.25962769,PRELIMINARY_90M,0.12255619671001636,0.580469601310835,0.516501543,0.3381103569558261,0.3388305284040466,T2_SPANNER
885,ST020__ST050,20,ST020,시화공업단지[왼쪽부근],50,ST050,시흥한라3차아파트,4182.0,4.182,3.439864281573088,0.633674854,0.633674854,0.0,0.0,PRELIMINARY_POINT_BUFFER_PROXY,0.625603106,PRELIMINARY_90M,0.3279648609077599,0.28327559614376685,0.633674854,0.06700081380766783,0.33991165611761953,T2_SPANNER
918,ST021__ST049,21,ST021,오이도 포구 해양관광 단지,49,ST049,거북섬 웨이브파크 정문,3415.0,3.415,2.0479519266585933,0.213066607,0.05611095,0.156955657,0.0,PRELIMINARY_POINT_BUFFER_PROXY,2.524721128,PRELIMINARY_90M,0.26190681250538284,0.6921579919108826,0.213066607,0.38209339219989963,0.34067964333904543,T2_SPANNER
955,ST022__ST053,22,ST022,오이도박물관,53,ST053,오이도 빨강등대,3692.0,3.692,2.684063160562845,0.131624432,0.001507895,0.130116537,0.0,PRELIMINARY_POINT_BUFFER_PROXY,4.523552075,PRELIMINARY_90M,0.28576350012918783,0.5052965962383625,0.131624432,0.7137298621635428,0.34104213161741964,T2_SPANNER
388,ST008__ST039,8,ST008,시흥능곡역,39,ST039,능곡힐스테이트,1410.0,1.41,1.7943819357778974,0.196901186,0.0,0.196901186,0.0,PRELIMINARY_POINT_BUFFER_PROXY,4.602752376,PRELIMINARY_90M,0.08922573421755232,0.7666456599022438,0.196901186,0.7268703972763896,0.34281399504805055,T2_SPANNER
431,ST009__ST036,9,ST009,능곡중앙공원,36,ST036,시흥시립군자도서관,4477.0,4.477,3.3255331202319405,0.336615531,0.336615531,0.073519269,0.0,PRELIMINARY_POINT_BUFFER_PROXY,3.161998942,PRELIMINARY_90M,0.35337180260098183,0.3168610435284025,0.336615531,0.4878274788860746,0.3443803441989353,T2_SPANNER
846,ST019__ST046,19,ST019,시화병원,46,ST046,배곧1동행정복지센터,4055.0,4.055,3.251371511972627,0.614053069,0.614053069,0.0,0.0,PRELIMINARY_POINT_BUFFER_PROXY,0.784060813,PRELIMINARY_90M,0.3170269571957626,0.33864644973731073,0.614053069,0.09329135862181777,0.34619569600925165,T2_SPANNER
225,ST005__ST020,5,ST005,배곧중·고등학교,20,ST020,시화공업단지[왼쪽부근],6046.0,6.046,3.920032934906872,0.543310878,0.543310878,0.0,0.0,PRELIMINARY_POINT_BUFFER_PROXY,0.728433864,PRELIMINARY_90M,0.4885022823184911,0.1422232456461322,0.543310878,0.08406200131729151,0.347857467638292,T2_SPANNER
984,ST023__ST050,23,ST023,오이도역,50,ST050,시흥한라3차아파트,2437.0,2.437,2.465689120443457,0.635532393,0.635532393,0.0,0.0,PRELIMINARY_POINT_BUFFER_PROXY,0.755387488,PRELIMINARY_90M,0.17767634140039618,0.5694452478270214,0.635532393,0.08853401768741194,0.3482389699586547,T2_SPANNER
503,ST011__ST019,11,ST011,배곧생명공원,19,ST019,시화병원,3341.0,3.341,2.884602014738478,0.626739114,0.626739114,0.0,0.0,PRELIMINARY_POINT_BUFFER_PROXY,0.783434433,PRELIMINARY_90M,0.25553354577555765,0.446387134841447,0.626739114,0.09318743264830431,0.3493770613869802,T2_SPANNER
554,ST012__ST027,12,ST012,신천역,27,ST027,은행동행정복지센터,1420.0,1.42,2.35513154122392,0.521377701,0.521377701,0.0,0.0,PRELIMINARY_POINT_BUFFER_PROXY,2.923916061,PRELIMINARY_90M,0.0900869864783395,0.6019221833911675,0.521377701,0.44832590606316086,0.3495081931051265,T2_SPANNER
1473,ST050__ST053,50,ST050,시흥한라3차아파트,53,ST053,오이도 빨강등대,5727.0,5.727,3.0902887703235526,0.220321594,0.136464907,0.083856687,0.0,PRELIMINARY_POINT_BUFFER_PROXY,2.477162819,PRELIMINARY_90M,0.4610283351993799,0.38596544729463533,0.220321594,0.3742027450504386,0.34976381703627585,T2_SPANNER
795,ST018__ST031,18,ST018,정왕역,31,ST031,마전저수지,3945.0,3.945,2.958212084314256,0.124882541,0.124882541,0.0,0.0,PRELIMINARY_POINT_BUFFER_PROXY,5.337782322,PRELIMINARY_90M,0.3075531823271036,0.4247637463468624,0.124882541,0.8488230501382361,0.35114045585459414,T2_SPANNER
1052,ST026__ST028,26,ST026,은계파크자이,28,ST028,매화산업단지,3710.0,3.71,2.0137289994067236,0.230217732,0.230217732,0.0,0.0,PRELIMINARY_POINT_BUFFER_PROXY,2.364000529,PRELIMINARY_90M,0.2873137541986048,0.7022111769663222,0.230217732,0.35542739916892313,0.35187059223811457,T2_SPANNER
263,ST006__ST009,6,ST006,시흥시청 본청,9,ST009,능곡중앙공원,2599.0,2.599,2.0712474576884348,0.334828877,0.2890141,0.229887243,0.0,PRELIMINARY_POINT_BUFFER_PROXY,2.885576321,PRELIMINARY_90M,0.19162862802514857,0.685314793411697,0.334828877,0.44196475978813077,0.354134911709361,T2_SPANNER
92,ST002__ST040,2,ST002,월곶포구,40,ST040,갯골생태공원,5178.0,5.178,2.1502804312043358,0.182738865,0.182738865,0.0,0.0,PRELIMINARY_POINT_BUFFER_PROXY,1.514434926,PRELIMINARY_90M,0.41374558608216344,0.6620983951652961,0.182738865,0.2144715379419787,0.35508608110311324,T2_SPANNER
1284,ST035__ST044,35,ST035,산들공원,44,ST044,경기과학기술대학교,6030.0,6.03,2.956928367155461,0.339457259,0.339457259,0.0,0.0,PRELIMINARY_POINT_BUFFER_PROXY,0.834605206,PRELIMINARY_90M,0.4871242787012316,0.42514084577091904,0.339457259,0.10167744254558998,0.3556375978314533,T2_SPANNER
666,ST015__ST016,15,ST015,목감택지개발예정지구,16,ST016,물왕호수,3107.0,3.107,2.1181705540136373,0.281664379,0.281664379,0.0,0.0,PRELIMINARY_POINT_BUFFER_PROXY,3.053159992,PRELIMINARY_90M,0.23538024287313755,0.6715308594057094,0.281664379,0.4697694408980579,0.3575707677714487,T2_SPANNER
1080,ST027__ST028,27,ST027,은행동행정복지센터,28,ST028,매화산업단지,4046.0,4.046,2.177258890186534,0.235801443,0.235801443,0.0,0.0,PRELIMINARY_POINT_BUFFER_PROXY,2.540050863,PRELIMINARY_90M,0.3162518301610542,0.6541733150380895,0.235801443,0.3846368285062608,0.35816868858992595,T2_SPANNER
1403,ST042__ST051,42,ST042,시흥시청역,51,ST051,연성중학교,2072.0,2.072,2.5274345688921906,0.351208623,0.308075573,0.083245449,0.0,PRELIMINARY_POINT_BUFFER_PROXY,4.64619177,PRELIMINARY_90M,0.14624063388166395,0.551307161186513,0.351208623,0.7340776537505509,0.3593594579084676,T2_SPANNER
837,ST019__ST037,19,ST019,시화병원,37,ST037,군자동행정복지센터,6481.0,6.481,3.3637250258662945,0.35991361,0.35991361,0.0,0.0,PRELIMINARY_POINT_BUFFER_PROXY,1.238705103,PRELIMINARY_90M,0.5259667556627337,0.30564194785793863,0.35991361,0.1687237645744193,0.36050372123970736,T2_SPANNER
1135,ST029__ST030,29,ST029,관곡공원,30,ST030,장곡도서관,4785.0,4.785,2.344415023463761,0.235519282,0.235519282,0.0,0.0,PRELIMINARY_POINT_BUFFER_PROXY,2.140637973,PRELIMINARY_90M,0.3798983722332271,0.6050702231657867,0.235519282,0.3183681522600866,0.36061351825379984,T2_SPANNER
787,ST018__ST023,18,ST018,정왕역,23,ST023,오이도역,1655.0,1.655,2.5246466062280373,0.845619078,0.845619078,0.0,0.0,PRELIMINARY_POINT_BUFFER_PROXY,0.311055548,PRELIMINARY_90M,0.11032641460683834,0.5521261415263335,0.845619078,0.014812587521013129,0.36266613104581213,T2_SPANNER
919,ST021__ST050,21,ST021,오이도 포구 해양관광 단지,50,ST050,시흥한라3차아파트,3800.0,3.8,2.1207887428081897,0.447508062,0.430147843,0.071018199,0.0,PRELIMINARY_POINT_BUFFER_PROXY,0.772975688,PRELIMINARY_90M,0.29506502454568945,0.6707617511331179,0.447508062,0.09145216770393486,0.3630199494732051,T2_SPANNER
16,ST001__ST017,1,ST001,월곶역,17,ST017,장곡동,5471.0,5.471,2.2032904503529056,0.141154833,0.141154833,0.0,0.0,PRELIMINARY_POINT_BUFFER_PROXY,2.041065843,PRELIMINARY_90M,0.438980277323228,0.64652639197659,0.141154833,0.3018476207216278,0.36351422681669193,T2_SPANNER
532,ST011__ST048,11,ST011,배곧생명공원,48,ST048,정왕평생학습관 사거리,3624.0,3.624,2.8984721926557486,0.655786705,0.655786705,0.0,0.0,PRELIMINARY_POINT_BUFFER_PROXY,0.754855634,PRELIMINARY_90M,0.279906984755835,0.44231268894942954,0.655786705,0.08844577501568386,0.3636435249567807,T2_SPANNER
391,ST008__ST042,8,ST008,시흥능곡역,42,ST042,시흥시청역,2105.0,2.105,1.4865056605326343,0.125084013,0.125084013,0.0,0.0,PRELIMINARY_POINT_BUFFER_PROXY,4.593123333,PRELIMINARY_90M,0.14908276634226164,0.8570861165715664,0.125084013,0.7252727925192484,0.3636581136619921,T2_SPANNER
1421,ST044__ST046,44,ST044,경기과학기술대학교,46,ST046,배곧1동행정복지센터,6072.0,6.072,3.6617220145761413,0.526775367,0.526775367,0.0,0.0,PRELIMINARY_POINT_BUFFER_PROXY,0.891299477,PRELIMINARY_90M,0.49074153819653776,0.21810358939387187,0.526775367,0.111083884811166,0.36373668071923754,T2_SPANNER
386,ST008__ST037,8,ST008,시흥능곡역,37,ST037,군자동행정복지센터,4944.0,4.944,3.099278481155629,0.296311656,0.296311656,0.0,0.0,PRELIMINARY_POINT_BUFFER_PROXY,3.296729813,PRELIMINARY_90M,0.3935922831797434,0.3833246671555016,0.296311656,0.5101813805607653,0.3650273536281253,T2_SPANNER
1376,ST040__ST051,40,ST040,갯골생태공원,51,ST051,연성중학교,5417.0,5.417,2.495832602905231,0.192518156,0.176017861,0.031845057,0.0,PRELIMINARY_POINT_BUFFER_PROXY,2.410565802,PRELIMINARY_90M,0.4343295151149772,0.5605904235399768,0.192518156,0.36315328653513135,0.3667359469785071,T2_SPANNER
1196,ST031__ST042,31,ST031,마전저수지,42,ST042,시흥시청역,4275.0,4.275,2.1436264167673507,0.207291629,0.207291629,0.0,0.0,PRELIMINARY_POINT_BUFFER_PROXY,2.824591732,PRELIMINARY_90M,0.3359745069330807,0.6640530508265217,0.207291629,0.431846488481346,0.36700156811408446,T2_SPANNER
203,ST004__ST048,4,ST004,배곧중심상가,48,ST048,정왕평생학습관 사거리,3286.0,3.286,2.85126560046434,0.722314679,0.722314679,0.0,0.0,PRELIMINARY_POINT_BUFFER_PROXY,0.581559349,PRELIMINARY_90M,0.25079665834122816,0.4561799015243262,0.722314679,0.05969328431532176,0.3685474731215933,T2_SPANNER
95,ST002__ST043,2,ST002,월곶포구,43,ST043,시흥종합버스터미널,7296.0,7.296,3.895549908774106,0.451755892,0.451755892,0.0,0.0,PRELIMINARY_POINT_BUFFER_PROXY,0.940832226,PRELIMINARY_90M,0.5961588149168892,0.14941527777764463,0.451755892,0.11930212160133073,0.36937293201663973,T2_SPANNER
528,ST011__ST044,11,ST011,배곧생명공원,44,ST044,경기과학기술대학교,5146.0,5.146,3.3457596833523393,0.601030682,0.601030682,0.0,0.0,PRELIMINARY_POINT_BUFFER_PROXY,0.799644313,PRELIMINARY_90M,0.4109895788476445,0.3109193723034843,0.601030682,0.09587689840317601,0.3706694323178488,T2_SPANNER
453,ST010__ST013,10,ST010,은계호수공원,13,ST013,삼미시장,2822.0,2.822,2.499145512681044,0.559085533,0.559085533,0.0,0.0,PRELIMINARY_POINT_BUFFER_PROXY,2.040771125,PRELIMINARY_90M,0.2108345534407028,0.5596172369156094,0.559085533,0.3017987225207562,0.37075673271548126,T2_SPANNER
1265,ST034__ST045,34,ST034,군자디지털과학고등학교,45,ST045,시흥중앙도서관,6540.0,6.54,2.9933398472819306,0.352023517,0.352023517,0.0,0.0,PRELIMINARY_POINT_BUFFER_PROXY,0.836864495,PRELIMINARY_90M,0.531048144001378,0.4144447605073809,0.352023517,0.10205229296989038,0.372069525697442,T2_SPANNER
172,ST004__ST017,4,ST004,배곧중심상가,17,ST017,장곡동,6764.0,6.764,2.942360541443412,0.206546328,0.206546328,0.0,0.0,PRELIMINARY_POINT_BUFFER_PROXY,1.909089561,PRELIMINARY_90M,0.550340194643011,0.42942022978330263,0.206546328,0.27995074727812974,0.3721323081734338,T2_SPANNER
437,ST009__ST042,9,ST009,능곡중앙공원,42,ST042,시흥시청역,2781.0,2.781,2.0552547795934166,0.436775112,0.393968211,0.210534951,0.0,PRELIMINARY_POINT_BUFFER_PROXY,2.330781896,PRELIMINARY_90M,0.20730341917147532,0.6900127361457601,0.436775112,0.34991592247217085,0.37223991030999404,T2_SPANNER
28,ST001__ST029,1,ST001,월곶역,29,ST029,관곡공원,8007.0,8.007,2.4957917874297677,0.0,0.0,0.0,0.0,PRELIMINARY_POINT_BUFFER_PROXY,1.474024387,PRELIMINARY_90M,0.657393850658858,0.5606024133246302,0.0,0.20776681460186716,0.3733733525858064,T2_SPANNER
1288,ST035__ST048,35,ST035,산들공원,48,ST048,정왕평생학습관 사거리,6740.0,6.74,3.084409976243774,0.362180104,0.362180104,0.0,0.0,PRELIMINARY_POINT_BUFFER_PROXY,0.763853952,PRELIMINARY_90M,0.5482731892171216,0.3876923774415475,0.362180104,0.08993873289769443,0.3734699276489563,T2_SPANNER
583,ST013__ST014,13,ST013,삼미시장,14,ST014,시흥대야역,1514.0,1.514,2.268613825900731,0.811440142,0.741965677,0.311431231,0.0,PRELIMINARY_POINT_BUFFER_PROXY,0.67519953,PRELIMINARY_90M,0.09818275772973904,0.6273372683228735,0.811440142,0.07522961524926373,0.37397589665737296,T2_SPANNER
258,ST005__ST053,5,ST005,배곧중·고등학교,53,ST053,오이도 빨강등대,6642.0,6.642,2.494332228519753,0.202414333,0.1928514,0.042185248,0.0,PRELIMINARY_POINT_BUFFER_PROXY,1.120074325,PRELIMINARY_90M,0.5398329170614072,0.5610311672916333,0.202414333,0.1490411133206909,0.37410750467792275,T2_SPANNER
331,ST007__ST029,7,ST007,장현지구,29,ST029,관곡공원,4165.0,4.165,2.078936189138624,0.271907933,0.271907933,0.0,0.0,PRELIMINARY_POINT_BUFFER_PROXY,2.51365291,PRELIMINARY_90M,0.32650073206442165,0.6830561835756226,0.271907933,0.3802570064105875,0.3759020271492602,T2_SPANNER
1442,ST046__ST048,46,ST046,배곧1동행정복지센터,48,ST048,정왕평생학습관 사거리,3667.0,3.667,2.9785864404707585,0.734916295,0.734916295,0.0,0.0,PRELIMINARY_POINT_BUFFER_PROXY,0.667618415,PRELIMINARY_90M,0.2836103694772199,0.4187786600531246,0.734916295,0.0739717929102801,0.3778442040141939,T2_SPANNER
765,ST017__ST038,17,ST017,장곡동,38,ST038,능곡도서관,4285.0,4.285,1.9821410620641189,0.326481556,0.310449796,0.021514244,0.0,PRELIMINARY_POINT_BUFFER_PROXY,1.72813283,PRELIMINARY_90M,0.3368357591938679,0.7114903183234511,0.326481556,0.24992727201871826,0.3793000591853517,T2_SPANNER
810,ST018__ST046,18,ST018,정왕역,46,ST046,배곧1동행정복지센터,3836.0,3.836,3.060991160557495,0.739993526,0.739993526,0.0,0.0,PRELIMINARY_POINT_BUFFER_PROXY,0.664957987,PRELIMINARY_90M,0.2981655326845233,0.3945717915296728,0.739993526,0.07353038742181862,0.37930023435879046,T2_SPANNER
1292,ST035__ST052,35,ST035,산들공원,52,ST052,가온그린공원,3835.0,3.835,1.9561805087839683,0.129647388,0.129647388,0.0,0.0,PRELIMINARY_POINT_BUFFER_PROXY,4.205215096,PRELIMINARY_90M,0.2980794074584446,0.719116382696793,0.129647388,0.6609129132700402,0.37969985314032023,T2_SPANNER
831,ST019__ST031,19,ST019,시화병원,31,ST031,마전저수지,4577.0,4.577,3.0,0.245904155,0.245904155,0.0,0.0,PRELIMINARY_POINT_BUFFER_PROXY,4.635043529,PRELIMINARY_90M,0.36198432520885365,0.412488301690183,0.245904155,0.7322279909278429,0.38050241155031184,T2_SPANNER
597,ST013__ST028,13,ST013,삼미시장,28,ST028,매화산업단지,5031.0,5.031,2.447712054812518,0.276802217,0.276802217,0.0,0.0,PRELIMINARY_POINT_BUFFER_PROXY,2.504274006,PRELIMINARY_90M,0.4010851778485919,0.5747261160067514,0.276802217,0.3787009035198673,0.38133072522633754,T2_SPANNER
555,ST012__ST028,12,ST012,신천역,28,ST028,매화산업단지,4890.0,4.89,2.367307062591222,0.271935607,0.271935607,0.0,0.0,PRELIMINARY_POINT_BUFFER_PROXY,2.585385906,PRELIMINARY_90M,0.38894152097149254,0.598345552773012,0.271935607,0.39215860199527713,0.3826063349439164,T2_SPANNER
432,ST009__ST037,9,ST009,능곡중앙공원,37,ST037,군자동행정복지센터,4953.0,4.953,3.102056456122923,0.400364762,0.400364762,0.066454291,0.0,PRELIMINARY_POINT_BUFFER_PROXY,2.974338855,PRELIMINARY_90M,0.3943674102144518,0.3825086207600531,0.400364762,0.45669181486248267,0.3831252804564411,T2_SPANNER
730,ST016__ST041,16,ST016,물왕호수,41,ST041,연꽃테마파크,3935.0,3.935,2.0,0.29027288,0.250287871,0.138484824,0.0,PRELIMINARY_POINT_BUFFER_PROXY,2.713464194,PRELIMINARY_90M,0.3066919300663164,0.7062441508450915,0.29027288,0.4134087389190912,0.3831705365300927,T2_SPANNER
766,ST017__ST039,17,ST017,장곡동,39,ST039,능곡힐스테이트,4383.0,4.383,1.9825345779479786,0.337079027,0.273766902,0.063312125,0.0,PRELIMINARY_POINT_BUFFER_PROXY,1.722839209,PRELIMINARY_90M,0.3452760313495823,0.7113747207308319,0.337079027,0.24904897974272547,0.3847486588299289,T2_SPANNER
727,ST016__ST038,16,ST016,물왕호수,38,ST038,능곡도서관,4155.0,4.155,2.1086022039793035,0.113688603,0.097131004,0.022219908,0.0,PRELIMINARY_POINT_BUFFER_PROXY,4.589248558,PRELIMINARY_90M,0.3256394798036345,0.6743416181950566,0.113688603,0.7246299083849838,0.38595877857803096,T2_SPANNER
305,ST006__ST051,6,ST006,시흥시청 본청,51,ST051,연성중학교,2665.0,2.665,2.405708703853897,0.37184665,0.338316086,0.064712949,0.0,PRELIMINARY_POINT_BUFFER_PROXY,4.504771469,PRELIMINARY_90M,0.197312892946344,0.5870648460349527,0.37184665,0.7106138738469892,0.3860262253152593,T2_SPANNER
740,ST016__ST051,16,ST016,물왕호수,51,ST051,연성중학교,2736.0,2.736,1.9961566566608884,0.363459039,0.363459039,0.145100799,0.0,PRELIMINARY_POINT_BUFFER_PROXY,3.605438126,PRELIMINARY_90M,0.203427783997933,0.7073731554312661,0.363459039,0.5614007872471636,0.3877492333226043,T2_SPANNER
1184,ST030__ST054,30,ST030,장곡도서관,54,ST054,시흥 프리미엄 아울렛,5439.0,5.439,2.3816098548711766,0.247921112,0.247921112,0.0,0.0,PRELIMINARY_POINT_BUFFER_PROXY,2.422505924,PRELIMINARY_90M,0.436224270088709,0.5941440238815276,0.247921112,0.3651343344656522,0.3882577274772015,T2_SPANNER
1264,ST034__ST044,34,ST034,군자디지털과학고등학교,44,ST044,경기과학기술대학교,6466.0,6.466,2.854871731872146,0.383886554,0.383886554,0.0,0.0,PRELIMINARY_POINT_BUFFER_PROXY,0.931735075,PRELIMINARY_90M,0.5246748772715528,0.455120579330462,0.383886554,0.1177927658206959,0.38830087628424026,T2_SPANNER
1304,ST036__ST045,36,ST036,시흥시립군자도서관,45,ST045,시흥중앙도서관,6722.0,6.722,3.000023280953298,0.369603936,0.369603936,0.0,0.0,PRELIMINARY_POINT_BUFFER_PROXY,1.146482613,PRELIMINARY_90M,0.5467229351477048,0.4124814627739778,0.369603936,0.15342265015013007,0.38926370137901173,T2_SPANNER
978,ST023__ST044,23,ST023,오이도역,44,ST044,경기과학기술대학교,4049.0,4.049,2.797259496141456,0.688072873,0.688072873,0.0,0.0,PRELIMINARY_POINT_BUFFER_PROXY,0.724665426,PRELIMINARY_90M,0.31651020583929035,0.4720445105592437,0.688072873,0.0834367601094382,0.389721206422016,T2_SPANNER
430,ST009__ST035,9,ST009,능곡중앙공원,35,ST035,산들공원,5085.0,5.085,3.1705169235060016,0.415926001,0.415926001,0.064729724,0.0,PRELIMINARY_POINT_BUFFER_PROXY,3.401700163,PRELIMINARY_90M,0.40573594005684266,0.362397958030395,0.415926001,0.5275975589409814,0.3976083047171211,T2_SPANNER
917,ST021__ST048,21,ST021,오이도 포구 해양관광 단지,48,ST048,정왕평생학습관 사거리,6488.0,6.488,2.9194215933920336,0.468500047,0.458328592,0.041609985,0.0,PRELIMINARY_POINT_BUFFER_PROXY,0.649691948,PRELIMINARY_90M,0.5265696322452846,0.43615867994685575,0.468500047,0.07099751925110818,0.399305746912887,T2_SPANNER
480,ST010__ST040,10,ST010,은계호수공원,40,ST040,갯골생태공원,7454.0,7.454,2.3810988212602635,0.143643119,0.143643119,0.0,0.0,PRELIMINARY_POINT_BUFFER_PROXY,1.480173201,PRELIMINARY_90M,0.6097666006373267,0.5942941429938482,0.143643119,0.20878699640988027,0.399505968033316,T2_SPANNER
162,ST004__ST007,4,ST004,배곧중심상가,7,ST007,장현지구,7899.0,7.899,2.8650445619521356,0.183317918,0.183317918,0.0,0.0,PRELIMINARY_POINT_BUFFER_PROXY,1.69100406,PRELIMINARY_90M,0.6480923262423564,0.45213225099200605,0.183317918,0.2437670440938041,0.3996533004972965,T2_SPANNER
401,ST008__ST052,8,ST008,시흥능곡역,52,ST052,가온그린공원,2055.0,2.055,2.0,0.328329708,0.328329708,0.0,0.0,PRELIMINARY_POINT_BUFFER_PROXY,5.381209551,PRELIMINARY_90M,0.14477650503832573,0.7062441508450915,0.328329708,0.856028288253785,0.40240727717050007,T2_SPANNER
1268,ST034__ST048,34,ST034,군자디지털과학고등학교,48,ST048,정왕평생학습관 사거리,7176.0,7.176,2.984758946773873,0.400823068,0.400823068,0.0,0.0,PRELIMINARY_POINT_BUFFER_PROXY,0.853683595,PRELIMINARY_90M,0.5858237877874429,0.4169654502226392,0.400823068,0.10484283759315485,0.4043636084091061,T2_SPANNER
1393,ST041__ST054,41,ST041,연꽃테마파크,54,ST054,시흥 프리미엄 아울렛,8437.0,8.437,2.489736395352416,0.047911633,0.047911633,0.0,0.0,PRELIMINARY_POINT_BUFFER_PROXY,1.716462461,PRELIMINARY_90M,0.6944276978727069,0.5623812201662786,0.047911633,0.24799098021568108,0.40470249357105526,T2_SPANNER
1303,ST036__ST044,36,ST036,시흥시립군자도서관,44,ST044,경기과학기술대학교,6648.0,6.648,2.8654297237561406,0.400791009,0.400791009,0.0,0.0,PRELIMINARY_POINT_BUFFER_PROXY,1.240684205,PRELIMINARY_90M,0.5403496684178796,0.4520191074592086,0.400791009,0.16905212771186373,0.4050817768448791,T2_SPANNER
1361,ST039__ST051,39,ST039,능곡힐스테이트,51,ST051,연성중학교,3723.0,3.723,2.3660104994858293,0.437314546,0.37191324,0.194272542,0.0,PRELIMINARY_POINT_BUFFER_PROXY,3.261333916,PRELIMINARY_90M,0.2884333821376281,0.5987264257690195,0.437314546,0.5043086626353726,0.4056719047972796,T2_SPANNER
853,ST019__ST053,19,ST019,시화병원,53,ST053,오이도 빨강등대,7352.0,7.352,3.1202256848674432,0.29974064,0.23439461,0.06534603,0.0,PRELIMINARY_POINT_BUFFER_PROXY,2.03323403,PRELIMINARY_90M,0.6009818275772973,0.3771713035417168,0.29974064,0.3005482037696171,0.40579529092584,T2_SPANNER
1053,ST026__ST029,26,ST026,은계파크자이,29,ST029,관곡공원,6175.0,6.175,2.002908151887456,0.217079342,0.217079342,0.0,0.0,PRELIMINARY_POINT_BUFFER_PROXY,1.735808496,PRELIMINARY_90M,0.49961243648264575,0.7053898642179204,0.217079342,0.2512007818073677,0.40789227838361525,T2_SPANNER
379,ST008__ST030,8,ST008,시흥능곡역,30,ST030,장곡도서관,2575.0,2.575,2.0,0.366377515,0.366377515,0.0,0.0,PRELIMINARY_POINT_BUFFER_PROXY,4.637122017,PRELIMINARY_90M,0.18956162259925932,0.7062441508450915,0.366377515,0.7325728437150265,0.40907570338601307,T2_SPANNER
1206,ST031__ST052,31,ST031,마전저수지,52,ST052,가온그린공원,2690.0,2.69,2.0640110584536466,0.390648941,0.390648941,0.0,0.0,PRELIMINARY_POINT_BUFFER_PROXY,4.432005921,PRELIMINARY_90M,0.19946602359831195,0.6874405280137361,0.390648941,0.6985409621733388,0.4097445934381573,T2_SPANNER
104,ST002__ST052,2,ST002,월곶포구,52,ST052,가온그린공원,5466.0,5.466,2.0586538771061926,0.303016369,0.303016369,0.0,0.0,PRELIMINARY_POINT_BUFFER_PROXY,2.048266632,PRELIMINARY_90M,0.4385496511928344,0.6890142313695342,0.303016369,0.303042341189858,0.41250566761987756,T2_SPANNER
1272,ST034__ST052,34,ST034,군자디지털과학고등학교,52,ST052,가온그린공원,4271.0,4.271,1.90358243319081,0.218270531,0.218270531,0.0,0.0,PRELIMINARY_POINT_BUFFER_PROXY,4.023457066,PRELIMINARY_90M,0.3356300060287658,0.7345673750565753,0.218270531,0.6307564903133038,0.41356508341837867,T2_SPANNER
1446,ST046__ST052,46,ST046,배곧1동행정복지센터,52,ST052,가온그린공원,7614.0,7.614,2.9124827258011097,0.262335461,0.262335461,0.0,0.0,PRELIMINARY_POINT_BUFFER_PROXY,1.923953071,PRELIMINARY_90M,0.6235466368099216,0.438197012888201,0.262335461,0.2824168297625277,0.4138271151754919,T2_SPANNER
1192,ST031__ST038,31,ST031,마전저수지,38,ST038,능곡도서관,5844.0,5.844,2.1645947711014233,0.237305503,0.225553598,0.01577078,0.0,PRELIMINARY_POINT_BUFFER_PROXY,2.588128648,PRELIMINARY_90M,0.47110498665059,0.6578934740937351,0.237305503,0.3926136646288962,0.4146838655907879,T2_SPANNER
435,ST009__ST040,9,ST009,능곡중앙공원,40,ST040,갯골생태공원,5511.0,5.511,1.9576878879411694,0.325495522,0.303897424,0.106224801,0.0,PRELIMINARY_POINT_BUFFER_PROXY,1.652679251,PRELIMINARY_90M,0.44242528636637674,0.7186735812524709,0.325495522,0.23740837509887638,0.41556870324355755,T2_SPANNER
1037,ST025__ST042,25,ST025,목감동행정복지센터,42,ST042,시흥시청역,5715.0,5.715,2.220000001279592,0.043183038,0.037299924,0.043183038,0.0,PRELIMINARY_POINT_BUFFER_PROXY,4.879937643,PRELIMINARY_90M,0.4599948324864353,0.641617863655124,0.043183038,0.7728596509507825,0.4160464712438945,T2_SPANNER
1081,ST027__ST029,27,ST027,은행동행정복지센터,29,ST029,관곡공원,6511.0,6.511,2.105093847144432,0.221221899,0.221221899,0.0,0.0,PRELIMINARY_POINT_BUFFER_PROXY,1.86056218,PRELIMINARY_90M,0.5285505124450952,0.6753722185362228,0.221221899,0.2718993163376718,0.4161574952636787,T2_SPANNER
1141,ST029__ST036,29,ST029,관곡공원,36,ST036,시흥시립군자도서관,8009.0,8.009,3.037861813989035,0.16296721,0.16296721,0.0,0.0,PRELIMINARY_POINT_BUFFER_PROXY,2.924765057,PRELIMINARY_90M,0.6575661011110154,0.4013661723712888,0.16296721,0.4484667674185826,0.4184331874759006,T2_SPANNER
1193,ST031__ST039,31,ST031,마전저수지,39,ST039,능곡힐스테이트,5942.0,5.942,2.161920459666236,0.246568749,0.199883874,0.046684875,0.0,PRELIMINARY_POINT_BUFFER_PROXY,2.571813399,PRELIMINARY_90M,0.4795452588063044,0.6586790687202833,0.246568749,0.38990671655354303,0.4197048490592946,T2_SPANNER
1307,ST036__ST048,36,ST036,시흥시립군자도서관,48,ST048,정왕평생학습관 사거리,7358.0,7.358,2.991076209764658,0.415671605,0.415671605,0.0,0.0,PRELIMINARY_POINT_BUFFER_PROXY,1.135478826,PRELIMINARY_90M,0.6014985789337697,0.41510971726844614,0.415671605,0.15159695444415305,0.4202038904971316,T2_SPANNER
1161,ST030__ST031,30,ST030,장곡도서관,31,ST031,마전저수지,3080.0,3.08,2.4191566998959355,0.306722356,0.306722356,0.0,0.0,PRELIMINARY_POINT_BUFFER_PROXY,6.137599967,PRELIMINARY_90M,0.23305486176901213,0.5831144185381918,0.306722356,0.9815249681271188,0.42210141954586045,T2_SPANNER
429,ST009__ST034,9,ST009,능곡중앙공원,34,ST034,군자디지털과학고등학교,5438.0,5.438,3.0482330688038717,0.45363226,0.45363226,0.060550946,0.0,PRELIMINARY_POINT_BUFFER_PROXY,3.293272439,PRELIMINARY_90M,0.43613814486263025,0.39831955560635457,0.45363226,0.5096077496039179,0.42216148926377917,T2_SPANNER
1373,ST040__ST048,40,ST040,갯골생태공원,48,ST048,정왕평생학습관 사거리,6381.0,6.381,2.8557744448420976,0.140235273,0.140235273,0.0,0.0,PRELIMINARY_POINT_BUFFER_PROXY,4.850626954,PRELIMINARY_90M,0.5173542330548617,0.45485540211543074,0.140235273,0.7679965616301214,0.42230336448680594,T2_SPANNER
1023,ST025__ST028,25,ST025,목감동행정복지센터,28,ST028,매화산업단지,6878.0,6.878,2.8903708674922335,0.271201217,0.266520768,0.103849183,0.0,PRELIMINARY_POINT_BUFFER_PROXY,3.071832764,PRELIMINARY_90M,0.5601584704159849,0.44469250060211796,0.271201217,0.4728675379131207,0.42372439970298637,T2_SPANNER
482,ST010__ST042,10,ST010,은계호수공원,42,ST042,시흥시청역,7803.0,7.803,2.352692290378065,0.137242443,0.137242443,0.0,0.0,PRELIMINARY_POINT_BUFFER_PROXY,2.038687833,PRELIMINARY_90M,0.6398243045387995,0.6026387275946935,0.137242443,0.301453072676871,0.4239948237590492,T2_SPANNER
433,ST009__ST038,9,ST009,능곡중앙공원,38,ST038,능곡도서관,744.0,0.744,2.0,0.97496266,0.515421611,0.830516213,0.0,PRELIMINARY_POINT_BUFFER_PROXY,1.451338391,PRELIMINARY_90M,0.031866333649125826,0.7062441508450915,0.97496266,0.2040028626566858,0.4267431413447152,T2_SPANNER
12,ST001__ST013,1,ST001,월곶역,13,ST013,삼미시장,9482.0,9.482,3.1837495936503077,0.119793102,0.106281611,0.059662208,0.0,PRELIMINARY_POINT_BUFFER_PROXY,2.374327025,PRELIMINARY_90M,0.7844285591249677,0.35851078377556755,0.119793102,0.357140721991783,0.42977153624761966,T2_SPANNER
364,ST008__ST015,8,ST008,시흥능곡역,15,ST015,목감택지개발예정지구,6807.0,6.807,1.8885444736486015,0.0,0.0,0.0,0.0,PRELIMINARY_POINT_BUFFER_PROXY,4.039381199,PRELIMINARY_90M,0.5540435793643959,0.7389848636314539,0.0,0.6333985462927141,0.43672200744773637,T2_SPANNER
1165,ST030__ST035,30,ST030,장곡도서관,35,ST035,산들공원,4843.0,4.843,1.9175399088012453,0.262734007,0.262734007,0.0,0.0,PRELIMINARY_POINT_BUFFER_PROXY,3.856525194,PRELIMINARY_90M,0.3848936353457928,0.730467284956573,0.262734007,0.6030599525757867,0.43694872399871004,T2_SPANNER
1476,ST051__ST052,51,ST051,연성중학교,52,ST052,가온그린공원,3384.0,3.384,1.8183133651064234,0.470012372,0.443583355,0.051006918,0.0,PRELIMINARY_POINT_BUFFER_PROXY,3.338281338,PRELIMINARY_90M,0.2592369304969426,0.7596156625583519,0.470012372,0.5170754108404586,0.43772046281166904,T2_SPANNER
11,ST001__ST012,1,ST001,월곶역,12,ST012,신천역,9663.0,9.663,3.1389937154892604,0.13373513,0.120476554,0.058545419,0.0,PRELIMINARY_POINT_BUFFER_PROXY,2.347871234,PRELIMINARY_90M,0.8000172250452158,0.3716580847694396,0.13373513,0.3527513036917991,0.44068412377348326,T2_SPANNER
161,ST004__ST006,4,ST004,배곧중심상가,6,ST006,시흥시청 본청,8749.0,8.749,2.781707771521675,0.21992462,0.21992462,0.0,0.0,PRELIMINARY_POINT_BUFFER_PROXY,1.796808136,PRELIMINARY_90M,0.7212987684092671,0.47661292063075067,0.21992462,0.2613215503040809,0.4419565406150057,T2_SPANNER
410,ST009__ST015,9,ST009,능곡중앙공원,15,ST015,목감택지개발예정지구,5902.0,5.902,2.0201812566671036,0.180228914,0.180228914,0.099111033,0.0,PRELIMINARY_POINT_BUFFER_PROXY,3.891380857,PRELIMINARY_90M,0.4761002497631556,0.7003157886558333,0.180228914,0.6088430374599344,0.4430819292672613,T2_SPANNER
279,ST006__ST025,6,ST006,시흥시청 본청,25,ST025,목감동행정복지센터,7000.0,7.0,2.109248922792119,0.120646147,0.0891229,0.069507083,0.0,PRELIMINARY_POINT_BUFFER_PROXY,3.49144083,PRELIMINARY_90M,0.5706657479975885,0.6741516407610335,0.120646147,0.5424869011641098,0.44609791187597914,T2_SPANNER
1007,ST024__ST042,24,ST024,목감고등학교,42,ST042,시흥시청역,6281.0,6.281,2.1271874680066416,0.088684673,0.088684673,0.0,0.0,PRELIMINARY_POINT_BUFFER_PROXY,4.732925624,PRELIMINARY_90M,0.5087417104469899,0.6688820881789377,0.088684673,0.7484681199428387,0.4462774025336598,T2_SPANNER
333,ST007__ST031,7,ST007,장현지구,31,ST031,마전저수지,5217.0,5.217,2.012980501468642,0.301018578,0.301018578,0.0,0.0,PRELIMINARY_POINT_BUFFER_PROXY,3.715766665,PRELIMINARY_90M,0.4171044698992335,0.7024310526137141,0.301018578,0.5797059707170922,0.4486833150950384,T2_SPANNER
1142,ST029__ST037,29,ST029,관곡공원,37,ST037,군자동행정복지센터,8485.0,8.485,2.9235862417114005,0.209904838,0.209904838,0.0,0.0,PRELIMINARY_POINT_BUFFER_PROXY,2.828127704,PRELIMINARY_90M,0.6985617087244854,0.4349352901433685,0.209904838,0.43243316004240534,0.4488248395886044,T2_SPANNER
1034,ST025__ST039,25,ST025,목감동행정복지센터,39,ST039,능곡힐스테이트,6209.0,6.209,2.1899140393600325,0.204488062,0.149722289,0.092882671,0.0,PRELIMINARY_POINT_BUFFER_PROXY,3.994189215,PRELIMINARY_90M,0.5025406941693222,0.6504557909464465,0.204488062,0.6259005084687013,0.45098749291885726,T2_SPANNER
337,ST007__ST035,7,ST007,장현지구,35,ST035,산들공원,4967.0,4.967,1.7820285875158806,0.303154316,0.303154316,0.0,0.0,PRELIMINARY_POINT_BUFFER_PROXY,3.583766475,PRELIMINARY_90M,0.3955731633795539,0.7702745282108588,0.303154316,0.5578051305725904,0.45196486141090414,T2_SPANNER
757,ST017__ST030,17,ST017,장곡동,30,ST030,장곡도서관,564.0,0.564,1.5742051509756851,0.955860684,0.955860684,0.0,0.0,PRELIMINARY_POINT_BUFFER_PROXY,1.913795281,PRELIMINARY_90M,0.016363792954956508,0.8313238782860152,0.955860684,0.28073149783223716,0.4530669988662734,T2_SPANNER
719,ST016__ST030,16,ST016,물왕호수,30,ST030,장곡도서관,5746.0,5.746,1.9895049166095151,0.196052924,0.196052924,0.0,0.0,PRELIMINARY_POINT_BUFFER_PROXY,4.322394635,PRELIMINARY_90M,0.46266471449487556,0.7093271429784149,0.196052924,0.680354781890422,0.4548645269524527,T2_SPANNER
725,ST016__ST036,16,ST016,물왕호수,36,ST036,시흥시립군자도서관,7947.0,7.947,2.8110036953937283,0.162740187,0.162740187,0.0,0.0,PRELIMINARY_POINT_BUFFER_PROXY,3.965292917,PRELIMINARY_90M,0.6522263370941349,0.4680070716369381,0.162740187,0.6211061729206547,0.455731604998433,T2_SPANNER
763,ST017__ST036,17,ST017,장곡동,36,ST036,시흥시립군자도서관,5061.0,5.061,1.9616842116374067,0.29462359,0.29462359,0.0,0.0,PRELIMINARY_POINT_BUFFER_PROXY,4.135337569,PRELIMINARY_90M,0.4036689346309534,0.7174996377915849,0.29462359,0.6493191682267936,0.45583782741316975,T2_SPANNER
353,ST007__ST051,7,ST007,장현지구,51,ST051,연성중학교,3360.0,3.36,1.9288666578782163,0.553656435,0.527051485,0.051346729,0.0,PRELIMINARY_POINT_BUFFER_PROXY,3.519092434,PRELIMINARY_90M,0.2571699250710533,0.7271399861633028,0.553656435,0.5470747230372682,0.4559127882131194,T2_SPANNER
7,ST001__ST008,1,ST001,월곶역,8,ST008,시흥능곡역,8941.0,8.941,2.198123695182556,0.132917083,0.132917083,0.0,0.0,PRELIMINARY_POINT_BUFFER_PROXY,1.643029122,PRELIMINARY_90M,0.737834811816381,0.6480441565290316,0.132917083,0.2358072718534733,0.4564513769695606,T2_SPANNER
1164,ST030__ST034,30,ST030,장곡도서관,34,ST034,군자디지털과학고등학교,5196.0,5.196,1.8669374221592223,0.312566858,0.312566858,0.0,0.0,PRELIMINARY_POINT_BUFFER_PROXY,3.70960645,PRELIMINARY_90M,0.4152958401515804,0.7453320613894503,0.312566858,0.578683897309692,0.459364255427397,T2_SPANNER
278,ST006__ST024,6,ST006,시흥시청 본청,24,ST024,목감고등학교,7071.0,7.071,2.1103035645045516,0.118010471,0.118010471,0.0,0.0,PRELIMINARY_POINT_BUFFER_PROXY,4.228565002,PRELIMINARY_90M,0.5767806390491775,0.6738418335892438,0.118010471,0.6647870179868225,0.4658622608330843,T2_SPANNER
1328,ST037__ST051,37,ST037,군자동행정복지센터,51,ST051,연성중학교,7679.0,7.679,2.8767553676910294,0.324964174,0.313330244,0.022453124,0.0,PRELIMINARY_POINT_BUFFER_PROXY,3.223326426,PRELIMINARY_90M,0.6291447765050383,0.44869213330788915,0.324964174,0.4980026416911319,0.46588053819201103,T2_SPANNER
900,ST021__ST031,21,ST021,오이도 포구 해양관광 단지,31,ST031,마전저수지,9293.0,9.293,3.031251972754875,0.24550113,0.238398194,0.029057106,0.0,PRELIMINARY_POINT_BUFFER_PROXY,2.59903452,PRELIMINARY_90M,0.7681508913960899,0.40330785189580864,0.24550113,0.39442311474641795,0.4700531320797559,T2_SPANNER
1353,ST039__ST043,39,ST039,능곡힐스테이트,43,ST043,시흥종합버스터미널,9797.0,9.797,3.3777318578726767,0.321542663,0.317948067,0.030100174,0.0,PRELIMINARY_POINT_BUFFER_PROXY,2.070297135,PRELIMINARY_90M,0.811558005339764,0.3015273590279337,0.321542663,0.3066975368718186,0.4707410699552769,T2_SPANNER
1075,ST026__ST051,26,ST026,은계파크자이,51,ST051,연성중학교,7587.0,7.587,2.103109787779251,0.27255464,0.260774295,0.022735702,0.0,PRELIMINARY_POINT_BUFFER_PROXY,2.31844097,PRELIMINARY_90M,0.6212212557057962,0.6759550475798153,0.27255464,0.34786837505908663,0.4729373652718547,T2_SPANNER
336,ST007__ST034,7,ST007,장현지구,34,ST034,군자디지털과학고등학교,5320.0,5.32,1.7415557933434342,0.349152348,0.349152348,0.0,0.0,PRELIMINARY_POINT_BUFFER_PROXY,3.459564988,PRELIMINARY_90M,0.4259753681853415,0.7821636482306576,0.349152348,0.5371982139272702,0.4733919276000916,T2_SPANNER
1047,ST025__ST052,25,ST025,목감동행정복지센터,52,ST052,가온그린공원,7345.0,7.345,2.1523239745186866,0.150372603,0.145795802,0.033594487,0.0,PRELIMINARY_POINT_BUFFER_PROXY,4.001952969,PRELIMINARY_90M,0.6003789509947464,0.6614980923637042,0.150372603,0.6271886333969703,0.47410369708044764,T2_SPANNER
993,ST024__ST028,24,ST024,목감고등학교,28,ST028,매화산업단지,7811.0,7.811,2.7351304155275447,0.323695592,0.319573933,0.070790226,0.0,PRELIMINARY_POINT_BUFFER_PROXY,3.168264669,PRELIMINARY_90M,0.6405133063474292,0.49029529139219696,0.323695592,0.48886705833983213,0.47649267225101444,T2_SPANNER
1004,ST024__ST039,24,ST024,목감고등학교,39,ST039,능곡힐스테이트,6775.0,6.775,2.106389481815986,0.233197987,0.187967838,0.048701916,0.0,PRELIMINARY_POINT_BUFFER_PROXY,3.943263717,PRELIMINARY_90M,0.5512875721298769,0.674991618273086,0.233197987,0.6174511934262217,0.47886614966400737,T2_SPANNER
755,ST017__ST028,17,ST017,장곡동,28,ST028,매화산업단지,7665.0,7.665,1.9685429224432203,0.302670708,0.302670708,0.0,0.0,PRELIMINARY_POINT_BUFFER_PROXY,1.842938926,PRELIMINARY_90M,0.6279390233399362,0.7154848513747152,0.302670708,0.26897535032913833,0.47888960799329144,T2_SPANNER
1103,ST027__ST051,27,ST027,은행동행정복지센터,51,ST051,연성중학교,7923.0,7.923,2.182844451637436,0.273625618,0.262340521,0.021779886,0.0,PRELIMINARY_POINT_BUFFER_PROXY,2.406116467,PRELIMINARY_90M,0.6501593316682456,0.6525325236910728,0.273625618,0.362415074153889,0.4808309364451839,T2_SPANNER
317,ST007__ST015,7,ST007,장현지구,15,ST015,목감택지개발예정지구,6924.0,6.924,1.8405394230049963,0.163528348,0.163528348,0.0,0.0,PRELIMINARY_POINT_BUFFER_PROXY,3.976463762,PRELIMINARY_90M,0.5641202308156059,0.7530866280469906,0.163528348,0.6229595860909237,0.48238543130849876,T2_SPANNER
1237,ST033__ST038,33,ST033,타원산업단지,38,ST038,능곡도서관,11114.0,11.114,3.027519358491037,0.129363807,0.123175519,0.008304536,0.0,PRELIMINARY_POINT_BUFFER_PROXY,2.083461432,PRELIMINARY_90M,0.9249849280854362,0.40440432916845004,0.129363807,0.3088816940628934,0.48329879652302665,T2_SPANNER
1110,ST028__ST031,28,ST028,매화산업단지,31,ST031,마전저수지,9015.0,9.015,2.1633168838959445,0.125240153,0.125240153,0.0,0.0,PRELIMINARY_POINT_BUFFER_PROXY,2.643668039,PRELIMINARY_90M,0.7442080785462062,0.6582688609349048,0.125240153,0.4018284947288679,0.4837109121374833,T2_SPANNER
764,ST017__ST037,17,ST017,장곡동,37,ST037,군자동행정복지센터,5537.0,5.537,1.8789982137136798,0.355272139,0.355272139,0.0,0.0,PRELIMINARY_POINT_BUFFER_PROXY,3.88315591,PRELIMINARY_90M,0.44466454224442337,0.7417891333248903,0.355272139,0.6074783935950733,0.4839302102397873,T2_SPANNER
377,ST008__ST028,8,ST008,시흥능곡역,28,ST028,매화산업단지,8534.0,8.534,1.9269660940085112,0.132284324,0.132284324,0.0,0.0,PRELIMINARY_POINT_BUFFER_PROXY,2.663161369,PRELIMINARY_90M,0.7027818448023426,0.7276982879167211,0.132284324,0.40506273480241645,0.4853437944845266,T2_SPANNER
664,ST014__ST054,14,ST014,시흥대야역,54,ST054,시흥 프리미엄 아울렛,10085.0,10.085,3.128896964004259,0.240306149,0.185260788,0.125047292,0.0,PRELIMINARY_POINT_BUFFER_PROXY,2.91185417,PRELIMINARY_90M,0.836362070450435,0.37462406457562225,0.240306149,0.44632465480260275,0.4946767730431671,T2_SPANNER
266,ST006__ST012,6,ST006,시흥시청 본청,12,ST012,신천역,8139.0,8.139,2.0551620969642515,0.276145236,0.219171283,0.056973953,0.0,PRELIMINARY_POINT_BUFFER_PROXY,2.606587388,PRELIMINARY_90M,0.6687623805012488,0.6900399622101925,0.276145236,0.395676250478272,0.5004625721892164,T2_SPANNER
1017,ST024__ST052,24,ST024,목감고등학교,52,ST052,가온그린공원,7911.0,7.911,2.0834857625828795,0.178828181,0.178828181,0.0,0.0,PRELIMINARY_POINT_BUFFER_PROXY,3.951617974,PRELIMINARY_90M,0.649125828955301,0.6817197197652127,0.178828181,0.6188372917877702,0.5010706231055635,T2_SPANNER
1120,ST028__ST041,28,ST028,매화산업단지,41,ST041,연꽃테마파크,7951.0,7.951,1.7928862917791397,0.204802032,0.185007852,0.068555532,0.0,PRELIMINARY_POINT_BUFFER_PROXY,3.129992526,PRELIMINARY_90M,0.6525708379984497,0.7670850140751323,0.204802032,0.4825171274357137,0.5053948732298409,T2_SPANNER
273,ST006__ST019,6,ST006,시흥시청 본청,19,ST019,시화병원,8030.0,8.03,2.585118830440043,0.240191619,0.240191619,0.0,0.0,PRELIMINARY_POINT_BUFFER_PROXY,4.553296659,PRELIMINARY_90M,0.6593747308586685,0.5343620719526498,0.240191619,0.718664941267207,0.505501216131145,T2_SPANNER
745,ST017__ST018,17,ST017,장곡동,18,ST018,정왕역,7048.0,7.048,2.412165966762437,0.299407458,0.299407458,0.0,0.0,PRELIMINARY_POINT_BUFFER_PROXY,4.875639447,PRELIMINARY_90M,0.574799758849367,0.585167987286038,0.299407458,0.7721465148294954,0.5088873547789103,T2_SPANNER
815,ST018__ST051,18,ST018,정왕역,51,ST051,연성중학교,10045.0,10.045,2.7529826885050053,0.121464619,0.112567767,0.017170649,0.0,PRELIMINARY_POINT_BUFFER_PROXY,3.901208106,PRELIMINARY_90M,0.8329170614072862,0.48505108178435774,0.121464619,0.6104735276085411,0.5104683717407028,T2_SPANNER
326,ST007__ST024,7,ST007,장현지구,24,ST024,목감고등학교,7810.0,7.81,1.9356311516316742,0.218129369,0.218129369,0.0,0.0,PRELIMINARY_POINT_BUFFER_PROXY,3.797294408,PRELIMINARY_90M,0.6404271811213504,0.7251528765566526,0.218129369,0.5932326638740113,0.5126973305349048,T2_SPANNER
565,ST012__ST038,12,ST012,신천역,38,ST038,능곡도서관,10528.0,10.528,2.3728396337552122,0.220045017,0.213514366,0.00876398,0.0,PRELIMINARY_POINT_BUFFER_PROXY,2.12272917,PRELIMINARY_90M,0.8745155456033072,0.5967203276327241,0.220045017,0.31539680932730463,0.527745282136798,T2_SPANNER
526,ST011__ST042,11,ST011,배곧생명공원,42,ST042,시흥시청역,9512.0,9.512,2.4941130669316243,0.244867542,0.244867542,0.0,0.0,PRELIMINARY_POINT_BUFFER_PROXY,3.404852565,PRELIMINARY_90M,0.7870123159073292,0.5610955472900561,0.244867542,0.5281205904023241,0.528108394085925,T2_SPANNER
423,ST009__ST028,9,ST009,능곡중앙공원,28,ST028,매화산업단지,7906.0,7.906,1.8163242159413575,0.203786429,0.203786429,0.074025087,0.0,PRELIMINARY_POINT_BUFFER_PROXY,4.220534155,PRELIMINARY_90M,0.6486952028249074,0.7601999867604317,0.203786429,0.6634545782655467,0.5295481123306359,T2_SPANNER
522,ST011__ST038,11,ST011,배곧생명공원,38,ST038,능곡도서관,11722.0,11.722,2.8414945183320772,0.252219385,0.24635405,0.007871142,0.0,PRELIMINARY_POINT_BUFFER_PROXY,1.57585824,PRELIMINARY_90M,0.9773490655412971,0.4590502140532515,0.252219385,0.2246626004022641,0.5306364520604439,T2_SPANNER
566,ST012__ST039,12,ST012,신천역,39,ST039,능곡힐스테이트,10626.0,10.626,2.369448751930395,0.225387105,0.199255214,0.026131891,0.0,PRELIMINARY_POINT_BUFFER_PROXY,2.117461439,PRELIMINARY_90M,0.8829558177590217,0.5977164190025572,0.225387105,0.3145228125962754,0.5321030181556103,T2_SPANNER
68,ST002__ST016,2,ST002,월곶포구,16,ST016,물왕호수,9742.0,9.742,2.0729562158950396,0.168865377,0.168865377,0.0,0.0,PRELIMINARY_POINT_BUFFER_PROXY,3.091160952,PRELIMINARY_90M,0.8068211179054345,0.6848128356937153,0.168865377,0.47607437841593275,0.532977459418035,T2_SPANNER
667,ST015__ST017,15,ST015,목감택지개발예정지구,17,ST017,장곡동,8478.0,8.478,2.068764394021674,0.239205014,0.239205014,0.0,0.0,PRELIMINARY_POINT_BUFFER_PROXY,3.963866732,PRELIMINARY_90M,0.6979588321419343,0.6860442078876321,0.239205014,0.6208695471271504,0.534426118396276,T2_SPANNER
456,ST010__ST016,10,ST010,은계호수공원,16,ST016,물왕호수,10580.0,10.58,2.2218545891823154,0.101231567,0.101231567,0.0,0.0,PRELIMINARY_POINT_BUFFER_PROXY,3.247297419,PRELIMINARY_90M,0.8789940573594006,0.6410730676109271,0.101231567,0.501979794192185,0.5364673944768032,T2_SPANNER
1032,ST025__ST037,25,ST025,목감동행정복지센터,37,ST037,군자동행정복지센터,10542.0,10.542,2.677976019793385,0.191216527,0.188027388,0.023408808,0.0,PRELIMINARY_POINT_BUFFER_PROXY,3.563256057,PRELIMINARY_90M,0.8757212987684093,0.5070847294440207,0.191216527,0.5544021401229939,0.5388838532261965,T2_SPANNER
314,ST007__ST012,7,ST007,장현지구,12,ST012,신천역,8834.0,8.834,1.9013704989777807,0.352796752,0.300297607,0.052499144,0.0,PRELIMINARY_POINT_BUFFER_PROXY,2.388145097,PRELIMINARY_90M,0.7286194126259582,0.7352171436695984,0.352796752,0.3594333504037362,0.5441744137135655,T2_SPANNER
962,ST023__ST028,23,ST023,오이도역,28,ST028,매화산업단지,11733.0,11.733,2.286056940327946,0.14851192,0.14851192,0.0,0.0,PRELIMINARY_POINT_BUFFER_PROXY,3.068159669,PRELIMINARY_90M,0.978296443028163,0.6222132514324008,0.14851192,0.472258115559785,0.5748131026803049,T2_SPANNER
1409,ST043__ST045,43,ST043,시흥종합버스터미널,45,ST045,시흥중앙도서관,671.0,0.671,3.1817228022763167,0.300402098,0.300402098,0.0,0.0,PRELIMINARY_POINT_BUFFER_PROXY,0.425583211,PRELIMINARY_90M,0.025579192145379383,0.35910616559669406,0.300402098,0.03381446955986759,0.16094664530420175,DEGREE_LIMIT_3
151,ST003__ST047,3,ST003,배곧한울공원,47,ST047,배곧2동행정복지센터,2142.0,2.142,2.998593533213879,0.082490603,0.082490603,0.0,0.0,PRELIMINARY_POINT_BUFFER_PROXY,1.45164868,PRELIMINARY_90M,0.15226939970717424,0.41290145953524826,0.082490603,0.20405434432339853,0.1871053842030704,DEGREE_LIMIT_3
209,ST004__ST054,4,ST004,배곧중심상가,54,ST054,시흥 프리미엄 아울렛,3518.0,3.518,3.9115620934849367,0.174673018,0.174673018,0.0,0.0,PRELIMINARY_POINT_BUFFER_PROXY,1.470188615,PRELIMINARY_90M,0.2707777107914908,0.14471160486108936,0.174673018,0.2071304016588043,0.1984523344980603,DEGREE_LIMIT_3
136,ST003__ST032,3,ST003,배곧한울공원,32,ST032,희망공원,2946.0,2.946,2.474419063810549,0.0,0.0,0.0,0.0,PRELIMINARY_POINT_BUFFER_PROXY,0.664390229,PRELIMINARY_90M,0.22151408147446386,0.5668807759001471,0.0,0.07343618773014575,0.2019215118556136,DEGREE_LIMIT_3
259,ST005__ST054,5,ST005,배곧중·고등학교,54,ST054,시흥 프리미엄 아울렛,1508.0,1.508,1.711681176130996,0.0,0.0,0.0,0.0,PRELIMINARY_POINT_BUFFER_PROXY,0.623743217,PRELIMINARY_90M,0.09766600637326674,0.7909394917780753,0.0,0.06669222992096648,0.2023748350744034,DEGREE_LIMIT_3
934,ST022__ST032,22,ST022,오이도박물관,32,ST032,희망공원,2894.0,2.894,2.88457420094931,0.0,0.0,0.0,0.0,PRELIMINARY_POINT_BUFFER_PROXY,2.242877844,PRELIMINARY_90M,0.2170355697183705,0.4463953053047024,0.0,0.3353313026249875,0.21554120585611827,DEGREE_LIMIT_3
1444,ST046__ST050,46,ST046,배곧1동행정복지센터,50,ST050,시흥한라3차아파트,2363.0,2.363,4.178737580648687,0.479447383,0.479447383,0.0,0.0,PRELIMINARY_POINT_BUFFER_PROXY,1.190735572,PRELIMINARY_90M,0.17130307467057102,0.06622724275592551,0.479447383,0.16076488943766587,0.21717810385153483,DEGREE_LIMIT_3
1,ST001__ST002,1,ST001,월곶역,2,ST002,월곶포구,619.0,0.619,1.5532421960245575,0.149164241,0.149164241,0.0,0.0,PRELIMINARY_POINT_BUFFER_PROXY,0.47799073,PRELIMINARY_90M,0.02110068038928602,0.8374818689184798,0.149164241,0.042509674437898,0.21854912333563078,DEGREE_LIMIT_3
1222,ST032__ST045,32,ST032,희망공원,45,ST045,시흥중앙도서관,3542.0,3.542,3.695161173181692,0.239589717,0.239589717,0.0,0.0,PRELIMINARY_POINT_BUFFER_PROXY,1.100349444,PRELIMINARY_90M,0.27284471621738005,0.20828064096267274,0.239589717,0.1457684554127718,0.21891447643053333,DEGREE_LIMIT_3
880,ST020__ST045,20,ST020,시화공업단지[왼쪽부근],45,ST045,시흥중앙도서관,1373.0,1.373,2.951996349336429,0.38168565,0.38168565,0.0,0.0,PRELIMINARY_POINT_BUFFER_PROXY,0.548337,PRELIMINARY_90M,0.08603910085263974,0.42658965485339595,0.38168565,0.05418119107762378,0.21898020743074667,DEGREE_LIMIT_3
1242,ST033__ST043,33,ST033,타원산업단지,43,ST043,시흥종합버스터미널,2934.0,2.934,2.565523484039041,0.07531911,0.07531911,0.0,0.0,PRELIMINARY_POINT_BUFFER_PROXY,0.889229462,PRELIMINARY_90M,0.22048057876151925,0.5401183195741607,0.07531911,0.11074043782361453,0.22063270965490606,DEGREE_LIMIT_3
1145,ST029__ST040,29,ST029,관곡공원,40,ST040,갯골생태공원,3173.0,3.173,2.6002442194967386,0.0,0.0,0.0,0.0,PRELIMINARY_POINT_BUFFER_PROXY,1.529257702,PRELIMINARY_90M,0.24106450779433297,0.5299189004465018,0.0,0.2169308620359346,0.22289598712270708,DEGREE_LIMIT_3
1448,ST046__ST054,46,ST046,배곧1동행정복지센터,54,ST054,시흥 프리미엄 아울렛,1087.0,1.087,2.0,0.198910149,0.198910149,0.0,0.0,PRELIMINARY_POINT_BUFFER_PROXY,0.722410179,PRELIMINARY_90M,0.06140728619412626,0.7062441508450915,0.198910149,0.08306258031444422,0.22492830463412913,DEGREE_LIMIT_3
1243,ST033__ST044,33,ST033,타원산업단지,44,ST044,경기과학기술대학교,1598.0,1.598,1.7010597777371803,0.123630586,0.123630586,0.0,0.0,PRELIMINARY_POINT_BUFFER_PROXY,0.331684145,PRELIMINARY_90M,0.1054172767203514,0.7940595896824632,0.123630586,0.018235185665018444,0.2293508891383684,DEGREE_LIMIT_3
534,ST011__ST050,11,ST011,배곧생명공원,50,ST050,시흥한라3차아파트,995.0,0.995,2.969355785245408,0.47264275,0.47264275,0.0,0.0,PRELIMINARY_POINT_BUFFER_PROXY,0.56995669,PRELIMINARY_90M,0.05348376539488416,0.4214902190171036,0.47264275,0.057768226631615675,0.2298432831863725,DEGREE_LIMIT_3
957,ST022__ST055,22,ST022,오이도박물관,55,ST055,해양생태과학관,1977.0,1.977,2.056726097058233,0.0,0.0,0.0,0.0,PRELIMINARY_POINT_BUFFER_PROXY,2.016046436,PRELIMINARY_90M,0.1380587374041857,0.6895805280345066,0.0,0.29769652038444466,0.23089114175603304,DEGREE_LIMIT_3
1147,ST029__ST042,29,ST029,관곡공원,42,ST042,시흥시청역,2654.0,2.654,2.6841941622399865,0.0,0.0,0.0,0.0,PRELIMINARY_POINT_BUFFER_PROXY,2.927478894,PRELIMINARY_90M,0.19636551545947808,0.5052581137294531,0.0,0.44891703427285934,0.23711710829763685,DEGREE_LIMIT_3
466,ST010__ST026,10,ST010,은계호수공원,26,ST026,은계파크자이,1220.0,1.22,2.405341600576404,0.254629654,0.254629654,0.0,0.0,PRELIMINARY_POINT_BUFFER_PROXY,1.537591702,PRELIMINARY_90M,0.07286194126259582,0.5871726847699602,0.254629654,0.21831359945293588,0.23934066981384094,DEGREE_LIMIT_3
108,ST003__ST004,3,ST003,배곧한울공원,4,ST004,배곧중심상가,4685.0,4.685,2.9330495193194137,0.0,0.0,0.0,0.0,PRELIMINARY_POINT_BUFFER_PROXY,1.18657571,PRELIMINARY_90M,0.37128584962535527,0.432155396993838,0.0,0.16007470503198293,0.24039233252243936,DEGREE_LIMIT_3
56,ST002__ST004,2,ST002,월곶포구,4,ST004,배곧중심상가,3192.0,3.192,3.5458499603414118,0.332930014,0.332930014,0.0,0.0,PRELIMINARY_POINT_BUFFER_PROXY,1.198313388,PRELIMINARY_90M,0.24270088708982862,0.2521416830789185,0.332930014,0.16202216442234924,0.2429094752605761,DEGREE_LIMIT_3
951,ST022__ST049,22,ST022,오이도박물관,49,ST049,거북섬 웨이브파크 정문,2432.0,2.432,2.198773004915802,0.078808855,0.078808855,0.0,0.0,PRELIMINARY_POINT_BUFFER_PROXY,1.80570442,PRELIMINARY_90M,0.17724571527000257,0.6478534179969773,0.078808855,0.26279757919285823,0.25072853457282507,DEGREE_LIMIT_3
807,ST018__ST043,18,ST018,정왕역,43,ST043,시흥종합버스터미널,1406.0,1.406,2.6557306312689994,0.43367149,0.43367149,0.0,0.0,PRELIMINARY_POINT_BUFFER_PROXY,0.599226145,PRELIMINARY_90M,0.08888123331323745,0.5136194424397824,0.43367149,0.0626244746042261,0.2516438638382235,DEGREE_LIMIT_3
820,ST019__ST020,19,ST019,시화병원,20,ST020,시화공업단지[왼쪽부근],1979.0,1.979,2.8736363843131483,0.422822321,0.422822321,0.0,0.0,PRELIMINARY_POINT_BUFFER_PROXY,0.548112375,PRELIMINARY_90M,0.13823098785634313,0.4496083529185587,0.422822321,0.054143922372044954,0.2521296849392386,DEGREE_LIMIT_3
1247,ST033__ST048,33,ST033,타원산업단지,48,ST048,정왕평생학습관 사거리,3608.0,3.608,2.731241808577759,0.220485387,0.220485387,0.0,0.0,PRELIMINARY_POINT_BUFFER_PROXY,0.925063471,PRELIMINARY_90M,0.2785289811385755,0.49143759242876095,0.220485387,0.11668584519647998,0.26839688541372564,DEGREE_LIMIT_3
1381,ST041__ST042,41,ST041,연꽃테마파크,42,ST042,시흥시청역,3357.0,3.357,2.4375560527901543,0.0,0.0,0.0,0.0,PRELIMINARY_POINT_BUFFER_PROXY,2.986825232,PRELIMINARY_90M,0.25691154939281713,0.5777095010048499,0.0,0.458763494809769,0.2742754667099213,DEGREE_LIMIT_3
507,ST011__ST023,11,ST011,배곧생명공원,23,ST023,오이도역,1921.0,1.921,2.767167983295987,0.54035387,0.54035387,0.0,0.0,PRELIMINARY_POINT_BUFFER_PROXY,0.683327862,PRELIMINARY_90M,0.13323572474377746,0.4808840684675202,0.54035387,0.0765782292154515,0.2893845192361439,DEGREE_LIMIT_3
262,ST006__ST008,6,ST006,시흥시청 본청,8,ST008,시흥능곡역,1951.0,1.951,2.023517683433672,0.1397711,0.1397711,0.0,0.0,PRELIMINARY_POINT_BUFFER_PROXY,2.968420709,PRELIMINARY_90M,0.135819481526139,0.699335693777877,0.1397711,0.45570990438570363,0.2907032179475796,DEGREE_LIMIT_3
434,ST009__ST039,9,ST009,능곡중앙공원,39,ST039,능곡힐스테이트,792.0,0.792,2.0,0.496869839,0.318845713,0.496869839,0.0,PRELIMINARY_POINT_BUFFER_PROXY,0.848295282,PRELIMINARY_90M,0.036000344500904315,0.7062441508450915,0.496869839,0.10394883447345071,0.29365873566535244,DEGREE_LIMIT_3
283,ST006__ST029,6,ST006,시흥시청 본청,29,ST029,관곡공원,3470.0,3.47,2.475229440723157,0.075912866,0.075912866,0.0,0.0,PRELIMINARY_POINT_BUFFER_PROXY,3.041565706,PRELIMINARY_90M,0.2666436999397123,0.5666427229420483,0.075912866,0.4678457724224623,0.2958089219306783,DEGREE_LIMIT_3
916,ST021__ST047,21,ST021,오이도 포구 해양관광 단지,47,ST047,배곧2동행정복지센터,3762.0,3.762,2.469042411414725,0.254750012,0.237212965,0.071741573,0.0,PRELIMINARY_POINT_BUFFER_PROXY,1.099645611,PRELIMINARY_90M,0.29179226595469815,0.5684601989902931,0.254750012,0.14565167880796975,0.30135458770339846,DEGREE_LIMIT_3
30,ST001__ST031,1,ST001,월곶역,31,ST031,마전저수지,4726.0,4.726,2.1733816526852707,0.0,0.0,0.0,0.0,PRELIMINARY_POINT_BUFFER_PROXY,1.971254241,PRELIMINARY_90M,0.37481698389458273,0.6553122762326484,0.0,0.2902648136390502,0.3057881216554912,DEGREE_LIMIT_3
1194,ST031__ST040,31,ST031,마전저수지,40,ST040,갯골생태공원,2402.0,2.402,2.2619856904966325,0.142177716,0.142177716,0.0,0.0,PRELIMINARY_POINT_BUFFER_PROXY,3.572654596,PRELIMINARY_90M,0.17466195848764102,0.6292843218668183,0.142177716,0.5559615007589965,0.3059272039578875,DEGREE_LIMIT_3
1455,ST047__ST053,47,ST047,배곧2동행정복지센터,53,ST053,오이도 빨강등대,3916.0,3.916,2.403030548620091,0.248901852,0.232677883,0.071569275,0.0,PRELIMINARY_POINT_BUFFER_PROXY,1.249750909,PRELIMINARY_90M,0.30505555077082075,0.5878515697998281,0.248901852,0.17055643187189196,0.3121486845105366,DEGREE_LIMIT_3
292,ST006__ST038,6,ST006,시흥시청 본청,38,ST038,능곡도서관,2199.0,2.199,2.084117616972949,0.214672193,0.183407351,0.04195668,0.0,PRELIMINARY_POINT_BUFFER_PROXY,3.091529972,PRELIMINARY_90M,0.15717853759366118,0.6815341088423155,0.214672193,0.4761356044492447,0.3164076988436312,DEGREE_LIMIT_3
636,ST014__ST026,14,ST014,시흥대야역,26,ST026,은계파크자이,2742.0,2.742,2.689120979304191,0.480816193,0.434350308,0.046465885,0.0,PRELIMINARY_POINT_BUFFER_PROXY,1.352474425,PRELIMINARY_90M,0.2039445353544053,0.5038108323991268,0.480816193,0.1875998263018331,0.32048677604914216,DEGREE_LIMIT_3
468,ST010__ST028,10,ST010,은계호수공원,28,ST028,매화산업단지,3734.0,3.734,2.2597817465071626,0.156648005,0.156648005,0.0,0.0,PRELIMINARY_POINT_BUFFER_PROXY,2.499811713,PRELIMINARY_90M,0.289380759624494,0.6299317433049347,0.156648005,0.3779605412092454,0.3231256969609467,DEGREE_LIMIT_3
385,ST008__ST036,8,ST008,시흥능곡역,36,ST036,시흥시립군자도서관,4468.0,4.468,3.322939983305055,0.221339234,0.221339234,0.0,0.0,PRELIMINARY_POINT_BUFFER_PROXY,3.518784026,PRELIMINARY_90M,0.3525966755662734,0.3176227926683346,0.221339234,0.5470235534570783,0.3243217365004244,DEGREE_LIMIT_3
452,ST010__ST012,10,ST010,은계호수공원,12,ST012,신천역,2361.0,2.361,2.79221465563128,0.473443851,0.473443851,0.0,0.0,PRELIMINARY_POINT_BUFFER_PROXY,2.295026039,PRELIMINARY_90M,0.17113082421841358,0.4735264619671615,0.473443851,0.34398348170533055,0.3245595658756767,DEGREE_LIMIT_3
595,ST013__ST026,13,ST013,삼미시장,26,ST026,은계파크자이,1938.0,1.938,2.6326125397405407,0.511569918,0.511569918,0.0,0.0,PRELIMINARY_POINT_BUFFER_PROXY,2.070334106,PRELIMINARY_90M,0.13469985358711567,0.5204105170475657,0.511569918,0.3067036709232997,0.3251250823034985,DEGREE_LIMIT_3
872,ST020__ST037,20,ST020,시화공업단지[왼쪽부근],37,ST037,군자동행정복지센터,5501.0,5.501,3.257775175996918,0.311230757,0.311230757,0.0,0.0,PRELIMINARY_POINT_BUFFER_PROXY,1.3216431,PRELIMINARY_90M,0.44156403410558953,0.33676533597415237,0.311230757,0.18248444032952366,0.3270808344312154,DEGREE_LIMIT_3
714,ST016__ST025,16,ST016,물왕호수,25,ST025,목감동행정복지센터,3005.0,3.005,2.1381214943015445,0.193383798,0.119943446,0.161932073,0.0,PRELIMINARY_POINT_BUFFER_PROXY,2.924827881,PRELIMINARY_90M,0.22659546981310827,0.6656701539999965,0.193383798,0.4484771908761643,0.32805997336601184,DEGREE_LIMIT_3
596,ST013__ST027,13,ST013,삼미시장,27,ST027,은행동행정복지센터,1561.0,1.561,2.6154869323133116,0.514819805,0.514819805,0.0,0.0,PRELIMINARY_POINT_BUFFER_PROXY,2.62974837,PRELIMINARY_90M,0.10223064335543881,0.525441264399645,0.514819805,0.3995190098286312,0.3295017807786273,DEGREE_LIMIT_3
779,ST017__ST052,17,ST017,장곡동,52,ST052,가온그린공원,639.0,0.639,1.9871511618456574,0.588670368,0.588670368,0.0,0.0,PRELIMINARY_POINT_BUFFER_PROXY,1.720740011,PRELIMINARY_90M,0.02282318491086039,0.7100185722077744,0.588670368,0.24870069085140145,0.33446452478806626,DEGREE_LIMIT_3
769,ST017__ST042,17,ST017,장곡동,42,ST042,시흥시청역,2716.0,2.716,1.8434790923881643,0.330839246,0.330839246,0.0,0.0,PRELIMINARY_POINT_BUFFER_PROXY,1.590121124,PRELIMINARY_90M,0.20170527947635863,0.7522230829711033,0.330839246,0.22702902989364263,0.33780563039499256,DEGREE_LIMIT_3
713,ST016__ST024,16,ST016,물왕호수,24,ST024,목감고등학교,3229.0,3.229,2.105914035609522,0.176923572,0.176923572,0.0,0.0,PRELIMINARY_POINT_BUFFER_PROXY,3.167384816,PRELIMINARY_90M,0.2458875204547412,0.6751312833771932,0.176923572,0.48872107733856496,0.33862594343538277,DEGREE_LIMIT_3
388,ST008__ST039,8,ST008,시흥능곡역,39,ST039,능곡힐스테이트,1410.0,1.41,1.7943819357778974,0.196901186,0.0,0.196901186,0.0,PRELIMINARY_POINT_BUFFER_PROXY,4.602752376,PRELIMINARY_90M,0.08922573421755232,0.7666456599022438,0.196901186,0.7268703972763896,0.34281399504805055,DEGREE_LIMIT_3
1284,ST035__ST044,35,ST035,산들공원,44,ST044,경기과학기술대학교,6030.0,6.03,2.956928367155461,0.339457259,0.339457259,0.0,0.0,PRELIMINARY_POINT_BUFFER_PROXY,0.834605206,PRELIMINARY_90M,0.4871242787012316,0.42514084577091904,0.339457259,0.10167744254558998,0.3556375978314533,DEGREE_LIMIT_3
666,ST015__ST016,15,ST015,목감택지개발예정지구,16,ST016,물왕호수,3107.0,3.107,2.1181705540136373,0.281664379,0.281664379,0.0,0.0,PRELIMINARY_POINT_BUFFER_PROXY,3.053159992,PRELIMINARY_90M,0.23538024287313755,0.6715308594057094,0.281664379,0.4697694408980579,0.3575707677714487,DEGREE_LIMIT_3
1376,ST040__ST051,40,ST040,갯골생태공원,51,ST051,연성중학교,5417.0,5.417,2.495832602905231,0.192518156,0.176017861,0.031845057,0.0,PRELIMINARY_POINT_BUFFER_PROXY,2.410565802,PRELIMINARY_90M,0.4343295151149772,0.5605904235399768,0.192518156,0.36315328653513135,0.3667359469785071,DEGREE_LIMIT_3
6,ST001__ST007,1,ST001,월곶역,7,ST007,장현지구,6606.0,6.606,2.2379457054195973,0.124628605,0.124628605,0.0,0.0,PRELIMINARY_POINT_BUFFER_PROXY,1.757575321,PRELIMINARY_90M,0.5367324089225735,0.6363462080967941,0.124628605,0.2548122292967868,0.38450457038677754,DEGREE_LIMIT_3
1264,ST034__ST044,34,ST034,군자디지털과학고등학교,44,ST044,경기과학기술대학교,6466.0,6.466,2.854871731872146,0.383886554,0.383886554,0.0,0.0,PRELIMINARY_POINT_BUFFER_PROXY,0.931735075,PRELIMINARY_90M,0.5246748772715528,0.455120579330462,0.383886554,0.1177927658206959,0.38830087628424026,DEGREE_LIMIT_3
1182,ST030__ST052,30,ST030,장곡도서관,52,ST052,가온그린공원,791.0,0.791,1.4122876848564432,0.639846456,0.639846456,0.0,0.0,PRELIMINARY_POINT_BUFFER_PROXY,1.92746504,PRELIMINARY_90M,0.0359142192748256,0.8788880810388843,0.639846456,0.2829995188606377,0.39075913478306146,DEGREE_LIMIT_3
1046,ST025__ST051,25,ST025,목감동행정복지센터,51,ST051,연성중학교,4855.0,4.855,2.2406696427083874,0.255573087,0.248649808,0.132560721,0.0,PRELIMINARY_POINT_BUFFER_PROXY,3.153385578,PRELIMINARY_90M,0.3859271380587374,0.6355460355854807,0.255573087,0.48639839073044083,0.3990367357972203,DEGREE_LIMIT_3
1023,ST025__ST028,25,ST025,목감동행정복지센터,28,ST028,매화산업단지,6878.0,6.878,2.8903708674922335,0.271201217,0.266520768,0.103849183,0.0,PRELIMINARY_POINT_BUFFER_PROXY,3.071832764,PRELIMINARY_90M,0.5601584704159849,0.44469250060211796,0.271201217,0.4728675379131207,0.42372439970298637,DEGREE_LIMIT_3
1409,ST043__ST045,43,ST043,시흥종합버스터미널,45,ST045,시흥중앙도서관,671.0,0.671,3.1817228022763167,0.300402098,0.300402098,0.0,0.0,PRELIMINARY_POINT_BUFFER_PROXY,0.425583211,PRELIMINARY_90M,0.025579192145379383,0.35910616559669406,0.300402098,0.03381446955986759,0.16094664530420175,DEGREE_LIMIT_4
151,ST003__ST047,3,ST003,배곧한울공원,47,ST047,배곧2동행정복지센터,2142.0,2.142,2.998593533213879,0.082490603,0.082490603,0.0,0.0,PRELIMINARY_POINT_BUFFER_PROXY,1.45164868,PRELIMINARY_90M,0.15226939970717424,0.41290145953524826,0.082490603,0.20405434432339853,0.1871053842030704,DEGREE_LIMIT_4
209,ST004__ST054,4,ST004,배곧중심상가,54,ST054,시흥 프리미엄 아울렛,3518.0,3.518,3.9115620934849367,0.174673018,0.174673018,0.0,0.0,PRELIMINARY_POINT_BUFFER_PROXY,1.470188615,PRELIMINARY_90M,0.2707777107914908,0.14471160486108936,0.174673018,0.2071304016588043,0.1984523344980603,DEGREE_LIMIT_4
136,ST003__ST032,3,ST003,배곧한울공원,32,ST032,희망공원,2946.0,2.946,2.474419063810549,0.0,0.0,0.0,0.0,PRELIMINARY_POINT_BUFFER_PROXY,0.664390229,PRELIMINARY_90M,0.22151408147446386,0.5668807759001471,0.0,0.07343618773014575,0.2019215118556136,DEGREE_LIMIT_4
259,ST005__ST054,5,ST005,배곧중·고등학교,54,ST054,시흥 프리미엄 아울렛,1508.0,1.508,1.711681176130996,0.0,0.0,0.0,0.0,PRELIMINARY_POINT_BUFFER_PROXY,0.623743217,PRELIMINARY_90M,0.09766600637326674,0.7909394917780753,0.0,0.06669222992096648,0.2023748350744034,DEGREE_LIMIT_4
934,ST022__ST032,22,ST022,오이도박물관,32,ST032,희망공원,2894.0,2.894,2.88457420094931,0.0,0.0,0.0,0.0,PRELIMINARY_POINT_BUFFER_PROXY,2.242877844,PRELIMINARY_90M,0.2170355697183705,0.4463953053047024,0.0,0.3353313026249875,0.21554120585611827,DEGREE_LIMIT_4
1444,ST046__ST050,46,ST046,배곧1동행정복지센터,50,ST050,시흥한라3차아파트,2363.0,2.363,4.178737580648687,0.479447383,0.479447383,0.0,0.0,PRELIMINARY_POINT_BUFFER_PROXY,1.190735572,PRELIMINARY_90M,0.17130307467057102,0.06622724275592551,0.479447383,0.16076488943766587,0.21717810385153483,DEGREE_LIMIT_4
1,ST001__ST002,1,ST001,월곶역,2,ST002,월곶포구,619.0,0.619,1.5532421960245575,0.149164241,0.149164241,0.0,0.0,PRELIMINARY_POINT_BUFFER_PROXY,0.47799073,PRELIMINARY_90M,0.02110068038928602,0.8374818689184798,0.149164241,0.042509674437898,0.21854912333563078,DEGREE_LIMIT_4
1222,ST032__ST045,32,ST032,희망공원,45,ST045,시흥중앙도서관,3542.0,3.542,3.695161173181692,0.239589717,0.239589717,0.0,0.0,PRELIMINARY_POINT_BUFFER_PROXY,1.100349444,PRELIMINARY_90M,0.27284471621738005,0.20828064096267274,0.239589717,0.1457684554127718,0.21891447643053333,DEGREE_LIMIT_4
880,ST020__ST045,20,ST020,시화공업단지[왼쪽부근],45,ST045,시흥중앙도서관,1373.0,1.373,2.951996349336429,0.38168565,0.38168565,0.0,0.0,PRELIMINARY_POINT_BUFFER_PROXY,0.548337,PRELIMINARY_90M,0.08603910085263974,0.42658965485339595,0.38168565,0.05418119107762378,0.21898020743074667,DEGREE_LIMIT_4
1242,ST033__ST043,33,ST033,타원산업단지,43,ST043,시흥종합버스터미널,2934.0,2.934,2.565523484039041,0.07531911,0.07531911,0.0,0.0,PRELIMINARY_POINT_BUFFER_PROXY,0.889229462,PRELIMINARY_90M,0.22048057876151925,0.5401183195741607,0.07531911,0.11074043782361453,0.22063270965490606,DEGREE_LIMIT_4
1145,ST029__ST040,29,ST029,관곡공원,40,ST040,갯골생태공원,3173.0,3.173,2.6002442194967386,0.0,0.0,0.0,0.0,PRELIMINARY_POINT_BUFFER_PROXY,1.529257702,PRELIMINARY_90M,0.24106450779433297,0.5299189004465018,0.0,0.2169308620359346,0.22289598712270708,DEGREE_LIMIT_4
1448,ST046__ST054,46,ST046,배곧1동행정복지센터,54,ST054,시흥 프리미엄 아울렛,1087.0,1.087,2.0,0.198910149,0.198910149,0.0,0.0,PRELIMINARY_POINT_BUFFER_PROXY,0.722410179,PRELIMINARY_90M,0.06140728619412626,0.7062441508450915,0.198910149,0.08306258031444422,0.22492830463412913,DEGREE_LIMIT_4
53,ST001__ST054,1,ST001,월곶역,54,ST054,시흥 프리미엄 아울렛,3069.0,3.069,2.971566575272677,0.131704676,0.131704676,0.0,0.0,PRELIMINARY_POINT_BUFFER_PROXY,1.446878915,PRELIMINARY_90M,0.23210748428214625,0.42084078651533996,0.131704676,0.20326296772922972,0.22882139096120363,DEGREE_LIMIT_4
1243,ST033__ST044,33,ST033,타원산업단지,44,ST044,경기과학기술대학교,1598.0,1.598,1.7010597777371803,0.123630586,0.123630586,0.0,0.0,PRELIMINARY_POINT_BUFFER_PROXY,0.331684145,PRELIMINARY_90M,0.1054172767203514,0.7940595896824632,0.123630586,0.018235185665018444,0.2293508891383684,DEGREE_LIMIT_4
534,ST011__ST050,11,ST011,배곧생명공원,50,ST050,시흥한라3차아파트,995.0,0.995,2.969355785245408,0.47264275,0.47264275,0.0,0.0,PRELIMINARY_POINT_BUFFER_PROXY,0.56995669,PRELIMINARY_90M,0.05348376539488416,0.4214902190171036,0.47264275,0.057768226631615675,0.2298432831863725,DEGREE_LIMIT_4
957,ST022__ST055,22,ST022,오이도박물관,55,ST055,해양생태과학관,1977.0,1.977,2.056726097058233,0.0,0.0,0.0,0.0,PRELIMINARY_POINT_BUFFER_PROXY,2.016046436,PRELIMINARY_90M,0.1380587374041857,0.6895805280345066,0.0,0.29769652038444466,0.23089114175603304,DEGREE_LIMIT_4
1226,ST032__ST049,32,ST032,희망공원,49,ST049,거북섬 웨이브파크 정문,4499.0,4.499,3.070219818149316,0.042639664,0.042639664,0.0,0.0,PRELIMINARY_POINT_BUFFER_PROXY,0.994963213,PRELIMINARY_90M,0.35526655757471365,0.3918608193822274,0.042639664,0.12828327604626832,0.2326178664345355,DEGREE_LIMIT_4
1147,ST029__ST042,29,ST029,관곡공원,42,ST042,시흥시청역,2654.0,2.654,2.6841941622399865,0.0,0.0,0.0,0.0,PRELIMINARY_POINT_BUFFER_PROXY,2.927478894,PRELIMINARY_90M,0.19636551545947808,0.5052581137294531,0.0,0.44891703427285934,0.23711710829763685,DEGREE_LIMIT_4
466,ST010__ST026,10,ST010,은계호수공원,26,ST026,은계파크자이,1220.0,1.22,2.405341600576404,0.254629654,0.254629654,0.0,0.0,PRELIMINARY_POINT_BUFFER_PROXY,1.537591702,PRELIMINARY_90M,0.07286194126259582,0.5871726847699602,0.254629654,0.21831359945293588,0.23934066981384094,DEGREE_LIMIT_4
108,ST003__ST004,3,ST003,배곧한울공원,4,ST004,배곧중심상가,4685.0,4.685,2.9330495193194137,0.0,0.0,0.0,0.0,PRELIMINARY_POINT_BUFFER_PROXY,1.18657571,PRELIMINARY_90M,0.37128584962535527,0.432155396993838,0.0,0.16007470503198293,0.24039233252243936,DEGREE_LIMIT_4
807,ST018__ST043,18,ST018,정왕역,43,ST043,시흥종합버스터미널,1406.0,1.406,2.6557306312689994,0.43367149,0.43367149,0.0,0.0,PRELIMINARY_POINT_BUFFER_PROXY,0.599226145,PRELIMINARY_90M,0.08888123331323745,0.5136194424397824,0.43367149,0.0626244746042261,0.2516438638382235,DEGREE_LIMIT_4
820,ST019__ST020,19,ST019,시화병원,20,ST020,시화공업단지[왼쪽부근],1979.0,1.979,2.8736363843131483,0.422822321,0.422822321,0.0,0.0,PRELIMINARY_POINT_BUFFER_PROXY,0.548112375,PRELIMINARY_90M,0.13823098785634313,0.4496083529185587,0.422822321,0.054143922372044954,0.2521296849392386,DEGREE_LIMIT_4
127,ST003__ST023,3,ST003,배곧한울공원,23,ST023,오이도역,4569.0,4.569,3.362496455886152,0.25196631,0.25196631,0.0,0.0,PRELIMINARY_POINT_BUFFER_PROXY,0.707990957,PRELIMINARY_90M,0.3612953234002239,0.3060028474757016,0.25196631,0.08067021196989801,0.2627460419807034,DEGREE_LIMIT_4
1247,ST033__ST048,33,ST033,타원산업단지,48,ST048,정왕평생학습관 사거리,3608.0,3.608,2.731241808577759,0.220485387,0.220485387,0.0,0.0,PRELIMINARY_POINT_BUFFER_PROXY,0.925063471,PRELIMINARY_90M,0.2785289811385755,0.49143759242876095,0.220485387,0.11668584519647998,0.26839688541372564,DEGREE_LIMIT_4
1381,ST041__ST042,41,ST041,연꽃테마파크,42,ST042,시흥시청역,3357.0,3.357,2.4375560527901543,0.0,0.0,0.0,0.0,PRELIMINARY_POINT_BUFFER_PROXY,2.986825232,PRELIMINARY_90M,0.25691154939281713,0.5777095010048499,0.0,0.458763494809769,0.2742754667099213,DEGREE_LIMIT_4
262,ST006__ST008,6,ST006,시흥시청 본청,8,ST008,시흥능곡역,1951.0,1.951,2.023517683433672,0.1397711,0.1397711,0.0,0.0,PRELIMINARY_POINT_BUFFER_PROXY,2.968420709,PRELIMINARY_90M,0.135819481526139,0.699335693777877,0.1397711,0.45570990438570363,0.2907032179475796,DEGREE_LIMIT_4
434,ST009__ST039,9,ST009,능곡중앙공원,39,ST039,능곡힐스테이트,792.0,0.792,2.0,0.496869839,0.318845713,0.496869839,0.0,PRELIMINARY_POINT_BUFFER_PROXY,0.848295282,PRELIMINARY_90M,0.036000344500904315,0.7062441508450915,0.496869839,0.10394883447345071,0.29365873566535244,DEGREE_LIMIT_4
283,ST006__ST029,6,ST006,시흥시청 본청,29,ST029,관곡공원,3470.0,3.47,2.475229440723157,0.075912866,0.075912866,0.0,0.0,PRELIMINARY_POINT_BUFFER_PROXY,3.041565706,PRELIMINARY_90M,0.2666436999397123,0.5666427229420483,0.075912866,0.4678457724224623,0.2958089219306783,DEGREE_LIMIT_4
916,ST021__ST047,21,ST021,오이도 포구 해양관광 단지,47,ST047,배곧2동행정복지센터,3762.0,3.762,2.469042411414725,0.254750012,0.237212965,0.071741573,0.0,PRELIMINARY_POINT_BUFFER_PROXY,1.099645611,PRELIMINARY_90M,0.29179226595469815,0.5684601989902931,0.254750012,0.14565167880796975,0.30135458770339846,DEGREE_LIMIT_4
30,ST001__ST031,1,ST001,월곶역,31,ST031,마전저수지,4726.0,4.726,2.1733816526852707,0.0,0.0,0.0,0.0,PRELIMINARY_POINT_BUFFER_PROXY,1.971254241,PRELIMINARY_90M,0.37481698389458273,0.6553122762326484,0.0,0.2902648136390502,0.3057881216554912,DEGREE_LIMIT_4
1194,ST031__ST040,31,ST031,마전저수지,40,ST040,갯골생태공원,2402.0,2.402,2.2619856904966325,0.142177716,0.142177716,0.0,0.0,PRELIMINARY_POINT_BUFFER_PROXY,3.572654596,PRELIMINARY_90M,0.17466195848764102,0.6292843218668183,0.142177716,0.5559615007589965,0.3059272039578875,DEGREE_LIMIT_4
1455,ST047__ST053,47,ST047,배곧2동행정복지센터,53,ST053,오이도 빨강등대,3916.0,3.916,2.403030548620091,0.248901852,0.232677883,0.071569275,0.0,PRELIMINARY_POINT_BUFFER_PROXY,1.249750909,PRELIMINARY_90M,0.30505555077082075,0.5878515697998281,0.248901852,0.17055643187189196,0.3121486845105366,DEGREE_LIMIT_4
1143,ST029__ST038,29,ST029,관곡공원,38,ST038,능곡도서관,4223.0,4.223,2.511994530716733,0.118739746,0.102463148,0.021842811,0.0,PRELIMINARY_POINT_BUFFER_PROXY,2.578907523,PRELIMINARY_90M,0.33149599517698736,0.5558427627117288,0.118739746,0.39108373967517096,0.31553964830556697,DEGREE_LIMIT_4
1322,ST037__ST045,37,ST037,군자동행정복지센터,45,ST045,시흥중앙도서관,5556.0,5.556,3.4490973986733664,0.318446298,0.318446298,0.0,0.0,PRELIMINARY_POINT_BUFFER_PROXY,1.229092844,PRELIMINARY_90M,0.446300921539919,0.28056331398962786,0.318446298,0.16712894453827729,0.3169989015176388,DEGREE_LIMIT_4
636,ST014__ST026,14,ST014,시흥대야역,26,ST026,은계파크자이,2742.0,2.742,2.689120979304191,0.480816193,0.434350308,0.046465885,0.0,PRELIMINARY_POINT_BUFFER_PROXY,1.352474425,PRELIMINARY_90M,0.2039445353544053,0.5038108323991268,0.480816193,0.1875998263018331,0.32048677604914216,DEGREE_LIMIT_4
468,ST010__ST028,10,ST010,은계호수공원,28,ST028,매화산업단지,3734.0,3.734,2.2597817465071626,0.156648005,0.156648005,0.0,0.0,PRELIMINARY_POINT_BUFFER_PROXY,2.499811713,PRELIMINARY_90M,0.289380759624494,0.6299317433049347,0.156648005,0.3779605412092454,0.3231256969609467,DEGREE_LIMIT_4
385,ST008__ST036,8,ST008,시흥능곡역,36,ST036,시흥시립군자도서관,4468.0,4.468,3.322939983305055,0.221339234,0.221339234,0.0,0.0,PRELIMINARY_POINT_BUFFER_PROXY,3.518784026,PRELIMINARY_90M,0.3525966755662734,0.3176227926683346,0.221339234,0.5470235534570783,0.3243217365004244,DEGREE_LIMIT_4
452,ST010__ST012,10,ST010,은계호수공원,12,ST012,신천역,2361.0,2.361,2.79221465563128,0.473443851,0.473443851,0.0,0.0,PRELIMINARY_POINT_BUFFER_PROXY,2.295026039,PRELIMINARY_90M,0.17113082421841358,0.4735264619671615,0.473443851,0.34398348170533055,0.3245595658756767,DEGREE_LIMIT_4
595,ST013__ST026,13,ST013,삼미시장,26,ST026,은계파크자이,1938.0,1.938,2.6326125397405407,0.511569918,0.511569918,0.0,0.0,PRELIMINARY_POINT_BUFFER_PROXY,2.070334106,PRELIMINARY_90M,0.13469985358711567,0.5204105170475657,0.511569918,0.3067036709232997,0.3251250823034985,DEGREE_LIMIT_4
714,ST016__ST025,16,ST016,물왕호수,25,ST025,목감동행정복지센터,3005.0,3.005,2.1381214943015445,0.193383798,0.119943446,0.161932073,0.0,PRELIMINARY_POINT_BUFFER_PROXY,2.924827881,PRELIMINARY_90M,0.22659546981310827,0.6656701539999965,0.193383798,0.4484771908761643,0.32805997336601184,DEGREE_LIMIT_4
596,ST013__ST027,13,ST013,삼미시장,27,ST027,은행동행정복지센터,1561.0,1.561,2.6154869323133116,0.514819805,0.514819805,0.0,0.0,PRELIMINARY_POINT_BUFFER_PROXY,2.62974837,PRELIMINARY_90M,0.10223064335543881,0.525441264399645,0.514819805,0.3995190098286312,0.3295017807786273,DEGREE_LIMIT_4
779,ST017__ST052,17,ST017,장곡동,52,ST052,가온그린공원,639.0,0.639,1.9871511618456574,0.588670368,0.588670368,0.0,0.0,PRELIMINARY_POINT_BUFFER_PROXY,1.720740011,PRELIMINARY_90M,0.02282318491086039,0.7100185722077744,0.588670368,0.24870069085140145,0.33446452478806626,DEGREE_LIMIT_4
769,ST017__ST042,17,ST017,장곡동,42,ST042,시흥시청역,2716.0,2.716,1.8434790923881643,0.330839246,0.330839246,0.0,0.0,PRELIMINARY_POINT_BUFFER_PROXY,1.590121124,PRELIMINARY_90M,0.20170527947635863,0.7522230829711033,0.330839246,0.22702902989364263,0.33780563039499256,DEGREE_LIMIT_4
713,ST016__ST024,16,ST016,물왕호수,24,ST024,목감고등학교,3229.0,3.229,2.105914035609522,0.176923572,0.176923572,0.0,0.0,PRELIMINARY_POINT_BUFFER_PROXY,3.167384816,PRELIMINARY_90M,0.2458875204547412,0.6751312833771932,0.176923572,0.48872107733856496,0.33862594343538277,DEGREE_LIMIT_4
1283,ST035__ST043,35,ST035,산들공원,43,ST043,시흥종합버스터미널,6007.0,6.007,2.9570423267955706,0.286392525,0.286392525,0.0,0.0,PRELIMINARY_POINT_BUFFER_PROXY,0.727637936,PRELIMINARY_90M,0.4851433985014211,0.4251073694600692,0.286392525,0.08392994475059617,0.3390092863301007,DEGREE_LIMIT_4
388,ST008__ST039,8,ST008,시흥능곡역,39,ST039,능곡힐스테이트,1410.0,1.41,1.7943819357778974,0.196901186,0.0,0.196901186,0.0,PRELIMINARY_POINT_BUFFER_PROXY,4.602752376,PRELIMINARY_90M,0.08922573421755232,0.7666456599022438,0.196901186,0.7268703972763896,0.34281399504805055,DEGREE_LIMIT_4
666,ST015__ST016,15,ST015,목감택지개발예정지구,16,ST016,물왕호수,3107.0,3.107,2.1181705540136373,0.281664379,0.281664379,0.0,0.0,PRELIMINARY_POINT_BUFFER_PROXY,3.053159992,PRELIMINARY_90M,0.23538024287313755,0.6715308594057094,0.281664379,0.4697694408980579,0.3575707677714487,DEGREE_LIMIT_4
1403,ST042__ST051,42,ST042,시흥시청역,51,ST051,연성중학교,2072.0,2.072,2.5274345688921906,0.351208623,0.308075573,0.083245449,0.0,PRELIMINARY_POINT_BUFFER_PROXY,4.64619177,PRELIMINARY_90M,0.14624063388166395,0.551307161186513,0.351208623,0.7340776537505509,0.3593594579084676,DEGREE_LIMIT_4
730,ST016__ST041,16,ST016,물왕호수,41,ST041,연꽃테마파크,3935.0,3.935,2.0,0.29027288,0.250287871,0.138484824,0.0,PRELIMINARY_POINT_BUFFER_PROXY,2.713464194,PRELIMINARY_90M,0.3066919300663164,0.7062441508450915,0.29027288,0.4134087389190912,0.3831705365300927,DEGREE_LIMIT_4
1233,ST033__ST034,33,ST033,타원산업단지,34,ST034,군자디지털과학고등학교,7893.0,7.893,2.4341605952920373,0.09909245,0.09909245,0.0,0.0,PRELIMINARY_POINT_BUFFER_PROXY,0.916931401,PRELIMINARY_90M,0.647575574885884,0.5787069365054786,0.09909245,0.11533661103921174,0.3844664426670369,DEGREE_LIMIT_4
6,ST001__ST007,1,ST001,월곶역,7,ST007,장현지구,6606.0,6.606,2.2379457054195973,0.124628605,0.124628605,0.0,0.0,PRELIMINARY_POINT_BUFFER_PROXY,1.757575321,PRELIMINARY_90M,0.5367324089225735,0.6363462080967941,0.124628605,0.2548122292967868,0.38450457038677754,DEGREE_LIMIT_4
1182,ST030__ST052,30,ST030,장곡도서관,52,ST052,가온그린공원,791.0,0.791,1.4122876848564432,0.639846456,0.639846456,0.0,0.0,PRELIMINARY_POINT_BUFFER_PROXY,1.92746504,PRELIMINARY_90M,0.0359142192748256,0.8788880810388843,0.639846456,0.2829995188606377,0.39075913478306146,DEGREE_LIMIT_4
480,ST010__ST040,10,ST010,은계호수공원,40,ST040,갯골생태공원,7454.0,7.454,2.3810988212602635,0.143643119,0.143643119,0.0,0.0,PRELIMINARY_POINT_BUFFER_PROXY,1.480173201,PRELIMINARY_90M,0.6097666006373267,0.5942941429938482,0.143643119,0.20878699640988027,0.399505968033316,DEGREE_LIMIT_4
