from_station_id,to_station_id,reference_distance_km,structure_distance_km,distance_stretch,structure
ST001,ST002,0.619,0.619,1.0,CANDIDATE_GRAPH
ST001,ST003,6.8,6.8,1.0,CANDIDATE_GRAPH
ST001,ST004,3.811,3.811,1.0,CANDIDATE_GRAPH
ST001,ST005,3.419,3.419,1.0,CANDIDATE_GRAPH
ST001,ST006,7.161,7.161,1.0,CANDIDATE_GRAPH
ST001,ST007,6.545,6.545,1.0,CANDIDATE_GRAPH
ST001,ST008,8.055,8.055,1.0,CANDIDATE_GRAPH
ST001,ST009,8.887,8.887,1.0,CANDIDATE_GRAPH
ST001,ST010,11.633,11.633,1.0,CANDIDATE_GRAPH
ST001,ST011,4.454,4.454,1.0,CANDIDATE_GRAPH
ST001,ST012,9.602,9.602,1.0,CANDIDATE_GRAPH
ST001,ST013,9.482,9.482,1.0,CANDIDATE_GRAPH
ST001,ST014,10.345,10.345,1.0,CANDIDATE_GRAPH
ST001,ST015,11.924,11.924,1.0,CANDIDATE_GRAPH
ST001,ST016,10.361,10.361,1.0,CANDIDATE_GRAPH
ST001,ST017,5.41,5.41,1.0,CANDIDATE_GRAPH
ST001,ST018,6.58,6.58,1.0,CANDIDATE_GRAPH
ST001,ST019,6.5889999999999995,6.5889999999999995,1.0,CANDIDATE_GRAPH
ST001,ST020,7.875,7.875,1.0,CANDIDATE_GRAPH
ST001,ST021,9.161000000000001,9.161000000000001,1.0,CANDIDATE_GRAPH
ST001,ST022,9.935,9.935,1.0,CANDIDATE_GRAPH
ST001,ST023,4.925,4.925,1.0,CANDIDATE_GRAPH
ST001,ST024,12.299999999999999,12.299999999999999,1.0,CANDIDATE_GRAPH
ST001,ST025,13.215,13.215,1.0,CANDIDATE_GRAPH
ST001,ST026,11.399000000000001,11.399000000000001,1.0,CANDIDATE_GRAPH
ST001,ST027,11.022,11.022,1.0,CANDIDATE_GRAPH
ST001,ST028,11.775,11.775,1.0,CANDIDATE_GRAPH
ST001,ST029,8.007,8.007,1.0,CANDIDATE_GRAPH
ST001,ST030,5.974,5.974,1.0,CANDIDATE_GRAPH
ST001,ST031,4.665,4.665,1.0,CANDIDATE_GRAPH
ST001,ST032,9.175,9.175,1.0,CANDIDATE_GRAPH
ST001,ST033,9.479,9.479,1.0,CANDIDATE_GRAPH
ST001,ST034,8.216000000000001,8.216000000000001,1.0,CANDIDATE_GRAPH
ST001,ST035,7.8629999999999995,7.8629999999999995,1.0,CANDIDATE_GRAPH
ST001,ST036,8.507,8.507,1.0,CANDIDATE_GRAPH
ST001,ST037,8.983,8.983,1.0,CANDIDATE_GRAPH
ST001,ST038,9.128,9.128,1.0,CANDIDATE_GRAPH
ST001,ST039,8.889,8.889,1.0,CANDIDATE_GRAPH
ST001,ST040,5.747,5.747,1.0,CANDIDATE_GRAPH
ST001,ST041,10.347999999999999,10.347999999999999,1.0,CANDIDATE_GRAPH
ST001,ST042,7.559,7.559,1.0,CANDIDATE_GRAPH
ST001,ST043,7.173,7.173,1.0,CANDIDATE_GRAPH
ST001,ST044,7.885,7.885,1.0,CANDIDATE_GRAPH
ST001,ST045,6.502,6.502,1.0,CANDIDATE_GRAPH
ST001,ST046,2.998,2.998,1.0,CANDIDATE_GRAPH
ST001,ST047,5.936999999999999,5.936999999999999,1.0,CANDIDATE_GRAPH
ST001,ST048,6.497999999999999,6.497999999999999,1.0,CANDIDATE_GRAPH
ST001,ST049,11.303999999999998,11.303999999999998,1.0,CANDIDATE_GRAPH
ST001,ST050,5.361000000000001,5.361000000000001,1.0,CANDIDATE_GRAPH
ST001,ST051,8.36,8.36,1.0,CANDIDATE_GRAPH
ST001,ST052,6.035,6.035,1.0,CANDIDATE_GRAPH
ST001,ST053,9.285,9.285,1.0,CANDIDATE_GRAPH
ST001,ST054,1.911,1.911,1.0,CANDIDATE_GRAPH
ST001,ST055,10.682,10.682,1.0,CANDIDATE_GRAPH
ST002,ST003,6.181,6.181,1.0,CANDIDATE_GRAPH
ST002,ST004,3.192,3.192,1.0,CANDIDATE_GRAPH
ST002,ST005,2.8,2.8,1.0,CANDIDATE_GRAPH
ST002,ST006,6.542,6.542,1.0,CANDIDATE_GRAPH
ST002,ST007,5.926,5.926,1.0,CANDIDATE_GRAPH
ST002,ST008,7.436,7.436,1.0,CANDIDATE_GRAPH
ST002,ST009,8.268,8.268,1.0,CANDIDATE_GRAPH
ST002,ST010,11.014,11.014,1.0,CANDIDATE_GRAPH
ST002,ST011,3.835,3.835,1.0,CANDIDATE_GRAPH
ST002,ST012,8.983,8.983,1.0,CANDIDATE_GRAPH
ST002,ST013,8.913,8.913,1.0,CANDIDATE_GRAPH
ST002,ST014,9.776,9.776,1.0,CANDIDATE_GRAPH
ST002,ST015,11.305,11.305,1.0,CANDIDATE_GRAPH
ST002,ST016,9.742,9.742,1.0,CANDIDATE_GRAPH
ST002,ST017,4.791,4.791,1.0,CANDIDATE_GRAPH
ST002,ST018,5.961,5.961,1.0,CANDIDATE_GRAPH
ST002,ST019,5.97,5.97,1.0,CANDIDATE_GRAPH
ST002,ST020,7.256,7.256,1.0,CANDIDATE_GRAPH
ST002,ST021,8.542,8.542,1.0,CANDIDATE_GRAPH
ST002,ST022,9.315999999999999,9.315999999999999,1.0,CANDIDATE_GRAPH
ST002,ST023,4.306,4.306,1.0,CANDIDATE_GRAPH
ST002,ST024,11.681,11.681,1.0,CANDIDATE_GRAPH
ST002,ST025,12.596,12.596,1.0,CANDIDATE_GRAPH
ST002,ST026,10.780000000000001,10.780000000000001,1.0,CANDIDATE_GRAPH
ST002,ST027,10.403,10.403,1.0,CANDIDATE_GRAPH
ST002,ST028,11.156,11.156,1.0,CANDIDATE_GRAPH
ST002,ST029,8.350999999999999,8.350999999999999,1.0,CANDIDATE_GRAPH
ST002,ST030,5.355,5.355,1.0,CANDIDATE_GRAPH
ST002,ST031,4.046,4.046,1.0,CANDIDATE_GRAPH
ST002,ST032,8.556,8.556,1.0,CANDIDATE_GRAPH
ST002,ST033,8.86,8.86,1.0,CANDIDATE_GRAPH
ST002,ST034,7.597,7.597,1.0,CANDIDATE_GRAPH
ST002,ST035,7.244,7.244,1.0,CANDIDATE_GRAPH
ST002,ST036,7.888,7.888,1.0,CANDIDATE_GRAPH
ST002,ST037,8.364,8.364,1.0,CANDIDATE_GRAPH
ST002,ST038,8.509,8.509,1.0,CANDIDATE_GRAPH
ST002,ST039,8.284,8.284,1.0,CANDIDATE_GRAPH
ST002,ST040,5.178,5.178,1.0,CANDIDATE_GRAPH
ST002,ST041,9.729,9.729,1.0,CANDIDATE_GRAPH
ST002,ST042,6.94,6.94,1.0,CANDIDATE_GRAPH
ST002,ST043,6.554,6.554,1.0,CANDIDATE_GRAPH
ST002,ST044,7.266,7.266,1.0,CANDIDATE_GRAPH
ST002,ST045,5.883,5.883,1.0,CANDIDATE_GRAPH
ST002,ST046,2.379,2.379,1.0,CANDIDATE_GRAPH
ST002,ST047,5.318,5.318,1.0,CANDIDATE_GRAPH
ST002,ST048,5.879,5.879,1.0,CANDIDATE_GRAPH
ST002,ST049,10.684999999999999,10.684999999999999,1.0,CANDIDATE_GRAPH
ST002,ST050,4.742,4.742,1.0,CANDIDATE_GRAPH
ST002,ST051,7.741,7.741,1.0,CANDIDATE_GRAPH
ST002,ST052,5.430000000000001,5.430000000000001,1.0,CANDIDATE_GRAPH
ST002,ST053,8.666,8.666,1.0,CANDIDATE_GRAPH
ST002,ST054,1.292,1.292,1.0,CANDIDATE_GRAPH
ST002,ST055,10.063,10.063,1.0,CANDIDATE_GRAPH
ST003,ST004,4.263,4.263,1.0,CANDIDATE_GRAPH
ST003,ST005,4.21,4.21,1.0,CANDIDATE_GRAPH
ST003,ST006,12.193999999999999,12.193999999999999,1.0,CANDIDATE_GRAPH
ST003,ST007,11.892,11.892,1.0,CANDIDATE_GRAPH
ST003,ST008,13.004999999999999,13.004999999999999,1.0,CANDIDATE_GRAPH
ST003,ST009,13.838,13.838,1.0,CANDIDATE_GRAPH
ST003,ST010,16.573999999999998,16.573999999999998,1.0,CANDIDATE_GRAPH
ST003,ST011,3.1750000000000003,3.1750000000000003,1.0,CANDIDATE_GRAPH
ST003,ST012,14.213,14.213,1.0,CANDIDATE_GRAPH
ST003,ST013,14.001,14.001,1.0,CANDIDATE_GRAPH
ST003,ST014,15.514999999999999,15.514999999999999,1.0,CANDIDATE_GRAPH
ST003,ST015,17.486,17.486,1.0,CANDIDATE_GRAPH
ST003,ST016,15.472000000000001,15.472000000000001,1.0,CANDIDATE_GRAPH
ST003,ST017,10.538,10.538,1.0,CANDIDATE_GRAPH
ST003,ST018,4.966,4.966,1.0,CANDIDATE_GRAPH
ST003,ST019,4.507,4.507,1.0,CANDIDATE_GRAPH
ST003,ST020,4.917999999999999,4.917999999999999,1.0,CANDIDATE_GRAPH
ST003,ST021,2.859,2.859,1.0,CANDIDATE_GRAPH
ST003,ST022,3.668,3.668,1.0,CANDIDATE_GRAPH
ST003,ST023,4.569,4.569,1.0,CANDIDATE_GRAPH
ST003,ST024,17.862000000000002,17.862000000000002,1.0,CANDIDATE_GRAPH
ST003,ST025,17.835,17.835,1.0,CANDIDATE_GRAPH
ST003,ST026,15.939,15.939,1.0,CANDIDATE_GRAPH
ST003,ST027,15.562,15.562,1.0,CANDIDATE_GRAPH
ST003,ST028,16.302,16.302,1.0,CANDIDATE_GRAPH
ST003,ST029,12.806000000000001,12.806000000000001,1.0,CANDIDATE_GRAPH
ST003,ST030,10.67,10.67,1.0,CANDIDATE_GRAPH
ST003,ST031,8.26,8.26,1.0,CANDIDATE_GRAPH
ST003,ST032,2.946,2.946,1.0,CANDIDATE_GRAPH
ST003,ST033,4.416,4.416,1.0,CANDIDATE_GRAPH
ST003,ST034,9.663,9.663,1.0,CANDIDATE_GRAPH
ST003,ST035,9.31,9.31,1.0,CANDIDATE_GRAPH
ST003,ST036,9.954,9.954,1.0,CANDIDATE_GRAPH
ST003,ST037,9.617,9.617,1.0,CANDIDATE_GRAPH
ST003,ST038,13.952,13.952,1.0,CANDIDATE_GRAPH
ST003,ST039,13.803999999999998,13.803999999999998,1.0,CANDIDATE_GRAPH
ST003,ST040,9.633000000000001,9.633000000000001,1.0,CANDIDATE_GRAPH
ST003,ST041,14.026,14.026,1.0,CANDIDATE_GRAPH
ST003,ST042,12.265,12.265,1.0,CANDIDATE_GRAPH
ST003,ST043,4.734,4.734,1.0,CANDIDATE_GRAPH
ST003,ST044,4.512,4.512,1.0,CANDIDATE_GRAPH
ST003,ST045,4.063,4.063,1.0,CANDIDATE_GRAPH
ST003,ST046,4.543,4.543,1.0,CANDIDATE_GRAPH
ST003,ST047,2.142,2.142,1.0,CANDIDATE_GRAPH
ST003,ST048,4.8629999999999995,4.8629999999999995,1.0,CANDIDATE_GRAPH
ST003,ST049,5.138,5.138,1.0,CANDIDATE_GRAPH
ST003,ST050,2.18,2.18,1.0,CANDIDATE_GRAPH
ST003,ST051,13.376000000000001,13.376000000000001,1.0,CANDIDATE_GRAPH
ST003,ST052,10.95,10.95,1.0,CANDIDATE_GRAPH
ST003,ST053,2.485,2.485,1.0,CANDIDATE_GRAPH
ST003,ST054,5.63,5.63,1.0,CANDIDATE_GRAPH
ST003,ST055,4.683,4.683,1.0,CANDIDATE_GRAPH
ST004,ST005,1.874,1.874,1.0,CANDIDATE_GRAPH
ST004,ST006,8.466,8.466,1.0,CANDIDATE_GRAPH
ST004,ST007,7.85,7.85,1.0,CANDIDATE_GRAPH
ST004,ST008,8.741999999999999,8.741999999999999,1.0,CANDIDATE_GRAPH
ST004,ST009,9.575,9.575,1.0,CANDIDATE_GRAPH
ST004,ST010,12.311,12.311,1.0,CANDIDATE_GRAPH
ST004,ST011,2.231,2.231,1.0,CANDIDATE_GRAPH
ST004,ST012,9.95,9.95,1.0,CANDIDATE_GRAPH
ST004,ST013,10.767,10.767,1.0,CANDIDATE_GRAPH
ST004,ST014,11.329999999999998,11.329999999999998,1.0,CANDIDATE_GRAPH
ST004,ST015,14.497,14.497,1.0,CANDIDATE_GRAPH
ST004,ST016,11.55,11.55,1.0,CANDIDATE_GRAPH
ST004,ST017,6.764,6.764,1.0,CANDIDATE_GRAPH
ST004,ST018,3.3680000000000003,3.3680000000000003,1.0,CANDIDATE_GRAPH
ST004,ST019,2.926,2.926,1.0,CANDIDATE_GRAPH
ST004,ST020,4.663,4.663,1.0,CANDIDATE_GRAPH
ST004,ST021,5.883,5.883,1.0,CANDIDATE_GRAPH
ST004,ST022,6.657,6.657,1.0,CANDIDATE_GRAPH
ST004,ST023,1.713,1.713,1.0,CANDIDATE_GRAPH
ST004,ST024,14.235,14.235,1.0,CANDIDATE_GRAPH
ST004,ST025,13.669,13.669,1.0,CANDIDATE_GRAPH
ST004,ST026,11.747,11.747,1.0,CANDIDATE_GRAPH
ST004,ST027,11.37,11.37,1.0,CANDIDATE_GRAPH
ST004,ST028,13.012,13.012,1.0,CANDIDATE_GRAPH
ST004,ST029,9.373999999999999,9.373999999999999,1.0,CANDIDATE_GRAPH
ST004,ST030,7.077,7.077,1.0,CANDIDATE_GRAPH
ST004,ST031,3.997,3.997,1.0,CANDIDATE_GRAPH
ST004,ST032,5.657,5.657,1.0,CANDIDATE_GRAPH
ST004,ST033,6.271,6.271,1.0,CANDIDATE_GRAPH
ST004,ST034,5.987,5.987,1.0,CANDIDATE_GRAPH
ST004,ST035,5.634,5.634,1.0,CANDIDATE_GRAPH
ST004,ST036,6.252,6.252,1.0,CANDIDATE_GRAPH
ST004,ST037,6.728,6.728,1.0,CANDIDATE_GRAPH
ST004,ST038,9.841000000000001,9.841000000000001,1.0,CANDIDATE_GRAPH
ST004,ST039,9.541,9.541,1.0,CANDIDATE_GRAPH
ST004,ST040,6.399,6.399,1.0,CANDIDATE_GRAPH
ST004,ST041,10.89,10.89,1.0,CANDIDATE_GRAPH
ST004,ST042,8.272,8.272,1.0,CANDIDATE_GRAPH
ST004,ST043,3.945,3.945,1.0,CANDIDATE_GRAPH
ST004,ST044,4.673,4.673,1.0,CANDIDATE_GRAPH
ST004,ST045,3.29,3.29,1.0,CANDIDATE_GRAPH
ST004,ST046,1.366,1.366,1.0,CANDIDATE_GRAPH
ST004,ST047,2.617,2.617,1.0,CANDIDATE_GRAPH
ST004,ST048,3.286,3.286,1.0,CANDIDATE_GRAPH
ST004,ST049,7.854,7.854,1.0,CANDIDATE_GRAPH
ST004,ST050,2.083,2.083,1.0,CANDIDATE_GRAPH
ST004,ST051,10.071,10.071,1.0,CANDIDATE_GRAPH
ST004,ST052,6.686999999999999,6.686999999999999,1.0,CANDIDATE_GRAPH
ST004,ST053,6.257,6.257,1.0,CANDIDATE_GRAPH
ST004,ST054,2.4530000000000003,2.4530000000000003,1.0,CANDIDATE_GRAPH
ST004,ST055,7.399,7.399,1.0,CANDIDATE_GRAPH
ST005,ST006,8.471,8.471,1.0,CANDIDATE_GRAPH
ST005,ST007,8.514,8.514,1.0,CANDIDATE_GRAPH
ST005,ST008,9.522,9.522,1.0,CANDIDATE_GRAPH
ST005,ST009,10.355,10.355,1.0,CANDIDATE_GRAPH
ST005,ST010,12.924,12.924,1.0,CANDIDATE_GRAPH
ST005,ST011,1.035,1.035,1.0,CANDIDATE_GRAPH
ST005,ST012,10.931000000000001,10.931000000000001,1.0,CANDIDATE_GRAPH
ST005,ST013,10.277999999999999,10.277999999999999,1.0,CANDIDATE_GRAPH
ST005,ST014,11.593,11.593,1.0,CANDIDATE_GRAPH
ST005,ST015,14.105,14.105,1.0,CANDIDATE_GRAPH
ST005,ST016,11.420000000000002,11.420000000000002,1.0,CANDIDATE_GRAPH
ST005,ST017,7.16,7.16,1.0,CANDIDATE_GRAPH
ST005,ST018,4.208,4.208,1.0,CANDIDATE_GRAPH
ST005,ST019,4.217,4.217,1.0,CANDIDATE_GRAPH
ST005,ST020,5.8870000000000005,5.8870000000000005,1.0,CANDIDATE_GRAPH
ST005,ST021,5.83,5.83,1.0,CANDIDATE_GRAPH
ST005,ST022,6.603999999999999,6.603999999999999,1.0,CANDIDATE_GRAPH
ST005,ST023,2.553,2.553,1.0,CANDIDATE_GRAPH
ST005,ST024,14.481,14.481,1.0,CANDIDATE_GRAPH
ST005,ST025,14.257,14.257,1.0,CANDIDATE_GRAPH
ST005,ST026,12.216,12.216,1.0,CANDIDATE_GRAPH
ST005,ST027,11.838999999999999,11.838999999999999,1.0,CANDIDATE_GRAPH
ST005,ST028,12.879999999999999,12.879999999999999,1.0,CANDIDATE_GRAPH
ST005,ST029,9.242,9.242,1.0,CANDIDATE_GRAPH
ST005,ST030,6.947,6.947,1.0,CANDIDATE_GRAPH
ST005,ST031,4.886,4.886,1.0,CANDIDATE_GRAPH
ST005,ST032,6.2940000000000005,6.2940000000000005,1.0,CANDIDATE_GRAPH
ST005,ST033,7.767,7.767,1.0,CANDIDATE_GRAPH
ST005,ST034,6.876,6.876,1.0,CANDIDATE_GRAPH
ST005,ST035,6.523,6.523,1.0,CANDIDATE_GRAPH
ST005,ST036,7.141,7.141,1.0,CANDIDATE_GRAPH
ST005,ST037,7.617,7.617,1.0,CANDIDATE_GRAPH
ST005,ST038,10.229,10.229,1.0,CANDIDATE_GRAPH
ST005,ST039,10.327,10.327,1.0,CANDIDATE_GRAPH
ST005,ST040,6.55,6.55,1.0,CANDIDATE_GRAPH
ST005,ST041,9.945,9.945,1.0,CANDIDATE_GRAPH
ST005,ST042,8.542,8.542,1.0,CANDIDATE_GRAPH
ST005,ST043,5.481999999999999,5.481999999999999,1.0,CANDIDATE_GRAPH
ST005,ST044,6.181,6.181,1.0,CANDIDATE_GRAPH
ST005,ST045,4.8629999999999995,4.8629999999999995,1.0,CANDIDATE_GRAPH
ST005,ST046,0.508,0.508,1.0,CANDIDATE_GRAPH
ST005,ST047,2.676,2.676,1.0,CANDIDATE_GRAPH
ST005,ST048,4.175,4.175,1.0,CANDIDATE_GRAPH
ST005,ST049,8.764,8.764,1.0,CANDIDATE_GRAPH
ST005,ST050,2.03,2.03,1.0,CANDIDATE_GRAPH
ST005,ST051,10.541,10.541,1.0,CANDIDATE_GRAPH
ST005,ST052,7.5760000000000005,7.5760000000000005,1.0,CANDIDATE_GRAPH
ST005,ST053,5.885,5.885,1.0,CANDIDATE_GRAPH
ST005,ST054,1.508,1.508,1.0,CANDIDATE_GRAPH
ST005,ST055,8.206999999999999,8.206999999999999,1.0,CANDIDATE_GRAPH
ST006,ST007,0.616,0.616,1.0,CANDIDATE_GRAPH
ST006,ST008,1.951,1.951,1.0,CANDIDATE_GRAPH
ST006,ST009,2.599,2.599,1.0,CANDIDATE_GRAPH
ST006,ST010,8.397,8.397,1.0,CANDIDATE_GRAPH
ST006,ST011,9.333,9.333,1.0,CANDIDATE_GRAPH
ST006,ST012,8.139,8.139,1.0,CANDIDATE_GRAPH
ST006,ST013,8.849,8.849,1.0,CANDIDATE_GRAPH
ST006,ST014,9.518999999999998,9.518999999999998,1.0,CANDIDATE_GRAPH
ST006,ST015,6.311,6.311,1.0,CANDIDATE_GRAPH
ST006,ST016,4.19,4.19,1.0,CANDIDATE_GRAPH
ST006,ST017,1.97,1.97,1.0,CANDIDATE_GRAPH
ST006,ST018,8.359,8.359,1.0,CANDIDATE_GRAPH
ST006,ST019,8.03,8.03,1.0,CANDIDATE_GRAPH
ST006,ST020,9.694,9.694,1.0,CANDIDATE_GRAPH
ST006,ST021,13.761999999999999,13.761999999999999,1.0,CANDIDATE_GRAPH
ST006,ST022,13.718,13.718,1.0,CANDIDATE_GRAPH
ST006,ST023,8.08,8.08,1.0,CANDIDATE_GRAPH
ST006,ST024,6.687,6.687,1.0,CANDIDATE_GRAPH
ST006,ST025,6.309,6.309,1.0,CANDIDATE_GRAPH
ST006,ST026,8.185,8.185,1.0,CANDIDATE_GRAPH
ST006,ST027,8.014,8.014,1.0,CANDIDATE_GRAPH
ST006,ST028,7.615,7.615,1.0,CANDIDATE_GRAPH
ST006,ST029,3.2479999999999998,3.2479999999999998,1.0,CANDIDATE_GRAPH
ST006,ST030,2.299,2.299,1.0,CANDIDATE_GRAPH
ST006,ST031,4.468999999999999,4.468999999999999,1.0,CANDIDATE_GRAPH
ST006,ST032,11.421,11.421,1.0,CANDIDATE_GRAPH
ST006,ST033,11.281,11.281,1.0,CANDIDATE_GRAPH
ST006,ST034,5.936,5.936,1.0,CANDIDATE_GRAPH
ST006,ST035,5.582999999999999,5.582999999999999,1.0,CANDIDATE_GRAPH
ST006,ST036,6.226999999999999,6.226999999999999,1.0,CANDIDATE_GRAPH
ST006,ST037,6.702999999999999,6.702999999999999,1.0,CANDIDATE_GRAPH
ST006,ST038,2.199,2.199,1.0,CANDIDATE_GRAPH
ST006,ST039,2.245,2.245,1.0,CANDIDATE_GRAPH
ST006,ST040,3.134,3.134,1.0,CANDIDATE_GRAPH
ST006,ST041,3.951,3.951,1.0,CANDIDATE_GRAPH
ST006,ST042,0.594,0.594,1.0,CANDIDATE_GRAPH
ST006,ST043,8.959,8.959,1.0,CANDIDATE_GRAPH
ST006,ST044,9.693,9.693,1.0,CANDIDATE_GRAPH
ST006,ST045,8.46,8.46,1.0,CANDIDATE_GRAPH
ST006,ST046,8.05,8.05,1.0,CANDIDATE_GRAPH
ST006,ST047,10.742999999999999,10.742999999999999,1.0,CANDIDATE_GRAPH
ST006,ST048,8.3,8.3,1.0,CANDIDATE_GRAPH
ST006,ST049,15.919999999999998,15.919999999999998,1.0,CANDIDATE_GRAPH
ST006,ST050,10.014,10.014,1.0,CANDIDATE_GRAPH
ST006,ST051,2.665,2.665,1.0,CANDIDATE_GRAPH
ST006,ST052,1.779,1.779,1.0,CANDIDATE_GRAPH
ST006,ST053,14.136,14.136,1.0,CANDIDATE_GRAPH
ST006,ST054,6.963,6.963,1.0,CANDIDATE_GRAPH
ST006,ST055,15.695,15.695,1.0,CANDIDATE_GRAPH
ST007,ST008,2.567,2.567,1.0,CANDIDATE_GRAPH
ST007,ST009,3.2150000000000003,3.2150000000000003,1.0,CANDIDATE_GRAPH
ST007,ST010,9.013,9.013,1.0,CANDIDATE_GRAPH
ST007,ST011,8.717,8.717,1.0,CANDIDATE_GRAPH
ST007,ST012,8.754999999999999,8.754999999999999,1.0,CANDIDATE_GRAPH
ST007,ST013,9.465,9.465,1.0,CANDIDATE_GRAPH
ST007,ST014,10.134999999999998,10.134999999999998,1.0,CANDIDATE_GRAPH
ST007,ST015,6.924,6.924,1.0,CANDIDATE_GRAPH
ST007,ST016,4.806,4.806,1.0,CANDIDATE_GRAPH
ST007,ST017,1.354,1.354,1.0,CANDIDATE_GRAPH
ST007,ST018,7.798,7.798,1.0,CANDIDATE_GRAPH
ST007,ST019,8.073,8.073,1.0,CANDIDATE_GRAPH
ST007,ST020,9.545000000000002,9.545000000000002,1.0,CANDIDATE_GRAPH
ST007,ST021,13.145999999999999,13.145999999999999,1.0,CANDIDATE_GRAPH
ST007,ST022,13.102,13.102,1.0,CANDIDATE_GRAPH
ST007,ST023,7.584,7.584,1.0,CANDIDATE_GRAPH
ST007,ST024,7.300000000000001,7.300000000000001,1.0,CANDIDATE_GRAPH
ST007,ST025,6.925,6.925,1.0,CANDIDATE_GRAPH
ST007,ST026,8.801,8.801,1.0,CANDIDATE_GRAPH
ST007,ST027,8.629999999999999,8.629999999999999,1.0,CANDIDATE_GRAPH
ST007,ST028,8.231,8.231,1.0,CANDIDATE_GRAPH
ST007,ST029,3.864,3.864,1.0,CANDIDATE_GRAPH
ST007,ST030,1.683,1.683,1.0,CANDIDATE_GRAPH
ST007,ST031,3.8529999999999998,3.8529999999999998,1.0,CANDIDATE_GRAPH
ST007,ST032,11.463999999999999,11.463999999999999,1.0,CANDIDATE_GRAPH
ST007,ST033,11.185,11.185,1.0,CANDIDATE_GRAPH
ST007,ST034,5.32,5.32,1.0,CANDIDATE_GRAPH
ST007,ST035,4.967,4.967,1.0,CANDIDATE_GRAPH
ST007,ST036,5.611,5.611,1.0,CANDIDATE_GRAPH
ST007,ST037,6.087,6.087,1.0,CANDIDATE_GRAPH
ST007,ST038,2.815,2.815,1.0,CANDIDATE_GRAPH
ST007,ST039,2.861,2.861,1.0,CANDIDATE_GRAPH
ST007,ST040,3.004,3.004,1.0,CANDIDATE_GRAPH
ST007,ST041,4.567,4.567,1.0,CANDIDATE_GRAPH
ST007,ST042,1.21,1.21,1.0,CANDIDATE_GRAPH
ST007,ST043,8.886,8.886,1.0,CANDIDATE_GRAPH
ST007,ST044,9.587,9.587,1.0,CANDIDATE_GRAPH
ST007,ST045,8.393,8.393,1.0,CANDIDATE_GRAPH
ST007,ST046,8.093,8.093,1.0,CANDIDATE_GRAPH
ST007,ST047,10.358,10.358,1.0,CANDIDATE_GRAPH
ST007,ST048,8.222,8.222,1.0,CANDIDATE_GRAPH
ST007,ST049,15.534,15.534,1.0,CANDIDATE_GRAPH
ST007,ST050,9.712,9.712,1.0,CANDIDATE_GRAPH
ST007,ST051,3.281,3.281,1.0,CANDIDATE_GRAPH
ST007,ST052,1.163,1.163,1.0,CANDIDATE_GRAPH
ST007,ST053,13.52,13.52,1.0,CANDIDATE_GRAPH
ST007,ST054,7.006,7.006,1.0,CANDIDATE_GRAPH
ST007,ST055,15.079,15.079,1.0,CANDIDATE_GRAPH
ST008,ST009,1.712,1.712,1.0,CANDIDATE_GRAPH
ST008,ST010,9.519,9.519,1.0,CANDIDATE_GRAPH
ST008,ST011,9.982,9.982,1.0,CANDIDATE_GRAPH
ST008,ST012,9.058,9.058,1.0,CANDIDATE_GRAPH
ST008,ST013,9.875,9.875,1.0,CANDIDATE_GRAPH
ST008,ST014,10.437999999999999,10.437999999999999,1.0,CANDIDATE_GRAPH
ST008,ST015,6.807,6.807,1.0,CANDIDATE_GRAPH
ST008,ST016,5.244,5.244,1.0,CANDIDATE_GRAPH
ST008,ST017,2.645,2.645,1.0,CANDIDATE_GRAPH
ST008,ST018,8.593,8.593,1.0,CANDIDATE_GRAPH
ST008,ST019,9.07,9.07,1.0,CANDIDATE_GRAPH
ST008,ST020,10.251000000000001,10.251000000000001,1.0,CANDIDATE_GRAPH
ST008,ST021,14.038,14.038,1.0,CANDIDATE_GRAPH
ST008,ST022,13.994,13.994,1.0,CANDIDATE_GRAPH
ST008,ST023,8.475999999999999,8.475999999999999,1.0,CANDIDATE_GRAPH
ST008,ST024,7.183000000000001,7.183000000000001,1.0,CANDIDATE_GRAPH
ST008,ST025,7.469,7.469,1.0,CANDIDATE_GRAPH
ST008,ST026,9.104,9.104,1.0,CANDIDATE_GRAPH
ST008,ST027,8.933,8.933,1.0,CANDIDATE_GRAPH
ST008,ST028,8.534,8.534,1.0,CANDIDATE_GRAPH
ST008,ST029,4.389,4.389,1.0,CANDIDATE_GRAPH
ST008,ST030,2.575,2.575,1.0,CANDIDATE_GRAPH
ST008,ST031,4.745,4.745,1.0,CANDIDATE_GRAPH
ST008,ST032,12.461,12.461,1.0,CANDIDATE_GRAPH
ST008,ST033,10.699,10.699,1.0,CANDIDATE_GRAPH
ST008,ST034,5.212,5.212,1.0,CANDIDATE_GRAPH
ST008,ST035,4.859,4.859,1.0,CANDIDATE_GRAPH
ST008,ST036,4.468,4.468,1.0,CANDIDATE_GRAPH
ST008,ST037,4.944,4.944,1.0,CANDIDATE_GRAPH
ST008,ST038,1.312,1.312,1.0,CANDIDATE_GRAPH
ST008,ST039,1.41,1.41,1.0,CANDIDATE_GRAPH
ST008,ST040,4.106,4.106,1.0,CANDIDATE_GRAPH
ST008,ST041,5.243,5.243,1.0,CANDIDATE_GRAPH
ST008,ST042,2.105,2.105,1.0,CANDIDATE_GRAPH
ST008,ST043,9.778,9.778,1.0,CANDIDATE_GRAPH
ST008,ST044,9.845,9.845,1.0,CANDIDATE_GRAPH
ST008,ST045,9.285,9.285,1.0,CANDIDATE_GRAPH
ST008,ST046,9.100999999999999,9.100999999999999,1.0,CANDIDATE_GRAPH
ST008,ST047,11.359000000000002,11.359000000000002,1.0,CANDIDATE_GRAPH
ST008,ST048,9.114,9.114,1.0,CANDIDATE_GRAPH
ST008,ST049,16.426,16.426,1.0,CANDIDATE_GRAPH
ST008,ST050,10.825000000000001,10.825000000000001,1.0,CANDIDATE_GRAPH
ST008,ST051,3.584,3.584,1.0,CANDIDATE_GRAPH
ST008,ST052,2.055,2.055,1.0,CANDIDATE_GRAPH
ST008,ST053,14.412,14.412,1.0,CANDIDATE_GRAPH
ST008,ST054,8.014,8.014,1.0,CANDIDATE_GRAPH
ST008,ST055,15.971,15.971,1.0,CANDIDATE_GRAPH
ST009,ST010,9.691,9.691,1.0,CANDIDATE_GRAPH
ST009,ST011,10.815,10.815,1.0,CANDIDATE_GRAPH
ST009,ST012,9.23,9.23,1.0,CANDIDATE_GRAPH
ST009,ST013,9.533,9.533,1.0,CANDIDATE_GRAPH
ST009,ST014,10.61,10.61,1.0,CANDIDATE_GRAPH
ST009,ST015,5.902,5.902,1.0,CANDIDATE_GRAPH
ST009,ST016,4.339,4.339,1.0,CANDIDATE_GRAPH
ST009,ST017,3.477,3.477,1.0,CANDIDATE_GRAPH
ST009,ST018,9.523,9.523,1.0,CANDIDATE_GRAPH
ST009,ST019,10.0,10.0,1.0,CANDIDATE_GRAPH
ST009,ST020,10.26,10.26,1.0,CANDIDATE_GRAPH
ST009,ST021,14.870999999999999,14.870999999999999,1.0,CANDIDATE_GRAPH
ST009,ST022,14.827,14.827,1.0,CANDIDATE_GRAPH
ST009,ST023,9.309,9.309,1.0,CANDIDATE_GRAPH
ST009,ST024,6.2780000000000005,6.2780000000000005,1.0,CANDIDATE_GRAPH
ST009,ST025,6.963,6.963,1.0,CANDIDATE_GRAPH
ST009,ST026,9.276,9.276,1.0,CANDIDATE_GRAPH
ST009,ST027,9.105,9.105,1.0,CANDIDATE_GRAPH
ST009,ST028,7.906,7.906,1.0,CANDIDATE_GRAPH
ST009,ST029,4.562,4.562,1.0,CANDIDATE_GRAPH
ST009,ST030,3.408,3.408,1.0,CANDIDATE_GRAPH
ST009,ST031,5.577999999999999,5.577999999999999,1.0,CANDIDATE_GRAPH
ST009,ST032,12.789,12.789,1.0,CANDIDATE_GRAPH
ST009,ST033,10.708,10.708,1.0,CANDIDATE_GRAPH
ST009,ST034,5.311,5.311,1.0,CANDIDATE_GRAPH
ST009,ST035,5.085,5.085,1.0,CANDIDATE_GRAPH
ST009,ST036,4.477,4.477,1.0,CANDIDATE_GRAPH
ST009,ST037,4.953,4.953,1.0,CANDIDATE_GRAPH
ST009,ST038,0.744,0.744,1.0,CANDIDATE_GRAPH
ST009,ST039,0.792,0.792,1.0,CANDIDATE_GRAPH
ST009,ST040,4.939,4.939,1.0,CANDIDATE_GRAPH
ST009,ST041,4.947,4.947,1.0,CANDIDATE_GRAPH
ST009,ST042,2.781,2.781,1.0,CANDIDATE_GRAPH
ST009,ST043,9.831,9.831,1.0,CANDIDATE_GRAPH
ST009,ST044,9.854,9.854,1.0,CANDIDATE_GRAPH
ST009,ST045,9.928,9.928,1.0,CANDIDATE_GRAPH
ST009,ST046,9.934,9.934,1.0,CANDIDATE_GRAPH
ST009,ST047,12.192,12.192,1.0,CANDIDATE_GRAPH
ST009,ST048,9.947,9.947,1.0,CANDIDATE_GRAPH
ST009,ST049,17.181,17.181,1.0,CANDIDATE_GRAPH
ST009,ST050,11.658,11.658,1.0,CANDIDATE_GRAPH
ST009,ST051,3.757,3.757,1.0,CANDIDATE_GRAPH
ST009,ST052,2.888,2.888,1.0,CANDIDATE_GRAPH
ST009,ST053,15.245,15.245,1.0,CANDIDATE_GRAPH
ST009,ST054,8.847,8.847,1.0,CANDIDATE_GRAPH
ST009,ST055,16.804,16.804,1.0,CANDIDATE_GRAPH
ST010,ST011,13.551,13.551,1.0,CANDIDATE_GRAPH
ST010,ST012,2.361,2.361,1.0,CANDIDATE_GRAPH
ST010,ST013,2.646,2.646,1.0,CANDIDATE_GRAPH
ST010,ST014,1.525,1.525,1.0,CANDIDATE_GRAPH
ST010,ST015,11.921,11.921,1.0,CANDIDATE_GRAPH
ST010,ST016,9.129999999999999,9.129999999999999,1.0,CANDIDATE_GRAPH
ST010,ST017,9.126000000000001,9.126000000000001,1.0,CANDIDATE_GRAPH
ST010,ST018,13.603,13.603,1.0,CANDIDATE_GRAPH
ST010,ST019,14.08,14.08,1.0,CANDIDATE_GRAPH
ST010,ST020,15.286,15.286,1.0,CANDIDATE_GRAPH
ST010,ST021,18.194,18.194,1.0,CANDIDATE_GRAPH
ST010,ST022,18.907,18.907,1.0,CANDIDATE_GRAPH
ST010,ST023,13.389,13.389,1.0,CANDIDATE_GRAPH
ST010,ST024,11.545,11.545,1.0,CANDIDATE_GRAPH
ST010,ST025,10.313,10.313,1.0,CANDIDATE_GRAPH
ST010,ST026,1.22,1.22,1.0,CANDIDATE_GRAPH
ST010,ST027,1.085,1.085,1.0,CANDIDATE_GRAPH
ST010,ST028,3.734,3.734,1.0,CANDIDATE_GRAPH
ST010,ST029,6.442,6.442,1.0,CANDIDATE_GRAPH
ST010,ST030,9.083,9.083,1.0,CANDIDATE_GRAPH
ST010,ST031,9.658,9.658,1.0,CANDIDATE_GRAPH
ST010,ST032,17.471,17.471,1.0,CANDIDATE_GRAPH
ST010,ST033,16.826,16.826,1.0,CANDIDATE_GRAPH
ST010,ST034,13.684999999999999,13.684999999999999,1.0,CANDIDATE_GRAPH
ST010,ST035,13.248999999999999,13.248999999999999,1.0,CANDIDATE_GRAPH
ST010,ST036,13.867,13.867,1.0,CANDIDATE_GRAPH
ST010,ST037,14.338999999999999,14.338999999999999,1.0,CANDIDATE_GRAPH
ST010,ST038,9.372,9.372,1.0,CANDIDATE_GRAPH
ST010,ST039,9.47,9.47,1.0,CANDIDATE_GRAPH
ST010,ST040,7.454,7.454,1.0,CANDIDATE_GRAPH
ST010,ST041,9.27,9.27,1.0,CANDIDATE_GRAPH
ST010,ST042,7.803,7.803,1.0,CANDIDATE_GRAPH
ST010,ST043,14.494,14.494,1.0,CANDIDATE_GRAPH
ST010,ST044,15.228,15.228,1.0,CANDIDATE_GRAPH
ST010,ST045,14.021999999999998,14.021999999999998,1.0,CANDIDATE_GRAPH
ST010,ST046,12.503,12.503,1.0,CANDIDATE_GRAPH
ST010,ST047,14.928,14.928,1.0,CANDIDATE_GRAPH
ST010,ST048,13.835,13.835,1.0,CANDIDATE_GRAPH
ST010,ST049,20.165,20.165,1.0,CANDIDATE_GRAPH
ST010,ST050,14.394,14.394,1.0,CANDIDATE_GRAPH
ST010,ST051,7.611,7.611,1.0,CANDIDATE_GRAPH
ST010,ST052,9.414,9.414,1.0,CANDIDATE_GRAPH
ST010,ST053,18.401,18.401,1.0,CANDIDATE_GRAPH
ST010,ST054,11.416,11.416,1.0,CANDIDATE_GRAPH
ST010,ST055,19.71,19.71,1.0,CANDIDATE_GRAPH
ST011,ST012,11.19,11.19,1.0,CANDIDATE_GRAPH
ST011,ST013,11.312999999999999,11.312999999999999,1.0,CANDIDATE_GRAPH
ST011,ST014,12.57,12.57,1.0,CANDIDATE_GRAPH
ST011,ST015,15.14,15.14,1.0,CANDIDATE_GRAPH
ST011,ST016,12.455000000000002,12.455000000000002,1.0,CANDIDATE_GRAPH
ST011,ST017,7.363,7.363,1.0,CANDIDATE_GRAPH
ST011,ST018,3.576,3.576,1.0,CANDIDATE_GRAPH
ST011,ST019,3.322,3.322,1.0,CANDIDATE_GRAPH
ST011,ST020,4.958,4.958,1.0,CANDIDATE_GRAPH
ST011,ST021,4.795,4.795,1.0,CANDIDATE_GRAPH
ST011,ST022,5.569,5.569,1.0,CANDIDATE_GRAPH
ST011,ST023,1.921,1.921,1.0,CANDIDATE_GRAPH
ST011,ST024,15.33,15.33,1.0,CANDIDATE_GRAPH
ST011,ST025,14.909,14.909,1.0,CANDIDATE_GRAPH
ST011,ST026,12.987,12.987,1.0,CANDIDATE_GRAPH
ST011,ST027,12.61,12.61,1.0,CANDIDATE_GRAPH
ST011,ST028,13.654,13.654,1.0,CANDIDATE_GRAPH
ST011,ST029,9.925,9.925,1.0,CANDIDATE_GRAPH
ST011,ST030,7.9270000000000005,7.9270000000000005,1.0,CANDIDATE_GRAPH
ST011,ST031,5.237,5.237,1.0,CANDIDATE_GRAPH
ST011,ST032,5.259,5.259,1.0,CANDIDATE_GRAPH
ST011,ST033,6.732,6.732,1.0,CANDIDATE_GRAPH
ST011,ST034,7.227,7.227,1.0,CANDIDATE_GRAPH
ST011,ST035,6.874,6.874,1.0,CANDIDATE_GRAPH
ST011,ST036,7.492,7.492,1.0,CANDIDATE_GRAPH
ST011,ST037,7.968,7.968,1.0,CANDIDATE_GRAPH
ST011,ST038,11.081,11.081,1.0,CANDIDATE_GRAPH
ST011,ST039,10.780999999999999,10.780999999999999,1.0,CANDIDATE_GRAPH
ST011,ST040,7.585,7.585,1.0,CANDIDATE_GRAPH
ST011,ST041,10.98,10.98,1.0,CANDIDATE_GRAPH
ST011,ST042,9.512,9.512,1.0,CANDIDATE_GRAPH
ST011,ST043,4.475,4.475,1.0,CANDIDATE_GRAPH
ST011,ST044,5.146,5.146,1.0,CANDIDATE_GRAPH
ST011,ST045,3.828,3.828,1.0,CANDIDATE_GRAPH
ST011,ST046,1.543,1.543,1.0,CANDIDATE_GRAPH
ST011,ST047,1.641,1.641,1.0,CANDIDATE_GRAPH
ST011,ST048,3.624,3.624,1.0,CANDIDATE_GRAPH
ST011,ST049,7.729,7.729,1.0,CANDIDATE_GRAPH
ST011,ST050,0.995,0.995,1.0,CANDIDATE_GRAPH
ST011,ST051,10.728,10.728,1.0,CANDIDATE_GRAPH
ST011,ST052,7.927,7.927,1.0,CANDIDATE_GRAPH
ST011,ST053,4.85,4.85,1.0,CANDIDATE_GRAPH
ST011,ST054,2.543,2.543,1.0,CANDIDATE_GRAPH
ST011,ST055,7.172,7.172,1.0,CANDIDATE_GRAPH
ST012,ST013,0.817,0.817,1.0,CANDIDATE_GRAPH
ST012,ST014,1.38,1.38,1.0,CANDIDATE_GRAPH
ST012,ST015,13.075999999999999,13.075999999999999,1.0,CANDIDATE_GRAPH
ST012,ST016,10.015,10.015,1.0,CANDIDATE_GRAPH
ST012,ST017,9.461,9.461,1.0,CANDIDATE_GRAPH
ST012,ST018,13.318,13.318,1.0,CANDIDATE_GRAPH
ST012,ST019,12.876,12.876,1.0,CANDIDATE_GRAPH
ST012,ST020,14.612999999999998,14.612999999999998,1.0,CANDIDATE_GRAPH
ST012,ST021,15.832999999999998,15.832999999999998,1.0,CANDIDATE_GRAPH
ST012,ST022,16.607,16.607,1.0,CANDIDATE_GRAPH
ST012,ST023,11.663,11.663,1.0,CANDIDATE_GRAPH
ST012,ST024,12.7,12.7,1.0,CANDIDATE_GRAPH
ST012,ST025,11.469,11.469,1.0,CANDIDATE_GRAPH
ST012,ST026,1.797,1.797,1.0,CANDIDATE_GRAPH
ST012,ST027,1.42,1.42,1.0,CANDIDATE_GRAPH
ST012,ST028,4.89,4.89,1.0,CANDIDATE_GRAPH
ST012,ST029,5.571,5.571,1.0,CANDIDATE_GRAPH
ST012,ST030,10.025,10.025,1.0,CANDIDATE_GRAPH
ST012,ST031,10.814,10.814,1.0,CANDIDATE_GRAPH
ST012,ST032,15.607,15.607,1.0,CANDIDATE_GRAPH
ST012,ST033,16.220999999999997,16.220999999999997,1.0,CANDIDATE_GRAPH
ST012,ST034,14.075,14.075,1.0,CANDIDATE_GRAPH
ST012,ST035,13.671,13.671,1.0,CANDIDATE_GRAPH
ST012,ST036,13.526,13.526,1.0,CANDIDATE_GRAPH
ST012,ST037,14.001999999999999,14.001999999999999,1.0,CANDIDATE_GRAPH
ST012,ST038,9.794,9.794,1.0,CANDIDATE_GRAPH
ST012,ST039,9.892,9.892,1.0,CANDIDATE_GRAPH
ST012,ST040,8.61,8.61,1.0,CANDIDATE_GRAPH
ST012,ST041,8.709,8.709,1.0,CANDIDATE_GRAPH
ST012,ST042,8.225,8.225,1.0,CANDIDATE_GRAPH
ST012,ST043,13.895,13.895,1.0,CANDIDATE_GRAPH
ST012,ST044,14.622999999999998,14.622999999999998,1.0,CANDIDATE_GRAPH
ST012,ST045,13.239999999999998,13.239999999999998,1.0,CANDIDATE_GRAPH
ST012,ST046,10.51,10.51,1.0,CANDIDATE_GRAPH
ST012,ST047,12.567,12.567,1.0,CANDIDATE_GRAPH
ST012,ST048,13.235999999999999,13.235999999999999,1.0,CANDIDATE_GRAPH
ST012,ST049,17.804,17.804,1.0,CANDIDATE_GRAPH
ST012,ST050,12.033,12.033,1.0,CANDIDATE_GRAPH
ST012,ST051,7.279,7.279,1.0,CANDIDATE_GRAPH
ST012,ST052,9.835999999999999,9.835999999999999,1.0,CANDIDATE_GRAPH
ST012,ST053,16.04,16.04,1.0,CANDIDATE_GRAPH
ST012,ST054,9.423,9.423,1.0,CANDIDATE_GRAPH
ST012,ST055,17.349,17.349,1.0,CANDIDATE_GRAPH
ST013,ST014,1.514,1.514,1.0,CANDIDATE_GRAPH
ST013,ST015,13.106,13.106,1.0,CANDIDATE_GRAPH
ST013,ST016,10.045,10.045,1.0,CANDIDATE_GRAPH
ST013,ST017,9.602,9.602,1.0,CANDIDATE_GRAPH
ST013,ST018,13.437999999999999,13.437999999999999,1.0,CANDIDATE_GRAPH
ST013,ST019,13.447,13.447,1.0,CANDIDATE_GRAPH
ST013,ST020,15.116999999999999,15.116999999999999,1.0,CANDIDATE_GRAPH
ST013,ST021,15.620999999999999,15.620999999999999,1.0,CANDIDATE_GRAPH
ST013,ST022,16.395,16.395,1.0,CANDIDATE_GRAPH
ST013,ST023,11.783,11.783,1.0,CANDIDATE_GRAPH
ST013,ST024,12.73,12.73,1.0,CANDIDATE_GRAPH
ST013,ST025,11.61,11.61,1.0,CANDIDATE_GRAPH
ST013,ST026,1.938,1.938,1.0,CANDIDATE_GRAPH
ST013,ST027,1.561,1.561,1.0,CANDIDATE_GRAPH
ST013,ST028,5.031,5.031,1.0,CANDIDATE_GRAPH
ST013,ST029,5.601,5.601,1.0,CANDIDATE_GRAPH
ST013,ST030,10.166,10.166,1.0,CANDIDATE_GRAPH
ST013,ST031,10.955,10.955,1.0,CANDIDATE_GRAPH
ST013,ST032,16.034,16.034,1.0,CANDIDATE_GRAPH
ST013,ST033,17.037999999999997,17.037999999999997,1.0,CANDIDATE_GRAPH
ST013,ST034,14.137,14.137,1.0,CANDIDATE_GRAPH
ST013,ST035,13.701,13.701,1.0,CANDIDATE_GRAPH
ST013,ST036,13.61,13.61,1.0,CANDIDATE_GRAPH
ST013,ST037,14.085999999999999,14.085999999999999,1.0,CANDIDATE_GRAPH
ST013,ST038,9.824,9.824,1.0,CANDIDATE_GRAPH
ST013,ST039,9.922,9.922,1.0,CANDIDATE_GRAPH
ST013,ST040,8.751,8.751,1.0,CANDIDATE_GRAPH
ST013,ST041,8.739,8.739,1.0,CANDIDATE_GRAPH
ST013,ST042,8.254999999999999,8.254999999999999,1.0,CANDIDATE_GRAPH
ST013,ST043,14.712,14.712,1.0,CANDIDATE_GRAPH
ST013,ST044,15.439999999999998,15.439999999999998,1.0,CANDIDATE_GRAPH
ST013,ST045,14.056999999999999,14.056999999999999,1.0,CANDIDATE_GRAPH
ST013,ST046,9.857,9.857,1.0,CANDIDATE_GRAPH
ST013,ST047,12.549999999999999,12.549999999999999,1.0,CANDIDATE_GRAPH
ST013,ST048,13.524,13.524,1.0,CANDIDATE_GRAPH
ST013,ST049,18.162999999999997,18.162999999999997,1.0,CANDIDATE_GRAPH
ST013,ST050,11.821,11.821,1.0,CANDIDATE_GRAPH
ST013,ST051,7.309,7.309,1.0,CANDIDATE_GRAPH
ST013,ST052,9.866,9.866,1.0,CANDIDATE_GRAPH
ST013,ST053,15.995,15.995,1.0,CANDIDATE_GRAPH
ST013,ST054,8.77,8.77,1.0,CANDIDATE_GRAPH
ST013,ST055,17.555,17.555,1.0,CANDIDATE_GRAPH
ST014,ST015,13.446,13.446,1.0,CANDIDATE_GRAPH
ST014,ST016,10.655000000000001,10.655000000000001,1.0,CANDIDATE_GRAPH
ST014,ST017,9.946,9.946,1.0,CANDIDATE_GRAPH
ST014,ST018,14.697999999999999,14.697999999999999,1.0,CANDIDATE_GRAPH
ST014,ST019,14.255999999999998,14.255999999999998,1.0,CANDIDATE_GRAPH
ST014,ST020,15.992999999999997,15.992999999999997,1.0,CANDIDATE_GRAPH
ST014,ST021,17.134999999999998,17.134999999999998,1.0,CANDIDATE_GRAPH
ST014,ST022,17.909,17.909,1.0,CANDIDATE_GRAPH
ST014,ST023,13.043,13.043,1.0,CANDIDATE_GRAPH
ST014,ST024,13.07,13.07,1.0,CANDIDATE_GRAPH
ST014,ST025,11.838000000000001,11.838000000000001,1.0,CANDIDATE_GRAPH
ST014,ST026,2.362,2.362,1.0,CANDIDATE_GRAPH
ST014,ST027,1.905,1.905,1.0,CANDIDATE_GRAPH
ST014,ST028,5.259,5.259,1.0,CANDIDATE_GRAPH
ST014,ST029,6.951,6.951,1.0,CANDIDATE_GRAPH
ST014,ST030,10.51,10.51,1.0,CANDIDATE_GRAPH
ST014,ST031,11.183,11.183,1.0,CANDIDATE_GRAPH
ST014,ST032,16.987,16.987,1.0,CANDIDATE_GRAPH
ST014,ST033,17.600999999999996,17.600999999999996,1.0,CANDIDATE_GRAPH
ST014,ST034,14.742,14.742,1.0,CANDIDATE_GRAPH
ST014,ST035,14.389,14.389,1.0,CANDIDATE_GRAPH
ST014,ST036,14.905999999999999,14.905999999999999,1.0,CANDIDATE_GRAPH
ST014,ST037,15.381999999999998,15.381999999999998,1.0,CANDIDATE_GRAPH
ST014,ST038,10.897,10.897,1.0,CANDIDATE_GRAPH
ST014,ST039,10.995000000000001,10.995000000000001,1.0,CANDIDATE_GRAPH
ST014,ST040,8.979,8.979,1.0,CANDIDATE_GRAPH
ST014,ST041,10.088999999999999,10.088999999999999,1.0,CANDIDATE_GRAPH
ST014,ST042,9.328,9.328,1.0,CANDIDATE_GRAPH
ST014,ST043,15.274999999999999,15.274999999999999,1.0,CANDIDATE_GRAPH
ST014,ST044,16.002999999999997,16.002999999999997,1.0,CANDIDATE_GRAPH
ST014,ST045,14.619999999999997,14.619999999999997,1.0,CANDIDATE_GRAPH
ST014,ST046,11.172,11.172,1.0,CANDIDATE_GRAPH
ST014,ST047,13.947,13.947,1.0,CANDIDATE_GRAPH
ST014,ST048,14.615999999999998,14.615999999999998,1.0,CANDIDATE_GRAPH
ST014,ST049,19.183999999999997,19.183999999999997,1.0,CANDIDATE_GRAPH
ST014,ST050,13.334999999999999,13.334999999999999,1.0,CANDIDATE_GRAPH
ST014,ST051,8.658999999999999,8.658999999999999,1.0,CANDIDATE_GRAPH
ST014,ST052,10.584999999999999,10.584999999999999,1.0,CANDIDATE_GRAPH
ST014,ST053,17.42,17.42,1.0,CANDIDATE_GRAPH
ST014,ST054,10.085,10.085,1.0,CANDIDATE_GRAPH
ST014,ST055,18.729,18.729,1.0,CANDIDATE_GRAPH
ST015,ST016,3.107,3.107,1.0,CANDIDATE_GRAPH
ST015,ST017,8.278,8.278,1.0,CANDIDATE_GRAPH
ST015,ST018,14.415,14.415,1.0,CANDIDATE_GRAPH
ST015,ST019,14.085999999999999,14.085999999999999,1.0,CANDIDATE_GRAPH
ST015,ST020,15.807,15.807,1.0,CANDIDATE_GRAPH
ST015,ST021,19.847,19.847,1.0,CANDIDATE_GRAPH
ST015,ST022,19.863,19.863,1.0,CANDIDATE_GRAPH
ST015,ST023,14.344999999999999,14.344999999999999,1.0,CANDIDATE_GRAPH
ST015,ST024,0.376,0.376,1.0,CANDIDATE_GRAPH
ST015,ST025,1.9369999999999998,1.9369999999999998,1.0,CANDIDATE_GRAPH
ST015,ST026,11.896999999999998,11.896999999999998,1.0,CANDIDATE_GRAPH
ST015,ST027,12.233,12.233,1.0,CANDIDATE_GRAPH
ST015,ST028,8.187,8.187,1.0,CANDIDATE_GRAPH
ST015,ST029,7.505,7.505,1.0,CANDIDATE_GRAPH
ST015,ST030,8.607000000000001,8.607000000000001,1.0,CANDIDATE_GRAPH
ST015,ST031,10.613999999999999,10.613999999999999,1.0,CANDIDATE_GRAPH
ST015,ST032,17.497,17.497,1.0,CANDIDATE_GRAPH
ST015,ST033,16.61,16.61,1.0,CANDIDATE_GRAPH
ST015,ST034,11.213000000000001,11.213000000000001,1.0,CANDIDATE_GRAPH
ST015,ST035,10.987,10.987,1.0,CANDIDATE_GRAPH
ST015,ST036,10.379000000000001,10.379000000000001,1.0,CANDIDATE_GRAPH
ST015,ST037,10.855,10.855,1.0,CANDIDATE_GRAPH
ST015,ST038,6.646,6.646,1.0,CANDIDATE_GRAPH
ST015,ST039,6.694,6.694,1.0,CANDIDATE_GRAPH
ST015,ST040,9.144,9.144,1.0,CANDIDATE_GRAPH
ST015,ST041,6.996,6.996,1.0,CANDIDATE_GRAPH
ST015,ST042,6.657,6.657,1.0,CANDIDATE_GRAPH
ST015,ST043,15.015,15.015,1.0,CANDIDATE_GRAPH
ST015,ST044,15.749,15.749,1.0,CANDIDATE_GRAPH
ST015,ST045,14.516000000000002,14.516000000000002,1.0,CANDIDATE_GRAPH
ST015,ST046,13.684,13.684,1.0,CANDIDATE_GRAPH
ST015,ST047,16.622999999999998,16.622999999999998,1.0,CANDIDATE_GRAPH
ST015,ST048,14.356000000000002,14.356000000000002,1.0,CANDIDATE_GRAPH
ST015,ST049,21.99,21.99,1.0,CANDIDATE_GRAPH
ST015,ST050,16.047,16.047,1.0,CANDIDATE_GRAPH
ST015,ST051,5.797,5.797,1.0,CANDIDATE_GRAPH
ST015,ST052,8.087,8.087,1.0,CANDIDATE_GRAPH
ST015,ST053,19.971,19.971,1.0,CANDIDATE_GRAPH
ST015,ST054,12.597,12.597,1.0,CANDIDATE_GRAPH
ST015,ST055,21.368000000000002,21.368000000000002,1.0,CANDIDATE_GRAPH
ST016,ST017,5.417,5.417,1.0,CANDIDATE_GRAPH
ST016,ST018,11.308,11.308,1.0,CANDIDATE_GRAPH
ST016,ST019,10.979,10.979,1.0,CANDIDATE_GRAPH
ST016,ST020,12.7,12.7,1.0,CANDIDATE_GRAPH
ST016,ST021,16.846,16.846,1.0,CANDIDATE_GRAPH
ST016,ST022,16.802,16.802,1.0,CANDIDATE_GRAPH
ST016,ST023,11.283999999999999,11.283999999999999,1.0,CANDIDATE_GRAPH
ST016,ST024,3.229,3.229,1.0,CANDIDATE_GRAPH
ST016,ST025,3.005,3.005,1.0,CANDIDATE_GRAPH
ST016,ST026,9.106,9.106,1.0,CANDIDATE_GRAPH
ST016,ST027,9.442,9.442,1.0,CANDIDATE_GRAPH
ST016,ST028,5.396,5.396,1.0,CANDIDATE_GRAPH
ST016,ST029,4.444,4.444,1.0,CANDIDATE_GRAPH
ST016,ST030,5.746,5.746,1.0,CANDIDATE_GRAPH
ST016,ST031,7.553,7.553,1.0,CANDIDATE_GRAPH
ST016,ST032,14.389999999999999,14.389999999999999,1.0,CANDIDATE_GRAPH
ST016,ST033,14.24,14.24,1.0,CANDIDATE_GRAPH
ST016,ST034,8.781,8.781,1.0,CANDIDATE_GRAPH
ST016,ST035,8.555,8.555,1.0,CANDIDATE_GRAPH
ST016,ST036,7.947,7.947,1.0,CANDIDATE_GRAPH
ST016,ST037,8.423,8.423,1.0,CANDIDATE_GRAPH
ST016,ST038,4.155,4.155,1.0,CANDIDATE_GRAPH
ST016,ST039,4.09,4.09,1.0,CANDIDATE_GRAPH
ST016,ST040,6.083,6.083,1.0,CANDIDATE_GRAPH
ST016,ST041,3.935,3.935,1.0,CANDIDATE_GRAPH
ST016,ST042,3.596,3.596,1.0,CANDIDATE_GRAPH
ST016,ST043,11.908,11.908,1.0,CANDIDATE_GRAPH
ST016,ST044,12.642,12.642,1.0,CANDIDATE_GRAPH
ST016,ST045,11.409,11.409,1.0,CANDIDATE_GRAPH
ST016,ST046,10.999,10.999,1.0,CANDIDATE_GRAPH
ST016,ST047,13.998999999999999,13.998999999999999,1.0,CANDIDATE_GRAPH
ST016,ST048,11.249,11.249,1.0,CANDIDATE_GRAPH
ST016,ST049,18.889,18.889,1.0,CANDIDATE_GRAPH
ST016,ST050,13.306,13.306,1.0,CANDIDATE_GRAPH
ST016,ST051,2.736,2.736,1.0,CANDIDATE_GRAPH
ST016,ST052,5.226,5.226,1.0,CANDIDATE_GRAPH
ST016,ST053,17.22,17.22,1.0,CANDIDATE_GRAPH
ST016,ST054,9.912,9.912,1.0,CANDIDATE_GRAPH
ST016,ST055,18.697000000000003,18.697000000000003,1.0,CANDIDATE_GRAPH
ST017,ST018,7.048,7.048,1.0,CANDIDATE_GRAPH
ST017,ST019,6.719,6.719,1.0,CANDIDATE_GRAPH
ST017,ST020,8.191,8.191,1.0,CANDIDATE_GRAPH
ST017,ST021,12.158000000000001,12.158000000000001,1.0,CANDIDATE_GRAPH
ST017,ST022,12.542000000000002,12.542000000000002,1.0,CANDIDATE_GRAPH
ST017,ST023,6.77,6.77,1.0,CANDIDATE_GRAPH
ST017,ST024,7.967,7.967,1.0,CANDIDATE_GRAPH
ST017,ST025,7.984,7.984,1.0,CANDIDATE_GRAPH
ST017,ST026,8.212,8.212,1.0,CANDIDATE_GRAPH
ST017,ST027,8.041,8.041,1.0,CANDIDATE_GRAPH
ST017,ST028,7.665,7.665,1.0,CANDIDATE_GRAPH
ST017,ST029,4.322,4.322,1.0,CANDIDATE_GRAPH
ST017,ST030,0.564,0.564,1.0,CANDIDATE_GRAPH
ST017,ST031,3.293,3.293,1.0,CANDIDATE_GRAPH
ST017,ST032,10.11,10.11,1.0,CANDIDATE_GRAPH
ST017,ST033,9.97,9.97,1.0,CANDIDATE_GRAPH
ST017,ST034,4.796,4.796,1.0,CANDIDATE_GRAPH
ST017,ST035,4.443,4.443,1.0,CANDIDATE_GRAPH
ST017,ST036,5.061,5.061,1.0,CANDIDATE_GRAPH
ST017,ST037,5.537,5.537,1.0,CANDIDATE_GRAPH
ST017,ST038,3.846,3.846,1.0,CANDIDATE_GRAPH
ST017,ST039,3.4930000000000003,3.4930000000000003,1.0,CANDIDATE_GRAPH
ST017,ST040,1.842,1.842,1.0,CANDIDATE_GRAPH
ST017,ST041,5.607,5.607,1.0,CANDIDATE_GRAPH
ST017,ST042,2.564,2.564,1.0,CANDIDATE_GRAPH
ST017,ST043,7.648,7.648,1.0,CANDIDATE_GRAPH
ST017,ST044,8.382,8.382,1.0,CANDIDATE_GRAPH
ST017,ST045,7.149,7.149,1.0,CANDIDATE_GRAPH
ST017,ST046,6.739,6.739,1.0,CANDIDATE_GRAPH
ST017,ST047,9.004000000000001,9.004000000000001,1.0,CANDIDATE_GRAPH
ST017,ST048,6.989,6.989,1.0,CANDIDATE_GRAPH
ST017,ST049,14.608999999999998,14.608999999999998,1.0,CANDIDATE_GRAPH
ST017,ST050,8.358,8.358,1.0,CANDIDATE_GRAPH
ST017,ST051,3.517,3.517,1.0,CANDIDATE_GRAPH
ST017,ST052,0.639,0.639,1.0,CANDIDATE_GRAPH
ST017,ST053,12.213000000000001,12.213000000000001,1.0,CANDIDATE_GRAPH
ST017,ST054,5.652,5.652,1.0,CANDIDATE_GRAPH
ST017,ST055,14.163,14.163,1.0,CANDIDATE_GRAPH
ST018,ST019,0.477,0.477,1.0,CANDIDATE_GRAPH
ST018,ST020,1.949,1.949,1.0,CANDIDATE_GRAPH
ST018,ST021,6.586,6.586,1.0,CANDIDATE_GRAPH
ST018,ST022,6.573,6.573,1.0,CANDIDATE_GRAPH
ST018,ST023,1.655,1.655,1.0,CANDIDATE_GRAPH
ST018,ST024,14.183,14.183,1.0,CANDIDATE_GRAPH
ST018,ST025,13.617,13.617,1.0,CANDIDATE_GRAPH
ST018,ST026,13.579,13.579,1.0,CANDIDATE_GRAPH
ST018,ST027,13.915000000000001,13.915000000000001,1.0,CANDIDATE_GRAPH
ST018,ST028,11.947,11.947,1.0,CANDIDATE_GRAPH
ST018,ST029,8.633,8.633,1.0,CANDIDATE_GRAPH
ST018,ST030,7.025,7.025,1.0,CANDIDATE_GRAPH
ST018,ST031,3.945,3.945,1.0,CANDIDATE_GRAPH
ST018,ST032,3.868,3.868,1.0,CANDIDATE_GRAPH
ST018,ST033,3.728,3.728,1.0,CANDIDATE_GRAPH
ST018,ST034,5.215,5.215,1.0,CANDIDATE_GRAPH
ST018,ST035,4.862,4.862,1.0,CANDIDATE_GRAPH
ST018,ST036,5.48,5.48,1.0,CANDIDATE_GRAPH
ST018,ST037,5.956,5.956,1.0,CANDIDATE_GRAPH
ST018,ST038,9.789,9.789,1.0,CANDIDATE_GRAPH
ST018,ST039,9.489,9.489,1.0,CANDIDATE_GRAPH
ST018,ST040,6.3469999999999995,6.3469999999999995,1.0,CANDIDATE_GRAPH
ST018,ST041,10.523,10.523,1.0,CANDIDATE_GRAPH
ST018,ST042,8.22,8.22,1.0,CANDIDATE_GRAPH
ST018,ST043,1.406,1.406,1.0,CANDIDATE_GRAPH
ST018,ST044,2.1399999999999997,2.1399999999999997,1.0,CANDIDATE_GRAPH
ST018,ST045,0.934,0.934,1.0,CANDIDATE_GRAPH
ST018,ST046,3.7,3.7,1.0,CANDIDATE_GRAPH
ST018,ST047,3.497,3.497,1.0,CANDIDATE_GRAPH
ST018,ST048,0.747,0.747,1.0,CANDIDATE_GRAPH
ST018,ST049,8.366999999999999,8.366999999999999,1.0,CANDIDATE_GRAPH
ST018,ST050,2.786,2.786,1.0,CANDIDATE_GRAPH
ST018,ST051,10.019,10.019,1.0,CANDIDATE_GRAPH
ST018,ST052,6.635,6.635,1.0,CANDIDATE_GRAPH
ST018,ST053,6.96,6.96,1.0,CANDIDATE_GRAPH
ST018,ST054,4.787,4.787,1.0,CANDIDATE_GRAPH
ST018,ST055,8.279,8.279,1.0,CANDIDATE_GRAPH
ST019,ST020,1.979,1.979,1.0,CANDIDATE_GRAPH
ST019,ST021,6.127,6.127,1.0,CANDIDATE_GRAPH
ST019,ST022,6.305,6.305,1.0,CANDIDATE_GRAPH
ST019,ST023,1.664,1.664,1.0,CANDIDATE_GRAPH
ST019,ST024,14.207999999999998,14.207999999999998,1.0,CANDIDATE_GRAPH
ST019,ST025,13.983999999999998,13.983999999999998,1.0,CANDIDATE_GRAPH
ST019,ST026,14.056000000000001,14.056000000000001,1.0,CANDIDATE_GRAPH
ST019,ST027,14.296,14.296,1.0,CANDIDATE_GRAPH
ST019,ST028,12.424,12.424,1.0,CANDIDATE_GRAPH
ST019,ST029,9.11,9.11,1.0,CANDIDATE_GRAPH
ST019,ST030,7.283,7.283,1.0,CANDIDATE_GRAPH
ST019,ST031,4.422,4.422,1.0,CANDIDATE_GRAPH
ST019,ST032,3.411,3.411,1.0,CANDIDATE_GRAPH
ST019,ST033,3.836,3.836,1.0,CANDIDATE_GRAPH
ST019,ST034,5.692,5.692,1.0,CANDIDATE_GRAPH
ST019,ST035,5.339,5.339,1.0,CANDIDATE_GRAPH
ST019,ST036,5.957000000000001,5.957000000000001,1.0,CANDIDATE_GRAPH
ST019,ST037,6.415,6.415,1.0,CANDIDATE_GRAPH
ST019,ST038,10.229,10.229,1.0,CANDIDATE_GRAPH
ST019,ST039,9.966000000000001,9.966000000000001,1.0,CANDIDATE_GRAPH
ST019,ST040,6.824,6.824,1.0,CANDIDATE_GRAPH
ST019,ST041,10.631,10.631,1.0,CANDIDATE_GRAPH
ST019,ST042,8.623999999999999,8.623999999999999,1.0,CANDIDATE_GRAPH
ST019,ST043,1.504,1.504,1.0,CANDIDATE_GRAPH
ST019,ST044,2.238,2.238,1.0,CANDIDATE_GRAPH
ST019,ST045,0.859,0.859,1.0,CANDIDATE_GRAPH
ST019,ST046,3.7089999999999996,3.7089999999999996,1.0,CANDIDATE_GRAPH
ST019,ST047,3.02,3.02,1.0,CANDIDATE_GRAPH
ST019,ST048,0.855,0.855,1.0,CANDIDATE_GRAPH
ST019,ST049,7.91,7.91,1.0,CANDIDATE_GRAPH
ST019,ST050,2.327,2.327,1.0,CANDIDATE_GRAPH
ST019,ST051,10.236,10.236,1.0,CANDIDATE_GRAPH
ST019,ST052,7.112,7.112,1.0,CANDIDATE_GRAPH
ST019,ST053,6.5009999999999994,6.5009999999999994,1.0,CANDIDATE_GRAPH
ST019,ST054,4.795999999999999,4.795999999999999,1.0,CANDIDATE_GRAPH
ST019,ST055,7.802,7.802,1.0,CANDIDATE_GRAPH
ST020,ST021,7.03,7.03,1.0,CANDIDATE_GRAPH
ST020,ST022,6.274,6.274,1.0,CANDIDATE_GRAPH
ST020,ST023,3.334,3.334,1.0,CANDIDATE_GRAPH
ST020,ST024,15.928999999999998,15.928999999999998,1.0,CANDIDATE_GRAPH
ST020,ST025,15.408000000000001,15.408000000000001,1.0,CANDIDATE_GRAPH
ST020,ST026,15.262,15.262,1.0,CANDIDATE_GRAPH
ST020,ST027,15.597999999999999,15.597999999999999,1.0,CANDIDATE_GRAPH
ST020,ST028,13.895999999999999,13.895999999999999,1.0,CANDIDATE_GRAPH
ST020,ST029,10.424,10.424,1.0,CANDIDATE_GRAPH
ST020,ST030,8.227,8.227,1.0,CANDIDATE_GRAPH
ST020,ST031,5.736,5.736,1.0,CANDIDATE_GRAPH
ST020,ST032,3.417,3.417,1.0,CANDIDATE_GRAPH
ST020,ST033,1.99,1.99,1.0,CANDIDATE_GRAPH
ST020,ST034,5.992,5.992,1.0,CANDIDATE_GRAPH
ST020,ST035,6.436,6.436,1.0,CANDIDATE_GRAPH
ST020,ST036,6.189,6.189,1.0,CANDIDATE_GRAPH
ST020,ST037,5.501,5.501,1.0,CANDIDATE_GRAPH
ST020,ST038,10.468,10.468,1.0,CANDIDATE_GRAPH
ST020,ST039,10.226,10.226,1.0,CANDIDATE_GRAPH
ST020,ST040,7.832,7.832,1.0,CANDIDATE_GRAPH
ST020,ST041,11.227,11.227,1.0,CANDIDATE_GRAPH
ST020,ST042,9.822,9.822,1.0,CANDIDATE_GRAPH
ST020,ST043,0.792,0.792,1.0,CANDIDATE_GRAPH
ST020,ST044,0.406,0.406,1.0,CANDIDATE_GRAPH
ST020,ST045,1.373,1.373,1.0,CANDIDATE_GRAPH
ST020,ST046,5.379,5.379,1.0,CANDIDATE_GRAPH
ST020,ST047,3.98,3.98,1.0,CANDIDATE_GRAPH
ST020,ST048,2.009,2.009,1.0,CANDIDATE_GRAPH
ST020,ST049,7.9159999999999995,7.9159999999999995,1.0,CANDIDATE_GRAPH
ST020,ST050,4.182,4.182,1.0,CANDIDATE_GRAPH
ST020,ST051,11.708,11.708,1.0,CANDIDATE_GRAPH
ST020,ST052,8.426,8.426,1.0,CANDIDATE_GRAPH
ST020,ST053,7.395,7.395,1.0,CANDIDATE_GRAPH
ST020,ST054,6.465999999999999,6.465999999999999,1.0,CANDIDATE_GRAPH
ST020,ST055,7.845,7.845,1.0,CANDIDATE_GRAPH
ST021,ST022,0.983,0.983,1.0,CANDIDATE_GRAPH
ST021,ST023,5.955,5.955,1.0,CANDIDATE_GRAPH
ST021,ST024,19.531,19.531,1.0,CANDIDATE_GRAPH
ST021,ST025,18.965,18.965,1.0,CANDIDATE_GRAPH
ST021,ST026,17.558999999999997,17.558999999999997,1.0,CANDIDATE_GRAPH
ST021,ST027,17.182,17.182,1.0,CANDIDATE_GRAPH
ST021,ST028,17.688000000000002,17.688000000000002,1.0,CANDIDATE_GRAPH
ST021,ST029,14.374,14.374,1.0,CANDIDATE_GRAPH
ST021,ST030,12.29,12.29,1.0,CANDIDATE_GRAPH
ST021,ST031,9.293,9.293,1.0,CANDIDATE_GRAPH
ST021,ST032,3.877,3.877,1.0,CANDIDATE_GRAPH
ST021,ST033,5.896,5.896,1.0,CANDIDATE_GRAPH
ST021,ST034,11.283,11.283,1.0,CANDIDATE_GRAPH
ST021,ST035,10.93,10.93,1.0,CANDIDATE_GRAPH
ST021,ST036,11.574,11.574,1.0,CANDIDATE_GRAPH
ST021,ST037,11.237,11.237,1.0,CANDIDATE_GRAPH
ST021,ST038,15.137,15.137,1.0,CANDIDATE_GRAPH
ST021,ST039,14.837,14.837,1.0,CANDIDATE_GRAPH
ST021,ST040,11.253,11.253,1.0,CANDIDATE_GRAPH
ST021,ST041,15.645999999999999,15.645999999999999,1.0,CANDIDATE_GRAPH
ST021,ST042,13.568,13.568,1.0,CANDIDATE_GRAPH
ST021,ST043,6.354,6.354,1.0,CANDIDATE_GRAPH
ST021,ST044,6.851,6.851,1.0,CANDIDATE_GRAPH
ST021,ST045,5.683,5.683,1.0,CANDIDATE_GRAPH
ST021,ST046,6.163,6.163,1.0,CANDIDATE_GRAPH
ST021,ST047,3.762,3.762,1.0,CANDIDATE_GRAPH
ST021,ST048,6.483,6.483,1.0,CANDIDATE_GRAPH
ST021,ST049,3.415,3.415,1.0,CANDIDATE_GRAPH
ST021,ST050,3.8,3.8,1.0,CANDIDATE_GRAPH
ST021,ST051,14.762,14.762,1.0,CANDIDATE_GRAPH
ST021,ST052,11.982999999999999,11.982999999999999,1.0,CANDIDATE_GRAPH
ST021,ST053,0.374,0.374,1.0,CANDIDATE_GRAPH
ST021,ST054,7.25,7.25,1.0,CANDIDATE_GRAPH
ST021,ST055,2.96,2.96,1.0,CANDIDATE_GRAPH
ST022,ST023,6.145,6.145,1.0,CANDIDATE_GRAPH
ST022,ST024,19.487000000000002,19.487000000000002,1.0,CANDIDATE_GRAPH
ST022,ST025,18.921,18.921,1.0,CANDIDATE_GRAPH
ST022,ST026,18.333,18.333,1.0,CANDIDATE_GRAPH
ST022,ST027,17.956,17.956,1.0,CANDIDATE_GRAPH
ST022,ST028,17.878,17.878,1.0,CANDIDATE_GRAPH
ST022,ST029,14.564,14.564,1.0,CANDIDATE_GRAPH
ST022,ST030,12.329,12.329,1.0,CANDIDATE_GRAPH
ST022,ST031,9.249,9.249,1.0,CANDIDATE_GRAPH
ST022,ST032,2.894,2.894,1.0,CANDIDATE_GRAPH
ST022,ST033,4.913,4.913,1.0,CANDIDATE_GRAPH
ST022,ST034,11.239,11.239,1.0,CANDIDATE_GRAPH
ST022,ST035,10.886,10.886,1.0,CANDIDATE_GRAPH
ST022,ST036,11.53,11.53,1.0,CANDIDATE_GRAPH
ST022,ST037,11.195,11.195,1.0,CANDIDATE_GRAPH
ST022,ST038,15.093,15.093,1.0,CANDIDATE_GRAPH
ST022,ST039,14.793,14.793,1.0,CANDIDATE_GRAPH
ST022,ST040,11.651,11.651,1.0,CANDIDATE_GRAPH
ST022,ST041,15.602,15.602,1.0,CANDIDATE_GRAPH
ST022,ST042,13.524000000000001,13.524000000000001,1.0,CANDIDATE_GRAPH
ST022,ST043,5.95,5.95,1.0,CANDIDATE_GRAPH
ST022,ST044,5.868,5.868,1.0,CANDIDATE_GRAPH
ST022,ST045,5.639,5.639,1.0,CANDIDATE_GRAPH
ST022,ST046,6.936999999999999,6.936999999999999,1.0,CANDIDATE_GRAPH
ST022,ST047,4.352,4.352,1.0,CANDIDATE_GRAPH
ST022,ST048,6.439,6.439,1.0,CANDIDATE_GRAPH
ST022,ST049,2.432,2.432,1.0,CANDIDATE_GRAPH
ST022,ST050,4.574,4.574,1.0,CANDIDATE_GRAPH
ST022,ST051,14.952,14.952,1.0,CANDIDATE_GRAPH
ST022,ST052,11.939,11.939,1.0,CANDIDATE_GRAPH
ST022,ST053,1.357,1.357,1.0,CANDIDATE_GRAPH
ST022,ST054,8.024,8.024,1.0,CANDIDATE_GRAPH
ST022,ST055,1.977,1.977,1.0,CANDIDATE_GRAPH
ST023,ST024,13.969,13.969,1.0,CANDIDATE_GRAPH
ST023,ST025,13.403,13.403,1.0,CANDIDATE_GRAPH
ST023,ST026,13.365,13.365,1.0,CANDIDATE_GRAPH
ST023,ST027,13.083,13.083,1.0,CANDIDATE_GRAPH
ST023,ST028,11.733,11.733,1.0,CANDIDATE_GRAPH
ST023,ST029,8.419,8.419,1.0,CANDIDATE_GRAPH
ST023,ST030,6.811,6.811,1.0,CANDIDATE_GRAPH
ST023,ST031,3.731,3.731,1.0,CANDIDATE_GRAPH
ST023,ST032,4.753,4.753,1.0,CANDIDATE_GRAPH
ST023,ST033,5.324,5.324,1.0,CANDIDATE_GRAPH
ST023,ST034,5.721,5.721,1.0,CANDIDATE_GRAPH
ST023,ST035,5.368,5.368,1.0,CANDIDATE_GRAPH
ST023,ST036,5.986,5.986,1.0,CANDIDATE_GRAPH
ST023,ST037,6.462,6.462,1.0,CANDIDATE_GRAPH
ST023,ST038,9.575,9.575,1.0,CANDIDATE_GRAPH
ST023,ST039,9.274999999999999,9.274999999999999,1.0,CANDIDATE_GRAPH
ST023,ST040,6.133,6.133,1.0,CANDIDATE_GRAPH
ST023,ST041,11.2,11.2,1.0,CANDIDATE_GRAPH
ST023,ST042,8.006,8.006,1.0,CANDIDATE_GRAPH
ST023,ST043,3.061,3.061,1.0,CANDIDATE_GRAPH
ST023,ST044,3.74,3.74,1.0,CANDIDATE_GRAPH
ST023,ST045,2.5229999999999997,2.5229999999999997,1.0,CANDIDATE_GRAPH
ST023,ST046,2.045,2.045,1.0,CANDIDATE_GRAPH
ST023,ST047,3.166,3.166,1.0,CANDIDATE_GRAPH
ST023,ST048,2.402,2.402,1.0,CANDIDATE_GRAPH
ST023,ST049,8.577,8.577,1.0,CANDIDATE_GRAPH
ST023,ST050,2.437,2.437,1.0,CANDIDATE_GRAPH
ST023,ST051,8.807,8.807,1.0,CANDIDATE_GRAPH
ST023,ST052,6.420999999999999,6.420999999999999,1.0,CANDIDATE_GRAPH
ST023,ST053,6.329,6.329,1.0,CANDIDATE_GRAPH
ST023,ST054,3.1319999999999997,3.1319999999999997,1.0,CANDIDATE_GRAPH
ST023,ST055,8.122,8.122,1.0,CANDIDATE_GRAPH
ST024,ST025,1.561,1.561,1.0,CANDIDATE_GRAPH
ST024,ST026,11.521,11.521,1.0,CANDIDATE_GRAPH
ST024,ST027,11.857,11.857,1.0,CANDIDATE_GRAPH
ST024,ST028,7.811,7.811,1.0,CANDIDATE_GRAPH
ST024,ST029,7.1290000000000004,7.1290000000000004,1.0,CANDIDATE_GRAPH
ST024,ST030,8.431,8.431,1.0,CANDIDATE_GRAPH
ST024,ST031,10.238,10.238,1.0,CANDIDATE_GRAPH
ST024,ST032,17.619,17.619,1.0,CANDIDATE_GRAPH
ST024,ST033,16.986,16.986,1.0,CANDIDATE_GRAPH
ST024,ST034,11.466,11.466,1.0,CANDIDATE_GRAPH
ST024,ST035,11.24,11.24,1.0,CANDIDATE_GRAPH
ST024,ST036,10.632,10.632,1.0,CANDIDATE_GRAPH
ST024,ST037,11.108,11.108,1.0,CANDIDATE_GRAPH
ST024,ST038,7.022,7.022,1.0,CANDIDATE_GRAPH
ST024,ST039,6.775,6.775,1.0,CANDIDATE_GRAPH
ST024,ST040,8.768,8.768,1.0,CANDIDATE_GRAPH
ST024,ST041,6.62,6.62,1.0,CANDIDATE_GRAPH
ST024,ST042,6.281,6.281,1.0,CANDIDATE_GRAPH
ST024,ST043,15.137,15.137,1.0,CANDIDATE_GRAPH
ST024,ST044,15.871,15.871,1.0,CANDIDATE_GRAPH
ST024,ST045,14.638000000000002,14.638000000000002,1.0,CANDIDATE_GRAPH
ST024,ST046,14.059999999999999,14.059999999999999,1.0,CANDIDATE_GRAPH
ST024,ST047,16.852,16.852,1.0,CANDIDATE_GRAPH
ST024,ST048,14.478000000000002,14.478000000000002,1.0,CANDIDATE_GRAPH
ST024,ST049,21.919,21.919,1.0,CANDIDATE_GRAPH
ST024,ST050,16.221,16.221,1.0,CANDIDATE_GRAPH
ST024,ST051,5.421,5.421,1.0,CANDIDATE_GRAPH
ST024,ST052,7.911,7.911,1.0,CANDIDATE_GRAPH
ST024,ST053,19.904999999999998,19.904999999999998,1.0,CANDIDATE_GRAPH
ST024,ST054,12.972999999999999,12.972999999999999,1.0,CANDIDATE_GRAPH
ST024,ST055,21.464000000000002,21.464000000000002,1.0,CANDIDATE_GRAPH
ST025,ST026,10.588000000000001,10.588000000000001,1.0,CANDIDATE_GRAPH
ST025,ST027,10.924,10.924,1.0,CANDIDATE_GRAPH
ST025,ST028,6.878,6.878,1.0,CANDIDATE_GRAPH
ST025,ST029,6.563000000000001,6.563000000000001,1.0,CANDIDATE_GRAPH
ST025,ST030,7.865,7.865,1.0,CANDIDATE_GRAPH
ST025,ST031,9.672,9.672,1.0,CANDIDATE_GRAPH
ST025,ST032,17.395,17.395,1.0,CANDIDATE_GRAPH
ST025,ST033,16.919,16.919,1.0,CANDIDATE_GRAPH
ST025,ST034,10.9,10.9,1.0,CANDIDATE_GRAPH
ST025,ST035,10.674,10.674,1.0,CANDIDATE_GRAPH
ST025,ST036,10.066,10.066,1.0,CANDIDATE_GRAPH
ST025,ST037,10.542,10.542,1.0,CANDIDATE_GRAPH
ST025,ST038,6.274,6.274,1.0,CANDIDATE_GRAPH
ST025,ST039,6.209,6.209,1.0,CANDIDATE_GRAPH
ST025,ST040,8.202,8.202,1.0,CANDIDATE_GRAPH
ST025,ST041,6.054,6.054,1.0,CANDIDATE_GRAPH
ST025,ST042,5.715,5.715,1.0,CANDIDATE_GRAPH
ST025,ST043,14.745,14.745,1.0,CANDIDATE_GRAPH
ST025,ST044,15.479,15.479,1.0,CANDIDATE_GRAPH
ST025,ST045,14.246,14.246,1.0,CANDIDATE_GRAPH
ST025,ST046,13.835999999999999,13.835999999999999,1.0,CANDIDATE_GRAPH
ST025,ST047,16.286,16.286,1.0,CANDIDATE_GRAPH
ST025,ST048,14.086,14.086,1.0,CANDIDATE_GRAPH
ST025,ST049,21.352999999999998,21.352999999999998,1.0,CANDIDATE_GRAPH
ST025,ST050,15.655000000000001,15.655000000000001,1.0,CANDIDATE_GRAPH
ST025,ST051,4.855,4.855,1.0,CANDIDATE_GRAPH
ST025,ST052,7.345,7.345,1.0,CANDIDATE_GRAPH
ST025,ST053,19.339,19.339,1.0,CANDIDATE_GRAPH
ST025,ST054,12.748999999999999,12.748999999999999,1.0,CANDIDATE_GRAPH
ST025,ST055,20.898,20.898,1.0,CANDIDATE_GRAPH
ST026,ST027,0.457,0.457,1.0,CANDIDATE_GRAPH
ST026,ST028,3.71,3.71,1.0,CANDIDATE_GRAPH
ST026,ST029,6.175,6.175,1.0,CANDIDATE_GRAPH
ST026,ST030,8.776,8.776,1.0,CANDIDATE_GRAPH
ST026,ST031,9.634,9.634,1.0,CANDIDATE_GRAPH
ST026,ST032,17.404,17.404,1.0,CANDIDATE_GRAPH
ST026,ST033,16.802,16.802,1.0,CANDIDATE_GRAPH
ST026,ST034,13.008,13.008,1.0,CANDIDATE_GRAPH
ST026,ST035,12.655,12.655,1.0,CANDIDATE_GRAPH
ST026,ST036,13.273,13.273,1.0,CANDIDATE_GRAPH
ST026,ST037,13.748999999999999,13.748999999999999,1.0,CANDIDATE_GRAPH
ST026,ST038,9.348,9.348,1.0,CANDIDATE_GRAPH
ST026,ST039,9.446,9.446,1.0,CANDIDATE_GRAPH
ST026,ST040,7.43,7.43,1.0,CANDIDATE_GRAPH
ST026,ST041,9.312999999999999,9.312999999999999,1.0,CANDIDATE_GRAPH
ST026,ST042,7.779,7.779,1.0,CANDIDATE_GRAPH
ST026,ST043,14.469999999999999,14.469999999999999,1.0,CANDIDATE_GRAPH
ST026,ST044,15.203999999999999,15.203999999999999,1.0,CANDIDATE_GRAPH
ST026,ST045,13.998,13.998,1.0,CANDIDATE_GRAPH
ST026,ST046,11.795,11.795,1.0,CANDIDATE_GRAPH
ST026,ST047,14.364,14.364,1.0,CANDIDATE_GRAPH
ST026,ST048,13.811,13.811,1.0,CANDIDATE_GRAPH
ST026,ST049,19.601,19.601,1.0,CANDIDATE_GRAPH
ST026,ST050,13.759,13.759,1.0,CANDIDATE_GRAPH
ST026,ST051,7.587,7.587,1.0,CANDIDATE_GRAPH
ST026,ST052,8.850999999999999,8.850999999999999,1.0,CANDIDATE_GRAPH
ST026,ST053,17.837,17.837,1.0,CANDIDATE_GRAPH
ST026,ST054,10.708,10.708,1.0,CANDIDATE_GRAPH
ST026,ST055,19.146,19.146,1.0,CANDIDATE_GRAPH
ST027,ST028,4.046,4.046,1.0,CANDIDATE_GRAPH
ST027,ST029,6.511,6.511,1.0,CANDIDATE_GRAPH
ST027,ST030,8.605,8.605,1.0,CANDIDATE_GRAPH
ST027,ST031,9.97,9.97,1.0,CANDIDATE_GRAPH
ST027,ST032,17.027,17.027,1.0,CANDIDATE_GRAPH
ST027,ST033,17.138,17.138,1.0,CANDIDATE_GRAPH
ST027,ST034,12.837,12.837,1.0,CANDIDATE_GRAPH
ST027,ST035,12.484,12.484,1.0,CANDIDATE_GRAPH
ST027,ST036,13.102,13.102,1.0,CANDIDATE_GRAPH
ST027,ST037,13.578,13.578,1.0,CANDIDATE_GRAPH
ST027,ST038,9.684,9.684,1.0,CANDIDATE_GRAPH
ST027,ST039,9.782,9.782,1.0,CANDIDATE_GRAPH
ST027,ST040,7.766,7.766,1.0,CANDIDATE_GRAPH
ST027,ST041,9.582,9.582,1.0,CANDIDATE_GRAPH
ST027,ST042,8.115,8.115,1.0,CANDIDATE_GRAPH
ST027,ST043,14.806000000000001,14.806000000000001,1.0,CANDIDATE_GRAPH
ST027,ST044,15.540000000000001,15.540000000000001,1.0,CANDIDATE_GRAPH
ST027,ST045,14.334,14.334,1.0,CANDIDATE_GRAPH
ST027,ST046,11.418,11.418,1.0,CANDIDATE_GRAPH
ST027,ST047,13.986999999999998,13.986999999999998,1.0,CANDIDATE_GRAPH
ST027,ST048,14.147,14.147,1.0,CANDIDATE_GRAPH
ST027,ST049,19.224,19.224,1.0,CANDIDATE_GRAPH
ST027,ST050,13.382,13.382,1.0,CANDIDATE_GRAPH
ST027,ST051,7.923,7.923,1.0,CANDIDATE_GRAPH
ST027,ST052,8.68,8.68,1.0,CANDIDATE_GRAPH
ST027,ST053,17.46,17.46,1.0,CANDIDATE_GRAPH
ST027,ST054,10.331,10.331,1.0,CANDIDATE_GRAPH
ST027,ST055,18.769,18.769,1.0,CANDIDATE_GRAPH
ST028,ST029,5.556,5.556,1.0,CANDIDATE_GRAPH
ST028,ST030,8.229,8.229,1.0,CANDIDATE_GRAPH
ST028,ST031,9.015,9.015,1.0,CANDIDATE_GRAPH
ST028,ST032,15.815,15.815,1.0,CANDIDATE_GRAPH
ST028,ST033,15.674999999999999,15.674999999999999,1.0,CANDIDATE_GRAPH
ST028,ST034,12.461,12.461,1.0,CANDIDATE_GRAPH
ST028,ST035,12.108,12.108,1.0,CANDIDATE_GRAPH
ST028,ST036,12.383,12.383,1.0,CANDIDATE_GRAPH
ST028,ST037,12.859,12.859,1.0,CANDIDATE_GRAPH
ST028,ST038,8.65,8.65,1.0,CANDIDATE_GRAPH
ST028,ST039,8.698,8.698,1.0,CANDIDATE_GRAPH
ST028,ST040,6.811,6.811,1.0,CANDIDATE_GRAPH
ST028,ST041,7.951,7.951,1.0,CANDIDATE_GRAPH
ST028,ST042,7.16,7.16,1.0,CANDIDATE_GRAPH
ST028,ST043,13.353,13.353,1.0,CANDIDATE_GRAPH
ST028,ST044,14.087,14.087,1.0,CANDIDATE_GRAPH
ST028,ST045,12.880999999999998,12.880999999999998,1.0,CANDIDATE_GRAPH
ST028,ST046,12.459,12.459,1.0,CANDIDATE_GRAPH
ST028,ST047,14.899,14.899,1.0,CANDIDATE_GRAPH
ST028,ST048,12.693999999999999,12.693999999999999,1.0,CANDIDATE_GRAPH
ST028,ST049,20.31,20.31,1.0,CANDIDATE_GRAPH
ST028,ST050,14.17,14.17,1.0,CANDIDATE_GRAPH
ST028,ST051,6.968,6.968,1.0,CANDIDATE_GRAPH
ST028,ST052,8.304,8.304,1.0,CANDIDATE_GRAPH
ST028,ST053,18.062,18.062,1.0,CANDIDATE_GRAPH
ST028,ST054,11.372,11.372,1.0,CANDIDATE_GRAPH
ST028,ST055,19.855,19.855,1.0,CANDIDATE_GRAPH
ST029,ST030,4.785,4.785,1.0,CANDIDATE_GRAPH
ST029,ST031,5.377,5.377,1.0,CANDIDATE_GRAPH
ST029,ST032,12.501,12.501,1.0,CANDIDATE_GRAPH
ST029,ST033,12.064,12.064,1.0,CANDIDATE_GRAPH
ST029,ST034,8.536,8.536,1.0,CANDIDATE_GRAPH
ST029,ST035,8.1,8.1,1.0,CANDIDATE_GRAPH
ST029,ST036,8.009,8.009,1.0,CANDIDATE_GRAPH
ST029,ST037,8.485,8.485,1.0,CANDIDATE_GRAPH
ST029,ST038,4.223,4.223,1.0,CANDIDATE_GRAPH
ST029,ST039,4.321,4.321,1.0,CANDIDATE_GRAPH
ST029,ST040,3.173,3.173,1.0,CANDIDATE_GRAPH
ST029,ST041,3.138,3.138,1.0,CANDIDATE_GRAPH
ST029,ST042,2.654,2.654,1.0,CANDIDATE_GRAPH
ST029,ST043,9.732,9.732,1.0,CANDIDATE_GRAPH
ST029,ST044,10.466,10.466,1.0,CANDIDATE_GRAPH
ST029,ST045,9.233,9.233,1.0,CANDIDATE_GRAPH
ST029,ST046,8.821,8.821,1.0,CANDIDATE_GRAPH
ST029,ST047,11.332,11.332,1.0,CANDIDATE_GRAPH
ST029,ST048,9.073,9.073,1.0,CANDIDATE_GRAPH
ST029,ST049,16.996,16.996,1.0,CANDIDATE_GRAPH
ST029,ST050,10.626000000000001,10.626000000000001,1.0,CANDIDATE_GRAPH
ST029,ST051,1.708,1.708,1.0,CANDIDATE_GRAPH
ST029,ST052,4.265,4.265,1.0,CANDIDATE_GRAPH
ST029,ST053,14.748000000000001,14.748000000000001,1.0,CANDIDATE_GRAPH
ST029,ST054,7.734,7.734,1.0,CANDIDATE_GRAPH
ST029,ST055,16.519,16.519,1.0,CANDIDATE_GRAPH
ST030,ST031,3.08,3.08,1.0,CANDIDATE_GRAPH
ST030,ST032,9.897,9.897,1.0,CANDIDATE_GRAPH
ST030,ST033,9.757,9.757,1.0,CANDIDATE_GRAPH
ST030,ST034,5.062,5.062,1.0,CANDIDATE_GRAPH
ST030,ST035,4.626,4.626,1.0,CANDIDATE_GRAPH
ST030,ST036,5.244000000000001,5.244000000000001,1.0,CANDIDATE_GRAPH
ST030,ST037,5.720000000000001,5.720000000000001,1.0,CANDIDATE_GRAPH
ST030,ST038,3.282,3.282,1.0,CANDIDATE_GRAPH
ST030,ST039,3.38,3.38,1.0,CANDIDATE_GRAPH
ST030,ST040,1.629,1.629,1.0,CANDIDATE_GRAPH
ST030,ST041,5.759,5.759,1.0,CANDIDATE_GRAPH
ST030,ST042,2.893,2.893,1.0,CANDIDATE_GRAPH
ST030,ST043,7.435,7.435,1.0,CANDIDATE_GRAPH
ST030,ST044,8.169,8.169,1.0,CANDIDATE_GRAPH
ST030,ST045,6.936,6.936,1.0,CANDIDATE_GRAPH
ST030,ST046,6.526,6.526,1.0,CANDIDATE_GRAPH
ST030,ST047,9.219,9.219,1.0,CANDIDATE_GRAPH
ST030,ST048,6.776,6.776,1.0,CANDIDATE_GRAPH
ST030,ST049,14.396,14.396,1.0,CANDIDATE_GRAPH
ST030,ST050,8.49,8.49,1.0,CANDIDATE_GRAPH
ST030,ST051,4.0809999999999995,4.0809999999999995,1.0,CANDIDATE_GRAPH
ST030,ST052,0.791,0.791,1.0,CANDIDATE_GRAPH
ST030,ST053,12.664,12.664,1.0,CANDIDATE_GRAPH
ST030,ST054,5.439,5.439,1.0,CANDIDATE_GRAPH
ST030,ST055,14.224,14.224,1.0,CANDIDATE_GRAPH
ST031,ST032,7.813,7.813,1.0,CANDIDATE_GRAPH
ST031,ST033,7.673,7.673,1.0,CANDIDATE_GRAPH
ST031,ST034,6.03,6.03,1.0,CANDIDATE_GRAPH
ST031,ST035,5.677,5.677,1.0,CANDIDATE_GRAPH
ST031,ST036,6.321,6.321,1.0,CANDIDATE_GRAPH
ST031,ST037,6.771,6.771,1.0,CANDIDATE_GRAPH
ST031,ST038,5.844,5.844,1.0,CANDIDATE_GRAPH
ST031,ST039,5.5440000000000005,5.5440000000000005,1.0,CANDIDATE_GRAPH
ST031,ST040,2.402,2.402,1.0,CANDIDATE_GRAPH
ST031,ST041,7.632000000000001,7.632000000000001,1.0,CANDIDATE_GRAPH
ST031,ST042,4.275,4.275,1.0,CANDIDATE_GRAPH
ST031,ST043,5.351,5.351,1.0,CANDIDATE_GRAPH
ST031,ST044,6.085,6.085,1.0,CANDIDATE_GRAPH
ST031,ST045,4.879,4.879,1.0,CANDIDATE_GRAPH
ST031,ST046,5.3629999999999995,5.3629999999999995,1.0,CANDIDATE_GRAPH
ST031,ST047,6.614,6.614,1.0,CANDIDATE_GRAPH
ST031,ST048,4.692,4.692,1.0,CANDIDATE_GRAPH
ST031,ST049,11.681000000000001,11.681000000000001,1.0,CANDIDATE_GRAPH
ST031,ST050,6.08,6.08,1.0,CANDIDATE_GRAPH
ST031,ST051,6.074,6.074,1.0,CANDIDATE_GRAPH
ST031,ST052,2.69,2.69,1.0,CANDIDATE_GRAPH
ST031,ST053,9.667,9.667,1.0,CANDIDATE_GRAPH
ST031,ST054,4.873,4.873,1.0,CANDIDATE_GRAPH
ST031,ST055,11.226,11.226,1.0,CANDIDATE_GRAPH
ST032,ST033,2.081,2.081,1.0,CANDIDATE_GRAPH
ST032,ST034,9.083,9.083,1.0,CANDIDATE_GRAPH
ST032,ST035,8.73,8.73,1.0,CANDIDATE_GRAPH
ST032,ST036,9.146,9.146,1.0,CANDIDATE_GRAPH
ST032,ST037,8.458,8.458,1.0,CANDIDATE_GRAPH
ST032,ST038,13.179,13.179,1.0,CANDIDATE_GRAPH
ST032,ST039,12.833,12.833,1.0,CANDIDATE_GRAPH
ST032,ST040,10.11,10.11,1.0,CANDIDATE_GRAPH
ST032,ST041,13.504999999999999,13.504999999999999,1.0,CANDIDATE_GRAPH
ST032,ST042,12.014999999999999,12.014999999999999,1.0,CANDIDATE_GRAPH
ST032,ST043,3.095,3.095,1.0,CANDIDATE_GRAPH
ST032,ST044,3.013,3.013,1.0,CANDIDATE_GRAPH
ST032,ST045,3.542,3.542,1.0,CANDIDATE_GRAPH
ST032,ST046,6.177,6.177,1.0,CANDIDATE_GRAPH
ST032,ST047,4.347,4.347,1.0,CANDIDATE_GRAPH
ST032,ST048,4.266,4.266,1.0,CANDIDATE_GRAPH
ST032,ST049,4.499,4.499,1.0,CANDIDATE_GRAPH
ST032,ST050,4.271,4.271,1.0,CANDIDATE_GRAPH
ST032,ST051,13.56,13.56,1.0,CANDIDATE_GRAPH
ST032,ST052,10.503,10.503,1.0,CANDIDATE_GRAPH
ST032,ST053,4.2509999999999994,4.2509999999999994,1.0,CANDIDATE_GRAPH
ST032,ST054,7.263999999999999,7.263999999999999,1.0,CANDIDATE_GRAPH
ST032,ST055,4.731,4.731,1.0,CANDIDATE_GRAPH
ST033,ST034,7.5809999999999995,7.5809999999999995,1.0,CANDIDATE_GRAPH
ST033,ST035,7.497,7.497,1.0,CANDIDATE_GRAPH
ST033,ST036,7.0649999999999995,7.0649999999999995,1.0,CANDIDATE_GRAPH
ST033,ST037,6.377,6.377,1.0,CANDIDATE_GRAPH
ST033,ST038,11.114,11.114,1.0,CANDIDATE_GRAPH
ST033,ST039,11.212,11.212,1.0,CANDIDATE_GRAPH
ST033,ST040,9.372,9.372,1.0,CANDIDATE_GRAPH
ST033,ST041,12.767,12.767,1.0,CANDIDATE_GRAPH
ST033,ST042,11.361999999999998,11.361999999999998,1.0,CANDIDATE_GRAPH
ST033,ST043,2.332,2.332,1.0,CANDIDATE_GRAPH
ST033,ST044,1.598,1.598,1.0,CANDIDATE_GRAPH
ST033,ST045,2.981,2.981,1.0,CANDIDATE_GRAPH
ST033,ST046,7.273,7.273,1.0,CANDIDATE_GRAPH
ST033,ST047,5.588,5.588,1.0,CANDIDATE_GRAPH
ST033,ST048,3.606,3.606,1.0,CANDIDATE_GRAPH
ST033,ST049,6.473,6.473,1.0,CANDIDATE_GRAPH
ST033,ST050,5.79,5.79,1.0,CANDIDATE_GRAPH
ST033,ST051,13.406,13.406,1.0,CANDIDATE_GRAPH
ST033,ST052,10.022,10.022,1.0,CANDIDATE_GRAPH
ST033,ST053,6.235,6.235,1.0,CANDIDATE_GRAPH
ST033,ST054,8.36,8.36,1.0,CANDIDATE_GRAPH
ST033,ST055,6.669,6.669,1.0,CANDIDATE_GRAPH
ST034,ST035,0.462,0.462,1.0,CANDIDATE_GRAPH
ST034,ST036,0.834,0.834,1.0,CANDIDATE_GRAPH
ST034,ST037,1.204,1.204,1.0,CANDIDATE_GRAPH
ST034,ST038,5.716,5.716,1.0,CANDIDATE_GRAPH
ST034,ST039,5.814,5.814,1.0,CANDIDATE_GRAPH
ST034,ST040,6.322,6.322,1.0,CANDIDATE_GRAPH
ST034,ST041,9.239,9.239,1.0,CANDIDATE_GRAPH
ST034,ST042,6.53,6.53,1.0,CANDIDATE_GRAPH
ST034,ST043,6.443,6.443,1.0,CANDIDATE_GRAPH
ST034,ST044,6.398,6.398,1.0,CANDIDATE_GRAPH
ST034,ST045,6.149,6.149,1.0,CANDIDATE_GRAPH
ST034,ST046,6.911,6.911,1.0,CANDIDATE_GRAPH
ST034,ST047,8.311,8.311,1.0,CANDIDATE_GRAPH
ST034,ST048,5.962,5.962,1.0,CANDIDATE_GRAPH
ST034,ST049,13.582,13.582,1.0,CANDIDATE_GRAPH
ST034,ST050,7.605,7.605,1.0,CANDIDATE_GRAPH
ST034,ST051,7.654999999999999,7.654999999999999,1.0,CANDIDATE_GRAPH
ST034,ST052,4.271,4.271,1.0,CANDIDATE_GRAPH
ST034,ST053,11.657,11.657,1.0,CANDIDATE_GRAPH
ST034,ST054,7.997999999999999,7.997999999999999,1.0,CANDIDATE_GRAPH
ST034,ST055,13.216000000000001,13.216000000000001,1.0,CANDIDATE_GRAPH
ST035,ST036,0.644,0.644,1.0,CANDIDATE_GRAPH
ST035,ST037,1.12,1.12,1.0,CANDIDATE_GRAPH
ST035,ST038,5.28,5.28,1.0,CANDIDATE_GRAPH
ST035,ST039,5.378,5.378,1.0,CANDIDATE_GRAPH
ST035,ST040,5.886,5.886,1.0,CANDIDATE_GRAPH
ST035,ST041,8.803,8.803,1.0,CANDIDATE_GRAPH
ST035,ST042,6.177,6.177,1.0,CANDIDATE_GRAPH
ST035,ST043,6.007,6.007,1.0,CANDIDATE_GRAPH
ST035,ST044,6.03,6.03,1.0,CANDIDATE_GRAPH
ST035,ST045,5.796,5.796,1.0,CANDIDATE_GRAPH
ST035,ST046,6.475,6.475,1.0,CANDIDATE_GRAPH
ST035,ST047,7.875,7.875,1.0,CANDIDATE_GRAPH
ST035,ST048,5.609,5.609,1.0,CANDIDATE_GRAPH
ST035,ST049,13.229,13.229,1.0,CANDIDATE_GRAPH
ST035,ST050,7.169,7.169,1.0,CANDIDATE_GRAPH
ST035,ST051,7.218999999999999,7.218999999999999,1.0,CANDIDATE_GRAPH
ST035,ST052,3.835,3.835,1.0,CANDIDATE_GRAPH
ST035,ST053,11.304,11.304,1.0,CANDIDATE_GRAPH
ST035,ST054,7.561999999999999,7.561999999999999,1.0,CANDIDATE_GRAPH
ST035,ST055,12.863,12.863,1.0,CANDIDATE_GRAPH
ST036,ST037,0.688,0.688,1.0,CANDIDATE_GRAPH
ST036,ST038,5.221,5.221,1.0,CANDIDATE_GRAPH
ST036,ST039,5.269,5.269,1.0,CANDIDATE_GRAPH
ST036,ST040,6.5040000000000004,6.5040000000000004,1.0,CANDIDATE_GRAPH
ST036,ST041,9.421,9.421,1.0,CANDIDATE_GRAPH
ST036,ST042,6.573,6.573,1.0,CANDIDATE_GRAPH
ST036,ST043,6.146999999999999,6.146999999999999,1.0,CANDIDATE_GRAPH
ST036,ST044,6.17,6.17,1.0,CANDIDATE_GRAPH
ST036,ST045,6.244,6.244,1.0,CANDIDATE_GRAPH
ST036,ST046,7.093,7.093,1.0,CANDIDATE_GRAPH
ST036,ST047,8.493,8.493,1.0,CANDIDATE_GRAPH
ST036,ST048,6.227,6.227,1.0,CANDIDATE_GRAPH
ST036,ST049,13.538,13.538,1.0,CANDIDATE_GRAPH
ST036,ST050,7.787,7.787,1.0,CANDIDATE_GRAPH
ST036,ST051,7.837,7.837,1.0,CANDIDATE_GRAPH
ST036,ST052,4.453,4.453,1.0,CANDIDATE_GRAPH
ST036,ST053,11.948,11.948,1.0,CANDIDATE_GRAPH
ST036,ST054,8.18,8.18,1.0,CANDIDATE_GRAPH
ST036,ST055,13.507,13.507,1.0,CANDIDATE_GRAPH
ST037,ST038,4.967,4.967,1.0,CANDIDATE_GRAPH
ST037,ST039,5.065,5.065,1.0,CANDIDATE_GRAPH
ST037,ST040,6.98,6.98,1.0,CANDIDATE_GRAPH
ST037,ST041,9.274,9.274,1.0,CANDIDATE_GRAPH
ST037,ST042,6.708,6.708,1.0,CANDIDATE_GRAPH
ST037,ST043,5.459,5.459,1.0,CANDIDATE_GRAPH
ST037,ST044,5.482,5.482,1.0,CANDIDATE_GRAPH
ST037,ST045,5.556,5.556,1.0,CANDIDATE_GRAPH
ST037,ST046,7.569,7.569,1.0,CANDIDATE_GRAPH
ST037,ST047,8.163,8.163,1.0,CANDIDATE_GRAPH
ST037,ST048,6.192,6.192,1.0,CANDIDATE_GRAPH
ST037,ST049,12.85,12.85,1.0,CANDIDATE_GRAPH
ST037,ST050,8.289,8.289,1.0,CANDIDATE_GRAPH
ST037,ST051,7.679,7.679,1.0,CANDIDATE_GRAPH
ST037,ST052,4.929,4.929,1.0,CANDIDATE_GRAPH
ST037,ST053,11.611,11.611,1.0,CANDIDATE_GRAPH
ST037,ST054,8.656,8.656,1.0,CANDIDATE_GRAPH
ST037,ST055,12.948,12.948,1.0,CANDIDATE_GRAPH
ST038,ST039,1.349,1.349,1.0,CANDIDATE_GRAPH
ST038,ST040,4.911,4.911,1.0,CANDIDATE_GRAPH
ST038,ST041,4.469,4.469,1.0,CANDIDATE_GRAPH
ST038,ST042,2.385,2.385,1.0,CANDIDATE_GRAPH
ST038,ST043,10.425999999999998,10.425999999999998,1.0,CANDIDATE_GRAPH
ST038,ST044,10.449,10.449,1.0,CANDIDATE_GRAPH
ST038,ST045,10.218,10.218,1.0,CANDIDATE_GRAPH
ST038,ST046,9.808,9.808,1.0,CANDIDATE_GRAPH
ST038,ST047,12.458000000000002,12.458000000000002,1.0,CANDIDATE_GRAPH
ST038,ST048,10.058,10.058,1.0,CANDIDATE_GRAPH
ST038,ST049,17.525,17.525,1.0,CANDIDATE_GRAPH
ST038,ST050,11.772,11.772,1.0,CANDIDATE_GRAPH
ST038,ST051,3.27,3.27,1.0,CANDIDATE_GRAPH
ST038,ST052,3.367,3.367,1.0,CANDIDATE_GRAPH
ST038,ST053,15.511000000000001,15.511000000000001,1.0,CANDIDATE_GRAPH
ST038,ST054,8.721,8.721,1.0,CANDIDATE_GRAPH
ST038,ST055,17.07,17.07,1.0,CANDIDATE_GRAPH
ST039,ST040,4.905,4.905,1.0,CANDIDATE_GRAPH
ST039,ST041,4.913,4.913,1.0,CANDIDATE_GRAPH
ST039,ST042,2.747,2.747,1.0,CANDIDATE_GRAPH
ST039,ST043,9.797,9.797,1.0,CANDIDATE_GRAPH
ST039,ST044,9.82,9.82,1.0,CANDIDATE_GRAPH
ST039,ST045,9.894,9.894,1.0,CANDIDATE_GRAPH
ST039,ST046,9.905999999999999,9.905999999999999,1.0,CANDIDATE_GRAPH
ST039,ST047,12.158000000000001,12.158000000000001,1.0,CANDIDATE_GRAPH
ST039,ST048,9.913,9.913,1.0,CANDIDATE_GRAPH
ST039,ST049,17.224999999999998,17.224999999999998,1.0,CANDIDATE_GRAPH
ST039,ST050,11.624,11.624,1.0,CANDIDATE_GRAPH
ST039,ST051,3.723,3.723,1.0,CANDIDATE_GRAPH
ST039,ST052,2.854,2.854,1.0,CANDIDATE_GRAPH
ST039,ST053,15.211,15.211,1.0,CANDIDATE_GRAPH
ST039,ST054,8.818999999999999,8.818999999999999,1.0,CANDIDATE_GRAPH
ST039,ST055,16.77,16.77,1.0,CANDIDATE_GRAPH
ST040,ST041,6.311,6.311,1.0,CANDIDATE_GRAPH
ST040,ST042,3.46,3.46,1.0,CANDIDATE_GRAPH
ST040,ST043,7.04,7.04,1.0,CANDIDATE_GRAPH
ST040,ST044,7.774,7.774,1.0,CANDIDATE_GRAPH
ST040,ST045,6.568,6.568,1.0,CANDIDATE_GRAPH
ST040,ST046,6.129,6.129,1.0,CANDIDATE_GRAPH
ST040,ST047,8.159,8.159,1.0,CANDIDATE_GRAPH
ST040,ST048,6.381,6.381,1.0,CANDIDATE_GRAPH
ST040,ST049,14.083,14.083,1.0,CANDIDATE_GRAPH
ST040,ST050,7.453,7.453,1.0,CANDIDATE_GRAPH
ST040,ST051,4.881,4.881,1.0,CANDIDATE_GRAPH
ST040,ST052,2.051,2.051,1.0,CANDIDATE_GRAPH
ST040,ST053,11.627,11.627,1.0,CANDIDATE_GRAPH
ST040,ST054,5.042,5.042,1.0,CANDIDATE_GRAPH
ST040,ST055,13.628,13.628,1.0,CANDIDATE_GRAPH
ST041,ST042,3.357,3.357,1.0,CANDIDATE_GRAPH
ST041,ST043,10.435,10.435,1.0,CANDIDATE_GRAPH
ST041,ST044,11.169,11.169,1.0,CANDIDATE_GRAPH
ST041,ST045,9.963,9.963,1.0,CANDIDATE_GRAPH
ST041,ST046,9.524,9.524,1.0,CANDIDATE_GRAPH
ST041,ST047,12.593,12.593,1.0,CANDIDATE_GRAPH
ST041,ST048,9.776,9.776,1.0,CANDIDATE_GRAPH
ST041,ST049,17.81,17.81,1.0,CANDIDATE_GRAPH
ST041,ST050,11.886999999999999,11.886999999999999,1.0,CANDIDATE_GRAPH
ST041,ST051,2.393,2.393,1.0,CANDIDATE_GRAPH
ST041,ST052,4.968,4.968,1.0,CANDIDATE_GRAPH
ST041,ST053,15.83,15.83,1.0,CANDIDATE_GRAPH
ST041,ST054,8.437,8.437,1.0,CANDIDATE_GRAPH
ST041,ST055,17.222,17.222,1.0,CANDIDATE_GRAPH
ST042,ST043,9.03,9.03,1.0,CANDIDATE_GRAPH
ST042,ST044,9.764,9.764,1.0,CANDIDATE_GRAPH
ST042,ST045,8.531,8.531,1.0,CANDIDATE_GRAPH
ST042,ST046,8.121,8.121,1.0,CANDIDATE_GRAPH
ST042,ST047,10.814,10.814,1.0,CANDIDATE_GRAPH
ST042,ST048,8.371,8.371,1.0,CANDIDATE_GRAPH
ST042,ST049,15.956000000000001,15.956000000000001,1.0,CANDIDATE_GRAPH
ST042,ST050,10.085,10.085,1.0,CANDIDATE_GRAPH
ST042,ST051,2.072,2.072,1.0,CANDIDATE_GRAPH
ST042,ST052,2.348,2.348,1.0,CANDIDATE_GRAPH
ST042,ST053,13.942,13.942,1.0,CANDIDATE_GRAPH
ST042,ST054,7.034,7.034,1.0,CANDIDATE_GRAPH
ST042,ST055,15.501000000000001,15.501000000000001,1.0,CANDIDATE_GRAPH
ST043,ST044,0.734,0.734,1.0,CANDIDATE_GRAPH
ST043,ST045,0.671,0.671,1.0,CANDIDATE_GRAPH
ST043,ST046,4.974,4.974,1.0,CANDIDATE_GRAPH
ST043,ST047,3.278,3.278,1.0,CANDIDATE_GRAPH
ST043,ST048,1.307,1.307,1.0,CANDIDATE_GRAPH
ST043,ST049,7.593999999999999,7.593999999999999,1.0,CANDIDATE_GRAPH
ST043,ST050,3.48,3.48,1.0,CANDIDATE_GRAPH
ST043,ST051,11.102,11.102,1.0,CANDIDATE_GRAPH
ST043,ST052,7.723,7.723,1.0,CANDIDATE_GRAPH
ST043,ST053,6.728,6.728,1.0,CANDIDATE_GRAPH
ST043,ST054,6.061,6.061,1.0,CANDIDATE_GRAPH
ST043,ST055,7.8260000000000005,7.8260000000000005,1.0,CANDIDATE_GRAPH
ST044,ST045,1.383,1.383,1.0,CANDIDATE_GRAPH
ST044,ST046,5.675,5.675,1.0,CANDIDATE_GRAPH
ST044,ST047,3.99,3.99,1.0,CANDIDATE_GRAPH
ST044,ST048,2.008,2.008,1.0,CANDIDATE_GRAPH
ST044,ST049,7.512,7.512,1.0,CANDIDATE_GRAPH
ST044,ST050,4.192,4.192,1.0,CANDIDATE_GRAPH
ST044,ST051,11.808,11.808,1.0,CANDIDATE_GRAPH
ST044,ST052,8.424,8.424,1.0,CANDIDATE_GRAPH
ST044,ST053,6.997,6.997,1.0,CANDIDATE_GRAPH
ST044,ST054,6.762,6.762,1.0,CANDIDATE_GRAPH
ST044,ST055,7.744,7.744,1.0,CANDIDATE_GRAPH
ST045,ST046,4.467,4.467,1.0,CANDIDATE_GRAPH
ST045,ST047,2.631,2.631,1.0,CANDIDATE_GRAPH
ST045,ST048,0.8,0.8,1.0,CANDIDATE_GRAPH
ST045,ST049,7.847,7.847,1.0,CANDIDATE_GRAPH
ST045,ST050,2.833,2.833,1.0,CANDIDATE_GRAPH
ST045,ST051,10.603000000000002,10.603000000000002,1.0,CANDIDATE_GRAPH
ST045,ST052,7.23,7.23,1.0,CANDIDATE_GRAPH
ST045,ST053,6.0569999999999995,6.0569999999999995,1.0,CANDIDATE_GRAPH
ST045,ST054,5.553999999999999,5.553999999999999,1.0,CANDIDATE_GRAPH
ST045,ST055,7.392,7.392,1.0,CANDIDATE_GRAPH
ST046,ST047,3.069,3.069,1.0,CANDIDATE_GRAPH
ST046,ST048,3.667,3.667,1.0,CANDIDATE_GRAPH
ST046,ST049,8.306,8.306,1.0,CANDIDATE_GRAPH
ST046,ST050,2.363,2.363,1.0,CANDIDATE_GRAPH
ST046,ST051,10.12,10.12,1.0,CANDIDATE_GRAPH
ST046,ST052,7.317,7.317,1.0,CANDIDATE_GRAPH
ST046,ST053,6.393,6.393,1.0,CANDIDATE_GRAPH
ST046,ST054,1.087,1.087,1.0,CANDIDATE_GRAPH
ST046,ST055,7.851,7.851,1.0,CANDIDATE_GRAPH
ST047,ST048,3.431,3.431,1.0,CANDIDATE_GRAPH
ST047,ST049,6.569,6.569,1.0,CANDIDATE_GRAPH
ST047,ST050,0.729,0.729,1.0,CANDIDATE_GRAPH
ST047,ST051,11.973,11.973,1.0,CANDIDATE_GRAPH
ST047,ST052,9.304,9.304,1.0,CANDIDATE_GRAPH
ST047,ST053,3.916,3.916,1.0,CANDIDATE_GRAPH
ST047,ST054,4.156,4.156,1.0,CANDIDATE_GRAPH
ST047,ST055,6.114,6.114,1.0,CANDIDATE_GRAPH
ST048,ST049,8.647,8.647,1.0,CANDIDATE_GRAPH
ST048,ST050,3.182,3.182,1.0,CANDIDATE_GRAPH
ST048,ST051,10.443,10.443,1.0,CANDIDATE_GRAPH
ST048,ST052,7.059,7.059,1.0,CANDIDATE_GRAPH
ST048,ST053,6.856999999999999,6.856999999999999,1.0,CANDIDATE_GRAPH
ST048,ST054,4.754,4.754,1.0,CANDIDATE_GRAPH
ST048,ST055,8.192,8.192,1.0,CANDIDATE_GRAPH
ST049,ST050,6.734,6.734,1.0,CANDIDATE_GRAPH
ST049,ST051,17.384,17.384,1.0,CANDIDATE_GRAPH
ST049,ST052,14.371,14.371,1.0,CANDIDATE_GRAPH
ST049,ST053,3.789,3.789,1.0,CANDIDATE_GRAPH
ST049,ST054,9.392999999999999,9.392999999999999,1.0,CANDIDATE_GRAPH
ST049,ST055,0.676,0.676,1.0,CANDIDATE_GRAPH
ST050,ST051,11.244,11.244,1.0,CANDIDATE_GRAPH
ST050,ST052,8.77,8.77,1.0,CANDIDATE_GRAPH
ST050,ST053,4.1739999999999995,4.1739999999999995,1.0,CANDIDATE_GRAPH
ST050,ST054,3.45,3.45,1.0,CANDIDATE_GRAPH
ST050,ST055,6.177,6.177,1.0,CANDIDATE_GRAPH
ST051,ST052,3.384,3.384,1.0,CANDIDATE_GRAPH
ST051,ST053,15.136000000000001,15.136000000000001,1.0,CANDIDATE_GRAPH
ST051,ST054,9.033,9.033,1.0,CANDIDATE_GRAPH
ST051,ST055,16.929,16.929,1.0,CANDIDATE_GRAPH
ST052,ST053,12.357,12.357,1.0,CANDIDATE_GRAPH
ST052,ST054,6.23,6.23,1.0,CANDIDATE_GRAPH
ST052,ST055,13.916,13.916,1.0,CANDIDATE_GRAPH
ST053,ST054,7.393,7.393,1.0,CANDIDATE_GRAPH
ST053,ST055,3.334,3.334,1.0,CANDIDATE_GRAPH
ST054,ST055,8.785,8.785,1.0,CANDIDATE_GRAPH
ST001,ST002,0.619,0.619,1.0,CURRENT_03_CANDIDATE
ST001,ST003,6.8,8.495999999999999,1.2494117647058822,CURRENT_03_CANDIDATE
ST001,ST004,3.811,3.811,1.0,CURRENT_03_CANDIDATE
ST001,ST005,3.419,4.577,1.338695525007312,CURRENT_03_CANDIDATE
ST001,ST006,7.161,14.754000000000001,2.0603267700041896,CURRENT_03_CANDIDATE
ST001,ST007,6.545,6.606,1.009320091673033,CURRENT_03_CANDIDATE
ST001,ST008,8.055,16.705000000000002,2.0738671632526384,CURRENT_03_CANDIDATE
ST001,ST009,8.887,16.397000000000002,1.8450545740969957,CURRENT_03_CANDIDATE
ST001,ST010,11.633,15.565000000000001,1.3380039542680309,CURRENT_03_CANDIDATE
ST001,ST011,4.454,6.889,1.546699595868882,CURRENT_03_CANDIDATE
ST001,ST012,9.602,17.926000000000002,1.866902728598209,CURRENT_03_CANDIDATE
ST001,ST013,9.482,18.723,1.9745834212191522,CURRENT_03_CANDIDATE
ST001,ST014,10.345,19.527,1.8875785403576606,CURRENT_03_CANDIDATE
ST001,ST015,11.924,24.337,2.041009728279101,CURRENT_03_CANDIDATE
ST001,ST016,10.361,21.23,2.0490300164076825,CURRENT_03_CANDIDATE
ST001,ST017,5.41,16.654,3.078373382624769,CURRENT_03_CANDIDATE
ST001,ST018,6.58,13.336,2.0267477203647415,CURRENT_03_CANDIDATE
ST001,ST019,6.5889999999999995,14.067,2.134921839429352,CURRENT_03_CANDIDATE
ST001,ST020,7.875,12.885,1.6361904761904762,CURRENT_03_CANDIDATE
ST001,ST021,9.161000000000001,11.673,1.2742058727213184,CURRENT_03_CANDIDATE
ST001,ST022,9.935,12.263,1.2343231001509813,CURRENT_03_CANDIDATE
ST001,ST023,4.925,13.064999999999998,2.6527918781725885,CURRENT_03_CANDIDATE
ST001,ST024,12.299999999999999,24.459,1.9885365853658539,CURRENT_03_CANDIDATE
ST001,ST025,13.215,24.235,1.8339008702232311,CURRENT_03_CANDIDATE
ST001,ST026,11.399000000000001,16.785,1.472497587507676,CURRENT_03_CANDIDATE
ST001,ST027,11.022,23.345,2.1180366539647975,CURRENT_03_CANDIDATE
ST001,ST028,11.775,19.299,1.638980891719745,CURRENT_03_CANDIDATE
ST001,ST029,8.007,11.284,1.409266891469964,CURRENT_03_CANDIDATE
ST001,ST030,5.974,16.069000000000003,2.6898225644459326,CURRENT_03_CANDIDATE
ST001,ST031,4.665,4.726,1.0130760986066452,CURRENT_03_CANDIDATE
ST001,ST032,9.175,9.468,1.031934604904632,CURRENT_03_CANDIDATE
ST001,ST033,9.479,11.549,1.2183774659774238,CURRENT_03_CANDIDATE
ST001,ST034,8.216000000000001,19.442,2.3663583252190845,CURRENT_03_CANDIDATE
ST001,ST035,7.8629999999999995,19.089,2.427699351392598,CURRENT_03_CANDIDATE
ST001,ST036,8.507,19.188000000000002,2.2555542494416367,CURRENT_03_CANDIDATE
ST001,ST037,8.983,17.926,1.9955471446064785,CURRENT_03_CANDIDATE
ST001,ST038,9.128,15.507000000000001,1.6988387379491676,CURRENT_03_CANDIDATE
ST001,ST039,8.889,15.605,1.7555405557430535,CURRENT_03_CANDIDATE
ST001,ST040,5.747,8.111,1.411345049591091,CURRENT_03_CANDIDATE
ST001,ST041,10.347999999999999,17.295,1.6713374565133363,CURRENT_03_CANDIDATE
ST001,ST042,7.559,13.938,1.8438946950654849,CURRENT_03_CANDIDATE
ST001,ST043,7.173,12.563,1.7514289697476648,CURRENT_03_CANDIDATE
ST001,ST044,7.885,13.147,1.6673430564362715,CURRENT_03_CANDIDATE
ST001,ST045,6.502,12.558999999999997,1.9315595201476465,CURRENT_03_CANDIDATE
ST001,ST046,2.998,4.156,1.3862575050033354,CURRENT_03_CANDIDATE
ST001,ST047,5.936999999999999,7.911,1.332491157150076,CURRENT_03_CANDIDATE
ST001,ST048,6.497999999999999,15.157,2.3325638658048633,CURRENT_03_CANDIDATE
ST001,ST049,11.303999999999998,13.966999999999999,1.2355803255484785,CURRENT_03_CANDIDATE
ST001,ST050,5.361000000000001,5.894,1.0994217496735683,CURRENT_03_CANDIDATE
ST001,ST051,8.36,13.528,1.6181818181818184,CURRENT_03_CANDIDATE
ST001,ST052,6.035,15.549,2.576470588235294,CURRENT_03_CANDIDATE
ST001,ST053,9.285,10.980999999999998,1.1826602046311252,CURRENT_03_CANDIDATE
ST001,ST054,1.911,3.069,1.6059654631083202,CURRENT_03_CANDIDATE
ST001,ST055,10.682,13.178999999999998,1.2337577232727952,CURRENT_03_CANDIDATE
ST002,ST003,6.181,7.877,1.2743892574017148,CURRENT_03_CANDIDATE
ST002,ST004,3.192,3.192,1.0,CURRENT_03_CANDIDATE
ST002,ST005,2.8,5.196,1.8557142857142856,CURRENT_03_CANDIDATE
ST002,ST006,6.542,15.373000000000001,2.3498929990828494,CURRENT_03_CANDIDATE
ST002,ST007,5.926,7.225,1.2192035099561254,CURRENT_03_CANDIDATE
ST002,ST008,7.436,17.324,2.3297471759010224,CURRENT_03_CANDIDATE
ST002,ST009,8.268,17.016000000000002,2.058055152394775,CURRENT_03_CANDIDATE
ST002,ST010,11.014,16.184,1.4694025785364084,CURRENT_03_CANDIDATE
ST002,ST011,3.835,6.2700000000000005,1.6349413298565842,CURRENT_03_CANDIDATE
ST002,ST012,8.983,18.545,2.064455081821218,CURRENT_03_CANDIDATE
ST002,ST013,8.913,19.342,2.170088634578705,CURRENT_03_CANDIDATE
ST002,ST014,9.776,20.146,2.0607610474631755,CURRENT_03_CANDIDATE
ST002,ST015,11.305,24.956,2.207518796992481,CURRENT_03_CANDIDATE
ST002,ST016,9.742,21.849,2.2427632929583248,CURRENT_03_CANDIDATE
ST002,ST017,4.791,17.273,3.605301607180129,CURRENT_03_CANDIDATE
ST002,ST018,5.961,12.717,2.1333668847508807,CURRENT_03_CANDIDATE
ST002,ST019,5.97,13.448,2.2525963149078727,CURRENT_03_CANDIDATE
ST002,ST020,7.256,12.266,1.690463065049614,CURRENT_03_CANDIDATE
ST002,ST021,8.542,12.292,1.4390072582533364,CURRENT_03_CANDIDATE
ST002,ST022,9.315999999999999,11.743,1.2605195362816661,CURRENT_03_CANDIDATE
ST002,ST023,4.306,12.446,2.8903855085926615,CURRENT_03_CANDIDATE
ST002,ST024,11.681,25.078,2.1469052307165484,CURRENT_03_CANDIDATE
ST002,ST025,12.596,24.854,1.9731660844712606,CURRENT_03_CANDIDATE
ST002,ST026,10.780000000000001,17.404,1.6144712430426715,CURRENT_03_CANDIDATE
ST002,ST027,10.403,23.964,2.3035662789579927,CURRENT_03_CANDIDATE
ST002,ST028,11.156,19.918,1.7854069558981713,CURRENT_03_CANDIDATE
ST002,ST029,8.350999999999999,11.903,1.4253382828403787,CURRENT_03_CANDIDATE
ST002,ST030,5.355,16.688000000000002,3.116339869281046,CURRENT_03_CANDIDATE
ST002,ST031,4.046,5.345,1.3210578348986652,CURRENT_03_CANDIDATE
ST002,ST032,8.556,8.849,1.03424497428705,CURRENT_03_CANDIDATE
ST002,ST033,8.86,10.93,1.2336343115124153,CURRENT_03_CANDIDATE
ST002,ST034,7.597,18.823,2.4776885612741872,CURRENT_03_CANDIDATE
ST002,ST035,7.244,18.47,2.5496963003865267,CURRENT_03_CANDIDATE
ST002,ST036,7.888,18.569000000000003,2.35408215010142,CURRENT_03_CANDIDATE
ST002,ST037,8.364,17.307,2.06922525107604,CURRENT_03_CANDIDATE
ST002,ST038,8.509,16.126,1.8951698201903868,CURRENT_03_CANDIDATE
ST002,ST039,8.284,16.224,1.9584741670690486,CURRENT_03_CANDIDATE
ST002,ST040,5.178,8.73,1.685979142526072,CURRENT_03_CANDIDATE
ST002,ST041,9.729,17.914,1.8412992085517528,CURRENT_03_CANDIDATE
ST002,ST042,6.94,14.557,2.097550432276657,CURRENT_03_CANDIDATE
ST002,ST043,6.554,11.944,1.8223985352456515,CURRENT_03_CANDIDATE
ST002,ST044,7.266,12.528,1.7241948802642444,CURRENT_03_CANDIDATE
ST002,ST045,5.883,11.94,2.0295767465578787,CURRENT_03_CANDIDATE
ST002,ST046,2.379,4.7749999999999995,2.0071458596048757,CURRENT_03_CANDIDATE
ST002,ST047,5.318,8.53,1.6039864610755923,CURRENT_03_CANDIDATE
ST002,ST048,5.879,14.538,2.4728695356353123,CURRENT_03_CANDIDATE
ST002,ST049,10.684999999999999,13.347999999999999,1.2492278895648106,CURRENT_03_CANDIDATE
ST002,ST050,4.742,5.275,1.1123998312948125,CURRENT_03_CANDIDATE
ST002,ST051,7.741,14.147,1.827541661284072,CURRENT_03_CANDIDATE
ST002,ST052,5.430000000000001,16.168,2.9775322283609573,CURRENT_03_CANDIDATE
ST002,ST053,8.666,10.362,1.1957073621047773,CURRENT_03_CANDIDATE
ST002,ST054,1.292,3.6879999999999997,2.854489164086687,CURRENT_03_CANDIDATE
ST002,ST055,10.063,12.559999999999999,1.2481367385471527,CURRENT_03_CANDIDATE
ST003,ST004,4.263,4.685,1.0989913206661974,CURRENT_03_CANDIDATE
ST003,ST005,4.21,4.928,1.1705463182897862,CURRENT_03_CANDIDATE
ST003,ST006,12.193999999999999,18.121,1.486058717402001,CURRENT_03_CANDIDATE
ST003,ST007,11.892,15.102,1.2699293642785066,CURRENT_03_CANDIDATE
ST003,ST008,13.004999999999999,20.072,1.5434063821607076,CURRENT_03_CANDIDATE
ST003,ST009,13.838,19.764000000000003,1.428241075299899,CURRENT_03_CANDIDATE
ST003,ST010,16.573999999999998,18.932,1.1422710269096175,CURRENT_03_CANDIDATE
ST003,ST011,3.1750000000000003,4.442,1.3990551181102362,CURRENT_03_CANDIDATE
ST003,ST012,14.213,21.293,1.4981355097446,CURRENT_03_CANDIDATE
ST003,ST013,14.001,22.089999999999996,1.5777444468252266,CURRENT_03_CANDIDATE
ST003,ST014,15.514999999999999,22.894,1.4756042539477925,CURRENT_03_CANDIDATE
ST003,ST015,17.486,27.703999999999997,1.5843531968431885,CURRENT_03_CANDIDATE
ST003,ST016,15.472000000000001,24.596999999999998,1.589775077559462,CURRENT_03_CANDIDATE
ST003,ST017,10.538,20.021,1.8998861263996965,CURRENT_03_CANDIDATE
ST003,ST018,4.966,6.14,1.2364075714861054,CURRENT_03_CANDIDATE
ST003,ST019,4.507,6.2379999999999995,1.3840692256489904,CURRENT_03_CANDIDATE
ST003,ST020,4.917999999999999,5.436,1.1053273688491259,CURRENT_03_CANDIDATE
ST003,ST021,2.859,5.904,2.0650577124868836,CURRENT_03_CANDIDATE
ST003,ST022,3.668,5.84,1.5921483097055615,CURRENT_03_CANDIDATE
ST003,ST023,4.569,4.569,1.0,CURRENT_03_CANDIDATE
ST003,ST024,17.862000000000002,27.825999999999997,1.5578322696226623,CURRENT_03_CANDIDATE
ST003,ST025,17.835,27.601999999999997,1.5476310625175214,CURRENT_03_CANDIDATE
ST003,ST026,15.939,20.151999999999997,1.2643202208419597,CURRENT_03_CANDIDATE
ST003,ST027,15.562,26.711999999999996,1.7164888831769693,CURRENT_03_CANDIDATE
ST003,ST028,16.302,22.665999999999997,1.390381548276285,CURRENT_03_CANDIDATE
ST003,ST029,12.806000000000001,14.651,1.1440730907387162,CURRENT_03_CANDIDATE
ST003,ST030,10.67,19.436,1.8215557638238051,CURRENT_03_CANDIDATE
ST003,ST031,8.26,13.222000000000001,1.6007263922518162,CURRENT_03_CANDIDATE
ST003,ST032,2.946,2.946,1.0,CURRENT_03_CANDIDATE
ST003,ST033,4.416,4.416,1.0,CURRENT_03_CANDIDATE
ST003,ST034,9.663,12.309000000000001,1.2738280037255512,CURRENT_03_CANDIDATE
ST003,ST035,9.31,11.956,1.2842105263157892,CURRENT_03_CANDIDATE
ST003,ST036,9.954,11.359,1.1411492867189068,CURRENT_03_CANDIDATE
ST003,ST037,9.617,10.793,1.122283456379328,CURRENT_03_CANDIDATE
ST003,ST038,13.952,18.874,1.352780963302752,CURRENT_03_CANDIDATE
ST003,ST039,13.803999999999998,18.972,1.3743842364532022,CURRENT_03_CANDIDATE
ST003,ST040,9.633000000000001,11.478,1.1915291186546246,CURRENT_03_CANDIDATE
ST003,ST041,14.026,20.662,1.4731213460715813,CURRENT_03_CANDIDATE
ST003,ST042,12.265,17.305,1.4109253974724827,CURRENT_03_CANDIDATE
ST003,ST043,4.734,4.734,1.0,CURRENT_03_CANDIDATE
ST003,ST044,4.512,5.468,1.2118794326241136,CURRENT_03_CANDIDATE
ST003,ST045,4.063,4.063,1.0,CURRENT_03_CANDIDATE
ST003,ST046,4.543,7.523,1.655954215276249,CURRENT_03_CANDIDATE
ST003,ST047,2.142,2.142,1.0,CURRENT_03_CANDIDATE
ST003,ST048,4.8629999999999995,8.024000000000001,1.6500102817191038,CURRENT_03_CANDIDATE
ST003,ST049,5.138,7.445,1.449007395873881,CURRENT_03_CANDIDATE
ST003,ST050,2.18,5.437,2.494036697247706,CURRENT_03_CANDIDATE
ST003,ST051,13.376000000000001,16.895,1.2630831339712918,CURRENT_03_CANDIDATE
ST003,ST052,10.95,18.916,1.727488584474886,CURRENT_03_CANDIDATE
ST003,ST053,2.485,2.485,1.0,CURRENT_03_CANDIDATE
ST003,ST054,5.63,6.436,1.1431616341030195,CURRENT_03_CANDIDATE
ST003,ST055,4.683,4.683,1.0,CURRENT_03_CANDIDATE
ST004,ST005,1.874,2.591,1.3826040554962646,CURRENT_03_CANDIDATE
ST004,ST006,8.466,15.203,1.7957713205764234,CURRENT_03_CANDIDATE
ST004,ST007,7.85,10.417,1.3270063694267515,CURRENT_03_CANDIDATE
ST004,ST008,8.741999999999999,17.154,1.962251201098147,CURRENT_03_CANDIDATE
ST004,ST009,9.575,16.846,1.7593733681462143,CURRENT_03_CANDIDATE
ST004,ST010,12.311,16.014,1.3007879132483144,CURRENT_03_CANDIDATE
ST004,ST011,2.231,3.0780000000000003,1.3796503809950698,CURRENT_03_CANDIDATE
ST004,ST012,9.95,18.375,1.8467336683417086,CURRENT_03_CANDIDATE
ST004,ST013,10.767,19.171999999999997,1.7806259868115537,CURRENT_03_CANDIDATE
ST004,ST014,11.329999999999998,19.976,1.763106796116505,CURRENT_03_CANDIDATE
ST004,ST015,14.497,24.785999999999998,1.7097330482168722,CURRENT_03_CANDIDATE
ST004,ST016,11.55,21.679,1.8769696969696967,CURRENT_03_CANDIDATE
ST004,ST017,6.764,17.102999999999998,2.5285334121821403,CURRENT_03_CANDIDATE
ST004,ST018,3.3680000000000003,9.525,2.828087885985748,CURRENT_03_CANDIDATE
ST004,ST019,2.926,10.256,3.5051264524948733,CURRENT_03_CANDIDATE
ST004,ST020,4.663,9.074,1.9459575380656229,CURRENT_03_CANDIDATE
ST004,ST021,5.883,9.687000000000001,1.6466088730239676,CURRENT_03_CANDIDATE
ST004,ST022,6.657,8.551,1.284512543187622,CURRENT_03_CANDIDATE
ST004,ST023,1.713,9.254,5.402218330414477,CURRENT_03_CANDIDATE
ST004,ST024,14.235,24.907999999999998,1.7497716894977169,CURRENT_03_CANDIDATE
ST004,ST025,13.669,24.683999999999997,1.8058380276538148,CURRENT_03_CANDIDATE
ST004,ST026,11.747,17.233999999999998,1.4670979824636077,CURRENT_03_CANDIDATE
ST004,ST027,11.37,23.793999999999997,2.0927000879507474,CURRENT_03_CANDIDATE
ST004,ST028,13.012,19.747999999999998,1.5176759913925604,CURRENT_03_CANDIDATE
ST004,ST029,9.373999999999999,11.732999999999999,1.2516535097077022,CURRENT_03_CANDIDATE
ST004,ST030,7.077,16.518,2.334039847392963,CURRENT_03_CANDIDATE
ST004,ST031,3.997,8.536999999999999,2.1358518889166875,CURRENT_03_CANDIDATE
ST004,ST032,5.657,5.657,1.0,CURRENT_03_CANDIDATE
ST004,ST033,6.271,7.7379999999999995,1.233933981821081,CURRENT_03_CANDIDATE
ST004,ST034,5.987,15.631,2.6108234508100887,CURRENT_03_CANDIDATE
ST004,ST035,5.634,15.277999999999999,2.7117500887468933,CURRENT_03_CANDIDATE
ST004,ST036,6.252,15.377,2.4595329494561744,CURRENT_03_CANDIDATE
ST004,ST037,6.728,14.114999999999998,2.09794887039239,CURRENT_03_CANDIDATE
ST004,ST038,9.841000000000001,15.956,1.6213799410629,CURRENT_03_CANDIDATE
ST004,ST039,9.541,16.054,1.6826328477098835,CURRENT_03_CANDIDATE
ST004,ST040,6.399,8.559999999999999,1.3377090170339114,CURRENT_03_CANDIDATE
ST004,ST041,10.89,17.744,1.6293847566574837,CURRENT_03_CANDIDATE
ST004,ST042,8.272,14.386999999999999,1.73924081237911,CURRENT_03_CANDIDATE
ST004,ST043,3.945,8.752,2.2185044359949306,CURRENT_03_CANDIDATE
ST004,ST044,4.673,9.336,1.9978600470789643,CURRENT_03_CANDIDATE
ST004,ST045,3.29,8.748,2.658966565349544,CURRENT_03_CANDIDATE
ST004,ST046,1.366,4.6049999999999995,3.3711566617862365,CURRENT_03_CANDIDATE
ST004,ST047,2.617,5.925000000000001,2.264042797095912,CURRENT_03_CANDIDATE
ST004,ST048,3.286,11.346,3.452830188679245,CURRENT_03_CANDIDATE
ST004,ST049,7.854,10.155999999999999,1.29309905780494,CURRENT_03_CANDIDATE
ST004,ST050,2.083,2.083,1.0,CURRENT_03_CANDIDATE
ST004,ST051,10.071,13.976999999999999,1.387846291331546,CURRENT_03_CANDIDATE
ST004,ST052,6.686999999999999,15.997999999999998,2.3924031703304918,CURRENT_03_CANDIDATE
ST004,ST053,6.257,7.17,1.1459165734377497,CURRENT_03_CANDIDATE
ST004,ST054,2.4530000000000003,3.518,1.4341622503057478,CURRENT_03_CANDIDATE
ST004,ST055,7.399,9.367999999999999,1.2661170428436272,CURRENT_03_CANDIDATE
ST005,ST006,8.471,13.193,1.557431235981584,CURRENT_03_CANDIDATE
ST005,ST007,8.514,11.183,1.3134836739487903,CURRENT_03_CANDIDATE
ST005,ST008,9.522,15.144,1.5904221802142406,CURRENT_03_CANDIDATE
ST005,ST009,10.355,14.835999999999999,1.4327378078223079,CURRENT_03_CANDIDATE
ST005,ST010,12.924,14.004,1.083565459610028,CURRENT_03_CANDIDATE
ST005,ST011,1.035,5.6690000000000005,5.477294685990339,CURRENT_03_CANDIDATE
ST005,ST012,10.931000000000001,16.365,1.4971182874393922,CURRENT_03_CANDIDATE
ST005,ST013,10.277999999999999,17.162,1.6697801128624248,CURRENT_03_CANDIDATE
ST005,ST014,11.593,17.966,1.5497282843094973,CURRENT_03_CANDIDATE
ST005,ST015,14.105,22.775999999999996,1.6147465437788016,CURRENT_03_CANDIDATE
ST005,ST016,11.420000000000002,19.668999999999997,1.722329246935201,CURRENT_03_CANDIDATE
ST005,ST017,7.16,15.093,2.1079608938547487,CURRENT_03_CANDIDATE
ST005,ST018,4.208,11.068,2.630228136882129,CURRENT_03_CANDIDATE
ST005,ST019,4.217,11.165999999999999,2.647853924590941,CURRENT_03_CANDIDATE
ST005,ST020,5.8870000000000005,10.363999999999999,1.760489213521318,CURRENT_03_CANDIDATE
ST005,ST021,5.83,7.096,1.2171526586620927,CURRENT_03_CANDIDATE
ST005,ST022,6.603999999999999,7.686,1.1638400969109632,CURRENT_03_CANDIDATE
ST005,ST023,2.553,9.497,3.7199373286329807,CURRENT_03_CANDIDATE
ST005,ST024,14.481,22.897999999999996,1.5812443891996406,CURRENT_03_CANDIDATE
ST005,ST025,14.257,22.673999999999996,1.590376657080732,CURRENT_03_CANDIDATE
ST005,ST026,12.216,15.224,1.246234446627374,CURRENT_03_CANDIDATE
ST005,ST027,11.838999999999999,21.784,1.840020271982431,CURRENT_03_CANDIDATE
ST005,ST028,12.879999999999999,17.738,1.3771739130434784,CURRENT_03_CANDIDATE
ST005,ST029,9.242,9.722999999999999,1.0520450119021854,CURRENT_03_CANDIDATE
ST005,ST030,6.947,14.508,2.0883834748812435,CURRENT_03_CANDIDATE
ST005,ST031,4.886,9.303,1.9040114613180517,CURRENT_03_CANDIDATE
ST005,ST032,6.2940000000000005,7.681000000000001,1.2203686050206546,CURRENT_03_CANDIDATE
ST005,ST033,7.767,9.156,1.178833526458092,CURRENT_03_CANDIDATE
ST005,ST034,6.876,17.049,2.4794938917975564,CURRENT_03_CANDIDATE
ST005,ST035,6.523,16.696,2.5595584853594975,CURRENT_03_CANDIDATE
ST005,ST036,7.141,16.287,2.280773000980255,CURRENT_03_CANDIDATE
ST005,ST037,7.617,15.533000000000001,2.039254299593016,CURRENT_03_CANDIDATE
ST005,ST038,10.229,13.945999999999998,1.3633786293870367,CURRENT_03_CANDIDATE
ST005,ST039,10.327,14.043999999999999,1.3599302798489397,CURRENT_03_CANDIDATE
ST005,ST040,6.55,6.55,1.0,CURRENT_03_CANDIDATE
ST005,ST041,9.945,15.733999999999998,1.5821015585721465,CURRENT_03_CANDIDATE
ST005,ST042,8.542,12.376999999999999,1.448958089440412,CURRENT_03_CANDIDATE
ST005,ST043,5.481999999999999,9.661999999999999,1.7624954396205765,CURRENT_03_CANDIDATE
ST005,ST044,6.181,10.395999999999999,1.6819284905355119,CURRENT_03_CANDIDATE
ST005,ST045,4.8629999999999995,8.991,1.8488587291795189,CURRENT_03_CANDIDATE
ST005,ST046,0.508,2.5949999999999998,5.108267716535432,CURRENT_03_CANDIDATE
ST005,ST047,2.676,3.334,1.2458893871449925,CURRENT_03_CANDIDATE
ST005,ST048,4.175,12.764000000000001,3.0572455089820365,CURRENT_03_CANDIDATE
ST005,ST049,8.764,10.118,1.1544956640803288,CURRENT_03_CANDIDATE
ST005,ST050,2.03,4.674,2.3024630541871924,CURRENT_03_CANDIDATE
ST005,ST051,10.541,11.966999999999999,1.135281282610758,CURRENT_03_CANDIDATE
ST005,ST052,7.5760000000000005,13.988,1.8463569165786693,CURRENT_03_CANDIDATE
ST005,ST053,5.885,7.413,1.25964316057774,CURRENT_03_CANDIDATE
ST005,ST054,1.508,1.508,1.0,CURRENT_03_CANDIDATE
ST005,ST055,8.206999999999999,9.611,1.1710734738637751,CURRENT_03_CANDIDATE
ST006,ST007,0.616,21.36,34.675324675324674,CURRENT_03_CANDIDATE
ST006,ST008,1.951,1.951,1.0,CURRENT_03_CANDIDATE
ST006,ST009,2.599,8.583,3.3024240092343207,CURRENT_03_CANDIDATE
ST006,ST010,8.397,14.097000000000001,1.678813862093605,CURRENT_03_CANDIDATE
ST006,ST011,9.333,18.281000000000002,1.9587485267330977,CURRENT_03_CANDIDATE
ST006,ST012,8.139,16.458000000000002,2.02211573903428,CURRENT_03_CANDIDATE
ST006,ST013,8.849,17.255000000000003,1.9499378460843035,CURRENT_03_CANDIDATE
ST006,ST014,9.518999999999998,18.059,1.89715306229646,CURRENT_03_CANDIDATE
ST006,ST015,6.311,16.523000000000003,2.618127079702108,CURRENT_03_CANDIDATE
ST006,ST016,4.19,13.416000000000002,3.201909307875895,CURRENT_03_CANDIDATE
ST006,ST017,1.97,8.84,4.4873096446700504,CURRENT_03_CANDIDATE
ST006,ST018,8.359,24.261,2.9023806675439645,CURRENT_03_CANDIDATE
ST006,ST019,8.03,24.359,3.0334993773349943,CURRENT_03_CANDIDATE
ST006,ST020,9.694,23.557000000000002,2.4300598308231898,CURRENT_03_CANDIDATE
ST006,ST021,13.761999999999999,20.289,1.4742769946228749,CURRENT_03_CANDIDATE
ST006,ST022,13.718,20.879,1.522014870972445,CURRENT_03_CANDIDATE
ST006,ST023,8.08,22.69,2.8081683168316833,CURRENT_03_CANDIDATE
ST006,ST024,6.687,16.645000000000003,2.489158067892927,CURRENT_03_CANDIDATE
ST006,ST025,6.309,16.421000000000003,2.602789665557141,CURRENT_03_CANDIDATE
ST006,ST026,8.185,15.317000000000002,1.8713500305436777,CURRENT_03_CANDIDATE
ST006,ST027,8.014,21.877000000000002,2.7298477664087852,CURRENT_03_CANDIDATE
ST006,ST028,7.615,17.831000000000003,2.341562705187131,CURRENT_03_CANDIDATE
ST006,ST029,3.2479999999999998,3.47,1.0683497536945814,CURRENT_03_CANDIDATE
ST006,ST030,2.299,8.255,3.5906916050456723,CURRENT_03_CANDIDATE
ST006,ST031,4.468999999999999,19.48,4.35891698366525,CURRENT_03_CANDIDATE
ST006,ST032,11.421,20.86,1.8264600297697224,CURRENT_03_CANDIDATE
ST006,ST033,11.281,22.349,1.981118695151139,CURRENT_03_CANDIDATE
ST006,ST034,5.936,30.242,5.0946765498652296,CURRENT_03_CANDIDATE
ST006,ST035,5.582999999999999,29.889,5.3535733476625476,CURRENT_03_CANDIDATE
ST006,ST036,6.226999999999999,29.48,4.734221936727156,CURRENT_03_CANDIDATE
ST006,ST037,6.702999999999999,28.726,4.285543786364315,CURRENT_03_CANDIDATE
ST006,ST038,2.199,7.693,3.4984083674397453,CURRENT_03_CANDIDATE
ST006,ST039,2.245,7.791,3.4703786191536747,CURRENT_03_CANDIDATE
ST006,ST040,3.134,6.643000000000001,2.1196553924696877,CURRENT_03_CANDIDATE
ST006,ST041,3.951,9.481000000000002,2.399645659326753,CURRENT_03_CANDIDATE
ST006,ST042,0.594,6.1240000000000006,10.309764309764311,CURRENT_03_CANDIDATE
ST006,ST043,8.959,22.855,2.551065967183838,CURRENT_03_CANDIDATE
ST006,ST044,9.693,23.589,2.4336118848653667,CURRENT_03_CANDIDATE
ST006,ST045,8.46,22.184,2.6222222222222222,CURRENT_03_CANDIDATE
ST006,ST046,8.05,12.772,1.586583850931677,CURRENT_03_CANDIDATE
ST006,ST047,10.742999999999999,16.527,1.538397095783301,CURRENT_03_CANDIDATE
ST006,ST048,8.3,25.957,3.1273493975903612,CURRENT_03_CANDIDATE
ST006,ST049,15.919999999999998,23.311,1.4642587939698495,CURRENT_03_CANDIDATE
ST006,ST050,10.014,17.286,1.7261833433193532,CURRENT_03_CANDIDATE
ST006,ST051,2.665,12.06,4.525328330206379,CURRENT_03_CANDIDATE
ST006,ST052,1.779,7.734999999999999,4.347948285553682,CURRENT_03_CANDIDATE
ST006,ST053,14.136,20.606,1.4576966610073574,CURRENT_03_CANDIDATE
ST006,ST054,6.963,11.685,1.6781559672554933,CURRENT_03_CANDIDATE
ST006,ST055,15.695,22.804000000000002,1.4529467983434217,CURRENT_03_CANDIDATE
ST007,ST008,2.567,23.311,9.081028437865212,CURRENT_03_CANDIDATE
ST007,ST009,3.2150000000000003,23.003,7.154898911353032,CURRENT_03_CANDIDATE
ST007,ST010,9.013,22.171,2.4598912681682013,CURRENT_03_CANDIDATE
ST007,ST011,8.717,13.495,1.5481243547091887,CURRENT_03_CANDIDATE
ST007,ST012,8.754999999999999,24.532,2.8020559680182755,CURRENT_03_CANDIDATE
ST007,ST013,9.465,25.328999999999997,2.6760697305863705,CURRENT_03_CANDIDATE
ST007,ST014,10.134999999999998,26.133,2.5784903798717322,CURRENT_03_CANDIDATE
ST007,ST015,6.924,30.942999999999998,4.46894858463316,CURRENT_03_CANDIDATE
ST007,ST016,4.806,27.836,5.791926758218892,CURRENT_03_CANDIDATE
ST007,ST017,1.354,23.26,17.178729689807977,CURRENT_03_CANDIDATE
ST007,ST018,7.798,19.941999999999997,2.5573223903565014,CURRENT_03_CANDIDATE
ST007,ST019,8.073,20.673,2.5607580824972125,CURRENT_03_CANDIDATE
ST007,ST020,9.545000000000002,19.491,2.0420115243583026,CURRENT_03_CANDIDATE
ST007,ST021,13.145999999999999,18.279,1.3904609767229577,CURRENT_03_CANDIDATE
ST007,ST022,13.102,18.869,1.4401618073576552,CURRENT_03_CANDIDATE
ST007,ST023,7.584,19.671,2.59375,CURRENT_03_CANDIDATE
ST007,ST024,7.300000000000001,31.064999999999998,4.255479452054794,CURRENT_03_CANDIDATE
ST007,ST025,6.925,30.840999999999998,4.453574007220216,CURRENT_03_CANDIDATE
ST007,ST026,8.801,23.391,2.6577661629360296,CURRENT_03_CANDIDATE
ST007,ST027,8.629999999999999,29.951,3.470567786790267,CURRENT_03_CANDIDATE
ST007,ST028,8.231,25.905,3.1472482079941684,CURRENT_03_CANDIDATE
ST007,ST029,3.864,17.89,4.629917184265011,CURRENT_03_CANDIDATE
ST007,ST030,1.683,22.675,13.472964943553178,CURRENT_03_CANDIDATE
ST007,ST031,3.8529999999999998,11.332,2.941084868933299,CURRENT_03_CANDIDATE
ST007,ST032,11.463999999999999,16.073999999999998,1.4021284019539428,CURRENT_03_CANDIDATE
ST007,ST033,11.185,18.154999999999998,1.6231560125167632,CURRENT_03_CANDIDATE
ST007,ST034,5.32,26.048,4.8962406015037585,CURRENT_03_CANDIDATE
ST007,ST035,4.967,25.694999999999997,5.173142742097846,CURRENT_03_CANDIDATE
ST007,ST036,5.611,25.793999999999997,4.597041525574763,CURRENT_03_CANDIDATE
ST007,ST037,6.087,24.531999999999996,4.0302283555117455,CURRENT_03_CANDIDATE
ST007,ST038,2.815,22.113,7.855417406749556,CURRENT_03_CANDIDATE
ST007,ST039,2.861,22.211,7.763369451240824,CURRENT_03_CANDIDATE
ST007,ST040,3.004,14.717,4.8991344873502,CURRENT_03_CANDIDATE
ST007,ST041,4.567,23.901,5.233413619443836,CURRENT_03_CANDIDATE
ST007,ST042,1.21,20.544,16.978512396694217,CURRENT_03_CANDIDATE
ST007,ST043,8.886,19.168999999999997,2.157213594418186,CURRENT_03_CANDIDATE
ST007,ST044,9.587,19.752999999999997,2.0603942839261498,CURRENT_03_CANDIDATE
ST007,ST045,8.393,19.165,2.2834504944596685,CURRENT_03_CANDIDATE
ST007,ST046,8.093,10.762,1.329791177560855,CURRENT_03_CANDIDATE
ST007,ST047,10.358,14.517,1.401525391002124,CURRENT_03_CANDIDATE
ST007,ST048,8.222,21.762999999999998,2.6469228898078327,CURRENT_03_CANDIDATE
ST007,ST049,15.534,20.572999999999997,1.3243852195184753,CURRENT_03_CANDIDATE
ST007,ST050,9.712,12.5,1.2870675453047777,CURRENT_03_CANDIDATE
ST007,ST051,3.281,20.134,6.136543736665651,CURRENT_03_CANDIDATE
ST007,ST052,1.163,22.155,19.04987102321582,CURRENT_03_CANDIDATE
ST007,ST053,13.52,17.587,1.3008136094674556,CURRENT_03_CANDIDATE
ST007,ST054,7.006,9.675,1.3809591778475594,CURRENT_03_CANDIDATE
ST007,ST055,15.079,19.785,1.3120896611181112,CURRENT_03_CANDIDATE
ST008,ST009,1.712,10.534,6.153037383177571,CURRENT_03_CANDIDATE
ST008,ST010,9.519,16.048000000000002,1.6858913751444482,CURRENT_03_CANDIDATE
ST008,ST011,9.982,20.232000000000003,2.02684832698858,CURRENT_03_CANDIDATE
ST008,ST012,9.058,18.409000000000002,2.0323470964892913,CURRENT_03_CANDIDATE
ST008,ST013,9.875,19.206,1.9449113924050632,CURRENT_03_CANDIDATE
ST008,ST014,10.437999999999999,20.01,1.9170339145430162,CURRENT_03_CANDIDATE
ST008,ST015,6.807,18.474,2.7139709122961655,CURRENT_03_CANDIDATE
ST008,ST016,5.244,15.366999999999999,2.9303966437833715,CURRENT_03_CANDIDATE
ST008,ST017,2.645,10.791,4.079773156899811,CURRENT_03_CANDIDATE
ST008,ST018,8.593,26.212,3.0503898522052832,CURRENT_03_CANDIDATE
ST008,ST019,9.07,26.310000000000002,2.9007717750826902,CURRENT_03_CANDIDATE
ST008,ST020,10.251000000000001,25.508000000000003,2.488342600721881,CURRENT_03_CANDIDATE
ST008,ST021,14.038,22.240000000000002,1.5842712637127798,CURRENT_03_CANDIDATE
ST008,ST022,13.994,22.830000000000002,1.631413462912677,CURRENT_03_CANDIDATE
ST008,ST023,8.475999999999999,24.641000000000002,2.9071495988673908,CURRENT_03_CANDIDATE
ST008,ST024,7.183000000000001,18.596,2.588890435751079,CURRENT_03_CANDIDATE
ST008,ST025,7.469,18.372,2.4597670370866247,CURRENT_03_CANDIDATE
ST008,ST026,9.104,17.268,1.896748681898067,CURRENT_03_CANDIDATE
ST008,ST027,8.933,23.828000000000003,2.667412963170268,CURRENT_03_CANDIDATE
ST008,ST028,8.534,19.782000000000004,2.3180220295289433,CURRENT_03_CANDIDATE
ST008,ST029,4.389,5.421,1.2351332877648666,CURRENT_03_CANDIDATE
ST008,ST030,2.575,10.206,3.9634951456310676,CURRENT_03_CANDIDATE
ST008,ST031,4.745,21.431,4.51654373024236,CURRENT_03_CANDIDATE
ST008,ST032,12.461,22.811,1.8305914453093652,CURRENT_03_CANDIDATE
ST008,ST033,10.699,24.3,2.2712403028320405,CURRENT_03_CANDIDATE
ST008,ST034,5.212,32.193,6.176707597851113,CURRENT_03_CANDIDATE
ST008,ST035,4.859,31.84,6.552788639637786,CURRENT_03_CANDIDATE
ST008,ST036,4.468,31.431,7.034691136974038,CURRENT_03_CANDIDATE
ST008,ST037,4.944,30.677,6.204894822006472,CURRENT_03_CANDIDATE
ST008,ST038,1.312,9.644,7.350609756097561,CURRENT_03_CANDIDATE
ST008,ST039,1.41,9.742,6.909219858156029,CURRENT_03_CANDIDATE
ST008,ST040,4.106,8.594000000000001,2.093034583536289,CURRENT_03_CANDIDATE
ST008,ST041,5.243,11.431999999999999,2.1804310509250424,CURRENT_03_CANDIDATE
ST008,ST042,2.105,8.075,3.8361045130641327,CURRENT_03_CANDIDATE
ST008,ST043,9.778,24.806,2.536919615463285,CURRENT_03_CANDIDATE
ST008,ST044,9.845,25.54,2.5942102590147282,CURRENT_03_CANDIDATE
ST008,ST045,9.285,24.135,2.5993537964458806,CURRENT_03_CANDIDATE
ST008,ST046,9.100999999999999,14.723,1.6177343149104497,CURRENT_03_CANDIDATE
ST008,ST047,11.359000000000002,18.478,1.6267277049036006,CURRENT_03_CANDIDATE
ST008,ST048,9.114,27.908,3.0621022602589423,CURRENT_03_CANDIDATE
ST008,ST049,16.426,25.262,1.5379276756361868,CURRENT_03_CANDIDATE
ST008,ST050,10.825000000000001,19.237000000000002,1.7770900692840648,CURRENT_03_CANDIDATE
ST008,ST051,3.584,14.011000000000001,3.9093191964285716,CURRENT_03_CANDIDATE
ST008,ST052,2.055,9.686,4.71338199513382,CURRENT_03_CANDIDATE
ST008,ST053,14.412,22.557000000000002,1.5651540383014155,CURRENT_03_CANDIDATE
ST008,ST054,8.014,13.636000000000001,1.701522335912154,CURRENT_03_CANDIDATE
ST008,ST055,15.971,24.755000000000003,1.549996869325653,CURRENT_03_CANDIDATE
ST009,ST010,9.691,15.739999999999998,1.6241873903621915,CURRENT_03_CANDIDATE
ST009,ST011,10.815,19.924000000000003,1.8422561257512717,CURRENT_03_CANDIDATE
ST009,ST012,9.23,18.101,1.9611050920910074,CURRENT_03_CANDIDATE
ST009,ST013,9.533,18.897999999999996,1.9823770061890273,CURRENT_03_CANDIDATE
ST009,ST014,10.61,19.701999999999998,1.8569274269557021,CURRENT_03_CANDIDATE
ST009,ST015,5.902,18.166,3.0779396814639104,CURRENT_03_CANDIDATE
ST009,ST016,4.339,15.059,3.4706153491587917,CURRENT_03_CANDIDATE
ST009,ST017,3.477,10.483,3.014955421340236,CURRENT_03_CANDIDATE
ST009,ST018,9.523,25.903999999999996,2.720151212853092,CURRENT_03_CANDIDATE
ST009,ST019,10.0,26.002,2.6002,CURRENT_03_CANDIDATE
ST009,ST020,10.26,25.2,2.456140350877193,CURRENT_03_CANDIDATE
ST009,ST021,14.870999999999999,21.932,1.474816757447381,CURRENT_03_CANDIDATE
ST009,ST022,14.827,22.522,1.5189856343157753,CURRENT_03_CANDIDATE
ST009,ST023,9.309,24.333,2.6139220109571384,CURRENT_03_CANDIDATE
ST009,ST024,6.2780000000000005,18.288,2.913029627269831,CURRENT_03_CANDIDATE
ST009,ST025,6.963,18.064,2.5942840729570587,CURRENT_03_CANDIDATE
ST009,ST026,9.276,16.959999999999997,1.8283742992669252,CURRENT_03_CANDIDATE
ST009,ST027,9.105,23.519999999999996,2.5831960461285,CURRENT_03_CANDIDATE
ST009,ST028,7.906,19.473999999999997,2.4631925120161897,CURRENT_03_CANDIDATE
ST009,ST029,4.562,5.1129999999999995,1.120780359491451,CURRENT_03_CANDIDATE
ST009,ST030,3.408,9.898,2.904342723004695,CURRENT_03_CANDIDATE
ST009,ST031,5.577999999999999,21.122999999999998,3.786841161706705,CURRENT_03_CANDIDATE
ST009,ST032,12.789,22.503,1.759558996012198,CURRENT_03_CANDIDATE
ST009,ST033,10.708,23.991999999999997,2.240567799775868,CURRENT_03_CANDIDATE
ST009,ST034,5.311,31.884999999999998,6.003577480700433,CURRENT_03_CANDIDATE
ST009,ST035,5.085,31.531999999999996,6.200983284169125,CURRENT_03_CANDIDATE
ST009,ST036,4.477,31.122999999999998,6.9517534062988595,CURRENT_03_CANDIDATE
ST009,ST037,4.953,30.368999999999996,6.131435493640217,CURRENT_03_CANDIDATE
ST009,ST038,0.744,9.335999999999999,12.548387096774192,CURRENT_03_CANDIDATE
ST009,ST039,0.792,0.792,1.0,CURRENT_03_CANDIDATE
ST009,ST040,4.939,8.286,1.6776675440372544,CURRENT_03_CANDIDATE
ST009,ST041,4.947,11.123999999999999,2.248635536688902,CURRENT_03_CANDIDATE
ST009,ST042,2.781,7.7669999999999995,2.792880258899676,CURRENT_03_CANDIDATE
ST009,ST043,9.831,24.497999999999998,2.4919133353677143,CURRENT_03_CANDIDATE
ST009,ST044,9.854,25.232,2.56058453419931,CURRENT_03_CANDIDATE
ST009,ST045,9.928,23.826999999999998,2.3999798549556806,CURRENT_03_CANDIDATE
ST009,ST046,9.934,14.415,1.4510771089188645,CURRENT_03_CANDIDATE
ST009,ST047,12.192,18.169999999999998,1.490321522309711,CURRENT_03_CANDIDATE
ST009,ST048,9.947,27.599999999999998,2.7747059414898967,CURRENT_03_CANDIDATE
ST009,ST049,17.181,24.953999999999997,1.4524183691286885,CURRENT_03_CANDIDATE
ST009,ST050,11.658,18.929000000000002,1.6236918854005835,CURRENT_03_CANDIDATE
ST009,ST051,3.757,13.703,3.6473249933457543,CURRENT_03_CANDIDATE
ST009,ST052,2.888,9.378,3.247229916897507,CURRENT_03_CANDIDATE
ST009,ST053,15.245,22.249,1.4594293210888816,CURRENT_03_CANDIDATE
ST009,ST054,8.847,13.328,1.5064993783203346,CURRENT_03_CANDIDATE
ST009,ST055,16.804,24.447,1.454832182813616,CURRENT_03_CANDIDATE
ST010,ST011,13.551,19.092000000000002,1.408899712198362,CURRENT_03_CANDIDATE
ST010,ST012,2.361,2.361,1.0,CURRENT_03_CANDIDATE
ST010,ST013,2.646,3.158,1.1934996220710508,CURRENT_03_CANDIDATE
ST010,ST014,1.525,3.9619999999999997,2.5980327868852457,CURRENT_03_CANDIDATE
ST010,ST015,11.921,23.679999999999996,1.9864105360288564,CURRENT_03_CANDIDATE
ST010,ST016,9.129999999999999,20.572999999999997,2.253340635268346,CURRENT_03_CANDIDATE
ST010,ST017,9.126000000000001,15.997,1.7529037913653296,CURRENT_03_CANDIDATE
ST010,ST018,13.603,25.071999999999996,1.8431228405498785,CURRENT_03_CANDIDATE
ST010,ST019,14.08,25.169999999999998,1.7876420454545454,CURRENT_03_CANDIDATE
ST010,ST020,15.286,24.368,1.5941384273191155,CURRENT_03_CANDIDATE
ST010,ST021,18.194,21.099999999999998,1.1597229855996483,CURRENT_03_CANDIDATE
ST010,ST022,18.907,21.689999999999998,1.147194160892791,CURRENT_03_CANDIDATE
ST010,ST023,13.389,23.500999999999998,1.7552468444245275,CURRENT_03_CANDIDATE
ST010,ST024,11.545,23.801999999999996,2.0616717193590297,CURRENT_03_CANDIDATE
ST010,ST025,10.313,23.577999999999996,2.2862406671191695,CURRENT_03_CANDIDATE
ST010,ST026,1.22,1.22,1.0,CURRENT_03_CANDIDATE
ST010,ST027,1.085,7.78,7.170506912442397,CURRENT_03_CANDIDATE
ST010,ST028,3.734,3.734,1.0,CURRENT_03_CANDIDATE
ST010,ST029,6.442,10.626999999999999,1.649642968022353,CURRENT_03_CANDIDATE
ST010,ST030,9.083,15.411999999999999,1.6967962127050533,CURRENT_03_CANDIDATE
ST010,ST031,9.658,20.290999999999997,2.1009525781735348,CURRENT_03_CANDIDATE
ST010,ST032,17.471,21.671,1.240398374449087,CURRENT_03_CANDIDATE
ST010,ST033,16.826,23.159999999999997,1.3764412219184592,CURRENT_03_CANDIDATE
ST010,ST034,13.684999999999999,31.052999999999997,2.2691267811472415,CURRENT_03_CANDIDATE
ST010,ST035,13.248999999999999,30.699999999999996,2.3171560117744736,CURRENT_03_CANDIDATE
ST010,ST036,13.867,30.290999999999997,2.184394605898896,CURRENT_03_CANDIDATE
ST010,ST037,14.338999999999999,29.536999999999995,2.0599065485738195,CURRENT_03_CANDIDATE
ST010,ST038,9.372,14.849999999999998,1.584507042253521,CURRENT_03_CANDIDATE
ST010,ST039,9.47,14.947999999999999,1.578458289334741,CURRENT_03_CANDIDATE
ST010,ST040,7.454,7.454,1.0,CURRENT_03_CANDIDATE
ST010,ST041,9.27,16.637999999999998,1.7948220064724918,CURRENT_03_CANDIDATE
ST010,ST042,7.803,13.280999999999999,1.7020376778162243,CURRENT_03_CANDIDATE
ST010,ST043,14.494,23.665999999999997,1.632813578032289,CURRENT_03_CANDIDATE
ST010,ST044,15.228,24.4,1.6023115313895455,CURRENT_03_CANDIDATE
ST010,ST045,14.021999999999998,22.994999999999997,1.6399229781771503,CURRENT_03_CANDIDATE
ST010,ST046,12.503,13.582999999999998,1.0863792689754457,CURRENT_03_CANDIDATE
ST010,ST047,14.928,17.337999999999997,1.1614415862808143,CURRENT_03_CANDIDATE
ST010,ST048,13.835,26.767999999999997,1.9348030357788215,CURRENT_03_CANDIDATE
ST010,ST049,20.165,24.121999999999996,1.1962310934787999,CURRENT_03_CANDIDATE
ST010,ST050,14.394,18.097,1.2572599694317077,CURRENT_03_CANDIDATE
ST010,ST051,7.611,12.870999999999999,1.691104979634739,CURRENT_03_CANDIDATE
ST010,ST052,9.414,14.892,1.5818992989165073,CURRENT_03_CANDIDATE
ST010,ST053,18.401,21.416999999999998,1.1639041356448019,CURRENT_03_CANDIDATE
ST010,ST054,11.416,12.495999999999999,1.0946040644709178,CURRENT_03_CANDIDATE
ST010,ST055,19.71,23.615,1.198122780314561,CURRENT_03_CANDIDATE
ST011,ST012,11.19,21.453,1.9171581769436998,CURRENT_03_CANDIDATE
ST011,ST013,11.312999999999999,22.249999999999996,1.966763899938124,CURRENT_03_CANDIDATE
ST011,ST014,12.57,23.054,1.8340493237867939,CURRENT_03_CANDIDATE
ST011,ST015,15.14,27.863999999999997,1.8404227212681636,CURRENT_03_CANDIDATE
ST011,ST016,12.455000000000002,24.756999999999998,1.9877157767964668,CURRENT_03_CANDIDATE
ST011,ST017,7.363,20.181,2.740866494635339,CURRENT_03_CANDIDATE
ST011,ST018,3.576,9.134,2.5542505592841165,CURRENT_03_CANDIDATE
ST011,ST019,3.322,9.865,2.969596628537026,CURRENT_03_CANDIDATE
ST011,ST020,4.958,8.683,1.7513110125050422,CURRENT_03_CANDIDATE
ST011,ST021,4.795,10.346,2.1576642335766425,CURRENT_03_CANDIDATE
ST011,ST022,5.569,8.16,1.465254085114024,CURRENT_03_CANDIDATE
ST011,ST023,1.921,9.011,4.690786048932847,CURRENT_03_CANDIDATE
ST011,ST024,15.33,27.985999999999997,1.8255707762557076,CURRENT_03_CANDIDATE
ST011,ST025,14.909,27.761999999999997,1.8620967201019516,CURRENT_03_CANDIDATE
ST011,ST026,12.987,20.311999999999998,1.5640255640255638,CURRENT_03_CANDIDATE
ST011,ST027,12.61,26.872,2.131007137192704,CURRENT_03_CANDIDATE
ST011,ST028,13.654,22.826,1.671744543723451,CURRENT_03_CANDIDATE
ST011,ST029,9.925,14.811,1.492292191435768,CURRENT_03_CANDIDATE
ST011,ST030,7.9270000000000005,19.596,2.472057524914848,CURRENT_03_CANDIDATE
ST011,ST031,5.237,11.615,2.217872827954936,CURRENT_03_CANDIDATE
ST011,ST032,5.259,5.266,1.0013310515307092,CURRENT_03_CANDIDATE
ST011,ST033,6.732,7.3469999999999995,1.0913547237076648,CURRENT_03_CANDIDATE
ST011,ST034,7.227,15.239999999999998,2.108758821087588,CURRENT_03_CANDIDATE
ST011,ST035,6.874,14.887,2.165696828629619,CURRENT_03_CANDIDATE
ST011,ST036,7.492,14.986,2.000266951414843,CURRENT_03_CANDIDATE
ST011,ST037,7.968,13.724,1.7223895582329318,CURRENT_03_CANDIDATE
ST011,ST038,11.081,19.034,1.7177150076707879,CURRENT_03_CANDIDATE
ST011,ST039,10.780999999999999,19.131999999999998,1.7746034690659493,CURRENT_03_CANDIDATE
ST011,ST040,7.585,11.638,1.5343441001977587,CURRENT_03_CANDIDATE
ST011,ST041,10.98,20.822,1.8963570127504552,CURRENT_03_CANDIDATE
ST011,ST042,9.512,17.465,1.8361017661900756,CURRENT_03_CANDIDATE
ST011,ST043,4.475,8.361,1.8683798882681568,CURRENT_03_CANDIDATE
ST011,ST044,5.146,8.945,1.7382432957637,CURRENT_03_CANDIDATE
ST011,ST045,3.828,8.504999999999999,2.2217868338557993,CURRENT_03_CANDIDATE
ST011,ST046,1.543,7.683,4.979261179520415,CURRENT_03_CANDIDATE
ST011,ST047,1.641,6.584,4.012187690432663,CURRENT_03_CANDIDATE
ST011,ST048,3.624,10.955,3.0229028697571745,CURRENT_03_CANDIDATE
ST011,ST049,7.729,9.765,1.2634234700478717,CURRENT_03_CANDIDATE
ST011,ST050,0.995,0.995,1.0,CURRENT_03_CANDIDATE
ST011,ST051,10.728,17.055,1.5897651006711409,CURRENT_03_CANDIDATE
ST011,ST052,7.927,19.076,2.4064589378074936,CURRENT_03_CANDIDATE
ST011,ST053,4.85,6.927,1.4282474226804125,CURRENT_03_CANDIDATE
ST011,ST054,2.543,6.596,2.59378686590641,CURRENT_03_CANDIDATE
ST011,ST055,7.172,9.125,1.2723089793641942,CURRENT_03_CANDIDATE
ST012,ST013,0.817,5.519,6.755201958384333,CURRENT_03_CANDIDATE
ST012,ST014,1.38,6.323,4.581884057971015,CURRENT_03_CANDIDATE
ST012,ST015,13.075999999999999,26.040999999999997,1.9915111654940347,CURRENT_03_CANDIDATE
ST012,ST016,10.015,22.933999999999997,2.2899650524213677,CURRENT_03_CANDIDATE
ST012,ST017,9.461,18.358,1.9403868512842195,CURRENT_03_CANDIDATE
ST012,ST018,13.318,27.432999999999996,2.059843820393452,CURRENT_03_CANDIDATE
ST012,ST019,12.876,27.531,2.1381640260950605,CURRENT_03_CANDIDATE
ST012,ST020,14.612999999999998,26.729,1.8291247519332103,CURRENT_03_CANDIDATE
ST012,ST021,15.832999999999998,23.461,1.481778563759237,CURRENT_03_CANDIDATE
ST012,ST022,16.607,24.051,1.4482447160835792,CURRENT_03_CANDIDATE
ST012,ST023,11.663,25.862,2.2174397667838464,CURRENT_03_CANDIDATE
ST012,ST024,12.7,26.162999999999997,2.06007874015748,CURRENT_03_CANDIDATE
ST012,ST025,11.469,25.938999999999997,2.2616618711308742,CURRENT_03_CANDIDATE
ST012,ST026,1.797,3.5810000000000004,1.9927657206455207,CURRENT_03_CANDIDATE
ST012,ST027,1.42,10.141000000000002,7.14154929577465,CURRENT_03_CANDIDATE
ST012,ST028,4.89,6.095000000000001,1.2464212678936608,CURRENT_03_CANDIDATE
ST012,ST029,5.571,12.988,2.3313588224735238,CURRENT_03_CANDIDATE
ST012,ST030,10.025,17.773,1.77286783042394,CURRENT_03_CANDIDATE
ST012,ST031,10.814,22.651999999999997,2.0946920658405768,CURRENT_03_CANDIDATE
ST012,ST032,15.607,24.032,1.5398218747997694,CURRENT_03_CANDIDATE
ST012,ST033,16.220999999999997,25.520999999999997,1.5733308673941189,CURRENT_03_CANDIDATE
ST012,ST034,14.075,33.413999999999994,2.3739964476021314,CURRENT_03_CANDIDATE
ST012,ST035,13.671,33.061,2.4183307731694828,CURRENT_03_CANDIDATE
ST012,ST036,13.526,32.652,2.4140174478781606,CURRENT_03_CANDIDATE
ST012,ST037,14.001999999999999,31.897999999999996,2.2781031281245534,CURRENT_03_CANDIDATE
ST012,ST038,9.794,17.211,1.7573003879926483,CURRENT_03_CANDIDATE
ST012,ST039,9.892,17.308999999999997,1.7497978164173067,CURRENT_03_CANDIDATE
ST012,ST040,8.61,9.815,1.1399535423925669,CURRENT_03_CANDIDATE
ST012,ST041,8.709,18.999,2.1815363417154665,CURRENT_03_CANDIDATE
ST012,ST042,8.225,15.642,1.9017629179331308,CURRENT_03_CANDIDATE
ST012,ST043,13.895,26.026999999999997,1.8731198272759984,CURRENT_03_CANDIDATE
ST012,ST044,14.622999999999998,26.760999999999996,1.830062230732408,CURRENT_03_CANDIDATE
ST012,ST045,13.239999999999998,25.355999999999998,1.915105740181269,CURRENT_03_CANDIDATE
ST012,ST046,10.51,15.943999999999999,1.5170313986679353,CURRENT_03_CANDIDATE
ST012,ST047,12.567,19.698999999999998,1.567518102968091,CURRENT_03_CANDIDATE
ST012,ST048,13.235999999999999,29.128999999999998,2.2007404049561803,CURRENT_03_CANDIDATE
ST012,ST049,17.804,26.482999999999997,1.487474724780948,CURRENT_03_CANDIDATE
ST012,ST050,12.033,20.458,1.7001578991107786,CURRENT_03_CANDIDATE
ST012,ST051,7.279,15.232,2.0925951366946007,CURRENT_03_CANDIDATE
ST012,ST052,9.835999999999999,17.253,1.7540666937779588,CURRENT_03_CANDIDATE
ST012,ST053,16.04,23.778,1.482418952618454,CURRENT_03_CANDIDATE
ST012,ST054,9.423,14.857,1.576674095298737,CURRENT_03_CANDIDATE
ST012,ST055,17.349,25.976,1.4972620900340077,CURRENT_03_CANDIDATE
ST013,ST014,1.514,4.68,3.09114927344782,CURRENT_03_CANDIDATE
ST013,ST015,13.106,26.837999999999997,2.047764382725469,CURRENT_03_CANDIDATE
ST013,ST016,10.045,23.730999999999998,2.3624688899950224,CURRENT_03_CANDIDATE
ST013,ST017,9.602,19.155,1.9948968964799,CURRENT_03_CANDIDATE
ST013,ST018,13.437999999999999,28.229999999999997,2.1007590415240363,CURRENT_03_CANDIDATE
ST013,ST019,13.447,28.328,2.106640886443073,CURRENT_03_CANDIDATE
ST013,ST020,15.116999999999999,27.526,1.820863928028048,CURRENT_03_CANDIDATE
ST013,ST021,15.620999999999999,24.258,1.55290954484348,CURRENT_03_CANDIDATE
ST013,ST022,16.395,24.848,1.5155840195181458,CURRENT_03_CANDIDATE
ST013,ST023,11.783,26.659,2.262496817448867,CURRENT_03_CANDIDATE
ST013,ST024,12.73,26.959999999999997,2.11783189316575,CURRENT_03_CANDIDATE
ST013,ST025,11.61,26.735999999999997,2.3028423772609816,CURRENT_03_CANDIDATE
ST013,ST026,1.938,1.938,1.0,CURRENT_03_CANDIDATE
ST013,ST027,1.561,10.937999999999999,7.007046764894298,CURRENT_03_CANDIDATE
ST013,ST028,5.031,6.8919999999999995,1.3699065792089047,CURRENT_03_CANDIDATE
ST013,ST029,5.601,13.785,2.4611676486341727,CURRENT_03_CANDIDATE
ST013,ST030,10.166,18.57,1.8266771591579776,CURRENT_03_CANDIDATE
ST013,ST031,10.955,23.448999999999998,2.1404837973528066,CURRENT_03_CANDIDATE
ST013,ST032,16.034,24.829,1.548521890981664,CURRENT_03_CANDIDATE
ST013,ST033,17.037999999999997,26.317999999999998,1.5446648667684002,CURRENT_03_CANDIDATE
ST013,ST034,14.137,34.211,2.4199618023625944,CURRENT_03_CANDIDATE
ST013,ST035,13.701,33.858,2.4712064812787387,CURRENT_03_CANDIDATE
ST013,ST036,13.61,33.449,2.4576781778104335,CURRENT_03_CANDIDATE
ST013,ST037,14.085999999999999,32.695,2.321098963509868,CURRENT_03_CANDIDATE
ST013,ST038,9.824,18.008,1.8330618892508144,CURRENT_03_CANDIDATE
ST013,ST039,9.922,18.106,1.8248337028824835,CURRENT_03_CANDIDATE
ST013,ST040,8.751,10.612,1.2126614101245572,CURRENT_03_CANDIDATE
ST013,ST041,8.739,19.796,2.26524774001602,CURRENT_03_CANDIDATE
ST013,ST042,8.254999999999999,16.439,1.9913991520290735,CURRENT_03_CANDIDATE
ST013,ST043,14.712,26.823999999999998,1.823273518216422,CURRENT_03_CANDIDATE
ST013,ST044,15.439999999999998,27.558,1.7848445595854925,CURRENT_03_CANDIDATE
ST013,ST045,14.056999999999999,26.153,1.8604965497616848,CURRENT_03_CANDIDATE
ST013,ST046,9.857,16.741,1.6983869331439587,CURRENT_03_CANDIDATE
ST013,ST047,12.549999999999999,20.496,1.6331474103585657,CURRENT_03_CANDIDATE
ST013,ST048,13.524,29.926,2.212806861875185,CURRENT_03_CANDIDATE
ST013,ST049,18.162999999999997,27.279999999999998,1.5019545229312339,CURRENT_03_CANDIDATE
ST013,ST050,11.821,21.255000000000003,1.7980712291684293,CURRENT_03_CANDIDATE
ST013,ST051,7.309,16.029,2.193049664796826,CURRENT_03_CANDIDATE
ST013,ST052,9.866,18.05,1.8295155078045815,CURRENT_03_CANDIDATE
ST013,ST053,15.995,24.575,1.5364176305095343,CURRENT_03_CANDIDATE
ST013,ST054,8.77,15.654,1.7849486887115167,CURRENT_03_CANDIDATE
ST013,ST055,17.555,26.773,1.52509256622045,CURRENT_03_CANDIDATE
ST014,ST015,13.446,27.642,2.0557786702365015,CURRENT_03_CANDIDATE
ST014,ST016,10.655000000000001,24.535,2.3026748005631155,CURRENT_03_CANDIDATE
ST014,ST017,9.946,19.959000000000003,2.006736376432737,CURRENT_03_CANDIDATE
ST014,ST018,14.697999999999999,29.033999999999995,1.9753707987481288,CURRENT_03_CANDIDATE
ST014,ST019,14.255999999999998,29.131999999999998,2.043490460157127,CURRENT_03_CANDIDATE
ST014,ST020,15.992999999999997,28.33,1.7713999874945292,CURRENT_03_CANDIDATE
ST014,ST021,17.134999999999998,25.061999999999998,1.4626203676685148,CURRENT_03_CANDIDATE
ST014,ST022,17.909,25.651999999999997,1.4323524484895862,CURRENT_03_CANDIDATE
ST014,ST023,13.043,27.462999999999997,2.1055738710419383,CURRENT_03_CANDIDATE
ST014,ST024,13.07,27.764,2.1242540168324404,CURRENT_03_CANDIDATE
ST014,ST025,11.838000000000001,27.54,2.3264064875823616,CURRENT_03_CANDIDATE
ST014,ST026,2.362,2.742,1.1608806096528366,CURRENT_03_CANDIDATE
ST014,ST027,1.905,11.742,6.163779527559056,CURRENT_03_CANDIDATE
ST014,ST028,5.259,7.696,1.4633960829054953,CURRENT_03_CANDIDATE
ST014,ST029,6.951,14.589,2.0988347000431595,CURRENT_03_CANDIDATE
ST014,ST030,10.51,19.374000000000002,1.843387250237869,CURRENT_03_CANDIDATE
ST014,ST031,11.183,24.252999999999997,2.1687382634355714,CURRENT_03_CANDIDATE
ST014,ST032,16.987,25.633,1.5089774533466769,CURRENT_03_CANDIDATE
ST014,ST033,17.600999999999996,27.121999999999996,1.5409351741378332,CURRENT_03_CANDIDATE
ST014,ST034,14.742,35.01499999999999,2.375186541853208,CURRENT_03_CANDIDATE
ST014,ST035,14.389,34.662,2.4089234832163458,CURRENT_03_CANDIDATE
ST014,ST036,14.905999999999999,34.253,2.29793371796592,CURRENT_03_CANDIDATE
ST014,ST037,15.381999999999998,33.498999999999995,2.1778052268885713,CURRENT_03_CANDIDATE
ST014,ST038,10.897,18.812,1.7263467009268607,CURRENT_03_CANDIDATE
ST014,ST039,10.995000000000001,18.91,1.7198726693951796,CURRENT_03_CANDIDATE
ST014,ST040,8.979,11.416,1.2714110702750865,CURRENT_03_CANDIDATE
ST014,ST041,10.088999999999999,20.6,2.041827733174745,CURRENT_03_CANDIDATE
ST014,ST042,9.328,17.243000000000002,1.8485205831903948,CURRENT_03_CANDIDATE
ST014,ST043,15.274999999999999,27.627999999999997,1.8087070376432077,CURRENT_03_CANDIDATE
ST014,ST044,16.002999999999997,28.361999999999995,1.7722926951196651,CURRENT_03_CANDIDATE
ST014,ST045,14.619999999999997,26.956999999999997,1.8438440492476063,CURRENT_03_CANDIDATE
ST014,ST046,11.172,17.544999999999998,1.5704439670605082,CURRENT_03_CANDIDATE
ST014,ST047,13.947,21.299999999999997,1.5272101527210151,CURRENT_03_CANDIDATE
ST014,ST048,14.615999999999998,30.729999999999997,2.102490421455939,CURRENT_03_CANDIDATE
ST014,ST049,19.183999999999997,28.083999999999996,1.463928273561301,CURRENT_03_CANDIDATE
ST014,ST050,13.334999999999999,22.058999999999997,1.6542182227221596,CURRENT_03_CANDIDATE
ST014,ST051,8.658999999999999,16.833,1.9439889132694308,CURRENT_03_CANDIDATE
ST014,ST052,10.584999999999999,18.854,1.7811998110533775,CURRENT_03_CANDIDATE
ST014,ST053,17.42,25.378999999999998,1.4568886337543052,CURRENT_03_CANDIDATE
ST014,ST054,10.085,16.458,1.631928606841844,CURRENT_03_CANDIDATE
ST014,ST055,18.729,27.576999999999998,1.4724224464733835,CURRENT_03_CANDIDATE
ST015,ST016,3.107,3.107,1.0,CURRENT_03_CANDIDATE
ST015,ST017,8.278,13.115000000000002,1.584319884029959,CURRENT_03_CANDIDATE
ST015,ST018,14.415,33.844,2.347832119320153,CURRENT_03_CANDIDATE
ST015,ST019,14.085999999999999,33.942,2.4096265795825644,CURRENT_03_CANDIDATE
ST015,ST020,15.807,33.14,2.0965395078129943,CURRENT_03_CANDIDATE
ST015,ST021,19.847,29.872,1.5051141230412657,CURRENT_03_CANDIDATE
ST015,ST022,19.863,30.462,1.53360519558979,CURRENT_03_CANDIDATE
ST015,ST023,14.344999999999999,32.273,2.2497734402230747,CURRENT_03_CANDIDATE
ST015,ST024,0.376,6.336,16.851063829787236,CURRENT_03_CANDIDATE
ST015,ST025,1.9369999999999998,6.112,3.1553949406298405,CURRENT_03_CANDIDATE
ST015,ST026,11.896999999999998,24.9,2.092964612927629,CURRENT_03_CANDIDATE
ST015,ST027,12.233,31.46,2.5717321997874603,CURRENT_03_CANDIDATE
ST015,ST028,8.187,27.414,3.3484792964455847,CURRENT_03_CANDIDATE
ST015,ST029,7.505,13.053,1.739240506329114,CURRENT_03_CANDIDATE
ST015,ST030,8.607000000000001,17.838,2.0724991286162426,CURRENT_03_CANDIDATE
ST015,ST031,10.613999999999999,29.063,2.7381759939702284,CURRENT_03_CANDIDATE
ST015,ST032,17.497,30.443,1.7398982682745614,CURRENT_03_CANDIDATE
ST015,ST033,16.61,31.932,1.9224563515954245,CURRENT_03_CANDIDATE
ST015,ST034,11.213000000000001,39.824999999999996,3.551681084455542,CURRENT_03_CANDIDATE
ST015,ST035,10.987,39.472,3.592609447528898,CURRENT_03_CANDIDATE
ST015,ST036,10.379000000000001,39.063,3.763657385104538,CURRENT_03_CANDIDATE
ST015,ST037,10.855,38.309,3.5291570704744353,CURRENT_03_CANDIDATE
ST015,ST038,6.646,17.276,2.599458320794463,CURRENT_03_CANDIDATE
ST015,ST039,6.694,17.374000000000002,2.595458619659397,CURRENT_03_CANDIDATE
ST015,ST040,9.144,16.226,1.7744969378827646,CURRENT_03_CANDIDATE
ST015,ST041,6.996,7.042,1.0065751858204688,CURRENT_03_CANDIDATE
ST015,ST042,6.657,10.399000000000001,1.5621150668469281,CURRENT_03_CANDIDATE
ST015,ST043,15.015,32.438,2.1603729603729604,CURRENT_03_CANDIDATE
ST015,ST044,15.749,33.172000000000004,2.1062924630135247,CURRENT_03_CANDIDATE
ST015,ST045,14.516000000000002,31.767,2.1884127858914297,CURRENT_03_CANDIDATE
ST015,ST046,13.684,22.355,1.6336597486115172,CURRENT_03_CANDIDATE
ST015,ST047,16.622999999999998,26.11,1.570715274017927,CURRENT_03_CANDIDATE
ST015,ST048,14.356000000000002,35.54,2.4756199498467537,CURRENT_03_CANDIDATE
ST015,ST049,21.99,32.894,1.495861755343338,CURRENT_03_CANDIDATE
ST015,ST050,16.047,26.869,1.674393967719823,CURRENT_03_CANDIDATE
ST015,ST051,5.797,21.643,3.7334828359496295,CURRENT_03_CANDIDATE
ST015,ST052,8.087,17.318,2.1414616050451345,CURRENT_03_CANDIDATE
ST015,ST053,19.971,30.189,1.5116418807270542,CURRENT_03_CANDIDATE
ST015,ST054,12.597,21.268,1.6883384932920538,CURRENT_03_CANDIDATE
ST015,ST055,21.368000000000002,32.387,1.5156776488206662,CURRENT_03_CANDIDATE
ST016,ST017,5.417,10.008,1.8475170758722539,CURRENT_03_CANDIDATE
ST016,ST018,11.308,30.737,2.718164131588256,CURRENT_03_CANDIDATE
ST016,ST019,10.979,30.835,2.8085435832042993,CURRENT_03_CANDIDATE
ST016,ST020,12.7,30.033,2.3648031496062996,CURRENT_03_CANDIDATE
ST016,ST021,16.846,26.765,1.5888044639677075,CURRENT_03_CANDIDATE
ST016,ST022,16.802,27.355,1.6280799904773242,CURRENT_03_CANDIDATE
ST016,ST023,11.283999999999999,29.166,2.5847217298830203,CURRENT_03_CANDIDATE
ST016,ST024,3.229,3.229,1.0,CURRENT_03_CANDIDATE
ST016,ST025,3.005,3.005,1.0,CURRENT_03_CANDIDATE
ST016,ST026,9.106,21.793,2.393257193059521,CURRENT_03_CANDIDATE
ST016,ST027,9.442,28.353,3.0028595636517688,CURRENT_03_CANDIDATE
ST016,ST028,5.396,24.307000000000002,4.504633061527057,CURRENT_03_CANDIDATE
ST016,ST029,4.444,9.946,2.2380738073807382,CURRENT_03_CANDIDATE
ST016,ST030,5.746,14.731,2.563696484510964,CURRENT_03_CANDIDATE
ST016,ST031,7.553,25.956,3.4365152919369786,CURRENT_03_CANDIDATE
ST016,ST032,14.389999999999999,27.336000000000002,1.8996525364836696,CURRENT_03_CANDIDATE
ST016,ST033,14.24,28.825,2.0242275280898876,CURRENT_03_CANDIDATE
ST016,ST034,8.781,36.717999999999996,4.18152829973807,CURRENT_03_CANDIDATE
ST016,ST035,8.555,36.365,4.2507305669199305,CURRENT_03_CANDIDATE
ST016,ST036,7.947,35.956,4.524474644519945,CURRENT_03_CANDIDATE
ST016,ST037,8.423,35.202,4.179271043571174,CURRENT_03_CANDIDATE
ST016,ST038,4.155,14.169,3.4101083032490975,CURRENT_03_CANDIDATE
ST016,ST039,4.09,14.267,3.4882640586797065,CURRENT_03_CANDIDATE
ST016,ST040,6.083,13.119,2.156666118691435,CURRENT_03_CANDIDATE
ST016,ST041,3.935,3.935,1.0,CURRENT_03_CANDIDATE
ST016,ST042,3.596,7.292,2.0278086763070076,CURRENT_03_CANDIDATE
ST016,ST043,11.908,29.331,2.463134027544508,CURRENT_03_CANDIDATE
ST016,ST044,12.642,30.064999999999998,2.3781838316722035,CURRENT_03_CANDIDATE
ST016,ST045,11.409,28.66,2.512051888859672,CURRENT_03_CANDIDATE
ST016,ST046,10.999,19.248,1.749977270660969,CURRENT_03_CANDIDATE
ST016,ST047,13.998999999999999,23.003,1.643188799199943,CURRENT_03_CANDIDATE
ST016,ST048,11.249,32.433,2.8831896168548314,CURRENT_03_CANDIDATE
ST016,ST049,18.889,29.787,1.5769495473556039,CURRENT_03_CANDIDATE
ST016,ST050,13.306,23.762,1.7858109123703594,CURRENT_03_CANDIDATE
ST016,ST051,2.736,18.536,6.7748538011695905,CURRENT_03_CANDIDATE
ST016,ST052,5.226,14.210999999999999,2.7192881745120547,CURRENT_03_CANDIDATE
ST016,ST053,17.22,27.082,1.572706155632985,CURRENT_03_CANDIDATE
ST016,ST054,9.912,18.161,1.832223567393059,CURRENT_03_CANDIDATE
ST016,ST055,18.697000000000003,29.28,1.5660266352890837,CURRENT_03_CANDIDATE
ST017,ST018,7.048,26.160999999999998,3.7118331441543697,CURRENT_03_CANDIDATE
ST017,ST019,6.719,26.259,3.908170858758744,CURRENT_03_CANDIDATE
ST017,ST020,8.191,25.457,3.1079233304846783,CURRENT_03_CANDIDATE
ST017,ST021,12.158000000000001,22.189,1.825053462740582,CURRENT_03_CANDIDATE
ST017,ST022,12.542000000000002,22.779,1.8162175091691912,CURRENT_03_CANDIDATE
ST017,ST023,6.77,24.59,3.632200886262925,CURRENT_03_CANDIDATE
ST017,ST024,7.967,13.237000000000002,1.6614785992217902,CURRENT_03_CANDIDATE
ST017,ST025,7.984,13.013000000000002,1.6298847695390783,CURRENT_03_CANDIDATE
ST017,ST026,8.212,17.217,2.096566000974184,CURRENT_03_CANDIDATE
ST017,ST027,8.041,23.777,2.9569705260539734,CURRENT_03_CANDIDATE
ST017,ST028,7.665,19.731,2.574168297455969,CURRENT_03_CANDIDATE
ST017,ST029,4.322,5.37,1.2424803331790837,CURRENT_03_CANDIDATE
ST017,ST030,0.564,10.155000000000001,18.005319148936174,CURRENT_03_CANDIDATE
ST017,ST031,3.293,21.38,6.492559975706042,CURRENT_03_CANDIDATE
ST017,ST032,10.11,22.759999999999998,2.251236399604352,CURRENT_03_CANDIDATE
ST017,ST033,9.97,24.249,2.432196589769308,CURRENT_03_CANDIDATE
ST017,ST034,4.796,32.141999999999996,6.7018348623853194,CURRENT_03_CANDIDATE
ST017,ST035,4.443,31.788999999999998,7.154850326356065,CURRENT_03_CANDIDATE
ST017,ST036,5.061,31.38,6.200355660936574,CURRENT_03_CANDIDATE
ST017,ST037,5.537,30.625999999999998,5.531154054542171,CURRENT_03_CANDIDATE
ST017,ST038,3.846,9.593,2.4942797711908478,CURRENT_03_CANDIDATE
ST017,ST039,3.4930000000000003,9.690999999999999,2.7744059547666757,CURRENT_03_CANDIDATE
ST017,ST040,1.842,8.543,4.637893593919652,CURRENT_03_CANDIDATE
ST017,ST041,5.607,6.073,1.0831103977171392,CURRENT_03_CANDIDATE
ST017,ST042,2.564,2.716,1.0592823712948518,CURRENT_03_CANDIDATE
ST017,ST043,7.648,24.755,3.2367939330543933,CURRENT_03_CANDIDATE
ST017,ST044,8.382,25.488999999999997,3.040921021235982,CURRENT_03_CANDIDATE
ST017,ST045,7.149,24.084,3.3688627780109104,CURRENT_03_CANDIDATE
ST017,ST046,6.739,14.671999999999999,2.177177622792699,CURRENT_03_CANDIDATE
ST017,ST047,9.004000000000001,18.427,2.0465348733896045,CURRENT_03_CANDIDATE
ST017,ST048,6.989,27.857,3.9858348833881814,CURRENT_03_CANDIDATE
ST017,ST049,14.608999999999998,25.211,1.7257170237524815,CURRENT_03_CANDIDATE
ST017,ST050,8.358,19.186,2.2955252452739887,CURRENT_03_CANDIDATE
ST017,ST051,3.517,13.959999999999999,3.9692920102359963,CURRENT_03_CANDIDATE
ST017,ST052,0.639,9.635,15.078247261345853,CURRENT_03_CANDIDATE
ST017,ST053,12.213000000000001,22.506,1.8427904691721935,CURRENT_03_CANDIDATE
ST017,ST054,5.652,13.584999999999999,2.4035739561217264,CURRENT_03_CANDIDATE
ST017,ST055,14.163,24.704,1.7442632210689826,CURRENT_03_CANDIDATE
ST018,ST019,0.477,2.91,6.100628930817611,CURRENT_03_CANDIDATE
ST018,ST020,1.949,2.198,1.1277578245253976,CURRENT_03_CANDIDATE
ST018,ST021,6.586,11.977,1.8185545095657454,CURRENT_03_CANDIDATE
ST018,ST022,6.573,6.7620000000000005,1.0287539936102237,CURRENT_03_CANDIDATE
ST018,ST023,1.655,10.709,6.470694864048338,CURRENT_03_CANDIDATE
ST018,ST024,14.183,33.966,2.3948388916308256,CURRENT_03_CANDIDATE
ST018,ST025,13.617,33.742000000000004,2.477931996768745,CURRENT_03_CANDIDATE
ST018,ST026,13.579,26.292,1.936225053391266,CURRENT_03_CANDIDATE
ST018,ST027,13.915000000000001,32.852000000000004,2.3609054976643913,CURRENT_03_CANDIDATE
ST018,ST028,11.947,28.806000000000004,2.4111492424876544,CURRENT_03_CANDIDATE
ST018,ST029,8.633,20.791000000000004,2.408316923433338,CURRENT_03_CANDIDATE
ST018,ST030,7.025,25.576000000000004,3.6407117437722425,CURRENT_03_CANDIDATE
ST018,ST031,3.945,18.062,4.578453738910013,CURRENT_03_CANDIDATE
ST018,ST032,3.868,3.868,1.0,CURRENT_03_CANDIDATE
ST018,ST033,3.728,3.728,1.0,CURRENT_03_CANDIDATE
ST018,ST034,5.215,11.621,2.228379674017258,CURRENT_03_CANDIDATE
ST018,ST035,4.862,11.268,2.3175647881530237,CURRENT_03_CANDIDATE
ST018,ST036,5.48,8.031,1.4655109489051095,CURRENT_03_CANDIDATE
ST018,ST037,5.956,10.105,1.6966084620550705,CURRENT_03_CANDIDATE
ST018,ST038,9.789,25.014000000000003,2.5553171927673923,CURRENT_03_CANDIDATE
ST018,ST039,9.489,25.112000000000002,2.6464327115607547,CURRENT_03_CANDIDATE
ST018,ST040,6.3469999999999995,17.618000000000002,2.77579959035765,CURRENT_03_CANDIDATE
ST018,ST041,10.523,26.802000000000003,2.5469923025753114,CURRENT_03_CANDIDATE
ST018,ST042,8.22,23.445000000000004,2.852189781021898,CURRENT_03_CANDIDATE
ST018,ST043,1.406,1.406,1.0,CURRENT_03_CANDIDATE
ST018,ST044,2.1399999999999997,2.1399999999999997,1.0,CURRENT_03_CANDIDATE
ST018,ST045,0.934,2.077,2.223768736616702,CURRENT_03_CANDIDATE
ST018,ST046,3.7,13.663,3.6927027027027024,CURRENT_03_CANDIDATE
ST018,ST047,3.497,8.215,2.34915641978839,CURRENT_03_CANDIDATE
ST018,ST048,0.747,7.336,9.820615796519412,CURRENT_03_CANDIDATE
ST018,ST049,8.366999999999999,8.366999999999999,1.0,CURRENT_03_CANDIDATE
ST018,ST050,2.786,8.139,2.9213926776740844,CURRENT_03_CANDIDATE
ST018,ST051,10.019,23.035000000000004,2.2991316498652563,CURRENT_03_CANDIDATE
ST018,ST052,6.635,25.056000000000004,3.7763376036171823,CURRENT_03_CANDIDATE
ST018,ST053,6.96,8.625,1.2392241379310345,CURRENT_03_CANDIDATE
ST018,ST054,4.787,12.576,2.6271151034050555,CURRENT_03_CANDIDATE
ST018,ST055,8.279,8.739,1.0555622659741515,CURRENT_03_CANDIDATE
ST019,ST020,1.979,1.979,1.0,CURRENT_03_CANDIDATE
ST019,ST021,6.127,12.142,1.9817202546107393,CURRENT_03_CANDIDATE
ST019,ST022,6.305,7.493,1.1884218873909596,CURRENT_03_CANDIDATE
ST019,ST023,1.664,10.806999999999999,6.494591346153846,CURRENT_03_CANDIDATE
ST019,ST024,14.207999999999998,34.064,2.397522522522523,CURRENT_03_CANDIDATE
ST019,ST025,13.983999999999998,33.84,2.4199084668192223,CURRENT_03_CANDIDATE
ST019,ST026,14.056000000000001,26.39,1.8774900398406373,CURRENT_03_CANDIDATE
ST019,ST027,14.296,32.95,2.304840514829323,CURRENT_03_CANDIDATE
ST019,ST028,12.424,28.904000000000003,2.326464906632325,CURRENT_03_CANDIDATE
ST019,ST029,9.11,20.889000000000003,2.2929747530186613,CURRENT_03_CANDIDATE
ST019,ST030,7.283,25.674000000000003,3.525195661128656,CURRENT_03_CANDIDATE
ST019,ST031,4.422,18.793,4.2498869289914065,CURRENT_03_CANDIDATE
ST019,ST032,3.411,4.599,1.3482849604221636,CURRENT_03_CANDIDATE
ST019,ST033,3.836,3.836,1.0,CURRENT_03_CANDIDATE
ST019,ST034,5.692,11.729,2.0606113843991567,CURRENT_03_CANDIDATE
ST019,ST035,5.339,11.376,2.130736092901292,CURRENT_03_CANDIDATE
ST019,ST036,5.957000000000001,8.129,1.364613060265234,CURRENT_03_CANDIDATE
ST019,ST037,6.415,10.213,1.5920498830865157,CURRENT_03_CANDIDATE
ST019,ST038,10.229,25.112000000000002,2.4549809365529383,CURRENT_03_CANDIDATE
ST019,ST039,9.966000000000001,25.21,2.5296006421834236,CURRENT_03_CANDIDATE
ST019,ST040,6.824,17.716,2.5961313012895664,CURRENT_03_CANDIDATE
ST019,ST041,10.631,26.900000000000002,2.5303358103659113,CURRENT_03_CANDIDATE
ST019,ST042,8.623999999999999,23.543000000000003,2.7299397031539896,CURRENT_03_CANDIDATE
ST019,ST043,1.504,1.504,1.0,CURRENT_03_CANDIDATE
ST019,ST044,2.238,2.238,1.0,CURRENT_03_CANDIDATE
ST019,ST045,0.859,2.175,2.5320139697322466,CURRENT_03_CANDIDATE
ST019,ST046,3.7089999999999996,13.761,3.7101644648153145,CURRENT_03_CANDIDATE
ST019,ST047,3.02,8.379999999999999,2.7748344370860925,CURRENT_03_CANDIDATE
ST019,ST048,0.855,7.444,8.706432748538012,CURRENT_03_CANDIDATE
ST019,ST049,7.91,9.097999999999999,1.150189633375474,CURRENT_03_CANDIDATE
ST019,ST050,2.327,8.870000000000001,3.81177481736141,CURRENT_03_CANDIDATE
ST019,ST051,10.236,23.133000000000003,2.2599648300117234,CURRENT_03_CANDIDATE
ST019,ST052,7.112,25.154000000000003,3.536839145106862,CURRENT_03_CANDIDATE
ST019,ST053,6.5009999999999994,8.722999999999999,1.3417935702199661,CURRENT_03_CANDIDATE
ST019,ST054,4.795999999999999,12.674,2.6426188490408675,CURRENT_03_CANDIDATE
ST019,ST055,7.802,9.47,1.213791335554986,CURRENT_03_CANDIDATE
ST020,ST021,7.03,11.34,1.6130867709815078,CURRENT_03_CANDIDATE
ST020,ST022,6.274,6.311,1.0058973541600256,CURRENT_03_CANDIDATE
ST020,ST023,3.334,10.004999999999999,3.0008998200359924,CURRENT_03_CANDIDATE
ST020,ST024,15.928999999999998,33.262,2.0881411262477245,CURRENT_03_CANDIDATE
ST020,ST025,15.408000000000001,33.038000000000004,2.1442107995846316,CURRENT_03_CANDIDATE
ST020,ST026,15.262,25.588,1.6765823614205215,CURRENT_03_CANDIDATE
ST020,ST027,15.597999999999999,32.148,2.061033465828953,CURRENT_03_CANDIDATE
ST020,ST028,13.895999999999999,28.102000000000004,2.0223085780080603,CURRENT_03_CANDIDATE
ST020,ST029,10.424,20.087000000000003,1.9269953952417502,CURRENT_03_CANDIDATE
ST020,ST030,8.227,24.872000000000003,3.02321623921235,CURRENT_03_CANDIDATE
ST020,ST031,5.736,17.611,3.0702580195258022,CURRENT_03_CANDIDATE
ST020,ST032,3.417,3.417,1.0,CURRENT_03_CANDIDATE
ST020,ST033,1.99,1.99,1.0,CURRENT_03_CANDIDATE
ST020,ST034,5.992,9.883,1.649365821094793,CURRENT_03_CANDIDATE
ST020,ST035,6.436,9.53,1.480733374766936,CURRENT_03_CANDIDATE
ST020,ST036,6.189,7.417,1.198416545483923,CURRENT_03_CANDIDATE
ST020,ST037,5.501,8.366999999999999,1.5209961825122702,CURRENT_03_CANDIDATE
ST020,ST038,10.468,24.310000000000002,2.3223156285823463,CURRENT_03_CANDIDATE
ST020,ST039,10.226,24.408,2.386857031097203,CURRENT_03_CANDIDATE
ST020,ST040,7.832,16.914,2.159601634320736,CURRENT_03_CANDIDATE
ST020,ST041,11.227,26.098000000000003,2.324574686024762,CURRENT_03_CANDIDATE
ST020,ST042,9.822,22.741000000000003,2.315312563632662,CURRENT_03_CANDIDATE
ST020,ST043,0.792,0.792,1.0,CURRENT_03_CANDIDATE
ST020,ST044,0.406,0.406,1.0,CURRENT_03_CANDIDATE
ST020,ST045,1.373,1.373,1.0,CURRENT_03_CANDIDATE
ST020,ST046,5.379,12.959,2.4091838631715934,CURRENT_03_CANDIDATE
ST020,ST047,3.98,7.577999999999999,1.9040201005025124,CURRENT_03_CANDIDATE
ST020,ST048,2.009,5.598,2.7864609258337483,CURRENT_03_CANDIDATE
ST020,ST049,7.9159999999999995,7.9159999999999995,1.0,CURRENT_03_CANDIDATE
ST020,ST050,4.182,7.688,1.8383548541367765,CURRENT_03_CANDIDATE
ST020,ST051,11.708,22.331000000000003,1.9073283225145201,CURRENT_03_CANDIDATE
ST020,ST052,8.426,24.352000000000004,2.8901020650367912,CURRENT_03_CANDIDATE
ST020,ST053,7.395,7.920999999999999,1.071129141311697,CURRENT_03_CANDIDATE
ST020,ST054,6.465999999999999,11.872,1.836065573770492,CURRENT_03_CANDIDATE
ST020,ST055,7.845,8.288,1.0564690885914596,CURRENT_03_CANDIDATE
ST021,ST022,0.983,8.114,8.254323499491354,CURRENT_03_CANDIDATE
ST021,ST023,5.955,10.472999999999999,1.7586901763224179,CURRENT_03_CANDIDATE
ST021,ST024,19.531,29.993999999999996,1.535712457119451,CURRENT_03_CANDIDATE
ST021,ST025,18.965,29.769999999999996,1.5697337200105455,CURRENT_03_CANDIDATE
ST021,ST026,17.558999999999997,22.319999999999997,1.2711430035879037,CURRENT_03_CANDIDATE
ST021,ST027,17.182,28.879999999999995,1.6808287742986845,CURRENT_03_CANDIDATE
ST021,ST028,17.688000000000002,24.833999999999996,1.404002713704206,CURRENT_03_CANDIDATE
ST021,ST029,14.374,16.819,1.1700987894810073,CURRENT_03_CANDIDATE
ST021,ST030,12.29,21.604,1.7578519121236778,CURRENT_03_CANDIDATE
ST021,ST031,9.293,16.398999999999997,1.76466157322716,CURRENT_03_CANDIDATE
ST021,ST032,3.877,8.109,2.091565643538819,CURRENT_03_CANDIDATE
ST021,ST033,5.896,9.584,1.6255088195386702,CURRENT_03_CANDIDATE
ST021,ST034,11.283,17.477,1.5489674731897547,CURRENT_03_CANDIDATE
ST021,ST035,10.93,17.124,1.5666971637694418,CURRENT_03_CANDIDATE
ST021,ST036,11.574,17.262999999999998,1.491532745809573,CURRENT_03_CANDIDATE
ST021,ST037,11.237,15.960999999999999,1.4203969030880126,CURRENT_03_CANDIDATE
ST021,ST038,15.137,21.041999999999998,1.3901037193631498,CURRENT_03_CANDIDATE
ST021,ST039,14.837,21.14,1.4248163375345422,CURRENT_03_CANDIDATE
ST021,ST040,11.253,13.645999999999999,1.2126544032702389,CURRENT_03_CANDIDATE
ST021,ST041,15.645999999999999,22.83,1.4591588904512336,CURRENT_03_CANDIDATE
ST021,ST042,13.568,19.473,1.4352152122641508,CURRENT_03_CANDIDATE
ST021,ST043,6.354,10.637999999999998,1.6742209631728042,CURRENT_03_CANDIDATE
ST021,ST044,6.851,11.182,1.6321704860604291,CURRENT_03_CANDIDATE
ST021,ST045,5.683,9.966999999999999,1.75382720394158,CURRENT_03_CANDIDATE
ST021,ST046,6.163,9.690999999999999,1.5724484828817131,CURRENT_03_CANDIDATE
ST021,ST047,3.762,3.762,1.0,CURRENT_03_CANDIDATE
ST021,ST048,6.483,13.192,2.0348604041338887,CURRENT_03_CANDIDATE
ST021,ST049,3.415,10.546000000000001,3.088140556368961,CURRENT_03_CANDIDATE
ST021,ST050,3.8,11.341,2.9844736842105264,CURRENT_03_CANDIDATE
ST021,ST051,14.762,19.063,1.2913561847988075,CURRENT_03_CANDIDATE
ST021,ST052,11.982999999999999,21.084,1.7594926145372614,CURRENT_03_CANDIDATE
ST021,ST053,0.374,8.389,22.43048128342246,CURRENT_03_CANDIDATE
ST021,ST054,7.25,8.604,1.186758620689655,CURRENT_03_CANDIDATE
ST021,ST055,2.96,10.091000000000001,3.409121621621622,CURRENT_03_CANDIDATE
ST022,ST023,6.145,10.408999999999999,1.6938974776240845,CURRENT_03_CANDIDATE
ST022,ST024,19.487000000000002,30.583999999999996,1.5694565607841122,CURRENT_03_CANDIDATE
ST022,ST025,18.921,30.359999999999996,1.6045663548438243,CURRENT_03_CANDIDATE
ST022,ST026,18.333,22.909999999999997,1.249659084710631,CURRENT_03_CANDIDATE
ST022,ST027,17.956,29.47,1.641234127868122,CURRENT_03_CANDIDATE
ST022,ST028,17.878,25.424,1.4220830070477681,CURRENT_03_CANDIDATE
ST022,ST029,14.564,17.409,1.1953446855259544,CURRENT_03_CANDIDATE
ST022,ST030,12.329,22.194,1.8001459972422742,CURRENT_03_CANDIDATE
ST022,ST031,9.249,16.988999999999997,1.8368472267272133,CURRENT_03_CANDIDATE
ST022,ST032,2.894,2.894,1.0,CURRENT_03_CANDIDATE
ST022,ST033,4.913,4.913,1.0,CURRENT_03_CANDIDATE
ST022,ST034,11.239,12.806000000000001,1.1394252157665272,CURRENT_03_CANDIDATE
ST022,ST035,10.886,12.453,1.1439463531140914,CURRENT_03_CANDIDATE
ST022,ST036,11.53,12.614,1.0940156114483957,CURRENT_03_CANDIDATE
ST022,ST037,11.195,11.29,1.0084859312192942,CURRENT_03_CANDIDATE
ST022,ST038,15.093,21.631999999999998,1.433247200689061,CURRENT_03_CANDIDATE
ST022,ST039,14.793,21.729999999999997,1.4689380112215236,CURRENT_03_CANDIDATE
ST022,ST040,11.651,14.235999999999999,1.2218693674362715,CURRENT_03_CANDIDATE
ST022,ST041,15.602,23.419999999999998,1.5010896038969361,CURRENT_03_CANDIDATE
ST022,ST042,13.524000000000001,20.063,1.4835107956225966,CURRENT_03_CANDIDATE
ST022,ST043,5.95,5.989000000000001,1.0065546218487396,CURRENT_03_CANDIDATE
ST022,ST044,5.868,6.511,1.1095773687798227,CURRENT_03_CANDIDATE
ST022,ST045,5.639,6.436,1.1413371165100195,CURRENT_03_CANDIDATE
ST022,ST046,6.936999999999999,10.280999999999999,1.4820527605593194,CURRENT_03_CANDIDATE
ST022,ST047,4.352,4.352,1.0,CURRENT_03_CANDIDATE
ST022,ST048,6.439,8.521,1.3233421338717193,CURRENT_03_CANDIDATE
ST022,ST049,2.432,2.432,1.0,CURRENT_03_CANDIDATE
ST022,ST050,4.574,7.165,1.5664626147791867,CURRENT_03_CANDIDATE
ST022,ST051,14.952,19.653,1.314406099518459,CURRENT_03_CANDIDATE
ST022,ST052,11.939,21.674,1.8153949241980065,CURRENT_03_CANDIDATE
ST022,ST053,1.357,8.325,6.134856300663227,CURRENT_03_CANDIDATE
ST022,ST054,8.024,9.193999999999999,1.1458125623130608,CURRENT_03_CANDIDATE
ST022,ST055,1.977,1.977,1.0,CURRENT_03_CANDIDATE
ST023,ST024,13.969,32.394999999999996,2.319063640919178,CURRENT_03_CANDIDATE
ST023,ST025,13.403,32.171,2.400283518615235,CURRENT_03_CANDIDATE
ST023,ST026,13.365,24.720999999999997,1.8496820052375604,CURRENT_03_CANDIDATE
ST023,ST027,13.083,31.281,2.3909653749140105,CURRENT_03_CANDIDATE
ST023,ST028,11.733,27.235,2.3212307167817268,CURRENT_03_CANDIDATE
ST023,ST029,8.419,19.22,2.2829314645444825,CURRENT_03_CANDIDATE
ST023,ST030,6.811,24.005,3.5244457495228305,CURRENT_03_CANDIDATE
ST023,ST031,3.731,17.791,4.768426695255964,CURRENT_03_CANDIDATE
ST023,ST032,4.753,7.515000000000001,1.5811066694719125,CURRENT_03_CANDIDATE
ST023,ST033,5.324,8.985,1.687640871525169,CURRENT_03_CANDIDATE
ST023,ST034,5.721,16.878,2.950183534347142,CURRENT_03_CANDIDATE
ST023,ST035,5.368,16.525,3.078427719821162,CURRENT_03_CANDIDATE
ST023,ST036,5.986,15.927999999999999,2.6608753758770463,CURRENT_03_CANDIDATE
ST023,ST037,6.462,15.361999999999998,2.3772825750541626,CURRENT_03_CANDIDATE
ST023,ST038,9.575,23.442999999999998,2.448355091383812,CURRENT_03_CANDIDATE
ST023,ST039,9.274999999999999,23.540999999999997,2.5381132075471697,CURRENT_03_CANDIDATE
ST023,ST040,6.133,16.046999999999997,2.6165008967878682,CURRENT_03_CANDIDATE
ST023,ST041,11.2,25.230999999999998,2.252767857142857,CURRENT_03_CANDIDATE
ST023,ST042,8.006,21.874,2.7322008493629775,CURRENT_03_CANDIDATE
ST023,ST043,3.061,9.302999999999999,3.039202874877491,CURRENT_03_CANDIDATE
ST023,ST044,3.74,10.036999999999999,2.683689839572192,CURRENT_03_CANDIDATE
ST023,ST045,2.5229999999999997,8.632,3.421323820848197,CURRENT_03_CANDIDATE
ST023,ST046,2.045,12.091999999999999,5.912958435207823,CURRENT_03_CANDIDATE
ST023,ST047,3.166,6.711,2.1197094125078966,CURRENT_03_CANDIDATE
ST023,ST048,2.402,12.593,5.242714404662781,CURRENT_03_CANDIDATE
ST023,ST049,8.577,12.014,1.4007228634720763,CURRENT_03_CANDIDATE
ST023,ST050,2.437,10.005999999999998,4.105867870332376,CURRENT_03_CANDIDATE
ST023,ST051,8.807,21.464,2.437152265243556,CURRENT_03_CANDIDATE
ST023,ST052,6.420999999999999,23.485,3.6575299797539325,CURRENT_03_CANDIDATE
ST023,ST053,6.329,7.054,1.114552061937115,CURRENT_03_CANDIDATE
ST023,ST054,3.1319999999999997,11.004999999999999,3.513729246487867,CURRENT_03_CANDIDATE
ST023,ST055,8.122,9.251999999999999,1.1391282935237625,CURRENT_03_CANDIDATE
ST024,ST025,1.561,6.234,3.9935938500960924,CURRENT_03_CANDIDATE
ST024,ST026,11.521,25.022,2.1718600815901397,CURRENT_03_CANDIDATE
ST024,ST027,11.857,31.582,2.6635742599308427,CURRENT_03_CANDIDATE
ST024,ST028,7.811,27.536,3.525284854692101,CURRENT_03_CANDIDATE
ST024,ST029,7.1290000000000004,13.175,1.8480852854537804,CURRENT_03_CANDIDATE
ST024,ST030,8.431,17.96,2.1302336614873685,CURRENT_03_CANDIDATE
ST024,ST031,10.238,29.185,2.8506544246923227,CURRENT_03_CANDIDATE
ST024,ST032,17.619,30.565,1.7347749588512402,CURRENT_03_CANDIDATE
ST024,ST033,16.986,32.054,1.887083480513364,CURRENT_03_CANDIDATE
ST024,ST034,11.466,39.947,3.4839525553811272,CURRENT_03_CANDIDATE
ST024,ST035,11.24,39.594,3.5225978647686835,CURRENT_03_CANDIDATE
ST024,ST036,10.632,39.185,3.685571858540256,CURRENT_03_CANDIDATE
ST024,ST037,11.108,38.431000000000004,3.459758732445085,CURRENT_03_CANDIDATE
ST024,ST038,7.022,17.398,2.477641697522073,CURRENT_03_CANDIDATE
ST024,ST039,6.775,17.496000000000002,2.5824354243542436,CURRENT_03_CANDIDATE
ST024,ST040,8.768,16.348,1.8645072992700726,CURRENT_03_CANDIDATE
ST024,ST041,6.62,7.164,1.0821752265861027,CURRENT_03_CANDIDATE
ST024,ST042,6.281,10.521,1.6750517433529695,CURRENT_03_CANDIDATE
ST024,ST043,15.137,32.56,2.1510206778093415,CURRENT_03_CANDIDATE
ST024,ST044,15.871,33.294000000000004,2.0977884191292295,CURRENT_03_CANDIDATE
ST024,ST045,14.638000000000002,31.889,2.178507992895204,CURRENT_03_CANDIDATE
ST024,ST046,14.059999999999999,22.477,1.5986486486486489,CURRENT_03_CANDIDATE
ST024,ST047,16.852,26.232,1.5566104913363399,CURRENT_03_CANDIDATE
ST024,ST048,14.478000000000002,35.662,2.4631855228622737,CURRENT_03_CANDIDATE
ST024,ST049,21.919,33.016,1.5062730964003832,CURRENT_03_CANDIDATE
ST024,ST050,16.221,26.991,1.6639541335306085,CURRENT_03_CANDIDATE
ST024,ST051,5.421,21.765,4.014941892639734,CURRENT_03_CANDIDATE
ST024,ST052,7.911,17.44,2.2045253444570854,CURRENT_03_CANDIDATE
ST024,ST053,19.904999999999998,30.311,1.5227832202964082,CURRENT_03_CANDIDATE
ST024,ST054,12.972999999999999,21.39,1.648809064981115,CURRENT_03_CANDIDATE
ST024,ST055,21.464000000000002,32.509,1.5145825568393587,CURRENT_03_CANDIDATE
ST025,ST026,10.588000000000001,24.798000000000002,2.3420853796751038,CURRENT_03_CANDIDATE
ST025,ST027,10.924,31.358000000000004,2.8705602343463936,CURRENT_03_CANDIDATE
ST025,ST028,6.878,27.312000000000005,3.9709217795870897,CURRENT_03_CANDIDATE
ST025,ST029,6.563000000000001,12.951,1.973335364924577,CURRENT_03_CANDIDATE
ST025,ST030,7.865,17.736,2.2550540368722185,CURRENT_03_CANDIDATE
ST025,ST031,9.672,28.961000000000002,2.994313482216708,CURRENT_03_CANDIDATE
ST025,ST032,17.395,30.341000000000005,1.7442368496694456,CURRENT_03_CANDIDATE
ST025,ST033,16.919,31.830000000000002,1.881316862698741,CURRENT_03_CANDIDATE
ST025,ST034,10.9,39.723,3.6443119266055044,CURRENT_03_CANDIDATE
ST025,ST035,10.674,39.370000000000005,3.688401723814878,CURRENT_03_CANDIDATE
ST025,ST036,10.066,38.961000000000006,3.8705543413471095,CURRENT_03_CANDIDATE
ST025,ST037,10.542,38.207,3.624264845380383,CURRENT_03_CANDIDATE
ST025,ST038,6.274,17.174,2.7373286579534586,CURRENT_03_CANDIDATE
ST025,ST039,6.209,17.272,2.7817684007086485,CURRENT_03_CANDIDATE
ST025,ST040,8.202,16.124000000000002,1.9658619848817365,CURRENT_03_CANDIDATE
ST025,ST041,6.054,6.9399999999999995,1.1463495209778658,CURRENT_03_CANDIDATE
ST025,ST042,5.715,10.297,1.8017497812773404,CURRENT_03_CANDIDATE
ST025,ST043,14.745,32.336000000000006,2.1930145812139714,CURRENT_03_CANDIDATE
ST025,ST044,15.479,33.07000000000001,2.1364429226694237,CURRENT_03_CANDIDATE
ST025,ST045,14.246,31.665000000000003,2.22272918714025,CURRENT_03_CANDIDATE
ST025,ST046,13.835999999999999,22.253000000000004,1.608340560855739,CURRENT_03_CANDIDATE
ST025,ST047,16.286,26.008000000000003,1.5969544393958002,CURRENT_03_CANDIDATE
ST025,ST048,14.086,35.438,2.515831321879881,CURRENT_03_CANDIDATE
ST025,ST049,21.352999999999998,32.792,1.5357092680185456,CURRENT_03_CANDIDATE
ST025,ST050,15.655000000000001,26.767000000000003,1.7098051740657938,CURRENT_03_CANDIDATE
ST025,ST051,4.855,21.541000000000004,4.43686920700309,CURRENT_03_CANDIDATE
ST025,ST052,7.345,17.216,2.3439074200136147,CURRENT_03_CANDIDATE
ST025,ST053,19.339,30.087000000000003,1.5557681369253842,CURRENT_03_CANDIDATE
ST025,ST054,12.748999999999999,21.166000000000004,1.6602086438152017,CURRENT_03_CANDIDATE
ST025,ST055,20.898,32.285000000000004,1.5448846779596135,CURRENT_03_CANDIDATE
ST026,ST027,0.457,9.0,19.693654266958422,CURRENT_03_CANDIDATE
ST026,ST028,3.71,4.954,1.335309973045822,CURRENT_03_CANDIDATE
ST026,ST029,6.175,11.847,1.9185425101214575,CURRENT_03_CANDIDATE
ST026,ST030,8.776,16.631999999999998,1.8951686417502276,CURRENT_03_CANDIDATE
ST026,ST031,9.634,21.511,2.2328212580444258,CURRENT_03_CANDIDATE
ST026,ST032,17.404,22.891,1.315272351183636,CURRENT_03_CANDIDATE
ST026,ST033,16.802,24.38,1.4510177359838115,CURRENT_03_CANDIDATE
ST026,ST034,13.008,32.272999999999996,2.481011685116851,CURRENT_03_CANDIDATE
ST026,ST035,12.655,31.919999999999998,2.5223231924140657,CURRENT_03_CANDIDATE
ST026,ST036,13.273,31.511,2.3740676561440517,CURRENT_03_CANDIDATE
ST026,ST037,13.748999999999999,30.756999999999998,2.2370354207578735,CURRENT_03_CANDIDATE
ST026,ST038,9.348,16.07,1.7190842961061188,CURRENT_03_CANDIDATE
ST026,ST039,9.446,16.168,1.7116239678170655,CURRENT_03_CANDIDATE
ST026,ST040,7.43,8.674,1.16742934051144,CURRENT_03_CANDIDATE
ST026,ST041,9.312999999999999,17.858,1.9175346290132076,CURRENT_03_CANDIDATE
ST026,ST042,7.779,14.501,1.864121352358915,CURRENT_03_CANDIDATE
ST026,ST043,14.469999999999999,24.886,1.7198341395991708,CURRENT_03_CANDIDATE
ST026,ST044,15.203999999999999,25.619999999999997,1.6850828729281768,CURRENT_03_CANDIDATE
ST026,ST045,13.998,24.215,1.7298899842834692,CURRENT_03_CANDIDATE
ST026,ST046,11.795,14.802999999999999,1.2550233149639678,CURRENT_03_CANDIDATE
ST026,ST047,14.364,18.558,1.2919799498746867,CURRENT_03_CANDIDATE
ST026,ST048,13.811,27.988,2.0265006154514515,CURRENT_03_CANDIDATE
ST026,ST049,19.601,25.342,1.292893219733687,CURRENT_03_CANDIDATE
ST026,ST050,13.759,19.317,1.403953775710444,CURRENT_03_CANDIDATE
ST026,ST051,7.587,14.091,1.8572558323448003,CURRENT_03_CANDIDATE
ST026,ST052,8.850999999999999,16.112,1.8203592814371257,CURRENT_03_CANDIDATE
ST026,ST053,17.837,22.637,1.26910354880305,CURRENT_03_CANDIDATE
ST026,ST054,10.708,13.716,1.2809114680612625,CURRENT_03_CANDIDATE
ST026,ST055,19.146,24.835,1.2971377833490023,CURRENT_03_CANDIDATE
ST027,ST028,4.046,4.046,1.0,CURRENT_03_CANDIDATE
ST027,ST029,6.511,18.407,2.827061895254185,CURRENT_03_CANDIDATE
ST027,ST030,8.605,23.192,2.695177222545032,CURRENT_03_CANDIDATE
ST027,ST031,9.97,28.070999999999998,2.815546639919759,CURRENT_03_CANDIDATE
ST027,ST032,17.027,29.451,1.7296646502613495,CURRENT_03_CANDIDATE
ST027,ST033,17.138,30.939999999999998,1.8053448477068499,CURRENT_03_CANDIDATE
ST027,ST034,12.837,38.833,3.0250837423073924,CURRENT_03_CANDIDATE
ST027,ST035,12.484,38.48,3.0823454021147065,CURRENT_03_CANDIDATE
ST027,ST036,13.102,38.071,2.905739581743245,CURRENT_03_CANDIDATE
ST027,ST037,13.578,37.317,2.7483429076447194,CURRENT_03_CANDIDATE
ST027,ST038,9.684,22.63,2.3368442792234614,CURRENT_03_CANDIDATE
ST027,ST039,9.782,22.728,2.3234512369658558,CURRENT_03_CANDIDATE
ST027,ST040,7.766,15.234,1.9616276075199588,CURRENT_03_CANDIDATE
ST027,ST041,9.582,24.418,2.5483197662283446,CURRENT_03_CANDIDATE
ST027,ST042,8.115,21.061,2.595317313616759,CURRENT_03_CANDIDATE
ST027,ST043,14.806000000000001,31.445999999999998,2.123868701877617,CURRENT_03_CANDIDATE
ST027,ST044,15.540000000000001,32.18,2.0707850707850706,CURRENT_03_CANDIDATE
ST027,ST045,14.334,30.775,2.1469931631086925,CURRENT_03_CANDIDATE
ST027,ST046,11.418,21.363,1.87099316868103,CURRENT_03_CANDIDATE
ST027,ST047,13.986999999999998,25.118,1.7958103953671267,CURRENT_03_CANDIDATE
ST027,ST048,14.147,34.547999999999995,2.4420725242100794,CURRENT_03_CANDIDATE
ST027,ST049,19.224,31.901999999999997,1.6594881398252184,CURRENT_03_CANDIDATE
ST027,ST050,13.382,25.877000000000002,1.9337169331938426,CURRENT_03_CANDIDATE
ST027,ST051,7.923,20.651,2.606462198662123,CURRENT_03_CANDIDATE
ST027,ST052,8.68,22.672,2.6119815668202766,CURRENT_03_CANDIDATE
ST027,ST053,17.46,29.197,1.672222222222222,CURRENT_03_CANDIDATE
ST027,ST054,10.331,20.276,1.9626367244216436,CURRENT_03_CANDIDATE
ST027,ST055,18.769,31.395,1.6727049922744952,CURRENT_03_CANDIDATE
ST028,ST029,5.556,14.360999999999999,2.5847732181425482,CURRENT_03_CANDIDATE
ST028,ST030,8.229,19.146,2.326649653663872,CURRENT_03_CANDIDATE
ST028,ST031,9.015,24.024999999999995,2.6650027731558508,CURRENT_03_CANDIDATE
ST028,ST032,15.815,25.404999999999998,1.6063863420803035,CURRENT_03_CANDIDATE
ST028,ST033,15.674999999999999,26.893999999999995,1.7157256778309409,CURRENT_03_CANDIDATE
ST028,ST034,12.461,34.78699999999999,2.791670010432549,CURRENT_03_CANDIDATE
ST028,ST035,12.108,34.434,2.8439048562933595,CURRENT_03_CANDIDATE
ST028,ST036,12.383,34.02499999999999,2.747718646531535,CURRENT_03_CANDIDATE
ST028,ST037,12.859,33.270999999999994,2.5873707131192156,CURRENT_03_CANDIDATE
ST028,ST038,8.65,18.584,2.1484393063583815,CURRENT_03_CANDIDATE
ST028,ST039,8.698,18.682,2.1478500804782708,CURRENT_03_CANDIDATE
ST028,ST040,6.811,11.187999999999999,1.6426369108794596,CURRENT_03_CANDIDATE
ST028,ST041,7.951,20.372,2.5621934347880773,CURRENT_03_CANDIDATE
ST028,ST042,7.16,17.015,2.3763966480446927,CURRENT_03_CANDIDATE
ST028,ST043,13.353,27.399999999999995,2.051973339324496,CURRENT_03_CANDIDATE
ST028,ST044,14.087,28.133999999999993,1.9971605025910408,CURRENT_03_CANDIDATE
ST028,ST045,12.880999999999998,26.728999999999996,2.075071811194783,CURRENT_03_CANDIDATE
ST028,ST046,12.459,17.316999999999997,1.3899189341038605,CURRENT_03_CANDIDATE
ST028,ST047,14.899,21.071999999999996,1.4143231089334853,CURRENT_03_CANDIDATE
ST028,ST048,12.693999999999999,30.501999999999995,2.402867496455018,CURRENT_03_CANDIDATE
ST028,ST049,20.31,27.855999999999995,1.3715411127523385,CURRENT_03_CANDIDATE
ST028,ST050,14.17,21.830999999999996,1.5406492589978826,CURRENT_03_CANDIDATE
ST028,ST051,6.968,16.604999999999997,2.3830367393800227,CURRENT_03_CANDIDATE
ST028,ST052,8.304,18.625999999999998,2.2430154142581884,CURRENT_03_CANDIDATE
ST028,ST053,18.062,25.150999999999996,1.392481452773779,CURRENT_03_CANDIDATE
ST028,ST054,11.372,16.229999999999997,1.4271895884628911,CURRENT_03_CANDIDATE
ST028,ST055,19.855,27.348999999999997,1.3774364140015107,CURRENT_03_CANDIDATE
ST029,ST030,4.785,4.785,1.0,CURRENT_03_CANDIDATE
ST029,ST031,5.377,16.009999999999998,2.9774967453970613,CURRENT_03_CANDIDATE
ST029,ST032,12.501,17.39,1.3910887129029679,CURRENT_03_CANDIDATE
ST029,ST033,12.064,18.878999999999998,1.564903846153846,CURRENT_03_CANDIDATE
ST029,ST034,8.536,26.772,3.1363636363636362,CURRENT_03_CANDIDATE
ST029,ST035,8.1,26.418999999999997,3.2616049382716046,CURRENT_03_CANDIDATE
ST029,ST036,8.009,26.009999999999998,3.247596453989262,CURRENT_03_CANDIDATE
ST029,ST037,8.485,25.255999999999997,2.9765468473777252,CURRENT_03_CANDIDATE
ST029,ST038,4.223,4.223,1.0,CURRENT_03_CANDIDATE
ST029,ST039,4.321,4.321,1.0,CURRENT_03_CANDIDATE
ST029,ST040,3.173,3.173,1.0,CURRENT_03_CANDIDATE
ST029,ST041,3.138,6.011,1.915551306564691,CURRENT_03_CANDIDATE
ST029,ST042,2.654,2.654,1.0,CURRENT_03_CANDIDATE
ST029,ST043,9.732,19.384999999999998,1.991882449650637,CURRENT_03_CANDIDATE
ST029,ST044,10.466,20.119,1.9223198929868146,CURRENT_03_CANDIDATE
ST029,ST045,9.233,18.714,2.0268601754575974,CURRENT_03_CANDIDATE
ST029,ST046,8.821,9.302,1.054528964969958,CURRENT_03_CANDIDATE
ST029,ST047,11.332,13.056999999999999,1.1522237910342392,CURRENT_03_CANDIDATE
ST029,ST048,9.073,22.487,2.478452551526507,CURRENT_03_CANDIDATE
ST029,ST049,16.996,19.840999999999998,1.1673923276064957,CURRENT_03_CANDIDATE
ST029,ST050,10.626000000000001,13.816,1.300207039337474,CURRENT_03_CANDIDATE
ST029,ST051,1.708,8.59,5.029274004683841,CURRENT_03_CANDIDATE
ST029,ST052,4.265,4.265,1.0,CURRENT_03_CANDIDATE
ST029,ST053,14.748000000000001,17.136,1.161920260374288,CURRENT_03_CANDIDATE
ST029,ST054,7.734,8.215,1.0621929144039306,CURRENT_03_CANDIDATE
ST029,ST055,16.519,19.334,1.1704098311035778,CURRENT_03_CANDIDATE
ST030,ST031,3.08,20.794999999999998,6.7516233766233755,CURRENT_03_CANDIDATE
ST030,ST032,9.897,22.175,2.2405779529150247,CURRENT_03_CANDIDATE
ST030,ST033,9.757,23.663999999999998,2.4253356564517783,CURRENT_03_CANDIDATE
ST030,ST034,5.062,31.557,6.2340971947846695,CURRENT_03_CANDIDATE
ST030,ST035,4.626,31.203999999999997,6.745352356247297,CURRENT_03_CANDIDATE
ST030,ST036,5.244000000000001,30.794999999999998,5.872425629290617,CURRENT_03_CANDIDATE
ST030,ST037,5.720000000000001,30.040999999999997,5.251923076923076,CURRENT_03_CANDIDATE
ST030,ST038,3.282,9.008,2.74466788543571,CURRENT_03_CANDIDATE
ST030,ST039,3.38,9.106,2.6940828402366863,CURRENT_03_CANDIDATE
ST030,ST040,1.629,7.958,4.885205647636587,CURRENT_03_CANDIDATE
ST030,ST041,5.759,10.796,1.874631012328529,CURRENT_03_CANDIDATE
ST030,ST042,2.893,7.439,2.5713791911510544,CURRENT_03_CANDIDATE
ST030,ST043,7.435,24.169999999999998,3.2508406186953596,CURRENT_03_CANDIDATE
ST030,ST044,8.169,24.903999999999996,3.0485983596523436,CURRENT_03_CANDIDATE
ST030,ST045,6.936,23.499,3.387975778546713,CURRENT_03_CANDIDATE
ST030,ST046,6.526,14.087,2.1585963836959854,CURRENT_03_CANDIDATE
ST030,ST047,9.219,17.842,1.9353509057381495,CURRENT_03_CANDIDATE
ST030,ST048,6.776,27.272,4.024793388429752,CURRENT_03_CANDIDATE
ST030,ST049,14.396,24.625999999999998,1.7106140594609611,CURRENT_03_CANDIDATE
ST030,ST050,8.49,18.601,2.1909305064782094,CURRENT_03_CANDIDATE
ST030,ST051,4.0809999999999995,13.375,3.277382994364127,CURRENT_03_CANDIDATE
ST030,ST052,0.791,9.05,11.441213653603034,CURRENT_03_CANDIDATE
ST030,ST053,12.664,21.921,1.730969677826911,CURRENT_03_CANDIDATE
ST030,ST054,5.439,13.0,2.3901452472881046,CURRENT_03_CANDIDATE
ST030,ST055,14.224,24.119,1.6956552305961754,CURRENT_03_CANDIDATE
ST031,ST032,7.813,14.193999999999999,1.8167157301932675,CURRENT_03_CANDIDATE
ST031,ST033,7.673,16.275,2.121073895477649,CURRENT_03_CANDIDATE
ST031,ST034,6.03,24.168,4.007960199004975,CURRENT_03_CANDIDATE
ST031,ST035,5.677,23.814999999999998,4.19499735775938,CURRENT_03_CANDIDATE
ST031,ST036,6.321,23.913999999999998,3.7832621420661288,CURRENT_03_CANDIDATE
ST031,ST037,6.771,22.651999999999997,3.3454438044601975,CURRENT_03_CANDIDATE
ST031,ST038,5.844,20.232999999999997,3.462183436002737,CURRENT_03_CANDIDATE
ST031,ST039,5.5440000000000005,20.330999999999996,3.6672077922077913,CURRENT_03_CANDIDATE
ST031,ST040,2.402,12.837,5.344296419650291,CURRENT_03_CANDIDATE
ST031,ST041,7.632000000000001,22.020999999999997,2.885351153039832,CURRENT_03_CANDIDATE
ST031,ST042,4.275,18.663999999999998,4.365847953216373,CURRENT_03_CANDIDATE
ST031,ST043,5.351,17.288999999999998,3.2309848626424964,CURRENT_03_CANDIDATE
ST031,ST044,6.085,17.872999999999998,2.9372226787181592,CURRENT_03_CANDIDATE
ST031,ST045,4.879,17.284999999999997,3.5427341668374663,CURRENT_03_CANDIDATE
ST031,ST046,5.3629999999999995,8.882,1.6561625955621855,CURRENT_03_CANDIDATE
ST031,ST047,6.614,12.637,1.9106440882975508,CURRENT_03_CANDIDATE
ST031,ST048,4.692,19.883,4.237638533674339,CURRENT_03_CANDIDATE
ST031,ST049,11.681000000000001,18.692999999999998,1.600291070969951,CURRENT_03_CANDIDATE
ST031,ST050,6.08,10.62,1.7467105263157894,CURRENT_03_CANDIDATE
ST031,ST051,6.074,18.253999999999998,3.005268356931182,CURRENT_03_CANDIDATE
ST031,ST052,2.69,20.275,7.537174721189591,CURRENT_03_CANDIDATE
ST031,ST053,9.667,15.706999999999997,1.624806041170994,CURRENT_03_CANDIDATE
ST031,ST054,4.873,7.795,1.5996306176893083,CURRENT_03_CANDIDATE
ST031,ST055,11.226,17.904999999999998,1.594958132905754,CURRENT_03_CANDIDATE
ST032,ST033,2.081,2.081,1.0,CURRENT_03_CANDIDATE
ST032,ST034,9.083,9.974,1.098095342948365,CURRENT_03_CANDIDATE
ST032,ST035,8.73,9.621,1.1020618556701032,CURRENT_03_CANDIDATE
ST032,ST036,9.146,9.72,1.0627596763612508,CURRENT_03_CANDIDATE
ST032,ST037,8.458,8.458,1.0,CURRENT_03_CANDIDATE
ST032,ST038,13.179,21.613,1.6399575081569162,CURRENT_03_CANDIDATE
ST032,ST039,12.833,21.711,1.6918101768877112,CURRENT_03_CANDIDATE
ST032,ST040,10.11,14.217,1.4062314540059349,CURRENT_03_CANDIDATE
ST032,ST041,13.504999999999999,23.401,1.7327656423546836,CURRENT_03_CANDIDATE
ST032,ST042,12.014999999999999,20.044,1.6682480233042032,CURRENT_03_CANDIDATE
ST032,ST043,3.095,3.095,1.0,CURRENT_03_CANDIDATE
ST032,ST044,3.013,3.6790000000000003,1.221042150680385,CURRENT_03_CANDIDATE
ST032,ST045,3.542,3.542,1.0,CURRENT_03_CANDIDATE
ST032,ST046,6.177,10.262,1.6613242674437432,CURRENT_03_CANDIDATE
ST032,ST047,4.347,4.347,1.0,CURRENT_03_CANDIDATE
ST032,ST048,4.266,5.689,1.33356774496015,CURRENT_03_CANDIDATE
ST032,ST049,4.499,4.499,1.0,CURRENT_03_CANDIDATE
ST032,ST050,4.271,4.271,1.0,CURRENT_03_CANDIDATE
ST032,ST051,13.56,19.634,1.4479351032448378,CURRENT_03_CANDIDATE
ST032,ST052,10.503,21.655,2.0617918689898125,CURRENT_03_CANDIDATE
ST032,ST053,4.2509999999999994,5.431,1.2775817454716538,CURRENT_03_CANDIDATE
ST032,ST054,7.263999999999999,9.175,1.2630781938325992,CURRENT_03_CANDIDATE
ST032,ST055,4.731,4.871,1.0295920524202073,CURRENT_03_CANDIDATE
ST033,ST034,7.5809999999999995,7.893,1.0411555203798972,CURRENT_03_CANDIDATE
ST033,ST035,7.497,7.54,1.0057356275843672,CURRENT_03_CANDIDATE
ST033,ST036,7.0649999999999995,8.957,1.2677990092002833,CURRENT_03_CANDIDATE
ST033,ST037,6.377,6.377,1.0,CURRENT_03_CANDIDATE
ST033,ST038,11.114,23.102,2.078639553716034,CURRENT_03_CANDIDATE
ST033,ST039,11.212,23.200000000000003,2.069211559043882,CURRENT_03_CANDIDATE
ST033,ST040,9.372,15.706000000000001,1.6758429364063168,CURRENT_03_CANDIDATE
ST033,ST041,12.767,24.89,1.9495574528080208,CURRENT_03_CANDIDATE
ST033,ST042,11.361999999999998,21.533,1.8951769054743888,CURRENT_03_CANDIDATE
ST033,ST043,2.332,2.332,1.0,CURRENT_03_CANDIDATE
ST033,ST044,1.598,1.598,1.0,CURRENT_03_CANDIDATE
ST033,ST045,2.981,3.003,1.0073800738007381,CURRENT_03_CANDIDATE
ST033,ST046,7.273,11.751000000000001,1.615701911178331,CURRENT_03_CANDIDATE
ST033,ST047,5.588,5.822,1.0418754473872585,CURRENT_03_CANDIDATE
ST033,ST048,3.606,3.608,1.0005546311702718,CURRENT_03_CANDIDATE
ST033,ST049,6.473,6.473,1.0,CURRENT_03_CANDIDATE
ST033,ST050,5.79,6.352,1.09706390328152,CURRENT_03_CANDIDATE
ST033,ST051,13.406,21.123,1.5756377741309862,CURRENT_03_CANDIDATE
ST033,ST052,10.022,23.144000000000002,2.309319497106366,CURRENT_03_CANDIDATE
ST033,ST053,6.235,6.901,1.1068163592622293,CURRENT_03_CANDIDATE
ST033,ST054,8.36,10.664000000000001,1.2755980861244023,CURRENT_03_CANDIDATE
ST033,ST055,6.669,6.890000000000001,1.0331384015594542,CURRENT_03_CANDIDATE
ST034,ST035,0.462,15.433,33.404761904761905,CURRENT_03_CANDIDATE
ST034,ST036,0.834,16.85,20.203836930455637,CURRENT_03_CANDIDATE
ST034,ST037,1.204,14.27,11.852159468438538,CURRENT_03_CANDIDATE
ST034,ST038,5.716,30.994999999999997,5.422498250524842,CURRENT_03_CANDIDATE
ST034,ST039,5.814,31.092999999999996,5.347953216374268,CURRENT_03_CANDIDATE
ST034,ST040,6.322,23.598999999999997,3.732837709585574,CURRENT_03_CANDIDATE
ST034,ST041,9.239,32.783,3.548327741097521,CURRENT_03_CANDIDATE
ST034,ST042,6.53,29.426,4.506278713629403,CURRENT_03_CANDIDATE
ST034,ST043,6.443,10.225,1.586993636504734,CURRENT_03_CANDIDATE
ST034,ST044,6.398,9.491,1.4834323226008128,CURRENT_03_CANDIDATE
ST034,ST045,6.149,10.895999999999999,1.7719954464140508,CURRENT_03_CANDIDATE
ST034,ST046,6.911,19.644,2.8424251193749095,CURRENT_03_CANDIDATE
ST034,ST047,8.311,13.715,1.6502225965587776,CURRENT_03_CANDIDATE
ST034,ST048,5.962,11.501,1.929050654142905,CURRENT_03_CANDIDATE
ST034,ST049,13.582,14.366,1.0577234575173022,CURRENT_03_CANDIDATE
ST034,ST050,7.605,14.245000000000001,1.8731097961867194,CURRENT_03_CANDIDATE
ST034,ST051,7.654999999999999,29.016,3.7904637491835405,CURRENT_03_CANDIDATE
ST034,ST052,4.271,31.037,7.266916413018029,CURRENT_03_CANDIDATE
ST034,ST053,11.657,14.794,1.2691086900574762,CURRENT_03_CANDIDATE
ST034,ST054,7.997999999999999,18.557,2.320205051262816,CURRENT_03_CANDIDATE
ST034,ST055,13.216000000000001,14.783000000000001,1.118568401937046,CURRENT_03_CANDIDATE
ST035,ST036,0.644,16.497,25.616459627329192,CURRENT_03_CANDIDATE
ST035,ST037,1.12,13.917,12.425892857142856,CURRENT_03_CANDIDATE
ST035,ST038,5.28,30.642000000000003,5.803409090909091,CURRENT_03_CANDIDATE
ST035,ST039,5.378,30.740000000000002,5.715879509111194,CURRENT_03_CANDIDATE
ST035,ST040,5.886,23.246000000000002,3.9493713897383627,CURRENT_03_CANDIDATE
ST035,ST041,8.803,32.43000000000001,3.683971373395434,CURRENT_03_CANDIDATE
ST035,ST042,6.177,29.073000000000004,4.7066537153958246,CURRENT_03_CANDIDATE
ST035,ST043,6.007,9.872,1.6434160146495755,CURRENT_03_CANDIDATE
ST035,ST044,6.03,9.138,1.5154228855721392,CURRENT_03_CANDIDATE
ST035,ST045,5.796,10.543,1.819013112491373,CURRENT_03_CANDIDATE
ST035,ST046,6.475,19.291,2.9793050193050195,CURRENT_03_CANDIDATE
ST035,ST047,7.875,13.362,1.6967619047619047,CURRENT_03_CANDIDATE
ST035,ST048,5.609,11.148,1.9875200570511677,CURRENT_03_CANDIDATE
ST035,ST049,13.229,14.013,1.059263738755764,CURRENT_03_CANDIDATE
ST035,ST050,7.169,13.892,1.9377876970288743,CURRENT_03_CANDIDATE
ST035,ST051,7.218999999999999,28.663000000000004,3.970494528328024,CURRENT_03_CANDIDATE
ST035,ST052,3.835,30.684000000000005,8.001043024771839,CURRENT_03_CANDIDATE
ST035,ST053,11.304,14.440999999999999,1.2775123849964614,CURRENT_03_CANDIDATE
ST035,ST054,7.561999999999999,18.204,2.4072996561756153,CURRENT_03_CANDIDATE
ST035,ST055,12.863,14.43,1.1218222809608955,CURRENT_03_CANDIDATE
ST036,ST037,0.688,15.334,22.28779069767442,CURRENT_03_CANDIDATE
ST036,ST038,5.221,30.232999999999997,5.790653131583987,CURRENT_03_CANDIDATE
ST036,ST039,5.269,30.330999999999996,5.756500284684,CURRENT_03_CANDIDATE
ST036,ST040,6.5040000000000004,22.836999999999996,3.5112238622386216,CURRENT_03_CANDIDATE
ST036,ST041,9.421,32.021,3.398896083218342,CURRENT_03_CANDIDATE
ST036,ST042,6.573,28.663999999999998,4.360870226684923,CURRENT_03_CANDIDATE
ST036,ST043,6.146999999999999,6.625,1.0777615096795186,CURRENT_03_CANDIDATE
ST036,ST044,6.17,7.359,1.192706645056726,CURRENT_03_CANDIDATE
ST036,ST045,6.244,7.296,1.168481742472774,CURRENT_03_CANDIDATE
ST036,ST046,7.093,18.881999999999998,2.662061187085859,CURRENT_03_CANDIDATE
ST036,ST047,8.493,13.501,1.5896620746497114,CURRENT_03_CANDIDATE
ST036,ST048,6.227,12.565000000000001,2.017825598201381,CURRENT_03_CANDIDATE
ST036,ST049,13.538,14.219000000000001,1.0503028512335648,CURRENT_03_CANDIDATE
ST036,ST050,7.787,13.991,1.7967124695004495,CURRENT_03_CANDIDATE
ST036,ST051,7.837,28.253999999999998,3.6052060737527114,CURRENT_03_CANDIDATE
ST036,ST052,4.453,30.275,6.798787334381315,CURRENT_03_CANDIDATE
ST036,ST053,11.948,13.844,1.158687646468028,CURRENT_03_CANDIDATE
ST036,ST054,8.18,17.794999999999998,2.1754278728606353,CURRENT_03_CANDIDATE
ST036,ST055,13.507,14.591000000000001,1.080254682757089,CURRENT_03_CANDIDATE
ST037,ST038,4.967,29.479,5.934970807328368,CURRENT_03_CANDIDATE
ST037,ST039,5.065,29.576999999999998,5.839486673247778,CURRENT_03_CANDIDATE
ST037,ST040,6.98,22.083,3.163753581661891,CURRENT_03_CANDIDATE
ST037,ST041,9.274,31.267,3.37146862195385,CURRENT_03_CANDIDATE
ST037,ST042,6.708,27.91,4.160703637447823,CURRENT_03_CANDIDATE
ST037,ST043,5.459,8.709,1.595347133174574,CURRENT_03_CANDIDATE
ST037,ST044,5.482,7.975,1.4547610361182048,CURRENT_03_CANDIDATE
ST037,ST045,5.556,9.379999999999999,1.6882649388048954,CURRENT_03_CANDIDATE
ST037,ST046,7.569,18.128,2.395032368873035,CURRENT_03_CANDIDATE
ST037,ST047,8.163,12.199,1.4944260688472375,CURRENT_03_CANDIDATE
ST037,ST048,6.192,9.985,1.612564599483204,CURRENT_03_CANDIDATE
ST037,ST049,12.85,12.85,1.0,CURRENT_03_CANDIDATE
ST037,ST050,8.289,12.729,1.5356496561708288,CURRENT_03_CANDIDATE
ST037,ST051,7.679,27.5,3.5811954681599167,CURRENT_03_CANDIDATE
ST037,ST052,4.929,29.521,5.989247311827957,CURRENT_03_CANDIDATE
ST037,ST053,11.611,13.277999999999999,1.1435707518732234,CURRENT_03_CANDIDATE
ST037,ST054,8.656,17.041,1.9686922365988908,CURRENT_03_CANDIDATE
ST037,ST055,12.948,13.267,1.0246370095767685,CURRENT_03_CANDIDATE
ST038,ST039,1.349,8.544,6.33358042994811,CURRENT_03_CANDIDATE
ST038,ST040,4.911,7.396,1.5060069232335573,CURRENT_03_CANDIDATE
ST038,ST041,4.469,10.234,2.2899977623629444,CURRENT_03_CANDIDATE
ST038,ST042,2.385,6.877,2.8834381551362687,CURRENT_03_CANDIDATE
ST038,ST043,10.425999999999998,23.607999999999997,2.264339152119701,CURRENT_03_CANDIDATE
ST038,ST044,10.449,24.342,2.3296009187482056,CURRENT_03_CANDIDATE
ST038,ST045,10.218,22.936999999999998,2.2447641417107063,CURRENT_03_CANDIDATE
ST038,ST046,9.808,13.524999999999999,1.3789763458401303,CURRENT_03_CANDIDATE
ST038,ST047,12.458000000000002,17.279999999999998,1.387060523358484,CURRENT_03_CANDIDATE
ST038,ST048,10.058,26.709999999999997,2.655597534301054,CURRENT_03_CANDIDATE
ST038,ST049,17.525,24.063999999999997,1.3731241084165478,CURRENT_03_CANDIDATE
ST038,ST050,11.772,18.039,1.5323649337410805,CURRENT_03_CANDIDATE
ST038,ST051,3.27,12.812999999999999,3.918348623853211,CURRENT_03_CANDIDATE
ST038,ST052,3.367,8.488,2.520938520938521,CURRENT_03_CANDIDATE
ST038,ST053,15.511000000000001,21.358999999999998,1.3770227580426793,CURRENT_03_CANDIDATE
ST038,ST054,8.721,12.437999999999999,1.4262125902992775,CURRENT_03_CANDIDATE
ST038,ST055,17.07,23.557,1.380023432923257,CURRENT_03_CANDIDATE
ST039,ST040,4.905,7.494,1.5278287461773699,CURRENT_03_CANDIDATE
ST039,ST041,4.913,10.332,2.102992061876654,CURRENT_03_CANDIDATE
ST039,ST042,2.747,6.975,2.5391336002912266,CURRENT_03_CANDIDATE
ST039,ST043,9.797,23.706,2.4197203225477186,CURRENT_03_CANDIDATE
ST039,ST044,9.82,24.439999999999998,2.4887983706720975,CURRENT_03_CANDIDATE
ST039,ST045,9.894,23.035,2.3281786941580758,CURRENT_03_CANDIDATE
ST039,ST046,9.905999999999999,13.623,1.3752271350696548,CURRENT_03_CANDIDATE
ST039,ST047,12.158000000000001,17.378,1.4293469320611942,CURRENT_03_CANDIDATE
ST039,ST048,9.913,26.808,2.704327650559871,CURRENT_03_CANDIDATE
ST039,ST049,17.224999999999998,24.162,1.4027285921625545,CURRENT_03_CANDIDATE
ST039,ST050,11.624,18.137,1.5603062629043358,CURRENT_03_CANDIDATE
ST039,ST051,3.723,12.911,3.4679022293849044,CURRENT_03_CANDIDATE
ST039,ST052,2.854,8.585999999999999,3.008409250175192,CURRENT_03_CANDIDATE
ST039,ST053,15.211,21.457,1.4106238906054829,CURRENT_03_CANDIDATE
ST039,ST054,8.818999999999999,12.536,1.4214763578637035,CURRENT_03_CANDIDATE
ST039,ST055,16.77,23.655,1.4105545617173525,CURRENT_03_CANDIDATE
ST040,ST041,6.311,9.184000000000001,1.45523688797338,CURRENT_03_CANDIDATE
ST040,ST042,3.46,5.827,1.6841040462427745,CURRENT_03_CANDIDATE
ST040,ST043,7.04,16.212,2.302840909090909,CURRENT_03_CANDIDATE
ST040,ST044,7.774,16.945999999999998,2.179830203241574,CURRENT_03_CANDIDATE
ST040,ST045,6.568,15.541,2.366169305724726,CURRENT_03_CANDIDATE
ST040,ST046,6.129,6.129,1.0,CURRENT_03_CANDIDATE
ST040,ST047,8.159,9.884,1.2114229685010418,CURRENT_03_CANDIDATE
ST040,ST048,6.381,19.314,3.026798307475317,CURRENT_03_CANDIDATE
ST040,ST049,14.083,16.668,1.183554640346517,CURRENT_03_CANDIDATE
ST040,ST050,7.453,10.642999999999999,1.4280155642023344,CURRENT_03_CANDIDATE
ST040,ST051,4.881,5.417,1.1098135627945092,CURRENT_03_CANDIDATE
ST040,ST052,2.051,7.438,3.6265236470014623,CURRENT_03_CANDIDATE
ST040,ST053,11.627,13.963,1.2009116711103465,CURRENT_03_CANDIDATE
ST040,ST054,5.042,5.042,1.0,CURRENT_03_CANDIDATE
ST040,ST055,13.628,16.161,1.1858673319636044,CURRENT_03_CANDIDATE
ST041,ST042,3.357,3.357,1.0,CURRENT_03_CANDIDATE
ST041,ST043,10.435,25.396,2.4337326305701965,CURRENT_03_CANDIDATE
ST041,ST044,11.169,26.130000000000003,2.3395111469245236,CURRENT_03_CANDIDATE
ST041,ST045,9.963,24.725,2.48168222422965,CURRENT_03_CANDIDATE
ST041,ST046,9.524,15.313,1.6078328433431333,CURRENT_03_CANDIDATE
ST041,ST047,12.593,19.068,1.5141745414118957,CURRENT_03_CANDIDATE
ST041,ST048,9.776,28.498,2.915098199672668,CURRENT_03_CANDIDATE
ST041,ST049,17.81,25.852,1.4515440763615948,CURRENT_03_CANDIDATE
ST041,ST050,11.886999999999999,19.826999999999998,1.6679565912341214,CURRENT_03_CANDIDATE
ST041,ST051,2.393,14.601,6.101546176347681,CURRENT_03_CANDIDATE
ST041,ST052,4.968,10.276,2.0684380032206118,CURRENT_03_CANDIDATE
ST041,ST053,15.83,23.147000000000002,1.462223626026532,CURRENT_03_CANDIDATE
ST041,ST054,8.437,14.226,1.686144364110466,CURRENT_03_CANDIDATE
ST041,ST055,17.222,25.345000000000002,1.4716641505051677,CURRENT_03_CANDIDATE
ST042,ST043,9.03,22.038999999999998,2.440642303433001,CURRENT_03_CANDIDATE
ST042,ST044,9.764,22.772999999999996,2.33234330192544,CURRENT_03_CANDIDATE
ST042,ST045,8.531,21.368,2.5047473918649628,CURRENT_03_CANDIDATE
ST042,ST046,8.121,11.956,1.4722324836842753,CURRENT_03_CANDIDATE
ST042,ST047,10.814,15.710999999999999,1.4528389125208063,CURRENT_03_CANDIDATE
ST042,ST048,8.371,25.141,3.0033448811372594,CURRENT_03_CANDIDATE
ST042,ST049,15.956000000000001,22.494999999999997,1.4098144898470792,CURRENT_03_CANDIDATE
ST042,ST050,10.085,16.47,1.6331184928111053,CURRENT_03_CANDIDATE
ST042,ST051,2.072,11.244,5.426640926640927,CURRENT_03_CANDIDATE
ST042,ST052,2.348,6.919,2.946763202725724,CURRENT_03_CANDIDATE
ST042,ST053,13.942,19.79,1.4194520154927557,CURRENT_03_CANDIDATE
ST042,ST054,7.034,10.869,1.5452089849303383,CURRENT_03_CANDIDATE
ST042,ST055,15.501000000000001,21.988,1.4184891297335653,CURRENT_03_CANDIDATE
ST043,ST044,0.734,0.734,1.0,CURRENT_03_CANDIDATE
ST043,ST045,0.671,0.671,1.0,CURRENT_03_CANDIDATE
ST043,ST046,4.974,12.256999999999998,2.464213912344189,CURRENT_03_CANDIDATE
ST043,ST047,3.278,6.8759999999999994,2.097620500305064,CURRENT_03_CANDIDATE
ST043,ST048,1.307,5.9399999999999995,4.544758990053557,CURRENT_03_CANDIDATE
ST043,ST049,7.593999999999999,7.593999999999999,1.0,CURRENT_03_CANDIDATE
ST043,ST050,3.48,7.366,2.1166666666666667,CURRENT_03_CANDIDATE
ST043,ST051,11.102,21.628999999999998,1.948207530174743,CURRENT_03_CANDIDATE
ST043,ST052,7.723,23.65,3.0622814968276577,CURRENT_03_CANDIDATE
ST043,ST053,6.728,7.218999999999999,1.0729785969084422,CURRENT_03_CANDIDATE
ST043,ST054,6.061,11.169999999999998,1.8429302095363798,CURRENT_03_CANDIDATE
ST043,ST055,7.8260000000000005,7.966000000000001,1.0178890876565296,CURRENT_03_CANDIDATE
ST044,ST045,1.383,1.405,1.0159074475777297,CURRENT_03_CANDIDATE
ST044,ST046,5.675,12.991,2.2891629955947135,CURRENT_03_CANDIDATE
ST044,ST047,3.99,7.42,1.8596491228070173,CURRENT_03_CANDIDATE
ST044,ST048,2.008,5.206,2.5926294820717133,CURRENT_03_CANDIDATE
ST044,ST049,7.512,8.071,1.0744142705005324,CURRENT_03_CANDIDATE
ST044,ST050,4.192,7.95,1.896469465648855,CURRENT_03_CANDIDATE
ST044,ST051,11.808,22.363,1.8938855013550135,CURRENT_03_CANDIDATE
ST044,ST052,8.424,24.384,2.8945868945868947,CURRENT_03_CANDIDATE
ST044,ST053,6.997,7.952999999999999,1.1366299842789767,CURRENT_03_CANDIDATE
ST044,ST054,6.762,11.904,1.7604259094942325,CURRENT_03_CANDIDATE
ST044,ST055,7.744,8.488,1.0960743801652892,CURRENT_03_CANDIDATE
ST045,ST046,4.467,11.585999999999999,2.5936870382807253,CURRENT_03_CANDIDATE
ST045,ST047,2.631,6.205,2.3584188521474725,CURRENT_03_CANDIDATE
ST045,ST048,0.8,6.611000000000001,8.26375,CURRENT_03_CANDIDATE
ST045,ST049,7.847,8.041,1.0247228240091755,CURRENT_03_CANDIDATE
ST045,ST050,2.833,7.813,2.757853865160607,CURRENT_03_CANDIDATE
ST045,ST051,10.603000000000002,20.958,1.9766103932849188,CURRENT_03_CANDIDATE
ST045,ST052,7.23,22.979,3.1782849239280773,CURRENT_03_CANDIDATE
ST045,ST053,6.0569999999999995,6.548,1.081063232623411,CURRENT_03_CANDIDATE
ST045,ST054,5.553999999999999,10.498999999999999,1.890349297803385,CURRENT_03_CANDIDATE
ST045,ST055,7.392,8.413,1.1381222943722944,CURRENT_03_CANDIDATE
ST046,ST047,3.069,5.929,1.931899641577061,CURRENT_03_CANDIDATE
ST046,ST048,3.667,15.359000000000002,4.188437414780475,CURRENT_03_CANDIDATE
ST046,ST049,8.306,12.713000000000001,1.5305803033951364,CURRENT_03_CANDIDATE
ST046,ST050,2.363,6.688,2.830300465509945,CURRENT_03_CANDIDATE
ST046,ST051,10.12,11.546,1.1409090909090909,CURRENT_03_CANDIDATE
ST046,ST052,7.317,13.567,1.8541752084187508,CURRENT_03_CANDIDATE
ST046,ST053,6.393,10.008,1.5654622243078367,CURRENT_03_CANDIDATE
ST046,ST054,1.087,1.087,1.0,CURRENT_03_CANDIDATE
ST046,ST055,7.851,12.206,1.5547064068271557,CURRENT_03_CANDIDATE
ST047,ST048,3.431,9.43,2.7484698338676767,CURRENT_03_CANDIDATE
ST047,ST049,6.569,6.784000000000001,1.0327294869843204,CURRENT_03_CANDIDATE
ST047,ST050,0.729,7.579,10.396433470507544,CURRENT_03_CANDIDATE
ST047,ST051,11.973,15.301,1.277958740499457,CURRENT_03_CANDIDATE
ST047,ST052,9.304,17.322,1.861779879621668,CURRENT_03_CANDIDATE
ST047,ST053,3.916,4.627,1.1815628192032686,CURRENT_03_CANDIDATE
ST047,ST054,4.156,4.8420000000000005,1.1650625601539943,CURRENT_03_CANDIDATE
ST047,ST055,6.114,6.329000000000001,1.0351651946352634,CURRENT_03_CANDIDATE
ST048,ST049,8.647,10.081,1.1658378628426043,CURRENT_03_CANDIDATE
ST048,ST050,3.182,9.96,3.130106851037084,CURRENT_03_CANDIDATE
ST048,ST051,10.443,24.731,2.3681892176577612,CURRENT_03_CANDIDATE
ST048,ST052,7.059,26.752000000000002,3.7897719223686077,CURRENT_03_CANDIDATE
ST048,ST053,6.856999999999999,10.509,1.5325944290506055,CURRENT_03_CANDIDATE
ST048,ST054,4.754,14.271999999999998,3.002103491796382,CURRENT_03_CANDIDATE
ST048,ST055,8.192,10.498000000000001,1.281494140625,CURRENT_03_CANDIDATE
ST049,ST050,6.734,8.77,1.3023463023463022,CURRENT_03_CANDIDATE
ST049,ST051,17.384,22.085,1.270421076852278,CURRENT_03_CANDIDATE
ST049,ST052,14.371,24.106,1.6774058868554729,CURRENT_03_CANDIDATE
ST049,ST053,3.789,9.93,2.620744259699129,CURRENT_03_CANDIDATE
ST049,ST054,9.392999999999999,11.626000000000001,1.237730224635367,CURRENT_03_CANDIDATE
ST049,ST055,0.676,4.409,6.522189349112425,CURRENT_03_CANDIDATE
ST050,ST051,11.244,16.060000000000002,1.4283173247954466,CURRENT_03_CANDIDATE
ST050,ST052,8.77,18.081,2.0616875712656784,CURRENT_03_CANDIDATE
ST050,ST053,4.1739999999999995,7.922000000000001,1.8979396262577868,CURRENT_03_CANDIDATE
ST050,ST054,3.45,5.601,1.623478260869565,CURRENT_03_CANDIDATE
ST050,ST055,6.177,9.142,1.4800064756354216,CURRENT_03_CANDIDATE
ST051,ST052,3.384,12.855,3.798758865248227,CURRENT_03_CANDIDATE
ST051,ST053,15.136000000000001,19.38,1.2803911205073994,CURRENT_03_CANDIDATE
ST051,ST054,9.033,10.459,1.1578656038968227,CURRENT_03_CANDIDATE
ST051,ST055,16.929,21.578,1.2746175202315555,CURRENT_03_CANDIDATE
ST052,ST053,12.357,21.401,1.7318928542526504,CURRENT_03_CANDIDATE
ST052,ST054,6.23,12.48,2.003210272873194,CURRENT_03_CANDIDATE
ST052,ST055,13.916,23.599,1.6958177637252083,CURRENT_03_CANDIDATE
ST053,ST054,7.393,8.921,1.2066819964831597,CURRENT_03_CANDIDATE
ST053,ST055,3.334,7.167999999999999,2.1499700059988,CURRENT_03_CANDIDATE
ST054,ST055,8.785,11.119,1.2656801365964712,CURRENT_03_CANDIDATE
ST001,ST002,0.619,0.619,1.0,MST
ST001,ST003,6.8,11.271999999999998,1.6576470588235293,MST
ST001,ST004,3.811,6.587,1.728417738126476,MST
ST001,ST005,3.419,4.577,1.338695525007312,MST
ST001,ST006,7.161,14.754000000000001,2.0603267700041896,MST
ST001,ST007,6.545,6.606,1.009320091673033,MST
ST001,ST008,8.055,16.705000000000002,2.0738671632526384,MST
ST001,ST009,8.887,16.397000000000002,1.8450545740969957,MST
ST001,ST010,11.633,15.565000000000001,1.3380039542680309,MST
ST001,ST011,4.454,15.713999999999999,3.5280646609788953,MST
ST001,ST012,9.602,17.926000000000002,1.866902728598209,MST
ST001,ST013,9.482,18.723,1.9745834212191522,MST
ST001,ST014,10.345,19.527,1.8875785403576606,MST
ST001,ST015,11.924,24.337,2.041009728279101,MST
ST001,ST016,10.361,21.23,2.0490300164076825,MST
ST001,ST017,5.41,16.654,3.078373382624769,MST
ST001,ST018,6.58,20.639,3.136626139817629,MST
ST001,ST019,6.5889999999999995,23.256,3.5295188951282443,MST
ST001,ST020,7.875,21.277,2.70184126984127,MST
ST001,ST021,9.161000000000001,17.176,1.8749044864097801,MST
ST001,ST022,9.935,17.112,1.7223955712128836,MST
ST001,ST023,4.925,15.840999999999998,3.2164467005076136,MST
ST001,ST024,12.299999999999999,24.459,1.9885365853658539,MST
ST001,ST025,13.215,24.235,1.8339008702232311,MST
ST001,ST026,11.399000000000001,16.785,1.472497587507676,MST
ST001,ST027,11.022,23.345,2.1180366539647975,MST
ST001,ST028,11.775,19.299,1.638980891719745,MST
ST001,ST029,8.007,11.284,1.409266891469964,MST
ST001,ST030,5.974,16.069000000000003,2.6898225644459326,MST
ST001,ST031,4.665,4.726,1.0130760986066452,MST
ST001,ST032,9.175,14.217999999999998,1.5496457765667573,MST
ST001,ST033,9.479,16.299,1.7194851777613673,MST
ST001,ST034,8.216000000000001,24.192,2.944498539435248,MST
ST001,ST035,7.8629999999999995,23.839,3.031794480478189,MST
ST001,ST036,8.507,25.858,3.039614435171036,MST
ST001,ST037,8.983,22.676,2.5243237225871087,MST
ST001,ST038,9.128,15.507000000000001,1.6988387379491676,MST
ST001,ST039,8.889,15.605,1.7555405557430535,MST
ST001,ST040,5.747,8.111,1.411345049591091,MST
ST001,ST041,10.347999999999999,17.295,1.6713374565133363,MST
ST001,ST042,7.559,13.938,1.8438946950654849,MST
ST001,ST043,7.173,19.233,2.6813048933500627,MST
ST001,ST044,7.885,17.897,2.2697526949904883,MST
ST001,ST045,6.502,19.904,3.061211934789296,MST
ST001,ST046,2.998,4.156,1.3862575050033354,MST
ST001,ST047,5.936999999999999,13.413999999999998,2.2593902644433213,MST
ST001,ST048,6.497999999999999,19.907,3.063558017851647,MST
ST001,ST049,11.303999999999998,18.717,1.6557855626326965,MST
ST001,ST050,5.361000000000001,16.709,3.116769259466517,MST
ST001,ST051,8.36,13.528,1.6181818181818184,MST
ST001,ST052,6.035,15.549,2.576470588235294,MST
ST001,ST053,9.285,13.756999999999998,1.4816370490037694,MST
ST001,ST054,1.911,3.069,1.6059654631083202,MST
ST001,ST055,10.682,19.089,1.7870249017038007,MST
ST002,ST003,6.181,11.890999999999998,1.9237987380682735,MST
ST002,ST004,3.192,7.2059999999999995,2.257518796992481,MST
ST002,ST005,2.8,5.196,1.8557142857142856,MST
ST002,ST006,6.542,15.373000000000001,2.3498929990828494,MST
ST002,ST007,5.926,7.225,1.2192035099561254,MST
ST002,ST008,7.436,17.324,2.3297471759010224,MST
ST002,ST009,8.268,17.016000000000002,2.058055152394775,MST
ST002,ST010,11.014,16.184,1.4694025785364084,MST
ST002,ST011,3.835,16.333,4.258930899608865,MST
ST002,ST012,8.983,18.545,2.064455081821218,MST
ST002,ST013,8.913,19.342,2.170088634578705,MST
ST002,ST014,9.776,20.146,2.0607610474631755,MST
ST002,ST015,11.305,24.956,2.207518796992481,MST
ST002,ST016,9.742,21.849,2.2427632929583248,MST
ST002,ST017,4.791,17.273,3.605301607180129,MST
ST002,ST018,5.961,21.258,3.566180171112229,MST
ST002,ST019,5.97,23.875,3.999162479061977,MST
ST002,ST020,7.256,21.896,3.0176405733186327,MST
ST002,ST021,8.542,17.794999999999998,2.0832357761648326,MST
ST002,ST022,9.315999999999999,17.730999999999998,1.9032846715328466,MST
ST002,ST023,4.306,16.459999999999997,3.822573153738968,MST
ST002,ST024,11.681,25.078,2.1469052307165484,MST
ST002,ST025,12.596,24.854,1.9731660844712606,MST
ST002,ST026,10.780000000000001,17.404,1.6144712430426715,MST
ST002,ST027,10.403,23.964,2.3035662789579927,MST
ST002,ST028,11.156,19.918,1.7854069558981713,MST
ST002,ST029,8.350999999999999,11.903,1.4253382828403787,MST
ST002,ST030,5.355,16.688000000000002,3.116339869281046,MST
ST002,ST031,4.046,5.345,1.3210578348986652,MST
ST002,ST032,8.556,14.836999999999998,1.734104721832632,MST
ST002,ST033,8.86,16.918,1.9094808126410836,MST
ST002,ST034,7.597,24.811,3.265894432012636,MST
ST002,ST035,7.244,24.458,3.3763114301490886,MST
ST002,ST036,7.888,26.477,3.356617647058824,MST
ST002,ST037,8.364,23.294999999999998,2.785150645624103,MST
ST002,ST038,8.509,16.126,1.8951698201903868,MST
ST002,ST039,8.284,16.224,1.9584741670690486,MST
ST002,ST040,5.178,8.73,1.685979142526072,MST
ST002,ST041,9.729,17.914,1.8412992085517528,MST
ST002,ST042,6.94,14.557,2.097550432276657,MST
ST002,ST043,6.554,19.852,3.028989929813854,MST
ST002,ST044,7.266,18.516,2.548307184145334,MST
ST002,ST045,5.883,20.523,3.4885262621111677,MST
ST002,ST046,2.379,4.7749999999999995,2.0071458596048757,MST
ST002,ST047,5.318,14.032999999999998,2.6387739751786383,MST
ST002,ST048,5.879,20.526,3.4914101037591427,MST
ST002,ST049,10.684999999999999,19.336,1.8096396817969116,MST
ST002,ST050,4.742,17.328,3.654154365246731,MST
ST002,ST051,7.741,14.147,1.827541661284072,MST
ST002,ST052,5.430000000000001,16.168,2.9775322283609573,MST
ST002,ST053,8.666,14.375999999999998,1.6588968382183242,MST
ST002,ST054,1.292,3.6879999999999997,2.854489164086687,MST
ST002,ST055,10.063,19.708,1.9584616913445292,MST
ST003,ST004,4.263,4.685,1.0989913206661974,MST
ST003,ST005,4.21,9.710999999999999,2.306650831353919,MST
ST003,ST006,12.193999999999999,19.887999999999998,1.6309660488764965,MST
ST003,ST007,11.892,17.878,1.503363605785402,MST
ST003,ST008,13.004999999999999,21.839,1.6792772010765091,MST
ST003,ST009,13.838,21.531,1.5559329382858795,MST
ST003,ST010,16.573999999999998,20.698999999999998,1.248883793894051,MST
ST003,ST011,3.1750000000000003,4.442,1.3990551181102362,MST
ST003,ST012,14.213,23.06,1.622458312812214,MST
ST003,ST013,14.001,23.856999999999996,1.7039497178772942,MST
ST003,ST014,15.514999999999999,24.660999999999998,1.5894940380277152,MST
ST003,ST015,17.486,29.470999999999997,1.6854054672309273,MST
ST003,ST016,15.472000000000001,26.363999999999997,1.7039813857290587,MST
ST003,ST017,10.538,21.788,2.06756500284684,MST
ST003,ST018,4.966,9.367,1.8862263391059204,MST
ST003,ST019,4.507,11.983999999999998,2.6589749278899486,MST
ST003,ST020,4.917999999999999,10.004999999999999,2.0343635624237497,MST
ST003,ST021,2.859,5.904,2.0650577124868836,MST
ST003,ST022,3.668,5.84,1.5921483097055615,MST
ST003,ST023,4.569,4.569,1.0,MST
ST003,ST024,17.862000000000002,29.592999999999996,1.6567573619975362,MST
ST003,ST025,17.835,29.368999999999996,1.6467059153350152,MST
ST003,ST026,15.939,21.918999999999997,1.375180375180375,MST
ST003,ST027,15.562,28.479,1.8300346999100372,MST
ST003,ST028,16.302,24.433,1.4987731566678935,MST
ST003,ST029,12.806000000000001,16.418,1.2820552865844135,MST
ST003,ST030,10.67,21.203,1.9871602624179943,MST
ST003,ST031,8.26,15.997999999999998,1.9368038740920095,MST
ST003,ST032,2.946,2.946,1.0,MST
ST003,ST033,4.416,5.027,1.1383605072463767,MST
ST003,ST034,9.663,12.92,1.3370588844044293,MST
ST003,ST035,9.31,12.567,1.3498388829215897,MST
ST003,ST036,9.954,14.586,1.4653405666063892,MST
ST003,ST037,9.617,11.404,1.1858167827804929,MST
ST003,ST038,13.952,20.641,1.479429472477064,MST
ST003,ST039,13.803999999999998,20.738999999999997,1.5023906114169805,MST
ST003,ST040,9.633000000000001,13.245,1.3749610713173464,MST
ST003,ST041,14.026,22.429,1.5991016683302437,MST
ST003,ST042,12.265,19.072,1.554993885038728,MST
ST003,ST043,4.734,7.961,1.6816645542881286,MST
ST003,ST044,4.512,6.625,1.4683067375886527,MST
ST003,ST045,4.063,8.632,2.124538518336205,MST
ST003,ST046,4.543,9.29,2.0449042482940785,MST
ST003,ST047,2.142,2.142,1.0,MST
ST003,ST048,4.8629999999999995,8.635,1.7756528891630683,MST
ST003,ST049,5.138,7.445,1.449007395873881,MST
ST003,ST050,2.18,5.437,2.494036697247706,MST
ST003,ST051,13.376000000000001,18.662,1.3951854066985645,MST
ST003,ST052,10.95,20.683,1.8888584474885846,MST
ST003,ST053,2.485,2.485,1.0,MST
ST003,ST054,5.63,8.203,1.4570159857904084,MST
ST003,ST055,4.683,7.817,1.6692291266282298,MST
ST004,ST005,1.874,5.026,2.6819637139807897,MST
ST004,ST006,8.466,15.203,1.7957713205764234,MST
ST004,ST007,7.85,13.193,1.6806369426751593,MST
ST004,ST008,8.741999999999999,17.154,1.962251201098147,MST
ST004,ST009,9.575,16.846,1.7593733681462143,MST
ST004,ST010,12.311,16.014,1.3007879132483144,MST
ST004,ST011,2.231,9.126999999999999,4.090990587180636,MST
ST004,ST012,9.95,18.375,1.8467336683417086,MST
ST004,ST013,10.767,19.171999999999997,1.7806259868115537,MST
ST004,ST014,11.329999999999998,19.976,1.763106796116505,MST
ST004,ST015,14.497,24.785999999999998,1.7097330482168722,MST
ST004,ST016,11.55,21.679,1.8769696969696967,MST
ST004,ST017,6.764,17.102999999999998,2.5285334121821403,MST
ST004,ST018,3.3680000000000003,14.052000000000001,4.172209026128266,MST
ST004,ST019,2.926,16.669,5.696855775803144,MST
ST004,ST020,4.663,14.69,3.150332404031739,MST
ST004,ST021,5.883,10.589,1.7999320074791774,MST
ST004,ST022,6.657,10.525,1.5810425116418807,MST
ST004,ST023,1.713,9.254,5.402218330414477,MST
ST004,ST024,14.235,24.907999999999998,1.7497716894977169,MST
ST004,ST025,13.669,24.683999999999997,1.8058380276538148,MST
ST004,ST026,11.747,17.233999999999998,1.4670979824636077,MST
ST004,ST027,11.37,23.793999999999997,2.0927000879507474,MST
ST004,ST028,13.012,19.747999999999998,1.5176759913925604,MST
ST004,ST029,9.373999999999999,11.732999999999999,1.2516535097077022,MST
ST004,ST030,7.077,16.518,2.334039847392963,MST
ST004,ST031,3.997,11.312999999999999,2.8303727795846885,MST
ST004,ST032,5.657,7.631,1.3489482057627717,MST
ST004,ST033,6.271,9.712,1.5487163131876893,MST
ST004,ST034,5.987,17.605,2.9405378319692668,MST
ST004,ST035,5.634,17.252,3.0621228257011,MST
ST004,ST036,6.252,19.271,3.082373640435061,MST
ST004,ST037,6.728,16.089,2.391349583828775,MST
ST004,ST038,9.841000000000001,15.956,1.6213799410629,MST
ST004,ST039,9.541,16.054,1.6826328477098835,MST
ST004,ST040,6.399,8.559999999999999,1.3377090170339114,MST
ST004,ST041,10.89,17.744,1.6293847566574837,MST
ST004,ST042,8.272,14.386999999999999,1.73924081237911,MST
ST004,ST043,3.945,12.646,3.2055766793409384,MST
ST004,ST044,4.673,11.31,2.420286753691419,MST
ST004,ST045,3.29,13.317,4.047720364741641,MST
ST004,ST046,1.366,4.6049999999999995,3.3711566617862365,MST
ST004,ST047,2.617,6.827,2.6087122659533817,MST
ST004,ST048,3.286,13.32,4.0535605599513085,MST
ST004,ST049,7.854,12.129999999999999,1.544435956200662,MST
ST004,ST050,2.083,10.121999999999998,4.859337493999038,MST
ST004,ST051,10.071,13.976999999999999,1.387846291331546,MST
ST004,ST052,6.686999999999999,15.997999999999998,2.3924031703304918,MST
ST004,ST053,6.257,7.17,1.1459165734377497,MST
ST004,ST054,2.4530000000000003,3.518,1.4341622503057478,MST
ST004,ST055,7.399,12.502,1.6896877956480607,MST
ST005,ST006,8.471,13.193,1.557431235981584,MST
ST005,ST007,8.514,11.183,1.3134836739487903,MST
ST005,ST008,9.522,15.144,1.5904221802142406,MST
ST005,ST009,10.355,14.835999999999999,1.4327378078223079,MST
ST005,ST010,12.924,14.004,1.083565459610028,MST
ST005,ST011,1.035,14.152999999999999,13.6743961352657,MST
ST005,ST012,10.931000000000001,16.365,1.4971182874393922,MST
ST005,ST013,10.277999999999999,17.162,1.6697801128624248,MST
ST005,ST014,11.593,17.966,1.5497282843094973,MST
ST005,ST015,14.105,22.775999999999996,1.6147465437788016,MST
ST005,ST016,11.420000000000002,19.668999999999997,1.722329246935201,MST
ST005,ST017,7.16,15.093,2.1079608938547487,MST
ST005,ST018,4.208,19.077999999999996,4.533745247148288,MST
ST005,ST019,4.217,21.694999999999997,5.144652596632677,MST
ST005,ST020,5.8870000000000005,19.715999999999998,3.349074231357227,MST
ST005,ST021,5.83,15.614999999999998,2.678387650085763,MST
ST005,ST022,6.603999999999999,15.550999999999998,2.3547849788007267,MST
ST005,ST023,2.553,14.279999999999998,5.593419506462984,MST
ST005,ST024,14.481,22.897999999999996,1.5812443891996406,MST
ST005,ST025,14.257,22.673999999999996,1.590376657080732,MST
ST005,ST026,12.216,15.224,1.246234446627374,MST
ST005,ST027,11.838999999999999,21.784,1.840020271982431,MST
ST005,ST028,12.879999999999999,17.738,1.3771739130434784,MST
ST005,ST029,9.242,9.722999999999999,1.0520450119021854,MST
ST005,ST030,6.947,14.508,2.0883834748812435,MST
ST005,ST031,4.886,9.303,1.9040114613180517,MST
ST005,ST032,6.2940000000000005,12.656999999999998,2.010962821734985,MST
ST005,ST033,7.767,14.737999999999998,1.8975151281060896,MST
ST005,ST034,6.876,22.630999999999997,3.2913030831878993,MST
ST005,ST035,6.523,22.278,3.4152997087229804,MST
ST005,ST036,7.141,24.296999999999997,3.4024646408066093,MST
ST005,ST037,7.617,21.115,2.7720887488512536,MST
ST005,ST038,10.229,13.945999999999998,1.3633786293870367,MST
ST005,ST039,10.327,14.043999999999999,1.3599302798489397,MST
ST005,ST040,6.55,6.55,1.0,MST
ST005,ST041,9.945,15.733999999999998,1.5821015585721465,MST
ST005,ST042,8.542,12.376999999999999,1.448958089440412,MST
ST005,ST043,5.481999999999999,17.671999999999997,3.2236410069317767,MST
ST005,ST044,6.181,16.336,2.642938035916518,MST
ST005,ST045,4.8629999999999995,18.342999999999996,3.771951470285831,MST
ST005,ST046,0.508,2.5949999999999998,5.108267716535432,MST
ST005,ST047,2.676,11.852999999999998,4.429372197309416,MST
ST005,ST048,4.175,18.345999999999997,4.394251497005987,MST
ST005,ST049,8.764,17.156,1.957553628480146,MST
ST005,ST050,2.03,15.147999999999998,7.462068965517241,MST
ST005,ST051,10.541,11.966999999999999,1.135281282610758,MST
ST005,ST052,7.5760000000000005,13.988,1.8463569165786693,MST
ST005,ST053,5.885,12.195999999999998,2.0723874256584534,MST
ST005,ST054,1.508,1.508,1.0,MST
ST005,ST055,8.206999999999999,17.528,2.1357377848178385,MST
ST006,ST007,0.616,21.36,34.675324675324674,MST
ST006,ST008,1.951,1.951,1.0,MST
ST006,ST009,2.599,8.583,3.3024240092343207,MST
ST006,ST010,8.397,14.097000000000001,1.678813862093605,MST
ST006,ST011,9.333,24.33,2.6068788171006103,MST
ST006,ST012,8.139,16.458000000000002,2.02211573903428,MST
ST006,ST013,8.849,17.255000000000003,1.9499378460843035,MST
ST006,ST014,9.518999999999998,18.059,1.89715306229646,MST
ST006,ST015,6.311,16.523000000000003,2.618127079702108,MST
ST006,ST016,4.19,13.416000000000002,3.201909307875895,MST
ST006,ST017,1.97,8.84,4.4873096446700504,MST
ST006,ST018,8.359,29.255,3.499820552697691,MST
ST006,ST019,8.03,31.872,3.9691158156911586,MST
ST006,ST020,9.694,29.893,3.0836599958737363,MST
ST006,ST021,13.761999999999999,25.791999999999998,1.874146199680279,MST
ST006,ST022,13.718,25.728,1.8754920542353113,MST
ST006,ST023,8.08,24.456999999999997,3.026856435643564,MST
ST006,ST024,6.687,16.645000000000003,2.489158067892927,MST
ST006,ST025,6.309,16.421000000000003,2.602789665557141,MST
ST006,ST026,8.185,15.317000000000002,1.8713500305436777,MST
ST006,ST027,8.014,21.877000000000002,2.7298477664087852,MST
ST006,ST028,7.615,17.831000000000003,2.341562705187131,MST
ST006,ST029,3.2479999999999998,3.47,1.0683497536945814,MST
ST006,ST030,2.299,8.255,3.5906916050456723,MST
ST006,ST031,4.468999999999999,19.48,4.35891698366525,MST
ST006,ST032,11.421,22.834,1.999299535942562,MST
ST006,ST033,11.281,24.915,2.2085807995745057,MST
ST006,ST034,5.936,32.808,5.526954177897574,MST
ST006,ST035,5.582999999999999,32.455,5.813182876589647,MST
ST006,ST036,6.226999999999999,34.474000000000004,5.536213264814519,MST
ST006,ST037,6.702999999999999,31.291999999999998,4.668357451887215,MST
ST006,ST038,2.199,7.693,3.4984083674397453,MST
ST006,ST039,2.245,7.791,3.4703786191536747,MST
ST006,ST040,3.134,6.643000000000001,2.1196553924696877,MST
ST006,ST041,3.951,9.481000000000002,2.399645659326753,MST
ST006,ST042,0.594,6.1240000000000006,10.309764309764311,MST
ST006,ST043,8.959,27.849,3.1084942515905793,MST
ST006,ST044,9.693,26.512999999999998,2.735272877334159,MST
ST006,ST045,8.46,28.52,3.371158392434988,MST
ST006,ST046,8.05,12.772,1.586583850931677,MST
ST006,ST047,10.742999999999999,22.029999999999998,2.0506376244996742,MST
ST006,ST048,8.3,28.523,3.4365060240963854,MST
ST006,ST049,15.919999999999998,27.333,1.7168969849246232,MST
ST006,ST050,10.014,25.325,2.528959456760535,MST
ST006,ST051,2.665,12.06,4.525328330206379,MST
ST006,ST052,1.779,7.734999999999999,4.347948285553682,MST
ST006,ST053,14.136,22.372999999999998,1.582696661007357,MST
ST006,ST054,6.963,11.685,1.6781559672554933,MST
ST006,ST055,15.695,27.705000000000002,1.7652118509079326,MST
ST007,ST008,2.567,23.311,9.081028437865212,MST
ST007,ST009,3.2150000000000003,23.003,7.154898911353032,MST
ST007,ST010,9.013,22.171,2.4598912681682013,MST
ST007,ST011,8.717,22.32,2.560513938281519,MST
ST007,ST012,8.754999999999999,24.532,2.8020559680182755,MST
ST007,ST013,9.465,25.328999999999997,2.6760697305863705,MST
ST007,ST014,10.134999999999998,26.133,2.5784903798717322,MST
ST007,ST015,6.924,30.942999999999998,4.46894858463316,MST
ST007,ST016,4.806,27.836,5.791926758218892,MST
ST007,ST017,1.354,23.26,17.178729689807977,MST
ST007,ST018,7.798,27.245,3.493844575532188,MST
ST007,ST019,8.073,29.862000000000002,3.698996655518395,MST
ST007,ST020,9.545000000000002,27.883000000000003,2.9212152959664746,MST
ST007,ST021,13.145999999999999,23.782,1.809067396926822,MST
ST007,ST022,13.102,23.718000000000004,1.8102579758815451,MST
ST007,ST023,7.584,22.447,2.9597837552742616,MST
ST007,ST024,7.300000000000001,31.064999999999998,4.255479452054794,MST
ST007,ST025,6.925,30.840999999999998,4.453574007220216,MST
ST007,ST026,8.801,23.391,2.6577661629360296,MST
ST007,ST027,8.629999999999999,29.951,3.470567786790267,MST
ST007,ST028,8.231,25.905,3.1472482079941684,MST
ST007,ST029,3.864,17.89,4.629917184265011,MST
ST007,ST030,1.683,22.675,13.472964943553178,MST
ST007,ST031,3.8529999999999998,11.332,2.941084868933299,MST
ST007,ST032,11.463999999999999,20.824,1.816468946266574,MST
ST007,ST033,11.185,22.905,2.0478319177469824,MST
ST007,ST034,5.32,30.798000000000002,5.789097744360903,MST
ST007,ST035,4.967,30.445,6.129454399033622,MST
ST007,ST036,5.611,32.464,5.785777936196756,MST
ST007,ST037,6.087,29.282,4.810579924429112,MST
ST007,ST038,2.815,22.113,7.855417406749556,MST
ST007,ST039,2.861,22.211,7.763369451240824,MST
ST007,ST040,3.004,14.717,4.8991344873502,MST
ST007,ST041,4.567,23.901,5.233413619443836,MST
ST007,ST042,1.21,20.544,16.978512396694217,MST
ST007,ST043,8.886,25.839000000000002,2.907832545577313,MST
ST007,ST044,9.587,24.503,2.555856889537916,MST
ST007,ST045,8.393,26.51,3.1585845347313235,MST
ST007,ST046,8.093,10.762,1.329791177560855,MST
ST007,ST047,10.358,20.02,1.9328055609190962,MST
ST007,ST048,8.222,26.513,3.2246412065190957,MST
ST007,ST049,15.534,25.323,1.6301660872923909,MST
ST007,ST050,9.712,23.315,2.4006383855024716,MST
ST007,ST051,3.281,20.134,6.136543736665651,MST
ST007,ST052,1.163,22.155,19.04987102321582,MST
ST007,ST053,13.52,20.363,1.5061390532544379,MST
ST007,ST054,7.006,9.675,1.3809591778475594,MST
ST007,ST055,15.079,25.695000000000004,1.7040254658797005,MST
ST008,ST009,1.712,10.534,6.153037383177571,MST
ST008,ST010,9.519,16.048000000000002,1.6858913751444482,MST
ST008,ST011,9.982,26.281,2.632839110398718,MST
ST008,ST012,9.058,18.409000000000002,2.0323470964892913,MST
ST008,ST013,9.875,19.206,1.9449113924050632,MST
ST008,ST014,10.437999999999999,20.01,1.9170339145430162,MST
ST008,ST015,6.807,18.474,2.7139709122961655,MST
ST008,ST016,5.244,15.366999999999999,2.9303966437833715,MST
ST008,ST017,2.645,10.791,4.079773156899811,MST
ST008,ST018,8.593,31.206,3.6315605725590596,MST
ST008,ST019,9.07,33.823,3.729106945975744,MST
ST008,ST020,10.251000000000001,31.844,3.1064286411081845,MST
ST008,ST021,14.038,27.743,1.9762786721755234,MST
ST008,ST022,13.994,27.679000000000002,1.9779191081892242,MST
ST008,ST023,8.475999999999999,26.407999999999998,3.115620575743275,MST
ST008,ST024,7.183000000000001,18.596,2.588890435751079,MST
ST008,ST025,7.469,18.372,2.4597670370866247,MST
ST008,ST026,9.104,17.268,1.896748681898067,MST
ST008,ST027,8.933,23.828000000000003,2.667412963170268,MST
ST008,ST028,8.534,19.782000000000004,2.3180220295289433,MST
ST008,ST029,4.389,5.421,1.2351332877648666,MST
ST008,ST030,2.575,10.206,3.9634951456310676,MST
ST008,ST031,4.745,21.431,4.51654373024236,MST
ST008,ST032,12.461,24.785,1.9890056977770645,MST
ST008,ST033,10.699,26.866,2.5110758014767733,MST
ST008,ST034,5.212,34.759,6.6690330007674605,MST
ST008,ST035,4.859,34.406,7.080880839678946,MST
ST008,ST036,4.468,36.425,8.152417188898836,MST
ST008,ST037,4.944,33.243,6.723907766990291,MST
ST008,ST038,1.312,9.644,7.350609756097561,MST
ST008,ST039,1.41,9.742,6.909219858156029,MST
ST008,ST040,4.106,8.594000000000001,2.093034583536289,MST
ST008,ST041,5.243,11.431999999999999,2.1804310509250424,MST
ST008,ST042,2.105,8.075,3.8361045130641327,MST
ST008,ST043,9.778,29.8,3.0476580077725504,MST
ST008,ST044,9.845,28.464,2.8912138141188417,MST
ST008,ST045,9.285,30.471,3.2817447495961227,MST
ST008,ST046,9.100999999999999,14.723,1.6177343149104497,MST
ST008,ST047,11.359000000000002,23.980999999999998,2.111189365261026,MST
ST008,ST048,9.114,30.474,3.343647136273864,MST
ST008,ST049,16.426,29.284,1.7827833921831244,MST
ST008,ST050,10.825000000000001,27.276,2.519722863741339,MST
ST008,ST051,3.584,14.011000000000001,3.9093191964285716,MST
ST008,ST052,2.055,9.686,4.71338199513382,MST
ST008,ST053,14.412,24.323999999999998,1.687760199833472,MST
ST008,ST054,8.014,13.636000000000001,1.701522335912154,MST
ST008,ST055,15.971,29.656000000000002,1.856865568843529,MST
ST009,ST010,9.691,15.739999999999998,1.6241873903621915,MST
ST009,ST011,10.815,25.973,2.401571890892279,MST
ST009,ST012,9.23,18.101,1.9611050920910074,MST
ST009,ST013,9.533,18.897999999999996,1.9823770061890273,MST
ST009,ST014,10.61,19.701999999999998,1.8569274269557021,MST
ST009,ST015,5.902,18.166,3.0779396814639104,MST
ST009,ST016,4.339,15.059,3.4706153491587917,MST
ST009,ST017,3.477,10.483,3.014955421340236,MST
ST009,ST018,9.523,30.898,3.244565788091988,MST
ST009,ST019,10.0,33.515,3.3515,MST
ST009,ST020,10.26,31.536,3.073684210526316,MST
ST009,ST021,14.870999999999999,27.435,1.8448658462779908,MST
ST009,ST022,14.827,27.371000000000002,1.846024145140622,MST
ST009,ST023,9.309,26.099999999999998,2.803738317757009,MST
ST009,ST024,6.2780000000000005,18.288,2.913029627269831,MST
ST009,ST025,6.963,18.064,2.5942840729570587,MST
ST009,ST026,9.276,16.959999999999997,1.8283742992669252,MST
ST009,ST027,9.105,23.519999999999996,2.5831960461285,MST
ST009,ST028,7.906,19.473999999999997,2.4631925120161897,MST
ST009,ST029,4.562,5.1129999999999995,1.120780359491451,MST
ST009,ST030,3.408,9.898,2.904342723004695,MST
ST009,ST031,5.577999999999999,21.122999999999998,3.786841161706705,MST
ST009,ST032,12.789,24.477,1.9139103917429041,MST
ST009,ST033,10.708,26.558,2.480201718341427,MST
ST009,ST034,5.311,34.451,6.486725663716815,MST
ST009,ST035,5.085,34.098,6.705604719764012,MST
ST009,ST036,4.477,36.117000000000004,8.067232521777976,MST
ST009,ST037,4.953,32.935,6.649505350292752,MST
ST009,ST038,0.744,9.335999999999999,12.548387096774192,MST
ST009,ST039,0.792,0.792,1.0,MST
ST009,ST040,4.939,8.286,1.6776675440372544,MST
ST009,ST041,4.947,11.123999999999999,2.248635536688902,MST
ST009,ST042,2.781,7.7669999999999995,2.792880258899676,MST
ST009,ST043,9.831,29.492,2.9998982809480217,MST
ST009,ST044,9.854,28.156,2.8573168256545567,MST
ST009,ST045,9.928,30.163,3.0381748589846898,MST
ST009,ST046,9.934,14.415,1.4510771089188645,MST
ST009,ST047,12.192,23.673,1.9416830708661417,MST
ST009,ST048,9.947,30.166,3.0326731677892833,MST
ST009,ST049,17.181,28.976,1.686514172632559,MST
ST009,ST050,11.658,26.968,2.3132612798078576,MST
ST009,ST051,3.757,13.703,3.6473249933457543,MST
ST009,ST052,2.888,9.378,3.247229916897507,MST
ST009,ST053,15.245,24.016,1.5753361757953428,MST
ST009,ST054,8.847,13.328,1.5064993783203346,MST
ST009,ST055,16.804,29.348000000000003,1.7464889312068559,MST
ST010,ST011,13.551,25.141,1.855287432661796,MST
ST010,ST012,2.361,2.361,1.0,MST
ST010,ST013,2.646,3.158,1.1934996220710508,MST
ST010,ST014,1.525,3.9619999999999997,2.5980327868852457,MST
ST010,ST015,11.921,23.679999999999996,1.9864105360288564,MST
ST010,ST016,9.129999999999999,20.572999999999997,2.253340635268346,MST
ST010,ST017,9.126000000000001,15.997,1.7529037913653296,MST
ST010,ST018,13.603,30.066,2.2102477394692346,MST
ST010,ST019,14.08,32.683,2.3212357954545455,MST
ST010,ST020,15.286,30.704,2.0086353526102316,MST
ST010,ST021,18.194,26.602999999999998,1.4621853358249972,MST
ST010,ST022,18.907,26.539,1.4036600200983764,MST
ST010,ST023,13.389,25.267999999999997,1.8872208529389796,MST
ST010,ST024,11.545,23.801999999999996,2.0616717193590297,MST
ST010,ST025,10.313,23.577999999999996,2.2862406671191695,MST
ST010,ST026,1.22,1.22,1.0,MST
ST010,ST027,1.085,7.78,7.170506912442397,MST
ST010,ST028,3.734,3.734,1.0,MST
ST010,ST029,6.442,10.626999999999999,1.649642968022353,MST
ST010,ST030,9.083,15.411999999999999,1.6967962127050533,MST
ST010,ST031,9.658,20.290999999999997,2.1009525781735348,MST
ST010,ST032,17.471,23.645,1.353385610440158,MST
ST010,ST033,16.826,25.726,1.5289433020325685,MST
ST010,ST034,13.684999999999999,33.619,2.4566313481914506,MST
ST010,ST035,13.248999999999999,33.266,2.510831006113669,MST
ST010,ST036,13.867,35.285,2.5445301795629907,MST
ST010,ST037,14.338999999999999,32.103,2.238859055722157,MST
ST010,ST038,9.372,14.849999999999998,1.584507042253521,MST
ST010,ST039,9.47,14.947999999999999,1.578458289334741,MST
ST010,ST040,7.454,7.454,1.0,MST
ST010,ST041,9.27,16.637999999999998,1.7948220064724918,MST
ST010,ST042,7.803,13.280999999999999,1.7020376778162243,MST
ST010,ST043,14.494,28.66,1.9773699461846281,MST
ST010,ST044,15.228,27.323999999999998,1.7943262411347516,MST
ST010,ST045,14.021999999999998,29.331,2.0917843388960207,MST
ST010,ST046,12.503,13.582999999999998,1.0863792689754457,MST
ST010,ST047,14.928,22.840999999999998,1.5300777063236868,MST
ST010,ST048,13.835,29.334,2.120274665702927,MST
ST010,ST049,20.165,28.144,1.3956855938507315,MST
ST010,ST050,14.394,26.136,1.8157565652355148,MST
ST010,ST051,7.611,12.870999999999999,1.691104979634739,MST
ST010,ST052,9.414,14.892,1.5818992989165073,MST
ST010,ST053,18.401,23.183999999999997,1.2599315254605727,MST
ST010,ST054,11.416,12.495999999999999,1.0946040644709178,MST
ST010,ST055,19.71,28.516000000000002,1.4467782851344495,MST
ST011,ST012,11.19,27.502,2.4577301161751564,MST
ST011,ST013,11.312999999999999,28.298999999999996,2.5014584990718642,MST
ST011,ST014,12.57,29.102999999999998,2.3152744630071598,MST
ST011,ST015,15.14,33.913,2.2399603698811092,MST
ST011,ST016,12.455000000000002,30.805999999999997,2.4733841830590118,MST
ST011,ST017,7.363,26.23,3.5624066277332607,MST
ST011,ST018,3.576,13.809,3.8615771812080535,MST
ST011,ST019,3.322,16.426,4.9446116797110164,MST
ST011,ST020,4.958,14.446999999999997,2.9138765631302936,MST
ST011,ST021,4.795,10.346,2.1576642335766425,MST
ST011,ST022,5.569,10.282,1.8462919734243133,MST
ST011,ST023,1.921,9.011,4.690786048932847,MST
ST011,ST024,15.33,34.035,2.220156555772994,MST
ST011,ST025,14.909,33.811,2.2678248038097792,MST
ST011,ST026,12.987,26.360999999999997,2.0297990297990296,MST
ST011,ST027,12.61,32.921,2.6107057890563046,MST
ST011,ST028,13.654,28.875,2.1147649040574192,MST
ST011,ST029,9.925,20.86,2.10176322418136,MST
ST011,ST030,7.9270000000000005,25.645,3.2351457045540557,MST
ST011,ST031,5.237,20.439999999999998,3.9029978995608166,MST
ST011,ST032,5.259,7.388,1.4048298155542878,MST
ST011,ST033,6.732,9.469,1.4065656565656564,MST
ST011,ST034,7.227,17.362,2.4023799640237993,MST
ST011,ST035,6.874,17.009,2.4743962758219378,MST
ST011,ST036,7.492,19.028,2.539775760811532,MST
ST011,ST037,7.968,15.846,1.9887048192771084,MST
ST011,ST038,11.081,25.083,2.263604367836838,MST
ST011,ST039,10.780999999999999,25.180999999999997,2.335683146275856,MST
ST011,ST040,7.585,17.686999999999998,2.3318391562293996,MST
ST011,ST041,10.98,26.871,2.447267759562841,MST
ST011,ST042,9.512,23.514,2.4720353238015136,MST
ST011,ST043,4.475,12.402999999999999,2.7716201117318433,MST
ST011,ST044,5.146,11.067,2.1506024096385543,MST
ST011,ST045,3.828,13.073999999999998,3.4153605015673976,MST
ST011,ST046,1.543,13.732,8.89954633830201,MST
ST011,ST047,1.641,6.584,4.012187690432663,MST
ST011,ST048,3.624,13.077,3.6084437086092715,MST
ST011,ST049,7.729,11.887,1.5379738646655454,MST
ST011,ST050,0.995,0.995,1.0,MST
ST011,ST051,10.728,23.104,2.1536167039522742,MST
ST011,ST052,7.927,25.125,3.1695471174467014,MST
ST011,ST053,4.85,6.927,1.4282474226804125,MST
ST011,ST054,2.543,12.645,4.972473456547385,MST
ST011,ST055,7.172,12.259,1.7092861126603458,MST
ST012,ST013,0.817,5.519,6.755201958384333,MST
ST012,ST014,1.38,6.323,4.581884057971015,MST
ST012,ST015,13.075999999999999,26.040999999999997,1.9915111654940347,MST
ST012,ST016,10.015,22.933999999999997,2.2899650524213677,MST
ST012,ST017,9.461,18.358,1.9403868512842195,MST
ST012,ST018,13.318,32.427,2.434825048806127,MST
ST012,ST019,12.876,35.044,2.7216526871699283,MST
ST012,ST020,14.612999999999998,33.065,2.2627112844727297,MST
ST012,ST021,15.832999999999998,28.964,1.829343775658435,MST
ST012,ST022,16.607,28.9,1.740230023484073,MST
ST012,ST023,11.663,27.628999999999998,2.3689445254222754,MST
ST012,ST024,12.7,26.162999999999997,2.06007874015748,MST
ST012,ST025,11.469,25.938999999999997,2.2616618711308742,MST
ST012,ST026,1.797,3.5810000000000004,1.9927657206455207,MST
ST012,ST027,1.42,10.141000000000002,7.14154929577465,MST
ST012,ST028,4.89,6.095000000000001,1.2464212678936608,MST
ST012,ST029,5.571,12.988,2.3313588224735238,MST
ST012,ST030,10.025,17.773,1.77286783042394,MST
ST012,ST031,10.814,22.651999999999997,2.0946920658405768,MST
ST012,ST032,15.607,26.006,1.6663035817261487,MST
ST012,ST033,16.220999999999997,28.087,1.7315208680106038,MST
ST012,ST034,14.075,35.98,2.556305506216696,MST
ST012,ST035,13.671,35.627,2.606027357179431,MST
ST012,ST036,13.526,37.646,2.7832322933609346,MST
ST012,ST037,14.001999999999999,34.464,2.4613626624767893,MST
ST012,ST038,9.794,17.211,1.7573003879926483,MST
ST012,ST039,9.892,17.308999999999997,1.7497978164173067,MST
ST012,ST040,8.61,9.815,1.1399535423925669,MST
ST012,ST041,8.709,18.999,2.1815363417154665,MST
ST012,ST042,8.225,15.642,1.9017629179331308,MST
ST012,ST043,13.895,31.021,2.2325296869377476,MST
ST012,ST044,14.622999999999998,29.685,2.030021199480271,MST
ST012,ST045,13.239999999999998,31.692,2.3936555891238673,MST
ST012,ST046,10.51,15.943999999999999,1.5170313986679353,MST
ST012,ST047,12.567,25.201999999999998,2.005410997055781,MST
ST012,ST048,13.235999999999999,31.695,2.394605621033545,MST
ST012,ST049,17.804,30.505,1.7133790159514717,MST
ST012,ST050,12.033,28.497,2.368237347294939,MST
ST012,ST051,7.279,15.232,2.0925951366946007,MST
ST012,ST052,9.835999999999999,17.253,1.7540666937779588,MST
ST012,ST053,16.04,25.544999999999998,1.592581047381546,MST
ST012,ST054,9.423,14.857,1.576674095298737,MST
ST012,ST055,17.349,30.877,1.7797567583146001,MST
ST013,ST014,1.514,4.68,3.09114927344782,MST
ST013,ST015,13.106,26.837999999999997,2.047764382725469,MST
ST013,ST016,10.045,23.730999999999998,2.3624688899950224,MST
ST013,ST017,9.602,19.155,1.9948968964799,MST
ST013,ST018,13.437999999999999,33.224000000000004,2.472391724959072,MST
ST013,ST019,13.447,35.841,2.665352866810441,MST
ST013,ST020,15.116999999999999,33.862,2.2399947079446982,MST
ST013,ST021,15.620999999999999,29.761,1.9051917290826452,MST
ST013,ST022,16.395,29.697000000000003,1.811344922232388,MST
ST013,ST023,11.783,28.426,2.4124586268352712,MST
ST013,ST024,12.73,26.959999999999997,2.11783189316575,MST
ST013,ST025,11.61,26.735999999999997,2.3028423772609816,MST
ST013,ST026,1.938,1.938,1.0,MST
ST013,ST027,1.561,10.937999999999999,7.007046764894298,MST
ST013,ST028,5.031,6.8919999999999995,1.3699065792089047,MST
ST013,ST029,5.601,13.785,2.4611676486341727,MST
ST013,ST030,10.166,18.57,1.8266771591579776,MST
ST013,ST031,10.955,23.448999999999998,2.1404837973528066,MST
ST013,ST032,16.034,26.803,1.671635275040539,MST
ST013,ST033,17.037999999999997,28.884,1.6952693978166455,MST
ST013,ST034,14.137,36.777,2.6014713164037633,MST
ST013,ST035,13.701,36.424,2.658492080870009,MST
ST013,ST036,13.61,38.443,2.8246142542248345,MST
ST013,ST037,14.085999999999999,35.261,2.5032656538406934,MST
ST013,ST038,9.824,18.008,1.8330618892508144,MST
ST013,ST039,9.922,18.106,1.8248337028824835,MST
ST013,ST040,8.751,10.612,1.2126614101245572,MST
ST013,ST041,8.739,19.796,2.26524774001602,MST
ST013,ST042,8.254999999999999,16.439,1.9913991520290735,MST
ST013,ST043,14.712,31.818,2.1627243066884176,MST
ST013,ST044,15.439999999999998,30.482,1.9742227979274614,MST
ST013,ST045,14.056999999999999,32.489000000000004,2.311232837732091,MST
ST013,ST046,9.857,16.741,1.6983869331439587,MST
ST013,ST047,12.549999999999999,25.999,2.071633466135458,MST
ST013,ST048,13.524,32.492,2.4025436261461106,MST
ST013,ST049,18.162999999999997,31.302,1.72339371249243,MST
ST013,ST050,11.821,29.294,2.4781321377210053,MST
ST013,ST051,7.309,16.029,2.193049664796826,MST
ST013,ST052,9.866,18.05,1.8295155078045815,MST
ST013,ST053,15.995,26.342,1.6468896530165678,MST
ST013,ST054,8.77,15.654,1.7849486887115167,MST
ST013,ST055,17.555,31.674000000000003,1.8042722870976933,MST
ST014,ST015,13.446,27.642,2.0557786702365015,MST
ST014,ST016,10.655000000000001,24.535,2.3026748005631155,MST
ST014,ST017,9.946,19.959000000000003,2.006736376432737,MST
ST014,ST018,14.697999999999999,34.028,2.3151449176758745,MST
ST014,ST019,14.255999999999998,36.644999999999996,2.570496632996633,MST
ST014,ST020,15.992999999999997,34.666,2.1675733133245796,MST
ST014,ST021,17.134999999999998,30.564999999999998,1.7837758972862563,MST
ST014,ST022,17.909,30.500999999999998,1.7031101680719192,MST
ST014,ST023,13.043,29.229999999999997,2.24104883845741,MST
ST014,ST024,13.07,27.764,2.1242540168324404,MST
ST014,ST025,11.838000000000001,27.54,2.3264064875823616,MST
ST014,ST026,2.362,2.742,1.1608806096528366,MST
ST014,ST027,1.905,11.742,6.163779527559056,MST
ST014,ST028,5.259,7.696,1.4633960829054953,MST
ST014,ST029,6.951,14.589,2.0988347000431595,MST
ST014,ST030,10.51,19.374000000000002,1.843387250237869,MST
ST014,ST031,11.183,24.252999999999997,2.1687382634355714,MST
ST014,ST032,16.987,27.607,1.6251839642079238,MST
ST014,ST033,17.600999999999996,29.688,1.686722345321289,MST
ST014,ST034,14.742,37.580999999999996,2.549247049247049,MST
ST014,ST035,14.389,37.228,2.587254152477587,MST
ST014,ST036,14.905999999999999,39.247,2.632966590634644,MST
ST014,ST037,15.381999999999998,36.065,2.3446235860096216,MST
ST014,ST038,10.897,18.812,1.7263467009268607,MST
ST014,ST039,10.995000000000001,18.91,1.7198726693951796,MST
ST014,ST040,8.979,11.416,1.2714110702750865,MST
ST014,ST041,10.088999999999999,20.6,2.041827733174745,MST
ST014,ST042,9.328,17.243000000000002,1.8485205831903948,MST
ST014,ST043,15.274999999999999,32.622,2.135646481178396,MST
ST014,ST044,16.002999999999997,31.285999999999998,1.9550084359182656,MST
ST014,ST045,14.619999999999997,33.293,2.2772229822161427,MST
ST014,ST046,11.172,17.544999999999998,1.5704439670605082,MST
ST014,ST047,13.947,26.802999999999997,1.921775292177529,MST
ST014,ST048,14.615999999999998,33.296,2.278051450465244,MST
ST014,ST049,19.183999999999997,32.106,1.6735821517931613,MST
ST014,ST050,13.334999999999999,30.098,2.2570678665166857,MST
ST014,ST051,8.658999999999999,16.833,1.9439889132694308,MST
ST014,ST052,10.584999999999999,18.854,1.7811998110533775,MST
ST014,ST053,17.42,27.145999999999997,1.5583237657864522,MST
ST014,ST054,10.085,16.458,1.631928606841844,MST
ST014,ST055,18.729,32.477999999999994,1.7341021944577926,MST
ST015,ST016,3.107,3.107,1.0,MST
ST015,ST017,8.278,13.115000000000002,1.584319884029959,MST
ST015,ST018,14.415,38.838,2.6942767950052033,MST
ST015,ST019,14.085999999999999,41.455,2.94299304273747,MST
ST015,ST020,15.807,39.476,2.4973745808818877,MST
ST015,ST021,19.847,35.375,1.7823852471406256,MST
ST015,ST022,19.863,35.311,1.777727432915471,MST
ST015,ST023,14.344999999999999,34.04,2.3729522481700944,MST
ST015,ST024,0.376,6.336,16.851063829787236,MST
ST015,ST025,1.9369999999999998,6.112,3.1553949406298405,MST
ST015,ST026,11.896999999999998,24.9,2.092964612927629,MST
ST015,ST027,12.233,31.46,2.5717321997874603,MST
ST015,ST028,8.187,27.414,3.3484792964455847,MST
ST015,ST029,7.505,13.053,1.739240506329114,MST
ST015,ST030,8.607000000000001,17.838,2.0724991286162426,MST
ST015,ST031,10.613999999999999,29.063,2.7381759939702284,MST
ST015,ST032,17.497,32.417,1.8527176087329258,MST
ST015,ST033,16.61,34.498000000000005,2.076941601444913,MST
ST015,ST034,11.213000000000001,42.391000000000005,3.7805226076875056,MST
ST015,ST035,10.987,42.038000000000004,3.826158186948212,MST
ST015,ST036,10.379000000000001,44.057,4.244821273725792,MST
ST015,ST037,10.855,40.87500000000001,3.7655458314140953,MST
ST015,ST038,6.646,17.276,2.599458320794463,MST
ST015,ST039,6.694,17.374000000000002,2.595458619659397,MST
ST015,ST040,9.144,16.226,1.7744969378827646,MST
ST015,ST041,6.996,7.042,1.0065751858204688,MST
ST015,ST042,6.657,10.399000000000001,1.5621150668469281,MST
ST015,ST043,15.015,37.432,2.492973692973693,MST
ST015,ST044,15.749,36.096000000000004,2.291955044764747,MST
ST015,ST045,14.516000000000002,38.103,2.62489666574814,MST
ST015,ST046,13.684,22.355,1.6336597486115172,MST
ST015,ST047,16.622999999999998,31.613,1.9017626180593157,MST
ST015,ST048,14.356000000000002,38.106,2.654360546113123,MST
ST015,ST049,21.99,36.916000000000004,1.6787630741246025,MST
ST015,ST050,16.047,34.907999999999994,2.175359880351467,MST
ST015,ST051,5.797,21.643,3.7334828359496295,MST
ST015,ST052,8.087,17.318,2.1414616050451345,MST
ST015,ST053,19.971,31.956,1.6001201742526663,MST
ST015,ST054,12.597,21.268,1.6883384932920538,MST
ST015,ST055,21.368000000000002,37.288,1.7450393111194307,MST
ST016,ST017,5.417,10.008,1.8475170758722539,MST
ST016,ST018,11.308,35.731,3.1597983728333925,MST
ST016,ST019,10.979,38.348,3.4928499863375535,MST
ST016,ST020,12.7,36.369,2.8637007874015747,MST
ST016,ST021,16.846,32.268,1.915469547667102,MST
ST016,ST022,16.802,32.204,1.9166765861207,MST
ST016,ST023,11.283999999999999,30.933,2.741315136476427,MST
ST016,ST024,3.229,3.229,1.0,MST
ST016,ST025,3.005,3.005,1.0,MST
ST016,ST026,9.106,21.793,2.393257193059521,MST
ST016,ST027,9.442,28.353,3.0028595636517688,MST
ST016,ST028,5.396,24.307000000000002,4.504633061527057,MST
ST016,ST029,4.444,9.946,2.2380738073807382,MST
ST016,ST030,5.746,14.731,2.563696484510964,MST
ST016,ST031,7.553,25.956,3.4365152919369786,MST
ST016,ST032,14.389999999999999,29.310000000000002,2.0368311327310638,MST
ST016,ST033,14.24,31.391000000000002,2.2044241573033707,MST
ST016,ST034,8.781,39.284,4.473750142352807,MST
ST016,ST035,8.555,38.931000000000004,4.550672121566336,MST
ST016,ST036,7.947,40.95,5.152887882219706,MST
ST016,ST037,8.423,37.768,4.483913095096759,MST
ST016,ST038,4.155,14.169,3.4101083032490975,MST
ST016,ST039,4.09,14.267,3.4882640586797065,MST
ST016,ST040,6.083,13.119,2.156666118691435,MST
ST016,ST041,3.935,3.935,1.0,MST
ST016,ST042,3.596,7.292,2.0278086763070076,MST
ST016,ST043,11.908,34.325,2.882515955660061,MST
ST016,ST044,12.642,32.989000000000004,2.609476348679007,MST
ST016,ST045,11.409,34.996,3.0674029275133665,MST
ST016,ST046,10.999,19.248,1.749977270660969,MST
ST016,ST047,13.998999999999999,28.506,2.0362883063075934,MST
ST016,ST048,11.249,34.999,3.1112987821139657,MST
ST016,ST049,18.889,33.809000000000005,1.7898777066017262,MST
ST016,ST050,13.306,31.801000000000002,2.3899744476176163,MST
ST016,ST051,2.736,18.536,6.7748538011695905,MST
ST016,ST052,5.226,14.210999999999999,2.7192881745120547,MST
ST016,ST053,17.22,28.849,1.6753193960511035,MST
ST016,ST054,9.912,18.161,1.832223567393059,MST
ST016,ST055,18.697000000000003,34.181,1.8281542493448142,MST
ST017,ST018,7.048,31.154999999999998,4.420402951191827,MST
ST017,ST019,6.719,33.772,5.026343205834201,MST
ST017,ST020,8.191,31.793,3.881455255768526,MST
ST017,ST021,12.158000000000001,27.691999999999997,2.2776772495476223,MST
ST017,ST022,12.542000000000002,27.628,2.2028384627651088,MST
ST017,ST023,6.77,26.356999999999996,3.893205317577548,MST
ST017,ST024,7.967,13.237000000000002,1.6614785992217902,MST
ST017,ST025,7.984,13.013000000000002,1.6298847695390783,MST
ST017,ST026,8.212,17.217,2.096566000974184,MST
ST017,ST027,8.041,23.777,2.9569705260539734,MST
ST017,ST028,7.665,19.731,2.574168297455969,MST
ST017,ST029,4.322,5.37,1.2424803331790837,MST
ST017,ST030,0.564,10.155000000000001,18.005319148936174,MST
ST017,ST031,3.293,21.38,6.492559975706042,MST
ST017,ST032,10.11,24.733999999999998,2.44648862512364,MST
ST017,ST033,9.97,26.814999999999998,2.689568706118355,MST
ST017,ST034,4.796,34.708,7.236864053377814,MST
ST017,ST035,4.443,34.355,7.732388026108485,MST
ST017,ST036,5.061,36.373999999999995,7.1871171705196595,MST
ST017,ST037,5.537,33.192,5.994581903557884,MST
ST017,ST038,3.846,9.593,2.4942797711908478,MST
ST017,ST039,3.4930000000000003,9.690999999999999,2.7744059547666757,MST
ST017,ST040,1.842,8.543,4.637893593919652,MST
ST017,ST041,5.607,6.073,1.0831103977171392,MST
ST017,ST042,2.564,2.716,1.0592823712948518,MST
ST017,ST043,7.648,29.749,3.8897751046025104,MST
ST017,ST044,8.382,28.412999999999997,3.389763779527559,MST
ST017,ST045,7.149,30.419999999999998,4.255140579101972,MST
ST017,ST046,6.739,14.671999999999999,2.177177622792699,MST
ST017,ST047,9.004000000000001,23.929999999999996,2.657707685473122,MST
ST017,ST048,6.989,30.423,4.35298325940764,MST
ST017,ST049,14.608999999999998,29.232999999999997,2.0010267643233624,MST
ST017,ST050,8.358,27.224999999999998,3.257358219669777,MST
ST017,ST051,3.517,13.959999999999999,3.9692920102359963,MST
ST017,ST052,0.639,9.635,15.078247261345853,MST
ST017,ST053,12.213000000000001,24.272999999999996,1.9874723655121587,MST
ST017,ST054,5.652,13.584999999999999,2.4035739561217264,MST
ST017,ST055,14.163,29.605,2.0903057261879545,MST
ST018,ST019,0.477,5.429,11.381551362683439,MST
ST018,ST020,1.949,3.45,1.7701385325808108,MST
ST018,ST021,6.586,15.270999999999999,2.318706346796234,MST
ST018,ST022,6.573,9.315,1.4171611136467366,MST
ST018,ST023,1.655,13.936,8.420543806646526,MST
ST018,ST024,14.183,38.96,2.7469505746316014,MST
ST018,ST025,13.617,38.736000000000004,2.8446794448116326,MST
ST018,ST026,13.579,31.286,2.3039988217099934,MST
ST018,ST027,13.915000000000001,37.846000000000004,2.719798778296802,MST
ST018,ST028,11.947,33.800000000000004,2.8291621327529928,MST
ST018,ST029,8.633,25.785000000000004,2.986794856944284,MST
ST018,ST030,7.025,30.570000000000004,4.351601423487545,MST
ST018,ST031,3.945,25.365,6.429657794676806,MST
ST018,ST032,3.868,6.420999999999999,1.6600310237849016,MST
ST018,ST033,3.728,4.34,1.1641630901287552,MST
ST018,ST034,5.215,12.233,2.345733461169703,MST
ST018,ST035,4.862,11.879999999999999,2.443438914027149,MST
ST018,ST036,5.48,8.031,1.4655109489051095,MST
ST018,ST037,5.956,10.716999999999999,1.7993619879113496,MST
ST018,ST038,9.789,30.008000000000003,3.065481663091225,MST
ST018,ST039,9.489,30.106,3.172726314680156,MST
ST018,ST040,6.3469999999999995,22.612000000000002,3.5626280132345998,MST
ST018,ST041,10.523,31.796000000000003,3.0215717951154617,MST
ST018,ST042,8.22,28.439000000000004,3.4597323600973238,MST
ST018,ST043,1.406,1.406,1.0,MST
ST018,ST044,2.1399999999999997,5.938,2.774766355140187,MST
ST018,ST045,0.934,2.077,2.223768736616702,MST
ST018,ST046,3.7,18.657,5.042432432432432,MST
ST018,ST047,3.497,11.508999999999999,3.2911066628538745,MST
ST018,ST048,0.747,7.948,10.639892904953147,MST
ST018,ST049,8.366999999999999,10.919999999999998,1.3051272857655072,MST
ST018,ST050,2.786,14.803999999999998,5.313711414213926,MST
ST018,ST051,10.019,28.029000000000003,2.7975845892803677,MST
ST018,ST052,6.635,30.050000000000004,4.529012810851546,MST
ST018,ST053,6.96,11.851999999999999,1.7028735632183907,MST
ST018,ST054,4.787,17.57,3.670357217463965,MST
ST018,ST055,8.279,11.292,1.3639328421306922,MST
ST019,ST020,1.979,1.979,1.0,MST
ST019,ST021,6.127,17.887999999999998,2.919536477884772,MST
ST019,ST022,6.305,11.932,1.892466296590008,MST
ST019,ST023,1.664,16.553,9.947716346153847,MST
ST019,ST024,14.207999999999998,41.577000000000005,2.9263091216216224,MST
ST019,ST025,13.983999999999998,41.35300000000001,2.9571653318077815,MST
ST019,ST026,14.056000000000001,33.903,2.4119948776323277,MST
ST019,ST027,14.296,40.463,2.8303721320649133,MST
ST019,ST028,12.424,36.417,2.931181584030908,MST
ST019,ST029,9.11,28.402,3.1176728869374317,MST
ST019,ST030,7.283,33.187,4.556776053823973,MST
ST019,ST031,4.422,27.982,6.3279059249208505,MST
ST019,ST032,3.411,9.038,2.649662855467605,MST
ST019,ST033,3.836,6.957000000000001,1.8136079249217938,MST
ST019,ST034,5.692,14.850000000000001,2.6089248067463107,MST
ST019,ST035,5.339,14.497,2.7153024911032024,MST
ST019,ST036,5.957000000000001,10.648,1.7874769179117003,MST
ST019,ST037,6.415,13.334,2.0785658612626654,MST
ST019,ST038,10.229,32.625,3.1894613354189074,MST
ST019,ST039,9.966000000000001,32.723,3.28346377684126,MST
ST019,ST040,6.824,25.229,3.6970984759671746,MST
ST019,ST041,10.631,34.413000000000004,3.237042611231305,MST
ST019,ST042,8.623999999999999,31.056,3.6011131725417447,MST
ST019,ST043,1.504,4.023000000000001,2.674867021276596,MST
ST019,ST044,2.238,8.555000000000001,3.8226094727435216,MST
ST019,ST045,0.859,3.3520000000000003,3.9022118742724103,MST
ST019,ST046,3.7089999999999996,21.274,5.735777837692101,MST
ST019,ST047,3.02,14.126,4.677483443708609,MST
ST019,ST048,0.855,10.565000000000001,12.356725146198832,MST
ST019,ST049,7.91,13.536999999999999,1.7113780025284449,MST
ST019,ST050,2.327,17.421000000000003,7.4864632574129795,MST
ST019,ST051,10.236,30.646,2.9939429464634624,MST
ST019,ST052,7.112,32.667,4.59322272215973,MST
ST019,ST053,6.5009999999999994,14.469,2.2256575911398246,MST
ST019,ST054,4.795999999999999,20.187,4.2091326105087585,MST
ST019,ST055,7.802,13.909,1.7827480133299156,MST
ST020,ST021,7.03,15.908999999999999,2.2630156472261733,MST
ST020,ST022,6.274,9.953,1.58638826904686,MST
ST020,ST023,3.334,14.573999999999998,4.371325734853029,MST
ST020,ST024,15.928999999999998,39.598000000000006,2.4859062088015573,MST
ST020,ST025,15.408000000000001,39.37400000000001,2.5554257528556596,MST
ST020,ST026,15.262,31.924,2.0917310968418295,MST
ST020,ST027,15.597999999999999,38.484,2.467239389665342,MST
ST020,ST028,13.895999999999999,34.438,2.478267127230858,MST
ST020,ST029,10.424,26.423000000000002,2.5348234842670765,MST
ST020,ST030,8.227,31.208000000000002,3.7933633159110247,MST
ST020,ST031,5.736,26.002999999999997,4.533298465829846,MST
ST020,ST032,3.417,7.058999999999999,2.0658472344161543,MST
ST020,ST033,1.99,4.978,2.501507537688442,MST
ST020,ST034,5.992,12.870999999999999,2.148030707610147,MST
ST020,ST035,6.436,12.518,1.9449968924798013,MST
ST020,ST036,6.189,8.669,1.4007109387623202,MST
ST020,ST037,5.501,11.355,2.0641701508816577,MST
ST020,ST038,10.468,30.646,2.927588842185709,MST
ST020,ST039,10.226,30.744,3.006454136514766,MST
ST020,ST040,7.832,23.25,2.9685903983656794,MST
ST020,ST041,11.227,32.434000000000005,2.888928475995369,MST
ST020,ST042,9.822,29.077,2.9603950315618004,MST
ST020,ST043,0.792,2.044,2.580808080808081,MST
ST020,ST044,0.406,6.576,16.197044334975367,MST
ST020,ST045,1.373,1.373,1.0,MST
ST020,ST046,5.379,19.294999999999998,3.587097973601041,MST
ST020,ST047,3.98,12.146999999999998,3.0520100502512557,MST
ST020,ST048,2.009,8.586,4.273768043802887,MST
ST020,ST049,7.9159999999999995,11.558,1.4600808489135928,MST
ST020,ST050,4.182,15.441999999999998,3.6924916307986604,MST
ST020,ST051,11.708,28.667,2.448496754355996,MST
ST020,ST052,8.426,30.688000000000002,3.642060289579872,MST
ST020,ST053,7.395,12.489999999999998,1.6889790398918187,MST
ST020,ST054,6.465999999999999,18.208,2.8159604082895147,MST
ST020,ST055,7.845,11.93,1.5207138304652645,MST
ST021,ST022,0.983,11.744,11.947100712105799,MST
ST021,ST023,5.955,10.472999999999999,1.7586901763224179,MST
ST021,ST024,19.531,35.497,1.8174696636116943,MST
ST021,ST025,18.965,35.273,1.8598998154495126,MST
ST021,ST026,17.558999999999997,27.823,1.5845435389259073,MST
ST021,ST027,17.182,34.383,2.001105808404144,MST
ST021,ST028,17.688000000000002,30.337000000000003,1.7151175938489371,MST
ST021,ST029,14.374,22.322000000000003,1.5529428134131071,MST
ST021,ST030,12.29,27.107000000000003,2.2056143205858425,MST
ST021,ST031,9.293,21.901999999999997,2.3568277197890883,MST
ST021,ST032,3.877,8.85,2.282692803714212,MST
ST021,ST033,5.896,10.931,1.8539687924016282,MST
ST021,ST034,11.283,18.823999999999998,1.6683506159709296,MST
ST021,ST035,10.93,18.471,1.689935956084172,MST
ST021,ST036,11.574,20.49,1.7703473302229134,MST
ST021,ST037,11.237,17.308,1.5402687550057845,MST
ST021,ST038,15.137,26.545,1.7536499966968355,MST
ST021,ST039,14.837,26.643,1.7957134191548156,MST
ST021,ST040,11.253,19.149,1.7016795521194348,MST
ST021,ST041,15.645999999999999,28.333000000000002,1.810878179726448,MST
ST021,ST042,13.568,24.976000000000003,1.8408018867924532,MST
ST021,ST043,6.354,13.864999999999998,2.1820900220333646,MST
ST021,ST044,6.851,12.529,1.8287841191066998,MST
ST021,ST045,5.683,14.535999999999998,2.557803976772831,MST
ST021,ST046,6.163,15.193999999999999,2.465357780301801,MST
ST021,ST047,3.762,3.762,1.0,MST
ST021,ST048,6.483,14.539,2.2426345827548975,MST
ST021,ST049,3.415,13.349,3.908931185944363,MST
ST021,ST050,3.8,11.341,2.9844736842105264,MST
ST021,ST051,14.762,24.566000000000003,1.6641376507248342,MST
ST021,ST052,11.982999999999999,26.587000000000003,2.218726529249771,MST
ST021,ST053,0.374,8.389,22.43048128342246,MST
ST021,ST054,7.25,14.107,1.9457931034482758,MST
ST021,ST055,2.96,13.721,4.635472972972973,MST
ST022,ST023,6.145,10.408999999999999,1.6938974776240845,MST
ST022,ST024,19.487000000000002,35.433,1.8182891158208034,MST
ST022,ST025,18.921,35.209,1.8608424501876224,MST
ST022,ST026,18.333,27.759,1.5141548028145968,MST
ST022,ST027,17.956,34.319,1.911283136556026,MST
ST022,ST028,17.878,30.273000000000003,1.693310213670433,MST
ST022,ST029,14.564,22.258000000000003,1.5282889316121946,MST
ST022,ST030,12.329,27.043000000000003,2.1934463460134643,MST
ST022,ST031,9.249,21.837999999999997,2.361120121094172,MST
ST022,ST032,2.894,2.894,1.0,MST
ST022,ST033,4.913,4.975,1.012619580704254,MST
ST022,ST034,11.239,12.867999999999999,1.1449417207936647,MST
ST022,ST035,10.886,12.515,1.14964174168657,MST
ST022,ST036,11.53,14.533999999999999,1.2605377276669558,MST
ST022,ST037,11.195,11.352,1.014024117909781,MST
ST022,ST038,15.093,26.481,1.7545219638242895,MST
ST022,ST039,14.793,26.579,1.796728182248361,MST
ST022,ST040,11.651,19.085,1.638056819157154,MST
ST022,ST041,15.602,28.269000000000002,1.8118830919112936,MST
ST022,ST042,13.524000000000001,24.912000000000003,1.842058562555457,MST
ST022,ST043,5.95,7.909,1.3292436974789916,MST
ST022,ST044,5.868,6.5729999999999995,1.1201431492842535,MST
ST022,ST045,5.639,8.58,1.5215463734704735,MST
ST022,ST046,6.936999999999999,15.129999999999999,2.181058094277065,MST
ST022,ST047,4.352,7.981999999999999,1.834099264705882,MST
ST022,ST048,6.439,8.583,1.3329709582233267,MST
ST022,ST049,2.432,7.393,3.0398848684210527,MST
ST022,ST050,4.574,11.277,2.465456930476607,MST
ST022,ST051,14.952,24.502000000000002,1.638710540395934,MST
ST022,ST052,11.939,26.523000000000003,2.221542842784153,MST
ST022,ST053,1.357,8.325,6.134856300663227,MST
ST022,ST054,8.024,14.043,1.7501246261216352,MST
ST022,ST055,1.977,1.977,1.0,MST
ST023,ST024,13.969,34.162,2.4455580213329515,MST
ST023,ST025,13.403,33.938,2.532119674699694,MST
ST023,ST026,13.365,26.488,1.9818930041152263,MST
ST023,ST027,13.083,33.048,2.526026140793396,MST
ST023,ST028,11.733,29.002000000000002,2.471831586124606,MST
ST023,ST029,8.419,20.987000000000002,2.4928138733816367,MST
ST023,ST030,6.811,25.772000000000002,3.783879019233593,MST
ST023,ST031,3.731,20.566999999999997,5.5124631466094876,MST
ST023,ST032,4.753,7.515000000000001,1.5811066694719125,MST
ST023,ST033,5.324,9.596,1.8024042073628852,MST
ST023,ST034,5.721,17.489,3.0569830449222164,MST
ST023,ST035,5.368,17.136,3.192250372578241,MST
ST023,ST036,5.986,19.155,3.1999665887069835,MST
ST023,ST037,6.462,15.972999999999999,2.471835345094398,MST
ST023,ST038,9.575,25.21,2.63289817232376,MST
ST023,ST039,9.274999999999999,25.308,2.728625336927224,MST
ST023,ST040,6.133,17.814,2.9046143812163705,MST
ST023,ST041,11.2,26.998,2.4105357142857144,MST
ST023,ST042,8.006,23.641000000000002,2.9529103172620537,MST
ST023,ST043,3.061,12.530000000000001,4.093433518458021,MST
ST023,ST044,3.74,11.194,2.993048128342246,MST
ST023,ST045,2.5229999999999997,13.201,5.232263178755451,MST
ST023,ST046,2.045,13.858999999999998,6.7770171149144245,MST
ST023,ST047,3.166,6.711,2.1197094125078966,MST
ST023,ST048,2.402,13.204,5.4970857618651126,MST
ST023,ST049,8.577,12.014,1.4007228634720763,MST
ST023,ST050,2.437,10.005999999999998,4.105867870332376,MST
ST023,ST051,8.807,23.231,2.6377881230839106,MST
ST023,ST052,6.420999999999999,25.252000000000002,3.93272076000623,MST
ST023,ST053,6.329,7.054,1.114552061937115,MST
ST023,ST054,3.1319999999999997,12.771999999999998,4.077905491698595,MST
ST023,ST055,8.122,12.386000000000001,1.5249938438808177,MST
ST024,ST025,1.561,6.234,3.9935938500960924,MST
ST024,ST026,11.521,25.022,2.1718600815901397,MST
ST024,ST027,11.857,31.582,2.6635742599308427,MST
ST024,ST028,7.811,27.536,3.525284854692101,MST
ST024,ST029,7.1290000000000004,13.175,1.8480852854537804,MST
ST024,ST030,8.431,17.96,2.1302336614873685,MST
ST024,ST031,10.238,29.185,2.8506544246923227,MST
ST024,ST032,17.619,32.539,1.8468130994948635,MST
ST024,ST033,16.986,34.620000000000005,2.0381490639350055,MST
ST024,ST034,11.466,42.513000000000005,3.7077446363160655,MST
ST024,ST035,11.24,42.160000000000004,3.7508896797153026,MST
ST024,ST036,10.632,44.179,4.1552859292701285,MST
ST024,ST037,11.108,40.99700000000001,3.6907634137558523,MST
ST024,ST038,7.022,17.398,2.477641697522073,MST
ST024,ST039,6.775,17.496000000000002,2.5824354243542436,MST
ST024,ST040,8.768,16.348,1.8645072992700726,MST
ST024,ST041,6.62,7.164,1.0821752265861027,MST
ST024,ST042,6.281,10.521,1.6750517433529695,MST
ST024,ST043,15.137,37.554,2.4809407412300986,MST
ST024,ST044,15.871,36.218,2.282023817024762,MST
ST024,ST045,14.638000000000002,38.225,2.6113540101106705,MST
ST024,ST046,14.059999999999999,22.477,1.5986486486486489,MST
ST024,ST047,16.852,31.735,1.8831592689295038,MST
ST024,ST048,14.478000000000002,38.228,2.6404199475065617,MST
ST024,ST049,21.919,37.038000000000004,1.6897668689265022,MST
ST024,ST050,16.221,35.029999999999994,2.1595462671845134,MST
ST024,ST051,5.421,21.765,4.014941892639734,MST
ST024,ST052,7.911,17.44,2.2045253444570854,MST
ST024,ST053,19.904999999999998,32.078,1.6115548857071091,MST
ST024,ST054,12.972999999999999,21.39,1.648809064981115,MST
ST024,ST055,21.464000000000002,37.41,1.74291837495341,MST
ST025,ST026,10.588000000000001,24.798000000000002,2.3420853796751038,MST
ST025,ST027,10.924,31.358000000000004,2.8705602343463936,MST
ST025,ST028,6.878,27.312000000000005,3.9709217795870897,MST
ST025,ST029,6.563000000000001,12.951,1.973335364924577,MST
ST025,ST030,7.865,17.736,2.2550540368722185,MST
ST025,ST031,9.672,28.961000000000002,2.994313482216708,MST
ST025,ST032,17.395,32.315000000000005,1.8577177349813168,MST
ST025,ST033,16.919,34.39600000000001,2.0329806726165853,MST
ST025,ST034,10.9,42.28900000000001,3.8797247706422024,MST
ST025,ST035,10.674,41.93600000000001,3.92879895072138,MST
ST025,ST036,10.066,43.955000000000005,4.366679912576992,MST
ST025,ST037,10.542,40.77300000000001,3.867672168468982,MST
ST025,ST038,6.274,17.174,2.7373286579534586,MST
ST025,ST039,6.209,17.272,2.7817684007086485,MST
ST025,ST040,8.202,16.124000000000002,1.9658619848817365,MST
ST025,ST041,6.054,6.9399999999999995,1.1463495209778658,MST
ST025,ST042,5.715,10.297,1.8017497812773404,MST
ST025,ST043,14.745,37.330000000000005,2.5317056629365893,MST
ST025,ST044,15.479,35.99400000000001,2.3253440144712196,MST
ST025,ST045,14.246,38.001000000000005,2.6674856099957887,MST
ST025,ST046,13.835999999999999,22.253000000000004,1.608340560855739,MST
ST025,ST047,16.286,31.511000000000003,1.9348520201399975,MST
ST025,ST048,14.086,38.004000000000005,2.697998012210706,MST
ST025,ST049,21.352999999999998,36.81400000000001,1.7240668758488273,MST
ST025,ST050,15.655000000000001,34.806000000000004,2.2233152347492817,MST
ST025,ST051,4.855,21.541000000000004,4.43686920700309,MST
ST025,ST052,7.345,17.216,2.3439074200136147,MST
ST025,ST053,19.339,31.854000000000003,1.6471379078545947,MST
ST025,ST054,12.748999999999999,21.166000000000004,1.6602086438152017,MST
ST025,ST055,20.898,37.186,1.7794047277251412,MST
ST026,ST027,0.457,9.0,19.693654266958422,MST
ST026,ST028,3.71,4.954,1.335309973045822,MST
ST026,ST029,6.175,11.847,1.9185425101214575,MST
ST026,ST030,8.776,16.631999999999998,1.8951686417502276,MST
ST026,ST031,9.634,21.511,2.2328212580444258,MST
ST026,ST032,17.404,24.865,1.4286945529763273,MST
ST026,ST033,16.802,26.945999999999998,1.6037376502797285,MST
ST026,ST034,13.008,34.839,2.6782749077490777,MST
ST026,ST035,12.655,34.486,2.7250888976689054,MST
ST026,ST036,13.273,36.504999999999995,2.750320198900022,MST
ST026,ST037,13.748999999999999,33.323,2.4236671757946033,MST
ST026,ST038,9.348,16.07,1.7190842961061188,MST
ST026,ST039,9.446,16.168,1.7116239678170655,MST
ST026,ST040,7.43,8.674,1.16742934051144,MST
ST026,ST041,9.312999999999999,17.858,1.9175346290132076,MST
ST026,ST042,7.779,14.501,1.864121352358915,MST
ST026,ST043,14.469999999999999,29.88,2.06496199032481,MST
ST026,ST044,15.203999999999999,28.543999999999997,1.8774006840305182,MST
ST026,ST045,13.998,30.551,2.1825260751535933,MST
ST026,ST046,11.795,14.802999999999999,1.2550233149639678,MST
ST026,ST047,14.364,24.060999999999996,1.675090504037872,MST
ST026,ST048,13.811,30.554,2.212294547824198,MST
ST026,ST049,19.601,29.363999999999997,1.4980868323044743,MST
ST026,ST050,13.759,27.355999999999998,1.9882258885093391,MST
ST026,ST051,7.587,14.091,1.8572558323448003,MST
ST026,ST052,8.850999999999999,16.112,1.8203592814371257,MST
ST026,ST053,17.837,24.403999999999996,1.3681672927061723,MST
ST026,ST054,10.708,13.716,1.2809114680612625,MST
ST026,ST055,19.146,29.736,1.5531181447822,MST
ST027,ST028,4.046,4.046,1.0,MST
ST027,ST029,6.511,18.407,2.827061895254185,MST
ST027,ST030,8.605,23.192,2.695177222545032,MST
ST027,ST031,9.97,28.070999999999998,2.815546639919759,MST
ST027,ST032,17.027,31.425,1.845598167616139,MST
ST027,ST033,17.138,33.506,1.9550706033376122,MST
ST027,ST034,12.837,41.399,3.2249746825582304,MST
ST027,ST035,12.484,41.046,3.287888497276514,MST
ST027,ST036,13.102,43.065,3.286902762936956,MST
ST027,ST037,13.578,39.883,2.9373250846958316,MST
ST027,ST038,9.684,22.63,2.3368442792234614,MST
ST027,ST039,9.782,22.728,2.3234512369658558,MST
ST027,ST040,7.766,15.234,1.9616276075199588,MST
ST027,ST041,9.582,24.418,2.5483197662283446,MST
ST027,ST042,8.115,21.061,2.595317313616759,MST
ST027,ST043,14.806000000000001,36.44,2.461164392813724,MST
ST027,ST044,15.540000000000001,35.104,2.258944658944659,MST
ST027,ST045,14.334,37.111,2.5890191153899815,MST
ST027,ST046,11.418,21.363,1.87099316868103,MST
ST027,ST047,13.986999999999998,30.621,2.189247158075356,MST
ST027,ST048,14.147,37.114,2.623453735774369,MST
ST027,ST049,19.224,35.924,1.8687057844361215,MST
ST027,ST050,13.382,33.916,2.534449260200269,MST
ST027,ST051,7.923,20.651,2.606462198662123,MST
ST027,ST052,8.68,22.672,2.6119815668202766,MST
ST027,ST053,17.46,30.964,1.7734249713631156,MST
ST027,ST054,10.331,20.276,1.9626367244216436,MST
ST027,ST055,18.769,36.296,1.9338270552506795,MST
ST028,ST029,5.556,14.360999999999999,2.5847732181425482,MST
ST028,ST030,8.229,19.146,2.326649653663872,MST
ST028,ST031,9.015,24.024999999999995,2.6650027731558508,MST
ST028,ST032,15.815,27.378999999999998,1.7312045526398987,MST
ST028,ST033,15.674999999999999,29.459999999999997,1.879425837320574,MST
ST028,ST034,12.461,37.352999999999994,2.99759248856432,MST
ST028,ST035,12.108,37.0,3.0558308556326392,MST
ST028,ST036,12.383,39.019,3.151013486231123,MST
ST028,ST037,12.859,35.836999999999996,2.786919667159188,MST
ST028,ST038,8.65,18.584,2.1484393063583815,MST
ST028,ST039,8.698,18.682,2.1478500804782708,MST
ST028,ST040,6.811,11.187999999999999,1.6426369108794596,MST
ST028,ST041,7.951,20.372,2.5621934347880773,MST
ST028,ST042,7.16,17.015,2.3763966480446927,MST
ST028,ST043,13.353,32.394,2.4259716917546617,MST
ST028,ST044,14.087,31.057999999999996,2.204727763185916,MST
ST028,ST045,12.880999999999998,33.065,2.566959087027405,MST
ST028,ST046,12.459,17.316999999999997,1.3899189341038605,MST
ST028,ST047,14.899,26.574999999999996,1.7836767568293173,MST
ST028,ST048,12.693999999999999,33.068,2.605010241058768,MST
ST028,ST049,20.31,31.877999999999997,1.5695716395864105,MST
ST028,ST050,14.17,29.869999999999997,2.1079745942131263,MST
ST028,ST051,6.968,16.604999999999997,2.3830367393800227,MST
ST028,ST052,8.304,18.625999999999998,2.2430154142581884,MST
ST028,ST053,18.062,26.917999999999996,1.490311150481674,MST
ST028,ST054,11.372,16.229999999999997,1.4271895884628911,MST
ST028,ST055,19.855,32.24999999999999,1.6242760010073025,MST
ST029,ST030,4.785,4.785,1.0,MST
ST029,ST031,5.377,16.009999999999998,2.9774967453970613,MST
ST029,ST032,12.501,19.364,1.548996080313575,MST
ST029,ST033,12.064,21.445,1.7776027851458887,MST
ST029,ST034,8.536,29.338,3.43697282099344,MST
ST029,ST035,8.1,28.985,3.5783950617283953,MST
ST029,ST036,8.009,31.004,3.8711449619178424,MST
ST029,ST037,8.485,27.822,3.2789628756629345,MST
ST029,ST038,4.223,4.223,1.0,MST
ST029,ST039,4.321,4.321,1.0,MST
ST029,ST040,3.173,3.173,1.0,MST
ST029,ST041,3.138,6.011,1.915551306564691,MST
ST029,ST042,2.654,2.654,1.0,MST
ST029,ST043,9.732,24.379,2.505034936292643,MST
ST029,ST044,10.466,23.043,2.2017007452703994,MST
ST029,ST045,9.233,25.05,2.7130943355355788,MST
ST029,ST046,8.821,9.302,1.054528964969958,MST
ST029,ST047,11.332,18.56,1.637839745852453,MST
ST029,ST048,9.073,25.053,2.761269701311584,MST
ST029,ST049,16.996,23.863,1.404036243822076,MST
ST029,ST050,10.626000000000001,21.855,2.056747600225861,MST
ST029,ST051,1.708,8.59,5.029274004683841,MST
ST029,ST052,4.265,4.265,1.0,MST
ST029,ST053,14.748000000000001,18.903,1.2817331163547598,MST
ST029,ST054,7.734,8.215,1.0621929144039306,MST
ST029,ST055,16.519,24.235000000000003,1.4670984926448336,MST
ST030,ST031,3.08,20.794999999999998,6.7516233766233755,MST
ST030,ST032,9.897,24.149,2.4400323330302114,MST
ST030,ST033,9.757,26.23,2.688326329814492,MST
ST030,ST034,5.062,34.123,6.741011457921769,MST
ST030,ST035,4.626,33.77,7.300043233895374,MST
ST030,ST036,5.244000000000001,35.789,6.824752097635392,MST
ST030,ST037,5.720000000000001,32.607,5.700524475524475,MST
ST030,ST038,3.282,9.008,2.74466788543571,MST
ST030,ST039,3.38,9.106,2.6940828402366863,MST
ST030,ST040,1.629,7.958,4.885205647636587,MST
ST030,ST041,5.759,10.796,1.874631012328529,MST
ST030,ST042,2.893,7.439,2.5713791911510544,MST
ST030,ST043,7.435,29.164,3.9225285810356425,MST
ST030,ST044,8.169,27.828,3.4065369078222547,MST
ST030,ST045,6.936,29.835,4.301470588235294,MST
ST030,ST046,6.526,14.087,2.1585963836959854,MST
ST030,ST047,9.219,23.345,2.5322703113135914,MST
ST030,ST048,6.776,29.838,4.403482880755608,MST
ST030,ST049,14.396,28.648,1.9899972214504027,MST
ST030,ST050,8.49,26.64,3.137809187279152,MST
ST030,ST051,4.0809999999999995,13.375,3.277382994364127,MST
ST030,ST052,0.791,9.05,11.441213653603034,MST
ST030,ST053,12.664,23.688,1.870499052432091,MST
ST030,ST054,5.439,13.0,2.3901452472881046,MST
ST030,ST055,14.224,29.02,2.040213723284589,MST
ST031,ST032,7.813,18.944,2.424676820683476,MST
ST031,ST033,7.673,21.025,2.740127720578652,MST
ST031,ST034,6.03,28.918,4.795688225538972,MST
ST031,ST035,5.677,28.564999999999998,5.031706887440549,MST
ST031,ST036,6.321,30.584,4.838474924853663,MST
ST031,ST037,6.771,27.401999999999997,4.04696499778467,MST
ST031,ST038,5.844,20.232999999999997,3.462183436002737,MST
ST031,ST039,5.5440000000000005,20.330999999999996,3.6672077922077913,MST
ST031,ST040,2.402,12.837,5.344296419650291,MST
ST031,ST041,7.632000000000001,22.020999999999997,2.885351153039832,MST
ST031,ST042,4.275,18.663999999999998,4.365847953216373,MST
ST031,ST043,5.351,23.959,4.477480844701925,MST
ST031,ST044,6.085,22.622999999999998,3.717830731306491,MST
ST031,ST045,4.879,24.63,5.048165607706498,MST
ST031,ST046,5.3629999999999995,8.882,1.6561625955621855,MST
ST031,ST047,6.614,18.139999999999997,2.742667069851829,MST
ST031,ST048,4.692,24.633,5.25,MST
ST031,ST049,11.681000000000001,23.442999999999998,2.006934337813543,MST
ST031,ST050,6.08,21.435,3.5254934210526314,MST
ST031,ST051,6.074,18.253999999999998,3.005268356931182,MST
ST031,ST052,2.69,20.275,7.537174721189591,MST
ST031,ST053,9.667,18.482999999999997,1.9119685528085235,MST
ST031,ST054,4.873,7.795,1.5996306176893083,MST
ST031,ST055,11.226,23.815,2.1214145733119545,MST
ST032,ST033,2.081,2.081,1.0,MST
ST032,ST034,9.083,9.974,1.098095342948365,MST
ST032,ST035,8.73,9.621,1.1020618556701032,MST
ST032,ST036,9.146,11.64,1.272687513667177,MST
ST032,ST037,8.458,8.458,1.0,MST
ST032,ST038,13.179,23.587000000000003,1.789741255026937,MST
ST032,ST039,12.833,23.685000000000002,1.8456323540871193,MST
ST032,ST040,10.11,16.191000000000003,1.601483679525223,MST
ST032,ST041,13.504999999999999,25.375000000000004,1.8789337282487972,MST
ST032,ST042,12.014999999999999,22.018000000000004,1.8325426550145656,MST
ST032,ST043,3.095,5.015000000000001,1.6203554119547658,MST
ST032,ST044,3.013,3.6790000000000003,1.221042150680385,MST
ST032,ST045,3.542,5.686000000000001,1.6053077357425187,MST
ST032,ST046,6.177,12.236,1.9808968755059093,MST
ST032,ST047,4.347,5.088,1.1704623878536922,MST
ST032,ST048,4.266,5.689,1.33356774496015,MST
ST032,ST049,4.499,4.499,1.0,MST
ST032,ST050,4.271,8.383,1.962772184500117,MST
ST032,ST051,13.56,21.608000000000004,1.593510324483776,MST
ST032,ST052,10.503,23.629000000000005,2.249738170046654,MST
ST032,ST053,4.2509999999999994,5.431,1.2775817454716538,MST
ST032,ST054,7.263999999999999,11.149000000000001,1.5348292951541853,MST
ST032,ST055,4.731,4.871,1.0295920524202073,MST
ST033,ST034,7.5809999999999995,7.893,1.0411555203798972,MST
ST033,ST035,7.497,7.54,1.0057356275843672,MST
ST033,ST036,7.0649999999999995,9.559000000000001,1.353007784854919,MST
ST033,ST037,6.377,6.377,1.0,MST
ST033,ST038,11.114,25.668,2.3095195249235196,MST
ST033,ST039,11.212,25.766,2.2980734926864073,MST
ST033,ST040,9.372,18.272,1.9496372172428509,MST
ST033,ST041,12.767,27.456,2.150544372209603,MST
ST033,ST042,11.361999999999998,24.099,2.1210174265094177,MST
ST033,ST043,2.332,2.934,1.258147512864494,MST
ST033,ST044,1.598,1.598,1.0,MST
ST033,ST045,2.981,3.6050000000000004,1.2093257296209328,MST
ST033,ST046,7.273,14.317,1.9685136807369725,MST
ST033,ST047,5.588,7.1690000000000005,1.2829277022190408,MST
ST033,ST048,3.606,3.608,1.0005546311702718,MST
ST033,ST049,6.473,6.58,1.0165302023791132,MST
ST033,ST050,5.79,10.464,1.8072538860103629,MST
ST033,ST051,13.406,23.689,1.7670446068924361,MST
ST033,ST052,10.022,25.71,2.565356216324087,MST
ST033,ST053,6.235,7.5120000000000005,1.204811547714515,MST
ST033,ST054,8.36,13.23,1.5825358851674642,MST
ST033,ST055,6.669,6.952,1.0424351476983056,MST
ST034,ST035,0.462,15.433,33.404761904761905,MST
ST034,ST036,0.834,17.451999999999998,20.925659472422062,MST
ST034,ST037,1.204,14.27,11.852159468438538,MST
ST034,ST038,5.716,33.561,5.871413575927222,MST
ST034,ST039,5.814,33.659,5.789301685586515,MST
ST034,ST040,6.322,26.165,4.138721923441949,MST
ST034,ST041,9.239,35.349000000000004,3.82606342677779,MST
ST034,ST042,6.53,31.992,4.899234303215926,MST
ST034,ST043,6.443,10.827,1.6804283718764552,MST
ST034,ST044,6.398,9.491,1.4834323226008128,MST
ST034,ST045,6.149,11.498,1.869897544316149,MST
ST034,ST046,6.911,22.21,3.2137172623354076,MST
ST034,ST047,8.311,15.062,1.8122969558416555,MST
ST034,ST048,5.962,11.501,1.929050654142905,MST
ST034,ST049,13.582,14.472999999999999,1.0656015314386686,MST
ST034,ST050,7.605,18.357000000000003,2.4138067061143986,MST
ST034,ST051,7.654999999999999,31.582,4.125669497060745,MST
ST034,ST052,4.271,33.603,7.867712479512996,MST
ST034,ST053,11.657,15.405,1.321523548082697,MST
ST034,ST054,7.997999999999999,21.123,2.641035258814704,MST
ST034,ST055,13.216000000000001,14.845,1.123259685230024,MST
ST035,ST036,0.644,17.099,26.551242236024844,MST
ST035,ST037,1.12,13.917,12.425892857142856,MST
ST035,ST038,5.28,33.208,6.289393939393939,MST
ST035,ST039,5.378,33.306,6.193008553365563,MST
ST035,ST040,5.886,25.811999999999998,4.385321100917431,MST
ST035,ST041,8.803,34.996,3.9754629103714643,MST
ST035,ST042,6.177,31.639,5.122065727699531,MST
ST035,ST043,6.007,10.474,1.7436324288330283,MST
ST035,ST044,6.03,9.138,1.5154228855721392,MST
ST035,ST045,5.796,11.145,1.92287784679089,MST
ST035,ST046,6.475,21.857,3.3755984555984555,MST
ST035,ST047,7.875,14.709,1.8678095238095238,MST
ST035,ST048,5.609,11.148,1.9875200570511677,MST
ST035,ST049,13.229,14.120000000000001,1.0673520296318695,MST
ST035,ST050,7.169,18.004,2.511368391686428,MST
ST035,ST051,7.218999999999999,31.229,4.325945421803574,MST
ST035,ST052,3.835,33.25,8.670143415906129,MST
ST035,ST053,11.304,15.052,1.3315640481245576,MST
ST035,ST054,7.561999999999999,20.77,2.7466278762232217,MST
ST035,ST055,12.863,14.492,1.1266423073932987,MST
ST036,ST037,0.688,15.936,23.16279069767442,MST
ST036,ST038,5.221,35.227000000000004,6.7471748707144235,MST
ST036,ST039,5.269,35.325,6.704308217878156,MST
ST036,ST040,6.5040000000000004,27.831000000000003,4.279059040590406,MST
ST036,ST041,9.421,37.015,3.9289884301029616,MST
ST036,ST042,6.573,33.658,5.120645063137076,MST
ST036,ST043,6.146999999999999,6.625,1.0777615096795186,MST
ST036,ST044,6.17,11.157000000000002,1.808265802269044,MST
ST036,ST045,6.244,7.296,1.168481742472774,MST
ST036,ST046,7.093,23.876,3.366135626674186,MST
ST036,ST047,8.493,16.728,1.9696220416813848,MST
ST036,ST048,6.227,13.167000000000002,2.114501365023286,MST
ST036,ST049,13.538,16.139,1.1921258679273157,MST
ST036,ST050,7.787,20.023,2.571336843457044,MST
ST036,ST051,7.837,33.248000000000005,4.24243970907235,MST
ST036,ST052,4.453,35.269000000000005,7.920278463956883,MST
ST036,ST053,11.948,17.071,1.4287746903247407,MST
ST036,ST054,8.18,22.789,2.7859413202933987,MST
ST036,ST055,13.507,16.511,1.2224031983416006,MST
ST037,ST038,4.967,32.045,6.451580430843569,MST
ST037,ST039,5.065,32.143,6.346100691016781,MST
ST037,ST040,6.98,24.649,3.531375358166189,MST
ST037,ST041,9.274,33.833000000000006,3.6481561354323926,MST
ST037,ST042,6.708,30.476000000000003,4.5432319618366135,MST
ST037,ST043,5.459,9.311,1.7056237406118337,MST
ST037,ST044,5.482,7.975,1.4547610361182048,MST
ST037,ST045,5.556,9.982,1.796616270698344,MST
ST037,ST046,7.569,20.694,2.734046769718589,MST
ST037,ST047,8.163,13.546,1.6594389317652822,MST
ST037,ST048,6.192,9.985,1.612564599483204,MST
ST037,ST049,12.85,12.957,1.0083268482490273,MST
ST037,ST050,8.289,16.841,2.03172879720111,MST
ST037,ST051,7.679,30.066000000000003,3.915353561661675,MST
ST037,ST052,4.929,32.087,6.5098397240819645,MST
ST037,ST053,11.611,13.889,1.1961932650073206,MST
ST037,ST054,8.656,19.607,2.2651340110905727,MST
ST037,ST055,12.948,13.329,1.0294253938832252,MST
ST038,ST039,1.349,8.544,6.33358042994811,MST
ST038,ST040,4.911,7.396,1.5060069232335573,MST
ST038,ST041,4.469,10.234,2.2899977623629444,MST
ST038,ST042,2.385,6.877,2.8834381551362687,MST
ST038,ST043,10.425999999999998,28.602,2.743333972760407,MST
ST038,ST044,10.449,27.266,2.6094363096947073,MST
ST038,ST045,10.218,29.273,2.864846349579174,MST
ST038,ST046,9.808,13.524999999999999,1.3789763458401303,MST
ST038,ST047,12.458000000000002,22.782999999999998,1.8287847166479365,MST
ST038,ST048,10.058,29.276,2.9107178365480215,MST
ST038,ST049,17.525,28.086,1.6026248216833097,MST
ST038,ST050,11.772,26.078,2.215256540944614,MST
ST038,ST051,3.27,12.812999999999999,3.918348623853211,MST
ST038,ST052,3.367,8.488,2.520938520938521,MST
ST038,ST053,15.511000000000001,23.125999999999998,1.4909419121913479,MST
ST038,ST054,8.721,12.437999999999999,1.4262125902992775,MST
ST038,ST055,17.07,28.458000000000002,1.6671353251318102,MST
ST039,ST040,4.905,7.494,1.5278287461773699,MST
ST039,ST041,4.913,10.332,2.102992061876654,MST
ST039,ST042,2.747,6.975,2.5391336002912266,MST
ST039,ST043,9.797,28.7,2.9294682045524136,MST
ST039,ST044,9.82,27.363999999999997,2.786558044806517,MST
ST039,ST045,9.894,29.371,2.9685668081665653,MST
ST039,ST046,9.905999999999999,13.623,1.3752271350696548,MST
ST039,ST047,12.158000000000001,22.880999999999997,1.8819707188682344,MST
ST039,ST048,9.913,29.374,2.9631796630686975,MST
ST039,ST049,17.224999999999998,28.183999999999997,1.6362264150943397,MST
ST039,ST050,11.624,26.176,2.2518926359256706,MST
ST039,ST051,3.723,12.911,3.4679022293849044,MST
ST039,ST052,2.854,8.585999999999999,3.008409250175192,MST
ST039,ST053,15.211,23.223999999999997,1.526789823154296,MST
ST039,ST054,8.818999999999999,12.536,1.4214763578637035,MST
ST039,ST055,16.77,28.556,1.7028026237328564,MST
ST040,ST041,6.311,9.184000000000001,1.45523688797338,MST
ST040,ST042,3.46,5.827,1.6841040462427745,MST
ST040,ST043,7.04,21.206,3.012215909090909,MST
ST040,ST044,7.774,19.869999999999997,2.555955749935683,MST
ST040,ST045,6.568,21.877,3.33084652862363,MST
ST040,ST046,6.129,6.129,1.0,MST
ST040,ST047,8.159,15.386999999999997,1.8858928790292924,MST
ST040,ST048,6.381,21.88,3.428929634853471,MST
ST040,ST049,14.083,20.689999999999998,1.469147198750266,MST
ST040,ST050,7.453,18.682,2.506641620823829,MST
ST040,ST051,4.881,5.417,1.1098135627945092,MST
ST040,ST052,2.051,7.438,3.6265236470014623,MST
ST040,ST053,11.627,15.729999999999997,1.3528855250709553,MST
ST040,ST054,5.042,5.042,1.0,MST
ST040,ST055,13.628,21.062,1.5454945700029352,MST
ST041,ST042,3.357,3.357,1.0,MST
ST041,ST043,10.435,30.39,2.9123143267848586,MST
ST041,ST044,11.169,29.054,2.6013071895424833,MST
ST041,ST045,9.963,31.061,3.1176352504265785,MST
ST041,ST046,9.524,15.313,1.6078328433431333,MST
ST041,ST047,12.593,24.570999999999998,1.9511633447153178,MST
ST041,ST048,9.776,31.064,3.1775777414075286,MST
ST041,ST049,17.81,29.874,1.6773722627737226,MST
ST041,ST050,11.886999999999999,27.866,2.344241608479852,MST
ST041,ST051,2.393,14.601,6.101546176347681,MST
ST041,ST052,4.968,10.276,2.0684380032206118,MST
ST041,ST053,15.83,24.913999999999998,1.5738471257106759,MST
ST041,ST054,8.437,14.226,1.686144364110466,MST
ST041,ST055,17.222,30.246,1.756242016026013,MST
ST042,ST043,9.03,27.033,2.9936877076411963,MST
ST042,ST044,9.764,25.697,2.6318107333060223,MST
ST042,ST045,8.531,27.704,3.2474504747391864,MST
ST042,ST046,8.121,11.956,1.4722324836842753,MST
ST042,ST047,10.814,21.214,1.9617162936933603,MST
ST042,ST048,8.371,27.707,3.3098793453589774,MST
ST042,ST049,15.956000000000001,26.517,1.6618826773627473,MST
ST042,ST050,10.085,24.509,2.4302429350520574,MST
ST042,ST051,2.072,11.244,5.426640926640927,MST
ST042,ST052,2.348,6.919,2.946763202725724,MST
ST042,ST053,13.942,21.557,1.5461913642232104,MST
ST042,ST054,7.034,10.869,1.5452089849303383,MST
ST042,ST055,15.501000000000001,26.889,1.7346622798529125,MST
ST043,ST044,0.734,4.532,6.174386920980926,MST
ST043,ST045,0.671,0.671,1.0,MST
ST043,ST046,4.974,17.251,3.468234821069562,MST
ST043,ST047,3.278,10.103,3.0820622330689442,MST
ST043,ST048,1.307,6.542,5.0053557765876056,MST
ST043,ST049,7.593999999999999,9.514,1.2528311825125098,MST
ST043,ST050,3.48,13.398,3.85,MST
ST043,ST051,11.102,26.623000000000005,2.398036389839669,MST
ST043,ST052,7.723,28.644000000000005,3.7089214035996383,MST
ST043,ST053,6.728,10.446,1.552615933412604,MST
ST043,ST054,6.061,16.164,2.6668866523675963,MST
ST043,ST055,7.8260000000000005,9.886000000000001,1.2632251469460771,MST
ST044,ST045,1.383,5.203,3.7621113521330445,MST
ST044,ST046,5.675,15.915,2.8044052863436124,MST
ST044,ST047,3.99,8.767,2.1972431077694234,MST
ST044,ST048,2.008,5.206,2.5926294820717133,MST
ST044,ST049,7.512,8.178,1.0886581469648564,MST
ST044,ST050,4.192,12.062,2.877385496183206,MST
ST044,ST051,11.808,25.287,2.1415142276422765,MST
ST044,ST052,8.424,27.308,3.241690408357075,MST
ST044,ST053,6.997,9.11,1.301986565671002,MST
ST044,ST054,6.762,14.828,2.1928423543330378,MST
ST044,ST055,7.744,8.55,1.1040805785123968,MST
ST045,ST046,4.467,17.922,4.012088650100739,MST
ST045,ST047,2.631,10.774,4.095020904599012,MST
ST045,ST048,0.8,7.213000000000001,9.016250000000001,MST
ST045,ST049,7.847,10.184999999999999,1.2979482604817125,MST
ST045,ST050,2.833,14.068999999999999,4.966113660430638,MST
ST045,ST051,10.603000000000002,27.294000000000004,2.5741771196831085,MST
ST045,ST052,7.23,29.315000000000005,4.0546334716459205,MST
ST045,ST053,6.0569999999999995,11.116999999999999,1.8353970612514445,MST
ST045,ST054,5.553999999999999,16.835,3.0311487216420603,MST
ST045,ST055,7.392,10.557,1.4281655844155845,MST
ST046,ST047,3.069,11.431999999999999,3.7249918540241116,MST
ST046,ST048,3.667,17.924999999999997,4.888191982547041,MST
ST046,ST049,8.306,16.735,2.0148085721165425,MST
ST046,ST050,2.363,14.726999999999999,6.232331781633516,MST
ST046,ST051,10.12,11.546,1.1409090909090909,MST
ST046,ST052,7.317,13.567,1.8541752084187508,MST
ST046,ST053,6.393,11.774999999999999,1.8418582824964804,MST
ST046,ST054,1.087,1.087,1.0,MST
ST046,ST055,7.851,17.107,2.1789580945102536,MST
ST047,ST048,3.431,10.777000000000001,3.141066744389391,MST
ST047,ST049,6.569,9.587,1.4594306591566448,MST
ST047,ST050,0.729,7.579,10.396433470507544,MST
ST047,ST051,11.973,20.804,1.7375762131462456,MST
ST047,ST052,9.304,22.825,2.4532459157351676,MST
ST047,ST053,3.916,4.627,1.1815628192032686,MST
ST047,ST054,4.156,10.344999999999999,2.489172281039461,MST
ST047,ST055,6.114,9.959,1.6288845273143604,MST
ST048,ST049,8.647,10.187999999999999,1.1782120966809297,MST
ST048,ST050,3.182,14.072,4.422375864236329,MST
ST048,ST051,10.443,27.297000000000004,2.6139040505601843,MST
ST048,ST052,7.059,29.318000000000005,4.1532795013458,MST
ST048,ST053,6.856999999999999,11.12,1.621700452092752,MST
ST048,ST054,4.754,16.838,3.541859486748002,MST
ST048,ST055,8.192,10.56,1.2890625,MST
ST049,ST050,6.734,12.882,1.912978912978913,MST
ST049,ST051,17.384,26.107,1.501783248964565,MST
ST049,ST052,14.371,28.128,1.9572750678449655,MST
ST049,ST053,3.789,9.93,2.620744259699129,MST
ST049,ST054,9.392999999999999,15.648,1.6659214308527628,MST
ST049,ST055,0.676,9.37,13.860946745562128,MST
ST050,ST051,11.244,24.099000000000004,2.143276414087514,MST
ST050,ST052,8.77,26.120000000000005,2.978335233751426,MST
ST050,ST053,4.1739999999999995,7.922000000000001,1.8979396262577868,MST
ST050,ST054,3.45,13.64,3.953623188405797,MST
ST050,ST055,6.177,13.254000000000001,2.14570179698883,MST
ST051,ST052,3.384,12.855,3.798758865248227,MST
ST051,ST053,15.136000000000001,21.147,1.39713266384778,MST
ST051,ST054,9.033,10.459,1.1578656038968227,MST
ST051,ST055,16.929,26.479000000000003,1.5641207395593364,MST
ST052,ST053,12.357,23.168,1.874888727037307,MST
ST052,ST054,6.23,12.48,2.003210272873194,MST
ST052,ST055,13.916,28.500000000000004,2.048002299511354,MST
ST053,ST054,7.393,10.687999999999999,1.445691870688489,MST
ST053,ST055,3.334,10.302,3.08998200359928,MST
ST054,ST055,8.785,16.02,1.8235628912919748,MST
ST001,ST002,0.619,0.619,1.0,T2_SPANNER
ST001,ST003,6.8,8.495999999999999,1.2494117647058822,T2_SPANNER
ST001,ST004,3.811,3.811,1.0,T2_SPANNER
ST001,ST005,3.419,3.5229999999999997,1.0304182509505702,T2_SPANNER
ST001,ST006,7.161,7.2219999999999995,1.0085183633570731,T2_SPANNER
ST001,ST007,6.545,6.606,1.009320091673033,T2_SPANNER
ST001,ST008,8.055,8.165000000000001,1.0136561142147735,T2_SPANNER
ST001,ST009,8.887,9.589,1.0789917857544729,T2_SPANNER
ST001,ST010,11.633,12.024000000000001,1.0336112782601221,T2_SPANNER
ST001,ST011,4.454,4.558,1.023349797934441,T2_SPANNER
ST001,ST012,9.602,9.663,1.0063528431576754,T2_SPANNER
ST001,ST013,9.482,9.482,1.0,T2_SPANNER
ST001,ST014,10.345,10.395,1.0048332527791202,T2_SPANNER
ST001,ST015,11.924,11.924,1.0,T2_SPANNER
ST001,ST016,10.361,11.879999999999999,1.1466074703213973,T2_SPANNER
ST001,ST017,5.41,5.471,1.011275415896488,T2_SPANNER
ST001,ST018,6.58,6.58,1.0,T2_SPANNER
ST001,ST019,6.5889999999999995,6.5889999999999995,1.0,T2_SPANNER
ST001,ST020,7.875,8.529,1.083047619047619,T2_SPANNER
ST001,ST021,9.161000000000001,9.353,1.0209584106538585,T2_SPANNER
ST001,ST022,9.935,11.07,1.1142425767488675,T2_SPANNER
ST001,ST023,4.925,4.925,1.0,T2_SPANNER
ST001,ST024,12.299999999999999,13.841999999999999,1.1253658536585365,T2_SPANNER
ST001,ST025,13.215,13.276,1.0046159667045025,T2_SPANNER
ST001,ST026,11.399000000000001,11.42,1.0018422668655145,T2_SPANNER
ST001,ST027,11.022,11.043,1.001905280348394,T2_SPANNER
ST001,ST028,11.775,13.136,1.1155838641188958,T2_SPANNER
ST001,ST029,8.007,8.007,1.0,T2_SPANNER
ST001,ST030,5.974,6.207,1.0390023434884499,T2_SPANNER
ST001,ST031,4.665,4.726,1.0130760986066452,T2_SPANNER
ST001,ST032,9.175,9.824,1.070735694822888,T2_SPANNER
ST001,ST033,9.479,10.106,1.0661462179554806,T2_SPANNER
ST001,ST034,8.216000000000001,9.798,1.1925511197663095,T2_SPANNER
ST001,ST035,7.8629999999999995,9.445,1.20119547246598,T2_SPANNER
ST001,ST036,8.507,10.532,1.238039261784413,T2_SPANNER
ST001,ST037,8.983,12.854,1.4309250807080038,T2_SPANNER
ST001,ST038,9.128,9.128,1.0,T2_SPANNER
ST001,ST039,8.889,9.225999999999999,1.0379120260996737,T2_SPANNER
ST001,ST040,5.747,5.797,1.0087001914042109,T2_SPANNER
ST001,ST041,10.347999999999999,10.916,1.0548898337843062,T2_SPANNER
ST001,ST042,7.559,7.559,1.0,T2_SPANNER
ST001,ST043,7.173,7.968999999999999,1.110971699428412,T2_SPANNER
ST001,ST044,7.885,8.681,1.1009511731135067,T2_SPANNER
ST001,ST045,6.502,7.297999999999999,1.122423869578591,T2_SPANNER
ST001,ST046,2.998,3.7439999999999998,1.248832555036691,T2_SPANNER
ST001,ST047,5.936999999999999,6.856999999999999,1.1549604177193868,T2_SPANNER
ST001,ST048,6.497999999999999,6.497999999999999,1.0,T2_SPANNER
ST001,ST049,11.303999999999998,12.049999999999999,1.065994338287332,T2_SPANNER
ST001,ST050,5.361000000000001,5.553,1.0358142137660882,T2_SPANNER
ST001,ST051,8.36,8.421,1.0072966507177032,T2_SPANNER
ST001,ST052,6.035,6.11,1.012427506213753,T2_SPANNER
ST001,ST053,9.285,10.165,1.0947765212708669,T2_SPANNER
ST001,ST054,1.911,3.069,1.6059654631083202,T2_SPANNER
ST001,ST055,10.682,11.73,1.0981089683579854,T2_SPANNER
ST002,ST003,6.181,7.877,1.2743892574017148,T2_SPANNER
ST002,ST004,3.192,3.192,1.0,T2_SPANNER
ST002,ST005,2.8,2.904,1.0371428571428571,T2_SPANNER
ST002,ST006,6.542,6.776,1.0357688780189545,T2_SPANNER
ST002,ST007,5.926,7.225,1.2192035099561254,T2_SPANNER
ST002,ST008,7.436,8.163,1.0977676169983863,T2_SPANNER
ST002,ST009,8.268,9.253,1.1191340106434444,T2_SPANNER
ST002,ST010,11.014,12.632,1.1469039404394408,T2_SPANNER
ST002,ST011,3.835,3.939,1.0271186440677966,T2_SPANNER
ST002,ST012,8.983,10.282,1.1446064789045975,T2_SPANNER
ST002,ST013,8.913,10.100999999999999,1.1332884550656344,T2_SPANNER
ST002,ST014,9.776,9.776,1.0,T2_SPANNER
ST002,ST015,11.305,11.305,1.0,T2_SPANNER
ST002,ST016,9.742,11.261,1.155922808458222,T2_SPANNER
ST002,ST017,4.791,6.09,1.2711333750782716,T2_SPANNER
ST002,ST018,5.961,5.961,1.0,T2_SPANNER
ST002,ST019,5.97,5.97,1.0,T2_SPANNER
ST002,ST020,7.256,7.91,1.0901323042998898,T2_SPANNER
ST002,ST021,8.542,8.734,1.022477171622571,T2_SPANNER
ST002,ST022,9.315999999999999,10.451,1.1218334048948049,T2_SPANNER
ST002,ST023,4.306,4.306,1.0,T2_SPANNER
ST002,ST024,11.681,14.018999999999998,1.2001540963958566,T2_SPANNER
ST002,ST025,12.596,13.453,1.068037472213401,T2_SPANNER
ST002,ST026,10.780000000000001,12.039,1.116790352504638,T2_SPANNER
ST002,ST027,10.403,11.661999999999999,1.1210227818898393,T2_SPANNER
ST002,ST028,11.156,13.754999999999999,1.2329688060236643,T2_SPANNER
ST002,ST029,8.350999999999999,8.350999999999999,1.0,T2_SPANNER
ST002,ST030,5.355,5.588,1.0435107376283845,T2_SPANNER
ST002,ST031,4.046,5.345,1.3210578348986652,T2_SPANNER
ST002,ST032,8.556,9.205,1.0758532024310428,T2_SPANNER
ST002,ST033,8.86,9.487,1.0707674943566592,T2_SPANNER
ST002,ST034,7.597,9.179,1.2082400947742529,T2_SPANNER
ST002,ST035,7.244,8.826,1.218387631143015,T2_SPANNER
ST002,ST036,7.888,10.292,1.304766734279919,T2_SPANNER
ST002,ST037,8.364,12.235,1.4628168340506933,T2_SPANNER
ST002,ST038,8.509,8.509,1.0,T2_SPANNER
ST002,ST039,8.284,8.607,1.0389908256880733,T2_SPANNER
ST002,ST040,5.178,5.178,1.0,T2_SPANNER
ST002,ST041,9.729,10.297,1.0583821564395108,T2_SPANNER
ST002,ST042,6.94,6.94,1.0,T2_SPANNER
ST002,ST043,6.554,7.35,1.121452548062252,T2_SPANNER
ST002,ST044,7.266,8.062,1.109551334984861,T2_SPANNER
ST002,ST045,5.883,6.678999999999999,1.135305116437192,T2_SPANNER
ST002,ST046,2.379,3.125,1.3135771332492645,T2_SPANNER
ST002,ST047,5.318,6.2379999999999995,1.1729973674313652,T2_SPANNER
ST002,ST048,5.879,5.879,1.0,T2_SPANNER
ST002,ST049,10.684999999999999,11.431,1.0698175011698643,T2_SPANNER
ST002,ST050,4.742,4.934,1.040489245044285,T2_SPANNER
ST002,ST051,7.741,9.012,1.1641906730396592,T2_SPANNER
ST002,ST052,5.430000000000001,6.729,1.2392265193370164,T2_SPANNER
ST002,ST053,8.666,9.546,1.1015462727902146,T2_SPANNER
ST002,ST054,1.292,3.6879999999999997,2.854489164086687,T2_SPANNER
ST002,ST055,10.063,11.111,1.1041438934711318,T2_SPANNER
ST003,ST004,4.263,4.685,1.0989913206661974,T2_SPANNER
ST003,ST005,4.21,5.476,1.3007125890736342,T2_SPANNER
ST003,ST006,12.193999999999999,13.2,1.0824995899622765,T2_SPANNER
ST003,ST007,11.892,12.584,1.0581903800874537,T2_SPANNER
ST003,ST008,13.004999999999999,13.969999999999999,1.0742022299115725,T2_SPANNER
ST003,ST009,13.838,15.032,1.0862841451076746,T2_SPANNER
ST003,ST010,16.573999999999998,16.996,1.0254615663086764,T2_SPANNER
ST003,ST011,3.1750000000000003,4.442,1.3990551181102362,T2_SPANNER
ST003,ST012,14.213,14.634999999999998,1.029691127840709,T2_SPANNER
ST003,ST013,14.001,15.46,1.1042068423684024,T2_SPANNER
ST003,ST014,15.514999999999999,16.014999999999997,1.0322268772155978,T2_SPANNER
ST003,ST015,17.486,19.182,1.0969918792176596,T2_SPANNER
ST003,ST016,15.472000000000001,17.634,1.139736297828335,T2_SPANNER
ST003,ST017,10.538,11.449,1.0864490415638641,T2_SPANNER
ST003,ST018,4.966,6.145,1.2374144180426903,T2_SPANNER
ST003,ST019,4.507,5.727,1.2706900377191037,T2_SPANNER
ST003,ST020,4.917999999999999,5.193,1.0559170394469297,T2_SPANNER
ST003,ST021,2.859,5.904,2.0650577124868836,T2_SPANNER
ST003,ST022,3.668,5.84,1.5921483097055615,T2_SPANNER
ST003,ST023,4.569,4.569,1.0,T2_SPANNER
ST003,ST024,17.862000000000002,19.826,1.1099540924868434,T2_SPANNER
ST003,ST025,17.835,19.259999999999998,1.0798990748528172,T2_SPANNER
ST003,ST026,15.939,17.398,1.0915364828408307,T2_SPANNER
ST003,ST027,15.562,16.055,1.0316797326821745,T2_SPANNER
ST003,ST028,16.302,17.881,1.0968592810698075,T2_SPANNER
ST003,ST029,12.806000000000001,14.723999999999998,1.1497735436514132,T2_SPANNER
ST003,ST030,10.67,11.948,1.1197750702905342,T2_SPANNER
ST003,ST031,8.26,10.928999999999998,1.3231234866828085,T2_SPANNER
ST003,ST032,2.946,2.946,1.0,T2_SPANNER
ST003,ST033,4.416,5.027,1.1383605072463767,T2_SPANNER
ST003,ST034,9.663,10.29,1.0648866811549207,T2_SPANNER
ST003,ST035,9.31,9.937000000000001,1.0673469387755103,T2_SPANNER
ST003,ST036,9.954,10.555,1.0603777375929273,T2_SPANNER
ST003,ST037,9.617,10.966000000000001,1.1402724342310493,T2_SPANNER
ST003,ST038,13.952,15.734,1.1277236238532111,T2_SPANNER
ST003,ST039,13.803999999999998,14.536000000000001,1.0530281077948422,T2_SPANNER
ST003,ST040,9.633000000000001,11.550999999999998,1.1991072355444823,T2_SPANNER
ST003,ST041,14.026,14.945999999999998,1.0655924711250533,T2_SPANNER
ST003,ST042,12.265,13.203,1.0764777823073786,T2_SPANNER
ST003,ST043,4.734,4.739,1.001056189269117,T2_SPANNER
ST003,ST044,4.512,4.512,1.0,T2_SPANNER
ST003,ST045,4.063,5.41,1.33152842727049,T2_SPANNER
ST003,ST046,4.543,5.422,1.1934844816200747,T2_SPANNER
ST003,ST047,2.142,2.142,1.0,T2_SPANNER
ST003,ST048,4.8629999999999995,4.872,1.0018507094386182,T2_SPANNER
ST003,ST049,5.138,6.279999999999999,1.2222654729466718,T2_SPANNER
ST003,ST050,2.18,5.437,2.494036697247706,T2_SPANNER
ST003,ST051,13.376000000000001,15.274999999999999,1.1419706937799041,T2_SPANNER
ST003,ST052,10.95,11.915,1.0881278538812786,T2_SPANNER
ST003,ST053,2.485,2.485,1.0,T2_SPANNER
ST003,ST054,5.63,6.5089999999999995,1.1561278863232682,T2_SPANNER
ST003,ST055,4.683,4.683,1.0,T2_SPANNER
ST004,ST005,1.874,4.113,2.194770544290288,T2_SPANNER
ST004,ST006,8.466,8.515,1.0057878573115995,T2_SPANNER
ST004,ST007,7.85,7.899,1.0062420382165607,T2_SPANNER
ST004,ST008,8.741999999999999,9.458,1.0819034545870512,T2_SPANNER
ST004,ST009,9.575,10.882,1.1365013054830289,T2_SPANNER
ST004,ST010,12.311,12.311,1.0,T2_SPANNER
ST004,ST011,2.231,3.0780000000000003,1.3796503809950698,T2_SPANNER
ST004,ST012,9.95,9.95,1.0,T2_SPANNER
ST004,ST013,10.767,10.775,1.0007430110522895,T2_SPANNER
ST004,ST014,11.329999999999998,11.329999999999998,1.0,T2_SPANNER
ST004,ST015,14.497,14.497,1.0,T2_SPANNER
ST004,ST016,11.55,13.26,1.148051948051948,T2_SPANNER
ST004,ST017,6.764,6.764,1.0,T2_SPANNER
ST004,ST018,3.3680000000000003,6.969,2.0691805225653206,T2_SPANNER
ST004,ST019,2.926,6.4190000000000005,2.1937799043062203,T2_SPANNER
ST004,ST020,4.663,6.265000000000001,1.3435556508685396,T2_SPANNER
ST004,ST021,5.883,5.883,1.0,T2_SPANNER
ST004,ST022,6.657,9.248000000000001,1.3892143608231937,T2_SPANNER
ST004,ST023,1.713,7.498,4.377116170461179,T2_SPANNER
ST004,ST024,14.235,15.314,1.075799086757991,T2_SPANNER
ST004,ST025,13.669,14.748000000000001,1.0789377423366742,T2_SPANNER
ST004,ST026,11.747,12.713000000000001,1.0822337618115265,T2_SPANNER
ST004,ST027,11.37,11.37,1.0,T2_SPANNER
ST004,ST028,13.012,14.429,1.108899477405472,T2_SPANNER
ST004,ST029,9.373999999999999,11.543000000000001,1.2313846810326436,T2_SPANNER
ST004,ST030,7.077,8.780000000000001,1.2406386887099055,T2_SPANNER
ST004,ST031,3.997,8.536999999999999,2.1358518889166875,T2_SPANNER
ST004,ST032,5.657,6.354,1.1232101820753049,T2_SPANNER
ST004,ST033,6.271,7.873,1.255461648859831,T2_SPANNER
ST004,ST034,5.987,5.987,1.0,T2_SPANNER
ST004,ST035,5.634,5.634,1.0,T2_SPANNER
ST004,ST036,6.252,11.825,1.8913947536788227,T2_SPANNER
ST004,ST037,6.728,11.790000000000001,1.7523781212841858,T2_SPANNER
ST004,ST038,9.841000000000001,11.049,1.122751752870643,T2_SPANNER
ST004,ST039,9.541,11.147,1.1683261712608741,T2_SPANNER
ST004,ST040,6.399,8.370000000000001,1.308016877637131,T2_SPANNER
ST004,ST041,10.89,11.954999999999998,1.0977961432506884,T2_SPANNER
ST004,ST042,8.272,9.48,1.1460348162475822,T2_SPANNER
ST004,ST043,3.945,5.563000000000001,1.4101394169835237,T2_SPANNER
ST004,ST044,4.673,6.275,1.3428204579499252,T2_SPANNER
ST004,ST045,3.29,6.234000000000001,1.8948328267477206,T2_SPANNER
ST004,ST046,1.366,4.446,3.254758418740849,T2_SPANNER
ST004,ST047,2.617,6.827,2.6087122659533817,T2_SPANNER
ST004,ST048,3.286,5.7330000000000005,1.7446743761412054,T2_SPANNER
ST004,ST049,7.854,10.853,1.381843646549529,T2_SPANNER
ST004,ST050,2.083,2.083,1.0,T2_SPANNER
ST004,ST051,10.071,11.18,1.110118161056499,T2_SPANNER
ST004,ST052,6.686999999999999,7.4030000000000005,1.107073426050546,T2_SPANNER
ST004,ST053,6.257,7.17,1.1459165734377497,T2_SPANNER
ST004,ST054,2.4530000000000003,3.518,1.4341622503057478,T2_SPANNER
ST004,ST055,7.399,8.26,1.1163670766319773,T2_SPANNER
ST005,ST006,8.471,8.471,1.0,T2_SPANNER
ST005,ST007,8.514,8.63,1.0136246182757813,T2_SPANNER
ST005,ST008,9.522,9.522,1.0,T2_SPANNER
ST005,ST009,10.355,11.07,1.0690487687107677,T2_SPANNER
ST005,ST010,12.924,14.004,1.083565459610028,T2_SPANNER
ST005,ST011,1.035,1.035,1.0,T2_SPANNER
ST005,ST012,10.931000000000001,13.186,1.2062940261641202,T2_SPANNER
ST005,ST013,10.277999999999999,13.004999999999999,1.2653239929947462,T2_SPANNER
ST005,ST014,11.593,12.68,1.0937634779608385,T2_SPANNER
ST005,ST015,14.105,14.209,1.0073732718894008,T2_SPANNER
ST005,ST016,11.420000000000002,12.633,1.1062171628721538,T2_SPANNER
ST005,ST017,7.16,7.558,1.0555865921787708,T2_SPANNER
ST005,ST018,4.208,6.430999999999999,1.5282794676806082,T2_SPANNER
ST005,ST019,4.217,4.376,1.0377045292862226,T2_SPANNER
ST005,ST020,5.8870000000000005,6.046,1.0270086631561066,T2_SPANNER
ST005,ST021,5.83,5.83,1.0,T2_SPANNER
ST005,ST022,6.603999999999999,7.686,1.1638400969109632,T2_SPANNER
ST005,ST023,2.553,5.683,2.226008617312965,T2_SPANNER
ST005,ST024,14.481,15.378,1.061943235964367,T2_SPANNER
ST005,ST025,14.257,14.812000000000001,1.0389282457740059,T2_SPANNER
ST005,ST026,12.216,14.943,1.2232318271119844,T2_SPANNER
ST005,ST027,11.838999999999999,14.315999999999999,1.2092237520060816,T2_SPANNER
ST005,ST028,12.879999999999999,12.879999999999999,1.0,T2_SPANNER
ST005,ST029,9.242,9.722999999999999,1.0520450119021854,T2_SPANNER
ST005,ST030,6.947,6.947,1.0,T2_SPANNER
ST005,ST031,4.886,8.248999999999999,1.68829308227589,T2_SPANNER
ST005,ST032,6.2940000000000005,6.301,1.0011121703209405,T2_SPANNER
ST005,ST033,7.767,7.819999999999999,1.006823741470323,T2_SPANNER
ST005,ST034,6.876,8.262,1.2015706806282722,T2_SPANNER
ST005,ST035,6.523,7.909,1.21247892074199,T2_SPANNER
ST005,ST036,7.141,11.669,1.6340848620641368,T2_SPANNER
ST005,ST037,7.617,10.857,1.4253643166601022,T2_SPANNER
ST005,ST038,10.229,11.413,1.115749340111448,T2_SPANNER
ST005,ST039,10.327,11.511,1.1146509150769826,T2_SPANNER
ST005,ST040,6.55,6.55,1.0,T2_SPANNER
ST005,ST041,9.945,9.945,1.0,T2_SPANNER
ST005,ST042,8.542,9.844000000000001,1.1524233200655585,T2_SPANNER
ST005,ST043,5.481999999999999,5.498,1.0029186428310837,T2_SPANNER
ST005,ST044,6.181,6.2219999999999995,1.0066332308687913,T2_SPANNER
ST005,ST045,4.8629999999999995,6.031,1.2401809582562204,T2_SPANNER
ST005,ST046,0.508,2.5949999999999998,5.108267716535432,T2_SPANNER
ST005,ST047,2.676,3.334,1.2458893871449925,T2_SPANNER
ST005,ST048,4.175,5.231,1.252934131736527,T2_SPANNER
ST005,ST049,8.764,9.903,1.129963486992241,T2_SPANNER
ST005,ST050,2.03,2.03,1.0,T2_SPANNER
ST005,ST051,10.541,11.136,1.056446257470828,T2_SPANNER
ST005,ST052,7.5760000000000005,8.197,1.0819693769799366,T2_SPANNER
ST005,ST053,5.885,6.642,1.1286321155480035,T2_SPANNER
ST005,ST054,1.508,1.508,1.0,T2_SPANNER
ST005,ST055,8.206999999999999,8.206999999999999,1.0,T2_SPANNER
ST006,ST007,0.616,0.616,1.0,T2_SPANNER
ST006,ST008,1.951,1.951,1.0,T2_SPANNER
ST006,ST009,2.599,2.599,1.0,T2_SPANNER
ST006,ST010,8.397,8.6,1.0241753007026317,T2_SPANNER
ST006,ST011,9.333,9.367,1.0036429872495447,T2_SPANNER
ST006,ST012,8.139,9.434,1.1591104558299545,T2_SPANNER
ST006,ST013,8.849,9.575,1.0820431687196292,T2_SPANNER
ST006,ST014,9.518999999999998,10.814,1.1360437020695453,T2_SPANNER
ST006,ST015,6.311,8.462,1.3408334653779115,T2_SPANNER
ST006,ST016,4.19,5.976999999999999,1.4264916467780426,T2_SPANNER
ST006,ST017,1.97,2.418,1.2274111675126904,T2_SPANNER
ST006,ST018,8.359,11.886000000000001,1.4219404234956337,T2_SPANNER
ST006,ST019,8.03,12.105,1.50747198007472,T2_SPANNER
ST006,ST020,9.694,12.462,1.2855374458427893,T2_SPANNER
ST006,ST021,13.761999999999999,14.161999999999999,1.0290655427990119,T2_SPANNER
ST006,ST022,13.718,15.682,1.1431695582446422,T2_SPANNER
ST006,ST023,8.08,10.982,1.3591584158415841,T2_SPANNER
ST006,ST024,6.687,8.086,1.209211903693734,T2_SPANNER
ST006,ST025,6.309,7.5200000000000005,1.1919480107782534,T2_SPANNER
ST006,ST026,8.185,9.496,1.160171044593769,T2_SPANNER
ST006,ST027,8.014,8.014,1.0,T2_SPANNER
ST006,ST028,7.615,8.926,1.1721602101116217,T2_SPANNER
ST006,ST029,3.2479999999999998,3.47,1.0683497536945814,T2_SPANNER
ST006,ST030,2.299,2.299,1.0,T2_SPANNER
ST006,ST031,4.468999999999999,9.012,2.0165585142089957,T2_SPANNER
ST006,ST032,11.421,14.633,1.2812363190613782,T2_SPANNER
ST006,ST033,11.281,13.154,1.166031380196791,T2_SPANNER
ST006,ST034,5.936,6.05,1.0192048517520216,T2_SPANNER
ST006,ST035,5.582999999999999,5.614,1.0055525703027048,T2_SPANNER
ST006,ST036,6.226999999999999,6.4190000000000005,1.030833467159146,T2_SPANNER
ST006,ST037,6.702999999999999,6.895,1.0286438907951663,T2_SPANNER
ST006,ST038,2.199,3.343,1.520236471123238,T2_SPANNER
ST006,ST039,2.245,3.391,1.5104677060133629,T2_SPANNER
ST006,ST040,3.134,6.643000000000001,2.1196553924696877,T2_SPANNER
ST006,ST041,3.951,6.747,1.7076689445709947,T2_SPANNER
ST006,ST042,0.594,4.737,7.974747474747475,T2_SPANNER
ST006,ST043,8.959,12.389,1.3828552293782788,T2_SPANNER
ST006,ST044,9.693,13.067,1.3480862478076963,T2_SPANNER
ST006,ST045,8.46,11.718,1.3851063829787233,T2_SPANNER
ST006,ST046,8.05,8.05,1.0,T2_SPANNER
ST006,ST047,10.742999999999999,11.552,1.0753048496695523,T2_SPANNER
ST006,ST048,8.3,12.518,1.5081927710843372,T2_SPANNER
ST006,ST049,15.919999999999998,16.356,1.027386934673367,T2_SPANNER
ST006,ST050,10.014,10.362,1.0347513481126425,T2_SPANNER
ST006,ST051,2.665,2.665,1.0,T2_SPANNER
ST006,ST052,1.779,1.779,1.0,T2_SPANNER
ST006,ST053,14.136,15.113,1.0691143180531975,T2_SPANNER
ST006,ST054,6.963,6.963,1.0,T2_SPANNER
ST006,ST055,15.695,16.539,1.0537750876075185,T2_SPANNER
ST007,ST008,2.567,2.567,1.0,T2_SPANNER
ST007,ST009,3.2150000000000003,3.2150000000000003,1.0,T2_SPANNER
ST007,ST010,9.013,9.216,1.0225230223011206,T2_SPANNER
ST007,ST011,8.717,9.665,1.108753011357118,T2_SPANNER
ST007,ST012,8.754999999999999,10.049999999999999,1.1479154768703599,T2_SPANNER
ST007,ST013,9.465,10.190999999999999,1.076703645007924,T2_SPANNER
ST007,ST014,10.134999999999998,11.43,1.1277750370004935,T2_SPANNER
ST007,ST015,6.924,8.468,1.2229924898902367,T2_SPANNER
ST007,ST016,4.806,5.361,1.1154806491885143,T2_SPANNER
ST007,ST017,1.354,1.802,1.3308714918759232,T2_SPANNER
ST007,ST018,7.798,12.020999999999999,1.5415491151577325,T2_SPANNER
ST007,ST019,8.073,12.03,1.490152359717577,T2_SPANNER
ST007,ST020,9.545000000000002,12.475,1.3069669984284964,T2_SPANNER
ST007,ST021,13.145999999999999,13.782,1.0483797352806938,T2_SPANNER
ST007,ST022,13.102,15.288,1.1668447565257212,T2_SPANNER
ST007,ST023,7.584,10.366,1.3668248945147679,T2_SPANNER
ST007,ST024,7.300000000000001,8.59,1.176712328767123,T2_SPANNER
ST007,ST025,6.925,8.136000000000001,1.1748736462093865,T2_SPANNER
ST007,ST026,8.801,8.88,1.008976252698557,T2_SPANNER
ST007,ST027,8.629999999999999,8.629999999999999,1.0,T2_SPANNER
ST007,ST028,8.231,8.31,1.0095978617421941,T2_SPANNER
ST007,ST029,3.864,4.086,1.0574534161490685,T2_SPANNER
ST007,ST030,1.683,1.683,1.0,T2_SPANNER
ST007,ST031,3.8529999999999998,8.793000000000001,2.2821178302621337,T2_SPANNER
ST007,ST032,11.463999999999999,14.253,1.2432833217027217,T2_SPANNER
ST007,ST033,11.185,12.538,1.1209655789003128,T2_SPANNER
ST007,ST034,5.32,5.434,1.0214285714285714,T2_SPANNER
ST007,ST035,4.967,4.998,1.0062411918663179,T2_SPANNER
ST007,ST036,5.611,6.8629999999999995,1.2231331313491356,T2_SPANNER
ST007,ST037,6.087,7.511,1.2339411861343847,T2_SPANNER
ST007,ST038,2.815,3.9590000000000005,1.4063943161634105,T2_SPANNER
ST007,ST039,2.861,4.007000000000001,1.4005592450192241,T2_SPANNER
ST007,ST040,3.004,7.259,2.416444740346205,T2_SPANNER
ST007,ST041,4.567,6.131,1.3424567549813882,T2_SPANNER
ST007,ST042,1.21,4.518000000000001,3.7338842975206616,T2_SPANNER
ST007,ST043,8.886,11.773,1.3248930902543328,T2_SPANNER
ST007,ST044,9.587,12.485,1.3022843433816627,T2_SPANNER
ST007,ST045,8.393,11.102,1.322768974145121,T2_SPANNER
ST007,ST046,8.093,8.209,1.014333374521191,T2_SPANNER
ST007,ST047,10.358,10.936,1.0558022784321297,T2_SPANNER
ST007,ST048,8.222,11.902000000000001,1.4475796643152519,T2_SPANNER
ST007,ST049,15.534,16.515,1.063151796060255,T2_SPANNER
ST007,ST050,9.712,9.982,1.027800658978583,T2_SPANNER
ST007,ST051,3.281,3.281,1.0,T2_SPANNER
ST007,ST052,1.163,1.163,1.0,T2_SPANNER
ST007,ST053,13.52,15.068999999999999,1.1145710059171596,T2_SPANNER
ST007,ST054,7.006,7.122,1.0165572366542963,T2_SPANNER
ST007,ST055,15.079,16.159,1.07162278665694,T2_SPANNER
ST008,ST009,1.712,4.550000000000001,2.6577102803738324,T2_SPANNER
ST008,ST010,9.519,10.324,1.0845677066918793,T2_SPANNER
ST008,ST011,9.982,10.556999999999999,1.0576036866359446,T2_SPANNER
ST008,ST012,9.058,11.385,1.2568999779200707,T2_SPANNER
ST008,ST013,9.875,11.042,1.1181772151898735,T2_SPANNER
ST008,ST014,10.437999999999999,11.846,1.134891741712972,T2_SPANNER
ST008,ST015,6.807,8.350999999999999,1.226825326869399,T2_SPANNER
ST008,ST016,5.244,5.244,1.0,T2_SPANNER
ST008,ST017,2.645,2.694,1.0185255198487713,T2_SPANNER
ST008,ST018,8.593,12.109,1.4091702548586058,T2_SPANNER
ST008,ST019,9.07,11.425,1.2596471885336273,T2_SPANNER
ST008,ST020,10.251000000000001,10.511,1.0253633791825185,T2_SPANNER
ST008,ST021,14.038,14.865000000000002,1.0589115258583846,T2_SPANNER
ST008,ST022,13.994,16.18,1.1562098042018008,T2_SPANNER
ST008,ST023,8.475999999999999,10.454,1.2333647947144881,T2_SPANNER
ST008,ST024,7.183000000000001,8.472999999999999,1.1795907002645132,T2_SPANNER
ST008,ST025,7.469,8.248999999999999,1.104431650823403,T2_SPANNER
ST008,ST026,9.104,9.104,1.0,T2_SPANNER
ST008,ST027,8.933,9.965,1.1155266987574164,T2_SPANNER
ST008,ST028,8.534,8.534,1.0,T2_SPANNER
ST008,ST029,4.389,5.421,1.2351332877648666,T2_SPANNER
ST008,ST030,2.575,2.575,1.0,T2_SPANNER
ST008,ST031,4.745,9.685,2.041095890410959,T2_SPANNER
ST008,ST032,12.461,13.402,1.0755156086991413,T2_SPANNER
ST008,ST033,10.699,11.321,1.05813627441817,T2_SPANNER
ST008,ST034,5.212,6.3260000000000005,1.2137375287797392,T2_SPANNER
ST008,ST035,4.859,5.890000000000001,1.2121835768676683,T2_SPANNER
ST008,ST036,4.468,4.468,1.0,T2_SPANNER
ST008,ST037,4.944,4.944,1.0,T2_SPANNER
ST008,ST038,1.312,5.2940000000000005,4.035060975609756,T2_SPANNER
ST008,ST039,1.41,5.3420000000000005,3.7886524822695042,T2_SPANNER
ST008,ST040,4.106,8.594000000000001,2.093034583536289,T2_SPANNER
ST008,ST041,5.243,7.023,1.3395002860957466,T2_SPANNER
ST008,ST042,2.105,5.41,2.5700712589073635,T2_SPANNER
ST008,ST043,9.778,11.093,1.1344855798731845,T2_SPANNER
ST008,ST044,9.845,11.116,1.129101066531234,T2_SPANNER
ST008,ST045,9.285,10.5,1.1308562197092085,T2_SPANNER
ST008,ST046,9.100999999999999,9.100999999999999,1.0,T2_SPANNER
ST008,ST047,11.359000000000002,11.828,1.0412888458491063,T2_SPANNER
ST008,ST048,9.114,11.3,1.2398507790212858,T2_SPANNER
ST008,ST049,16.426,17.406999999999996,1.059722391330817,T2_SPANNER
ST008,ST050,10.825000000000001,11.065000000000001,1.0221709006928406,T2_SPANNER
ST008,ST051,3.584,4.616,1.2879464285714284,T2_SPANNER
ST008,ST052,2.055,2.055,1.0,T2_SPANNER
ST008,ST053,14.412,16.163999999999998,1.121565362198168,T2_SPANNER
ST008,ST054,8.014,8.014,1.0,T2_SPANNER
ST008,ST055,15.971,17.242,1.079581741907207,T2_SPANNER
ST009,ST010,9.691,10.116,1.0438551233102877,T2_SPANNER
ST009,ST011,10.815,11.966000000000001,1.1064262598243182,T2_SPANNER
ST009,ST012,9.23,11.847999999999999,1.283640303358613,T2_SPANNER
ST009,ST013,9.533,11.214,1.1763348368824085,T2_SPANNER
ST009,ST014,10.61,12.018,1.1327049952874648,T2_SPANNER
ST009,ST015,5.902,5.902,1.0,T2_SPANNER
ST009,ST016,4.339,4.882,1.1251440424060841,T2_SPANNER
ST009,ST017,3.477,5.017,1.4429105550762154,T2_SPANNER
ST009,ST018,9.523,11.995000000000001,1.2595820644754805,T2_SPANNER
ST009,ST019,10.0,12.093,1.2093,T2_SPANNER
ST009,ST020,10.26,12.324,1.2011695906432749,T2_SPANNER
ST009,ST021,14.870999999999999,15.881,1.067917423172618,T2_SPANNER
ST009,ST022,14.827,15.683,1.0577325150064072,T2_SPANNER
ST009,ST023,9.309,10.463000000000001,1.1239660543559997,T2_SPANNER
ST009,ST024,6.2780000000000005,6.788,1.0812360624402675,T2_SPANNER
ST009,ST025,6.963,6.963,1.0,T2_SPANNER
ST009,ST026,9.276,9.276,1.0,T2_SPANNER
ST009,ST027,9.105,10.427999999999999,1.145304777594728,T2_SPANNER
ST009,ST028,7.906,10.523,1.3310144194282822,T2_SPANNER
ST009,ST029,4.562,4.967,1.0887768522577814,T2_SPANNER
ST009,ST030,3.408,4.898000000000001,1.4372065727699532,T2_SPANNER
ST009,ST031,5.577999999999999,6.588,1.1810684833273577,T2_SPANNER
ST009,ST032,12.789,12.789,1.0,T2_SPANNER
ST009,ST033,10.708,10.708,1.0,T2_SPANNER
ST009,ST034,5.311,8.649000000000001,1.6285068725287142,T2_SPANNER
ST009,ST035,5.085,8.213000000000001,1.6151425762045233,T2_SPANNER
ST009,ST036,4.477,4.477,1.0,T2_SPANNER
ST009,ST037,4.953,5.710999999999999,1.1530385624873811,T2_SPANNER
ST009,ST038,0.744,0.744,1.0,T2_SPANNER
ST009,ST039,0.792,0.792,1.0,T2_SPANNER
ST009,ST040,4.939,5.511,1.1158129175946547,T2_SPANNER
ST009,ST041,4.947,6.138,1.2407519708914494,T2_SPANNER
ST009,ST042,2.781,2.781,1.0,T2_SPANNER
ST009,ST043,9.831,10.589,1.0771030413996543,T2_SPANNER
ST009,ST044,9.854,11.125,1.1289831540491173,T2_SPANNER
ST009,ST045,9.928,11.26,1.1341659951651892,T2_SPANNER
ST009,ST046,9.934,10.649000000000001,1.0719750352325348,T2_SPANNER
ST009,ST047,12.192,13.842,1.1353346456692914,T2_SPANNER
ST009,ST048,9.947,11.835,1.1898059716497438,T2_SPANNER
ST009,ST049,17.181,17.288,1.0062278097898842,T2_SPANNER
ST009,ST050,11.658,12.866000000000001,1.1036198318751074,T2_SPANNER
ST009,ST051,3.757,4.515,1.2017567207878626,T2_SPANNER
ST009,ST052,2.888,4.378,1.5159279778393353,T2_SPANNER
ST009,ST053,15.245,16.943,1.111380780583798,T2_SPANNER
ST009,ST054,8.847,9.562000000000001,1.0808183565050302,T2_SPANNER
ST009,ST055,16.804,17.377,1.0340990240418948,T2_SPANNER
ST010,ST011,13.551,15.038999999999998,1.1098073942882443,T2_SPANNER
ST010,ST012,2.361,2.361,1.0,T2_SPANNER
ST010,ST013,2.646,3.158,1.1934996220710508,T2_SPANNER
ST010,ST014,1.525,3.741,2.453114754098361,T2_SPANNER
ST010,ST015,11.921,12.314,1.032967032967033,T2_SPANNER
ST010,ST016,9.129999999999999,13.527000000000001,1.4815991237677988,T2_SPANNER
ST010,ST017,9.126000000000001,9.432,1.0335305719921104,T2_SPANNER
ST010,ST018,13.603,16.028,1.1782694993751377,T2_SPANNER
ST010,ST019,14.08,16.66,1.1832386363636365,T2_SPANNER
ST010,ST020,15.286,15.591999999999999,1.0200183174146278,T2_SPANNER
ST010,ST021,18.194,18.194,1.0,T2_SPANNER
ST010,ST022,18.907,21.098,1.115883006293965,T2_SPANNER
ST010,ST023,13.389,16.671,1.2451265964597804,T2_SPANNER
ST010,ST024,11.545,11.545,1.0,T2_SPANNER
ST010,ST025,10.313,10.612,1.0289925336953358,T2_SPANNER
ST010,ST026,1.22,1.22,1.0,T2_SPANNER
ST010,ST027,1.085,3.781,3.484792626728111,T2_SPANNER
ST010,ST028,3.734,3.734,1.0,T2_SPANNER
ST010,ST029,6.442,7.395,1.1479354237814343,T2_SPANNER
ST010,ST030,9.083,9.934,1.0936915116151051,T2_SPANNER
ST010,ST031,9.658,9.856,1.020501138952164,T2_SPANNER
ST010,ST032,17.471,18.665,1.0683418235933833,T2_SPANNER
ST010,ST033,16.826,16.828,1.000118863663378,T2_SPANNER
ST010,ST034,13.684999999999999,13.684999999999999,1.0,T2_SPANNER
ST010,ST035,13.248999999999999,13.248999999999999,1.0,T2_SPANNER
ST010,ST036,13.867,14.493,1.0451431455974616,T2_SPANNER
ST010,ST037,14.338999999999999,14.338999999999999,1.0,T2_SPANNER
ST010,ST038,9.372,9.372,1.0,T2_SPANNER
ST010,ST039,9.47,9.47,1.0,T2_SPANNER
ST010,ST040,7.454,7.454,1.0,T2_SPANNER
ST010,ST041,9.27,11.16,1.2038834951456312,T2_SPANNER
ST010,ST042,7.803,7.803,1.0,T2_SPANNER
ST010,ST043,14.494,17.284,1.1924934455636815,T2_SPANNER
ST010,ST044,15.228,15.23,1.0001313370107696,T2_SPANNER
ST010,ST045,14.021999999999998,16.613,1.1847810583368992,T2_SPANNER
ST010,ST046,12.503,13.582999999999998,1.0863792689754457,T2_SPANNER
ST010,ST047,14.928,17.337999999999997,1.1614415862808143,T2_SPANNER
ST010,ST048,13.835,17.413,1.2586194434405493,T2_SPANNER
ST010,ST049,20.165,21.888999999999996,1.0854946689809073,T2_SPANNER
ST010,ST050,14.394,14.394,1.0,T2_SPANNER
ST010,ST051,7.611,8.807,1.1571409801602943,T2_SPANNER
ST010,ST052,9.414,9.414,1.0,T2_SPANNER
ST010,ST053,18.401,19.480999999999998,1.0586924623661758,T2_SPANNER
ST010,ST054,11.416,12.495999999999999,1.0946040644709178,T2_SPANNER
ST010,ST055,19.71,20.570999999999998,1.043683409436834,T2_SPANNER
ST011,ST012,11.19,13.027999999999999,1.164253798033959,T2_SPANNER
ST011,ST013,11.312999999999999,13.853000000000002,1.224520463183948,T2_SPANNER
ST011,ST014,12.57,13.715,1.0910898965791567,T2_SPANNER
ST011,ST015,15.14,15.244,1.0068692206076617,T2_SPANNER
ST011,ST016,12.455000000000002,13.668,1.0973906061822558,T2_SPANNER
ST011,ST017,7.363,8.593,1.1670514735841369,T2_SPANNER
ST011,ST018,3.576,5.880999999999999,1.6445749440715882,T2_SPANNER
ST011,ST019,3.322,3.341,1.005719446116797,T2_SPANNER
ST011,ST020,4.958,5.1770000000000005,1.04417103670835,T2_SPANNER
ST011,ST021,4.795,4.795,1.0,T2_SPANNER
ST011,ST022,5.569,8.16,1.465254085114024,T2_SPANNER
ST011,ST023,1.921,5.005,2.605413846954711,T2_SPANNER
ST011,ST024,15.33,16.413,1.0706457925636008,T2_SPANNER
ST011,ST025,14.909,15.847000000000001,1.0629150177744986,T2_SPANNER
ST011,ST026,12.987,15.791000000000002,1.215908215908216,T2_SPANNER
ST011,ST027,12.61,14.447999999999999,1.145757335448057,T2_SPANNER
ST011,ST028,13.654,13.915,1.019115277574337,T2_SPANNER
ST011,ST029,9.925,10.758,1.0839294710327454,T2_SPANNER
ST011,ST030,7.9270000000000005,7.982,1.0069383120978932,T2_SPANNER
ST011,ST031,5.237,9.283999999999999,1.7727706702310482,T2_SPANNER
ST011,ST032,5.259,5.266,1.0013310515307092,T2_SPANNER
ST011,ST033,6.732,6.785,1.0078728461081403,T2_SPANNER
ST011,ST034,7.227,7.227,1.0,T2_SPANNER
ST011,ST035,6.874,6.874,1.0,T2_SPANNER
ST011,ST036,7.492,10.991,1.4670315002669514,T2_SPANNER
ST011,ST037,7.968,9.822,1.2326807228915662,T2_SPANNER
ST011,ST038,11.081,11.722,1.0578467647324248,T2_SPANNER
ST011,ST039,10.780999999999999,12.546,1.1637139411928392,T2_SPANNER
ST011,ST040,7.585,7.585,1.0,T2_SPANNER
ST011,ST041,10.98,10.98,1.0,T2_SPANNER
ST011,ST042,9.512,10.879000000000001,1.143713204373423,T2_SPANNER
ST011,ST043,4.475,4.475,1.0,T2_SPANNER
ST011,ST044,5.146,5.187,1.0079673532841043,T2_SPANNER
ST011,ST045,3.828,4.9959999999999996,1.3051201671891326,T2_SPANNER
ST011,ST046,1.543,3.358,2.1762799740764747,T2_SPANNER
ST011,ST047,1.641,4.369,2.6624009750152346,T2_SPANNER
ST011,ST048,3.624,4.196,1.1578366445916113,T2_SPANNER
ST011,ST049,7.729,9.765,1.2634234700478717,T2_SPANNER
ST011,ST050,0.995,0.995,1.0,T2_SPANNER
ST011,ST051,10.728,12.032,1.121551081282625,T2_SPANNER
ST011,ST052,7.927,9.232,1.1646272234136494,T2_SPANNER
ST011,ST053,4.85,6.722,1.3859793814432992,T2_SPANNER
ST011,ST054,2.543,2.543,1.0,T2_SPANNER
ST011,ST055,7.172,7.172,1.0,T2_SPANNER
ST012,ST013,0.817,2.981,3.648714810281518,T2_SPANNER
ST012,ST014,1.38,1.38,1.0,T2_SPANNER
ST012,ST015,13.075999999999999,14.046,1.0741817069440196,T2_SPANNER
ST012,ST016,10.015,14.474,1.4452321517723414,T2_SPANNER
ST012,ST017,9.461,11.785,1.2456399957721171,T2_SPANNER
ST012,ST018,13.318,16.243000000000002,1.2196275717074638,T2_SPANNER
ST012,ST019,12.876,16.252000000000002,1.2621932277104693,T2_SPANNER
ST012,ST020,14.612999999999998,16.215,1.1096284130568674,T2_SPANNER
ST012,ST021,15.832999999999998,15.832999999999998,1.0,T2_SPANNER
ST012,ST022,16.607,19.198,1.1560185463960981,T2_SPANNER
ST012,ST023,11.663,14.588000000000001,1.25079310640487,T2_SPANNER
ST012,ST024,12.7,13.277000000000001,1.045433070866142,T2_SPANNER
ST012,ST025,11.469,11.469,1.0,T2_SPANNER
ST012,ST026,1.797,3.5810000000000004,1.9927657206455207,T2_SPANNER
ST012,ST027,1.42,1.42,1.0,T2_SPANNER
ST012,ST028,4.89,5.466,1.117791411042945,T2_SPANNER
ST012,ST029,5.571,9.756,1.7512116316639743,T2_SPANNER
ST012,ST030,10.025,11.666,1.1636907730673316,T2_SPANNER
ST012,ST031,10.814,11.588000000000001,1.0715738857037176,T2_SPANNER
ST012,ST032,15.607,16.304,1.0446594476837316,T2_SPANNER
ST012,ST033,16.220999999999997,17.823,1.0987608655446646,T2_SPANNER
ST012,ST034,14.075,15.417000000000002,1.0953463587921848,T2_SPANNER
ST012,ST035,13.671,14.981000000000002,1.095823275546778,T2_SPANNER
ST012,ST036,13.526,15.853,1.1720390359308,T2_SPANNER
ST012,ST037,14.001999999999999,16.070999999999998,1.1477646050564205,T2_SPANNER
ST012,ST038,9.794,11.104,1.1337553604247497,T2_SPANNER
ST012,ST039,9.892,11.202,1.1324302466639709,T2_SPANNER
ST012,ST040,8.61,9.186,1.0668989547038328,T2_SPANNER
ST012,ST041,8.709,12.892,1.4803077276380756,T2_SPANNER
ST012,ST042,8.225,9.535,1.1592705167173254,T2_SPANNER
ST012,ST043,13.895,15.513,1.1164447643037063,T2_SPANNER
ST012,ST044,14.622999999999998,16.225,1.1095534432059089,T2_SPANNER
ST012,ST045,13.239999999999998,16.184,1.2223564954682782,T2_SPANNER
ST012,ST046,10.51,13.407,1.2756422454804948,T2_SPANNER
ST012,ST047,12.567,16.52,1.3145539906103285,T2_SPANNER
ST012,ST048,13.235999999999999,15.683,1.1848745844666062,T2_SPANNER
ST012,ST049,17.804,20.802999999999997,1.1684452931925409,T2_SPANNER
ST012,ST050,12.033,12.033,1.0,T2_SPANNER
ST012,ST051,7.279,11.168,1.5342766863580162,T2_SPANNER
ST012,ST052,9.835999999999999,11.146,1.1331842212281418,T2_SPANNER
ST012,ST053,16.04,17.119999999999997,1.0673316708229426,T2_SPANNER
ST012,ST054,9.423,12.732,1.3511620503024513,T2_SPANNER
ST012,ST055,17.349,18.21,1.0496282206467231,T2_SPANNER
ST013,ST014,1.514,4.361,2.880449141347424,T2_SPANNER
ST013,ST015,13.106,14.187000000000001,1.0824813062719367,T2_SPANNER
ST013,ST016,10.045,14.614999999999998,1.454952712792434,T2_SPANNER
ST013,ST017,9.602,10.15,1.0570714434492814,T2_SPANNER
ST013,ST018,13.437999999999999,16.062,1.1952671528501266,T2_SPANNER
ST013,ST019,13.447,16.071,1.1951364616643119,T2_SPANNER
ST013,ST020,15.116999999999999,17.04,1.127207779321294,T2_SPANNER
ST013,ST021,15.620999999999999,16.658,1.0663849945586072,T2_SPANNER
ST013,ST022,16.395,20.023000000000003,1.2212869777371151,T2_SPANNER
ST013,ST023,11.783,14.407,1.2226937112789613,T2_SPANNER
ST013,ST024,12.73,13.418,1.0540455616653572,T2_SPANNER
ST013,ST025,11.61,11.61,1.0,T2_SPANNER
ST013,ST026,1.938,1.938,1.0,T2_SPANNER
ST013,ST027,1.561,1.561,1.0,T2_SPANNER
ST013,ST028,5.031,5.607,1.114490161001789,T2_SPANNER
ST013,ST029,5.601,8.113,1.4484913408319942,T2_SPANNER
ST013,ST030,10.166,11.807,1.1614204210112138,T2_SPANNER
ST013,ST031,10.955,11.572000000000001,1.0563213144682795,T2_SPANNER
ST013,ST032,16.034,17.129,1.0682923786952727,T2_SPANNER
ST013,ST033,17.037999999999997,18.648,1.094494658997535,T2_SPANNER
ST013,ST034,14.137,15.059999999999999,1.0652896654169908,T2_SPANNER
ST013,ST035,13.701,14.623999999999999,1.0673673454492372,T2_SPANNER
ST013,ST036,13.61,15.211,1.117634092578986,T2_SPANNER
ST013,ST037,14.085999999999999,15.986,1.1348857021155758,T2_SPANNER
ST013,ST038,9.824,11.245,1.1446457654723126,T2_SPANNER
ST013,ST039,9.922,11.343,1.143217093327958,T2_SPANNER
ST013,ST040,8.751,9.327,1.065821049022969,T2_SPANNER
ST013,ST041,8.739,13.033000000000001,1.4913605675706603,T2_SPANNER
ST013,ST042,8.254999999999999,9.676,1.1721380981223501,T2_SPANNER
ST013,ST043,14.712,16.338,1.1105220228384993,T2_SPANNER
ST013,ST044,15.439999999999998,17.05,1.1042746113989639,T2_SPANNER
ST013,ST045,14.056999999999999,16.779999999999998,1.1937113182044532,T2_SPANNER
ST013,ST046,9.857,13.225999999999999,1.3417875621385817,T2_SPANNER
ST013,ST047,12.549999999999999,16.339,1.3019123505976096,T2_SPANNER
ST013,ST048,13.524,15.979999999999999,1.1816030760130138,T2_SPANNER
ST013,ST049,18.162999999999997,21.531999999999996,1.1854869790232891,T2_SPANNER
ST013,ST050,11.821,12.858,1.0877252347517132,T2_SPANNER
ST013,ST051,7.309,9.525,1.3031878505951566,T2_SPANNER
ST013,ST052,9.866,10.789,1.0935536184877357,T2_SPANNER
ST013,ST053,15.995,17.945,1.121913097843076,T2_SPANNER
ST013,ST054,8.77,12.550999999999998,1.4311288483466362,T2_SPANNER
ST013,ST055,17.555,19.035,1.0843064653944745,T2_SPANNER
ST014,ST015,13.446,15.426,1.1472556894243642,T2_SPANNER
ST014,ST016,10.655000000000001,15.854,1.4879399343031439,T2_SPANNER
ST014,ST017,9.946,10.954,1.1013472752865474,T2_SPANNER
ST014,ST018,14.697999999999999,15.737,1.0706898897809227,T2_SPANNER
ST014,ST019,14.255999999999998,15.746,1.104517396184063,T2_SPANNER
ST014,ST020,15.992999999999997,17.595,1.100168823860439,T2_SPANNER
ST014,ST021,17.134999999999998,17.212999999999997,1.004552086372921,T2_SPANNER
ST014,ST022,17.909,20.227,1.129432129097102,T2_SPANNER
ST014,ST023,13.043,14.082,1.0796595875182091,T2_SPANNER
ST014,ST024,13.07,14.657,1.1214231063504208,T2_SPANNER
ST014,ST025,11.838000000000001,12.849,1.0854029396857576,T2_SPANNER
ST014,ST026,2.362,2.742,1.1608806096528366,T2_SPANNER
ST014,ST027,1.905,2.8,1.4698162729658792,T2_SPANNER
ST014,ST028,5.259,6.846,1.3017683970336564,T2_SPANNER
ST014,ST029,6.951,8.917,1.2828370018702346,T2_SPANNER
ST014,ST030,10.51,13.046,1.2412940057088486,T2_SPANNER
ST014,ST031,11.183,12.376000000000001,1.1066797818116785,T2_SPANNER
ST014,ST032,16.987,17.683999999999997,1.0410313769353035,T2_SPANNER
ST014,ST033,17.600999999999996,19.202999999999996,1.091017555820692,T2_SPANNER
ST014,ST034,14.742,15.864,1.0761090761090761,T2_SPANNER
ST014,ST035,14.389,15.428,1.0722079366182502,T2_SPANNER
ST014,ST036,14.905999999999999,16.015,1.0743995706426943,T2_SPANNER
ST014,ST037,15.381999999999998,16.79,1.0915355610453779,T2_SPANNER
ST014,ST038,10.897,12.483999999999998,1.1456364136918415,T2_SPANNER
ST014,ST039,10.995000000000001,12.582,1.1443383356070942,T2_SPANNER
ST014,ST040,8.979,10.565999999999999,1.1767457400601402,T2_SPANNER
ST014,ST041,10.088999999999999,14.271999999999998,1.414609971255823,T2_SPANNER
ST014,ST042,9.328,10.915,1.1701329331046313,T2_SPANNER
ST014,ST043,15.274999999999999,16.892999999999997,1.105924713584288,T2_SPANNER
ST014,ST044,16.002999999999997,17.604999999999997,1.1001062300818596,T2_SPANNER
ST014,ST045,14.619999999999997,16.455,1.1255129958960328,T2_SPANNER
ST014,ST046,11.172,12.901,1.1547619047619047,T2_SPANNER
ST014,ST047,13.947,16.014,1.1482039148203915,T2_SPANNER
ST014,ST048,14.615999999999998,15.655,1.0710864805692393,T2_SPANNER
ST014,ST049,19.183999999999997,21.207,1.1054524603836533,T2_SPANNER
ST014,ST050,13.334999999999999,13.412999999999998,1.0058492688413947,T2_SPANNER
ST014,ST051,8.658999999999999,10.329,1.1928629171959813,T2_SPANNER
ST014,ST052,10.584999999999999,11.593,1.0952290977798773,T2_SPANNER
ST014,ST053,17.42,18.499999999999996,1.0619977037887482,T2_SPANNER
ST014,ST054,10.085,13.463999999999999,1.3350520575111549,T2_SPANNER
ST014,ST055,18.729,19.589999999999996,1.0459714880666344,T2_SPANNER
ST015,ST016,3.107,3.107,1.0,T2_SPANNER
ST015,ST017,8.278,8.926,1.078279777724088,T2_SPANNER
ST015,ST018,14.415,15.841999999999999,1.0989941033645507,T2_SPANNER
ST015,ST019,14.085999999999999,17.121,1.2154621610109329,T2_SPANNER
ST015,ST020,15.807,17.328000000000003,1.0962231922565953,T2_SPANNER
ST015,ST021,19.847,20.039,1.0096740061470248,T2_SPANNER
ST015,ST022,19.863,21.585,1.0866938528923125,T2_SPANNER
ST015,ST023,14.344999999999999,15.611,1.088253746950157,T2_SPANNER
ST015,ST024,0.376,6.336,16.851063829787236,T2_SPANNER
ST015,ST025,1.9369999999999998,6.112,3.1553949406298405,T2_SPANNER
ST015,ST026,11.896999999999998,13.384,1.1249894931495337,T2_SPANNER
ST015,ST027,12.233,12.626000000000001,1.0321262159731874,T2_SPANNER
ST015,ST028,8.187,8.58,1.0480029314767314,T2_SPANNER
ST015,ST029,7.505,10.523,1.4021319120586275,T2_SPANNER
ST015,ST030,8.607000000000001,10.151,1.1793888695248052,T2_SPANNER
ST015,ST031,10.613999999999999,11.592000000000002,1.0921424533634825,T2_SPANNER
ST015,ST032,17.497,18.691,1.0682402697605302,T2_SPANNER
ST015,ST033,16.61,16.61,1.0,T2_SPANNER
ST015,ST034,11.213000000000001,12.015,1.0715241237848925,T2_SPANNER
ST015,ST035,10.987,11.661999999999999,1.0614362428324382,T2_SPANNER
ST015,ST036,10.379000000000001,10.379000000000001,1.0,T2_SPANNER
ST015,ST037,10.855,11.484,1.057945647167204,T2_SPANNER
ST015,ST038,6.646,6.646,1.0,T2_SPANNER
ST015,ST039,6.694,6.694,1.0,T2_SPANNER
ST015,ST040,9.144,9.190000000000001,1.0050306211723536,T2_SPANNER
ST015,ST041,6.996,7.042,1.0065751858204688,T2_SPANNER
ST015,ST042,6.657,7.869,1.1820639927895449,T2_SPANNER
ST015,ST043,15.015,16.491,1.0983016983016982,T2_SPANNER
ST015,ST044,15.749,16.966,1.0772747476030224,T2_SPANNER
ST015,ST045,14.516000000000002,17.04,1.1738771011297877,T2_SPANNER
ST015,ST046,13.684,14.43,1.0545162233265128,T2_SPANNER
ST015,ST047,16.622999999999998,17.543,1.055345003910245,T2_SPANNER
ST015,ST048,14.356000000000002,16.266,1.133045416550571,T2_SPANNER
ST015,ST049,21.99,22.735999999999997,1.033924511141428,T2_SPANNER
ST015,ST050,16.047,16.239,1.011964853243597,T2_SPANNER
ST015,ST051,5.797,5.797,1.0,T2_SPANNER
ST015,ST052,8.087,8.287,1.0247310498330655,T2_SPANNER
ST015,ST053,19.971,20.851,1.0440638926443342,T2_SPANNER
ST015,ST054,12.597,14.232000000000001,1.1297928078113837,T2_SPANNER
ST015,ST055,21.368000000000002,22.416,1.049045301385249,T2_SPANNER
ST016,ST017,5.417,7.163,1.3223186265460587,T2_SPANNER
ST016,ST018,11.308,15.293000000000001,1.352405376724443,T2_SPANNER
ST016,ST019,10.979,15.391,1.4018580927224702,T2_SPANNER
ST016,ST020,12.7,14.221,1.1197637795275592,T2_SPANNER
ST016,ST021,16.846,17.778,1.0553247061617,T2_SPANNER
ST016,ST022,16.802,19.727,1.1740864182835378,T2_SPANNER
ST016,ST023,11.283999999999999,13.923,1.2338709677419355,T2_SPANNER
ST016,ST024,3.229,3.229,1.0,T2_SPANNER
ST016,ST025,3.005,3.005,1.0,T2_SPANNER
ST016,ST026,9.106,14.158,1.554799033604217,T2_SPANNER
ST016,ST027,9.442,13.838999999999999,1.4656852361787756,T2_SPANNER
ST016,ST028,5.396,9.883,1.8315418828762045,T2_SPANNER
ST016,ST029,4.444,8.378,1.8852385238523852,T2_SPANNER
ST016,ST030,5.746,7.044,1.2258962756700311,T2_SPANNER
ST016,ST031,7.553,8.485,1.123394677611545,T2_SPANNER
ST016,ST032,14.389999999999999,17.538,1.2187630298818626,T2_SPANNER
ST016,ST033,14.24,15.457,1.0854634831460674,T2_SPANNER
ST016,ST034,8.781,8.908,1.0144630452112515,T2_SPANNER
ST016,ST035,8.555,8.555,1.0,T2_SPANNER
ST016,ST036,7.947,9.359,1.1776771108594437,T2_SPANNER
ST016,ST037,8.423,9.122,1.0829870592425501,T2_SPANNER
ST016,ST038,4.155,4.155,1.0,T2_SPANNER
ST016,ST039,4.09,4.09,1.0,T2_SPANNER
ST016,ST040,6.083,6.083,1.0,T2_SPANNER
ST016,ST041,3.935,3.935,1.0,T2_SPANNER
ST016,ST042,3.596,7.292,2.0278086763070076,T2_SPANNER
ST016,ST043,11.908,13.887,1.1661907961034599,T2_SPANNER
ST016,ST044,12.642,13.859,1.0962664135421611,T2_SPANNER
ST016,ST045,11.409,14.558,1.2760101674116924,T2_SPANNER
ST016,ST046,10.999,12.212,1.1102827529775434,T2_SPANNER
ST016,ST047,13.998999999999999,15.966999999999999,1.1405814701050074,T2_SPANNER
ST016,ST048,11.249,15.358,1.3652769135034226,T2_SPANNER
ST016,ST049,18.889,20.518,1.0862406691725344,T2_SPANNER
ST016,ST050,13.306,14.575,1.0953705095445663,T2_SPANNER
ST016,ST051,2.736,7.813,2.85562865497076,T2_SPANNER
ST016,ST052,5.226,6.524,1.2483735170302335,T2_SPANNER
ST016,ST053,17.22,19.275,1.1193379790940767,T2_SPANNER
ST016,ST054,9.912,11.125,1.122376916868442,T2_SPANNER
ST016,ST055,18.697000000000003,20.752,1.1099106808578914,T2_SPANNER
ST017,ST018,7.048,11.497,1.6312429057888762,T2_SPANNER
ST017,ST019,6.719,11.506,1.7124572108944782,T2_SPANNER
ST017,ST020,8.191,11.950999999999999,1.4590404102063237,T2_SPANNER
ST017,ST021,12.158000000000001,12.647000000000002,1.0402204309919396,T2_SPANNER
ST017,ST022,12.542000000000002,14.764,1.1771647265188963,T2_SPANNER
ST017,ST023,6.77,9.842,1.4537666174298376,T2_SPANNER
ST017,ST024,7.967,8.549999999999999,1.0731768545249152,T2_SPANNER
ST017,ST025,7.984,7.984,1.0,T2_SPANNER
ST017,ST026,8.212,8.212,1.0,T2_SPANNER
ST017,ST027,8.041,10.365,1.2890187787588607,T2_SPANNER
ST017,ST028,7.665,7.665,1.0,T2_SPANNER
ST017,ST029,4.322,4.904,1.1346598796853309,T2_SPANNER
ST017,ST030,0.564,3.4850000000000003,6.179078014184398,T2_SPANNER
ST017,ST031,3.293,6.9910000000000005,2.122988156696022,T2_SPANNER
ST017,ST032,10.11,13.118000000000002,1.2975272007912961,T2_SPANNER
ST017,ST033,9.97,12.014,1.205015045135406,T2_SPANNER
ST017,ST034,4.796,4.91,1.0237698081734778,T2_SPANNER
ST017,ST035,4.443,4.474,1.006977267611974,T2_SPANNER
ST017,ST036,5.061,5.061,1.0,T2_SPANNER
ST017,ST037,5.537,7.638,1.3794473541629042,T2_SPANNER
ST017,ST038,3.846,4.285,1.1141445657826312,T2_SPANNER
ST017,ST039,3.4930000000000003,4.383,1.2547953048955052,T2_SPANNER
ST017,ST040,1.842,8.077,4.3849077090119435,T2_SPANNER
ST017,ST041,5.607,5.607,1.0,T2_SPANNER
ST017,ST042,2.564,2.716,1.0592823712948518,T2_SPANNER
ST017,ST043,7.648,11.248999999999999,1.470842050209205,T2_SPANNER
ST017,ST044,8.382,11.709,1.3969219756621332,T2_SPANNER
ST017,ST045,7.149,10.578,1.4796475031472933,T2_SPANNER
ST017,ST046,6.739,8.253,1.2246624128208934,T2_SPANNER
ST017,ST047,9.004000000000001,10.411999999999999,1.1563749444691245,T2_SPANNER
ST017,ST048,6.989,11.378,1.62798683645729,T2_SPANNER
ST017,ST049,14.608999999999998,16.558999999999997,1.1334793620371004,T2_SPANNER
ST017,ST050,8.358,8.847000000000001,1.0585068198133525,T2_SPANNER
ST017,ST051,3.517,4.788,1.3613875462041514,T2_SPANNER
ST017,ST052,0.639,0.639,1.0,T2_SPANNER
ST017,ST053,12.213000000000001,13.934,1.1409154179972159,T2_SPANNER
ST017,ST054,5.652,8.54,1.5109695682944089,T2_SPANNER
ST017,ST055,14.163,15.024000000000001,1.0607922050413048,T2_SPANNER
ST018,ST019,0.477,2.91,6.100628930817611,T2_SPANNER
ST018,ST020,1.949,1.949,1.0,T2_SPANNER
ST018,ST021,6.586,7.61,1.1554813240206498,T2_SPANNER
ST018,ST022,6.573,6.7620000000000005,1.0287539936102237,T2_SPANNER
ST018,ST023,1.655,1.655,1.0,T2_SPANNER
ST018,ST024,14.183,15.466000000000001,1.0904604103504196,T2_SPANNER
ST018,ST025,13.617,14.9,1.0942204597194682,T2_SPANNER
ST018,ST026,13.579,14.808,1.090507401134104,T2_SPANNER
ST018,ST027,13.915000000000001,17.622999999999998,1.266475026949335,T2_SPANNER
ST018,ST028,11.947,14.189,1.1876621746045033,T2_SPANNER
ST018,ST029,8.633,8.633,1.0,T2_SPANNER
ST018,ST030,7.025,10.362,1.475017793594306,T2_SPANNER
ST018,ST031,3.945,7.685,1.9480354879594424,T2_SPANNER
ST018,ST032,3.868,3.868,1.0,T2_SPANNER
ST018,ST033,3.728,3.74,1.0032188841201717,T2_SPANNER
ST018,ST034,5.215,7.376,1.4143815915627997,T2_SPANNER
ST018,ST035,4.862,7.023000000000001,1.444467297408474,T2_SPANNER
ST018,ST036,5.48,7.641,1.3943430656934306,T2_SPANNER
ST018,ST037,5.956,7.633,1.2815648085963733,T2_SPANNER
ST018,ST038,9.789,12.6,1.2871590560833588,T2_SPANNER
ST018,ST039,9.489,11.203000000000001,1.1806302033934029,T2_SPANNER
ST018,ST040,6.3469999999999995,9.918,1.562628013234599,T2_SPANNER
ST018,ST041,10.523,13.312999999999999,1.2651335170578732,T2_SPANNER
ST018,ST042,8.22,11.286999999999999,1.3731143552311433,T2_SPANNER
ST018,ST043,1.406,1.406,1.0,T2_SPANNER
ST018,ST044,2.1399999999999997,2.142,1.0009345794392523,T2_SPANNER
ST018,ST045,0.934,2.077,2.223768736616702,T2_SPANNER
ST018,ST046,3.7,3.836,1.0367567567567566,T2_SPANNER
ST018,ST047,3.497,8.286999999999999,2.369745496139548,T2_SPANNER
ST018,ST048,0.747,2.877,3.8514056224899598,T2_SPANNER
ST018,ST049,8.366999999999999,8.366999999999999,1.0,T2_SPANNER
ST018,ST050,2.786,4.886,1.7537688442211055,T2_SPANNER
ST018,ST051,10.019,10.045,1.0025950693682004,T2_SPANNER
ST018,ST052,6.635,10.858,1.6364732479276565,T2_SPANNER
ST018,ST053,6.96,8.629999999999999,1.239942528735632,T2_SPANNER
ST018,ST054,4.787,4.923,1.0284102778358053,T2_SPANNER
ST018,ST055,8.279,8.739,1.0555622659741515,T2_SPANNER
ST019,ST020,1.979,1.979,1.0,T2_SPANNER
ST019,ST021,6.127,7.338,1.197649747021381,T2_SPANNER
ST019,ST022,6.305,6.305,1.0,T2_SPANNER
ST019,ST023,1.664,1.664,1.0,T2_SPANNER
ST019,ST024,14.207999999999998,16.745,1.178561373873874,T2_SPANNER
ST019,ST025,13.983999999999998,16.179000000000002,1.1569651029748287,T2_SPANNER
ST019,ST026,14.056000000000001,15.440000000000001,1.0984632896983495,T2_SPANNER
ST019,ST027,14.296,17.631999999999998,1.2333519865696698,T2_SPANNER
ST019,ST028,12.424,14.821000000000002,1.1929330328396652,T2_SPANNER
ST019,ST029,9.11,9.265,1.017014270032931,T2_SPANNER
ST019,ST030,7.283,10.581,1.4528353700398187,T2_SPANNER
ST019,ST031,4.422,7.715,1.7446856625961105,T2_SPANNER
ST019,ST032,3.411,3.411,1.0,T2_SPANNER
ST019,ST033,3.836,3.848,1.0031282586027113,T2_SPANNER
ST019,ST034,5.692,7.385,1.2974349964862966,T2_SPANNER
ST019,ST035,5.339,7.032,1.3171005806330773,T2_SPANNER
ST019,ST036,5.957000000000001,7.6499999999999995,1.2842034581165014,T2_SPANNER
ST019,ST037,6.415,6.481,1.0102883865939205,T2_SPANNER
ST019,ST038,10.229,11.448,1.1191709844559588,T2_SPANNER
ST019,ST039,9.966000000000001,11.301,1.1339554485249848,T2_SPANNER
ST019,ST040,6.824,10.026,1.4692262602579131,T2_SPANNER
ST019,ST041,10.631,13.421,1.26244003386323,T2_SPANNER
ST019,ST042,8.623999999999999,11.919,1.3820732838589984,T2_SPANNER
ST019,ST043,1.504,1.504,1.0,T2_SPANNER
ST019,ST044,2.238,2.25,1.0053619302949062,T2_SPANNER
ST019,ST045,0.859,1.655,1.9266589057043073,T2_SPANNER
ST019,ST046,3.7089999999999996,4.055,1.0932866001617687,T2_SPANNER
ST019,ST047,3.02,7.710000000000001,2.5529801324503314,T2_SPANNER
ST019,ST048,0.855,0.855,1.0,T2_SPANNER
ST019,ST049,7.91,7.91,1.0,T2_SPANNER
ST019,ST050,2.327,4.336,1.8633433605500647,T2_SPANNER
ST019,ST051,10.236,11.324,1.1062915201250487,T2_SPANNER
ST019,ST052,7.112,10.867,1.5279808773903263,T2_SPANNER
ST019,ST053,6.5009999999999994,8.212,1.2631902784187048,T2_SPANNER
ST019,ST054,4.795999999999999,5.1419999999999995,1.0721434528773979,T2_SPANNER
ST019,ST055,7.802,7.802,1.0,T2_SPANNER
ST020,ST021,7.03,7.056,1.0036984352773826,T2_SPANNER
ST020,ST022,6.274,6.965,1.110137073637233,T2_SPANNER
ST020,ST023,3.334,3.604,1.0809838032393522,T2_SPANNER
ST020,ST024,15.928999999999998,17.415,1.093288969803503,T2_SPANNER
ST020,ST025,15.408000000000001,16.849,1.0935228452751817,T2_SPANNER
ST020,ST026,15.262,15.370000000000001,1.0070763988992268,T2_SPANNER
ST020,ST027,15.597999999999999,15.904,1.0196178997307348,T2_SPANNER
ST020,ST028,13.895999999999999,14.751000000000001,1.0615284974093266,T2_SPANNER
ST020,ST029,10.424,10.581999999999999,1.0151573292402147,T2_SPANNER
ST020,ST030,8.227,12.311,1.496414245776103,T2_SPANNER
ST020,ST031,5.736,5.736,1.0,T2_SPANNER
ST020,ST032,3.417,4.071,1.1913959613696226,T2_SPANNER
ST020,ST033,1.99,1.99,1.0,T2_SPANNER
ST020,ST034,5.992,7.913,1.3205941255006677,T2_SPANNER
ST020,ST035,6.436,7.477,1.1617464263517714,T2_SPANNER
ST020,ST036,6.189,8.669,1.4007109387623202,T2_SPANNER
ST020,ST037,5.501,6.929,1.2595891656062534,T2_SPANNER
ST020,ST038,10.468,11.58,1.1062285059228123,T2_SPANNER
ST020,ST039,10.226,11.678,1.1419910033248581,T2_SPANNER
ST020,ST040,7.832,8.138,1.039070480081716,T2_SPANNER
ST020,ST041,11.227,13.367999999999999,1.1907009886879842,T2_SPANNER
ST020,ST042,9.822,10.011,1.0192425167990227,T2_SPANNER
ST020,ST043,0.792,2.044,2.580808080808081,T2_SPANNER
ST020,ST044,0.406,2.7560000000000002,6.788177339901478,T2_SPANNER
ST020,ST045,1.373,1.373,1.0,T2_SPANNER
ST020,ST046,5.379,5.785,1.0754787135155235,T2_SPANNER
ST020,ST047,3.98,7.334999999999999,1.8429648241206027,T2_SPANNER
ST020,ST048,2.009,2.173,1.0816326530612246,T2_SPANNER
ST020,ST049,7.9159999999999995,8.57,1.0826174835775646,T2_SPANNER
ST020,ST050,4.182,4.182,1.0,T2_SPANNER
ST020,ST051,11.708,11.994,1.0244277417150667,T2_SPANNER
ST020,ST052,8.426,11.312000000000001,1.3425112746261572,T2_SPANNER
ST020,ST053,7.395,7.677999999999999,1.0382691007437457,T2_SPANNER
ST020,ST054,6.465999999999999,6.872,1.0627899783482835,T2_SPANNER
ST020,ST055,7.845,8.658999999999999,1.1037603569152326,T2_SPANNER
ST021,ST022,0.983,8.114,8.254323499491354,T2_SPANNER
ST021,ST023,5.955,5.955,1.0,T2_SPANNER
ST021,ST024,19.531,20.720999999999997,1.0609287798883824,T2_SPANNER
ST021,ST025,18.965,20.155,1.0627471658317955,T2_SPANNER
ST021,ST026,17.558999999999997,18.596,1.0590580329175923,T2_SPANNER
ST021,ST027,17.182,17.253,1.0041322314049588,T2_SPANNER
ST021,ST028,17.688000000000002,18.308,1.0350520126639529,T2_SPANNER
ST021,ST029,14.374,14.868,1.0343676081814388,T2_SPANNER
ST021,ST030,12.29,12.29,1.0,T2_SPANNER
ST021,ST031,9.293,9.293,1.0,T2_SPANNER
ST021,ST032,3.877,8.071,2.0817642507093113,T2_SPANNER
ST021,ST033,5.896,8.664,1.4694708276797828,T2_SPANNER
ST021,ST034,11.283,11.676,1.03483116192502,T2_SPANNER
ST021,ST035,10.93,11.323,1.0359560841720037,T2_SPANNER
ST021,ST036,11.574,11.940999999999999,1.0317090029376188,T2_SPANNER
ST021,ST037,11.237,11.239,1.0001779834475395,T2_SPANNER
ST021,ST038,15.137,15.137,1.0,T2_SPANNER
ST021,ST039,14.837,15.235,1.0268248298173486,T2_SPANNER
ST021,ST040,11.253,11.695,1.0392784146449836,T2_SPANNER
ST021,ST041,15.645999999999999,15.687,1.002620478077464,T2_SPANNER
ST021,ST042,13.568,13.568,1.0,T2_SPANNER
ST021,ST043,6.354,6.354,1.0,T2_SPANNER
ST021,ST044,6.851,7.066,1.0313822799591301,T2_SPANNER
ST021,ST045,5.683,5.683,1.0,T2_SPANNER
ST021,ST046,6.163,6.163,1.0,T2_SPANNER
ST021,ST047,3.762,3.762,1.0,T2_SPANNER
ST021,ST048,6.483,6.483,1.0,T2_SPANNER
ST021,ST049,3.415,10.331,3.025183016105417,T2_SPANNER
ST021,ST050,3.8,3.8,1.0,T2_SPANNER
ST021,ST051,14.762,15.64,1.0594770356320282,T2_SPANNER
ST021,ST052,11.982999999999999,13.286,1.1087373779520988,T2_SPANNER
ST021,ST053,0.374,8.389,22.43048128342246,T2_SPANNER
ST021,ST054,7.25,7.25,1.0,T2_SPANNER
ST021,ST055,2.96,9.977,3.370608108108108,T2_SPANNER
ST022,ST023,6.145,6.145,1.0,T2_SPANNER
ST022,ST024,19.487000000000002,22.036,1.1308051521527172,T2_SPANNER
ST022,ST025,18.921,21.47,1.1347180381586597,T2_SPANNER
ST022,ST026,18.333,21.57,1.1765668466699395,T2_SPANNER
ST022,ST027,17.956,20.618000000000002,1.1482512809088885,T2_SPANNER
ST022,ST028,17.878,20.091,1.1237834209643138,T2_SPANNER
ST022,ST029,14.564,15.395,1.0570585004119748,T2_SPANNER
ST022,ST030,12.329,14.158,1.1483494200665099,T2_SPANNER
ST022,ST031,9.249,12.701,1.3732295383284678,T2_SPANNER
ST022,ST032,2.894,2.894,1.0,T2_SPANNER
ST022,ST033,4.913,4.975,1.012619580704254,T2_SPANNER
ST022,ST034,11.239,11.866,1.0557878814841177,T2_SPANNER
ST022,ST035,10.886,11.513,1.0575969134668382,T2_SPANNER
ST022,ST036,11.53,12.131,1.052124891587164,T2_SPANNER
ST022,ST037,11.195,11.352,1.014024117909781,T2_SPANNER
ST022,ST038,15.093,16.319,1.0812297091366858,T2_SPANNER
ST022,ST039,14.793,15.747,1.0644899614682621,T2_SPANNER
ST022,ST040,11.651,13.644,1.1710582782593768,T2_SPANNER
ST022,ST041,15.602,17.039,1.092103576464556,T2_SPANNER
ST022,ST042,13.524000000000001,15.413,1.1396776101745045,T2_SPANNER
ST022,ST043,5.95,5.95,1.0,T2_SPANNER
ST022,ST044,5.868,5.868,1.0,T2_SPANNER
ST022,ST045,5.639,6.436,1.1413371165100195,T2_SPANNER
ST022,ST046,6.936999999999999,7.632,1.1001874008937582,T2_SPANNER
ST022,ST047,4.352,4.352,1.0,T2_SPANNER
ST022,ST048,6.439,6.448,1.0013977325671688,T2_SPANNER
ST022,ST049,2.432,7.393,3.0398848684210527,T2_SPANNER
ST022,ST050,4.574,7.165,1.5664626147791867,T2_SPANNER
ST022,ST051,14.952,16.807000000000002,1.124063670411985,T2_SPANNER
ST022,ST052,11.939,14.125,1.183097411843538,T2_SPANNER
ST022,ST053,1.357,8.325,6.134856300663227,T2_SPANNER
ST022,ST054,8.024,8.719,1.086615154536391,T2_SPANNER
ST022,ST055,1.977,1.977,1.0,T2_SPANNER
ST023,ST024,13.969,17.113999999999997,1.2251413844942372,T2_SPANNER
ST023,ST025,13.403,16.548,1.2346489591882412,T2_SPANNER
ST023,ST026,13.365,16.345,1.2229704451926673,T2_SPANNER
ST023,ST027,13.083,15.968,1.2205151723610792,T2_SPANNER
ST023,ST028,11.733,15.547,1.3250660530128697,T2_SPANNER
ST023,ST029,8.419,10.287999999999998,1.2219978619788572,T2_SPANNER
ST023,ST030,6.811,9.614,1.4115401556305978,T2_SPANNER
ST023,ST031,3.731,9.34,2.5033503082283572,T2_SPANNER
ST023,ST032,4.753,5.075,1.0677466863033873,T2_SPANNER
ST023,ST033,5.324,5.395,1.0133358377160029,T2_SPANNER
ST023,ST034,5.721,5.721,1.0,T2_SPANNER
ST023,ST035,5.368,5.368,1.0,T2_SPANNER
ST023,ST036,5.986,5.986,1.0,T2_SPANNER
ST023,ST037,6.462,8.145,1.2604456824512535,T2_SPANNER
ST023,ST038,9.575,11.207,1.1704438642297652,T2_SPANNER
ST023,ST039,9.274999999999999,11.255,1.2134770889487874,T2_SPANNER
ST023,ST040,6.133,9.216999999999999,1.5028534159465186,T2_SPANNER
ST023,ST041,11.2,12.611999999999998,1.1260714285714284,T2_SPANNER
ST023,ST042,8.006,11.246,1.4046964776417687,T2_SPANNER
ST023,ST043,3.061,3.061,1.0,T2_SPANNER
ST023,ST044,3.74,3.7969999999999997,1.0152406417112299,T2_SPANNER
ST023,ST045,2.5229999999999997,3.319,1.3154974237019423,T2_SPANNER
ST023,ST046,2.045,5.262,2.5731051344743276,T2_SPANNER
ST023,ST047,3.166,6.711,2.1197094125078966,T2_SPANNER
ST023,ST048,2.402,2.519,1.0487094088259783,T2_SPANNER
ST023,ST049,8.577,9.574,1.1162411099452023,T2_SPANNER
ST023,ST050,2.437,6.0,2.4620434961017645,T2_SPANNER
ST023,ST051,8.807,11.7,1.3284887021687293,T2_SPANNER
ST023,ST052,6.420999999999999,9.203,1.4332658464413643,T2_SPANNER
ST023,ST053,6.329,7.054,1.114552061937115,T2_SPANNER
ST023,ST054,3.1319999999999997,4.175,1.33301404853129,T2_SPANNER
ST023,ST055,8.122,8.122,1.0,T2_SPANNER
ST024,ST025,1.561,6.234,3.9935938500960924,T2_SPANNER
ST024,ST026,11.521,12.765,1.1079767381303707,T2_SPANNER
ST024,ST027,11.857,11.857,1.0,T2_SPANNER
ST024,ST028,7.811,7.811,1.0,T2_SPANNER
ST024,ST029,7.1290000000000004,10.147,1.4233412820872493,T2_SPANNER
ST024,ST030,8.431,8.431,1.0,T2_SPANNER
ST024,ST031,10.238,11.714000000000002,1.1441687829654232,T2_SPANNER
ST024,ST032,17.619,19.334,1.0973381009137861,T2_SPANNER
ST024,ST033,16.986,17.485,1.0293771341104438,T2_SPANNER
ST024,ST034,11.466,12.137,1.0585208442351302,T2_SPANNER
ST024,ST035,11.24,11.745999999999999,1.045017793594306,T2_SPANNER
ST024,ST036,10.632,11.265,1.0595372460496615,T2_SPANNER
ST024,ST037,11.108,11.108,1.0,T2_SPANNER
ST024,ST038,7.022,7.384,1.0515522643121618,T2_SPANNER
ST024,ST039,6.775,7.319,1.0802952029520294,T2_SPANNER
ST024,ST040,8.768,9.312000000000001,1.062043795620438,T2_SPANNER
ST024,ST041,6.62,7.164,1.0821752265861027,T2_SPANNER
ST024,ST042,6.281,7.493,1.192962903996179,T2_SPANNER
ST024,ST043,15.137,16.872,1.1146198057739314,T2_SPANNER
ST024,ST044,15.871,17.088,1.0766807384537838,T2_SPANNER
ST024,ST045,14.638000000000002,16.664,1.1384068861866374,T2_SPANNER
ST024,ST046,14.059999999999999,14.956999999999999,1.0637980085348506,T2_SPANNER
ST024,ST047,16.852,17.683999999999997,1.0493709945407073,T2_SPANNER
ST024,ST048,14.478000000000002,15.89,1.0975272827738638,T2_SPANNER
ST024,ST049,21.919,23.262999999999998,1.0613166659062911,T2_SPANNER
ST024,ST050,16.221,16.921,1.0431539362554711,T2_SPANNER
ST024,ST051,5.421,5.421,1.0,T2_SPANNER
ST024,ST052,7.911,7.911,1.0,T2_SPANNER
ST024,ST053,19.904999999999998,22.02,1.1062547098718916,T2_SPANNER
ST024,ST054,12.972999999999999,13.87,1.069143605950821,T2_SPANNER
ST024,ST055,21.464000000000002,23.098,1.0761274692508385,T2_SPANNER
ST025,ST026,10.588000000000001,11.832,1.117491499811107,T2_SPANNER
ST025,ST027,10.924,10.924,1.0,T2_SPANNER
ST025,ST028,6.878,6.878,1.0,T2_SPANNER
ST025,ST029,6.563000000000001,9.581,1.4598506780435774,T2_SPANNER
ST025,ST030,7.865,7.865,1.0,T2_SPANNER
ST025,ST031,9.672,11.202000000000002,1.1581885856079406,T2_SPANNER
ST025,ST032,17.395,18.768,1.0789307272204658,T2_SPANNER
ST025,ST033,16.919,16.919,1.0,T2_SPANNER
ST025,ST034,10.9,11.616,1.0656880733944953,T2_SPANNER
ST025,ST035,10.674,11.18,1.0474049091249766,T2_SPANNER
ST025,ST036,10.066,11.440000000000001,1.1364991059010532,T2_SPANNER
ST025,ST037,10.542,10.542,1.0,T2_SPANNER
ST025,ST038,6.274,7.16,1.14121772394007,T2_SPANNER
ST025,ST039,6.209,7.095,1.1426960863263005,T2_SPANNER
ST025,ST040,8.202,9.088000000000001,1.1080224335527922,T2_SPANNER
ST025,ST041,6.054,6.9399999999999995,1.1463495209778658,T2_SPANNER
ST025,ST042,5.715,6.9270000000000005,1.2120734908136483,T2_SPANNER
ST025,ST043,14.745,16.306,1.1058663953882673,T2_SPANNER
ST025,ST044,15.479,16.864,1.0894760643452421,T2_SPANNER
ST025,ST045,14.246,16.098,1.1300014039028499,T2_SPANNER
ST025,ST046,13.835999999999999,14.391,1.040112749349523,T2_SPANNER
ST025,ST047,16.286,17.118,1.0510868230381922,T2_SPANNER
ST025,ST048,14.086,15.324,1.0878886837995172,T2_SPANNER
ST025,ST049,21.352999999999998,22.697,1.062941975366459,T2_SPANNER
ST025,ST050,15.655000000000001,16.355,1.0447141488342382,T2_SPANNER
ST025,ST051,4.855,4.855,1.0,T2_SPANNER
ST025,ST052,7.345,7.345,1.0,T2_SPANNER
ST025,ST053,19.339,21.454,1.1093644966130618,T2_SPANNER
ST025,ST054,12.748999999999999,13.304,1.0435328261040082,T2_SPANNER
ST025,ST055,20.898,22.532,1.0781893004115226,T2_SPANNER
ST026,ST027,0.457,3.4989999999999997,7.6564551422319465,T2_SPANNER
ST026,ST028,3.71,4.954,1.335309973045822,T2_SPANNER
ST026,ST029,6.175,6.175,1.0,T2_SPANNER
ST026,ST030,8.776,10.563,1.2036235186873292,T2_SPANNER
ST026,ST031,9.634,9.634,1.0,T2_SPANNER
ST026,ST032,17.404,18.676,1.073086646747874,T2_SPANNER
ST026,ST033,16.802,17.36,1.033210332103321,T2_SPANNER
ST026,ST034,13.008,13.122,1.0087638376383765,T2_SPANNER
ST026,ST035,12.655,12.686,1.0024496246542869,T2_SPANNER
ST026,ST036,13.273,13.273,1.0,T2_SPANNER
ST026,ST037,13.748999999999999,14.047999999999998,1.0217470361480834,T2_SPANNER
ST026,ST038,9.348,10.02,1.0718870346598202,T2_SPANNER
ST026,ST039,9.446,10.068,1.0658479779800973,T2_SPANNER
ST026,ST040,7.43,8.674,1.16742934051144,T2_SPANNER
ST026,ST041,9.312999999999999,12.186,1.3084935037044993,T2_SPANNER
ST026,ST042,7.779,8.829,1.1349787890474354,T2_SPANNER
ST026,ST043,14.469999999999999,16.214,1.120525224602626,T2_SPANNER
ST026,ST044,15.203999999999999,16.45,1.0819521178637201,T2_SPANNER
ST026,ST045,13.998,16.743000000000002,1.1960994427775398,T2_SPANNER
ST026,ST046,11.795,14.802999999999999,1.2550233149639678,T2_SPANNER
ST026,ST047,14.364,18.277,1.2724171539961013,T2_SPANNER
ST026,ST048,13.811,16.295,1.1798566360147709,T2_SPANNER
ST026,ST049,19.601,23.108999999999998,1.1789704606907812,T2_SPANNER
ST026,ST050,13.759,14.796000000000001,1.0753688494803402,T2_SPANNER
ST026,ST051,7.587,7.587,1.0,T2_SPANNER
ST026,ST052,8.850999999999999,8.850999999999999,1.0,T2_SPANNER
ST026,ST053,17.837,19.883,1.1147053876772999,T2_SPANNER
ST026,ST054,10.708,13.716,1.2809114680612625,T2_SPANNER
ST026,ST055,19.146,20.973,1.0954246317768723,T2_SPANNER
ST027,ST028,4.046,4.046,1.0,T2_SPANNER
ST027,ST029,6.511,9.602,1.474735063738289,T2_SPANNER
ST027,ST030,8.605,10.246,1.190703079604881,T2_SPANNER
ST027,ST031,9.97,10.168,1.0198595787362086,T2_SPANNER
ST027,ST032,17.027,17.724,1.0409349856110883,T2_SPANNER
ST027,ST033,17.138,17.14,1.0001166997315905,T2_SPANNER
ST027,ST034,12.837,13.997,1.090363792163278,T2_SPANNER
ST027,ST035,12.484,13.561,1.086270426145466,T2_SPANNER
ST027,ST036,13.102,14.433,1.1015875438864295,T2_SPANNER
ST027,ST037,13.578,14.651,1.0790248932096038,T2_SPANNER
ST027,ST038,9.684,9.684,1.0,T2_SPANNER
ST027,ST039,9.782,9.782,1.0,T2_SPANNER
ST027,ST040,7.766,7.766,1.0,T2_SPANNER
ST027,ST041,9.582,11.472000000000001,1.1972448340638697,T2_SPANNER
ST027,ST042,8.115,8.115,1.0,T2_SPANNER
ST027,ST043,14.806000000000001,16.933,1.143657976496015,T2_SPANNER
ST027,ST044,15.540000000000001,15.542,1.0001287001287,T2_SPANNER
ST027,ST045,14.334,16.925,1.1807590344635135,T2_SPANNER
ST027,ST046,11.418,13.895,1.2169381678052198,T2_SPANNER
ST027,ST047,13.986999999999998,17.65,1.2618860370343892,T2_SPANNER
ST027,ST048,14.147,17.102999999999998,1.2089488937583939,T2_SPANNER
ST027,ST049,19.224,22.201,1.1548585101955888,T2_SPANNER
ST027,ST050,13.382,13.453,1.0053056344343148,T2_SPANNER
ST027,ST051,7.923,10.187000000000001,1.2857503470907485,T2_SPANNER
ST027,ST052,8.68,9.726,1.1205069124423965,T2_SPANNER
ST027,ST053,17.46,18.54,1.0618556701030928,T2_SPANNER
ST027,ST054,10.331,12.808,1.2397638176362404,T2_SPANNER
ST027,ST055,18.769,19.63,1.0458735148382972,T2_SPANNER
ST028,ST029,5.556,5.556,1.0,T2_SPANNER
ST028,ST030,8.229,9.993,1.214363835216916,T2_SPANNER
ST028,ST031,9.015,9.015,1.0,T2_SPANNER
ST028,ST032,15.815,18.057,1.1417641479607967,T2_SPANNER
ST028,ST033,15.674999999999999,16.741,1.068006379585327,T2_SPANNER
ST028,ST034,12.461,12.575,1.0091485434555814,T2_SPANNER
ST028,ST035,12.108,12.139,1.0025602907168814,T2_SPANNER
ST028,ST036,12.383,12.725999999999999,1.0276992651215375,T2_SPANNER
ST028,ST037,12.859,13.478000000000002,1.0481374912512638,T2_SPANNER
ST028,ST038,8.65,9.779,1.1305202312138727,T2_SPANNER
ST028,ST039,8.698,9.876999999999999,1.1355484019314783,T2_SPANNER
ST028,ST040,6.811,8.729,1.2816032887975333,T2_SPANNER
ST028,ST041,7.951,11.567,1.454785561564583,T2_SPANNER
ST028,ST042,7.16,8.21,1.1466480446927376,T2_SPANNER
ST028,ST043,13.353,15.595,1.1679023440425373,T2_SPANNER
ST028,ST044,14.087,16.331,1.1592958046425783,T2_SPANNER
ST028,ST045,12.880999999999998,16.124000000000002,1.251766167223042,T2_SPANNER
ST028,ST046,12.459,12.459,1.0,T2_SPANNER
ST028,ST047,14.899,16.214,1.0882609571112154,T2_SPANNER
ST028,ST048,12.693999999999999,15.676000000000002,1.2349141326611,T2_SPANNER
ST028,ST049,20.31,20.765,1.0224027572624323,T2_SPANNER
ST028,ST050,14.17,14.822,1.0460127028934367,T2_SPANNER
ST028,ST051,6.968,10.282,1.4756027554535018,T2_SPANNER
ST028,ST052,8.304,8.304,1.0,T2_SPANNER
ST028,ST053,18.062,19.522,1.080832687410032,T2_SPANNER
ST028,ST054,11.372,11.372,1.0,T2_SPANNER
ST028,ST055,19.855,20.999,1.0576177285318558,T2_SPANNER
ST029,ST030,4.785,4.785,1.0,T2_SPANNER
ST029,ST031,5.377,5.575,1.036823507532081,T2_SPANNER
ST029,ST032,12.501,12.501,1.0,T2_SPANNER
ST029,ST033,12.064,12.373,1.0256133952254642,T2_SPANNER
ST029,ST034,8.536,8.536,1.0,T2_SPANNER
ST029,ST035,8.1,8.1,1.0,T2_SPANNER
ST029,ST036,8.009,8.009,1.0,T2_SPANNER
ST029,ST037,8.485,9.19,1.0830878020035357,T2_SPANNER
ST029,ST038,4.223,4.223,1.0,T2_SPANNER
ST029,ST039,4.321,4.321,1.0,T2_SPANNER
ST029,ST040,3.173,3.173,1.0,T2_SPANNER
ST029,ST041,3.138,6.011,1.915551306564691,T2_SPANNER
ST029,ST042,2.654,2.654,1.0,T2_SPANNER
ST029,ST043,9.732,10.039,1.0315454171804357,T2_SPANNER
ST029,ST044,10.466,10.774999999999999,1.0295241735142364,T2_SPANNER
ST029,ST045,9.233,10.709999999999999,1.159969673995451,T2_SPANNER
ST029,ST046,8.821,9.302,1.054528964969958,T2_SPANNER
ST029,ST047,11.332,13.056999999999999,1.1522237910342392,T2_SPANNER
ST029,ST048,9.073,10.120000000000001,1.1153973327455087,T2_SPANNER
ST029,ST049,16.996,17.0,1.0002353494939986,T2_SPANNER
ST029,ST050,10.626000000000001,11.665,1.097779032561641,T2_SPANNER
ST029,ST051,1.708,4.726,2.7669789227166275,T2_SPANNER
ST029,ST052,4.265,4.265,1.0,T2_SPANNER
ST029,ST053,14.748000000000001,16.365,1.109641985353946,T2_SPANNER
ST029,ST054,7.734,8.215,1.0621929144039306,T2_SPANNER
ST029,ST055,16.519,17.067,1.0331739209395243,T2_SPANNER
ST030,ST031,3.08,10.36,3.3636363636363633,T2_SPANNER
ST030,ST032,9.897,12.761,1.289380620390017,T2_SPANNER
ST030,ST033,9.757,12.383,1.2691401045403299,T2_SPANNER
ST030,ST034,5.062,5.196,1.0264717502963254,T2_SPANNER
ST030,ST035,4.626,4.843,1.0469087764807607,T2_SPANNER
ST030,ST036,5.244000000000001,7.043,1.3430587337909992,T2_SPANNER
ST030,ST037,5.720000000000001,7.519,1.3145104895104893,T2_SPANNER
ST030,ST038,3.282,5.6419999999999995,1.7190737355271175,T2_SPANNER
ST030,ST039,3.38,5.6899999999999995,1.6834319526627217,T2_SPANNER
ST030,ST040,1.629,7.958,4.885205647636587,T2_SPANNER
ST030,ST041,5.759,7.814,1.3568327834693523,T2_SPANNER
ST030,ST042,2.893,6.2010000000000005,2.143449706187349,T2_SPANNER
ST030,ST043,7.435,11.617999999999999,1.5626092804303966,T2_SPANNER
ST030,ST044,8.169,12.329999999999998,1.5093646713183986,T2_SPANNER
ST030,ST045,6.936,10.947,1.5782871972318337,T2_SPANNER
ST030,ST046,6.526,6.526,1.0,T2_SPANNER
ST030,ST047,9.219,10.281,1.1151968760169217,T2_SPANNER
ST030,ST048,6.776,11.436,1.6877213695395514,T2_SPANNER
ST030,ST049,14.396,14.831999999999999,1.0302861906085021,T2_SPANNER
ST030,ST050,8.49,8.49,1.0,T2_SPANNER
ST030,ST051,4.0809999999999995,4.964,1.2163685371232544,T2_SPANNER
ST030,ST052,0.791,2.846,3.597977243994943,T2_SPANNER
ST030,ST053,12.664,13.589,1.0730416929879976,T2_SPANNER
ST030,ST054,5.439,5.439,1.0,T2_SPANNER
ST030,ST055,14.224,14.667,1.031144544431946,T2_SPANNER
ST031,ST032,7.813,9.807,1.2552156661973635,T2_SPANNER
ST031,ST033,7.673,7.726,1.0069073374169164,T2_SPANNER
ST031,ST034,6.03,6.03,1.0,T2_SPANNER
ST031,ST035,5.677,5.677,1.0,T2_SPANNER
ST031,ST036,6.321,9.63,1.5234931181775038,T2_SPANNER
ST031,ST037,6.771,10.811,1.5966622360064984,T2_SPANNER
ST031,ST038,5.844,5.844,1.0,T2_SPANNER
ST031,ST039,5.5440000000000005,5.942,1.0717893217893217,T2_SPANNER
ST031,ST040,2.402,2.402,1.0,T2_SPANNER
ST031,ST041,7.632000000000001,7.632000000000001,1.0,T2_SPANNER
ST031,ST042,4.275,4.275,1.0,T2_SPANNER
ST031,ST043,5.351,7.78,1.4539338441412821,T2_SPANNER
ST031,ST044,6.085,8.492,1.3955628594905507,T2_SPANNER
ST031,ST045,4.879,7.109,1.4570608731297399,T2_SPANNER
ST031,ST046,5.3629999999999995,6.474,1.2071601715457767,T2_SPANNER
ST031,ST047,6.614,11.582999999999998,1.7512851527063802,T2_SPANNER
ST031,ST048,4.692,7.909,1.6856351236146632,T2_SPANNER
ST031,ST049,11.681000000000001,14.306000000000001,1.2247239106240904,T2_SPANNER
ST031,ST050,6.08,8.837,1.453453947368421,T2_SPANNER
ST031,ST051,6.074,6.347,1.0449456700691473,T2_SPANNER
ST031,ST052,2.69,7.630000000000001,2.8364312267657996,T2_SPANNER
ST031,ST053,9.667,13.413999999999998,1.387607323885383,T2_SPANNER
ST031,ST054,4.873,7.444,1.527601067104453,T2_SPANNER
ST031,ST055,11.226,14.395,1.282291109923392,T2_SPANNER
ST032,ST033,2.081,2.081,1.0,T2_SPANNER
ST032,ST034,9.083,9.974,1.098095342948365,T2_SPANNER
ST032,ST035,8.73,9.621,1.1020618556701032,T2_SPANNER
ST032,ST036,9.146,10.327,1.1291274874261972,T2_SPANNER
ST032,ST037,8.458,8.458,1.0,T2_SPANNER
ST032,ST038,13.179,13.425,1.018666059640337,T2_SPANNER
ST032,ST039,12.833,13.523,1.0537676303280605,T2_SPANNER
ST032,ST040,10.11,11.455,1.133036597428289,T2_SPANNER
ST032,ST041,13.504999999999999,14.85,1.0995927434283599,T2_SPANNER
ST032,ST042,12.014999999999999,14.081999999999999,1.1720349563046193,T2_SPANNER
ST032,ST043,3.095,4.213,1.361227786752827,T2_SPANNER
ST032,ST044,3.013,3.6790000000000003,1.221042150680385,T2_SPANNER
ST032,ST045,3.542,3.542,1.0,T2_SPANNER
ST032,ST046,6.177,6.634,1.0739841346932169,T2_SPANNER
ST032,ST047,4.347,5.088,1.1704623878536922,T2_SPANNER
ST032,ST048,4.266,4.266,1.0,T2_SPANNER
ST032,ST049,4.499,4.499,1.0,T2_SPANNER
ST032,ST050,4.271,4.271,1.0,T2_SPANNER
ST032,ST051,13.56,13.913,1.0260324483775811,T2_SPANNER
ST032,ST052,10.503,13.456,1.2811577644482528,T2_SPANNER
ST032,ST053,4.2509999999999994,5.431,1.2775817454716538,T2_SPANNER
ST032,ST054,7.263999999999999,7.721,1.0629129955947139,T2_SPANNER
ST032,ST055,4.731,4.871,1.0295920524202073,T2_SPANNER
ST033,ST034,7.5809999999999995,7.893,1.0411555203798972,T2_SPANNER
ST033,ST035,7.497,7.54,1.0057356275843672,T2_SPANNER
ST033,ST036,7.0649999999999995,8.246,1.1671620665251239,T2_SPANNER
ST033,ST037,6.377,6.377,1.0,T2_SPANNER
ST033,ST038,11.114,11.344,1.0206946193989561,T2_SPANNER
ST033,ST039,11.212,11.442,1.0205137352836247,T2_SPANNER
ST033,ST040,9.372,9.374,1.0002134016218525,T2_SPANNER
ST033,ST041,12.767,12.769,1.0001566538732671,T2_SPANNER
ST033,ST042,11.361999999999998,12.001000000000001,1.0562400985741949,T2_SPANNER
ST033,ST043,2.332,2.934,1.258147512864494,T2_SPANNER
ST033,ST044,1.598,1.598,1.0,T2_SPANNER
ST033,ST045,2.981,2.981,1.0,T2_SPANNER
ST033,ST046,7.273,7.5760000000000005,1.0416609377148358,T2_SPANNER
ST033,ST047,5.588,5.822,1.0418754473872585,T2_SPANNER
ST033,ST048,3.606,3.608,1.0005546311702718,T2_SPANNER
ST033,ST049,6.473,6.58,1.0165302023791132,T2_SPANNER
ST033,ST050,5.79,5.79,1.0,T2_SPANNER
ST033,ST051,13.406,13.785,1.0282709234671044,T2_SPANNER
ST033,ST052,10.022,11.375,1.135002993414488,T2_SPANNER
ST033,ST053,6.235,6.235,1.0,T2_SPANNER
ST033,ST054,8.36,8.663,1.036244019138756,T2_SPANNER
ST033,ST055,6.669,6.669,1.0,T2_SPANNER
ST034,ST035,0.462,8.106,17.545454545454543,T2_SPANNER
ST034,ST036,0.834,9.971,11.955635491606715,T2_SPANNER
ST034,ST037,1.204,11.27,9.36046511627907,T2_SPANNER
ST034,ST038,5.716,9.195,1.6086424072778167,T2_SPANNER
ST034,ST039,5.814,9.293,1.5983832129342963,T2_SPANNER
ST034,ST040,6.322,8.432,1.3337551407782349,T2_SPANNER
ST034,ST041,9.239,9.239,1.0,T2_SPANNER
ST034,ST042,6.53,7.626,1.1678407350689126,T2_SPANNER
ST034,ST043,6.443,7.211,1.1191991308396712,T2_SPANNER
ST034,ST044,6.398,7.923,1.2383557361675523,T2_SPANNER
ST034,ST045,6.149,6.54,1.0635875752154822,T2_SPANNER
ST034,ST046,6.911,10.433,1.5096223411951961,T2_SPANNER
ST034,ST047,8.311,11.596,1.3952592949103597,T2_SPANNER
ST034,ST048,5.962,7.34,1.231130493123113,T2_SPANNER
ST034,ST049,13.582,14.472999999999999,1.0656015314386686,T2_SPANNER
ST034,ST050,7.605,8.07,1.0611439842209072,T2_SPANNER
ST034,ST051,7.654999999999999,8.715,1.1384715871979099,T2_SPANNER
ST034,ST052,4.271,4.271,1.0,T2_SPANNER
ST034,ST053,11.657,12.774999999999999,1.0959080380887019,T2_SPANNER
ST034,ST054,7.997999999999999,9.504999999999999,1.1884221055263815,T2_SPANNER
ST034,ST055,13.216000000000001,13.843,1.047442493946731,T2_SPANNER
ST035,ST036,0.644,9.535,14.805900621118012,T2_SPANNER
ST035,ST037,1.12,10.834,9.673214285714284,T2_SPANNER
ST035,ST038,5.28,8.759,1.6589015151515152,T2_SPANNER
ST035,ST039,5.378,8.857,1.646894756415024,T2_SPANNER
ST035,ST040,5.886,8.079,1.3725790010193681,T2_SPANNER
ST035,ST041,8.803,8.803,1.0,T2_SPANNER
ST035,ST042,6.177,7.19,1.1639954670552048,T2_SPANNER
ST035,ST043,6.007,6.775,1.1278508406858667,T2_SPANNER
ST035,ST044,6.03,7.487,1.241625207296849,T2_SPANNER
ST035,ST045,5.796,6.104,1.0531400966183575,T2_SPANNER
ST035,ST046,6.475,10.08,1.5567567567567568,T2_SPANNER
ST035,ST047,7.875,11.243,1.4276825396825397,T2_SPANNER
ST035,ST048,5.609,6.904,1.2308789445533963,T2_SPANNER
ST035,ST049,13.229,14.120000000000001,1.0673520296318695,T2_SPANNER
ST035,ST050,7.169,7.7170000000000005,1.0764402287627286,T2_SPANNER
ST035,ST051,7.218999999999999,8.279,1.1468347416539688,T2_SPANNER
ST035,ST052,3.835,3.835,1.0,T2_SPANNER
ST035,ST053,11.304,12.422,1.098903043170559,T2_SPANNER
ST035,ST054,7.561999999999999,9.152000000000001,1.210261835493256,T2_SPANNER
ST035,ST055,12.863,13.49,1.048744460856721,T2_SPANNER
ST036,ST037,0.688,9.411999999999999,13.680232558139535,T2_SPANNER
ST036,ST038,5.221,5.221,1.0,T2_SPANNER
ST036,ST039,5.269,5.269,1.0,T2_SPANNER
ST036,ST040,6.5040000000000004,9.988,1.5356703567035668,T2_SPANNER
ST036,ST041,9.421,10.615000000000002,1.1267381382018897,T2_SPANNER
ST036,ST042,6.573,7.258000000000001,1.1042142096455196,T2_SPANNER
ST036,ST043,6.146999999999999,6.625,1.0777615096795186,T2_SPANNER
ST036,ST044,6.17,6.648,1.0774716369529984,T2_SPANNER
ST036,ST045,6.244,7.296,1.168481742472774,T2_SPANNER
ST036,ST046,7.093,11.248,1.5857888058649372,T2_SPANNER
ST036,ST047,8.493,12.697,1.4949958789591427,T2_SPANNER
ST036,ST048,6.227,7.358,1.1816283924843423,T2_SPANNER
ST036,ST049,13.538,14.402,1.0638203575121878,T2_SPANNER
ST036,ST050,7.787,10.105,1.2976756132014897,T2_SPANNER
ST036,ST051,7.837,8.992,1.1473778231466123,T2_SPANNER
ST036,ST052,4.453,5.7,1.2800359308331462,T2_SPANNER
ST036,ST053,11.948,13.04,1.0913960495480415,T2_SPANNER
ST036,ST054,8.18,10.161,1.2421760391198045,T2_SPANNER
ST036,ST055,13.507,14.108,1.0444954468053602,T2_SPANNER
ST037,ST038,4.967,4.967,1.0,T2_SPANNER
ST037,ST039,5.065,5.065,1.0,T2_SPANNER
ST037,ST040,6.98,11.222,1.6077363896848136,T2_SPANNER
ST037,ST041,9.274,10.065000000000001,1.085292214794048,T2_SPANNER
ST037,ST042,6.708,6.708,1.0,T2_SPANNER
ST037,ST043,5.459,6.227,1.1406851071624842,T2_SPANNER
ST037,ST044,5.482,6.939,1.2657789128055454,T2_SPANNER
ST037,ST045,5.556,5.556,1.0,T2_SPANNER
ST037,ST046,7.569,10.269,1.356718192627824,T2_SPANNER
ST037,ST047,8.163,12.199,1.4944260688472375,T2_SPANNER
ST037,ST048,6.192,6.356,1.026485788113695,T2_SPANNER
ST037,ST049,12.85,12.957,1.0083268482490273,T2_SPANNER
ST037,ST050,8.289,9.707,1.1710700928941973,T2_SPANNER
ST037,ST051,7.679,8.780000000000001,1.143378044016148,T2_SPANNER
ST037,ST052,4.929,6.9990000000000006,1.4199634814363968,T2_SPANNER
ST037,ST053,11.611,12.612,1.086211351304797,T2_SPANNER
ST037,ST054,8.656,11.356,1.3119223659889094,T2_SPANNER
ST037,ST055,12.948,12.948,1.0,T2_SPANNER
ST038,ST039,1.349,1.536,1.1386212008895478,T2_SPANNER
ST038,ST040,4.911,6.255,1.2736713500305437,T2_SPANNER
ST038,ST041,4.469,6.882000000000001,1.539941821436563,T2_SPANNER
ST038,ST042,2.385,3.5250000000000004,1.4779874213836481,T2_SPANNER
ST038,ST043,10.425999999999998,11.193999999999999,1.0736619988490312,T2_SPANNER
ST038,ST044,10.449,11.869,1.1358981720738828,T2_SPANNER
ST038,ST045,10.218,10.523,1.0298492855744763,T2_SPANNER
ST038,ST046,9.808,11.393,1.1616027732463297,T2_SPANNER
ST038,ST047,12.458000000000002,14.586,1.1708139348209985,T2_SPANNER
ST038,ST048,10.058,11.323,1.1257705309206603,T2_SPANNER
ST038,ST049,17.525,17.924,1.0227674750356635,T2_SPANNER
ST038,ST050,11.772,12.716999999999999,1.080275229357798,T2_SPANNER
ST038,ST051,3.27,5.259,1.608256880733945,T2_SPANNER
ST038,ST052,3.367,4.924,1.4624294624294625,T2_SPANNER
ST038,ST053,15.511000000000001,17.579,1.1333247372832183,T2_SPANNER
ST038,ST054,8.721,10.306000000000001,1.181745212704965,T2_SPANNER
ST038,ST055,17.07,17.915,1.049502050380785,T2_SPANNER
ST039,ST040,4.905,6.303,1.2850152905198775,T2_SPANNER
ST039,ST041,4.913,6.930000000000001,1.41054345613678,T2_SPANNER
ST039,ST042,2.747,3.5730000000000004,1.3006916636330543,T2_SPANNER
ST039,ST043,9.797,9.797,1.0,T2_SPANNER
ST039,ST044,9.82,11.850999999999999,1.2068228105906313,T2_SPANNER
ST039,ST045,9.894,10.468,1.058014958560744,T2_SPANNER
ST039,ST046,9.905999999999999,11.440999999999999,1.154956591964466,T2_SPANNER
ST039,ST047,12.158000000000001,14.634,1.203651916433624,T2_SPANNER
ST039,ST048,9.913,11.268,1.1366891960052457,T2_SPANNER
ST039,ST049,17.224999999999998,18.022,1.0462699564586357,T2_SPANNER
ST039,ST050,11.624,13.23,1.1381624225739848,T2_SPANNER
ST039,ST051,3.723,3.723,1.0,T2_SPANNER
ST039,ST052,2.854,5.022,1.759635599159075,T2_SPANNER
ST039,ST053,15.211,17.021,1.1189928341331932,T2_SPANNER
ST039,ST054,8.818999999999999,10.354,1.1740560154212496,T2_SPANNER
ST039,ST055,16.77,17.724,1.056887298747764,T2_SPANNER
ST040,ST041,6.311,9.184000000000001,1.45523688797338,T2_SPANNER
ST040,ST042,3.46,5.827,1.6841040462427745,T2_SPANNER
ST040,ST043,7.04,9.829999999999998,1.396306818181818,T2_SPANNER
ST040,ST044,7.774,7.776,1.0002572678157962,T2_SPANNER
ST040,ST045,6.568,9.158999999999999,1.3944884287454322,T2_SPANNER
ST040,ST046,6.129,6.129,1.0,T2_SPANNER
ST040,ST047,8.159,9.884,1.2114229685010418,T2_SPANNER
ST040,ST048,6.381,9.959,1.5607271587525464,T2_SPANNER
ST040,ST049,14.083,14.434999999999999,1.024994674430164,T2_SPANNER
ST040,ST050,7.453,8.491999999999999,1.1394069502213873,T2_SPANNER
ST040,ST051,4.881,5.417,1.1098135627945092,T2_SPANNER
ST040,ST052,2.051,7.438,3.6265236470014623,T2_SPANNER
ST040,ST053,11.627,13.192,1.1346004988389093,T2_SPANNER
ST040,ST054,5.042,5.042,1.0,T2_SPANNER
ST040,ST055,13.628,14.668999999999999,1.0763868506017022,T2_SPANNER
ST041,ST042,3.357,3.357,1.0,T2_SPANNER
ST041,ST043,10.435,13.224999999999998,1.2673694298035454,T2_SPANNER
ST041,ST044,11.169,11.171,1.000179067060614,T2_SPANNER
ST041,ST045,9.963,12.553999999999998,1.2600622302519322,T2_SPANNER
ST041,ST046,9.524,9.524,1.0,T2_SPANNER
ST041,ST047,12.593,13.279,1.0544747081712063,T2_SPANNER
ST041,ST048,9.776,13.354,1.3659983633387889,T2_SPANNER
ST041,ST049,17.81,17.83,1.0011229646266142,T2_SPANNER
ST041,ST050,11.886999999999999,11.886999999999999,1.0,T2_SPANNER
ST041,ST051,2.393,5.429,2.2687003760969495,T2_SPANNER
ST041,ST052,4.968,4.968,1.0,T2_SPANNER
ST041,ST053,15.83,16.587,1.0478205938092229,T2_SPANNER
ST041,ST054,8.437,8.437,1.0,T2_SPANNER
ST041,ST055,17.222,18.064,1.048890953431657,T2_SPANNER
ST042,ST043,9.03,12.054999999999998,1.3349944629014394,T2_SPANNER
ST042,ST044,9.764,12.767,1.3075583777140516,T2_SPANNER
ST042,ST045,8.531,11.383999999999999,1.3344273824873987,T2_SPANNER
ST042,ST046,8.121,10.065000000000001,1.2393793867750278,T2_SPANNER
ST042,ST047,10.814,11.061,1.0228407619752173,T2_SPANNER
ST042,ST048,8.371,12.184,1.4555011348703857,T2_SPANNER
ST042,ST049,15.956000000000001,17.63,1.1049135121584355,T2_SPANNER
ST042,ST050,10.085,10.085,1.0,T2_SPANNER
ST042,ST051,2.072,2.072,1.0,T2_SPANNER
ST042,ST052,2.348,3.3550000000000004,1.4288756388415675,T2_SPANNER
ST042,ST053,13.942,15.687999999999999,1.1252331085927412,T2_SPANNER
ST042,ST054,7.034,10.628,1.5109468296843902,T2_SPANNER
ST042,ST055,15.501000000000001,16.262,1.0490936068640733,T2_SPANNER
ST043,ST044,0.734,2.0540000000000003,2.798365122615804,T2_SPANNER
ST043,ST045,0.671,0.671,1.0,T2_SPANNER
ST043,ST046,4.974,5.242,1.053880176919984,T2_SPANNER
ST043,ST047,3.278,6.881,2.0991458206223306,T2_SPANNER
ST043,ST048,1.307,1.471,1.125478194338179,T2_SPANNER
ST043,ST049,7.593999999999999,8.712,1.1472214906505136,T2_SPANNER
ST043,ST050,3.48,3.48,1.0,T2_SPANNER
ST043,ST051,11.102,11.451,1.0314357773374168,T2_SPANNER
ST043,ST052,7.723,10.61,1.373818464327334,T2_SPANNER
ST043,ST053,6.728,7.224,1.0737217598097504,T2_SPANNER
ST043,ST054,6.061,6.329,1.0442171258868174,T2_SPANNER
ST043,ST055,7.8260000000000005,7.9270000000000005,1.0129056989522105,T2_SPANNER
ST044,ST045,1.383,1.383,1.0,T2_SPANNER
ST044,ST046,5.675,5.978,1.0533920704845814,T2_SPANNER
ST044,ST047,3.99,6.654,1.6676691729323307,T2_SPANNER
ST044,ST048,2.008,2.183,1.0871513944223106,T2_SPANNER
ST044,ST049,7.512,7.754,1.0322151224707135,T2_SPANNER
ST044,ST050,4.192,4.192,1.0,T2_SPANNER
ST044,ST051,11.808,12.187,1.0320968834688347,T2_SPANNER
ST044,ST052,8.424,11.322,1.344017094017094,T2_SPANNER
ST044,ST053,6.997,6.997,1.0,T2_SPANNER
ST044,ST054,6.762,7.0649999999999995,1.0448092280390417,T2_SPANNER
ST044,ST055,7.744,7.845000000000001,1.013042355371901,T2_SPANNER
ST045,ST046,4.467,4.713,1.0550705171255876,T2_SPANNER
ST045,ST047,2.631,7.552,2.870391486126948,T2_SPANNER
ST045,ST048,0.8,0.8,1.0,T2_SPANNER
ST045,ST049,7.847,8.041,1.0247228240091755,T2_SPANNER
ST045,ST050,2.833,4.151,1.46523120367102,T2_SPANNER
ST045,ST051,10.603000000000002,11.269,1.0628124115816278,T2_SPANNER
ST045,ST052,7.23,9.939,1.374688796680498,T2_SPANNER
ST045,ST053,6.0569999999999995,7.895,1.303450553079082,T2_SPANNER
ST045,ST054,5.553999999999999,5.8,1.0442924018725244,T2_SPANNER
ST045,ST055,7.392,7.392,1.0,T2_SPANNER
ST046,ST047,3.069,5.929,1.931899641577061,T2_SPANNER
ST046,ST048,3.667,4.91,1.3389691846195801,T2_SPANNER
ST046,ST049,8.306,8.306,1.0,T2_SPANNER
ST046,ST050,2.363,2.363,1.0,T2_SPANNER
ST046,ST051,10.12,10.715,1.058794466403162,T2_SPANNER
ST046,ST052,7.317,7.614,1.040590405904059,T2_SPANNER
ST046,ST053,6.393,7.907,1.2368215235413733,T2_SPANNER
ST046,ST054,1.087,1.087,1.0,T2_SPANNER
ST046,ST055,7.851,8.54,1.087759521080117,T2_SPANNER
ST047,ST048,3.431,7.013999999999999,2.044301952783445,T2_SPANNER
ST047,ST049,6.569,6.569,1.0,T2_SPANNER
ST047,ST050,0.729,5.364,7.3580246913580245,T2_SPANNER
ST047,ST051,11.973,13.133,1.0968846571452433,T2_SPANNER
ST047,ST052,9.304,9.773,1.050408426483233,T2_SPANNER
ST047,ST053,3.916,4.627,1.1815628192032686,T2_SPANNER
ST047,ST054,4.156,4.8420000000000005,1.1650625601539943,T2_SPANNER
ST047,ST055,6.114,6.329000000000001,1.0351651946352634,T2_SPANNER
ST048,ST049,8.647,8.765,1.0136463513357235,T2_SPANNER
ST048,ST050,3.182,3.65,1.1470773098680076,T2_SPANNER
ST048,ST051,10.443,10.469,1.0024897060231734,T2_SPANNER
ST048,ST052,7.059,10.739,1.5213203003258253,T2_SPANNER
ST048,ST053,6.856999999999999,7.356999999999999,1.0729181857955374,T2_SPANNER
ST048,ST054,4.754,5.997,1.261464030290282,T2_SPANNER
ST048,ST055,8.192,8.192,1.0,T2_SPANNER
ST049,ST050,6.734,8.77,1.3023463023463022,T2_SPANNER
ST049,ST051,17.384,18.412,1.059134836631385,T2_SPANNER
ST049,ST052,14.371,15.919999999999998,1.1077865145083847,T2_SPANNER
ST049,ST053,3.789,3.795,1.0015835312747425,T2_SPANNER
ST049,ST054,9.392999999999999,9.392999999999999,1.0,T2_SPANNER
ST049,ST055,0.676,9.37,13.860946745562128,T2_SPANNER
ST050,ST051,11.244,12.157,1.0811988616150836,T2_SPANNER
ST050,ST052,8.77,9.486,1.0816419612314712,T2_SPANNER
ST050,ST053,4.1739999999999995,5.727,1.3720651653090563,T2_SPANNER
ST050,ST054,3.45,3.45,1.0,T2_SPANNER
ST050,ST055,6.177,6.177,1.0,T2_SPANNER
ST051,ST052,3.384,4.444,1.3132387706855793,T2_SPANNER
ST051,ST053,15.136000000000001,17.759999999999998,1.1733615221987312,T2_SPANNER
ST051,ST054,9.033,9.628,1.0658695892837375,T2_SPANNER
ST051,ST055,16.929,18.334,1.0829936794849075,T2_SPANNER
ST052,ST053,12.357,14.399999999999999,1.1653313911143481,T2_SPANNER
ST052,ST054,6.23,8.285,1.3298555377207062,T2_SPANNER
ST052,ST055,13.916,15.663,1.1255389479735556,T2_SPANNER
ST053,ST054,7.393,8.15,1.1023941566346545,T2_SPANNER
ST053,ST055,3.334,7.167999999999999,2.1499700059988,T2_SPANNER
ST054,ST055,8.785,9.626999999999999,1.0958451906659077,T2_SPANNER
ST001,ST002,0.619,0.619,1.0,DEGREE_LIMIT_3
ST001,ST003,6.8,10.052999999999999,1.4783823529411764,DEGREE_LIMIT_3
ST001,ST004,3.811,14.738,3.8672264497507216,DEGREE_LIMIT_3
ST001,ST005,3.419,4.577,1.338695525007312,DEGREE_LIMIT_3
ST001,ST006,7.161,12.44,1.7371875436391566,DEGREE_LIMIT_3
ST001,ST007,6.545,6.545,1.0,DEGREE_LIMIT_3
ST001,ST008,8.055,14.391,1.7865921787709498,DEGREE_LIMIT_3
ST001,ST009,8.887,19.515,2.1959041296275457,DEGREE_LIMIT_3
ST001,ST010,11.633,26.680999999999997,2.2935614200979972,DEGREE_LIMIT_3
ST001,ST011,4.454,17.816,4.0,DEGREE_LIMIT_3
ST001,ST012,9.602,29.041999999999998,3.024578212872318,DEGREE_LIMIT_3
ST001,ST013,9.482,29.838999999999995,3.1469099346129505,DEGREE_LIMIT_3
ST001,ST014,10.345,30.642999999999997,2.962107298211696,DEGREE_LIMIT_3
ST001,ST015,11.924,22.180999999999997,1.8601979201610197,DEGREE_LIMIT_3
ST001,ST016,10.361,19.073999999999998,1.8409419940160212,DEGREE_LIMIT_3
ST001,ST017,5.41,14.34,2.6506469500924212,DEGREE_LIMIT_3
ST001,ST018,6.58,19.419999999999998,2.9513677811550147,DEGREE_LIMIT_3
ST001,ST019,6.5889999999999995,22.037,3.344513583244802,DEGREE_LIMIT_3
ST001,ST020,7.875,20.058,2.547047619047619,DEGREE_LIMIT_3
ST001,ST021,9.161000000000001,22.406,2.4458028599497865,DEGREE_LIMIT_3
ST001,ST022,9.935,12.263,1.2343231001509813,DEGREE_LIMIT_3
ST001,ST023,4.925,16.451,3.340304568527919,DEGREE_LIMIT_3
ST001,ST024,12.299999999999999,22.302999999999997,1.8132520325203252,DEGREE_LIMIT_3
ST001,ST025,13.215,16.069,1.2159667045024594,DEGREE_LIMIT_3
ST001,ST026,11.399000000000001,27.900999999999996,2.4476708483200276,DEGREE_LIMIT_3
ST001,ST027,11.022,26.993,2.4490110687715476,DEGREE_LIMIT_3
ST001,ST028,11.775,22.947,1.9487898089171973,DEGREE_LIMIT_3
ST001,ST029,8.007,8.969999999999999,1.120269763956538,DEGREE_LIMIT_3
ST001,ST030,5.974,25.311,4.236859725477067,DEGREE_LIMIT_3
ST001,ST031,4.665,4.726,1.0130760986066452,DEGREE_LIMIT_3
ST001,ST032,9.175,12.998999999999999,1.4167847411444139,DEGREE_LIMIT_3
ST001,ST033,9.479,15.079999999999998,1.590885114463551,DEGREE_LIMIT_3
ST001,ST034,8.216000000000001,23.144,2.816942551119766,DEGREE_LIMIT_3
ST001,ST035,7.8629999999999995,24.788999999999998,3.152613506295307,DEGREE_LIMIT_3
ST001,ST036,8.507,18.859,2.2168802162924655,DEGREE_LIMIT_3
ST001,ST037,8.983,22.159999999999997,2.466881888010686,DEGREE_LIMIT_3
ST001,ST038,9.128,14.639,1.60374671340929,DEGREE_LIMIT_3
ST001,ST039,8.889,18.723,2.1063111711103613,DEGREE_LIMIT_3
ST001,ST040,5.747,5.797,1.0087001914042109,DEGREE_LIMIT_3
ST001,ST041,10.347999999999999,14.980999999999998,1.4477193660610745,DEGREE_LIMIT_3
ST001,ST042,7.559,11.623999999999999,1.5377695462362744,DEGREE_LIMIT_3
ST001,ST043,7.173,18.014,2.5113620521399693,DEGREE_LIMIT_3
ST001,ST044,7.885,16.677999999999997,2.1151553582752056,DEGREE_LIMIT_3
ST001,ST045,6.502,18.685,2.8737311596431865,DEGREE_LIMIT_3
ST001,ST046,2.998,4.156,1.3862575050033354,DEGREE_LIMIT_3
ST001,ST047,5.936999999999999,7.911,1.332491157150076,DEGREE_LIMIT_3
ST001,ST048,6.497999999999999,22.067,3.395967990150816,DEGREE_LIMIT_3
ST001,ST049,11.303999999999998,17.497999999999998,1.5479476291578202,DEGREE_LIMIT_3
ST001,ST050,5.361000000000001,16.820999999999998,3.1376608841634015,DEGREE_LIMIT_3
ST001,ST051,8.36,11.213999999999999,1.3413875598086125,DEGREE_LIMIT_3
ST001,ST052,6.035,19.948999999999998,3.305550952775476,DEGREE_LIMIT_3
ST001,ST053,9.285,11.219000000000001,1.208292945611201,DEGREE_LIMIT_3
ST001,ST054,1.911,3.069,1.6059654631083202,DEGREE_LIMIT_3
ST001,ST055,10.682,14.24,1.3330836921924734,DEGREE_LIMIT_3
ST002,ST003,6.181,10.671999999999999,1.7265814593107909,DEGREE_LIMIT_3
ST002,ST004,3.192,15.357,4.811090225563909,DEGREE_LIMIT_3
ST002,ST005,2.8,5.196,1.8557142857142856,DEGREE_LIMIT_3
ST002,ST006,6.542,11.821,1.8069397737694894,DEGREE_LIMIT_3
ST002,ST007,5.926,5.926,1.0,DEGREE_LIMIT_3
ST002,ST008,7.436,13.772,1.85207100591716,DEGREE_LIMIT_3
ST002,ST009,8.268,18.896,2.2854378326076437,DEGREE_LIMIT_3
ST002,ST010,11.014,26.061999999999998,2.366261122208099,DEGREE_LIMIT_3
ST002,ST011,3.835,18.435,4.807040417209908,DEGREE_LIMIT_3
ST002,ST012,8.983,28.423,3.164087721251252,DEGREE_LIMIT_3
ST002,ST013,8.913,29.219999999999995,3.278357455402221,DEGREE_LIMIT_3
ST002,ST014,9.776,30.023999999999997,3.071194762684124,DEGREE_LIMIT_3
ST002,ST015,11.305,21.561999999999998,1.907297655904467,DEGREE_LIMIT_3
ST002,ST016,9.742,18.455,1.8943748716895912,DEGREE_LIMIT_3
ST002,ST017,4.791,13.721,2.863911500730536,DEGREE_LIMIT_3
ST002,ST018,5.961,20.038999999999998,3.3616842811608785,DEGREE_LIMIT_3
ST002,ST019,5.97,22.656,3.794974874371859,DEGREE_LIMIT_3
ST002,ST020,7.256,20.677,2.849641675854465,DEGREE_LIMIT_3
ST002,ST021,8.542,23.025,2.6955045656754857,DEGREE_LIMIT_3
ST002,ST022,9.315999999999999,12.882,1.3827823100042937,DEGREE_LIMIT_3
ST002,ST023,4.306,17.07,3.964235949837436,DEGREE_LIMIT_3
ST002,ST024,11.681,21.683999999999997,1.8563479154182003,DEGREE_LIMIT_3
ST002,ST025,12.596,15.45,1.226579866624325,DEGREE_LIMIT_3
ST002,ST026,10.780000000000001,27.281999999999996,2.530797773654916,DEGREE_LIMIT_3
ST002,ST027,10.403,26.374,2.535230222051331,DEGREE_LIMIT_3
ST002,ST028,11.156,22.328,2.0014342058085335,DEGREE_LIMIT_3
ST002,ST029,8.350999999999999,8.350999999999999,1.0,DEGREE_LIMIT_3
ST002,ST030,5.355,25.93,4.842203548085901,DEGREE_LIMIT_3
ST002,ST031,4.046,5.345,1.3210578348986652,DEGREE_LIMIT_3
ST002,ST032,8.556,13.617999999999999,1.5916316035530622,DEGREE_LIMIT_3
ST002,ST033,8.86,15.698999999999998,1.7718961625282166,DEGREE_LIMIT_3
ST002,ST034,7.597,23.762999999999998,3.127945241542714,DEGREE_LIMIT_3
ST002,ST035,7.244,25.407999999999998,3.507454445057979,DEGREE_LIMIT_3
ST002,ST036,7.888,18.240000000000002,2.3123732251521303,DEGREE_LIMIT_3
ST002,ST037,8.364,22.778999999999996,2.7234576757532274,DEGREE_LIMIT_3
ST002,ST038,8.509,14.02,1.6476671759313666,DEGREE_LIMIT_3
ST002,ST039,8.284,18.104,2.1854176726219214,DEGREE_LIMIT_3
ST002,ST040,5.178,5.178,1.0,DEGREE_LIMIT_3
ST002,ST041,9.729,14.361999999999998,1.4762051598314319,DEGREE_LIMIT_3
ST002,ST042,6.94,11.004999999999999,1.5857348703170027,DEGREE_LIMIT_3
ST002,ST043,6.554,18.633,2.8429966432712845,DEGREE_LIMIT_3
ST002,ST044,7.266,17.296999999999997,2.3805394990366087,DEGREE_LIMIT_3
ST002,ST045,5.883,19.304,3.2813190549039604,DEGREE_LIMIT_3
ST002,ST046,2.379,4.7749999999999995,2.0071458596048757,DEGREE_LIMIT_3
ST002,ST047,5.318,8.53,1.6039864610755923,DEGREE_LIMIT_3
ST002,ST048,5.879,22.686,3.8588195271304646,DEGREE_LIMIT_3
ST002,ST049,10.684999999999999,18.116999999999997,1.6955545156761815,DEGREE_LIMIT_3
ST002,ST050,4.742,17.439999999999998,3.677773091522564,DEGREE_LIMIT_3
ST002,ST051,7.741,10.594999999999999,1.3686862162511302,DEGREE_LIMIT_3
ST002,ST052,5.430000000000001,19.33,3.5598526703499074,DEGREE_LIMIT_3
ST002,ST053,8.666,11.838000000000001,1.366028156012001,DEGREE_LIMIT_3
ST002,ST054,1.292,3.6879999999999997,2.854489164086687,DEGREE_LIMIT_3
ST002,ST055,10.063,14.859,1.4765974361522407,DEGREE_LIMIT_3
ST003,ST004,4.263,4.685,1.0989913206661974,DEGREE_LIMIT_3
ST003,ST005,4.21,5.476,1.3007125890736342,DEGREE_LIMIT_3
ST003,ST006,12.193999999999999,22.493000000000002,1.8445957028046582,DEGREE_LIMIT_3
ST003,ST007,11.892,16.598,1.3957282206525394,DEGREE_LIMIT_3
ST003,ST008,13.004999999999999,24.444000000000003,1.8795847750865056,DEGREE_LIMIT_3
ST003,ST009,13.838,29.568000000000005,2.1367249602543725,DEGREE_LIMIT_3
ST003,ST010,16.573999999999998,36.734,2.216362978158562,DEGREE_LIMIT_3
ST003,ST011,3.1750000000000003,7.763,2.44503937007874,DEGREE_LIMIT_3
ST003,ST012,14.213,39.095,2.750650812636319,DEGREE_LIMIT_3
ST003,ST013,14.001,39.892,2.8492250553531893,DEGREE_LIMIT_3
ST003,ST014,15.514999999999999,40.696,2.623009990331937,DEGREE_LIMIT_3
ST003,ST015,17.486,32.234,1.84341759121583,DEGREE_LIMIT_3
ST003,ST016,15.472000000000001,29.127000000000002,1.8825620475698035,DEGREE_LIMIT_3
ST003,ST017,10.538,24.393000000000004,2.3147656101727088,DEGREE_LIMIT_3
ST003,ST018,4.966,9.367,1.8862263391059204,DEGREE_LIMIT_3
ST003,ST019,4.507,11.983999999999998,2.6589749278899486,DEGREE_LIMIT_3
ST003,ST020,4.917999999999999,10.004999999999999,2.0343635624237497,DEGREE_LIMIT_3
ST003,ST021,2.859,12.353,4.320741518013291,DEGREE_LIMIT_3
ST003,ST022,3.668,6.494,1.7704471101417665,DEGREE_LIMIT_3
ST003,ST023,4.569,6.398,1.4003064127817904,DEGREE_LIMIT_3
ST003,ST024,17.862000000000002,32.356,1.8114432874258202,DEGREE_LIMIT_3
ST003,ST025,17.835,26.122000000000003,1.4646481637230166,DEGREE_LIMIT_3
ST003,ST026,15.939,37.954,2.381203337725077,DEGREE_LIMIT_3
ST003,ST027,15.562,37.046,2.380542346742064,DEGREE_LIMIT_3
ST003,ST028,16.302,33.0,2.0242914979757085,DEGREE_LIMIT_3
ST003,ST029,12.806000000000001,19.023000000000003,1.485475558332032,DEGREE_LIMIT_3
ST003,ST030,10.67,15.258,1.4299906279287722,DEGREE_LIMIT_3
ST003,ST031,8.26,14.779,1.789225181598063,DEGREE_LIMIT_3
ST003,ST032,2.946,2.946,1.0,DEGREE_LIMIT_3
ST003,ST033,4.416,5.027,1.1383605072463767,DEGREE_LIMIT_3
ST003,ST034,9.663,13.091000000000001,1.354755251992135,DEGREE_LIMIT_3
ST003,ST035,9.31,14.736,1.5828141783029002,DEGREE_LIMIT_3
ST003,ST036,9.954,28.912000000000003,2.9045609805103476,DEGREE_LIMIT_3
ST003,ST037,9.617,12.107,1.2589165020276591,DEGREE_LIMIT_3
ST003,ST038,13.952,24.692,1.7697821100917432,DEGREE_LIMIT_3
ST003,ST039,13.803999999999998,28.776000000000003,2.084613155607071,DEGREE_LIMIT_3
ST003,ST040,9.633000000000001,15.850000000000001,1.6453856534828195,DEGREE_LIMIT_3
ST003,ST041,14.026,25.034000000000002,1.7848281762441183,DEGREE_LIMIT_3
ST003,ST042,12.265,21.677000000000003,1.7673868732164697,DEGREE_LIMIT_3
ST003,ST043,4.734,7.961,1.6816645542881286,DEGREE_LIMIT_3
ST003,ST044,4.512,6.625,1.4683067375886527,DEGREE_LIMIT_3
ST003,ST045,4.063,8.632,2.124538518336205,DEGREE_LIMIT_3
ST003,ST046,4.543,8.071,1.7765793528505391,DEGREE_LIMIT_3
ST003,ST047,2.142,2.142,1.0,DEGREE_LIMIT_3
ST003,ST048,4.8629999999999995,12.014,2.470491466173144,DEGREE_LIMIT_3
ST003,ST049,5.138,7.445,1.449007395873881,DEGREE_LIMIT_3
ST003,ST050,2.18,6.768,3.1045871559633023,DEGREE_LIMIT_3
ST003,ST051,13.376000000000001,21.267000000000003,1.589937200956938,DEGREE_LIMIT_3
ST003,ST052,10.95,30.002000000000002,2.739908675799087,DEGREE_LIMIT_3
ST003,ST053,2.485,12.118,4.876458752515091,DEGREE_LIMIT_3
ST003,ST054,5.63,6.984,1.2404973357015987,DEGREE_LIMIT_3
ST003,ST055,4.683,8.471,1.8088831945334187,DEGREE_LIMIT_3
ST004,ST005,1.874,10.161,5.422091782283884,DEGREE_LIMIT_3
ST004,ST006,8.466,27.177999999999997,3.210252775809119,DEGREE_LIMIT_3
ST004,ST007,7.85,21.283,2.711210191082803,DEGREE_LIMIT_3
ST004,ST008,8.741999999999999,29.128999999999998,3.332075040036605,DEGREE_LIMIT_3
ST004,ST009,9.575,34.253,3.57733681462141,DEGREE_LIMIT_3
ST004,ST010,12.311,41.419000000000004,3.3643895703029814,DEGREE_LIMIT_3
ST004,ST011,2.231,3.0780000000000003,1.3796503809950698,DEGREE_LIMIT_3
ST004,ST012,9.95,43.78,4.4,DEGREE_LIMIT_3
ST004,ST013,10.767,44.577000000000005,4.14015045973809,DEGREE_LIMIT_3
ST004,ST014,11.329999999999998,45.381,4.005383936451898,DEGREE_LIMIT_3
ST004,ST015,14.497,36.919,2.5466648272056287,DEGREE_LIMIT_3
ST004,ST016,11.55,33.812,2.927445887445887,DEGREE_LIMIT_3
ST004,ST017,6.764,29.078,4.298935541099941,DEGREE_LIMIT_3
ST004,ST018,3.3680000000000003,14.052000000000001,4.172209026128266,DEGREE_LIMIT_3
ST004,ST019,2.926,16.669,5.696855775803144,DEGREE_LIMIT_3
ST004,ST020,4.663,14.69,3.150332404031739,DEGREE_LIMIT_3
ST004,ST021,5.883,7.668,1.3034166241713412,DEGREE_LIMIT_3
ST004,ST022,6.657,11.179,1.6792849631966351,DEGREE_LIMIT_3
ST004,ST023,1.713,1.713,1.0,DEGREE_LIMIT_3
ST004,ST024,14.235,37.041,2.6021074815595364,DEGREE_LIMIT_3
ST004,ST025,13.669,30.807,2.2537859389860264,DEGREE_LIMIT_3
ST004,ST026,11.747,42.639,3.629777815612497,DEGREE_LIMIT_3
ST004,ST027,11.37,41.731,3.6702726473175025,DEGREE_LIMIT_3
ST004,ST028,13.012,37.685,2.896172763602828,DEGREE_LIMIT_3
ST004,ST029,9.373999999999999,23.708,2.5291231064646897,DEGREE_LIMIT_3
ST004,ST030,7.077,10.573,1.4939946304931468,DEGREE_LIMIT_3
ST004,ST031,3.997,19.464,4.869652239179384,DEGREE_LIMIT_3
ST004,ST032,5.657,7.631,1.3489482057627717,DEGREE_LIMIT_3
ST004,ST033,6.271,9.712,1.5487163131876893,DEGREE_LIMIT_3
ST004,ST034,5.987,17.776,2.9690997160514447,DEGREE_LIMIT_3
ST004,ST035,5.634,19.421,3.4471068512602057,DEGREE_LIMIT_3
ST004,ST036,6.252,33.596999999999994,5.373800383877159,DEGREE_LIMIT_3
ST004,ST037,6.728,16.792,2.495838287752676,DEGREE_LIMIT_3
ST004,ST038,9.841000000000001,29.376999999999995,2.985164109338481,DEGREE_LIMIT_3
ST004,ST039,9.541,33.461,3.5070747301121474,DEGREE_LIMIT_3
ST004,ST040,6.399,20.535,3.2090951711204876,DEGREE_LIMIT_3
ST004,ST041,10.89,29.718999999999998,2.729017447199265,DEGREE_LIMIT_3
ST004,ST042,8.272,26.362,3.186895551257253,DEGREE_LIMIT_3
ST004,ST043,3.945,12.646,3.2055766793409384,DEGREE_LIMIT_3
ST004,ST044,4.673,11.31,2.420286753691419,DEGREE_LIMIT_3
ST004,ST045,3.29,13.317,4.047720364741641,DEGREE_LIMIT_3
ST004,ST046,1.366,12.756,9.338213762811128,DEGREE_LIMIT_3
ST004,ST047,2.617,6.827,2.6087122659533817,DEGREE_LIMIT_3
ST004,ST048,3.286,16.698999999999998,5.081862446743761,DEGREE_LIMIT_3
ST004,ST049,7.854,12.129999999999999,1.544435956200662,DEGREE_LIMIT_3
ST004,ST050,2.083,2.083,1.0,DEGREE_LIMIT_3
ST004,ST051,10.071,25.951999999999998,2.576903981729719,DEGREE_LIMIT_3
ST004,ST052,6.686999999999999,34.687,5.187228951697323,DEGREE_LIMIT_3
ST004,ST053,6.257,16.803,2.685472271056417,DEGREE_LIMIT_3
ST004,ST054,2.4530000000000003,11.669,4.757032205462698,DEGREE_LIMIT_3
ST004,ST055,7.399,13.156,1.7780781186646846,DEGREE_LIMIT_3
ST005,ST006,8.471,17.017,2.0088537362767087,DEGREE_LIMIT_3
ST005,ST007,8.514,11.122,1.3063190039934227,DEGREE_LIMIT_3
ST005,ST008,9.522,18.968,1.9920184835118673,DEGREE_LIMIT_3
ST005,ST009,10.355,24.092000000000002,2.326605504587156,DEGREE_LIMIT_3
ST005,ST010,12.924,31.258000000000003,2.418601052305788,DEGREE_LIMIT_3
ST005,ST011,1.035,13.238999999999999,12.791304347826086,DEGREE_LIMIT_3
ST005,ST012,10.931000000000001,33.619,3.075564907144817,DEGREE_LIMIT_3
ST005,ST013,10.277999999999999,34.416000000000004,3.348511383537654,DEGREE_LIMIT_3
ST005,ST014,11.593,35.22,3.0380401966704045,DEGREE_LIMIT_3
ST005,ST015,14.105,26.758,1.8970577809287485,DEGREE_LIMIT_3
ST005,ST016,11.420000000000002,23.651,2.0710157618213656,DEGREE_LIMIT_3
ST005,ST017,7.16,18.917,2.6420391061452517,DEGREE_LIMIT_3
ST005,ST018,4.208,14.843000000000002,3.5273288973384034,DEGREE_LIMIT_3
ST005,ST019,4.217,17.46,4.140384159354992,DEGREE_LIMIT_3
ST005,ST020,5.8870000000000005,15.481,2.629692542891116,DEGREE_LIMIT_3
ST005,ST021,5.83,17.829,3.058147512864494,DEGREE_LIMIT_3
ST005,ST022,6.603999999999999,7.686,1.1638400969109632,DEGREE_LIMIT_3
ST005,ST023,2.553,11.873999999999999,4.650998824911868,DEGREE_LIMIT_3
ST005,ST024,14.481,26.88,1.8562253987984254,DEGREE_LIMIT_3
ST005,ST025,14.257,20.646,1.4481307427930141,DEGREE_LIMIT_3
ST005,ST026,12.216,32.478,2.658644400785855,DEGREE_LIMIT_3
ST005,ST027,11.838999999999999,31.57,2.6666103556043588,DEGREE_LIMIT_3
ST005,ST028,12.879999999999999,27.524,2.1369565217391306,DEGREE_LIMIT_3
ST005,ST029,9.242,13.546999999999999,1.465808266608959,DEGREE_LIMIT_3
ST005,ST030,6.947,20.734,2.984597668058155,DEGREE_LIMIT_3
ST005,ST031,4.886,9.303,1.9040114613180517,DEGREE_LIMIT_3
ST005,ST032,6.2940000000000005,8.422,1.3380997775659358,DEGREE_LIMIT_3
ST005,ST033,7.767,10.503,1.3522595596755504,DEGREE_LIMIT_3
ST005,ST034,6.876,18.567,2.7002617801047117,DEGREE_LIMIT_3
ST005,ST035,6.523,20.212,3.098574275640043,DEGREE_LIMIT_3
ST005,ST036,7.141,23.436,3.2818932922559867,DEGREE_LIMIT_3
ST005,ST037,7.617,17.583000000000002,2.3083891295785746,DEGREE_LIMIT_3
ST005,ST038,10.229,19.216,1.8785805064033632,DEGREE_LIMIT_3
ST005,ST039,10.327,23.3,2.256221555146703,DEGREE_LIMIT_3
ST005,ST040,6.55,10.373999999999999,1.5838167938931296,DEGREE_LIMIT_3
ST005,ST041,9.945,19.558,1.9666163901458018,DEGREE_LIMIT_3
ST005,ST042,8.542,16.201,1.8966284242566145,DEGREE_LIMIT_3
ST005,ST043,5.481999999999999,13.437000000000001,2.451112732579351,DEGREE_LIMIT_3
ST005,ST044,6.181,12.101,1.9577738230059862,DEGREE_LIMIT_3
ST005,ST045,4.8629999999999995,14.108,2.9010898622249646,DEGREE_LIMIT_3
ST005,ST046,0.508,2.5949999999999998,5.108267716535432,DEGREE_LIMIT_3
ST005,ST047,2.676,3.334,1.2458893871449925,DEGREE_LIMIT_3
ST005,ST048,4.175,17.49,4.189221556886228,DEGREE_LIMIT_3
ST005,ST049,8.764,12.921,1.4743267914194431,DEGREE_LIMIT_3
ST005,ST050,2.03,12.244,6.031527093596059,DEGREE_LIMIT_3
ST005,ST051,10.541,15.790999999999999,1.4980552129778957,DEGREE_LIMIT_3
ST005,ST052,7.5760000000000005,24.526,3.237328405491024,DEGREE_LIMIT_3
ST005,ST053,5.885,6.642,1.1286321155480035,DEGREE_LIMIT_3
ST005,ST054,1.508,1.508,1.0,DEGREE_LIMIT_3
ST005,ST055,8.206999999999999,9.663,1.1774095284513222,DEGREE_LIMIT_3
ST006,ST007,0.616,17.747,28.810064935064936,DEGREE_LIMIT_3
ST006,ST008,1.951,1.951,1.0,DEGREE_LIMIT_3
ST006,ST009,2.599,14.014999999999999,5.3924586379376676,DEGREE_LIMIT_3
ST006,ST010,8.397,27.527,3.2781945933071337,DEGREE_LIMIT_3
ST006,ST011,9.333,30.255999999999997,3.2418300653594767,DEGREE_LIMIT_3
ST006,ST012,8.139,29.888,3.672195601425237,DEGREE_LIMIT_3
ST006,ST013,8.849,30.685,3.467623460277997,DEGREE_LIMIT_3
ST006,ST014,9.518999999999998,31.489,3.308015547851666,DEGREE_LIMIT_3
ST006,ST015,6.311,23.026999999999997,3.6487086040247183,DEGREE_LIMIT_3
ST006,ST016,4.19,19.919999999999998,4.7541766109785195,DEGREE_LIMIT_3
ST006,ST017,1.97,8.84,4.4873096446700504,DEGREE_LIMIT_3
ST006,ST018,8.359,31.86,3.811460701040794,DEGREE_LIMIT_3
ST006,ST019,8.03,34.477,4.293524283935243,DEGREE_LIMIT_3
ST006,ST020,9.694,32.498,3.3523829172684128,DEGREE_LIMIT_3
ST006,ST021,13.761999999999999,34.846,2.5320447609359107,DEGREE_LIMIT_3
ST006,ST022,13.718,24.703,1.800772707391748,DEGREE_LIMIT_3
ST006,ST023,8.08,28.891,3.575618811881188,DEGREE_LIMIT_3
ST006,ST024,6.687,23.148999999999997,3.4617915358157614,DEGREE_LIMIT_3
ST006,ST025,6.309,16.915,2.681090505626882,DEGREE_LIMIT_3
ST006,ST026,8.185,28.747,3.5121563836285885,DEGREE_LIMIT_3
ST006,ST027,8.014,27.839,3.473795857249813,DEGREE_LIMIT_3
ST006,ST028,7.615,23.793,3.1244911359159553,DEGREE_LIMIT_3
ST006,ST029,3.2479999999999998,3.47,1.0683497536945814,DEGREE_LIMIT_3
ST006,ST030,2.299,37.751,16.42061765985211,DEGREE_LIMIT_3
ST006,ST031,4.468999999999999,17.166,3.8411277690758565,DEGREE_LIMIT_3
ST006,ST032,11.421,25.439,2.227388144645828,DEGREE_LIMIT_3
ST006,ST033,11.281,27.52,2.439500044322312,DEGREE_LIMIT_3
ST006,ST034,5.936,35.583999999999996,5.994609164420485,DEGREE_LIMIT_3
ST006,ST035,5.582999999999999,37.229,6.668278703206163,DEGREE_LIMIT_3
ST006,ST036,6.226999999999999,6.4190000000000005,1.030833467159146,DEGREE_LIMIT_3
ST006,ST037,6.702999999999999,34.6,5.161867820378935,DEGREE_LIMIT_3
ST006,ST038,2.199,2.199,1.0,DEGREE_LIMIT_3
ST006,ST039,2.245,13.222999999999999,5.889977728285078,DEGREE_LIMIT_3
ST006,ST040,3.134,6.643000000000001,2.1196553924696877,DEGREE_LIMIT_3
ST006,ST041,3.951,9.481000000000002,2.399645659326753,DEGREE_LIMIT_3
ST006,ST042,0.594,6.1240000000000006,10.309764309764311,DEGREE_LIMIT_3
ST006,ST043,8.959,30.454,3.399263310637348,DEGREE_LIMIT_3
ST006,ST044,9.693,29.118,3.004023522129372,DEGREE_LIMIT_3
ST006,ST045,8.46,31.125,3.679078014184397,DEGREE_LIMIT_3
ST006,ST046,8.05,16.596,2.0616149068322978,DEGREE_LIMIT_3
ST006,ST047,10.742999999999999,20.351,1.8943498091780697,DEGREE_LIMIT_3
ST006,ST048,8.3,34.507,4.157469879518072,DEGREE_LIMIT_3
ST006,ST049,15.919999999999998,29.938,1.8805276381909548,DEGREE_LIMIT_3
ST006,ST050,10.014,29.260999999999996,2.9220091871380065,DEGREE_LIMIT_3
ST006,ST051,2.665,12.06,4.525328330206379,DEGREE_LIMIT_3
ST006,ST052,1.779,14.449000000000002,8.121978639685217,DEGREE_LIMIT_3
ST006,ST053,14.136,23.659,1.6736700622524052,DEGREE_LIMIT_3
ST006,ST054,6.963,15.509,2.2273445354014076,DEGREE_LIMIT_3
ST006,ST055,15.695,26.68,1.699904428161835,DEGREE_LIMIT_3
ST007,ST008,2.567,19.698,7.673548889754577,DEGREE_LIMIT_3
ST007,ST009,3.2150000000000003,24.822,7.72068429237947,DEGREE_LIMIT_3
ST007,ST010,9.013,31.988,3.549095750582492,DEGREE_LIMIT_3
ST007,ST011,8.717,24.361,2.7946541241252723,DEGREE_LIMIT_3
ST007,ST012,8.754999999999999,34.349,3.9233580810965165,DEGREE_LIMIT_3
ST007,ST013,9.465,35.146,3.713259376650819,DEGREE_LIMIT_3
ST007,ST014,10.134999999999998,35.949999999999996,3.547113961519487,DEGREE_LIMIT_3
ST007,ST015,6.924,27.488,3.9699595609474287,DEGREE_LIMIT_3
ST007,ST016,4.806,24.381,5.073033707865169,DEGREE_LIMIT_3
ST007,ST017,1.354,19.647,14.510339734121121,DEGREE_LIMIT_3
ST007,ST018,7.798,25.965,3.329699923057194,DEGREE_LIMIT_3
ST007,ST019,8.073,28.582,3.540443453486932,DEGREE_LIMIT_3
ST007,ST020,9.545000000000002,26.603,2.7871136720796224,DEGREE_LIMIT_3
ST007,ST021,13.145999999999999,28.951,2.2022668492317057,DEGREE_LIMIT_3
ST007,ST022,13.102,18.808,1.4355060296137994,DEGREE_LIMIT_3
ST007,ST023,7.584,22.996,3.0321729957805905,DEGREE_LIMIT_3
ST007,ST024,7.300000000000001,27.61,3.7821917808219174,DEGREE_LIMIT_3
ST007,ST025,6.925,21.376,3.0867870036101084,DEGREE_LIMIT_3
ST007,ST026,8.801,33.208,3.7732075900465856,DEGREE_LIMIT_3
ST007,ST027,8.629999999999999,32.300000000000004,3.742757821552724,DEGREE_LIMIT_3
ST007,ST028,8.231,28.254,3.4326327299234602,DEGREE_LIMIT_3
ST007,ST029,3.864,14.277,3.6948757763975153,DEGREE_LIMIT_3
ST007,ST030,1.683,31.856,18.9281045751634,DEGREE_LIMIT_3
ST007,ST031,3.8529999999999998,11.271,2.925253049571763,DEGREE_LIMIT_3
ST007,ST032,11.463999999999999,19.544,1.7048150732728544,DEGREE_LIMIT_3
ST007,ST033,11.185,21.625,1.933392936969155,DEGREE_LIMIT_3
ST007,ST034,5.32,29.689,5.580639097744361,DEGREE_LIMIT_3
ST007,ST035,4.967,31.334,6.308435675458023,DEGREE_LIMIT_3
ST007,ST036,5.611,24.166,4.30689716628052,DEGREE_LIMIT_3
ST007,ST037,6.087,28.705,4.715787744373254,DEGREE_LIMIT_3
ST007,ST038,2.815,19.945999999999998,7.085612788632326,DEGREE_LIMIT_3
ST007,ST039,2.861,24.029999999999998,8.399161132471162,DEGREE_LIMIT_3
ST007,ST040,3.004,11.104,3.696404793608522,DEGREE_LIMIT_3
ST007,ST041,4.567,20.287999999999997,4.4423034814977,DEGREE_LIMIT_3
ST007,ST042,1.21,16.930999999999997,13.992561983471072,DEGREE_LIMIT_3
ST007,ST043,8.886,24.559,2.7637857303623683,DEGREE_LIMIT_3
ST007,ST044,9.587,23.223,2.4223427558151664,DEGREE_LIMIT_3
ST007,ST045,8.393,25.23,3.006076492315024,DEGREE_LIMIT_3
ST007,ST046,8.093,10.701,1.322253799579884,DEGREE_LIMIT_3
ST007,ST047,10.358,14.456,1.3956362232091135,DEGREE_LIMIT_3
ST007,ST048,8.222,28.612000000000002,3.4799318900510827,DEGREE_LIMIT_3
ST007,ST049,15.534,24.043,1.547766190292262,DEGREE_LIMIT_3
ST007,ST050,9.712,23.366,2.4058896210873146,DEGREE_LIMIT_3
ST007,ST051,3.281,16.521,5.035355074672356,DEGREE_LIMIT_3
ST007,ST052,1.163,25.255999999999997,21.716251074806532,DEGREE_LIMIT_3
ST007,ST053,13.52,17.764,1.313905325443787,DEGREE_LIMIT_3
ST007,ST054,7.006,9.614,1.3722523551241794,DEGREE_LIMIT_3
ST007,ST055,15.079,20.785,1.3784070561708335,DEGREE_LIMIT_3
ST008,ST009,1.712,15.966,9.325934579439252,DEGREE_LIMIT_3
ST008,ST010,9.519,29.478,3.0967538606996534,DEGREE_LIMIT_3
ST008,ST011,9.982,32.206999999999994,3.2265077138849927,DEGREE_LIMIT_3
ST008,ST012,9.058,31.839000000000002,3.515014351954074,DEGREE_LIMIT_3
ST008,ST013,9.875,32.636,3.3049113924050637,DEGREE_LIMIT_3
ST008,ST014,10.437999999999999,33.44,3.2036788656830812,DEGREE_LIMIT_3
ST008,ST015,6.807,24.977999999999998,3.6694579109739967,DEGREE_LIMIT_3
ST008,ST016,5.244,21.871,4.170671243325706,DEGREE_LIMIT_3
ST008,ST017,2.645,10.791,4.079773156899811,DEGREE_LIMIT_3
ST008,ST018,8.593,33.811,3.9347143023391133,DEGREE_LIMIT_3
ST008,ST019,9.07,36.428,4.016317530319735,DEGREE_LIMIT_3
ST008,ST020,10.251000000000001,34.449,3.3605501902253434,DEGREE_LIMIT_3
ST008,ST021,14.038,36.797,2.6212423422139906,DEGREE_LIMIT_3
ST008,ST022,13.994,26.654,1.9046734314706304,DEGREE_LIMIT_3
ST008,ST023,8.475999999999999,30.842,3.6387446908919303,DEGREE_LIMIT_3
ST008,ST024,7.183000000000001,25.099999999999998,3.4943616873172765,DEGREE_LIMIT_3
ST008,ST025,7.469,18.866,2.5259070826081134,DEGREE_LIMIT_3
ST008,ST026,9.104,30.698,3.371924428822496,DEGREE_LIMIT_3
ST008,ST027,8.933,29.79,3.334825926340535,DEGREE_LIMIT_3
ST008,ST028,8.534,25.744,3.01663932505273,DEGREE_LIMIT_3
ST008,ST029,4.389,5.421,1.2351332877648666,DEGREE_LIMIT_3
ST008,ST030,2.575,39.702,15.418252427184465,DEGREE_LIMIT_3
ST008,ST031,4.745,19.117,4.028872497365648,DEGREE_LIMIT_3
ST008,ST032,12.461,27.39,2.1980579407752185,DEGREE_LIMIT_3
ST008,ST033,10.699,29.471,2.7545565006075337,DEGREE_LIMIT_3
ST008,ST034,5.212,37.535,7.201650038372985,DEGREE_LIMIT_3
ST008,ST035,4.859,39.18,8.063387528298003,DEGREE_LIMIT_3
ST008,ST036,4.468,4.468,1.0,DEGREE_LIMIT_3
ST008,ST037,4.944,36.551,7.393001618122978,DEGREE_LIMIT_3
ST008,ST038,1.312,4.15,3.163109756097561,DEGREE_LIMIT_3
ST008,ST039,1.41,15.174,10.761702127659575,DEGREE_LIMIT_3
ST008,ST040,4.106,8.594000000000001,2.093034583536289,DEGREE_LIMIT_3
ST008,ST041,5.243,11.431999999999999,2.1804310509250424,DEGREE_LIMIT_3
ST008,ST042,2.105,8.075,3.8361045130641327,DEGREE_LIMIT_3
ST008,ST043,9.778,32.405,3.3140724074452854,DEGREE_LIMIT_3
ST008,ST044,9.845,31.069,3.155815134586084,DEGREE_LIMIT_3
ST008,ST045,9.285,33.076,3.56230479267636,DEGREE_LIMIT_3
ST008,ST046,9.100999999999999,18.547,2.0379079222063514,DEGREE_LIMIT_3
ST008,ST047,11.359000000000002,22.302,1.9633770578395981,DEGREE_LIMIT_3
ST008,ST048,9.114,36.458,4.000219442615755,DEGREE_LIMIT_3
ST008,ST049,16.426,31.889,1.9413734323633265,DEGREE_LIMIT_3
ST008,ST050,10.825000000000001,31.211999999999996,2.8833256351039256,DEGREE_LIMIT_3
ST008,ST051,3.584,14.011000000000001,3.9093191964285716,DEGREE_LIMIT_3
ST008,ST052,2.055,16.4,7.980535279805351,DEGREE_LIMIT_3
ST008,ST053,14.412,25.61,1.7769913960588397,DEGREE_LIMIT_3
ST008,ST054,8.014,17.46,2.178687297229848,DEGREE_LIMIT_3
ST008,ST055,15.971,28.631,1.7926867447248138,DEGREE_LIMIT_3
ST009,ST010,9.691,34.602,3.570529357135486,DEGREE_LIMIT_3
ST009,ST011,10.815,37.330999999999996,3.4517799352750806,DEGREE_LIMIT_3
ST009,ST012,9.23,36.962999999999994,4.004658721560129,DEGREE_LIMIT_3
ST009,ST013,9.533,37.76,3.9609776565614183,DEGREE_LIMIT_3
ST009,ST014,10.61,38.56399999999999,3.6346842601319507,DEGREE_LIMIT_3
ST009,ST015,5.902,30.101999999999997,5.10030498136225,DEGREE_LIMIT_3
ST009,ST016,4.339,26.994999999999997,6.221479603595297,DEGREE_LIMIT_3
ST009,ST017,3.477,5.175,1.4883520276100086,DEGREE_LIMIT_3
ST009,ST018,9.523,38.934999999999995,4.088522524414575,DEGREE_LIMIT_3
ST009,ST019,10.0,41.55199999999999,4.155199999999999,DEGREE_LIMIT_3
ST009,ST020,10.26,39.57299999999999,3.8570175438596483,DEGREE_LIMIT_3
ST009,ST021,14.870999999999999,41.921,2.81897653150427,DEGREE_LIMIT_3
ST009,ST022,14.827,31.778,2.143252175085992,DEGREE_LIMIT_3
ST009,ST023,9.309,35.966,3.86357288645397,DEGREE_LIMIT_3
ST009,ST024,6.2780000000000005,30.223999999999997,4.814272061165975,DEGREE_LIMIT_3
ST009,ST025,6.963,23.99,3.445354014074393,DEGREE_LIMIT_3
ST009,ST026,9.276,35.821999999999996,3.8617938766709785,DEGREE_LIMIT_3
ST009,ST027,9.105,34.914,3.8345963756177923,DEGREE_LIMIT_3
ST009,ST028,7.906,30.868,3.904376422969896,DEGREE_LIMIT_3
ST009,ST029,4.562,10.545,2.3114861902674266,DEGREE_LIMIT_3
ST009,ST030,3.408,44.826,13.153169014084508,DEGREE_LIMIT_3
ST009,ST031,5.577999999999999,24.241,4.3458228755826465,DEGREE_LIMIT_3
ST009,ST032,12.789,32.513999999999996,2.5423410743607784,DEGREE_LIMIT_3
ST009,ST033,10.708,34.595,3.230762047067613,DEGREE_LIMIT_3
ST009,ST034,5.311,42.659,8.032197326303898,DEGREE_LIMIT_3
ST009,ST035,5.085,44.303999999999995,8.71268436578171,DEGREE_LIMIT_3
ST009,ST036,4.477,20.434,4.564217109671655,DEGREE_LIMIT_3
ST009,ST037,4.953,41.675,8.414092469210578,DEGREE_LIMIT_3
ST009,ST038,0.744,16.214,21.793010752688172,DEGREE_LIMIT_3
ST009,ST039,0.792,0.792,1.0,DEGREE_LIMIT_3
ST009,ST040,4.939,13.718,2.777485320915165,DEGREE_LIMIT_3
ST009,ST041,4.947,11.248000000000001,2.273701233070548,DEGREE_LIMIT_3
ST009,ST042,2.781,7.891,2.8374685364976626,DEGREE_LIMIT_3
ST009,ST043,9.831,37.528999999999996,3.817414301698708,DEGREE_LIMIT_3
ST009,ST044,9.854,36.193,3.6729247006291863,DEGREE_LIMIT_3
ST009,ST045,9.928,38.199999999999996,3.8477034649476223,DEGREE_LIMIT_3
ST009,ST046,9.934,23.671,2.3828266559291325,DEGREE_LIMIT_3
ST009,ST047,12.192,27.426,2.2495078740157477,DEGREE_LIMIT_3
ST009,ST048,9.947,41.581999999999994,4.180355886196843,DEGREE_LIMIT_3
ST009,ST049,17.181,37.013,2.154298352831616,DEGREE_LIMIT_3
ST009,ST050,11.658,36.336,3.116829644879053,DEGREE_LIMIT_3
ST009,ST051,3.757,19.134999999999998,5.093159435719989,DEGREE_LIMIT_3
ST009,ST052,2.888,16.216,5.614958448753463,DEGREE_LIMIT_3
ST009,ST053,15.245,30.733999999999998,2.016005247622171,DEGREE_LIMIT_3
ST009,ST054,8.847,22.584,2.5527297388945405,DEGREE_LIMIT_3
ST009,ST055,16.804,33.754999999999995,2.00874791716258,DEGREE_LIMIT_3
ST010,ST011,13.551,44.497,3.283669101911298,DEGREE_LIMIT_3
ST010,ST012,2.361,2.361,1.0,DEGREE_LIMIT_3
ST010,ST013,2.646,3.158,1.1934996220710508,DEGREE_LIMIT_3
ST010,ST014,1.525,3.9619999999999997,2.5980327868852457,DEGREE_LIMIT_3
ST010,ST015,11.921,16.724,1.40290244107038,DEGREE_LIMIT_3
ST010,ST016,9.129999999999999,13.617,1.4914567360350495,DEGREE_LIMIT_3
ST010,ST017,9.126000000000001,29.427000000000003,3.224523339907955,DEGREE_LIMIT_3
ST010,ST018,13.603,46.101,3.389031831213703,DEGREE_LIMIT_3
ST010,ST019,14.08,48.717999999999996,3.460085227272727,DEGREE_LIMIT_3
ST010,ST020,15.286,46.739,3.0576344367395003,DEGREE_LIMIT_3
ST010,ST021,18.194,49.087,2.697977355172035,DEGREE_LIMIT_3
ST010,ST022,18.907,38.944,2.059766224149786,DEGREE_LIMIT_3
ST010,ST023,13.389,43.132000000000005,3.221450444394653,DEGREE_LIMIT_3
ST010,ST024,11.545,16.846,1.4591598094413165,DEGREE_LIMIT_3
ST010,ST025,10.313,10.612,1.0289925336953358,DEGREE_LIMIT_3
ST010,ST026,1.22,1.22,1.0,DEGREE_LIMIT_3
ST010,ST027,1.085,7.78,7.170506912442397,DEGREE_LIMIT_3
ST010,ST028,3.734,3.734,1.0,DEGREE_LIMIT_3
ST010,ST029,6.442,24.057000000000002,3.734399254889786,DEGREE_LIMIT_3
ST010,ST030,9.083,51.992000000000004,5.7240999669712656,DEGREE_LIMIT_3
ST010,ST031,9.658,31.407,3.251915510457652,DEGREE_LIMIT_3
ST010,ST032,17.471,39.68,2.271192261461851,DEGREE_LIMIT_3
ST010,ST033,16.826,41.761,2.481932723166528,DEGREE_LIMIT_3
ST010,ST034,13.684999999999999,49.825,3.6408476434051886,DEGREE_LIMIT_3
ST010,ST035,13.248999999999999,51.47,3.8848214959619596,DEGREE_LIMIT_3
ST010,ST036,13.867,33.946,2.4479700007211362,DEGREE_LIMIT_3
ST010,ST037,14.338999999999999,48.841,3.406165004533092,DEGREE_LIMIT_3
ST010,ST038,9.372,29.726,3.1717883055911225,DEGREE_LIMIT_3
ST010,ST039,9.47,33.81,3.570221752903907,DEGREE_LIMIT_3
ST010,ST040,7.454,20.884,2.801717198819426,DEGREE_LIMIT_3
ST010,ST041,9.27,30.068,3.2435814455231933,DEGREE_LIMIT_3
ST010,ST042,7.803,26.711000000000002,3.423170575419711,DEGREE_LIMIT_3
ST010,ST043,14.494,44.695,3.08368980267697,DEGREE_LIMIT_3
ST010,ST044,15.228,43.359,2.8473207249802996,DEGREE_LIMIT_3
ST010,ST045,14.021999999999998,45.366,3.235344458707745,DEGREE_LIMIT_3
ST010,ST046,12.503,30.837,2.4663680716628007,DEGREE_LIMIT_3
ST010,ST047,14.928,34.592,2.3172561629153265,DEGREE_LIMIT_3
ST010,ST048,13.835,48.748,3.523527285869172,DEGREE_LIMIT_3
ST010,ST049,20.165,44.179,2.1908752789486736,DEGREE_LIMIT_3
ST010,ST050,14.394,43.502,3.0222314853411145,DEGREE_LIMIT_3
ST010,ST051,7.611,15.467,2.032190250952569,DEGREE_LIMIT_3
ST010,ST052,9.414,35.036,3.721691098364139,DEGREE_LIMIT_3
ST010,ST053,18.401,37.9,2.0596706700722787,DEGREE_LIMIT_3
ST010,ST054,11.416,29.75,2.6059915907498246,DEGREE_LIMIT_3
ST010,ST055,19.71,40.921,2.076154236428209,DEGREE_LIMIT_3
ST011,ST012,11.19,46.858000000000004,4.187488829311886,DEGREE_LIMIT_3
ST011,ST013,11.312999999999999,47.65500000000001,4.212410501193318,DEGREE_LIMIT_3
ST011,ST014,12.57,48.459,3.855131264916468,DEGREE_LIMIT_3
ST011,ST015,15.14,39.99700000000001,2.641809775429327,DEGREE_LIMIT_3
ST011,ST016,12.455000000000002,36.89000000000001,2.961862705740667,DEGREE_LIMIT_3
ST011,ST017,7.363,32.156,4.3672416134727685,DEGREE_LIMIT_3
ST011,ST018,3.576,17.13,4.790268456375839,DEGREE_LIMIT_3
ST011,ST019,3.322,19.747,5.944310656231186,DEGREE_LIMIT_3
ST011,ST020,4.958,17.768,3.583703106091166,DEGREE_LIMIT_3
ST011,ST021,4.795,10.746,2.2410844629822733,DEGREE_LIMIT_3
ST011,ST022,5.569,14.257,2.5600646435625785,DEGREE_LIMIT_3
ST011,ST023,1.921,4.791,2.494013534617387,DEGREE_LIMIT_3
ST011,ST024,15.33,40.11900000000001,2.617025440313112,DEGREE_LIMIT_3
ST011,ST025,14.909,33.885000000000005,2.272788248708834,DEGREE_LIMIT_3
ST011,ST026,12.987,45.717000000000006,3.5202125202125205,DEGREE_LIMIT_3
ST011,ST027,12.61,44.809000000000005,3.5534496431403655,DEGREE_LIMIT_3
ST011,ST028,13.654,40.763000000000005,2.9854255163322105,DEGREE_LIMIT_3
ST011,ST029,9.925,26.786,2.6988413098236776,DEGREE_LIMIT_3
ST011,ST030,7.9270000000000005,9.485,1.1965434590639585,DEGREE_LIMIT_3
ST011,ST031,5.237,22.541999999999998,4.304372732480427,DEGREE_LIMIT_3
ST011,ST032,5.259,10.709,2.0363186917664953,DEGREE_LIMIT_3
ST011,ST033,6.732,12.79,1.8998811645870468,DEGREE_LIMIT_3
ST011,ST034,7.227,20.854,2.88556800885568,DEGREE_LIMIT_3
ST011,ST035,6.874,22.499,3.2730578993308117,DEGREE_LIMIT_3
ST011,ST036,7.492,36.675,4.895221569674319,DEGREE_LIMIT_3
ST011,ST037,7.968,19.87,2.493724899598394,DEGREE_LIMIT_3
ST011,ST038,11.081,32.455,2.9288872845411063,DEGREE_LIMIT_3
ST011,ST039,10.780999999999999,36.539,3.3892032279009374,DEGREE_LIMIT_3
ST011,ST040,7.585,23.613,3.113117996044825,DEGREE_LIMIT_3
ST011,ST041,10.98,32.797000000000004,2.9869763205828783,DEGREE_LIMIT_3
ST011,ST042,9.512,29.44,3.0950378469301936,DEGREE_LIMIT_3
ST011,ST043,4.475,15.724,3.513743016759777,DEGREE_LIMIT_3
ST011,ST044,5.146,14.388,2.7959580256509913,DEGREE_LIMIT_3
ST011,ST045,3.828,16.395,4.282915360501567,DEGREE_LIMIT_3
ST011,ST046,1.543,15.834,10.261827608554764,DEGREE_LIMIT_3
ST011,ST047,1.641,9.905,6.035953686776355,DEGREE_LIMIT_3
ST011,ST048,3.624,19.777,5.4572295805739515,DEGREE_LIMIT_3
ST011,ST049,7.729,15.207999999999998,1.967654289041273,DEGREE_LIMIT_3
ST011,ST050,0.995,0.995,1.0,DEGREE_LIMIT_3
ST011,ST051,10.728,29.03,2.7060029828486205,DEGREE_LIMIT_3
ST011,ST052,7.927,37.765,4.764097388671629,DEGREE_LIMIT_3
ST011,ST053,4.85,19.881,4.099175257731959,DEGREE_LIMIT_3
ST011,ST054,2.543,14.747,5.79905623279591,DEGREE_LIMIT_3
ST011,ST055,7.172,16.233999999999998,2.2635248187395427,DEGREE_LIMIT_3
ST012,ST013,0.817,5.519,6.755201958384333,DEGREE_LIMIT_3
ST012,ST014,1.38,6.323,4.581884057971015,DEGREE_LIMIT_3
ST012,ST015,13.075999999999999,19.085,1.4595442031202204,DEGREE_LIMIT_3
ST012,ST016,10.015,15.978000000000002,1.5954068896655018,DEGREE_LIMIT_3
ST012,ST017,9.461,31.788000000000007,3.359898530810697,DEGREE_LIMIT_3
ST012,ST018,13.318,48.46200000000001,3.6388346598588384,DEGREE_LIMIT_3
ST012,ST019,12.876,51.07900000000001,3.96699285492389,DEGREE_LIMIT_3
ST012,ST020,14.612999999999998,49.10000000000001,3.3600218983097254,DEGREE_LIMIT_3
ST012,ST021,15.832999999999998,51.448000000000015,3.2494157771742573,DEGREE_LIMIT_3
ST012,ST022,16.607,41.30500000000001,2.4872041910037943,DEGREE_LIMIT_3
ST012,ST023,11.663,45.493000000000016,3.9006259110006014,DEGREE_LIMIT_3
ST012,ST024,12.7,19.207,1.5123622047244096,DEGREE_LIMIT_3
ST012,ST025,11.469,12.973,1.131136106024937,DEGREE_LIMIT_3
ST012,ST026,1.797,3.5810000000000004,1.9927657206455207,DEGREE_LIMIT_3
ST012,ST027,1.42,10.141000000000002,7.14154929577465,DEGREE_LIMIT_3
ST012,ST028,4.89,6.095000000000001,1.2464212678936608,DEGREE_LIMIT_3
ST012,ST029,5.571,26.418000000000006,4.742057081313948,DEGREE_LIMIT_3
ST012,ST030,10.025,54.353000000000016,5.421745635910225,DEGREE_LIMIT_3
ST012,ST031,10.814,33.76800000000001,3.1226188274459044,DEGREE_LIMIT_3
ST012,ST032,15.607,42.04100000000001,2.693727173704108,DEGREE_LIMIT_3
ST012,ST033,16.220999999999997,44.122000000000014,2.7200542506627228,DEGREE_LIMIT_3
ST012,ST034,14.075,52.186000000000014,3.707708703374779,DEGREE_LIMIT_3
ST012,ST035,13.671,53.83100000000001,3.9376051495867173,DEGREE_LIMIT_3
ST012,ST036,13.526,36.307,2.6842377643057818,DEGREE_LIMIT_3
ST012,ST037,14.001999999999999,51.20200000000001,3.6567633195257834,DEGREE_LIMIT_3
ST012,ST038,9.794,32.087,3.2761895037778235,DEGREE_LIMIT_3
ST012,ST039,9.892,36.17100000000001,3.6565911847957953,DEGREE_LIMIT_3
ST012,ST040,8.61,23.245000000000005,2.6997677119628345,DEGREE_LIMIT_3
ST012,ST041,8.709,32.42900000000001,3.7236192444597553,DEGREE_LIMIT_3
ST012,ST042,8.225,29.072000000000006,3.5345896656534963,DEGREE_LIMIT_3
ST012,ST043,13.895,47.05600000000001,3.386541921554517,DEGREE_LIMIT_3
ST012,ST044,14.622999999999998,45.72000000000001,3.1265814128427833,DEGREE_LIMIT_3
ST012,ST045,13.239999999999998,47.72700000000001,3.604758308157101,DEGREE_LIMIT_3
ST012,ST046,10.51,33.19800000000001,3.158705994291152,DEGREE_LIMIT_3
ST012,ST047,12.567,36.95300000000001,2.9404790323864094,DEGREE_LIMIT_3
ST012,ST048,13.235999999999999,51.10900000000001,3.8613629495315815,DEGREE_LIMIT_3
ST012,ST049,17.804,46.54000000000001,2.614019321500787,DEGREE_LIMIT_3
ST012,ST050,12.033,45.863000000000014,3.8114352198121844,DEGREE_LIMIT_3
ST012,ST051,7.279,17.828000000000003,2.449237532628109,DEGREE_LIMIT_3
ST012,ST052,9.835999999999999,37.397000000000006,3.8020536803578704,DEGREE_LIMIT_3
ST012,ST053,16.04,40.26100000000001,2.510037406483791,DEGREE_LIMIT_3
ST012,ST054,9.423,32.111000000000004,3.407725777353285,DEGREE_LIMIT_3
ST012,ST055,17.349,43.282000000000004,2.4947835610121625,DEGREE_LIMIT_3
ST013,ST014,1.514,4.68,3.09114927344782,DEGREE_LIMIT_3
ST013,ST015,13.106,19.881999999999998,1.5170151075843124,DEGREE_LIMIT_3
ST013,ST016,10.045,16.775,1.6699850671976106,DEGREE_LIMIT_3
ST013,ST017,9.602,32.585,3.393563840866486,DEGREE_LIMIT_3
ST013,ST018,13.437999999999999,49.25900000000001,3.665649650245573,DEGREE_LIMIT_3
ST013,ST019,13.447,51.876000000000005,3.8578121514092367,DEGREE_LIMIT_3
ST013,ST020,15.116999999999999,49.897000000000006,3.300721042534895,DEGREE_LIMIT_3
ST013,ST021,15.620999999999999,52.24500000000001,3.3445362012675255,DEGREE_LIMIT_3
ST013,ST022,16.395,42.102000000000004,2.5679780420860023,DEGREE_LIMIT_3
ST013,ST023,11.783,46.29000000000001,3.9285411185606396,DEGREE_LIMIT_3
ST013,ST024,12.73,20.003999999999998,1.5714061272584443,DEGREE_LIMIT_3
ST013,ST025,11.61,13.77,1.186046511627907,DEGREE_LIMIT_3
ST013,ST026,1.938,1.938,1.0,DEGREE_LIMIT_3
ST013,ST027,1.561,10.937999999999999,7.007046764894298,DEGREE_LIMIT_3
ST013,ST028,5.031,6.8919999999999995,1.3699065792089047,DEGREE_LIMIT_3
ST013,ST029,5.601,27.215000000000003,4.858953758257455,DEGREE_LIMIT_3
ST013,ST030,10.166,55.15000000000001,5.424945898091679,DEGREE_LIMIT_3
ST013,ST031,10.955,34.565000000000005,3.1551802829758104,DEGREE_LIMIT_3
ST013,ST032,16.034,42.83800000000001,2.6716976425096677,DEGREE_LIMIT_3
ST013,ST033,17.037999999999997,44.91900000000001,2.6364009860312256,DEGREE_LIMIT_3
ST013,ST034,14.137,52.98300000000001,3.7478248567588603,DEGREE_LIMIT_3
ST013,ST035,13.701,54.62800000000001,3.987154222319539,DEGREE_LIMIT_3
ST013,ST036,13.61,37.104,2.7262307127112417,DEGREE_LIMIT_3
ST013,ST037,14.085999999999999,51.99900000000001,3.6915376970041187,DEGREE_LIMIT_3
ST013,ST038,9.824,32.884,3.347312703583062,DEGREE_LIMIT_3
ST013,ST039,9.922,36.968,3.725861721427132,DEGREE_LIMIT_3
ST013,ST040,8.751,24.042,2.747343160781625,DEGREE_LIMIT_3
ST013,ST041,8.739,33.226000000000006,3.80203684632109,DEGREE_LIMIT_3
ST013,ST042,8.254999999999999,29.869000000000003,3.618291944276197,DEGREE_LIMIT_3
ST013,ST043,14.712,47.85300000000001,3.2526508972267543,DEGREE_LIMIT_3
ST013,ST044,15.439999999999998,46.51700000000001,3.012759067357514,DEGREE_LIMIT_3
ST013,ST045,14.056999999999999,48.52400000000001,3.4519456498541663,DEGREE_LIMIT_3
ST013,ST046,9.857,33.995000000000005,3.448818098813027,DEGREE_LIMIT_3
ST013,ST047,12.549999999999999,37.75000000000001,3.0079681274900407,DEGREE_LIMIT_3
ST013,ST048,13.524,51.906000000000006,3.838065661047028,DEGREE_LIMIT_3
ST013,ST049,18.162999999999997,47.33700000000001,2.606232450586358,DEGREE_LIMIT_3
ST013,ST050,11.821,46.66000000000001,3.9472125877675333,DEGREE_LIMIT_3
ST013,ST051,7.309,18.625,2.548228211793679,DEGREE_LIMIT_3
ST013,ST052,9.866,38.194,3.8712750861544705,DEGREE_LIMIT_3
ST013,ST053,15.995,41.05800000000001,2.5669271647389813,DEGREE_LIMIT_3
ST013,ST054,8.77,32.908,3.752337514253136,DEGREE_LIMIT_3
ST013,ST055,17.555,44.079,2.5109085730561094,DEGREE_LIMIT_3
ST014,ST015,13.446,20.686,1.5384500966830283,DEGREE_LIMIT_3
ST014,ST016,10.655000000000001,17.579,1.6498357578601595,DEGREE_LIMIT_3
ST014,ST017,9.946,33.389,3.35702795093505,DEGREE_LIMIT_3
ST014,ST018,14.697999999999999,50.06300000000001,3.4061096747856863,DEGREE_LIMIT_3
ST014,ST019,14.255999999999998,52.68000000000001,3.695286195286196,DEGREE_LIMIT_3
ST014,ST020,15.992999999999997,50.70100000000001,3.170199462264742,DEGREE_LIMIT_3
ST014,ST021,17.134999999999998,53.049000000000014,3.0959439743215653,DEGREE_LIMIT_3
ST014,ST022,17.909,42.906000000000006,2.395778658774918,DEGREE_LIMIT_3
ST014,ST023,13.043,47.094000000000015,3.6106723913210166,DEGREE_LIMIT_3
ST014,ST024,13.07,20.808,1.5920428462127008,DEGREE_LIMIT_3
ST014,ST025,11.838000000000001,14.574,1.2311201216421692,DEGREE_LIMIT_3
ST014,ST026,2.362,2.742,1.1608806096528366,DEGREE_LIMIT_3
ST014,ST027,1.905,11.742,6.163779527559056,DEGREE_LIMIT_3
ST014,ST028,5.259,7.696,1.4633960829054953,DEGREE_LIMIT_3
ST014,ST029,6.951,28.019000000000005,4.030930801323551,DEGREE_LIMIT_3
ST014,ST030,10.51,55.954000000000015,5.3238820171265475,DEGREE_LIMIT_3
ST014,ST031,11.183,35.36900000000001,3.162747026737012,DEGREE_LIMIT_3
ST014,ST032,16.987,43.64200000000001,2.5691411079060464,DEGREE_LIMIT_3
ST014,ST033,17.600999999999996,45.72300000000001,2.5977501278336472,DEGREE_LIMIT_3
ST014,ST034,14.742,53.78700000000001,3.648555148555149,DEGREE_LIMIT_3
ST014,ST035,14.389,55.43200000000001,3.852387240252972,DEGREE_LIMIT_3
ST014,ST036,14.905999999999999,37.908,2.5431369918153766,DEGREE_LIMIT_3
ST014,ST037,15.381999999999998,52.80300000000001,3.432778572357302,DEGREE_LIMIT_3
ST014,ST038,10.897,33.688,3.0914930714875655,DEGREE_LIMIT_3
ST014,ST039,10.995000000000001,37.772000000000006,3.435379718053661,DEGREE_LIMIT_3
ST014,ST040,8.979,24.846000000000004,2.7671232876712337,DEGREE_LIMIT_3
ST014,ST041,10.088999999999999,34.03000000000001,3.3729804737833295,DEGREE_LIMIT_3
ST014,ST042,9.328,30.673000000000005,3.288271869639795,DEGREE_LIMIT_3
ST014,ST043,15.274999999999999,48.65700000000001,3.1854009819967275,DEGREE_LIMIT_3
ST014,ST044,16.002999999999997,47.32100000000001,2.957008060988566,DEGREE_LIMIT_3
ST014,ST045,14.619999999999997,49.32800000000001,3.3740082079343376,DEGREE_LIMIT_3
ST014,ST046,11.172,34.79900000000001,3.1148406731113503,DEGREE_LIMIT_3
ST014,ST047,13.947,38.55400000000001,2.7643220764322085,DEGREE_LIMIT_3
ST014,ST048,14.615999999999998,52.71000000000001,3.606321839080461,DEGREE_LIMIT_3
ST014,ST049,19.183999999999997,48.14100000000001,2.5094349457881577,DEGREE_LIMIT_3
ST014,ST050,13.334999999999999,47.46400000000001,3.5593550806149246,DEGREE_LIMIT_3
ST014,ST051,8.658999999999999,19.429000000000002,2.2437925857489325,DEGREE_LIMIT_3
ST014,ST052,10.584999999999999,38.998000000000005,3.684270193670289,DEGREE_LIMIT_3
ST014,ST053,17.42,41.86200000000001,2.403099885189438,DEGREE_LIMIT_3
ST014,ST054,10.085,33.712,3.3427863163113534,DEGREE_LIMIT_3
ST014,ST055,18.729,44.883,2.3964440172993755,DEGREE_LIMIT_3
ST015,ST016,3.107,3.107,1.0,DEGREE_LIMIT_3
ST015,ST017,8.278,24.927000000000003,3.01123459772892,DEGREE_LIMIT_3
ST015,ST018,14.415,41.601,2.885952133194589,DEGREE_LIMIT_3
ST015,ST019,14.085999999999999,44.217999999999996,3.1391452506034363,DEGREE_LIMIT_3
ST015,ST020,15.807,42.239,2.6721705573480103,DEGREE_LIMIT_3
ST015,ST021,19.847,44.587,2.2465360004030837,DEGREE_LIMIT_3
ST015,ST022,19.863,34.444,1.734078437295474,DEGREE_LIMIT_3
ST015,ST023,14.344999999999999,38.632000000000005,2.693063785291043,DEGREE_LIMIT_3
ST015,ST024,0.376,6.336,16.851063829787236,DEGREE_LIMIT_3
ST015,ST025,1.9369999999999998,6.112,3.1553949406298405,DEGREE_LIMIT_3
ST015,ST026,11.896999999999998,17.944,1.5082793981676055,DEGREE_LIMIT_3
ST015,ST027,12.233,17.036,1.3926265020845254,DEGREE_LIMIT_3
ST015,ST028,8.187,12.99,1.5866617808721144,DEGREE_LIMIT_3
ST015,ST029,7.505,19.557000000000002,2.6058627581612264,DEGREE_LIMIT_3
ST015,ST030,8.607000000000001,47.492000000000004,5.517834320901591,DEGREE_LIMIT_3
ST015,ST031,10.613999999999999,26.907,2.5350480497456194,DEGREE_LIMIT_3
ST015,ST032,17.497,35.18,2.010630393781791,DEGREE_LIMIT_3
ST015,ST033,16.61,37.261,2.2432871763997593,DEGREE_LIMIT_3
ST015,ST034,11.213000000000001,45.325,4.042183180237225,DEGREE_LIMIT_3
ST015,ST035,10.987,46.97,4.275052334577228,DEGREE_LIMIT_3
ST015,ST036,10.379000000000001,29.446,2.8370748627035356,DEGREE_LIMIT_3
ST015,ST037,10.855,44.341,4.084845693228926,DEGREE_LIMIT_3
ST015,ST038,6.646,25.226,3.7956665663557025,DEGREE_LIMIT_3
ST015,ST039,6.694,29.310000000000002,4.378547953391097,DEGREE_LIMIT_3
ST015,ST040,9.144,16.384,1.7917760279965005,DEGREE_LIMIT_3
ST015,ST041,6.996,25.568,3.6546598056032016,DEGREE_LIMIT_3
ST015,ST042,6.657,22.211000000000002,3.3364879074658256,DEGREE_LIMIT_3
ST015,ST043,15.015,40.195,2.676989676989677,DEGREE_LIMIT_3
ST015,ST044,15.749,38.859,2.467394755222554,DEGREE_LIMIT_3
ST015,ST045,14.516000000000002,40.866,2.81523835767429,DEGREE_LIMIT_3
ST015,ST046,13.684,26.337,1.9246565331774337,DEGREE_LIMIT_3
ST015,ST047,16.622999999999998,30.092,1.8102628887685739,DEGREE_LIMIT_3
ST015,ST048,14.356000000000002,44.248,3.082195597659515,DEGREE_LIMIT_3
ST015,ST049,21.99,39.679,1.804411095952706,DEGREE_LIMIT_3
ST015,ST050,16.047,39.002,2.4304854489935814,DEGREE_LIMIT_3
ST015,ST051,5.797,10.967,1.8918406072106264,DEGREE_LIMIT_3
ST015,ST052,8.087,30.536,3.7759366885124277,DEGREE_LIMIT_3
ST015,ST053,19.971,33.4,1.6724250162735967,DEGREE_LIMIT_3
ST015,ST054,12.597,25.25,2.004445502897515,DEGREE_LIMIT_3
ST015,ST055,21.368000000000002,36.421,1.704464619992512,DEGREE_LIMIT_3
ST016,ST017,5.417,21.820000000000004,4.028059811703896,DEGREE_LIMIT_3
ST016,ST018,11.308,38.494,3.404138662893527,DEGREE_LIMIT_3
ST016,ST019,10.979,41.111,3.7445122506603514,DEGREE_LIMIT_3
ST016,ST020,12.7,39.132,3.081259842519685,DEGREE_LIMIT_3
ST016,ST021,16.846,41.48,2.4623055918318886,DEGREE_LIMIT_3
ST016,ST022,16.802,31.337,1.8650755862397335,DEGREE_LIMIT_3
ST016,ST023,11.283999999999999,35.525,3.1482630272952856,DEGREE_LIMIT_3
ST016,ST024,3.229,3.229,1.0,DEGREE_LIMIT_3
ST016,ST025,3.005,3.005,1.0,DEGREE_LIMIT_3
ST016,ST026,9.106,14.837,1.629365253678893,DEGREE_LIMIT_3
ST016,ST027,9.442,13.928999999999998,1.4752171150180045,DEGREE_LIMIT_3
ST016,ST028,5.396,9.883,1.8315418828762045,DEGREE_LIMIT_3
ST016,ST029,4.444,16.450000000000003,3.7016201620162024,DEGREE_LIMIT_3
ST016,ST030,5.746,44.385,7.724504002784545,DEGREE_LIMIT_3
ST016,ST031,7.553,23.8,3.1510658016682114,DEGREE_LIMIT_3
ST016,ST032,14.389999999999999,32.073,2.2288394718554554,DEGREE_LIMIT_3
ST016,ST033,14.24,34.154,2.3984550561797753,DEGREE_LIMIT_3
ST016,ST034,8.781,42.218,4.807880651406446,DEGREE_LIMIT_3
ST016,ST035,8.555,43.863,5.127177089421391,DEGREE_LIMIT_3
ST016,ST036,7.947,26.339000000000002,3.314332452497798,DEGREE_LIMIT_3
ST016,ST037,8.423,41.234,4.89540543749258,DEGREE_LIMIT_3
ST016,ST038,4.155,22.119,5.323465703971118,DEGREE_LIMIT_3
ST016,ST039,4.09,26.203000000000003,6.406601466992666,DEGREE_LIMIT_3
ST016,ST040,6.083,13.277000000000001,2.182640144665461,DEGREE_LIMIT_3
ST016,ST041,3.935,22.461000000000002,5.7080050825921225,DEGREE_LIMIT_3
ST016,ST042,3.596,19.104000000000003,5.312569521690768,DEGREE_LIMIT_3
ST016,ST043,11.908,37.088,3.114544843802486,DEGREE_LIMIT_3
ST016,ST044,12.642,35.752,2.8280335389969946,DEGREE_LIMIT_3
ST016,ST045,11.409,37.759,3.309580156017179,DEGREE_LIMIT_3
ST016,ST046,10.999,23.23,2.1120101827438855,DEGREE_LIMIT_3
ST016,ST047,13.998999999999999,26.985,1.9276376884063149,DEGREE_LIMIT_3
ST016,ST048,11.249,41.141,3.657302871366343,DEGREE_LIMIT_3
ST016,ST049,18.889,36.572,1.9361533167451959,DEGREE_LIMIT_3
ST016,ST050,13.306,35.894999999999996,2.697655193145949,DEGREE_LIMIT_3
ST016,ST051,2.736,7.86,2.8728070175438596,DEGREE_LIMIT_3
ST016,ST052,5.226,27.429000000000002,5.248564867967853,DEGREE_LIMIT_3
ST016,ST053,17.22,30.293,1.7591753774680605,DEGREE_LIMIT_3
ST016,ST054,9.912,22.143,2.233958837772397,DEGREE_LIMIT_3
ST016,ST055,18.697000000000003,33.314,1.7817831737711929,DEGREE_LIMIT_3
ST017,ST018,7.048,33.76,4.790011350737798,DEGREE_LIMIT_3
ST017,ST019,6.719,36.376999999999995,5.41404970977824,DEGREE_LIMIT_3
ST017,ST020,8.191,34.397999999999996,4.199487242094982,DEGREE_LIMIT_3
ST017,ST021,12.158000000000001,36.745999999999995,3.022372100674452,DEGREE_LIMIT_3
ST017,ST022,12.542000000000002,26.602999999999998,2.1211130601180033,DEGREE_LIMIT_3
ST017,ST023,6.77,30.790999999999997,4.548153618906942,DEGREE_LIMIT_3
ST017,ST024,7.967,25.048999999999996,3.1440943893560935,DEGREE_LIMIT_3
ST017,ST025,7.984,18.814999999999998,2.3565881763527052,DEGREE_LIMIT_3
ST017,ST026,8.212,30.647,3.7319775937652215,DEGREE_LIMIT_3
ST017,ST027,8.041,29.738999999999997,3.6984205944534256,DEGREE_LIMIT_3
ST017,ST028,7.665,25.692999999999998,3.3519895629484666,DEGREE_LIMIT_3
ST017,ST029,4.322,5.37,1.2424803331790837,DEGREE_LIMIT_3
ST017,ST030,0.564,39.650999999999996,70.30319148936171,DEGREE_LIMIT_3
ST017,ST031,3.293,19.066,5.7898572730033395,DEGREE_LIMIT_3
ST017,ST032,10.11,27.339,2.704154302670623,DEGREE_LIMIT_3
ST017,ST033,9.97,29.419999999999998,2.9508525576730187,DEGREE_LIMIT_3
ST017,ST034,4.796,37.483999999999995,7.815679733110924,DEGREE_LIMIT_3
ST017,ST035,4.443,39.129,8.806887238352465,DEGREE_LIMIT_3
ST017,ST036,5.061,15.259,3.0150167950997826,DEGREE_LIMIT_3
ST017,ST037,5.537,36.5,6.592017337908615,DEGREE_LIMIT_3
ST017,ST038,3.846,11.039,2.8702548101924075,DEGREE_LIMIT_3
ST017,ST039,3.4930000000000003,4.383,1.2547953048955052,DEGREE_LIMIT_3
ST017,ST040,1.842,8.543,4.637893593919652,DEGREE_LIMIT_3
ST017,ST041,5.607,6.073,1.0831103977171392,DEGREE_LIMIT_3
ST017,ST042,2.564,2.716,1.0592823712948518,DEGREE_LIMIT_3
ST017,ST043,7.648,32.354,4.230387029288703,DEGREE_LIMIT_3
ST017,ST044,8.382,31.017999999999997,3.7005487950369838,DEGREE_LIMIT_3
ST017,ST045,7.149,33.025,4.619527206602322,DEGREE_LIMIT_3
ST017,ST046,6.739,18.496,2.7446208636296183,DEGREE_LIMIT_3
ST017,ST047,9.004000000000001,22.250999999999998,2.4712350066637043,DEGREE_LIMIT_3
ST017,ST048,6.989,36.407,5.209185863499785,DEGREE_LIMIT_3
ST017,ST049,14.608999999999998,31.837999999999997,2.1793415018139504,DEGREE_LIMIT_3
ST017,ST050,8.358,31.160999999999994,3.7282842785355337,DEGREE_LIMIT_3
ST017,ST051,3.517,13.959999999999999,3.9692920102359963,DEGREE_LIMIT_3
ST017,ST052,0.639,11.041,17.278560250391237,DEGREE_LIMIT_3
ST017,ST053,12.213000000000001,25.558999999999997,2.0927699991812,DEGREE_LIMIT_3
ST017,ST054,5.652,17.409,3.0801486199575367,DEGREE_LIMIT_3
ST017,ST055,14.163,28.58,2.0179340535197343,DEGREE_LIMIT_3
ST018,ST019,0.477,5.429,11.381551362683439,DEGREE_LIMIT_3
ST018,ST020,1.949,3.45,1.7701385325808108,DEGREE_LIMIT_3
ST018,ST021,6.586,21.72,3.2979046462192527,DEGREE_LIMIT_3
ST018,ST022,6.573,15.860999999999999,2.413053400273847,DEGREE_LIMIT_3
ST018,ST023,1.655,15.765,9.525679758308158,DEGREE_LIMIT_3
ST018,ST024,14.183,41.723000000000006,2.941761263484454,DEGREE_LIMIT_3
ST018,ST025,13.617,35.489000000000004,2.606227509730484,DEGREE_LIMIT_3
ST018,ST026,13.579,47.321000000000005,3.4848663377273734,DEGREE_LIMIT_3
ST018,ST027,13.915000000000001,46.413000000000004,3.3354653251886455,DEGREE_LIMIT_3
ST018,ST028,11.947,42.367000000000004,3.546245919477694,DEGREE_LIMIT_3
ST018,ST029,8.633,28.39,3.2885439592262253,DEGREE_LIMIT_3
ST018,ST030,7.025,24.625,3.505338078291815,DEGREE_LIMIT_3
ST018,ST031,3.945,24.145999999999997,6.120659062103929,DEGREE_LIMIT_3
ST018,ST032,3.868,6.420999999999999,1.6600310237849016,DEGREE_LIMIT_3
ST018,ST033,3.728,4.34,1.1641630901287552,DEGREE_LIMIT_3
ST018,ST034,5.215,12.404,2.3785234899328858,DEGREE_LIMIT_3
ST018,ST035,4.862,8.181000000000001,1.6826408885232416,DEGREE_LIMIT_3
ST018,ST036,5.48,38.278999999999996,6.985218978102188,DEGREE_LIMIT_3
ST018,ST037,5.956,11.42,1.9173942243116184,DEGREE_LIMIT_3
ST018,ST038,9.789,34.059,3.4793135151700887,DEGREE_LIMIT_3
ST018,ST039,9.489,38.143,4.019707029191696,DEGREE_LIMIT_3
ST018,ST040,6.3469999999999995,25.217,3.9730581377028518,DEGREE_LIMIT_3
ST018,ST041,10.523,34.401,3.269124774303906,DEGREE_LIMIT_3
ST018,ST042,8.22,31.044,3.776642335766423,DEGREE_LIMIT_3
ST018,ST043,1.406,1.406,1.0,DEGREE_LIMIT_3
ST018,ST044,2.1399999999999997,5.938,2.774766355140187,DEGREE_LIMIT_3
ST018,ST045,0.934,2.077,2.223768736616702,DEGREE_LIMIT_3
ST018,ST046,3.7,17.438,4.712972972972972,DEGREE_LIMIT_3
ST018,ST047,3.497,11.508999999999999,3.2911066628538745,DEGREE_LIMIT_3
ST018,ST048,0.747,5.459,7.307898259705488,DEGREE_LIMIT_3
ST018,ST049,8.366999999999999,10.919999999999998,1.3051272857655072,DEGREE_LIMIT_3
ST018,ST050,2.786,16.134999999999998,5.79145728643216,DEGREE_LIMIT_3
ST018,ST051,10.019,30.634,3.057590577901986,DEGREE_LIMIT_3
ST018,ST052,6.635,39.369,5.93353428786737,DEGREE_LIMIT_3
ST018,ST053,6.96,21.485,3.0869252873563218,DEGREE_LIMIT_3
ST018,ST054,4.787,16.351,3.4157092124503863,DEGREE_LIMIT_3
ST018,ST055,8.279,17.837999999999997,2.1546080444498124,DEGREE_LIMIT_3
ST019,ST020,1.979,1.979,1.0,DEGREE_LIMIT_3
ST019,ST021,6.127,24.337000000000003,3.9720907458788974,DEGREE_LIMIT_3
ST019,ST022,6.305,18.478,2.930689928628073,DEGREE_LIMIT_3
ST019,ST023,1.664,18.382,11.046875000000002,DEGREE_LIMIT_3
ST019,ST024,14.207999999999998,44.339999999999996,3.120777027027027,DEGREE_LIMIT_3
ST019,ST025,13.983999999999998,38.105999999999995,2.7249713958810067,DEGREE_LIMIT_3
ST019,ST026,14.056000000000001,49.937999999999995,3.5527888446215132,DEGREE_LIMIT_3
ST019,ST027,14.296,49.029999999999994,3.429630665920537,DEGREE_LIMIT_3
ST019,ST028,12.424,44.983999999999995,3.62073406310367,DEGREE_LIMIT_3
ST019,ST029,9.11,31.006999999999998,3.403622392974753,DEGREE_LIMIT_3
ST019,ST030,7.283,27.242000000000004,3.7404915556776057,DEGREE_LIMIT_3
ST019,ST031,4.422,26.762999999999998,6.052238805970149,DEGREE_LIMIT_3
ST019,ST032,3.411,9.038,2.649662855467605,DEGREE_LIMIT_3
ST019,ST033,3.836,6.957000000000001,1.8136079249217938,DEGREE_LIMIT_3
ST019,ST034,5.692,15.021,2.638966971187632,DEGREE_LIMIT_3
ST019,ST035,5.339,9.456,1.7711181869263906,DEGREE_LIMIT_3
ST019,ST036,5.957000000000001,40.896,6.865200604331038,DEGREE_LIMIT_3
ST019,ST037,6.415,14.037000000000003,2.1881527669524554,DEGREE_LIMIT_3
ST019,ST038,10.229,36.675999999999995,3.5854922279792745,DEGREE_LIMIT_3
ST019,ST039,9.966000000000001,40.760000000000005,4.089905679309653,DEGREE_LIMIT_3
ST019,ST040,6.824,27.834,4.07883939038687,DEGREE_LIMIT_3
ST019,ST041,10.631,37.018,3.4820807073652524,DEGREE_LIMIT_3
ST019,ST042,8.623999999999999,33.661,3.903177179962895,DEGREE_LIMIT_3
ST019,ST043,1.504,4.023000000000001,2.674867021276596,DEGREE_LIMIT_3
ST019,ST044,2.238,8.555000000000001,3.8226094727435216,DEGREE_LIMIT_3
ST019,ST045,0.859,3.3520000000000003,3.9022118742724103,DEGREE_LIMIT_3
ST019,ST046,3.7089999999999996,20.055,5.407117821515234,DEGREE_LIMIT_3
ST019,ST047,3.02,14.126,4.677483443708609,DEGREE_LIMIT_3
ST019,ST048,0.855,3.988,4.664327485380117,DEGREE_LIMIT_3
ST019,ST049,7.91,13.536999999999999,1.7113780025284449,DEGREE_LIMIT_3
ST019,ST050,2.327,18.752000000000002,8.058444348947143,DEGREE_LIMIT_3
ST019,ST051,10.236,33.251,3.248436889409925,DEGREE_LIMIT_3
ST019,ST052,7.112,41.986000000000004,5.903543307086615,DEGREE_LIMIT_3
ST019,ST053,6.5009999999999994,24.102,3.7074296262113524,DEGREE_LIMIT_3
ST019,ST054,4.795999999999999,18.968,3.954962468723937,DEGREE_LIMIT_3
ST019,ST055,7.802,20.455000000000002,2.6217636503460655,DEGREE_LIMIT_3
ST020,ST021,7.03,22.357999999999997,3.1803698435277377,DEGREE_LIMIT_3
ST020,ST022,6.274,16.499,2.6297417915205608,DEGREE_LIMIT_3
ST020,ST023,3.334,16.403,4.91991601679664,DEGREE_LIMIT_3
ST020,ST024,15.928999999999998,42.361,2.659363425199322,DEGREE_LIMIT_3
ST020,ST025,15.408000000000001,36.126999999999995,2.3446910695742464,DEGREE_LIMIT_3
ST020,ST026,15.262,47.958999999999996,3.142379766740925,DEGREE_LIMIT_3
ST020,ST027,15.597999999999999,47.050999999999995,3.0164764713424796,DEGREE_LIMIT_3
ST020,ST028,13.895999999999999,43.004999999999995,3.094775474956822,DEGREE_LIMIT_3
ST020,ST029,10.424,29.028,2.78472755180353,DEGREE_LIMIT_3
ST020,ST030,8.227,25.262999999999998,3.0707426765528134,DEGREE_LIMIT_3
ST020,ST031,5.736,24.783999999999995,4.320781032078102,DEGREE_LIMIT_3
ST020,ST032,3.417,7.058999999999999,2.0658472344161543,DEGREE_LIMIT_3
ST020,ST033,1.99,4.978,2.501507537688442,DEGREE_LIMIT_3
ST020,ST034,5.992,13.042,2.1765687583444593,DEGREE_LIMIT_3
ST020,ST035,6.436,7.477,1.1617464263517714,DEGREE_LIMIT_3
ST020,ST036,6.189,38.917,6.288091775731136,DEGREE_LIMIT_3
ST020,ST037,5.501,12.058,2.191965097255044,DEGREE_LIMIT_3
ST020,ST038,10.468,34.696999999999996,3.3145777607948026,DEGREE_LIMIT_3
ST020,ST039,10.226,38.781,3.7923919421083507,DEGREE_LIMIT_3
ST020,ST040,7.832,25.854999999999997,3.3012002042900916,DEGREE_LIMIT_3
ST020,ST041,11.227,35.039,3.1209584038478666,DEGREE_LIMIT_3
ST020,ST042,9.822,31.682,3.225615964162085,DEGREE_LIMIT_3
ST020,ST043,0.792,2.044,2.580808080808081,DEGREE_LIMIT_3
ST020,ST044,0.406,6.576,16.197044334975367,DEGREE_LIMIT_3
ST020,ST045,1.373,1.373,1.0,DEGREE_LIMIT_3
ST020,ST046,5.379,18.075999999999997,3.3604759248931027,DEGREE_LIMIT_3
ST020,ST047,3.98,12.146999999999998,3.0520100502512557,DEGREE_LIMIT_3
ST020,ST048,2.009,2.009,1.0,DEGREE_LIMIT_3
ST020,ST049,7.9159999999999995,11.558,1.4600808489135928,DEGREE_LIMIT_3
ST020,ST050,4.182,16.772999999999996,4.010760401721663,DEGREE_LIMIT_3
ST020,ST051,11.708,31.272,2.670994192005466,DEGREE_LIMIT_3
ST020,ST052,8.426,40.007000000000005,4.74804177545692,DEGREE_LIMIT_3
ST020,ST053,7.395,22.122999999999998,2.9916159567275185,DEGREE_LIMIT_3
ST020,ST054,6.465999999999999,16.988999999999997,2.62743581812558,DEGREE_LIMIT_3
ST020,ST055,7.845,18.476,2.3551306564690884,DEGREE_LIMIT_3
ST021,ST022,0.983,18.847,19.17293997965412,DEGREE_LIMIT_3
ST021,ST023,5.955,5.955,1.0,DEGREE_LIMIT_3
ST021,ST024,19.531,44.708999999999996,2.289130100865291,DEGREE_LIMIT_3
ST021,ST025,18.965,38.474999999999994,2.0287371473767464,DEGREE_LIMIT_3
ST021,ST026,17.558999999999997,50.306999999999995,2.8650264821459084,DEGREE_LIMIT_3
ST021,ST027,17.182,49.398999999999994,2.8750436503317425,DEGREE_LIMIT_3
ST021,ST028,17.688000000000002,45.352999999999994,2.5640547263681586,DEGREE_LIMIT_3
ST021,ST029,14.374,31.375999999999998,2.18283010992069,DEGREE_LIMIT_3
ST021,ST030,12.29,18.241,1.4842148087876323,DEGREE_LIMIT_3
ST021,ST031,9.293,27.131999999999998,2.9196169159582483,DEGREE_LIMIT_3
ST021,ST032,3.877,15.299,3.9460923394377097,DEGREE_LIMIT_3
ST021,ST033,5.896,17.38,2.9477611940298507,DEGREE_LIMIT_3
ST021,ST034,11.283,25.444,2.255074005140477,DEGREE_LIMIT_3
ST021,ST035,10.93,27.089,2.4784080512351325,DEGREE_LIMIT_3
ST021,ST036,11.574,41.265,3.5653188180404354,DEGREE_LIMIT_3
ST021,ST037,11.237,24.459999999999997,2.176737563406603,DEGREE_LIMIT_3
ST021,ST038,15.137,37.044999999999995,2.4473145273171695,DEGREE_LIMIT_3
ST021,ST039,14.837,41.129000000000005,2.7720563456224308,DEGREE_LIMIT_3
ST021,ST040,11.253,28.203,2.5062649960010663,DEGREE_LIMIT_3
ST021,ST041,15.645999999999999,37.387,2.3895564361498147,DEGREE_LIMIT_3
ST021,ST042,13.568,34.03,2.508107311320755,DEGREE_LIMIT_3
ST021,ST043,6.354,20.314,3.197041233868429,DEGREE_LIMIT_3
ST021,ST044,6.851,18.977999999999998,2.770106553787768,DEGREE_LIMIT_3
ST021,ST045,5.683,20.985,3.692591940876298,DEGREE_LIMIT_3
ST021,ST046,6.163,20.424,3.31397046892747,DEGREE_LIMIT_3
ST021,ST047,3.762,14.495,3.853003721424774,DEGREE_LIMIT_3
ST021,ST048,6.483,24.367,3.7585994138516123,DEGREE_LIMIT_3
ST021,ST049,3.415,19.798,5.79736456808199,DEGREE_LIMIT_3
ST021,ST050,3.8,9.751000000000001,2.566052631578948,DEGREE_LIMIT_3
ST021,ST051,14.762,33.62,2.2774691776182086,DEGREE_LIMIT_3
ST021,ST052,11.982999999999999,42.355000000000004,3.5345906701159984,DEGREE_LIMIT_3
ST021,ST053,0.374,24.471,65.43048128342247,DEGREE_LIMIT_3
ST021,ST054,7.25,19.337,2.667172413793103,DEGREE_LIMIT_3
ST021,ST055,2.96,20.824,7.035135135135135,DEGREE_LIMIT_3
ST022,ST023,6.145,12.892,2.0979658258746947,DEGREE_LIMIT_3
ST022,ST024,19.487000000000002,34.565999999999995,1.7737979165597573,DEGREE_LIMIT_3
ST022,ST025,18.921,28.331999999999997,1.497383859204059,DEGREE_LIMIT_3
ST022,ST026,18.333,40.163999999999994,2.1908034691539844,DEGREE_LIMIT_3
ST022,ST027,17.956,39.25599999999999,2.186233014034306,DEGREE_LIMIT_3
ST022,ST028,17.878,35.209999999999994,1.96945967110415,DEGREE_LIMIT_3
ST022,ST029,14.564,21.232999999999997,1.457909914858555,DEGREE_LIMIT_3
ST022,ST030,12.329,21.752,1.7642955633060262,DEGREE_LIMIT_3
ST022,ST031,9.249,16.988999999999997,1.8368472267272133,DEGREE_LIMIT_3
ST022,ST032,2.894,9.44,3.261921216309606,DEGREE_LIMIT_3
ST022,ST033,4.913,11.520999999999999,2.3450030531243637,DEGREE_LIMIT_3
ST022,ST034,11.239,19.585,1.7425927573627547,DEGREE_LIMIT_3
ST022,ST035,10.886,21.229999999999997,1.9502112805438176,DEGREE_LIMIT_3
ST022,ST036,11.53,31.121999999999996,2.6992194275802253,DEGREE_LIMIT_3
ST022,ST037,11.195,18.601,1.6615453327378293,DEGREE_LIMIT_3
ST022,ST038,15.093,26.901999999999994,1.7824156893924332,DEGREE_LIMIT_3
ST022,ST039,14.793,30.985999999999997,2.094639356452376,DEGREE_LIMIT_3
ST022,ST040,11.651,18.06,1.550081538065402,DEGREE_LIMIT_3
ST022,ST041,15.602,27.243999999999996,1.7461863863607228,DEGREE_LIMIT_3
ST022,ST042,13.524000000000001,23.886999999999997,1.7662673765158234,DEGREE_LIMIT_3
ST022,ST043,5.95,14.454999999999998,2.429411764705882,DEGREE_LIMIT_3
ST022,ST044,5.868,13.119,2.235685071574642,DEGREE_LIMIT_3
ST022,ST045,5.639,15.125999999999998,2.6823904947685753,DEGREE_LIMIT_3
ST022,ST046,6.936999999999999,10.280999999999999,1.4820527605593194,DEGREE_LIMIT_3
ST022,ST047,4.352,4.352,1.0,DEGREE_LIMIT_3
ST022,ST048,6.439,18.508,2.8743593725733807,DEGREE_LIMIT_3
ST022,ST049,2.432,13.939,5.731496710526316,DEGREE_LIMIT_3
ST022,ST050,4.574,13.261999999999999,2.89943156974202,DEGREE_LIMIT_3
ST022,ST051,14.952,23.476999999999997,1.570157838416265,DEGREE_LIMIT_3
ST022,ST052,11.939,32.211999999999996,2.698048412764888,DEGREE_LIMIT_3
ST022,ST053,1.357,14.328,10.558585114222549,DEGREE_LIMIT_3
ST022,ST054,8.024,9.193999999999999,1.1458125623130608,DEGREE_LIMIT_3
ST022,ST055,1.977,1.977,1.0,DEGREE_LIMIT_3
ST023,ST024,13.969,38.754,2.7742859188202447,DEGREE_LIMIT_3
ST023,ST025,13.403,32.519999999999996,2.426322465119749,DEGREE_LIMIT_3
ST023,ST026,13.365,44.352,3.3185185185185184,DEGREE_LIMIT_3
ST023,ST027,13.083,43.443999999999996,3.3206451119773748,DEGREE_LIMIT_3
ST023,ST028,11.733,39.397999999999996,3.3578794852126475,DEGREE_LIMIT_3
ST023,ST029,8.419,25.421,3.019479748188621,DEGREE_LIMIT_3
ST023,ST030,6.811,12.286000000000001,1.8038467185435327,DEGREE_LIMIT_3
ST023,ST031,3.731,21.176999999999996,5.675958188153309,DEGREE_LIMIT_3
ST023,ST032,4.753,9.344,1.9659162634125813,DEGREE_LIMIT_3
ST023,ST033,5.324,11.424999999999999,2.1459429000751316,DEGREE_LIMIT_3
ST023,ST034,5.721,19.489,3.4065722775738507,DEGREE_LIMIT_3
ST023,ST035,5.368,21.133999999999997,3.9370342771982108,DEGREE_LIMIT_3
ST023,ST036,5.986,35.31,5.89876378215837,DEGREE_LIMIT_3
ST023,ST037,6.462,18.505,2.863664500154751,DEGREE_LIMIT_3
ST023,ST038,9.575,31.089999999999996,3.2469973890339423,DEGREE_LIMIT_3
ST023,ST039,9.274999999999999,35.174,3.7923450134770893,DEGREE_LIMIT_3
ST023,ST040,6.133,22.247999999999998,3.6275884558943416,DEGREE_LIMIT_3
ST023,ST041,11.2,31.432,2.8064285714285715,DEGREE_LIMIT_3
ST023,ST042,8.006,28.075,3.5067449412940292,DEGREE_LIMIT_3
ST023,ST043,3.061,14.358999999999998,4.690950669715779,DEGREE_LIMIT_3
ST023,ST044,3.74,13.023,3.482085561497326,DEGREE_LIMIT_3
ST023,ST045,2.5229999999999997,15.029999999999998,5.9571938168846605,DEGREE_LIMIT_3
ST023,ST046,2.045,14.468999999999998,7.075305623471881,DEGREE_LIMIT_3
ST023,ST047,3.166,8.54,2.697409981048642,DEGREE_LIMIT_3
ST023,ST048,2.402,18.412,7.665278934221481,DEGREE_LIMIT_3
ST023,ST049,8.577,13.843,1.613967587734639,DEGREE_LIMIT_3
ST023,ST050,2.437,3.7960000000000003,1.5576528518670498,DEGREE_LIMIT_3
ST023,ST051,8.807,27.665,3.141251277392983,DEGREE_LIMIT_3
ST023,ST052,6.420999999999999,36.4,5.668898925401028,DEGREE_LIMIT_3
ST023,ST053,6.329,18.516,2.925580660451888,DEGREE_LIMIT_3
ST023,ST054,3.1319999999999997,13.381999999999998,4.272669220945083,DEGREE_LIMIT_3
ST023,ST055,8.122,14.869,1.8307067224821472,DEGREE_LIMIT_3
ST024,ST025,1.561,6.234,3.9935938500960924,DEGREE_LIMIT_3
ST024,ST026,11.521,18.066,1.5680930474785173,DEGREE_LIMIT_3
ST024,ST027,11.857,17.158,1.4470776756346464,DEGREE_LIMIT_3
ST024,ST028,7.811,13.112,1.6786583023940598,DEGREE_LIMIT_3
ST024,ST029,7.1290000000000004,19.679000000000002,2.7604152054986675,DEGREE_LIMIT_3
ST024,ST030,8.431,47.614000000000004,5.647491400782826,DEGREE_LIMIT_3
ST024,ST031,10.238,27.029,2.6400664192225043,DEGREE_LIMIT_3
ST024,ST032,17.619,35.302,2.003632442249844,DEGREE_LIMIT_3
ST024,ST033,16.986,37.383,2.2008124337689865,DEGREE_LIMIT_3
ST024,ST034,11.466,45.447,3.96363160648875,DEGREE_LIMIT_3
ST024,ST035,11.24,47.092,4.189679715302491,DEGREE_LIMIT_3
ST024,ST036,10.632,29.568,2.7810383747178333,DEGREE_LIMIT_3
ST024,ST037,11.108,44.463,4.002790781418797,DEGREE_LIMIT_3
ST024,ST038,7.022,25.348,3.609797778410709,DEGREE_LIMIT_3
ST024,ST039,6.775,29.432000000000002,4.344206642066421,DEGREE_LIMIT_3
ST024,ST040,8.768,16.506,1.8825273722627736,DEGREE_LIMIT_3
ST024,ST041,6.62,25.69,3.880664652567976,DEGREE_LIMIT_3
ST024,ST042,6.281,22.333000000000002,3.5556440057315717,DEGREE_LIMIT_3
ST024,ST043,15.137,40.317,2.6634736077161922,DEGREE_LIMIT_3
ST024,ST044,15.871,38.981,2.456114926595678,DEGREE_LIMIT_3
ST024,ST045,14.638000000000002,40.988,2.8001093045498013,DEGREE_LIMIT_3
ST024,ST046,14.059999999999999,26.459,1.8818634423897582,DEGREE_LIMIT_3
ST024,ST047,16.852,30.214,1.7929029195347732,DEGREE_LIMIT_3
ST024,ST048,14.478000000000002,44.37,3.0646498135101528,DEGREE_LIMIT_3
ST024,ST049,21.919,39.801,1.8158218896847484,DEGREE_LIMIT_3
ST024,ST050,16.221,39.124,2.411935145798656,DEGREE_LIMIT_3
ST024,ST051,5.421,11.089,2.0455635491606716,DEGREE_LIMIT_3
ST024,ST052,7.911,30.658,3.8753634180255343,DEGREE_LIMIT_3
ST024,ST053,19.904999999999998,33.522,1.6840994724943483,DEGREE_LIMIT_3
ST024,ST054,12.972999999999999,25.372,1.9557542588452943,DEGREE_LIMIT_3
ST024,ST055,21.464000000000002,36.543,1.7025251584047705,DEGREE_LIMIT_3
ST025,ST026,10.588000000000001,11.832,1.117491499811107,DEGREE_LIMIT_3
ST025,ST027,10.924,10.924,1.0,DEGREE_LIMIT_3
ST025,ST028,6.878,6.878,1.0,DEGREE_LIMIT_3
ST025,ST029,6.563000000000001,13.445,2.0486058205089135,DEGREE_LIMIT_3
ST025,ST030,7.865,41.379999999999995,5.261284170375078,DEGREE_LIMIT_3
ST025,ST031,9.672,20.794999999999998,2.1500206782464844,DEGREE_LIMIT_3
ST025,ST032,17.395,29.067999999999998,1.6710549008335729,DEGREE_LIMIT_3
ST025,ST033,16.919,31.148999999999997,1.8410662568709733,DEGREE_LIMIT_3
ST025,ST034,10.9,39.213,3.5975229357798164,DEGREE_LIMIT_3
ST025,ST035,10.674,40.858,3.8278058834551243,DEGREE_LIMIT_3
ST025,ST036,10.066,23.334,2.318100536459368,DEGREE_LIMIT_3
ST025,ST037,10.542,38.229,3.626351735913489,DEGREE_LIMIT_3
ST025,ST038,6.274,19.113999999999997,3.0465412814791195,DEGREE_LIMIT_3
ST025,ST039,6.209,23.198,3.736189402480271,DEGREE_LIMIT_3
ST025,ST040,8.202,10.272,1.252377468910022,DEGREE_LIMIT_3
ST025,ST041,6.054,19.456,3.213742979848034,DEGREE_LIMIT_3
ST025,ST042,5.715,16.099,2.8169728783902013,DEGREE_LIMIT_3
ST025,ST043,14.745,34.083,2.311495422177009,DEGREE_LIMIT_3
ST025,ST044,15.479,32.747,2.1155759415982947,DEGREE_LIMIT_3
ST025,ST045,14.246,34.754,2.4395619823108237,DEGREE_LIMIT_3
ST025,ST046,13.835999999999999,20.224999999999998,1.46176640647586,DEGREE_LIMIT_3
ST025,ST047,16.286,23.979999999999997,1.472430308240206,DEGREE_LIMIT_3
ST025,ST048,14.086,38.135999999999996,2.707369018883998,DEGREE_LIMIT_3
ST025,ST049,21.352999999999998,33.567,1.5720039338734606,DEGREE_LIMIT_3
ST025,ST050,15.655000000000001,32.88999999999999,2.100926221654423,DEGREE_LIMIT_3
ST025,ST051,4.855,4.855,1.0,DEGREE_LIMIT_3
ST025,ST052,7.345,24.424,3.325255275697754,DEGREE_LIMIT_3
ST025,ST053,19.339,27.287999999999997,1.4110346967268215,DEGREE_LIMIT_3
ST025,ST054,12.748999999999999,19.137999999999998,1.50113734410542,DEGREE_LIMIT_3
ST025,ST055,20.898,30.308999999999997,1.4503301751363766,DEGREE_LIMIT_3
ST026,ST027,0.457,9.0,19.693654266958422,DEGREE_LIMIT_3
ST026,ST028,3.71,4.954,1.335309973045822,DEGREE_LIMIT_3
ST026,ST029,6.175,25.277,4.093441295546559,DEGREE_LIMIT_3
ST026,ST030,8.776,53.21200000000001,6.063354603463994,DEGREE_LIMIT_3
ST026,ST031,9.634,32.627,3.3866514428067265,DEGREE_LIMIT_3
ST026,ST032,17.404,40.900000000000006,2.350034474833372,DEGREE_LIMIT_3
ST026,ST033,16.802,42.98100000000001,2.558088322818713,DEGREE_LIMIT_3
ST026,ST034,13.008,51.04500000000001,3.9241236162361632,DEGREE_LIMIT_3
ST026,ST035,12.655,52.690000000000005,4.163571710786251,DEGREE_LIMIT_3
ST026,ST036,13.273,35.166,2.6494387101634898,DEGREE_LIMIT_3
ST026,ST037,13.748999999999999,50.06100000000001,3.641064804713071,DEGREE_LIMIT_3
ST026,ST038,9.348,30.945999999999998,3.310440735986307,DEGREE_LIMIT_3
ST026,ST039,9.446,35.03,3.708448020326064,DEGREE_LIMIT_3
ST026,ST040,7.43,22.104,2.974966352624495,DEGREE_LIMIT_3
ST026,ST041,9.312999999999999,31.288,3.359604853430689,DEGREE_LIMIT_3
ST026,ST042,7.779,27.931,3.590564339889446,DEGREE_LIMIT_3
ST026,ST043,14.469999999999999,45.915000000000006,3.1731167933655846,DEGREE_LIMIT_3
ST026,ST044,15.203999999999999,44.57900000000001,2.9320573533280725,DEGREE_LIMIT_3
ST026,ST045,13.998,46.586000000000006,3.3280468638376917,DEGREE_LIMIT_3
ST026,ST046,11.795,32.057,2.717846545146249,DEGREE_LIMIT_3
ST026,ST047,14.364,35.812000000000005,2.4931773879142303,DEGREE_LIMIT_3
ST026,ST048,13.811,49.968,3.6179856636014773,DEGREE_LIMIT_3
ST026,ST049,19.601,45.39900000000001,2.3161573389112804,DEGREE_LIMIT_3
ST026,ST050,13.759,44.72200000000001,3.2503815684279385,DEGREE_LIMIT_3
ST026,ST051,7.587,16.687,2.1994200606300254,DEGREE_LIMIT_3
ST026,ST052,8.850999999999999,36.256,4.096260309569541,DEGREE_LIMIT_3
ST026,ST053,17.837,39.120000000000005,2.1931939227448565,DEGREE_LIMIT_3
ST026,ST054,10.708,30.97,2.8922301083302204,DEGREE_LIMIT_3
ST026,ST055,19.146,42.141,2.2010341585709807,DEGREE_LIMIT_3
ST027,ST028,4.046,4.046,1.0,DEGREE_LIMIT_3
ST027,ST029,6.511,24.369,3.7427430502227,DEGREE_LIMIT_3
ST027,ST030,8.605,52.304,6.0783265543288785,DEGREE_LIMIT_3
ST027,ST031,9.97,31.718999999999998,3.1814443329989968,DEGREE_LIMIT_3
ST027,ST032,17.027,39.992,2.3487402360956127,DEGREE_LIMIT_3
ST027,ST033,17.138,42.073,2.4549539036060213,DEGREE_LIMIT_3
ST027,ST034,12.837,50.137,3.905663316974371,DEGREE_LIMIT_3
ST027,ST035,12.484,51.782,4.147869272669016,DEGREE_LIMIT_3
ST027,ST036,13.102,34.257999999999996,2.6147153106395966,DEGREE_LIMIT_3
ST027,ST037,13.578,49.153,3.620047135071439,DEGREE_LIMIT_3
ST027,ST038,9.684,30.037999999999997,3.101817430813713,DEGREE_LIMIT_3
ST027,ST039,9.782,34.122,3.4882437129421384,DEGREE_LIMIT_3
ST027,ST040,7.766,21.195999999999998,2.729332989956219,DEGREE_LIMIT_3
ST027,ST041,9.582,30.38,3.1705280734710914,DEGREE_LIMIT_3
ST027,ST042,8.115,27.023,3.3300061614294516,DEGREE_LIMIT_3
ST027,ST043,14.806000000000001,45.007,3.0397811697960284,DEGREE_LIMIT_3
ST027,ST044,15.540000000000001,43.671,2.81023166023166,DEGREE_LIMIT_3
ST027,ST045,14.334,45.678,3.186688991209711,DEGREE_LIMIT_3
ST027,ST046,11.418,31.148999999999997,2.7280609563846556,DEGREE_LIMIT_3
ST027,ST047,13.986999999999998,34.903999999999996,2.4954600700650604,DEGREE_LIMIT_3
ST027,ST048,14.147,49.059999999999995,3.4678730472891774,DEGREE_LIMIT_3
ST027,ST049,19.224,44.491,2.3143466500208074,DEGREE_LIMIT_3
ST027,ST050,13.382,43.814,3.2740995366910775,DEGREE_LIMIT_3
ST027,ST051,7.923,15.779,1.9915436072194876,DEGREE_LIMIT_3
ST027,ST052,8.68,35.348,4.072350230414747,DEGREE_LIMIT_3
ST027,ST053,17.46,38.211999999999996,2.188545246277205,DEGREE_LIMIT_3
ST027,ST054,10.331,30.061999999999998,2.9098828767786276,DEGREE_LIMIT_3
ST027,ST055,18.769,41.233,2.196867174596409,DEGREE_LIMIT_3
ST028,ST029,5.556,20.323,3.6578473722102234,DEGREE_LIMIT_3
ST028,ST030,8.229,48.258,5.864382063434197,DEGREE_LIMIT_3
ST028,ST031,9.015,27.673,3.0696616749861336,DEGREE_LIMIT_3
ST028,ST032,15.815,35.946,2.2729054694909894,DEGREE_LIMIT_3
ST028,ST033,15.674999999999999,38.027,2.425964912280702,DEGREE_LIMIT_3
ST028,ST034,12.461,46.091,3.6988203193965172,DEGREE_LIMIT_3
ST028,ST035,12.108,47.736,3.9425173439048558,DEGREE_LIMIT_3
ST028,ST036,12.383,30.212,2.4397964951950257,DEGREE_LIMIT_3
ST028,ST037,12.859,45.107,3.5078155377556577,DEGREE_LIMIT_3
ST028,ST038,8.65,25.991999999999997,3.0048554913294794,DEGREE_LIMIT_3
ST028,ST039,8.698,30.076,3.457806392274086,DEGREE_LIMIT_3
ST028,ST040,6.811,17.15,2.5179856115107913,DEGREE_LIMIT_3
ST028,ST041,7.951,26.334,3.312036221858886,DEGREE_LIMIT_3
ST028,ST042,7.16,22.977,3.209078212290503,DEGREE_LIMIT_3
ST028,ST043,13.353,40.961,3.067550363214259,DEGREE_LIMIT_3
ST028,ST044,14.087,39.625,2.8128771207496275,DEGREE_LIMIT_3
ST028,ST045,12.880999999999998,41.632,3.2320472013042467,DEGREE_LIMIT_3
ST028,ST046,12.459,27.102999999999998,2.1753752307568823,DEGREE_LIMIT_3
ST028,ST047,14.899,30.857999999999997,2.0711457144774816,DEGREE_LIMIT_3
ST028,ST048,12.693999999999999,45.013999999999996,3.546084764455648,DEGREE_LIMIT_3
ST028,ST049,20.31,40.445,1.9913835548990646,DEGREE_LIMIT_3
ST028,ST050,14.17,39.768,2.8064925899788284,DEGREE_LIMIT_3
ST028,ST051,6.968,11.733,1.6838404133180254,DEGREE_LIMIT_3
ST028,ST052,8.304,31.302,3.769508670520231,DEGREE_LIMIT_3
ST028,ST053,18.062,34.166,1.891595615103532,DEGREE_LIMIT_3
ST028,ST054,11.372,26.016,2.287724234963067,DEGREE_LIMIT_3
ST028,ST055,19.855,37.18699999999999,1.8729287333165445,DEGREE_LIMIT_3
ST029,ST030,4.785,34.281,7.164263322884012,DEGREE_LIMIT_3
ST029,ST031,5.377,13.695999999999998,2.5471452482797097,DEGREE_LIMIT_3
ST029,ST032,12.501,21.968999999999998,1.7573794096472282,DEGREE_LIMIT_3
ST029,ST033,12.064,24.049999999999997,1.9935344827586206,DEGREE_LIMIT_3
ST029,ST034,8.536,32.114,3.7621836925960634,DEGREE_LIMIT_3
ST029,ST035,8.1,33.759,4.167777777777778,DEGREE_LIMIT_3
ST029,ST036,8.009,9.889,1.2347359220876513,DEGREE_LIMIT_3
ST029,ST037,8.485,31.129999999999995,3.668827342368886,DEGREE_LIMIT_3
ST029,ST038,4.223,5.6690000000000005,1.3424106085721053,DEGREE_LIMIT_3
ST029,ST039,4.321,9.753,2.2571164082388337,DEGREE_LIMIT_3
ST029,ST040,3.173,3.173,1.0,DEGREE_LIMIT_3
ST029,ST041,3.138,6.011,1.915551306564691,DEGREE_LIMIT_3
ST029,ST042,2.654,2.654,1.0,DEGREE_LIMIT_3
ST029,ST043,9.732,26.983999999999998,2.772708590217838,DEGREE_LIMIT_3
ST029,ST044,10.466,25.647999999999996,2.4506019491687367,DEGREE_LIMIT_3
ST029,ST045,9.233,27.654999999999998,2.995234484999458,DEGREE_LIMIT_3
ST029,ST046,8.821,13.125999999999998,1.4880399047727013,DEGREE_LIMIT_3
ST029,ST047,11.332,16.880999999999997,1.48967525591246,DEGREE_LIMIT_3
ST029,ST048,9.073,31.037,3.4208089937176234,DEGREE_LIMIT_3
ST029,ST049,16.996,26.467999999999996,1.557307601788656,DEGREE_LIMIT_3
ST029,ST050,10.626000000000001,25.790999999999997,2.4271597967250136,DEGREE_LIMIT_3
ST029,ST051,1.708,8.59,5.029274004683841,DEGREE_LIMIT_3
ST029,ST052,4.265,10.979,2.5742086752637747,DEGREE_LIMIT_3
ST029,ST053,14.748000000000001,20.188999999999997,1.3689313805261727,DEGREE_LIMIT_3
ST029,ST054,7.734,12.038999999999998,1.5566330488750968,DEGREE_LIMIT_3
ST029,ST055,16.519,23.209999999999997,1.405048731763424,DEGREE_LIMIT_3
ST030,ST031,3.08,30.036999999999995,9.752272727272725,DEGREE_LIMIT_3
ST030,ST032,9.897,18.204,1.8393452561382237,DEGREE_LIMIT_3
ST030,ST033,9.757,20.285,2.0790201906323666,DEGREE_LIMIT_3
ST030,ST034,5.062,28.349,5.600355590675622,DEGREE_LIMIT_3
ST030,ST035,4.626,29.994,6.483787289234759,DEGREE_LIMIT_3
ST030,ST036,5.244000000000001,44.17,8.422959572845155,DEGREE_LIMIT_3
ST030,ST037,5.720000000000001,27.365,4.784090909090908,DEGREE_LIMIT_3
ST030,ST038,3.282,39.949999999999996,12.172455819622181,DEGREE_LIMIT_3
ST030,ST039,3.38,44.034000000000006,13.027810650887576,DEGREE_LIMIT_3
ST030,ST040,1.629,31.107999999999997,19.0963781461019,DEGREE_LIMIT_3
ST030,ST041,5.759,40.292,6.996353533599583,DEGREE_LIMIT_3
ST030,ST042,2.893,36.935,12.767023850674043,DEGREE_LIMIT_3
ST030,ST043,7.435,23.219,3.1229320780094154,DEGREE_LIMIT_3
ST030,ST044,8.169,21.883,2.678785653078712,DEGREE_LIMIT_3
ST030,ST045,6.936,23.89,3.444348327566321,DEGREE_LIMIT_3
ST030,ST046,6.526,23.328999999999997,3.5747778118296045,DEGREE_LIMIT_3
ST030,ST047,9.219,17.4,1.8874064432150992,DEGREE_LIMIT_3
ST030,ST048,6.776,27.272000000000002,4.024793388429752,DEGREE_LIMIT_3
ST030,ST049,14.396,22.703,1.5770352875798832,DEGREE_LIMIT_3
ST030,ST050,8.49,8.49,1.0,DEGREE_LIMIT_3
ST030,ST051,4.0809999999999995,36.525,8.950012251899045,DEGREE_LIMIT_3
ST030,ST052,0.791,45.260000000000005,57.21871049304678,DEGREE_LIMIT_3
ST030,ST053,12.664,27.375999999999998,2.1617182564750475,DEGREE_LIMIT_3
ST030,ST054,5.439,22.241999999999997,4.089354660783232,DEGREE_LIMIT_3
ST030,ST055,14.224,23.729,1.6682367829021372,DEGREE_LIMIT_3
ST031,ST032,7.813,17.725,2.2686548060924103,DEGREE_LIMIT_3
ST031,ST033,7.673,19.806,2.581258959989574,DEGREE_LIMIT_3
ST031,ST034,6.03,27.87,4.621890547263682,DEGREE_LIMIT_3
ST031,ST035,5.677,29.515,5.199048793376784,DEGREE_LIMIT_3
ST031,ST036,6.321,23.585,3.731213415598798,DEGREE_LIMIT_3
ST031,ST037,6.771,26.886,3.9707576428887905,DEGREE_LIMIT_3
ST031,ST038,5.844,19.365000000000002,3.3136550308008217,DEGREE_LIMIT_3
ST031,ST039,5.5440000000000005,23.449,4.229617604617604,DEGREE_LIMIT_3
ST031,ST040,2.402,10.523,4.380932556203164,DEGREE_LIMIT_3
ST031,ST041,7.632000000000001,19.707,2.582154088050314,DEGREE_LIMIT_3
ST031,ST042,4.275,16.35,3.824561403508772,DEGREE_LIMIT_3
ST031,ST043,5.351,22.740000000000002,4.249672958325547,DEGREE_LIMIT_3
ST031,ST044,6.085,21.404,3.5175020542317172,DEGREE_LIMIT_3
ST031,ST045,4.879,23.411,4.798319327731093,DEGREE_LIMIT_3
ST031,ST046,5.3629999999999995,8.882,1.6561625955621855,DEGREE_LIMIT_3
ST031,ST047,6.614,12.637,1.9106440882975508,DEGREE_LIMIT_3
ST031,ST048,4.692,26.793000000000003,5.710358056265985,DEGREE_LIMIT_3
ST031,ST049,11.681000000000001,22.224,1.902576834175156,DEGREE_LIMIT_3
ST031,ST050,6.08,21.546999999999997,3.54391447368421,DEGREE_LIMIT_3
ST031,ST051,6.074,15.94,2.624300296345077,DEGREE_LIMIT_3
ST031,ST052,2.69,24.675,9.172862453531598,DEGREE_LIMIT_3
ST031,ST053,9.667,15.945,1.6494258818661427,DEGREE_LIMIT_3
ST031,ST054,4.873,7.795,1.5996306176893083,DEGREE_LIMIT_3
ST031,ST055,11.226,18.966,1.689470871191876,DEGREE_LIMIT_3
ST032,ST033,2.081,2.081,1.0,DEGREE_LIMIT_3
ST032,ST034,9.083,10.145,1.1169217218980512,DEGREE_LIMIT_3
ST032,ST035,8.73,11.790000000000001,1.3505154639175259,DEGREE_LIMIT_3
ST032,ST036,9.146,31.858,3.4832713754646836,DEGREE_LIMIT_3
ST032,ST037,8.458,9.161000000000001,1.0831165760227006,DEGREE_LIMIT_3
ST032,ST038,13.179,27.637999999999998,2.0971242127627283,DEGREE_LIMIT_3
ST032,ST039,12.833,31.722,2.4719083612561366,DEGREE_LIMIT_3
ST032,ST040,10.11,18.796,1.8591493570722057,DEGREE_LIMIT_3
ST032,ST041,13.504999999999999,27.98,2.071825249907442,DEGREE_LIMIT_3
ST032,ST042,12.014999999999999,24.623,2.049354972950479,DEGREE_LIMIT_3
ST032,ST043,3.095,5.015000000000001,1.6203554119547658,DEGREE_LIMIT_3
ST032,ST044,3.013,3.6790000000000003,1.221042150680385,DEGREE_LIMIT_3
ST032,ST045,3.542,5.686000000000001,1.6053077357425187,DEGREE_LIMIT_3
ST032,ST046,6.177,11.017,1.7835518860288166,DEGREE_LIMIT_3
ST032,ST047,4.347,5.088,1.1704623878536922,DEGREE_LIMIT_3
ST032,ST048,4.266,9.068000000000001,2.125644631973746,DEGREE_LIMIT_3
ST032,ST049,4.499,4.499,1.0,DEGREE_LIMIT_3
ST032,ST050,4.271,9.714,2.274408803558886,DEGREE_LIMIT_3
ST032,ST051,13.56,24.213,1.7856194690265488,DEGREE_LIMIT_3
ST032,ST052,10.503,32.948,3.137008473769399,DEGREE_LIMIT_3
ST032,ST053,4.2509999999999994,15.064,3.543636791343214,DEGREE_LIMIT_3
ST032,ST054,7.263999999999999,9.93,1.3670154185022028,DEGREE_LIMIT_3
ST032,ST055,4.731,11.417000000000002,2.413231874867893,DEGREE_LIMIT_3
ST033,ST034,7.5809999999999995,8.064,1.0637119113573408,DEGREE_LIMIT_3
ST033,ST035,7.497,9.709,1.2950513538748833,DEGREE_LIMIT_3
ST033,ST036,7.0649999999999995,33.93899999999999,4.803821656050955,DEGREE_LIMIT_3
ST033,ST037,6.377,7.08,1.1102399247294967,DEGREE_LIMIT_3
ST033,ST038,11.114,29.718999999999994,2.674014756163397,DEGREE_LIMIT_3
ST033,ST039,11.212,33.803,3.0148947556189793,DEGREE_LIMIT_3
ST033,ST040,9.372,20.877,2.2275928297055057,DEGREE_LIMIT_3
ST033,ST041,12.767,30.060999999999996,2.354586042139892,DEGREE_LIMIT_3
ST033,ST042,11.361999999999998,26.703999999999997,2.350290441823623,DEGREE_LIMIT_3
ST033,ST043,2.332,2.934,1.258147512864494,DEGREE_LIMIT_3
ST033,ST044,1.598,1.598,1.0,DEGREE_LIMIT_3
ST033,ST045,2.981,3.6050000000000004,1.2093257296209328,DEGREE_LIMIT_3
ST033,ST046,7.273,13.097999999999999,1.8009074659700262,DEGREE_LIMIT_3
ST033,ST047,5.588,7.1690000000000005,1.2829277022190408,DEGREE_LIMIT_3
ST033,ST048,3.606,6.987,1.937603993344426,DEGREE_LIMIT_3
ST033,ST049,6.473,6.58,1.0165302023791132,DEGREE_LIMIT_3
ST033,ST050,5.79,11.795,2.03713298791019,DEGREE_LIMIT_3
ST033,ST051,13.406,26.293999999999997,1.96136058481277,DEGREE_LIMIT_3
ST033,ST052,10.022,35.028999999999996,3.495210536818998,DEGREE_LIMIT_3
ST033,ST053,6.235,17.145,2.7497995188452284,DEGREE_LIMIT_3
ST033,ST054,8.36,12.011,1.4367224880382776,DEGREE_LIMIT_3
ST033,ST055,6.669,13.498000000000001,2.0239916029389717,DEGREE_LIMIT_3
ST034,ST035,0.462,17.773,38.46969696969697,DEGREE_LIMIT_3
ST034,ST036,0.834,42.003,50.36330935251799,DEGREE_LIMIT_3
ST034,ST037,1.204,11.948,9.923588039867111,DEGREE_LIMIT_3
ST034,ST038,5.716,37.782999999999994,6.610041987403777,DEGREE_LIMIT_3
ST034,ST039,5.814,41.867000000000004,7.201066391468869,DEGREE_LIMIT_3
ST034,ST040,6.322,28.941,4.577823473584308,DEGREE_LIMIT_3
ST034,ST041,9.239,38.125,4.126528845113107,DEGREE_LIMIT_3
ST034,ST042,6.53,34.768,5.324349157733537,DEGREE_LIMIT_3
ST034,ST043,6.443,10.998000000000001,1.706968803352476,DEGREE_LIMIT_3
ST034,ST044,6.398,6.466,1.0106283213504221,DEGREE_LIMIT_3
ST034,ST045,6.149,11.669,1.8977069442185721,DEGREE_LIMIT_3
ST034,ST046,6.911,21.162,3.0620749529735205,DEGREE_LIMIT_3
ST034,ST047,8.311,15.232999999999999,1.832872097220551,DEGREE_LIMIT_3
ST034,ST048,5.962,15.051,2.5244884267024488,DEGREE_LIMIT_3
ST034,ST049,13.582,14.643999999999998,1.0781917243410395,DEGREE_LIMIT_3
ST034,ST050,7.605,19.859,2.6113083497698883,DEGREE_LIMIT_3
ST034,ST051,7.654999999999999,34.358,4.4883082952318745,DEGREE_LIMIT_3
ST034,ST052,4.271,43.093,10.089674549285883,DEGREE_LIMIT_3
ST034,ST053,11.657,25.209,2.1625632667067,DEGREE_LIMIT_3
ST034,ST054,7.997999999999999,20.075,2.5100025006251565,DEGREE_LIMIT_3
ST034,ST055,13.216000000000001,21.562,1.631507263922518,DEGREE_LIMIT_3
ST035,ST036,0.644,43.647999999999996,67.77639751552795,DEGREE_LIMIT_3
ST035,ST037,1.12,16.789,14.99017857142857,DEGREE_LIMIT_3
ST035,ST038,5.28,39.428,7.467424242424242,DEGREE_LIMIT_3
ST035,ST039,5.378,43.512,8.090740052063964,DEGREE_LIMIT_3
ST035,ST040,5.886,30.586,5.19639823309548,DEGREE_LIMIT_3
ST035,ST041,8.803,39.769999999999996,4.517778030216971,DEGREE_LIMIT_3
ST035,ST042,6.177,36.413,5.894932815282499,DEGREE_LIMIT_3
ST035,ST043,6.007,6.775,1.1278508406858667,DEGREE_LIMIT_3
ST035,ST044,6.03,11.307,1.8751243781094526,DEGREE_LIMIT_3
ST035,ST045,5.796,6.104,1.0531400966183575,DEGREE_LIMIT_3
ST035,ST046,6.475,22.807,3.5223166023166024,DEGREE_LIMIT_3
ST035,ST047,7.875,16.878,2.1432380952380954,DEGREE_LIMIT_3
ST035,ST048,5.609,9.486,1.6912105544660367,DEGREE_LIMIT_3
ST035,ST049,13.229,16.288999999999998,1.231310000755915,DEGREE_LIMIT_3
ST035,ST050,7.169,21.503999999999998,2.9995815315943646,DEGREE_LIMIT_3
ST035,ST051,7.218999999999999,36.003,4.987255852611165,DEGREE_LIMIT_3
ST035,ST052,3.835,44.738,11.665710560625815,DEGREE_LIMIT_3
ST035,ST053,11.304,26.854,2.3756192498230715,DEGREE_LIMIT_3
ST035,ST054,7.561999999999999,21.72,2.872256016926739,DEGREE_LIMIT_3
ST035,ST055,12.863,23.207,1.8041669905931743,DEGREE_LIMIT_3
ST036,ST037,0.688,41.019,59.62063953488372,DEGREE_LIMIT_3
ST036,ST038,5.221,8.618,1.6506416395326566,DEGREE_LIMIT_3
ST036,ST039,5.269,19.642,3.7278420952742453,DEGREE_LIMIT_3
ST036,ST040,6.5040000000000004,13.062000000000001,2.0083025830258303,DEGREE_LIMIT_3
ST036,ST041,9.421,15.900000000000002,1.687718925804055,DEGREE_LIMIT_3
ST036,ST042,6.573,12.543000000000001,1.908261068005477,DEGREE_LIMIT_3
ST036,ST043,6.146999999999999,36.873,5.998535871156662,DEGREE_LIMIT_3
ST036,ST044,6.17,35.537,5.759643435980551,DEGREE_LIMIT_3
ST036,ST045,6.244,37.544,6.012812299807815,DEGREE_LIMIT_3
ST036,ST046,7.093,23.015,3.2447483434371915,DEGREE_LIMIT_3
ST036,ST047,8.493,26.77,3.1520075356175674,DEGREE_LIMIT_3
ST036,ST048,6.227,40.925999999999995,6.57234623414164,DEGREE_LIMIT_3
ST036,ST049,13.538,36.357,2.685551780174324,DEGREE_LIMIT_3
ST036,ST050,7.787,35.68,4.581995633748555,DEGREE_LIMIT_3
ST036,ST051,7.837,18.479,2.3579175704989153,DEGREE_LIMIT_3
ST036,ST052,4.453,20.868000000000002,4.6862789130922975,DEGREE_LIMIT_3
ST036,ST053,11.948,30.078,2.5174087713424838,DEGREE_LIMIT_3
ST036,ST054,8.18,21.928,2.6806845965770174,DEGREE_LIMIT_3
ST036,ST055,13.507,33.099,2.4505071444436215,DEGREE_LIMIT_3
ST037,ST038,4.967,36.79899999999999,7.408697402858867,DEGREE_LIMIT_3
ST037,ST039,5.065,40.882999999999996,8.071668311944718,DEGREE_LIMIT_3
ST037,ST040,6.98,27.956999999999997,4.0053008595988535,DEGREE_LIMIT_3
ST037,ST041,9.274,37.14099999999999,4.0048522751779165,DEGREE_LIMIT_3
ST037,ST042,6.708,33.78399999999999,5.036374478234942,DEGREE_LIMIT_3
ST037,ST043,5.459,10.014,1.8344019051108262,DEGREE_LIMIT_3
ST037,ST044,5.482,5.482,1.0,DEGREE_LIMIT_3
ST037,ST045,5.556,10.684999999999999,1.9231461483081351,DEGREE_LIMIT_3
ST037,ST046,7.569,20.177999999999997,2.665873959571938,DEGREE_LIMIT_3
ST037,ST047,8.163,14.248999999999999,1.7455592306749967,DEGREE_LIMIT_3
ST037,ST048,6.192,14.066999999999998,2.271802325581395,DEGREE_LIMIT_3
ST037,ST049,12.85,13.66,1.063035019455253,DEGREE_LIMIT_3
ST037,ST050,8.289,18.875,2.277114247798287,DEGREE_LIMIT_3
ST037,ST051,7.679,33.373999999999995,4.346138820158874,DEGREE_LIMIT_3
ST037,ST052,4.929,42.108999999999995,8.543112193142624,DEGREE_LIMIT_3
ST037,ST053,11.611,24.224999999999998,2.086383601756954,DEGREE_LIMIT_3
ST037,ST054,8.656,19.090999999999998,2.2055221811460255,DEGREE_LIMIT_3
ST037,ST055,12.948,20.578,1.5892801977139326,DEGREE_LIMIT_3
ST038,ST039,1.349,15.422,11.432171979243885,DEGREE_LIMIT_3
ST038,ST040,4.911,8.842,1.8004479739360622,DEGREE_LIMIT_3
ST038,ST041,4.469,11.68,2.613560080554934,DEGREE_LIMIT_3
ST038,ST042,2.385,8.323,3.4897274633123696,DEGREE_LIMIT_3
ST038,ST043,10.425999999999998,32.653,3.1318818338768466,DEGREE_LIMIT_3
ST038,ST044,10.449,31.316999999999997,2.997128911857594,DEGREE_LIMIT_3
ST038,ST045,10.218,33.324,3.2613035819142686,DEGREE_LIMIT_3
ST038,ST046,9.808,18.794999999999998,1.9162928221859705,DEGREE_LIMIT_3
ST038,ST047,12.458000000000002,22.549999999999997,1.8100818751003367,DEGREE_LIMIT_3
ST038,ST048,10.058,36.705999999999996,3.649433286935772,DEGREE_LIMIT_3
ST038,ST049,17.525,32.137,1.8337803138373754,DEGREE_LIMIT_3
ST038,ST050,11.772,31.459999999999994,2.6724430852871213,DEGREE_LIMIT_3
ST038,ST051,3.27,14.259,4.360550458715596,DEGREE_LIMIT_3
ST038,ST052,3.367,16.648,4.944460944460944,DEGREE_LIMIT_3
ST038,ST053,15.511000000000001,25.857999999999997,1.6670749790471275,DEGREE_LIMIT_3
ST038,ST054,8.721,17.708,2.0305010893246185,DEGREE_LIMIT_3
ST038,ST055,17.07,28.878999999999998,1.691798476859988,DEGREE_LIMIT_3
ST039,ST040,4.905,12.926,2.6352701325178387,DEGREE_LIMIT_3
ST039,ST041,4.913,10.456,2.1282312232851615,DEGREE_LIMIT_3
ST039,ST042,2.747,7.099,2.5842737531852933,DEGREE_LIMIT_3
ST039,ST043,9.797,36.736999999999995,3.7498213738899655,DEGREE_LIMIT_3
ST039,ST044,9.82,35.400999999999996,3.6049898167006105,DEGREE_LIMIT_3
ST039,ST045,9.894,37.407999999999994,3.780877299373357,DEGREE_LIMIT_3
ST039,ST046,9.905999999999999,22.878999999999998,2.309610337169392,DEGREE_LIMIT_3
ST039,ST047,12.158000000000001,26.633999999999997,2.1906563579536105,DEGREE_LIMIT_3
ST039,ST048,9.913,40.78999999999999,4.11479874911732,DEGREE_LIMIT_3
ST039,ST049,17.224999999999998,36.221,2.1028156748911466,DEGREE_LIMIT_3
ST039,ST050,11.624,35.544,3.057811424638678,DEGREE_LIMIT_3
ST039,ST051,3.723,18.343,4.926940639269406,DEGREE_LIMIT_3
ST039,ST052,2.854,15.424,5.404344779257182,DEGREE_LIMIT_3
ST039,ST053,15.211,29.941999999999997,1.9684438892906446,DEGREE_LIMIT_3
ST039,ST054,8.818999999999999,21.791999999999998,2.4710284612767888,DEGREE_LIMIT_3
ST039,ST055,16.77,32.962999999999994,1.9655933214072745,DEGREE_LIMIT_3
ST040,ST041,6.311,9.184000000000001,1.45523688797338,DEGREE_LIMIT_3
ST040,ST042,3.46,5.827,1.6841040462427745,DEGREE_LIMIT_3
ST040,ST043,7.04,23.811,3.3822443181818183,DEGREE_LIMIT_3
ST040,ST044,7.774,22.474999999999998,2.8910470800102903,DEGREE_LIMIT_3
ST040,ST045,6.568,24.482,3.727466504263094,DEGREE_LIMIT_3
ST040,ST046,6.129,9.953,1.6239190732582802,DEGREE_LIMIT_3
ST040,ST047,8.159,13.707999999999998,1.6801078563549452,DEGREE_LIMIT_3
ST040,ST048,6.381,27.864,4.366713681241185,DEGREE_LIMIT_3
ST040,ST049,14.083,23.294999999999998,1.6541219910530425,DEGREE_LIMIT_3
ST040,ST050,7.453,22.617999999999995,3.0347511069368034,DEGREE_LIMIT_3
ST040,ST051,4.881,5.417,1.1098135627945092,DEGREE_LIMIT_3
ST040,ST052,2.051,14.152000000000001,6.900048756704047,DEGREE_LIMIT_3
ST040,ST053,11.627,17.016,1.463490152231874,DEGREE_LIMIT_3
ST040,ST054,5.042,8.866,1.7584291947639825,DEGREE_LIMIT_3
ST040,ST055,13.628,20.037,1.4702817728206632,DEGREE_LIMIT_3
ST041,ST042,3.357,3.357,1.0,DEGREE_LIMIT_3
ST041,ST043,10.435,32.995,3.1619549592716814,DEGREE_LIMIT_3
ST041,ST044,11.169,31.659,2.834542035992479,DEGREE_LIMIT_3
ST041,ST045,9.963,33.666,3.379102679915688,DEGREE_LIMIT_3
ST041,ST046,9.524,19.137,2.009344813103738,DEGREE_LIMIT_3
ST041,ST047,12.593,22.892,1.817835305328357,DEGREE_LIMIT_3
ST041,ST048,9.776,37.047999999999995,3.789689034369885,DEGREE_LIMIT_3
ST041,ST049,17.81,32.479,1.8236384053902304,DEGREE_LIMIT_3
ST041,ST050,11.886999999999999,31.802,2.6753596365777743,DEGREE_LIMIT_3
ST041,ST051,2.393,14.601,6.101546176347681,DEGREE_LIMIT_3
ST041,ST052,4.968,4.968,1.0,DEGREE_LIMIT_3
ST041,ST053,15.83,26.2,1.6550852811118129,DEGREE_LIMIT_3
ST041,ST054,8.437,18.05,2.1393860376911227,DEGREE_LIMIT_3
ST041,ST055,17.222,29.221,1.696725119033794,DEGREE_LIMIT_3
ST042,ST043,9.03,29.637999999999998,3.282170542635659,DEGREE_LIMIT_3
ST042,ST044,9.764,28.301999999999996,2.8986071282261365,DEGREE_LIMIT_3
ST042,ST045,8.531,30.308999999999997,3.5528074082757,DEGREE_LIMIT_3
ST042,ST046,8.121,15.779999999999998,1.9431104543775393,DEGREE_LIMIT_3
ST042,ST047,10.814,19.534999999999997,1.8064545958942109,DEGREE_LIMIT_3
ST042,ST048,8.371,33.690999999999995,4.0247282284075965,DEGREE_LIMIT_3
ST042,ST049,15.956000000000001,29.121999999999996,1.8251441464026068,DEGREE_LIMIT_3
ST042,ST050,10.085,28.444999999999993,2.8205255329697563,DEGREE_LIMIT_3
ST042,ST051,2.072,11.244,5.426640926640927,DEGREE_LIMIT_3
ST042,ST052,2.348,8.325,3.54557069846678,DEGREE_LIMIT_3
ST042,ST053,13.942,22.842999999999996,1.6384306412279441,DEGREE_LIMIT_3
ST042,ST054,7.034,14.692999999999998,2.088854137048621,DEGREE_LIMIT_3
ST042,ST055,15.501000000000001,25.863999999999997,1.6685375137087928,DEGREE_LIMIT_3
ST043,ST044,0.734,4.532,6.174386920980926,DEGREE_LIMIT_3
ST043,ST045,0.671,0.671,1.0,DEGREE_LIMIT_3
ST043,ST046,4.974,16.032,3.2231604342581424,DEGREE_LIMIT_3
ST043,ST047,3.278,10.103,3.0820622330689442,DEGREE_LIMIT_3
ST043,ST048,1.307,4.053,3.1009946442234124,DEGREE_LIMIT_3
ST043,ST049,7.593999999999999,9.514,1.2528311825125098,DEGREE_LIMIT_3
ST043,ST050,3.48,14.729000000000001,4.232471264367816,DEGREE_LIMIT_3
ST043,ST051,11.102,29.228,2.632678796613223,DEGREE_LIMIT_3
ST043,ST052,7.723,37.96300000000001,4.915576848374985,DEGREE_LIMIT_3
ST043,ST053,6.728,20.079,2.984393579072533,DEGREE_LIMIT_3
ST043,ST054,6.061,14.945,2.465764725292856,DEGREE_LIMIT_3
ST043,ST055,7.8260000000000005,16.432,2.0996677740863783,DEGREE_LIMIT_3
ST044,ST045,1.383,5.203,3.7621113521330445,DEGREE_LIMIT_3
ST044,ST046,5.675,14.695999999999998,2.5896035242290747,DEGREE_LIMIT_3
ST044,ST047,3.99,8.767,2.1972431077694234,DEGREE_LIMIT_3
ST044,ST048,2.008,8.585,4.275398406374502,DEGREE_LIMIT_3
ST044,ST049,7.512,8.178,1.0886581469648564,DEGREE_LIMIT_3
ST044,ST050,4.192,13.392999999999999,3.1948950381679384,DEGREE_LIMIT_3
ST044,ST051,11.808,27.891999999999996,2.3621273712737123,DEGREE_LIMIT_3
ST044,ST052,8.424,36.626999999999995,4.347934472934472,DEGREE_LIMIT_3
ST044,ST053,6.997,18.743,2.6787194511933685,DEGREE_LIMIT_3
ST044,ST054,6.762,13.608999999999998,2.0125702454895,DEGREE_LIMIT_3
ST044,ST055,7.744,15.096,1.9493801652892562,DEGREE_LIMIT_3
ST045,ST046,4.467,16.703,3.7391985672710994,DEGREE_LIMIT_3
ST045,ST047,2.631,10.774,4.095020904599012,DEGREE_LIMIT_3
ST045,ST048,0.8,3.3819999999999997,4.227499999999999,DEGREE_LIMIT_3
ST045,ST049,7.847,10.184999999999999,1.2979482604817125,DEGREE_LIMIT_3
ST045,ST050,2.833,15.4,5.435933639251677,DEGREE_LIMIT_3
ST045,ST051,10.603000000000002,29.899,2.8198623031217576,DEGREE_LIMIT_3
ST045,ST052,7.23,38.634,5.34356846473029,DEGREE_LIMIT_3
ST045,ST053,6.0569999999999995,20.75,3.4257883440647188,DEGREE_LIMIT_3
ST045,ST054,5.553999999999999,15.616,2.811667266834714,DEGREE_LIMIT_3
ST045,ST055,7.392,17.102999999999998,2.313717532467532,DEGREE_LIMIT_3
ST046,ST047,3.069,5.929,1.931899641577061,DEGREE_LIMIT_3
ST046,ST048,3.667,20.085,5.47722934278702,DEGREE_LIMIT_3
ST046,ST049,8.306,15.515999999999998,1.8680471947989405,DEGREE_LIMIT_3
ST046,ST050,2.363,14.839,6.27972915785019,DEGREE_LIMIT_3
ST046,ST051,10.12,15.37,1.5187747035573123,DEGREE_LIMIT_3
ST046,ST052,7.317,24.105,3.2943829438294383,DEGREE_LIMIT_3
ST046,ST053,6.393,9.237,1.4448615673392773,DEGREE_LIMIT_3
ST046,ST054,1.087,1.087,1.0,DEGREE_LIMIT_3
ST046,ST055,7.851,12.258000000000001,1.561329766908674,DEGREE_LIMIT_3
ST047,ST048,3.431,14.156,4.125910813174002,DEGREE_LIMIT_3
ST047,ST049,6.569,9.587,1.4594306591566448,DEGREE_LIMIT_3
ST047,ST050,0.729,8.91,12.222222222222223,DEGREE_LIMIT_3
ST047,ST051,11.973,19.125,1.5973440240541217,DEGREE_LIMIT_3
ST047,ST052,9.304,27.86,2.9944110060189164,DEGREE_LIMIT_3
ST047,ST053,3.916,9.976,2.547497446373851,DEGREE_LIMIT_3
ST047,ST054,4.156,4.8420000000000005,1.1650625601539943,DEGREE_LIMIT_3
ST047,ST055,6.114,6.329000000000001,1.0351651946352634,DEGREE_LIMIT_3
ST048,ST049,8.647,13.567,1.5689834624725338,DEGREE_LIMIT_3
ST048,ST050,3.182,18.781999999999996,5.90257699560025,DEGREE_LIMIT_3
ST048,ST051,10.443,33.281,3.186919467585943,DEGREE_LIMIT_3
ST048,ST052,7.059,42.016000000000005,5.9521178637200745,DEGREE_LIMIT_3
ST048,ST053,6.856999999999999,24.131999999999998,3.5193233192358173,DEGREE_LIMIT_3
ST048,ST054,4.754,18.997999999999998,3.996213714766512,DEGREE_LIMIT_3
ST048,ST055,8.192,20.485,2.5006103515625,DEGREE_LIMIT_3
ST049,ST050,6.734,14.213,2.1106326106326105,DEGREE_LIMIT_3
ST049,ST051,17.384,28.711999999999996,1.651633686148182,DEGREE_LIMIT_3
ST049,ST052,14.371,37.447,2.6057337693967018,DEGREE_LIMIT_3
ST049,ST053,3.789,19.563,5.163103721298495,DEGREE_LIMIT_3
ST049,ST054,9.392999999999999,14.428999999999998,1.5361439369743426,DEGREE_LIMIT_3
ST049,ST055,0.676,15.916,23.54437869822485,DEGREE_LIMIT_3
ST050,ST051,11.244,28.034999999999997,2.4933297758804693,DEGREE_LIMIT_3
ST050,ST052,8.77,36.769999999999996,4.192702394526796,DEGREE_LIMIT_3
ST050,ST053,4.1739999999999995,18.886,4.524676569238141,DEGREE_LIMIT_3
ST050,ST054,3.45,13.751999999999999,3.9860869565217385,DEGREE_LIMIT_3
ST050,ST055,6.177,15.239,2.4670552047919707,DEGREE_LIMIT_3
ST051,ST052,3.384,19.569,5.782801418439716,DEGREE_LIMIT_3
ST051,ST053,15.136000000000001,22.432999999999996,1.4820956659619446,DEGREE_LIMIT_3
ST051,ST054,9.033,14.282999999999998,1.5812022583859182,DEGREE_LIMIT_3
ST051,ST055,16.929,25.453999999999997,1.5035737491877843,DEGREE_LIMIT_3
ST052,ST053,12.357,31.167999999999996,2.5222950554341668,DEGREE_LIMIT_3
ST052,ST054,6.23,23.017999999999997,3.694703049759229,DEGREE_LIMIT_3
ST052,ST055,13.916,34.18899999999999,2.4568123023857424,DEGREE_LIMIT_3
ST053,ST054,7.393,8.15,1.1023941566346545,DEGREE_LIMIT_3
ST053,ST055,3.334,16.305,4.890521895620876,DEGREE_LIMIT_3
ST054,ST055,8.785,11.171000000000001,1.2715993170176438,DEGREE_LIMIT_3
ST001,ST002,0.619,0.619,1.0,DEGREE_LIMIT_4
ST001,ST003,6.8,11.271999999999998,1.6576470588235293,DEGREE_LIMIT_4
ST001,ST004,3.811,6.587,1.728417738126476,DEGREE_LIMIT_4
ST001,ST005,3.419,4.577,1.338695525007312,DEGREE_LIMIT_4
ST001,ST006,7.161,12.39,1.7302052785923756,DEGREE_LIMIT_4
ST001,ST007,6.545,14.486,2.2132925897631783,DEGREE_LIMIT_4
ST001,ST008,8.055,14.341000000000001,1.780384854127871,DEGREE_LIMIT_4
ST001,ST009,8.887,19.465,2.1902779340609877,DEGREE_LIMIT_4
ST001,ST010,11.633,13.201,1.1347889624344538,DEGREE_LIMIT_4
ST001,ST011,4.454,15.713999999999999,3.5280646609788953,DEGREE_LIMIT_4
ST001,ST012,9.602,15.562000000000001,1.6207040199958342,DEGREE_LIMIT_4
ST001,ST013,9.482,16.359,1.725268930605358,DEGREE_LIMIT_4
ST001,ST014,10.345,17.163,1.6590623489608505,DEGREE_LIMIT_4
ST001,ST015,11.924,21.973,1.8427541093592754,DEGREE_LIMIT_4
ST001,ST016,10.361,18.866,1.820866711707364,DEGREE_LIMIT_4
ST001,ST017,5.41,14.29,2.641404805914972,DEGREE_LIMIT_4
ST001,ST018,6.58,20.639,3.136626139817629,DEGREE_LIMIT_4
ST001,ST019,6.5889999999999995,23.256,3.5295188951282443,DEGREE_LIMIT_4
ST001,ST020,7.875,21.277,2.70184126984127,DEGREE_LIMIT_4
ST001,ST021,9.161000000000001,17.176,1.8749044864097801,DEGREE_LIMIT_4
ST001,ST022,9.935,17.112,1.7223955712128836,DEGREE_LIMIT_4
ST001,ST023,4.925,8.3,1.685279187817259,DEGREE_LIMIT_4
ST001,ST024,12.299999999999999,22.095,1.7963414634146342,DEGREE_LIMIT_4
ST001,ST025,13.215,21.871,1.6550132425274309,DEGREE_LIMIT_4
ST001,ST026,11.399000000000001,14.421000000000001,1.265110974646899,DEGREE_LIMIT_4
ST001,ST027,11.022,20.981,1.9035565233170024,DEGREE_LIMIT_4
ST001,ST028,11.775,16.935000000000002,1.4382165605095543,DEGREE_LIMIT_4
ST001,ST029,8.007,8.92,1.1140252279255651,DEGREE_LIMIT_4
ST001,ST030,5.974,6.207,1.0390023434884499,DEGREE_LIMIT_4
ST001,ST031,4.665,4.726,1.0130760986066452,DEGREE_LIMIT_4
ST001,ST032,9.175,14.217999999999998,1.5496457765667573,DEGREE_LIMIT_4
ST001,ST033,9.479,16.299,1.7194851777613673,DEGREE_LIMIT_4
ST001,ST034,8.216000000000001,26.444,3.218597857838364,DEGREE_LIMIT_4
ST001,ST035,7.8629999999999995,25.240000000000002,3.2099707490779603,DEGREE_LIMIT_4
ST001,ST036,8.507,18.809,2.211002703655813,DEGREE_LIMIT_4
ST001,ST037,8.983,25.46,2.834242457976177,DEGREE_LIMIT_4
ST001,ST038,9.128,13.143,1.4398553900087643,DEGREE_LIMIT_4
ST001,ST039,8.889,18.673,2.100686241421982,DEGREE_LIMIT_4
ST001,ST040,5.747,5.747,1.0,DEGREE_LIMIT_4
ST001,ST041,10.347999999999999,14.931000000000001,1.4428875144955549,DEGREE_LIMIT_4
ST001,ST042,7.559,11.574,1.5311549146712529,DEGREE_LIMIT_4
ST001,ST043,7.173,19.233,2.6813048933500627,DEGREE_LIMIT_4
ST001,ST044,7.885,17.897,2.2697526949904883,DEGREE_LIMIT_4
ST001,ST045,6.502,19.904,3.061211934789296,DEGREE_LIMIT_4
ST001,ST046,2.998,4.156,1.3862575050033354,DEGREE_LIMIT_4
ST001,ST047,5.936999999999999,13.413999999999998,2.2593902644433213,DEGREE_LIMIT_4
ST001,ST048,6.497999999999999,19.907,3.063558017851647,DEGREE_LIMIT_4
ST001,ST049,11.303999999999998,18.717,1.6557855626326965,DEGREE_LIMIT_4
ST001,ST050,5.361000000000001,16.709,3.116769259466517,DEGREE_LIMIT_4
ST001,ST051,8.36,11.164,1.3354066985645934,DEGREE_LIMIT_4
ST001,ST052,6.035,19.899,3.2972659486329743,DEGREE_LIMIT_4
ST001,ST053,9.285,17.33,1.8664512654819598,DEGREE_LIMIT_4
ST001,ST054,1.911,3.069,1.6059654631083202,DEGREE_LIMIT_4
ST001,ST055,10.682,19.089,1.7870249017038007,DEGREE_LIMIT_4
ST002,ST003,6.181,11.890999999999998,1.9237987380682735,DEGREE_LIMIT_4
ST002,ST004,3.192,7.2059999999999995,2.257518796992481,DEGREE_LIMIT_4
ST002,ST005,2.8,5.196,1.8557142857142856,DEGREE_LIMIT_4
ST002,ST006,6.542,13.009,1.988535616019566,DEGREE_LIMIT_4
ST002,ST007,5.926,15.105,2.5489368882888965,DEGREE_LIMIT_4
ST002,ST008,7.436,14.96,2.0118343195266273,DEGREE_LIMIT_4
ST002,ST009,8.268,20.084,2.429124334784712,DEGREE_LIMIT_4
ST002,ST010,11.014,13.82,1.2547666606137644,DEGREE_LIMIT_4
ST002,ST011,3.835,16.333,4.258930899608865,DEGREE_LIMIT_4
ST002,ST012,8.983,16.181,1.8012913280641212,DEGREE_LIMIT_4
ST002,ST013,8.913,16.978,1.9048580724784026,DEGREE_LIMIT_4
ST002,ST014,9.776,17.782,1.8189443535188217,DEGREE_LIMIT_4
ST002,ST015,11.305,22.592,1.998407784166298,DEGREE_LIMIT_4
ST002,ST016,9.742,19.485,2.000102648326832,DEGREE_LIMIT_4
ST002,ST017,4.791,14.908999999999999,3.111876434982258,DEGREE_LIMIT_4
ST002,ST018,5.961,21.258,3.566180171112229,DEGREE_LIMIT_4
ST002,ST019,5.97,23.875,3.999162479061977,DEGREE_LIMIT_4
ST002,ST020,7.256,21.896,3.0176405733186327,DEGREE_LIMIT_4
ST002,ST021,8.542,17.794999999999998,2.0832357761648326,DEGREE_LIMIT_4
ST002,ST022,9.315999999999999,17.730999999999998,1.9032846715328466,DEGREE_LIMIT_4
ST002,ST023,4.306,8.919,2.071295866233163,DEGREE_LIMIT_4
ST002,ST024,11.681,22.714,1.9445252974916531,DEGREE_LIMIT_4
ST002,ST025,12.596,22.49,1.7854874563353444,DEGREE_LIMIT_4
ST002,ST026,10.780000000000001,15.040000000000001,1.3951762523191094,DEGREE_LIMIT_4
ST002,ST027,10.403,21.6,2.0763241372680956,DEGREE_LIMIT_4
ST002,ST028,11.156,17.554000000000002,1.5735030476873433,DEGREE_LIMIT_4
ST002,ST029,8.350999999999999,9.539,1.1422584121662078,DEGREE_LIMIT_4
ST002,ST030,5.355,5.588,1.0435107376283845,DEGREE_LIMIT_4
ST002,ST031,4.046,5.345,1.3210578348986652,DEGREE_LIMIT_4
ST002,ST032,8.556,14.836999999999998,1.734104721832632,DEGREE_LIMIT_4
ST002,ST033,8.86,16.918,1.9094808126410836,DEGREE_LIMIT_4
ST002,ST034,7.597,27.063,3.562327234434645,DEGREE_LIMIT_4
ST002,ST035,7.244,25.859,3.5697128658199895,DEGREE_LIMIT_4
ST002,ST036,7.888,19.428,2.462981744421907,DEGREE_LIMIT_4
ST002,ST037,8.364,26.079,3.118005738880918,DEGREE_LIMIT_4
ST002,ST038,8.509,13.762,1.6173463391702902,DEGREE_LIMIT_4
ST002,ST039,8.284,19.291999999999998,2.328826653790439,DEGREE_LIMIT_4
ST002,ST040,5.178,6.366,1.2294322132097335,DEGREE_LIMIT_4
ST002,ST041,9.729,15.55,1.598314318018296,DEGREE_LIMIT_4
ST002,ST042,6.94,12.193,1.7569164265129682,DEGREE_LIMIT_4
ST002,ST043,6.554,19.852,3.028989929813854,DEGREE_LIMIT_4
ST002,ST044,7.266,18.516,2.548307184145334,DEGREE_LIMIT_4
ST002,ST045,5.883,20.523,3.4885262621111677,DEGREE_LIMIT_4
ST002,ST046,2.379,4.7749999999999995,2.0071458596048757,DEGREE_LIMIT_4
ST002,ST047,5.318,14.032999999999998,2.6387739751786383,DEGREE_LIMIT_4
ST002,ST048,5.879,20.526,3.4914101037591427,DEGREE_LIMIT_4
ST002,ST049,10.684999999999999,19.336,1.8096396817969116,DEGREE_LIMIT_4
ST002,ST050,4.742,17.328,3.654154365246731,DEGREE_LIMIT_4
ST002,ST051,7.741,11.783,1.5221547603668777,DEGREE_LIMIT_4
ST002,ST052,5.430000000000001,20.518,3.778637200736648,DEGREE_LIMIT_4
ST002,ST053,8.666,17.948999999999998,2.071197784444957,DEGREE_LIMIT_4
ST002,ST054,1.292,3.6879999999999997,2.854489164086687,DEGREE_LIMIT_4
ST002,ST055,10.063,19.708,1.9584616913445292,DEGREE_LIMIT_4
ST003,ST004,4.263,4.685,1.0989913206661974,DEGREE_LIMIT_4
ST003,ST005,4.21,9.710999999999999,2.306650831353919,DEGREE_LIMIT_4
ST003,ST006,12.193999999999999,23.662,1.9404625225520749,DEGREE_LIMIT_4
ST003,ST007,11.892,12.584,1.0581903800874537,DEGREE_LIMIT_4
ST003,ST008,13.004999999999999,25.613,1.9694732795078818,DEGREE_LIMIT_4
ST003,ST009,13.838,30.737000000000002,2.2212024859083686,DEGREE_LIMIT_4
ST003,ST010,16.573999999999998,24.473,1.4765898395076626,DEGREE_LIMIT_4
ST003,ST011,3.1750000000000003,4.442,1.3990551181102362,DEGREE_LIMIT_4
ST003,ST012,14.213,26.834,1.8879898684303105,DEGREE_LIMIT_4
ST003,ST013,14.001,27.630999999999997,1.9735018927219483,DEGREE_LIMIT_4
ST003,ST014,15.514999999999999,28.435,1.8327425072510475,DEGREE_LIMIT_4
ST003,ST015,17.486,33.245,1.9012352739334322,DEGREE_LIMIT_4
ST003,ST016,15.472000000000001,30.137999999999998,1.947905894519131,DEGREE_LIMIT_4
ST003,ST017,10.538,25.562,2.42569747580186,DEGREE_LIMIT_4
ST003,ST018,4.966,9.367,1.8862263391059204,DEGREE_LIMIT_4
ST003,ST019,4.507,11.983999999999998,2.6589749278899486,DEGREE_LIMIT_4
ST003,ST020,4.917999999999999,10.004999999999999,2.0343635624237497,DEGREE_LIMIT_4
ST003,ST021,2.859,5.904,2.0650577124868836,DEGREE_LIMIT_4
ST003,ST022,3.668,5.84,1.5921483097055615,DEGREE_LIMIT_4
ST003,ST023,4.569,6.398,1.4003064127817904,DEGREE_LIMIT_4
ST003,ST024,17.862000000000002,33.367,1.868043892061359,DEGREE_LIMIT_4
ST003,ST025,17.835,33.143,1.8583123072610035,DEGREE_LIMIT_4
ST003,ST026,15.939,25.692999999999998,1.6119580902189596,DEGREE_LIMIT_4
ST003,ST027,15.562,32.253,2.0725485156149595,DEGREE_LIMIT_4
ST003,ST028,16.302,28.207,1.7302784934363882,DEGREE_LIMIT_4
ST003,ST029,12.806000000000001,20.192,1.576760893331251,DEGREE_LIMIT_4
ST003,ST030,10.67,17.479,1.6381443298969072,DEGREE_LIMIT_4
ST003,ST031,8.26,15.997999999999998,1.9368038740920095,DEGREE_LIMIT_4
ST003,ST032,2.946,2.946,1.0,DEGREE_LIMIT_4
ST003,ST033,4.416,5.027,1.1383605072463767,DEGREE_LIMIT_4
ST003,ST034,9.663,15.172,1.5701128014074304,DEGREE_LIMIT_4
ST003,ST035,9.31,13.968,1.5003222341568205,DEGREE_LIMIT_4
ST003,ST036,9.954,30.081,3.022001205545509,DEGREE_LIMIT_4
ST003,ST037,9.617,14.187999999999999,1.4753041489029841,DEGREE_LIMIT_4
ST003,ST038,13.952,24.415,1.7499283256880733,DEGREE_LIMIT_4
ST003,ST039,13.803999999999998,29.945,2.1692987539843527,DEGREE_LIMIT_4
ST003,ST040,9.633000000000001,17.019,1.7667393335409527,DEGREE_LIMIT_4
ST003,ST041,14.026,26.203,1.8681733922714958,DEGREE_LIMIT_4
ST003,ST042,12.265,22.846,1.862698736241337,DEGREE_LIMIT_4
ST003,ST043,4.734,7.961,1.6816645542881286,DEGREE_LIMIT_4
ST003,ST044,4.512,6.625,1.4683067375886527,DEGREE_LIMIT_4
ST003,ST045,4.063,8.632,2.124538518336205,DEGREE_LIMIT_4
ST003,ST046,4.543,9.29,2.0449042482940785,DEGREE_LIMIT_4
ST003,ST047,2.142,2.142,1.0,DEGREE_LIMIT_4
ST003,ST048,4.8629999999999995,8.635,1.7756528891630683,DEGREE_LIMIT_4
ST003,ST049,5.138,7.445,1.449007395873881,DEGREE_LIMIT_4
ST003,ST050,2.18,5.437,2.494036697247706,DEGREE_LIMIT_4
ST003,ST051,13.376000000000001,22.436,1.6773325358851674,DEGREE_LIMIT_4
ST003,ST052,10.95,31.171,2.8466666666666667,DEGREE_LIMIT_4
ST003,ST053,2.485,6.058,2.437826961770624,DEGREE_LIMIT_4
ST003,ST054,5.63,8.203,1.4570159857904084,DEGREE_LIMIT_4
ST003,ST055,4.683,7.817,1.6692291266282298,DEGREE_LIMIT_4
ST004,ST005,1.874,5.026,2.6819637139807897,DEGREE_LIMIT_4
ST004,ST006,8.466,18.977,2.241554453106544,DEGREE_LIMIT_4
ST004,ST007,7.85,7.899,1.0062420382165607,DEGREE_LIMIT_4
ST004,ST008,8.741999999999999,20.928,2.3939601921757037,DEGREE_LIMIT_4
ST004,ST009,9.575,26.052000000000003,2.720835509138382,DEGREE_LIMIT_4
ST004,ST010,12.311,19.788,1.6073430265616115,DEGREE_LIMIT_4
ST004,ST011,2.231,9.126999999999999,4.090990587180636,DEGREE_LIMIT_4
ST004,ST012,9.95,22.149,2.226030150753769,DEGREE_LIMIT_4
ST004,ST013,10.767,22.945999999999998,2.1311414507290793,DEGREE_LIMIT_4
ST004,ST014,11.329999999999998,23.75,2.0962047661076793,DEGREE_LIMIT_4
ST004,ST015,14.497,28.56,1.9700627716079189,DEGREE_LIMIT_4
ST004,ST016,11.55,25.453,2.2037229437229438,DEGREE_LIMIT_4
ST004,ST017,6.764,20.877000000000002,3.086487285629805,DEGREE_LIMIT_4
ST004,ST018,3.3680000000000003,14.052000000000001,4.172209026128266,DEGREE_LIMIT_4
ST004,ST019,2.926,16.669,5.696855775803144,DEGREE_LIMIT_4
ST004,ST020,4.663,14.69,3.150332404031739,DEGREE_LIMIT_4
ST004,ST021,5.883,10.589,1.7999320074791774,DEGREE_LIMIT_4
ST004,ST022,6.657,10.525,1.5810425116418807,DEGREE_LIMIT_4
ST004,ST023,1.713,1.713,1.0,DEGREE_LIMIT_4
ST004,ST024,14.235,28.682,2.0148928696873902,DEGREE_LIMIT_4
ST004,ST025,13.669,28.458,2.081937230228985,DEGREE_LIMIT_4
ST004,ST026,11.747,21.008,1.7883714991061548,DEGREE_LIMIT_4
ST004,ST027,11.37,27.567999999999998,2.424626209322779,DEGREE_LIMIT_4
ST004,ST028,13.012,23.522,1.807715954503535,DEGREE_LIMIT_4
ST004,ST029,9.373999999999999,15.507,1.6542564540217626,DEGREE_LIMIT_4
ST004,ST030,7.077,12.794,1.8078281757806982,DEGREE_LIMIT_4
ST004,ST031,3.997,11.312999999999999,2.8303727795846885,DEGREE_LIMIT_4
ST004,ST032,5.657,7.631,1.3489482057627717,DEGREE_LIMIT_4
ST004,ST033,6.271,9.712,1.5487163131876893,DEGREE_LIMIT_4
ST004,ST034,5.987,19.857,3.3166861533322196,DEGREE_LIMIT_4
ST004,ST035,5.634,18.653,3.310791622293219,DEGREE_LIMIT_4
ST004,ST036,6.252,25.396,4.062060140754959,DEGREE_LIMIT_4
ST004,ST037,6.728,18.873,2.8051426872770513,DEGREE_LIMIT_4
ST004,ST038,9.841000000000001,19.73,2.0048775530941976,DEGREE_LIMIT_4
ST004,ST039,9.541,25.26,2.6475212241903363,DEGREE_LIMIT_4
ST004,ST040,6.399,12.334,1.9274886701047038,DEGREE_LIMIT_4
ST004,ST041,10.89,21.518,1.975941230486685,DEGREE_LIMIT_4
ST004,ST042,8.272,18.161,2.195478723404255,DEGREE_LIMIT_4
ST004,ST043,3.945,12.646,3.2055766793409384,DEGREE_LIMIT_4
ST004,ST044,4.673,11.31,2.420286753691419,DEGREE_LIMIT_4
ST004,ST045,3.29,13.317,4.047720364741641,DEGREE_LIMIT_4
ST004,ST046,1.366,4.6049999999999995,3.3711566617862365,DEGREE_LIMIT_4
ST004,ST047,2.617,6.827,2.6087122659533817,DEGREE_LIMIT_4
ST004,ST048,3.286,13.32,4.0535605599513085,DEGREE_LIMIT_4
ST004,ST049,7.854,12.129999999999999,1.544435956200662,DEGREE_LIMIT_4
ST004,ST050,2.083,10.121999999999998,4.859337493999038,DEGREE_LIMIT_4
ST004,ST051,10.071,17.750999999999998,1.7625856419422101,DEGREE_LIMIT_4
ST004,ST052,6.686999999999999,26.486,3.960819500523404,DEGREE_LIMIT_4
ST004,ST053,6.257,10.743,1.7169570081508712,DEGREE_LIMIT_4
ST004,ST054,2.4530000000000003,3.518,1.4341622503057478,DEGREE_LIMIT_4
ST004,ST055,7.399,12.502,1.6896877956480607,DEGREE_LIMIT_4
ST005,ST006,8.471,16.967,2.0029512454255696,DEGREE_LIMIT_4
ST005,ST007,8.514,12.925,1.5180878552971577,DEGREE_LIMIT_4
ST005,ST008,9.522,18.918,1.9867674858223061,DEGREE_LIMIT_4
ST005,ST009,10.355,24.042,2.3217769193626268,DEGREE_LIMIT_4
ST005,ST010,12.924,17.778,1.3755803156917363,DEGREE_LIMIT_4
ST005,ST011,1.035,14.152999999999999,13.6743961352657,DEGREE_LIMIT_4
ST005,ST012,10.931000000000001,20.139,1.842374897081694,DEGREE_LIMIT_4
ST005,ST013,10.277999999999999,20.935999999999996,2.0369721735746253,DEGREE_LIMIT_4
ST005,ST014,11.593,21.74,1.8752695592167685,DEGREE_LIMIT_4
ST005,ST015,14.105,26.549999999999997,1.8823112371499466,DEGREE_LIMIT_4
ST005,ST016,11.420000000000002,23.442999999999998,2.0528021015761815,DEGREE_LIMIT_4
ST005,ST017,7.16,18.867,2.635055865921788,DEGREE_LIMIT_4
ST005,ST018,4.208,19.077999999999996,4.533745247148288,DEGREE_LIMIT_4
ST005,ST019,4.217,21.694999999999997,5.144652596632677,DEGREE_LIMIT_4
ST005,ST020,5.8870000000000005,19.715999999999998,3.349074231357227,DEGREE_LIMIT_4
ST005,ST021,5.83,15.614999999999998,2.678387650085763,DEGREE_LIMIT_4
ST005,ST022,6.603999999999999,15.550999999999998,2.3547849788007267,DEGREE_LIMIT_4
ST005,ST023,2.553,6.739,2.6396396396396398,DEGREE_LIMIT_4
ST005,ST024,14.481,26.671999999999997,1.8418617498791519,DEGREE_LIMIT_4
ST005,ST025,14.257,26.447999999999997,1.8550887283439712,DEGREE_LIMIT_4
ST005,ST026,12.216,18.997999999999998,1.5551735428945643,DEGREE_LIMIT_4
ST005,ST027,11.838999999999999,25.558,2.1587971957090972,DEGREE_LIMIT_4
ST005,ST028,12.879999999999999,21.512,1.670186335403727,DEGREE_LIMIT_4
ST005,ST029,9.242,13.497,1.4603981822116423,DEGREE_LIMIT_4
ST005,ST030,6.947,10.783999999999999,1.552324744494026,DEGREE_LIMIT_4
ST005,ST031,4.886,9.303,1.9040114613180517,DEGREE_LIMIT_4
ST005,ST032,6.2940000000000005,12.656999999999998,2.010962821734985,DEGREE_LIMIT_4
ST005,ST033,7.767,14.737999999999998,1.8975151281060896,DEGREE_LIMIT_4
ST005,ST034,6.876,24.882999999999996,3.618819080860965,DEGREE_LIMIT_4
ST005,ST035,6.523,23.678999999999995,3.630078184884255,DEGREE_LIMIT_4
ST005,ST036,7.141,23.386,3.2748914717826634,DEGREE_LIMIT_4
ST005,ST037,7.617,23.898999999999997,3.137586976499934,DEGREE_LIMIT_4
ST005,ST038,10.229,17.72,1.732329650992277,DEGREE_LIMIT_4
ST005,ST039,10.327,23.25,2.2513798779897356,DEGREE_LIMIT_4
ST005,ST040,6.55,10.324,1.5761832061068703,DEGREE_LIMIT_4
ST005,ST041,9.945,19.508,1.9615887380593262,DEGREE_LIMIT_4
ST005,ST042,8.542,16.151,1.89077499414657,DEGREE_LIMIT_4
ST005,ST043,5.481999999999999,17.671999999999997,3.2236410069317767,DEGREE_LIMIT_4
ST005,ST044,6.181,16.336,2.642938035916518,DEGREE_LIMIT_4
ST005,ST045,4.8629999999999995,18.342999999999996,3.771951470285831,DEGREE_LIMIT_4
ST005,ST046,0.508,2.5949999999999998,5.108267716535432,DEGREE_LIMIT_4
ST005,ST047,2.676,11.852999999999998,4.429372197309416,DEGREE_LIMIT_4
ST005,ST048,4.175,18.345999999999997,4.394251497005987,DEGREE_LIMIT_4
ST005,ST049,8.764,17.156,1.957553628480146,DEGREE_LIMIT_4
ST005,ST050,2.03,15.147999999999998,7.462068965517241,DEGREE_LIMIT_4
ST005,ST051,10.541,15.741,1.493311829997154,DEGREE_LIMIT_4
ST005,ST052,7.5760000000000005,24.476,3.230728616684266,DEGREE_LIMIT_4
ST005,ST053,5.885,15.768999999999998,2.6795242141036533,DEGREE_LIMIT_4
ST005,ST054,1.508,1.508,1.0,DEGREE_LIMIT_4
ST005,ST055,8.206999999999999,17.528,2.1357377848178385,DEGREE_LIMIT_4
ST006,ST007,0.616,26.876,43.629870129870135,DEGREE_LIMIT_4
ST006,ST008,1.951,1.951,1.0,DEGREE_LIMIT_4
ST006,ST009,2.599,14.014999999999999,5.3924586379376676,DEGREE_LIMIT_4
ST006,ST010,8.397,14.097000000000001,1.678813862093605,DEGREE_LIMIT_4
ST006,ST011,9.333,28.104,3.0112504018000643,DEGREE_LIMIT_4
ST006,ST012,8.139,16.458000000000002,2.02211573903428,DEGREE_LIMIT_4
ST006,ST013,8.849,17.255000000000003,1.9499378460843035,DEGREE_LIMIT_4
ST006,ST014,9.518999999999998,18.059,1.89715306229646,DEGREE_LIMIT_4
ST006,ST015,6.311,16.523000000000003,2.618127079702108,DEGREE_LIMIT_4
ST006,ST016,4.19,13.416000000000002,3.201909307875895,DEGREE_LIMIT_4
ST006,ST017,1.97,8.84,4.4873096446700504,DEGREE_LIMIT_4
ST006,ST018,8.359,33.029,3.9513099653068555,DEGREE_LIMIT_4
ST006,ST019,8.03,35.646,4.439103362391034,DEGREE_LIMIT_4
ST006,ST020,9.694,33.667,3.472972972972973,DEGREE_LIMIT_4
ST006,ST021,13.761999999999999,29.566,2.1483795959889553,DEGREE_LIMIT_4
ST006,ST022,13.718,29.502000000000002,2.150605044467124,DEGREE_LIMIT_4
ST006,ST023,8.08,20.69,2.5606435643564356,DEGREE_LIMIT_4
ST006,ST024,6.687,16.645000000000003,2.489158067892927,DEGREE_LIMIT_4
ST006,ST025,6.309,16.421000000000003,2.602789665557141,DEGREE_LIMIT_4
ST006,ST026,8.185,15.317000000000002,1.8713500305436777,DEGREE_LIMIT_4
ST006,ST027,8.014,21.877000000000002,2.7298477664087852,DEGREE_LIMIT_4
ST006,ST028,7.615,17.831000000000003,2.341562705187131,DEGREE_LIMIT_4
ST006,ST029,3.2479999999999998,3.47,1.0683497536945814,DEGREE_LIMIT_4
ST006,ST030,2.299,18.597,8.08916920400174,DEGREE_LIMIT_4
ST006,ST031,4.468999999999999,17.116,3.8299395837995083,DEGREE_LIMIT_4
ST006,ST032,11.421,26.608,2.3297434550389635,DEGREE_LIMIT_4
ST006,ST033,11.281,28.689,2.543125609431788,DEGREE_LIMIT_4
ST006,ST034,5.936,38.834,6.5421159029649605,DEGREE_LIMIT_4
ST006,ST035,5.582999999999999,37.63,6.740103886799213,DEGREE_LIMIT_4
ST006,ST036,6.226999999999999,6.4190000000000005,1.030833467159146,DEGREE_LIMIT_4
ST006,ST037,6.702999999999999,37.85,5.646725346859616,DEGREE_LIMIT_4
ST006,ST038,2.199,7.693,3.4984083674397453,DEGREE_LIMIT_4
ST006,ST039,2.245,13.222999999999999,5.889977728285078,DEGREE_LIMIT_4
ST006,ST040,3.134,6.643000000000001,2.1196553924696877,DEGREE_LIMIT_4
ST006,ST041,3.951,9.481000000000002,2.399645659326753,DEGREE_LIMIT_4
ST006,ST042,0.594,6.1240000000000006,10.309764309764311,DEGREE_LIMIT_4
ST006,ST043,8.959,31.623,3.529746623507088,DEGREE_LIMIT_4
ST006,ST044,9.693,30.287,3.1246260187764365,DEGREE_LIMIT_4
ST006,ST045,8.46,32.294000000000004,3.81725768321513,DEGREE_LIMIT_4
ST006,ST046,8.05,16.546,2.0554037267080743,DEGREE_LIMIT_4
ST006,ST047,10.742999999999999,25.804,2.401936144466164,DEGREE_LIMIT_4
ST006,ST048,8.3,32.297,3.8912048192771076,DEGREE_LIMIT_4
ST006,ST049,15.919999999999998,31.107,1.953957286432161,DEGREE_LIMIT_4
ST006,ST050,10.014,29.099,2.905831835430398,DEGREE_LIMIT_4
ST006,ST051,2.665,12.06,4.525328330206379,DEGREE_LIMIT_4
ST006,ST052,1.779,14.449000000000002,8.121978639685217,DEGREE_LIMIT_4
ST006,ST053,14.136,29.72,2.1024335031126204,DEGREE_LIMIT_4
ST006,ST054,6.963,15.459,2.220163722533391,DEGREE_LIMIT_4
ST006,ST055,15.695,31.479000000000003,2.0056705957311247,DEGREE_LIMIT_4
ST007,ST008,2.567,28.826999999999998,11.229840280483053,DEGREE_LIMIT_4
ST007,ST009,3.2150000000000003,33.951,10.560186625194401,DEGREE_LIMIT_4
ST007,ST010,9.013,27.687,3.0718961500055477,DEGREE_LIMIT_4
ST007,ST011,8.717,17.026,1.9531949065045313,DEGREE_LIMIT_4
ST007,ST012,8.754999999999999,30.048000000000002,3.432095945174187,DEGREE_LIMIT_4
ST007,ST013,9.465,30.845,3.2588483888008453,DEGREE_LIMIT_4
ST007,ST014,10.134999999999998,31.649,3.122742969906266,DEGREE_LIMIT_4
ST007,ST015,6.924,36.458999999999996,5.265597920277296,DEGREE_LIMIT_4
ST007,ST016,4.806,33.352,6.9396587598834785,DEGREE_LIMIT_4
ST007,ST017,1.354,28.776,21.25258493353028,DEGREE_LIMIT_4
ST007,ST018,7.798,21.951,2.814952551936394,DEGREE_LIMIT_4
ST007,ST019,8.073,24.568,3.0432305214913913,DEGREE_LIMIT_4
ST007,ST020,9.545000000000002,22.589000000000002,2.3665793609219485,DEGREE_LIMIT_4
ST007,ST021,13.145999999999999,18.488,1.4063593488513617,DEGREE_LIMIT_4
ST007,ST022,13.102,18.424,1.4061975270951,DEGREE_LIMIT_4
ST007,ST023,7.584,9.612,1.2674050632911393,DEGREE_LIMIT_4
ST007,ST024,7.300000000000001,36.580999999999996,5.0110958904109575,DEGREE_LIMIT_4
ST007,ST025,6.925,36.357,5.250108303249098,DEGREE_LIMIT_4
ST007,ST026,8.801,28.907,3.284513123508692,DEGREE_LIMIT_4
ST007,ST027,8.629999999999999,35.467,4.10973348783314,DEGREE_LIMIT_4
ST007,ST028,8.231,31.421,3.817397643056737,DEGREE_LIMIT_4
ST007,ST029,3.864,23.406,6.057453416149068,DEGREE_LIMIT_4
ST007,ST030,1.683,20.693,12.295306001188354,DEGREE_LIMIT_4
ST007,ST031,3.8529999999999998,19.212,4.986244484817026,DEGREE_LIMIT_4
ST007,ST032,11.463999999999999,15.53,1.354675505931612,DEGREE_LIMIT_4
ST007,ST033,11.185,17.611,1.5745194456861868,DEGREE_LIMIT_4
ST007,ST034,5.32,27.756,5.217293233082707,DEGREE_LIMIT_4
ST007,ST035,4.967,26.552,5.345681497886048,DEGREE_LIMIT_4
ST007,ST036,5.611,33.295,5.933879878809482,DEGREE_LIMIT_4
ST007,ST037,6.087,26.772000000000002,4.398225726959094,DEGREE_LIMIT_4
ST007,ST038,2.815,27.628999999999998,9.814920071047958,DEGREE_LIMIT_4
ST007,ST039,2.861,33.159,11.590003495281369,DEGREE_LIMIT_4
ST007,ST040,3.004,20.233,6.735352862849534,DEGREE_LIMIT_4
ST007,ST041,4.567,29.416999999999998,6.441208670899933,DEGREE_LIMIT_4
ST007,ST042,1.21,26.06,21.537190082644628,DEGREE_LIMIT_4
ST007,ST043,8.886,20.545,2.312063920774252,DEGREE_LIMIT_4
ST007,ST044,9.587,19.209,2.0036507770939815,DEGREE_LIMIT_4
ST007,ST045,8.393,21.216,2.5278208030501608,DEGREE_LIMIT_4
ST007,ST046,8.093,12.504,1.5450389225256393,DEGREE_LIMIT_4
ST007,ST047,10.358,14.725999999999999,1.4217030314732573,DEGREE_LIMIT_4
ST007,ST048,8.222,21.219,2.5807589394307957,DEGREE_LIMIT_4
ST007,ST049,15.534,20.029,1.2893652632934207,DEGREE_LIMIT_4
ST007,ST050,9.712,18.021,1.855539538714992,DEGREE_LIMIT_4
ST007,ST051,3.281,25.65,7.817738494361475,DEGREE_LIMIT_4
ST007,ST052,1.163,34.385,29.56577815993121,DEGREE_LIMIT_4
ST007,ST053,13.52,18.642,1.3788461538461538,DEGREE_LIMIT_4
ST007,ST054,7.006,11.417,1.6296031972594918,DEGREE_LIMIT_4
ST007,ST055,15.079,20.401,1.352941176470588,DEGREE_LIMIT_4
ST008,ST009,1.712,15.966,9.325934579439252,DEGREE_LIMIT_4
ST008,ST010,9.519,16.048000000000002,1.6858913751444482,DEGREE_LIMIT_4
ST008,ST011,9.982,30.055,3.0109196553796838,DEGREE_LIMIT_4
ST008,ST012,9.058,18.409000000000002,2.0323470964892913,DEGREE_LIMIT_4
ST008,ST013,9.875,19.206,1.9449113924050632,DEGREE_LIMIT_4
ST008,ST014,10.437999999999999,20.01,1.9170339145430162,DEGREE_LIMIT_4
ST008,ST015,6.807,18.474,2.7139709122961655,DEGREE_LIMIT_4
ST008,ST016,5.244,15.366999999999999,2.9303966437833715,DEGREE_LIMIT_4
ST008,ST017,2.645,10.791,4.079773156899811,DEGREE_LIMIT_4
ST008,ST018,8.593,34.98,4.070755265914116,DEGREE_LIMIT_4
ST008,ST019,9.07,37.596999999999994,4.145203969128996,DEGREE_LIMIT_4
ST008,ST020,10.251000000000001,35.617999999999995,3.474587845088283,DEGREE_LIMIT_4
ST008,ST021,14.038,31.517,2.2451203875195898,DEGREE_LIMIT_4
ST008,ST022,13.994,31.453000000000003,2.2476061169072463,DEGREE_LIMIT_4
ST008,ST023,8.475999999999999,22.641000000000002,2.671189240207646,DEGREE_LIMIT_4
ST008,ST024,7.183000000000001,18.596,2.588890435751079,DEGREE_LIMIT_4
ST008,ST025,7.469,18.372,2.4597670370866247,DEGREE_LIMIT_4
ST008,ST026,9.104,17.268,1.896748681898067,DEGREE_LIMIT_4
ST008,ST027,8.933,23.828000000000003,2.667412963170268,DEGREE_LIMIT_4
ST008,ST028,8.534,19.782000000000004,2.3180220295289433,DEGREE_LIMIT_4
ST008,ST029,4.389,5.421,1.2351332877648666,DEGREE_LIMIT_4
ST008,ST030,2.575,20.548000000000002,7.979805825242718,DEGREE_LIMIT_4
ST008,ST031,4.745,19.067,4.018335089567966,DEGREE_LIMIT_4
ST008,ST032,12.461,28.559,2.291870636385523,DEGREE_LIMIT_4
ST008,ST033,10.699,30.64,2.8638190485092068,DEGREE_LIMIT_4
ST008,ST034,5.212,40.785,7.8252110514198,DEGREE_LIMIT_4
ST008,ST035,4.859,39.580999999999996,8.14591479728339,DEGREE_LIMIT_4
ST008,ST036,4.468,4.468,1.0,DEGREE_LIMIT_4
ST008,ST037,4.944,39.800999999999995,8.050364077669903,DEGREE_LIMIT_4
ST008,ST038,1.312,9.644,7.350609756097561,DEGREE_LIMIT_4
ST008,ST039,1.41,15.174,10.761702127659575,DEGREE_LIMIT_4
ST008,ST040,4.106,8.594000000000001,2.093034583536289,DEGREE_LIMIT_4
ST008,ST041,5.243,11.431999999999999,2.1804310509250424,DEGREE_LIMIT_4
ST008,ST042,2.105,8.075,3.8361045130641327,DEGREE_LIMIT_4
ST008,ST043,9.778,33.574,3.433626508488443,DEGREE_LIMIT_4
ST008,ST044,9.845,32.238,3.2745556119857793,DEGREE_LIMIT_4
ST008,ST045,9.285,34.245,3.688206785137318,DEGREE_LIMIT_4
ST008,ST046,9.100999999999999,18.497,2.0324140204373147,DEGREE_LIMIT_4
ST008,ST047,11.359000000000002,27.755,2.4434369222642833,DEGREE_LIMIT_4
ST008,ST048,9.114,34.248,3.7577353522053976,DEGREE_LIMIT_4
ST008,ST049,16.426,33.058,2.0125410933885304,DEGREE_LIMIT_4
ST008,ST050,10.825000000000001,31.05,2.8683602771362584,DEGREE_LIMIT_4
ST008,ST051,3.584,14.011000000000001,3.9093191964285716,DEGREE_LIMIT_4
ST008,ST052,2.055,16.4,7.980535279805351,DEGREE_LIMIT_4
ST008,ST053,14.412,31.671,2.1975437135720233,DEGREE_LIMIT_4
ST008,ST054,8.014,17.41,2.1724482156226603,DEGREE_LIMIT_4
ST008,ST055,15.971,33.43,2.093168868574291,DEGREE_LIMIT_4
ST009,ST010,9.691,21.172,2.184707460530389,DEGREE_LIMIT_4
ST009,ST011,10.815,35.179,3.252797041146556,DEGREE_LIMIT_4
ST009,ST012,9.23,23.533,2.549620801733478,DEGREE_LIMIT_4
ST009,ST013,9.533,24.33,2.552187139410469,DEGREE_LIMIT_4
ST009,ST014,10.61,25.134,2.3688972667295007,DEGREE_LIMIT_4
ST009,ST015,5.902,18.290000000000003,3.098949508641139,DEGREE_LIMIT_4
ST009,ST016,4.339,15.183000000000002,3.4991933625259275,DEGREE_LIMIT_4
ST009,ST017,3.477,5.175,1.4883520276100086,DEGREE_LIMIT_4
ST009,ST018,9.523,40.104,4.211277958626483,DEGREE_LIMIT_4
ST009,ST019,10.0,42.721,4.2721,DEGREE_LIMIT_4
ST009,ST020,10.26,40.742,3.9709551656920077,DEGREE_LIMIT_4
ST009,ST021,14.870999999999999,36.641,2.463923071750387,DEGREE_LIMIT_4
ST009,ST022,14.827,36.577,2.466918459567006,DEGREE_LIMIT_4
ST009,ST023,9.309,27.765,2.9825974863035776,DEGREE_LIMIT_4
ST009,ST024,6.2780000000000005,18.412000000000003,2.932781140490602,DEGREE_LIMIT_4
ST009,ST025,6.963,18.188000000000002,2.6120924888697403,DEGREE_LIMIT_4
ST009,ST026,9.276,22.392,2.4139715394566625,DEGREE_LIMIT_4
ST009,ST027,9.105,28.951999999999998,3.1797913234486543,DEGREE_LIMIT_4
ST009,ST028,7.906,24.906,3.1502656210473057,DEGREE_LIMIT_4
ST009,ST029,4.562,10.545,2.3114861902674266,DEGREE_LIMIT_4
ST009,ST030,3.408,25.672,7.532863849765259,DEGREE_LIMIT_4
ST009,ST031,5.577999999999999,24.191,4.3368590892793115,DEGREE_LIMIT_4
ST009,ST032,12.789,33.683,2.633747751974353,DEGREE_LIMIT_4
ST009,ST033,10.708,35.764,3.3399327605528577,DEGREE_LIMIT_4
ST009,ST034,5.311,45.909,8.64413481453587,DEGREE_LIMIT_4
ST009,ST035,5.085,44.705,8.791543756145526,DEGREE_LIMIT_4
ST009,ST036,4.477,20.434,4.564217109671655,DEGREE_LIMIT_4
ST009,ST037,4.953,44.925,9.070260448213203,DEGREE_LIMIT_4
ST009,ST038,0.744,14.768,19.8494623655914,DEGREE_LIMIT_4
ST009,ST039,0.792,0.792,1.0,DEGREE_LIMIT_4
ST009,ST040,4.939,13.718,2.777485320915165,DEGREE_LIMIT_4
ST009,ST041,4.947,11.248000000000001,2.273701233070548,DEGREE_LIMIT_4
ST009,ST042,2.781,7.891,2.8374685364976626,DEGREE_LIMIT_4
ST009,ST043,9.831,38.698,3.9363238734614994,DEGREE_LIMIT_4
ST009,ST044,9.854,37.362,3.7915567282321905,DEGREE_LIMIT_4
ST009,ST045,9.928,39.369,3.9654512489927476,DEGREE_LIMIT_4
ST009,ST046,9.934,23.621,2.377793436682102,DEGREE_LIMIT_4
ST009,ST047,12.192,32.879,2.6967683727034117,DEGREE_LIMIT_4
ST009,ST048,9.947,39.372,3.958178345229718,DEGREE_LIMIT_4
ST009,ST049,17.181,38.182,2.2223386298818464,DEGREE_LIMIT_4
ST009,ST050,11.658,36.174,3.1029336078229544,DEGREE_LIMIT_4
ST009,ST051,3.757,19.134999999999998,5.093159435719989,DEGREE_LIMIT_4
ST009,ST052,2.888,16.216,5.614958448753463,DEGREE_LIMIT_4
ST009,ST053,15.245,36.794999999999995,2.413578222367989,DEGREE_LIMIT_4
ST009,ST054,8.847,22.534,2.5470781055725107,DEGREE_LIMIT_4
ST009,ST055,16.804,38.553999999999995,2.294334682218519,DEGREE_LIMIT_4
ST010,ST011,13.551,28.915,2.133790864142868,DEGREE_LIMIT_4
ST010,ST012,2.361,2.361,1.0,DEGREE_LIMIT_4
ST010,ST013,2.646,3.158,1.1934996220710508,DEGREE_LIMIT_4
ST010,ST014,1.525,3.9619999999999997,2.5980327868852457,DEGREE_LIMIT_4
ST010,ST015,11.921,23.679999999999996,1.9864105360288564,DEGREE_LIMIT_4
ST010,ST016,9.129999999999999,20.572999999999997,2.253340635268346,DEGREE_LIMIT_4
ST010,ST017,9.126000000000001,15.997,1.7529037913653296,DEGREE_LIMIT_4
ST010,ST018,13.603,33.839999999999996,2.487686539733882,DEGREE_LIMIT_4
ST010,ST019,14.08,36.456999999999994,2.589275568181818,DEGREE_LIMIT_4
ST010,ST020,15.286,34.477999999999994,2.255527934057307,DEGREE_LIMIT_4
ST010,ST021,18.194,30.377,1.6696163570407827,DEGREE_LIMIT_4
ST010,ST022,18.907,30.313000000000002,1.603268630665891,DEGREE_LIMIT_4
ST010,ST023,13.389,21.501,1.6058704907013222,DEGREE_LIMIT_4
ST010,ST024,11.545,23.801999999999996,2.0616717193590297,DEGREE_LIMIT_4
ST010,ST025,10.313,23.577999999999996,2.2862406671191695,DEGREE_LIMIT_4
ST010,ST026,1.22,1.22,1.0,DEGREE_LIMIT_4
ST010,ST027,1.085,7.78,7.170506912442397,DEGREE_LIMIT_4
ST010,ST028,3.734,3.734,1.0,DEGREE_LIMIT_4
ST010,ST029,6.442,10.626999999999999,1.649642968022353,DEGREE_LIMIT_4
ST010,ST030,9.083,19.408,2.136738962897721,DEGREE_LIMIT_4
ST010,ST031,9.658,17.927,1.856181404017395,DEGREE_LIMIT_4
ST010,ST032,17.471,27.419,1.5694007211951233,DEGREE_LIMIT_4
ST010,ST033,16.826,29.5,1.7532390348270532,DEGREE_LIMIT_4
ST010,ST034,13.684999999999999,39.644999999999996,2.896967482645232,DEGREE_LIMIT_4
ST010,ST035,13.248999999999999,38.440999999999995,2.9014265227564344,DEGREE_LIMIT_4
ST010,ST036,13.867,20.516,1.4794836662580224,DEGREE_LIMIT_4
ST010,ST037,14.338999999999999,38.660999999999994,2.6962131250435872,DEGREE_LIMIT_4
ST010,ST038,9.372,14.849999999999998,1.584507042253521,DEGREE_LIMIT_4
ST010,ST039,9.47,20.38,2.1520591341077084,DEGREE_LIMIT_4
ST010,ST040,7.454,7.454,1.0,DEGREE_LIMIT_4
ST010,ST041,9.27,16.637999999999998,1.7948220064724918,DEGREE_LIMIT_4
ST010,ST042,7.803,13.280999999999999,1.7020376778162243,DEGREE_LIMIT_4
ST010,ST043,14.494,32.434,2.237753553194425,DEGREE_LIMIT_4
ST010,ST044,15.228,31.098,2.0421591804570527,DEGREE_LIMIT_4
ST010,ST045,14.021999999999998,33.105,2.3609328198545145,DEGREE_LIMIT_4
ST010,ST046,12.503,17.357,1.388226825561865,DEGREE_LIMIT_4
ST010,ST047,14.928,26.615,1.782891211146838,DEGREE_LIMIT_4
ST010,ST048,13.835,33.108,2.393061076978677,DEGREE_LIMIT_4
ST010,ST049,20.165,31.918,1.5828415571534837,DEGREE_LIMIT_4
ST010,ST050,14.394,29.91,2.077949145477282,DEGREE_LIMIT_4
ST010,ST051,7.611,12.870999999999999,1.691104979634739,DEGREE_LIMIT_4
ST010,ST052,9.414,21.605999999999998,2.2950924155513066,DEGREE_LIMIT_4
ST010,ST053,18.401,30.531,1.6592033041682517,DEGREE_LIMIT_4
ST010,ST054,11.416,16.27,1.4251927119831813,DEGREE_LIMIT_4
ST010,ST055,19.71,32.29,1.6382546930492135,DEGREE_LIMIT_4
ST011,ST012,11.19,31.276,2.7949955317247546,DEGREE_LIMIT_4
ST011,ST013,11.312999999999999,32.073,2.8350570140546276,DEGREE_LIMIT_4
ST011,ST014,12.57,32.876999999999995,2.6155131264916465,DEGREE_LIMIT_4
ST011,ST015,15.14,37.687,2.489233817701453,DEGREE_LIMIT_4
ST011,ST016,12.455000000000002,34.58,2.7763950220794857,DEGREE_LIMIT_4
ST011,ST017,7.363,30.004,4.074969441803613,DEGREE_LIMIT_4
ST011,ST018,3.576,13.809,3.8615771812080535,DEGREE_LIMIT_4
ST011,ST019,3.322,16.426,4.9446116797110164,DEGREE_LIMIT_4
ST011,ST020,4.958,14.446999999999997,2.9138765631302936,DEGREE_LIMIT_4
ST011,ST021,4.795,10.346,2.1576642335766425,DEGREE_LIMIT_4
ST011,ST022,5.569,10.282,1.8462919734243133,DEGREE_LIMIT_4
ST011,ST023,1.921,10.84,5.642894325871941,DEGREE_LIMIT_4
ST011,ST024,15.33,37.809,2.466340508806262,DEGREE_LIMIT_4
ST011,ST025,14.909,37.585,2.520960493661547,DEGREE_LIMIT_4
ST011,ST026,12.987,30.134999999999998,2.32039732039732,DEGREE_LIMIT_4
ST011,ST027,12.61,36.695,2.9099920697858845,DEGREE_LIMIT_4
ST011,ST028,13.654,32.649,2.3911674234656513,DEGREE_LIMIT_4
ST011,ST029,9.925,24.634,2.482015113350126,DEGREE_LIMIT_4
ST011,ST030,7.9270000000000005,21.921,2.7653588999621546,DEGREE_LIMIT_4
ST011,ST031,5.237,20.439999999999998,3.9029978995608166,DEGREE_LIMIT_4
ST011,ST032,5.259,7.388,1.4048298155542878,DEGREE_LIMIT_4
ST011,ST033,6.732,9.469,1.4065656565656564,DEGREE_LIMIT_4
ST011,ST034,7.227,19.613999999999997,2.7139892071398917,DEGREE_LIMIT_4
ST011,ST035,6.874,18.409999999999997,2.678207739307535,DEGREE_LIMIT_4
ST011,ST036,7.492,34.522999999999996,4.60798184730379,DEGREE_LIMIT_4
ST011,ST037,7.968,18.63,2.3381024096385543,DEGREE_LIMIT_4
ST011,ST038,11.081,28.857,2.6041873477123003,DEGREE_LIMIT_4
ST011,ST039,10.780999999999999,34.387,3.1895928021519344,DEGREE_LIMIT_4
ST011,ST040,7.585,21.461,2.829400131839156,DEGREE_LIMIT_4
ST011,ST041,10.98,30.645,2.790983606557377,DEGREE_LIMIT_4
ST011,ST042,9.512,27.288,2.868797308662742,DEGREE_LIMIT_4
ST011,ST043,4.475,12.402999999999999,2.7716201117318433,DEGREE_LIMIT_4
ST011,ST044,5.146,11.067,2.1506024096385543,DEGREE_LIMIT_4
ST011,ST045,3.828,13.073999999999998,3.4153605015673976,DEGREE_LIMIT_4
ST011,ST046,1.543,13.732,8.89954633830201,DEGREE_LIMIT_4
ST011,ST047,1.641,6.584,4.012187690432663,DEGREE_LIMIT_4
ST011,ST048,3.624,13.077,3.6084437086092715,DEGREE_LIMIT_4
ST011,ST049,7.729,11.887,1.5379738646655454,DEGREE_LIMIT_4
ST011,ST050,0.995,0.995,1.0,DEGREE_LIMIT_4
ST011,ST051,10.728,26.878,2.505406413124534,DEGREE_LIMIT_4
ST011,ST052,7.927,35.613,4.492620158950423,DEGREE_LIMIT_4
ST011,ST053,4.85,10.5,2.1649484536082477,DEGREE_LIMIT_4
ST011,ST054,2.543,12.645,4.972473456547385,DEGREE_LIMIT_4
ST011,ST055,7.172,12.259,1.7092861126603458,DEGREE_LIMIT_4
ST012,ST013,0.817,5.519,6.755201958384333,DEGREE_LIMIT_4
ST012,ST014,1.38,6.323,4.581884057971015,DEGREE_LIMIT_4
ST012,ST015,13.075999999999999,26.040999999999997,1.9915111654940347,DEGREE_LIMIT_4
ST012,ST016,10.015,22.933999999999997,2.2899650524213677,DEGREE_LIMIT_4
ST012,ST017,9.461,18.358,1.9403868512842195,DEGREE_LIMIT_4
ST012,ST018,13.318,36.201,2.7182009310707316,DEGREE_LIMIT_4
ST012,ST019,12.876,38.818,3.014756135445791,DEGREE_LIMIT_4
ST012,ST020,14.612999999999998,36.839,2.520974474782728,DEGREE_LIMIT_4
ST012,ST021,15.832999999999998,32.738,2.0677066885618647,DEGREE_LIMIT_4
ST012,ST022,16.607,32.674,1.967483591256699,DEGREE_LIMIT_4
ST012,ST023,11.663,23.862000000000002,2.0459573008659864,DEGREE_LIMIT_4
ST012,ST024,12.7,26.162999999999997,2.06007874015748,DEGREE_LIMIT_4
ST012,ST025,11.469,25.938999999999997,2.2616618711308742,DEGREE_LIMIT_4
ST012,ST026,1.797,3.5810000000000004,1.9927657206455207,DEGREE_LIMIT_4
ST012,ST027,1.42,10.141000000000002,7.14154929577465,DEGREE_LIMIT_4
ST012,ST028,4.89,6.095000000000001,1.2464212678936608,DEGREE_LIMIT_4
ST012,ST029,5.571,12.988,2.3313588224735238,DEGREE_LIMIT_4
ST012,ST030,10.025,21.769000000000002,2.1714713216957606,DEGREE_LIMIT_4
ST012,ST031,10.814,20.288,1.8760865544664325,DEGREE_LIMIT_4
ST012,ST032,15.607,29.78,1.9081181521112323,DEGREE_LIMIT_4
ST012,ST033,16.220999999999997,31.861,1.9641822329079592,DEGREE_LIMIT_4
ST012,ST034,14.075,42.006,2.9844404973357017,DEGREE_LIMIT_4
ST012,ST035,13.671,40.802,2.984565869358496,DEGREE_LIMIT_4
ST012,ST036,13.526,22.877,1.691335206269407,DEGREE_LIMIT_4
ST012,ST037,14.001999999999999,41.022,2.929724325096415,DEGREE_LIMIT_4
ST012,ST038,9.794,17.211,1.7573003879926483,DEGREE_LIMIT_4
ST012,ST039,9.892,22.741,2.298928427011727,DEGREE_LIMIT_4
ST012,ST040,8.61,9.815,1.1399535423925669,DEGREE_LIMIT_4
ST012,ST041,8.709,18.999,2.1815363417154665,DEGREE_LIMIT_4
ST012,ST042,8.225,15.642,1.9017629179331308,DEGREE_LIMIT_4
ST012,ST043,13.895,34.795,2.504138179201152,DEGREE_LIMIT_4
ST012,ST044,14.622999999999998,33.459,2.2881077754222807,DEGREE_LIMIT_4
ST012,ST045,13.239999999999998,35.466,2.678700906344411,DEGREE_LIMIT_4
ST012,ST046,10.51,19.718,1.876117982873454,DEGREE_LIMIT_4
ST012,ST047,12.567,28.976,2.3057213336516273,DEGREE_LIMIT_4
ST012,ST048,13.235999999999999,35.469,2.6797370806890304,DEGREE_LIMIT_4
ST012,ST049,17.804,34.279,1.925353853066727,DEGREE_LIMIT_4
ST012,ST050,12.033,32.271,2.6818748441785094,DEGREE_LIMIT_4
ST012,ST051,7.279,15.232,2.0925951366946007,DEGREE_LIMIT_4
ST012,ST052,9.835999999999999,23.967,2.4366612444082962,DEGREE_LIMIT_4
ST012,ST053,16.04,32.891999999999996,2.0506234413965085,DEGREE_LIMIT_4
ST012,ST054,9.423,18.631,1.9771834872121405,DEGREE_LIMIT_4
ST012,ST055,17.349,34.650999999999996,1.9972909101389127,DEGREE_LIMIT_4
ST013,ST014,1.514,4.68,3.09114927344782,DEGREE_LIMIT_4
ST013,ST015,13.106,26.837999999999997,2.047764382725469,DEGREE_LIMIT_4
ST013,ST016,10.045,23.730999999999998,2.3624688899950224,DEGREE_LIMIT_4
ST013,ST017,9.602,19.155,1.9948968964799,DEGREE_LIMIT_4
ST013,ST018,13.437999999999999,36.998,2.753237088852508,DEGREE_LIMIT_4
ST013,ST019,13.447,39.614999999999995,2.9460102625120843,DEGREE_LIMIT_4
ST013,ST020,15.116999999999999,37.635999999999996,2.4896474168155054,DEGREE_LIMIT_4
ST013,ST021,15.620999999999999,33.535,2.146789578132002,DEGREE_LIMIT_4
ST013,ST022,16.395,33.471000000000004,2.041537053979872,DEGREE_LIMIT_4
ST013,ST023,11.783,24.659000000000002,2.09276075702283,DEGREE_LIMIT_4
ST013,ST024,12.73,26.959999999999997,2.11783189316575,DEGREE_LIMIT_4
ST013,ST025,11.61,26.735999999999997,2.3028423772609816,DEGREE_LIMIT_4
ST013,ST026,1.938,1.938,1.0,DEGREE_LIMIT_4
ST013,ST027,1.561,10.937999999999999,7.007046764894298,DEGREE_LIMIT_4
ST013,ST028,5.031,6.8919999999999995,1.3699065792089047,DEGREE_LIMIT_4
ST013,ST029,5.601,13.785,2.4611676486341727,DEGREE_LIMIT_4
ST013,ST030,10.166,22.566000000000003,2.21975211489278,DEGREE_LIMIT_4
ST013,ST031,10.955,21.085,1.9246919214970333,DEGREE_LIMIT_4
ST013,ST032,16.034,30.577,1.907010103529999,DEGREE_LIMIT_4
ST013,ST033,17.037999999999997,32.658,1.9167742692804324,DEGREE_LIMIT_4
ST013,ST034,14.137,42.803,3.0277286553016904,DEGREE_LIMIT_4
ST013,ST035,13.701,41.599,3.0362017370994816,DEGREE_LIMIT_4
ST013,ST036,13.61,23.674,1.7394562821454813,DEGREE_LIMIT_4
ST013,ST037,14.085999999999999,41.818999999999996,2.9688343035638223,DEGREE_LIMIT_4
ST013,ST038,9.824,18.008,1.8330618892508144,DEGREE_LIMIT_4
ST013,ST039,9.922,23.538,2.372303970973594,DEGREE_LIMIT_4
ST013,ST040,8.751,10.612,1.2126614101245572,DEGREE_LIMIT_4
ST013,ST041,8.739,19.796,2.26524774001602,DEGREE_LIMIT_4
ST013,ST042,8.254999999999999,16.439,1.9913991520290735,DEGREE_LIMIT_4
ST013,ST043,14.712,35.592,2.4192495921696575,DEGREE_LIMIT_4
ST013,ST044,15.439999999999998,34.256,2.218652849740933,DEGREE_LIMIT_4
ST013,ST045,14.056999999999999,36.263,2.579711175926585,DEGREE_LIMIT_4
ST013,ST046,9.857,20.515,2.0812620472760477,DEGREE_LIMIT_4
ST013,ST047,12.549999999999999,29.773,2.372350597609562,DEGREE_LIMIT_4
ST013,ST048,13.524,36.266,2.681603076013014,DEGREE_LIMIT_4
ST013,ST049,18.162999999999997,35.076,1.9311787700269782,DEGREE_LIMIT_4
ST013,ST050,11.821,33.068,2.797394467473141,DEGREE_LIMIT_4
ST013,ST051,7.309,16.029,2.193049664796826,DEGREE_LIMIT_4
ST013,ST052,9.866,24.764,2.5100344617879586,DEGREE_LIMIT_4
ST013,ST053,15.995,33.689,2.106220693966865,DEGREE_LIMIT_4
ST013,ST054,8.77,19.428,2.215279361459521,DEGREE_LIMIT_4
ST013,ST055,17.555,35.448,2.019253773853603,DEGREE_LIMIT_4
ST014,ST015,13.446,27.642,2.0557786702365015,DEGREE_LIMIT_4
ST014,ST016,10.655000000000001,24.535,2.3026748005631155,DEGREE_LIMIT_4
ST014,ST017,9.946,19.959000000000003,2.006736376432737,DEGREE_LIMIT_4
ST014,ST018,14.697999999999999,37.802,2.5719145461967616,DEGREE_LIMIT_4
ST014,ST019,14.255999999999998,40.419,2.835227272727273,DEGREE_LIMIT_4
ST014,ST020,15.992999999999997,38.44,2.40355155380479,DEGREE_LIMIT_4
ST014,ST021,17.134999999999998,34.339,2.004026845637584,DEGREE_LIMIT_4
ST014,ST022,17.909,34.275,1.9138422022446815,DEGREE_LIMIT_4
ST014,ST023,13.043,25.463,1.9522349152802272,DEGREE_LIMIT_4
ST014,ST024,13.07,27.764,2.1242540168324404,DEGREE_LIMIT_4
ST014,ST025,11.838000000000001,27.54,2.3264064875823616,DEGREE_LIMIT_4
ST014,ST026,2.362,2.742,1.1608806096528366,DEGREE_LIMIT_4
ST014,ST027,1.905,11.742,6.163779527559056,DEGREE_LIMIT_4
ST014,ST028,5.259,7.696,1.4633960829054953,DEGREE_LIMIT_4
ST014,ST029,6.951,14.589,2.0988347000431595,DEGREE_LIMIT_4
ST014,ST030,10.51,23.37,2.2235965746907707,DEGREE_LIMIT_4
ST014,ST031,11.183,21.889,1.957345971563981,DEGREE_LIMIT_4
ST014,ST032,16.987,31.381,1.8473538588332257,DEGREE_LIMIT_4
ST014,ST033,17.600999999999996,33.462,1.9011419805692864,DEGREE_LIMIT_4
ST014,ST034,14.742,43.607,2.958011124677791,DEGREE_LIMIT_4
ST014,ST035,14.389,42.403,2.9469038849120857,DEGREE_LIMIT_4
ST014,ST036,14.905999999999999,24.478,1.6421575204615593,DEGREE_LIMIT_4
ST014,ST037,15.381999999999998,42.623,2.7709660642309193,DEGREE_LIMIT_4
ST014,ST038,10.897,18.812,1.7263467009268607,DEGREE_LIMIT_4
ST014,ST039,10.995000000000001,24.342000000000002,2.2139154160982266,DEGREE_LIMIT_4
ST014,ST040,8.979,11.416,1.2714110702750865,DEGREE_LIMIT_4
ST014,ST041,10.088999999999999,20.6,2.041827733174745,DEGREE_LIMIT_4
ST014,ST042,9.328,17.243000000000002,1.8485205831903948,DEGREE_LIMIT_4
ST014,ST043,15.274999999999999,36.396,2.382716857610475,DEGREE_LIMIT_4
ST014,ST044,16.002999999999997,35.06,2.1908392176466918,DEGREE_LIMIT_4
ST014,ST045,14.619999999999997,37.067,2.5353625170998635,DEGREE_LIMIT_4
ST014,ST046,11.172,21.319,1.908252774794128,DEGREE_LIMIT_4
ST014,ST047,13.947,30.576999999999998,2.192371119237112,DEGREE_LIMIT_4
ST014,ST048,14.615999999999998,37.07,2.536261631089218,DEGREE_LIMIT_4
ST014,ST049,19.183999999999997,35.88,1.870308590492077,DEGREE_LIMIT_4
ST014,ST050,13.334999999999999,33.87199999999999,2.5400824896887886,DEGREE_LIMIT_4
ST014,ST051,8.658999999999999,16.833,1.9439889132694308,DEGREE_LIMIT_4
ST014,ST052,10.584999999999999,25.568,2.4154936230514883,DEGREE_LIMIT_4
ST014,ST053,17.42,34.492999999999995,1.9800803673937997,DEGREE_LIMIT_4
ST014,ST054,10.085,20.232,2.0061477441745166,DEGREE_LIMIT_4
ST014,ST055,18.729,36.251999999999995,1.9356078808265256,DEGREE_LIMIT_4
ST015,ST016,3.107,3.107,1.0,DEGREE_LIMIT_4
ST015,ST017,8.278,13.115000000000002,1.584319884029959,DEGREE_LIMIT_4
ST015,ST018,14.415,42.611999999999995,2.9560874089490112,DEGREE_LIMIT_4
ST015,ST019,14.085999999999999,45.22899999999999,3.2109186426238816,DEGREE_LIMIT_4
ST015,ST020,15.807,43.24999999999999,2.7361295628519007,DEGREE_LIMIT_4
ST015,ST021,19.847,39.149,1.9725399304680806,DEGREE_LIMIT_4
ST015,ST022,19.863,39.084999999999994,1.9677289432613398,DEGREE_LIMIT_4
ST015,ST023,14.344999999999999,30.273,2.1103520390379926,DEGREE_LIMIT_4
ST015,ST024,0.376,6.336,16.851063829787236,DEGREE_LIMIT_4
ST015,ST025,1.9369999999999998,6.112,3.1553949406298405,DEGREE_LIMIT_4
ST015,ST026,11.896999999999998,24.9,2.092964612927629,DEGREE_LIMIT_4
ST015,ST027,12.233,31.46,2.5717321997874603,DEGREE_LIMIT_4
ST015,ST028,8.187,27.414,3.3484792964455847,DEGREE_LIMIT_4
ST015,ST029,7.505,13.053,1.739240506329114,DEGREE_LIMIT_4
ST015,ST030,8.607000000000001,28.18,3.2740792378296733,DEGREE_LIMIT_4
ST015,ST031,10.613999999999999,26.698999999999998,2.515451290748069,DEGREE_LIMIT_4
ST015,ST032,17.497,36.190999999999995,2.0684117277247527,DEGREE_LIMIT_4
ST015,ST033,16.61,38.272,2.304154124021674,DEGREE_LIMIT_4
ST015,ST034,11.213000000000001,48.416999999999994,4.317934540265762,DEGREE_LIMIT_4
ST015,ST035,10.987,47.212999999999994,4.297169381996905,DEGREE_LIMIT_4
ST015,ST036,10.379000000000001,22.942,2.2104248964254745,DEGREE_LIMIT_4
ST015,ST037,10.855,47.43299999999999,4.369691386457853,DEGREE_LIMIT_4
ST015,ST038,6.646,17.276,2.599458320794463,DEGREE_LIMIT_4
ST015,ST039,6.694,17.498,2.6139826710487006,DEGREE_LIMIT_4
ST015,ST040,9.144,16.226,1.7744969378827646,DEGREE_LIMIT_4
ST015,ST041,6.996,7.042,1.0065751858204688,DEGREE_LIMIT_4
ST015,ST042,6.657,10.399000000000001,1.5621150668469281,DEGREE_LIMIT_4
ST015,ST043,15.015,41.205999999999996,2.744322344322344,DEGREE_LIMIT_4
ST015,ST044,15.749,39.87,2.5315893072576032,DEGREE_LIMIT_4
ST015,ST045,14.516000000000002,41.876999999999995,2.884885643427941,DEGREE_LIMIT_4
ST015,ST046,13.684,26.128999999999998,1.9094562993276818,DEGREE_LIMIT_4
ST015,ST047,16.622999999999998,35.387,2.1287974493172115,DEGREE_LIMIT_4
ST015,ST048,14.356000000000002,41.879999999999995,2.917247144051267,DEGREE_LIMIT_4
ST015,ST049,21.99,40.69,1.850386539336062,DEGREE_LIMIT_4
ST015,ST050,16.047,38.681999999999995,2.4105440269209195,DEGREE_LIMIT_4
ST015,ST051,5.797,21.643,3.7334828359496295,DEGREE_LIMIT_4
ST015,ST052,8.087,12.01,1.4850995424755782,DEGREE_LIMIT_4
ST015,ST053,19.971,39.303,1.9680036052275798,DEGREE_LIMIT_4
ST015,ST054,12.597,25.041999999999998,1.9879336349924583,DEGREE_LIMIT_4
ST015,ST055,21.368000000000002,41.06199999999999,1.9216585548483707,DEGREE_LIMIT_4
ST016,ST017,5.417,10.008,1.8475170758722539,DEGREE_LIMIT_4
ST016,ST018,11.308,39.504999999999995,3.4935443933498407,DEGREE_LIMIT_4
ST016,ST019,10.979,42.12199999999999,3.8365971399945344,DEGREE_LIMIT_4
ST016,ST020,12.7,40.142999999999994,3.160866141732283,DEGREE_LIMIT_4
ST016,ST021,16.846,36.042,2.139498990858364,DEGREE_LIMIT_4
ST016,ST022,16.802,35.977999999999994,2.1412927032496127,DEGREE_LIMIT_4
ST016,ST023,11.283999999999999,27.166,2.407479617157037,DEGREE_LIMIT_4
ST016,ST024,3.229,3.229,1.0,DEGREE_LIMIT_4
ST016,ST025,3.005,3.005,1.0,DEGREE_LIMIT_4
ST016,ST026,9.106,21.793,2.393257193059521,DEGREE_LIMIT_4
ST016,ST027,9.442,28.353,3.0028595636517688,DEGREE_LIMIT_4
ST016,ST028,5.396,24.307000000000002,4.504633061527057,DEGREE_LIMIT_4
ST016,ST029,4.444,9.946,2.2380738073807382,DEGREE_LIMIT_4
ST016,ST030,5.746,25.073,4.363557257222415,DEGREE_LIMIT_4
ST016,ST031,7.553,23.592,3.1235270753343043,DEGREE_LIMIT_4
ST016,ST032,14.389999999999999,33.083999999999996,2.2990965948575397,DEGREE_LIMIT_4
ST016,ST033,14.24,35.165,2.469452247191011,DEGREE_LIMIT_4
ST016,ST034,8.781,45.309999999999995,5.160004555289829,DEGREE_LIMIT_4
ST016,ST035,8.555,44.105999999999995,5.155581531268264,DEGREE_LIMIT_4
ST016,ST036,7.947,19.835,2.495910406442683,DEGREE_LIMIT_4
ST016,ST037,8.423,44.32599999999999,5.262495547904546,DEGREE_LIMIT_4
ST016,ST038,4.155,14.169,3.4101083032490975,DEGREE_LIMIT_4
ST016,ST039,4.09,14.390999999999998,3.5185819070904643,DEGREE_LIMIT_4
ST016,ST040,6.083,13.119,2.156666118691435,DEGREE_LIMIT_4
ST016,ST041,3.935,3.935,1.0,DEGREE_LIMIT_4
ST016,ST042,3.596,7.292,2.0278086763070076,DEGREE_LIMIT_4
ST016,ST043,11.908,38.099,3.1994457507557943,DEGREE_LIMIT_4
ST016,ST044,12.642,36.763,2.9080050624901124,DEGREE_LIMIT_4
ST016,ST045,11.409,38.769999999999996,3.3981944079235684,DEGREE_LIMIT_4
ST016,ST046,10.999,23.022,2.0930993726702427,DEGREE_LIMIT_4
ST016,ST047,13.998999999999999,32.28,2.3058789913565256,DEGREE_LIMIT_4
ST016,ST048,11.249,38.772999999999996,3.4467952706907274,DEGREE_LIMIT_4
ST016,ST049,18.889,37.583,1.9896765313145217,DEGREE_LIMIT_4
ST016,ST050,13.306,35.574999999999996,2.6736058920787613,DEGREE_LIMIT_4
ST016,ST051,2.736,18.536,6.7748538011695905,DEGREE_LIMIT_4
ST016,ST052,5.226,8.903,1.7035973976272485,DEGREE_LIMIT_4
ST016,ST053,17.22,36.196,2.1019744483159117,DEGREE_LIMIT_4
ST016,ST054,9.912,21.935,2.2129741727199352,DEGREE_LIMIT_4
ST016,ST055,18.697000000000003,37.95499999999999,2.0300048136064603,DEGREE_LIMIT_4
ST017,ST018,7.048,34.928999999999995,4.955874006810442,DEGREE_LIMIT_4
ST017,ST019,6.719,37.54599999999999,5.588033933621073,DEGREE_LIMIT_4
ST017,ST020,8.191,35.56699999999999,4.3422048589915745,DEGREE_LIMIT_4
ST017,ST021,12.158000000000001,31.465999999999998,2.5880901464056585,DEGREE_LIMIT_4
ST017,ST022,12.542000000000002,31.402,2.503747408706745,DEGREE_LIMIT_4
ST017,ST023,6.77,22.59,3.3367799113737076,DEGREE_LIMIT_4
ST017,ST024,7.967,13.237000000000002,1.6614785992217902,DEGREE_LIMIT_4
ST017,ST025,7.984,13.013000000000002,1.6298847695390783,DEGREE_LIMIT_4
ST017,ST026,8.212,17.217,2.096566000974184,DEGREE_LIMIT_4
ST017,ST027,8.041,23.777,2.9569705260539734,DEGREE_LIMIT_4
ST017,ST028,7.665,19.731,2.574168297455969,DEGREE_LIMIT_4
ST017,ST029,4.322,5.37,1.2424803331790837,DEGREE_LIMIT_4
ST017,ST030,0.564,20.497,36.34219858156029,DEGREE_LIMIT_4
ST017,ST031,3.293,19.016,5.774673549954448,DEGREE_LIMIT_4
ST017,ST032,10.11,28.508,2.8197823936696342,DEGREE_LIMIT_4
ST017,ST033,9.97,30.589,3.068104312938816,DEGREE_LIMIT_4
ST017,ST034,4.796,40.733999999999995,8.493327773144285,DEGREE_LIMIT_4
ST017,ST035,4.443,39.529999999999994,8.897141571010577,DEGREE_LIMIT_4
ST017,ST036,5.061,15.259,3.0150167950997826,DEGREE_LIMIT_4
ST017,ST037,5.537,39.74999999999999,7.1789777858045865,DEGREE_LIMIT_4
ST017,ST038,3.846,9.593,2.4942797711908478,DEGREE_LIMIT_4
ST017,ST039,3.4930000000000003,4.383,1.2547953048955052,DEGREE_LIMIT_4
ST017,ST040,1.842,8.543,4.637893593919652,DEGREE_LIMIT_4
ST017,ST041,5.607,6.073,1.0831103977171392,DEGREE_LIMIT_4
ST017,ST042,2.564,2.716,1.0592823712948518,DEGREE_LIMIT_4
ST017,ST043,7.648,33.522999999999996,4.383237447698744,DEGREE_LIMIT_4
ST017,ST044,8.382,32.187,3.840014316392269,DEGREE_LIMIT_4
ST017,ST045,7.149,34.193999999999996,4.78304657994125,DEGREE_LIMIT_4
ST017,ST046,6.739,18.445999999999998,2.737201365187713,DEGREE_LIMIT_4
ST017,ST047,9.004000000000001,27.703999999999997,3.0768547312305636,DEGREE_LIMIT_4
ST017,ST048,6.989,34.196999999999996,4.892974674488482,DEGREE_LIMIT_4
ST017,ST049,14.608999999999998,33.007,2.25936066808132,DEGREE_LIMIT_4
ST017,ST050,8.358,30.999,3.708901651112706,DEGREE_LIMIT_4
ST017,ST051,3.517,13.959999999999999,3.9692920102359963,DEGREE_LIMIT_4
ST017,ST052,0.639,11.041,17.278560250391237,DEGREE_LIMIT_4
ST017,ST053,12.213000000000001,31.619999999999997,2.589044460820437,DEGREE_LIMIT_4
ST017,ST054,5.652,17.358999999999998,3.0713021939136587,DEGREE_LIMIT_4
ST017,ST055,14.163,33.379,2.356774694626844,DEGREE_LIMIT_4
ST018,ST019,0.477,5.429,11.381551362683439,DEGREE_LIMIT_4
ST018,ST020,1.949,3.45,1.7701385325808108,DEGREE_LIMIT_4
ST018,ST021,6.586,15.270999999999999,2.318706346796234,DEGREE_LIMIT_4
ST018,ST022,6.573,9.315,1.4171611136467366,DEGREE_LIMIT_4
ST018,ST023,1.655,15.765,9.525679758308158,DEGREE_LIMIT_4
ST018,ST024,14.183,42.733999999999995,3.0130437848128038,DEGREE_LIMIT_4
ST018,ST025,13.617,42.51,3.121833002864067,DEGREE_LIMIT_4
ST018,ST026,13.579,35.059999999999995,2.5819279770233443,DEGREE_LIMIT_4
ST018,ST027,13.915000000000001,41.62,2.9910168882500896,DEGREE_LIMIT_4
ST018,ST028,11.947,37.574,3.14505733656985,DEGREE_LIMIT_4
ST018,ST029,8.633,29.558999999999997,3.4239545928414223,DEGREE_LIMIT_4
ST018,ST030,7.025,26.846,3.821494661921708,DEGREE_LIMIT_4
ST018,ST031,3.945,25.365,6.429657794676806,DEGREE_LIMIT_4
ST018,ST032,3.868,6.420999999999999,1.6600310237849016,DEGREE_LIMIT_4
ST018,ST033,3.728,4.34,1.1641630901287552,DEGREE_LIMIT_4
ST018,ST034,5.215,8.617,1.6523489932885909,DEGREE_LIMIT_4
ST018,ST035,4.862,7.412999999999999,1.5246812011517892,DEGREE_LIMIT_4
ST018,ST036,5.48,39.44799999999999,7.198540145985399,DEGREE_LIMIT_4
ST018,ST037,5.956,7.633,1.2815648085963733,DEGREE_LIMIT_4
ST018,ST038,9.789,33.782,3.451016447032383,DEGREE_LIMIT_4
ST018,ST039,9.489,39.312,4.142902307935504,DEGREE_LIMIT_4
ST018,ST040,6.3469999999999995,26.386,4.1572396407751695,DEGREE_LIMIT_4
ST018,ST041,10.523,35.56999999999999,3.3802147676518097,DEGREE_LIMIT_4
ST018,ST042,8.22,32.212999999999994,3.9188564476885634,DEGREE_LIMIT_4
ST018,ST043,1.406,1.406,1.0,DEGREE_LIMIT_4
ST018,ST044,2.1399999999999997,5.938,2.774766355140187,DEGREE_LIMIT_4
ST018,ST045,0.934,2.077,2.223768736616702,DEGREE_LIMIT_4
ST018,ST046,3.7,18.657,5.042432432432432,DEGREE_LIMIT_4
ST018,ST047,3.497,11.508999999999999,3.2911066628538745,DEGREE_LIMIT_4
ST018,ST048,0.747,7.948,10.639892904953147,DEGREE_LIMIT_4
ST018,ST049,8.366999999999999,10.919999999999998,1.3051272857655072,DEGREE_LIMIT_4
ST018,ST050,2.786,14.803999999999998,5.313711414213926,DEGREE_LIMIT_4
ST018,ST051,10.019,31.802999999999997,3.174268889110689,DEGREE_LIMIT_4
ST018,ST052,6.635,40.538,6.109721175584024,DEGREE_LIMIT_4
ST018,ST053,6.96,15.424999999999999,2.216235632183908,DEGREE_LIMIT_4
ST018,ST054,4.787,17.57,3.670357217463965,DEGREE_LIMIT_4
ST018,ST055,8.279,11.292,1.3639328421306922,DEGREE_LIMIT_4
ST019,ST020,1.979,1.979,1.0,DEGREE_LIMIT_4
ST019,ST021,6.127,17.887999999999998,2.919536477884772,DEGREE_LIMIT_4
ST019,ST022,6.305,11.932,1.892466296590008,DEGREE_LIMIT_4
ST019,ST023,1.664,18.382,11.046875000000002,DEGREE_LIMIT_4
ST019,ST024,14.207999999999998,45.351,3.191934121621622,DEGREE_LIMIT_4
ST019,ST025,13.983999999999998,45.127,3.2270451945080096,DEGREE_LIMIT_4
ST019,ST026,14.056000000000001,37.677,2.6804923164484915,DEGREE_LIMIT_4
ST019,ST027,14.296,44.237,3.094362059317292,DEGREE_LIMIT_4
ST019,ST028,12.424,40.191,3.234948486799743,DEGREE_LIMIT_4
ST019,ST029,9.11,32.176,3.531942919868277,DEGREE_LIMIT_4
ST019,ST030,7.283,29.463,4.045448304270218,DEGREE_LIMIT_4
ST019,ST031,4.422,27.982,6.3279059249208505,DEGREE_LIMIT_4
ST019,ST032,3.411,9.038,2.649662855467605,DEGREE_LIMIT_4
ST019,ST033,3.836,6.957000000000001,1.8136079249217938,DEGREE_LIMIT_4
ST019,ST034,5.692,9.892,1.7378777231201685,DEGREE_LIMIT_4
ST019,ST035,5.339,10.030000000000001,1.8786289567334709,DEGREE_LIMIT_4
ST019,ST036,5.957000000000001,42.065,7.0614403223098865,DEGREE_LIMIT_4
ST019,ST037,6.415,8.908000000000001,1.3886204208885427,DEGREE_LIMIT_4
ST019,ST038,10.229,36.399,3.5584123570241473,DEGREE_LIMIT_4
ST019,ST039,9.966000000000001,41.929,4.207204495283965,DEGREE_LIMIT_4
ST019,ST040,6.824,29.003,4.25014654161782,DEGREE_LIMIT_4
ST019,ST041,10.631,38.187,3.592042140908663,DEGREE_LIMIT_4
ST019,ST042,8.623999999999999,34.83,4.038729128014842,DEGREE_LIMIT_4
ST019,ST043,1.504,4.023000000000001,2.674867021276596,DEGREE_LIMIT_4
ST019,ST044,2.238,8.555000000000001,3.8226094727435216,DEGREE_LIMIT_4
ST019,ST045,0.859,3.3520000000000003,3.9022118742724103,DEGREE_LIMIT_4
ST019,ST046,3.7089999999999996,21.274,5.735777837692101,DEGREE_LIMIT_4
ST019,ST047,3.02,14.126,4.677483443708609,DEGREE_LIMIT_4
ST019,ST048,0.855,10.565000000000001,12.356725146198832,DEGREE_LIMIT_4
ST019,ST049,7.91,13.536999999999999,1.7113780025284449,DEGREE_LIMIT_4
ST019,ST050,2.327,17.421000000000003,7.4864632574129795,DEGREE_LIMIT_4
ST019,ST051,10.236,34.42,3.3626416568972255,DEGREE_LIMIT_4
ST019,ST052,7.112,43.155,6.067913385826771,DEGREE_LIMIT_4
ST019,ST053,6.5009999999999994,18.041999999999998,2.7752653437932624,DEGREE_LIMIT_4
ST019,ST054,4.795999999999999,20.187,4.2091326105087585,DEGREE_LIMIT_4
ST019,ST055,7.802,13.909,1.7827480133299156,DEGREE_LIMIT_4
ST020,ST021,7.03,15.908999999999999,2.2630156472261733,DEGREE_LIMIT_4
ST020,ST022,6.274,9.953,1.58638826904686,DEGREE_LIMIT_4
ST020,ST023,3.334,16.403,4.91991601679664,DEGREE_LIMIT_4
ST020,ST024,15.928999999999998,43.372,2.7228325695272777,DEGREE_LIMIT_4
ST020,ST025,15.408000000000001,43.148,2.8003634475597092,DEGREE_LIMIT_4
ST020,ST026,15.262,35.69799999999999,2.339011925042589,DEGREE_LIMIT_4
ST020,ST027,15.597999999999999,42.257999999999996,2.709193486344403,DEGREE_LIMIT_4
ST020,ST028,13.895999999999999,38.211999999999996,2.7498560736902706,DEGREE_LIMIT_4
ST020,ST029,10.424,30.196999999999996,2.896872601688411,DEGREE_LIMIT_4
ST020,ST030,8.227,27.483999999999998,3.340707426765528,DEGREE_LIMIT_4
ST020,ST031,5.736,26.002999999999997,4.533298465829846,DEGREE_LIMIT_4
ST020,ST032,3.417,7.058999999999999,2.0658472344161543,DEGREE_LIMIT_4
ST020,ST033,1.99,4.978,2.501507537688442,DEGREE_LIMIT_4
ST020,ST034,5.992,7.913,1.3205941255006677,DEGREE_LIMIT_4
ST020,ST035,6.436,8.051,1.2509322560596645,DEGREE_LIMIT_4
ST020,ST036,6.189,40.086,6.47697527872031,DEGREE_LIMIT_4
ST020,ST037,5.501,6.929,1.2595891656062534,DEGREE_LIMIT_4
ST020,ST038,10.468,34.419999999999995,3.2881161635460447,DEGREE_LIMIT_4
ST020,ST039,10.226,39.95,3.906708390377469,DEGREE_LIMIT_4
ST020,ST040,7.832,27.023999999999997,3.4504596527068436,DEGREE_LIMIT_4
ST020,ST041,11.227,36.208,3.22508239066536,DEGREE_LIMIT_4
ST020,ST042,9.822,32.851,3.3446344939930768,DEGREE_LIMIT_4
ST020,ST043,0.792,2.044,2.580808080808081,DEGREE_LIMIT_4
ST020,ST044,0.406,6.576,16.197044334975367,DEGREE_LIMIT_4
ST020,ST045,1.373,1.373,1.0,DEGREE_LIMIT_4
ST020,ST046,5.379,19.294999999999998,3.587097973601041,DEGREE_LIMIT_4
ST020,ST047,3.98,12.146999999999998,3.0520100502512557,DEGREE_LIMIT_4
ST020,ST048,2.009,8.586,4.273768043802887,DEGREE_LIMIT_4
ST020,ST049,7.9159999999999995,11.558,1.4600808489135928,DEGREE_LIMIT_4
ST020,ST050,4.182,15.441999999999998,3.6924916307986604,DEGREE_LIMIT_4
ST020,ST051,11.708,32.440999999999995,2.770840450973693,DEGREE_LIMIT_4
ST020,ST052,8.426,41.176,4.886779017327321,DEGREE_LIMIT_4
ST020,ST053,7.395,16.063,2.1721433400946584,DEGREE_LIMIT_4
ST020,ST054,6.465999999999999,18.208,2.8159604082895147,DEGREE_LIMIT_4
ST020,ST055,7.845,11.93,1.5207138304652645,DEGREE_LIMIT_4
ST021,ST022,0.983,11.744,11.947100712105799,DEGREE_LIMIT_4
ST021,ST023,5.955,12.302,2.065827036104114,DEGREE_LIMIT_4
ST021,ST024,19.531,39.271,2.0107009369719933,DEGREE_LIMIT_4
ST021,ST025,18.965,39.047000000000004,2.0588979699446353,DEGREE_LIMIT_4
ST021,ST026,17.558999999999997,31.596999999999998,1.79947605216698,DEGREE_LIMIT_4
ST021,ST027,17.182,38.157,2.2207542777325107,DEGREE_LIMIT_4
ST021,ST028,17.688000000000002,34.111,1.9284825870646762,DEGREE_LIMIT_4
ST021,ST029,14.374,26.095999999999997,1.8155002087101708,DEGREE_LIMIT_4
ST021,ST030,12.29,23.383,1.9026037428803906,DEGREE_LIMIT_4
ST021,ST031,9.293,21.901999999999997,2.3568277197890883,DEGREE_LIMIT_4
ST021,ST032,3.877,8.85,2.282692803714212,DEGREE_LIMIT_4
ST021,ST033,5.896,10.931,1.8539687924016282,DEGREE_LIMIT_4
ST021,ST034,11.283,21.075999999999997,1.8679429229814764,DEGREE_LIMIT_4
ST021,ST035,10.93,19.872,1.8181152790484905,DEGREE_LIMIT_4
ST021,ST036,11.574,35.985,3.1091238983929497,DEGREE_LIMIT_4
ST021,ST037,11.237,20.092,1.7880217139805996,DEGREE_LIMIT_4
ST021,ST038,15.137,30.318999999999996,2.0029728479883726,DEGREE_LIMIT_4
ST021,ST039,14.837,35.849,2.416189256588259,DEGREE_LIMIT_4
ST021,ST040,11.253,22.923,2.0370567848573713,DEGREE_LIMIT_4
ST021,ST041,15.645999999999999,32.107,2.0520899910520263,DEGREE_LIMIT_4
ST021,ST042,13.568,28.749999999999996,2.118956367924528,DEGREE_LIMIT_4
ST021,ST043,6.354,13.864999999999998,2.1820900220333646,DEGREE_LIMIT_4
ST021,ST044,6.851,12.529,1.8287841191066998,DEGREE_LIMIT_4
ST021,ST045,5.683,14.535999999999998,2.557803976772831,DEGREE_LIMIT_4
ST021,ST046,6.163,15.193999999999999,2.465357780301801,DEGREE_LIMIT_4
ST021,ST047,3.762,3.762,1.0,DEGREE_LIMIT_4
ST021,ST048,6.483,14.539,2.2426345827548975,DEGREE_LIMIT_4
ST021,ST049,3.415,13.349,3.908931185944363,DEGREE_LIMIT_4
ST021,ST050,3.8,11.341,2.9844736842105264,DEGREE_LIMIT_4
ST021,ST051,14.762,28.339999999999996,1.919794065844736,DEGREE_LIMIT_4
ST021,ST052,11.982999999999999,37.075,3.0939664524743393,DEGREE_LIMIT_4
ST021,ST053,0.374,7.678,20.52941176470588,DEGREE_LIMIT_4
ST021,ST054,7.25,14.107,1.9457931034482758,DEGREE_LIMIT_4
ST021,ST055,2.96,13.721,4.635472972972973,DEGREE_LIMIT_4
ST022,ST023,6.145,12.238,1.9915378356387308,DEGREE_LIMIT_4
ST022,ST024,19.487000000000002,39.207,2.0119566890747675,DEGREE_LIMIT_4
ST022,ST025,18.921,38.983000000000004,2.060303366629671,DEGREE_LIMIT_4
ST022,ST026,18.333,31.532999999999998,1.7200130911471119,DEGREE_LIMIT_4
ST022,ST027,17.956,38.092999999999996,2.121463577634217,DEGREE_LIMIT_4
ST022,ST028,17.878,34.047,1.9044076518626243,DEGREE_LIMIT_4
ST022,ST029,14.564,26.031999999999996,1.787421038176325,DEGREE_LIMIT_4
ST022,ST030,12.329,23.319,1.8913942736637195,DEGREE_LIMIT_4
ST022,ST031,9.249,21.837999999999997,2.361120121094172,DEGREE_LIMIT_4
ST022,ST032,2.894,2.894,1.0,DEGREE_LIMIT_4
ST022,ST033,4.913,4.975,1.012619580704254,DEGREE_LIMIT_4
ST022,ST034,11.239,15.120000000000001,1.3453154195213097,DEGREE_LIMIT_4
ST022,ST035,10.886,13.916,1.2783391512033806,DEGREE_LIMIT_4
ST022,ST036,11.53,35.92099999999999,3.115437987857762,DEGREE_LIMIT_4
ST022,ST037,11.195,14.136,1.262706565430996,DEGREE_LIMIT_4
ST022,ST038,15.093,30.254999999999995,2.004571655734446,DEGREE_LIMIT_4
ST022,ST039,14.793,35.785,2.4190495504630567,DEGREE_LIMIT_4
ST022,ST040,11.651,22.858999999999998,1.9619775126598573,DEGREE_LIMIT_4
ST022,ST041,15.602,32.043,2.0537751570311498,DEGREE_LIMIT_4
ST022,ST042,13.524000000000001,28.685999999999996,2.1211180124223596,DEGREE_LIMIT_4
ST022,ST043,5.95,7.909,1.3292436974789916,DEGREE_LIMIT_4
ST022,ST044,5.868,6.5729999999999995,1.1201431492842535,DEGREE_LIMIT_4
ST022,ST045,5.639,8.58,1.5215463734704735,DEGREE_LIMIT_4
ST022,ST046,6.936999999999999,15.129999999999999,2.181058094277065,DEGREE_LIMIT_4
ST022,ST047,4.352,7.981999999999999,1.834099264705882,DEGREE_LIMIT_4
ST022,ST048,6.439,8.583,1.3329709582233267,DEGREE_LIMIT_4
ST022,ST049,2.432,7.393,3.0398848684210527,DEGREE_LIMIT_4
ST022,ST050,4.574,11.277,2.465456930476607,DEGREE_LIMIT_4
ST022,ST051,14.952,28.275999999999996,1.891118245050829,DEGREE_LIMIT_4
ST022,ST052,11.939,37.010999999999996,3.10000837591088,DEGREE_LIMIT_4
ST022,ST053,1.357,11.898,8.767870302137068,DEGREE_LIMIT_4
ST022,ST054,8.024,14.043,1.7501246261216352,DEGREE_LIMIT_4
ST022,ST055,1.977,1.977,1.0,DEGREE_LIMIT_4
ST023,ST024,13.969,30.394999999999996,2.175889469539695,DEGREE_LIMIT_4
ST023,ST025,13.403,30.170999999999996,2.2510631948071325,DEGREE_LIMIT_4
ST023,ST026,13.365,22.721,1.7000374111485221,DEGREE_LIMIT_4
ST023,ST027,13.083,29.281,2.238095238095238,DEGREE_LIMIT_4
ST023,ST028,11.733,25.235,2.15077132873093,DEGREE_LIMIT_4
ST023,ST029,8.419,17.22,2.0453735598052023,DEGREE_LIMIT_4
ST023,ST030,6.811,14.507000000000001,2.1299368668330643,DEGREE_LIMIT_4
ST023,ST031,3.731,13.026,3.491289198606272,DEGREE_LIMIT_4
ST023,ST032,4.753,9.344,1.9659162634125813,DEGREE_LIMIT_4
ST023,ST033,5.324,11.424999999999999,2.1459429000751316,DEGREE_LIMIT_4
ST023,ST034,5.721,21.569999999999997,3.7703198741478756,DEGREE_LIMIT_4
ST023,ST035,5.368,20.366,3.7939642324888223,DEGREE_LIMIT_4
ST023,ST036,5.986,27.108999999999998,4.528733711994654,DEGREE_LIMIT_4
ST023,ST037,6.462,20.586,3.185701021355617,DEGREE_LIMIT_4
ST023,ST038,9.575,21.442999999999998,2.2394778067885115,DEGREE_LIMIT_4
ST023,ST039,9.274999999999999,26.973,2.9081401617250675,DEGREE_LIMIT_4
ST023,ST040,6.133,14.047,2.290396217185717,DEGREE_LIMIT_4
ST023,ST041,11.2,23.230999999999998,2.0741964285714287,DEGREE_LIMIT_4
ST023,ST042,8.006,19.874,2.4823882088433673,DEGREE_LIMIT_4
ST023,ST043,3.061,14.358999999999998,4.690950669715779,DEGREE_LIMIT_4
ST023,ST044,3.74,13.023,3.482085561497326,DEGREE_LIMIT_4
ST023,ST045,2.5229999999999997,15.029999999999998,5.9571938168846605,DEGREE_LIMIT_4
ST023,ST046,2.045,6.318,3.0894865525672373,DEGREE_LIMIT_4
ST023,ST047,3.166,8.54,2.697409981048642,DEGREE_LIMIT_4
ST023,ST048,2.402,15.033,6.258534554537884,DEGREE_LIMIT_4
ST023,ST049,8.577,13.843,1.613967587734639,DEGREE_LIMIT_4
ST023,ST050,2.437,11.834999999999999,4.85638079606073,DEGREE_LIMIT_4
ST023,ST051,8.807,19.464,2.2100601794027477,DEGREE_LIMIT_4
ST023,ST052,6.420999999999999,28.198999999999998,4.391683538389659,DEGREE_LIMIT_4
ST023,ST053,6.329,12.456,1.968083425501659,DEGREE_LIMIT_4
ST023,ST054,3.1319999999999997,5.231,1.6701787994891444,DEGREE_LIMIT_4
ST023,ST055,8.122,14.215,1.750184683575474,DEGREE_LIMIT_4
ST024,ST025,1.561,6.234,3.9935938500960924,DEGREE_LIMIT_4
ST024,ST026,11.521,25.022,2.1718600815901397,DEGREE_LIMIT_4
ST024,ST027,11.857,31.582,2.6635742599308427,DEGREE_LIMIT_4
ST024,ST028,7.811,27.536,3.525284854692101,DEGREE_LIMIT_4
ST024,ST029,7.1290000000000004,13.175,1.8480852854537804,DEGREE_LIMIT_4
ST024,ST030,8.431,28.302,3.3568971652235797,DEGREE_LIMIT_4
ST024,ST031,10.238,26.820999999999998,2.619749951162336,DEGREE_LIMIT_4
ST024,ST032,17.619,36.312999999999995,2.061013678415347,DEGREE_LIMIT_4
ST024,ST033,16.986,38.394,2.260332038149064,DEGREE_LIMIT_4
ST024,ST034,11.466,48.538999999999994,4.233298447584161,DEGREE_LIMIT_4
ST024,ST035,11.24,47.334999999999994,4.211298932384341,DEGREE_LIMIT_4
ST024,ST036,10.632,23.064,2.1693002257336342,DEGREE_LIMIT_4
ST024,ST037,11.108,47.55499999999999,4.281148721642059,DEGREE_LIMIT_4
ST024,ST038,7.022,17.398,2.477641697522073,DEGREE_LIMIT_4
ST024,ST039,6.775,17.62,2.6007380073800737,DEGREE_LIMIT_4
ST024,ST040,8.768,16.348,1.8645072992700726,DEGREE_LIMIT_4
ST024,ST041,6.62,7.164,1.0821752265861027,DEGREE_LIMIT_4
ST024,ST042,6.281,10.521,1.6750517433529695,DEGREE_LIMIT_4
ST024,ST043,15.137,41.327999999999996,2.730263592521635,DEGREE_LIMIT_4
ST024,ST044,15.871,39.992,2.5198160166341124,DEGREE_LIMIT_4
ST024,ST045,14.638000000000002,41.998999999999995,2.8691761169558676,DEGREE_LIMIT_4
ST024,ST046,14.059999999999999,26.250999999999998,1.8670697012802275,DEGREE_LIMIT_4
ST024,ST047,16.852,35.509,2.1071089484927605,DEGREE_LIMIT_4
ST024,ST048,14.478000000000002,42.001999999999995,2.901091310954551,DEGREE_LIMIT_4
ST024,ST049,21.919,40.812,1.8619462566722933,DEGREE_LIMIT_4
ST024,ST050,16.221,38.803999999999995,2.392207632081869,DEGREE_LIMIT_4
ST024,ST051,5.421,21.765,4.014941892639734,DEGREE_LIMIT_4
ST024,ST052,7.911,12.132,1.5335608646188852,DEGREE_LIMIT_4
ST024,ST053,19.904999999999998,39.425,1.9806581260989702,DEGREE_LIMIT_4
ST024,ST054,12.972999999999999,25.163999999999998,1.939720958914669,DEGREE_LIMIT_4
ST024,ST055,21.464000000000002,41.18399999999999,1.9187476705180762,DEGREE_LIMIT_4
ST025,ST026,10.588000000000001,24.798000000000002,2.3420853796751038,DEGREE_LIMIT_4
ST025,ST027,10.924,31.358000000000004,2.8705602343463936,DEGREE_LIMIT_4
ST025,ST028,6.878,27.312000000000005,3.9709217795870897,DEGREE_LIMIT_4
ST025,ST029,6.563000000000001,12.951,1.973335364924577,DEGREE_LIMIT_4
ST025,ST030,7.865,28.078000000000003,3.569993642720916,DEGREE_LIMIT_4
ST025,ST031,9.672,26.597,2.7498966087675765,DEGREE_LIMIT_4
ST025,ST032,17.395,36.089,2.0746766312158664,DEGREE_LIMIT_4
ST025,ST033,16.919,38.17,2.256043501388971,DEGREE_LIMIT_4
ST025,ST034,10.9,48.315,4.432568807339449,DEGREE_LIMIT_4
ST025,ST035,10.674,47.111,4.413621884954094,DEGREE_LIMIT_4
ST025,ST036,10.066,22.84,2.26902443870455,DEGREE_LIMIT_4
ST025,ST037,10.542,47.330999999999996,4.489755264655662,DEGREE_LIMIT_4
ST025,ST038,6.274,17.174,2.7373286579534586,DEGREE_LIMIT_4
ST025,ST039,6.209,17.396,2.8017394105330973,DEGREE_LIMIT_4
ST025,ST040,8.202,16.124000000000002,1.9658619848817365,DEGREE_LIMIT_4
ST025,ST041,6.054,6.9399999999999995,1.1463495209778658,DEGREE_LIMIT_4
ST025,ST042,5.715,10.297,1.8017497812773404,DEGREE_LIMIT_4
ST025,ST043,14.745,41.104,2.7876568328246862,DEGREE_LIMIT_4
ST025,ST044,15.479,39.768,2.5691582143549327,DEGREE_LIMIT_4
ST025,ST045,14.246,41.775,2.9324020777762176,DEGREE_LIMIT_4
ST025,ST046,13.835999999999999,26.027,1.8811072564324953,DEGREE_LIMIT_4
ST025,ST047,16.286,35.285000000000004,2.1665847967579515,DEGREE_LIMIT_4
ST025,ST048,14.086,41.778,2.9659236120971175,DEGREE_LIMIT_4
ST025,ST049,21.352999999999998,40.588,1.9008101906055357,DEGREE_LIMIT_4
ST025,ST050,15.655000000000001,38.58,2.464388374321303,DEGREE_LIMIT_4
ST025,ST051,4.855,21.541000000000004,4.43686920700309,DEGREE_LIMIT_4
ST025,ST052,7.345,11.908,1.6212389380530974,DEGREE_LIMIT_4
ST025,ST053,19.339,39.201,2.0270437975076274,DEGREE_LIMIT_4
ST025,ST054,12.748999999999999,24.94,1.956231861322457,DEGREE_LIMIT_4
ST025,ST055,20.898,40.959999999999994,1.9599961718824765,DEGREE_LIMIT_4
ST026,ST027,0.457,9.0,19.693654266958422,DEGREE_LIMIT_4
ST026,ST028,3.71,4.954,1.335309973045822,DEGREE_LIMIT_4
ST026,ST029,6.175,11.847,1.9185425101214575,DEGREE_LIMIT_4
ST026,ST030,8.776,20.628,2.3505013673655424,DEGREE_LIMIT_4
ST026,ST031,9.634,19.147,1.9874403155490967,DEGREE_LIMIT_4
ST026,ST032,17.404,28.639,1.6455412548839348,DEGREE_LIMIT_4
ST026,ST033,16.802,30.72,1.8283537674086419,DEGREE_LIMIT_4
ST026,ST034,13.008,40.864999999999995,3.1415282902829027,DEGREE_LIMIT_4
ST026,ST035,12.655,39.660999999999994,3.1340181746345315,DEGREE_LIMIT_4
ST026,ST036,13.273,21.736,1.6376101860920667,DEGREE_LIMIT_4
ST026,ST037,13.748999999999999,39.88099999999999,2.9006473198050764,DEGREE_LIMIT_4
ST026,ST038,9.348,16.07,1.7190842961061188,DEGREE_LIMIT_4
ST026,ST039,9.446,21.599999999999998,2.286682193521067,DEGREE_LIMIT_4
ST026,ST040,7.43,8.674,1.16742934051144,DEGREE_LIMIT_4
ST026,ST041,9.312999999999999,17.858,1.9175346290132076,DEGREE_LIMIT_4
ST026,ST042,7.779,14.501,1.864121352358915,DEGREE_LIMIT_4
ST026,ST043,14.469999999999999,33.653999999999996,2.3257774706288874,DEGREE_LIMIT_4
ST026,ST044,15.203999999999999,32.318,2.125624835569587,DEGREE_LIMIT_4
ST026,ST045,13.998,34.324999999999996,2.452136019431347,DEGREE_LIMIT_4
ST026,ST046,11.795,18.576999999999998,1.5749894022891053,DEGREE_LIMIT_4
ST026,ST047,14.364,27.834999999999997,1.9378306878306875,DEGREE_LIMIT_4
ST026,ST048,13.811,34.327999999999996,2.4855549923973643,DEGREE_LIMIT_4
ST026,ST049,19.601,33.138,1.6906280291821845,DEGREE_LIMIT_4
ST026,ST050,13.759,31.13,2.2625190784213967,DEGREE_LIMIT_4
ST026,ST051,7.587,14.091,1.8572558323448003,DEGREE_LIMIT_4
ST026,ST052,8.850999999999999,22.826,2.578917636425263,DEGREE_LIMIT_4
ST026,ST053,17.837,31.750999999999998,1.7800639120928405,DEGREE_LIMIT_4
ST026,ST054,10.708,17.49,1.6333582368322748,DEGREE_LIMIT_4
ST026,ST055,19.146,33.51,1.7502350360388592,DEGREE_LIMIT_4
ST027,ST028,4.046,4.046,1.0,DEGREE_LIMIT_4
ST027,ST029,6.511,18.407,2.827061895254185,DEGREE_LIMIT_4
ST027,ST030,8.605,27.188000000000002,3.159558396281232,DEGREE_LIMIT_4
ST027,ST031,9.97,25.707,2.578435305917753,DEGREE_LIMIT_4
ST027,ST032,17.027,35.199,2.0672461384859337,DEGREE_LIMIT_4
ST027,ST033,17.138,37.28,2.175282996849107,DEGREE_LIMIT_4
ST027,ST034,12.837,47.425,3.6943990028822933,DEGREE_LIMIT_4
ST027,ST035,12.484,46.221,3.7024190964434474,DEGREE_LIMIT_4
ST027,ST036,13.102,28.296,2.1596702793466647,DEGREE_LIMIT_4
ST027,ST037,13.578,46.440999999999995,3.4203122698482837,DEGREE_LIMIT_4
ST027,ST038,9.684,22.63,2.3368442792234614,DEGREE_LIMIT_4
ST027,ST039,9.782,28.16,2.87875690042936,DEGREE_LIMIT_4
ST027,ST040,7.766,15.234,1.9616276075199588,DEGREE_LIMIT_4
ST027,ST041,9.582,24.418,2.5483197662283446,DEGREE_LIMIT_4
ST027,ST042,8.115,21.061,2.595317313616759,DEGREE_LIMIT_4
ST027,ST043,14.806000000000001,40.214,2.716061056328515,DEGREE_LIMIT_4
ST027,ST044,15.540000000000001,38.878,2.501801801801802,DEGREE_LIMIT_4
ST027,ST045,14.334,40.885,2.8523091949211663,DEGREE_LIMIT_4
ST027,ST046,11.418,25.137,2.2015239096163954,DEGREE_LIMIT_4
ST027,ST047,13.986999999999998,34.395,2.459069135625939,DEGREE_LIMIT_4
ST027,ST048,14.147,40.888,2.890224075775783,DEGREE_LIMIT_4
ST027,ST049,19.224,39.698,2.0650228880565957,DEGREE_LIMIT_4
ST027,ST050,13.382,37.69,2.816469884920042,DEGREE_LIMIT_4
ST027,ST051,7.923,20.651,2.606462198662123,DEGREE_LIMIT_4
ST027,ST052,8.68,29.386,3.385483870967742,DEGREE_LIMIT_4
ST027,ST053,17.46,38.311,2.1942153493699883,DEGREE_LIMIT_4
ST027,ST054,10.331,24.05,2.3279450198431904,DEGREE_LIMIT_4
ST027,ST055,18.769,40.06999999999999,2.1349032979913685,DEGREE_LIMIT_4
ST028,ST029,5.556,14.360999999999999,2.5847732181425482,DEGREE_LIMIT_4
ST028,ST030,8.229,23.142,2.8122493620123956,DEGREE_LIMIT_4
ST028,ST031,9.015,21.660999999999998,2.4027731558513583,DEGREE_LIMIT_4
ST028,ST032,15.815,31.153,1.9698387606702497,DEGREE_LIMIT_4
ST028,ST033,15.674999999999999,33.234,2.120191387559809,DEGREE_LIMIT_4
ST028,ST034,12.461,43.379,3.481181285611106,DEGREE_LIMIT_4
ST028,ST035,12.108,42.175,3.4832342253055826,DEGREE_LIMIT_4
ST028,ST036,12.383,24.25,1.958329968505209,DEGREE_LIMIT_4
ST028,ST037,12.859,42.394999999999996,3.296912668170153,DEGREE_LIMIT_4
ST028,ST038,8.65,18.584,2.1484393063583815,DEGREE_LIMIT_4
ST028,ST039,8.698,24.114,2.7723614624051507,DEGREE_LIMIT_4
ST028,ST040,6.811,11.187999999999999,1.6426369108794596,DEGREE_LIMIT_4
ST028,ST041,7.951,20.372,2.5621934347880773,DEGREE_LIMIT_4
ST028,ST042,7.16,17.015,2.3763966480446927,DEGREE_LIMIT_4
ST028,ST043,13.353,36.168,2.708604807908335,DEGREE_LIMIT_4
ST028,ST044,14.087,34.832,2.4726343437211615,DEGREE_LIMIT_4
ST028,ST045,12.880999999999998,36.839,2.859948761742101,DEGREE_LIMIT_4
ST028,ST046,12.459,21.090999999999998,1.6928324905690664,DEGREE_LIMIT_4
ST028,ST047,14.899,30.348999999999997,2.0369823478085776,DEGREE_LIMIT_4
ST028,ST048,12.693999999999999,36.842,2.902316054829053,DEGREE_LIMIT_4
ST028,ST049,20.31,35.652,1.7553914327917284,DEGREE_LIMIT_4
ST028,ST050,14.17,33.644,2.3743119266055044,DEGREE_LIMIT_4
ST028,ST051,6.968,16.604999999999997,2.3830367393800227,DEGREE_LIMIT_4
ST028,ST052,8.304,25.34,3.051541425818882,DEGREE_LIMIT_4
ST028,ST053,18.062,34.26499999999999,1.8970767356881846,DEGREE_LIMIT_4
ST028,ST054,11.372,20.003999999999998,1.7590573338023212,DEGREE_LIMIT_4
ST028,ST055,19.855,36.023999999999994,1.8143540669856455,DEGREE_LIMIT_4
ST029,ST030,4.785,15.126999999999999,3.1613375130616506,DEGREE_LIMIT_4
ST029,ST031,5.377,13.646,2.537846382741306,DEGREE_LIMIT_4
ST029,ST032,12.501,23.138,1.8508919286457086,DEGREE_LIMIT_4
ST029,ST033,12.064,25.219,2.090434350132626,DEGREE_LIMIT_4
ST029,ST034,8.536,35.364000000000004,4.142924086223056,DEGREE_LIMIT_4
ST029,ST035,8.1,34.160000000000004,4.217283950617285,DEGREE_LIMIT_4
ST029,ST036,8.009,9.889,1.2347359220876513,DEGREE_LIMIT_4
ST029,ST037,8.485,34.38,4.051856216853271,DEGREE_LIMIT_4
ST029,ST038,4.223,4.223,1.0,DEGREE_LIMIT_4
ST029,ST039,4.321,9.753,2.2571164082388337,DEGREE_LIMIT_4
ST029,ST040,3.173,3.173,1.0,DEGREE_LIMIT_4
ST029,ST041,3.138,6.011,1.915551306564691,DEGREE_LIMIT_4
ST029,ST042,2.654,2.654,1.0,DEGREE_LIMIT_4
ST029,ST043,9.732,28.153000000000002,2.8928277846280315,DEGREE_LIMIT_4
ST029,ST044,10.466,26.817,2.5622969615899103,DEGREE_LIMIT_4
ST029,ST045,9.233,28.824,3.1218455539911187,DEGREE_LIMIT_4
ST029,ST046,8.821,13.076,1.482371613195783,DEGREE_LIMIT_4
ST029,ST047,11.332,22.334,1.9708789269325802,DEGREE_LIMIT_4
ST029,ST048,9.073,28.827,3.177229141408575,DEGREE_LIMIT_4
ST029,ST049,16.996,27.637,1.6260884914097435,DEGREE_LIMIT_4
ST029,ST050,10.626000000000001,25.629,2.411914172783738,DEGREE_LIMIT_4
ST029,ST051,1.708,8.59,5.029274004683841,DEGREE_LIMIT_4
ST029,ST052,4.265,10.979,2.5742086752637747,DEGREE_LIMIT_4
ST029,ST053,14.748000000000001,26.25,1.7799023596419852,DEGREE_LIMIT_4
ST029,ST054,7.734,11.989,1.5501680889578486,DEGREE_LIMIT_4
ST029,ST055,16.519,28.009000000000004,1.6955626853925787,DEGREE_LIMIT_4
ST030,ST031,3.08,10.933,3.5496753246753245,DEGREE_LIMIT_4
ST030,ST032,9.897,20.425,2.063756693947661,DEGREE_LIMIT_4
ST030,ST033,9.757,22.506,2.306651634723788,DEGREE_LIMIT_4
ST030,ST034,5.062,32.651,6.45021730541288,DEGREE_LIMIT_4
ST030,ST035,4.626,31.447000000000003,6.797881539126675,DEGREE_LIMIT_4
ST030,ST036,5.244000000000001,25.016000000000002,4.770404271548436,DEGREE_LIMIT_4
ST030,ST037,5.720000000000001,31.667,5.5361888111888105,DEGREE_LIMIT_4
ST030,ST038,3.282,19.35,5.8957952468007315,DEGREE_LIMIT_4
ST030,ST039,3.38,24.88,7.3609467455621305,DEGREE_LIMIT_4
ST030,ST040,1.629,11.954,7.338244321669737,DEGREE_LIMIT_4
ST030,ST041,5.759,21.137999999999998,3.6704288939051914,DEGREE_LIMIT_4
ST030,ST042,2.893,17.781,6.14621500172831,DEGREE_LIMIT_4
ST030,ST043,7.435,25.44,3.4216543375924684,DEGREE_LIMIT_4
ST030,ST044,8.169,24.104,2.950667156322683,DEGREE_LIMIT_4
ST030,ST045,6.936,26.111,3.7645617070357558,DEGREE_LIMIT_4
ST030,ST046,6.526,10.363,1.5879558688323627,DEGREE_LIMIT_4
ST030,ST047,9.219,19.621,2.1283219438116934,DEGREE_LIMIT_4
ST030,ST048,6.776,26.114,3.853896103896104,DEGREE_LIMIT_4
ST030,ST049,14.396,24.924,1.731314253959433,DEGREE_LIMIT_4
ST030,ST050,8.49,22.916,2.699175500588928,DEGREE_LIMIT_4
ST030,ST051,4.0809999999999995,17.371000000000002,4.25655476598873,DEGREE_LIMIT_4
ST030,ST052,0.791,26.105999999999998,33.00379266750948,DEGREE_LIMIT_4
ST030,ST053,12.664,23.537,1.858575489576753,DEGREE_LIMIT_4
ST030,ST054,5.439,9.276,1.7054605626034196,DEGREE_LIMIT_4
ST030,ST055,14.224,25.296000000000003,1.7784026996625424,DEGREE_LIMIT_4
ST031,ST032,7.813,18.944,2.424676820683476,DEGREE_LIMIT_4
ST031,ST033,7.673,21.025,2.740127720578652,DEGREE_LIMIT_4
ST031,ST034,6.03,31.169999999999998,5.169154228855721,DEGREE_LIMIT_4
ST031,ST035,5.677,29.966,5.278492161352828,DEGREE_LIMIT_4
ST031,ST036,6.321,23.535,3.7233032747982917,DEGREE_LIMIT_4
ST031,ST037,6.771,30.186,4.45813026140895,DEGREE_LIMIT_4
ST031,ST038,5.844,17.869,3.05766598220397,DEGREE_LIMIT_4
ST031,ST039,5.5440000000000005,23.398999999999997,4.220598845598845,DEGREE_LIMIT_4
ST031,ST040,2.402,10.472999999999999,4.3601165695253945,DEGREE_LIMIT_4
ST031,ST041,7.632000000000001,19.656999999999996,2.575602725366876,DEGREE_LIMIT_4
ST031,ST042,4.275,16.299999999999997,3.8128654970760225,DEGREE_LIMIT_4
ST031,ST043,5.351,23.959,4.477480844701925,DEGREE_LIMIT_4
ST031,ST044,6.085,22.622999999999998,3.717830731306491,DEGREE_LIMIT_4
ST031,ST045,4.879,24.63,5.048165607706498,DEGREE_LIMIT_4
ST031,ST046,5.3629999999999995,8.882,1.6561625955621855,DEGREE_LIMIT_4
ST031,ST047,6.614,18.139999999999997,2.742667069851829,DEGREE_LIMIT_4
ST031,ST048,4.692,24.633,5.25,DEGREE_LIMIT_4
ST031,ST049,11.681000000000001,23.442999999999998,2.006934337813543,DEGREE_LIMIT_4
ST031,ST050,6.08,21.435,3.5254934210526314,DEGREE_LIMIT_4
ST031,ST051,6.074,15.889999999999999,2.616068488640105,DEGREE_LIMIT_4
ST031,ST052,2.69,24.624999999999996,9.154275092936802,DEGREE_LIMIT_4
ST031,ST053,9.667,22.055999999999997,2.2815764973621597,DEGREE_LIMIT_4
ST031,ST054,4.873,7.795,1.5996306176893083,DEGREE_LIMIT_4
ST031,ST055,11.226,23.815,2.1214145733119545,DEGREE_LIMIT_4
ST032,ST033,2.081,2.081,1.0,DEGREE_LIMIT_4
ST032,ST034,9.083,12.226,1.3460310470108996,DEGREE_LIMIT_4
ST032,ST035,8.73,11.022,1.2625429553264604,DEGREE_LIMIT_4
ST032,ST036,9.146,33.027,3.6110868139077192,DEGREE_LIMIT_4
ST032,ST037,8.458,11.242,1.3291558288011351,DEGREE_LIMIT_4
ST032,ST038,13.179,27.360999999999997,2.0761059260945443,DEGREE_LIMIT_4
ST032,ST039,12.833,32.891,2.56300163640614,DEGREE_LIMIT_4
ST032,ST040,10.11,19.965,1.9747774480712168,DEGREE_LIMIT_4
ST032,ST041,13.504999999999999,29.148999999999997,2.1583857830433173,DEGREE_LIMIT_4
ST032,ST042,12.014999999999999,25.791999999999998,2.146650020807324,DEGREE_LIMIT_4
ST032,ST043,3.095,5.015000000000001,1.6203554119547658,DEGREE_LIMIT_4
ST032,ST044,3.013,3.6790000000000003,1.221042150680385,DEGREE_LIMIT_4
ST032,ST045,3.542,5.686000000000001,1.6053077357425187,DEGREE_LIMIT_4
ST032,ST046,6.177,12.236,1.9808968755059093,DEGREE_LIMIT_4
ST032,ST047,4.347,5.088,1.1704623878536922,DEGREE_LIMIT_4
ST032,ST048,4.266,5.689,1.33356774496015,DEGREE_LIMIT_4
ST032,ST049,4.499,4.499,1.0,DEGREE_LIMIT_4
ST032,ST050,4.271,8.383,1.962772184500117,DEGREE_LIMIT_4
ST032,ST051,13.56,25.381999999999998,1.871828908554572,DEGREE_LIMIT_4
ST032,ST052,10.503,34.117,3.248310006664762,DEGREE_LIMIT_4
ST032,ST053,4.2509999999999994,9.004,2.1180898612091275,DEGREE_LIMIT_4
ST032,ST054,7.263999999999999,11.149000000000001,1.5348292951541853,DEGREE_LIMIT_4
ST032,ST055,4.731,4.871,1.0295920524202073,DEGREE_LIMIT_4
ST033,ST034,7.5809999999999995,10.145,1.338213955942488,DEGREE_LIMIT_4
ST033,ST035,7.497,8.940999999999999,1.1926103774843269,DEGREE_LIMIT_4
ST033,ST036,7.0649999999999995,35.108000000000004,4.969285208775656,DEGREE_LIMIT_4
ST033,ST037,6.377,9.161000000000001,1.4365689195546498,DEGREE_LIMIT_4
ST033,ST038,11.114,29.442,2.6490912362785672,DEGREE_LIMIT_4
ST033,ST039,11.212,34.972,3.1191580449518375,DEGREE_LIMIT_4
ST033,ST040,9.372,22.046,2.3523260776781902,DEGREE_LIMIT_4
ST033,ST041,12.767,31.23,2.4461502310644634,DEGREE_LIMIT_4
ST033,ST042,11.361999999999998,27.873,2.453177257525084,DEGREE_LIMIT_4
ST033,ST043,2.332,2.934,1.258147512864494,DEGREE_LIMIT_4
ST033,ST044,1.598,1.598,1.0,DEGREE_LIMIT_4
ST033,ST045,2.981,3.6050000000000004,1.2093257296209328,DEGREE_LIMIT_4
ST033,ST046,7.273,14.317,1.9685136807369725,DEGREE_LIMIT_4
ST033,ST047,5.588,7.1690000000000005,1.2829277022190408,DEGREE_LIMIT_4
ST033,ST048,3.606,3.608,1.0005546311702718,DEGREE_LIMIT_4
ST033,ST049,6.473,6.58,1.0165302023791132,DEGREE_LIMIT_4
ST033,ST050,5.79,10.464,1.8072538860103629,DEGREE_LIMIT_4
ST033,ST051,13.406,27.463,2.0485603461136805,DEGREE_LIMIT_4
ST033,ST052,10.022,36.198,3.6118539213729792,DEGREE_LIMIT_4
ST033,ST053,6.235,11.085,1.7778668805132318,DEGREE_LIMIT_4
ST033,ST054,8.36,13.23,1.5825358851674642,DEGREE_LIMIT_4
ST033,ST055,6.669,6.952,1.0424351476983056,DEGREE_LIMIT_4
ST034,ST035,0.462,13.218,28.61038961038961,DEGREE_LIMIT_4
ST034,ST036,0.834,45.253,54.26019184652279,DEGREE_LIMIT_4
ST034,ST037,1.204,12.096,10.046511627906977,DEGREE_LIMIT_4
ST034,ST038,5.716,39.587,6.9256473058082575,DEGREE_LIMIT_4
ST034,ST039,5.814,45.117000000000004,7.760061919504644,DEGREE_LIMIT_4
ST034,ST040,6.322,32.191,5.091901297057894,DEGREE_LIMIT_4
ST034,ST041,9.239,41.375,4.478298517155536,DEGREE_LIMIT_4
ST034,ST042,6.53,38.018,5.822052067381317,DEGREE_LIMIT_4
ST034,ST043,6.443,7.211,1.1191991308396712,DEGREE_LIMIT_4
ST034,ST044,6.398,11.743,1.8354173179118476,DEGREE_LIMIT_4
ST034,ST045,6.149,6.54,1.0635875752154822,DEGREE_LIMIT_4
ST034,ST046,6.911,24.462,3.5395745912313705,DEGREE_LIMIT_4
ST034,ST047,8.311,17.314,2.0832631452292145,DEGREE_LIMIT_4
ST034,ST048,5.962,13.753,2.3067762495806776,DEGREE_LIMIT_4
ST034,ST049,13.582,16.724999999999998,1.2314092180827563,DEGREE_LIMIT_4
ST034,ST050,7.605,20.608999999999998,2.709927679158448,DEGREE_LIMIT_4
ST034,ST051,7.654999999999999,37.608000000000004,4.9128674069235805,DEGREE_LIMIT_4
ST034,ST052,4.271,46.343,10.850620463591666,DEGREE_LIMIT_4
ST034,ST053,11.657,21.23,1.8212232993051385,DEGREE_LIMIT_4
ST034,ST054,7.997999999999999,23.375,2.9226056514128533,DEGREE_LIMIT_4
ST034,ST055,13.216000000000001,17.096999999999998,1.2936592009685228,DEGREE_LIMIT_4
ST035,ST036,0.644,44.04899999999999,68.39906832298135,DEGREE_LIMIT_4
ST035,ST037,1.12,12.234,10.923214285714284,DEGREE_LIMIT_4
ST035,ST038,5.28,38.382999999999996,7.269507575757575,DEGREE_LIMIT_4
ST035,ST039,5.378,43.913,8.165303086649311,DEGREE_LIMIT_4
ST035,ST040,5.886,30.987,5.264525993883792,DEGREE_LIMIT_4
ST035,ST041,8.803,40.17099999999999,4.563330682721798,DEGREE_LIMIT_4
ST035,ST042,6.177,36.81399999999999,5.9598510603853,DEGREE_LIMIT_4
ST035,ST043,6.007,6.007,1.0,DEGREE_LIMIT_4
ST035,ST044,6.03,10.539,1.7477611940298505,DEGREE_LIMIT_4
ST035,ST045,5.796,6.678,1.1521739130434783,DEGREE_LIMIT_4
ST035,ST046,6.475,23.258,3.591969111969112,DEGREE_LIMIT_4
ST035,ST047,7.875,16.11,2.045714285714286,DEGREE_LIMIT_4
ST035,ST048,5.609,12.549,2.2372972009270815,DEGREE_LIMIT_4
ST035,ST049,13.229,15.520999999999997,1.1732557260563912,DEGREE_LIMIT_4
ST035,ST050,7.169,19.404999999999998,2.7067931371181473,DEGREE_LIMIT_4
ST035,ST051,7.218999999999999,36.403999999999996,5.042803712425544,DEGREE_LIMIT_4
ST035,ST052,3.835,45.138999999999996,11.770273794002607,DEGREE_LIMIT_4
ST035,ST053,11.304,20.026,1.771585279547063,DEGREE_LIMIT_4
ST035,ST054,7.561999999999999,22.171,2.931896323723883,DEGREE_LIMIT_4
ST035,ST055,12.863,15.892999999999999,1.235559356293244,DEGREE_LIMIT_4
ST036,ST037,0.688,44.269,64.34447674418605,DEGREE_LIMIT_4
ST036,ST038,5.221,14.112000000000002,2.7029304730894466,DEGREE_LIMIT_4
ST036,ST039,5.269,19.642,3.7278420952742453,DEGREE_LIMIT_4
ST036,ST040,6.5040000000000004,13.062000000000001,2.0083025830258303,DEGREE_LIMIT_4
ST036,ST041,9.421,15.900000000000002,1.687718925804055,DEGREE_LIMIT_4
ST036,ST042,6.573,12.543000000000001,1.908261068005477,DEGREE_LIMIT_4
ST036,ST043,6.146999999999999,38.042,6.188709939808037,DEGREE_LIMIT_4
ST036,ST044,6.17,36.706,5.949108589951378,DEGREE_LIMIT_4
ST036,ST045,6.244,38.713,6.20003203074952,DEGREE_LIMIT_4
ST036,ST046,7.093,22.965,3.23769913999718,DEGREE_LIMIT_4
ST036,ST047,8.493,32.223,3.7940657011656658,DEGREE_LIMIT_4
ST036,ST048,6.227,38.716,6.2174401798618915,DEGREE_LIMIT_4
ST036,ST049,13.538,37.526,2.771901314817551,DEGREE_LIMIT_4
ST036,ST050,7.787,35.517999999999994,4.561191729806087,DEGREE_LIMIT_4
ST036,ST051,7.837,18.479,2.3579175704989153,DEGREE_LIMIT_4
ST036,ST052,4.453,20.868000000000002,4.6862789130922975,DEGREE_LIMIT_4
ST036,ST053,11.948,36.138999999999996,3.024690324740542,DEGREE_LIMIT_4
ST036,ST054,8.18,21.878,2.6745721271393643,DEGREE_LIMIT_4
ST036,ST055,13.507,37.897999999999996,2.8058043977197005,DEGREE_LIMIT_4
ST037,ST038,4.967,38.603,7.7718945037245835,DEGREE_LIMIT_4
ST037,ST039,5.065,44.13300000000001,8.713326752221127,DEGREE_LIMIT_4
ST037,ST040,6.98,31.207,4.470916905444126,DEGREE_LIMIT_4
ST037,ST041,9.274,40.391000000000005,4.355294371360794,DEGREE_LIMIT_4
ST037,ST042,6.708,37.034000000000006,5.520870602265952,DEGREE_LIMIT_4
ST037,ST043,5.459,6.227,1.1406851071624842,DEGREE_LIMIT_4
ST037,ST044,5.482,10.759000000000002,1.9626048887267424,DEGREE_LIMIT_4
ST037,ST045,5.556,5.556,1.0,DEGREE_LIMIT_4
ST037,ST046,7.569,23.478,3.101862861672612,DEGREE_LIMIT_4
ST037,ST047,8.163,16.330000000000002,2.000490015925518,DEGREE_LIMIT_4
ST037,ST048,6.192,12.769000000000002,2.0621770025839794,DEGREE_LIMIT_4
ST037,ST049,12.85,15.741,1.2249805447470816,DEGREE_LIMIT_4
ST037,ST050,8.289,19.625000000000004,2.3675956086379544,DEGREE_LIMIT_4
ST037,ST051,7.679,36.624,4.7693710118505015,DEGREE_LIMIT_4
ST037,ST052,4.929,45.35900000000001,9.202475147088661,DEGREE_LIMIT_4
ST037,ST053,11.611,20.246000000000002,1.743691327189734,DEGREE_LIMIT_4
ST037,ST054,8.656,22.391000000000002,2.5867606284658042,DEGREE_LIMIT_4
ST037,ST055,12.948,16.113,1.2444392956441148,DEGREE_LIMIT_4
ST038,ST039,1.349,13.975999999999999,10.360266864343957,DEGREE_LIMIT_4
ST038,ST040,4.911,7.396,1.5060069232335573,DEGREE_LIMIT_4
ST038,ST041,4.469,10.234,2.2899977623629444,DEGREE_LIMIT_4
ST038,ST042,2.385,6.877,2.8834381551362687,DEGREE_LIMIT_4
ST038,ST043,10.425999999999998,32.376,3.1053136389794744,DEGREE_LIMIT_4
ST038,ST044,10.449,31.04,2.970619198009379,DEGREE_LIMIT_4
ST038,ST045,10.218,33.047,3.2341945586220393,DEGREE_LIMIT_4
ST038,ST046,9.808,17.299,1.76376427406199,DEGREE_LIMIT_4
ST038,ST047,12.458000000000002,26.557,2.131722587895328,DEGREE_LIMIT_4
ST038,ST048,10.058,33.05,3.285941539073374,DEGREE_LIMIT_4
ST038,ST049,17.525,31.86,1.8179743223965765,DEGREE_LIMIT_4
ST038,ST050,11.772,29.852,2.5358477743798846,DEGREE_LIMIT_4
ST038,ST051,3.27,12.812999999999999,3.918348623853211,DEGREE_LIMIT_4
ST038,ST052,3.367,15.202,4.514998514998515,DEGREE_LIMIT_4
ST038,ST053,15.511000000000001,30.473,1.9646057636516019,DEGREE_LIMIT_4
ST038,ST054,8.721,16.212,1.8589611283109735,DEGREE_LIMIT_4
ST038,ST055,17.07,32.232,1.888224956063269,DEGREE_LIMIT_4
ST039,ST040,4.905,12.926,2.6352701325178387,DEGREE_LIMIT_4
ST039,ST041,4.913,10.456,2.1282312232851615,DEGREE_LIMIT_4
ST039,ST042,2.747,7.099,2.5842737531852933,DEGREE_LIMIT_4
ST039,ST043,9.797,37.906,3.8691436153924665,DEGREE_LIMIT_4
ST039,ST044,9.82,36.57,3.7240325865580446,DEGREE_LIMIT_4
ST039,ST045,9.894,38.577,3.899029714978775,DEGREE_LIMIT_4
ST039,ST046,9.905999999999999,22.829,2.304562891177065,DEGREE_LIMIT_4
ST039,ST047,12.158000000000001,32.087,2.639167626254318,DEGREE_LIMIT_4
ST039,ST048,9.913,38.58,3.891859174820942,DEGREE_LIMIT_4
ST039,ST049,17.224999999999998,37.39,2.170682148040639,DEGREE_LIMIT_4
ST039,ST050,11.624,35.382,3.0438747419132826,DEGREE_LIMIT_4
ST039,ST051,3.723,18.343,4.926940639269406,DEGREE_LIMIT_4
ST039,ST052,2.854,15.424,5.404344779257182,DEGREE_LIMIT_4
ST039,ST053,15.211,36.003,2.3669055288935636,DEGREE_LIMIT_4
ST039,ST054,8.818999999999999,21.742,2.465358884227237,DEGREE_LIMIT_4
ST039,ST055,16.77,37.76199999999999,2.2517590936195586,DEGREE_LIMIT_4
ST040,ST041,6.311,9.184000000000001,1.45523688797338,DEGREE_LIMIT_4
ST040,ST042,3.46,5.827,1.6841040462427745,DEGREE_LIMIT_4
ST040,ST043,7.04,24.98,3.5482954545454546,DEGREE_LIMIT_4
ST040,ST044,7.774,23.644,3.0414201183431953,DEGREE_LIMIT_4
ST040,ST045,6.568,25.651,3.9054506699147384,DEGREE_LIMIT_4
ST040,ST046,6.129,9.902999999999999,1.615761135584924,DEGREE_LIMIT_4
ST040,ST047,8.159,19.160999999999998,2.3484495648976584,DEGREE_LIMIT_4
ST040,ST048,6.381,25.654,4.0203729822911765,DEGREE_LIMIT_4
ST040,ST049,14.083,24.464,1.7371298728963998,DEGREE_LIMIT_4
ST040,ST050,7.453,22.456,3.0130148933315444,DEGREE_LIMIT_4
ST040,ST051,4.881,5.417,1.1098135627945092,DEGREE_LIMIT_4
ST040,ST052,2.051,14.152000000000001,6.900048756704047,DEGREE_LIMIT_4
ST040,ST053,11.627,23.076999999999998,1.9847768125913818,DEGREE_LIMIT_4
ST040,ST054,5.042,8.815999999999999,1.74851249504165,DEGREE_LIMIT_4
ST040,ST055,13.628,24.836000000000002,1.8224244203111244,DEGREE_LIMIT_4
ST041,ST042,3.357,3.357,1.0,DEGREE_LIMIT_4
ST041,ST043,10.435,34.164,3.273981792045999,DEGREE_LIMIT_4
ST041,ST044,11.169,32.828,2.939206732921479,DEGREE_LIMIT_4
ST041,ST045,9.963,34.835,3.4964368162200143,DEGREE_LIMIT_4
ST041,ST046,9.524,19.087,2.004094918101638,DEGREE_LIMIT_4
ST041,ST047,12.593,28.345,2.2508536488525372,DEGREE_LIMIT_4
ST041,ST048,9.776,34.838,3.5636252045826518,DEGREE_LIMIT_4
ST041,ST049,17.81,33.648,1.889275687815834,DEGREE_LIMIT_4
ST041,ST050,11.886999999999999,31.64,2.661731303104232,DEGREE_LIMIT_4
ST041,ST051,2.393,14.601,6.101546176347681,DEGREE_LIMIT_4
ST041,ST052,4.968,4.968,1.0,DEGREE_LIMIT_4
ST041,ST053,15.83,32.260999999999996,2.0379658875552744,DEGREE_LIMIT_4
ST041,ST054,8.437,18.0,2.133459760578405,DEGREE_LIMIT_4
ST041,ST055,17.222,34.019999999999996,1.9753803274880963,DEGREE_LIMIT_4
ST042,ST043,9.03,30.807000000000002,3.4116279069767446,DEGREE_LIMIT_4
ST042,ST044,9.764,29.471,3.0183326505530523,DEGREE_LIMIT_4
ST042,ST045,8.531,31.478,3.689837064822412,DEGREE_LIMIT_4
ST042,ST046,8.121,15.73,1.9369535771456716,DEGREE_LIMIT_4
ST042,ST047,10.814,24.988,2.310708341039393,DEGREE_LIMIT_4
ST042,ST048,8.371,31.481,3.760721538645323,DEGREE_LIMIT_4
ST042,ST049,15.956000000000001,30.291,1.898408122336425,DEGREE_LIMIT_4
ST042,ST050,10.085,28.283,2.8044620723847298,DEGREE_LIMIT_4
ST042,ST051,2.072,11.244,5.426640926640927,DEGREE_LIMIT_4
ST042,ST052,2.348,8.325,3.54557069846678,DEGREE_LIMIT_4
ST042,ST053,13.942,28.904,2.073160235260364,DEGREE_LIMIT_4
ST042,ST054,7.034,14.643,2.0817458060847316,DEGREE_LIMIT_4
ST042,ST055,15.501000000000001,30.663,1.9781304431972129,DEGREE_LIMIT_4
ST043,ST044,0.734,4.532,6.174386920980926,DEGREE_LIMIT_4
ST043,ST045,0.671,0.671,1.0,DEGREE_LIMIT_4
ST043,ST046,4.974,17.251,3.468234821069562,DEGREE_LIMIT_4
ST043,ST047,3.278,10.103,3.0820622330689442,DEGREE_LIMIT_4
ST043,ST048,1.307,6.542,5.0053557765876056,DEGREE_LIMIT_4
ST043,ST049,7.593999999999999,9.514,1.2528311825125098,DEGREE_LIMIT_4
ST043,ST050,3.48,13.398,3.85,DEGREE_LIMIT_4
ST043,ST051,11.102,30.397,2.7379751396144836,DEGREE_LIMIT_4
ST043,ST052,7.723,39.132000000000005,5.066942897837628,DEGREE_LIMIT_4
ST043,ST053,6.728,14.019,2.0836801426872773,DEGREE_LIMIT_4
ST043,ST054,6.061,16.164,2.6668866523675963,DEGREE_LIMIT_4
ST043,ST055,7.8260000000000005,9.886000000000001,1.2632251469460771,DEGREE_LIMIT_4
ST044,ST045,1.383,5.203,3.7621113521330445,DEGREE_LIMIT_4
ST044,ST046,5.675,15.915,2.8044052863436124,DEGREE_LIMIT_4
ST044,ST047,3.99,8.767,2.1972431077694234,DEGREE_LIMIT_4
ST044,ST048,2.008,5.206,2.5926294820717133,DEGREE_LIMIT_4
ST044,ST049,7.512,8.178,1.0886581469648564,DEGREE_LIMIT_4
ST044,ST050,4.192,12.062,2.877385496183206,DEGREE_LIMIT_4
ST044,ST051,11.808,29.061,2.4611280487804876,DEGREE_LIMIT_4
ST044,ST052,8.424,37.79600000000001,4.486704653371321,DEGREE_LIMIT_4
ST044,ST053,6.997,12.683,1.8126339859939975,DEGREE_LIMIT_4
ST044,ST054,6.762,14.828,2.1928423543330378,DEGREE_LIMIT_4
ST044,ST055,7.744,8.55,1.1040805785123968,DEGREE_LIMIT_4
ST045,ST046,4.467,17.922,4.012088650100739,DEGREE_LIMIT_4
ST045,ST047,2.631,10.774,4.095020904599012,DEGREE_LIMIT_4
ST045,ST048,0.8,7.213000000000001,9.016250000000001,DEGREE_LIMIT_4
ST045,ST049,7.847,10.184999999999999,1.2979482604817125,DEGREE_LIMIT_4
ST045,ST050,2.833,14.068999999999999,4.966113660430638,DEGREE_LIMIT_4
ST045,ST051,10.603000000000002,31.067999999999998,2.930114118645666,DEGREE_LIMIT_4
ST045,ST052,7.23,39.803,5.505255878284923,DEGREE_LIMIT_4
ST045,ST053,6.0569999999999995,14.69,2.425293049364372,DEGREE_LIMIT_4
ST045,ST054,5.553999999999999,16.835,3.0311487216420603,DEGREE_LIMIT_4
ST045,ST055,7.392,10.557,1.4281655844155845,DEGREE_LIMIT_4
ST046,ST047,3.069,11.431999999999999,3.7249918540241116,DEGREE_LIMIT_4
ST046,ST048,3.667,17.924999999999997,4.888191982547041,DEGREE_LIMIT_4
ST046,ST049,8.306,16.735,2.0148085721165425,DEGREE_LIMIT_4
ST046,ST050,2.363,14.726999999999999,6.232331781633516,DEGREE_LIMIT_4
ST046,ST051,10.12,15.319999999999999,1.5138339920948616,DEGREE_LIMIT_4
ST046,ST052,7.317,24.055,3.2875495421620884,DEGREE_LIMIT_4
ST046,ST053,6.393,15.347999999999999,2.400750821210699,DEGREE_LIMIT_4
ST046,ST054,1.087,1.087,1.0,DEGREE_LIMIT_4
ST046,ST055,7.851,17.107,2.1789580945102536,DEGREE_LIMIT_4
ST047,ST048,3.431,10.777000000000001,3.141066744389391,DEGREE_LIMIT_4
ST047,ST049,6.569,9.587,1.4594306591566448,DEGREE_LIMIT_4
ST047,ST050,0.729,7.579,10.396433470507544,DEGREE_LIMIT_4
ST047,ST051,11.973,24.577999999999996,2.0527854338929252,DEGREE_LIMIT_4
ST047,ST052,9.304,33.312999999999995,3.580503009458297,DEGREE_LIMIT_4
ST047,ST053,3.916,3.916,1.0,DEGREE_LIMIT_4
ST047,ST054,4.156,10.344999999999999,2.489172281039461,DEGREE_LIMIT_4
ST047,ST055,6.114,9.959,1.6288845273143604,DEGREE_LIMIT_4
ST048,ST049,8.647,10.187999999999999,1.1782120966809297,DEGREE_LIMIT_4
ST048,ST050,3.182,14.072,4.422375864236329,DEGREE_LIMIT_4
ST048,ST051,10.443,31.070999999999998,2.975294455616202,DEGREE_LIMIT_4
ST048,ST052,7.059,39.806,5.639042357274401,DEGREE_LIMIT_4
ST048,ST053,6.856999999999999,14.693,2.1427738077876626,DEGREE_LIMIT_4
ST048,ST054,4.754,16.838,3.541859486748002,DEGREE_LIMIT_4
ST048,ST055,8.192,10.56,1.2890625,DEGREE_LIMIT_4
ST049,ST050,6.734,12.882,1.912978912978913,DEGREE_LIMIT_4
ST049,ST051,17.384,29.881,1.7188794293603313,DEGREE_LIMIT_4
ST049,ST052,14.371,38.616,2.687078143483404,DEGREE_LIMIT_4
ST049,ST053,3.789,13.503,3.5637371338083925,DEGREE_LIMIT_4
ST049,ST054,9.392999999999999,15.648,1.6659214308527628,DEGREE_LIMIT_4
ST049,ST055,0.676,9.37,13.860946745562128,DEGREE_LIMIT_4
ST050,ST051,11.244,27.872999999999998,2.478922091782284,DEGREE_LIMIT_4
ST050,ST052,8.77,36.608,4.1742303306727475,DEGREE_LIMIT_4
ST050,ST053,4.1739999999999995,11.495000000000001,2.7539530426449454,DEGREE_LIMIT_4
ST050,ST054,3.45,13.64,3.953623188405797,DEGREE_LIMIT_4
ST050,ST055,6.177,13.254000000000001,2.14570179698883,DEGREE_LIMIT_4
ST051,ST052,3.384,19.569,5.782801418439716,DEGREE_LIMIT_4
ST051,ST053,15.136000000000001,28.494,1.8825317124735728,DEGREE_LIMIT_4
ST051,ST054,9.033,14.233,1.5756669987822431,DEGREE_LIMIT_4
ST051,ST055,16.929,30.253000000000004,1.7870518045956647,DEGREE_LIMIT_4
ST052,ST053,12.357,37.229,3.0127862749858383,DEGREE_LIMIT_4
ST052,ST054,6.23,22.968,3.6866773675762436,DEGREE_LIMIT_4
ST052,ST055,13.916,38.98799999999999,2.8016671457315314,DEGREE_LIMIT_4
ST053,ST054,7.393,14.261,1.9289868794805898,DEGREE_LIMIT_4
ST053,ST055,3.334,13.875,4.161667666466706,DEGREE_LIMIT_4
ST054,ST055,8.785,16.02,1.8235628912919748,DEGREE_LIMIT_4
