pair_order,pair_id,from_order,from_station_id,from_station_name,to_order,to_station_id,to_station_name,w1_distance_m,distance_km,w2_average_lanes,w3_protection_proxy,w3_child_protection_proxy,w3_senior_protection_proxy,w3_disabled_protection_proxy,w3_classification,w4_average_absolute_grade_pct,w4_classification,distance_norm,lane_inverse_norm,lane_penalty_norm,protection_norm,slope_norm,scenario_cost,structure
1409,ST043__ST045,43,ST043,시흥종합버스터미널,45,ST045,시흥중앙도서관,671.0,0.671,3.1817228022763167,0.300402098,0.300402098,0.0,0.0,PRELIMINARY_POINT_BUFFER_PROXY,0.425583211,PRELIMINARY_90M,0.055986649979140594,0.31429513573104634,0.31429513573104634,0.300402098,0.07093053516666667,0.1854036047192134,CANDIDATE_GRAPH
136,ST003__ST032,3,ST003,배곧한울공원,32,ST032,희망공원,2946.0,2.946,2.474419063810549,0.0,0.0,0.0,0.0,PRELIMINARY_POINT_BUFFER_PROXY,0.664390229,PRELIMINARY_90M,0.2458072590738423,0.40413526335350114,0.40413526335350114,0.0,0.11073170483333333,0.1901685568151692,CANDIDATE_GRAPH
259,ST005__ST054,5,ST005,배곧중·고등학교,54,ST054,시흥 프리미엄 아울렛,1508.0,1.508,1.711681176130996,0.0,0.0,0.0,0.0,PRELIMINARY_POINT_BUFFER_PROXY,0.623743217,PRELIMINARY_90M,0.12582394659991655,0.5842209483546189,0.5842209483546189,0.0,0.10395720283333333,0.2035005244469672,CANDIDATE_GRAPH
151,ST003__ST047,3,ST003,배곧한울공원,47,ST047,배곧2동행정복지센터,2142.0,2.142,2.998593533213879,0.082490603,0.082490603,0.0,0.0,PRELIMINARY_POINT_BUFFER_PROXY,1.45164868,PRELIMINARY_90M,0.17872340425531916,0.3334896807198155,0.3334896807198155,0.082490603,0.24194144666666664,0.2091612836604503,CANDIDATE_GRAPH
1242,ST033__ST043,33,ST033,타원산업단지,43,ST043,시흥종합버스터미널,2934.0,2.934,2.565523484039041,0.07531911,0.07531911,0.0,0.0,PRELIMINARY_POINT_BUFFER_PROXY,0.889229462,PRELIMINARY_90M,0.24480600750938675,0.3897839977771891,0.3897839977771891,0.07531911,0.14820491033333333,0.21452850640497728,CANDIDATE_GRAPH
1243,ST033__ST044,33,ST033,타원산업단지,44,ST044,경기과학기술대학교,1598.0,1.598,1.7010597777371803,0.123630586,0.123630586,0.0,0.0,PRELIMINARY_POINT_BUFFER_PROXY,0.331684145,PRELIMINARY_90M,0.13333333333333333,0.5878688174793252,0.5878688174793252,0.123630586,0.05528069083333333,0.22502835691149795,CANDIDATE_GRAPH
1224,ST032__ST047,32,ST032,희망공원,47,ST047,배곧2동행정복지센터,4347.0,4.347,3.0270902313068655,0.040631434,0.040631434,0.0,0.0,PRELIMINARY_POINT_BUFFER_PROXY,1.009713027,PRELIMINARY_90M,0.36270337922403006,0.33035024514887906,0.33035024514887906,0.040631434,0.16828550450000002,0.22549264071822728,CANDIDATE_GRAPH
1145,ST029__ST040,29,ST029,관곡공원,40,ST040,갯골생태공원,3173.0,3.173,2.6002442194967386,0.0,0.0,0.0,0.0,PRELIMINARY_POINT_BUFFER_PROXY,1.529257702,PRELIMINARY_90M,0.26474760116812684,0.38457926086402144,0.38457926086402144,0.0,0.25487628366666665,0.22605078642470372,CANDIDATE_GRAPH
1226,ST032__ST049,32,ST032,희망공원,49,ST049,거북섬 웨이브파크 정문,4499.0,4.499,3.070219818149316,0.042639664,0.042639664,0.0,0.0,PRELIMINARY_POINT_BUFFER_PROXY,0.994963213,PRELIMINARY_90M,0.37538589904046726,0.32570957756464014,0.32570957756464014,0.042639664,0.16582720216666666,0.22739058569294351,CANDIDATE_GRAPH
1448,ST046__ST054,46,ST046,배곧1동행정복지센터,54,ST054,시흥 프리미엄 아울렛,1087.0,1.087,2.0,0.198910149,0.198910149,0.0,0.0,PRELIMINARY_POINT_BUFFER_PROXY,0.722410179,PRELIMINARY_90M,0.09069670421360033,0.5,0.5,0.198910149,0.1204016965,0.2275021374284001,CANDIDATE_GRAPH
1244,ST033__ST045,33,ST033,타원산업단지,45,ST045,시흥중앙도서관,3637.0,3.637,3.4781306841531268,0.249273043,0.249273043,0.0,0.0,PRELIMINARY_POINT_BUFFER_PROXY,0.487234376,PRELIMINARY_90M,0.30346266166040886,0.28751076104073564,0.28751076104073564,0.249273043,0.08120572933333334,0.23036304875861946,CANDIDATE_GRAPH
1210,ST032__ST033,32,ST032,희망공원,33,ST033,타원산업단지,2081.0,2.081,1.4965117896209403,0.0,0.0,0.0,0.0,PRELIMINARY_POINT_BUFFER_PROXY,0.481788461,PRELIMINARY_90M,0.17363370880267,0.6682205960123411,0.6682205960123411,0.0,0.08029807683333333,0.2305380954120861,CANDIDATE_GRAPH
1,ST001__ST002,1,ST001,월곶역,2,ST002,월곶포구,619.0,0.619,1.5532421960245575,0.149164241,0.149164241,0.0,0.0,PRELIMINARY_POINT_BUFFER_PROXY,0.47799073,PRELIMINARY_90M,0.05164789319983312,0.6438145979805647,0.6438145979805647,0.149164241,0.07966512166666666,0.23107296346176612,CANDIDATE_GRAPH
880,ST020__ST045,20,ST020,시화공업단지[왼쪽부근],45,ST045,시흥중앙도서관,1373.0,1.373,2.951996349336429,0.38168565,0.38168565,0.0,0.0,PRELIMINARY_POINT_BUFFER_PROXY,0.548337,PRELIMINARY_90M,0.1145598664997914,0.3387538064621209,0.3387538064621209,0.38168565,0.0913895,0.23159720574047807,CANDIDATE_GRAPH
108,ST003__ST004,3,ST003,배곧한울공원,4,ST004,배곧중심상가,4685.0,4.685,2.9330495193194137,0.0,0.0,0.0,0.0,PRELIMINARY_POINT_BUFFER_PROXY,1.18657571,PRELIMINARY_90M,0.3909052982895286,0.340942078684045,0.340942078684045,0.0,0.19776261833333333,0.23240249882672673,CANDIDATE_GRAPH
137,ST003__ST033,3,ST003,배곧한울공원,33,ST033,타원산업단지,4416.0,4.416,2.7688580814682218,0.124574268,0.124574268,0.0,0.0,PRELIMINARY_POINT_BUFFER_PROXY,0.455012626,PRELIMINARY_90M,0.3684605757196496,0.3611597165968642,0.3611597165968642,0.124574268,0.07583543766666666,0.23250749949579513,CANDIDATE_GRAPH
1220,ST032__ST043,32,ST032,희망공원,43,ST043,시흥종합버스터미널,3095.0,3.095,2.2048417647809075,0.071388765,0.071388765,0.0,0.0,PRELIMINARY_POINT_BUFFER_PROXY,0.910646818,PRELIMINARY_90M,0.25823946599916564,0.4535472866912827,0.4535472866912827,0.071388765,0.15177446966666666,0.23373749683927875,CANDIDATE_GRAPH
115,ST003__ST011,3,ST003,배곧한울공원,11,ST011,배곧생명공원,4442.0,4.442,2.929381135965357,0.030002831,0.030002831,0.0,0.0,PRELIMINARY_POINT_BUFFER_PROXY,1.252044916,PRELIMINARY_90M,0.3706299541093033,0.3413690310634355,0.3413690310634355,0.030002831,0.20867415266666667,0.23766899220985138,CANDIDATE_GRAPH
934,ST022__ST032,22,ST022,오이도박물관,32,ST032,희망공원,2894.0,2.894,2.88457420094931,0.0,0.0,0.0,0.0,PRELIMINARY_POINT_BUFFER_PROXY,2.242877844,PRELIMINARY_90M,0.24146850229453484,0.3466716160987993,0.3466716160987993,0.0,0.373812974,0.24048827309833354,CANDIDATE_GRAPH
53,ST001__ST054,1,ST001,월곶역,54,ST054,시흥 프리미엄 아울렛,3069.0,3.069,2.971566575272677,0.131704676,0.131704676,0.0,0.0,PRELIMINARY_POINT_BUFFER_PROXY,1.446878915,PRELIMINARY_90M,0.2560700876095119,0.3365228322061867,0.3365228322061867,0.131704676,0.24114648583333334,0.24136102041225796,CANDIDATE_GRAPH
209,ST004__ST054,4,ST004,배곧중심상가,54,ST054,시흥 프리미엄 아울렛,3518.0,3.518,3.9115620934849367,0.174673018,0.174673018,0.0,0.0,PRELIMINARY_POINT_BUFFER_PROXY,1.470188615,PRELIMINARY_90M,0.29353358364622445,0.25565233942357485,0.25565233942357485,0.174673018,0.24503143583333334,0.24222259422578316,CANDIDATE_GRAPH
868,ST020__ST033,20,ST020,시화공업단지[왼쪽부근],33,ST033,타원산업단지,1990.0,1.99,1.8702031081023514,0.164715764,0.164715764,0.0,0.0,PRELIMINARY_POINT_BUFFER_PROXY,0.638115692,PRELIMINARY_90M,0.16604088443888193,0.5347012822659006,0.5347012822659006,0.164715764,0.10635261533333333,0.24295263650952897,CANDIDATE_GRAPH
957,ST022__ST055,22,ST022,오이도박물관,55,ST055,해양생태과학관,1977.0,1.977,2.056726097058233,0.0,0.0,0.0,0.0,PRELIMINARY_POINT_BUFFER_PROXY,2.016046436,PRELIMINARY_90M,0.16495619524405508,0.486209613146989,0.486209613146989,0.0,0.33600773933333333,0.24679338693109437,CANDIDATE_GRAPH
534,ST011__ST050,11,ST011,배곧생명공원,50,ST050,시흥한라3차아파트,995.0,0.995,2.969355785245408,0.47264275,0.47264275,0.0,0.0,PRELIMINARY_POINT_BUFFER_PROXY,0.56995669,PRELIMINARY_90M,0.08302044221944097,0.3367733853144018,0.3367733853144018,0.47264275,0.09499278166666668,0.24685733980012736,CANDIDATE_GRAPH
878,ST020__ST043,20,ST020,시화공업단지[왼쪽부근],43,ST043,시흥종합버스터미널,792.0,0.792,2.422886141395766,0.407592084,0.407592084,0.0,0.0,PRELIMINARY_POINT_BUFFER_PROXY,0.610397046,PRELIMINARY_90M,0.06608260325406759,0.4127309091891228,0.4127309091891228,0.407592084,0.101732841,0.2470346093607976,CANDIDATE_GRAPH
867,ST020__ST032,20,ST020,시화공업단지[왼쪽부근],32,ST032,희망공원,3417.0,3.417,2.3443302754970845,0.138210853,0.138210853,0.0,0.0,PRELIMINARY_POINT_BUFFER_PROXY,0.829933024,PRELIMINARY_90M,0.2851063829787234,0.42656105688349016,0.42656105688349016,0.138210853,0.13832217066666666,0.24705011588222006,CANDIDATE_GRAPH
1222,ST032__ST045,32,ST032,희망공원,45,ST045,시흥중앙도서관,3542.0,3.542,3.695161173181692,0.239589717,0.239589717,0.0,0.0,PRELIMINARY_POINT_BUFFER_PROXY,1.100349444,PRELIMINARY_90M,0.2955360867751356,0.27062419015919603,0.27062419015919603,0.239589717,0.18339157399999997,0.2472853919835829,CANDIDATE_GRAPH
1246,ST033__ST047,33,ST033,타원산업단지,47,ST047,배곧2동행정복지센터,5822.0,5.822,2.832765178273928,0.030351918,0.030351918,0.0,0.0,PRELIMINARY_POINT_BUFFER_PROXY,0.750301445,PRELIMINARY_90M,0.4857738840216938,0.3530119643059592,0.3530119643059592,0.030351918,0.12505024083333333,0.24854700179024658,CANDIDATE_GRAPH
1248,ST033__ST049,33,ST033,타원산업단지,49,ST049,거북섬 웨이브파크 정문,6473.0,6.473,3.047600158788452,0.029639496,0.029639496,0.0,0.0,PRELIMINARY_POINT_BUFFER_PROXY,0.648130457,PRELIMINARY_90M,0.5400917813934084,0.3281270336977347,0.3281270336977347,0.029639496,0.10802174283333334,0.25147001348111914,CANDIDATE_GRAPH
205,ST004__ST050,4,ST004,배곧중심상가,50,ST050,시흥한라3차아파트,2083.0,2.083,3.3375162940590184,0.4015265,0.4015265,0.0,0.0,PRELIMINARY_POINT_BUFFER_PROXY,0.795418286,PRELIMINARY_90M,0.1738005840634126,0.29962400536592454,0.29962400536592454,0.4015265,0.13256971433333334,0.2518802009406676,CANDIDATE_GRAPH
949,ST022__ST047,22,ST022,오이도박물관,47,ST047,배곧2동행정복지센터,4352.0,4.352,3.2556383357386656,0.040564469,0.040564469,0.0,0.0,PRELIMINARY_POINT_BUFFER_PROXY,1.850197274,PRELIMINARY_90M,0.36312056737588655,0.3071594252415976,0.3071594252415976,0.040564469,0.30836621233333333,0.2548026684877044,CANDIDATE_GRAPH
820,ST019__ST020,19,ST019,시화병원,20,ST020,시화공업단지[왼쪽부근],1979.0,1.979,2.8736363843131483,0.422822321,0.422822321,0.0,0.0,PRELIMINARY_POINT_BUFFER_PROXY,0.548112375,PRELIMINARY_90M,0.16512307050479766,0.34799113953974325,0.34799113953974325,0.422822321,0.0913520625,0.2568221483861352,CANDIDATE_GRAPH
807,ST018__ST043,18,ST018,정왕역,43,ST043,시흥종합버스터미널,1406.0,1.406,2.6557306312689994,0.43367149,0.43367149,0.0,0.0,PRELIMINARY_POINT_BUFFER_PROXY,0.599226145,PRELIMINARY_90M,0.11731330830204423,0.3765442128150496,0.3765442128150496,0.43367149,0.09987102416666667,0.2568500088209401,CANDIDATE_GRAPH
466,ST010__ST026,10,ST010,은계호수공원,26,ST026,은계파크자이,1220.0,1.22,2.405341600576404,0.254629654,0.254629654,0.0,0.0,PRELIMINARY_POINT_BUFFER_PROXY,1.537591702,PRELIMINARY_90M,0.1017939090529829,0.41574136486907515,0.41574136486907515,0.254629654,0.2562652836666667,0.2571075528971811,CANDIDATE_GRAPH
1408,ST043__ST044,43,ST043,시흥종합버스터미널,44,ST044,경기과학기술대학교,734.0,0.734,2.289035195013716,0.336285385,0.336285385,0.0,0.0,PRELIMINARY_POINT_BUFFER_PROXY,1.176164054,PRELIMINARY_90M,0.06124322069253233,0.4368652793885976,0.4368652793885976,0.336285385,0.19602734233333333,0.2576053068536158,CANDIDATE_GRAPH
797,ST018__ST033,18,ST018,정왕역,33,ST033,타원산업단지,3728.0,3.728,2.6919701197263484,0.201894718,0.201894718,0.0,0.0,PRELIMINARY_POINT_BUFFER_PROXY,0.876118982,PRELIMINARY_90M,0.3110554860241969,0.3714751485063492,0.3714751485063492,0.201894718,0.14601983033333335,0.2576112957159699,CANDIDATE_GRAPH
252,ST005__ST047,5,ST005,배곧중·고등학교,47,ST047,배곧2동행정복지센터,3334.0,3.334,2.6812687086629072,0.216881735,0.216881735,0.0,0.0,PRELIMINARY_POINT_BUFFER_PROXY,0.993464254,PRELIMINARY_90M,0.27818105965790574,0.37295777061400126,0.37295777061400126,0.216881735,0.16557737566666667,0.2583994852346434,CANDIDATE_GRAPH
149,ST003__ST045,3,ST003,배곧한울공원,45,ST045,시흥중앙도서관,4063.0,4.063,3.6462280998642367,0.303337094,0.303337094,0.0,0.0,PRELIMINARY_POINT_BUFFER_PROXY,0.708093583,PRELIMINARY_90M,0.33900709219858155,0.2742560181677153,0.2742560181677153,0.303337094,0.11801559716666667,0.2586539503832409,CANDIDATE_GRAPH
160,ST004__ST005,4,ST004,배곧중심상가,5,ST005,배곧중·고등학교,2591.0,2.591,3.612965583991951,0.346284637,0.346284637,0.0,0.0,PRELIMINARY_POINT_BUFFER_PROXY,1.174987484,PRELIMINARY_90M,0.21618690029203172,0.27678093708689694,0.27678093708689694,0.346284637,0.19583124733333335,0.25877093042806554,CANDIDATE_GRAPH
951,ST022__ST049,22,ST022,오이도박물관,49,ST049,거북섬 웨이브파크 정문,2432.0,2.432,2.198773004915802,0.078808855,0.078808855,0.0,0.0,PRELIMINARY_POINT_BUFFER_PROXY,1.80570442,PRELIMINARY_90M,0.2029203170629954,0.45479910739503243,0.45479910739503243,0.078808855,0.30095073666666666,0.2593697540311736,CANDIDATE_GRAPH
1247,ST033__ST048,33,ST033,타원산업단지,48,ST048,정왕평생학습관 사거리,3608.0,3.608,2.731241808577759,0.220485387,0.220485387,0.0,0.0,PRELIMINARY_POINT_BUFFER_PROXY,0.925063471,PRELIMINARY_90M,0.30104297037964123,0.36613382120154736,0.36613382120154736,0.220485387,0.15417724516666667,0.2604598559369638,CANDIDATE_GRAPH
127,ST003__ST023,3,ST003,배곧한울공원,23,ST023,오이도역,4569.0,4.569,3.362496455886152,0.25196631,0.25196631,0.0,0.0,PRELIMINARY_POINT_BUFFER_PROXY,0.707990957,PRELIMINARY_90M,0.38122653316645805,0.297398082977744,0.297398082977744,0.25196631,0.11799849283333334,0.26214735474438383,CANDIDATE_GRAPH
3,ST001__ST004,1,ST001,월곶역,4,ST004,배곧중심상가,4737.0,4.737,3.465738984511636,0.156110614,0.156110614,0.0,0.0,PRELIMINARY_POINT_BUFFER_PROXY,1.268327568,PRELIMINARY_90M,0.39524405506883603,0.28853875161083775,0.28853875161083775,0.156110614,0.21138792799999997,0.2628203371699185,CANDIDATE_GRAPH
833,ST019__ST033,19,ST019,시화병원,33,ST033,타원산업단지,3836.0,3.836,2.7436795030655845,0.224557843,0.224557843,0.0,0.0,PRELIMINARY_POINT_BUFFER_PROXY,0.855941648,PRELIMINARY_90M,0.320066750104297,0.3644740571494134,0.3644740571494134,0.224557843,0.14265694133333334,0.26293889789676095,CANDIDATE_GRAPH
843,ST019__ST043,19,ST019,시화병원,43,ST043,시흥종합버스터미널,1504.0,1.504,1.864455410627717,0.337651847,0.337651847,0.0,0.0,PRELIMINARY_POINT_BUFFER_PROXY,0.368706378,PRELIMINARY_90M,0.12549019607843137,0.5363496462826773,0.5363496462826773,0.337651847,0.061451063,0.2652356880902772,CANDIDATE_GRAPH
187,ST004__ST032,4,ST004,배곧중심상가,32,ST032,희망공원,5657.0,5.657,3.382880136450011,0.171375946,0.171375946,0.0,0.0,PRELIMINARY_POINT_BUFFER_PROXY,0.759506429,PRELIMINARY_90M,0.4720066750104297,0.2956060988461147,0.2956060988461147,0.171375946,0.12658440483333333,0.2663932811724694,CANDIDATE_GRAPH
147,ST003__ST043,3,ST003,배곧한울공원,43,ST043,시흥종합버스터미널,4739.0,4.739,3.5517107534895764,0.285116743,0.285116743,0.0,0.0,PRELIMINARY_POINT_BUFFER_PROXY,0.649359863,PRELIMINARY_90M,0.39541093032957864,0.281554459077923,0.281554459077923,0.285116743,0.10822664383333334,0.26757719406020875,CANDIDATE_GRAPH
109,ST003__ST005,3,ST003,배곧한울공원,5,ST005,배곧중·고등학교,4928.0,4.928,2.777738601711209,0.110945923,0.110945923,0.0,0.0,PRELIMINARY_POINT_BUFFER_PROXY,1.138942822,PRELIMINARY_90M,0.41118064246975383,0.3600050772898343,0.3600050772898343,0.110945923,0.18982380366666665,0.2679888616065637,CANDIDATE_GRAPH
159,ST003__ST055,3,ST003,배곧한울공원,55,ST055,해양생태과학관,4683.0,4.683,2.979187730277081,0.0,0.0,0.0,0.0,PRELIMINARY_POINT_BUFFER_PROXY,2.085033623,PRELIMINARY_90M,0.390738423028786,0.33566196243262403,0.33566196243262403,0.0,0.34750560383333334,0.26847649732368584,CANDIDATE_GRAPH
56,ST002__ST004,2,ST002,월곶포구,4,ST004,배곧중심상가,3192.0,3.192,3.5458499603414118,0.332930014,0.332930014,0.0,0.0,PRELIMINARY_POINT_BUFFER_PROXY,1.198313388,PRELIMINARY_90M,0.26633291614518145,0.28201982914802043,0.28201982914802043,0.332930014,0.199718898,0.2702504143233005,CANDIDATE_GRAPH
796,ST018__ST032,18,ST018,정왕역,32,ST032,희망공원,3868.0,3.868,2.4031752148338352,0.194564581,0.194564581,0.0,0.0,PRELIMINARY_POINT_BUFFER_PROXY,0.885911753,PRELIMINARY_90M,0.32273675427617854,0.41611614243830486,0.41611614243830486,0.194564581,0.14765195883333335,0.27026735913695416,CANDIDATE_GRAPH
1227,ST032__ST050,32,ST032,희망공원,50,ST050,시흥한라3차아파트,4271.0,4.271,3.200955888599408,0.219882908,0.219882908,0.0,0.0,PRELIMINARY_POINT_BUFFER_PROXY,1.156929234,PRELIMINARY_90M,0.3563621193158114,0.31240667938025046,0.31240667938025046,0.219882908,0.192821539,0.27036831142401546,CANDIDATE_GRAPH
1147,ST029__ST042,29,ST029,관곡공원,42,ST042,시흥시청역,2654.0,2.654,2.6841941622399865,0.0,0.0,0.0,0.0,PRELIMINARY_POINT_BUFFER_PROXY,2.927478894,PRELIMINARY_90M,0.22144347100542344,0.37255129083713157,0.37255129083713157,0.0,0.487913149,0.2704769777106387,CANDIDATE_GRAPH
935,ST022__ST033,22,ST022,오이도박물관,33,ST033,타원산업단지,4913.0,4.913,2.071261974418769,0.0,0.0,0.0,0.0,PRELIMINARY_POINT_BUFFER_PROXY,1.146746424,PRELIMINARY_90M,0.4099290780141844,0.4827974502262645,0.4827974502262645,0.0,0.191124404,0.2709627330601122,CANDIDATE_GRAPH
879,ST020__ST044,20,ST020,시화공업단지[왼쪽부근],44,ST044,경기과학기술대학교,406.0,0.406,2.506476981067469,0.352976565,0.352976565,0.0,0.0,PRELIMINARY_POINT_BUFFER_PROXY,1.876973273,PRELIMINARY_90M,0.033875677930746764,0.39896636097336735,0.39896636097336735,0.352976565,0.3128288788333333,0.2746618706843619,CANDIDATE_GRAPH
166,ST004__ST011,4,ST004,배곧중심상가,11,ST011,배곧생명공원,2231.0,2.231,3.33315178950529,0.458588112,0.458588112,0.0,0.0,PRELIMINARY_POINT_BUFFER_PROXY,0.948297628,PRELIMINARY_90M,0.18614935335836463,0.3000163398344427,0.3000163398344427,0.458588112,0.15804960466666665,0.2757008524648685,CANDIDATE_GRAPH
1254,ST033__ST055,33,ST033,타원산업단지,55,ST055,해양생태과학관,6669.0,6.669,2.6513319891233778,0.0,0.0,0.0,0.0,PRELIMINARY_POINT_BUFFER_PROXY,1.019873464,PRELIMINARY_90M,0.5564455569461827,0.37716891136316527,0.37716891136316527,0.0,0.16997891066666668,0.27589834474400365,CANDIDATE_GRAPH
784,ST018__ST020,18,ST018,정왕역,20,ST020,시화공업단지[왼쪽부근],1949.0,1.949,3.244027725944256,0.540858498,0.540858498,0.0,0.0,PRELIMINARY_POINT_BUFFER_PROXY,0.564911031,PRELIMINARY_90M,0.16261994159365875,0.30825877103406224,0.30825877103406224,0.540858498,0.09415183849999999,0.2764722622819302,CANDIDATE_GRAPH
1420,ST044__ST045,44,ST044,경기과학기술대학교,45,ST045,시흥중앙도서관,1383.0,1.383,2.7968941464619532,0.482850734,0.482850734,0.0,0.0,PRELIMINARY_POINT_BUFFER_PROXY,0.927116456,PRELIMINARY_90M,0.11539424280350438,0.35753945184696795,0.35753945184696795,0.482850734,0.15451940933333333,0.27757595949595143,CANDIDATE_GRAPH
1444,ST046__ST050,46,ST046,배곧1동행정복지센터,50,ST050,시흥한라3차아파트,2363.0,2.363,4.178737580648687,0.479447383,0.479447383,0.0,0.0,PRELIMINARY_POINT_BUFFER_PROXY,1.190735572,PRELIMINARY_90M,0.1971631205673759,0.23930672378923704,0.23930672378923704,0.479447383,0.19845592866666664,0.2785932890058199,CANDIDATE_GRAPH
10,ST001__ST011,1,ST001,월곶역,11,ST011,배곧생명공원,5473.0,5.473,3.399135690853287,0.159476951,0.159476951,0.0,0.0,PRELIMINARY_POINT_BUFFER_PROXY,1.230120641,PRELIMINARY_90M,0.456654151022111,0.2941924332973508,0.2941924332973508,0.159476951,0.20502010683333335,0.2788359105381988,CANDIDATE_GRAPH
178,ST004__ST023,4,ST004,배곧중심상가,23,ST023,오이도역,1713.0,1.713,2.7144915430768712,0.4750888,0.4750888,0.0,0.0,PRELIMINARY_POINT_BUFFER_PROXY,0.778708558,PRELIMINARY_90M,0.14292866082603253,0.36839311677003855,0.36839311677003855,0.4750888,0.12978475966666667,0.27904883431568445,CANDIDATE_GRAPH
63,ST002__ST011,2,ST002,월곶포구,11,ST011,배곧생명공원,3928.0,3.928,3.437997456052192,0.304495296,0.304495296,0.0,0.0,PRELIMINARY_POINT_BUFFER_PROXY,1.160746133,PRELIMINARY_90M,0.3277430120984564,0.2908669982403905,0.2908669982403905,0.304495296,0.19345768883333334,0.27914074879304507,CANDIDATE_GRAPH
123,ST003__ST019,3,ST003,배곧한울공원,19,ST019,시화병원,4589.0,4.589,3.3569912039784113,0.314662169,0.314662169,0.0,0.0,PRELIMINARY_POINT_BUFFER_PROXY,0.732725069,PRELIMINARY_90M,0.38289528577388404,0.29788579690494504,0.29788579690494504,0.314662169,0.12212084483333334,0.2793910241280406,CANDIDATE_GRAPH
153,ST003__ST049,3,ST003,배곧한울공원,49,ST049,거북섬 웨이브파크 정문,5138.0,5.138,2.9650251146495297,0.037330956,0.037330956,0.0,0.0,PRELIMINARY_POINT_BUFFER_PROXY,1.978649013,PRELIMINARY_90M,0.42870254484772635,0.33726527139996976,0.33726527139996976,0.037330956,0.32977483550000003,0.28326840193692404,CANDIDATE_GRAPH
124,ST003__ST020,3,ST003,배곧한울공원,20,ST020,시화공업단지[왼쪽부근],5193.0,5.193,3.656428711169751,0.322906619,0.322906619,0.0,0.0,PRELIMINARY_POINT_BUFFER_PROXY,0.631602774,PRELIMINARY_90M,0.4332916145181477,0.27349090574230933,0.27349090574230933,0.322906619,0.105267129,0.28373906706511426,CANDIDATE_GRAPH
148,ST003__ST044,3,ST003,배곧한울공원,44,ST044,경기과학기술대학교,4512.0,4.512,3.1706580906619517,0.229161108,0.229161108,0.0,0.0,PRELIMINARY_POINT_BUFFER_PROXY,1.318416395,PRELIMINARY_90M,0.3764705882352941,0.3153919380160053,0.3153919380160053,0.229161108,0.21973606583333335,0.2851899250211582,CANDIDATE_GRAPH
945,ST022__ST043,22,ST022,오이도박물관,43,ST043,시흥종합버스터미널,5950.0,5.95,2.5472433575560016,0.037132252,0.037132252,0.0,0.0,PRELIMINARY_POINT_BUFFER_PROXY,1.30121079,PRELIMINARY_90M,0.49645390070921985,0.39258125731632804,0.39258125731632804,0.037132252,0.216868465,0.28575896875638696,CANDIDATE_GRAPH
952,ST022__ST050,22,ST022,오이도박물관,50,ST050,시흥한라3차아파트,4574.0,4.574,3.4123151124351194,0.205257775,0.205257775,0.0,0.0,PRELIMINARY_POINT_BUFFER_PROXY,1.596050461,PRELIMINARY_90M,0.38164372131831453,0.293056170678907,0.293056170678907,0.205257775,0.26600841016666665,0.28649151929097205,CANDIDATE_GRAPH
1232,ST032__ST055,32,ST032,희망공원,55,ST055,해양생태과학관,4731.0,4.731,2.4224255655753963,0.0,0.0,0.0,0.0,PRELIMINARY_POINT_BUFFER_PROXY,2.046498134,PRELIMINARY_90M,0.39474342928660827,0.4128093817249947,0.4128093817249947,0.0,0.3410830223333334,0.2871589583362341,CANDIDATE_GRAPH
4,ST001__ST005,1,ST001,월곶역,5,ST005,배곧중·고등학교,4449.0,4.449,3.024333047970285,0.232362051,0.232362051,0.0,0.0,PRELIMINARY_POINT_BUFFER_PROXY,1.296898482,PRELIMINARY_90M,0.37121401752190236,0.3306514144237944,0.3306514144237944,0.232362051,0.216149747,0.28759430748642417,CANDIDATE_GRAPH
1379,ST040__ST054,40,ST040,갯골생태공원,54,ST054,시흥 프리미엄 아울렛,5042.0,5.042,2.505555704817685,0.080180898,0.080180898,0.0,0.0,PRELIMINARY_POINT_BUFFER_PROXY,1.509985427,PRELIMINARY_90M,0.42069253233208176,0.39911305826376126,0.39911305826376126,0.080180898,0.2516642378333333,0.2879126816072941,CANDIDATE_GRAPH
1236,ST033__ST037,33,ST033,타원산업단지,37,ST037,군자동행정복지센터,6377.0,6.377,2.6778195613261624,0.052201447,0.052201447,0.0,0.0,PRELIMINARY_POINT_BUFFER_PROXY,1.167165179,PRELIMINARY_90M,0.5320817688777638,0.3734381563426777,0.3734381563426777,0.052201447,0.19452752983333332,0.28806222551344374,CANDIDATE_GRAPH
1412,ST043__ST048,43,ST043,시흥종합버스터미널,48,ST048,정왕평생학습관 사거리,1307.0,1.307,3.0428754779308687,0.59325425,0.59325425,0.0,0.0,PRELIMINARY_POINT_BUFFER_PROXY,0.728620186,PRELIMINARY_90M,0.10905298289528577,0.3286365174167403,0.3286365174167403,0.59325425,0.12143669766666666,0.2880951119946732,CANDIDATE_GRAPH
916,ST021__ST047,21,ST021,오이도 포구 해양관광 단지,47,ST047,배곧2동행정복지센터,3762.0,3.762,2.469042411414725,0.254750012,0.237212965,0.071741573,0.0,PRELIMINARY_POINT_BUFFER_PROXY,1.099645611,PRELIMINARY_90M,0.31389236545682103,0.40501531904711785,0.40501531904711785,0.254750012,0.18327426849999998,0.28923299125098473,CANDIDATE_GRAPH
154,ST003__ST050,3,ST003,배곧한울공원,50,ST050,시흥한라3차아파트,2180.0,2.18,2.3816694054634513,0.421831523,0.421831523,0.0,0.0,PRELIMINARY_POINT_BUFFER_PROXY,0.87801536,PRELIMINARY_90M,0.18189403420942846,0.41987355495520967,0.41987355495520967,0.421831523,0.14633589333333333,0.2924837513744929,CANDIDATE_GRAPH
1474,ST050__ST054,50,ST050,시흥한라3차아파트,54,ST054,시흥 프리미엄 아울렛,4969.0,4.969,4.404187534909858,0.286229319,0.286229319,0.0,0.0,PRELIMINARY_POINT_BUFFER_PROXY,1.464039357,PRELIMINARY_90M,0.41460158531497704,0.22705663463998413,0.22705663463998413,0.286229319,0.24400655950000003,0.2929735246137403,CANDIDATE_GRAPH
883,ST020__ST048,20,ST020,시화공업단지[왼쪽부근],48,ST048,정왕평생학습관 사거리,2009.0,2.009,2.934480706161243,0.546394757,0.546394757,0.0,0.0,PRELIMINARY_POINT_BUFFER_PROXY,0.706491352,PRELIMINARY_90M,0.1676261994159366,0.34077579651500095,0.34077579651500095,0.546394757,0.11774855866666667,0.2931363278994011,CANDIDATE_GRAPH
507,ST011__ST023,11,ST011,배곧생명공원,23,ST023,오이도역,1921.0,1.921,2.767167983295987,0.54035387,0.54035387,0.0,0.0,PRELIMINARY_POINT_BUFFER_PROXY,0.683327862,PRELIMINARY_90M,0.16028368794326242,0.3613803014621813,0.3613803014621813,0.54035387,0.11388797699999999,0.29397645910136094,CANDIDATE_GRAPH
152,ST003__ST048,3,ST003,배곧한울공원,48,ST048,정왕평생학습관 사거리,4872.0,4.872,3.339952815767692,0.354358738,0.354358738,0.0,0.0,PRELIMINARY_POINT_BUFFER_PROXY,0.713851516,PRELIMINARY_90M,0.4065081351689612,0.29940542730995107,0.29940542730995107,0.354358738,0.11897525266666666,0.29481188828639476,CANDIDATE_GRAPH
947,ST022__ST045,22,ST022,오이도박물관,45,ST045,시흥중앙도서관,5639.0,5.639,3.6640196738093724,0.218388661,0.218388661,0.0,0.0,PRELIMINARY_POINT_BUFFER_PROXY,1.321126041,PRELIMINARY_90M,0.47050479766374637,0.272924298727995,0.272924298727995,0.218388661,0.22018767350000001,0.29550135772293534,CANDIDATE_GRAPH
30,ST001__ST031,1,ST001,월곶역,31,ST031,마전저수지,4726.0,4.726,2.1733816526852707,0.0,0.0,0.0,0.0,PRELIMINARY_POINT_BUFFER_PROXY,1.971254241,PRELIMINARY_90M,0.3943262411347518,0.4601124697838842,0.4601124697838842,0.0,0.3285423735,0.295745271104659,CANDIDATE_GRAPH
237,ST005__ST032,5,ST005,배곧중·고등학교,32,ST032,희망공원,7099.0,7.099,2.860833291777587,0.077000335,0.077000335,0.0,0.0,PRELIMINARY_POINT_BUFFER_PROXY,0.999605979,PRELIMINARY_90M,0.5923237380058406,0.34954850493180856,0.34954850493180856,0.077000335,0.16660099650000001,0.29636839360941225,CANDIDATE_GRAPH
1381,ST041__ST042,41,ST041,연꽃테마파크,42,ST042,시흥시청역,3357.0,3.357,2.4375560527901543,0.0,0.0,0.0,0.0,PRELIMINARY_POINT_BUFFER_PROXY,2.986825232,PRELIMINARY_90M,0.28010012515644556,0.4102469762101871,0.4102469762101871,0.0,0.49780420533333336,0.2970378266749915,CANDIDATE_GRAPH
988,ST023__ST054,23,ST023,오이도역,54,ST054,시흥 프리미엄 아울렛,4175.0,4.175,3.62850171203835,0.340947009,0.340947009,0.0,0.0,PRELIMINARY_POINT_BUFFER_PROXY,1.34126926,PRELIMINARY_90M,0.34835210680016687,0.2755958462641152,0.2755958462641152,0.340947009,0.22354487666666667,0.29710995968273723,CANDIDATE_GRAPH
201,ST004__ST046,4,ST004,배곧중심상가,46,ST046,배곧1동행정복지센터,1366.0,1.366,1.7736075257466517,0.433248274,0.433248274,0.0,0.0,PRELIMINARY_POINT_BUFFER_PROXY,0.471065796,PRELIMINARY_90M,0.11397580308719232,0.5638225963091924,0.5638225963091924,0.433248274,0.078510966,0.29738940984909623,CANDIDATE_GRAPH
966,ST023__ST032,23,ST023,오이도역,32,ST032,희망공원,4753.0,4.753,3.3059758975034406,0.337259679,0.337259679,0.0,0.0,PRELIMINARY_POINT_BUFFER_PROXY,0.950310486,PRELIMINARY_90M,0.3965790571547768,0.3024825440364419,0.3024825440364419,0.337259679,0.158385081,0.2986765902978047,CANDIDATE_GRAPH
157,ST003__ST053,3,ST003,배곧한울공원,53,ST053,오이도 빨강등대,2485.0,2.485,2.0743268960726615,0.321268247,0.295693025,0.112820736,0.0,PRELIMINARY_POINT_BUFFER_PROXY,1.113752047,PRELIMINARY_90M,0.20734251147267418,0.4820840928656459,0.4820840928656459,0.321268247,0.18562534116666665,0.2990800481262467,CANDIDATE_GRAPH
1221,ST032__ST044,32,ST032,희망공원,44,ST044,경기과학기술대학교,3013.0,3.013,1.8686990225704272,0.253343793,0.253343793,0.0,0.0,PRELIMINARY_POINT_BUFFER_PROXY,0.950254229,PRELIMINARY_90M,0.2513975803087192,0.5351316546548427,0.5351316546548427,0.253343793,0.15837570483333333,0.29956218319922384,CANDIDATE_GRAPH
1457,ST047__ST055,47,ST047,배곧2동행정복지센터,55,ST055,해양생태과학관,6114.0,6.114,2.977813567325743,0.02886443,0.02886443,0.0,0.0,PRELIMINARY_POINT_BUFFER_PROXY,1.944409084,PRELIMINARY_90M,0.5101376720901126,0.3358168593805087,0.3358168593805087,0.02886443,0.32406818066666665,0.29972178553432205,CANDIDATE_GRAPH
1455,ST047__ST053,47,ST047,배곧2동행정복지센터,53,ST053,오이도 빨강등대,3916.0,3.916,2.403030548620091,0.248901852,0.232677883,0.071569275,0.0,PRELIMINARY_POINT_BUFFER_PROXY,1.249750909,PRELIMINARY_90M,0.32674176053400084,0.4161411932837213,0.4161411932837213,0.248901852,0.20829181816666667,0.30001915599609724,CANDIDATE_GRAPH
1456,ST047__ST054,47,ST047,배곧2동행정복지센터,54,ST054,시흥 프리미엄 아울렛,4676.0,4.676,2.493630104144614,0.19531706,0.19531706,0.0,0.0,PRELIMINARY_POINT_BUFFER_PROXY,1.283984,PRELIMINARY_90M,0.3901543596161869,0.4010217868070808,0.4010217868070808,0.19531706,0.21399733333333334,0.30012263493915026,CANDIDATE_GRAPH
925,ST022__ST023,22,ST022,오이도박물관,23,ST023,오이도역,6145.0,6.145,3.451768155847177,0.187192651,0.187192651,0.0,0.0,PRELIMINARY_POINT_BUFFER_PROXY,1.271537161,PRELIMINARY_90M,0.5127242386316229,0.28970659524337816,0.28970659524337816,0.187192651,0.21192286016666664,0.3003865862604169,CANDIDATE_GRAPH
832,ST019__ST032,19,ST019,시화병원,32,ST032,희망공원,3411.0,3.411,2.341371222142413,0.388053631,0.388053631,0.0,0.0,PRELIMINARY_POINT_BUFFER_PROXY,0.618345546,PRELIMINARY_90M,0.2846057571964956,0.42710014992196543,0.42710014992196543,0.388053631,0.103057591,0.30070428227961526,CANDIDATE_GRAPH
434,ST009__ST039,9,ST009,능곡중앙공원,39,ST039,능곡힐스테이트,792.0,0.792,2.0,0.496869839,0.318845713,0.496869839,0.0,PRELIMINARY_POINT_BUFFER_PROXY,0.848295282,PRELIMINARY_90M,0.06608260325406759,0.5,0.5,0.496869839,0.141382547,0.3010837473135169,CANDIDATE_GRAPH
809,ST018__ST045,18,ST018,정왕역,45,ST045,시흥중앙도서관,934.0,0.934,2.8758540739318326,0.653957282,0.653957282,0.0,0.0,PRELIMINARY_POINT_BUFFER_PROXY,0.795146929,PRELIMINARY_90M,0.07793074676679182,0.34772278922790134,0.34772278922790134,0.653957282,0.13252448816666665,0.30303382654033995,CANDIDATE_GRAPH
1433,ST045__ST048,45,ST045,시흥중앙도서관,48,ST048,정왕평생학습관 사거리,800.0,0.8,1.9695451677354328,0.559341505,0.559341505,0.0,0.0,PRELIMINARY_POINT_BUFFER_PROXY,0.477205873,PRELIMINARY_90M,0.06675010429703797,0.5077314378881658,0.5077314378881658,0.559341505,0.07953431216666666,0.3033393398379676,CANDIDATE_GRAPH
845,ST019__ST045,19,ST019,시화병원,45,ST045,시흥중앙도서관,859.0,0.859,2.0563818251978376,0.590542959,0.590542959,0.0,0.0,PRELIMINARY_POINT_BUFFER_PROXY,0.427687423,PRELIMINARY_90M,0.07167292448894451,0.4862910125670817,0.4862910125670817,0.590542959,0.07128123716666666,0.3049470333056732,CANDIDATE_GRAPH
1252,ST033__ST053,33,ST033,타원산업단지,53,ST053,오이도 빨강등대,6235.0,6.235,2.681993902930899,0.077964192,0.000893161,0.07707103,0.0,PRELIMINARY_POINT_BUFFER_PROXY,1.51111674,PRELIMINARY_90M,0.5202336253650396,0.3728569251806255,0.3728569251806255,0.077964192,0.25185279,0.30572688313641627,CANDIDATE_GRAPH
45,ST001__ST046,1,ST001,월곶역,46,ST046,배곧1동행정복지센터,4670.0,4.67,2.9757922070900085,0.286688266,0.286688266,0.0,0.0,PRELIMINARY_POINT_BUFFER_PROXY,1.278413692,PRELIMINARY_90M,0.3896537338339591,0.33604496900604763,0.33604496900604763,0.286688266,0.21306894866666667,0.30636397937666837,CANDIDATE_GRAPH
150,ST003__ST046,3,ST003,배곧한울공원,46,ST046,배곧1동행정복지센터,5422.0,5.422,2.6242919561257807,0.202915765,0.202915765,0.0,0.0,PRELIMINARY_POINT_BUFFER_PROXY,1.137142625,PRELIMINARY_90M,0.4523988318731748,0.38105516334253114,0.38105516334253114,0.202915765,0.18952377083333335,0.3064733827622598,CANDIDATE_GRAPH
255,ST005__ST050,5,ST005,배곧중·고등학교,50,ST050,시흥한라3차아파트,2030.0,2.03,2.6294778279819995,0.56702246,0.56702246,0.0,0.0,PRELIMINARY_POINT_BUFFER_PROXY,0.693706726,PRELIMINARY_90M,0.16937838965373384,0.38030364407653244,0.38030364407653244,0.56702246,0.11561778766666668,0.30808057034923325,CANDIDATE_GRAPH
202,ST004__ST047,4,ST004,배곧중심상가,47,ST047,배곧2동행정복지센터,2617.0,2.617,4.125555851408769,0.591916562,0.591916562,0.0,0.0,PRELIMINARY_POINT_BUFFER_PROXY,1.078170272,PRELIMINARY_90M,0.21835627868168545,0.24239157970883518,0.24239157970883518,0.591916562,0.17969504533333333,0.3080898664309635,CANDIDATE_GRAPH
1234,ST033__ST035,33,ST033,타원산업단지,35,ST035,산들공원,7540.0,7.54,2.4880660387555813,0.057148758,0.057148758,0.0,0.0,PRELIMINARY_POINT_BUFFER_PROXY,0.8813862,PRELIMINARY_90M,0.6291197329995828,0.4019185923618631,0.4019185923618631,0.057148758,0.1468977,0.3087711958403615,CANDIDATE_GRAPH
39,ST001__ST040,1,ST001,월곶역,40,ST040,갯골생태공원,5747.0,5.747,2.2745800351507977,0.059449603,0.059449603,0.0,0.0,PRELIMINARY_POINT_BUFFER_PROXY,1.594274833,PRELIMINARY_90M,0.4795160617438465,0.4396415973701726,0.4396415973701726,0.059449603,0.26571247216666666,0.31107993357017144,CANDIDATE_GRAPH
1230,ST032__ST053,32,ST032,희망공원,53,ST053,오이도 빨강등대,4261.0,4.261,2.5365996710680383,0.114060629,0.001306683,0.112753945,0.0,PRELIMINARY_POINT_BUFFER_PROXY,2.285603339,PRELIMINARY_90M,0.35552774301209844,0.394228545956938,0.394228545956938,0.114060629,0.3809338898333334,0.3111877019505925,CANDIDATE_GRAPH
158,ST003__ST054,3,ST003,배곧한울공원,54,ST054,시흥 프리미엄 아울렛,6250.0,6.25,2.6271501795122543,0.1179273,0.1179273,0.0,0.0,PRELIMINARY_POINT_BUFFER_PROXY,1.360035586,PRELIMINARY_90M,0.5214851898206091,0.3806405921513234,0.3806405921513234,0.1179273,0.22667259766666667,0.31168141990964976,CANDIDATE_GRAPH
531,ST011__ST047,11,ST011,배곧생명공원,47,ST047,배곧2동행정복지센터,1641.0,1.641,2.998166187785597,0.680414776,0.680414776,0.0,0.0,PRELIMINARY_POINT_BUFFER_PROXY,0.575466479,PRELIMINARY_90M,0.13692115143929912,0.3335372148728639,0.3335372148728639,0.680414776,0.09591107983333334,0.3116960555363741,CANDIDATE_GRAPH
1283,ST035__ST043,35,ST035,산들공원,43,ST043,시흥종합버스터미널,6007.0,6.007,2.9570423267955706,0.286392525,0.286392525,0.0,0.0,PRELIMINARY_POINT_BUFFER_PROXY,0.727637936,PRELIMINARY_90M,0.5012098456403838,0.33817574775253906,0.33817574775253906,0.286392525,0.12127298933333334,0.31176277693156407,CANDIDATE_GRAPH
1225,ST032__ST048,32,ST032,희망공원,48,ST048,정왕평생학습관 사거리,4339.0,4.339,3.4681877374468693,0.435644018,0.435644018,0.0,0.0,PRELIMINARY_POINT_BUFFER_PROXY,0.974972519,PRELIMINARY_90M,0.36203587818105964,0.28833502558202256,0.28833502558202256,0.435644018,0.16249541983333335,0.3121275853991039,CANDIDATE_GRAPH
1451,ST047__ST049,47,ST047,배곧2동행정복지센터,49,ST049,거북섬 웨이브파크 정문,6569.0,6.569,2.966831098730792,0.056069655,0.056069655,0.0,0.0,PRELIMINARY_POINT_BUFFER_PROXY,1.870627643,PRELIMINARY_90M,0.548101793909053,0.3370599696180208,0.3370599696180208,0.056069655,0.3117712738333333,0.3132506730901018,CANDIDATE_GRAPH
228,ST005__ST023,5,ST005,배곧중·고등학교,23,ST023,오이도역,2833.0,2.833,3.4219570564133965,0.577933199,0.577933199,0.0,0.0,PRELIMINARY_POINT_BUFFER_PROXY,0.880019596,PRELIMINARY_90M,0.2363788068418857,0.29223043524927067,0.29223043524927067,0.577933199,0.14666993266666667,0.3133030934394557,CANDIDATE_GRAPH
22,ST001__ST023,1,ST001,월곶역,23,ST023,오이도역,5851.0,5.851,3.2813856216322828,0.265377551,0.265377551,0.0,0.0,PRELIMINARY_POINT_BUFFER_PROXY,1.177724274,PRELIMINARY_90M,0.48819357530246144,0.3047493087699223,0.3047493087699223,0.265377551,0.196287379,0.31365195351809594,CANDIDATE_GRAPH
49,ST001__ST050,1,ST001,월곶역,50,ST050,시흥한라3차아파트,6292.0,6.292,3.4684809422228047,0.250376476,0.250376476,0.0,0.0,PRELIMINARY_POINT_BUFFER_PROXY,1.158846195,PRELIMINARY_90M,0.5249895702962036,0.28831065145168183,0.28831065145168183,0.250376476,0.1931410325,0.3142044325619714,CANDIDATE_GRAPH
1285,ST035__ST045,35,ST035,산들공원,45,ST045,시흥중앙도서관,6104.0,6.104,3.104005896090232,0.305870296,0.305870296,0.0,0.0,PRELIMINARY_POINT_BUFFER_PROXY,0.734142852,PRELIMINARY_90M,0.5093032957863997,0.3221643364980678,0.3221643364980678,0.305870296,0.12235714199999999,0.31492376757111684,CANDIDATE_GRAPH
102,ST002__ST050,2,ST002,월곶포구,50,ST050,시흥한라3차아파트,4747.0,4.747,3.523226276440958,0.399957822,0.399957822,0.0,0.0,PRELIMINARY_POINT_BUFFER_PROXY,1.080085862,PRELIMINARY_90M,0.396078431372549,0.28383076235743954,0.28383076235743954,0.399957822,0.18001431033333334,0.3149703315158305,CANDIDATE_GRAPH
808,ST018__ST044,18,ST018,정왕역,44,ST044,경기과학기술대학교,2142.0,2.142,2.829382375187232,0.547101756,0.547101756,0.0,0.0,PRELIMINARY_POINT_BUFFER_PROXY,1.086960451,PRELIMINARY_90M,0.17872340425531916,0.3534340246018624,0.3534340246018624,0.547101756,0.18116007516666666,0.31510481500596205,CANDIDATE_GRAPH
823,ST019__ST023,19,ST019,시화병원,23,ST023,오이도역,1664.0,1.664,2.9999999999999996,0.714416548,0.714416548,0.0,0.0,PRELIMINARY_POINT_BUFFER_PROXY,0.445157056,PRELIMINARY_90M,0.13884021693783896,0.33333333333333337,0.33333333333333337,0.714416548,0.07419284266666666,0.31519573523445976,CANDIDATE_GRAPH
946,ST022__ST044,22,ST022,오이도박물관,44,ST044,경기과학기술대학교,5868.0,5.868,2.379436484924746,0.130076716,0.130076716,0.0,0.0,PRELIMINARY_POINT_BUFFER_PROXY,1.329196574,PRELIMINARY_90M,0.4896120150187735,0.42026757441757345,0.42026757441757345,0.130076716,0.22153276233333333,0.3153722669424201,CANDIDATE_GRAPH
1320,ST037__ST043,37,ST037,군자동행정복지센터,43,ST043,시흥종합버스터미널,5459.0,5.459,3.293489234867605,0.297239452,0.297239452,0.0,0.0,PRELIMINARY_POINT_BUFFER_PROXY,1.231122529,PRELIMINARY_90M,0.4554860241969128,0.3036293513314608,0.3036293513314608,0.297239452,0.20518708816666667,0.31538547892376007,CANDIDATE_GRAPH
1475,ST050__ST055,50,ST050,시흥한라3차아파트,55,ST055,해양생태과학관,6177.0,6.177,3.092450020662885,0.125600025,0.125600025,0.0,0.0,PRELIMINARY_POINT_BUFFER_PROXY,1.783196728,PRELIMINARY_90M,0.5153942428035044,0.3233682010439231,0.3233682010439231,0.125600025,0.2971994546666667,0.31539048087852356,CANDIDATE_GRAPH
57,ST002__ST005,2,ST002,월곶포구,5,ST005,배곧중·고등학교,2904.0,2.904,2.877154091987604,0.467373807,0.467373807,0.0,0.0,PRELIMINARY_POINT_BUFFER_PROXY,1.233991083,PRELIMINARY_90M,0.2423028785982478,0.3475656735886457,0.3475656735886457,0.467373807,0.20566518050000002,0.3157268849217234,CANDIDATE_GRAPH
914,ST021__ST045,21,ST021,오이도 포구 해양관광 단지,45,ST045,시흥중앙도서관,5683.0,5.683,3.1106854785594846,0.354343024,0.342731054,0.047502923,0.0,PRELIMINARY_POINT_BUFFER_PROXY,0.685024673,PRELIMINARY_90M,0.47417605340008345,0.32147255223729215,0.32147255223729215,0.354343024,0.11417077883333333,0.3160406021176772,CANDIDATE_GRAPH
516,ST011__ST032,11,ST011,배곧생명공원,32,ST032,희망공원,5259.0,5.259,3.441392197250164,0.37181668,0.37181668,0.0,0.0,PRELIMINARY_POINT_BUFFER_PROXY,0.983456995,PRELIMINARY_90M,0.4387984981226533,0.29058007419179005,0.29058007419179005,0.37181668,0.16390949916666667,0.3162761878702775,CANDIDATE_GRAPH
1208,ST031__ST054,31,ST031,마전저수지,54,ST054,시흥 프리미엄 아울렛,4873.0,4.873,2.554776513686962,0.082913841,0.082913841,0.0,0.0,PRELIMINARY_POINT_BUFFER_PROXY,2.312195954,PRELIMINARY_90M,0.4065915727993325,0.3914236703847085,0.3914236703847085,0.082913841,0.3853659923333333,0.3165737691293436,CANDIDATE_GRAPH
892,ST021__ST023,21,ST021,오이도 포구 해양관광 단지,23,ST023,오이도역,5955.0,5.955,3.15826320833615,0.311273482,0.30019066,0.045338256,0.0,PRELIMINARY_POINT_BUFFER_PROXY,0.862008045,PRELIMINARY_90M,0.49687108886107634,0.3166297214749319,0.3166297214749319,0.311273482,0.1436680075,0.3171105749590021,CANDIDATE_GRAPH
844,ST019__ST044,19,ST019,시화병원,44,ST044,경기과학기술대학교,2250.0,2.25,2.9108230402575663,0.569009941,0.569009941,0.0,0.0,PRELIMINARY_POINT_BUFFER_PROXY,1.047408429,PRELIMINARY_90M,0.18773466833541927,0.34354544614004234,0.34354544614004234,0.569009941,0.1745680715,0.31871453174386544,CANDIDATE_GRAPH
283,ST006__ST029,6,ST006,시흥시청 본청,29,ST029,관곡공원,3470.0,3.47,2.475229440723157,0.075912866,0.075912866,0.0,0.0,PRELIMINARY_POINT_BUFFER_PROXY,3.041565706,PRELIMINARY_90M,0.28952857738840215,0.40400295162449357,0.40400295162449357,0.075912866,0.5069276176666667,0.31909300316989064,CANDIDATE_GRAPH
1322,ST037__ST045,37,ST037,군자동행정복지센터,45,ST045,시흥중앙도서관,5556.0,5.556,3.4490973986733664,0.318446298,0.318446298,0.0,0.0,PRELIMINARY_POINT_BUFFER_PROXY,1.229092844,PRELIMINARY_90M,0.4635794743429287,0.28993092522833136,0.28993092522833136,0.318446298,0.20484880733333333,0.3192013762261483,CANDIDATE_GRAPH
122,ST003__ST018,3,ST003,배곧한울공원,18,ST018,정왕역,5451.0,5.451,3.333807360654543,0.424690025,0.424690025,0.0,0.0,PRELIMINARY_POINT_BUFFER_PROXY,0.607883835,PRELIMINARY_90M,0.45481852315394244,0.29995734360717985,0.29995734360717985,0.424690025,0.1013139725,0.3201949660652806,CANDIDATE_GRAPH
75,ST002__ST023,2,ST002,월곶포구,23,ST023,오이도역,4306.0,4.306,3.2745199097294737,0.435659498,0.435659498,0.0,0.0,PRELIMINARY_POINT_BUFFER_PROXY,1.096657756,PRELIMINARY_90M,0.35928243637880686,0.30538827906611066,0.30538827906611066,0.435659498,0.18277629266666665,0.32077662652789607,CANDIDATE_GRAPH
1146,ST029__ST041,29,ST029,관곡공원,41,ST041,연꽃테마파크,3138.0,3.138,1.7569046050067059,0.0,0.0,0.0,0.0,PRELIMINARY_POINT_BUFFER_PROXY,2.735579863,PRELIMINARY_90M,0.2618272841051314,0.5691828669298656,0.5691828669298656,0.0,0.45592997716666667,0.3217350320504159,CANDIDATE_GRAPH
175,ST004__ST020,4,ST004,배곧중심상가,20,ST020,시화공업단지[왼쪽부근],5086.0,5.086,4.0907536789867915,0.503240937,0.503240937,0.0,0.0,PRELIMINARY_POINT_BUFFER_PROXY,0.713569367,PRELIMINARY_90M,0.42436378806841885,0.2444537311392659,0.2444537311392659,0.503240937,0.11892822783333333,0.3227466710102545,CANDIDATE_GRAPH
262,ST006__ST008,6,ST006,시흥시청 본청,8,ST008,시흥능곡역,1951.0,1.951,2.023517683433672,0.1397711,0.1397711,0.0,0.0,PRELIMINARY_POINT_BUFFER_PROXY,2.968420709,PRELIMINARY_90M,0.16278681685440133,0.4941889108194584,0.4941889108194584,0.1397711,0.49473678483333333,0.3228709031267983,CANDIDATE_GRAPH
125,ST003__ST021,3,ST003,배곧한울공원,21,ST021,오이도 포구 해양관광 단지,3868.0,3.868,3.0553772480821526,0.133587529,0.0,0.133587529,0.0,PRELIMINARY_POINT_BUFFER_PROXY,3.056247109,PRELIMINARY_90M,0.32273675427617854,0.3272918264439181,0.3272918264439181,0.133587529,0.5093745181666667,0.32324765697169083,CANDIDATE_GRAPH
1441,ST046__ST047,46,ST046,배곧1동행정복지센터,47,ST047,배곧2동행정복지센터,3069.0,3.069,4.129648039445814,0.60945262,0.60945262,0.0,0.0,PRELIMINARY_POINT_BUFFER_PROXY,1.115499419,PRELIMINARY_90M,0.2560700876095119,0.24215138686109358,0.24215138686109358,0.60945262,0.18591656983333335,0.3233976660759847,CANDIDATE_GRAPH
1223,ST032__ST046,32,ST032,희망공원,46,ST046,배곧1동행정복지센터,6177.0,6.177,3.771236322539583,0.329159995,0.329159995,0.0,0.0,PRELIMINARY_POINT_BUFFER_PROXY,1.116068504,PRELIMINARY_90M,0.5153942428035044,0.26516503196134666,0.26516503196134666,0.329159995,0.18601141733333335,0.3239326717745461,CANDIDATE_GRAPH
1465,ST049__ST050,49,ST049,거북섬 웨이브파크 정문,50,ST050,시흥한라3차아파트,6734.0,6.734,2.955151712758751,0.139358768,0.139358768,0.0,0.0,PRELIMINARY_POINT_BUFFER_PROXY,1.546127024,PRELIMINARY_90M,0.561869002920317,0.33839210206451986,0.33839210206451986,0.139358768,0.25768783733333334,0.32432692757954257,CANDIDATE_GRAPH
872,ST020__ST037,20,ST020,시화공업단지[왼쪽부근],37,ST037,군자동행정복지센터,5501.0,5.501,3.257775175996918,0.311230757,0.311230757,0.0,0.0,PRELIMINARY_POINT_BUFFER_PROXY,1.3216431,PRELIMINARY_90M,0.4589904046725073,0.3069579531969968,0.3069579531969968,0.311230757,0.22027385,0.32436324121737603,CANDIDATE_GRAPH
1143,ST029__ST038,29,ST029,관곡공원,38,ST038,능곡도서관,4223.0,4.223,2.511994530716733,0.118739746,0.102463148,0.021842811,0.0,PRELIMINARY_POINT_BUFFER_PROXY,2.578907523,PRELIMINARY_90M,0.35235711305798917,0.39809003872101417,0.39809003872101417,0.118739746,0.42981792049999995,0.3247512045697508,CANDIDATE_GRAPH
1411,ST043__ST047,43,ST043,시흥종합버스터미널,47,ST047,배곧2동행정복지센터,3278.0,3.278,3.627036078528638,0.64859462,0.64859462,0.0,0.0,PRELIMINARY_POINT_BUFFER_PROXY,0.612741743,PRELIMINARY_90M,0.2735085523571131,0.2757072106119399,0.2757072106119399,0.64859462,0.10212362383333333,0.3249835017005966,CANDIDATE_GRAPH
950,ST022__ST048,22,ST022,오이도박물관,48,ST048,정왕평생학습관 사거리,6448.0,6.448,3.430556160293327,0.267540036,0.267540036,0.0,0.0,PRELIMINARY_POINT_BUFFER_PROXY,1.248461824,PRELIMINARY_90M,0.538005840634126,0.29149792432329563,0.29149792432329563,0.267540036,0.20807697066666667,0.3262801929060221,CANDIDATE_GRAPH
636,ST014__ST026,14,ST014,시흥대야역,26,ST026,은계파크자이,2742.0,2.742,2.689120979304191,0.480816193,0.434350308,0.046465885,0.0,PRELIMINARY_POINT_BUFFER_PROXY,1.352474425,PRELIMINARY_90M,0.22878598247809762,0.3718687287392885,0.3718687287392885,0.480816193,0.22541240416666666,0.32672082709601324,CANDIDATE_GRAPH
210,ST004__ST055,4,ST004,배곧중심상가,55,ST055,해양생태과학관,7399.0,7.399,3.484870986965943,0.130920651,0.130920651,0.0,0.0,PRELIMINARY_POINT_BUFFER_PROXY,1.632000824,PRELIMINARY_90M,0.6173550271172299,0.286954668835714,0.286954668835714,0.130920651,0.27200013733333334,0.32680762107156935,CANDIDATE_GRAPH
901,ST021__ST032,21,ST021,오이도 포구 해양관광 단지,32,ST032,희망공원,3877.0,3.877,2.5776472870139315,0.138295622,0.0,0.138295622,0.0,PRELIMINARY_POINT_BUFFER_PROXY,2.773693265,PRELIMINARY_90M,0.32348769294952023,0.3879506730955604,0.3879506730955604,0.138295622,0.4622822108333333,0.3280040497196035,CANDIDATE_GRAPH
28,ST001__ST029,1,ST001,월곶역,29,ST029,관곡공원,8007.0,8.007,2.4957917874297677,0.0,0.0,0.0,0.0,PRELIMINARY_POINT_BUFFER_PROXY,1.474024387,PRELIMINARY_90M,0.6680851063829787,0.40067444930164886,0.40067444930164886,0.0,0.24567073116666668,0.32860757171282357,CANDIDATE_GRAPH
216,ST005__ST011,5,ST005,배곧중·고등학교,11,ST011,배곧생명공원,1035.0,1.035,2.302250274330589,0.657889333,0.657889333,0.0,0.0,PRELIMINARY_POINT_BUFFER_PROXY,0.815151569,PRELIMINARY_90M,0.08635794743429287,0.43435764180363223,0.43435764180363223,0.657889333,0.13585859483333332,0.3286158792678146,CANDIDATE_GRAPH
195,ST004__ST040,4,ST004,배곧중심상가,40,ST040,갯골생태공원,7040.0,7.04,2.9717888971519195,0.137297876,0.137297876,0.0,0.0,PRELIMINARY_POINT_BUFFER_PROXY,1.550786437,PRELIMINARY_90M,0.5874009178139341,0.33649765666678827,0.33649765666678827,0.137297876,0.25846440616666666,0.3299152141618473,CANDIDATE_GRAPH
1284,ST035__ST044,35,ST035,산들공원,44,ST044,경기과학기술대학교,6030.0,6.03,2.956928367155461,0.339457259,0.339457259,0.0,0.0,PRELIMINARY_POINT_BUFFER_PROXY,0.834605206,PRELIMINARY_90M,0.5031289111389237,0.33818878100249383,0.33818878100249383,0.339457259,0.13910086766666666,0.3299689547020211,CANDIDATE_GRAPH
1144,ST029__ST039,29,ST029,관곡공원,39,ST039,능곡힐스테이트,4321.0,4.321,2.5005444574442675,0.134141311,0.069883904,0.064257407,0.0,PRELIMINARY_POINT_BUFFER_PROXY,2.555414981,PRELIMINARY_90M,0.3605340008343763,0.3999129057765565,0.3999129057765565,0.134141311,0.42590249683333337,0.3301226786110666,CANDIDATE_GRAPH
1424,ST044__ST049,44,ST044,경기과학기술대학교,49,ST049,거북섬 웨이브파크 정문,7754.0,7.754,2.513106231387435,0.113143833,0.113143833,0.0,0.0,PRELIMINARY_POINT_BUFFER_PROXY,0.978919207,PRELIMINARY_90M,0.6469753858990405,0.3979139391365562,0.3979139391365562,0.113143833,0.16315320116666668,0.33029658980056587,CANDIDATE_GRAPH
1233,ST033__ST034,33,ST033,타원산업단지,34,ST034,군자디지털과학고등학교,7893.0,7.893,2.4341605952920373,0.09909245,0.09909245,0.0,0.0,PRELIMINARY_POINT_BUFFER_PROXY,0.916931401,PRELIMINARY_90M,0.6585732165206508,0.41081923761896466,0.41081923761896466,0.09909245,0.15282190016666666,0.33032670107657053,CANDIDATE_GRAPH
46,ST001__ST047,1,ST001,월곶역,47,ST047,배곧2동행정복지센터,7096.0,7.096,2.7538987961978174,0.159419462,0.159419462,0.0,0.0,PRELIMINARY_POINT_BUFFER_PROXY,1.244990657,PRELIMINARY_90M,0.5920734251147267,0.36312155021116044,0.36312155021116044,0.159419462,0.20749844283333332,0.3305282200398051,CANDIDATE_GRAPH
188,ST004__ST033,4,ST004,배곧중심상가,33,ST033,타원산업단지,6860.0,6.86,3.5719657412189014,0.329150295,0.329150295,0.0,0.0,PRELIMINARY_POINT_BUFFER_PROXY,0.846409732,PRELIMINARY_90M,0.5723821443471006,0.27995789222176554,0.27995789222176554,0.329150295,0.14106828866666668,0.3306396550588832,CANDIDATE_GRAPH
1423,ST044__ST048,44,ST044,경기과학기술대학교,48,ST048,정왕평생학습관 사거리,2008.0,2.008,2.3764182257499433,0.556023168,0.556023168,0.0,0.0,PRELIMINARY_POINT_BUFFER_PROXY,1.090832724,PRELIMINARY_90M,0.1675427617855653,0.42080135102667915,0.42080135102667915,0.556023168,0.181805454,0.33154318370306113,CANDIDATE_GRAPH
468,ST010__ST028,10,ST010,은계호수공원,28,ST028,매화산업단지,3734.0,3.734,2.2597817465071626,0.156648005,0.156648005,0.0,0.0,PRELIMINARY_POINT_BUFFER_PROXY,2.499811713,PRELIMINARY_90M,0.3115561118064247,0.44252061135800064,0.44252061135800064,0.156648005,0.4166352855,0.3318400034161063,CANDIDATE_GRAPH
870,ST020__ST035,20,ST020,시화공업단지[왼쪽부근],35,ST035,산들공원,6684.0,6.684,2.869246069005407,0.270890511,0.270890511,0.0,0.0,PRELIMINARY_POINT_BUFFER_PROXY,0.916932044,PRELIMINARY_90M,0.5576971214017522,0.3485236107151448,0.3485236107151448,0.270890511,0.15282200733333332,0.3324833126125576,CANDIDATE_GRAPH
99,ST002__ST047,2,ST002,월곶포구,47,ST047,배곧2동행정복지센터,5318.0,5.318,2.389084237673916,0.264626121,0.264626121,0.0,0.0,PRELIMINARY_POINT_BUFFER_PROXY,1.218655464,PRELIMINARY_90M,0.44372131831455985,0.418570423022685,0.418570423022685,0.264626121,0.203109244,0.3325067765843112,CANDIDATE_GRAPH
1432,ST045__ST047,45,ST045,시흥중앙도서관,47,ST047,배곧2동행정복지센터,2631.0,2.631,3.7177601555393682,0.731797829,0.731797829,0.0,0.0,PRELIMINARY_POINT_BUFFER_PROXY,0.662398958,PRELIMINARY_90M,0.2195244055068836,0.26897915899981484,0.26897915899981484,0.731797829,0.11039982633333334,0.33267530496000797,CANDIDATE_GRAPH
92,ST002__ST040,2,ST002,월곶포구,40,ST040,갯골생태공원,5178.0,5.178,2.1502804312043358,0.182738865,0.182738865,0.0,0.0,PRELIMINARY_POINT_BUFFER_PROXY,1.514434926,PRELIMINARY_90M,0.43204005006257823,0.46505562041501575,0.46505562041501575,0.182738865,0.25240582100000003,0.3330600891193985,CANDIDATE_GRAPH
55,ST002__ST003,2,ST002,월곶포구,3,ST003,배곧한울공원,6181.0,6.181,2.4749749767137175,0.199057367,0.199057367,0.0,0.0,PRELIMINARY_POINT_BUFFER_PROXY,1.283031499,PRELIMINARY_90M,0.5157279933249895,0.40404448909936225,0.40404448909936225,0.199057367,0.21383858316666668,0.33316710814775463,CANDIDATE_GRAPH
1431,ST045__ST046,45,ST045,시흥중앙도서관,46,ST046,배곧1동행정복지센터,4713.0,4.713,3.902855407896959,0.537115466,0.537115466,0.0,0.0,PRELIMINARY_POINT_BUFFER_PROXY,0.879566094,PRELIMINARY_90M,0.3932415519399249,0.2562226614843635,0.2562226614843635,0.537115466,0.14659434899999998,0.3332935071060721,CANDIDATE_GRAPH
882,ST020__ST047,20,ST020,시화공업단지[왼쪽부근],47,ST047,배곧2동행정복지센터,3980.0,3.98,3.469030866076152,0.615133014,0.615133014,0.0,0.0,PRELIMINARY_POINT_BUFFER_PROXY,0.623427135,PRELIMINARY_90M,0.33208176887776386,0.28826494736009883,0.28826494736009883,0.615133014,0.1039045225,0.33484606318446564,CANDIDATE_GRAPH
1321,ST037__ST044,37,ST037,군자동행정복지센터,44,ST044,경기과학기술대학교,5482.0,5.482,3.2920678770932374,0.355555321,0.355555321,0.0,0.0,PRELIMINARY_POINT_BUFFER_PROXY,1.34534686,PRELIMINARY_90M,0.4574050896954526,0.30376044399271607,0.30376044399271607,0.355555321,0.22422447666666667,0.3352363328387088,CANDIDATE_GRAPH
1414,ST043__ST050,43,ST043,시흥종합버스터미널,50,ST050,시흥한라3차아파트,3480.0,3.48,3.582820694081797,0.668947502,0.668947502,0.0,0.0,PRELIMINARY_POINT_BUFFER_PROXY,0.615837167,PRELIMINARY_90M,0.2903629536921151,0.27910969746597364,0.27910969746597364,0.668947502,0.10263952783333334,0.33526492024785554,CANDIDATE_GRAPH
1440,ST045__ST055,45,ST045,시흥중앙도서관,55,ST055,해양생태과학관,7392.0,7.392,3.3734927062029856,0.179871299,0.179871299,0.0,0.0,PRELIMINARY_POINT_BUFFER_PROXY,1.48798843,PRELIMINARY_90M,0.6167709637046308,0.29642868299707814,0.29642868299707814,0.179871299,0.24799807166666665,0.3352672543420939,CANDIDATE_GRAPH
1157,ST029__ST052,29,ST029,관곡공원,52,ST052,가온그린공원,4265.0,4.265,2.386392012061943,0.201240875,0.201240875,0.0,0.0,PRELIMINARY_POINT_BUFFER_PROXY,2.198243349,PRELIMINARY_90M,0.35586149353358365,0.4190426363085074,0.4190426363085074,0.201240875,0.36637389150000005,0.3356297240855228,CANDIDATE_GRAPH
83,ST002__ST031,2,ST002,월곶포구,31,ST031,마전저수지,4046.0,4.046,2.0820118152150395,0.187446944,0.187446944,0.0,0.0,PRELIMINARY_POINT_BUFFER_PROXY,2.023503983,PRELIMINARY_90M,0.3375886524822695,0.48030467103603613,0.48030467103603613,0.187446944,0.3372506638333333,0.3356477328379097,CANDIDATE_GRAPH
858,ST020__ST023,20,ST020,시화공업단지[왼쪽부근],23,ST023,오이도역,3334.0,3.334,2.8138183012073985,0.608891451,0.608891451,0.0,0.0,PRELIMINARY_POINT_BUFFER_PROXY,0.604650763,PRELIMINARY_90M,0.27818105965790574,0.35538897432392985,0.35538897432392985,0.608891451,0.10077512716666666,0.33580915303712555,CANDIDATE_GRAPH
258,ST005__ST053,5,ST005,배곧중·고등학교,53,ST053,오이도 빨강등대,6642.0,6.642,2.494332228519753,0.202414333,0.1928514,0.042185248,0.0,PRELIMINARY_POINT_BUFFER_PROXY,1.120074325,PRELIMINARY_90M,0.5541927409261577,0.40090890402095486,0.40090890402095486,0.202414333,0.18667905416666666,0.33604875802844486,CANDIDATE_GRAPH
1159,ST029__ST054,29,ST029,관곡공원,54,ST054,시흥 프리미엄 아울렛,7734.0,7.734,2.5790384343041506,0.052274076,0.052274076,0.0,0.0,PRELIMINARY_POINT_BUFFER_PROXY,1.570475598,PRELIMINARY_90M,0.6453066332916145,0.38774141040275334,0.38774141040275334,0.052274076,0.261745933,0.336767013173592,CANDIDATE_GRAPH
979,ST023__ST045,23,ST023,오이도역,45,ST045,시흥중앙도서관,2748.0,2.748,2.70513027610012,0.678227446,0.678227446,0.0,0.0,PRELIMINARY_POINT_BUFFER_PROXY,0.429037868,PRELIMINARY_90M,0.2292866082603254,0.3696679634378499,0.3696679634378499,0.678227446,0.07150631133333334,0.33717208225787715,CANDIDATE_GRAPH
98,ST002__ST046,2,ST002,월곶포구,46,ST046,배곧1동행정복지센터,3125.0,3.125,2.815004873907645,0.531949966,0.531949966,0.0,0.0,PRELIMINARY_POINT_BUFFER_PROXY,1.210764979,PRELIMINARY_90M,0.26074259491030455,0.35523917179292536,0.35523917179292536,0.531949966,0.20179416316666665,0.33743147396747414,CANDIDATE_GRAPH
1231,ST032__ST054,32,ST032,희망공원,54,ST054,시흥 프리미엄 아울렛,8455.0,8.455,2.7386541658288084,0.087175815,0.087175815,0.0,0.0,PRELIMINARY_POINT_BUFFER_PROXY,1.159493291,PRELIMINARY_90M,0.70546516478932,0.36514285464640495,0.36514285464640495,0.087175815,0.19324888183333333,0.3377581790672646,CANDIDATE_GRAPH
538,ST011__ST054,11,ST011,배곧생명공원,54,ST054,시흥 프리미엄 아울렛,4047.0,4.047,2.2880792125664065,0.335292792,0.335292792,0.0,0.0,PRELIMINARY_POINT_BUFFER_PROXY,1.468587342,PRELIMINARY_90M,0.3376720901126408,0.4370478060846319,0.4370478060846319,0.335292792,0.244764557,0.33869431129931815,CANDIDATE_GRAPH
1410,ST043__ST046,43,ST043,시흥종합버스터미널,46,ST046,배곧1동행정복지센터,5360.0,5.36,3.8249958768403687,0.509777971,0.509777971,0.0,0.0,PRELIMINARY_POINT_BUFFER_PROXY,0.820959045,PRELIMINARY_90M,0.44722569879015434,0.2614381903140895,0.2614381903140895,0.509777971,0.1368265075,0.3388170919010609,CANDIDATE_GRAPH
890,ST020__ST055,20,ST020,시화공업단지[왼쪽부근],55,ST055,해양생태과학관,7845.0,7.845,3.112517680994103,0.111759441,0.111759441,0.0,0.0,PRELIMINARY_POINT_BUFFER_PROXY,1.607476394,PRELIMINARY_90M,0.6545682102628285,0.32128331546717875,0.32128331546717875,0.111759441,0.26791273233333335,0.3388809247658352,CANDIDATE_GRAPH
527,ST011__ST043,11,ST011,배곧생명공원,43,ST043,시흥종합버스터미널,4504.0,4.504,3.4056723875395676,0.588366349,0.588366349,0.0,0.0,PRELIMINARY_POINT_BUFFER_PROXY,0.593949192,PRELIMINARY_90M,0.37580308719232375,0.29362777337559803,0.29362777337559803,0.588366349,0.098991532,0.3391971853919804,CANDIDATE_GRAPH
204,ST004__ST049,4,ST004,배곧중심상가,49,ST049,거북섬 웨이브파크 정문,7854.0,7.854,3.4464176884293347,0.147770832,0.147770832,0.0,0.0,PRELIMINARY_POINT_BUFFER_PROXY,1.589330031,PRELIMINARY_90M,0.6553191489361702,0.2901563566590614,0.2901563566590614,0.147770832,0.2648883385,0.3395336690238079,CANDIDATE_GRAPH
2,ST001__ST003,1,ST001,월곶역,3,ST003,배곧한울공원,7959.0,7.959,2.7809772669852264,0.119946818,0.119946818,0.0,0.0,PRELIMINARY_POINT_BUFFER_PROXY,1.288859792,PRELIMINARY_90M,0.6640801001251564,0.3595858232541648,0.3595858232541648,0.119946818,0.21480996533333332,0.33960567667816366,CANDIDATE_GRAPH
902,ST021__ST033,21,ST021,오이도 포구 해양관광 단지,33,ST033,타원산업단지,5896.0,5.896,2.0051291254395327,0.090975076,0.0,0.090975076,0.0,PRELIMINARY_POINT_BUFFER_PROXY,1.669667414,PRELIMINARY_90M,0.4919482686691698,0.4987209987191203,0.4987209987191203,0.090975076,0.2782779023333333,0.33998056143040584,CANDIDATE_GRAPH
198,ST004__ST043,4,ST004,배곧중심상가,43,ST043,시흥종합버스터미널,3945.0,3.945,2.7952590978055483,0.567010824,0.567010824,0.0,0.0,PRELIMINARY_POINT_BUFFER_PROXY,0.639443757,PRELIMINARY_90M,0.32916145181476847,0.3577485896692231,0.3577485896692231,0.567010824,0.1065739595,0.34012370624599786,CANDIDATE_GRAPH
1263,ST034__ST043,34,ST034,군자디지털과학고등학교,43,ST043,시흥종합버스터미널,6443.0,6.443,2.8546434756622054,0.334548381,0.334548381,0.0,0.0,PRELIMINARY_POINT_BUFFER_PROXY,0.832123125,PRELIMINARY_90M,0.5375886524822695,0.35030644230205493,0.35030644230205493,0.334548381,0.1386871875,0.34028266582108113,CANDIDATE_GRAPH
248,ST005__ST043,5,ST005,배곧중·고등학교,43,ST043,시흥종합버스터미널,5498.0,5.498,3.837015357175228,0.516546058,0.516546058,0.0,0.0,PRELIMINARY_POINT_BUFFER_PROXY,0.754435463,PRELIMINARY_90M,0.4587400917813934,0.26061923315735436,0.26061923315735436,0.516546058,0.12573924383333332,0.34041115669302024,CANDIDATE_GRAPH
454,ST010__ST014,10,ST010,은계호수공원,14,ST014,시흥대야역,1525.0,1.525,2.792670740390496,0.667821134,0.57752438,0.090296754,0.0,PRELIMINARY_POINT_BUFFER_PROXY,1.2539899,PRELIMINARY_90M,0.1272423863162286,0.3580801651755664,0.3580801651755664,0.667821134,0.20899831666666668,0.3405355005396154,CANDIDATE_GRAPH
850,ST019__ST050,19,ST019,시화병원,50,ST050,시흥한라3차아파트,2327.0,2.327,2.8286811737543958,0.671238316,0.671238316,0.0,0.0,PRELIMINARY_POINT_BUFFER_PROXY,0.870466051,PRELIMINARY_90M,0.19415936587400917,0.35352163731932357,0.35352163731932357,0.671238316,0.14507767516666667,0.34099924858999986,CANDIDATE_GRAPH
919,ST021__ST050,21,ST021,오이도 포구 해양관광 단지,50,ST050,시흥한라3차아파트,3800.0,3.8,2.1207887428081897,0.447508062,0.430147843,0.071018199,0.0,PRELIMINARY_POINT_BUFFER_PROXY,0.772975688,PRELIMINARY_90M,0.3170629954109303,0.4715226839029119,0.4715226839029119,0.447508062,0.12882928133333335,0.3412307556617939,CANDIDATE_GRAPH
769,ST017__ST042,17,ST017,장곡동,42,ST042,시흥시청역,2716.0,2.716,1.8434790923881643,0.330839246,0.330839246,0.0,0.0,PRELIMINARY_POINT_BUFFER_PROXY,1.590121124,PRELIMINARY_90M,0.2266166040884439,0.5424525855102236,0.5424525855102236,0.330839246,0.2650201873333333,0.3412321557330002,CANDIDATE_GRAPH
530,ST011__ST046,11,ST011,배곧생명공원,46,ST046,배곧1동행정복지센터,2055.0,2.055,2.414191719013481,0.677890751,0.677890751,0.0,0.0,PRELIMINARY_POINT_BUFFER_PROXY,0.609010822,PRELIMINARY_90M,0.17146433041301626,0.4142173101350183,0.4142173101350183,0.677890751,0.10150180366666667,0.34126854880367524,CANDIDATE_GRAPH
1371,ST040__ST046,40,ST040,갯골생태공원,46,ST046,배곧1동행정복지센터,6643.0,6.643,2.6207233450820753,0.201536217,0.201536217,0.0,0.0,PRELIMINARY_POINT_BUFFER_PROXY,1.380841974,PRELIMINARY_90M,0.554276178556529,0.3815740420966419,0.3815740420966419,0.201536217,0.230140329,0.3418816916632927,CANDIDATE_GRAPH
539,ST011__ST055,11,ST011,배곧생명공원,55,ST055,해양생태과학관,7172.0,7.172,3.0753891937864077,0.173700065,0.173700065,0.0,0.0,PRELIMINARY_POINT_BUFFER_PROXY,1.631005404,PRELIMINARY_90M,0.5984146850229454,0.32516209721372,0.32516209721372,0.173700065,0.271834234,0.34227777030916634,CANDIDATE_GRAPH
984,ST023__ST050,23,ST023,오이도역,50,ST050,시흥한라3차아파트,2437.0,2.437,2.465689120443457,0.635532393,0.635532393,0.0,0.0,PRELIMINARY_POINT_BUFFER_PROXY,0.755387488,PRELIMINARY_90M,0.2033375052148519,0.4055661322868428,0.4055661322868428,0.635532393,0.12589791466666667,0.34258348629209034,CANDIDATE_GRAPH
948,ST022__ST046,22,ST022,오이도박물관,46,ST046,배곧1동행정복지센터,7632.0,7.632,2.8793899893338257,0.144096576,0.144096576,0.0,0.0,PRELIMINARY_POINT_BUFFER_PROXY,1.456814235,PRELIMINARY_90M,0.6367959949937422,0.3472957826846371,0.3472957826846371,0.144096576,0.2428023725,0.3427476815445948,CANDIDATE_GRAPH
1265,ST034__ST045,34,ST034,군자디지털과학고등학교,45,ST045,시흥중앙도서관,6540.0,6.54,2.9933398472819306,0.352023517,0.352023517,0.0,0.0,PRELIMINARY_POINT_BUFFER_PROXY,0.836864495,PRELIMINARY_90M,0.5456821026282853,0.3340749968327315,0.3340749968327315,0.352023517,0.13947741583333334,0.3428145080735876,CANDIDATE_GRAPH
1435,ST045__ST050,45,ST045,시흥중앙도서관,50,ST050,시흥한라3차아파트,2833.0,2.833,3.6569644058701334,0.750888061,0.750888061,0.0,0.0,PRELIMINARY_POINT_BUFFER_PROXY,0.66329661,PRELIMINARY_90M,0.2363788068418857,0.27345084310768986,0.27345084310768986,0.750888061,0.11054943499999999,0.34281678648739394,CANDIDATE_GRAPH
1449,ST046__ST055,46,ST046,배곧1동행정복지센터,55,ST055,해양생태과학관,7851.0,7.851,3.5232407663534175,0.164232235,0.164232235,0.0,0.0,PRELIMINARY_POINT_BUFFER_PROXY,1.618401666,PRELIMINARY_90M,0.6550688360450563,0.28382959505631744,0.28382959505631744,0.164232235,0.269733611,0.3432160692753434,CANDIDATE_GRAPH
250,ST005__ST045,5,ST005,배곧중·고등학교,45,ST045,시흥중앙도서관,4916.0,4.916,3.972125654970632,0.577746462,0.577746462,0.0,0.0,PRELIMINARY_POINT_BUFFER_PROXY,0.813962468,PRELIMINARY_90M,0.4101793909052983,0.2517543720573446,0.2517543720573446,0.577746462,0.13566041133333334,0.3438351590739941,CANDIDATE_GRAPH
529,ST011__ST045,11,ST011,배곧생명공원,45,ST045,시흥중앙도서관,3828.0,3.828,3.480147122134749,0.661181158,0.661181158,0.0,0.0,PRELIMINARY_POINT_BUFFER_PROXY,0.647151976,PRELIMINARY_90M,0.31939924906132666,0.28734417394015005,0.28734417394015005,0.661181158,0.10785866266666666,0.34394581091703585,CANDIDATE_GRAPH
1288,ST035__ST048,35,ST035,산들공원,48,ST048,정왕평생학습관 사거리,6740.0,6.74,3.084409976243774,0.362180104,0.362180104,0.0,0.0,PRELIMINARY_POINT_BUFFER_PROXY,0.763853952,PRELIMINARY_90M,0.5623696287025448,0.3242111158056265,0.3242111158056265,0.362180104,0.12730899199999998,0.34401746012704276,CANDIDATE_GRAPH
1136,ST029__ST031,29,ST029,관곡공원,31,ST031,마전저수지,5377.0,5.377,2.6870303020635813,0.0,0.0,0.0,0.0,PRELIMINARY_POINT_BUFFER_PROXY,3.331666559,PRELIMINARY_90M,0.4486441385064664,0.3721580658141524,0.3721580658141524,0.0,0.5552777598333333,0.344019991038488,CANDIDATE_GRAPH
200,ST004__ST045,4,ST004,배곧중심상가,45,ST045,시흥중앙도서관,3290.0,3.29,2.605001057922393,0.615773208,0.615773208,0.0,0.0,PRELIMINARY_POINT_BUFFER_PROXY,0.612436929,PRELIMINARY_90M,0.27450980392156865,0.38387700341187025,0.38387700341187025,0.615773208,0.10207282150000001,0.3440582092083597,CANDIDATE_GRAPH
885,ST020__ST050,20,ST020,시화공업단지[왼쪽부근],50,ST050,시흥한라3차아파트,4182.0,4.182,3.439864281573088,0.633674854,0.633674854,0.0,0.0,PRELIMINARY_POINT_BUFFER_PROXY,0.625603106,PRELIMINARY_90M,0.34893617021276596,0.290709143775489,0.290709143775489,0.633674854,0.10426718433333333,0.34439683808039706,CANDIDATE_GRAPH
756,ST017__ST029,17,ST017,장곡동,29,ST029,관곡공원,4322.0,4.322,2.2640824773122388,0.207924155,0.207924155,0.0,0.0,PRELIMINARY_POINT_BUFFER_PROXY,2.212483712,PRELIMINARY_90M,0.3606174384647476,0.44168002271150936,0.44168002271150936,0.207924155,0.36874728533333334,0.34474222537739757,CANDIDATE_GRAPH
1194,ST031__ST040,31,ST031,마전저수지,40,ST040,갯골생태공원,2402.0,2.402,2.2619856904966325,0.142177716,0.142177716,0.0,0.0,PRELIMINARY_POINT_BUFFER_PROXY,3.572654596,PRELIMINARY_90M,0.2004171881518565,0.44208944565889097,0.44208944565889097,0.142177716,0.5954424326666666,0.34503169561935354,CANDIDATE_GRAPH
533,ST011__ST049,11,ST011,배곧생명공원,49,ST049,거북섬 웨이브파크 정문,7867.0,7.867,3.231375254896857,0.159105909,0.159105909,0.0,0.0,PRELIMINARY_POINT_BUFFER_PROXY,1.540417714,PRELIMINARY_90M,0.6564038381309971,0.3094657602779468,0.3094657602779468,0.159105909,0.2567362856666667,0.3454279482689026,CANDIDATE_GRAPH
1249,ST033__ST050,33,ST033,타원산업단지,50,ST050,시흥한라3차아파트,6446.0,6.446,3.5655488582742394,0.470601858,0.470601858,0.0,0.0,PRELIMINARY_POINT_BUFFER_PROXY,0.562920837,PRELIMINARY_90M,0.5378389653733834,0.28046172966593697,0.28046172966593697,0.470601858,0.0938201395,0.3456806731348301,CANDIDATE_GRAPH
503,ST011__ST019,11,ST011,배곧생명공원,19,ST019,시화병원,3341.0,3.341,2.884602014738478,0.626739114,0.626739114,0.0,0.0,PRELIMINARY_POINT_BUFFER_PROXY,0.783434433,PRELIMINARY_90M,0.27876512307050477,0.34666827343620965,0.34666827343620965,0.626739114,0.13057240550000002,0.3456862290016786,CANDIDATE_GRAPH
1439,ST045__ST054,45,ST045,시흥중앙도서관,54,ST054,시흥 프리미엄 아울렛,6917.0,6.917,4.195062440228731,0.369304599,0.369304599,0.0,0.0,PRELIMINARY_POINT_BUFFER_PROXY,1.195975935,PRELIMINARY_90M,0.5771380892782645,0.23837547456039204,0.23837547456039204,0.369304599,0.19932932250000002,0.3460368713346642,CANDIDATE_GRAPH
1468,ST049__ST053,49,ST049,거북섬 웨이브파크 정문,53,ST053,오이도 빨강등대,3795.0,3.795,1.9574790573544323,0.127972736,0.001466061,0.126506675,0.0,PRELIMINARY_POINT_BUFFER_PROXY,2.594915167,PRELIMINARY_90M,0.3166458072590738,0.5108611488040734,0.5108611488040734,0.127972736,0.43248586116666665,0.34699138830745346,CANDIDATE_GRAPH
912,ST021__ST043,21,ST021,오이도 포구 해양관광 단지,43,ST043,시흥종합버스터미널,6933.0,6.933,2.4234188576339304,0.1092334,0.031860253,0.077373148,0.0,PRELIMINARY_POINT_BUFFER_PROXY,1.726597,PRELIMINARY_90M,0.5784730913642052,0.412640182628741,0.412640182628741,0.1092334,0.28776616666666666,0.3470282101649032,CANDIDATE_GRAPH
977,ST023__ST043,23,ST023,오이도역,43,ST043,시흥종합버스터미널,3313.0,3.313,2.7164508036729917,0.671309327,0.671309327,0.0,0.0,PRELIMINARY_POINT_BUFFER_PROXY,0.436993285,PRELIMINARY_90M,0.27642886942010847,0.3681274104606905,0.3681274104606905,0.671309327,0.07283221416666667,0.3471744552618664,CANDIDATE_GRAPH
1434,ST045__ST049,45,ST045,시흥중앙도서관,49,ST049,거북섬 웨이브파크 정문,7847.0,7.847,3.3414189443190656,0.193917601,0.193917601,0.0,0.0,PRELIMINARY_POINT_BUFFER_PROXY,1.453478259,PRELIMINARY_90M,0.6547350855235712,0.2992740559217084,0.2992740559217084,0.193917601,0.2422463765,0.3475432797363199,CANDIDATE_GRAPH
846,ST019__ST046,19,ST019,시화병원,46,ST046,배곧1동행정복지센터,4055.0,4.055,3.251371511972627,0.614053069,0.614053069,0.0,0.0,PRELIMINARY_POINT_BUFFER_PROXY,0.784060813,PRELIMINARY_90M,0.3383395911556112,0.3075625151778776,0.3075625151778776,0.614053069,0.13067680216666666,0.34765799437503886,CANDIDATE_GRAPH
1325,ST037__ST048,37,ST037,군자동행정복지센터,48,ST048,정왕평생학습관 사거리,6192.0,6.192,3.3922692548148268,0.37843312,0.37843312,0.0,0.0,PRELIMINARY_POINT_BUFFER_PROXY,1.209430181,PRELIMINARY_90M,0.5166458072590738,0.2947879206760039,0.2947879206760039,0.37843312,0.20157169683333334,0.3478596361921028,CANDIDATE_GRAPH
16,ST001__ST017,1,ST001,월곶역,17,ST017,장곡동,5471.0,5.471,2.2032904503529056,0.141154833,0.141154833,0.0,0.0,PRELIMINARY_POINT_BUFFER_PROXY,2.041065843,PRELIMINARY_90M,0.4564872757613684,0.45386662472931244,0.45386662472931244,0.141154833,0.34017764050000004,0.34792159349767027,CANDIDATE_GRAPH
1419,ST043__ST055,43,ST043,시흥종합버스터미널,55,ST055,해양생태과학관,8039.0,8.039,3.364264252340225,0.190440676,0.190440676,0.0,0.0,PRELIMINARY_POINT_BUFFER_PROXY,1.405590741,PRELIMINARY_90M,0.6707551105548603,0.2972418112829238,0.2972418112829238,0.190440676,0.23426512349999998,0.348175680334446,CANDIDATE_GRAPH
292,ST006__ST038,6,ST006,시흥시청 본청,38,ST038,능곡도서관,2199.0,2.199,2.084117616972949,0.214672193,0.183407351,0.04195668,0.0,PRELIMINARY_POINT_BUFFER_PROXY,3.091529972,PRELIMINARY_90M,0.1834793491864831,0.47981936904906436,0.47981936904906436,0.214672193,0.5152549953333333,0.34830647664222014,CANDIDATE_GRAPH
504,ST011__ST020,11,ST011,배곧생명공원,20,ST020,시화공업단지[왼쪽부근],4958.0,4.958,3.5286319710741507,0.600203436,0.600203436,0.0,0.0,PRELIMINARY_POINT_BUFFER_PROXY,0.580870729,PRELIMINARY_90M,0.4136837713808928,0.28339594726723233,0.28339594726723233,0.600203436,0.09681178816666668,0.34852373570369793,CANDIDATE_GRAPH
1450,ST047__ST048,47,ST047,배곧2동행정복지센터,48,ST048,정왕평생학습관 사거리,3453.0,3.453,3.2407471324978205,0.685219912,0.685219912,0.0,0.0,PRELIMINARY_POINT_BUFFER_PROXY,0.689108455,PRELIMINARY_90M,0.2881101376720901,0.3085708199729997,0.3085708199729997,0.685219912,0.11485140916666665,0.3491880697029391,CANDIDATE_GRAPH
595,ST013__ST026,13,ST013,삼미시장,26,ST026,은계파크자이,1938.0,1.938,2.6326125397405407,0.511569918,0.511569918,0.0,0.0,PRELIMINARY_POINT_BUFFER_PROXY,2.070334106,PRELIMINARY_90M,0.16170212765957448,0.3798508078589323,0.3798508078589323,0.511569918,0.3450556843333333,0.34954463446295997,CANDIDATE_GRAPH
714,ST016__ST025,16,ST016,물왕호수,25,ST025,목감동행정복지센터,3005.0,3.005,2.1381214943015445,0.193383798,0.119943446,0.161932073,0.0,PRELIMINARY_POINT_BUFFER_PROXY,2.924827881,PRELIMINARY_90M,0.25073007926574886,0.46770026991691965,0.46770026991691965,0.193383798,0.4874713135,0.3498213651706671,CANDIDATE_GRAPH
378,ST008__ST029,8,ST008,시흥능곡역,29,ST029,관곡공원,4389.0,4.389,2.156570265400262,0.0,0.0,0.0,0.0,PRELIMINARY_POINT_BUFFER_PROXY,3.417489749,PRELIMINARY_90M,0.36620775969962455,0.46369924321218386,0.46369924321218386,0.0,0.5695816248333333,0.34987215693628543,CANDIDATE_GRAPH
1422,ST044__ST047,44,ST044,경기과학기술대학교,47,ST047,배곧2동행정복지센터,3990.0,3.99,3.4139524789333366,0.649649602,0.649649602,0.0,0.0,PRELIMINARY_POINT_BUFFER_PROXY,0.754094476,PRELIMINARY_90M,0.33291614518147683,0.29291561794452464,0.29291561794452464,0.649649602,0.12568241266666666,0.35029094444816705,CANDIDATE_GRAPH
1430,ST044__ST055,44,ST044,경기과학기술대학교,55,ST055,해양생태과학관,7838.0,7.838,2.9528465126074575,0.13159171,0.13159171,0.0,0.0,PRELIMINARY_POINT_BUFFER_PROXY,1.662189575,PRELIMINARY_90M,0.6539841468502294,0.3386562747946449,0.3386562747946449,0.13159171,0.2770315958333333,0.3503159318695519,CANDIDATE_GRAPH
517,ST011__ST033,11,ST011,배곧생명공원,33,ST033,타원산업단지,6732.0,6.732,3.1481630303810437,0.397215532,0.397215532,0.0,0.0,PRELIMINARY_POINT_BUFFER_PROXY,0.751723,PRELIMINARY_90M,0.5617021276595745,0.31764555721847837,0.31764555721847837,0.397215532,0.12528716666666667,0.35046259588617984,CANDIDATE_GRAPH
424,ST009__ST029,9,ST009,능곡중앙공원,29,ST029,관곡공원,4562.0,4.562,2.4231442712656004,0.204923527,0.178849884,0.12823664,0.0,PRELIMINARY_POINT_BUFFER_PROXY,2.421968536,PRELIMINARY_90M,0.380642469753859,0.41268694227508923,0.41268694227508923,0.204923527,0.40366142266666666,0.3504785904239037,CANDIDATE_GRAPH
854,ST019__ST054,19,ST019,시화병원,54,ST054,시흥 프리미엄 아울렛,5839.0,5.839,3.449473355080724,0.447329658,0.447329658,0.0,0.0,PRELIMINARY_POINT_BUFFER_PROXY,1.073292342,PRELIMINARY_90M,0.48719232373800586,0.2898993257991402,0.2898993257991402,0.447329658,0.178882057,0.3508258411342865,CANDIDATE_GRAPH
837,ST019__ST037,19,ST019,시화병원,37,ST037,군자동행정복지센터,6481.0,6.481,3.3637250258662945,0.35991361,0.35991361,0.0,0.0,PRELIMINARY_POINT_BUFFER_PROXY,1.238705103,PRELIMINARY_90M,0.5407592824363788,0.29728946103210674,0.29728946103210674,0.35991361,0.2064508505,0.3511033009921214,CANDIDATE_GRAPH
1367,ST040__ST042,40,ST040,갯골생태공원,42,ST042,시흥시청역,3460.0,3.46,1.9956964294535866,0.321864239,0.321864239,0.0,0.0,PRELIMINARY_POINT_BUFFER_PROXY,1.76240716,PRELIMINARY_90M,0.2886942010846892,0.5010782127188531,0.5010782127188531,0.321864239,0.29373452666666666,0.3513427948675522,CANDIDATE_GRAPH
884,ST020__ST049,20,ST020,시화공업단지[왼쪽부근],49,ST049,거북섬 웨이브파크 정문,8300.0,8.3,3.096464115950926,0.128758926,0.128758926,0.0,0.0,PRELIMINARY_POINT_BUFFER_PROXY,1.567717024,PRELIMINARY_90M,0.6925323320817689,0.32294900329981685,0.32294900329981685,0.128758926,0.26128617066666665,0.3513816080120631,CANDIDATE_GRAPH
980,ST023__ST046,23,ST023,오이도역,46,ST046,배곧1동행정복지센터,2045.0,2.045,2.389760491642425,0.684570888,0.684570888,0.0,0.0,PRELIMINARY_POINT_BUFFER_PROXY,0.792332511,PRELIMINARY_90M,0.1706299541093033,0.4184519760441449,0.4184519760441449,0.684570888,0.1320554185,0.3514270591633621,CANDIDATE_GRAPH
918,ST021__ST049,21,ST021,오이도 포구 해양관광 단지,49,ST049,거북섬 웨이브파크 정문,3415.0,3.415,2.0479519266585933,0.213066607,0.05611095,0.156955657,0.0,PRELIMINARY_POINT_BUFFER_PROXY,2.524721128,PRELIMINARY_90M,0.2849395077179808,0.48829271184679834,0.48829271184679834,0.213066607,0.42078685466666665,0.35177142030786146,CANDIDATE_GRAPH
956,ST022__ST054,22,ST022,오이도박물관,54,ST054,시흥 프리미엄 아울렛,8460.0,8.46,2.856440174871226,0.087101923,0.087101923,0.0,0.0,PRELIMINARY_POINT_BUFFER_PROXY,1.590310318,PRELIMINARY_90M,0.7058823529411765,0.35008609975354443,0.35008609975354443,0.087101923,0.2650517196666667,0.3520305238403469,CANDIDATE_GRAPH
251,ST005__ST046,5,ST005,배곧중·고등학교,46,ST046,배곧1동행정복지센터,508.0,0.508,2.0,0.795799795,0.795799795,0.0,0.0,PRELIMINARY_POINT_BUFFER_PROXY,0.422677047,PRELIMINARY_90M,0.04238631622861911,0.5,0.5,0.795799795,0.0704461745,0.3521580714321548,CANDIDATE_GRAPH
924,ST021__ST055,21,ST021,오이도 포구 해양관광 단지,55,ST055,해양생태과학관,2960.0,2.96,1.9299976875687086,0.180973235,0.0,0.180973235,0.0,PRELIMINARY_POINT_BUFFER_PROXY,2.778134843,PRELIMINARY_90M,0.24697538589904047,0.5181353358302403,0.5181353358302403,0.180973235,0.46302247383333334,0.3522766076406535,CANDIDATE_GRAPH
452,ST010__ST012,10,ST010,은계호수공원,12,ST012,신천역,2361.0,2.361,2.79221465563128,0.473443851,0.473443851,0.0,0.0,PRELIMINARY_POINT_BUFFER_PROXY,2.295026039,PRELIMINARY_90M,0.1969962453066333,0.35813865455623944,0.35813865455623944,0.473443851,0.3825043398333334,0.35277077267405155,CANDIDATE_GRAPH
176,ST004__ST021,4,ST004,배곧중심상가,21,ST021,오이도 포구 해양관광 단지,6584.0,6.584,3.5923217288463887,0.225583256,0.147159552,0.078423704,0.0,PRELIMINARY_POINT_BUFFER_PROXY,2.150735805,PRELIMINARY_90M,0.5493533583646224,0.2783715033010511,0.2783715033010511,0.225583256,0.35845596750000003,0.3529410212914184,CANDIDATE_GRAPH
811,ST018__ST047,18,ST018,정왕역,47,ST047,배곧2동행정복지센터,3541.0,3.541,3.5135420511635806,0.71603201,0.71603201,0.0,0.0,PRELIMINARY_POINT_BUFFER_PROXY,0.696535188,PRELIMINARY_90M,0.29545264914476427,0.2846130729156436,0.2846130729156436,0.71603201,0.116089198,0.353046732515102,CANDIDATE_GRAPH
967,ST023__ST033,23,ST023,오이도역,33,ST033,타원산업단지,7209.0,7.209,2.595996605722783,0.210133722,0.210133722,0.0,0.0,PRELIMINARY_POINT_BUFFER_PROXY,1.311515284,PRELIMINARY_90M,0.6015018773466834,0.38520851598786193,0.38520851598786193,0.210133722,0.21858588066666665,0.353857499000303,CANDIDATE_GRAPH
6,ST001__ST007,1,ST001,월곶역,7,ST007,장현지구,6606.0,6.606,2.2379457054195973,0.124628605,0.124628605,0.0,0.0,PRELIMINARY_POINT_BUFFER_PROXY,1.757575321,PRELIMINARY_90M,0.551188986232791,0.4468383650140913,0.4468383650140913,0.124628605,0.29292922016666667,0.35389629410338724,CANDIDATE_GRAPH
260,ST005__ST055,5,ST005,배곧중·고등학교,55,ST055,해양생태과학관,8840.0,8.84,2.8691554302913267,0.061797594,0.061797594,0.0,0.0,PRELIMINARY_POINT_BUFFER_PROXY,1.619226112,PRELIMINARY_90M,0.7375886524822695,0.34853462083037534,0.34853462083037534,0.061797594,0.2698710186666667,0.3544479714948278,CANDIDATE_GRAPH
1135,ST029__ST030,29,ST029,관곡공원,30,ST030,장곡도서관,4785.0,4.785,2.344415023463761,0.235519282,0.235519282,0.0,0.0,PRELIMINARY_POINT_BUFFER_PROXY,2.140637973,PRELIMINARY_90M,0.3992490613266583,0.4265456371809749,0.4265456371809749,0.235519282,0.3567729955,0.35452174400190833,CANDIDATE_GRAPH
226,ST005__ST021,5,ST005,배곧중·고등학교,21,ST021,오이도 포구 해양관광 단지,7186.0,7.186,2.4829722843337407,0.221699643,0.182295673,0.03940397,0.0,PRELIMINARY_POINT_BUFFER_PROXY,1.167919642,PRELIMINARY_90M,0.5995828118481435,0.4027431181207612,0.4027431181207612,0.221699643,0.19465327366666665,0.35466971165889283,CANDIDATE_GRAPH
981,ST023__ST047,23,ST023,오이도역,47,ST047,배곧2동행정복지센터,3445.0,3.445,3.720252557069112,0.68437309,0.68437309,0.0,0.0,PRELIMINARY_POINT_BUFFER_PROXY,1.070800265,PRELIMINARY_90M,0.28744263662911973,0.2687989550870223,0.2687989550870223,0.68437309,0.17846671083333332,0.35477034813736885,CANDIDATE_GRAPH
1391,ST041__ST052,41,ST041,연꽃테마파크,52,ST052,가온그린공원,4968.0,4.968,2.2619391797382047,0.172697542,0.172697542,0.0,0.0,PRELIMINARY_POINT_BUFFER_PROXY,2.343340408,PRELIMINARY_90M,0.41451814768460576,0.4420985360515924,0.4420985360515924,0.172697542,0.3905567346666667,0.35496774010071624,CANDIDATE_GRAPH
1443,ST046__ST049,46,ST046,배곧1동행정복지센터,49,ST049,거북섬 웨이브파크 정문,8306.0,8.306,3.48477898206516,0.178349401,0.178349401,0.0,0.0,PRELIMINARY_POINT_BUFFER_PROXY,1.578347877,PRELIMINARY_90M,0.6930329578639967,0.28696224499362,0.28696224499362,0.178349401,0.2630579795,0.3553506458394041,CANDIDATE_GRAPH
537,ST011__ST053,11,ST011,배곧생명공원,53,ST053,오이도 빨강등대,4850.0,4.85,2.2547175666188095,0.438268244,0.425175863,0.05775481,0.0,PRELIMINARY_POINT_BUFFER_PROXY,0.820150579,PRELIMINARY_90M,0.4046725073007927,0.44351452918318596,0.44351452918318596,0.438268244,0.13669176316666667,0.3557867609126613,CANDIDATE_GRAPH
225,ST005__ST020,5,ST005,배곧중·고등학교,20,ST020,시화공업단지[왼쪽부근],6046.0,6.046,3.920032934906872,0.543310878,0.543310878,0.0,0.0,PRELIMINARY_POINT_BUFFER_PROXY,0.728433864,PRELIMINARY_90M,0.5044639132248644,0.2550998975277122,0.2550998975277122,0.543310878,0.121405644,0.35607008318814415,CANDIDATE_GRAPH
1418,ST043__ST054,43,ST043,시흥종합버스터미널,54,ST054,시흥 프리미엄 아울렛,7564.0,7.564,4.11485418504352,0.364312082,0.364312082,0.0,0.0,PRELIMINARY_POINT_BUFFER_PROXY,1.126489925,PRELIMINARY_90M,0.6311222361284939,0.2430219772148314,0.2430219772148314,0.364312082,0.18774832083333334,0.35655115404416465,CANDIDATE_GRAPH
1264,ST034__ST044,34,ST034,군자디지털과학고등학교,44,ST044,경기과학기술대학교,6466.0,6.466,2.854871731872146,0.383886554,0.383886554,0.0,0.0,PRELIMINARY_POINT_BUFFER_PROXY,0.931735075,PRELIMINARY_90M,0.5395077179808093,0.350278434171271,0.350278434171271,0.383886554,0.15528917916666665,0.3572404713296867,CANDIDATE_GRAPH
172,ST004__ST017,4,ST004,배곧중심상가,17,ST017,장곡동,6764.0,6.764,2.942360541443412,0.206546328,0.206546328,0.0,0.0,PRELIMINARY_POINT_BUFFER_PROXY,1.909089561,PRELIMINARY_90M,0.564372131831456,0.33986317649210906,0.33986317649210906,0.206546328,0.3181815935,0.35724080745589126,CANDIDATE_GRAPH
532,ST011__ST048,11,ST011,배곧생명공원,48,ST048,정왕평생학습관 사거리,3624.0,3.624,2.8984721926557486,0.655786705,0.655786705,0.0,0.0,PRELIMINARY_POINT_BUFFER_PROXY,0.754855634,PRELIMINARY_90M,0.30237797246558196,0.3450093475224069,0.3450093475224069,0.655786705,0.12580927233333333,0.35724582433033053,CANDIDATE_GRAPH
1052,ST026__ST028,26,ST026,은계파크자이,28,ST028,매화산업단지,3710.0,3.71,2.0137289994067236,0.230217732,0.230217732,0.0,0.0,PRELIMINARY_POINT_BUFFER_PROXY,2.364000529,PRELIMINARY_90M,0.3095536086775136,0.4965911501967821,0.4965911501967821,0.230217732,0.3940000881666667,0.3575906447602406,CANDIDATE_GRAPH
787,ST018__ST023,18,ST018,정왕역,23,ST023,오이도역,1655.0,1.655,2.5246466062280373,0.845619078,0.845619078,0.0,0.0,PRELIMINARY_POINT_BUFFER_PROXY,0.311055548,PRELIMINARY_90M,0.1380892782644973,0.39609504060216005,0.39609504060216005,0.845619078,0.051842591333333334,0.35791149704999764,CANDIDATE_GRAPH
779,ST017__ST052,17,ST017,장곡동,52,ST052,가온그린공원,639.0,0.639,1.9871511618456574,0.588670368,0.588670368,0.0,0.0,PRELIMINARY_POINT_BUFFER_PROXY,1.720740011,PRELIMINARY_90M,0.053316645807259075,0.5032329795541092,0.5032329795541092,0.588670368,0.2867900018333333,0.3580024987986754,CANDIDATE_GRAPH
480,ST010__ST040,10,ST010,은계호수공원,40,ST040,갯골생태공원,7454.0,7.454,2.3810988212602635,0.143643119,0.143643119,0.0,0.0,PRELIMINARY_POINT_BUFFER_PROXY,1.480173201,PRELIMINARY_90M,0.6219440967876513,0.41997416951839145,0.41997416951839145,0.143643119,0.24669553349999998,0.3580642297015107,CANDIDATE_GRAPH
982,ST023__ST048,23,ST023,오이도역,48,ST048,정왕평생학습관 사거리,2744.0,2.744,3.0,0.805831223,0.805831223,0.0,0.0,PRELIMINARY_POINT_BUFFER_PROXY,0.39213366,PRELIMINARY_90M,0.22895285773884022,0.3333333333333333,0.3333333333333333,0.805831223,0.06535561,0.35836825601804334,CANDIDATE_GRAPH
1473,ST050__ST053,50,ST050,시흥한라3차아파트,53,ST053,오이도 빨강등대,5727.0,5.727,3.0902887703235526,0.220321594,0.136464907,0.083856687,0.0,PRELIMINARY_POINT_BUFFER_PROXY,2.477162819,PRELIMINARY_90M,0.47784730913642054,0.32359435454807034,0.32359435454807034,0.220321594,0.41286046983333335,0.35865593187945605,CANDIDATE_GRAPH
1425,ST044__ST050,44,ST044,경기과학기술대학교,50,ST050,시흥한라3차아파트,4192.0,4.192,3.3875016979736334,0.66648888,0.66648888,0.0,0.0,PRELIMINARY_POINT_BUFFER_PROXY,0.750088789,PRELIMINARY_90M,0.34977054651647893,0.29520280406005084,0.29520280406005084,0.66648888,0.12501479816666666,0.3591192571857991,CANDIDATE_GRAPH
505,ST011__ST021,11,ST011,배곧생명공원,21,ST021,오이도 포구 해양관광 단지,6597.0,6.597,3.3356174459520913,0.238967362,0.16067849,0.078288871,0.0,PRELIMINARY_POINT_BUFFER_PROXY,2.087636994,PRELIMINARY_90M,0.5504380475594494,0.29979457063145565,0.29979457063145565,0.238967362,0.347939499,0.3592848697977262,CANDIDATE_GRAPH
915,ST021__ST046,21,ST021,오이도 포구 해양관광 단지,46,ST046,배곧1동행정복지센터,7042.0,7.042,2.427569715247588,0.267215226,0.257844371,0.038334839,0.0,PRELIMINARY_POINT_BUFFER_PROXY,1.024008484,PRELIMINARY_90M,0.5875677930746767,0.4119346166328368,0.4119346166328368,0.267215226,0.1706680806666667,0.35934642909354503,CANDIDATE_GRAPH
208,ST004__ST053,4,ST004,배곧중심상가,53,ST053,오이도 빨강등대,6949.0,6.949,3.508561666430198,0.209323159,0.140219425,0.069103734,0.0,PRELIMINARY_POINT_BUFFER_PROXY,2.183795736,PRELIMINARY_90M,0.5798080934501461,0.2850170796677074,0.2850170796677074,0.209323159,0.363965956,0.35952857202946337,CANDIDATE_GRAPH
1459,ST048__ST050,48,ST048,정왕평생학습관 사거리,50,ST050,시흥한라3차아파트,3650.0,3.65,3.5088450033930068,0.746548284,0.746548284,0.0,0.0,PRELIMINARY_POINT_BUFFER_PROXY,0.613416754,PRELIMINARY_90M,0.3045473508552357,0.2849940647230109,0.2849940647230109,0.746548284,0.10223612566666666,0.3595814563112283,CANDIDATE_GRAPH
224,ST005__ST019,5,ST005,배곧중·고등학교,19,ST019,시화병원,5113.0,5.113,2.5042639598071927,0.361508567,0.361508567,0.0,0.0,PRELIMINARY_POINT_BUFFER_PROXY,1.508951186,PRELIMINARY_90M,0.4266166040884439,0.39931892805620683,0.39931892805620683,0.361508567,0.2514918643333333,0.359733990869496,CANDIDATE_GRAPH
1393,ST041__ST054,41,ST041,연꽃테마파크,54,ST054,시흥 프리미엄 아울렛,8437.0,8.437,2.489736395352416,0.047911633,0.047911633,0.0,0.0,PRELIMINARY_POINT_BUFFER_PROXY,1.716462461,PRELIMINARY_90M,0.7039632874426366,0.40164894639717574,0.40164894639717574,0.047911633,0.28607707683333333,0.3599002359182864,CANDIDATE_GRAPH
1413,ST043__ST049,43,ST043,시흥종합버스터미널,49,ST049,거북섬 웨이브파크 정문,8494.0,8.494,3.335129847015469,0.202851064,0.202851064,0.0,0.0,PRELIMINARY_POINT_BUFFER_PROXY,1.378385947,PRELIMINARY_90M,0.7087192323738006,0.2998384008631259,0.2998384008631259,0.202851064,0.22973099116666665,0.36028492210089835,CANDIDATE_GRAPH
1253,ST033__ST054,33,ST033,타원산업단지,54,ST054,시흥 프리미엄 아울렛,9930.0,9.93,2.6675480936559572,0.074252772,0.074252772,0.0,0.0,PRELIMINARY_POINT_BUFFER_PROXY,0.983376333,PRELIMINARY_90M,0.8285356695869838,0.37487609028614327,0.37487609028614327,0.074252772,0.1638960555,0.36039014684328174,CANDIDATE_GRAPH
814,ST018__ST050,18,ST018,정왕역,50,ST050,시흥한라3차아파트,2786.0,2.786,2.797668420165774,0.7253767,0.7253767,0.0,0.0,PRELIMINARY_POINT_BUFFER_PROXY,0.76137224,PRELIMINARY_90M,0.2324572382144347,0.3574405003795073,0.3574405003795073,0.7253767,0.12689537333333334,0.36054245298181886,CANDIDATE_GRAPH
203,ST004__ST048,4,ST004,배곧중심상가,48,ST048,정왕평생학습관 사거리,3286.0,3.286,2.85126560046434,0.722314679,0.722314679,0.0,0.0,PRELIMINARY_POINT_BUFFER_PROXY,0.581559349,PRELIMINARY_90M,0.27417605340008344,0.3507214479903752,0.3507214479903752,0.722314679,0.09692655816666666,0.36103468463928134,CANDIDATE_GRAPH
855,ST019__ST055,19,ST019,시화병원,55,ST055,해양생태과학관,7802.0,7.802,3.1202061969026214,0.220126096,0.220126096,0.0,0.0,PRELIMINARY_POINT_BUFFER_PROXY,1.516146467,PRELIMINARY_90M,0.6509803921568628,0.32049163962070326,0.32049163962070326,0.220126096,0.25269107783333333,0.36107230140272484,CANDIDATE_GRAPH
1302,ST036__ST043,36,ST036,시흥시립군자도서관,43,ST043,시흥종합버스터미널,6625.0,6.625,2.865241405107486,0.35286474,0.35286474,0.0,0.0,PRELIMINARY_POINT_BUFFER_PROXY,1.146151704,PRELIMINARY_90M,0.5527743012098456,0.34901073194650634,0.34901073194650634,0.35286474,0.191025284,0.361418764289088,CANDIDATE_GRAPH
818,ST018__ST054,18,ST018,정왕역,54,ST054,시흥 프리미엄 아울렛,5830.0,5.83,3.315653552693978,0.48397827,0.48397827,0.0,0.0,PRELIMINARY_POINT_BUFFER_PROXY,1.04582916,PRELIMINARY_90M,0.48644138506466417,0.3015996647742335,0.3015996647742335,0.48397827,0.17430486,0.36158104495972443,CANDIDATE_GRAPH
1376,ST040__ST051,40,ST040,갯골생태공원,51,ST051,연성중학교,5417.0,5.417,2.495832602905231,0.192518156,0.176017861,0.031845057,0.0,PRELIMINARY_POINT_BUFFER_PROXY,2.410565802,PRELIMINARY_90M,0.4519816437213183,0.4006678968917896,0.4006678968917896,0.192518156,0.40176096699999997,0.36173216590327695,CANDIDATE_GRAPH
856,ST020__ST021,20,ST020,시화공업단지[왼쪽부근],21,ST021,오이도 포구 해양관광 단지,7030.0,7.03,3.1699281862102007,0.198238546,0.124749419,0.073489127,0.0,PRELIMINARY_POINT_BUFFER_PROXY,2.08695311,PRELIMINARY_90M,0.5865665415102211,0.31546455984403465,0.31546455984403465,0.198238546,0.34782551833333336,0.3620237914218973,CANDIDATE_GRAPH
31,ST001__ST032,1,ST001,월곶역,32,ST032,희망공원,9862.0,9.862,3.6110472422904527,0.173219947,0.173219947,0.0,0.0,PRELIMINARY_POINT_BUFFER_PROXY,1.055008756,PRELIMINARY_90M,0.8228619107217355,0.2769279748790297,0.2769279748790297,0.173219947,0.17583479266666668,0.36221115631685796,CANDIDATE_GRAPH
1485,ST054__ST055,54,ST054,시흥 프리미엄 아울렛,55,ST055,해양생태과학관,8785.0,8.785,3.358124896093023,0.167963511,0.167963511,0.0,0.0,PRELIMINARY_POINT_BUFFER_PROXY,1.501812599,PRELIMINARY_90M,0.7329995828118482,0.2977852316223974,0.2977852316223974,0.167963511,0.25030209983333335,0.3622626063168947,CANDIDATE_GRAPH
713,ST016__ST024,16,ST016,물왕호수,24,ST024,목감고등학교,3229.0,3.229,2.105914035609522,0.176923572,0.176923572,0.0,0.0,PRELIMINARY_POINT_BUFFER_PROXY,3.167384816,PRELIMINARY_90M,0.2694201084689195,0.474853191104055,0.474853191104055,0.176923572,0.5278974693333334,0.36227358522657693,CANDIDATE_GRAPH
1464,ST048__ST055,48,ST048,정왕평생학습관 사거리,55,ST055,해양생태과학관,8209.0,8.209,3.335914687355277,0.234802841,0.234802841,0.0,0.0,PRELIMINARY_POINT_BUFFER_PROXY,1.389563725,PRELIMINARY_90M,0.6849395077179808,0.29976785791030014,0.29976785791030014,0.234802841,0.23159395416666664,0.36277604019873694,CANDIDATE_GRAPH
245,ST005__ST040,5,ST005,배곧중·고등학교,40,ST040,갯골생태공원,7834.0,7.834,2.945528375281883,0.215888323,0.215888323,0.0,0.0,PRELIMINARY_POINT_BUFFER_PROXY,1.459394358,PRELIMINARY_90M,0.6536503963287442,0.3394976630990022,0.3394976630990022,0.215888323,0.243232393,0.3630671938569366,CANDIDATE_GRAPH
1200,ST031__ST046,31,ST031,마전저수지,46,ST046,배곧1동행정복지센터,6474.0,6.474,2.6607456451218936,0.206709213,0.206709213,0.0,0.0,PRELIMINARY_POINT_BUFFER_PROXY,1.978775005,PRELIMINARY_90M,0.5401752190237797,0.3758344965567681,0.3758344965567681,0.206709213,0.32979583416666663,0.36312869068680365,CANDIDATE_GRAPH
881,ST020__ST046,20,ST020,시화공업단지[왼쪽부근],46,ST046,배곧1동행정복지센터,5816.0,5.816,3.345020784723044,0.54883893,0.54883893,0.0,0.0,PRELIMINARY_POINT_BUFFER_PROXY,0.722324933,PRELIMINARY_90M,0.485273258239466,0.29895180459477966,0.29895180459477966,0.54883893,0.12038748883333333,0.36336287041689475,CANDIDATE_GRAPH
177,ST004__ST022,4,ST004,배곧중심상가,22,ST022,오이도박물관,7095.0,7.095,3.2230177221652045,0.31100418,0.244058202,0.066945978,0.0,PRELIMINARY_POINT_BUFFER_PROXY,1.445357891,PRELIMINARY_90M,0.5919899874843555,0.3102682287853527,0.3102682287853527,0.31100418,0.24089298183333333,0.3635388445257604,CANDIDATE_GRAPH
553,ST012__ST026,12,ST012,신천역,26,ST026,은계파크자이,1797.0,1.797,2.4281601537334185,0.516501543,0.516501543,0.0,0.0,PRELIMINARY_POINT_BUFFER_PROXY,2.25962769,PRELIMINARY_90M,0.14993742177722152,0.4118344494132521,0.4118344494132521,0.516501543,0.376604615,0.36371950729761837,CANDIDATE_GRAPH
1304,ST036__ST045,36,ST036,시흥시립군자도서관,45,ST045,시흥중앙도서관,6722.0,6.722,3.000023280953298,0.369603936,0.369603936,0.0,0.0,PRELIMINARY_POINT_BUFFER_PROXY,1.146482613,PRELIMINARY_90M,0.5608677513558615,0.3333307465808187,0.3333307465808187,0.369603936,0.1910804355,0.36372071735917005,CANDIDATE_GRAPH
1421,ST044__ST046,44,ST044,경기과학기술대학교,46,ST046,배곧1동행정복지센터,6072.0,6.072,3.6617220145761413,0.526775367,0.526775367,0.0,0.0,PRELIMINARY_POINT_BUFFER_PROXY,0.891299477,PRELIMINARY_90M,0.5066332916145182,0.27309555340883895,0.27309555340883895,0.526775367,0.14854991283333333,0.36376353121417265,CANDIDATE_GRAPH
848,ST019__ST048,19,ST019,시화병원,48,ST048,정왕평생학습관 사거리,855.0,0.855,3.0,1.0,1.0,0.0,0.0,PRELIMINARY_POINT_BUFFER_PROXY,0.303061646,PRELIMINARY_90M,0.07133917396745933,0.3333333333333333,0.3333333333333333,1.0,0.050510274333333334,0.3637956954085315,CANDIDATE_GRAPH
1080,ST027__ST028,27,ST027,은행동행정복지센터,28,ST028,매화산업단지,4046.0,4.046,2.177258890186534,0.235801443,0.235801443,0.0,0.0,PRELIMINARY_POINT_BUFFER_PROXY,2.540050863,PRELIMINARY_90M,0.3375886524822695,0.4592931068084082,0.4592931068084082,0.235801443,0.42334181049999997,0.3640062531976694,CANDIDATE_GRAPH
1235,ST033__ST036,33,ST033,타원산업단지,36,ST036,시흥시립군자도서관,8292.0,8.292,2.7666997178454844,0.141881676,0.141881676,0.0,0.0,PRELIMINARY_POINT_BUFFER_PROXY,1.568226714,PRELIMINARY_90M,0.6918648310387985,0.3614414652771683,0.3614414652771683,0.141881676,0.261371119,0.3641397728289917,CANDIDATE_GRAPH
84,ST002__ST032,2,ST002,월곶포구,32,ST032,희망공원,9083.0,9.083,2.650593250822116,0.135475524,0.135475524,0.0,0.0,PRELIMINARY_POINT_BUFFER_PROXY,1.129956495,PRELIMINARY_90M,0.7578639966624948,0.3772740308947202,0.3772740308947202,0.135475524,0.18832608250000002,0.3647349085143038,CANDIDATE_GRAPH
783,ST018__ST019,18,ST018,정왕역,19,ST019,시화병원,477.0,0.477,2.616523504201786,1.0,1.0,0.0,0.0,PRELIMINARY_POINT_BUFFER_PROXY,0.221777495,PRELIMINARY_90M,0.039799749687108886,0.38218651519626484,0.38218651519626484,1.0,0.03696291583333333,0.36473729517917675,CANDIDATE_GRAPH
989,ST023__ST055,23,ST023,오이도역,55,ST055,해양생태과학관,8227.0,8.227,3.3796219383463817,0.216054457,0.216054457,0.0,0.0,PRELIMINARY_POINT_BUFFER_PROXY,1.566590717,PRELIMINARY_90M,0.6864413850646641,0.29589108434101685,0.29589108434101685,0.216054457,0.2610984528333333,0.3648713448097536,CANDIDATE_GRAPH
1483,ST053__ST054,53,ST053,오이도 빨강등대,54,ST054,시흥 프리미엄 아울렛,7846.0,7.846,2.4519918002424586,0.190480413,0.190480413,0.0,0.0,PRELIMINARY_POINT_BUFFER_PROXY,1.245480791,PRELIMINARY_90M,0.6546516478931999,0.4078317064115458,0.4078317064115458,0.190480413,0.20758013183333335,0.36513597478451976,CANDIDATE_GRAPH
917,ST021__ST048,21,ST021,오이도 포구 해양관광 단지,48,ST048,정왕평생학습관 사거리,6488.0,6.488,2.9194215933920336,0.468500047,0.458328592,0.041609985,0.0,PRELIMINARY_POINT_BUFFER_PROXY,0.649691948,PRELIMINARY_90M,0.5413433458489779,0.3425336040068521,0.3425336040068521,0.468500047,0.10828199133333333,0.36516474704729085,CANDIDATE_GRAPH
528,ST011__ST044,11,ST011,배곧생명공원,44,ST044,경기과학기술대학교,5146.0,5.146,3.3457596833523393,0.601030682,0.601030682,0.0,0.0,PRELIMINARY_POINT_BUFFER_PROXY,0.799644313,PRELIMINARY_90M,0.4293700458906967,0.29888578219641687,0.29888578219641687,0.601030682,0.13327405216666668,0.36564014056344507,CANDIDATE_GRAPH
819,ST018__ST055,18,ST018,정왕역,55,ST055,해양생태과학관,8302.0,8.302,3.3241718335944097,0.233602738,0.233602738,0.0,0.0,PRELIMINARY_POINT_BUFFER_PROXY,1.413734722,PRELIMINARY_90M,0.6926992073425114,0.3008268074152789,0.3008268074152789,0.233602738,0.23562245366666668,0.36568780160611425,CANDIDATE_GRAPH
596,ST013__ST027,13,ST013,삼미시장,27,ST027,은행동행정복지센터,1561.0,1.561,2.6154869323133116,0.514819805,0.514819805,0.0,0.0,PRELIMINARY_POINT_BUFFER_PROXY,2.62974837,PRELIMINARY_90M,0.13024614100959533,0.3823379836639188,0.3823379836639188,0.514819805,0.43829139500000003,0.36642383116837857,CANDIDATE_GRAPH
254,ST005__ST049,5,ST005,배곧중·고등학교,49,ST049,거북섬 웨이브파크 정문,9295.0,9.295,2.866697133352073,0.079416582,0.079416582,0.0,0.0,PRELIMINARY_POINT_BUFFER_PROXY,1.583882716,PRELIMINARY_90M,0.7755527743012098,0.3488335019300363,0.3488335019300363,0.079416582,0.26398045266666664,0.3669458277244782,CANDIDATE_GRAPH
812,ST018__ST048,18,ST018,정왕역,48,ST048,정왕평생학습관 사거리,747.0,0.747,2.7790953736776527,1.0,1.0,0.0,0.0,PRELIMINARY_POINT_BUFFER_PROXY,0.305117177,PRELIMINARY_90M,0.0623279098873592,0.3598293205305411,0.3598293205305411,1.0,0.05085286283333334,0.3682525233128084,CANDIDATE_GRAPH
162,ST004__ST007,4,ST004,배곧중심상가,7,ST007,장현지구,7899.0,7.899,2.8650445619521356,0.183317918,0.183317918,0.0,0.0,PRELIMINARY_POINT_BUFFER_PROXY,1.69100406,PRELIMINARY_90M,0.6590738423028786,0.34903471076157955,0.34903471076157955,0.183317918,0.28183401,0.36831512026611457,CANDIDATE_GRAPH
95,ST002__ST043,2,ST002,월곶포구,43,ST043,시흥종합버스터미널,7296.0,7.296,3.895549908774106,0.451755892,0.451755892,0.0,0.0,PRELIMINARY_POINT_BUFFER_PROXY,0.940832226,PRELIMINARY_90M,0.6087609511889862,0.25670316731089987,0.25670316731089987,0.451755892,0.156805371,0.3685063453749715,CANDIDATE_GRAPH
888,ST020__ST053,20,ST020,시화공업단지[왼쪽부근],53,ST053,오이도 빨강등대,7395.0,7.395,3.1120678507259623,0.184303336,0.119332705,0.064970631,0.0,PRELIMINARY_POINT_BUFFER_PROXY,2.120199184,PRELIMINARY_90M,0.6170212765957447,0.3213297549944892,0.3213297549944892,0.184303336,0.3533665306666667,0.36900522456422513,CANDIDATE_GRAPH
1438,ST045__ST053,45,ST045,시흥중앙도서관,53,ST053,오이도 빨강등대,6942.0,6.942,3.3899831896516006,0.26159621,0.1923696,0.06922661,0.0,PRELIMINARY_POINT_BUFFER_PROXY,2.041926577,PRELIMINARY_90M,0.579224030037547,0.29498671351900513,0.29498671351900513,0.26159621,0.34032109616666667,0.3690320124308047,CANDIDATE_GRAPH
765,ST017__ST038,17,ST017,장곡동,38,ST038,능곡도서관,4285.0,4.285,1.9821410620641189,0.326481556,0.310449796,0.021514244,0.0,PRELIMINARY_POINT_BUFFER_PROXY,1.72813283,PRELIMINARY_90M,0.3575302461410096,0.5045049613969662,0.5045049613969662,0.326481556,0.28802213833333334,0.36913472546782733,CANDIDATE_GRAPH
1268,ST034__ST048,34,ST034,군자디지털과학고등학교,48,ST048,정왕평생학습관 사거리,7176.0,7.176,2.984758946773873,0.400823068,0.400823068,0.0,0.0,PRELIMINARY_POINT_BUFFER_PROXY,0.853683595,PRELIMINARY_90M,0.5987484355444306,0.33503543094522487,0.33503543094522487,0.400823068,0.14228059916666666,0.3692218834140805,CANDIDATE_GRAPH
126,ST003__ST022,3,ST003,배곧한울공원,22,ST022,오이도박물관,3668.0,3.668,2.101502920676558,0.337713254,0.208126213,0.129587041,0.0,PRELIMINARY_POINT_BUFFER_PROXY,2.146262579,PRELIMINARY_90M,0.30604922820191904,0.475849921578058,0.475849921578058,0.337713254,0.35771042983333334,0.3693307084033276,CANDIDATE_GRAPH
923,ST021__ST054,21,ST021,오이도 포구 해양관광 단지,54,ST054,시흥 프리미엄 아울렛,7891.0,7.891,2.4011215965287387,0.202314633,0.193955188,0.034197307,0.0,PRELIMINARY_POINT_BUFFER_PROXY,1.203938599,PRELIMINARY_90M,0.6584063412599083,0.41647203600420873,0.41647203600420873,0.202314633,0.20065643316666668,0.36946236085769596,CANDIDATE_GRAPH
51,ST001__ST052,1,ST001,월곶역,52,ST052,가온그린공원,6035.0,6.035,2.185669146366726,0.174249152,0.174249152,0.0,0.0,PRELIMINARY_POINT_BUFFER_PROXY,2.059195852,PRELIMINARY_90M,0.5035460992907801,0.4575257886868726,0.4575257886868726,0.174249152,0.3431993086666667,0.36963008716107987,CANDIDATE_GRAPH
847,ST019__ST047,19,ST019,시화병원,47,ST047,배곧2동행정복지센터,3020.0,3.02,3.0981105135230838,0.761448964,0.761448964,0.0,0.0,PRELIMINARY_POINT_BUFFER_PROXY,0.856538396,PRELIMINARY_90M,0.2519816437213183,0.3227773817735211,0.3227773817735211,0.761448964,0.14275639933333334,0.3697410972070432,CANDIDATE_GRAPH
106,ST002__ST054,2,ST002,월곶포구,54,ST054,시흥 프리미엄 아울렛,1292.0,1.292,1.7682329099189025,0.526537914,0.526537914,0.0,0.0,PRELIMINARY_POINT_BUFFER_PROXY,1.675401346,PRELIMINARY_90M,0.10780141843971631,0.5655363580162432,0.5655363580162432,0.526537914,0.27923355766666663,0.36977731203065656,CANDIDATE_GRAPH
1064,ST026__ST040,26,ST026,은계파크자이,40,ST040,갯골생태공원,7430.0,7.43,2.258596133098155,0.180341115,0.180341115,0.0,0.0,PRELIMINARY_POINT_BUFFER_PROXY,1.420352121,PRELIMINARY_90M,0.6199415936587401,0.4427529053759084,0.4427529053759084,0.180341115,0.2367253535,0.36994024188366215,CANDIDATE_GRAPH
385,ST008__ST036,8,ST008,시흥능곡역,36,ST036,시흥시립군자도서관,4468.0,4.468,3.322939983305055,0.221339234,0.221339234,0.0,0.0,PRELIMINARY_POINT_BUFFER_PROXY,3.518784026,PRELIMINARY_90M,0.372799332498957,0.30093832721149005,0.30093832721149005,0.221339234,0.5864640043333333,0.37038522451094513,CANDIDATE_GRAPH
199,ST004__ST044,4,ST004,배곧중심상가,44,ST044,경기과학기술대학교,4681.0,4.681,2.8527491797795728,0.597922959,0.597922959,0.0,0.0,PRELIMINARY_POINT_BUFFER_PROXY,0.855658616,PRELIMINARY_90M,0.39057154776804337,0.3505390544279355,0.3505390544279355,0.597922959,0.14260976933333333,0.370410832632328,CANDIDATE_GRAPH
41,ST001__ST042,1,ST001,월곶역,42,ST042,시흥시청역,7620.0,7.62,2.205037081450518,0.116366312,0.116366312,0.0,0.0,PRELIMINARY_POINT_BUFFER_PROXY,1.658554214,PRELIMINARY_90M,0.6357947434292867,0.45350711260700427,0.45350711260700427,0.116366312,0.27642570233333336,0.3705234675924061,CANDIDATE_GRAPH
29,ST001__ST030,1,ST001,월곶역,30,ST030,장곡도서관,6268.0,6.268,2.1504305313841865,0.222809114,0.222809114,0.0,0.0,PRELIMINARY_POINT_BUFFER_PROXY,1.637690152,PRELIMINARY_90M,0.5229870671672925,0.46502315950486495,0.46502315950486495,0.222809114,0.27294835866666667,0.370941924834706,CANDIDATE_GRAPH
174,ST004__ST019,4,ST004,배곧중심상가,19,ST019,시화병원,2926.0,2.926,2.614569512395373,0.770020935,0.770020935,0.0,0.0,PRELIMINARY_POINT_BUFFER_PROXY,0.52724186,PRELIMINARY_90M,0.24413850646641636,0.38247214130628965,0.38247214130628965,0.770020935,0.08787364333333332,0.37112630652650985,CANDIDATE_GRAPH
1442,ST046__ST048,46,ST046,배곧1동행정복지센터,48,ST048,정왕평생학습관 사거리,3667.0,3.667,2.9785864404707585,0.734916295,0.734916295,0.0,0.0,PRELIMINARY_POINT_BUFFER_PROXY,0.667618415,PRELIMINARY_90M,0.30596579057154777,0.33572972280164964,0.33572972280164964,0.734916295,0.11126973583333333,0.3719703860516327,CANDIDATE_GRAPH
849,ST019__ST049,19,ST019,시화병원,49,ST049,거북섬 웨이브파크 정문,8257.0,8.257,3.103647670093521,0.2312599,0.2312599,0.0,0.0,PRELIMINARY_POINT_BUFFER_PROXY,1.481977045,PRELIMINARY_90M,0.6889445139758031,0.32220152101538874,0.32220152101538874,0.2312599,0.24699617416666667,0.3723505272894646,CANDIDATE_GRAPH
583,ST013__ST014,13,ST013,삼미시장,14,ST014,시흥대야역,1514.0,1.514,2.268613825900731,0.811440142,0.741965677,0.311431231,0.0,PRELIMINARY_POINT_BUFFER_PROXY,0.67519953,PRELIMINARY_90M,0.12632457238214434,0.4407978072702434,0.4407978072702434,0.811440142,0.112533255,0.37277394416309695,CANDIDATE_GRAPH
913,ST021__ST044,21,ST021,오이도 포구 해양관광 단지,44,ST044,경기과학기술대학교,6851.0,6.851,2.278241070460119,0.18968619,0.111387683,0.078298507,0.0,PRELIMINARY_POINT_BUFFER_PROXY,1.751180439,PRELIMINARY_90M,0.5716312056737589,0.4389351122522067,0.4389351122522067,0.18968619,0.29186340650000003,0.3730289786064914,CANDIDATE_GRAPH
1245,ST033__ST046,33,ST033,타원산업단지,46,ST046,배곧1동행정복지센터,8326.0,8.326,3.7254156810420254,0.412918588,0.412918588,0.0,0.0,PRELIMINARY_POINT_BUFFER_PROXY,0.706944131,PRELIMINARY_90M,0.6947017104714226,0.268426421537017,0.268426421537017,0.412918588,0.11782402183333333,0.37346768546044323,CANDIDATE_GRAPH
766,ST017__ST039,17,ST017,장곡동,39,ST039,능곡힐스테이트,4383.0,4.383,1.9825345779479786,0.337079027,0.273766902,0.063312125,0.0,PRELIMINARY_POINT_BUFFER_PROXY,1.722839209,PRELIMINARY_90M,0.36570713391739673,0.5044048215466937,0.5044048215466937,0.337079027,0.28713986816666665,0.3735827126576893,CANDIDATE_GRAPH
1447,ST046__ST053,46,ST046,배곧1동행정복지센터,53,ST053,오이도 빨강등대,7401.0,7.401,3.5478278014585065,0.239891327,0.174995367,0.06489596,0.0,PRELIMINARY_POINT_BUFFER_PROXY,2.131583779,PRELIMINARY_90M,0.6175219023779724,0.28186260888673953,0.28186260888673953,0.239891327,0.3552639631666667,0.37363495035784466,CANDIDATE_GRAPH
97,ST002__ST045,2,ST002,월곶포구,45,ST045,시흥중앙도서관,5883.0,5.883,3.0629597313091463,0.524937449,0.524937449,0.0,0.0,PRELIMINARY_POINT_BUFFER_PROXY,0.9182433,PRELIMINARY_90M,0.49086357947434295,0.3264816020198176,0.3264816020198176,0.524937449,0.15304055,0.3738307951235401,CANDIDATE_GRAPH
1458,ST048__ST049,48,ST048,정왕평생학습관 사거리,49,ST049,거북섬 웨이브파크 정문,8664.0,8.664,3.3088352366871927,0.244647215,0.244647215,0.0,0.0,PRELIMINARY_POINT_BUFFER_PROXY,1.363499277,PRELIMINARY_90M,0.7229036295369211,0.3022211529037029,0.3022211529037029,0.244647215,0.2272498795,0.374255469235156,CANDIDATE_GRAPH
1452,ST047__ST050,47,ST047,배곧2동행정복지센터,50,ST050,시흥한라3차아파트,729.0,0.729,2.9057391020038947,1.0,1.0,0.0,0.0,PRELIMINARY_POINT_BUFFER_PROXY,0.554485213,PRELIMINARY_90M,0.060826032540675846,0.34414652000600005,0.34414652000600005,1.0,0.09241420216666667,0.37434668867833565,CANDIDATE_GRAPH
810,ST018__ST046,18,ST018,정왕역,46,ST046,배곧1동행정복지센터,3836.0,3.836,3.060991160557495,0.739993526,0.739993526,0.0,0.0,PRELIMINARY_POINT_BUFFER_PROXY,0.664957987,PRELIMINARY_90M,0.320066750104297,0.32669156738690847,0.32669156738690847,0.739993526,0.11082633116666667,0.37439454366446806,CANDIDATE_GRAPH
857,ST020__ST022,20,ST020,시화공업단지[왼쪽부근],22,ST022,오이도박물관,7541.0,7.541,2.850981623778786,0.280507698,0.217487892,0.063019806,0.0,PRELIMINARY_POINT_BUFFER_PROXY,1.429589168,PRELIMINARY_90M,0.6292031706299541,0.3507563821735781,0.3507563821735781,0.280507698,0.23826486133333333,0.3746830280342164,CANDIDATE_GRAPH
1196,ST031__ST042,31,ST031,마전저수지,42,ST042,시흥시청역,4275.0,4.275,2.1436264167673507,0.207291629,0.207291629,0.0,0.0,PRELIMINARY_POINT_BUFFER_PROXY,2.824591732,PRELIMINARY_90M,0.3566958698372966,0.46649919602503703,0.46649919602503703,0.207291629,0.47076528866666667,0.3753129958822501,CANDIDATE_GRAPH
978,ST023__ST044,23,ST023,오이도역,44,ST044,경기과학기술대학교,4049.0,4.049,2.797259496141456,0.688072873,0.688072873,0.0,0.0,PRELIMINARY_POINT_BUFFER_PROXY,0.724665426,PRELIMINARY_90M,0.33783896537338337,0.35749275366815325,0.35749275366815325,0.688072873,0.12077757099999999,0.3760455407603842,CANDIDATE_GRAPH
983,ST023__ST049,23,ST023,오이도역,49,ST049,거북섬 웨이브파크 정문,8682.0,8.682,3.3503340740955077,0.226850983,0.226850983,0.0,0.0,PRELIMINARY_POINT_BUFFER_PROXY,1.531386353,PRELIMINARY_90M,0.7244055068836045,0.29847769741289776,0.29847769741289776,0.226850983,0.25523105883333336,0.3762413115324589,CANDIDATE_GRAPH
939,ST022__ST037,22,ST022,오이도박물관,37,ST037,군자동행정복지센터,11358.0,11.358,3.1231643935948163,0.029286142,0.029286142,0.0,0.0,PRELIMINARY_POINT_BUFFER_PROXY,1.250201499,PRELIMINARY_90M,0.9476846057571965,0.32018807657094944,0.32018807657094944,0.029286142,0.20836691650000003,0.37638143520703643,CANDIDATE_GRAPH
1205,ST031__ST051,31,ST031,마전저수지,51,ST051,연성중학교,6100.0,6.1,2.6203589074087144,0.119255883,0.104609688,0.028266702,0.0,PRELIMINARY_POINT_BUFFER_PROXY,2.974419427,PRELIMINARY_90M,0.5089695452649144,0.3816271111459708,0.3816271111459708,0.119255883,0.49573657116666664,0.37639727764438796,CANDIDATE_GRAPH
1463,ST048__ST054,48,ST048,정왕평생학습관 사거리,54,ST054,시흥 프리미엄 아울렛,6215.0,6.215,3.18555666739969,0.509215425,0.509215425,0.0,0.0,PRELIMINARY_POINT_BUFFER_PROXY,0.985908915,PRELIMINARY_90M,0.5185648727576136,0.3139168768315402,0.3139168768315402,0.509215425,0.1643181525,0.37650383177228847,CANDIDATE_GRAPH
502,ST011__ST018,11,ST011,배곧생명공원,18,ST018,정왕역,4076.0,4.076,2.781020281378694,0.694066874,0.694066874,0.0,0.0,PRELIMINARY_POINT_BUFFER_PROXY,0.684774711,PRELIMINARY_90M,0.34009178139340845,0.3595802614946227,0.3595802614946227,0.694066874,0.1141291185,0.3769670088470078,CANDIDATE_GRAPH
813,ST018__ST049,18,ST018,정왕역,49,ST049,거북섬 웨이브파크 정문,8757.0,8.757,3.2979845713783864,0.243406156,0.243406156,0.0,0.0,PRELIMINARY_POINT_BUFFER_PROXY,1.386891051,PRELIMINARY_90M,0.7306633291614518,0.30321548762796424,0.30321548762796424,0.243406156,0.23114850850000002,0.37710837032235406,CANDIDATE_GRAPH
1119,ST028__ST040,28,ST028,매화산업단지,40,ST040,갯골생태공원,6811.0,6.811,1.9533744447506738,0.165783342,0.165783342,0.0,0.0,PRELIMINARY_POINT_BUFFER_PROXY,1.57948831,PRELIMINARY_90M,0.5682937004589069,0.5119346179056001,0.5119346179056001,0.165783342,0.26324805166666665,0.3773149280077935,CANDIDATE_GRAPH
1303,ST036__ST044,36,ST036,시흥시립군자도서관,44,ST044,경기과학기술대학교,6648.0,6.648,2.8654297237561406,0.400791009,0.400791009,0.0,0.0,PRELIMINARY_POINT_BUFFER_PROXY,1.240684205,PRELIMINARY_90M,0.5546933667083854,0.34898779464364343,0.34898779464364343,0.400791009,0.20678070083333333,0.37781321779634053,CANDIDATE_GRAPH
889,ST020__ST054,20,ST020,시화공업단지[왼쪽부근],54,ST054,시흥 프리미엄 아울렛,8020.0,8.02,3.7501993201548185,0.4009501,0.4009501,0.0,0.0,PRELIMINARY_POINT_BUFFER_PROXY,1.046900617,PRELIMINARY_90M,0.6691697955778055,0.2666524935423212,0.2666524935423212,0.4009501,0.17448343616666664,0.37781395632169834,CANDIDATE_GRAPH
207,ST004__ST052,4,ST004,배곧중심상가,52,ST052,가온그린공원,7328.0,7.328,2.8710091488484712,0.228775204,0.228775204,0.0,0.0,PRELIMINARY_POINT_BUFFER_PROXY,1.940013751,PRELIMINARY_90M,0.6114309553608678,0.34830958320041877,0.34830958320041877,0.228775204,0.32333562516666664,0.37796284193198826,CANDIDATE_GRAPH
1417,ST043__ST053,43,ST043,시흥종합버스터미널,53,ST053,오이도 빨강등대,7589.0,7.589,3.378798061680354,0.265817152,0.202500566,0.063316586,0.0,PRELIMINARY_POINT_BUFFER_PROXY,1.906364925,PRELIMINARY_90M,0.6332081768877764,0.29596323359516696,0.29596323359516696,0.265817152,0.3177274875,0.3781790124957358,CANDIDATE_GRAPH
59,ST002__ST007,2,ST002,월곶포구,7,ST007,장현지구,5926.0,5.926,2.18303415787715,0.266832809,0.266832809,0.0,0.0,PRELIMINARY_POINT_BUFFER_PROXY,1.765903969,PRELIMINARY_90M,0.4944513975803087,0.4580780362009685,0.4580780362009685,0.266832809,0.29431732816666667,0.37841989273698595,CANDIDATE_GRAPH
253,ST005__ST048,5,ST005,배곧중·고등학교,48,ST048,정왕평생학습관 사거리,4349.0,4.349,3.274669870265716,0.728667958,0.728667958,0.0,0.0,PRELIMINARY_POINT_BUFFER_PROXY,0.703370048,PRELIMINARY_90M,0.3628702544847726,0.30537429408688976,0.30537429408688976,0.728667958,0.11722834133333333,0.3785352119762489,CANDIDATE_GRAPH
1428,ST044__ST053,44,ST044,경기과학기술대학교,53,ST053,오이도 빨강등대,7517.0,7.517,2.3403445170894934,0.155814441,0.091898306,0.063916136,0.0,PRELIMINARY_POINT_BUFFER_PROXY,1.828089522,PRELIMINARY_90M,0.627200667501043,0.4272875180119306,0.4272875180119306,0.155814441,0.304681587,0.37874605337824335,CANDIDATE_GRAPH
5,ST001__ST006,1,ST001,월곶역,6,ST006,시흥시청 본청,8097.0,8.097,2.218746574450684,0.109475795,0.109475795,0.0,0.0,PRELIMINARY_POINT_BUFFER_PROXY,1.677605889,PRELIMINARY_90M,0.6755944931163955,0.4507049211997452,0.4507049211997452,0.109475795,0.2796009815,0.3788440477040352,CANDIDATE_GRAPH
263,ST006__ST009,6,ST006,시흥시청 본청,9,ST009,능곡중앙공원,2599.0,2.599,2.0712474576884348,0.334828877,0.2890141,0.229887243,0.0,PRELIMINARY_POINT_BUFFER_PROXY,2.885576321,PRELIMINARY_90M,0.21685440133500208,0.4828008340036905,0.4828008340036905,0.334828877,0.4809293868333333,0.37885337479300646,CANDIDATE_GRAPH
1214,ST032__ST037,32,ST032,희망공원,37,ST037,군자동행정복지센터,9096.0,9.096,3.5455391300585832,0.270792335,0.270792335,0.0,0.0,PRELIMINARY_POINT_BUFFER_PROXY,1.231745271,PRELIMINARY_90M,0.7589486858573217,0.2820445532590912,0.2820445532590912,0.270792335,0.20529087850000002,0.3792691131541033,CANDIDATE_GRAPH
1092,ST027__ST040,27,ST027,은행동행정복지센터,40,ST040,갯골생태공원,7766.0,7.766,2.333264553599835,0.185388171,0.185388171,0.0,0.0,PRELIMINARY_POINT_BUFFER_PROXY,1.5408174,PRELIMINARY_90M,0.647976637463496,0.4285840619560984,0.4285840619560984,0.185388171,0.2568029,0.37968794260489863,CANDIDATE_GRAPH
331,ST007__ST029,7,ST007,장현지구,29,ST029,관곡공원,4165.0,4.165,2.078936189138624,0.271907933,0.271907933,0.0,0.0,PRELIMINARY_POINT_BUFFER_PROXY,2.51365291,PRELIMINARY_90M,0.3475177304964539,0.4810152448278535,0.4810152448278535,0.271907933,0.41894215166666665,0.37984576499774353,CANDIDATE_GRAPH
238,ST005__ST033,5,ST005,배곧중·고등학교,33,ST033,타원산업단지,7823.0,7.823,3.498818298568182,0.451711355,0.451711355,0.0,0.0,PRELIMINARY_POINT_BUFFER_PROXY,0.777002986,PRELIMINARY_90M,0.65273258239466,0.2858107837178138,0.2858107837178138,0.451711355,0.12950049766666666,0.37993880469478514,CANDIDATE_GRAPH
1053,ST026__ST029,26,ST026,은계파크자이,29,ST029,관곡공원,6175.0,6.175,2.002908151887456,0.217079342,0.217079342,0.0,0.0,PRELIMINARY_POINT_BUFFER_PROXY,1.735808496,PRELIMINARY_90M,0.5152273675427618,0.49927401766158985,0.49927401766158985,0.217079342,0.289301416,0.3802205358010879,CANDIDATE_GRAPH
666,ST015__ST016,15,ST015,목감택지개발예정지구,16,ST016,물왕호수,3107.0,3.107,2.1181705540136373,0.281664379,0.281664379,0.0,0.0,PRELIMINARY_POINT_BUFFER_PROXY,3.053159992,PRELIMINARY_90M,0.2592407175636212,0.47210551487704316,0.47210551487704316,0.281664379,0.5088599986666666,0.38046765252683273,CANDIDATE_GRAPH
597,ST013__ST028,13,ST013,삼미시장,28,ST028,매화산업단지,5031.0,5.031,2.447712054812518,0.276802217,0.276802217,0.0,0.0,PRELIMINARY_POINT_BUFFER_PROXY,2.504274006,PRELIMINARY_90M,0.4197747183979975,0.40854478697111074,0.40854478697111074,0.276802217,0.417379001,0.3806251808422771,CANDIDATE_GRAPH
1184,ST030__ST054,30,ST030,장곡도서관,54,ST054,시흥 프리미엄 아울렛,5439.0,5.439,2.3816098548711766,0.247921112,0.247921112,0.0,0.0,PRELIMINARY_POINT_BUFFER_PROXY,2.422505924,PRELIMINARY_90M,0.45381727158948687,0.41988405361804776,0.41988405361804776,0.247921112,0.40375098733333337,0.38134335613521697,CANDIDATE_GRAPH
781,ST017__ST054,17,ST017,장곡동,54,ST054,시흥 프리미엄 아울렛,5652.0,5.652,2.211420227168932,0.275865288,0.275865288,0.0,0.0,PRELIMINARY_POINT_BUFFER_PROXY,1.957119868,PRELIMINARY_90M,0.4715894868585732,0.4521980886826759,0.4521980886826759,0.275865288,0.32618664466666664,0.3814598770519789,CANDIDATE_GRAPH
1352,ST039__ST042,39,ST039,능곡힐스테이트,42,ST042,시흥시청역,2747.0,2.747,2.0559410979162904,0.429779309,0.37360867,0.200729024,0.0,PRELIMINARY_POINT_BUFFER_PROXY,2.284188953,PRELIMINARY_90M,0.2292031706299541,0.48639525763335656,0.48639525763335656,0.429779309,0.38069815883333336,0.381518974024161,CANDIDATE_GRAPH
223,ST005__ST018,5,ST005,배곧중·고등학교,18,ST018,정왕역,5442.0,5.442,2.30587117901592,0.400251355,0.400251355,0.0,0.0,PRELIMINARY_POINT_BUFFER_PROXY,1.438578665,PRELIMINARY_90M,0.45406758448060075,0.43367557090798603,0.43367557090798603,0.400251355,0.23976311083333335,0.38193940530548004,CANDIDATE_GRAPH
555,ST012__ST028,12,ST012,신천역,28,ST028,매화산업단지,4890.0,4.89,2.367307062591222,0.271935607,0.271935607,0.0,0.0,PRELIMINARY_POINT_BUFFER_PROXY,2.585385906,PRELIMINARY_90M,0.40801001251564456,0.42242090846694547,0.42242090846694547,0.271935607,0.430897651,0.3833160447456475,CANDIDATE_GRAPH
469,ST010__ST029,10,ST010,은계호수공원,29,ST029,관곡공원,6442.0,6.442,1.9174650738285552,0.188232734,0.166201252,0.022031482,0.0,PRELIMINARY_POINT_BUFFER_PROXY,1.720342834,PRELIMINARY_90M,0.5375052148518982,0.5215218851435581,0.5215218851435581,0.188232734,0.28672380566666666,0.38349590991553073,CANDIDATE_GRAPH
453,ST010__ST013,10,ST010,은계호수공원,13,ST013,삼미시장,2822.0,2.822,2.499145512681044,0.559085533,0.559085533,0.0,0.0,PRELIMINARY_POINT_BUFFER_PROXY,2.040771125,PRELIMINARY_90M,0.23546099290780143,0.4001367647165194,0.4001367647165194,0.559085533,0.34012852083333334,0.3837029528644135,CANDIDATE_GRAPH
969,ST023__ST035,23,ST023,오이도역,35,ST035,산들공원,5368.0,5.368,1.6394358943294012,0.193630337,0.193630337,0.0,0.0,PRELIMINARY_POINT_BUFFER_PROXY,1.70575784,PRELIMINARY_90M,0.44789319983312476,0.6099659056257534,0.6099659056257534,0.193630337,0.2842929733333333,0.3839456039480529,CANDIDATE_GRAPH
100,ST002__ST048,2,ST002,월곶포구,48,ST048,정왕평생학습관 사거리,5879.0,5.879,3.2010053406486016,0.584418621,0.584418621,0.0,0.0,PRELIMINARY_POINT_BUFFER_PROXY,0.901110981,PRELIMINARY_90M,0.49052982895285774,0.31240185303701357,0.31240185303701357,0.584418621,0.1501851635,0.3843838666224678,CANDIDATE_GRAPH
431,ST009__ST036,9,ST009,능곡중앙공원,36,ST036,시흥시립군자도서관,4477.0,4.477,3.3255331202319405,0.336615531,0.336615531,0.073519269,0.0,PRELIMINARY_POINT_BUFFER_PROXY,3.161998942,PRELIMINARY_90M,0.3735502711722987,0.3007036658020879,0.3007036658020879,0.336615531,0.5269998236666666,0.3844673229102633,CANDIDATE_GRAPH
69,ST002__ST017,2,ST002,월곶포구,17,ST017,장곡동,4791.0,4.791,2.1304248058352484,0.31944135,0.31944135,0.0,0.0,PRELIMINARY_POINT_BUFFER_PROXY,2.098557604,PRELIMINARY_90M,0.3997496871088861,0.46938995324359395,0.46938995324359395,0.31944135,0.3497596006666666,0.38458514775478664,CANDIDATE_GRAPH
1484,ST053__ST055,53,ST053,오이도 빨강등대,55,ST055,해양생태과학관,3521.0,3.521,1.9799575304526895,0.311460493,0.147728619,0.22614112,0.0,PRELIMINARY_POINT_BUFFER_PROXY,2.57401526,PRELIMINARY_90M,0.29378389653733833,0.5050613382456562,0.5050613382456562,0.311460493,0.4290025433333333,0.384827067779082,CANDIDATE_GRAPH
190,ST004__ST035,4,ST004,배곧중심상가,35,ST035,산들공원,5634.0,5.634,1.616302802962953,0.164000859,0.164000859,0.0,0.0,PRELIMINARY_POINT_BUFFER_PROXY,1.742014497,PRELIMINARY_90M,0.4700876095118899,0.6186959511341767,0.6186959511341767,0.164000859,0.2903357495,0.3857800422865167,CANDIDATE_GRAPH
437,ST009__ST042,9,ST009,능곡중앙공원,42,ST042,시흥시청역,2781.0,2.781,2.0552547795934166,0.436775112,0.393968211,0.210534951,0.0,PRELIMINARY_POINT_BUFFER_PROXY,2.330781896,PRELIMINARY_90M,0.23204005006257822,0.48655768128067617,0.48655768128067617,0.436775112,0.3884636493333333,0.38595912316914693,CANDIDATE_GRAPH
197,ST004__ST042,4,ST004,배곧중심상가,42,ST042,시흥시청역,8913.0,8.913,2.7655855969447916,0.169578568,0.169578568,0.0,0.0,PRELIMINARY_POINT_BUFFER_PROXY,1.61449924,PRELIMINARY_90M,0.7436795994993742,0.3615870725913253,0.3615870725913253,0.169578568,0.2690832066666667,0.3859821116893415,CANDIDATE_GRAPH
1081,ST027__ST029,27,ST027,은행동행정복지센터,29,ST029,관곡공원,6511.0,6.511,2.105093847144432,0.221221899,0.221221899,0.0,0.0,PRELIMINARY_POINT_BUFFER_PROXY,1.86056218,PRELIMINARY_90M,0.5432624113475177,0.47503820381048756,0.47503820381048756,0.221221899,0.3100936966666667,0.38740405270616807,CANDIDATE_GRAPH
821,ST019__ST021,19,ST019,시화병원,21,ST021,오이도 포구 해양관광 단지,6987.0,6.987,3.178864864464529,0.319803247,0.245867275,0.073935972,0.0,PRELIMINARY_POINT_BUFFER_PROXY,1.994010885,PRELIMINARY_90M,0.5829787234042553,0.31457770073168784,0.31457770073168784,0.319803247,0.3323351475,0.3874237046589858,CANDIDATE_GRAPH
222,ST005__ST017,5,ST005,배곧중·고등학교,17,ST017,장곡동,7558.0,7.558,2.9182323798804926,0.280728112,0.280728112,0.0,0.0,PRELIMINARY_POINT_BUFFER_PROXY,1.776110559,PRELIMINARY_90M,0.6306216103462662,0.34267319041979516,0.34267319041979516,0.280728112,0.2960184265,0.3875103348165153,CANDIDATE_GRAPH
249,ST005__ST044,5,ST005,배곧중·고등학교,44,ST044,경기과학기술대학교,6221.0,6.221,3.664836525033137,0.595199119,0.595199119,0.0,0.0,PRELIMINARY_POINT_BUFFER_PROXY,0.980490573,PRELIMINARY_90M,0.5190654985398415,0.27286346694303315,0.27286346694303315,0.595199119,0.1634150955,0.38763579499571865,CANDIDATE_GRAPH
554,ST012__ST027,12,ST012,신천역,27,ST027,은행동행정복지센터,1420.0,1.42,2.35513154122392,0.521377701,0.521377701,0.0,0.0,PRELIMINARY_POINT_BUFFER_PROXY,2.923916061,PRELIMINARY_90M,0.1184814351272424,0.42460473332216414,0.42460473332216414,0.521377701,0.4873193435,0.38794580323735167,CANDIDATE_GRAPH
482,ST010__ST042,10,ST010,은계호수공원,42,ST042,시흥시청역,7803.0,7.803,2.352692290378065,0.137242443,0.137242443,0.0,0.0,PRELIMINARY_POINT_BUFFER_PROXY,2.038687833,PRELIMINARY_90M,0.6510638297872341,0.425044959806157,0.425044959806157,0.137242443,0.3397813055,0.3882831345233478,CANDIDATE_GRAPH
1307,ST036__ST048,36,ST036,시흥시립군자도서관,48,ST048,정왕평생학습관 사거리,7358.0,7.358,2.991076209764658,0.415671605,0.415671605,0.0,0.0,PRELIMINARY_POINT_BUFFER_PROXY,1.135478826,PRELIMINARY_90M,0.6139340842720067,0.33432782378977943,0.33432782378977943,0.415671605,0.189246471,0.38829499601544654,CANDIDATE_GRAPH
94,ST002__ST042,2,ST002,월곶포구,42,ST042,시흥시청역,6940.0,6.94,2.1549162435815505,0.23698744,0.23698744,0.0,0.0,PRELIMINARY_POINT_BUFFER_PROXY,1.656016441,PRELIMINARY_90M,0.5790571547768043,0.4640551589782269,0.4640551589782269,0.23698744,0.27600274016666665,0.38902562348042447,CANDIDATE_GRAPH
785,ST018__ST021,18,ST018,정왕역,21,ST021,오이도 포구 해양관광 단지,7487.0,7.487,3.4012024390536584,0.328131644,0.259105734,0.06902591,0.0,PRELIMINARY_POINT_BUFFER_PROXY,1.85716378,PRELIMINARY_90M,0.6246975385899041,0.29401366661322204,0.29401366661322204,0.328131644,0.3095272966666667,0.3890925364674482,CANDIDATE_GRAPH
227,ST005__ST022,5,ST005,배곧중·고등학교,22,ST022,오이도박물관,7825.0,7.825,2.4434586130258906,0.228123794,0.167381419,0.060742375,0.0,PRELIMINARY_POINT_BUFFER_PROXY,1.605171522,PRELIMINARY_90M,0.6528994576554026,0.40925595983867974,0.40925595983867974,0.228123794,0.267528587,0.3894519496235206,CANDIDATE_GRAPH
141,ST003__ST037,3,ST003,배곧한울공원,37,ST037,군자동행정복지센터,9617.0,9.617,3.5328980628457973,0.296037017,0.296037017,0.0,0.0,PRELIMINARY_POINT_BUFFER_PROXY,1.058329895,PRELIMINARY_90M,0.8024196912807676,0.2830537372466633,0.2830537372466633,0.296037017,0.17638831583333334,0.389474690340191,CANDIDATE_GRAPH
1446,ST046__ST052,46,ST046,배곧1동행정복지센터,52,ST052,가온그린공원,7614.0,7.614,2.9124827258011097,0.262335461,0.262335461,0.0,0.0,PRELIMINARY_POINT_BUFFER_PROXY,1.923953071,PRELIMINARY_90M,0.6352941176470588,0.3433496759109324,0.3433496759109324,0.262335461,0.32065884516666665,0.39040952493116443,CANDIDATE_GRAPH
871,ST020__ST036,20,ST020,시화공업단지[왼쪽부근],36,ST036,시흥시립군자도서관,7436.0,7.436,3.1412046717136963,0.343691843,0.343691843,0.0,0.0,PRELIMINARY_POINT_BUFFER_PROXY,1.683238037,PRELIMINARY_90M,0.6204422194409679,0.31834920182212967,0.31834920182212967,0.343691843,0.2805396728333333,0.39075573427410776,CANDIDATE_GRAPH
955,ST022__ST053,22,ST022,오이도박물관,53,ST053,오이도 빨강등대,3692.0,3.692,2.684063160562845,0.131624432,0.001507895,0.130116537,0.0,PRELIMINARY_POINT_BUFFER_PROXY,4.523552075,PRELIMINARY_90M,0.3080517313308302,0.37256947403216145,0.37256947403216145,0.131624432,0.7539253458333333,0.3915427457990812,CANDIDATE_GRAPH
1290,ST035__ST050,35,ST035,산들공원,50,ST050,시흥한라3차아파트,7169.0,7.169,2.2273953014365597,0.243851842,0.243851842,0.0,0.0,PRELIMINARY_POINT_BUFFER_PROXY,1.660864196,PRELIMINARY_90M,0.5981643721318315,0.44895488436877345,0.44895488436877345,0.243851842,0.2768106993333333,0.39194544945848453,CANDIDATE_GRAPH
922,ST021__ST053,21,ST021,오이도 포구 해양관광 단지,53,ST053,오이도 빨강등대,374.0,0.374,1.497751290766831,0.499042777,0.014898499,0.484144278,0.0,PRELIMINARY_POINT_BUFFER_PROXY,2.232582635,PRELIMINARY_90M,0.031205673758865248,0.6676675935214931,0.6676675935214931,0.499042777,0.37209710583333333,0.3925032875284229,CANDIDATE_GRAPH
1462,ST048__ST053,48,ST048,정왕평생학습관 사거리,53,ST053,오이도 빨강등대,7759.0,7.759,3.3484815650864204,0.311112041,0.249179746,0.061932295,0.0,PRELIMINARY_POINT_BUFFER_PROXY,1.877210963,PRELIMINARY_90M,0.647392574050897,0.2986428267745865,0.2986428267745865,0.311112041,0.3128684938333333,0.3925039839147042,CANDIDATE_GRAPH
730,ST016__ST041,16,ST016,물왕호수,41,ST041,연꽃테마파크,3935.0,3.935,2.0,0.29027288,0.250287871,0.138484824,0.0,PRELIMINARY_POINT_BUFFER_PROXY,2.713464194,PRELIMINARY_90M,0.3283270755110555,0.5,0.5,0.29027288,0.4522440323333334,0.39271099696109724,CANDIDATE_GRAPH
435,ST009__ST040,9,ST009,능곡중앙공원,40,ST040,갯골생태공원,5511.0,5.511,1.9576878879411694,0.325495522,0.303897424,0.106224801,0.0,PRELIMINARY_POINT_BUFFER_PROXY,1.652679251,PRELIMINARY_90M,0.45982478097622026,0.5108066541963767,0.5108066541963767,0.325495522,0.27544654183333334,0.39289337475148256,CANDIDATE_GRAPH
853,ST019__ST053,19,ST019,시화병원,53,ST053,오이도 빨강등대,7352.0,7.352,3.1202256848674432,0.29974064,0.23439461,0.06534603,0.0,PRELIMINARY_POINT_BUFFER_PROXY,2.03323403,PRELIMINARY_90M,0.6134334584897789,0.3204896379290215,0.3204896379290215,0.29974064,0.33887233833333336,0.3931340186880335,CANDIDATE_GRAPH
987,ST023__ST053,23,ST023,오이도역,53,ST053,오이도 빨강등대,7777.0,7.777,3.394685268486207,0.291043366,0.22930015,0.061743216,0.0,PRELIMINARY_POINT_BUFFER_PROXY,2.063935872,PRELIMINARY_90M,0.6488944513975803,0.29457811870905204,0.29457811870905204,0.291043366,0.343989312,0.39462631202665804,CANDIDATE_GRAPH
294,ST006__ST040,6,ST006,시흥시청 본청,40,ST040,갯골생태공원,3134.0,3.134,1.787243299742466,0.417517824,0.417517824,0.0,0.0,PRELIMINARY_POINT_BUFFER_PROXY,2.045098404,PRELIMINARY_90M,0.26149353358364624,0.5595209114193326,0.5595209114193326,0.417517824,0.340849734,0.3948455007507447,CANDIDATE_GRAPH
817,ST018__ST053,18,ST018,정왕역,53,ST053,오이도 빨강등대,7852.0,7.852,3.3359167327855648,0.308951268,0.247742651,0.061208617,0.0,PRELIMINARY_POINT_BUFFER_PROXY,1.9006229,PRELIMINARY_90M,0.6551522736754276,0.299767674106475,0.299767674106475,0.308951268,0.3167704833333333,0.39516042477880897,CANDIDATE_GRAPH
386,ST008__ST037,8,ST008,시흥능곡역,37,ST037,군자동행정복지센터,4944.0,4.944,3.099278481155629,0.296311656,0.296311656,0.0,0.0,PRELIMINARY_POINT_BUFFER_PROXY,3.296729813,PRELIMINARY_90M,0.4125156445556946,0.32265574264469765,0.32265574264469765,0.296311656,0.5494549688333333,0.39523450300843144,CANDIDATE_GRAPH
107,ST002__ST055,2,ST002,월곶포구,55,ST055,해양생태과학관,10063.0,10.063,3.53342080768877,0.201771908,0.201771908,0.0,0.0,PRELIMINARY_POINT_BUFFER_PROXY,1.544314901,PRELIMINARY_90M,0.8396328744263662,0.2830118614301435,0.2830118614301435,0.201771908,0.25738581683333334,0.3954506151724608,CANDIDATE_GRAPH
308,ST006__ST054,6,ST006,시흥시청 본청,54,ST054,시흥 프리미엄 아울렛,6963.0,6.963,2.2981115356407833,0.24524532,0.24524532,0.0,0.0,PRELIMINARY_POINT_BUFFER_PROXY,1.924103538,PRELIMINARY_90M,0.5809762202753442,0.43513988964037364,0.43513988964037364,0.24524532,0.320683923,0.3955113382289295,CANDIDATE_GRAPH
1294,ST035__ST054,35,ST035,산들공원,54,ST054,시흥 프리미엄 아울렛,8605.0,8.605,2.452431616879482,0.180224756,0.180224756,0.0,0.0,PRELIMINARY_POINT_BUFFER_PROXY,1.662202277,PRELIMINARY_90M,0.7179808093450146,0.4077585662806036,0.4077585662806036,0.180224756,0.27703371283333333,0.3957494611147379,CANDIDATE_GRAPH
1334,ST038__ST040,38,ST038,능곡도서관,40,ST040,갯골생태공원,5500.0,5.5,2.0148239264657657,0.262666238,0.262666238,0.0,0.0,PRELIMINARY_POINT_BUFFER_PROXY,2.195794192,PRELIMINARY_90M,0.458906967042136,0.49632128488473715,0.49632128488473715,0.262666238,0.3659656986666667,0.39596504714838493,CANDIDATE_GRAPH
104,ST002__ST052,2,ST002,월곶포구,52,ST052,가온그린공원,5466.0,5.466,2.0586538771061926,0.303016369,0.303016369,0.0,0.0,PRELIMINARY_POINT_BUFFER_PROXY,2.048266632,PRELIMINARY_90M,0.4560700876095119,0.48575431310759215,0.48575431310759215,0.303016369,0.34137777199999997,0.396554635429276,CANDIDATE_GRAPH
1469,ST049__ST054,49,ST049,거북섬 웨이브파크 정문,54,ST054,시흥 프리미엄 아울렛,10620.0,10.62,2.679732859292264,0.06937109,0.06937109,0.0,0.0,PRELIMINARY_POINT_BUFFER_PROXY,1.56223625,PRELIMINARY_90M,0.886107634543179,0.3731715258602706,0.3731715258602706,0.06937109,0.2603727083333333,0.3972557396841957,CANDIDATE_GRAPH
519,ST011__ST035,11,ST011,배곧생명공원,35,ST035,산들공원,6874.0,6.874,2.077482822025021,0.271873086,0.271873086,0.0,0.0,PRELIMINARY_POINT_BUFFER_PROXY,1.573831308,PRELIMINARY_90M,0.5735502711722987,0.48135175386203793,0.48135175386203793,0.271873086,0.262305218,0.3972700822585842,CANDIDATE_GRAPH
1324,ST037__ST047,37,ST037,군자동행정복지센터,47,ST047,배곧2동행정복지센터,8163.0,8.163,3.5424936882987414,0.452447186,0.452447186,0.0,0.0,PRELIMINARY_POINT_BUFFER_PROXY,1.047777503,PRELIMINARY_90M,0.6811013767209011,0.28228702377173276,0.28228702377173276,0.452447186,0.17462958383333335,0.39761629258149184,CANDIDATE_GRAPH
212,ST005__ST007,5,ST005,배곧중·고등학교,7,ST007,장현지구,8693.0,8.693,2.8511151830977814,0.249918525,0.249918525,0.0,0.0,PRELIMINARY_POINT_BUFFER_PROXY,1.599416949,PRELIMINARY_90M,0.7253233208176888,0.35073995113500966,0.35073995113500966,0.249918525,0.26656949150000003,0.39813782211317467,CANDIDATE_GRAPH
1066,ST026__ST042,26,ST026,은계파크자이,42,ST042,시흥시청역,7779.0,7.779,2.235582588000752,0.172282193,0.172282193,0.0,0.0,PRELIMINARY_POINT_BUFFER_PROXY,1.980521819,PRELIMINARY_90M,0.649061326658323,0.4473106944773107,0.4473106944773107,0.172282193,0.33008696983333335,0.39968529599224173,CANDIDATE_GRAPH
139,ST003__ST035,3,ST003,배곧한울공원,35,ST035,산들공원,9310.0,9.31,2.6878061913950764,0.206809292,0.206809292,0.0,0.0,PRELIMINARY_POINT_BUFFER_PROXY,1.462020863,PRELIMINARY_90M,0.7768043387567793,0.3720506349012318,0.3720506349012318,0.206809292,0.24367014383333332,0.3998336023728361,CANDIDATE_GRAPH
1470,ST049__ST055,49,ST049,거북섬 웨이브파크 정문,55,ST055,해양생태과학관,676.0,0.676,1.555560248126299,0.855999995,0.855999995,0.0,0.0,PRELIMINARY_POINT_BUFFER_PROXY,0.286663062,PRELIMINARY_90M,0.05640383813099708,0.6428552035863082,0.6428552035863082,0.855999995,0.047777177000000004,0.4007590534293263,CANDIDATE_GRAPH
82,ST002__ST030,2,ST002,월곶포구,30,ST030,장곡도서관,5588.0,5.588,2.0815186231395657,0.385608082,0.385608082,0.0,0.0,PRELIMINARY_POINT_BUFFER_PROXY,1.627351059,PRELIMINARY_90M,0.4662494785148102,0.4804184737447579,0.4804184737447579,0.385608082,0.2712251765,0.400875302689892,CANDIDATE_GRAPH
541,ST012__ST014,12,ST012,신천역,14,ST014,시흥대야역,1380.0,1.38,1.9626229682490228,0.849065167,0.772905097,0.341400609,0.0,PRELIMINARY_POINT_BUFFER_PROXY,0.782071988,PRELIMINARY_90M,0.11514392991239049,0.5095222139849722,0.5095222139849722,0.849065167,0.13034533133333334,0.40101916055767406,CANDIDATE_GRAPH
7,ST001__ST008,1,ST001,월곶역,8,ST008,시흥능곡역,8941.0,8.941,2.198123695182556,0.132917083,0.132917083,0.0,0.0,PRELIMINARY_POINT_BUFFER_PROXY,1.643029122,PRELIMINARY_90M,0.7460158531497706,0.454933451739598,0.454933451739598,0.132917083,0.273838187,0.4019261437223421,CANDIDATE_GRAPH
1315,ST037__ST038,37,ST037,군자동행정복지센터,38,ST038,능곡도서관,4967.0,4.967,3.1386691135702853,0.330414356,0.316572403,0.018575574,0.0,PRELIMINARY_POINT_BUFFER_PROXY,3.271661112,PRELIMINARY_90M,0.41443471005423443,0.31860637863240204,0.31860637863240204,0.330414356,0.545276852,0.40218307417165916,CANDIDATE_GRAPH
1406,ST042__ST054,42,ST042,시흥시청역,54,ST054,시흥 프리미엄 아울렛,7034.0,7.034,2.2387261258249262,0.258859187,0.258859187,0.0,0.0,PRELIMINARY_POINT_BUFFER_PROXY,1.897766798,PRELIMINARY_90M,0.5869002920317063,0.4466825970646677,0.4466825970646677,0.258859187,0.3162944663333333,0.40218413560742683,CANDIDATE_GRAPH
161,ST004__ST006,4,ST004,배곧중심상가,6,ST006,시흥시청 본청,8749.0,8.749,2.781707771521675,0.21992462,0.21992462,0.0,0.0,PRELIMINARY_POINT_BUFFER_PROXY,1.796808136,PRELIMINARY_90M,0.7299958281184814,0.35949139238769534,0.35949139238769534,0.21992462,0.29946802266666667,0.40221996579321084,CANDIDATE_GRAPH
1429,ST044__ST054,44,ST044,경기과학기술대학교,54,ST054,시흥 프리미엄 아울렛,7507.0,7.507,3.100148303238359,0.480589438,0.480589438,0.0,0.0,PRELIMINARY_POINT_BUFFER_PROXY,1.08510555,PRELIMINARY_90M,0.62636629119733,0.32256521372071717,0.32256521372071717,0.480589438,0.180850925,0.40259296697951175,CANDIDATE_GRAPH
85,ST002__ST033,2,ST002,월곶포구,33,ST033,타원산업단지,8860.0,8.86,3.0224207982076776,0.388535107,0.388535107,0.0,0.0,PRELIMINARY_POINT_BUFFER_PROXY,0.942706983,PRELIMINARY_90M,0.7392574050896955,0.330860613648837,0.330860613648837,0.388535107,0.1571178305,0.4039427390596331,CANDIDATE_GRAPH
1192,ST031__ST038,31,ST031,마전저수지,38,ST038,능곡도서관,5844.0,5.844,2.1645947711014233,0.237305503,0.225553598,0.01577078,0.0,PRELIMINARY_POINT_BUFFER_PROXY,2.588128648,PRELIMINARY_90M,0.48760951188986235,0.4619802345226789,0.4619802345226789,0.237305503,0.43135477466666666,0.404562506019802,CANDIDATE_GRAPH
1108,ST028__ST029,28,ST028,매화산업단지,29,ST029,관곡공원,5556.0,5.556,1.6000991552975863,0.203318057,0.203318057,0.0,0.0,PRELIMINARY_POINT_BUFFER_PROXY,1.965812089,PRELIMINARY_90M,0.4635794743429287,0.6249612698620668,0.6249612698620668,0.203318057,0.3276353481666667,0.40487353734291553,CANDIDATE_GRAPH
567,ST012__ST040,12,ST012,신천역,40,ST040,갯골생태공원,8610.0,8.61,2.4258672733918405,0.210859569,0.210859569,0.0,0.0,PRELIMINARY_POINT_BUFFER_PROXY,1.670696384,PRELIMINARY_90M,0.718397997496871,0.4122237069474139,0.4122237069474139,0.210859569,0.27844939733333335,0.40498266769440455,CANDIDATE_GRAPH
1327,ST037__ST050,37,ST037,군자동행정복지센터,50,ST050,시흥한라3차아파트,8365.0,8.365,3.526144712426741,0.465633811,0.465633811,0.0,0.0,PRELIMINARY_POINT_BUFFER_PROXY,1.038366977,PRELIMINARY_90M,0.6979557780559033,0.2835958480308048,0.2835958480308048,0.465633811,0.1730611628333333,0.4050616499800104,CANDIDATE_GRAPH
12,ST001__ST013,1,ST001,월곶역,13,ST013,삼미시장,9482.0,9.482,3.1837495936503077,0.119793102,0.106281611,0.059662208,0.0,PRELIMINARY_POINT_BUFFER_PROXY,2.374327025,PRELIMINARY_90M,0.7911556111806425,0.31409505383036623,0.31409505383036623,0.119793102,0.3957211708333333,0.4051912344610855,CANDIDATE_GRAPH
609,ST013__ST040,13,ST013,삼미시장,40,ST040,갯골생태공원,8751.0,8.751,2.4711492264829102,0.214627747,0.214627747,0.0,0.0,PRELIMINARY_POINT_BUFFER_PROXY,1.634966669,PRELIMINARY_90M,0.7301627033792241,0.40467001720622947,0.40467001720622947,0.214627747,0.27249444483333335,0.4054887281046967,CANDIDATE_GRAPH
968,ST023__ST034,23,ST023,오이도역,34,ST034,군자디지털과학고등학교,5721.0,5.721,1.6171564960054718,0.243107021,0.243107021,0.0,0.0,PRELIMINARY_POINT_BUFFER_PROXY,1.702079171,PRELIMINARY_90M,0.4773466833541927,0.6183693430228266,0.6183693430228266,0.243107021,0.2836798618333333,0.40562572730258817,CANDIDATE_GRAPH
1316,ST037__ST039,37,ST037,군자동행정복지센터,39,ST039,능곡힐스테이트,5065.0,5.065,3.1169406297195072,0.339516874,0.284687646,0.054829229,0.0,PRELIMINARY_POINT_BUFFER_PROXY,3.238108219,PRELIMINARY_90M,0.42261159783062163,0.3208274134146693,0.3208274134146693,0.339516874,0.5396847031666666,0.40566014710298937,CANDIDATE_GRAPH
290,ST006__ST036,6,ST006,시흥시청 본청,36,ST036,시흥시립군자도서관,6369.0,6.369,3.006830634630671,0.244304171,0.244304171,0.0,0.0,PRELIMINARY_POINT_BUFFER_PROXY,3.089108296,PRELIMINARY_90M,0.5314142678347935,0.33257609806241384,0.33257609806241384,0.244304171,0.5148513826666666,0.4057864798909685,CANDIDATE_GRAPH
240,ST005__ST035,5,ST005,배곧중·고등학교,35,ST035,산들공원,6523.0,6.523,1.789778276102733,0.252781917,0.252781917,0.0,0.0,PRELIMINARY_POINT_BUFFER_PROXY,1.619505142,PRELIMINARY_90M,0.5442636629119733,0.5587284265051612,0.5587284265051612,0.252781917,0.26991752366666666,0.4064228825209503,CANDIDATE_GRAPH
1472,ST050__ST052,50,ST050,시흥한라3차아파트,52,ST052,가온그린공원,8779.0,8.779,3.3218078771929007,0.282979932,0.282979932,0.0,0.0,PRELIMINARY_POINT_BUFFER_PROXY,1.858796601,PRELIMINARY_90M,0.7324989570296203,0.30104089007250223,0.30104089007250223,0.282979932,0.3097994335,0.4065798031505306,CANDIDATE_GRAPH
257,ST005__ST052,5,ST005,배곧중·고등학교,52,ST052,가온그린공원,8122.0,8.122,2.8555152975367957,0.2956403,0.2956403,0.0,0.0,PRELIMINARY_POINT_BUFFER_PROXY,1.819513266,PRELIMINARY_90M,0.6776804338756779,0.3501994896902191,0.3501994896902191,0.2956403,0.303252211,0.4066931086414743,CANDIDATE_GRAPH
506,ST011__ST022,11,ST011,배곧생명공원,22,ST022,오이도박물관,6033.0,6.033,2.2358096730738017,0.425286867,0.346528422,0.078758446,0.0,PRELIMINARY_POINT_BUFFER_PROXY,1.509339924,PRELIMINARY_90M,0.5033792240300375,0.44726526235356845,0.44726526235356845,0.425286867,0.251556654,0.4068720018459015,CANDIDATE_GRAPH
387,ST008__ST038,8,ST008,시흥능곡역,38,ST038,능곡도서관,1312.0,1.312,1.7792547011816842,0.151985076,0.099637532,0.070249169,0.0,PRELIMINARY_POINT_BUFFER_PROXY,4.827909169,PRELIMINARY_90M,0.10947017104714227,0.5620330801069989,0.5620330801069989,0.151985076,0.8046515281666666,0.407034963830202,CANDIDATE_GRAPH
189,ST004__ST034,4,ST004,배곧중심상가,34,ST034,군자디지털과학고등학교,5987.0,5.987,1.5963618879492623,0.21303547,0.21303547,0.0,0.0,PRELIMINARY_POINT_BUFFER_PROXY,1.737917332,PRELIMINARY_90M,0.49954109303295785,0.6264243762951721,0.6264243762951721,0.21303547,0.28965288866666666,0.40716345699869916,CANDIDATE_GRAPH
432,ST009__ST037,9,ST009,능곡중앙공원,37,ST037,군자동행정복지센터,4953.0,4.953,3.102056456122923,0.400364762,0.400364762,0.066454291,0.0,PRELIMINARY_POINT_BUFFER_PROXY,2.974338855,PRELIMINARY_90M,0.4132665832290363,0.3223667957513065,0.3223667957513065,0.400364762,0.4957231425,0.4079303208700857,CANDIDATE_GRAPH
1046,ST025__ST051,25,ST025,목감동행정복지센터,51,ST051,연성중학교,4855.0,4.855,2.2406696427083874,0.255573087,0.248649808,0.132560721,0.0,PRELIMINARY_POINT_BUFFER_PROXY,3.153385578,PRELIMINARY_90M,0.40508969545264917,0.44629515254701263,0.44629515254701263,0.255573087,0.525564263,0.40813054949991545,CANDIDATE_GRAPH
1121,ST028__ST042,28,ST028,매화산업단지,42,ST042,시흥시청역,7160.0,7.16,1.9431902543488275,0.157734723,0.157734723,0.0,0.0,PRELIMINARY_POINT_BUFFER_PROXY,2.182411471,PRELIMINARY_90M,0.5974134334584897,0.5146176488699532,0.5146176488699532,0.157734723,0.36373524516666667,0.4083752626237774,CANDIDATE_GRAPH
1193,ST031__ST039,31,ST031,마전저수지,39,ST039,능곡힐스테이트,5942.0,5.942,2.161920459666236,0.246568749,0.199883874,0.046684875,0.0,PRELIMINARY_POINT_BUFFER_PROXY,2.571813399,PRELIMINARY_90M,0.4957863996662495,0.4625517074547614,0.4625517074547614,0.246568749,0.42863556649999995,0.40838560565525267,CANDIDATE_GRAPH
1094,ST027__ST042,27,ST027,은행동행정복지센터,42,ST042,시흥시청역,8115.0,8.115,2.3079958950529833,0.177443763,0.177443763,0.0,0.0,PRELIMINARY_POINT_BUFFER_PROXY,2.076001504,PRELIMINARY_90M,0.6770963704630788,0.4332763338719212,0.4332763338719212,0.177443763,0.3460002506666667,0.4084541795004167,CANDIDATE_GRAPH
1036,ST025__ST041,25,ST025,목감동행정복지센터,41,ST041,연꽃테마파크,6054.0,6.054,2.1947241513999223,0.22938676,0.197850453,0.130745712,0.0,PRELIMINARY_POINT_BUFFER_PROXY,2.664553727,PRELIMINARY_90M,0.5051314142678348,0.45563812625934885,0.45563812625934885,0.22938676,0.4440922878333333,0.4085621470901292,CANDIDATE_GRAPH
184,ST004__ST029,4,ST004,배곧중심상가,29,ST029,관곡공원,10483.0,10.483,2.739412906893158,0.036387539,0.036387539,0.0,0.0,PRELIMINARY_POINT_BUFFER_PROXY,2.157727756,PRELIMINARY_90M,0.8746766791823112,0.3650417202473237,0.3650417202473237,0.036387539,0.35962129266666665,0.40893180777407534,CANDIDATE_GRAPH
388,ST008__ST039,8,ST008,시흥능곡역,39,ST039,능곡힐스테이트,1410.0,1.41,1.7943819357778974,0.196901186,0.0,0.196901186,0.0,PRELIMINARY_POINT_BUFFER_PROXY,4.602752376,PRELIMINARY_90M,0.11764705882352941,0.5572949549152041,0.5572949549152041,0.196901186,0.767125396,0.40974214893468336,CANDIDATE_GRAPH
296,ST006__ST042,6,ST006,시흥시청 본청,42,ST042,시흥시청역,594.0,0.594,1.9806585205188414,0.443911734,0.443911734,0.0,0.0,PRELIMINARY_POINT_BUFFER_PROXY,3.847017707,PRELIMINARY_90M,0.049561952440550686,0.5048825881091538,0.5048825881091538,0.443911734,0.6411696178333334,0.4098814730957595,CANDIDATE_GRAPH
1286,ST035__ST046,35,ST035,산들공원,46,ST046,배곧1동행정복지센터,6475.0,6.475,1.6738013716276383,0.235938292,0.235938292,0.0,0.0,PRELIMINARY_POINT_BUFFER_PROXY,1.610502024,PRELIMINARY_90M,0.5402586566541511,0.5974424546131061,0.5974424546131061,0.235938292,0.268417004,0.41051410181681425,CANDIDATE_GRAPH
167,ST004__ST012,4,ST004,배곧중심상가,12,ST012,신천역,9950.0,9.95,3.298480804869283,0.16356514,0.16356514,0.0,0.0,PRELIMINARY_POINT_BUFFER_PROXY,2.089973668,PRELIMINARY_90M,0.8302044221944097,0.30316987096719805,0.30316987096719805,0.16356514,0.34832894466666664,0.4113170944570686,CANDIDATE_GRAPH
777,ST017__ST050,17,ST017,장곡동,50,ST050,시흥한라3차아파트,8703.0,8.703,3.016055028094267,0.310926104,0.310926104,0.0,0.0,PRELIMINARY_POINT_BUFFER_PROXY,1.661975821,PRELIMINARY_90M,0.7261576971214018,0.3315589373154981,0.3315589373154981,0.310926104,0.27699597016666666,0.41140967715089166,CANDIDATE_GRAPH
1180,ST030__ST050,30,ST030,장곡도서관,50,ST050,시흥한라3차아파트,8490.0,8.49,3.1450030516165666,0.293887363,0.293887363,0.0,0.0,PRELIMINARY_POINT_BUFFER_PROXY,1.953099272,PRELIMINARY_90M,0.7083854818523154,0.31796471532388143,0.31796471532388143,0.293887363,0.32551654533333335,0.41143852637738254,CANDIDATE_GRAPH
1141,ST029__ST036,29,ST029,관곡공원,36,ST036,시흥시립군자도서관,8009.0,8.009,3.037861813989035,0.16296721,0.16296721,0.0,0.0,PRELIMINARY_POINT_BUFFER_PROXY,2.924765057,PRELIMINARY_90M,0.6682519816437213,0.3291788966157397,0.3291788966157397,0.16296721,0.48746084283333335,0.41196473277319856,CANDIDATE_GRAPH
58,ST002__ST006,2,ST002,월곶포구,6,ST006,시흥시청 본청,6776.0,6.776,2.1608815000917105,0.303637314,0.303637314,0.0,0.0,PRELIMINARY_POINT_BUFFER_PROXY,1.896784016,PRELIMINARY_90M,0.5653733833959116,0.46277410397449315,0.46277410397449315,0.303637314,0.31613066933333334,0.4119788676759345,CANDIDATE_GRAPH
11,ST001__ST012,1,ST001,월곶역,12,ST012,신천역,9663.0,9.663,3.1389937154892604,0.13373513,0.120476554,0.058545419,0.0,PRELIMINARY_POINT_BUFFER_PROXY,2.347871234,PRELIMINARY_90M,0.8062578222778473,0.3185734316910331,0.3185734316910331,0.13373513,0.3913118723333333,0.4124695640755534,CANDIDATE_GRAPH
65,ST002__ST013,2,ST002,월곶포구,13,ST013,삼미시장,8913.0,8.913,3.1699010313471865,0.195254791,0.180876461,0.06348988,0.0,PRELIMINARY_POINT_BUFFER_PROXY,2.384881968,PRELIMINARY_90M,0.7436795994993742,0.31546726226181476,0.31546726226181476,0.195254791,0.39748032800000005,0.41297049519029727,CANDIDATE_GRAPH
54,ST001__ST055,1,ST001,월곶역,55,ST055,해양생태과학관,11608.0,11.608,3.5024056957677026,0.147127457,0.147127457,0.0,0.0,PRELIMINARY_POINT_BUFFER_PROXY,1.519163315,PRELIMINARY_90M,0.9685440133500208,0.2855180372760349,0.2855180372760349,0.147127457,0.2531938858333333,0.4135958483648473,CANDIDATE_GRAPH
37,ST001__ST038,1,ST001,월곶역,38,ST038,능곡도서관,9189.0,9.189,2.207876585874364,0.151020385,0.143541514,0.010036469,0.0,PRELIMINARY_POINT_BUFFER_PROXY,1.70966098,PRELIMINARY_90M,0.7667083854818523,0.45292386648684885,0.45292386648684885,0.151020385,0.2849434966666667,0.41389903340884193,CANDIDATE_GRAPH
1481,ST052__ST054,52,ST052,가온그린공원,54,ST054,시흥 프리미엄 아울렛,7486.0,7.486,2.1562135031309855,0.28092105,0.28092105,0.0,0.0,PRELIMINARY_POINT_BUFFER_PROXY,1.72365843,PRELIMINARY_90M,0.6246141009595327,0.46377596585306796,0.46377596585306796,0.28092105,0.287276405,0.4141468804531502,CANDIDATE_GRAPH
1287,ST035__ST047,35,ST035,산들공원,47,ST047,배곧2동행정복지센터,7875.0,7.875,2.3838578413804727,0.315736244,0.315736244,0.0,0.0,PRELIMINARY_POINT_BUFFER_PROXY,1.585975829,PRELIMINARY_90M,0.6570713391739674,0.4194881014469001,0.4194881014469001,0.315736244,0.26432930483333333,0.41415624736355017,CANDIDATE_GRAPH
1176,ST030__ST046,30,ST030,장곡도서관,46,ST046,배곧1동행정복지센터,7040.0,7.04,2.5184296641892288,0.324318539,0.324318539,0.0,0.0,PRELIMINARY_POINT_BUFFER_PROXY,2.089585665,PRELIMINARY_90M,0.5874009178139341,0.39707283241596314,0.39707283241596314,0.324318539,0.3482642775,0.41426414168247433,CANDIDATE_GRAPH
773,ST017__ST046,17,ST017,장곡동,46,ST046,배곧1동행정복지센터,7253.0,7.253,2.3818191238044744,0.343886176,0.343886176,0.0,0.0,PRELIMINARY_POINT_BUFFER_PROXY,1.736339045,PRELIMINARY_90M,0.6051731330830205,0.41984716219874085,0.41984716219874085,0.343886176,0.28938984083333336,0.41457407802877366,CANDIDATE_GRAPH
247,ST005__ST042,5,ST005,배곧중·고등학교,42,ST042,시흥시청역,9707.0,9.707,2.7612267136458186,0.230343718,0.230343718,0.0,0.0,PRELIMINARY_POINT_BUFFER_PROXY,1.53960277,PRELIMINARY_90M,0.8099290780141843,0.3621578753595492,0.3621578753595492,0.230343718,0.25660046166666667,0.41475778326010004,CANDIDATE_GRAPH
1350,ST039__ST040,39,ST039,능곡힐스테이트,40,ST040,갯골생태공원,6357.0,6.357,2.038276403214854,0.364902457,0.359359059,0.046418923,0.0,PRELIMINARY_POINT_BUFFER_PROXY,1.639535566,PRELIMINARY_90M,0.5304130162703379,0.49061059551234487,0.49061059551234487,0.364902457,0.2732559276666667,0.4147954991123373,CANDIDATE_GRAPH
623,ST013__ST054,13,ST013,삼미시장,54,ST054,시흥 프리미엄 아울렛,8770.0,8.77,3.0162642189400977,0.198412944,0.198412944,0.0,0.0,PRELIMINARY_POINT_BUFFER_PROXY,2.393075385,PRELIMINARY_90M,0.7317480183562787,0.33153594228273403,0.33153594228273403,0.198412944,0.3988458975,0.4151357005347532,CANDIDATE_GRAPH
265,ST006__ST011,6,ST006,시흥시청 본청,11,ST011,배곧생명공원,9367.0,9.367,2.720570366635699,0.23235844,0.23235844,0.0,0.0,PRELIMINARY_POINT_BUFFER_PROXY,1.678691712,PRELIMINARY_90M,0.7815602836879433,0.3675699817449001,0.3675699817449001,0.23235844,0.279781952,0.4153176643582108,CANDIDATE_GRAPH
1292,ST035__ST052,35,ST035,산들공원,52,ST052,가온그린공원,3835.0,3.835,1.9561805087839683,0.129647388,0.129647388,0.0,0.0,PRELIMINARY_POINT_BUFFER_PROXY,4.205215096,PRELIMINARY_90M,0.31998331247392575,0.511200267822746,0.511200267822746,0.129647388,0.7008691826666666,0.4154250377408346,CANDIDATE_GRAPH
1270,ST034__ST050,34,ST034,군자디지털과학고등학교,50,ST050,시흥한라3차아파트,7605.0,7.605,2.182341130338644,0.287097417,0.287097417,0.0,0.0,PRELIMINARY_POINT_BUFFER_PROXY,1.691386605,PRELIMINARY_90M,0.6345431789737171,0.4582235041525453,0.4582235041525453,0.287097417,0.2818977675,0.4154404669065656,CANDIDATE_GRAPH
1366,ST040__ST041,40,ST040,갯골생태공원,41,ST041,연꽃테마파크,7076.0,7.076,2.2566955285224086,0.201399465,0.162371207,0.078395336,0.0,PRELIMINARY_POINT_BUFFER_PROXY,2.561974978,PRELIMINARY_90M,0.5904046725073008,0.4431257949337804,0.4431257949337804,0.201399465,0.42699582966666666,0.415481440526937,CANDIDATE_GRAPH
60,ST002__ST008,2,ST002,월곶포구,8,ST008,시흥능곡역,8261.0,8.261,2.155457395225097,0.235590899,0.235590899,0.0,0.0,PRELIMINARY_POINT_BUFFER_PROXY,1.639786813,PRELIMINARY_90M,0.6892782644972882,0.4639386527496494,0.4639386527496494,0.235590899,0.27329780216666666,0.41552640460340107,CANDIDATE_GRAPH
518,ST011__ST034,11,ST011,배곧생명공원,34,ST034,군자디지털과학고등학교,7227.0,7.227,2.038545203521944,0.307261362,0.307261362,0.0,0.0,PRELIMINARY_POINT_BUFFER_PROXY,1.577303523,PRELIMINARY_90M,0.6030037546933668,0.4905459041439576,0.4905459041439576,0.307261362,0.26288392050000003,0.4159237353343311,CANDIDATE_GRAPH
138,ST003__ST034,3,ST003,배곧한울공원,34,ST034,군자디지털과학고등학교,9663.0,9.663,2.6365101331240934,0.235635472,0.235635472,0.0,0.0,PRELIMINARY_POINT_BUFFER_PROXY,1.469778474,PRELIMINARY_90M,0.8062578222778473,0.379289268581367,0.379289268581367,0.235635472,0.244963079,0.41653641046480355,CANDIDATE_GRAPH
356,ST007__ST054,7,ST007,장현지구,54,ST054,시흥 프리미엄 아울렛,7576.0,7.576,2.1125948523926654,0.260577423,0.260577423,0.0,0.0,PRELIMINARY_POINT_BUFFER_PROXY,1.804905615,PRELIMINARY_90M,0.6321234876929496,0.4733515273254728,0.4733515273254728,0.260577423,0.3008176025,0.41671751012960556,CANDIDATE_GRAPH
1336,ST038__ST042,38,ST038,능곡도서관,42,ST042,시흥시청역,2385.0,2.385,2.0034464376205396,0.356010791,0.356010791,0.0,0.0,PRELIMINARY_POINT_BUFFER_PROXY,3.686968854,PRELIMINARY_90M,0.19899874843554444,0.4991398727822659,0.4991398727822659,0.356010791,0.614494809,0.4171610553044526,CANDIDATE_GRAPH
163,ST004__ST008,4,ST004,배곧중심상가,8,ST008,시흥능곡역,10234.0,10.234,2.6871009164248223,0.177163027,0.177163027,0.0,0.0,PRELIMINARY_POINT_BUFFER_PROXY,1.605438133,PRELIMINARY_90M,0.8539007092198582,0.37214828586731913,0.37214828586731913,0.177163027,0.2675730221666667,0.417696261063461,CANDIDATE_GRAPH
38,ST001__ST039,1,ST001,월곶역,39,ST039,능곡힐스테이트,9287.0,9.287,2.20571435228064,0.157848013,0.12796136,0.029886653,0.0,PRELIMINARY_POINT_BUFFER_PROXY,1.709054796,PRELIMINARY_90M,0.7748852732582394,0.45336786196545853,0.45336786196545853,0.157848013,0.284842466,0.4177359035559245,CANDIDATE_GRAPH
1274,ST034__ST054,34,ST034,군자디지털과학고등학교,54,ST054,시흥 프리미엄 아울렛,9041.0,9.041,2.4037160219270213,0.219655575,0.219655575,0.0,0.0,PRELIMINARY_POINT_BUFFER_PROXY,1.700261816,PRELIMINARY_90M,0.7543596161869003,0.4160225213285868,0.4160225213285868,0.219655575,0.28337696933333334,0.41835367046220506,CANDIDATE_GRAPH
34,ST001__ST035,1,ST001,월곶역,35,ST035,산들공원,7924.0,7.924,1.9358117007644187,0.13183252,0.13183252,0.0,0.0,PRELIMINARY_POINT_BUFFER_PROXY,2.183904951,PRELIMINARY_90M,0.661159783062161,0.5165791691439396,0.5165791691439396,0.13183252,0.36398415850000004,0.41838890767652526,CANDIDATE_GRAPH
264,ST006__ST010,6,ST006,시흥시청 본청,10,ST010,은계호수공원,8600.0,8.6,2.2977932871741067,0.158558533,0.158558533,0.0,0.0,PRELIMINARY_POINT_BUFFER_PROXY,2.221566641,PRELIMINARY_90M,0.7175636211931581,0.4352001572908367,0.4352001572908367,0.158558533,0.3702611068333333,0.420395854579332,CANDIDATE_GRAPH
795,ST018__ST031,18,ST018,정왕역,31,ST031,마전저수지,3945.0,3.945,2.958212084314256,0.124882541,0.124882541,0.0,0.0,PRELIMINARY_POINT_BUFFER_PROXY,5.337782322,PRELIMINARY_90M,0.32916145181476847,0.3380420238638198,0.3380420238638198,0.124882541,0.889630387,0.420429100919647,CANDIDATE_GRAPH
866,ST020__ST031,20,ST020,시화공업단지[왼쪽부근],31,ST031,마전저수지,5736.0,5.736,3.0,0.215509815,0.215509815,0.0,0.0,PRELIMINARY_POINT_BUFFER_PROXY,3.941832982,PRELIMINARY_90M,0.4785982478097622,0.3333333333333333,0.3333333333333333,0.215509815,0.6569721636666667,0.42110338995244057,CANDIDATE_GRAPH
186,ST004__ST031,4,ST004,배곧중심상가,31,ST031,마전저수지,3997.0,3.997,2.3484547535520255,0.124673026,0.124673026,0.0,0.0,PRELIMINARY_POINT_BUFFER_PROXY,4.838723446,PRELIMINARY_90M,0.3335002085940759,0.42581190822923254,0.42581190822923254,0.124673026,0.8064539076666667,0.4226097626224938,CANDIDATE_GRAPH
1319,ST037__ST042,37,ST037,군자동행정복지센터,42,ST042,시흥시청역,6708.0,6.708,2.8237370109722706,0.306005252,0.306005252,0.0,0.0,PRELIMINARY_POINT_BUFFER_PROXY,2.829592416,PRELIMINARY_90M,0.5596996245306634,0.35414062857634165,0.35414062857634165,0.306005252,0.471598736,0.42286106027675124,CANDIDATE_GRAPH
20,ST001__ST021,1,ST001,월곶역,21,ST021,오이도 포구 해양관광 단지,10793.0,10.793,3.5692866457416605,0.206106074,0.158260973,0.047845101,0.0,PRELIMINARY_POINT_BUFFER_PROXY,1.833399869,PRELIMINARY_90M,0.9005423445974134,0.28016802774667887,0.28016802774667887,0.206106074,0.30556664483333335,0.42309577279435645,CANDIDATE_GRAPH
581,ST012__ST054,12,ST012,신천역,54,ST054,시흥 프리미엄 아울렛,9423.0,9.423,3.210050257042966,0.181118145,0.154003395,0.065035286,0.0,PRELIMINARY_POINT_BUFFER_PROXY,2.484378517,PRELIMINARY_90M,0.7862327909887359,0.3115216024440627,0.3115216024440627,0.181118145,0.4140630861666667,0.42323390614986633,CANDIDATE_GRAPH
822,ST019__ST022,19,ST019,시화병원,22,ST022,오이도박물관,7736.0,7.736,3.038595131848429,0.32773623,0.2220677,0.105668529,0.0,PRELIMINARY_POINT_BUFFER_PROXY,2.344498559,PRELIMINARY_90M,0.6454735085523571,0.32909945438887184,0.32909945438887184,0.32773623,0.3907497598333333,0.4232647381936406,CANDIDATE_GRAPH
64,ST002__ST012,2,ST002,월곶포구,12,ST012,신천역,8983.0,8.983,3.1711065178480338,0.228261946,0.213997667,0.062986265,0.0,PRELIMINARY_POINT_BUFFER_PROXY,2.40019603,PRELIMINARY_90M,0.749520233625365,0.3153473383412604,0.3153473383412604,0.228261946,0.4000326716666667,0.423290547408323,CANDIDATE_GRAPH
740,ST016__ST051,16,ST016,물왕호수,51,ST051,연성중학교,2736.0,2.736,1.9961566566608884,0.363459039,0.363459039,0.145100799,0.0,PRELIMINARY_POINT_BUFFER_PROXY,3.605438126,PRELIMINARY_90M,0.22828535669586983,0.500962685800808,0.500962685800808,0.363459039,0.6009063543333334,0.4234033589575028,CANDIDATE_GRAPH
1403,ST042__ST051,42,ST042,시흥시청역,51,ST051,연성중학교,2072.0,2.072,2.5274345688921906,0.351208623,0.308075573,0.083245449,0.0,PRELIMINARY_POINT_BUFFER_PROXY,4.64619177,PRELIMINARY_90M,0.17288277012932832,0.3956581160628478,0.3956581160628478,0.351208623,0.774365295,0.423528701048044,CANDIDATE_GRAPH
382,ST008__ST033,8,ST008,시흥능곡역,33,ST033,타원산업단지,10699.0,10.699,3.158903558335437,0.128664141,0.128664141,0.0,0.0,PRELIMINARY_POINT_BUFFER_PROXY,2.141908628,PRELIMINARY_90M,0.8926992073425115,0.3165655365961673,0.3165655365961673,0.128664141,0.35698477133333334,0.42372841406800305,CANDIDATE_GRAPH
18,ST001__ST019,1,ST001,월곶역,19,ST019,시화병원,8079.0,8.079,2.5208666486840325,0.077315377,0.077315377,0.0,0.0,PRELIMINARY_POINT_BUFFER_PROXY,3.284411932,PRELIMINARY_90M,0.6740926157697121,0.3966889722318433,0.3966889722318433,0.077315377,0.5474019886666667,0.4238747384170555,CANDIDATE_GRAPH
173,ST004__ST018,4,ST004,배곧중심상가,18,ST018,정왕역,3686.0,3.686,2.1980134107601605,0.817515658,0.817515658,0.0,0.0,PRELIMINARY_POINT_BUFFER_PROXY,0.699753268,PRELIMINARY_90M,0.30755110554860243,0.4549562778391603,0.4549562778391603,0.817515658,0.11662554466666668,0.42416214651360734,CANDIDATE_GRAPH
727,ST016__ST038,16,ST016,물왕호수,38,ST038,능곡도서관,4155.0,4.155,2.1086022039793035,0.113688603,0.097131004,0.022219908,0.0,PRELIMINARY_POINT_BUFFER_PROXY,4.589248558,PRELIMINARY_90M,0.34668335419274093,0.47424782071877947,0.47424782071877947,0.113688603,0.7648747596666667,0.4248736343945468,CANDIDATE_GRAPH
239,ST005__ST034,5,ST005,배곧중·고등학교,34,ST034,군자디지털과학고등학교,6876.0,6.876,1.7635512454913496,0.290949718,0.290949718,0.0,0.0,PRELIMINARY_POINT_BUFFER_PROXY,1.620828692,PRELIMINARY_90M,0.5737171464330413,0.5670376761415777,0.5670376761415777,0.290949718,0.2701381153333333,0.42546066397698806,CANDIDATE_GRAPH
1211,ST032__ST034,32,ST032,희망공원,34,ST034,군자디지털과학고등학교,9776.0,9.776,2.346286353043536,0.221489343,0.221489343,0.0,0.0,PRELIMINARY_POINT_BUFFER_PROXY,1.431768579,PRELIMINARY_90M,0.8156862745098039,0.42620543681841244,0.42620543681841244,0.221489343,0.23862809650000003,0.4255022877070541,CANDIDATE_GRAPH
101,ST002__ST049,2,ST002,월곶포구,49,ST049,거북섬 웨이브파크 정문,11279.0,11.279,2.6964338787885858,0.126061928,0.126061928,0.0,0.0,PRELIMINARY_POINT_BUFFER_PROXY,1.586662782,PRELIMINARY_90M,0.941093032957864,0.37086019719098967,0.37086019719098967,0.126061928,0.26444379700000004,0.4256147387872134,CANDIDATE_GRAPH
1023,ST025__ST028,25,ST025,목감동행정복지센터,28,ST028,매화산업단지,6878.0,6.878,2.8903708674922335,0.271201217,0.266520768,0.103849183,0.0,PRELIMINARY_POINT_BUFFER_PROXY,3.071832764,PRELIMINARY_90M,0.5738840216937839,0.345976362842194,0.345976362842194,0.271201217,0.5119721273333333,0.4257584322173278,CANDIDATE_GRAPH
1404,ST042__ST052,42,ST042,시흥시청역,52,ST052,가온그린공원,2348.0,2.348,1.8054173231380168,0.604898084,0.604898084,0.0,0.0,PRELIMINARY_POINT_BUFFER_PROXY,2.110928432,PRELIMINARY_90M,0.1959115561118064,0.5538885592733144,0.5538885592733144,0.604898084,0.35182140533333334,0.4266299011796135,CANDIDATE_GRAPH
282,ST006__ST028,6,ST006,시흥시청 본청,28,ST028,매화산업단지,7615.0,7.615,2.0444096007770654,0.182828995,0.182828995,0.0,0.0,PRELIMINARY_POINT_BUFFER_PROXY,2.397987931,PRELIMINARY_90M,0.6353775552774301,0.4891387712227076,0.4891387712227076,0.182828995,0.39966465516666666,0.4267524941667011,CANDIDATE_GRAPH
50,ST001__ST051,1,ST001,월곶역,51,ST051,연성중학교,8421.0,8.421,2.3041351110427213,0.191690511,0.181080056,0.020477849,0.0,PRELIMINARY_POINT_BUFFER_PROXY,2.276092573,PRELIMINARY_90M,0.7026282853566959,0.4340023270369143,0.4340023270369143,0.191690511,0.3793487621666667,0.42691747139006925,CANDIDATE_GRAPH
73,ST002__ST021,2,ST002,월곶포구,21,ST021,오이도 포구 해양관광 단지,10009.0,10.009,2.697243707061011,0.174538062,0.122902166,0.051635896,0.0,PRELIMINARY_POINT_BUFFER_PROXY,1.963748922,PRELIMINARY_90M,0.8351272423863162,0.3707488490499165,0.3707488490499165,0.174538062,0.327291487,0.4269264101090582,CANDIDATE_GRAPH
90,ST002__ST038,2,ST002,월곶포구,38,ST038,능곡도서관,8509.0,8.509,2.167242567914989,0.252130555,0.244053181,0.010839645,0.0,PRELIMINARY_POINT_BUFFER_PROXY,1.709976501,PRELIMINARY_90M,0.70997079682937,0.46141581694847245,0.46141581694847245,0.252130555,0.2849960835,0.4271283130694606,CANDIDATE_GRAPH
291,ST006__ST037,6,ST006,시흥시청 본청,37,ST037,군자동행정복지센터,6845.0,6.845,2.8673370714628095,0.296832124,0.296832124,0.0,0.0,PRELIMINARY_POINT_BUFFER_PROXY,2.957161605,PRELIMINARY_90M,0.571130579891531,0.34875564856064756,0.34875564856064756,0.296832124,0.4928602675,0.42739465498804463,CANDIDATE_GRAPH
1151,ST029__ST046,29,ST029,관곡공원,46,ST046,배곧1동행정복지센터,10046.0,10.046,2.437207270869709,0.135099212,0.135099212,0.0,0.0,PRELIMINARY_POINT_BUFFER_PROXY,1.96435996,PRELIMINARY_90M,0.8382144347100542,0.4103056855082964,0.4103056855082964,0.135099212,0.32739332666666665,0.4277531647212543,CANDIDATE_GRAPH
369,ST008__ST020,8,ST008,시흥능곡역,20,ST020,시화공업단지[왼쪽부근],10511.0,10.511,3.1512350183723807,0.191074926,0.191074926,0.0,0.0,PRELIMINARY_POINT_BUFFER_PROXY,1.960084443,PRELIMINARY_90M,0.8770129328327075,0.3173358997884271,0.3173358997884271,0.191074926,0.3266807405,0.4280261247802837,CANDIDATE_GRAPH
1361,ST039__ST051,39,ST039,능곡힐스테이트,51,ST051,연성중학교,3723.0,3.723,2.3660104994858293,0.437314546,0.37191324,0.194272542,0.0,PRELIMINARY_POINT_BUFFER_PROXY,3.261333916,PRELIMINARY_90M,0.31063829787234043,0.422652393223663,0.422652393223663,0.437314546,0.5435556526666666,0.4285402224406675,CANDIDATE_GRAPH
478,ST010__ST038,10,ST010,은계호수공원,38,ST038,능곡도서관,9372.0,9.372,2.330701975467328,0.167732728,0.160396489,0.00984506,0.0,PRELIMINARY_POINT_BUFFER_PROXY,2.022751487,PRELIMINARY_90M,0.7819774718397997,0.4290552848566108,0.4290552848566108,0.167732728,0.3371252478333333,0.428972683132436,CANDIDATE_GRAPH
937,ST022__ST035,22,ST022,오이도박물관,35,ST035,산들공원,10886.0,10.886,2.836094749599771,0.176800613,0.176800613,0.0,0.0,PRELIMINARY_POINT_BUFFER_PROXY,1.673561815,PRELIMINARY_90M,0.908302044221944,0.35259752874656947,0.35259752874656947,0.176800613,0.27892696916666665,0.42915678878379504,CANDIDATE_GRAPH
193,ST004__ST038,4,ST004,배곧중심상가,38,ST038,능곡도서관,10482.0,10.482,2.684005602757446,0.19198165,0.185424387,0.008799693,0.0,PRELIMINARY_POINT_BUFFER_PROXY,1.668994461,PRELIMINARY_90M,0.87459324155194,0.3725774636880928,0.3725774636880928,0.19198165,0.2781657435,0.4293295246850082,CANDIDATE_GRAPH
970,ST023__ST036,23,ST023,오이도역,36,ST036,시흥시립군자도서관,5986.0,5.986,1.6736800636760731,0.276782237,0.276782237,0.0,0.0,PRELIMINARY_POINT_BUFFER_PROXY,2.065866617,PRELIMINARY_90M,0.4994576554025866,0.5974857571067667,0.5974857571067667,0.276782237,0.3443111028333334,0.4295091880856717,CANDIDATE_GRAPH
211,ST005__ST006,5,ST005,배곧중·고등학교,6,ST006,시흥시청 본청,9543.0,9.543,2.7759353574530383,0.277560288,0.277560288,0.0,0.0,PRELIMINARY_POINT_BUFFER_PROXY,1.704954845,PRELIMINARY_90M,0.7962453066332916,0.3602389361535835,0.3602389361535835,0.277560288,0.2841591408333333,0.42955091790505207,CANDIDATE_GRAPH
491,ST010__ST051,10,ST010,은계호수공원,51,ST051,연성중학교,7611.0,7.611,2.223556453636578,0.236339042,0.224593164,0.02266918,0.0,PRELIMINARY_POINT_BUFFER_PROXY,2.383404021,PRELIMINARY_90M,0.6350438047559449,0.44972998025956207,0.44972998025956207,0.236339042,0.3972340035,0.42958670762887674,CANDIDATE_GRAPH
428,ST009__ST033,9,ST009,능곡중앙공원,33,ST033,타원산업단지,10708.0,10.708,3.1601346829823638,0.176932327,0.176932327,0.030730754,0.0,PRELIMINARY_POINT_BUFFER_PROXY,1.994283261,PRELIMINARY_90M,0.8934501460158532,0.31644220905681597,0.31644220905681597,0.176932327,0.3323805435,0.42980130639316727,CANDIDATE_GRAPH
515,ST011__ST031,11,ST011,배곧생명공원,31,ST031,마전저수지,5237.0,5.237,2.7807944252833114,0.275602846,0.275602846,0.0,0.0,PRELIMINARY_POINT_BUFFER_PROXY,3.886572379,PRELIMINARY_90M,0.43696287025448477,0.3596094665998615,0.3596094665998615,0.275602846,0.6477620631666666,0.4299843115052532,CANDIDATE_GRAPH
965,ST023__ST031,23,ST023,오이도역,31,ST031,마전저수지,3731.0,3.731,2.433467062881194,0.164525975,0.164525975,0.0,0.0,PRELIMINARY_POINT_BUFFER_PROXY,5.004986189,PRELIMINARY_90M,0.3113057989153108,0.41093632013905823,0.41093632013905823,0.164525975,0.8341643648333333,0.4302331147219256,CANDIDATE_GRAPH
191,ST004__ST036,4,ST004,배곧중심상가,36,ST036,시흥시립군자도서관,6252.0,6.252,1.6513872931847957,0.246571661,0.246571661,0.0,0.0,PRELIMINARY_POINT_BUFFER_PROXY,2.085627538,PRELIMINARY_90M,0.5216520650813516,0.6055514682273243,0.6055514682273243,0.246571661,0.34760458966666663,0.43034494599383566,CANDIDATE_GRAPH
168,ST004__ST013,4,ST004,배곧중심상가,13,ST013,삼미시장,10775.0,10.775,3.530128973927555,0.163406945,0.151516028,0.052506297,0.0,PRELIMINARY_POINT_BUFFER_PROXY,2.255483615,PRELIMINARY_90M,0.8990404672507301,0.2832757690684085,0.2832757690684085,0.163406945,0.3759139358333334,0.430409279288118,CANDIDATE_GRAPH
430,ST009__ST035,9,ST009,능곡중앙공원,35,ST035,산들공원,5085.0,5.085,3.1705169235060016,0.415926001,0.415926001,0.064729724,0.0,PRELIMINARY_POINT_BUFFER_PROXY,3.401700163,PRELIMINARY_90M,0.42428035043804757,0.31540598083109617,0.31540598083109617,0.415926001,0.5669500271666666,0.4306405898589526,CANDIDATE_GRAPH
52,ST001__ST053,1,ST001,월곶역,53,ST053,오이도 빨강등대,11158.0,11.158,3.5178705850326684,0.196616462,0.15357452,0.043041943,0.0,PRELIMINARY_POINT_BUFFER_PROXY,1.864818909,PRELIMINARY_90M,0.930997079682937,0.28426287318659665,0.28426287318659665,0.196616462,0.3108031515,0.4306698915923834,CANDIDATE_GRAPH
91,ST002__ST039,2,ST002,월곶포구,39,ST039,능곡힐스테이트,8607.0,8.607,2.1653653415540304,0.258363518,0.226112006,0.032251511,0.0,PRELIMINARY_POINT_BUFFER_PROXY,1.708996677,PRELIMINARY_90M,0.7181476846057572,0.4618158334807022,0.4618158334807022,0.258363518,0.2848327795,0.43078995389661484,CANDIDATE_GRAPH
1177,ST030__ST047,30,ST030,장곡도서관,47,ST047,배곧2동행정복지센터,9466.0,9.466,2.4693194866650576,0.219276538,0.219276538,0.0,0.0,PRELIMINARY_POINT_BUFFER_PROXY,1.855195732,PRELIMINARY_90M,0.7898206090947018,0.4049698734409419,0.4049698734409419,0.219276538,0.3091992886666667,0.43081657730057754,CANDIDATE_GRAPH
799,ST018__ST035,18,ST018,정왕역,35,ST035,산들공원,4862.0,4.862,1.5515894623052275,0.308946091,0.308946091,0.0,0.0,PRELIMINARY_POINT_BUFFER_PROXY,2.192503213,PRELIMINARY_90M,0.4056737588652482,0.6445003812505146,0.6445003812505146,0.308946091,0.3654172021666667,0.4311343583206073,CANDIDATE_GRAPH
569,ST012__ST042,12,ST012,신천역,42,ST042,시흥시청역,8959.0,8.959,2.3993904468937313,0.202676679,0.202676679,0.0,0.0,PRELIMINARY_POINT_BUFFER_PROXY,2.145622904,PRELIMINARY_90M,0.7475177304964539,0.41677251874308635,0.41677251874308635,0.202676679,0.35760381733333335,0.4311426863932184,CANDIDATE_GRAPH
1172,ST030__ST042,30,ST030,장곡도서관,42,ST042,시흥시청역,4189.0,4.189,1.8876809717400926,0.39848213,0.39848213,0.0,0.0,PRELIMINARY_POINT_BUFFER_PROXY,2.682185425,PRELIMINARY_90M,0.34952023362536505,0.5297505325161936,0.5297505325161936,0.39848213,0.4470309041666667,0.43119595007705636,CANDIDATE_GRAPH
358,ST008__ST009,8,ST008,시흥능곡역,9,ST009,능곡중앙공원,1712.0,1.712,1.8305154308324192,0.348908245,0.279373488,0.348908245,0.0,PRELIMINARY_POINT_BUFFER_PROXY,4.123126948,PRELIMINARY_90M,0.14284522319566123,0.5462942202815817,0.5462942202815817,0.348908245,0.6871878246666667,0.4313088782859774,CANDIDATE_GRAPH
611,ST013__ST042,13,ST013,삼미시장,42,ST042,시흥시청역,9100.0,9.1,2.443346882890749,0.206425992,0.206425992,0.0,0.0,PRELIMINARY_POINT_BUFFER_PROXY,2.105196678,PRELIMINARY_90M,0.7592824363788069,0.40927467442399734,0.40927467442399734,0.206425992,0.350866113,0.431462303950701,CANDIDATE_GRAPH
300,ST006__ST046,6,ST006,시흥시청 본청,46,ST046,배곧1동행정복지센터,8564.0,8.564,2.4261774730588592,0.308547855,0.308547855,0.0,0.0,PRELIMINARY_POINT_BUFFER_PROXY,1.746734551,PRELIMINARY_90M,0.7145598664997914,0.41217100195857764,0.41217100195857764,0.308547855,0.2911224251666667,0.4316002871562589,CANDIDATE_GRAPH
8,ST001__ST009,1,ST001,월곶역,9,ST009,능곡중앙공원,9589.0,9.589,2.1992660976369445,0.186186101,0.173782985,0.062235777,0.0,PRELIMINARY_POINT_BUFFER_PROXY,1.713322114,PRELIMINARY_90M,0.8000834376303713,0.45469713786543364,0.45469713786543364,0.186186101,0.28555368566666667,0.43163009054061796,CANDIDATE_GRAPH
44,ST001__ST045,1,ST001,월곶역,45,ST045,시흥중앙도서관,8509.0,8.509,2.4890978744652723,0.087374093,0.087374093,0.0,0.0,PRELIMINARY_POINT_BUFFER_PROXY,3.180460753,PRELIMINARY_90M,0.70997079682937,0.4017519802088248,0.4017519802088248,0.087374093,0.5300767921666667,0.43229341555121537,CANDIDATE_GRAPH
1309,ST036__ST050,36,ST036,시흥시립군자도서관,50,ST050,시흥한라3차아파트,7787.0,7.787,2.207110061858895,0.303797728,0.303797728,0.0,0.0,PRELIMINARY_POINT_BUFFER_PROXY,1.937523345,PRELIMINARY_90M,0.6497288277012933,0.45308116585621006,0.45308116585621006,0.303797728,0.3229205575,0.4323820697643758,CANDIDATE_GRAPH
47,ST001__ST048,1,ST001,월곶역,48,ST048,정왕평생학습관 사거리,8349.0,8.349,2.5384931329101597,0.107172999,0.107172999,0.0,0.0,PRELIMINARY_POINT_BUFFER_PROXY,3.191673391,PRELIMINARY_90M,0.6966207759699624,0.39393449091335053,0.39393449091335053,0.107172999,0.5319455651666667,0.43241845776249493,CANDIDATE_GRAPH
446,ST009__ST051,9,ST009,능곡중앙공원,51,ST051,연성중학교,3757.0,3.757,2.362689895391398,0.44241947,0.386984181,0.201582447,0.0,PRELIMINARY_POINT_BUFFER_PROXY,3.307538535,PRELIMINARY_90M,0.31347517730496455,0.4232464031570856,0.4232464031570856,0.44241947,0.5512564225,0.4325993682405125,CANDIDATE_GRAPH
933,ST022__ST031,22,ST022,오이도박물관,31,ST031,마전저수지,9249.0,9.249,3.3683490129246234,0.162077697,0.162077697,0.0,0.0,PRELIMINARY_POINT_BUFFER_PROXY,2.998768021,PRELIMINARY_90M,0.7717146433041302,0.29688134933848015,0.29688134933848015,0.162077697,0.4997946701666667,0.43261708995231923,CANDIDATE_GRAPH
479,ST010__ST039,10,ST010,은계호수공원,39,ST039,능곡힐스테이트,9470.0,9.47,2.3273271025093933,0.174260921,0.144938428,0.029322493,0.0,PRELIMINARY_POINT_BUFFER_PROXY,2.018539596,PRELIMINARY_90M,0.7901543596161869,0.42967746086133324,0.42967746086133324,0.174260921,0.336423266,0.43262900186937997,CANDIDATE_GRAPH
1142,ST029__ST037,29,ST029,관곡공원,37,ST037,군자동행정복지센터,8485.0,8.485,2.9235862417114005,0.209904838,0.209904838,0.0,0.0,PRELIMINARY_POINT_BUFFER_PROXY,2.828127704,PRELIMINARY_90M,0.7079682937004589,0.3420456649209783,0.3420456649209783,0.209904838,0.47135461733333334,0.43281835348869263,CANDIDATE_GRAPH
1033,ST025__ST038,25,ST025,목감동행정복지센터,38,ST038,능곡도서관,6274.0,6.274,2.2598427372065113,0.114598785,0.098278462,0.054041431,0.0,PRELIMINARY_POINT_BUFFER_PROXY,3.90420797,PRELIMINARY_90M,0.5234876929495202,0.4425086682076572,0.4425086682076572,0.114598785,0.6507013283333333,0.4328241186226277,CANDIDATE_GRAPH
906,ST021__ST037,21,ST021,오이도 포구 해양관광 단지,37,ST037,군자동행정복지센터,11237.0,11.237,3.2784564129180023,0.32288267,0.317010944,0.024020396,0.0,PRELIMINARY_POINT_BUFFER_PROXY,0.995066461,PRELIMINARY_90M,0.9375886524822695,0.3050215937170097,0.3050215937170097,0.32288267,0.16584441016666665,0.4328343315914865,CANDIDATE_GRAPH
194,ST004__ST039,4,ST004,배곧중심상가,39,ST039,능곡힐스테이트,10580.0,10.58,2.6777596266461616,0.197601569,0.171364162,0.026237407,0.0,PRELIMINARY_POINT_BUFFER_PROXY,1.667718253,PRELIMINARY_90M,0.8827701293283271,0.3734465147838827,0.3734465147838827,0.197601569,0.27795304216666666,0.4329428138197191,CANDIDATE_GRAPH
144,ST003__ST040,3,ST003,배곧한울공원,40,ST040,갯골생태공원,11059.0,11.059,2.4533667349874793,0.150959916,0.150959916,0.0,0.0,PRELIMINARY_POINT_BUFFER_PROXY,1.505499554,PRELIMINARY_90M,0.9227367542761785,0.40760314621495164,0.40760314621495164,0.150959916,0.25091659233333335,0.43305410220611584,CANDIDATE_GRAPH
457,ST010__ST017,10,ST010,은계호수공원,17,ST017,장곡동,9371.0,9.371,2.3066653175877168,0.196613464,0.196613464,0.0,0.0,PRELIMINARY_POINT_BUFFER_PROXY,1.921374112,PRELIMINARY_90M,0.7818940342094285,0.433526265113219,0.433526265113219,0.196613464,0.3202290186666667,0.43306569549732854,CANDIDATE_GRAPH
1364,ST039__ST054,39,ST039,능곡힐스테이트,54,ST054,시흥 프리미엄 아울렛,9306.0,9.306,2.269526261554338,0.232048293,0.21548522,0.059189099,0.0,PRELIMINARY_POINT_BUFFER_PROXY,1.701032209,PRELIMINARY_90M,0.7764705882352941,0.44062058982967073,0.44062058982967073,0.232048293,0.28350536816666666,0.4331612098079079,CANDIDATE_GRAPH
831,ST019__ST031,19,ST019,시화병원,31,ST031,마전저수지,4577.0,4.577,3.0,0.245904155,0.245904155,0.0,0.0,PRELIMINARY_POINT_BUFFER_PROXY,4.635043529,PRELIMINARY_90M,0.38189403420942847,0.3333333333333333,0.3333333333333333,0.245904155,0.7725072548333333,0.43340969434402377,CANDIDATE_GRAPH
234,ST005__ST029,5,ST005,배곧중·고등학교,29,ST029,관곡공원,11370.0,11.37,2.3427096945146686,0.010047644,0.010047644,0.0,0.0,PRELIMINARY_POINT_BUFFER_PROXY,2.090598508,PRELIMINARY_90M,0.9486858573216521,0.4268561325978406,0.4268561325978406,0.010047644,0.3484330846666666,0.4335056796465398,CANDIDATE_GRAPH
1237,ST033__ST038,33,ST033,타원산업단지,38,ST038,능곡도서관,11114.0,11.114,3.027519358491037,0.129363807,0.123175519,0.008304536,0.0,PRELIMINARY_POINT_BUFFER_PROXY,2.083461432,PRELIMINARY_90M,0.9273258239465999,0.3303034205860258,0.3303034205860258,0.129363807,0.347243572,0.43355915588315647,CANDIDATE_GRAPH
42,ST001__ST043,1,ST001,월곶역,43,ST043,시흥종합버스터미널,9008.0,9.008,2.536862478986472,0.084178966,0.084178966,0.0,0.0,PRELIMINARY_POINT_BUFFER_PROXY,3.026550194,PRELIMINARY_90M,0.7516061743846475,0.3941877055943215,0.3941877055943215,0.084178966,0.5044250323333334,0.4335994695780756,CANDIDATE_GRAPH
1313,ST036__ST054,36,ST036,시흥시립군자도서관,54,ST054,시흥 프리미엄 아울렛,9223.0,9.223,2.420247319785912,0.235087047,0.235087047,0.0,0.0,PRELIMINARY_POINT_BUFFER_PROXY,1.900967107,PRELIMINARY_90M,0.7695452649144764,0.4131809141259403,0.4131809141259403,0.235087047,0.3168278511666667,0.4336602693017708,CANDIDATE_GRAPH
1182,ST030__ST052,30,ST030,장곡도서관,52,ST052,가온그린공원,791.0,0.791,1.4122876848564432,0.639846456,0.639846456,0.0,0.0,PRELIMINARY_POINT_BUFFER_PROXY,1.92746504,PRELIMINARY_90M,0.06599916562369629,0.7080710330640945,0.7080710330640945,0.639846456,0.3212441733333333,0.433790207005281,CANDIDATE_GRAPH
471,ST010__ST031,10,ST010,은계호수공원,31,ST031,마전저수지,9658.0,9.658,2.479447707539169,0.110845888,0.110845888,0.0,0.0,PRELIMINARY_POINT_BUFFER_PROXY,2.494180019,PRELIMINARY_90M,0.8058406341259908,0.40331562426557144,0.40331562426557144,0.110845888,0.4156966698333333,0.4339247040562239,CANDIDATE_GRAPH
313,ST007__ST011,7,ST007,장현지구,11,ST011,배곧생명공원,9980.0,9.98,2.5537413472256456,0.24479273,0.24479273,0.0,0.0,PRELIMINARY_POINT_BUFFER_PROXY,1.600494142,PRELIMINARY_90M,0.8327075511055486,0.39158233510468404,0.39158233510468404,0.24479273,0.2667490236666667,0.43395790996922484,CANDIDATE_GRAPH
135,ST003__ST031,3,ST003,배곧한울공원,31,ST031,마전저수지,8594.0,8.594,3.1926309390180325,0.232287384,0.232287384,0.0,0.0,PRELIMINARY_POINT_BUFFER_PROXY,2.844081562,PRELIMINARY_90M,0.7170629954109303,0.3132212958844448,0.3132212958844448,0.232287384,0.4740135936666667,0.43414631724051045,CANDIDATE_GRAPH
415,ST009__ST020,9,ST009,능곡중앙공원,20,ST020,시화공업단지[왼쪽부근],10520.0,10.52,3.15249532086178,0.240155396,0.240155396,0.031284208,0.0,PRELIMINARY_POINT_BUFFER_PROXY,1.809710265,PRELIMINARY_90M,0.8777638715060492,0.31720903545279033,0.31720903545279033,0.240155396,0.30161837750000003,0.4341866701147099,CANDIDATE_GRAPH
778,ST017__ST051,17,ST017,장곡동,51,ST051,연성중학교,3517.0,3.517,2.16312007370754,0.462338053,0.436932527,0.049031879,0.0,PRELIMINARY_POINT_BUFFER_PROXY,3.114219406,PRELIMINARY_90M,0.2934501460158532,0.4622951874724283,0.4622951874724283,0.462338053,0.5190365676666667,0.43427998853873706,CANDIDATE_GRAPH
105,ST002__ST053,2,ST002,월곶포구,53,ST053,오이도 빨강등대,10374.0,10.374,2.672653089698992,0.16543645,0.119104544,0.046331907,0.0,PRELIMINARY_POINT_BUFFER_PROXY,1.992709671,PRELIMINARY_90M,0.8655819774718398,0.3741600448835749,0.3741600448835749,0.16543645,0.33211827850000003,0.4343241877138537,CANDIDATE_GRAPH
304,ST006__ST050,6,ST006,시흥시청 본청,50,ST050,시흥한라3차아파트,10014.0,10.014,2.9707752623655717,0.28503215,0.28503215,0.0,0.0,PRELIMINARY_POINT_BUFFER_PROXY,1.681460669,PRELIMINARY_90M,0.8355444305381727,0.33661247037708236,0.33661247037708236,0.28503215,0.28024344483333335,0.43435812393714707,CANDIDATE_GRAPH
1266,ST034__ST046,34,ST034,군자디지털과학고등학교,46,ST046,배곧1동행정복지센터,6911.0,6.911,1.6590635230531043,0.284024149,0.284024149,0.0,0.0,PRELIMINARY_POINT_BUFFER_PROXY,1.648350544,PRELIMINARY_90M,0.5766374634960367,0.6027496754070889,0.6027496754070889,0.284024149,0.27472509066666667,0.4345340946424481,CANDIDATE_GRAPH
1006,ST024__ST041,24,ST024,목감고등학교,41,ST041,연꽃테마파크,6620.0,6.62,2.1088538684731546,0.256634362,0.232869828,0.08230653,0.0,PRELIMINARY_POINT_BUFFER_PROXY,2.729827706,PRELIMINARY_90M,0.5523571130579892,0.47419122536167796,0.47419122536167796,0.256634362,0.45497128433333334,0.43453849618825013,CANDIDATE_GRAPH
1016,ST024__ST051,24,ST024,목감고등학교,51,ST051,연성중학교,5421.0,5.421,2.131002869348733,0.286117824,0.286117824,0.073213062,0.0,PRELIMINARY_POINT_BUFFER_PROXY,3.183231796,PRELIMINARY_90M,0.4523153942428035,0.46926262483429465,0.46926262483429465,0.286117824,0.5305386326666667,0.43455861893594117,CANDIDATE_GRAPH
391,ST008__ST042,8,ST008,시흥능곡역,42,ST042,시흥시청역,2105.0,2.105,1.4865056605326343,0.125084013,0.125084013,0.0,0.0,PRELIMINARY_POINT_BUFFER_PROXY,4.593123333,PRELIMINARY_90M,0.17563621193158113,0.672718595394845,0.672718595394845,0.125084013,0.7655205555000001,0.4347398439566066,CANDIDATE_GRAPH
449,ST009__ST054,9,ST009,능곡중앙공원,54,ST054,시흥 프리미엄 아울렛,9339.0,9.339,2.2685819910687415,0.23274666,0.199253272,0.060493069,0.0,PRELIMINARY_POINT_BUFFER_PROXY,1.72230605,PRELIMINARY_90M,0.7792240300375469,0.4408039929510745,0.4408039929510745,0.23274666,0.28705100833333336,0.4349564228304887,CANDIDATE_GRAPH
492,ST010__ST052,10,ST010,은계호수공원,52,ST052,가온그린공원,9414.0,9.414,2.2745307477085395,0.204903465,0.204903465,0.0,0.0,PRELIMINARY_POINT_BUFFER_PROXY,1.862794783,PRELIMINARY_90M,0.7854818523153942,0.4396511240867784,0.4396511240867784,0.204903465,0.31046579716666667,0.4351255596422099,CANDIDATE_GRAPH
762,ST017__ST035,17,ST017,장곡동,35,ST035,산들공원,4443.0,4.443,1.9603175955328784,0.196620513,0.196620513,0.0,0.0,PRELIMINARY_POINT_BUFFER_PROXY,3.98214452,PRELIMINARY_90M,0.3707133917396746,0.5101214223035974,0.5101214223035974,0.196620513,0.6636907533333333,0.43528652009415136,CANDIDATE_GRAPH
774,ST017__ST047,17,ST017,장곡동,47,ST047,배곧2동행정복지센터,9409.0,9.409,3.0876030863638437,0.366034869,0.366034869,0.0,0.0,PRELIMINARY_POINT_BUFFER_PROXY,1.599302329,PRELIMINARY_90M,0.7850646641635377,0.3238758260141731,0.3238758260141731,0.366034869,0.26655038816666665,0.43538143683609437,CANDIDATE_GRAPH
1212,ST032__ST035,32,ST032,희망공원,35,ST035,산들공원,8997.0,8.997,2.4269003733370473,0.294953952,0.294953952,0.0,0.0,PRELIMINARY_POINT_BUFFER_PROXY,1.708469511,PRELIMINARY_90M,0.7506883604505632,0.41204822867325847,0.41204822867325847,0.294953952,0.2847449185,0.4356088649059554,CANDIDATE_GRAPH
1267,ST034__ST047,34,ST034,군자디지털과학고등학교,47,ST047,배곧2동행정복지센터,8311.0,8.311,2.3344607096336327,0.351533163,0.351533163,0.0,0.0,PRELIMINARY_POINT_BUFFER_PROXY,1.618704247,PRELIMINARY_90M,0.6934501460158532,0.42836445945450874,0.42836445945450874,0.351533163,0.26978404116666665,0.43578295240925713,CANDIDATE_GRAPH
33,ST001__ST034,1,ST001,월곶역,34,ST034,군자디지털과학고등학교,8277.0,8.277,1.9078452826401169,0.168648431,0.168648431,0.0,0.0,PRELIMINARY_POINT_BUFFER_PROXY,2.162643123,PRELIMINARY_90M,0.6906132665832291,0.5241515174732506,0.5241515174732506,0.168648431,0.36044052050000003,0.43596343388911996,CANDIDATE_GRAPH
835,ST019__ST035,19,ST019,시화병원,35,ST035,산들공원,5494.0,5.494,1.7484475998737334,0.388557525,0.388557525,0.0,0.0,PRELIMINARY_POINT_BUFFER_PROXY,1.959678705,PRELIMINARY_90M,0.4584063412599082,0.5719359276607525,0.5719359276607525,0.388557525,0.3266131175,0.43637822785516517,CANDIDATE_GRAPH
1398,ST042__ST046,42,ST042,시흥시청역,46,ST046,배곧1동행정복지센터,8635.0,8.635,2.3767235981646926,0.31911375,0.31911375,0.0,0.0,PRELIMINARY_POINT_BUFFER_PROXY,1.724411828,PRELIMINARY_90M,0.7204839382561535,0.42074728452740595,0.42074728452740595,0.31911375,0.28740197133333334,0.4369367360292232,CANDIDATE_GRAPH
1238,ST033__ST039,33,ST033,타원산업단지,39,ST039,능곡힐스테이트,11212.0,11.212,3.018660011719582,0.135210115,0.110436354,0.024773761,0.0,PRELIMINARY_POINT_BUFFER_PROXY,2.078405666,PRELIMINARY_90M,0.935502711722987,0.331272815129104,0.331272815129104,0.135210115,0.34640094433333335,0.4370966465463561,CANDIDATE_GRAPH
786,ST018__ST022,18,ST018,정왕역,22,ST022,오이도박물관,8195.0,8.195,3.016327388879168,0.365325878,0.265565807,0.099760071,0.0,PRELIMINARY_POINT_BUFFER_PROXY,2.21976096,PRELIMINARY_90M,0.6837713808927827,0.33152899903600597,0.33152899903600597,0.365325878,0.36996016,0.43764660448219717,CANDIDATE_GRAPH
637,ST014__ST027,14,ST014,시흥대야역,27,ST027,은행동행정복지센터,1905.0,1.905,2.4973236886392187,0.756121681,0.589126823,0.182065921,0.0,PRELIMINARY_POINT_BUFFER_PROXY,2.616675973,PRELIMINARY_90M,0.15894868585732166,0.4004286687181091,0.4004286687181091,0.756121681,0.43611266216666666,0.43790292443552437,CANDIDATE_GRAPH
520,ST011__ST036,11,ST011,배곧생명공원,36,ST036,시흥시립군자도서관,7492.0,7.492,2.0687468486474847,0.331902844,0.331902844,0.0,0.0,PRELIMINARY_POINT_BUFFER_PROXY,1.872674267,PRELIMINARY_90M,0.6251147267417605,0.4833844221460856,0.4833844221460856,0.331902844,0.31211237783333334,0.4381285926802949,CANDIDATE_GRAPH
1155,ST029__ST050,29,ST029,관곡공원,50,ST050,시흥한라3차아파트,11496.0,11.496,2.910318096071872,0.136506001,0.136506001,0.0,0.0,PRELIMINARY_POINT_BUFFER_PROXY,1.879301716,PRELIMINARY_90M,0.9591989987484355,0.3436050517466543,0.3436050517466543,0.136506001,0.31321695266666666,0.4381317510404391,CANDIDATE_GRAPH
236,ST005__ST031,5,ST005,배곧중·고등학교,31,ST031,마전저수지,4886.0,4.886,2.447063154558197,0.250376445,0.250376445,0.0,0.0,PRELIMINARY_POINT_BUFFER_PROXY,4.115145494,PRELIMINARY_90M,0.40767626199415935,0.40865312288212857,0.40865312288212857,0.250376445,0.6858575823333334,0.43814085305240535,CANDIDATE_GRAPH
718,ST016__ST029,16,ST016,물왕호수,29,ST029,관곡공원,5128.0,5.128,2.2882225092974817,0.0,0.0,0.0,0.0,PRELIMINARY_POINT_BUFFER_PROXY,5.333892509,PRELIMINARY_90M,0.4278681685440133,0.4370204365776538,0.4370204365776538,0.0,0.8889820848333333,0.43846767248875007,CANDIDATE_GRAPH
1062,ST026__ST038,26,ST026,은계파크자이,38,ST038,능곡도서관,9348.0,9.348,2.2332370139404776,0.196951609,0.189597904,0.009868499,0.0,PRELIMINARY_POINT_BUFFER_PROXY,1.978875946,PRELIMINARY_90M,0.7799749687108886,0.4477805059461785,0.4477805059461785,0.196951609,0.3298126576666667,0.4386299353309335,CANDIDATE_GRAPH
1402,ST042__ST050,42,ST042,시흥시청역,50,ST050,시흥한라3차아파트,10085.0,10.085,2.9245549241338105,0.294245665,0.294245665,0.0,0.0,PRELIMINARY_POINT_BUFFER_PROXY,1.662082999,PRELIMINARY_90M,0.8414685022945348,0.34193237122950537,0.34193237122950537,0.294245665,0.27701383316666667,0.43866509292267675,CANDIDATE_GRAPH
598,ST013__ST029,13,ST013,삼미시장,29,ST029,관곡공원,5601.0,5.601,1.6882870298682533,0.300692656,0.223851854,0.076840802,0.0,PRELIMINARY_POINT_BUFFER_PROXY,2.371361256,PRELIMINARY_90M,0.46733416770963704,0.5923163433163587,0.5923163433163587,0.300692656,0.395226876,0.43889251075649893,CANDIDATE_GRAPH
755,ST017__ST028,17,ST017,장곡동,28,ST028,매화산업단지,7665.0,7.665,1.9685429224432203,0.302670708,0.302670708,0.0,0.0,PRELIMINARY_POINT_BUFFER_PROXY,1.842938926,PRELIMINARY_90M,0.639549436795995,0.5079899394618578,0.5079899394618578,0.302670708,0.30715648766666664,0.4393416429811298,CANDIDATE_GRAPH
400,ST008__ST051,8,ST008,시흥능곡역,51,ST051,연성중학교,3584.0,3.584,2.033364282623199,0.203001614,0.178070339,0.048116588,0.0,PRELIMINARY_POINT_BUFFER_PROXY,4.581588549,PRELIMINARY_90M,0.2990404672507301,0.4917957930833337,0.4917957930833337,0.203001614,0.7635980915,0.4393589914585159,CANDIDATE_GRAPH
392,ST008__ST043,8,ST008,시흥능곡역,43,ST043,시흥종합버스터미널,9822.0,9.822,3.3718222028660656,0.27147472,0.27147472,0.0,0.0,PRELIMINARY_POINT_BUFFER_PROXY,2.233456668,PRELIMINARY_90M,0.8195244055068837,0.29657554278810877,0.29657554278810877,0.27147472,0.372242778,0.4399543615737481,CANDIDATE_GRAPH
1213,ST032__ST036,32,ST032,희망공원,36,ST036,시흥시립군자도서관,11031.0,11.031,3.416515222422179,0.29976303,0.29976303,0.0,0.0,PRELIMINARY_POINT_BUFFER_PROXY,1.486346433,PRELIMINARY_90M,0.9204005006257823,0.2926959006174245,0.2926959006174245,0.29976303,0.2477244055,0.44014595918580174,CANDIDATE_GRAPH
963,ST023__ST029,23,ST023,오이도역,29,ST029,관곡공원,8419.0,8.419,2.5509242459209656,0.072897838,0.072897838,0.0,0.0,PRELIMINARY_POINT_BUFFER_PROXY,3.559452918,PRELIMINARY_90M,0.7024614100959533,0.39201477723183736,0.39201477723183736,0.072897838,0.5932421529999999,0.4401540445819476,CANDIDATE_GRAPH
305,ST006__ST051,6,ST006,시흥시청 본청,51,ST051,연성중학교,2665.0,2.665,2.405708703853897,0.37184665,0.338316086,0.064712949,0.0,PRELIMINARY_POINT_BUFFER_PROXY,4.504771469,PRELIMINARY_90M,0.22236128493950771,0.41567792409696985,0.41567792409696985,0.37184665,0.7507952448333333,0.44017027596745273,CANDIDATE_GRAPH
279,ST006__ST025,6,ST006,시흥시청 본청,25,ST025,목감동행정복지센터,7000.0,7.0,2.109248922792119,0.120646147,0.0891229,0.069507083,0.0,PRELIMINARY_POINT_BUFFER_PROXY,3.49144083,PRELIMINARY_90M,0.5840634125990822,0.4741024111446503,0.4741024111446503,0.120646147,0.581906805,0.44017969393593315,CANDIDATE_GRAPH
17,ST001__ST018,1,ST001,월곶역,18,ST018,정왕역,8408.0,8.408,2.3918789326341554,0.113532322,0.113532322,0.0,0.0,PRELIMINARY_POINT_BUFFER_PROXY,3.168487094,PRELIMINARY_90M,0.701543596161869,0.41808136120782197,0.41808136120782197,0.113532322,0.5280811823333333,0.4403096154257561,CANDIDATE_GRAPH
793,ST018__ST029,18,ST018,정왕역,29,ST029,관곡공원,8633.0,8.633,2.787743143516228,0.057050086,0.057050086,0.0,0.0,PRELIMINARY_POINT_BUFFER_PROXY,3.751097041,PRELIMINARY_90M,0.720317062995411,0.35871310537551276,0.35871310537551276,0.057050086,0.6251828401666667,0.44031577363439767,CANDIDATE_GRAPH
87,ST002__ST035,2,ST002,월곶포구,35,ST035,산들공원,7244.0,7.244,1.8624410921821457,0.248901797,0.248901797,0.0,0.0,PRELIMINARY_POINT_BUFFER_PROXY,2.233402493,PRELIMINARY_90M,0.6044221944096788,0.5369297338840077,0.5369297338840077,0.248901797,0.3722337488333333,0.440621868531755,CANDIDATE_GRAPH
365,ST008__ST016,8,ST008,시흥능곡역,16,ST016,물왕호수,5244.0,5.244,1.760127283972371,0.0,0.0,0.0,0.0,PRELIMINARY_POINT_BUFFER_PROXY,4.553952786,PRELIMINARY_90M,0.43754693366708386,0.5681407299948981,0.5681407299948981,0.0,0.758992131,0.4411699486654954,CANDIDATE_GRAPH
74,ST002__ST022,2,ST002,월곶포구,22,ST022,오이도박물관,9809.0,9.809,2.3331559962647863,0.25172601,0.203252567,0.048473444,0.0,PRELIMINARY_POINT_BUFFER_PROXY,1.60367083,PRELIMINARY_90M,0.8184397163120567,0.42860400316178066,0.42860400316178066,0.25172601,0.2672784716666667,0.441512050285126,CANDIDATE_GRAPH
1075,ST026__ST051,26,ST026,은계파크자이,51,ST051,연성중학교,7587.0,7.587,2.103109787779251,0.27255464,0.260774295,0.022735702,0.0,PRELIMINARY_POINT_BUFFER_PROXY,2.31844097,PRELIMINARY_90M,0.6330413016270338,0.47548635159742936,0.47548635159742936,0.27255464,0.38640682833333334,0.4418722803894491,CANDIDATE_GRAPH
1063,ST026__ST039,26,ST026,은계파크자이,39,ST039,능곡힐스테이트,9446.0,9.446,2.230851179550346,0.203196298,0.173804709,0.02939159,0.0,PRELIMINARY_POINT_BUFFER_PROXY,1.973949092,PRELIMINARY_90M,0.7881518564872758,0.4482593949640162,0.4482593949640162,0.203196298,0.3289915153333333,0.4421497661961563,CANDIDATE_GRAPH
1335,ST038__ST041,38,ST038,능곡도서관,41,ST041,연꽃테마파크,4469.0,4.469,2.0,0.386674846,0.351461406,0.121958882,0.0,PRELIMINARY_POINT_BUFFER_PROXY,3.056363434,PRELIMINARY_90M,0.3728827701293283,0.5,0.5,0.386674846,0.5093939056666666,0.4422378804489987,CANDIDATE_GRAPH
1272,ST034__ST052,34,ST034,군자디지털과학고등학교,52,ST052,가온그린공원,4271.0,4.271,1.90358243319081,0.218270531,0.218270531,0.0,0.0,PRELIMINARY_POINT_BUFFER_PROXY,4.023457066,PRELIMINARY_90M,0.3563621193158114,0.5253252932807259,0.5253252932807259,0.218270531,0.6705761776666667,0.442633530315801,CANDIDATE_GRAPH
364,ST008__ST015,8,ST008,시흥능곡역,15,ST015,목감택지개발예정지구,6807.0,6.807,1.8885444736486015,0.0,0.0,0.0,0.0,PRELIMINARY_POINT_BUFFER_PROXY,4.039381199,PRELIMINARY_90M,0.5679599499374218,0.5295083139175617,0.5295083139175617,0.0,0.6732301998333333,0.44267461592207924,CANDIDATE_GRAPH
394,ST008__ST045,8,ST008,시흥능곡역,45,ST045,시흥중앙도서관,9919.0,9.919,3.4582290329618446,0.283603446,0.283603446,0.0,0.0,PRELIMINARY_POINT_BUFFER_PROXY,2.222501302,PRELIMINARY_90M,0.8276178556528995,0.28916534748525236,0.28916534748525236,0.283603446,0.37041688366666664,0.4427008832012046,CANDIDATE_GRAPH
1055,ST026__ST031,26,ST026,은계파크자이,31,ST031,마전저수지,9634.0,9.634,2.3852072239154096,0.139069702,0.139069702,0.0,0.0,PRELIMINARY_POINT_BUFFER_PROXY,2.456527444,PRELIMINARY_90M,0.8038381309970797,0.41925078457479326,0.41925078457479326,0.139069702,0.40942124066666663,0.4428949645596349,CANDIDATE_GRAPH
1117,ST028__ST038,28,ST028,매화산업단지,38,ST038,능곡도서관,8729.0,8.729,1.9933415681901132,0.186772272,0.178897513,0.01056774,0.0,PRELIMINARY_POINT_BUFFER_PROXY,2.140300825,PRELIMINARY_90M,0.7283270755110555,0.5016701683033511,0.5016701683033511,0.186772272,0.3567168041666667,0.4433715799952683,CANDIDATE_GRAPH
869,ST020__ST034,20,ST020,시화공업단지[왼쪽부근],34,ST034,군자디지털과학고등학교,5992.0,5.992,1.5800486633794386,0.388520481,0.388520481,0.0,0.0,PRELIMINARY_POINT_BUFFER_PROXY,1.516379787,PRELIMINARY_90M,0.49995828118481433,0.632891899583131,0.632891899583131,0.388520481,0.2527299645,0.4435251565669864,CANDIDATE_GRAPH
904,ST021__ST035,21,ST021,오이도 포구 해양관광 단지,35,ST035,산들공원,10930.0,10.93,2.551605329445319,0.247666634,0.241627929,0.024703488,0.0,PRELIMINARY_POINT_BUFFER_PROXY,1.336812849,PRELIMINARY_90M,0.9119732999582811,0.3919101392602065,0.3919101392602065,0.247666634,0.2228021415,0.44358805367962195,CANDIDATE_GRAPH
71,ST002__ST019,2,ST002,월곶포구,19,ST019,시화병원,7399.0,7.399,2.5029211086978633,0.18693605,0.18693605,0.0,0.0,PRELIMINARY_POINT_BUFFER_PROXY,3.435578338,PRELIMINARY_90M,0.6173550271172299,0.3995331680750604,0.3995331680750604,0.18693605,0.5725963896666667,0.4441051587147392,CANDIDATE_GRAPH
61,ST002__ST009,2,ST002,월곶포구,9,ST009,능곡중앙공원,8909.0,8.909,2.1597855366879912,0.285476645,0.272125216,0.066994175,0.0,PRELIMINARY_POINT_BUFFER_PROXY,1.712174897,PRELIMINARY_90M,0.743345848977889,0.4630089344581359,0.4630089344581359,0.285476645,0.2853624828333333,0.44429847781733955,CANDIDATE_GRAPH
1478,ST051__ST054,51,ST051,연성중학교,54,ST054,시흥 프리미엄 아울렛,10127.0,10.127,2.365480117805432,0.113569653,0.104745501,0.01703025,0.0,PRELIMINARY_POINT_BUFFER_PROXY,2.378360935,PRELIMINARY_90M,0.8449728827701293,0.42274715922268985,0.42274715922268985,0.113569653,0.39639348916666667,0.4444207960398715,CANDIDATE_GRAPH
936,ST022__ST034,22,ST022,오이도박물관,34,ST034,군자디지털과학고등학교,11239.0,11.239,2.7873778759767913,0.202511939,0.202511939,0.0,0.0,PRELIMINARY_POINT_BUFFER_PROXY,1.673263858,PRELIMINARY_90M,0.9377555277430121,0.358760112368893,0.358760112368893,0.202511939,0.2788773096666667,0.444476222194643,CANDIDATE_GRAPH
19,ST001__ST020,1,ST001,월곶역,20,ST020,시화공업단지[왼쪽부근],9551.0,9.551,2.6636149917137995,0.125880368,0.125880368,0.0,0.0,PRELIMINARY_POINT_BUFFER_PROXY,2.883103763,PRELIMINARY_90M,0.796912807676262,0.37542963345336516,0.37542963345336516,0.125880368,0.4805172938333333,0.44468502574074015,CANDIDATE_GRAPH
433,ST009__ST038,9,ST009,능곡중앙공원,38,ST038,능곡도서관,744.0,0.744,2.0,0.97496266,0.515421611,0.830516213,0.0,PRELIMINARY_POINT_BUFFER_PROXY,1.451338391,PRELIMINARY_90M,0.06207759699624531,0.5,0.5,0.97496266,0.24188973183333332,0.44473249720739466,CANDIDATE_GRAPH
1076,ST026__ST052,26,ST026,은계파크자이,52,ST052,가온그린공원,9390.0,9.39,2.177315992784442,0.234095551,0.234095551,0.0,0.0,PRELIMINARY_POINT_BUFFER_PROXY,1.812583899,PRELIMINARY_90M,0.7834793491864831,0.4592810613222744,0.4592810613222744,0.234095551,0.3020973165,0.4447383195021894,CANDIDATE_GRAPH
1353,ST039__ST043,39,ST039,능곡힐스테이트,43,ST043,시흥종합버스터미널,9797.0,9.797,3.3777318578726767,0.321542663,0.317948067,0.030100174,0.0,PRELIMINARY_POINT_BUFFER_PROXY,2.070297135,PRELIMINARY_90M,0.8174384647476012,0.2960566563829635,0.2960566563829635,0.321542663,0.34504952250000004,0.4450218266576412,CANDIDATE_GRAPH
1110,ST028__ST031,28,ST028,매화산업단지,31,ST031,마전저수지,9015.0,9.015,2.1633168838959445,0.125240153,0.125240153,0.0,0.0,PRELIMINARY_POINT_BUFFER_PROXY,2.643668039,PRELIMINARY_90M,0.7521902377972466,0.4622531296474178,0.4622531296474178,0.125240153,0.44061133983333334,0.44507371506949944,CANDIDATE_GRAPH
289,ST006__ST035,6,ST006,시흥시청 본청,35,ST035,산들공원,6977.0,6.977,2.9216522119106507,0.310126848,0.310126848,0.0,0.0,PRELIMINARY_POINT_BUFFER_PROXY,3.275946265,PRELIMINARY_90M,0.5821443471005423,0.34227208697986594,0.34227208697986594,0.310126848,0.5459910441666667,0.44513358156176874,CANDIDATE_GRAPH
103,ST002__ST051,2,ST002,월곶포구,51,ST051,연성중학교,7741.0,7.741,2.26792291157827,0.306454625,0.294910451,0.022279897,0.0,PRELIMINARY_POINT_BUFFER_PROXY,2.332794515,PRELIMINARY_90M,0.6458906967042136,0.44093209469103606,0.44093209469103606,0.306454625,0.3887990858333333,0.44551912555714573,CANDIDATE_GRAPH
496,ST011__ST012,11,ST011,배곧생명공원,12,ST012,신천역,11190.0,11.19,3.3955749329725884,0.229835415,0.229835415,0.0,0.0,PRELIMINARY_POINT_BUFFER_PROXY,1.946326239,PRELIMINARY_90M,0.9336670838548186,0.29450093717253645,0.29450093717253645,0.229835415,0.3243877065,0.44559778563183877,CANDIDATE_GRAPH
1385,ST041__ST046,41,ST041,연꽃테마파크,46,ST046,배곧1동행정복지센터,10749.0,10.749,2.3763754220353497,0.126245661,0.126245661,0.0,0.0,PRELIMINARY_POINT_BUFFER_PROXY,2.032479485,PRELIMINARY_90M,0.8968710888610764,0.42080893057861485,0.42080893057861485,0.126245661,0.33874658083333337,0.44566806531825615,CANDIDATE_GRAPH
338,ST007__ST036,7,ST007,장현지구,36,ST036,시흥시립군자도서관,7914.0,7.914,2.6645802732851354,0.307930223,0.307930223,0.0,0.0,PRELIMINARY_POINT_BUFFER_PROXY,2.636188829,PRELIMINARY_90M,0.6603254067584481,0.37529362880372513,0.37529362880372513,0.307930223,0.43936480483333334,0.4457285158488767,CANDIDATE_GRAPH
359,ST008__ST010,8,ST008,시흥능곡역,10,ST010,은계호수공원,9519.0,9.519,2.1680281636531937,0.115583801,0.115583801,0.0,0.0,PRELIMINARY_POINT_BUFFER_PROXY,2.47456009,PRELIMINARY_90M,0.7942428035043805,0.4612486206429023,0.4612486206429023,0.115583801,0.4124266816666667,0.4458754767034874,CANDIDATE_GRAPH
1037,ST025__ST042,25,ST025,목감동행정복지센터,42,ST042,시흥시청역,5715.0,5.715,2.220000001279592,0.043183038,0.037299924,0.043183038,0.0,PRELIMINARY_POINT_BUFFER_PROXY,4.879937643,PRELIMINARY_90M,0.47684605757196497,0.45045045019081403,0.45045045019081403,0.043183038,0.8133229405,0.44595062156569476,CANDIDATE_GRAPH
900,ST021__ST031,21,ST021,오이도 포구 해양관광 단지,31,ST031,마전저수지,9293.0,9.293,3.031251972754875,0.24550113,0.238398194,0.029057106,0.0,PRELIMINARY_POINT_BUFFER_PROXY,2.59903452,PRELIMINARY_90M,0.7753858990404673,0.3298966925178364,0.3298966925178364,0.24550113,0.43317242,0.4459890353895759,CANDIDATE_GRAPH
429,ST009__ST034,9,ST009,능곡중앙공원,34,ST034,군자디지털과학고등학교,5438.0,5.438,3.0482330688038717,0.45363226,0.45363226,0.060550946,0.0,PRELIMINARY_POINT_BUFFER_PROXY,3.293272439,PRELIMINARY_90M,0.45373383395911554,0.328058904102238,0.328058904102238,0.45363226,0.5488787398333334,0.4460759344736718,CANDIDATE_GRAPH
164,ST004__ST009,4,ST004,배곧중심상가,9,ST009,능곡중앙공원,10882.0,10.882,2.6590371924450777,0.221476926,0.21054643,0.054846529,0.0,PRELIMINARY_POINT_BUFFER_PROXY,1.674284134,PRELIMINARY_90M,0.907968293700459,0.37607597322866515,0.37607597322866515,0.221476926,0.27904735566666666,0.4461421371489477,CANDIDATE_GRAPH
438,ST009__ST043,9,ST009,능곡중앙공원,43,ST043,시흥종합버스터미널,9831.0,9.831,3.3729547340069628,0.323895134,0.323895134,0.033463188,0.0,PRELIMINARY_POINT_BUFFER_PROXY,2.07290647,PRELIMINARY_90M,0.8202753441802253,0.2964759621342537,0.2964759621342537,0.323895134,0.34548441166666666,0.4465327129952864,CANDIDATE_GRAPH
1090,ST027__ST038,27,ST027,은행동행정복지센터,38,ST038,능곡도서관,9684.0,9.684,2.293970249991462,0.200426735,0.193325854,0.009529214,0.0,PRELIMINARY_POINT_BUFFER_PROXY,2.05557101,PRELIMINARY_90M,0.8080100125156445,0.43592544410884226,0.43592544410884226,0.200426735,0.3425951683333333,0.446739339989455,CANDIDATE_GRAPH
1118,ST028__ST039,28,ST028,매화산업단지,39,ST039,능곡힐스테이트,8827.0,8.827,1.9934144520107262,0.193566014,0.162114654,0.03145136,0.0,PRELIMINARY_POINT_BUFFER_PROXY,2.133727733,PRELIMINARY_90M,0.7365039632874426,0.5016518260873024,0.5016518260873024,0.193566014,0.3556212888333334,0.4468357730520196,CANDIDATE_GRAPH
241,ST005__ST036,5,ST005,배곧중·고등학교,36,ST036,시흥시립군자도서관,7141.0,7.141,1.8054973029419472,0.31740942,0.31740942,0.0,0.0,PRELIMINARY_POINT_BUFFER_PROXY,1.92922156,PRELIMINARY_90M,0.5958281184814351,0.5538640231533779,0.5538640231533779,0.31740942,0.32153692666666667,0.44715962207536997,CANDIDATE_GRAPH
403,ST008__ST054,8,ST008,시흥능곡역,54,ST054,시흥 프리미엄 아울렛,8474.0,8.474,2.118722442640392,0.201490511,0.201490511,0.0,0.0,PRELIMINARY_POINT_BUFFER_PROXY,2.450436707,PRELIMINARY_90M,0.7070504797663746,0.47198253998469997,0.47198253998469997,0.201490511,0.40840611783333336,0.447232412146102,CANDIDATE_GRAPH
405,ST009__ST010,9,ST009,능곡중앙공원,10,ST010,은계호수공원,9691.0,9.691,2.29332305979191,0.207927752,0.175648579,0.058300051,0.0,PRELIMINARY_POINT_BUFFER_PROXY,2.020392326,PRELIMINARY_90M,0.8085940759282436,0.43604846501248595,0.43604846501248595,0.207927752,0.33673205433333336,0.44732558681851575,CANDIDATE_GRAPH
1355,ST039__ST045,39,ST039,능곡힐스테이트,45,ST045,시흥중앙도서관,9894.0,9.894,3.46429514019489,0.333215342,0.329655643,0.02980796,0.0,PRELIMINARY_POINT_BUFFER_PROXY,2.060081788,PRELIMINARY_90M,0.825531914893617,0.28865900840762176,0.28865900840762176,0.333215342,0.3433469646666667,0.44768830749197636,CANDIDATE_GRAPH
332,ST007__ST030,7,ST007,장현지구,30,ST030,장곡도서관,1683.0,1.683,1.4562870070184697,0.759142743,0.759142743,0.0,0.0,PRELIMINARY_POINT_BUFFER_PROXY,1.235595407,PRELIMINARY_90M,0.14042553191489363,0.6866778287388218,0.6866778287388218,0.759142743,0.20593256783333333,0.44804466787176217,CANDIDATE_GRAPH
1140,ST029__ST035,29,ST029,관곡공원,35,ST035,산들공원,8617.0,8.617,2.9667041823193947,0.222000363,0.222000363,0.0,0.0,PRELIMINARY_POINT_BUFFER_PROXY,3.087149764,PRELIMINARY_90M,0.7189820609094701,0.3370743891351484,0.3370743891351484,0.222000363,0.5145249606666666,0.4481454434278213,CANDIDATE_GRAPH
1103,ST027__ST051,27,ST027,은행동행정복지센터,51,ST051,연성중학교,7923.0,7.923,2.182844451637436,0.273625618,0.262340521,0.021779886,0.0,PRELIMINARY_POINT_BUFFER_PROXY,2.406116467,PRELIMINARY_90M,0.6610763454317897,0.45811784676176137,0.45811784676176137,0.273625618,0.4010194111666667,0.4484598053400545,CANDIDATE_GRAPH
1368,ST040__ST043,40,ST040,갯골생태공원,43,ST043,시흥종합버스터미널,7040.0,7.04,2.823947383248435,0.107713516,0.107713516,0.0,0.0,PRELIMINARY_POINT_BUFFER_PROXY,4.483116336,PRELIMINARY_90M,0.5874009178139341,0.35411424657979385,0.35411424657979385,0.107713516,0.747186056,0.44910368409843193,CANDIDATE_GRAPH
440,ST009__ST045,9,ST009,능곡중앙공원,45,ST045,시흥중앙도서관,9928.0,9.928,3.459266989298956,0.335504972,0.335504972,0.033139442,0.0,PRELIMINARY_POINT_BUFFER_PROXY,2.063427956,PRELIMINARY_90M,0.8283687943262411,0.28907858314881235,0.28907858314881235,0.335504972,0.3439046593333333,0.4492142522020967,CANDIDATE_GRAPH
121,ST003__ST017,3,ST003,배곧한울공원,17,ST017,장곡동,10783.0,10.783,2.4217281819737533,0.194754046,0.194754046,0.0,0.0,PRELIMINARY_POINT_BUFFER_PROXY,1.74024992,PRELIMINARY_90M,0.8997079682937005,0.4129282581932798,0.4129282581932798,0.194754046,0.2900416533333333,0.4493579814550783,CANDIDATE_GRAPH
140,ST003__ST036,3,ST003,배곧한울공원,36,ST036,시흥시립군자도서관,11552.0,11.552,3.4117495650713696,0.319486964,0.319486964,0.0,0.0,PRELIMINARY_POINT_BUFFER_PROXY,1.334349302,PRELIMINARY_90M,0.9638715060492282,0.2931047490231251,0.2931047490231251,0.319486964,0.22239155033333333,0.44971369235142167,CANDIDATE_GRAPH
285,ST006__ST031,6,ST006,시흥시청 본청,31,ST031,마전저수지,4604.0,4.604,2.2803956005814645,0.283207887,0.283207887,0.0,0.0,PRELIMINARY_POINT_BUFFER_PROXY,4.157951616,PRELIMINARY_90M,0.3841468502294535,0.4385204039794744,0.4385204039794744,0.283207887,0.692991936,0.4497167693022319,CANDIDATE_GRAPH
638,ST014__ST028,14,ST014,시흥대야역,28,ST028,매화산업단지,7295.0,7.295,2.089908465771216,0.142572754,0.110267444,0.03230531,0.0,PRELIMINARY_POINT_BUFFER_PROXY,3.417863274,PRELIMINARY_90M,0.6086775135586149,0.4784898555980445,0.4784898555980445,0.142572754,0.569643879,0.44984600053916485,CANDIDATE_GRAPH
348,ST007__ST046,7,ST007,장현지구,46,ST046,배곧1동행정복지센터,9177.0,9.177,2.2644336799476807,0.31697882,0.31697882,0.0,0.0,PRELIMINARY_POINT_BUFFER_PROXY,1.657624601,PRELIMINARY_90M,0.7657071339173968,0.4416115202910711,0.4416115202910711,0.31697882,0.27627076683333335,0.4501420602604503,CANDIDATE_GRAPH
1091,ST027__ST039,27,ST027,은행동행정복지센터,39,ST039,능곡힐스테이트,9782.0,9.782,2.2910655255291217,0.206424511,0.178033437,0.028391073,0.0,PRELIMINARY_POINT_BUFFER_PROXY,2.051455528,PRELIMINARY_90M,0.8161869002920317,0.4364781316191513,0.4364781316191513,0.206424511,0.34190925466666666,0.4502496993944624,CANDIDATE_GRAPH
470,ST010__ST030,10,ST010,은계호수공원,30,ST030,장곡도서관,9934.0,9.934,2.2601702712098652,0.221216871,0.221216871,0.0,0.0,PRELIMINARY_POINT_BUFFER_PROXY,1.8544822,PRELIMINARY_90M,0.8288694201084689,0.44244454178432396,0.44244454178432396,0.221216871,0.30908036666666666,0.45040279988986487,CANDIDATE_GRAPH
1305,ST036__ST046,36,ST036,시흥시립군자도서관,46,ST046,배곧1동행정복지센터,7093.0,7.093,1.6997128934762096,0.302437234,0.302437234,0.0,0.0,PRELIMINARY_POINT_BUFFER_PROXY,1.918243629,PRELIMINARY_90M,0.5918231122236128,0.5883346557163696,0.5883346557163696,0.302437234,0.3197072715,0.45057556835999557,CANDIDATE_GRAPH
798,ST018__ST034,18,ST018,정왕역,34,ST034,군자디지털과학고등학교,5215.0,5.215,1.5330583017867183,0.355469051,0.355469051,0.0,0.0,PRELIMINARY_POINT_BUFFER_PROXY,2.157697699,PRELIMINARY_90M,0.4351272423863162,0.6522909134209312,0.6522909134209312,0.355469051,0.35961628316666666,0.4506258724934785,CANDIDATE_GRAPH
1133,ST028__ST054,28,ST028,매화산업단지,54,ST054,시흥 프리미엄 아울렛,11372.0,11.372,2.198496646600742,0.134812435,0.134812435,0.0,0.0,PRELIMINARY_POINT_BUFFER_PROXY,1.586988395,PRELIMINARY_90M,0.9488527325823947,0.4548562771501944,0.4548562771501944,0.134812435,0.26449806583333335,0.4507548776414806,CANDIDATE_GRAPH
1083,ST027__ST031,27,ST027,은행동행정복지센터,31,ST031,마전저수지,9970.0,9.97,2.439129741416626,0.144378702,0.144378702,0.0,0.0,PRELIMINARY_POINT_BUFFER_PROXY,2.509305264,PRELIMINARY_90M,0.8318731748018356,0.4099822912327773,0.4099822912327773,0.144378702,0.418217544,0.4511129280086532,CANDIDATE_GRAPH
206,ST004__ST051,4,ST004,배곧중심상가,51,ST051,연성중학교,10994.0,10.994,2.7105681041429013,0.100881317,0.092752396,0.015688565,0.0,PRELIMINARY_POINT_BUFFER_PROXY,2.504463014,PRELIMINARY_90M,0.9173133083020443,0.368926351074365,0.368926351074365,0.100881317,0.4174105023333334,0.45113286967743566,CANDIDATE_GRAPH
393,ST008__ST044,8,ST008,시흥능곡역,44,ST044,경기과학기술대학교,9845.0,9.845,3.3708627586547335,0.30400091,0.30400091,0.0,0.0,PRELIMINARY_POINT_BUFFER_PROXY,2.295432289,PRELIMINARY_90M,0.8214434710054235,0.29665995669283396,0.29665995669283396,0.30400091,0.3825720481666666,0.451169096466231,CANDIDATE_GRAPH
426,ST009__ST031,9,ST009,능곡중앙공원,31,ST031,마전저수지,6981.0,6.981,2.2468611351412107,0.256364936,0.239325801,0.083802691,0.0,PRELIMINARY_POINT_BUFFER_PROXY,3.126192366,PRELIMINARY_90M,0.5824780976220275,0.44506533330425513,0.44506533330425513,0.256364936,0.521032061,0.45123510698157066,CANDIDATE_GRAPH
352,ST007__ST050,7,ST007,장현지구,50,ST050,시흥한라3차아파트,10627.0,10.627,2.7996965790661688,0.293668656,0.293668656,0.0,0.0,PRELIMINARY_POINT_BUFFER_PROXY,1.60664307,PRELIMINARY_90M,0.8866916979557781,0.35718156298692455,0.35718156298692455,0.293668656,0.267773845,0.4513289404856756,CANDIDATE_GRAPH
21,ST001__ST022,1,ST001,월곶역,22,ST022,오이도박물관,11587.0,11.587,2.5651565658220274,0.189285544,0.148267524,0.04101802,0.0,PRELIMINARY_POINT_BUFFER_PROXY,1.559906603,PRELIMINARY_90M,0.9667918231122236,0.38983975221003364,0.38983975221003364,0.189285544,0.2599844338333333,0.4514753882888976,CANDIDATE_GRAPH
1306,ST036__ST047,36,ST036,시흥시립군자도서관,47,ST047,배곧2동행정복지센터,8493.0,8.493,2.353896512711308,0.365456328,0.365456328,0.0,0.0,PRELIMINARY_POINT_BUFFER_PROXY,1.848028246,PRELIMINARY_90M,0.7086357947434293,0.42482751242456357,0.42482751242456357,0.365456328,0.30800470766666666,0.45173108570866494,CANDIDATE_GRAPH
377,ST008__ST028,8,ST008,시흥능곡역,28,ST028,매화산업단지,8534.0,8.534,1.9269660940085112,0.132284324,0.132284324,0.0,0.0,PRELIMINARY_POINT_BUFFER_PROXY,2.663161369,PRELIMINARY_90M,0.7120567375886525,0.5189504906751011,0.5189504906751011,0.132284324,0.44386022816666665,0.45178794510760506,CANDIDATE_GRAPH
1454,ST047__ST052,47,ST047,배곧2동행정복지센터,52,ST052,가온그린공원,9773.0,9.773,2.3012895967641205,0.261504256,0.261504256,0.0,0.0,PRELIMINARY_POINT_BUFFER_PROXY,1.792108788,PRELIMINARY_90M,0.81543596161869,0.43453896519851987,0.43453896519851987,0.261504256,0.298684798,0.4525409952043025,CANDIDATE_GRAPH
261,ST006__ST007,6,ST006,시흥시청 본청,7,ST007,장현지구,616.0,0.616,1.9913878469423045,0.790782282,0.790782282,0.0,0.0,PRELIMINARY_POINT_BUFFER_PROXY,2.79823581,PRELIMINARY_90M,0.05139758030871923,0.5021623495068827,0.5021623495068827,0.790782282,0.466372635,0.45267871170390045,CANDIDATE_GRAPH
1370,ST040__ST045,40,ST040,갯골생태공원,45,ST045,시흥중앙도서관,6568.0,6.568,2.8673395654775087,0.115483078,0.115483078,0.0,0.0,PRELIMINARY_POINT_BUFFER_PROXY,4.790890566,PRELIMINARY_90M,0.5480183562786817,0.34875534521265056,0.34875534521265056,0.115483078,0.798481761,0.4526846351228331,CANDIDATE_GRAPH
1104,ST027__ST052,27,ST027,은행동행정복지센터,52,ST052,가온그린공원,9726.0,9.726,2.239733791325707,0.236285294,0.236285294,0.0,0.0,PRELIMINARY_POINT_BUFFER_PROXY,1.899569739,PRELIMINARY_90M,0.8115143929912391,0.4464816327158667,0.4464816327158667,0.236285294,0.31659495649999997,0.4527190690517764,CANDIDATE_GRAPH
804,ST018__ST040,18,ST018,정왕역,40,ST040,갯골생태공원,6347.0,6.347,2.694628026787754,0.131430314,0.131430314,0.0,0.0,PRELIMINARY_POINT_BUFFER_PROXY,4.680270411,PRELIMINARY_90M,0.5295786399666249,0.37110873562466895,0.37110873562466895,0.131430314,0.7800450685000001,0.4530406895228235,CANDIDATE_GRAPH
1024,ST025__ST029,25,ST025,목감동행정복지센터,29,ST029,관곡공원,7247.0,7.247,2.3666145151496805,0.03405396,0.029414561,0.03405396,0.0,PRELIMINARY_POINT_BUFFER_PROXY,4.523781929,PRELIMINARY_90M,0.6046725073007927,0.4225445223962692,0.4225445223962692,0.03405396,0.7539636548333334,0.4538086611325989,CANDIDATE_GRAPH
410,ST009__ST015,9,ST009,능곡중앙공원,15,ST015,목감택지개발예정지구,5902.0,5.902,2.0201812566671036,0.180228914,0.180228914,0.099111033,0.0,PRELIMINARY_POINT_BUFFER_PROXY,3.891380857,PRELIMINARY_90M,0.49244889445139756,0.49500508763743345,0.49500508763743345,0.180228914,0.6485634761666667,0.4540615930638744,CANDIDATE_GRAPH
761,ST017__ST034,17,ST017,장곡동,34,ST034,군자디지털과학고등학교,4796.0,4.796,1.9023778836005452,0.255435013,0.255435013,0.0,0.0,PRELIMINARY_POINT_BUFFER_PROXY,3.815283297,PRELIMINARY_90M,0.40016687526074257,0.5256579192916945,0.5256579192916945,0.255435013,0.6358805495000001,0.4542850892631093,CANDIDATE_GRAPH
1390,ST041__ST051,41,ST041,연꽃테마파크,51,ST051,연성중학교,2393.0,2.393,1.8827646315644875,0.438765774,0.401394363,0.072125664,0.0,PRELIMINARY_POINT_BUFFER_PROXY,3.886342784,PRELIMINARY_90M,0.1996662494785148,0.5311338354433861,0.5311338354433861,0.438765774,0.6477237973333333,0.4543224140638086,CANDIDATE_GRAPH
615,ST013__ST046,13,ST013,삼미시장,46,ST046,배곧1동행정복지센터,10371.0,10.371,3.0112737861436907,0.257913099,0.257913099,0.0,0.0,PRELIMINARY_POINT_BUFFER_PROXY,2.172159518,PRELIMINARY_90M,0.8653316645807259,0.3320853801475899,0.3320853801475899,0.257913099,0.36202658633333334,0.45433918251541233,CANDIDATE_GRAPH
691,ST015__ST041,15,ST015,목감택지개발예정지구,41,ST041,연꽃테마파크,6996.0,6.996,2.103008519775055,0.288308607,0.265820206,0.077886748,0.0,PRELIMINARY_POINT_BUFFER_PROXY,2.821094596,PRELIMINARY_90M,0.583729662077597,0.4755092481065951,0.4755092481065951,0.288308607,0.47018243266666665,0.4544324874627147,CANDIDATE_GRAPH
834,ST019__ST034,19,ST019,시화병원,34,ST034,군자디지털과학고등학교,5847.0,5.847,1.7201054013795372,0.425263441,0.425263441,0.0,0.0,PRELIMINARY_POINT_BUFFER_PROXY,1.944003641,PRELIMINARY_90M,0.4878598247809762,0.5813597231878888,0.5813597231878888,0.425263441,0.3240006068333333,0.4546208989505496,CANDIDATE_GRAPH
971,ST023__ST037,23,ST023,오이도역,37,ST037,군자동행정복지센터,6462.0,6.462,1.6240566097265439,0.330054651,0.330054651,0.0,0.0,PRELIMINARY_POINT_BUFFER_PROXY,2.003670039,PRELIMINARY_90M,0.5391739674593241,0.6157420831336529,0.6157420831336529,0.330054651,0.33394500650000003,0.45472892702324424,CANDIDATE_GRAPH
1331,ST037__ST054,37,ST037,군자동행정복지센터,54,ST054,시흥 프리미엄 아울렛,9699.0,9.699,2.3505502139681247,0.272624325,0.272624325,0.0,0.0,PRELIMINARY_POINT_BUFFER_PROXY,1.871799018,PRELIMINARY_90M,0.809261576971214,0.4254323068945766,0.4254323068945766,0.272624325,0.311966503,0.45482117796644767,CANDIDATE_GRAPH
701,ST015__ST051,15,ST015,목감택지개발예정지구,51,ST051,연성중학교,5797.0,5.797,2.122512321905777,0.32243609,0.32243609,0.068467983,0.0,PRELIMINARY_POINT_BUFFER_PROXY,3.264344745,PRELIMINARY_90M,0.4836879432624113,0.47113978546994373,0.47113978546994373,0.32243609,0.5440574575,0.45533031905808874,CANDIDATE_GRAPH
990,ST024__ST025,24,ST024,목감고등학교,25,ST025,목감동행정복지센터,1561.0,1.561,2.1480533485120725,0.815690328,0.815690328,0.023517001,0.0,PRELIMINARY_POINT_BUFFER_PROXY,2.460306204,PRELIMINARY_90M,0.13024614100959533,0.4655377859645276,0.4655377859645276,0.815690328,0.41005103400000004,0.45538132224353073,CANDIDATE_GRAPH
192,ST004__ST037,4,ST004,배곧중심상가,37,ST037,군자동행정복지센터,6728.0,6.728,1.605286670742663,0.299894033,0.299894033,0.0,0.0,PRELIMINARY_POINT_BUFFER_PROXY,2.024060564,PRELIMINARY_90M,0.5613683771380893,0.6229416952284069,0.6229416952284069,0.299894033,0.33734342733333333,0.4553868831749574,CANDIDATE_GRAPH
420,ST009__ST025,9,ST009,능곡중앙공원,25,ST025,목감동행정복지센터,6963.0,6.963,2.1349319188717595,0.217188943,0.140523126,0.151111218,0.0,PRELIMINARY_POINT_BUFFER_PROXY,3.335237025,PRELIMINARY_90M,0.5809762202753442,0.4683990113035861,0.4683990113035861,0.217188943,0.5558728375,0.45560925301973254,CANDIDATE_GRAPH
35,ST001__ST036,1,ST001,월곶역,36,ST036,시흥시립군자도서관,8542.0,8.542,1.9383921017791224,0.194568464,0.194568464,0.0,0.0,PRELIMINARY_POINT_BUFFER_PROXY,2.404183711,PRELIMINARY_90M,0.7127242386316228,0.515891495369882,0.515891495369882,0.194568464,0.40069728516666664,0.4559703707920429,CANDIDATE_GRAPH
295,ST006__ST041,6,ST006,시흥시청 본청,41,ST041,연꽃테마파크,4324.0,4.324,2.049004075045147,0.317588105,0.253730079,0.12827043,0.0,PRELIMINARY_POINT_BUFFER_PROXY,3.948741975,PRELIMINARY_90M,0.3607843137254902,0.48804197716296216,0.48804197716296216,0.317588105,0.6581236625,0.45613451459711307,CANDIDATE_GRAPH
1354,ST039__ST044,39,ST039,능곡힐스테이트,44,ST044,경기과학기술대학교,9820.0,9.82,3.3767573140694007,0.354042298,0.350455432,0.030035451,0.0,PRELIMINARY_POINT_BUFFER_PROXY,2.132369889,PRELIMINARY_90M,0.819357530246141,0.2961420993547443,0.2961420993547443,0.354042298,0.3553949815,0.4562342272752213,CANDIDATE_GRAPH
312,ST007__ST010,7,ST007,장현지구,10,ST010,은계호수공원,9295.0,9.295,2.133532995691515,0.240178212,0.240178212,0.0,0.0,PRELIMINARY_POINT_BUFFER_PROXY,2.044052907,PRELIMINARY_90M,0.7755527743012098,0.4687061329819662,0.4687061329819662,0.240178212,0.3406754845,0.456278150945794,CANDIDATE_GRAPH
301,ST006__ST047,6,ST006,시흥시청 본청,47,ST047,배곧2동행정복지센터,10990.0,10.99,2.4042417245259013,0.221552777,0.221552777,0.0,0.0,PRELIMINARY_POINT_BUFFER_PROXY,1.625128198,PRELIMINARY_90M,0.9169795577805591,0.41593155538351395,0.41593155538351395,0.221552777,0.2708546996666667,0.45632964745768495,CANDIDATE_GRAPH
342,ST007__ST040,7,ST007,장현지구,40,ST040,갯골생태공원,3004.0,3.004,1.4936565315277723,0.625530067,0.625530067,0.0,0.0,PRELIMINARY_POINT_BUFFER_PROXY,1.681985565,PRELIMINARY_90M,0.25064664163537753,0.669497959465393,0.669497959465393,0.625530067,0.2803309275,0.4565013989001927,CANDIDATE_GRAPH
218,ST005__ST013,5,ST005,배곧중·고등학교,13,ST013,삼미시장,11569.0,11.569,3.474120233153167,0.21482162,0.203744915,0.04891101,0.0,PRELIMINARY_POINT_BUFFER_PROXY,2.151417595,PRELIMINARY_90M,0.9652899457655403,0.2878426573890864,0.2878426573890864,0.21482162,0.35856959916666664,0.4566309555803233,CANDIDATE_GRAPH
81,ST002__ST029,2,ST002,월곶포구,29,ST029,관곡공원,8359.0,8.359,2.454829538271647,0.22113098,0.184447681,0.065623965,0.0,PRELIMINARY_POINT_BUFFER_PROXY,3.003651106,PRELIMINARY_90M,0.6974551522736754,0.40736026042120316,0.40736026042120316,0.22113098,0.5006085176666667,0.4566387275903864,CANDIDATE_GRAPH
43,ST001__ST044,1,ST001,월곶역,44,ST044,경기과학기술대학교,9744.0,9.744,2.584045983958349,0.135564347,0.135564347,0.0,0.0,PRELIMINARY_POINT_BUFFER_PROXY,2.951537709,PRELIMINARY_90M,0.8130162703379225,0.38699001728605403,0.38699001728605403,0.135564347,0.49192295150000004,0.4568733965309942,CANDIDATE_GRAPH
767,ST017__ST040,17,ST017,장곡동,40,ST040,갯골생태공원,1842.0,1.842,1.5201564854789573,0.647795036,0.647795036,0.0,0.0,PRELIMINARY_POINT_BUFFER_PROXY,2.216553796,PRELIMINARY_90M,0.1536921151439299,0.6578270129110615,0.6578270129110615,0.647795036,0.36942563266666667,0.4571849491804145,CANDIDATE_GRAPH
974,ST023__ST040,23,ST023,오이도역,40,ST040,갯골생태공원,6133.0,6.133,2.36628959089785,0.155771092,0.155771092,0.0,0.0,PRELIMINARY_POINT_BUFFER_PROXY,4.437415204,PRELIMINARY_90M,0.5117229870671673,0.4226025435967735,0.4226025435967735,0.155771092,0.7395692006666666,0.4574164558326519,CANDIDATE_GRAPH
270,ST006__ST016,6,ST006,시흥시청 본청,16,ST016,물왕호수,4622.0,4.622,1.9307119944807511,0.057014033,0.057014033,0.0,0.0,PRELIMINARY_POINT_BUFFER_PROXY,5.215434929,PRELIMINARY_90M,0.38564872757613683,0.5179436409255549,0.5179436409255549,0.057014033,0.8692391548333332,0.4574613890837562,CANDIDATE_GRAPH
86,ST002__ST034,2,ST002,월곶포구,34,ST034,군자디지털과학고등학교,7597.0,7.597,1.8353556225191694,0.283611495,0.283611495,0.0,0.0,PRELIMINARY_POINT_BUFFER_PROXY,2.207590056,PRELIMINARY_90M,0.6338756779307467,0.5448535355929668,0.5448535355929668,0.283611495,0.367931676,0.45756809613092836,CANDIDATE_GRAPH
439,ST009__ST044,9,ST009,능곡중앙공원,44,ST044,경기과학기술대학교,9854.0,9.854,3.3719937985373485,0.356277282,0.356277282,0.033391482,0.0,PRELIMINARY_POINT_BUFFER_PROXY,2.135066913,PRELIMINARY_90M,0.8221944096787651,0.2965604505066897,0.2965604505066897,0.356277282,0.35584448550000003,0.4577191569213637,CANDIDATE_GRAPH
1165,ST030__ST035,30,ST030,장곡도서관,35,ST035,산들공원,4843.0,4.843,1.9175399088012453,0.262734007,0.262734007,0.0,0.0,PRELIMINARY_POINT_BUFFER_PROXY,3.856525194,PRELIMINARY_90M,0.4040884438881936,0.5215015319421187,0.5215015319421187,0.262734007,0.642754199,0.4577695454575781,CANDIDATE_GRAPH
1373,ST040__ST048,40,ST040,갯골생태공원,48,ST048,정왕평생학습관 사거리,6381.0,6.381,2.8557744448420976,0.140235273,0.140235273,0.0,0.0,PRELIMINARY_POINT_BUFFER_PROXY,4.850626954,PRELIMINARY_90M,0.532415519399249,0.35016771083099046,0.35016771083099046,0.140235273,0.8084378256666667,0.45781408222422654,CANDIDATE_GRAPH
1351,ST039__ST041,39,ST039,능곡힐스테이트,41,ST041,연꽃테마파크,4913.0,4.913,2.0,0.442113845,0.402911695,0.223066191,0.0,PRELIMINARY_POINT_BUFFER_PROXY,2.879339632,PRELIMINARY_90M,0.4099290780141844,0.5,0.5,0.442113845,0.4798899386666667,0.45798321542021275,CANDIDATE_GRAPH
1130,ST028__ST051,28,ST028,매화산업단지,51,ST051,연성중학교,6968.0,6.968,1.7909129329233158,0.266511086,0.253684669,0.024754587,0.0,PRELIMINARY_POINT_BUFFER_PROXY,2.561025172,PRELIMINARY_90M,0.5813934084272007,0.5583744366442734,0.5583744366442734,0.266511086,0.42683752866666663,0.45827911493453516,CANDIDATE_GRAPH
72,ST002__ST020,2,ST002,월곶포구,20,ST020,시화공업단지[왼쪽부근],8871.0,8.871,2.659617387464015,0.221037333,0.221037333,0.0,0.0,PRELIMINARY_POINT_BUFFER_PROXY,2.977741312,PRELIMINARY_90M,0.7401752190237797,0.3759939323278056,0.3759939323278056,0.221037333,0.49629021866666667,0.45837417575456296,CANDIDATE_GRAPH
374,ST008__ST025,8,ST008,시흥능곡역,25,ST025,목감동행정복지센터,7469.0,7.469,1.988740417472464,0.077787688,0.048246665,0.065136385,0.0,PRELIMINARY_POINT_BUFFER_PROXY,3.782089357,PRELIMINARY_90M,0.6231956612432207,0.5028308326286861,0.5028308326286861,0.077787688,0.6303482261666666,0.45854060200964336,CANDIDATE_GRAPH
829,ST019__ST029,19,ST019,시화병원,29,ST029,관곡공원,9265.0,9.265,2.820027725618513,0.12145997,0.12145997,0.0,0.0,PRELIMINARY_POINT_BUFFER_PROXY,3.513046847,PRELIMINARY_90M,0.7730496453900709,0.35460644266562,0.35460644266562,0.12145997,0.5855078078333333,0.4586559664722561,CANDIDATE_GRAPH
903,ST021__ST034,21,ST021,오이도 포구 해양관광 단지,34,ST034,군자디지털과학고등학교,11283.0,11.283,2.511926328675623,0.271074727,0.26522391,0.023934864,0.0,PRELIMINARY_POINT_BUFFER_PROXY,1.347876861,PRELIMINARY_90M,0.9414267834793492,0.39810084737924445,0.39810084737924445,0.271074727,0.2246461435,0.45881212533964844,CANDIDATE_GRAPH
1054,ST026__ST030,26,ST026,은계파크자이,30,ST030,장곡도서관,9910.0,9.91,2.16801989739041,0.24891517,0.24891517,0.0,0.0,PRELIMINARY_POINT_BUFFER_PROXY,1.805942881,PRELIMINARY_90M,0.8268669169795578,0.4612503792994125,0.4612503792994125,0.24891517,0.3009904801666667,0.4595057366114093,CANDIDATE_GRAPH
1206,ST031__ST052,31,ST031,마전저수지,52,ST052,가온그린공원,2690.0,2.69,2.0640110584536466,0.390648941,0.390648941,0.0,0.0,PRELIMINARY_POINT_BUFFER_PROXY,4.432005921,PRELIMINARY_90M,0.22444722569879016,0.4844935282222752,0.4844935282222752,0.390648941,0.7386676535,0.45956433710526634,CANDIDATE_GRAPH
288,ST006__ST034,6,ST006,시흥시청 본청,34,ST034,군자디지털과학고등학교,7330.0,7.33,2.8428862563521475,0.34315285,0.34315285,0.0,0.0,PRELIMINARY_POINT_BUFFER_PROXY,3.198812236,PRELIMINARY_90M,0.6115978306216103,0.351755191670296,0.351755191670296,0.34315285,0.5331353726666667,0.4599103112396432,CANDIDATE_GRAPH
436,ST009__ST041,9,ST009,능곡중앙공원,41,ST041,연꽃테마파크,4947.0,4.947,2.0,0.445959962,0.414150317,0.228422442,0.0,PRELIMINARY_POINT_BUFFER_PROXY,2.886617052,PRELIMINARY_90M,0.4127659574468085,0.5,0.5,0.445959962,0.48110284200000003,0.4599571903617022,CANDIDATE_GRAPH
70,ST002__ST018,2,ST002,월곶포구,18,ST018,정왕역,7728.0,7.728,2.3633230741544877,0.221665055,0.221665055,0.0,0.0,PRELIMINARY_POINT_BUFFER_PROXY,3.302486644,PRELIMINARY_90M,0.6448060075093868,0.42313300747413224,0.42313300747413224,0.221665055,0.5504144406666667,0.46000462766254646,CANDIDATE_GRAPH
521,ST011__ST037,11,ST011,배곧생명공원,37,ST037,군자동행정복지센터,7968.0,7.968,2.004862958591922,0.371838069,0.371838069,0.0,0.0,PRELIMINARY_POINT_BUFFER_PROXY,1.83373405,PRELIMINARY_90M,0.6648310387984981,0.4987872092276727,0.4987872092276727,0.371838069,0.30562234166666663,0.46026966467320934,CANDIDATE_GRAPH
725,ST016__ST036,16,ST016,물왕호수,36,ST036,시흥시립군자도서관,7947.0,7.947,2.8110036953937283,0.162740187,0.162740187,0.0,0.0,PRELIMINARY_POINT_BUFFER_PROXY,3.965292917,PRELIMINARY_90M,0.6630788485607009,0.35574481870609326,0.35574481870609326,0.162740187,0.6608821528333334,0.46061150177503185,CANDIDATE_GRAPH
1399,ST042__ST047,42,ST042,시흥시청역,47,ST047,배곧2동행정복지센터,11061.0,11.061,2.365776355512594,0.230366667,0.230366667,0.0,0.0,PRELIMINARY_POINT_BUFFER_PROXY,1.6070053,PRELIMINARY_90M,0.9229036295369212,0.4226942236825803,0.4226942236825803,0.230366667,0.2678342166666667,0.46094968422154203,CANDIDATE_GRAPH
522,ST011__ST038,11,ST011,배곧생명공원,38,ST038,능곡도서관,11722.0,11.722,2.8414945183320772,0.252219385,0.24635405,0.007871142,0.0,PRELIMINARY_POINT_BUFFER_PROXY,1.57585824,PRELIMINARY_90M,0.9780559032123488,0.35192747814519376,0.35192747814519376,0.252219385,0.26264304,0.46121145158938565,CANDIDATE_GRAPH
1034,ST025__ST039,25,ST025,목감동행정복지센터,39,ST039,능곡힐스테이트,6209.0,6.209,2.1899140393600325,0.204488062,0.149722289,0.092882671,0.0,PRELIMINARY_POINT_BUFFER_PROXY,3.994189215,PRELIMINARY_90M,0.5180642469753859,0.4566389282988633,0.4566389282988633,0.204488062,0.6656982025,0.4612223599435623,CANDIDATE_GRAPH
281,ST006__ST027,6,ST006,시흥시청 본청,27,ST027,은행동행정복지센터,8014.0,8.014,2.0956042363908334,0.253163149,0.195302402,0.057860748,0.0,PRELIMINARY_POINT_BUFFER_PROXY,2.678365565,PRELIMINARY_90M,0.6686691697955778,0.47718933882394504,0.47718933882394504,0.253163149,0.44639426083333333,0.461353979613214,CANDIDATE_GRAPH
1445,ST046__ST051,46,ST046,배곧1동행정복지센터,51,ST051,연성중학교,11280.0,11.28,2.7426133343782095,0.126763303,0.118839831,0.015292056,0.0,PRELIMINARY_POINT_BUFFER_PROXY,2.482269419,PRELIMINARY_90M,0.9411764705882353,0.36461574348274456,0.36461574348274456,0.126763303,0.41371156983333335,0.4615667717260783,CANDIDATE_GRAPH
768,ST017__ST041,17,ST017,장곡동,41,ST041,연꽃테마파크,6120.0,6.12,1.9329667879429329,0.333421921,0.307718932,0.089020211,0.0,PRELIMINARY_POINT_BUFFER_PROXY,2.911343552,PRELIMINARY_90M,0.5106382978723404,0.517339462963149,0.517339462963149,0.333421921,0.4852239253333333,0.46165590179220567,CANDIDATE_GRAPH
1375,ST040__ST050,40,ST040,갯골생태공원,50,ST050,시흥한라3차아파트,7453.0,7.453,2.814398435293779,0.175759269,0.175759269,0.0,0.0,PRELIMINARY_POINT_BUFFER_PROXY,4.166060365,PRELIMINARY_90M,0.62186065915728,0.3553157177248131,0.3553157177248131,0.175759269,0.6943433941666667,0.46181976001218994,CANDIDATE_GRAPH
13,ST001__ST014,1,ST001,월곶역,14,ST014,시흥대야역,10345.0,10.345,3.077670885016786,0.204886147,0.155571656,0.121201371,0.0,PRELIMINARY_POINT_BUFFER_PROXY,2.733430341,PRELIMINARY_90M,0.8631622861910722,0.32492103196230676,0.32492103196230676,0.204886147,0.4555717235,0.4621352971633448,CANDIDATE_GRAPH
32,ST001__ST033,1,ST001,월곶역,33,ST033,타원산업단지,11330.0,11.33,2.573144628808778,0.07953692,0.07953692,0.0,0.0,PRELIMINARY_POINT_BUFFER_PROXY,2.619153543,PRELIMINARY_90M,0.9453483521068001,0.388629534773933,0.388629534773933,0.07953692,0.4365255905,0.46251009934518333,CANDIDATE_GRAPH
1328,ST037__ST051,37,ST037,군자동행정복지센터,51,ST051,연성중학교,7679.0,7.679,2.8767553676910294,0.324964174,0.313330244,0.022453124,0.0,PRELIMINARY_POINT_BUFFER_PROXY,3.223326426,PRELIMINARY_90M,0.6407175636211931,0.34761384691623265,0.34761384691623265,0.324964174,0.5372210709999999,0.4626291638843564,CANDIDATE_GRAPH
1139,ST029__ST034,29,ST029,관곡공원,34,ST034,군자디지털과학고등학교,8970.0,8.97,2.900578525484893,0.252434833,0.252434833,0.0,0.0,PRELIMINARY_POINT_BUFFER_PROXY,3.031578557,PRELIMINARY_90M,0.7484355444305382,0.34475880973876716,0.34475880973876716,0.252434833,0.5052630928333334,0.4627230700006597,CANDIDATE_GRAPH
573,ST012__ST046,12,ST012,신천역,46,ST046,배곧1동행정복지센터,11024.0,11.024,3.1772498675016245,0.239585976,0.216403977,0.0556025,0.0,PRELIMINARY_POINT_BUFFER_PROXY,2.264352656,PRELIMINARY_90M,0.9198164372131832,0.3147376006616479,0.3147376006616479,0.239585976,0.3773921093333333,0.4628830308020411,CANDIDATE_GRAPH
217,ST005__ST012,5,ST005,배곧중·고등학교,12,ST012,신천역,11750.0,11.75,3.432834289970251,0.224826773,0.213920621,0.048157909,0.0,PRELIMINARY_POINT_BUFFER_PROXY,2.132655687,PRELIMINARY_90M,0.9803921568627451,0.29130447773774304,0.29130447773774304,0.224826773,0.35544261450000003,0.462991505525122,CANDIDATE_GRAPH
333,ST007__ST031,7,ST007,장현지구,31,ST031,마전저수지,5217.0,5.217,2.012980501468642,0.301018578,0.301018578,0.0,0.0,PRELIMINARY_POINT_BUFFER_PROXY,3.715766665,PRELIMINARY_90M,0.43529411764705883,0.4967758004960377,0.4967758004960377,0.301018578,0.6192944441666667,0.46309573507744073,CANDIDATE_GRAPH
379,ST008__ST030,8,ST008,시흥능곡역,30,ST030,장곡도서관,2575.0,2.575,2.0,0.366377515,0.366377515,0.0,0.0,PRELIMINARY_POINT_BUFFER_PROXY,4.637122017,PRELIMINARY_90M,0.21485189820609094,0.5,0.5,0.366377515,0.7728536695,0.46352077067652275,CANDIDATE_GRAPH
1377,ST040__ST052,40,ST040,갯골생태공원,52,ST052,가온그린공원,2051.0,2.051,2.0,0.604110384,0.604110384,0.0,0.0,PRELIMINARY_POINT_BUFFER_PROXY,3.481148434,PRELIMINARY_90M,0.17113057989153108,0.5,0.5,0.604110384,0.5801914056666667,0.46385809238954945,CANDIDATE_GRAPH
111,ST003__ST007,3,ST003,배곧한울공원,7,ST007,장현지구,11918.0,11.918,2.4201159543259982,0.18047956,0.18047956,0.0,0.0,PRELIMINARY_POINT_BUFFER_PROXY,1.606500355,PRELIMINARY_90M,0.9944096787651231,0.4132033418533038,0.4132033418533038,0.18047956,0.26775005916666667,0.4639606599462734,CANDIDATE_GRAPH
1311,ST036__ST052,36,ST036,시흥시립군자도서관,52,ST052,가온그린공원,4453.0,4.453,1.9583068090046363,0.250288969,0.250288969,0.0,0.0,PRELIMINARY_POINT_BUFFER_PROXY,4.346934905,PRELIMINARY_90M,0.37154776804338757,0.5106452142237496,0.5106452142237496,0.250288969,0.7244891508333334,0.4642427755251177,CANDIDATE_GRAPH
1476,ST051__ST052,51,ST051,연성중학교,52,ST052,가온그린공원,3384.0,3.384,1.8183133651064234,0.470012372,0.443583355,0.051006918,0.0,PRELIMINARY_POINT_BUFFER_PROXY,3.338281338,PRELIMINARY_90M,0.2823529411764706,0.5499602099341504,0.5499602099341504,0.470012372,0.556380223,0.4646764365276552,CANDIDATE_GRAPH
330,ST007__ST028,7,ST007,장현지구,28,ST028,매화산업단지,8310.0,8.31,1.8818440114835289,0.272091051,0.272091051,0.0,0.0,PRELIMINARY_POINT_BUFFER_PROXY,2.181486617,PRELIMINARY_90M,0.6933667083854819,0.5313936723223208,0.5313936723223208,0.272091051,0.36358110283333334,0.465108133635284,CANDIDATE_GRAPH
1150,ST029__ST045,29,ST029,관곡공원,45,ST045,시흥중앙도서관,9233.0,9.233,2.7641240720233733,0.080513965,0.080513965,0.0,0.0,PRELIMINARY_POINT_BUFFER_PROXY,3.889570974,PRELIMINARY_90M,0.7703796412181894,0.36177826101271476,0.36177826101271476,0.080513965,0.6482618290000001,0.46523342405772605,CANDIDATE_GRAPH
284,ST006__ST030,6,ST006,시흥시청 본청,30,ST030,장곡도서관,2299.0,2.299,1.599654875590196,0.767619824,0.767619824,0.0,0.0,PRELIMINARY_POINT_BUFFER_PROXY,1.660607465,PRELIMINARY_90M,0.19182311222361284,0.625134843308653,0.625134843308653,0.767619824,0.27676791083333335,0.4653364225913998,CANDIDATE_GRAPH
620,ST013__ST051,13,ST013,삼미시장,51,ST051,연성중학교,8908.0,8.908,2.334947961738539,0.292595472,0.282558318,0.019371397,0.0,PRELIMINARY_POINT_BUFFER_PROXY,2.385267848,PRELIMINARY_90M,0.7432624113475177,0.4282750692462658,0.4282750692462658,0.292595472,0.3975446413333333,0.4654193984817792,CANDIDATE_GRAPH
339,ST007__ST037,7,ST007,장현지구,37,ST037,군자동행정복지센터,8390.0,8.39,2.570190493668074,0.347173938,0.347173938,0.0,0.0,PRELIMINARY_POINT_BUFFER_PROXY,2.554708776,PRELIMINARY_90M,0.7000417188151856,0.389076219238847,0.389076219238847,0.347173938,0.425784796,0.4655191680135082,CANDIDATE_GRAPH
1153,ST029__ST048,29,ST029,관곡공원,48,ST048,정왕평생학습관 사거리,9073.0,9.073,2.814486899879952,0.098607989,0.098607989,0.0,0.0,PRELIMINARY_POINT_BUFFER_PROXY,3.910368585,PRELIMINARY_90M,0.7570296203587819,0.35530454948738743,0.35530454948738743,0.098607989,0.6517280975,0.4656675640865423,CANDIDATE_GRAPH
1189,ST031__ST035,31,ST031,마전저수지,35,ST035,산들공원,5677.0,5.677,2.1062720508959734,0.183933821,0.183933821,0.0,0.0,PRELIMINARY_POINT_BUFFER_PROXY,4.387855812,PRELIMINARY_90M,0.47367542761785564,0.4747724775508541,0.4747724775508541,0.183933821,0.731309302,0.46592275704217745,CANDIDATE_GRAPH
578,ST012__ST051,12,ST012,신천역,51,ST051,연성중학교,8767.0,8.767,2.288310361761418,0.290131604,0.279935171,0.019678799,0.0,PRELIMINARY_POINT_BUFFER_PROXY,2.434629231,PRELIMINARY_90M,0.7314977054651648,0.43700365855541284,0.43700365855541284,0.290131604,0.40577153850000003,0.4661011266301444,CANDIDATE_GRAPH
373,ST008__ST024,8,ST008,시흥능곡역,24,ST024,목감고등학교,7693.0,7.693,1.9795588103840667,0.07423355,0.07423355,0.0,0.0,PRELIMINARY_POINT_BUFFER_PROXY,3.860852365,PRELIMINARY_90M,0.6418856904463913,0.5051630670199607,0.5051630670199607,0.07423355,0.6434753941666667,0.4661894254082547,CANDIDATE_GRAPH
1148,ST029__ST043,29,ST029,관곡공원,43,ST043,시흥종합버스터미널,9732.0,9.732,2.794266024956174,0.077907684,0.077907684,0.0,0.0,PRELIMINARY_POINT_BUFFER_PROXY,3.709272843,PRELIMINARY_90M,0.8120150187734668,0.3578757323278424,0.3578757323278424,0.077907684,0.6182121405,0.46650264390032725,CANDIDATE_GRAPH
280,ST006__ST026,6,ST006,시흥시청 본청,26,ST026,은계파크자이,8185.0,8.185,2.072721435633473,0.272237775,0.215585507,0.056652267,0.0,PRELIMINARY_POINT_BUFFER_PROXY,2.570916267,PRELIMINARY_90M,0.6829370045890697,0.4824574990195806,0.4824574990195806,0.272237775,0.4284860445,0.4665295807771626,CANDIDATE_GRAPH
156,ST003__ST052,3,ST003,배곧한울공원,52,ST052,가온그린공원,11347.0,11.347,2.4015030239723623,0.209697768,0.209697768,0.0,0.0,PRELIMINARY_POINT_BUFFER_PROXY,1.765352499,PRELIMINARY_90M,0.9467667918231122,0.4164058883198427,0.4164058883198427,0.209697768,0.2942254165,0.46677396616073874,CANDIDATE_GRAPH
741,ST016__ST052,16,ST016,물왕호수,52,ST052,가온그린공원,5226.0,5.226,1.988461442932294,0.16416577,0.16416577,0.0,0.0,PRELIMINARY_POINT_BUFFER_PROXY,4.587167154,PRELIMINARY_90M,0.4360450563204005,0.5029013781254643,0.5029013781254643,0.16416577,0.7645278590000001,0.4669100158614663,CANDIDATE_GRAPH
840,ST019__ST040,19,ST019,시화병원,40,ST040,갯골생태공원,6979.0,6.979,2.7459329450731076,0.210195538,0.210195538,0.0,0.0,PRELIMINARY_POINT_BUFFER_PROXY,4.266869863,PRELIMINARY_90M,0.582311222361285,0.364174952558201,0.364174952558201,0.210195538,0.7111449771666667,0.46695667252153816,CANDIDATE_GRAPH
619,ST013__ST050,13,ST013,삼미시장,50,ST050,시흥한라3차아파트,11821.0,11.821,3.400846083864691,0.244205597,0.244205597,0.0,0.0,PRELIMINARY_POINT_BUFFER_PROXY,2.063702365,PRELIMINARY_90M,0.9863162286191072,0.2940444746219179,0.2940444746219179,0.244205597,0.3439503941666667,0.4671291736019229,CANDIDATE_GRAPH
993,ST024__ST028,24,ST024,목감고등학교,28,ST028,매화산업단지,7811.0,7.811,2.7351304155275447,0.323695592,0.319573933,0.070790226,0.0,PRELIMINARY_POINT_BUFFER_PROXY,3.168264669,PRELIMINARY_90M,0.6517313308302044,0.3656132791046904,0.3656132791046904,0.323695592,0.5280441115,0.4672710783587237,CANDIDATE_GRAPH
1082,ST027__ST030,27,ST027,은행동행정복지센터,30,ST030,장곡도서관,10246.0,10.246,2.2275739708934226,0.250512017,0.250512017,0.0,0.0,PRELIMINARY_POINT_BUFFER_PROXY,1.889500259,PRELIMINARY_90M,0.8549019607843137,0.4489188745543322,0.4489188745543322,0.250512017,0.31491670983333336,0.4673123905429948,CANDIDATE_GRAPH
411,ST009__ST016,9,ST009,능곡중앙공원,16,ST016,물왕호수,4339.0,4.339,1.9124735141481584,0.245312237,0.245312237,0.134901491,0.0,PRELIMINARY_POINT_BUFFER_PROXY,4.439840082,PRELIMINARY_90M,0.36203587818105964,0.5228830583023334,0.5228830583023334,0.245312237,0.739973347,0.46755113012084826,CANDIDATE_GRAPH
390,ST008__ST041,8,ST008,시흥능곡역,41,ST041,연꽃테마파크,5243.0,5.243,1.856989325542413,0.211669005,0.159007329,0.105780532,0.0,PRELIMINARY_POINT_BUFFER_PROXY,4.097986625,PRELIMINARY_90M,0.4374634960367126,0.5385060572213614,0.5385060572213614,0.211669005,0.6829977708333334,0.4676590822728518,CANDIDATE_GRAPH
1007,ST024__ST042,24,ST024,목감고등학교,42,ST042,시흥시청역,6281.0,6.281,2.1271874680066416,0.088684673,0.088684673,0.0,0.0,PRELIMINARY_POINT_BUFFER_PROXY,4.732925624,PRELIMINARY_90M,0.5240717563621193,0.47010431146300724,0.47010431146300724,0.088684673,0.7888209373333334,0.46792041953961494,CANDIDATE_GRAPH
875,ST020__ST040,20,ST020,시화공업단지[왼쪽부근],40,ST040,갯골생태공원,8138.0,8.138,2.782118021093496,0.193860177,0.193860177,0.0,0.0,PRELIMINARY_POINT_BUFFER_PROXY,3.838501385,PRELIMINARY_90M,0.6790154359616187,0.3594383819874599,0.3594383819874599,0.193860177,0.6397502308333333,0.46801605644560296,CANDIDATE_GRAPH
1170,ST030__ST040,30,ST030,장곡도서관,40,ST040,갯골생태공원,1629.0,1.629,2.0,0.602351411,0.602351411,0.0,0.0,PRELIMINARY_POINT_BUFFER_PROXY,3.804091528,PRELIMINARY_90M,0.13591989987484354,0.5,0.5,0.602351411,0.6340152546666666,0.46807164138537755,CANDIDATE_GRAPH
513,ST011__ST029,11,ST011,배곧생명공원,29,ST029,관곡공원,9925.0,9.925,2.7163115231162704,0.145334135,0.145334135,0.0,0.0,PRELIMINARY_POINT_BUFFER_PROXY,3.187994299,PRELIMINARY_90M,0.8281184814351272,0.36814628642180064,0.36814628642180064,0.145334135,0.5313323831666666,0.4682328215058986,CANDIDATE_GRAPH
729,ST016__ST040,16,ST016,물왕호수,40,ST040,갯골생태공원,6083.0,6.083,1.8904544428003949,0.141137784,0.141137784,0.0,0.0,PRELIMINARY_POINT_BUFFER_PROXY,4.174224503,PRELIMINARY_90M,0.5075511055486024,0.5289733396159845,0.5289733396159845,0.141137784,0.6957040838333333,0.4683415782494801,CANDIDATE_GRAPH
565,ST012__ST038,12,ST012,신천역,38,ST038,능곡도서관,10528.0,10.528,2.3728396337552122,0.220045017,0.213514366,0.00876398,0.0,PRELIMINARY_POINT_BUFFER_PROXY,2.12272917,PRELIMINARY_90M,0.8784313725490196,0.42143598150264305,0.42143598150264305,0.220045017,0.35378819499999997,0.4684251415129156,CANDIDATE_GRAPH
443,ST009__ST048,9,ST009,능곡중앙공원,48,ST048,정왕평생학습관 사거리,10150.0,10.15,3.379835703661929,0.394095672,0.394095672,0.032414758,0.0,PRELIMINARY_POINT_BUFFER_PROXY,2.0216349,PRELIMINARY_90M,0.8468919482686692,0.2958723700434717,0.2958723700434717,0.394095672,0.33693915,0.46844978507803525,CANDIDATE_GRAPH
269,ST006__ST015,6,ST006,시흥시청 본청,15,ST015,목감택지개발예정지구,6311.0,6.311,2.0188725378469625,0.137175008,0.137175008,0.0,0.0,PRELIMINARY_POINT_BUFFER_PROXY,4.29974913,PRELIMINARY_90M,0.5265748852732582,0.4953259709334871,0.4953259709334871,0.137175008,0.7166248550000001,0.46892517980168635,CANDIDATE_GRAPH
1190,ST031__ST036,31,ST031,마전저수지,36,ST036,시흥시립군자도서관,9630.0,9.63,2.7381513895949263,0.227496296,0.227496296,0.0,0.0,PRELIMINARY_POINT_BUFFER_PROXY,2.877773443,PRELIMINARY_90M,0.8035043804755945,0.3652099017607412,0.3652099017607412,0.227496296,0.4796289071666667,0.46895987135075057,CANDIDATE_GRAPH
337,ST007__ST035,7,ST007,장현지구,35,ST035,산들공원,4967.0,4.967,1.7820285875158806,0.303154316,0.303154316,0.0,0.0,PRELIMINARY_POINT_BUFFER_PROXY,3.583766475,PRELIMINARY_90M,0.41443471005423443,0.5611582255220631,0.5611582255220631,0.303154316,0.5972944125,0.46901041601907445,CANDIDATE_GRAPH
266,ST006__ST012,6,ST006,시흥시청 본청,12,ST012,신천역,8139.0,8.139,2.0551620969642515,0.276145236,0.219171283,0.056973953,0.0,PRELIMINARY_POINT_BUFFER_PROXY,2.606587388,PRELIMINARY_90M,0.67909887359199,0.48657962380540853,0.48657962380540853,0.276145236,0.43443123133333333,0.469063741182683,CANDIDATE_GRAPH
592,ST013__ST023,13,ST013,삼미시장,23,ST023,오이도역,11783.0,11.783,3.3102733501963364,0.253473877,0.253473877,0.0,0.0,PRELIMINARY_POINT_BUFFER_PROXY,2.025275514,PRELIMINARY_90M,0.983145598664998,0.30208985609623107,0.30208985609623107,0.253473877,0.337545919,0.4690638126903073,CANDIDATE_GRAPH
607,ST013__ST038,13,ST013,삼미시장,38,ST038,능곡도서관,10669.0,10.669,2.4106621132158583,0.223015161,0.216569654,0.008649719,0.0,PRELIMINARY_POINT_BUFFER_PROXY,2.089859033,PRELIMINARY_90M,0.8901960784313725,0.4148237924003316,0.4148237924003316,0.223015161,0.3483098388333334,0.4690862176662594,CANDIDATE_GRAPH
1369,ST040__ST044,40,ST040,갯골생태공원,44,ST044,경기과학기술대학교,7776.0,7.776,2.85585812190269,0.169872357,0.169872357,0.0,0.0,PRELIMINARY_POINT_BUFFER_PROXY,4.250139429,PRELIMINARY_90M,0.6488110137672091,0.35015745086585703,0.35015745086585703,0.169872357,0.7083565715,0.4692993482832665,CANDIDATE_GRAPH
134,ST003__ST030,3,ST003,배곧한울공원,30,ST030,장곡도서관,11580.0,11.58,2.378062343333929,0.235274656,0.235274656,0.0,0.0,PRELIMINARY_POINT_BUFFER_PROXY,1.532008208,PRELIMINARY_90M,0.9662077596996246,0.42051042219441903,0.42051042219441903,0.235274656,0.2553347013333333,0.46933188480684424,CANDIDATE_GRAPH
242,ST005__ST037,5,ST005,배곧중·고등학교,37,ST037,군자동행정복지센터,7617.0,7.617,1.7551334745706244,0.360088489,0.360088489,0.0,0.0,PRELIMINARY_POINT_BUFFER_PROXY,1.88490725,PRELIMINARY_90M,0.6355444305381727,0.5697572375483522,0.5697572375483522,0.360088489,0.3141512083333333,0.4698853413549645,CANDIDATE_GRAPH
1356,ST039__ST046,39,ST039,능곡힐스테이트,46,ST046,배곧1동행정복지센터,10907.0,10.907,2.374259605100675,0.283680888,0.269546089,0.050511524,0.0,PRELIMINARY_POINT_BUFFER_PROXY,1.592643065,PRELIMINARY_90M,0.9100542344597413,0.42118393365732953,0.42118393365732953,0.283680888,0.26544051083333337,0.4700898917376011,CANDIDATE_GRAPH
1197,ST031__ST043,31,ST031,마전저수지,43,ST043,시흥종합버스터미널,6795.0,6.795,2.8763540393780764,0.111562897,0.111562897,0.0,0.0,PRELIMINARY_POINT_BUFFER_PROXY,5.129575649,PRELIMINARY_90M,0.5669586983729662,0.3476623483443712,0.3476623483443712,0.111562897,0.8549292748333334,0.47027830463766773,CANDIDATE_GRAPH
66,ST002__ST014,2,ST002,월곶포구,14,ST014,시흥대야역,9776.0,9.776,3.0588362192751695,0.2786786,0.226479007,0.128292153,0.0,PRELIMINARY_POINT_BUFFER_PROXY,2.761333555,PRELIMINARY_90M,0.8156862745098039,0.3269217206526222,0.3269217206526222,0.2786786,0.4602222591666667,0.47037721358227325,CANDIDATE_GRAPH
728,ST016__ST039,16,ST016,물왕호수,39,ST039,능곡힐스테이트,4090.0,4.09,2.0,0.250178222,0.175234323,0.080696429,0.0,PRELIMINARY_POINT_BUFFER_PROXY,4.74147672,PRELIMINARY_90M,0.3412599082186066,0.5,0.5,0.250178222,0.7902461199999999,0.4704210625546516,CANDIDATE_GRAPH
96,ST002__ST044,2,ST002,월곶포구,44,ST044,경기과학기술대학교,9064.0,9.064,2.57415179912506,0.229400406,0.229400406,0.0,0.0,PRELIMINARY_POINT_BUFFER_PROXY,3.049817901,PRELIMINARY_90M,0.7562786816854401,0.38847747842217173,0.38847747842217173,0.229400406,0.5083029835,0.47061488740190294,CANDIDATE_GRAPH
864,ST020__ST029,20,ST020,시화공업단지[왼쪽부근],29,ST029,관곡공원,10424.0,10.424,2.840038246298897,0.118573536,0.118573536,0.0,0.0,PRELIMINARY_POINT_BUFFER_PROXY,3.256444901,PRELIMINARY_90M,0.8697538589904047,0.35210793421644504,0.35210793421644504,0.118573536,0.5427408168333333,0.4707940365100457,CANDIDATE_GRAPH
524,ST011__ST040,11,ST011,배곧생명공원,40,ST040,갯골생태공원,7639.0,7.639,2.6175084770048334,0.233609627,0.233609627,0.0,0.0,PRELIMINARY_POINT_BUFFER_PROXY,3.781989937,PRELIMINARY_90M,0.6373800584063413,0.38204269777352606,0.38204269777352606,0.233609627,0.6303316561666666,0.47084100983663346,CANDIDATE_GRAPH
1239,ST033__ST040,33,ST033,타원산업단지,40,ST040,갯골생태공원,9736.0,9.736,2.7182707914052595,0.144941078,0.144941078,0.0,0.0,PRELIMINARY_POINT_BUFFER_PROXY,3.367233468,PRELIMINARY_90M,0.812348769294952,0.36788093488030743,0.36788093488030743,0.144941078,0.5612055779999999,0.4715940900438148,CANDIDATE_GRAPH
278,ST006__ST024,6,ST006,시흥시청 본청,24,ST024,목감고등학교,7071.0,7.071,2.1103035645045516,0.118010471,0.118010471,0.0,0.0,PRELIMINARY_POINT_BUFFER_PROXY,4.228565002,PRELIMINARY_90M,0.5899874843554443,0.4738654745317534,0.4738654745317534,0.118010471,0.7047608336666666,0.4716560658884661,CANDIDATE_GRAPH
664,ST014__ST054,14,ST014,시흥대야역,54,ST054,시흥 프리미엄 아울렛,10085.0,10.085,3.128896964004259,0.240306149,0.185260788,0.125047292,0.0,PRELIMINARY_POINT_BUFFER_PROXY,2.91185417,PRELIMINARY_90M,0.8414685022945348,0.3196014478917941,0.3196014478917941,0.240306149,0.4853090283333333,0.4716712818799156,CANDIDATE_GRAPH
441,ST009__ST046,9,ST009,능곡중앙공원,46,ST046,배곧1동행정복지센터,10940.0,10.94,2.3731400637119227,0.284122724,0.255525034,0.051650852,0.0,PRELIMINARY_POINT_BUFFER_PROXY,1.610873325,PRELIMINARY_90M,0.9128076762619941,0.42138262940783205,0.42138262940783205,0.284122724,0.2684788875,0.4716979792924565,CANDIDATE_GRAPH
566,ST012__ST039,12,ST012,신천역,39,ST039,능곡힐스테이트,10626.0,10.626,2.369448751930395,0.225387105,0.199255214,0.026131891,0.0,PRELIMINARY_POINT_BUFFER_PROXY,2.117461439,PRELIMINARY_90M,0.8866082603254067,0.42203909208219753,0.42203909208219753,0.225387105,0.3529102398333333,0.4717361743102344,CANDIDATE_GRAPH
544,ST012__ST017,12,ST012,신천역,17,ST017,장곡동,10527.0,10.527,2.351442584163786,0.245754547,0.245754547,0.0,0.0,PRELIMINARY_POINT_BUFFER_PROXY,2.028121111,PRELIMINARY_90M,0.8783479349186483,0.42527085574390816,0.42527085574390816,0.245754547,0.33802018516666665,0.4718483807073058,CANDIDATE_GRAPH
586,ST013__ST017,13,ST013,삼미시장,17,ST017,장곡동,10668.0,10.668,2.3895441602496903,0.248389511,0.248389511,0.0,0.0,PRELIMINARY_POINT_BUFFER_PROXY,1.991466494,PRELIMINARY_90M,0.8901126408010013,0.4184898595452227,0.4184898595452227,0.248389511,0.33191108233333333,0.47222577341988936,CANDIDATE_GRAPH
754,ST017__ST027,17,ST017,장곡동,27,ST027,은행동행정복지센터,8041.0,8.041,2.0018165708542117,0.367749391,0.310051367,0.057698024,0.0,PRELIMINARY_POINT_BUFFER_PROXY,2.105160326,PRELIMINARY_90M,0.6709219858156028,0.49954626940333585,0.49954626940333585,0.367749391,0.35086005433333334,0.472269425138068,CANDIDATE_GRAPH
608,ST013__ST039,13,ST013,삼미시장,39,ST039,능곡힐스테이트,10767.0,10.767,2.406975501946521,0.228261563,0.202467309,0.025794253,0.0,PRELIMINARY_POINT_BUFFER_PROXY,2.084815761,PRELIMINARY_90M,0.8983729662077597,0.41545915161633346,0.41545915161633346,0.228261563,0.34746929350000005,0.47239074358102334,CANDIDATE_GRAPH
366,ST008__ST017,8,ST008,시흥능곡역,17,ST017,장곡동,2645.0,2.645,1.8829314447256988,0.383443263,0.383443263,0.0,0.0,PRELIMINARY_POINT_BUFFER_PROXY,4.5324066,PRELIMINARY_90M,0.22069253233208178,0.5310867810939753,0.5310867810939753,0.383443263,0.7554010999999999,0.4726559191065143,CANDIDATE_GRAPH
800,ST018__ST036,18,ST018,정왕역,36,ST036,시흥시립군자도서관,5480.0,5.48,1.5988970337156216,0.386797179,0.386797179,0.0,0.0,PRELIMINARY_POINT_BUFFER_PROXY,2.534814979,PRELIMINARY_90M,0.4572382144347101,0.625431143415242,0.625431143415242,0.386797179,0.42246916316666666,0.47298392500415465,CANDIDATE_GRAPH
558,ST012__ST031,12,ST012,신천역,31,ST031,마전저수지,10814.0,10.814,2.5045720982067676,0.167862657,0.167862657,0.0,0.0,PRELIMINARY_POINT_BUFFER_PROXY,2.541731055,PRELIMINARY_90M,0.9022945348352107,0.39926979970589926,0.39926979970589926,0.167862657,0.4236218425,0.47326220851027745,CANDIDATE_GRAPH
1187,ST031__ST033,31,ST031,마전저수지,33,ST033,타원산업단지,9117.0,9.117,2.8349961827832684,0.098823044,0.098823044,0.0,0.0,PRELIMINARY_POINT_BUFFER_PROXY,4.086810319,PRELIMINARY_90M,0.7607008760951189,0.3527341610097853,0.3527341610097853,0.098823044,0.6811350531666666,0.4733482835678927,CANDIDATE_GRAPH
579,ST012__ST052,12,ST012,신천역,52,ST052,가온그린공원,10570.0,10.57,2.322667703383439,0.252965486,0.252965486,0.0,0.0,PRELIMINARY_POINT_BUFFER_PROXY,1.970080173,PRELIMINARY_90M,0.8819357530246141,0.4305394174738367,0.4305394174738367,0.252965486,0.3283466955,0.47344683799961274,CANDIDATE_GRAPH
1047,ST025__ST052,25,ST025,목감동행정복지센터,52,ST052,가온그린공원,7345.0,7.345,2.1523239745186866,0.150372603,0.145795802,0.033594487,0.0,PRELIMINARY_POINT_BUFFER_PROXY,4.001952969,PRELIMINARY_90M,0.6128493950771798,0.4646140691824171,0.4646140691824171,0.150372603,0.6669921615000001,0.47370705718989925,CANDIDATE_GRAPH
1323,ST037__ST046,37,ST037,군자동행정복지센터,46,ST046,배곧1동행정복지센터,7569.0,7.569,1.6557060363995468,0.346308864,0.346308864,0.0,0.0,PRELIMINARY_POINT_BUFFER_PROXY,1.879730058,PRELIMINARY_90M,0.6315394242803505,0.6039719479277691,0.6039719479277691,0.346308864,0.313288343,0.4737771448020299,CANDIDATE_GRAPH
293,ST006__ST039,6,ST006,시흥시청 본청,39,ST039,능곡힐스테이트,2245.0,2.245,1.4839630692760302,0.123748548,0.0,0.123748548,0.0,PRELIMINARY_POINT_BUFFER_PROXY,5.463392543,PRELIMINARY_90M,0.18731748018356278,0.6738712173530453,0.6738712173530453,0.123748548,0.9105654238333334,0.4738756673424854,CANDIDATE_GRAPH
621,ST013__ST052,13,ST013,삼미시장,52,ST052,가온그린공원,10711.0,10.711,2.3610115699713874,0.255497662,0.255497662,0.0,0.0,PRELIMINARY_POINT_BUFFER_PROXY,1.938174021,PRELIMINARY_90M,0.893700458906967,0.42354726792470515,0.42354726792470515,0.255497662,0.3230290035,0.4739435980829181,CANDIDATE_GRAPH
600,ST013__ST031,13,ST013,삼미시장,31,ST031,마전저수지,10955.0,10.955,2.539738308283579,0.171418211,0.171418211,0.0,0.0,PRELIMINARY_POINT_BUFFER_PROXY,2.50208746,PRELIMINARY_90M,0.9140592407175636,0.39374135387823717,0.39374135387823717,0.171418211,0.41701457666666664,0.4740583455656169,CANDIDATE_GRAPH
401,ST008__ST052,8,ST008,시흥능곡역,52,ST052,가온그린공원,2055.0,2.055,2.0,0.328329708,0.328329708,0.0,0.0,PRELIMINARY_POINT_BUFFER_PROXY,5.381209551,PRELIMINARY_90M,0.17146433041301626,0.5,0.5,0.328329708,0.8968682585000001,0.47416557422825406,CANDIDATE_GRAPH
419,ST009__ST024,9,ST009,능곡중앙공원,24,ST024,목감고등학교,6788.0,6.788,2.1061863448320617,0.240880001,0.240880001,0.086193074,0.0,PRELIMINARY_POINT_BUFFER_PROXY,3.692084153,PRELIMINARY_90M,0.5663746349603671,0.47479179724704546,0.47479179724704546,0.240880001,0.6153473588333334,0.4743484480101865,CANDIDATE_GRAPH
994,ST024__ST029,24,ST024,목감고등학교,29,ST029,관곡공원,7813.0,7.813,2.2813845626388716,0.071294065,0.071294065,0.0,0.0,PRELIMINARY_POINT_BUFFER_PROXY,4.420422919,PRELIMINARY_90M,0.6518982060909471,0.4383303088731795,0.4383303088731795,0.071294065,0.7367371531666667,0.47456493328269833,CANDIDATE_GRAPH
719,ST016__ST030,16,ST016,물왕호수,30,ST030,장곡도서관,5746.0,5.746,1.9895049166095151,0.196052924,0.196052924,0.0,0.0,PRELIMINARY_POINT_BUFFER_PROXY,4.322394635,PRELIMINARY_90M,0.4794326241134752,0.5026376118256521,0.5026376118256521,0.196052924,0.7203991058333333,0.4746305664431152,CANDIDATE_GRAPH
349,ST007__ST047,7,ST007,장현지구,47,ST047,배곧2동행정복지센터,11603.0,11.603,2.27747518651546,0.232817919,0.232817919,0.0,0.0,PRELIMINARY_POINT_BUFFER_PROXY,1.557348238,PRELIMINARY_90M,0.9681268251981644,0.4390827201634637,0.4390827201634637,0.232817919,0.2595580396666667,0.4748963760070737,CANDIDATE_GRAPH
1164,ST030__ST034,30,ST030,장곡도서관,34,ST034,군자디지털과학고등학교,5196.0,5.196,1.8669374221592223,0.312566858,0.312566858,0.0,0.0,PRELIMINARY_POINT_BUFFER_PROXY,3.70960645,PRELIMINARY_90M,0.43354192740926156,0.5356365929198856,0.5356365929198856,0.312566858,0.6182677416666666,0.4750032799989535,CANDIDATE_GRAPH
688,ST015__ST038,15,ST015,목감택지개발예정지구,38,ST038,능곡도서관,7216.0,7.216,2.1624082596758836,0.186713321,0.17718156,0.012791398,0.0,PRELIMINARY_POINT_BUFFER_PROXY,3.897964235,PRELIMINARY_90M,0.6020859407592825,0.46244736419471816,0.46244736419471816,0.186713321,0.6496607058333334,0.47522683294683354,CANDIDATE_GRAPH
481,ST010__ST041,10,ST010,은계호수공원,41,ST041,연꽃테마파크,9270.0,9.27,2.089724460388432,0.235276141,0.205480763,0.059849421,0.0,PRELIMINARY_POINT_BUFFER_PROXY,2.506177263,PRELIMINARY_90M,0.7734668335419274,0.4785319878076762,0.4785319878076762,0.235276141,0.4176962105,0.4762427932124009,CANDIDATE_GRAPH
256,ST005__ST051,5,ST005,배곧중·고등학교,51,ST051,연성중학교,11788.0,11.788,2.7106754677536853,0.155536821,0.147954117,0.014634384,0.0,PRELIMINARY_POINT_BUFFER_PROXY,2.38444986,PRELIMINARY_90M,0.9835627868168544,0.3689117387514824,0.3689117387514824,0.155536821,0.39740831000000004,0.47635491414208425,CANDIDATE_GRAPH
1199,ST031__ST045,31,ST031,마전저수지,45,ST045,시흥중앙도서관,6323.0,6.323,2.9253384842551386,0.119919247,0.119919247,0.0,0.0,PRELIMINARY_POINT_BUFFER_PROXY,5.501088401,PRELIMINARY_90M,0.5275761368377138,0.34184078368443027,0.34184078368443027,0.119919247,0.9168480668333333,0.47654605858886934,CANDIDATE_GRAPH
1333,ST038__ST039,38,ST038,능곡도서관,39,ST039,능곡힐스테이트,1349.0,1.349,2.0,0.986190072,0.721601283,0.558223763,0.0,PRELIMINARY_POINT_BUFFER_PROXY,1.845403458,PRELIMINARY_90M,0.11255736337088026,0.5,0.5,0.986190072,0.307567243,0.47657866959272005,CANDIDATE_GRAPH
836,ST019__ST036,19,ST019,시화병원,36,ST036,시흥시립군자도서관,6112.0,6.112,1.770975275019778,0.45030587,0.45030587,0.0,0.0,PRELIMINARY_POINT_BUFFER_PROXY,2.293476522,PRELIMINARY_90M,0.5099707968293701,0.5646606218084169,0.5646606218084169,0.45030587,0.382246087,0.47679584390944674,CANDIDATE_GRAPH
1065,ST026__ST041,26,ST026,은계파크자이,41,ST041,연꽃테마파크,9366.0,9.366,2.0139460598089474,0.222913602,0.193421536,0.059240165,0.0,PRELIMINARY_POINT_BUFFER_PROXY,2.43890326,PRELIMINARY_90M,0.781476846057572,0.4965376282693812,0.4965376282693812,0.222913602,0.4064838766666667,0.47685298824840494,CANDIDATE_GRAPH
650,ST014__ST040,14,ST014,시흥대야역,40,ST040,갯골생태공원,11018.0,11.018,2.227076316300076,0.137706878,0.116319751,0.021387128,0.0,PRELIMINARY_POINT_BUFFER_PROXY,2.417277935,PRELIMINARY_90M,0.9193158114309553,0.4490191883775841,0.4490191883775841,0.137706878,0.40287965583333335,0.4772303834104682,CANDIDATE_GRAPH
753,ST017__ST026,17,ST017,장곡동,26,ST026,은계파크자이,8212.0,8.212,1.9809502394753047,0.384384831,0.32788857,0.056496261,0.0,PRELIMINARY_POINT_BUFFER_PROXY,2.011675991,PRELIMINARY_90M,0.6851898206090947,0.5048082380226121,0.5048082380226121,0.384384831,0.33527933183333336,0.47741555536626,CANDIDATE_GRAPH
1345,ST038__ST051,38,ST038,능곡도서관,51,ST051,연성중학교,3270.0,3.27,1.9967836320421606,0.483304122,0.483304122,0.121430099,0.0,PRELIMINARY_POINT_BUFFER_PROXY,3.925263713,PRELIMINARY_90M,0.27284105131414266,0.5008053872002521,0.5008053872002521,0.483304122,0.6542106188333333,0.47779029483693203,CANDIDATE_GRAPH
1186,ST031__ST032,31,ST031,마전저수지,32,ST032,희망공원,9257.0,9.257,2.7121760397838504,0.097324098,0.097324098,0.0,0.0,PRELIMINARY_POINT_BUFFER_PROXY,4.045858042,PRELIMINARY_90M,0.7723821443471005,0.36870763008425367,0.36870763008425367,0.097324098,0.6743096736666666,0.4781808865245052,CANDIDATE_GRAPH
1384,ST041__ST045,41,ST041,연꽃테마파크,45,ST045,시흥중앙도서관,9963.0,9.963,2.7305625680834593,0.0761019,0.0761019,0.0,0.0,PRELIMINARY_POINT_BUFFER_PROXY,3.84934731,PRELIMINARY_90M,0.8312891113892366,0.36622489874014674,0.36622489874014674,0.0761019,0.641557885,0.47879344878234587,CANDIDATE_GRAPH
763,ST017__ST036,17,ST017,장곡동,36,ST036,시흥시립군자도서관,5061.0,5.061,1.9616842116374067,0.29462359,0.29462359,0.0,0.0,PRELIMINARY_POINT_BUFFER_PROXY,4.135337569,PRELIMINARY_90M,0.4222778473091364,0.5097660439267673,0.5097660439267673,0.29462359,0.6892229281666666,0.4789726023506426,CANDIDATE_GRAPH
726,ST016__ST037,16,ST016,물왕호수,37,ST037,군자동행정복지센터,8423.0,8.423,2.7086537373101662,0.210058427,0.210058427,0.0,0.0,PRELIMINARY_POINT_BUFFER_PROXY,3.808674234,PRELIMINARY_90M,0.7027951606174385,0.3691870932875503,0.3691870932875503,0.210058427,0.634779039,0.4792049299762472,CANDIDATE_GRAPH
678,ST015__ST028,15,ST015,목감택지개발예정지구,28,ST028,매화산업단지,8580.0,8.58,2.740609436528789,0.333729237,0.32605623,0.097512107,0.0,PRELIMINARY_POINT_BUFFER_PROXY,3.018923639,PRELIMINARY_90M,0.7158948685857321,0.36488234575539646,0.36488234575539646,0.333729237,0.5031539398333333,0.4794150977936155,CANDIDATE_GRAPH
1387,ST041__ST048,41,ST041,연꽃테마파크,48,ST048,정왕평생학습관 사거리,9776.0,9.776,2.720411057587995,0.09150236,0.09150236,0.0,0.0,PRELIMINARY_POINT_BUFFER_PROXY,3.868236792,PRELIMINARY_90M,0.8156862745098039,0.36759150688301956,0.36759150688301956,0.09150236,0.6447061319999999,0.4798715683482059,CANDIDATE_GRAPH
806,ST018__ST042,18,ST018,정왕역,42,ST042,시흥시청역,8220.0,8.22,2.5343117151145504,0.167767218,0.167767218,0.0,0.0,PRELIMINARY_POINT_BUFFER_PROXY,4.032822649,PRELIMINARY_90M,0.685857321652065,0.39458445227397776,0.39458445227397776,0.167767218,0.6721371081666666,0.4800865250231774,CANDIDATE_GRAPH
1372,ST040__ST047,40,ST040,갯골생태공원,47,ST047,배곧2동행정복지센터,8159.0,8.159,2.914434196056233,0.251059462,0.251059462,0.0,0.0,PRELIMINARY_POINT_BUFFER_PROXY,3.874202549,PRELIMINARY_90M,0.6807676261994159,0.34311977307745856,0.34311977307745856,0.251059462,0.6457004248333333,0.48016182152755194,CANDIDATE_GRAPH
1188,ST031__ST034,31,ST031,마전저수지,34,ST034,군자디지털과학고등학교,6030.0,6.03,2.057977037537833,0.231421206,0.231421206,0.0,0.0,PRELIMINARY_POINT_BUFFER_PROXY,4.228768339,PRELIMINARY_90M,0.5031289111389237,0.48591407083744803,0.48591407083744803,0.231421206,0.7047947231666667,0.4813147277857596,CANDIDATE_GRAPH
1204,ST031__ST050,31,ST031,마전저수지,50,ST050,시흥한라3차아파트,7208.0,7.208,2.863483388042664,0.181680854,0.181680854,0.0,0.0,PRELIMINARY_POINT_BUFFER_PROXY,4.764043829,PRELIMINARY_90M,0.601418439716312,0.34922500482307695,0.34922500482307695,0.181680854,0.7940073048333334,0.48158290084318056,CANDIDATE_GRAPH
1382,ST041__ST043,41,ST041,연꽃테마파크,43,ST043,시흥종합버스터미널,10435.0,10.435,2.707502732761991,0.072648627,0.072648627,0.0,0.0,PRELIMINARY_POINT_BUFFER_PROXY,3.682610442,PRELIMINARY_90M,0.870671672924489,0.3693440408755839,0.3693440408755839,0.072648627,0.613768407,0.4816081869500182,CANDIDATE_GRAPH
706,ST016__ST017,16,ST016,물왕호수,17,ST017,장곡동,5417.0,5.417,1.9745791872443519,0.212878701,0.212878701,0.0,0.0,PRELIMINARY_POINT_BUFFER_PROXY,4.531672654,PRELIMINARY_90M,0.4519816437213183,0.5064370203332095,0.5064370203332095,0.212878701,0.7552787756666667,0.48164403518029864,CANDIDATE_GRAPH
15,ST001__ST016,1,ST001,월곶역,16,ST016,물왕호수,10422.0,10.422,2.114969521905537,0.085103461,0.085103461,0.0,0.0,PRELIMINARY_POINT_BUFFER_PROXY,2.998850572,PRELIMINARY_90M,0.869586983729662,0.4728200523187795,0.4728200523187795,0.085103461,0.49980842866666664,0.48182973142877705,CANDIDATE_GRAPH
422,ST009__ST027,9,ST009,능곡중앙공원,27,ST027,은행동행정복지센터,9105.0,9.105,2.1150789574271274,0.294373865,0.20908945,0.112981425,0.0,PRELIMINARY_POINT_BUFFER_PROXY,2.406833091,PRELIMINARY_90M,0.7596996245306633,0.4727955883105389,0.4727955883105389,0.294373865,0.40113884850000003,0.48200198158530055,CANDIDATE_GRAPH
675,ST015__ST025,15,ST015,목감택지개발예정지구,25,ST025,목감동행정복지센터,1937.0,1.937,2.119312197773404,0.821667788,0.821667788,0.018951717,0.0,PRELIMINARY_POINT_BUFFER_PROXY,2.8405487,PRELIMINARY_90M,0.16161869002920318,0.47185119825697314,0.47185119825697314,0.821667788,0.4734247833333333,0.4821406149048774,CANDIDATE_GRAPH
1035,ST025__ST040,25,ST025,목감동행정복지센터,40,ST040,갯골생태공원,8202.0,8.202,2.062584032392724,0.134736463,0.130636588,0.030093759,0.0,PRELIMINARY_POINT_BUFFER_PROXY,3.757341803,PRELIMINARY_90M,0.6843554443053818,0.48482873148200356,0.48482873148200356,0.134736463,0.6262236338333333,0.4825360681551797,CANDIDATE_GRAPH
1004,ST024__ST039,24,ST024,목감고등학교,39,ST039,능곡힐스테이트,6775.0,6.775,2.106389481815986,0.233197987,0.187967838,0.048701916,0.0,PRELIMINARY_POINT_BUFFER_PROXY,3.943263717,PRELIMINARY_90M,0.5652899457655403,0.47474600905140674,0.47474600905140674,0.233197987,0.6572106194999999,0.4826111403292367,CANDIDATE_GRAPH
1202,ST031__ST048,31,ST031,마전저수지,48,ST048,정왕평생학습관 사거리,6136.0,6.136,2.915075802418168,0.145785762,0.145785762,0.0,0.0,PRELIMINARY_POINT_BUFFER_PROXY,5.580934478,PRELIMINARY_90M,0.5119732999582812,0.34304425262988403,0.34304425262988403,0.145785762,0.9301557463333333,0.48273976523037465,CANDIDATE_GRAPH
169,ST004__ST014,4,ST004,배곧중심상가,14,ST014,시흥대야역,11638.0,11.638,3.410207240134275,0.235822411,0.191985149,0.107739858,0.0,PRELIMINARY_POINT_BUFFER_PROXY,2.586665465,PRELIMINARY_90M,0.9710471422611597,0.293237310692187,0.293237310692187,0.235822411,0.4311109108333333,0.48280444369667,CANDIDATE_GRAPH
376,ST008__ST027,8,ST008,시흥능곡역,27,ST027,은행동행정복지센터,8933.0,8.933,1.9781235549054759,0.197632505,0.145725353,0.051907151,0.0,PRELIMINARY_POINT_BUFFER_PROXY,2.905223139,PRELIMINARY_90M,0.7453483521068002,0.5055295952167077,0.5055295952167077,0.197632505,0.4842038565,0.483178577205877,CANDIDATE_GRAPH
976,ST023__ST042,23,ST023,오이도역,42,ST042,시흥시청역,8006.0,8.006,2.2786233454022335,0.187372988,0.187372988,0.0,0.0,PRELIMINARY_POINT_BUFFER_PROXY,3.835488247,PRELIMINARY_90M,0.6680016687526075,0.438861473976286,0.438861473976286,0.187372988,0.6392480411666667,0.48337104297389,CANDIDATE_GRAPH
380,ST008__ST031,8,ST008,시흥능곡역,31,ST031,마전저수지,6115.0,6.115,2.0361220445288395,0.213170314,0.213170314,0.0,0.0,PRELIMINARY_POINT_BUFFER_PROXY,4.326926888,PRELIMINARY_90M,0.510221109720484,0.4911296956324644,0.4911296956324644,0.213170314,0.7211544813333334,0.48391890017157047,CANDIDATE_GRAPH
465,ST010__ST025,10,ST010,은계호수공원,25,ST025,목감동행정복지센터,10313.0,10.313,2.6681422923957845,0.226109508,0.224029999,0.058254689,0.0,PRELIMINARY_POINT_BUFFER_PROXY,2.851874621,PRELIMINARY_90M,0.8604922820191907,0.3747926048959247,0.3747926048959247,0.226109508,0.4753124368333333,0.48417670793711215,CANDIDATE_GRAPH
1217,ST032__ST040,32,ST032,희망공원,40,ST040,갯골생태공원,10482.0,10.482,2.9757066045826694,0.187094488,0.187094488,0.0,0.0,PRELIMINARY_POINT_BUFFER_PROXY,3.240715485,PRELIMINARY_90M,0.87459324155194,0.33605463605181124,0.33605463605181124,0.187094488,0.5401192475,0.4844654032759378,CANDIDATE_GRAPH
306,ST006__ST052,6,ST006,시흥시청 본청,52,ST052,가온그린공원,1779.0,1.779,1.4826262058444766,0.840948525,0.840948525,0.0,0.0,PRELIMINARY_POINT_BUFFER_PROXY,1.647772227,PRELIMINARY_90M,0.14843554443053816,0.6744788376584903,0.6744788376584903,0.840948525,0.2746287045,0.48462290289725707,CANDIDATE_GRAPH
1025,ST025__ST030,25,ST025,목감동행정복지센터,30,ST030,장곡도서관,7865.0,7.865,2.142262429308918,0.174574372,0.170299885,0.03137545,0.0,PRELIMINARY_POINT_BUFFER_PROXY,3.847306972,PRELIMINARY_90M,0.6562369628702545,0.46679621801638677,0.46679621801638677,0.174574372,0.6412178286666667,0.4847063453883269,CANDIDATE_GRAPH
353,ST007__ST051,7,ST007,장현지구,51,ST051,연성중학교,3360.0,3.36,1.9288666578782163,0.553656435,0.527051485,0.051346729,0.0,PRELIMINARY_POINT_BUFFER_PROXY,3.519092434,PRELIMINARY_90M,0.28035043804755944,0.5184391548869509,0.5184391548869509,0.553656435,0.5865154056666667,0.4847403584002943,CANDIDATE_GRAPH
514,ST011__ST030,11,ST011,배곧생명공원,30,ST030,장곡도서관,8522.0,8.522,1.6167517048792093,0.194479382,0.194479382,0.0,0.0,PRELIMINARY_POINT_BUFFER_PROXY,2.494487357,PRELIMINARY_90M,0.7110554860241969,0.6185241660683525,0.6185241660683525,0.194479382,0.41574789283333335,0.48495173173147066,CANDIDATE_GRAPH
1195,ST031__ST041,31,ST031,마전저수지,41,ST041,연꽃테마파크,7679.0,7.679,2.08192263317797,0.264093825,0.243616743,0.070920709,0.0,PRELIMINARY_POINT_BUFFER_PROXY,3.329161958,PRELIMINARY_90M,0.6407175636211931,0.4803252455512916,0.4803252455512916,0.264093825,0.5548603263333333,0.48499924012645446,CANDIDATE_GRAPH
751,ST017__ST024,17,ST017,장곡동,24,ST024,목감고등학교,7967.0,7.967,2.038940641713902,0.184483721,0.184483721,0.0,0.0,PRELIMINARY_POINT_BUFFER_PROXY,3.60318661,PRELIMINARY_90M,0.6647476011681268,0.49045076621721334,0.49045076621721334,0.184483721,0.6005311016666667,0.48505329751300175,CANDIDATE_GRAPH
891,ST021__ST022,21,ST021,오이도 포구 해양관광 단지,22,ST022,오이도박물관,983.0,0.983,1.6751107429937875,0.54496198,0.0,0.54496198,0.0,PRELIMINARY_POINT_BUFFER_PROXY,4.304877321,PRELIMINARY_90M,0.0820191906549854,0.59697545620941,0.59697545620941,0.54496198,0.7174795535,0.48535904509109884,CANDIDATE_GRAPH
1329,ST037__ST052,37,ST037,군자동행정복지센터,52,ST052,가온그린공원,4929.0,4.929,1.8657671765131771,0.32268539,0.32268539,0.0,0.0,PRELIMINARY_POINT_BUFFER_PROXY,4.042820461,PRELIMINARY_90M,0.41126408010012516,0.535972554661853,0.535972554661853,0.32268539,0.6738034101666667,0.4859313587321612,CANDIDATE_GRAPH
336,ST007__ST034,7,ST007,장현지구,34,ST034,군자디지털과학고등학교,5320.0,5.32,1.7415557933434342,0.349152348,0.349152348,0.0,0.0,PRELIMINARY_POINT_BUFFER_PROXY,3.459564988,PRELIMINARY_90M,0.44388819357530246,0.574199232561021,0.574199232561021,0.349152348,0.5765941646666667,0.48595848470074754,CANDIDATE_GRAPH
36,ST001__ST037,1,ST001,월곶역,37,ST037,군자동행정복지센터,9175.0,9.175,1.8486750899454882,0.250028188,0.250028188,0.0,0.0,PRELIMINARY_POINT_BUFFER_PROXY,2.330406287,PRELIMINARY_90M,0.7655402586566542,0.5409279356003477,0.5409279356003477,0.250028188,0.38840104783333335,0.48622435752258375,CANDIDATE_GRAPH
1280,ST035__ST040,35,ST035,산들공원,40,ST040,갯골생태공원,5984.0,5.984,1.9719072015673569,0.291867828,0.291867828,0.0,0.0,PRELIMINARY_POINT_BUFFER_PROXY,3.883772356,PRELIMINARY_90M,0.49929078014184397,0.5071232557014634,0.5071232557014634,0.291867828,0.6472953926666667,0.4863943141274935,CANDIDATE_GRAPH
556,ST012__ST029,12,ST012,신천역,29,ST029,관곡공원,5571.0,5.571,1.4799014920236022,0.386775582,0.309575788,0.077199794,0.0,PRELIMINARY_POINT_BUFFER_PROXY,2.517723357,PRELIMINARY_90M,0.46483103879849813,0.6757206512661935,0.6757206512661935,0.386775582,0.4196205595,0.48673695789117294,CANDIDATE_GRAPH
317,ST007__ST015,7,ST007,장현지구,15,ST015,목감택지개발예정지구,6924.0,6.924,1.8405394230049963,0.163528348,0.163528348,0.0,0.0,PRELIMINARY_POINT_BUFFER_PROXY,3.976463762,PRELIMINARY_90M,0.5777221526908636,0.5433189789367991,0.5433189789367991,0.163528348,0.6627439603333333,0.486828359990249,CANDIDATE_GRAPH
1120,ST028__ST041,28,ST028,매화산업단지,41,ST041,연꽃테마파크,7951.0,7.951,1.7928862917791397,0.204802032,0.185007852,0.068555532,0.0,PRELIMINARY_POINT_BUFFER_PROXY,3.129992526,PRELIMINARY_90M,0.6634125990821861,0.5577598560406568,0.5577598560406568,0.204802032,0.521665421,0.4869099770307107,CANDIDATE_GRAPH
425,ST009__ST030,9,ST009,능곡중앙공원,30,ST030,장곡도서관,3408.0,3.408,2.053963435245604,0.448659017,0.413718063,0.17184827,0.0,PRELIMINARY_POINT_BUFFER_PROXY,4.366873749,PRELIMINARY_90M,0.28435544430538173,0.48686358424896903,0.48686358424896903,0.448659017,0.7278122914999999,0.4869225842635877,CANDIDATE_GRAPH
692,ST015__ST042,15,ST015,목감택지개발예정지구,42,ST042,시흥시청역,6657.0,6.657,2.1200075035931785,0.131463704,0.131463704,0.0,0.0,PRELIMINARY_POINT_BUFFER_PROXY,4.736486726,PRELIMINARY_90M,0.5554443053817272,0.47169644367065233,0.47169644367065233,0.131463704,0.7894144543333333,0.48700472684642815,CANDIDATE_GRAPH
758,ST017__ST031,17,ST017,장곡동,31,ST031,마전저수지,3293.0,3.293,2.1243923399823124,0.350974211,0.350974211,0.0,0.0,PRELIMINARY_POINT_BUFFER_PROXY,5.110437079,PRELIMINARY_90M,0.27476011681268253,0.4707228420943779,0.4707228420943779,0.350974211,0.8517395131666667,0.4870491707684318,CANDIDATE_GRAPH
421,ST009__ST026,9,ST009,능곡중앙공원,26,ST026,은계파크자이,9276.0,9.276,2.0945292813519925,0.310445008,0.226732291,0.110899302,0.0,PRELIMINARY_POINT_BUFFER_PROXY,2.318711925,PRELIMINARY_90M,0.7739674593241552,0.47743424210069413,0.47743424210069413,0.310445008,0.38645198750000004,0.48707467423121237,CANDIDATE_GRAPH
1318,ST037__ST041,37,ST037,군자동행정복지센터,41,ST041,연꽃테마파크,9274.0,9.274,2.595027395153209,0.3161322,0.299166025,0.058760965,0.0,PRELIMINARY_POINT_BUFFER_PROXY,2.841179654,PRELIMINARY_90M,0.7738005840634126,0.3853523865943468,0.3853523865943468,0.3161322,0.4735299423333333,0.4872037782477731,CANDIDATE_GRAPH
557,ST012__ST030,12,ST012,신천역,30,ST030,장곡도서관,11090.0,11.09,2.30754962573065,0.265325557,0.265325557,0.0,0.0,PRELIMINARY_POINT_BUFFER_PROXY,1.955667813,PRELIMINARY_90M,0.9253233208176888,0.4333601274916744,0.4333601274916744,0.265325557,0.3259446355,0.48748841020234074,CANDIDATE_GRAPH
743,ST016__ST054,16,ST016,물왕호수,54,ST054,시흥 프리미엄 아울렛,9912.0,9.912,2.2094413725506494,0.127027984,0.127027984,0.0,0.0,PRELIMINARY_POINT_BUFFER_PROXY,3.266966244,PRELIMINARY_90M,0.8270337922403004,0.45260309344418953,0.45260309344418953,0.127027984,0.544494374,0.4877898109211225,CANDIDATE_GRAPH
1003,ST024__ST038,24,ST024,목감고등학교,38,ST038,능곡도서관,7850.0,7.85,2.146106578757132,0.134809985,0.126052119,0.011752849,0.0,PRELIMINARY_POINT_BUFFER_PROXY,4.175710595,PRELIMINARY_90M,0.6549853984146851,0.46596008320291665,0.46596008320291665,0.134809985,0.6959517658333333,0.4879268081127337,CANDIDATE_GRAPH
599,ST013__ST030,13,ST013,삼미시장,30,ST030,장곡도서관,11231.0,11.231,2.3443065473351545,0.267587404,0.267587404,0.0,0.0,PRELIMINARY_POINT_BUFFER_PROXY,1.925417323,PRELIMINARY_90M,0.9370880267000418,0.4265653743691203,0.4265653743691203,0.267587404,0.32090288716666665,0.48803592305895716,CANDIDATE_GRAPH
1198,ST031__ST044,31,ST031,마전저수지,44,ST044,경기과학기술대학교,7531.0,7.531,2.9041656223558356,0.175349099,0.175349099,0.0,0.0,PRELIMINARY_POINT_BUFFER_PROXY,4.827117808,PRELIMINARY_90M,0.6283687943262412,0.3443329789121352,0.3443329789121352,0.175349099,0.8045196346666666,0.48814262672626074,CANDIDATE_GRAPH
1149,ST029__ST044,29,ST029,관곡공원,44,ST044,경기과학기술대학교,10468.0,10.468,2.820058198037644,0.126175985,0.126175985,0.0,0.0,PRELIMINARY_POINT_BUFFER_PROXY,3.5905658,PRELIMINARY_90M,0.8734251147267418,0.35460261093046114,0.35460261093046114,0.126175985,0.5984276333333333,0.48815783599763407,CANDIDATE_GRAPH
375,ST008__ST026,8,ST008,시흥능곡역,26,ST026,은계파크자이,9104.0,9.104,1.959757043038742,0.215824011,0.164891535,0.050932476,0.0,PRELIMINARY_POINT_BUFFER_PROXY,2.802888396,PRELIMINARY_90M,0.759616186900292,0.5102673331636197,0.5102673331636197,0.215824011,0.46714806600000003,0.4882138992659779,CANDIDATE_GRAPH
407,ST009__ST012,9,ST009,능곡중앙공원,12,ST012,신천역,9230.0,9.23,2.079155224614918,0.314081779,0.229949921,0.111454562,0.0,PRELIMINARY_POINT_BUFFER_PROXY,2.348627829,PRELIMINARY_90M,0.7701293283270755,0.4809645706876988,0.4809645706876988,0.314081779,0.3914379715,0.48915341237869353,CANDIDATE_GRAPH
757,ST017__ST030,17,ST017,장곡동,30,ST030,장곡도서관,564.0,0.564,1.5742051509756851,0.955860684,0.955860684,0.0,0.0,PRELIMINARY_POINT_BUFFER_PROXY,1.913795281,PRELIMINARY_90M,0.047058823529411764,0.6352412195959368,0.6352412195959368,0.955860684,0.31896588016666666,0.48928165182300376,CANDIDATE_GRAPH
1166,ST030__ST036,30,ST030,장곡도서관,36,ST036,시흥시립군자도서관,9544.0,9.544,2.63125439413521,0.31159704,0.31159704,0.0,0.0,PRELIMINARY_POINT_BUFFER_PROXY,2.817081425,PRELIMINARY_90M,0.796328744263663,0.3800468712675198,0.3800468712675198,0.31159704,0.46951357083333334,0.489371556591129,CANDIDATE_GRAPH
752,ST017__ST025,17,ST017,장곡동,25,ST025,목감동행정복지센터,8741.0,8.741,2.1699014583199623,0.22332564,0.219480247,0.036621511,0.0,PRELIMINARY_POINT_BUFFER_PROXY,3.266816772,PRELIMINARY_90M,0.7293283270755111,0.46085042072567023,0.46085042072567023,0.22332564,0.544469462,0.48949346245029535,CANDIDATE_GRAPH
343,ST007__ST041,7,ST007,장현지구,41,ST041,연꽃테마파크,5963.0,5.963,1.7948613454178433,0.381443526,0.355056843,0.091388128,0.0,PRELIMINARY_POINT_BUFFER_PROXY,3.139713519,PRELIMINARY_90M,0.4975385899040467,0.5571461007575492,0.5571461007575492,0.381443526,0.5232855865,0.489853450790399,CANDIDATE_GRAPH
1338,ST038__ST044,38,ST038,능곡도서관,44,ST044,경기과학기술대학교,10752.0,10.752,3.3064938627772955,0.379843335,0.368779254,0.047865342,0.0,PRELIMINARY_POINT_BUFFER_PROXY,2.282050531,PRELIMINARY_90M,0.8971214017521902,0.30243515987053676,0.30243515987053676,0.379843335,0.38034175516666663,0.48993541294734844,CANDIDATE_GRAPH
361,ST008__ST012,8,ST008,시흥능곡역,12,ST012,신천역,9058.0,9.058,1.9434032479733672,0.219047126,0.167854791,0.051192335,0.0,PRELIMINARY_POINT_BUFFER_PROXY,2.836226292,PRELIMINARY_90M,0.7557780559032123,0.5145612476684016,0.5145612476684016,0.219047126,0.47270438200000003,0.4905227028929035,CANDIDATE_GRAPH
354,ST007__ST052,7,ST007,장현지구,52,ST052,가온그린공원,1163.0,1.163,1.2131708783527768,0.867518063,0.867518063,0.0,0.0,PRELIMINARY_POINT_BUFFER_PROXY,1.043527785,PRELIMINARY_90M,0.09703796412181893,0.824286189063311,0.824286189063311,0.867518063,0.1739212975,0.4906908784212825,CANDIDATE_GRAPH
40,ST001__ST041,1,ST001,월곶역,41,ST041,연꽃테마파크,11024.0,11.024,2.143081387721381,0.184019365,0.169751028,0.049417224,0.0,PRELIMINARY_POINT_BUFFER_PROXY,2.370109047,PRELIMINARY_90M,0.9198164372131832,0.46661783622844316,0.46661783622844316,0.184019365,0.39501817450000004,0.4913679532354066,CANDIDATE_GRAPH
1362,ST039__ST052,39,ST039,능곡힐스테이트,52,ST052,가온그린공원,2854.0,2.854,2.0644389201095645,0.429658903,0.375581248,0.193249627,0.0,PRELIMINARY_POINT_BUFFER_PROXY,4.881821647,PRELIMINARY_90M,0.23813099707968294,0.48439311536857077,0.48439311536857077,0.429658903,0.8136369411666666,0.4914549891537301,CANDIDATE_GRAPH
171,ST004__ST016,4,ST004,배곧중심상가,16,ST016,물왕호수,11715.0,11.715,2.5514715857665906,0.129045792,0.129045792,0.0,0.0,PRELIMINARY_POINT_BUFFER_PROXY,2.815872271,PRELIMINARY_90M,0.9774718397997497,0.39193068250436724,0.39193068250436724,0.129045792,0.46931204516666664,0.49194008986769583,CANDIDATE_GRAPH
1031,ST025__ST036,25,ST025,목감동행정복지센터,36,ST036,시흥시립군자도서관,10066.0,10.066,2.757315604469281,0.152974892,0.149634962,0.024515644,0.0,PRELIMINARY_POINT_BUFFER_PROXY,3.675575768,PRELIMINARY_90M,0.8398831873174801,0.36267157752239854,0.36267157752239854,0.152974892,0.6125959613333333,0.49203140454330296,CANDIDATE_GRAPH
639,ST014__ST029,14,ST014,시흥대야역,29,ST029,관곡공원,10006.0,10.006,1.913024436768272,0.165812791,0.128079875,0.037732916,0.0,PRELIMINARY_POINT_BUFFER_PROXY,2.668668746,PRELIMINARY_90M,0.8348769294952023,0.5227324757488875,0.5227324757488875,0.165812791,0.4447781243333333,0.4920500801443558,CANDIDATE_GRAPH
447,ST009__ST052,9,ST009,능곡중앙공원,52,ST052,가온그린공원,2888.0,2.888,2.0636774551337727,0.436398537,0.395167823,0.202782874,0.0,PRELIMINARY_POINT_BUFFER_PROXY,4.846507662,PRELIMINARY_90M,0.24096787651230706,0.4845718489157878,0.4845718489157878,0.436398537,0.8077512769999999,0.4924223848570237,CANDIDATE_GRAPH
412,ST009__ST017,9,ST009,능곡중앙공원,17,ST017,장곡동,3477.0,3.477,1.9638082698292665,0.45438424,0.364332145,0.162644864,0.0,PRELIMINARY_POINT_BUFFER_PROXY,4.302419954,PRELIMINARY_90M,0.29011264080100124,0.50921468015151,0.50921468015151,0.45438424,0.7170699923333334,0.4926953883214611,CANDIDATE_GRAPH
1093,ST027__ST041,27,ST027,은행동행정복지센터,41,ST041,연꽃테마파크,9582.0,9.582,2.060403762062063,0.266140016,0.237311069,0.057908169,0.0,PRELIMINARY_POINT_BUFFER_PROXY,2.52212901,PRELIMINARY_90M,0.7994993742177722,0.4853417657319722,0.4853417657319722,0.266140016,0.420354835,0.4928339977374361,CANDIDATE_GRAPH
9,ST001__ST010,1,ST001,월곶역,10,ST010,은계호수공원,11694.0,11.694,3.0834271826948316,0.243297008,0.212935672,0.093952653,0.0,PRELIMINARY_POINT_BUFFER_PROXY,2.568536826,PRELIMINARY_90M,0.9757196495619525,0.3243144529607562,0.3243144529607562,0.243297008,0.428089471,0.4928551453806772,CANDIDATE_GRAPH
679,ST015__ST029,15,ST015,목감택지개발예정지구,29,ST029,관곡공원,8189.0,8.189,2.2684718509323605,0.10686736,0.10686736,0.0,0.0,PRELIMINARY_POINT_BUFFER_PROXY,4.446520948,PRELIMINARY_90M,0.6832707551105549,0.44082539511741875,0.44082539511741875,0.10686736,0.7410868246666666,0.4930125837236601,CANDIDATE_GRAPH
815,ST018__ST051,18,ST018,정왕역,51,ST051,연성중학교,10045.0,10.045,2.7529826885050053,0.121464619,0.112567767,0.017170649,0.0,PRELIMINARY_POINT_BUFFER_PROXY,3.901208106,PRELIMINARY_90M,0.838130997079683,0.36324238585860685,0.36324238585860685,0.121464619,0.650201351,0.4932598382345724,CANDIDATE_GRAPH
724,ST016__ST035,16,ST016,물왕호수,35,ST035,산들공원,8555.0,8.555,2.7554200917307856,0.222244895,0.222244895,0.0,0.0,PRELIMINARY_POINT_BUFFER_PROXY,4.052626345,PRELIMINARY_90M,0.7138089278264498,0.36292106710010286,0.36292106710010286,0.222244895,0.6754377241666667,0.4936031535233048,CANDIDATE_GRAPH
456,ST010__ST016,10,ST010,은계호수공원,16,ST016,물왕호수,10580.0,10.58,2.2218545891823154,0.101231567,0.101231567,0.0,0.0,PRELIMINARY_POINT_BUFFER_PROXY,3.247297419,PRELIMINARY_90M,0.8827701293283271,0.45007445800853196,0.45007445800853196,0.101231567,0.5412162365000001,0.49382309770921473,CANDIDATE_GRAPH
964,ST023__ST030,23,ST023,오이도역,30,ST030,장곡도서관,6897.0,6.897,1.3622999408685186,0.193012198,0.193012198,0.0,0.0,PRELIMINARY_POINT_BUFFER_PROXY,2.841051121,PRELIMINARY_90M,0.5754693366708385,0.7340527368462348,0.7340527368462348,0.193012198,0.47350852016666667,0.494010697920935,CANDIDATE_GRAPH
1017,ST024__ST052,24,ST024,목감고등학교,52,ST052,가온그린공원,7911.0,7.911,2.0834857625828795,0.178828181,0.178828181,0.0,0.0,PRELIMINARY_POINT_BUFFER_PROXY,3.951617974,PRELIMINARY_90M,0.6600750938673342,0.4799648828702859,0.4799648828702859,0.178828181,0.6586029956666667,0.49436778835107176,CANDIDATE_GRAPH
185,ST004__ST030,4,ST004,배곧중심상가,30,ST030,장곡도서관,7163.0,7.163,1.3543081164343391,0.169732084,0.169732084,0.0,0.0,PRELIMINARY_POINT_BUFFER_PROXY,2.835022961,PRELIMINARY_90M,0.5976637463496036,0.7383844103606412,0.7383844103606412,0.169732084,0.4725038268333333,0.4945710168858945,CANDIDATE_GRAPH
842,ST019__ST042,19,ST019,시화병원,42,ST042,시흥시청역,8852.0,8.852,2.5862039754816855,0.227246749,0.227246749,0.0,0.0,PRELIMINARY_POINT_BUFFER_PROXY,3.755676342,PRELIMINARY_90M,0.7385899040467251,0.38666710339958704,0.38666710339958704,0.227246749,0.6259460570000001,0.4946124533615781,CANDIDATE_GRAPH
68,ST002__ST016,2,ST002,월곶포구,16,ST016,물왕호수,9742.0,9.742,2.0729562158950396,0.168865377,0.168865377,0.0,0.0,PRELIMINARY_POINT_BUFFER_PROXY,3.091160952,PRELIMINARY_90M,0.8128493950771798,0.48240285652547193,0.48240285652547193,0.168865377,0.515193492,0.49482778015066287,CANDIDATE_GRAPH
384,ST008__ST035,8,ST008,시흥능곡역,35,ST035,산들공원,4859.0,4.859,1.965398368544659,0.241179969,0.241179969,0.0,0.0,PRELIMINARY_POINT_BUFFER_PROXY,4.957531633,PRELIMINARY_90M,0.4054234459741343,0.5088027017853288,0.5088027017853288,0.241179969,0.8262552721666667,0.49541534723153247,CANDIDATE_GRAPH
801,ST018__ST037,18,ST018,정왕역,37,ST037,군자동행정복지센터,5956.0,5.956,1.5510283272592456,0.43580932,0.43580932,0.0,0.0,PRELIMINARY_POINT_BUFFER_PROXY,2.429115274,PRELIMINARY_90M,0.49695452649144767,0.6447335502679415,0.6447335502679415,0.43580932,0.4048525456666667,0.495587485606514,CANDIDATE_GRAPH
329,ST007__ST027,7,ST007,장현지구,27,ST027,은행동행정복지센터,8709.0,8.709,1.9363877077820781,0.332743591,0.279492401,0.05325119,0.0,PRELIMINARY_POINT_BUFFER_PROXY,2.447643985,PRELIMINARY_90M,0.7266583229036295,0.5164255050686061,0.5164255050686061,0.332743591,0.4079406641666667,0.4959420207847256,CANDIDATE_GRAPH
318,ST007__ST016,7,ST007,장현지구,16,ST016,물왕호수,5361.0,5.361,1.7008916027228806,0.211312552,0.211312552,0.0,0.0,PRELIMINARY_POINT_BUFFER_PROXY,4.448459026,PRELIMINARY_90M,0.44730913642052567,0.5879269427864451,0.5879269427864451,0.211312552,0.7414098376666667,0.4969896172184094,CANDIDATE_GRAPH
27,ST001__ST028,1,ST001,월곶역,28,ST028,매화산업단지,11836.0,11.836,2.36274090325665,0.176039328,0.161852085,0.034852774,0.0,PRELIMINARY_POINT_BUFFER_PROXY,2.410613789,PRELIMINARY_90M,0.9875677930746767,0.4232372659319794,0.4232372659319794,0.176039328,0.40176896483333335,0.4971533379599974,CANDIDATE_GRAPH
1201,ST031__ST047,31,ST031,마전저수지,47,ST047,배곧2동행정복지센터,7914.0,7.914,2.962193394662467,0.258760761,0.258760761,0.0,0.0,PRELIMINARY_POINT_BUFFER_PROXY,4.408167834,PRELIMINARY_90M,0.6603254067584481,0.33758768141266043,0.33758768141266043,0.258760761,0.7346946390000001,0.4978421220427771,CANDIDATE_GRAPH
717,ST016__ST028,16,ST016,물왕호수,28,ST028,매화산업단지,5396.0,5.396,1.7354982539155246,0.101337798,0.101337798,0.0,0.0,PRELIMINARY_POINT_BUFFER_PROXY,5.198864531,PRELIMINARY_90M,0.45022945348352106,0.5762034031113897,0.5762034031113897,0.101337798,0.8664774218333333,0.49856201910706105,CANDIDATE_GRAPH
1156,ST029__ST051,29,ST029,관곡공원,51,ST051,연성중학교,1708.0,1.708,1.9938381027991827,0.615090182,0.562700526,0.101110411,0.0,PRELIMINARY_POINT_BUFFER_PROXY,4.412486394,PRELIMINARY_90M,0.14251147267417605,0.5015452350900924,0.5015452350900924,0.615090182,0.735414399,0.49864032219106713,CANDIDATE_GRAPH
652,ST014__ST042,14,ST014,시흥대야역,42,ST042,시흥시청역,11367.0,11.367,2.21228926525037,0.133495106,0.112762105,0.020733001,0.0,PRELIMINARY_POINT_BUFFER_PROXY,2.772317631,PRELIMINARY_90M,0.9484355444305381,0.45202045487791476,0.45202045487791476,0.133495106,0.4620529385,0.49900101095211324,CANDIDATE_GRAPH
764,ST017__ST037,17,ST017,장곡동,37,ST037,군자동행정복지센터,5537.0,5.537,1.8789982137136798,0.355272139,0.355272139,0.0,0.0,PRELIMINARY_POINT_BUFFER_PROXY,3.88315591,PRELIMINARY_90M,0.461994159365874,0.5321984835864134,0.5321984835864134,0.355272139,0.6471926516666667,0.4991643584047385,CANDIDATE_GRAPH
408,ST009__ST013,9,ST009,능곡중앙공원,13,ST013,삼미시장,9533.0,9.533,2.044910643566718,0.336297045,0.275183927,0.109998038,0.0,PRELIMINARY_POINT_BUFFER_PROXY,2.263124604,PRELIMINARY_90M,0.7954109303295787,0.48901892273190356,0.48901892273190356,0.336297045,0.37718743400000004,0.49947858301537057,CANDIDATE_GRAPH
816,ST018__ST052,18,ST018,정왕역,52,ST052,가온그린공원,6635.0,6.635,2.5954303365631386,0.232705275,0.232705275,0.0,0.0,PRELIMINARY_POINT_BUFFER_PROXY,4.965953657,PRELIMINARY_90M,0.5536086775135586,0.38529256051009914,0.38529256051009914,0.232705275,0.8276589428333333,0.4998163639642478,CANDIDATE_GRAPH
1181,ST030__ST051,30,ST030,장곡도서관,51,ST051,연성중학교,4293.0,4.293,2.229191408628017,0.55923175,0.538417977,0.040169936,0.0,PRELIMINARY_POINT_BUFFER_PROXY,3.810257233,PRELIMINARY_90M,0.35819774718397995,0.4485931518170807,0.4485931518170807,0.55923175,0.6350428721666667,0.5002663802919318,CANDIDATE_GRAPH
689,ST015__ST039,15,ST015,목감택지개발예정지구,39,ST039,능곡힐스테이트,7151.0,7.151,2.1007990111285837,0.265424342,0.222570912,0.046142766,0.0,PRELIMINARY_POINT_BUFFER_PROXY,3.977932459,PRELIMINARY_90M,0.5966624947851481,0.4760093634387154,0.4760093634387154,0.265424342,0.6629887431666667,0.5002712358476326,CANDIDATE_GRAPH
1168,ST030__ST038,30,ST030,장곡도서관,38,ST038,능곡도서관,3282.0,3.282,1.9010144281905854,0.420337618,0.399372834,0.028134244,0.0,PRELIMINARY_POINT_BUFFER_PROXY,4.68639496,PRELIMINARY_90M,0.27384230287859823,0.5260349343859612,0.5260349343859612,0.420337618,0.7810658266666667,0.5003201704828065,CANDIDATE_GRAPH
328,ST007__ST026,7,ST007,장현지구,26,ST026,은계파크자이,8880.0,8.88,1.9183583737549257,0.348795616,0.296569731,0.052225884,0.0,PRELIMINARY_POINT_BUFFER_PROXY,2.353995559,PRELIMINARY_90M,0.7409261576971214,0.521279034032956,0.521279034032956,0.348795616,0.39233259316666663,0.500833350224186,CANDIDATE_GRAPH
235,ST005__ST030,5,ST005,배곧중·고등학교,30,ST030,장곡도서관,8052.0,8.052,1.5237045300145453,0.241014082,0.241014082,0.0,0.0,PRELIMINARY_POINT_BUFFER_PROXY,2.609500193,PRELIMINARY_90M,0.6718397997496871,0.6562952201700509,0.6562952201700509,0.241014082,0.43491669883333334,0.5010164501882678,CANDIDATE_GRAPH
877,ST020__ST042,20,ST020,시화공업단지[왼쪽부근],42,ST042,시흥시청역,10011.0,10.011,2.6340964893335266,0.211998424,0.211998424,0.0,0.0,PRELIMINARY_POINT_BUFFER_PROXY,3.464664556,PRELIMINARY_90M,0.8352941176470589,0.37963681438754654,0.37963681438754654,0.211998424,0.5774440926666666,0.501093362175318,CANDIDATE_GRAPH
501,ST011__ST017,11,ST011,배곧생명공원,17,ST017,장곡동,7363.0,7.363,2.5772716545856533,0.300840999,0.300840999,0.0,0.0,PRELIMINARY_POINT_BUFFER_PROXY,4.208993527,PRELIMINARY_90M,0.6143512724238631,0.3880072161662638,0.3880072161662638,0.300840999,0.7014989211666666,0.5011746021891984,CANDIDATE_GRAPH
1169,ST030__ST039,30,ST030,장곡도서관,39,ST039,능곡힐스테이트,3380.0,3.38,1.9038474704739254,0.431416403,0.34918051,0.082235893,0.0,PRELIMINARY_POINT_BUFFER_PROXY,4.598144697,PRELIMINARY_90M,0.2820191906549854,0.5252521620080571,0.5252521620080571,0.431416403,0.7663574495000001,0.5012613012907606,CANDIDATE_GRAPH
62,ST002__ST010,2,ST002,월곶포구,10,ST010,은계호수공원,11014.0,11.014,3.1061839442020633,0.327183083,0.294943155,0.099765924,0.0,PRELIMINARY_POINT_BUFFER_PROXY,2.622043931,PRELIMINARY_90M,0.9189820609094702,0.32193843570229597,0.32193843570229597,0.327183083,0.4370073218333333,0.5012777253612749,CANDIDATE_GRAPH
1051,ST026__ST027,26,ST026,은계파크자이,27,ST027,은행동행정복지센터,457.0,0.457,1.0,0.754632796,0.754632796,0.0,0.0,PRELIMINARY_POINT_BUFFER_PROXY,1.276801074,PRELIMINARY_90M,0.038130997079682934,1.0,1.0,0.754632796,0.212800179,0.5013909930199207,CANDIDATE_GRAPH
526,ST011__ST042,11,ST011,배곧생명공원,42,ST042,시흥시청역,9512.0,9.512,2.4941130669316243,0.244867542,0.244867542,0.0,0.0,PRELIMINARY_POINT_BUFFER_PROXY,3.404852565,PRELIMINARY_90M,0.7936587400917814,0.40094413250889516,0.40094413250889516,0.244867542,0.5674754275,0.5017364605251691,CANDIDATE_GRAPH
93,ST002__ST041,2,ST002,월곶포구,41,ST041,연꽃테마파크,10344.0,10.344,2.1053744691108007,0.269401021,0.254193013,0.0526717,0.0,PRELIMINARY_POINT_BUFFER_PROXY,2.41630177,PRELIMINARY_90M,0.8630788485607008,0.4749748867346849,0.4749748867346849,0.269401021,0.40271696166666665,0.5025429294905132,CANDIDATE_GRAPH
1383,ST041__ST044,41,ST041,연꽃테마파크,44,ST044,경기과학기술대학교,11171.0,11.171,2.7373924956567253,0.118220531,0.118220531,0.0,0.0,PRELIMINARY_POINT_BUFFER_PROXY,3.574596517,PRELIMINARY_90M,0.9320817688777638,0.3653111497845657,0.3653111497845657,0.118220531,0.5957660861666666,0.502844883957249,CANDIDATE_GRAPH
1005,ST024__ST040,24,ST024,목감고등학교,40,ST040,갯골생태공원,8768.0,8.768,2.0062479519075405,0.161427339,0.161427339,0.0,0.0,PRELIMINARY_POINT_BUFFER_PROXY,3.733294024,PRELIMINARY_90M,0.7315811430955361,0.4984428764396744,0.4984428764396744,0.161427339,0.6222156706666667,0.5034167573004693,CANDIDATE_GRAPH
314,ST007__ST012,7,ST007,장현지구,12,ST012,신천역,8834.0,8.834,1.9013704989777807,0.352796752,0.300297607,0.052499144,0.0,PRELIMINARY_POINT_BUFFER_PROXY,2.388145097,PRELIMINARY_90M,0.7370880267000417,0.5259364235101062,0.5259364235101062,0.352796752,0.39802418283333335,0.5034613462608704,CANDIDATE_GRAPH
1416,ST043__ST052,43,ST043,시흥종합버스터미널,52,ST052,가온그린공원,7723.0,7.723,2.6810852048267755,0.272057108,0.272057108,0.0,0.0,PRELIMINARY_POINT_BUFFER_PROXY,4.373165634,PRELIMINARY_90M,0.6443888193575302,0.3729832972856265,0.3729832972856265,0.272057108,0.728860939,0.5045725409107893,CANDIDATE_GRAPH
1460,ST048__ST051,48,ST048,정왕평생학습관 사거리,51,ST051,연성중학교,10469.0,10.469,2.770703145089786,0.157054545,0.148518109,0.016475057,0.0,PRELIMINARY_POINT_BUFFER_PROXY,3.765429403,PRELIMINARY_90M,0.8735085523571131,0.3609192135116281,0.3609192135116281,0.157054545,0.6275715671666667,0.504763469508852,CANDIDATE_GRAPH
1437,ST045__ST052,45,ST045,시흥중앙도서관,52,ST052,가온그린공원,7230.0,7.23,2.580652783901376,0.255536809,0.255536809,0.0,0.0,PRELIMINARY_POINT_BUFFER_PROXY,4.637835143,PRELIMINARY_90M,0.6032540675844806,0.38749885542068985,0.38749885542068985,0.255536809,0.7729725238333334,0.5048155639596259,CANDIDATE_GRAPH
326,ST007__ST024,7,ST007,장현지구,24,ST024,목감고등학교,7810.0,7.81,1.9356311516316742,0.218129369,0.218129369,0.0,0.0,PRELIMINARY_POINT_BUFFER_PROXY,3.797294408,PRELIMINARY_90M,0.6516478931998331,0.516627353903161,0.516627353903161,0.218129369,0.6328824013333333,0.5048217543590818,CANDIDATE_GRAPH
995,ST024__ST030,24,ST024,목감고등학교,30,ST030,장곡도서관,8431.0,8.431,2.07834127497437,0.199652452,0.199652452,0.0,0.0,PRELIMINARY_POINT_BUFFER_PROXY,3.812964679,PRELIMINARY_90M,0.7034626616604088,0.4811529328898749,0.4811529328898749,0.199652452,0.6354941131666666,0.5049405399292376,CANDIDATE_GRAPH
1436,ST045__ST051,45,ST045,시흥중앙도서관,51,ST051,연성중학교,10640.0,10.64,2.7341112239100824,0.143213845,0.134815579,0.016208393,0.0,PRELIMINARY_POINT_BUFFER_PROXY,3.745919825,PRELIMINARY_90M,0.8877763871506049,0.36574956836243444,0.36574956836243444,0.143213845,0.6243199708333333,0.5052649428365932,CANDIDATE_GRAPH
80,ST002__ST028,2,ST002,월곶포구,28,ST028,매화산업단지,11156.0,11.156,2.341194297693575,0.254709718,0.239656255,0.036980757,0.0,PRELIMINARY_POINT_BUFFER_PROXY,2.454896454,PRELIMINARY_90M,0.9308302044221944,0.4271324259524931,0.4271324259524931,0.254709718,0.409149409,0.5054554393436719,CANDIDATE_GRAPH
1260,ST034__ST040,34,ST034,군자디지털과학고등학교,40,ST040,갯골생태공원,6420.0,6.42,1.9358417989769254,0.339848049,0.339848049,0.0,0.0,PRELIMINARY_POINT_BUFFER_PROXY,3.783253682,PRELIMINARY_90M,0.5356695869837297,0.5165711374392736,0.5165711374392736,0.339848049,0.6305422803333333,0.5056577634390841,CANDIDATE_GRAPH
327,ST007__ST025,7,ST007,장현지구,25,ST025,목감동행정복지센터,8584.0,8.584,2.07833634125379,0.254652325,0.250735872,0.037298246,0.0,PRELIMINARY_POINT_BUFFER_PROXY,3.434714312,PRELIMINARY_90M,0.7162286191072174,0.4811540750890849,0.4811540750890849,0.254652325,0.5724523853333333,0.5061218511324089,CANDIDATE_GRAPH
656,ST014__ST046,14,ST014,시흥대야역,46,ST046,배곧1동행정복지센터,11686.0,11.686,3.1090523763986275,0.287377872,0.239866378,0.107932503,0.0,PRELIMINARY_POINT_BUFFER_PROXY,2.647340084,PRELIMINARY_90M,0.975052148518982,0.32164141318145,0.32164141318145,0.287377872,0.44122334733333335,0.5063236952584413,CANDIDATE_GRAPH
1278,ST035__ST038,35,ST035,산들공원,38,ST038,능곡도서관,5280.0,5.28,1.9945304789784195,0.259652021,0.2466278,0.017478197,0.0,PRELIMINARY_POINT_BUFFER_PROXY,4.943765851,PRELIMINARY_90M,0.4405506883604506,0.5013711299674853,0.5013711299674853,0.259652021,0.8239609751666667,0.5063837036236506,CANDIDATE_GRAPH
1251,ST033__ST052,33,ST033,타원산업단지,52,ST052,가온그린공원,10024.0,10.024,2.6519273099391074,0.21158644,0.21158644,0.0,0.0,PRELIMINARY_POINT_BUFFER_PROXY,3.605227171,PRELIMINARY_90M,0.8363788068418857,0.37708424218571873,0.37708424218571873,0.21158644,0.6008711951666666,0.5064801710485678,CANDIDATE_GRAPH
14,ST001__ST015,1,ST001,월곶역,15,ST015,목감택지개발예정지구,11985.0,11.985,2.1415444016209766,0.073988583,0.073988583,0.0,0.0,PRELIMINARY_POINT_BUFFER_PROXY,2.910643961,PRELIMINARY_90M,1.0,0.46695272778051233,0.46695272778051233,0.073988583,0.4851073268333333,0.5065121594034614,CANDIDATE_GRAPH
723,ST016__ST034,16,ST016,물왕호수,34,ST034,군자디지털과학고등학교,8908.0,8.908,2.6971308490200676,0.252895266,0.252895266,0.0,0.0,PRELIMINARY_POINT_BUFFER_PROXY,3.96098122,PRELIMINARY_90M,0.7432624113475177,0.37076436256821727,0.37076436256821727,0.252895266,0.6601635366666666,0.5067713941456004,CANDIDATE_GRAPH
887,ST020__ST052,20,ST020,시화공업단지[왼쪽부근],52,ST052,가온그린공원,8426.0,8.426,2.7010064819127746,0.271456484,0.271456484,0.0,0.0,PRELIMINARY_POINT_BUFFER_PROXY,4.094307675,PRELIMINARY_90M,0.7030454735085524,0.37023235845470054,0.37023235845470054,0.271456484,0.6823846124999999,0.5067797321158132,CANDIDATE_GRAPH
986,ST023__ST052,23,ST023,오이도역,52,ST052,가온그린공원,6421.0,6.421,2.2786022006559326,0.259309932,0.259309932,0.0,0.0,PRELIMINARY_POINT_BUFFER_PROXY,4.760544025,PRELIMINARY_90M,0.535753024614101,0.43886554647938714,0.43886554647938714,0.259309932,0.7934240041666666,0.5068381268150387,CANDIDATE_GRAPH
1461,ST048__ST052,48,ST048,정왕평생학습관 사거리,52,ST052,가온그린공원,7059.0,7.059,2.631176579104022,0.278804075,0.278804075,0.0,0.0,PRELIMINARY_POINT_BUFFER_PROXY,4.6806906,PRELIMINARY_90M,0.5889862327909887,0.38005811086252667,0.38005811086252667,0.278804075,0.7801151000000001,0.5069908796633789,CANDIDATE_GRAPH
802,ST018__ST038,18,ST018,정왕역,38,ST038,능곡도서관,9789.0,9.789,2.4841039963929274,0.192044175,0.185023571,0.009421486,0.0,PRELIMINARY_POINT_BUFFER_PROXY,3.699669795,PRELIMINARY_90M,0.8167709637046308,0.4025596357688977,0.4025596357688977,0.192044175,0.6166116325000001,0.5069966017433821,CANDIDATE_GRAPH
389,ST008__ST040,8,ST008,시흥능곡역,40,ST040,갯골생태공원,4204.0,4.204,2.0,0.457811993,0.457811993,0.0,0.0,PRELIMINARY_POINT_BUFFER_PROXY,4.321369187,PRELIMINARY_90M,0.3507717980809345,0.5,0.5,0.457811993,0.7202281978333334,0.507202997228567,CANDIDATE_GRAPH
1279,ST035__ST039,35,ST035,산들공원,39,ST039,능곡힐스테이트,5378.0,5.378,1.9946287952543234,0.269498436,0.217850095,0.051648341,0.0,PRELIMINARY_POINT_BUFFER_PROXY,4.882919105,PRELIMINARY_90M,0.4487275761368377,0.5013464171274514,0.5013464171274514,0.269498436,0.8138198508333333,0.5083480700244056,CANDIDATE_GRAPH
610,ST013__ST041,13,ST013,삼미시장,41,ST041,연꽃테마파크,10567.0,10.567,2.200035546216401,0.282828754,0.256687182,0.052510091,0.0,PRELIMINARY_POINT_BUFFER_PROXY,2.488339775,PRELIMINARY_90M,0.8816854401335003,0.4545381104045295,0.4545381104045295,0.282828754,0.41472329583333334,0.5084439000928408,CANDIDATE_GRAPH
568,ST012__ST041,12,ST012,신천역,41,ST041,연꽃테마파크,10426.0,10.426,2.159019121334042,0.280626635,0.254136238,0.053210769,0.0,PRELIMINARY_POINT_BUFFER_PROXY,2.530371707,PRELIMINARY_90M,0.8699207342511472,0.4631732948164476,0.4631732948164476,0.280626635,0.4217286178333333,0.508862320475232,CANDIDATE_GRAPH
972,ST023__ST038,23,ST023,오이도역,38,ST038,능곡도서관,9575.0,9.575,2.2692691945699313,0.208971772,0.201794991,0.009631072,0.0,PRELIMINARY_POINT_BUFFER_PROXY,3.52890024,PRELIMINARY_90M,0.7989153108051731,0.4406705041397782,0.4406705041397782,0.208971772,0.58815004,0.5091769067362378,CANDIDATE_GRAPH
271,ST006__ST017,6,ST006,시흥시청 본청,17,ST017,장곡동,1970.0,1.97,1.4937720094859535,0.908945228,0.908945228,0.0,0.0,PRELIMINARY_POINT_BUFFER_PROXY,1.770716728,PRELIMINARY_90M,0.164372131831456,0.669446203068249,0.669446203068249,0.908945228,0.29511945466666667,0.509470754391593,CANDIDATE_GRAPH
770,ST017__ST043,17,ST017,장곡동,43,ST043,시흥종합버스터미널,7648.0,7.648,2.5813963042428436,0.250235778,0.250235778,0.0,0.0,PRELIMINARY_POINT_BUFFER_PROXY,4.57330077,PRELIMINARY_90M,0.6381309970796829,0.38738724401068386,0.38738724401068386,0.250235778,0.7622167950000001,0.5094927035225917,CANDIDATE_GRAPH
1032,ST025__ST037,25,ST025,목감동행정복지센터,37,ST037,군자동행정복지센터,10542.0,10.542,2.677976019793385,0.191216527,0.188027388,0.023408808,0.0,PRELIMINARY_POINT_BUFFER_PROXY,3.563256057,PRELIMINARY_90M,0.8795994993742178,0.3734163385365764,0.3734163385365764,0.191216527,0.5938760095,0.5095270936026985,CANDIDATE_GRAPH
851,ST019__ST051,19,ST019,시화병원,51,ST051,연성중학교,10677.0,10.677,2.783053750312431,0.173530884,0.165161303,0.016153033,0.0,PRELIMINARY_POINT_BUFFER_PROXY,3.692434824,PRELIMINARY_90M,0.8908635794743429,0.35931753020858404,0.35931753020858404,0.173530884,0.615405804,0.5097794494207317,CANDIDATE_GRAPH
383,ST008__ST034,8,ST008,시흥능곡역,34,ST034,군자디지털과학고등학교,5212.0,5.212,1.9117330107174155,0.292305874,0.292305874,0.0,0.0,PRELIMINARY_POINT_BUFFER_PROXY,4.735701128,PRELIMINARY_90M,0.43487692949520235,0.5230855953178997,0.5230855953178997,0.292305874,0.7892835213333332,0.5098879800366088,CANDIDATE_GRAPH
803,ST018__ST039,18,ST018,정왕역,39,ST039,능곡힐스테이트,9887.0,9.887,2.4793741062344563,0.19805671,0.169983463,0.028073247,0.0,PRELIMINARY_POINT_BUFFER_PROXY,3.680178352,PRELIMINARY_90M,0.8249478514810179,0.4033275968662703,0.4033275968662703,0.19805671,0.6133630586666666,0.5099238042534887,CANDIDATE_GRAPH
852,ST019__ST052,19,ST019,시화병원,52,ST052,가온그린공원,7267.0,7.267,2.653328762428982,0.299514676,0.299514676,0.0,0.0,PRELIMINARY_POINT_BUFFER_PROXY,4.553000916,PRELIMINARY_90M,0.6063412599082186,0.3768850713714621,0.3768850713714621,0.299514676,0.758833486,0.5103936233199202,CANDIDATE_GRAPH
1241,ST033__ST042,33,ST033,타원산업단지,42,ST042,시흥시청역,11609.0,11.609,2.600928175113378,0.168488667,0.168488667,0.0,0.0,PRELIMINARY_POINT_BUFFER_PROXY,3.125900871,PRELIMINARY_90M,0.9686274509803922,0.3844781296032554,0.3844781296032554,0.168488667,0.5209834784999999,0.5106444315209119,CANDIDATE_GRAPH
1346,ST038__ST052,38,ST038,능곡도서관,52,ST052,가온그린공원,3394.0,3.394,2.05417193577184,0.520530741,0.485454785,0.151745333,0.0,PRELIMINARY_POINT_BUFFER_PROXY,4.521379018,PRELIMINARY_90M,0.28318731748018355,0.4868141671034257,0.4868141671034257,0.520530741,0.7535631696666667,0.5110238488125689,CANDIDATE_GRAPH
720,ST016__ST031,16,ST016,물왕호수,31,ST031,마전저수지,7553.0,7.553,2.1709163510349363,0.113202954,0.113202954,0.0,0.0,PRELIMINARY_POINT_BUFFER_PROXY,5.041993359,PRELIMINARY_90M,0.6302044221944096,0.4606349754209885,0.4606349754209885,0.113202954,0.8403322265000001,0.5110936445288495,CANDIDATE_GRAPH
1415,ST043__ST051,43,ST043,시흥종합버스터미널,51,ST051,연성중학교,11133.0,11.133,2.7969887562430933,0.159649769,0.151623481,0.015490487,0.0,PRELIMINARY_POINT_BUFFER_PROXY,3.591098531,PRELIMINARY_90M,0.9289111389236546,0.3575273578658203,0.3575273578658203,0.159649769,0.5985164218333333,0.511151171905702,CANDIDATE_GRAPH
1001,ST024__ST036,24,ST024,목감고등학교,36,ST036,시흥시립군자도서관,10632.0,10.632,2.673897257658323,0.174011145,0.174011145,0.0,0.0,PRELIMINARY_POINT_BUFFER_PROXY,3.659823053,PRELIMINARY_90M,0.8871088861076345,0.3739859477157901,0.3739859477157901,0.174011145,0.6099705088333334,0.5112691219141894,CANDIDATE_GRAPH
702,ST015__ST052,15,ST015,목감택지개발예정지구,52,ST052,가온그린공원,8287.0,8.287,2.079700427811776,0.209100319,0.209100319,0.0,0.0,PRELIMINARY_POINT_BUFFER_PROXY,3.986145537,PRELIMINARY_90M,0.691447642886942,0.48083848357533987,0.48083848357533987,0.209100319,0.6643575895,0.5114360087405705,CANDIDATE_GRAPH
1163,ST030__ST033,30,ST030,장곡도서관,33,ST033,타원산업단지,9757.0,9.757,2.7158285481821007,0.189193151,0.189193151,0.0,0.0,PRELIMINARY_POINT_BUFFER_PROXY,4.046429887,PRELIMINARY_90M,0.8141009595327493,0.36821175647092,0.36821175647092,0.189193151,0.6744049811666667,0.511477712042584,CANDIDATE_GRAPH
760,ST017__ST033,17,ST017,장곡동,33,ST033,타원산업단지,9970.0,9.97,2.6122649965995577,0.206278855,0.206278855,0.0,0.0,PRELIMINARY_POINT_BUFFER_PROXY,3.751018715,PRELIMINARY_90M,0.8318731748018356,0.3828095546591643,0.3828095546591643,0.206278855,0.6251697858333333,0.5115328425735833,CANDIDATE_GRAPH
973,ST023__ST039,23,ST023,오이도역,39,ST039,능곡힐스테이트,9673.0,9.673,2.2665803858440565,0.214947692,0.186256176,0.028691516,0.0,PRELIMINARY_POINT_BUFFER_PROXY,3.508931943,PRELIMINARY_90M,0.8070921985815603,0.4411932646402073,0.4411932646402073,0.214947692,0.5848219904999999,0.5120137864304419,CANDIDATE_GRAPH
1173,ST030__ST043,30,ST030,장곡도서관,43,ST043,시흥종합버스터미널,7435.0,7.435,2.7164252710890455,0.229056794,0.229056794,0.0,0.0,PRELIMINARY_POINT_BUFFER_PROXY,4.983186745,PRELIMINARY_90M,0.6203587818105966,0.36813087061257116,0.36813087061257116,0.229056794,0.8305311241666667,0.5120193926474587,CANDIDATE_GRAPH
536,ST011__ST052,11,ST011,배곧생명공원,52,ST052,가온그린공원,7927.0,7.927,2.5372493883302685,0.314692628,0.314692628,0.0,0.0,PRELIMINARY_POINT_BUFFER_PROXY,4.068576505,PRELIMINARY_90M,0.6614100959532749,0.39412759526097957,0.39412759526097957,0.314692628,0.6780960841666667,0.5120816008452302,CANDIDATE_GRAPH
372,ST008__ST023,8,ST008,시흥능곡역,23,ST023,오이도역,9826.0,9.826,1.8153652262265678,0.14008535,0.14008535,0.0,0.0,PRELIMINARY_POINT_BUFFER_PROXY,3.229381042,PRELIMINARY_90M,0.8198581560283688,0.5508533409988291,0.5508533409988291,0.14008535,0.5382301736666667,0.5122567551734661,CANDIDATE_GRAPH
540,ST012__ST013,12,ST012,신천역,13,ST013,삼미시장,817.0,0.817,1.0,0.809017738,0.809017738,0.0,0.0,PRELIMINARY_POINT_BUFFER_PROXY,1.048439723,PRELIMINARY_90M,0.06816854401335003,1.0,1.0,0.809017738,0.17473995383333332,0.5129815589616709,CANDIDATE_GRAPH
277,ST006__ST023,6,ST006,시흥시청 본청,23,ST023,오이도역,8080.0,8.08,2.309958576717372,0.237837615,0.237837615,0.0,0.0,PRELIMINARY_POINT_BUFFER_PROXY,4.247882056,PRELIMINARY_90M,0.6741760534000835,0.4329081958781601,0.4329081958781601,0.237837615,0.7079803426666667,0.5132255517362275,CANDIDATE_GRAPH
747,ST017__ST020,17,ST017,장곡동,20,ST020,시화공업단지[왼쪽부근],8191.0,8.191,2.726294731484664,0.287883576,0.287883576,0.0,0.0,PRELIMINARY_POINT_BUFFER_PROXY,4.304343613,PRELIMINARY_90M,0.6834376303712975,0.3667981999346886,0.3667981999346886,0.287883576,0.7173906021666667,0.5138775021181632,CANDIDATE_GRAPH
273,ST006__ST019,6,ST006,시흥시청 본청,19,ST019,시화병원,8030.0,8.03,2.585118830440043,0.240191619,0.240191619,0.0,0.0,PRELIMINARY_POINT_BUFFER_PROXY,4.553296659,PRELIMINARY_90M,0.6700041718815186,0.38682941311049074,0.38682941311049074,0.240191619,0.7588827765,0.5139769951230023,CANDIDATE_GRAPH
297,ST006__ST043,6,ST006,시흥시청 본청,43,ST043,시흥종합버스터미널,8959.0,8.959,2.594531318961741,0.230185724,0.230185724,0.0,0.0,PRELIMINARY_POINT_BUFFER_PROXY,4.162107481,PRELIMINARY_90M,0.7475177304964539,0.38542606623849585,0.38542606623849585,0.230185724,0.6936845801666666,0.514203525225404,CANDIDATE_GRAPH
750,ST017__ST023,17,ST017,장곡동,23,ST023,오이도역,6770.0,6.77,2.251824167685008,0.262137057,0.262137057,0.0,0.0,PRELIMINARY_POINT_BUFFER_PROXY,4.731040277,PRELIMINARY_90M,0.5648727576136837,0.44408440692243384,0.44408440692243384,0.262137057,0.7885067128333333,0.5149002335923627,CANDIDATE_GRAPH
67,ST002__ST015,2,ST002,월곶포구,15,ST015,목감택지개발예정지구,11305.0,11.305,2.1069502302882155,0.145481854,0.145481854,0.0,0.0,PRELIMINARY_POINT_BUFFER_PROXY,2.989500623,PRELIMINARY_90M,0.9432624113475178,0.4746196590809871,0.4746196590809871,0.145481854,0.49825010383333335,0.5154035070654596,CANDIDATE_GRAPH
1171,ST030__ST041,30,ST030,장곡도서관,41,ST041,연꽃테마파크,7593.0,7.593,1.9399828975273095,0.370245606,0.349532939,0.071736634,0.0,PRELIMINARY_POINT_BUFFER_PROXY,3.254864428,PRELIMINARY_90M,0.6335419274092616,0.5154684617449947,0.5154684617449947,0.370245606,0.5424774046666666,0.5154333499552308,CANDIDATE_GRAPH
1348,ST038__ST054,38,ST038,능곡도서관,54,ST054,시흥 프리미엄 아울렛,10419.0,10.419,2.1992372260260047,0.177016892,0.177016892,0.0,0.0,PRELIMINARY_POINT_BUFFER_PROXY,3.37934972,PRELIMINARY_90M,0.8693366708385482,0.4547031071345532,0.4547031071345532,0.177016892,0.5632249533333333,0.5160704058266087,CANDIDATE_GRAPH
1162,ST030__ST032,30,ST030,장곡도서관,32,ST032,희망공원,9897.0,9.897,2.6026223919553733,0.186508596,0.186508596,0.0,0.0,PRELIMINARY_POINT_BUFFER_PROXY,4.009157123,PRELIMINARY_90M,0.8257822277847309,0.3842278476858455,0.3842278476858455,0.186508596,0.6681928538333333,0.5161778813259774,CANDIDATE_GRAPH
746,ST017__ST019,17,ST017,장곡동,19,ST019,시화병원,6719.0,6.719,2.5683224236556637,0.264976881,0.264976881,0.0,0.0,PRELIMINARY_POINT_BUFFER_PROXY,5.10007127,PRELIMINARY_90M,0.5606174384647477,0.3893592139325847,0.3893592139325847,0.264976881,0.8500118783333334,0.5162413529326664,CANDIDATE_GRAPH
1167,ST030__ST037,30,ST030,장곡도서관,37,ST037,군자동행정복지센터,5937.0,5.937,1.8495604243910337,0.398555146,0.398555146,0.0,0.0,PRELIMINARY_POINT_BUFFER_PROXY,3.787068244,PRELIMINARY_90M,0.495369211514393,0.5406690080586306,0.5406690080586306,0.398555146,0.6311780406666666,0.5164428515599225,CANDIDATE_GRAPH
759,ST017__ST032,17,ST017,장곡동,32,ST032,희망공원,10110.0,10.11,2.502850206206298,0.203412684,0.203412684,0.0,0.0,PRELIMINARY_POINT_BUFFER_PROXY,3.718226896,PRELIMINARY_90M,0.8435544430538173,0.3995444863301479,0.3995444863301479,0.203412684,0.6197044826666667,0.5165540240126579,CANDIDATE_GRAPH
1229,ST032__ST052,32,ST032,희망공원,52,ST052,가온그린공원,10770.0,10.77,2.9070398940727515,0.247988754,0.247988754,0.0,0.0,PRELIMINARY_POINT_BUFFER_PROXY,3.463925133,PRELIMINARY_90M,0.8986232790988736,0.3439925272573415,0.3439925272573415,0.247988754,0.5773208555,0.5169813539640538,CANDIDATE_GRAPH
772,ST017__ST045,17,ST017,장곡동,45,ST045,시흥중앙도서관,7149.0,7.149,2.527627459473465,0.265603327,0.265603327,0.0,0.0,PRELIMINARY_POINT_BUFFER_PROXY,4.863694723,PRELIMINARY_90M,0.5964956195244056,0.395627922244646,0.395627922244646,0.265603327,0.8106157871666667,0.5170856639839295,CANDIDATE_GRAPH
299,ST006__ST045,6,ST006,시흥시청 본청,45,ST045,시흥중앙도서관,8460.0,8.46,2.5498869254037335,0.241986931,0.241986931,0.0,0.0,PRELIMINARY_POINT_BUFFER_PROXY,4.385498652,PRELIMINARY_90M,0.7058823529411765,0.3921742529197314,0.3921742529197314,0.241986931,0.7309164419999999,0.5177399947152269,CANDIDATE_GRAPH
735,ST016__ST046,16,ST016,물왕호수,46,ST046,배곧1동행정복지센터,11513.0,11.513,2.3170243161222417,0.1905393,0.1905393,0.0,0.0,PRELIMINARY_POINT_BUFFER_PROXY,2.945973077,PRELIMINARY_90M,0.9606174384647476,0.43158804723879385,0.43158804723879385,0.1905393,0.49099551283333337,0.5184350746342187,CANDIDATE_GRAPH
1395,ST042__ST043,42,ST042,시흥시청역,43,ST043,시흥종합버스터미널,9030.0,9.03,2.5458886758955748,0.240915781,0.240915781,0.0,0.0,PRELIMINARY_POINT_BUFFER_PROXY,4.120803571,PRELIMINARY_90M,0.753441802252816,0.3927901520078159,0.3927901520078159,0.240915781,0.6868005951666666,0.5184870826068246,CANDIDATE_GRAPH
792,ST018__ST028,18,ST018,정왕역,28,ST028,매화산업단지,11947.0,11.947,2.461849334359547,0.135715444,0.135715444,0.0,0.0,PRELIMINARY_POINT_BUFFER_PROXY,3.213272967,PRELIMINARY_90M,0.9968293700458907,0.4061987003197948,0.4061987003197948,0.135715444,0.5355454945,0.5185722522164213,CANDIDATE_GRAPH
552,ST012__ST025,12,ST012,신천역,25,ST025,목감동행정복지센터,11469.0,11.469,2.672810002289368,0.268256823,0.266386985,0.052381024,0.0,PRELIMINARY_POINT_BUFFER_PROXY,2.854554512,PRELIMINARY_90M,0.9569461827284105,0.37413807907911906,0.37413807907911906,0.268256823,0.47575908533333333,0.5187750425352158,CANDIDATE_GRAPH
962,ST023__ST028,23,ST023,오이도역,28,ST028,매화산업단지,11733.0,11.733,2.286056940327946,0.14851192,0.14851192,0.0,0.0,PRELIMINARY_POINT_BUFFER_PROXY,3.068159669,PRELIMINARY_90M,0.978973717146433,0.4374344235960042,0.4374344235960042,0.14851192,0.5113599448333334,0.5190700013939427,CANDIDATE_GRAPH
1427,ST044__ST052,44,ST044,경기과학기술대학교,52,ST052,가온그린공원,8424.0,8.424,2.552281853578836,0.289896098,0.289896098,0.0,0.0,PRELIMINARY_POINT_BUFFER_PROXY,4.155282954,PRELIMINARY_90M,0.7028785982478097,0.3918062570549525,0.3918062570549525,0.289896098,0.692547159,0.5192820280756906,CANDIDATE_GRAPH
594,ST013__ST025,13,ST013,삼미시장,25,ST025,목감동행정복지센터,11610.0,11.61,2.70398096958528,0.270409164,0.268561734,0.051753296,0.0,PRELIMINARY_POINT_BUFFER_PROXY,2.813742202,PRELIMINARY_90M,0.9687108886107635,0.3698250879899402,0.3698250879899402,0.270409164,0.46895703366666663,0.5194755435668426,CANDIDATE_GRAPH
302,ST006__ST048,6,ST006,시흥시청 본청,48,ST048,정왕평생학습관 사거리,8300.0,8.3,2.600756339187811,0.26492128,0.26492128,0.0,0.0,PRELIMINARY_POINT_BUFFER_PROXY,4.419057988,PRELIMINARY_90M,0.6925323320817689,0.3845035326578458,0.3845035326578458,0.26492128,0.7365096646666666,0.5196167023515703,CANDIDATE_GRAPH
690,ST015__ST040,15,ST015,목감택지개발예정지구,40,ST040,갯골생태공원,9144.0,9.144,2.00599114296807,0.189585065,0.189585065,0.0,0.0,PRELIMINARY_POINT_BUFFER_PROXY,3.767553046,PRELIMINARY_90M,0.762953692115144,0.49850668758207833,0.49850668758207833,0.189585065,0.6279255076666667,0.5197427380909723,CANDIDATE_GRAPH
26,ST001__ST027,1,ST001,월곶역,27,ST027,은행동행정복지센터,11582.0,11.582,2.3633224358048475,0.225928346,0.172047064,0.074767334,0.0,PRELIMINARY_POINT_BUFFER_PROXY,2.782448154,PRELIMINARY_90M,0.9663746349603671,0.423133121765267,0.423133121765267,0.225928346,0.46374135899999996,0.5197943654314086,CANDIDATE_GRAPH
274,ST006__ST020,6,ST006,시흥시청 본청,20,ST020,시화공업단지[왼쪽부근],9694.0,9.694,2.6963772196633475,0.253989166,0.253989166,0.0,0.0,PRELIMINARY_POINT_BUFFER_PROXY,3.879216338,PRELIMINARY_90M,0.8088443888193575,0.37086799009704347,0.37086799009704347,0.253989166,0.6465360563333333,0.5200594003124336,CANDIDATE_GRAPH
1175,ST030__ST045,30,ST030,장곡도서관,45,ST045,시흥중앙도서관,6936.0,6.936,2.670716000289097,0.243370139,0.243370139,0.0,0.0,PRELIMINARY_POINT_BUFFER_PROXY,5.311475889,PRELIMINARY_90M,0.5787234042553191,0.37443142583927047,0.37443142583927047,0.243370139,0.8852459814999999,0.5204427376486473,CANDIDATE_GRAPH
775,ST017__ST048,17,ST017,장곡동,48,ST048,정왕평생학습관 사거리,6989.0,6.989,2.5875518533140287,0.293401237,0.293401237,0.0,0.0,PRELIMINARY_POINT_BUFFER_PROXY,4.918188862,PRELIMINARY_90M,0.5831455986649979,0.3864656852071357,0.3864656852071357,0.293401237,0.8196981436666667,0.5206776661347001,CANDIDATE_GRAPH
319,ST007__ST017,7,ST007,장현지구,17,ST017,장곡동,1354.0,1.354,1.2676067006331293,0.962650029,0.962650029,0.0,0.0,PRELIMINARY_POINT_BUFFER_PROXY,1.309444042,PRELIMINARY_90M,0.11297455152273675,0.7888882249522126,0.7888882249522126,0.962650029,0.21824067366666666,0.520688369785404,CANDIDATE_GRAPH
1191,ST031__ST037,31,ST031,마전저수지,37,ST037,군자동행정복지센터,6771.0,6.771,2.0162481635256917,0.315653891,0.315653891,0.0,0.0,PRELIMINARY_POINT_BUFFER_PROXY,4.240884001,PRELIMINARY_90M,0.564956195244055,0.4959706935337564,0.4959706935337564,0.315653891,0.7068140001666667,0.5208486949861195,CANDIDATE_GRAPH
1299,ST036__ST040,36,ST036,시흥시립군자도서관,40,ST040,갯골생태공원,6602.0,6.602,1.97187103077271,0.358090209,0.358090209,0.0,0.0,PRELIMINARY_POINT_BUFFER_PROXY,4.00443852,PRELIMINARY_90M,0.5508552357113058,0.5071325580599121,0.5071325580599121,0.358090209,0.66740642,0.5208711056928045,CANDIDATE_GRAPH
886,ST020__ST051,20,ST020,시화공업단지[왼쪽부근],51,ST051,연성중학교,11836.0,11.836,2.804294883522885,0.165890879,0.158340761,0.014571495,0.0,PRELIMINARY_POINT_BUFFER_PROXY,3.445657059,PRELIMINARY_90M,0.9875677930746767,0.3565958793690604,0.3565958793690604,0.165890879,0.5742761765000001,0.5210826819859343,CANDIDATE_GRAPH
680,ST015__ST030,15,ST015,목감택지개발예정지구,30,ST030,장곡도서관,8807.0,8.807,2.0749987409926467,0.227250281,0.227250281,0.0,0.0,PRELIMINARY_POINT_BUFFER_PROXY,3.848886438,PRELIMINARY_90M,0.7348352106800167,0.4819280032534457,0.4819280032534457,0.227250281,0.641481073,0.5213736419833656,CANDIDATE_GRAPH
794,ST018__ST030,18,ST018,정왕역,30,ST030,장곡도서관,7506.0,7.506,1.9907769945731615,0.16120625,0.16120625,0.0,0.0,PRELIMINARY_POINT_BUFFER_PROXY,4.777849909,PRELIMINARY_90M,0.6262828535669587,0.5023164335965254,0.5023164335965254,0.16120625,0.7963083181666667,0.5215284638325377,CANDIDATE_GRAPH
1030,ST025__ST035,25,ST025,목감동행정복지센터,35,ST035,산들공원,10674.0,10.674,2.715831427294401,0.201215069,0.198065356,0.023119418,0.0,PRELIMINARY_POINT_BUFFER_PROXY,3.762887945,PRELIMINARY_90M,0.890613266583229,0.368211366121583,0.368211366121583,0.201215069,0.6271479908333334,0.5217969231345364,CANDIDATE_GRAPH
838,ST019__ST038,19,ST019,시화병원,38,ST038,능곡도서관,10421.0,10.421,2.531216478716255,0.241079064,0.234484541,0.008849695,0.0,PRELIMINARY_POINT_BUFFER_PROXY,3.490066596,PRELIMINARY_90M,0.8695035460992908,0.395066960257451,0.395066960257451,0.241079064,0.581677766,0.5218318340891854,CANDIDATE_GRAPH
954,ST022__ST052,22,ST022,오이도박물관,52,ST052,가온그린공원,11939.0,11.939,3.074199505815415,0.213624245,0.213624245,0.0,0.0,PRELIMINARY_POINT_BUFFER_PROXY,3.320625774,PRELIMINARY_90M,0.9961618690029204,0.3252879320643685,0.3252879320643685,0.213624245,0.5534376289999999,0.5221279187668222,CANDIDATE_GRAPH
1397,ST042__ST045,42,ST042,시흥시청역,45,ST045,시흥중앙도서관,8531.0,8.531,2.498783433268731,0.25324337,0.25324337,0.0,0.0,PRELIMINARY_POINT_BUFFER_PROXY,4.340822591,PRELIMINARY_90M,0.7118064246975386,0.40019474544533495,0.40019474544533495,0.25324337,0.7234704318333334,0.5221787429940518,CANDIDATE_GRAPH
1255,ST034__ST035,34,ST034,군자디지털과학고등학교,35,ST035,산들공원,462.0,0.462,1.4710642870065378,1.0,1.0,0.0,0.0,PRELIMINARY_POINT_BUFFER_PROXY,2.223041889,PRELIMINARY_90M,0.038548185231539425,0.6797799449233423,0.6797799449233423,1.0,0.3705069815,0.5222087779137204,CANDIDATE_GRAPH
344,ST007__ST042,7,ST007,장현지구,42,ST042,시흥시청역,1884.0,1.884,1.0848082524282452,0.701082383,0.701082383,0.0,0.0,PRELIMINARY_POINT_BUFFER_PROXY,1.854984739,PRELIMINARY_90M,0.1571964956195244,0.9218218959540457,0.9218218959540457,0.701082383,0.3091641231666667,0.5223162244350592,CANDIDATE_GRAPH
667,ST015__ST017,15,ST015,목감택지개발예정지구,17,ST017,장곡동,8478.0,8.478,2.068764394021674,0.239205014,0.239205014,0.0,0.0,PRELIMINARY_POINT_BUFFER_PROXY,3.963866732,PRELIMINARY_90M,0.7073842302878598,0.48338032251995694,0.48338032251995694,0.239205014,0.6606444553333334,0.5226535055352876,CANDIDATE_GRAPH
1400,ST042__ST048,42,ST042,시흥시청역,48,ST048,정왕평생학습관 사거리,8371.0,8.371,2.5482261599822627,0.276198774,0.276198774,0.0,0.0,PRELIMINARY_POINT_BUFFER_PROXY,4.372055509,PRELIMINARY_90M,0.698456403838131,0.3924298461824757,0.3924298461824757,0.276198774,0.7286759181666667,0.5239402355468183,CANDIDATE_GRAPH
839,ST019__ST039,19,ST019,시화병원,39,ST039,능곡힐스테이트,10519.0,10.519,2.526338381605967,0.246279767,0.219894642,0.026385125,0.0,PRELIMINARY_POINT_BUFFER_PROXY,3.472193314,PRELIMINARY_90M,0.877680433875678,0.3958297935387066,0.3958297935387066,0.246279767,0.5786988856666667,0.5246222200202628,CANDIDATE_GRAPH
1178,ST030__ST048,30,ST030,장곡도서관,48,ST048,정왕평생학습관 사거리,6776.0,6.776,2.7359223632924965,0.271497661,0.271497661,0.0,0.0,PRELIMINARY_POINT_BUFFER_PROXY,5.378297952,PRELIMINARY_90M,0.5653733833959116,0.3655074476589197,0.3655074476589197,0.271497661,0.8963829919999999,0.5246903710137079,CANDIDATE_GRAPH
1258,ST034__ST038,34,ST034,군자디지털과학고등학교,38,ST038,능곡도서관,5716.0,5.716,1.9523151636500016,0.315975055,0.30394167,0.016148518,0.0,PRELIMINARY_POINT_BUFFER_PROXY,4.7650399,PRELIMINARY_90M,0.47692949520233624,0.5122123818013194,0.5122123818013194,0.315975055,0.7941733166666666,0.5248225621675806,CANDIDATE_GRAPH
771,ST017__ST044,17,ST017,장곡동,44,ST044,경기과학기술대학교,8384.0,8.384,2.6323327643462284,0.295369778,0.295369778,0.0,0.0,PRELIMINARY_POINT_BUFFER_PROXY,4.350987972,PRELIMINARY_90M,0.6995410930329579,0.37989117999994276,0.37989117999994276,0.295369778,0.7251646620000001,0.5249916782582251,CANDIDATE_GRAPH
25,ST001__ST026,1,ST001,월곶역,26,ST026,은계파크자이,11844.0,11.844,2.349349490956791,0.245611134,0.192924309,0.073109867,0.0,PRELIMINARY_POINT_BUFFER_PROXY,2.650203434,PRELIMINARY_90M,0.9882352941176471,0.4256497400021749,0.4256497400021749,0.245611134,0.4417005723333333,0.5252991851132889,CANDIDATE_GRAPH
321,ST007__ST019,7,ST007,장현지구,19,ST019,시화병원,8643.0,8.643,2.4020451386071913,0.253997224,0.253997224,0.0,0.0,PRELIMINARY_POINT_BUFFER_PROXY,4.263780363,PRELIMINARY_90M,0.721151439299124,0.4163119101832711,0.4163119101832711,0.253997224,0.7106300605000001,0.5255226584955989,CANDIDATE_GRAPH
287,ST006__ST033,6,ST006,시흥시청 본청,33,ST033,타원산업단지,11281.0,11.281,2.6191003738932084,0.195476431,0.195476431,0.0,0.0,PRELIMINARY_POINT_BUFFER_PROXY,3.518946764,PRELIMINARY_90M,0.9412599082186066,0.38181049110139,0.38181049110139,0.195476431,0.5864911273333333,0.5262594894133324,CANDIDATE_GRAPH
325,ST007__ST023,7,ST007,장현지구,23,ST023,오이도역,8693.0,8.693,2.147375838721975,0.25172783,0.25172783,0.0,0.0,PRELIMINARY_POINT_BUFFER_PROXY,3.980430619,PRELIMINARY_90M,0.7253233208176888,0.46568466589209495,0.46568466589209495,0.25172783,0.6634051031666667,0.5265352299691126,CANDIDATE_GRAPH
661,ST014__ST051,14,ST014,시흥대야역,51,ST051,연성중학교,11175.0,11.175,2.121938824432075,0.20091631,0.171828694,0.03652646,0.0,PRELIMINARY_POINT_BUFFER_PROXY,3.011366635,PRELIMINARY_90M,0.932415519399249,0.47126712065680987,0.47126712065680987,0.20091631,0.5018944391666667,0.5266233473056814,CANDIDATE_GRAPH
1259,ST034__ST039,34,ST034,군자디지털과학고등학교,39,ST039,능곡힐스테이트,5814.0,5.814,1.9531081884480037,0.324148164,0.276363699,0.047784465,0.0,PRELIMINARY_POINT_BUFFER_PROXY,4.712592915,PRELIMINARY_90M,0.4851063829787234,0.5120044070854206,0.5120044070854206,0.324148164,0.7854321525,0.526672776641036,CANDIDATE_GRAPH
272,ST006__ST018,6,ST006,시흥시청 본청,18,ST018,정왕역,8359.0,8.359,2.4528516535518414,0.270187169,0.270187169,0.0,0.0,PRELIMINARY_POINT_BUFFER_PROXY,4.38859811,PRELIMINARY_90M,0.6974551522736754,0.4076887399822791,0.4076887399822791,0.270187169,0.7314330183333334,0.5266910198973219,CANDIDATE_GRAPH
686,ST015__ST036,15,ST015,목감택지개발예정지구,36,ST036,시흥시립군자도서관,11008.0,11.008,2.6508932321834546,0.196966472,0.196966472,0.0,0.0,PRELIMINARY_POINT_BUFFER_PROXY,3.685852915,PRELIMINARY_90M,0.9184814351272423,0.37723133767116396,0.37723133767116396,0.196966472,0.6143088191666667,0.5267470159912683,CANDIDATE_GRAPH
345,ST007__ST043,7,ST007,장현지구,43,ST043,시흥종합버스터미널,9572.0,9.572,2.4286399381834176,0.243291198,0.243291198,0.0,0.0,PRELIMINARY_POINT_BUFFER_PROXY,3.925570549,PRELIMINARY_90M,0.7986649979140592,0.4117530903934584,0.4117530903934584,0.243291198,0.6542617581666667,0.5269927611185461,CANDIDATE_GRAPH
1174,ST030__ST044,30,ST030,장곡도서관,44,ST044,경기과학기술대학교,8171.0,8.171,2.756490469842499,0.277261165,0.277261165,0.0,0.0,PRELIMINARY_POINT_BUFFER_PROXY,4.718620442,PRELIMINARY_90M,0.6817688777638715,0.36278014052308266,0.36278014052308266,0.277261165,0.7864367403333333,0.5270617309050719,CANDIDATE_GRAPH
1282,ST035__ST042,35,ST035,산들공원,42,ST042,시흥시청역,6299.0,6.299,1.8016166623723513,0.227800528,0.227800528,0.0,0.0,PRELIMINARY_POINT_BUFFER_PROXY,4.803732278,PRELIMINARY_90M,0.5255736337088027,0.5550570334330777,0.5550570334330777,0.227800528,0.8006220463333333,0.5272633103688034,CANDIDATE_GRAPH
543,ST012__ST016,12,ST012,신천역,16,ST016,물왕호수,11736.0,11.736,2.2704023930368664,0.154737909,0.154737909,0.0,0.0,PRELIMINARY_POINT_BUFFER_PROXY,3.213719151,PRELIMINARY_90M,0.979224030037547,0.4404505576046414,0.4404505576046414,0.154737909,0.5356198584999999,0.5275080887855471,CANDIDATE_GRAPH
523,ST011__ST039,11,ST011,배곧생명공원,39,ST039,능곡힐스테이트,11298.0,11.298,2.3285883220548493,0.212905248,0.188331772,0.024573477,0.0,PRELIMINARY_POINT_BUFFER_PROXY,3.153661327,PRELIMINARY_90M,0.9426783479349187,0.42944473719491805,0.42944473719491805,0.212905248,0.5256102211666667,0.5276596385741259,CANDIDATE_GRAPH
865,ST020__ST030,20,ST020,시화공업단지[왼쪽부근],30,ST030,장곡도서관,9297.0,9.297,2.2030361017731273,0.21011764,0.21011764,0.0,0.0,PRELIMINARY_POINT_BUFFER_PROXY,4.026544933,PRELIMINARY_90M,0.7757196495619525,0.4539190252920249,0.4539190252920249,0.21011764,0.6710908221666667,0.5277117842551611,CANDIDATE_GRAPH
674,ST015__ST024,15,ST015,목감택지개발예정지구,24,ST024,목감고등학교,376.0,0.376,2.0,0.846481849,0.846481849,0.0,0.0,PRELIMINARY_POINT_BUFFER_PROXY,4.399641958,PRELIMINARY_90M,0.03137254901960784,0.5,0.5,0.846481849,0.7332736596666667,0.5277820144215686,CANDIDATE_GRAPH
585,ST013__ST016,13,ST013,삼미시장,16,ST016,물왕호수,11877.0,11.877,2.3055951065304647,0.158172509,0.158172509,0.0,0.0,PRELIMINARY_POINT_BUFFER_PROXY,3.169724636,PRELIMINARY_90M,0.9909887359198999,0.4337274993200488,0.4337274993200488,0.158172509,0.5282874393333333,0.5277940458933205,CANDIDATE_GRAPH
1002,ST024__ST037,24,ST024,목감고등학교,37,ST037,군자동행정복지센터,11108.0,11.108,2.6021730494863746,0.209403637,0.209403637,0.0,0.0,PRELIMINARY_POINT_BUFFER_PROXY,3.555315612,PRELIMINARY_90M,0.9268251981643721,0.3842941960364178,0.3842941960364178,0.209403637,0.5925526019999999,0.5282689083001975,CANDIDATE_GRAPH
1026,ST025__ST031,25,ST025,목감동행정복지센터,31,ST031,마전저수지,9672.0,9.672,2.255346999795927,0.113899704,0.110424545,0.025508246,0.0,PRELIMINARY_POINT_BUFFER_PROXY,4.494392828,PRELIMINARY_90M,0.807008760951189,0.443390750997733,0.443390750997733,0.113899704,0.7490654713333332,0.5283411718205638,CANDIDATE_GRAPH
745,ST017__ST018,17,ST017,장곡동,18,ST018,정왕역,7048.0,7.048,2.412165966762437,0.299407458,0.299407458,0.0,0.0,PRELIMINARY_POINT_BUFFER_PROXY,4.875639447,PRELIMINARY_90M,0.5880684188569044,0.4145651724546055,0.4145651724546055,0.299407458,0.8126065745000001,0.5286619059528775,CANDIDATE_GRAPH
985,ST023__ST051,23,ST023,오이도역,51,ST051,연성중학교,8807.0,8.807,2.366674760791399,0.252929573,0.242785227,0.019578275,0.0,PRELIMINARY_POINT_BUFFER_PROXY,4.23939879,PRELIMINARY_90M,0.7348352106800167,0.42253376617985616,0.42253376617985616,0.252929573,0.706566465,0.5292162537149683,CANDIDATE_GRAPH
423,ST009__ST028,9,ST009,능곡중앙공원,28,ST028,매화산업단지,7906.0,7.906,1.8163242159413575,0.203786429,0.203786429,0.074025087,0.0,PRELIMINARY_POINT_BUFFER_PROXY,4.220534155,PRELIMINARY_90M,0.6596579057154777,0.5505624993727917,0.5505624993727917,0.203786429,0.7034223591666667,0.529357298313734,CANDIDATE_GRAPH
1426,ST044__ST051,44,ST044,경기과학기술대학교,51,ST051,연성중학교,11834.0,11.834,2.6984336375946034,0.179004665,0.171453617,0.014573288,0.0,PRELIMINARY_POINT_BUFFER_PROXY,3.483476805,PRELIMINARY_90M,0.9874009178139341,0.37058535962048145,0.37058535962048145,0.179004665,0.5805794675,0.529392602483604,CANDIDATE_GRAPH
347,ST007__ST045,7,ST007,장현지구,45,ST045,시흥중앙도서관,9073.0,9.073,2.377914665313401,0.255013601,0.255013601,0.0,0.0,PRELIMINARY_POINT_BUFFER_PROXY,4.120945997,PRELIMINARY_90M,0.7570296203587819,0.4205365375751209,0.4205365375751209,0.255013601,0.6868243328333333,0.529851022941809,CANDIDATE_GRAPH
830,ST019__ST030,19,ST019,시화병원,30,ST030,장곡도서관,8138.0,8.138,2.089520420340609,0.226443262,0.226443262,0.0,0.0,PRELIMINARY_POINT_BUFFER_PROXY,4.432894098,PRELIMINARY_90M,0.6790154359616187,0.4785787160850009,0.4785787160850009,0.226443262,0.738815683,0.5307132742616549,CANDIDATE_GRAPH
873,ST020__ST038,20,ST020,시화공업단지[왼쪽부근],38,ST038,능곡도서관,11580.0,11.58,2.578108280308316,0.226516953,0.220582071,0.007964472,0.0,PRELIMINARY_POINT_BUFFER_PROXY,3.260868126,PRELIMINARY_90M,0.9662077596996246,0.3878813033719476,0.3878813033719476,0.226516953,0.543478021,0.531021009267893,CANDIDATE_GRAPH
350,ST007__ST048,7,ST007,장현지구,48,ST048,정왕평생학습관 사거리,8913.0,8.913,2.422155127522018,0.276606779,0.276606779,0.0,0.0,PRELIMINARY_POINT_BUFFER_PROXY,4.146293081,PRELIMINARY_90M,0.7436795994993742,0.4128554726480498,0.4128554726480498,0.276606779,0.6910488468333332,0.5310476744951893,CANDIDATE_GRAPH
286,ST006__ST032,6,ST006,시흥시청 본청,32,ST032,희망공원,11421.0,11.421,2.522192739062727,0.193072915,0.193072915,0.0,0.0,PRELIMINARY_POINT_BUFFER_PROXY,3.490619862,PRELIMINARY_90M,0.9529411764705882,0.396480405526665,0.396480405526665,0.193072915,0.581769977,0.5310661184993133,CANDIDATE_GRAPH
79,ST002__ST027,2,ST002,월곶포구,27,ST027,은행동행정복지센터,10993.0,10.993,2.347637080015806,0.315437364,0.258666769,0.078776632,0.0,PRELIMINARY_POINT_BUFFER_PROXY,2.79386186,PRELIMINARY_90M,0.9172298706716729,0.4259602169826297,0.4259602169826297,0.315437364,0.4656436433333333,0.5310677737469089,CANDIDATE_GRAPH
367,ST008__ST018,8,ST008,시흥능곡역,18,ST018,정왕역,8593.0,8.593,1.6328493833811462,0.200418056,0.200418056,0.0,0.0,PRELIMINARY_POINT_BUFFER_PROXY,3.570086229,PRELIMINARY_90M,0.716979557780559,0.6124263573712457,0.6124263573712457,0.200418056,0.5950143715,0.5312095856629512,CANDIDATE_GRAPH
298,ST006__ST044,6,ST006,시흥시청 본청,44,ST044,경기과학기술대학교,9695.0,9.695,2.6375648814314294,0.270726205,0.270726205,0.0,0.0,PRELIMINARY_POINT_BUFFER_PROXY,3.999571885,PRELIMINARY_90M,0.8089278264497288,0.3791375928001025,0.3791375928001025,0.270726205,0.6665953141666666,0.5313467346041244,CANDIDATE_GRAPH
414,ST009__ST019,9,ST009,능곡중앙공원,19,ST019,시화병원,10406.0,10.406,2.4930300112958856,0.230123804,0.200050307,0.054316337,0.0,PRELIMINARY_POINT_BUFFER_PROXY,3.771978233,PRELIMINARY_90M,0.8682519816437213,0.40111831605276044,0.40111831605276044,0.230123804,0.6286630388333333,0.5320392851324538,CANDIDATE_GRAPH
418,ST009__ST023,9,ST009,능곡중앙공원,23,ST023,오이도역,10456.0,10.456,2.280880731978156,0.228354375,0.198428371,0.054049945,0.0,PRELIMINARY_POINT_BUFFER_PROXY,3.536089925,PRELIMINARY_90M,0.8724238631622862,0.4384271329841621,0.4384271329841621,0.228354375,0.5893483208333333,0.5321384229949454,CANDIDATE_GRAPH
322,ST007__ST020,7,ST007,장현지구,20,ST020,시화공업단지[왼쪽부근],10307.0,10.307,2.5362418727732217,0.264744719,0.264744719,0.0,0.0,PRELIMINARY_POINT_BUFFER_PROXY,3.67636277,PRELIMINARY_90M,0.8599916562369628,0.3942841614339261,0.3942841614339261,0.264744719,0.6127271283333333,0.5329369162510555,CANDIDATE_GRAPH
716,ST016__ST027,16,ST016,물왕호수,27,ST027,은행동행정복지센터,9672.0,9.672,2.061470853179971,0.18259595,0.134638072,0.047957878,0.0,PRELIMINARY_POINT_BUFFER_PROXY,3.949408294,PRELIMINARY_90M,0.807008760951189,0.48509053545793585,0.48509053545793585,0.18259595,0.6582347156666667,0.5332324905189479,CANDIDATE_GRAPH
874,ST020__ST039,20,ST020,시화공업단지[왼쪽부근],39,ST039,능곡힐스테이트,11678.0,11.678,2.5733262110367985,0.231322196,0.207554509,0.023767687,0.0,PRELIMINARY_POINT_BUFFER_PROXY,3.24725777,PRELIMINARY_90M,0.9743846474760117,0.3886021118158579,0.3886021118158579,0.231322196,0.5412096283333333,0.5338796459063008,CANDIDATE_GRAPH
1029,ST025__ST034,25,ST025,목감동행정복지센터,34,ST034,군자디지털과학고등학교,11027.0,11.027,2.6700129419572725,0.226639869,0.223590409,0.022383542,0.0,PRELIMINARY_POINT_BUFFER_PROXY,3.697276312,PRELIMINARY_90M,0.9200667501042971,0.3745300197934407,0.3745300197934407,0.226639869,0.6162127186666667,0.5343623393911011,CANDIDATE_GRAPH
1396,ST042__ST044,42,ST042,시흥시청역,44,ST044,경기과학기술대학교,9766.0,9.766,2.5922763110812763,0.280348142,0.280348142,0.0,0.0,PRELIMINARY_POINT_BUFFER_PROXY,3.962574696,PRELIMINARY_90M,0.8148518982060909,0.385761346398635,0.385761346398635,0.280348142,0.660429116,0.5353476256511815,CANDIDATE_GRAPH
78,ST002__ST026,2,ST002,월곶포구,26,ST026,은계파크자이,11164.0,11.164,2.3270017875206173,0.328468027,0.272566716,0.077570388,0.0,PRELIMINARY_POINT_BUFFER_PROXY,2.711812933,PRELIMINARY_90M,0.9314977054651647,0.42973752979600577,0.42973752979600577,0.328468027,0.4519688221666667,0.5354180211069592,CANDIDATE_GRAPH
1358,ST039__ST048,39,ST039,능곡힐스테이트,48,ST048,정왕평생학습관 사거리,10643.0,10.643,2.5090757639657406,0.249041878,0.234552605,0.051778256,0.0,PRELIMINARY_POINT_BUFFER_PROXY,3.67443327,PRELIMINARY_90M,0.8880267000417188,0.3985531303444746,0.3985531303444746,0.249041878,0.612405545,0.5370068133465483,CANDIDATE_GRAPH
715,ST016__ST026,16,ST016,물왕호수,26,ST026,은계파크자이,9843.0,9.843,2.0430294187126394,0.199688668,0.152563984,0.047124684,0.0,PRELIMINARY_POINT_BUFFER_PROXY,3.839006543,PRELIMINARY_90M,0.8212765957446808,0.489469212161479,0.489469212161479,0.199688668,0.6398344238333333,0.5375672249348733,CANDIDATE_GRAPH
1291,ST035__ST051,35,ST035,산들공원,51,ST051,연성중학교,8002.0,8.002,2.1066164788159965,0.281015272,0.269847363,0.021553716,0.0,PRELIMINARY_POINT_BUFFER_PROXY,4.370401109,PRELIMINARY_90M,0.6676679182311223,0.47469485312392523,0.47469485312392523,0.281015272,0.7284001848333334,0.5379445570470952,CANDIDATE_GRAPH
1317,ST037__ST040,37,ST037,군자동행정복지센터,40,ST040,갯골생태공원,7078.0,7.078,1.9065003071820184,0.40126683,0.40126683,0.0,0.0,PRELIMINARY_POINT_BUFFER_PROXY,3.821325686,PRELIMINARY_90M,0.5905715477680434,0.5245212897332765,0.5245212897332765,0.40126683,0.6368876143333334,0.5383118204586633,CANDIDATE_GRAPH
320,ST007__ST018,7,ST007,장현지구,18,ST018,정왕역,8972.0,8.972,2.285552090454245,0.281434742,0.281434742,0.0,0.0,PRELIMINARY_POINT_BUFFER_PROXY,4.119751288,PRELIMINARY_90M,0.7486024196912807,0.43753104738962817,0.43753104738962817,0.281434742,0.6866252146666666,0.5385483559368939,CANDIDATE_GRAPH
1296,ST036__ST037,36,ST036,시흥시립군자도서관,37,ST037,군자동행정복지센터,688.0,0.688,1.1969270521131194,1.0,1.0,0.0,0.0,PRELIMINARY_POINT_BUFFER_PROXY,1.574384084,PRELIMINARY_90M,0.057405089695452646,0.8354728036554493,0.8354728036554493,1.0,0.26239734733333336,0.5388188101710588,CANDIDATE_GRAPH
1131,ST028__ST052,28,ST028,매화산업단지,52,ST052,가온그린공원,9242.0,9.242,1.815274074509646,0.145416115,0.145416115,0.0,0.0,PRELIMINARY_POINT_BUFFER_PROXY,4.127099785,PRELIMINARY_90M,0.7711305798915311,0.5508810014102838,0.5508810014102838,0.145416115,0.6878499641666668,0.5388194151171204,CANDIDATE_GRAPH
1000,ST024__ST035,24,ST024,목감고등학교,35,ST035,산들공원,11240.0,11.24,2.63901293879902,0.218685381,0.218685381,0.0,0.0,PRELIMINARY_POINT_BUFFER_PROXY,3.741876975,PRELIMINARY_90M,0.9378389653733834,0.37892955555386054,0.37892955555386054,0.218685381,0.6236461624999999,0.539775016106811,CANDIDATE_GRAPH
1297,ST036__ST038,36,ST036,시흥시립군자도서관,38,ST038,능곡도서관,5898.0,5.898,1.9921225746274878,0.337126268,0.325464976,0.015649178,0.0,PRELIMINARY_POINT_BUFFER_PROXY,4.973337005,PRELIMINARY_90M,0.4921151439299124,0.5019771437442762,0.5019771437442762,0.337126268,0.8288895008333333,0.5400270141268805,CANDIDATE_GRAPH
335,ST007__ST033,7,ST007,장현지구,33,ST033,타원산업단지,11894.0,11.894,2.4843213607861188,0.207813665,0.207813665,0.0,0.0,PRELIMINARY_POINT_BUFFER_PROXY,3.363690784,PRELIMINARY_90M,0.992407175636212,0.40252441402491024,0.40252441402491024,0.207813665,0.5606151306666667,0.5408400963319473,CANDIDATE_GRAPH
1298,ST036__ST039,36,ST036,시흥시립군자도서관,39,ST039,능곡힐스테이트,5996.0,5.996,1.9922495948968149,0.344709672,0.298378959,0.046330713,0.0,PRELIMINARY_POINT_BUFFER_PROXY,4.918029864,PRELIMINARY_90M,0.5002920317062995,0.5019451390837368,0.5019451390837368,0.344709672,0.819671644,0.5416546216975091,CANDIDATE_GRAPH
687,ST015__ST037,15,ST015,목감택지개발예정지구,37,ST037,군자동행정복지센터,11484.0,11.484,2.5824693495429583,0.230249468,0.230249468,0.0,0.0,PRELIMINARY_POINT_BUFFER_PROXY,3.582517943,PRELIMINARY_90M,0.95819774718398,0.38722628021779953,0.38722628021779953,0.230249468,0.5970863238333334,0.5431899548087782,CANDIDATE_GRAPH
346,ST007__ST044,7,ST007,장현지구,44,ST044,경기과학기술대학교,10308.0,10.308,2.4809750604090848,0.280482961,0.280482961,0.0,0.0,PRELIMINARY_POINT_BUFFER_PROXY,3.789544778,PRELIMINARY_90M,0.8600750938673342,0.40306733266198624,0.40306733266198624,0.280482961,0.6315907963333333,0.5438040459656635,CANDIDATE_GRAPH
1262,ST034__ST042,34,ST034,군자디지털과학고등학교,42,ST042,시흥시청역,6735.0,6.735,1.7782420880602594,0.277662941,0.277662941,0.0,0.0,PRELIMINARY_POINT_BUFFER_PROXY,4.656883012,PRELIMINARY_90M,0.5619524405506884,0.5623531276839923,0.5623531276839923,0.277662941,0.7761471686666667,0.5445289194753369,CANDIDATE_GRAPH
413,ST009__ST018,9,ST009,능곡중앙공원,18,ST018,정왕역,10735.0,10.735,2.392884336098931,0.253786149,0.224636968,0.05264691,0.0,PRELIMINARY_POINT_BUFFER_PROXY,3.665801204,PRELIMINARY_90M,0.8957029620358782,0.4179056985388099,0.4179056985388099,0.253786149,0.6109668673333334,0.5445904192270054,CANDIDATE_GRAPH
368,ST008__ST019,8,ST008,시흥능곡역,19,ST019,시화병원,9541.0,9.541,2.380203466611261,0.202110648,0.202110648,0.0,0.0,PRELIMINARY_POINT_BUFFER_PROXY,4.601175867,PRELIMINARY_90M,0.796078431372549,0.4201321500567841,0.4201321500567841,0.202110648,0.7668626445000001,0.5462959684823333,CANDIDATE_GRAPH
996,ST024__ST031,24,ST024,목감고등학교,31,ST031,마전저수지,10238.0,10.238,2.196470908575251,0.137899481,0.137899481,0.0,0.0,PRELIMINARY_POINT_BUFFER_PROXY,4.428390819,PRELIMINARY_90M,0.8542344597413434,0.45527577720055196,0.45527577720055196,0.137899481,0.7380651364999999,0.5463687136104738,CANDIDATE_GRAPH
267,ST006__ST013,6,ST006,시흥시청 본청,13,ST013,삼미시장,11455.0,11.455,2.6163837818491467,0.201577269,0.174703637,0.087897649,0.0,PRELIMINARY_POINT_BUFFER_PROXY,3.918999504,PRELIMINARY_90M,0.9557780559032123,0.38220692504569925,0.38220692504569925,0.201577269,0.6531665839999999,0.5481822084872279,CANDIDATE_GRAPH
1109,ST028__ST030,28,ST028,매화산업단지,30,ST030,장곡도서관,9762.0,9.762,1.8251079234098146,0.165184991,0.165184991,0.0,0.0,PRELIMINARY_POINT_BUFFER_PROXY,3.996719363,PRELIMINARY_90M,0.8145181476846057,0.5479128040448802,0.5479128040448802,0.165184991,0.6661198938333334,0.5484339591407048,CANDIDATE_GRAPH
341,ST007__ST039,7,ST007,장현지구,39,ST039,능곡힐스테이트,3093.0,3.093,1.5666346849364792,0.518859596,0.428985095,0.089874501,0.0,PRELIMINARY_POINT_BUFFER_PROXY,4.745965987,PRELIMINARY_90M,0.25807259073842304,0.6383109027364258,0.6383109027364258,0.518859596,0.7909943311666666,0.5515593551603788,CANDIDATE_GRAPH
397,ST008__ST048,8,ST008,시흥능곡역,48,ST048,정왕평생학습관 사거리,9811.0,9.811,2.3990711302241006,0.224075837,0.224075837,0.0,0.0,PRELIMINARY_POINT_BUFFER_PROXY,4.485684758,PRELIMINARY_90M,0.8186065915727994,0.41682799121782965,0.41682799121782965,0.224075837,0.7476141263333332,0.5517811365309906,CANDIDATE_GRAPH
999,ST024__ST034,24,ST024,목감고등학교,34,ST034,군자디지털과학고등학교,11593.0,11.593,2.597756645360384,0.242340239,0.242340239,0.0,0.0,PRELIMINARY_POINT_BUFFER_PROXY,3.68018367,PRELIMINARY_90M,0.9672924488944514,0.3849475283937811,0.3849475283937811,0.242340239,0.613363945,0.5519860403220581,CANDIDATE_GRAPH
340,ST007__ST038,7,ST007,장현지구,38,ST038,능곡도서관,2995.0,2.995,1.5526416544384283,0.509541985,0.486566978,0.030831918,0.0,PRELIMINARY_POINT_BUFFER_PROXY,4.846282974,PRELIMINARY_90M,0.24989570296203586,0.6440636170885727,0.6440636170885727,0.509541985,0.807713829,0.5528037835126521,CANDIDATE_GRAPH
310,ST007__ST008,7,ST007,장현지구,8,ST008,시흥능곡역,2741.0,2.741,1.4601091553027377,0.484118832,0.484118832,0.0,0.0,PRELIMINARY_POINT_BUFFER_PROXY,4.893457588,PRELIMINARY_90M,0.2287025448477263,0.6848803025227664,0.6848803025227664,0.484118832,0.8155762646666668,0.5533194860092899,CANDIDATE_GRAPH
685,ST015__ST035,15,ST015,목감택지개발예정지구,35,ST035,산들공원,11616.0,11.616,2.6183413371462763,0.238994137,0.238994137,0.0,0.0,PRELIMINARY_POINT_BUFFER_PROXY,3.764893781,PRELIMINARY_90M,0.9692115143929912,0.3819211749870235,0.3819211749870235,0.238994137,0.6274822968333333,0.554402280803337,CANDIDATE_GRAPH
1271,ST034__ST051,34,ST034,군자디지털과학고등학교,51,ST051,연성중학교,8438.0,8.438,2.072249583279339,0.318061069,0.307468589,0.020443158,0.0,PRELIMINARY_POINT_BUFFER_PROXY,4.279175988,PRELIMINARY_90M,0.7040467250730079,0.48256735485380003,0.48256735485380003,0.318061069,0.7131959980000001,0.554467786731702,CANDIDATE_GRAPH
311,ST007__ST009,7,ST007,장현지구,9,ST009,능곡중앙공원,3395.0,3.395,1.60506658419029,0.56701767,0.531927058,0.176076025,0.0,PRELIMINARY_POINT_BUFFER_PROXY,4.488913524,PRELIMINARY_90M,0.2832707551105549,0.6230271129247085,0.6230271129247085,0.56701767,0.748152254,0.5553669480088158,CANDIDATE_GRAPH
1281,ST035__ST041,35,ST035,산들공원,41,ST041,연꽃테마파크,9592.0,9.592,1.9619812587620868,0.279375583,0.262967451,0.056828228,0.0,PRELIMINARY_POINT_BUFFER_PROXY,3.802669825,PRELIMINARY_90M,0.8003337505214851,0.5096888645261324,0.5096888645261324,0.279375583,0.6337783041666667,0.555794125553571,CANDIDATE_GRAPH
467,ST010__ST027,10,ST010,은계호수공원,27,ST027,은행동행정복지센터,1085.0,1.085,1.0,0.896875795,0.896875795,0.0,0.0,PRELIMINARY_POINT_BUFFER_PROXY,1.453282362,PRELIMINARY_90M,0.09052982895285774,1.0,1.0,0.896875795,0.242213727,0.5574048377382144,CANDIDATE_GRAPH
1301,ST036__ST042,36,ST036,시흥시립군자도서관,42,ST042,시흥시청역,6917.0,6.917,1.816778563173707,0.296710198,0.296710198,0.0,0.0,PRELIMINARY_POINT_BUFFER_PROXY,4.838276223,PRELIMINARY_90M,0.5771380892782645,0.5504248125061059,0.5504248125061059,0.296710198,0.8063793705000001,0.5576631175710927,CANDIDATE_GRAPH
1022,ST025__ST027,25,ST025,목감동행정복지센터,27,ST027,은행동행정복지센터,11791.0,11.791,2.1504100554988375,0.170690801,0.128504866,0.060260373,0.0,PRELIMINARY_POINT_BUFFER_PROXY,3.700550705,PRELIMINARY_90M,0.9838130997079683,0.4650275873863633,0.4650275873863633,0.170690801,0.6167584508333334,0.5590724847319162,CANDIDATE_GRAPH
681,ST015__ST031,15,ST015,목감택지개발예정지구,31,ST031,마전저수지,10614.0,10.614,2.189516754857514,0.162979991,0.162979991,0.0,0.0,PRELIMINARY_POINT_BUFFER_PROXY,4.441402544,PRELIMINARY_90M,0.8856070087609512,0.45672178474152686,0.45672178474152686,0.162979991,0.7402337573333333,0.5613856354589528,CANDIDATE_GRAPH
1021,ST025__ST026,25,ST025,목감동행정복지센터,26,ST026,은계파크자이,11962.0,11.962,2.1339656225188346,0.184924391,0.143341479,0.059398986,0.0,PRELIMINARY_POINT_BUFFER_PROXY,3.613948828,PRELIMINARY_90M,0.9980809345014602,0.4686111104356246,0.4686111104356246,0.184924391,0.6023248046666666,0.5634853101509378,CANDIDATE_GRAPH
684,ST015__ST034,15,ST015,목감택지개발예정지구,34,ST034,군자디지털과학고등학교,11969.0,11.969,2.5789867126290114,0.261310662,0.261310662,0.0,0.0,PRELIMINARY_POINT_BUFFER_PROXY,3.705029013,PRELIMINARY_90M,0.9986649979140593,0.38774918657126506,0.38774918657126506,0.261310662,0.6175048355,0.5663074204963311,CANDIDATE_GRAPH
1310,ST036__ST051,36,ST036,시흥시립군자도서관,51,ST051,연성중학교,8620.0,8.62,2.096945088936556,0.332486659,0.32211825,0.020010708,0.0,PRELIMINARY_POINT_BUFFER_PROXY,4.433127681,PRELIMINARY_90M,0.719232373800584,0.47688420897427486,0.47688420897427486,0.332486659,0.7388546135,0.5668644638187148,CANDIDATE_GRAPH
805,ST018__ST041,18,ST018,정왕역,41,ST041,연꽃테마파크,11624.0,11.624,2.379137582782341,0.216876921,0.203345141,0.04686622,0.0,PRELIMINARY_POINT_BUFFER_PROXY,4.012326702,PRELIMINARY_90M,0.9698790154359617,0.4203203745915885,0.4203203745915885,0.216876921,0.668721117,0.5689493570068875,CANDIDATE_GRAPH
975,ST023__ST041,23,ST023,오이도역,41,ST041,연꽃테마파크,11410.0,11.41,2.196818980893119,0.231551759,0.217767264,0.047741475,0.0,PRELIMINARY_POINT_BUFFER_PROXY,3.873480017,PRELIMINARY_90M,0.952023362536504,0.4552036415824525,0.4552036415824525,0.231551759,0.6455800028333333,0.5710896914880724,CANDIDATE_GRAPH
1261,ST034__ST041,34,ST034,군자디지털과학고등학교,41,ST041,연꽃테마파크,10028.0,10.028,1.9393243017364707,0.310632261,0.294935822,0.054363336,0.0,PRELIMINARY_POINT_BUFFER_PROXY,3.747505792,PRELIMINARY_90M,0.8367125573633709,0.515643515168969,0.515643515168969,0.310632261,0.6245842986666666,0.5718931580497517,CANDIDATE_GRAPH
708,ST016__ST019,16,ST016,물왕호수,19,ST019,시화병원,10979.0,10.979,2.4279263736508616,0.134774177,0.134774177,0.0,0.0,PRELIMINARY_POINT_BUFFER_PROXY,5.055688597,PRELIMINARY_90M,0.9160617438464748,0.4118741041130933,0.4118741041130933,0.134774177,0.8426147661666666,0.5763311977815586,CANDIDATE_GRAPH
1277,ST035__ST037,35,ST035,산들공원,37,ST037,군자동행정복지센터,1120.0,1.12,1.558960820583074,1.0,1.0,0.0,0.0,PRELIMINARY_POINT_BUFFER_PROXY,3.432987377,PRELIMINARY_90M,0.09345014601585315,0.6414529389045104,0.6414529389045104,1.0,0.5721645628333333,0.5767669119384242,CANDIDATE_GRAPH
732,ST016__ST043,16,ST016,물왕호수,43,ST043,시흥종합버스터미널,11908.0,11.908,2.4472829519601325,0.135478594,0.135478594,0.0,0.0,PRELIMINARY_POINT_BUFFER_PROXY,4.721745189,PRELIMINARY_90M,0.9935753024614101,0.40861642058964115,0.40861642058964115,0.135478594,0.7869575315,0.5811569621377628,CANDIDATE_GRAPH
734,ST016__ST045,16,ST016,물왕호수,45,ST045,시흥중앙도서관,11409.0,11.409,2.4077556504969193,0.140098804,0.140098804,0.0,0.0,PRELIMINARY_POINT_BUFFER_PROXY,4.910278417,PRELIMINARY_90M,0.9519399249061327,0.4153245366877728,0.4153245366877728,0.140098804,0.8183797361666666,0.581435750440143,CANDIDATE_GRAPH
737,ST016__ST048,16,ST016,물왕호수,48,ST048,정왕평생학습관 사거리,11249.0,11.249,2.4432384599419756,0.155551168,0.155551168,0.0,0.0,PRELIMINARY_POINT_BUFFER_PROXY,4.944045903,PRELIMINARY_90M,0.938589904046725,0.40929283669828487,0.40929283669828487,0.155551168,0.8240076505,0.5818603898112524,CANDIDATE_GRAPH
1300,ST036__ST041,36,ST036,시흥시립군자도서관,41,ST041,연꽃테마파크,10210.0,10.21,1.9625580605474966,0.322949385,0.307533399,0.053392011,0.0,PRELIMINARY_POINT_BUFFER_PROXY,3.88112673,PRELIMINARY_90M,0.851898206090947,0.5095390654180336,0.5095390654180336,0.322949385,0.646854455,0.5828102778772452,CANDIDATE_GRAPH
707,ST016__ST018,16,ST016,물왕호수,18,ST018,정왕역,11308.0,11.308,2.33474303046991,0.160022807,0.160022807,0.0,0.0,PRELIMINARY_POINT_BUFFER_PROXY,4.917859407,PRELIMINARY_90M,0.9435127242386316,0.4283126609435607,0.4283126609435607,0.160022807,0.8196432345,0.587872856670548,CANDIDATE_GRAPH
1257,ST034__ST037,34,ST034,군자디지털과학고등학교,37,ST037,군자동행정복지센터,1204.0,1.204,1.4107293611207596,1.0,1.0,0.0,0.0,PRELIMINARY_POINT_BUFFER_PROXY,3.342884366,PRELIMINARY_90M,0.10045890696704214,0.7088531844304609,0.7088531844304609,1.0,0.5571473943333333,0.5916148714327091,CANDIDATE_GRAPH
712,ST016__ST023,16,ST016,물왕호수,23,ST023,오이도역,11973.0,11.973,2.3760153435329974,0.185269558,0.185269558,0.0,0.0,PRELIMINARY_POINT_BUFFER_PROXY,4.665065349,PRELIMINARY_90M,0.9989987484355445,0.4208727029990715,0.4208727029990715,0.185269558,0.7775108915,0.595662975233654,CANDIDATE_GRAPH
1276,ST035__ST036,35,ST035,산들공원,36,ST036,시흥시립군자도서관,644.0,0.644,1.9726651165804354,1.0,1.0,0.0,0.0,PRELIMINARY_POINT_BUFFER_PROXY,5.075705136,PRELIMINARY_90M,0.05373383395911556,0.50692841455699,0.50692841455699,1.0,0.845950856,0.6016532761290264,CANDIDATE_GRAPH
1339,ST038__ST045,38,ST038,능곡도서관,45,ST045,시흥중앙도서관,11943.0,11.943,2.437181231354207,0.184122626,0.184122626,0.0,0.0,PRELIMINARY_POINT_BUFFER_PROXY,4.944622709,PRELIMINARY_90M,0.9964956195244055,0.4103100693272429,0.4103100693272429,0.184122626,0.8241037848333334,0.6037580249212454,CANDIDATE_GRAPH
1342,ST038__ST048,38,ST038,능곡도서관,48,ST048,정왕평생학습관 사거리,11756.0,11.756,2.4240915545274277,0.198641157,0.198641157,0.0,0.0,PRELIMINARY_POINT_BUFFER_PROXY,4.97738278,PRELIMINARY_90M,0.9808927826449729,0.412525673022671,0.412525673022671,0.198641157,0.8295637966666667,0.6054058523335777,CANDIDATE_GRAPH
1256,ST034__ST036,34,ST034,군자디지털과학고등학교,36,ST036,시흥시립군자도서관,834.0,0.834,1.5937178303347366,1.0,1.0,0.0,0.0,PRELIMINARY_POINT_BUFFER_PROXY,4.670931472,PRELIMINARY_90M,0.06958698372966207,0.6274636456755742,0.6274636456755742,1.0,0.7784885786666668,0.6188848020179758,CANDIDATE_GRAPH
731,ST016__ST042,16,ST016,물왕호수,42,ST042,시흥시청역,3596.0,3.596,2.0217012678110553,0.0,0.0,0.0,0.0,PRELIMINARY_POINT_BUFFER_PROXY,6.248952212,PRELIMINARY_90M,0.30004171881518565,0.4946329192753211,0.4946329192753211,0.0,30.0,7.698668659522626,CANDIDATE_GRAPH
1161,ST030__ST031,30,ST030,장곡도서관,31,ST031,마전저수지,3080.0,3.08,2.4191566998959355,0.306722356,0.306722356,0.0,0.0,PRELIMINARY_POINT_BUFFER_PROXY,6.137599967,PRELIMINARY_90M,0.2569879015435962,0.41336718702141817,0.41336718702141817,0.306722356,30.0,7.744269361141254,CANDIDATE_GRAPH
1409,ST043__ST045,43,ST043,시흥종합버스터미널,45,ST045,시흥중앙도서관,671.0,0.671,3.1817228022763167,0.300402098,0.300402098,0.0,0.0,PRELIMINARY_POINT_BUFFER_PROXY,0.425583211,PRELIMINARY_90M,0.055986649979140594,0.31429513573104634,0.31429513573104634,0.300402098,0.07093053516666667,0.1854036047192134,CURRENT_03_CANDIDATE
136,ST003__ST032,3,ST003,배곧한울공원,32,ST032,희망공원,2946.0,2.946,2.474419063810549,0.0,0.0,0.0,0.0,PRELIMINARY_POINT_BUFFER_PROXY,0.664390229,PRELIMINARY_90M,0.2458072590738423,0.40413526335350114,0.40413526335350114,0.0,0.11073170483333333,0.1901685568151692,CURRENT_03_CANDIDATE
259,ST005__ST054,5,ST005,배곧중·고등학교,54,ST054,시흥 프리미엄 아울렛,1508.0,1.508,1.711681176130996,0.0,0.0,0.0,0.0,PRELIMINARY_POINT_BUFFER_PROXY,0.623743217,PRELIMINARY_90M,0.12582394659991655,0.5842209483546189,0.5842209483546189,0.0,0.10395720283333333,0.2035005244469672,CURRENT_03_CANDIDATE
151,ST003__ST047,3,ST003,배곧한울공원,47,ST047,배곧2동행정복지센터,2142.0,2.142,2.998593533213879,0.082490603,0.082490603,0.0,0.0,PRELIMINARY_POINT_BUFFER_PROXY,1.45164868,PRELIMINARY_90M,0.17872340425531916,0.3334896807198155,0.3334896807198155,0.082490603,0.24194144666666664,0.2091612836604503,CURRENT_03_CANDIDATE
1242,ST033__ST043,33,ST033,타원산업단지,43,ST043,시흥종합버스터미널,2934.0,2.934,2.565523484039041,0.07531911,0.07531911,0.0,0.0,PRELIMINARY_POINT_BUFFER_PROXY,0.889229462,PRELIMINARY_90M,0.24480600750938675,0.3897839977771891,0.3897839977771891,0.07531911,0.14820491033333333,0.21452850640497728,CURRENT_03_CANDIDATE
1243,ST033__ST044,33,ST033,타원산업단지,44,ST044,경기과학기술대학교,1598.0,1.598,1.7010597777371803,0.123630586,0.123630586,0.0,0.0,PRELIMINARY_POINT_BUFFER_PROXY,0.331684145,PRELIMINARY_90M,0.13333333333333333,0.5878688174793252,0.5878688174793252,0.123630586,0.05528069083333333,0.22502835691149795,CURRENT_03_CANDIDATE
1145,ST029__ST040,29,ST029,관곡공원,40,ST040,갯골생태공원,3173.0,3.173,2.6002442194967386,0.0,0.0,0.0,0.0,PRELIMINARY_POINT_BUFFER_PROXY,1.529257702,PRELIMINARY_90M,0.26474760116812684,0.38457926086402144,0.38457926086402144,0.0,0.25487628366666665,0.22605078642470372,CURRENT_03_CANDIDATE
1226,ST032__ST049,32,ST032,희망공원,49,ST049,거북섬 웨이브파크 정문,4499.0,4.499,3.070219818149316,0.042639664,0.042639664,0.0,0.0,PRELIMINARY_POINT_BUFFER_PROXY,0.994963213,PRELIMINARY_90M,0.37538589904046726,0.32570957756464014,0.32570957756464014,0.042639664,0.16582720216666666,0.22739058569294351,CURRENT_03_CANDIDATE
1448,ST046__ST054,46,ST046,배곧1동행정복지센터,54,ST054,시흥 프리미엄 아울렛,1087.0,1.087,2.0,0.198910149,0.198910149,0.0,0.0,PRELIMINARY_POINT_BUFFER_PROXY,0.722410179,PRELIMINARY_90M,0.09069670421360033,0.5,0.5,0.198910149,0.1204016965,0.2275021374284001,CURRENT_03_CANDIDATE
1210,ST032__ST033,32,ST032,희망공원,33,ST033,타원산업단지,2081.0,2.081,1.4965117896209403,0.0,0.0,0.0,0.0,PRELIMINARY_POINT_BUFFER_PROXY,0.481788461,PRELIMINARY_90M,0.17363370880267,0.6682205960123411,0.6682205960123411,0.0,0.08029807683333333,0.2305380954120861,CURRENT_03_CANDIDATE
1,ST001__ST002,1,ST001,월곶역,2,ST002,월곶포구,619.0,0.619,1.5532421960245575,0.149164241,0.149164241,0.0,0.0,PRELIMINARY_POINT_BUFFER_PROXY,0.47799073,PRELIMINARY_90M,0.05164789319983312,0.6438145979805647,0.6438145979805647,0.149164241,0.07966512166666666,0.23107296346176612,CURRENT_03_CANDIDATE
880,ST020__ST045,20,ST020,시화공업단지[왼쪽부근],45,ST045,시흥중앙도서관,1373.0,1.373,2.951996349336429,0.38168565,0.38168565,0.0,0.0,PRELIMINARY_POINT_BUFFER_PROXY,0.548337,PRELIMINARY_90M,0.1145598664997914,0.3387538064621209,0.3387538064621209,0.38168565,0.0913895,0.23159720574047807,CURRENT_03_CANDIDATE
108,ST003__ST004,3,ST003,배곧한울공원,4,ST004,배곧중심상가,4685.0,4.685,2.9330495193194137,0.0,0.0,0.0,0.0,PRELIMINARY_POINT_BUFFER_PROXY,1.18657571,PRELIMINARY_90M,0.3909052982895286,0.340942078684045,0.340942078684045,0.0,0.19776261833333333,0.23240249882672673,CURRENT_03_CANDIDATE
115,ST003__ST011,3,ST003,배곧한울공원,11,ST011,배곧생명공원,4442.0,4.442,2.929381135965357,0.030002831,0.030002831,0.0,0.0,PRELIMINARY_POINT_BUFFER_PROXY,1.252044916,PRELIMINARY_90M,0.3706299541093033,0.3413690310634355,0.3413690310634355,0.030002831,0.20867415266666667,0.23766899220985138,CURRENT_03_CANDIDATE
934,ST022__ST032,22,ST022,오이도박물관,32,ST032,희망공원,2894.0,2.894,2.88457420094931,0.0,0.0,0.0,0.0,PRELIMINARY_POINT_BUFFER_PROXY,2.242877844,PRELIMINARY_90M,0.24146850229453484,0.3466716160987993,0.3466716160987993,0.0,0.373812974,0.24048827309833354,CURRENT_03_CANDIDATE
53,ST001__ST054,1,ST001,월곶역,54,ST054,시흥 프리미엄 아울렛,3069.0,3.069,2.971566575272677,0.131704676,0.131704676,0.0,0.0,PRELIMINARY_POINT_BUFFER_PROXY,1.446878915,PRELIMINARY_90M,0.2560700876095119,0.3365228322061867,0.3365228322061867,0.131704676,0.24114648583333334,0.24136102041225796,CURRENT_03_CANDIDATE
209,ST004__ST054,4,ST004,배곧중심상가,54,ST054,시흥 프리미엄 아울렛,3518.0,3.518,3.9115620934849367,0.174673018,0.174673018,0.0,0.0,PRELIMINARY_POINT_BUFFER_PROXY,1.470188615,PRELIMINARY_90M,0.29353358364622445,0.25565233942357485,0.25565233942357485,0.174673018,0.24503143583333334,0.24222259422578316,CURRENT_03_CANDIDATE
957,ST022__ST055,22,ST022,오이도박물관,55,ST055,해양생태과학관,1977.0,1.977,2.056726097058233,0.0,0.0,0.0,0.0,PRELIMINARY_POINT_BUFFER_PROXY,2.016046436,PRELIMINARY_90M,0.16495619524405508,0.486209613146989,0.486209613146989,0.0,0.33600773933333333,0.24679338693109437,CURRENT_03_CANDIDATE
534,ST011__ST050,11,ST011,배곧생명공원,50,ST050,시흥한라3차아파트,995.0,0.995,2.969355785245408,0.47264275,0.47264275,0.0,0.0,PRELIMINARY_POINT_BUFFER_PROXY,0.56995669,PRELIMINARY_90M,0.08302044221944097,0.3367733853144018,0.3367733853144018,0.47264275,0.09499278166666668,0.24685733980012736,CURRENT_03_CANDIDATE
820,ST019__ST020,19,ST019,시화병원,20,ST020,시화공업단지[왼쪽부근],1979.0,1.979,2.8736363843131483,0.422822321,0.422822321,0.0,0.0,PRELIMINARY_POINT_BUFFER_PROXY,0.548112375,PRELIMINARY_90M,0.16512307050479766,0.34799113953974325,0.34799113953974325,0.422822321,0.0913520625,0.2568221483861352,CURRENT_03_CANDIDATE
807,ST018__ST043,18,ST018,정왕역,43,ST043,시흥종합버스터미널,1406.0,1.406,2.6557306312689994,0.43367149,0.43367149,0.0,0.0,PRELIMINARY_POINT_BUFFER_PROXY,0.599226145,PRELIMINARY_90M,0.11731330830204423,0.3765442128150496,0.3765442128150496,0.43367149,0.09987102416666667,0.2568500088209401,CURRENT_03_CANDIDATE
466,ST010__ST026,10,ST010,은계호수공원,26,ST026,은계파크자이,1220.0,1.22,2.405341600576404,0.254629654,0.254629654,0.0,0.0,PRELIMINARY_POINT_BUFFER_PROXY,1.537591702,PRELIMINARY_90M,0.1017939090529829,0.41574136486907515,0.41574136486907515,0.254629654,0.2562652836666667,0.2571075528971811,CURRENT_03_CANDIDATE
1247,ST033__ST048,33,ST033,타원산업단지,48,ST048,정왕평생학습관 사거리,3608.0,3.608,2.731241808577759,0.220485387,0.220485387,0.0,0.0,PRELIMINARY_POINT_BUFFER_PROXY,0.925063471,PRELIMINARY_90M,0.30104297037964123,0.36613382120154736,0.36613382120154736,0.220485387,0.15417724516666667,0.2604598559369638,CURRENT_03_CANDIDATE
127,ST003__ST023,3,ST003,배곧한울공원,23,ST023,오이도역,4569.0,4.569,3.362496455886152,0.25196631,0.25196631,0.0,0.0,PRELIMINARY_POINT_BUFFER_PROXY,0.707990957,PRELIMINARY_90M,0.38122653316645805,0.297398082977744,0.297398082977744,0.25196631,0.11799849283333334,0.26214735474438383,CURRENT_03_CANDIDATE
1147,ST029__ST042,29,ST029,관곡공원,42,ST042,시흥시청역,2654.0,2.654,2.6841941622399865,0.0,0.0,0.0,0.0,PRELIMINARY_POINT_BUFFER_PROXY,2.927478894,PRELIMINARY_90M,0.22144347100542344,0.37255129083713157,0.37255129083713157,0.0,0.487913149,0.2704769777106387,CURRENT_03_CANDIDATE
1379,ST040__ST054,40,ST040,갯골생태공원,54,ST054,시흥 프리미엄 아울렛,5042.0,5.042,2.505555704817685,0.080180898,0.080180898,0.0,0.0,PRELIMINARY_POINT_BUFFER_PROXY,1.509985427,PRELIMINARY_90M,0.42069253233208176,0.39911305826376126,0.39911305826376126,0.080180898,0.2516642378333333,0.2879126816072941,CURRENT_03_CANDIDATE
1236,ST033__ST037,33,ST033,타원산업단지,37,ST037,군자동행정복지센터,6377.0,6.377,2.6778195613261624,0.052201447,0.052201447,0.0,0.0,PRELIMINARY_POINT_BUFFER_PROXY,1.167165179,PRELIMINARY_90M,0.5320817688777638,0.3734381563426777,0.3734381563426777,0.052201447,0.19452752983333332,0.28806222551344374,CURRENT_03_CANDIDATE
916,ST021__ST047,21,ST021,오이도 포구 해양관광 단지,47,ST047,배곧2동행정복지센터,3762.0,3.762,2.469042411414725,0.254750012,0.237212965,0.071741573,0.0,PRELIMINARY_POINT_BUFFER_PROXY,1.099645611,PRELIMINARY_90M,0.31389236545682103,0.40501531904711785,0.40501531904711785,0.254750012,0.18327426849999998,0.28923299125098473,CURRENT_03_CANDIDATE
30,ST001__ST031,1,ST001,월곶역,31,ST031,마전저수지,4726.0,4.726,2.1733816526852707,0.0,0.0,0.0,0.0,PRELIMINARY_POINT_BUFFER_PROXY,1.971254241,PRELIMINARY_90M,0.3943262411347518,0.4601124697838842,0.4601124697838842,0.0,0.3285423735,0.295745271104659,CURRENT_03_CANDIDATE
1381,ST041__ST042,41,ST041,연꽃테마파크,42,ST042,시흥시청역,3357.0,3.357,2.4375560527901543,0.0,0.0,0.0,0.0,PRELIMINARY_POINT_BUFFER_PROXY,2.986825232,PRELIMINARY_90M,0.28010012515644556,0.4102469762101871,0.4102469762101871,0.0,0.49780420533333336,0.2970378266749915,CURRENT_03_CANDIDATE
157,ST003__ST053,3,ST003,배곧한울공원,53,ST053,오이도 빨강등대,2485.0,2.485,2.0743268960726615,0.321268247,0.295693025,0.112820736,0.0,PRELIMINARY_POINT_BUFFER_PROXY,1.113752047,PRELIMINARY_90M,0.20734251147267418,0.4820840928656459,0.4820840928656459,0.321268247,0.18562534116666665,0.2990800481262467,CURRENT_03_CANDIDATE
434,ST009__ST039,9,ST009,능곡중앙공원,39,ST039,능곡힐스테이트,792.0,0.792,2.0,0.496869839,0.318845713,0.496869839,0.0,PRELIMINARY_POINT_BUFFER_PROXY,0.848295282,PRELIMINARY_90M,0.06608260325406759,0.5,0.5,0.496869839,0.141382547,0.3010837473135169,CURRENT_03_CANDIDATE
1234,ST033__ST035,33,ST033,타원산업단지,35,ST035,산들공원,7540.0,7.54,2.4880660387555813,0.057148758,0.057148758,0.0,0.0,PRELIMINARY_POINT_BUFFER_PROXY,0.8813862,PRELIMINARY_90M,0.6291197329995828,0.4019185923618631,0.4019185923618631,0.057148758,0.1468977,0.3087711958403615,CURRENT_03_CANDIDATE
283,ST006__ST029,6,ST006,시흥시청 본청,29,ST029,관곡공원,3470.0,3.47,2.475229440723157,0.075912866,0.075912866,0.0,0.0,PRELIMINARY_POINT_BUFFER_PROXY,3.041565706,PRELIMINARY_90M,0.28952857738840215,0.40400295162449357,0.40400295162449357,0.075912866,0.5069276176666667,0.31909300316989064,CURRENT_03_CANDIDATE
262,ST006__ST008,6,ST006,시흥시청 본청,8,ST008,시흥능곡역,1951.0,1.951,2.023517683433672,0.1397711,0.1397711,0.0,0.0,PRELIMINARY_POINT_BUFFER_PROXY,2.968420709,PRELIMINARY_90M,0.16278681685440133,0.4941889108194584,0.4941889108194584,0.1397711,0.49473678483333333,0.3228709031267983,CURRENT_03_CANDIDATE
1143,ST029__ST038,29,ST029,관곡공원,38,ST038,능곡도서관,4223.0,4.223,2.511994530716733,0.118739746,0.102463148,0.021842811,0.0,PRELIMINARY_POINT_BUFFER_PROXY,2.578907523,PRELIMINARY_90M,0.35235711305798917,0.39809003872101417,0.39809003872101417,0.118739746,0.42981792049999995,0.3247512045697508,CURRENT_03_CANDIDATE
636,ST014__ST026,14,ST014,시흥대야역,26,ST026,은계파크자이,2742.0,2.742,2.689120979304191,0.480816193,0.434350308,0.046465885,0.0,PRELIMINARY_POINT_BUFFER_PROXY,1.352474425,PRELIMINARY_90M,0.22878598247809762,0.3718687287392885,0.3718687287392885,0.480816193,0.22541240416666666,0.32672082709601324,CURRENT_03_CANDIDATE
1144,ST029__ST039,29,ST029,관곡공원,39,ST039,능곡힐스테이트,4321.0,4.321,2.5005444574442675,0.134141311,0.069883904,0.064257407,0.0,PRELIMINARY_POINT_BUFFER_PROXY,2.555414981,PRELIMINARY_90M,0.3605340008343763,0.3999129057765565,0.3999129057765565,0.134141311,0.42590249683333337,0.3301226786110666,CURRENT_03_CANDIDATE
1233,ST033__ST034,33,ST033,타원산업단지,34,ST034,군자디지털과학고등학교,7893.0,7.893,2.4341605952920373,0.09909245,0.09909245,0.0,0.0,PRELIMINARY_POINT_BUFFER_PROXY,0.916931401,PRELIMINARY_90M,0.6585732165206508,0.41081923761896466,0.41081923761896466,0.09909245,0.15282190016666666,0.33032670107657053,CURRENT_03_CANDIDATE
468,ST010__ST028,10,ST010,은계호수공원,28,ST028,매화산업단지,3734.0,3.734,2.2597817465071626,0.156648005,0.156648005,0.0,0.0,PRELIMINARY_POINT_BUFFER_PROXY,2.499811713,PRELIMINARY_90M,0.3115561118064247,0.44252061135800064,0.44252061135800064,0.156648005,0.4166352855,0.3318400034161063,CURRENT_03_CANDIDATE
1157,ST029__ST052,29,ST029,관곡공원,52,ST052,가온그린공원,4265.0,4.265,2.386392012061943,0.201240875,0.201240875,0.0,0.0,PRELIMINARY_POINT_BUFFER_PROXY,2.198243349,PRELIMINARY_90M,0.35586149353358365,0.4190426363085074,0.4190426363085074,0.201240875,0.36637389150000005,0.3356297240855228,CURRENT_03_CANDIDATE
769,ST017__ST042,17,ST017,장곡동,42,ST042,시흥시청역,2716.0,2.716,1.8434790923881643,0.330839246,0.330839246,0.0,0.0,PRELIMINARY_POINT_BUFFER_PROXY,1.590121124,PRELIMINARY_90M,0.2266166040884439,0.5424525855102236,0.5424525855102236,0.330839246,0.2650201873333333,0.3412321557330002,CURRENT_03_CANDIDATE
595,ST013__ST026,13,ST013,삼미시장,26,ST026,은계파크자이,1938.0,1.938,2.6326125397405407,0.511569918,0.511569918,0.0,0.0,PRELIMINARY_POINT_BUFFER_PROXY,2.070334106,PRELIMINARY_90M,0.16170212765957448,0.3798508078589323,0.3798508078589323,0.511569918,0.3450556843333333,0.34954463446295997,CURRENT_03_CANDIDATE
714,ST016__ST025,16,ST016,물왕호수,25,ST025,목감동행정복지센터,3005.0,3.005,2.1381214943015445,0.193383798,0.119943446,0.161932073,0.0,PRELIMINARY_POINT_BUFFER_PROXY,2.924827881,PRELIMINARY_90M,0.25073007926574886,0.46770026991691965,0.46770026991691965,0.193383798,0.4874713135,0.3498213651706671,CURRENT_03_CANDIDATE
452,ST010__ST012,10,ST010,은계호수공원,12,ST012,신천역,2361.0,2.361,2.79221465563128,0.473443851,0.473443851,0.0,0.0,PRELIMINARY_POINT_BUFFER_PROXY,2.295026039,PRELIMINARY_90M,0.1969962453066333,0.35813865455623944,0.35813865455623944,0.473443851,0.3825043398333334,0.35277077267405155,CURRENT_03_CANDIDATE
6,ST001__ST007,1,ST001,월곶역,7,ST007,장현지구,6606.0,6.606,2.2379457054195973,0.124628605,0.124628605,0.0,0.0,PRELIMINARY_POINT_BUFFER_PROXY,1.757575321,PRELIMINARY_90M,0.551188986232791,0.4468383650140913,0.4468383650140913,0.124628605,0.29292922016666667,0.35389629410338724,CURRENT_03_CANDIDATE
1135,ST029__ST030,29,ST029,관곡공원,30,ST030,장곡도서관,4785.0,4.785,2.344415023463761,0.235519282,0.235519282,0.0,0.0,PRELIMINARY_POINT_BUFFER_PROXY,2.140637973,PRELIMINARY_90M,0.3992490613266583,0.4265456371809749,0.4265456371809749,0.235519282,0.3567729955,0.35452174400190833,CURRENT_03_CANDIDATE
480,ST010__ST040,10,ST010,은계호수공원,40,ST040,갯골생태공원,7454.0,7.454,2.3810988212602635,0.143643119,0.143643119,0.0,0.0,PRELIMINARY_POINT_BUFFER_PROXY,1.480173201,PRELIMINARY_90M,0.6219440967876513,0.41997416951839145,0.41997416951839145,0.143643119,0.24669553349999998,0.3580642297015107,CURRENT_03_CANDIDATE
1302,ST036__ST043,36,ST036,시흥시립군자도서관,43,ST043,시흥종합버스터미널,6625.0,6.625,2.865241405107486,0.35286474,0.35286474,0.0,0.0,PRELIMINARY_POINT_BUFFER_PROXY,1.146151704,PRELIMINARY_90M,0.5527743012098456,0.34901073194650634,0.34901073194650634,0.35286474,0.191025284,0.361418764289088,CURRENT_03_CANDIDATE
1376,ST040__ST051,40,ST040,갯골생태공원,51,ST051,연성중학교,5417.0,5.417,2.495832602905231,0.192518156,0.176017861,0.031845057,0.0,PRELIMINARY_POINT_BUFFER_PROXY,2.410565802,PRELIMINARY_90M,0.4519816437213183,0.4006678968917896,0.4006678968917896,0.192518156,0.40176096699999997,0.36173216590327695,CURRENT_03_CANDIDATE
713,ST016__ST024,16,ST016,물왕호수,24,ST024,목감고등학교,3229.0,3.229,2.105914035609522,0.176923572,0.176923572,0.0,0.0,PRELIMINARY_POINT_BUFFER_PROXY,3.167384816,PRELIMINARY_90M,0.2694201084689195,0.474853191104055,0.474853191104055,0.176923572,0.5278974693333334,0.36227358522657693,CURRENT_03_CANDIDATE
1080,ST027__ST028,27,ST027,은행동행정복지센터,28,ST028,매화산업단지,4046.0,4.046,2.177258890186534,0.235801443,0.235801443,0.0,0.0,PRELIMINARY_POINT_BUFFER_PROXY,2.540050863,PRELIMINARY_90M,0.3375886524822695,0.4592931068084082,0.4592931068084082,0.235801443,0.42334181049999997,0.3640062531976694,CURRENT_03_CANDIDATE
666,ST015__ST016,15,ST015,목감택지개발예정지구,16,ST016,물왕호수,3107.0,3.107,2.1181705540136373,0.281664379,0.281664379,0.0,0.0,PRELIMINARY_POINT_BUFFER_PROXY,3.053159992,PRELIMINARY_90M,0.2592407175636212,0.47210551487704316,0.47210551487704316,0.281664379,0.5088599986666666,0.38046765252683273,CURRENT_03_CANDIDATE
730,ST016__ST041,16,ST016,물왕호수,41,ST041,연꽃테마파크,3935.0,3.935,2.0,0.29027288,0.250287871,0.138484824,0.0,PRELIMINARY_POINT_BUFFER_PROXY,2.713464194,PRELIMINARY_90M,0.3283270755110555,0.5,0.5,0.29027288,0.4522440323333334,0.39271099696109724,CURRENT_03_CANDIDATE
1409,ST043__ST045,43,ST043,시흥종합버스터미널,45,ST045,시흥중앙도서관,671.0,0.671,3.1817228022763167,0.300402098,0.300402098,0.0,0.0,PRELIMINARY_POINT_BUFFER_PROXY,0.425583211,PRELIMINARY_90M,0.055986649979140594,0.31429513573104634,0.31429513573104634,0.300402098,0.07093053516666667,0.1854036047192134,MST
136,ST003__ST032,3,ST003,배곧한울공원,32,ST032,희망공원,2946.0,2.946,2.474419063810549,0.0,0.0,0.0,0.0,PRELIMINARY_POINT_BUFFER_PROXY,0.664390229,PRELIMINARY_90M,0.2458072590738423,0.40413526335350114,0.40413526335350114,0.0,0.11073170483333333,0.1901685568151692,MST
259,ST005__ST054,5,ST005,배곧중·고등학교,54,ST054,시흥 프리미엄 아울렛,1508.0,1.508,1.711681176130996,0.0,0.0,0.0,0.0,PRELIMINARY_POINT_BUFFER_PROXY,0.623743217,PRELIMINARY_90M,0.12582394659991655,0.5842209483546189,0.5842209483546189,0.0,0.10395720283333333,0.2035005244469672,MST
151,ST003__ST047,3,ST003,배곧한울공원,47,ST047,배곧2동행정복지센터,2142.0,2.142,2.998593533213879,0.082490603,0.082490603,0.0,0.0,PRELIMINARY_POINT_BUFFER_PROXY,1.45164868,PRELIMINARY_90M,0.17872340425531916,0.3334896807198155,0.3334896807198155,0.082490603,0.24194144666666664,0.2091612836604503,MST
1242,ST033__ST043,33,ST033,타원산업단지,43,ST043,시흥종합버스터미널,2934.0,2.934,2.565523484039041,0.07531911,0.07531911,0.0,0.0,PRELIMINARY_POINT_BUFFER_PROXY,0.889229462,PRELIMINARY_90M,0.24480600750938675,0.3897839977771891,0.3897839977771891,0.07531911,0.14820491033333333,0.21452850640497728,MST
1243,ST033__ST044,33,ST033,타원산업단지,44,ST044,경기과학기술대학교,1598.0,1.598,1.7010597777371803,0.123630586,0.123630586,0.0,0.0,PRELIMINARY_POINT_BUFFER_PROXY,0.331684145,PRELIMINARY_90M,0.13333333333333333,0.5878688174793252,0.5878688174793252,0.123630586,0.05528069083333333,0.22502835691149795,MST
1145,ST029__ST040,29,ST029,관곡공원,40,ST040,갯골생태공원,3173.0,3.173,2.6002442194967386,0.0,0.0,0.0,0.0,PRELIMINARY_POINT_BUFFER_PROXY,1.529257702,PRELIMINARY_90M,0.26474760116812684,0.38457926086402144,0.38457926086402144,0.0,0.25487628366666665,0.22605078642470372,MST
1226,ST032__ST049,32,ST032,희망공원,49,ST049,거북섬 웨이브파크 정문,4499.0,4.499,3.070219818149316,0.042639664,0.042639664,0.0,0.0,PRELIMINARY_POINT_BUFFER_PROXY,0.994963213,PRELIMINARY_90M,0.37538589904046726,0.32570957756464014,0.32570957756464014,0.042639664,0.16582720216666666,0.22739058569294351,MST
1448,ST046__ST054,46,ST046,배곧1동행정복지센터,54,ST054,시흥 프리미엄 아울렛,1087.0,1.087,2.0,0.198910149,0.198910149,0.0,0.0,PRELIMINARY_POINT_BUFFER_PROXY,0.722410179,PRELIMINARY_90M,0.09069670421360033,0.5,0.5,0.198910149,0.1204016965,0.2275021374284001,MST
1210,ST032__ST033,32,ST032,희망공원,33,ST033,타원산업단지,2081.0,2.081,1.4965117896209403,0.0,0.0,0.0,0.0,PRELIMINARY_POINT_BUFFER_PROXY,0.481788461,PRELIMINARY_90M,0.17363370880267,0.6682205960123411,0.6682205960123411,0.0,0.08029807683333333,0.2305380954120861,MST
1,ST001__ST002,1,ST001,월곶역,2,ST002,월곶포구,619.0,0.619,1.5532421960245575,0.149164241,0.149164241,0.0,0.0,PRELIMINARY_POINT_BUFFER_PROXY,0.47799073,PRELIMINARY_90M,0.05164789319983312,0.6438145979805647,0.6438145979805647,0.149164241,0.07966512166666666,0.23107296346176612,MST
880,ST020__ST045,20,ST020,시화공업단지[왼쪽부근],45,ST045,시흥중앙도서관,1373.0,1.373,2.951996349336429,0.38168565,0.38168565,0.0,0.0,PRELIMINARY_POINT_BUFFER_PROXY,0.548337,PRELIMINARY_90M,0.1145598664997914,0.3387538064621209,0.3387538064621209,0.38168565,0.0913895,0.23159720574047807,MST
108,ST003__ST004,3,ST003,배곧한울공원,4,ST004,배곧중심상가,4685.0,4.685,2.9330495193194137,0.0,0.0,0.0,0.0,PRELIMINARY_POINT_BUFFER_PROXY,1.18657571,PRELIMINARY_90M,0.3909052982895286,0.340942078684045,0.340942078684045,0.0,0.19776261833333333,0.23240249882672673,MST
115,ST003__ST011,3,ST003,배곧한울공원,11,ST011,배곧생명공원,4442.0,4.442,2.929381135965357,0.030002831,0.030002831,0.0,0.0,PRELIMINARY_POINT_BUFFER_PROXY,1.252044916,PRELIMINARY_90M,0.3706299541093033,0.3413690310634355,0.3413690310634355,0.030002831,0.20867415266666667,0.23766899220985138,MST
934,ST022__ST032,22,ST022,오이도박물관,32,ST032,희망공원,2894.0,2.894,2.88457420094931,0.0,0.0,0.0,0.0,PRELIMINARY_POINT_BUFFER_PROXY,2.242877844,PRELIMINARY_90M,0.24146850229453484,0.3466716160987993,0.3466716160987993,0.0,0.373812974,0.24048827309833354,MST
53,ST001__ST054,1,ST001,월곶역,54,ST054,시흥 프리미엄 아울렛,3069.0,3.069,2.971566575272677,0.131704676,0.131704676,0.0,0.0,PRELIMINARY_POINT_BUFFER_PROXY,1.446878915,PRELIMINARY_90M,0.2560700876095119,0.3365228322061867,0.3365228322061867,0.131704676,0.24114648583333334,0.24136102041225796,MST
209,ST004__ST054,4,ST004,배곧중심상가,54,ST054,시흥 프리미엄 아울렛,3518.0,3.518,3.9115620934849367,0.174673018,0.174673018,0.0,0.0,PRELIMINARY_POINT_BUFFER_PROXY,1.470188615,PRELIMINARY_90M,0.29353358364622445,0.25565233942357485,0.25565233942357485,0.174673018,0.24503143583333334,0.24222259422578316,MST
957,ST022__ST055,22,ST022,오이도박물관,55,ST055,해양생태과학관,1977.0,1.977,2.056726097058233,0.0,0.0,0.0,0.0,PRELIMINARY_POINT_BUFFER_PROXY,2.016046436,PRELIMINARY_90M,0.16495619524405508,0.486209613146989,0.486209613146989,0.0,0.33600773933333333,0.24679338693109437,MST
534,ST011__ST050,11,ST011,배곧생명공원,50,ST050,시흥한라3차아파트,995.0,0.995,2.969355785245408,0.47264275,0.47264275,0.0,0.0,PRELIMINARY_POINT_BUFFER_PROXY,0.56995669,PRELIMINARY_90M,0.08302044221944097,0.3367733853144018,0.3367733853144018,0.47264275,0.09499278166666668,0.24685733980012736,MST
820,ST019__ST020,19,ST019,시화병원,20,ST020,시화공업단지[왼쪽부근],1979.0,1.979,2.8736363843131483,0.422822321,0.422822321,0.0,0.0,PRELIMINARY_POINT_BUFFER_PROXY,0.548112375,PRELIMINARY_90M,0.16512307050479766,0.34799113953974325,0.34799113953974325,0.422822321,0.0913520625,0.2568221483861352,MST
807,ST018__ST043,18,ST018,정왕역,43,ST043,시흥종합버스터미널,1406.0,1.406,2.6557306312689994,0.43367149,0.43367149,0.0,0.0,PRELIMINARY_POINT_BUFFER_PROXY,0.599226145,PRELIMINARY_90M,0.11731330830204423,0.3765442128150496,0.3765442128150496,0.43367149,0.09987102416666667,0.2568500088209401,MST
466,ST010__ST026,10,ST010,은계호수공원,26,ST026,은계파크자이,1220.0,1.22,2.405341600576404,0.254629654,0.254629654,0.0,0.0,PRELIMINARY_POINT_BUFFER_PROXY,1.537591702,PRELIMINARY_90M,0.1017939090529829,0.41574136486907515,0.41574136486907515,0.254629654,0.2562652836666667,0.2571075528971811,MST
1247,ST033__ST048,33,ST033,타원산업단지,48,ST048,정왕평생학습관 사거리,3608.0,3.608,2.731241808577759,0.220485387,0.220485387,0.0,0.0,PRELIMINARY_POINT_BUFFER_PROXY,0.925063471,PRELIMINARY_90M,0.30104297037964123,0.36613382120154736,0.36613382120154736,0.220485387,0.15417724516666667,0.2604598559369638,MST
127,ST003__ST023,3,ST003,배곧한울공원,23,ST023,오이도역,4569.0,4.569,3.362496455886152,0.25196631,0.25196631,0.0,0.0,PRELIMINARY_POINT_BUFFER_PROXY,0.707990957,PRELIMINARY_90M,0.38122653316645805,0.297398082977744,0.297398082977744,0.25196631,0.11799849283333334,0.26214735474438383,MST
1147,ST029__ST042,29,ST029,관곡공원,42,ST042,시흥시청역,2654.0,2.654,2.6841941622399865,0.0,0.0,0.0,0.0,PRELIMINARY_POINT_BUFFER_PROXY,2.927478894,PRELIMINARY_90M,0.22144347100542344,0.37255129083713157,0.37255129083713157,0.0,0.487913149,0.2704769777106387,MST
1379,ST040__ST054,40,ST040,갯골생태공원,54,ST054,시흥 프리미엄 아울렛,5042.0,5.042,2.505555704817685,0.080180898,0.080180898,0.0,0.0,PRELIMINARY_POINT_BUFFER_PROXY,1.509985427,PRELIMINARY_90M,0.42069253233208176,0.39911305826376126,0.39911305826376126,0.080180898,0.2516642378333333,0.2879126816072941,MST
1236,ST033__ST037,33,ST033,타원산업단지,37,ST037,군자동행정복지센터,6377.0,6.377,2.6778195613261624,0.052201447,0.052201447,0.0,0.0,PRELIMINARY_POINT_BUFFER_PROXY,1.167165179,PRELIMINARY_90M,0.5320817688777638,0.3734381563426777,0.3734381563426777,0.052201447,0.19452752983333332,0.28806222551344374,MST
916,ST021__ST047,21,ST021,오이도 포구 해양관광 단지,47,ST047,배곧2동행정복지센터,3762.0,3.762,2.469042411414725,0.254750012,0.237212965,0.071741573,0.0,PRELIMINARY_POINT_BUFFER_PROXY,1.099645611,PRELIMINARY_90M,0.31389236545682103,0.40501531904711785,0.40501531904711785,0.254750012,0.18327426849999998,0.28923299125098473,MST
30,ST001__ST031,1,ST001,월곶역,31,ST031,마전저수지,4726.0,4.726,2.1733816526852707,0.0,0.0,0.0,0.0,PRELIMINARY_POINT_BUFFER_PROXY,1.971254241,PRELIMINARY_90M,0.3943262411347518,0.4601124697838842,0.4601124697838842,0.0,0.3285423735,0.295745271104659,MST
1381,ST041__ST042,41,ST041,연꽃테마파크,42,ST042,시흥시청역,3357.0,3.357,2.4375560527901543,0.0,0.0,0.0,0.0,PRELIMINARY_POINT_BUFFER_PROXY,2.986825232,PRELIMINARY_90M,0.28010012515644556,0.4102469762101871,0.4102469762101871,0.0,0.49780420533333336,0.2970378266749915,MST
157,ST003__ST053,3,ST003,배곧한울공원,53,ST053,오이도 빨강등대,2485.0,2.485,2.0743268960726615,0.321268247,0.295693025,0.112820736,0.0,PRELIMINARY_POINT_BUFFER_PROXY,1.113752047,PRELIMINARY_90M,0.20734251147267418,0.4820840928656459,0.4820840928656459,0.321268247,0.18562534116666665,0.2990800481262467,MST
434,ST009__ST039,9,ST009,능곡중앙공원,39,ST039,능곡힐스테이트,792.0,0.792,2.0,0.496869839,0.318845713,0.496869839,0.0,PRELIMINARY_POINT_BUFFER_PROXY,0.848295282,PRELIMINARY_90M,0.06608260325406759,0.5,0.5,0.496869839,0.141382547,0.3010837473135169,MST
1234,ST033__ST035,33,ST033,타원산업단지,35,ST035,산들공원,7540.0,7.54,2.4880660387555813,0.057148758,0.057148758,0.0,0.0,PRELIMINARY_POINT_BUFFER_PROXY,0.8813862,PRELIMINARY_90M,0.6291197329995828,0.4019185923618631,0.4019185923618631,0.057148758,0.1468977,0.3087711958403615,MST
283,ST006__ST029,6,ST006,시흥시청 본청,29,ST029,관곡공원,3470.0,3.47,2.475229440723157,0.075912866,0.075912866,0.0,0.0,PRELIMINARY_POINT_BUFFER_PROXY,3.041565706,PRELIMINARY_90M,0.28952857738840215,0.40400295162449357,0.40400295162449357,0.075912866,0.5069276176666667,0.31909300316989064,MST
262,ST006__ST008,6,ST006,시흥시청 본청,8,ST008,시흥능곡역,1951.0,1.951,2.023517683433672,0.1397711,0.1397711,0.0,0.0,PRELIMINARY_POINT_BUFFER_PROXY,2.968420709,PRELIMINARY_90M,0.16278681685440133,0.4941889108194584,0.4941889108194584,0.1397711,0.49473678483333333,0.3228709031267983,MST
1143,ST029__ST038,29,ST029,관곡공원,38,ST038,능곡도서관,4223.0,4.223,2.511994530716733,0.118739746,0.102463148,0.021842811,0.0,PRELIMINARY_POINT_BUFFER_PROXY,2.578907523,PRELIMINARY_90M,0.35235711305798917,0.39809003872101417,0.39809003872101417,0.118739746,0.42981792049999995,0.3247512045697508,MST
636,ST014__ST026,14,ST014,시흥대야역,26,ST026,은계파크자이,2742.0,2.742,2.689120979304191,0.480816193,0.434350308,0.046465885,0.0,PRELIMINARY_POINT_BUFFER_PROXY,1.352474425,PRELIMINARY_90M,0.22878598247809762,0.3718687287392885,0.3718687287392885,0.480816193,0.22541240416666666,0.32672082709601324,MST
1144,ST029__ST039,29,ST029,관곡공원,39,ST039,능곡힐스테이트,4321.0,4.321,2.5005444574442675,0.134141311,0.069883904,0.064257407,0.0,PRELIMINARY_POINT_BUFFER_PROXY,2.555414981,PRELIMINARY_90M,0.3605340008343763,0.3999129057765565,0.3999129057765565,0.134141311,0.42590249683333337,0.3301226786110666,MST
1233,ST033__ST034,33,ST033,타원산업단지,34,ST034,군자디지털과학고등학교,7893.0,7.893,2.4341605952920373,0.09909245,0.09909245,0.0,0.0,PRELIMINARY_POINT_BUFFER_PROXY,0.916931401,PRELIMINARY_90M,0.6585732165206508,0.41081923761896466,0.41081923761896466,0.09909245,0.15282190016666666,0.33032670107657053,MST
468,ST010__ST028,10,ST010,은계호수공원,28,ST028,매화산업단지,3734.0,3.734,2.2597817465071626,0.156648005,0.156648005,0.0,0.0,PRELIMINARY_POINT_BUFFER_PROXY,2.499811713,PRELIMINARY_90M,0.3115561118064247,0.44252061135800064,0.44252061135800064,0.156648005,0.4166352855,0.3318400034161063,MST
1157,ST029__ST052,29,ST029,관곡공원,52,ST052,가온그린공원,4265.0,4.265,2.386392012061943,0.201240875,0.201240875,0.0,0.0,PRELIMINARY_POINT_BUFFER_PROXY,2.198243349,PRELIMINARY_90M,0.35586149353358365,0.4190426363085074,0.4190426363085074,0.201240875,0.36637389150000005,0.3356297240855228,MST
769,ST017__ST042,17,ST017,장곡동,42,ST042,시흥시청역,2716.0,2.716,1.8434790923881643,0.330839246,0.330839246,0.0,0.0,PRELIMINARY_POINT_BUFFER_PROXY,1.590121124,PRELIMINARY_90M,0.2266166040884439,0.5424525855102236,0.5424525855102236,0.330839246,0.2650201873333333,0.3412321557330002,MST
595,ST013__ST026,13,ST013,삼미시장,26,ST026,은계파크자이,1938.0,1.938,2.6326125397405407,0.511569918,0.511569918,0.0,0.0,PRELIMINARY_POINT_BUFFER_PROXY,2.070334106,PRELIMINARY_90M,0.16170212765957448,0.3798508078589323,0.3798508078589323,0.511569918,0.3450556843333333,0.34954463446295997,MST
714,ST016__ST025,16,ST016,물왕호수,25,ST025,목감동행정복지센터,3005.0,3.005,2.1381214943015445,0.193383798,0.119943446,0.161932073,0.0,PRELIMINARY_POINT_BUFFER_PROXY,2.924827881,PRELIMINARY_90M,0.25073007926574886,0.46770026991691965,0.46770026991691965,0.193383798,0.4874713135,0.3498213651706671,MST
452,ST010__ST012,10,ST010,은계호수공원,12,ST012,신천역,2361.0,2.361,2.79221465563128,0.473443851,0.473443851,0.0,0.0,PRELIMINARY_POINT_BUFFER_PROXY,2.295026039,PRELIMINARY_90M,0.1969962453066333,0.35813865455623944,0.35813865455623944,0.473443851,0.3825043398333334,0.35277077267405155,MST
6,ST001__ST007,1,ST001,월곶역,7,ST007,장현지구,6606.0,6.606,2.2379457054195973,0.124628605,0.124628605,0.0,0.0,PRELIMINARY_POINT_BUFFER_PROXY,1.757575321,PRELIMINARY_90M,0.551188986232791,0.4468383650140913,0.4468383650140913,0.124628605,0.29292922016666667,0.35389629410338724,MST
1135,ST029__ST030,29,ST029,관곡공원,30,ST030,장곡도서관,4785.0,4.785,2.344415023463761,0.235519282,0.235519282,0.0,0.0,PRELIMINARY_POINT_BUFFER_PROXY,2.140637973,PRELIMINARY_90M,0.3992490613266583,0.4265456371809749,0.4265456371809749,0.235519282,0.3567729955,0.35452174400190833,MST
480,ST010__ST040,10,ST010,은계호수공원,40,ST040,갯골생태공원,7454.0,7.454,2.3810988212602635,0.143643119,0.143643119,0.0,0.0,PRELIMINARY_POINT_BUFFER_PROXY,1.480173201,PRELIMINARY_90M,0.6219440967876513,0.41997416951839145,0.41997416951839145,0.143643119,0.24669553349999998,0.3580642297015107,MST
1302,ST036__ST043,36,ST036,시흥시립군자도서관,43,ST043,시흥종합버스터미널,6625.0,6.625,2.865241405107486,0.35286474,0.35286474,0.0,0.0,PRELIMINARY_POINT_BUFFER_PROXY,1.146151704,PRELIMINARY_90M,0.5527743012098456,0.34901073194650634,0.34901073194650634,0.35286474,0.191025284,0.361418764289088,MST
1376,ST040__ST051,40,ST040,갯골생태공원,51,ST051,연성중학교,5417.0,5.417,2.495832602905231,0.192518156,0.176017861,0.031845057,0.0,PRELIMINARY_POINT_BUFFER_PROXY,2.410565802,PRELIMINARY_90M,0.4519816437213183,0.4006678968917896,0.4006678968917896,0.192518156,0.40176096699999997,0.36173216590327695,MST
713,ST016__ST024,16,ST016,물왕호수,24,ST024,목감고등학교,3229.0,3.229,2.105914035609522,0.176923572,0.176923572,0.0,0.0,PRELIMINARY_POINT_BUFFER_PROXY,3.167384816,PRELIMINARY_90M,0.2694201084689195,0.474853191104055,0.474853191104055,0.176923572,0.5278974693333334,0.36227358522657693,MST
1080,ST027__ST028,27,ST027,은행동행정복지센터,28,ST028,매화산업단지,4046.0,4.046,2.177258890186534,0.235801443,0.235801443,0.0,0.0,PRELIMINARY_POINT_BUFFER_PROXY,2.540050863,PRELIMINARY_90M,0.3375886524822695,0.4592931068084082,0.4592931068084082,0.235801443,0.42334181049999997,0.3640062531976694,MST
666,ST015__ST016,15,ST015,목감택지개발예정지구,16,ST016,물왕호수,3107.0,3.107,2.1181705540136373,0.281664379,0.281664379,0.0,0.0,PRELIMINARY_POINT_BUFFER_PROXY,3.053159992,PRELIMINARY_90M,0.2592407175636212,0.47210551487704316,0.47210551487704316,0.281664379,0.5088599986666666,0.38046765252683273,MST
730,ST016__ST041,16,ST016,물왕호수,41,ST041,연꽃테마파크,3935.0,3.935,2.0,0.29027288,0.250287871,0.138484824,0.0,PRELIMINARY_POINT_BUFFER_PROXY,2.713464194,PRELIMINARY_90M,0.3283270755110555,0.5,0.5,0.29027288,0.4522440323333334,0.39271099696109724,MST
1409,ST043__ST045,43,ST043,시흥종합버스터미널,45,ST045,시흥중앙도서관,671.0,0.671,3.1817228022763167,0.300402098,0.300402098,0.0,0.0,PRELIMINARY_POINT_BUFFER_PROXY,0.425583211,PRELIMINARY_90M,0.055986649979140594,0.31429513573104634,0.31429513573104634,0.300402098,0.07093053516666667,0.1854036047192134,T2_SPANNER
136,ST003__ST032,3,ST003,배곧한울공원,32,ST032,희망공원,2946.0,2.946,2.474419063810549,0.0,0.0,0.0,0.0,PRELIMINARY_POINT_BUFFER_PROXY,0.664390229,PRELIMINARY_90M,0.2458072590738423,0.40413526335350114,0.40413526335350114,0.0,0.11073170483333333,0.1901685568151692,T2_SPANNER
259,ST005__ST054,5,ST005,배곧중·고등학교,54,ST054,시흥 프리미엄 아울렛,1508.0,1.508,1.711681176130996,0.0,0.0,0.0,0.0,PRELIMINARY_POINT_BUFFER_PROXY,0.623743217,PRELIMINARY_90M,0.12582394659991655,0.5842209483546189,0.5842209483546189,0.0,0.10395720283333333,0.2035005244469672,T2_SPANNER
151,ST003__ST047,3,ST003,배곧한울공원,47,ST047,배곧2동행정복지센터,2142.0,2.142,2.998593533213879,0.082490603,0.082490603,0.0,0.0,PRELIMINARY_POINT_BUFFER_PROXY,1.45164868,PRELIMINARY_90M,0.17872340425531916,0.3334896807198155,0.3334896807198155,0.082490603,0.24194144666666664,0.2091612836604503,T2_SPANNER
1242,ST033__ST043,33,ST033,타원산업단지,43,ST043,시흥종합버스터미널,2934.0,2.934,2.565523484039041,0.07531911,0.07531911,0.0,0.0,PRELIMINARY_POINT_BUFFER_PROXY,0.889229462,PRELIMINARY_90M,0.24480600750938675,0.3897839977771891,0.3897839977771891,0.07531911,0.14820491033333333,0.21452850640497728,T2_SPANNER
1243,ST033__ST044,33,ST033,타원산업단지,44,ST044,경기과학기술대학교,1598.0,1.598,1.7010597777371803,0.123630586,0.123630586,0.0,0.0,PRELIMINARY_POINT_BUFFER_PROXY,0.331684145,PRELIMINARY_90M,0.13333333333333333,0.5878688174793252,0.5878688174793252,0.123630586,0.05528069083333333,0.22502835691149795,T2_SPANNER
1145,ST029__ST040,29,ST029,관곡공원,40,ST040,갯골생태공원,3173.0,3.173,2.6002442194967386,0.0,0.0,0.0,0.0,PRELIMINARY_POINT_BUFFER_PROXY,1.529257702,PRELIMINARY_90M,0.26474760116812684,0.38457926086402144,0.38457926086402144,0.0,0.25487628366666665,0.22605078642470372,T2_SPANNER
1226,ST032__ST049,32,ST032,희망공원,49,ST049,거북섬 웨이브파크 정문,4499.0,4.499,3.070219818149316,0.042639664,0.042639664,0.0,0.0,PRELIMINARY_POINT_BUFFER_PROXY,0.994963213,PRELIMINARY_90M,0.37538589904046726,0.32570957756464014,0.32570957756464014,0.042639664,0.16582720216666666,0.22739058569294351,T2_SPANNER
1448,ST046__ST054,46,ST046,배곧1동행정복지센터,54,ST054,시흥 프리미엄 아울렛,1087.0,1.087,2.0,0.198910149,0.198910149,0.0,0.0,PRELIMINARY_POINT_BUFFER_PROXY,0.722410179,PRELIMINARY_90M,0.09069670421360033,0.5,0.5,0.198910149,0.1204016965,0.2275021374284001,T2_SPANNER
1210,ST032__ST033,32,ST032,희망공원,33,ST033,타원산업단지,2081.0,2.081,1.4965117896209403,0.0,0.0,0.0,0.0,PRELIMINARY_POINT_BUFFER_PROXY,0.481788461,PRELIMINARY_90M,0.17363370880267,0.6682205960123411,0.6682205960123411,0.0,0.08029807683333333,0.2305380954120861,T2_SPANNER
1,ST001__ST002,1,ST001,월곶역,2,ST002,월곶포구,619.0,0.619,1.5532421960245575,0.149164241,0.149164241,0.0,0.0,PRELIMINARY_POINT_BUFFER_PROXY,0.47799073,PRELIMINARY_90M,0.05164789319983312,0.6438145979805647,0.6438145979805647,0.149164241,0.07966512166666666,0.23107296346176612,T2_SPANNER
880,ST020__ST045,20,ST020,시화공업단지[왼쪽부근],45,ST045,시흥중앙도서관,1373.0,1.373,2.951996349336429,0.38168565,0.38168565,0.0,0.0,PRELIMINARY_POINT_BUFFER_PROXY,0.548337,PRELIMINARY_90M,0.1145598664997914,0.3387538064621209,0.3387538064621209,0.38168565,0.0913895,0.23159720574047807,T2_SPANNER
108,ST003__ST004,3,ST003,배곧한울공원,4,ST004,배곧중심상가,4685.0,4.685,2.9330495193194137,0.0,0.0,0.0,0.0,PRELIMINARY_POINT_BUFFER_PROXY,1.18657571,PRELIMINARY_90M,0.3909052982895286,0.340942078684045,0.340942078684045,0.0,0.19776261833333333,0.23240249882672673,T2_SPANNER
115,ST003__ST011,3,ST003,배곧한울공원,11,ST011,배곧생명공원,4442.0,4.442,2.929381135965357,0.030002831,0.030002831,0.0,0.0,PRELIMINARY_POINT_BUFFER_PROXY,1.252044916,PRELIMINARY_90M,0.3706299541093033,0.3413690310634355,0.3413690310634355,0.030002831,0.20867415266666667,0.23766899220985138,T2_SPANNER
934,ST022__ST032,22,ST022,오이도박물관,32,ST032,희망공원,2894.0,2.894,2.88457420094931,0.0,0.0,0.0,0.0,PRELIMINARY_POINT_BUFFER_PROXY,2.242877844,PRELIMINARY_90M,0.24146850229453484,0.3466716160987993,0.3466716160987993,0.0,0.373812974,0.24048827309833354,T2_SPANNER
53,ST001__ST054,1,ST001,월곶역,54,ST054,시흥 프리미엄 아울렛,3069.0,3.069,2.971566575272677,0.131704676,0.131704676,0.0,0.0,PRELIMINARY_POINT_BUFFER_PROXY,1.446878915,PRELIMINARY_90M,0.2560700876095119,0.3365228322061867,0.3365228322061867,0.131704676,0.24114648583333334,0.24136102041225796,T2_SPANNER
209,ST004__ST054,4,ST004,배곧중심상가,54,ST054,시흥 프리미엄 아울렛,3518.0,3.518,3.9115620934849367,0.174673018,0.174673018,0.0,0.0,PRELIMINARY_POINT_BUFFER_PROXY,1.470188615,PRELIMINARY_90M,0.29353358364622445,0.25565233942357485,0.25565233942357485,0.174673018,0.24503143583333334,0.24222259422578316,T2_SPANNER
868,ST020__ST033,20,ST020,시화공업단지[왼쪽부근],33,ST033,타원산업단지,1990.0,1.99,1.8702031081023514,0.164715764,0.164715764,0.0,0.0,PRELIMINARY_POINT_BUFFER_PROXY,0.638115692,PRELIMINARY_90M,0.16604088443888193,0.5347012822659006,0.5347012822659006,0.164715764,0.10635261533333333,0.24295263650952897,T2_SPANNER
957,ST022__ST055,22,ST022,오이도박물관,55,ST055,해양생태과학관,1977.0,1.977,2.056726097058233,0.0,0.0,0.0,0.0,PRELIMINARY_POINT_BUFFER_PROXY,2.016046436,PRELIMINARY_90M,0.16495619524405508,0.486209613146989,0.486209613146989,0.0,0.33600773933333333,0.24679338693109437,T2_SPANNER
534,ST011__ST050,11,ST011,배곧생명공원,50,ST050,시흥한라3차아파트,995.0,0.995,2.969355785245408,0.47264275,0.47264275,0.0,0.0,PRELIMINARY_POINT_BUFFER_PROXY,0.56995669,PRELIMINARY_90M,0.08302044221944097,0.3367733853144018,0.3367733853144018,0.47264275,0.09499278166666668,0.24685733980012736,T2_SPANNER
1222,ST032__ST045,32,ST032,희망공원,45,ST045,시흥중앙도서관,3542.0,3.542,3.695161173181692,0.239589717,0.239589717,0.0,0.0,PRELIMINARY_POINT_BUFFER_PROXY,1.100349444,PRELIMINARY_90M,0.2955360867751356,0.27062419015919603,0.27062419015919603,0.239589717,0.18339157399999997,0.2472853919835829,T2_SPANNER
1246,ST033__ST047,33,ST033,타원산업단지,47,ST047,배곧2동행정복지센터,5822.0,5.822,2.832765178273928,0.030351918,0.030351918,0.0,0.0,PRELIMINARY_POINT_BUFFER_PROXY,0.750301445,PRELIMINARY_90M,0.4857738840216938,0.3530119643059592,0.3530119643059592,0.030351918,0.12505024083333333,0.24854700179024658,T2_SPANNER
205,ST004__ST050,4,ST004,배곧중심상가,50,ST050,시흥한라3차아파트,2083.0,2.083,3.3375162940590184,0.4015265,0.4015265,0.0,0.0,PRELIMINARY_POINT_BUFFER_PROXY,0.795418286,PRELIMINARY_90M,0.1738005840634126,0.29962400536592454,0.29962400536592454,0.4015265,0.13256971433333334,0.2518802009406676,T2_SPANNER
949,ST022__ST047,22,ST022,오이도박물관,47,ST047,배곧2동행정복지센터,4352.0,4.352,3.2556383357386656,0.040564469,0.040564469,0.0,0.0,PRELIMINARY_POINT_BUFFER_PROXY,1.850197274,PRELIMINARY_90M,0.36312056737588655,0.3071594252415976,0.3071594252415976,0.040564469,0.30836621233333333,0.2548026684877044,T2_SPANNER
820,ST019__ST020,19,ST019,시화병원,20,ST020,시화공업단지[왼쪽부근],1979.0,1.979,2.8736363843131483,0.422822321,0.422822321,0.0,0.0,PRELIMINARY_POINT_BUFFER_PROXY,0.548112375,PRELIMINARY_90M,0.16512307050479766,0.34799113953974325,0.34799113953974325,0.422822321,0.0913520625,0.2568221483861352,T2_SPANNER
807,ST018__ST043,18,ST018,정왕역,43,ST043,시흥종합버스터미널,1406.0,1.406,2.6557306312689994,0.43367149,0.43367149,0.0,0.0,PRELIMINARY_POINT_BUFFER_PROXY,0.599226145,PRELIMINARY_90M,0.11731330830204423,0.3765442128150496,0.3765442128150496,0.43367149,0.09987102416666667,0.2568500088209401,T2_SPANNER
466,ST010__ST026,10,ST010,은계호수공원,26,ST026,은계파크자이,1220.0,1.22,2.405341600576404,0.254629654,0.254629654,0.0,0.0,PRELIMINARY_POINT_BUFFER_PROXY,1.537591702,PRELIMINARY_90M,0.1017939090529829,0.41574136486907515,0.41574136486907515,0.254629654,0.2562652836666667,0.2571075528971811,T2_SPANNER
252,ST005__ST047,5,ST005,배곧중·고등학교,47,ST047,배곧2동행정복지센터,3334.0,3.334,2.6812687086629072,0.216881735,0.216881735,0.0,0.0,PRELIMINARY_POINT_BUFFER_PROXY,0.993464254,PRELIMINARY_90M,0.27818105965790574,0.37295777061400126,0.37295777061400126,0.216881735,0.16557737566666667,0.2583994852346434,T2_SPANNER
1247,ST033__ST048,33,ST033,타원산업단지,48,ST048,정왕평생학습관 사거리,3608.0,3.608,2.731241808577759,0.220485387,0.220485387,0.0,0.0,PRELIMINARY_POINT_BUFFER_PROXY,0.925063471,PRELIMINARY_90M,0.30104297037964123,0.36613382120154736,0.36613382120154736,0.220485387,0.15417724516666667,0.2604598559369638,T2_SPANNER
127,ST003__ST023,3,ST003,배곧한울공원,23,ST023,오이도역,4569.0,4.569,3.362496455886152,0.25196631,0.25196631,0.0,0.0,PRELIMINARY_POINT_BUFFER_PROXY,0.707990957,PRELIMINARY_90M,0.38122653316645805,0.297398082977744,0.297398082977744,0.25196631,0.11799849283333334,0.26214735474438383,T2_SPANNER
843,ST019__ST043,19,ST019,시화병원,43,ST043,시흥종합버스터미널,1504.0,1.504,1.864455410627717,0.337651847,0.337651847,0.0,0.0,PRELIMINARY_POINT_BUFFER_PROXY,0.368706378,PRELIMINARY_90M,0.12549019607843137,0.5363496462826773,0.5363496462826773,0.337651847,0.061451063,0.2652356880902772,T2_SPANNER
147,ST003__ST043,3,ST003,배곧한울공원,43,ST043,시흥종합버스터미널,4739.0,4.739,3.5517107534895764,0.285116743,0.285116743,0.0,0.0,PRELIMINARY_POINT_BUFFER_PROXY,0.649359863,PRELIMINARY_90M,0.39541093032957864,0.281554459077923,0.281554459077923,0.285116743,0.10822664383333334,0.26757719406020875,T2_SPANNER
159,ST003__ST055,3,ST003,배곧한울공원,55,ST055,해양생태과학관,4683.0,4.683,2.979187730277081,0.0,0.0,0.0,0.0,PRELIMINARY_POINT_BUFFER_PROXY,2.085033623,PRELIMINARY_90M,0.390738423028786,0.33566196243262403,0.33566196243262403,0.0,0.34750560383333334,0.26847649732368584,T2_SPANNER
56,ST002__ST004,2,ST002,월곶포구,4,ST004,배곧중심상가,3192.0,3.192,3.5458499603414118,0.332930014,0.332930014,0.0,0.0,PRELIMINARY_POINT_BUFFER_PROXY,1.198313388,PRELIMINARY_90M,0.26633291614518145,0.28201982914802043,0.28201982914802043,0.332930014,0.199718898,0.2702504143233005,T2_SPANNER
796,ST018__ST032,18,ST018,정왕역,32,ST032,희망공원,3868.0,3.868,2.4031752148338352,0.194564581,0.194564581,0.0,0.0,PRELIMINARY_POINT_BUFFER_PROXY,0.885911753,PRELIMINARY_90M,0.32273675427617854,0.41611614243830486,0.41611614243830486,0.194564581,0.14765195883333335,0.27026735913695416,T2_SPANNER
1227,ST032__ST050,32,ST032,희망공원,50,ST050,시흥한라3차아파트,4271.0,4.271,3.200955888599408,0.219882908,0.219882908,0.0,0.0,PRELIMINARY_POINT_BUFFER_PROXY,1.156929234,PRELIMINARY_90M,0.3563621193158114,0.31240667938025046,0.31240667938025046,0.219882908,0.192821539,0.27036831142401546,T2_SPANNER
1147,ST029__ST042,29,ST029,관곡공원,42,ST042,시흥시청역,2654.0,2.654,2.6841941622399865,0.0,0.0,0.0,0.0,PRELIMINARY_POINT_BUFFER_PROXY,2.927478894,PRELIMINARY_90M,0.22144347100542344,0.37255129083713157,0.37255129083713157,0.0,0.487913149,0.2704769777106387,T2_SPANNER
1254,ST033__ST055,33,ST033,타원산업단지,55,ST055,해양생태과학관,6669.0,6.669,2.6513319891233778,0.0,0.0,0.0,0.0,PRELIMINARY_POINT_BUFFER_PROXY,1.019873464,PRELIMINARY_90M,0.5564455569461827,0.37716891136316527,0.37716891136316527,0.0,0.16997891066666668,0.27589834474400365,T2_SPANNER
784,ST018__ST020,18,ST018,정왕역,20,ST020,시화공업단지[왼쪽부근],1949.0,1.949,3.244027725944256,0.540858498,0.540858498,0.0,0.0,PRELIMINARY_POINT_BUFFER_PROXY,0.564911031,PRELIMINARY_90M,0.16261994159365875,0.30825877103406224,0.30825877103406224,0.540858498,0.09415183849999999,0.2764722622819302,T2_SPANNER
1420,ST044__ST045,44,ST044,경기과학기술대학교,45,ST045,시흥중앙도서관,1383.0,1.383,2.7968941464619532,0.482850734,0.482850734,0.0,0.0,PRELIMINARY_POINT_BUFFER_PROXY,0.927116456,PRELIMINARY_90M,0.11539424280350438,0.35753945184696795,0.35753945184696795,0.482850734,0.15451940933333333,0.27757595949595143,T2_SPANNER
1444,ST046__ST050,46,ST046,배곧1동행정복지센터,50,ST050,시흥한라3차아파트,2363.0,2.363,4.178737580648687,0.479447383,0.479447383,0.0,0.0,PRELIMINARY_POINT_BUFFER_PROXY,1.190735572,PRELIMINARY_90M,0.1971631205673759,0.23930672378923704,0.23930672378923704,0.479447383,0.19845592866666664,0.2785932890058199,T2_SPANNER
10,ST001__ST011,1,ST001,월곶역,11,ST011,배곧생명공원,5473.0,5.473,3.399135690853287,0.159476951,0.159476951,0.0,0.0,PRELIMINARY_POINT_BUFFER_PROXY,1.230120641,PRELIMINARY_90M,0.456654151022111,0.2941924332973508,0.2941924332973508,0.159476951,0.20502010683333335,0.2788359105381988,T2_SPANNER
124,ST003__ST020,3,ST003,배곧한울공원,20,ST020,시화공업단지[왼쪽부근],5193.0,5.193,3.656428711169751,0.322906619,0.322906619,0.0,0.0,PRELIMINARY_POINT_BUFFER_PROXY,0.631602774,PRELIMINARY_90M,0.4332916145181477,0.27349090574230933,0.27349090574230933,0.322906619,0.105267129,0.28373906706511426,T2_SPANNER
148,ST003__ST044,3,ST003,배곧한울공원,44,ST044,경기과학기술대학교,4512.0,4.512,3.1706580906619517,0.229161108,0.229161108,0.0,0.0,PRELIMINARY_POINT_BUFFER_PROXY,1.318416395,PRELIMINARY_90M,0.3764705882352941,0.3153919380160053,0.3153919380160053,0.229161108,0.21973606583333335,0.2851899250211582,T2_SPANNER
945,ST022__ST043,22,ST022,오이도박물관,43,ST043,시흥종합버스터미널,5950.0,5.95,2.5472433575560016,0.037132252,0.037132252,0.0,0.0,PRELIMINARY_POINT_BUFFER_PROXY,1.30121079,PRELIMINARY_90M,0.49645390070921985,0.39258125731632804,0.39258125731632804,0.037132252,0.216868465,0.28575896875638696,T2_SPANNER
1379,ST040__ST054,40,ST040,갯골생태공원,54,ST054,시흥 프리미엄 아울렛,5042.0,5.042,2.505555704817685,0.080180898,0.080180898,0.0,0.0,PRELIMINARY_POINT_BUFFER_PROXY,1.509985427,PRELIMINARY_90M,0.42069253233208176,0.39911305826376126,0.39911305826376126,0.080180898,0.2516642378333333,0.2879126816072941,T2_SPANNER
1236,ST033__ST037,33,ST033,타원산업단지,37,ST037,군자동행정복지센터,6377.0,6.377,2.6778195613261624,0.052201447,0.052201447,0.0,0.0,PRELIMINARY_POINT_BUFFER_PROXY,1.167165179,PRELIMINARY_90M,0.5320817688777638,0.3734381563426777,0.3734381563426777,0.052201447,0.19452752983333332,0.28806222551344374,T2_SPANNER
916,ST021__ST047,21,ST021,오이도 포구 해양관광 단지,47,ST047,배곧2동행정복지센터,3762.0,3.762,2.469042411414725,0.254750012,0.237212965,0.071741573,0.0,PRELIMINARY_POINT_BUFFER_PROXY,1.099645611,PRELIMINARY_90M,0.31389236545682103,0.40501531904711785,0.40501531904711785,0.254750012,0.18327426849999998,0.28923299125098473,T2_SPANNER
152,ST003__ST048,3,ST003,배곧한울공원,48,ST048,정왕평생학습관 사거리,4872.0,4.872,3.339952815767692,0.354358738,0.354358738,0.0,0.0,PRELIMINARY_POINT_BUFFER_PROXY,0.713851516,PRELIMINARY_90M,0.4065081351689612,0.29940542730995107,0.29940542730995107,0.354358738,0.11897525266666666,0.29481188828639476,T2_SPANNER
30,ST001__ST031,1,ST001,월곶역,31,ST031,마전저수지,4726.0,4.726,2.1733816526852707,0.0,0.0,0.0,0.0,PRELIMINARY_POINT_BUFFER_PROXY,1.971254241,PRELIMINARY_90M,0.3943262411347518,0.4601124697838842,0.4601124697838842,0.0,0.3285423735,0.295745271104659,T2_SPANNER
237,ST005__ST032,5,ST005,배곧중·고등학교,32,ST032,희망공원,7099.0,7.099,2.860833291777587,0.077000335,0.077000335,0.0,0.0,PRELIMINARY_POINT_BUFFER_PROXY,0.999605979,PRELIMINARY_90M,0.5923237380058406,0.34954850493180856,0.34954850493180856,0.077000335,0.16660099650000001,0.29636839360941225,T2_SPANNER
1381,ST041__ST042,41,ST041,연꽃테마파크,42,ST042,시흥시청역,3357.0,3.357,2.4375560527901543,0.0,0.0,0.0,0.0,PRELIMINARY_POINT_BUFFER_PROXY,2.986825232,PRELIMINARY_90M,0.28010012515644556,0.4102469762101871,0.4102469762101871,0.0,0.49780420533333336,0.2970378266749915,T2_SPANNER
988,ST023__ST054,23,ST023,오이도역,54,ST054,시흥 프리미엄 아울렛,4175.0,4.175,3.62850171203835,0.340947009,0.340947009,0.0,0.0,PRELIMINARY_POINT_BUFFER_PROXY,1.34126926,PRELIMINARY_90M,0.34835210680016687,0.2755958462641152,0.2755958462641152,0.340947009,0.22354487666666667,0.29710995968273723,T2_SPANNER
157,ST003__ST053,3,ST003,배곧한울공원,53,ST053,오이도 빨강등대,2485.0,2.485,2.0743268960726615,0.321268247,0.295693025,0.112820736,0.0,PRELIMINARY_POINT_BUFFER_PROXY,1.113752047,PRELIMINARY_90M,0.20734251147267418,0.4820840928656459,0.4820840928656459,0.321268247,0.18562534116666665,0.2990800481262467,T2_SPANNER
925,ST022__ST023,22,ST022,오이도박물관,23,ST023,오이도역,6145.0,6.145,3.451768155847177,0.187192651,0.187192651,0.0,0.0,PRELIMINARY_POINT_BUFFER_PROXY,1.271537161,PRELIMINARY_90M,0.5127242386316229,0.28970659524337816,0.28970659524337816,0.187192651,0.21192286016666664,0.3003865862604169,T2_SPANNER
832,ST019__ST032,19,ST019,시화병원,32,ST032,희망공원,3411.0,3.411,2.341371222142413,0.388053631,0.388053631,0.0,0.0,PRELIMINARY_POINT_BUFFER_PROXY,0.618345546,PRELIMINARY_90M,0.2846057571964956,0.42710014992196543,0.42710014992196543,0.388053631,0.103057591,0.30070428227961526,T2_SPANNER
434,ST009__ST039,9,ST009,능곡중앙공원,39,ST039,능곡힐스테이트,792.0,0.792,2.0,0.496869839,0.318845713,0.496869839,0.0,PRELIMINARY_POINT_BUFFER_PROXY,0.848295282,PRELIMINARY_90M,0.06608260325406759,0.5,0.5,0.496869839,0.141382547,0.3010837473135169,T2_SPANNER
1433,ST045__ST048,45,ST045,시흥중앙도서관,48,ST048,정왕평생학습관 사거리,800.0,0.8,1.9695451677354328,0.559341505,0.559341505,0.0,0.0,PRELIMINARY_POINT_BUFFER_PROXY,0.477205873,PRELIMINARY_90M,0.06675010429703797,0.5077314378881658,0.5077314378881658,0.559341505,0.07953431216666666,0.3033393398379676,T2_SPANNER
1252,ST033__ST053,33,ST033,타원산업단지,53,ST053,오이도 빨강등대,6235.0,6.235,2.681993902930899,0.077964192,0.000893161,0.07707103,0.0,PRELIMINARY_POINT_BUFFER_PROXY,1.51111674,PRELIMINARY_90M,0.5202336253650396,0.3728569251806255,0.3728569251806255,0.077964192,0.25185279,0.30572688313641627,T2_SPANNER
150,ST003__ST046,3,ST003,배곧한울공원,46,ST046,배곧1동행정복지센터,5422.0,5.422,2.6242919561257807,0.202915765,0.202915765,0.0,0.0,PRELIMINARY_POINT_BUFFER_PROXY,1.137142625,PRELIMINARY_90M,0.4523988318731748,0.38105516334253114,0.38105516334253114,0.202915765,0.18952377083333335,0.3064733827622598,T2_SPANNER
1234,ST033__ST035,33,ST033,타원산업단지,35,ST035,산들공원,7540.0,7.54,2.4880660387555813,0.057148758,0.057148758,0.0,0.0,PRELIMINARY_POINT_BUFFER_PROXY,0.8813862,PRELIMINARY_90M,0.6291197329995828,0.4019185923618631,0.4019185923618631,0.057148758,0.1468977,0.3087711958403615,T2_SPANNER
1451,ST047__ST049,47,ST047,배곧2동행정복지센터,49,ST049,거북섬 웨이브파크 정문,6569.0,6.569,2.966831098730792,0.056069655,0.056069655,0.0,0.0,PRELIMINARY_POINT_BUFFER_PROXY,1.870627643,PRELIMINARY_90M,0.548101793909053,0.3370599696180208,0.3370599696180208,0.056069655,0.3117712738333333,0.3132506730901018,T2_SPANNER
1285,ST035__ST045,35,ST035,산들공원,45,ST045,시흥중앙도서관,6104.0,6.104,3.104005896090232,0.305870296,0.305870296,0.0,0.0,PRELIMINARY_POINT_BUFFER_PROXY,0.734142852,PRELIMINARY_90M,0.5093032957863997,0.3221643364980678,0.3221643364980678,0.305870296,0.12235714199999999,0.31492376757111684,T2_SPANNER
808,ST018__ST044,18,ST018,정왕역,44,ST044,경기과학기술대학교,2142.0,2.142,2.829382375187232,0.547101756,0.547101756,0.0,0.0,PRELIMINARY_POINT_BUFFER_PROXY,1.086960451,PRELIMINARY_90M,0.17872340425531916,0.3534340246018624,0.3534340246018624,0.547101756,0.18116007516666666,0.31510481500596205,T2_SPANNER
823,ST019__ST023,19,ST019,시화병원,23,ST023,오이도역,1664.0,1.664,2.9999999999999996,0.714416548,0.714416548,0.0,0.0,PRELIMINARY_POINT_BUFFER_PROXY,0.445157056,PRELIMINARY_90M,0.13884021693783896,0.33333333333333337,0.33333333333333337,0.714416548,0.07419284266666666,0.31519573523445976,T2_SPANNER
946,ST022__ST044,22,ST022,오이도박물관,44,ST044,경기과학기술대학교,5868.0,5.868,2.379436484924746,0.130076716,0.130076716,0.0,0.0,PRELIMINARY_POINT_BUFFER_PROXY,1.329196574,PRELIMINARY_90M,0.4896120150187735,0.42026757441757345,0.42026757441757345,0.130076716,0.22153276233333333,0.3153722669424201,T2_SPANNER
1475,ST050__ST055,50,ST050,시흥한라3차아파트,55,ST055,해양생태과학관,6177.0,6.177,3.092450020662885,0.125600025,0.125600025,0.0,0.0,PRELIMINARY_POINT_BUFFER_PROXY,1.783196728,PRELIMINARY_90M,0.5153942428035044,0.3233682010439231,0.3233682010439231,0.125600025,0.2971994546666667,0.31539048087852356,T2_SPANNER
57,ST002__ST005,2,ST002,월곶포구,5,ST005,배곧중·고등학교,2904.0,2.904,2.877154091987604,0.467373807,0.467373807,0.0,0.0,PRELIMINARY_POINT_BUFFER_PROXY,1.233991083,PRELIMINARY_90M,0.2423028785982478,0.3475656735886457,0.3475656735886457,0.467373807,0.20566518050000002,0.3157268849217234,T2_SPANNER
914,ST021__ST045,21,ST021,오이도 포구 해양관광 단지,45,ST045,시흥중앙도서관,5683.0,5.683,3.1106854785594846,0.354343024,0.342731054,0.047502923,0.0,PRELIMINARY_POINT_BUFFER_PROXY,0.685024673,PRELIMINARY_90M,0.47417605340008345,0.32147255223729215,0.32147255223729215,0.354343024,0.11417077883333333,0.3160406021176772,T2_SPANNER
892,ST021__ST023,21,ST021,오이도 포구 해양관광 단지,23,ST023,오이도역,5955.0,5.955,3.15826320833615,0.311273482,0.30019066,0.045338256,0.0,PRELIMINARY_POINT_BUFFER_PROXY,0.862008045,PRELIMINARY_90M,0.49687108886107634,0.3166297214749319,0.3166297214749319,0.311273482,0.1436680075,0.3171105749590021,T2_SPANNER
844,ST019__ST044,19,ST019,시화병원,44,ST044,경기과학기술대학교,2250.0,2.25,2.9108230402575663,0.569009941,0.569009941,0.0,0.0,PRELIMINARY_POINT_BUFFER_PROXY,1.047408429,PRELIMINARY_90M,0.18773466833541927,0.34354544614004234,0.34354544614004234,0.569009941,0.1745680715,0.31871453174386544,T2_SPANNER
283,ST006__ST029,6,ST006,시흥시청 본청,29,ST029,관곡공원,3470.0,3.47,2.475229440723157,0.075912866,0.075912866,0.0,0.0,PRELIMINARY_POINT_BUFFER_PROXY,3.041565706,PRELIMINARY_90M,0.28952857738840215,0.40400295162449357,0.40400295162449357,0.075912866,0.5069276176666667,0.31909300316989064,T2_SPANNER
1322,ST037__ST045,37,ST037,군자동행정복지센터,45,ST045,시흥중앙도서관,5556.0,5.556,3.4490973986733664,0.318446298,0.318446298,0.0,0.0,PRELIMINARY_POINT_BUFFER_PROXY,1.229092844,PRELIMINARY_90M,0.4635794743429287,0.28993092522833136,0.28993092522833136,0.318446298,0.20484880733333333,0.3192013762261483,T2_SPANNER
75,ST002__ST023,2,ST002,월곶포구,23,ST023,오이도역,4306.0,4.306,3.2745199097294737,0.435659498,0.435659498,0.0,0.0,PRELIMINARY_POINT_BUFFER_PROXY,1.096657756,PRELIMINARY_90M,0.35928243637880686,0.30538827906611066,0.30538827906611066,0.435659498,0.18277629266666665,0.32077662652789607,T2_SPANNER
262,ST006__ST008,6,ST006,시흥시청 본청,8,ST008,시흥능곡역,1951.0,1.951,2.023517683433672,0.1397711,0.1397711,0.0,0.0,PRELIMINARY_POINT_BUFFER_PROXY,2.968420709,PRELIMINARY_90M,0.16278681685440133,0.4941889108194584,0.4941889108194584,0.1397711,0.49473678483333333,0.3228709031267983,T2_SPANNER
1143,ST029__ST038,29,ST029,관곡공원,38,ST038,능곡도서관,4223.0,4.223,2.511994530716733,0.118739746,0.102463148,0.021842811,0.0,PRELIMINARY_POINT_BUFFER_PROXY,2.578907523,PRELIMINARY_90M,0.35235711305798917,0.39809003872101417,0.39809003872101417,0.118739746,0.42981792049999995,0.3247512045697508,T2_SPANNER
950,ST022__ST048,22,ST022,오이도박물관,48,ST048,정왕평생학습관 사거리,6448.0,6.448,3.430556160293327,0.267540036,0.267540036,0.0,0.0,PRELIMINARY_POINT_BUFFER_PROXY,1.248461824,PRELIMINARY_90M,0.538005840634126,0.29149792432329563,0.29149792432329563,0.267540036,0.20807697066666667,0.3262801929060221,T2_SPANNER
636,ST014__ST026,14,ST014,시흥대야역,26,ST026,은계파크자이,2742.0,2.742,2.689120979304191,0.480816193,0.434350308,0.046465885,0.0,PRELIMINARY_POINT_BUFFER_PROXY,1.352474425,PRELIMINARY_90M,0.22878598247809762,0.3718687287392885,0.3718687287392885,0.480816193,0.22541240416666666,0.32672082709601324,T2_SPANNER
28,ST001__ST029,1,ST001,월곶역,29,ST029,관곡공원,8007.0,8.007,2.4957917874297677,0.0,0.0,0.0,0.0,PRELIMINARY_POINT_BUFFER_PROXY,1.474024387,PRELIMINARY_90M,0.6680851063829787,0.40067444930164886,0.40067444930164886,0.0,0.24567073116666668,0.32860757171282357,T2_SPANNER
216,ST005__ST011,5,ST005,배곧중·고등학교,11,ST011,배곧생명공원,1035.0,1.035,2.302250274330589,0.657889333,0.657889333,0.0,0.0,PRELIMINARY_POINT_BUFFER_PROXY,0.815151569,PRELIMINARY_90M,0.08635794743429287,0.43435764180363223,0.43435764180363223,0.657889333,0.13585859483333332,0.3286158792678146,T2_SPANNER
1144,ST029__ST039,29,ST029,관곡공원,39,ST039,능곡힐스테이트,4321.0,4.321,2.5005444574442675,0.134141311,0.069883904,0.064257407,0.0,PRELIMINARY_POINT_BUFFER_PROXY,2.555414981,PRELIMINARY_90M,0.3605340008343763,0.3999129057765565,0.3999129057765565,0.134141311,0.42590249683333337,0.3301226786110666,T2_SPANNER
1424,ST044__ST049,44,ST044,경기과학기술대학교,49,ST049,거북섬 웨이브파크 정문,7754.0,7.754,2.513106231387435,0.113143833,0.113143833,0.0,0.0,PRELIMINARY_POINT_BUFFER_PROXY,0.978919207,PRELIMINARY_90M,0.6469753858990405,0.3979139391365562,0.3979139391365562,0.113143833,0.16315320116666668,0.33029658980056587,T2_SPANNER
1233,ST033__ST034,33,ST033,타원산업단지,34,ST034,군자디지털과학고등학교,7893.0,7.893,2.4341605952920373,0.09909245,0.09909245,0.0,0.0,PRELIMINARY_POINT_BUFFER_PROXY,0.916931401,PRELIMINARY_90M,0.6585732165206508,0.41081923761896466,0.41081923761896466,0.09909245,0.15282190016666666,0.33032670107657053,T2_SPANNER
46,ST001__ST047,1,ST001,월곶역,47,ST047,배곧2동행정복지센터,7096.0,7.096,2.7538987961978174,0.159419462,0.159419462,0.0,0.0,PRELIMINARY_POINT_BUFFER_PROXY,1.244990657,PRELIMINARY_90M,0.5920734251147267,0.36312155021116044,0.36312155021116044,0.159419462,0.20749844283333332,0.3305282200398051,T2_SPANNER
468,ST010__ST028,10,ST010,은계호수공원,28,ST028,매화산업단지,3734.0,3.734,2.2597817465071626,0.156648005,0.156648005,0.0,0.0,PRELIMINARY_POINT_BUFFER_PROXY,2.499811713,PRELIMINARY_90M,0.3115561118064247,0.44252061135800064,0.44252061135800064,0.156648005,0.4166352855,0.3318400034161063,T2_SPANNER
92,ST002__ST040,2,ST002,월곶포구,40,ST040,갯골생태공원,5178.0,5.178,2.1502804312043358,0.182738865,0.182738865,0.0,0.0,PRELIMINARY_POINT_BUFFER_PROXY,1.514434926,PRELIMINARY_90M,0.43204005006257823,0.46505562041501575,0.46505562041501575,0.182738865,0.25240582100000003,0.3330600891193985,T2_SPANNER
1431,ST045__ST046,45,ST045,시흥중앙도서관,46,ST046,배곧1동행정복지센터,4713.0,4.713,3.902855407896959,0.537115466,0.537115466,0.0,0.0,PRELIMINARY_POINT_BUFFER_PROXY,0.879566094,PRELIMINARY_90M,0.3932415519399249,0.2562226614843635,0.2562226614843635,0.537115466,0.14659434899999998,0.3332935071060721,T2_SPANNER
1414,ST043__ST050,43,ST043,시흥종합버스터미널,50,ST050,시흥한라3차아파트,3480.0,3.48,3.582820694081797,0.668947502,0.668947502,0.0,0.0,PRELIMINARY_POINT_BUFFER_PROXY,0.615837167,PRELIMINARY_90M,0.2903629536921151,0.27910969746597364,0.27910969746597364,0.668947502,0.10263952783333334,0.33526492024785554,T2_SPANNER
1440,ST045__ST055,45,ST045,시흥중앙도서관,55,ST055,해양생태과학관,7392.0,7.392,3.3734927062029856,0.179871299,0.179871299,0.0,0.0,PRELIMINARY_POINT_BUFFER_PROXY,1.48798843,PRELIMINARY_90M,0.6167709637046308,0.29642868299707814,0.29642868299707814,0.179871299,0.24799807166666665,0.3352672543420939,T2_SPANNER
1157,ST029__ST052,29,ST029,관곡공원,52,ST052,가온그린공원,4265.0,4.265,2.386392012061943,0.201240875,0.201240875,0.0,0.0,PRELIMINARY_POINT_BUFFER_PROXY,2.198243349,PRELIMINARY_90M,0.35586149353358365,0.4190426363085074,0.4190426363085074,0.201240875,0.36637389150000005,0.3356297240855228,T2_SPANNER
258,ST005__ST053,5,ST005,배곧중·고등학교,53,ST053,오이도 빨강등대,6642.0,6.642,2.494332228519753,0.202414333,0.1928514,0.042185248,0.0,PRELIMINARY_POINT_BUFFER_PROXY,1.120074325,PRELIMINARY_90M,0.5541927409261577,0.40090890402095486,0.40090890402095486,0.202414333,0.18667905416666666,0.33604875802844486,T2_SPANNER
98,ST002__ST046,2,ST002,월곶포구,46,ST046,배곧1동행정복지센터,3125.0,3.125,2.815004873907645,0.531949966,0.531949966,0.0,0.0,PRELIMINARY_POINT_BUFFER_PROXY,1.210764979,PRELIMINARY_90M,0.26074259491030455,0.35523917179292536,0.35523917179292536,0.531949966,0.20179416316666665,0.33743147396747414,T2_SPANNER
248,ST005__ST043,5,ST005,배곧중·고등학교,43,ST043,시흥종합버스터미널,5498.0,5.498,3.837015357175228,0.516546058,0.516546058,0.0,0.0,PRELIMINARY_POINT_BUFFER_PROXY,0.754435463,PRELIMINARY_90M,0.4587400917813934,0.26061923315735436,0.26061923315735436,0.516546058,0.12573924383333332,0.34041115669302024,T2_SPANNER
919,ST021__ST050,21,ST021,오이도 포구 해양관광 단지,50,ST050,시흥한라3차아파트,3800.0,3.8,2.1207887428081897,0.447508062,0.430147843,0.071018199,0.0,PRELIMINARY_POINT_BUFFER_PROXY,0.772975688,PRELIMINARY_90M,0.3170629954109303,0.4715226839029119,0.4715226839029119,0.447508062,0.12882928133333335,0.3412307556617939,T2_SPANNER
769,ST017__ST042,17,ST017,장곡동,42,ST042,시흥시청역,2716.0,2.716,1.8434790923881643,0.330839246,0.330839246,0.0,0.0,PRELIMINARY_POINT_BUFFER_PROXY,1.590121124,PRELIMINARY_90M,0.2266166040884439,0.5424525855102236,0.5424525855102236,0.330839246,0.2650201873333333,0.3412321557330002,T2_SPANNER
948,ST022__ST046,22,ST022,오이도박물관,46,ST046,배곧1동행정복지센터,7632.0,7.632,2.8793899893338257,0.144096576,0.144096576,0.0,0.0,PRELIMINARY_POINT_BUFFER_PROXY,1.456814235,PRELIMINARY_90M,0.6367959949937422,0.3472957826846371,0.3472957826846371,0.144096576,0.2428023725,0.3427476815445948,T2_SPANNER
1265,ST034__ST045,34,ST034,군자디지털과학고등학교,45,ST045,시흥중앙도서관,6540.0,6.54,2.9933398472819306,0.352023517,0.352023517,0.0,0.0,PRELIMINARY_POINT_BUFFER_PROXY,0.836864495,PRELIMINARY_90M,0.5456821026282853,0.3340749968327315,0.3340749968327315,0.352023517,0.13947741583333334,0.3428145080735876,T2_SPANNER
885,ST020__ST050,20,ST020,시화공업단지[왼쪽부근],50,ST050,시흥한라3차아파트,4182.0,4.182,3.439864281573088,0.633674854,0.633674854,0.0,0.0,PRELIMINARY_POINT_BUFFER_PROXY,0.625603106,PRELIMINARY_90M,0.34893617021276596,0.290709143775489,0.290709143775489,0.633674854,0.10426718433333333,0.34439683808039706,T2_SPANNER
1194,ST031__ST040,31,ST031,마전저수지,40,ST040,갯골생태공원,2402.0,2.402,2.2619856904966325,0.142177716,0.142177716,0.0,0.0,PRELIMINARY_POINT_BUFFER_PROXY,3.572654596,PRELIMINARY_90M,0.2004171881518565,0.44208944565889097,0.44208944565889097,0.142177716,0.5954424326666666,0.34503169561935354,T2_SPANNER
503,ST011__ST019,11,ST011,배곧생명공원,19,ST019,시화병원,3341.0,3.341,2.884602014738478,0.626739114,0.626739114,0.0,0.0,PRELIMINARY_POINT_BUFFER_PROXY,0.783434433,PRELIMINARY_90M,0.27876512307050477,0.34666827343620965,0.34666827343620965,0.626739114,0.13057240550000002,0.3456862290016786,T2_SPANNER
1468,ST049__ST053,49,ST049,거북섬 웨이브파크 정문,53,ST053,오이도 빨강등대,3795.0,3.795,1.9574790573544323,0.127972736,0.001466061,0.126506675,0.0,PRELIMINARY_POINT_BUFFER_PROXY,2.594915167,PRELIMINARY_90M,0.3166458072590738,0.5108611488040734,0.5108611488040734,0.127972736,0.43248586116666665,0.34699138830745346,T2_SPANNER
846,ST019__ST046,19,ST019,시화병원,46,ST046,배곧1동행정복지센터,4055.0,4.055,3.251371511972627,0.614053069,0.614053069,0.0,0.0,PRELIMINARY_POINT_BUFFER_PROXY,0.784060813,PRELIMINARY_90M,0.3383395911556112,0.3075625151778776,0.3075625151778776,0.614053069,0.13067680216666666,0.34765799437503886,T2_SPANNER
16,ST001__ST017,1,ST001,월곶역,17,ST017,장곡동,5471.0,5.471,2.2032904503529056,0.141154833,0.141154833,0.0,0.0,PRELIMINARY_POINT_BUFFER_PROXY,2.041065843,PRELIMINARY_90M,0.4564872757613684,0.45386662472931244,0.45386662472931244,0.141154833,0.34017764050000004,0.34792159349767027,T2_SPANNER
595,ST013__ST026,13,ST013,삼미시장,26,ST026,은계파크자이,1938.0,1.938,2.6326125397405407,0.511569918,0.511569918,0.0,0.0,PRELIMINARY_POINT_BUFFER_PROXY,2.070334106,PRELIMINARY_90M,0.16170212765957448,0.3798508078589323,0.3798508078589323,0.511569918,0.3450556843333333,0.34954463446295997,T2_SPANNER
714,ST016__ST025,16,ST016,물왕호수,25,ST025,목감동행정복지센터,3005.0,3.005,2.1381214943015445,0.193383798,0.119943446,0.161932073,0.0,PRELIMINARY_POINT_BUFFER_PROXY,2.924827881,PRELIMINARY_90M,0.25073007926574886,0.46770026991691965,0.46770026991691965,0.193383798,0.4874713135,0.3498213651706671,T2_SPANNER
837,ST019__ST037,19,ST019,시화병원,37,ST037,군자동행정복지센터,6481.0,6.481,3.3637250258662945,0.35991361,0.35991361,0.0,0.0,PRELIMINARY_POINT_BUFFER_PROXY,1.238705103,PRELIMINARY_90M,0.5407592824363788,0.29728946103210674,0.29728946103210674,0.35991361,0.2064508505,0.3511033009921214,T2_SPANNER
452,ST010__ST012,10,ST010,은계호수공원,12,ST012,신천역,2361.0,2.361,2.79221465563128,0.473443851,0.473443851,0.0,0.0,PRELIMINARY_POINT_BUFFER_PROXY,2.295026039,PRELIMINARY_90M,0.1969962453066333,0.35813865455623944,0.35813865455623944,0.473443851,0.3825043398333334,0.35277077267405155,T2_SPANNER
6,ST001__ST007,1,ST001,월곶역,7,ST007,장현지구,6606.0,6.606,2.2379457054195973,0.124628605,0.124628605,0.0,0.0,PRELIMINARY_POINT_BUFFER_PROXY,1.757575321,PRELIMINARY_90M,0.551188986232791,0.4468383650140913,0.4468383650140913,0.124628605,0.29292922016666667,0.35389629410338724,T2_SPANNER
260,ST005__ST055,5,ST005,배곧중·고등학교,55,ST055,해양생태과학관,8840.0,8.84,2.8691554302913267,0.061797594,0.061797594,0.0,0.0,PRELIMINARY_POINT_BUFFER_PROXY,1.619226112,PRELIMINARY_90M,0.7375886524822695,0.34853462083037534,0.34853462083037534,0.061797594,0.2698710186666667,0.3544479714948278,T2_SPANNER
1135,ST029__ST030,29,ST029,관곡공원,30,ST030,장곡도서관,4785.0,4.785,2.344415023463761,0.235519282,0.235519282,0.0,0.0,PRELIMINARY_POINT_BUFFER_PROXY,2.140637973,PRELIMINARY_90M,0.3992490613266583,0.4265456371809749,0.4265456371809749,0.235519282,0.3567729955,0.35452174400190833,T2_SPANNER
1391,ST041__ST052,41,ST041,연꽃테마파크,52,ST052,가온그린공원,4968.0,4.968,2.2619391797382047,0.172697542,0.172697542,0.0,0.0,PRELIMINARY_POINT_BUFFER_PROXY,2.343340408,PRELIMINARY_90M,0.41451814768460576,0.4420985360515924,0.4420985360515924,0.172697542,0.3905567346666667,0.35496774010071624,T2_SPANNER
1443,ST046__ST049,46,ST046,배곧1동행정복지센터,49,ST049,거북섬 웨이브파크 정문,8306.0,8.306,3.48477898206516,0.178349401,0.178349401,0.0,0.0,PRELIMINARY_POINT_BUFFER_PROXY,1.578347877,PRELIMINARY_90M,0.6930329578639967,0.28696224499362,0.28696224499362,0.178349401,0.2630579795,0.3553506458394041,T2_SPANNER
225,ST005__ST020,5,ST005,배곧중·고등학교,20,ST020,시화공업단지[왼쪽부근],6046.0,6.046,3.920032934906872,0.543310878,0.543310878,0.0,0.0,PRELIMINARY_POINT_BUFFER_PROXY,0.728433864,PRELIMINARY_90M,0.5044639132248644,0.2550998975277122,0.2550998975277122,0.543310878,0.121405644,0.35607008318814415,T2_SPANNER
172,ST004__ST017,4,ST004,배곧중심상가,17,ST017,장곡동,6764.0,6.764,2.942360541443412,0.206546328,0.206546328,0.0,0.0,PRELIMINARY_POINT_BUFFER_PROXY,1.909089561,PRELIMINARY_90M,0.564372131831456,0.33986317649210906,0.33986317649210906,0.206546328,0.3181815935,0.35724080745589126,T2_SPANNER
787,ST018__ST023,18,ST018,정왕역,23,ST023,오이도역,1655.0,1.655,2.5246466062280373,0.845619078,0.845619078,0.0,0.0,PRELIMINARY_POINT_BUFFER_PROXY,0.311055548,PRELIMINARY_90M,0.1380892782644973,0.39609504060216005,0.39609504060216005,0.845619078,0.051842591333333334,0.35791149704999764,T2_SPANNER
779,ST017__ST052,17,ST017,장곡동,52,ST052,가온그린공원,639.0,0.639,1.9871511618456574,0.588670368,0.588670368,0.0,0.0,PRELIMINARY_POINT_BUFFER_PROXY,1.720740011,PRELIMINARY_90M,0.053316645807259075,0.5032329795541092,0.5032329795541092,0.588670368,0.2867900018333333,0.3580024987986754,T2_SPANNER
480,ST010__ST040,10,ST010,은계호수공원,40,ST040,갯골생태공원,7454.0,7.454,2.3810988212602635,0.143643119,0.143643119,0.0,0.0,PRELIMINARY_POINT_BUFFER_PROXY,1.480173201,PRELIMINARY_90M,0.6219440967876513,0.41997416951839145,0.41997416951839145,0.143643119,0.24669553349999998,0.3580642297015107,T2_SPANNER
1473,ST050__ST053,50,ST050,시흥한라3차아파트,53,ST053,오이도 빨강등대,5727.0,5.727,3.0902887703235526,0.220321594,0.136464907,0.083856687,0.0,PRELIMINARY_POINT_BUFFER_PROXY,2.477162819,PRELIMINARY_90M,0.47784730913642054,0.32359435454807034,0.32359435454807034,0.220321594,0.41286046983333335,0.35865593187945605,T2_SPANNER
1425,ST044__ST050,44,ST044,경기과학기술대학교,50,ST050,시흥한라3차아파트,4192.0,4.192,3.3875016979736334,0.66648888,0.66648888,0.0,0.0,PRELIMINARY_POINT_BUFFER_PROXY,0.750088789,PRELIMINARY_90M,0.34977054651647893,0.29520280406005084,0.29520280406005084,0.66648888,0.12501479816666666,0.3591192571857991,T2_SPANNER
1459,ST048__ST050,48,ST048,정왕평생학습관 사거리,50,ST050,시흥한라3차아파트,3650.0,3.65,3.5088450033930068,0.746548284,0.746548284,0.0,0.0,PRELIMINARY_POINT_BUFFER_PROXY,0.613416754,PRELIMINARY_90M,0.3045473508552357,0.2849940647230109,0.2849940647230109,0.746548284,0.10223612566666666,0.3595814563112283,T2_SPANNER
1393,ST041__ST054,41,ST041,연꽃테마파크,54,ST054,시흥 프리미엄 아울렛,8437.0,8.437,2.489736395352416,0.047911633,0.047911633,0.0,0.0,PRELIMINARY_POINT_BUFFER_PROXY,1.716462461,PRELIMINARY_90M,0.7039632874426366,0.40164894639717574,0.40164894639717574,0.047911633,0.28607707683333333,0.3599002359182864,T2_SPANNER
855,ST019__ST055,19,ST019,시화병원,55,ST055,해양생태과학관,7802.0,7.802,3.1202061969026214,0.220126096,0.220126096,0.0,0.0,PRELIMINARY_POINT_BUFFER_PROXY,1.516146467,PRELIMINARY_90M,0.6509803921568628,0.32049163962070326,0.32049163962070326,0.220126096,0.25269107783333333,0.36107230140272484,T2_SPANNER
1302,ST036__ST043,36,ST036,시흥시립군자도서관,43,ST043,시흥종합버스터미널,6625.0,6.625,2.865241405107486,0.35286474,0.35286474,0.0,0.0,PRELIMINARY_POINT_BUFFER_PROXY,1.146151704,PRELIMINARY_90M,0.5527743012098456,0.34901073194650634,0.34901073194650634,0.35286474,0.191025284,0.361418764289088,T2_SPANNER
1376,ST040__ST051,40,ST040,갯골생태공원,51,ST051,연성중학교,5417.0,5.417,2.495832602905231,0.192518156,0.176017861,0.031845057,0.0,PRELIMINARY_POINT_BUFFER_PROXY,2.410565802,PRELIMINARY_90M,0.4519816437213183,0.4006678968917896,0.4006678968917896,0.192518156,0.40176096699999997,0.36173216590327695,T2_SPANNER
713,ST016__ST024,16,ST016,물왕호수,24,ST024,목감고등학교,3229.0,3.229,2.105914035609522,0.176923572,0.176923572,0.0,0.0,PRELIMINARY_POINT_BUFFER_PROXY,3.167384816,PRELIMINARY_90M,0.2694201084689195,0.474853191104055,0.474853191104055,0.176923572,0.5278974693333334,0.36227358522657693,T2_SPANNER
1200,ST031__ST046,31,ST031,마전저수지,46,ST046,배곧1동행정복지센터,6474.0,6.474,2.6607456451218936,0.206709213,0.206709213,0.0,0.0,PRELIMINARY_POINT_BUFFER_PROXY,1.978775005,PRELIMINARY_90M,0.5401752190237797,0.3758344965567681,0.3758344965567681,0.206709213,0.32979583416666663,0.36312869068680365,T2_SPANNER
848,ST019__ST048,19,ST019,시화병원,48,ST048,정왕평생학습관 사거리,855.0,0.855,3.0,1.0,1.0,0.0,0.0,PRELIMINARY_POINT_BUFFER_PROXY,0.303061646,PRELIMINARY_90M,0.07133917396745933,0.3333333333333333,0.3333333333333333,1.0,0.050510274333333334,0.3637956954085315,T2_SPANNER
1080,ST027__ST028,27,ST027,은행동행정복지센터,28,ST028,매화산업단지,4046.0,4.046,2.177258890186534,0.235801443,0.235801443,0.0,0.0,PRELIMINARY_POINT_BUFFER_PROXY,2.540050863,PRELIMINARY_90M,0.3375886524822695,0.4592931068084082,0.4592931068084082,0.235801443,0.42334181049999997,0.3640062531976694,T2_SPANNER
596,ST013__ST027,13,ST013,삼미시장,27,ST027,은행동행정복지센터,1561.0,1.561,2.6154869323133116,0.514819805,0.514819805,0.0,0.0,PRELIMINARY_POINT_BUFFER_PROXY,2.62974837,PRELIMINARY_90M,0.13024614100959533,0.3823379836639188,0.3823379836639188,0.514819805,0.43829139500000003,0.36642383116837857,T2_SPANNER
162,ST004__ST007,4,ST004,배곧중심상가,7,ST007,장현지구,7899.0,7.899,2.8650445619521356,0.183317918,0.183317918,0.0,0.0,PRELIMINARY_POINT_BUFFER_PROXY,1.69100406,PRELIMINARY_90M,0.6590738423028786,0.34903471076157955,0.34903471076157955,0.183317918,0.28183401,0.36831512026611457,T2_SPANNER
765,ST017__ST038,17,ST017,장곡동,38,ST038,능곡도서관,4285.0,4.285,1.9821410620641189,0.326481556,0.310449796,0.021514244,0.0,PRELIMINARY_POINT_BUFFER_PROXY,1.72813283,PRELIMINARY_90M,0.3575302461410096,0.5045049613969662,0.5045049613969662,0.326481556,0.28802213833333334,0.36913472546782733,T2_SPANNER
385,ST008__ST036,8,ST008,시흥능곡역,36,ST036,시흥시립군자도서관,4468.0,4.468,3.322939983305055,0.221339234,0.221339234,0.0,0.0,PRELIMINARY_POINT_BUFFER_PROXY,3.518784026,PRELIMINARY_90M,0.372799332498957,0.30093832721149005,0.30093832721149005,0.221339234,0.5864640043333333,0.37038522451094513,T2_SPANNER
766,ST017__ST039,17,ST017,장곡동,39,ST039,능곡힐스테이트,4383.0,4.383,1.9825345779479786,0.337079027,0.273766902,0.063312125,0.0,PRELIMINARY_POINT_BUFFER_PROXY,1.722839209,PRELIMINARY_90M,0.36570713391739673,0.5044048215466937,0.5044048215466937,0.337079027,0.28713986816666665,0.3735827126576893,T2_SPANNER
810,ST018__ST046,18,ST018,정왕역,46,ST046,배곧1동행정복지센터,3836.0,3.836,3.060991160557495,0.739993526,0.739993526,0.0,0.0,PRELIMINARY_POINT_BUFFER_PROXY,0.664957987,PRELIMINARY_90M,0.320066750104297,0.32669156738690847,0.32669156738690847,0.739993526,0.11082633116666667,0.37439454366446806,T2_SPANNER
1196,ST031__ST042,31,ST031,마전저수지,42,ST042,시흥시청역,4275.0,4.275,2.1436264167673507,0.207291629,0.207291629,0.0,0.0,PRELIMINARY_POINT_BUFFER_PROXY,2.824591732,PRELIMINARY_90M,0.3566958698372966,0.46649919602503703,0.46649919602503703,0.207291629,0.47076528866666667,0.3753129958822501,T2_SPANNER
939,ST022__ST037,22,ST022,오이도박물관,37,ST037,군자동행정복지센터,11358.0,11.358,3.1231643935948163,0.029286142,0.029286142,0.0,0.0,PRELIMINARY_POINT_BUFFER_PROXY,1.250201499,PRELIMINARY_90M,0.9476846057571965,0.32018807657094944,0.32018807657094944,0.029286142,0.20836691650000003,0.37638143520703643,T2_SPANNER
1463,ST048__ST054,48,ST048,정왕평생학습관 사거리,54,ST054,시흥 프리미엄 아울렛,6215.0,6.215,3.18555666739969,0.509215425,0.509215425,0.0,0.0,PRELIMINARY_POINT_BUFFER_PROXY,0.985908915,PRELIMINARY_90M,0.5185648727576136,0.3139168768315402,0.3139168768315402,0.509215425,0.1643181525,0.37650383177228847,T2_SPANNER
1303,ST036__ST044,36,ST036,시흥시립군자도서관,44,ST044,경기과학기술대학교,6648.0,6.648,2.8654297237561406,0.400791009,0.400791009,0.0,0.0,PRELIMINARY_POINT_BUFFER_PROXY,1.240684205,PRELIMINARY_90M,0.5546933667083854,0.34898779464364343,0.34898779464364343,0.400791009,0.20678070083333333,0.37781321779634053,T2_SPANNER
263,ST006__ST009,6,ST006,시흥시청 본청,9,ST009,능곡중앙공원,2599.0,2.599,2.0712474576884348,0.334828877,0.2890141,0.229887243,0.0,PRELIMINARY_POINT_BUFFER_PROXY,2.885576321,PRELIMINARY_90M,0.21685440133500208,0.4828008340036905,0.4828008340036905,0.334828877,0.4809293868333333,0.37885337479300646,T2_SPANNER
1092,ST027__ST040,27,ST027,은행동행정복지센터,40,ST040,갯골생태공원,7766.0,7.766,2.333264553599835,0.185388171,0.185388171,0.0,0.0,PRELIMINARY_POINT_BUFFER_PROXY,1.5408174,PRELIMINARY_90M,0.647976637463496,0.4285840619560984,0.4285840619560984,0.185388171,0.2568029,0.37968794260489863,T2_SPANNER
1053,ST026__ST029,26,ST026,은계파크자이,29,ST029,관곡공원,6175.0,6.175,2.002908151887456,0.217079342,0.217079342,0.0,0.0,PRELIMINARY_POINT_BUFFER_PROXY,1.735808496,PRELIMINARY_90M,0.5152273675427618,0.49927401766158985,0.49927401766158985,0.217079342,0.289301416,0.3802205358010879,T2_SPANNER
666,ST015__ST016,15,ST015,목감택지개발예정지구,16,ST016,물왕호수,3107.0,3.107,2.1181705540136373,0.281664379,0.281664379,0.0,0.0,PRELIMINARY_POINT_BUFFER_PROXY,3.053159992,PRELIMINARY_90M,0.2592407175636212,0.47210551487704316,0.47210551487704316,0.281664379,0.5088599986666666,0.38046765252683273,T2_SPANNER
1184,ST030__ST054,30,ST030,장곡도서관,54,ST054,시흥 프리미엄 아울렛,5439.0,5.439,2.3816098548711766,0.247921112,0.247921112,0.0,0.0,PRELIMINARY_POINT_BUFFER_PROXY,2.422505924,PRELIMINARY_90M,0.45381727158948687,0.41988405361804776,0.41988405361804776,0.247921112,0.40375098733333337,0.38134335613521697,T2_SPANNER
969,ST023__ST035,23,ST023,오이도역,35,ST035,산들공원,5368.0,5.368,1.6394358943294012,0.193630337,0.193630337,0.0,0.0,PRELIMINARY_POINT_BUFFER_PROXY,1.70575784,PRELIMINARY_90M,0.44789319983312476,0.6099659056257534,0.6099659056257534,0.193630337,0.2842929733333333,0.3839456039480529,T2_SPANNER
100,ST002__ST048,2,ST002,월곶포구,48,ST048,정왕평생학습관 사거리,5879.0,5.879,3.2010053406486016,0.584418621,0.584418621,0.0,0.0,PRELIMINARY_POINT_BUFFER_PROXY,0.901110981,PRELIMINARY_90M,0.49052982895285774,0.31240185303701357,0.31240185303701357,0.584418621,0.1501851635,0.3843838666224678,T2_SPANNER
431,ST009__ST036,9,ST009,능곡중앙공원,36,ST036,시흥시립군자도서관,4477.0,4.477,3.3255331202319405,0.336615531,0.336615531,0.073519269,0.0,PRELIMINARY_POINT_BUFFER_PROXY,3.161998942,PRELIMINARY_90M,0.3735502711722987,0.3007036658020879,0.3007036658020879,0.336615531,0.5269998236666666,0.3844673229102633,T2_SPANNER
190,ST004__ST035,4,ST004,배곧중심상가,35,ST035,산들공원,5634.0,5.634,1.616302802962953,0.164000859,0.164000859,0.0,0.0,PRELIMINARY_POINT_BUFFER_PROXY,1.742014497,PRELIMINARY_90M,0.4700876095118899,0.6186959511341767,0.6186959511341767,0.164000859,0.2903357495,0.3857800422865167,T2_SPANNER
437,ST009__ST042,9,ST009,능곡중앙공원,42,ST042,시흥시청역,2781.0,2.781,2.0552547795934166,0.436775112,0.393968211,0.210534951,0.0,PRELIMINARY_POINT_BUFFER_PROXY,2.330781896,PRELIMINARY_90M,0.23204005006257822,0.48655768128067617,0.48655768128067617,0.436775112,0.3884636493333333,0.38595912316914693,T2_SPANNER
222,ST005__ST017,5,ST005,배곧중·고등학교,17,ST017,장곡동,7558.0,7.558,2.9182323798804926,0.280728112,0.280728112,0.0,0.0,PRELIMINARY_POINT_BUFFER_PROXY,1.776110559,PRELIMINARY_90M,0.6306216103462662,0.34267319041979516,0.34267319041979516,0.280728112,0.2960184265,0.3875103348165153,T2_SPANNER
554,ST012__ST027,12,ST012,신천역,27,ST027,은행동행정복지센터,1420.0,1.42,2.35513154122392,0.521377701,0.521377701,0.0,0.0,PRELIMINARY_POINT_BUFFER_PROXY,2.923916061,PRELIMINARY_90M,0.1184814351272424,0.42460473332216414,0.42460473332216414,0.521377701,0.4873193435,0.38794580323735167,T2_SPANNER
482,ST010__ST042,10,ST010,은계호수공원,42,ST042,시흥시청역,7803.0,7.803,2.352692290378065,0.137242443,0.137242443,0.0,0.0,PRELIMINARY_POINT_BUFFER_PROXY,2.038687833,PRELIMINARY_90M,0.6510638297872341,0.425044959806157,0.425044959806157,0.137242443,0.3397813055,0.3882831345233478,T2_SPANNER
1307,ST036__ST048,36,ST036,시흥시립군자도서관,48,ST048,정왕평생학습관 사거리,7358.0,7.358,2.991076209764658,0.415671605,0.415671605,0.0,0.0,PRELIMINARY_POINT_BUFFER_PROXY,1.135478826,PRELIMINARY_90M,0.6139340842720067,0.33432782378977943,0.33432782378977943,0.415671605,0.189246471,0.38829499601544654,T2_SPANNER
94,ST002__ST042,2,ST002,월곶포구,42,ST042,시흥시청역,6940.0,6.94,2.1549162435815505,0.23698744,0.23698744,0.0,0.0,PRELIMINARY_POINT_BUFFER_PROXY,1.656016441,PRELIMINARY_90M,0.5790571547768043,0.4640551589782269,0.4640551589782269,0.23698744,0.27600274016666665,0.38902562348042447,T2_SPANNER
1446,ST046__ST052,46,ST046,배곧1동행정복지센터,52,ST052,가온그린공원,7614.0,7.614,2.9124827258011097,0.262335461,0.262335461,0.0,0.0,PRELIMINARY_POINT_BUFFER_PROXY,1.923953071,PRELIMINARY_90M,0.6352941176470588,0.3433496759109324,0.3433496759109324,0.262335461,0.32065884516666665,0.39040952493116443,T2_SPANNER
730,ST016__ST041,16,ST016,물왕호수,41,ST041,연꽃테마파크,3935.0,3.935,2.0,0.29027288,0.250287871,0.138484824,0.0,PRELIMINARY_POINT_BUFFER_PROXY,2.713464194,PRELIMINARY_90M,0.3283270755110555,0.5,0.5,0.29027288,0.4522440323333334,0.39271099696109724,T2_SPANNER
435,ST009__ST040,9,ST009,능곡중앙공원,40,ST040,갯골생태공원,5511.0,5.511,1.9576878879411694,0.325495522,0.303897424,0.106224801,0.0,PRELIMINARY_POINT_BUFFER_PROXY,1.652679251,PRELIMINARY_90M,0.45982478097622026,0.5108066541963767,0.5108066541963767,0.325495522,0.27544654183333334,0.39289337475148256,T2_SPANNER
386,ST008__ST037,8,ST008,시흥능곡역,37,ST037,군자동행정복지센터,4944.0,4.944,3.099278481155629,0.296311656,0.296311656,0.0,0.0,PRELIMINARY_POINT_BUFFER_PROXY,3.296729813,PRELIMINARY_90M,0.4125156445556946,0.32265574264469765,0.32265574264469765,0.296311656,0.5494549688333333,0.39523450300843144,T2_SPANNER
308,ST006__ST054,6,ST006,시흥시청 본청,54,ST054,시흥 프리미엄 아울렛,6963.0,6.963,2.2981115356407833,0.24524532,0.24524532,0.0,0.0,PRELIMINARY_POINT_BUFFER_PROXY,1.924103538,PRELIMINARY_90M,0.5809762202753442,0.43513988964037364,0.43513988964037364,0.24524532,0.320683923,0.3955113382289295,T2_SPANNER
519,ST011__ST035,11,ST011,배곧생명공원,35,ST035,산들공원,6874.0,6.874,2.077482822025021,0.271873086,0.271873086,0.0,0.0,PRELIMINARY_POINT_BUFFER_PROXY,1.573831308,PRELIMINARY_90M,0.5735502711722987,0.48135175386203793,0.48135175386203793,0.271873086,0.262305218,0.3972700822585842,T2_SPANNER
212,ST005__ST007,5,ST005,배곧중·고등학교,7,ST007,장현지구,8693.0,8.693,2.8511151830977814,0.249918525,0.249918525,0.0,0.0,PRELIMINARY_POINT_BUFFER_PROXY,1.599416949,PRELIMINARY_90M,0.7253233208176888,0.35073995113500966,0.35073995113500966,0.249918525,0.26656949150000003,0.39813782211317467,T2_SPANNER
82,ST002__ST030,2,ST002,월곶포구,30,ST030,장곡도서관,5588.0,5.588,2.0815186231395657,0.385608082,0.385608082,0.0,0.0,PRELIMINARY_POINT_BUFFER_PROXY,1.627351059,PRELIMINARY_90M,0.4662494785148102,0.4804184737447579,0.4804184737447579,0.385608082,0.2712251765,0.400875302689892,T2_SPANNER
541,ST012__ST014,12,ST012,신천역,14,ST014,시흥대야역,1380.0,1.38,1.9626229682490228,0.849065167,0.772905097,0.341400609,0.0,PRELIMINARY_POINT_BUFFER_PROXY,0.782071988,PRELIMINARY_90M,0.11514392991239049,0.5095222139849722,0.5095222139849722,0.849065167,0.13034533133333334,0.40101916055767406,T2_SPANNER
7,ST001__ST008,1,ST001,월곶역,8,ST008,시흥능곡역,8941.0,8.941,2.198123695182556,0.132917083,0.132917083,0.0,0.0,PRELIMINARY_POINT_BUFFER_PROXY,1.643029122,PRELIMINARY_90M,0.7460158531497706,0.454933451739598,0.454933451739598,0.132917083,0.273838187,0.4019261437223421,T2_SPANNER
1315,ST037__ST038,37,ST037,군자동행정복지센터,38,ST038,능곡도서관,4967.0,4.967,3.1386691135702853,0.330414356,0.316572403,0.018575574,0.0,PRELIMINARY_POINT_BUFFER_PROXY,3.271661112,PRELIMINARY_90M,0.41443471005423443,0.31860637863240204,0.31860637863240204,0.330414356,0.545276852,0.40218307417165916,T2_SPANNER
1192,ST031__ST038,31,ST031,마전저수지,38,ST038,능곡도서관,5844.0,5.844,2.1645947711014233,0.237305503,0.225553598,0.01577078,0.0,PRELIMINARY_POINT_BUFFER_PROXY,2.588128648,PRELIMINARY_90M,0.48760951188986235,0.4619802345226789,0.4619802345226789,0.237305503,0.43135477466666666,0.404562506019802,T2_SPANNER
1108,ST028__ST029,28,ST028,매화산업단지,29,ST029,관곡공원,5556.0,5.556,1.6000991552975863,0.203318057,0.203318057,0.0,0.0,PRELIMINARY_POINT_BUFFER_PROXY,1.965812089,PRELIMINARY_90M,0.4635794743429287,0.6249612698620668,0.6249612698620668,0.203318057,0.3276353481666667,0.40487353734291553,T2_SPANNER
12,ST001__ST013,1,ST001,월곶역,13,ST013,삼미시장,9482.0,9.482,3.1837495936503077,0.119793102,0.106281611,0.059662208,0.0,PRELIMINARY_POINT_BUFFER_PROXY,2.374327025,PRELIMINARY_90M,0.7911556111806425,0.31409505383036623,0.31409505383036623,0.119793102,0.3957211708333333,0.4051912344610855,T2_SPANNER
968,ST023__ST034,23,ST023,오이도역,34,ST034,군자디지털과학고등학교,5721.0,5.721,1.6171564960054718,0.243107021,0.243107021,0.0,0.0,PRELIMINARY_POINT_BUFFER_PROXY,1.702079171,PRELIMINARY_90M,0.4773466833541927,0.6183693430228266,0.6183693430228266,0.243107021,0.2836798618333333,0.40562572730258817,T2_SPANNER
1316,ST037__ST039,37,ST037,군자동행정복지센터,39,ST039,능곡힐스테이트,5065.0,5.065,3.1169406297195072,0.339516874,0.284687646,0.054829229,0.0,PRELIMINARY_POINT_BUFFER_PROXY,3.238108219,PRELIMINARY_90M,0.42261159783062163,0.3208274134146693,0.3208274134146693,0.339516874,0.5396847031666666,0.40566014710298937,T2_SPANNER
189,ST004__ST034,4,ST004,배곧중심상가,34,ST034,군자디지털과학고등학교,5987.0,5.987,1.5963618879492623,0.21303547,0.21303547,0.0,0.0,PRELIMINARY_POINT_BUFFER_PROXY,1.737917332,PRELIMINARY_90M,0.49954109303295785,0.6264243762951721,0.6264243762951721,0.21303547,0.28965288866666666,0.40716345699869916,T2_SPANNER
1046,ST025__ST051,25,ST025,목감동행정복지센터,51,ST051,연성중학교,4855.0,4.855,2.2406696427083874,0.255573087,0.248649808,0.132560721,0.0,PRELIMINARY_POINT_BUFFER_PROXY,3.153385578,PRELIMINARY_90M,0.40508969545264917,0.44629515254701263,0.44629515254701263,0.255573087,0.525564263,0.40813054949991545,T2_SPANNER
1193,ST031__ST039,31,ST031,마전저수지,39,ST039,능곡힐스테이트,5942.0,5.942,2.161920459666236,0.246568749,0.199883874,0.046684875,0.0,PRELIMINARY_POINT_BUFFER_PROXY,2.571813399,PRELIMINARY_90M,0.4957863996662495,0.4625517074547614,0.4625517074547614,0.246568749,0.42863556649999995,0.40838560565525267,T2_SPANNER
1094,ST027__ST042,27,ST027,은행동행정복지센터,42,ST042,시흥시청역,8115.0,8.115,2.3079958950529833,0.177443763,0.177443763,0.0,0.0,PRELIMINARY_POINT_BUFFER_PROXY,2.076001504,PRELIMINARY_90M,0.6770963704630788,0.4332763338719212,0.4332763338719212,0.177443763,0.3460002506666667,0.4084541795004167,T2_SPANNER
167,ST004__ST012,4,ST004,배곧중심상가,12,ST012,신천역,9950.0,9.95,3.298480804869283,0.16356514,0.16356514,0.0,0.0,PRELIMINARY_POINT_BUFFER_PROXY,2.089973668,PRELIMINARY_90M,0.8302044221944097,0.30316987096719805,0.30316987096719805,0.16356514,0.34832894466666664,0.4113170944570686,T2_SPANNER
1180,ST030__ST050,30,ST030,장곡도서관,50,ST050,시흥한라3차아파트,8490.0,8.49,3.1450030516165666,0.293887363,0.293887363,0.0,0.0,PRELIMINARY_POINT_BUFFER_PROXY,1.953099272,PRELIMINARY_90M,0.7083854818523154,0.31796471532388143,0.31796471532388143,0.293887363,0.32551654533333335,0.41143852637738254,T2_SPANNER
1141,ST029__ST036,29,ST029,관곡공원,36,ST036,시흥시립군자도서관,8009.0,8.009,3.037861813989035,0.16296721,0.16296721,0.0,0.0,PRELIMINARY_POINT_BUFFER_PROXY,2.924765057,PRELIMINARY_90M,0.6682519816437213,0.3291788966157397,0.3291788966157397,0.16296721,0.48746084283333335,0.41196473277319856,T2_SPANNER
58,ST002__ST006,2,ST002,월곶포구,6,ST006,시흥시청 본청,6776.0,6.776,2.1608815000917105,0.303637314,0.303637314,0.0,0.0,PRELIMINARY_POINT_BUFFER_PROXY,1.896784016,PRELIMINARY_90M,0.5653733833959116,0.46277410397449315,0.46277410397449315,0.303637314,0.31613066933333334,0.4119788676759345,T2_SPANNER
11,ST001__ST012,1,ST001,월곶역,12,ST012,신천역,9663.0,9.663,3.1389937154892604,0.13373513,0.120476554,0.058545419,0.0,PRELIMINARY_POINT_BUFFER_PROXY,2.347871234,PRELIMINARY_90M,0.8062578222778473,0.3185734316910331,0.3185734316910331,0.13373513,0.3913118723333333,0.4124695640755534,T2_SPANNER
265,ST006__ST011,6,ST006,시흥시청 본청,11,ST011,배곧생명공원,9367.0,9.367,2.720570366635699,0.23235844,0.23235844,0.0,0.0,PRELIMINARY_POINT_BUFFER_PROXY,1.678691712,PRELIMINARY_90M,0.7815602836879433,0.3675699817449001,0.3675699817449001,0.23235844,0.279781952,0.4153176643582108,T2_SPANNER
1292,ST035__ST052,35,ST035,산들공원,52,ST052,가온그린공원,3835.0,3.835,1.9561805087839683,0.129647388,0.129647388,0.0,0.0,PRELIMINARY_POINT_BUFFER_PROXY,4.205215096,PRELIMINARY_90M,0.31998331247392575,0.511200267822746,0.511200267822746,0.129647388,0.7008691826666666,0.4154250377408346,T2_SPANNER
518,ST011__ST034,11,ST011,배곧생명공원,34,ST034,군자디지털과학고등학교,7227.0,7.227,2.038545203521944,0.307261362,0.307261362,0.0,0.0,PRELIMINARY_POINT_BUFFER_PROXY,1.577303523,PRELIMINARY_90M,0.6030037546933668,0.4905459041439576,0.4905459041439576,0.307261362,0.26288392050000003,0.4159237353343311,T2_SPANNER
163,ST004__ST008,4,ST004,배곧중심상가,8,ST008,시흥능곡역,10234.0,10.234,2.6871009164248223,0.177163027,0.177163027,0.0,0.0,PRELIMINARY_POINT_BUFFER_PROXY,1.605438133,PRELIMINARY_90M,0.8539007092198582,0.37214828586731913,0.37214828586731913,0.177163027,0.2675730221666667,0.417696261063461,T2_SPANNER
264,ST006__ST010,6,ST006,시흥시청 본청,10,ST010,은계호수공원,8600.0,8.6,2.2977932871741067,0.158558533,0.158558533,0.0,0.0,PRELIMINARY_POINT_BUFFER_PROXY,2.221566641,PRELIMINARY_90M,0.7175636211931581,0.4352001572908367,0.4352001572908367,0.158558533,0.3702611068333333,0.420395854579332,T2_SPANNER
866,ST020__ST031,20,ST020,시화공업단지[왼쪽부근],31,ST031,마전저수지,5736.0,5.736,3.0,0.215509815,0.215509815,0.0,0.0,PRELIMINARY_POINT_BUFFER_PROXY,3.941832982,PRELIMINARY_90M,0.4785982478097622,0.3333333333333333,0.3333333333333333,0.215509815,0.6569721636666667,0.42110338995244057,T2_SPANNER
1319,ST037__ST042,37,ST037,군자동행정복지센터,42,ST042,시흥시청역,6708.0,6.708,2.8237370109722706,0.306005252,0.306005252,0.0,0.0,PRELIMINARY_POINT_BUFFER_PROXY,2.829592416,PRELIMINARY_90M,0.5596996245306634,0.35414062857634165,0.35414062857634165,0.306005252,0.471598736,0.42286106027675124,T2_SPANNER
1403,ST042__ST051,42,ST042,시흥시청역,51,ST051,연성중학교,2072.0,2.072,2.5274345688921906,0.351208623,0.308075573,0.083245449,0.0,PRELIMINARY_POINT_BUFFER_PROXY,4.64619177,PRELIMINARY_90M,0.17288277012932832,0.3956581160628478,0.3956581160628478,0.351208623,0.774365295,0.423528701048044,T2_SPANNER
727,ST016__ST038,16,ST016,물왕호수,38,ST038,능곡도서관,4155.0,4.155,2.1086022039793035,0.113688603,0.097131004,0.022219908,0.0,PRELIMINARY_POINT_BUFFER_PROXY,4.589248558,PRELIMINARY_90M,0.34668335419274093,0.47424782071877947,0.47424782071877947,0.113688603,0.7648747596666667,0.4248736343945468,T2_SPANNER
1023,ST025__ST028,25,ST025,목감동행정복지센터,28,ST028,매화산업단지,6878.0,6.878,2.8903708674922335,0.271201217,0.266520768,0.103849183,0.0,PRELIMINARY_POINT_BUFFER_PROXY,3.071832764,PRELIMINARY_90M,0.5738840216937839,0.345976362842194,0.345976362842194,0.271201217,0.5119721273333333,0.4257584322173278,T2_SPANNER
50,ST001__ST051,1,ST001,월곶역,51,ST051,연성중학교,8421.0,8.421,2.3041351110427213,0.191690511,0.181080056,0.020477849,0.0,PRELIMINARY_POINT_BUFFER_PROXY,2.276092573,PRELIMINARY_90M,0.7026282853566959,0.4340023270369143,0.4340023270369143,0.191690511,0.3793487621666667,0.42691747139006925,T2_SPANNER
90,ST002__ST038,2,ST002,월곶포구,38,ST038,능곡도서관,8509.0,8.509,2.167242567914989,0.252130555,0.244053181,0.010839645,0.0,PRELIMINARY_POINT_BUFFER_PROXY,1.709976501,PRELIMINARY_90M,0.70997079682937,0.46141581694847245,0.46141581694847245,0.252130555,0.2849960835,0.4271283130694606,T2_SPANNER
369,ST008__ST020,8,ST008,시흥능곡역,20,ST020,시화공업단지[왼쪽부근],10511.0,10.511,3.1512350183723807,0.191074926,0.191074926,0.0,0.0,PRELIMINARY_POINT_BUFFER_PROXY,1.960084443,PRELIMINARY_90M,0.8770129328327075,0.3173358997884271,0.3173358997884271,0.191074926,0.3266807405,0.4280261247802837,T2_SPANNER
1361,ST039__ST051,39,ST039,능곡힐스테이트,51,ST051,연성중학교,3723.0,3.723,2.3660104994858293,0.437314546,0.37191324,0.194272542,0.0,PRELIMINARY_POINT_BUFFER_PROXY,3.261333916,PRELIMINARY_90M,0.31063829787234043,0.422652393223663,0.422652393223663,0.437314546,0.5435556526666666,0.4285402224406675,T2_SPANNER
478,ST010__ST038,10,ST010,은계호수공원,38,ST038,능곡도서관,9372.0,9.372,2.330701975467328,0.167732728,0.160396489,0.00984506,0.0,PRELIMINARY_POINT_BUFFER_PROXY,2.022751487,PRELIMINARY_90M,0.7819774718397997,0.4290552848566108,0.4290552848566108,0.167732728,0.3371252478333333,0.428972683132436,T2_SPANNER
970,ST023__ST036,23,ST023,오이도역,36,ST036,시흥시립군자도서관,5986.0,5.986,1.6736800636760731,0.276782237,0.276782237,0.0,0.0,PRELIMINARY_POINT_BUFFER_PROXY,2.065866617,PRELIMINARY_90M,0.4994576554025866,0.5974857571067667,0.5974857571067667,0.276782237,0.3443111028333334,0.4295091880856717,T2_SPANNER
428,ST009__ST033,9,ST009,능곡중앙공원,33,ST033,타원산업단지,10708.0,10.708,3.1601346829823638,0.176932327,0.176932327,0.030730754,0.0,PRELIMINARY_POINT_BUFFER_PROXY,1.994283261,PRELIMINARY_90M,0.8934501460158532,0.31644220905681597,0.31644220905681597,0.176932327,0.3323805435,0.42980130639316727,T2_SPANNER
168,ST004__ST013,4,ST004,배곧중심상가,13,ST013,삼미시장,10775.0,10.775,3.530128973927555,0.163406945,0.151516028,0.052506297,0.0,PRELIMINARY_POINT_BUFFER_PROXY,2.255483615,PRELIMINARY_90M,0.8990404672507301,0.2832757690684085,0.2832757690684085,0.163406945,0.3759139358333334,0.430409279288118,T2_SPANNER
91,ST002__ST039,2,ST002,월곶포구,39,ST039,능곡힐스테이트,8607.0,8.607,2.1653653415540304,0.258363518,0.226112006,0.032251511,0.0,PRELIMINARY_POINT_BUFFER_PROXY,1.708996677,PRELIMINARY_90M,0.7181476846057572,0.4618158334807022,0.4618158334807022,0.258363518,0.2848327795,0.43078995389661484,T2_SPANNER
8,ST001__ST009,1,ST001,월곶역,9,ST009,능곡중앙공원,9589.0,9.589,2.1992660976369445,0.186186101,0.173782985,0.062235777,0.0,PRELIMINARY_POINT_BUFFER_PROXY,1.713322114,PRELIMINARY_90M,0.8000834376303713,0.45469713786543364,0.45469713786543364,0.186186101,0.28555368566666667,0.43163009054061796,T2_SPANNER
479,ST010__ST039,10,ST010,은계호수공원,39,ST039,능곡힐스테이트,9470.0,9.47,2.3273271025093933,0.174260921,0.144938428,0.029322493,0.0,PRELIMINARY_POINT_BUFFER_PROXY,2.018539596,PRELIMINARY_90M,0.7901543596161869,0.42967746086133324,0.42967746086133324,0.174260921,0.336423266,0.43262900186937997,T2_SPANNER
1016,ST024__ST051,24,ST024,목감고등학교,51,ST051,연성중학교,5421.0,5.421,2.131002869348733,0.286117824,0.286117824,0.073213062,0.0,PRELIMINARY_POINT_BUFFER_PROXY,3.183231796,PRELIMINARY_90M,0.4523153942428035,0.46926262483429465,0.46926262483429465,0.286117824,0.5305386326666667,0.43455861893594117,T2_SPANNER
492,ST010__ST052,10,ST010,은계호수공원,52,ST052,가온그린공원,9414.0,9.414,2.2745307477085395,0.204903465,0.204903465,0.0,0.0,PRELIMINARY_POINT_BUFFER_PROXY,1.862794783,PRELIMINARY_90M,0.7854818523153942,0.4396511240867784,0.4396511240867784,0.204903465,0.31046579716666667,0.4351255596422099,T2_SPANNER
1402,ST042__ST050,42,ST042,시흥시청역,50,ST050,시흥한라3차아파트,10085.0,10.085,2.9245549241338105,0.294245665,0.294245665,0.0,0.0,PRELIMINARY_POINT_BUFFER_PROXY,1.662082999,PRELIMINARY_90M,0.8414685022945348,0.34193237122950537,0.34193237122950537,0.294245665,0.27701383316666667,0.43866509292267675,T2_SPANNER
755,ST017__ST028,17,ST017,장곡동,28,ST028,매화산업단지,7665.0,7.665,1.9685429224432203,0.302670708,0.302670708,0.0,0.0,PRELIMINARY_POINT_BUFFER_PROXY,1.842938926,PRELIMINARY_90M,0.639549436795995,0.5079899394618578,0.5079899394618578,0.302670708,0.30715648766666664,0.4393416429811298,T2_SPANNER
305,ST006__ST051,6,ST006,시흥시청 본청,51,ST051,연성중학교,2665.0,2.665,2.405708703853897,0.37184665,0.338316086,0.064712949,0.0,PRELIMINARY_POINT_BUFFER_PROXY,4.504771469,PRELIMINARY_90M,0.22236128493950771,0.41567792409696985,0.41567792409696985,0.37184665,0.7507952448333333,0.44017027596745273,T2_SPANNER
793,ST018__ST029,18,ST018,정왕역,29,ST029,관곡공원,8633.0,8.633,2.787743143516228,0.057050086,0.057050086,0.0,0.0,PRELIMINARY_POINT_BUFFER_PROXY,3.751097041,PRELIMINARY_90M,0.720317062995411,0.35871310537551276,0.35871310537551276,0.057050086,0.6251828401666667,0.44031577363439767,T2_SPANNER
365,ST008__ST016,8,ST008,시흥능곡역,16,ST016,물왕호수,5244.0,5.244,1.760127283972371,0.0,0.0,0.0,0.0,PRELIMINARY_POINT_BUFFER_PROXY,4.553952786,PRELIMINARY_90M,0.43754693366708386,0.5681407299948981,0.5681407299948981,0.0,0.758992131,0.4411699486654954,T2_SPANNER
1075,ST026__ST051,26,ST026,은계파크자이,51,ST051,연성중학교,7587.0,7.587,2.103109787779251,0.27255464,0.260774295,0.022735702,0.0,PRELIMINARY_POINT_BUFFER_PROXY,2.31844097,PRELIMINARY_90M,0.6330413016270338,0.47548635159742936,0.47548635159742936,0.27255464,0.38640682833333334,0.4418722803894491,T2_SPANNER
1272,ST034__ST052,34,ST034,군자디지털과학고등학교,52,ST052,가온그린공원,4271.0,4.271,1.90358243319081,0.218270531,0.218270531,0.0,0.0,PRELIMINARY_POINT_BUFFER_PROXY,4.023457066,PRELIMINARY_90M,0.3563621193158114,0.5253252932807259,0.5253252932807259,0.218270531,0.6705761776666667,0.442633530315801,T2_SPANNER
1055,ST026__ST031,26,ST026,은계파크자이,31,ST031,마전저수지,9634.0,9.634,2.3852072239154096,0.139069702,0.139069702,0.0,0.0,PRELIMINARY_POINT_BUFFER_PROXY,2.456527444,PRELIMINARY_90M,0.8038381309970797,0.41925078457479326,0.41925078457479326,0.139069702,0.40942124066666663,0.4428949645596349,T2_SPANNER
433,ST009__ST038,9,ST009,능곡중앙공원,38,ST038,능곡도서관,744.0,0.744,2.0,0.97496266,0.515421611,0.830516213,0.0,PRELIMINARY_POINT_BUFFER_PROXY,1.451338391,PRELIMINARY_90M,0.06207759699624531,0.5,0.5,0.97496266,0.24188973183333332,0.44473249720739466,T2_SPANNER
1353,ST039__ST043,39,ST039,능곡힐스테이트,43,ST043,시흥종합버스터미널,9797.0,9.797,3.3777318578726767,0.321542663,0.317948067,0.030100174,0.0,PRELIMINARY_POINT_BUFFER_PROXY,2.070297135,PRELIMINARY_90M,0.8174384647476012,0.2960566563829635,0.2960566563829635,0.321542663,0.34504952250000004,0.4450218266576412,T2_SPANNER
1110,ST028__ST031,28,ST028,매화산업단지,31,ST031,마전저수지,9015.0,9.015,2.1633168838959445,0.125240153,0.125240153,0.0,0.0,PRELIMINARY_POINT_BUFFER_PROXY,2.643668039,PRELIMINARY_90M,0.7521902377972466,0.4622531296474178,0.4622531296474178,0.125240153,0.44061133983333334,0.44507371506949944,T2_SPANNER
338,ST007__ST036,7,ST007,장현지구,36,ST036,시흥시립군자도서관,7914.0,7.914,2.6645802732851354,0.307930223,0.307930223,0.0,0.0,PRELIMINARY_POINT_BUFFER_PROXY,2.636188829,PRELIMINARY_90M,0.6603254067584481,0.37529362880372513,0.37529362880372513,0.307930223,0.43936480483333334,0.4457285158488767,T2_SPANNER
900,ST021__ST031,21,ST021,오이도 포구 해양관광 단지,31,ST031,마전저수지,9293.0,9.293,3.031251972754875,0.24550113,0.238398194,0.029057106,0.0,PRELIMINARY_POINT_BUFFER_PROXY,2.59903452,PRELIMINARY_90M,0.7753858990404673,0.3298966925178364,0.3298966925178364,0.24550113,0.43317242,0.4459890353895759,T2_SPANNER
164,ST004__ST009,4,ST004,배곧중심상가,9,ST009,능곡중앙공원,10882.0,10.882,2.6590371924450777,0.221476926,0.21054643,0.054846529,0.0,PRELIMINARY_POINT_BUFFER_PROXY,1.674284134,PRELIMINARY_90M,0.907968293700459,0.37607597322866515,0.37607597322866515,0.221476926,0.27904735566666666,0.4461421371489477,T2_SPANNER
1090,ST027__ST038,27,ST027,은행동행정복지센터,38,ST038,능곡도서관,9684.0,9.684,2.293970249991462,0.200426735,0.193325854,0.009529214,0.0,PRELIMINARY_POINT_BUFFER_PROXY,2.05557101,PRELIMINARY_90M,0.8080100125156445,0.43592544410884226,0.43592544410884226,0.200426735,0.3425951683333333,0.446739339989455,T2_SPANNER
332,ST007__ST030,7,ST007,장현지구,30,ST030,장곡도서관,1683.0,1.683,1.4562870070184697,0.759142743,0.759142743,0.0,0.0,PRELIMINARY_POINT_BUFFER_PROXY,1.235595407,PRELIMINARY_90M,0.14042553191489363,0.6866778287388218,0.6866778287388218,0.759142743,0.20593256783333333,0.44804466787176217,T2_SPANNER
638,ST014__ST028,14,ST014,시흥대야역,28,ST028,매화산업단지,7295.0,7.295,2.089908465771216,0.142572754,0.110267444,0.03230531,0.0,PRELIMINARY_POINT_BUFFER_PROXY,3.417863274,PRELIMINARY_90M,0.6086775135586149,0.4784898555980445,0.4784898555980445,0.142572754,0.569643879,0.44984600053916485,T2_SPANNER
1091,ST027__ST039,27,ST027,은행동행정복지센터,39,ST039,능곡힐스테이트,9782.0,9.782,2.2910655255291217,0.206424511,0.178033437,0.028391073,0.0,PRELIMINARY_POINT_BUFFER_PROXY,2.051455528,PRELIMINARY_90M,0.8161869002920317,0.4364781316191513,0.4364781316191513,0.206424511,0.34190925466666666,0.4502496993944624,T2_SPANNER
470,ST010__ST030,10,ST010,은계호수공원,30,ST030,장곡도서관,9934.0,9.934,2.2601702712098652,0.221216871,0.221216871,0.0,0.0,PRELIMINARY_POINT_BUFFER_PROXY,1.8544822,PRELIMINARY_90M,0.8288694201084689,0.44244454178432396,0.44244454178432396,0.221216871,0.30908036666666666,0.45040279988986487,T2_SPANNER
1133,ST028__ST054,28,ST028,매화산업단지,54,ST054,시흥 프리미엄 아울렛,11372.0,11.372,2.198496646600742,0.134812435,0.134812435,0.0,0.0,PRELIMINARY_POINT_BUFFER_PROXY,1.586988395,PRELIMINARY_90M,0.9488527325823947,0.4548562771501944,0.4548562771501944,0.134812435,0.26449806583333335,0.4507548776414806,T2_SPANNER
377,ST008__ST028,8,ST008,시흥능곡역,28,ST028,매화산업단지,8534.0,8.534,1.9269660940085112,0.132284324,0.132284324,0.0,0.0,PRELIMINARY_POINT_BUFFER_PROXY,2.663161369,PRELIMINARY_90M,0.7120567375886525,0.5189504906751011,0.5189504906751011,0.132284324,0.44386022816666665,0.45178794510760506,T2_SPANNER
1454,ST047__ST052,47,ST047,배곧2동행정복지센터,52,ST052,가온그린공원,9773.0,9.773,2.3012895967641205,0.261504256,0.261504256,0.0,0.0,PRELIMINARY_POINT_BUFFER_PROXY,1.792108788,PRELIMINARY_90M,0.81543596161869,0.43453896519851987,0.43453896519851987,0.261504256,0.298684798,0.4525409952043025,T2_SPANNER
261,ST006__ST007,6,ST006,시흥시청 본청,7,ST007,장현지구,616.0,0.616,1.9913878469423045,0.790782282,0.790782282,0.0,0.0,PRELIMINARY_POINT_BUFFER_PROXY,2.79823581,PRELIMINARY_90M,0.05139758030871923,0.5021623495068827,0.5021623495068827,0.790782282,0.466372635,0.45267871170390045,T2_SPANNER
1104,ST027__ST052,27,ST027,은행동행정복지센터,52,ST052,가온그린공원,9726.0,9.726,2.239733791325707,0.236285294,0.236285294,0.0,0.0,PRELIMINARY_POINT_BUFFER_PROXY,1.899569739,PRELIMINARY_90M,0.8115143929912391,0.4464816327158667,0.4464816327158667,0.236285294,0.31659495649999997,0.4527190690517764,T2_SPANNER
410,ST009__ST015,9,ST009,능곡중앙공원,15,ST015,목감택지개발예정지구,5902.0,5.902,2.0201812566671036,0.180228914,0.180228914,0.099111033,0.0,PRELIMINARY_POINT_BUFFER_PROXY,3.891380857,PRELIMINARY_90M,0.49244889445139756,0.49500508763743345,0.49500508763743345,0.180228914,0.6485634761666667,0.4540615930638744,T2_SPANNER
701,ST015__ST051,15,ST015,목감택지개발예정지구,51,ST051,연성중학교,5797.0,5.797,2.122512321905777,0.32243609,0.32243609,0.068467983,0.0,PRELIMINARY_POINT_BUFFER_PROXY,3.264344745,PRELIMINARY_90M,0.4836879432624113,0.47113978546994373,0.47113978546994373,0.32243609,0.5440574575,0.45533031905808874,T2_SPANNER
420,ST009__ST025,9,ST009,능곡중앙공원,25,ST025,목감동행정복지센터,6963.0,6.963,2.1349319188717595,0.217188943,0.140523126,0.151111218,0.0,PRELIMINARY_POINT_BUFFER_PROXY,3.335237025,PRELIMINARY_90M,0.5809762202753442,0.4683990113035861,0.4683990113035861,0.217188943,0.5558728375,0.45560925301973254,T2_SPANNER
1165,ST030__ST035,30,ST030,장곡도서관,35,ST035,산들공원,4843.0,4.843,1.9175399088012453,0.262734007,0.262734007,0.0,0.0,PRELIMINARY_POINT_BUFFER_PROXY,3.856525194,PRELIMINARY_90M,0.4040884438881936,0.5215015319421187,0.5215015319421187,0.262734007,0.642754199,0.4577695454575781,T2_SPANNER
829,ST019__ST029,19,ST019,시화병원,29,ST029,관곡공원,9265.0,9.265,2.820027725618513,0.12145997,0.12145997,0.0,0.0,PRELIMINARY_POINT_BUFFER_PROXY,3.513046847,PRELIMINARY_90M,0.7730496453900709,0.35460644266562,0.35460644266562,0.12145997,0.5855078078333333,0.4586559664722561,T2_SPANNER
1399,ST042__ST047,42,ST042,시흥시청역,47,ST047,배곧2동행정복지센터,11061.0,11.061,2.365776355512594,0.230366667,0.230366667,0.0,0.0,PRELIMINARY_POINT_BUFFER_PROXY,1.6070053,PRELIMINARY_90M,0.9229036295369212,0.4226942236825803,0.4226942236825803,0.230366667,0.2678342166666667,0.46094968422154203,T2_SPANNER
522,ST011__ST038,11,ST011,배곧생명공원,38,ST038,능곡도서관,11722.0,11.722,2.8414945183320772,0.252219385,0.24635405,0.007871142,0.0,PRELIMINARY_POINT_BUFFER_PROXY,1.57585824,PRELIMINARY_90M,0.9780559032123488,0.35192747814519376,0.35192747814519376,0.252219385,0.26264304,0.46121145158938565,T2_SPANNER
281,ST006__ST027,6,ST006,시흥시청 본청,27,ST027,은행동행정복지센터,8014.0,8.014,2.0956042363908334,0.253163149,0.195302402,0.057860748,0.0,PRELIMINARY_POINT_BUFFER_PROXY,2.678365565,PRELIMINARY_90M,0.6686691697955778,0.47718933882394504,0.47718933882394504,0.253163149,0.44639426083333333,0.461353979613214,T2_SPANNER
379,ST008__ST030,8,ST008,시흥능곡역,30,ST030,장곡도서관,2575.0,2.575,2.0,0.366377515,0.366377515,0.0,0.0,PRELIMINARY_POINT_BUFFER_PROXY,4.637122017,PRELIMINARY_90M,0.21485189820609094,0.5,0.5,0.366377515,0.7728536695,0.46352077067652275,T2_SPANNER
330,ST007__ST028,7,ST007,장현지구,28,ST028,매화산업단지,8310.0,8.31,1.8818440114835289,0.272091051,0.272091051,0.0,0.0,PRELIMINARY_POINT_BUFFER_PROXY,2.181486617,PRELIMINARY_90M,0.6933667083854819,0.5313936723223208,0.5313936723223208,0.272091051,0.36358110283333334,0.465108133635284,T2_SPANNER
339,ST007__ST037,7,ST007,장현지구,37,ST037,군자동행정복지센터,8390.0,8.39,2.570190493668074,0.347173938,0.347173938,0.0,0.0,PRELIMINARY_POINT_BUFFER_PROXY,2.554708776,PRELIMINARY_90M,0.7000417188151856,0.389076219238847,0.389076219238847,0.347173938,0.425784796,0.4655191680135082,T2_SPANNER
1189,ST031__ST035,31,ST031,마전저수지,35,ST035,산들공원,5677.0,5.677,2.1062720508959734,0.183933821,0.183933821,0.0,0.0,PRELIMINARY_POINT_BUFFER_PROXY,4.387855812,PRELIMINARY_90M,0.47367542761785564,0.4747724775508541,0.4747724775508541,0.183933821,0.731309302,0.46592275704217745,T2_SPANNER
993,ST024__ST028,24,ST024,목감고등학교,28,ST028,매화산업단지,7811.0,7.811,2.7351304155275447,0.323695592,0.319573933,0.070790226,0.0,PRELIMINARY_POINT_BUFFER_PROXY,3.168264669,PRELIMINARY_90M,0.6517313308302044,0.3656132791046904,0.3656132791046904,0.323695592,0.5280441115,0.4672710783587237,T2_SPANNER
1082,ST027__ST030,27,ST027,은행동행정복지센터,30,ST030,장곡도서관,10246.0,10.246,2.2275739708934226,0.250512017,0.250512017,0.0,0.0,PRELIMINARY_POINT_BUFFER_PROXY,1.889500259,PRELIMINARY_90M,0.8549019607843137,0.4489188745543322,0.4489188745543322,0.250512017,0.31491670983333336,0.4673123905429948,T2_SPANNER
729,ST016__ST040,16,ST016,물왕호수,40,ST040,갯골생태공원,6083.0,6.083,1.8904544428003949,0.141137784,0.141137784,0.0,0.0,PRELIMINARY_POINT_BUFFER_PROXY,4.174224503,PRELIMINARY_90M,0.5075511055486024,0.5289733396159845,0.5289733396159845,0.141137784,0.6957040838333333,0.4683415782494801,T2_SPANNER
1190,ST031__ST036,31,ST031,마전저수지,36,ST036,시흥시립군자도서관,9630.0,9.63,2.7381513895949263,0.227496296,0.227496296,0.0,0.0,PRELIMINARY_POINT_BUFFER_PROXY,2.877773443,PRELIMINARY_90M,0.8035043804755945,0.3652099017607412,0.3652099017607412,0.227496296,0.4796289071666667,0.46895987135075057,T2_SPANNER
1369,ST040__ST044,40,ST040,갯골생태공원,44,ST044,경기과학기술대학교,7776.0,7.776,2.85585812190269,0.169872357,0.169872357,0.0,0.0,PRELIMINARY_POINT_BUFFER_PROXY,4.250139429,PRELIMINARY_90M,0.6488110137672091,0.35015745086585703,0.35015745086585703,0.169872357,0.7083565715,0.4692993482832665,T2_SPANNER
66,ST002__ST014,2,ST002,월곶포구,14,ST014,시흥대야역,9776.0,9.776,3.0588362192751695,0.2786786,0.226479007,0.128292153,0.0,PRELIMINARY_POINT_BUFFER_PROXY,2.761333555,PRELIMINARY_90M,0.8156862745098039,0.3269217206526222,0.3269217206526222,0.2786786,0.4602222591666667,0.47037721358227325,T2_SPANNER
728,ST016__ST039,16,ST016,물왕호수,39,ST039,능곡힐스테이트,4090.0,4.09,2.0,0.250178222,0.175234323,0.080696429,0.0,PRELIMINARY_POINT_BUFFER_PROXY,4.74147672,PRELIMINARY_90M,0.3412599082186066,0.5,0.5,0.250178222,0.7902461199999999,0.4704210625546516,T2_SPANNER
1047,ST025__ST052,25,ST025,목감동행정복지센터,52,ST052,가온그린공원,7345.0,7.345,2.1523239745186866,0.150372603,0.145795802,0.033594487,0.0,PRELIMINARY_POINT_BUFFER_PROXY,4.001952969,PRELIMINARY_90M,0.6128493950771798,0.4646140691824171,0.4646140691824171,0.150372603,0.6669921615000001,0.47370705718989925,T2_SPANNER
401,ST008__ST052,8,ST008,시흥능곡역,52,ST052,가온그린공원,2055.0,2.055,2.0,0.328329708,0.328329708,0.0,0.0,PRELIMINARY_POINT_BUFFER_PROXY,5.381209551,PRELIMINARY_90M,0.17146433041301626,0.5,0.5,0.328329708,0.8968682585000001,0.47416557422825406,T2_SPANNER
419,ST009__ST024,9,ST009,능곡중앙공원,24,ST024,목감고등학교,6788.0,6.788,2.1061863448320617,0.240880001,0.240880001,0.086193074,0.0,PRELIMINARY_POINT_BUFFER_PROXY,3.692084153,PRELIMINARY_90M,0.5663746349603671,0.47479179724704546,0.47479179724704546,0.240880001,0.6153473588333334,0.4743484480101865,T2_SPANNER
1164,ST030__ST034,30,ST030,장곡도서관,34,ST034,군자디지털과학고등학교,5196.0,5.196,1.8669374221592223,0.312566858,0.312566858,0.0,0.0,PRELIMINARY_POINT_BUFFER_PROXY,3.70960645,PRELIMINARY_90M,0.43354192740926156,0.5356365929198856,0.5356365929198856,0.312566858,0.6182677416666666,0.4750032799989535,T2_SPANNER
753,ST017__ST026,17,ST017,장곡동,26,ST026,은계파크자이,8212.0,8.212,1.9809502394753047,0.384384831,0.32788857,0.056496261,0.0,PRELIMINARY_POINT_BUFFER_PROXY,2.011675991,PRELIMINARY_90M,0.6851898206090947,0.5048082380226121,0.5048082380226121,0.384384831,0.33527933183333336,0.47741555536626,T2_SPANNER
763,ST017__ST036,17,ST017,장곡동,36,ST036,시흥시립군자도서관,5061.0,5.061,1.9616842116374067,0.29462359,0.29462359,0.0,0.0,PRELIMINARY_POINT_BUFFER_PROXY,4.135337569,PRELIMINARY_90M,0.4222778473091364,0.5097660439267673,0.5097660439267673,0.29462359,0.6892229281666666,0.4789726023506426,T2_SPANNER
678,ST015__ST028,15,ST015,목감택지개발예정지구,28,ST028,매화산업단지,8580.0,8.58,2.740609436528789,0.333729237,0.32605623,0.097512107,0.0,PRELIMINARY_POINT_BUFFER_PROXY,3.018923639,PRELIMINARY_90M,0.7158948685857321,0.36488234575539646,0.36488234575539646,0.333729237,0.5031539398333333,0.4794150977936155,T2_SPANNER
1188,ST031__ST034,31,ST031,마전저수지,34,ST034,군자디지털과학고등학교,6030.0,6.03,2.057977037537833,0.231421206,0.231421206,0.0,0.0,PRELIMINARY_POINT_BUFFER_PROXY,4.228768339,PRELIMINARY_90M,0.5031289111389237,0.48591407083744803,0.48591407083744803,0.231421206,0.7047947231666667,0.4813147277857596,T2_SPANNER
1025,ST025__ST030,25,ST025,목감동행정복지센터,30,ST030,장곡도서관,7865.0,7.865,2.142262429308918,0.174574372,0.170299885,0.03137545,0.0,PRELIMINARY_POINT_BUFFER_PROXY,3.847306972,PRELIMINARY_90M,0.6562369628702545,0.46679621801638677,0.46679621801638677,0.174574372,0.6412178286666667,0.4847063453883269,T2_SPANNER
421,ST009__ST026,9,ST009,능곡중앙공원,26,ST026,은계파크자이,9276.0,9.276,2.0945292813519925,0.310445008,0.226732291,0.110899302,0.0,PRELIMINARY_POINT_BUFFER_PROXY,2.318711925,PRELIMINARY_90M,0.7739674593241552,0.47743424210069413,0.47743424210069413,0.310445008,0.38645198750000004,0.48707467423121237,T2_SPANNER
375,ST008__ST026,8,ST008,시흥능곡역,26,ST026,은계파크자이,9104.0,9.104,1.959757043038742,0.215824011,0.164891535,0.050932476,0.0,PRELIMINARY_POINT_BUFFER_PROXY,2.802888396,PRELIMINARY_90M,0.759616186900292,0.5102673331636197,0.5102673331636197,0.215824011,0.46714806600000003,0.4882138992659779,T2_SPANNER
354,ST007__ST052,7,ST007,장현지구,52,ST052,가온그린공원,1163.0,1.163,1.2131708783527768,0.867518063,0.867518063,0.0,0.0,PRELIMINARY_POINT_BUFFER_PROXY,1.043527785,PRELIMINARY_90M,0.09703796412181893,0.824286189063311,0.824286189063311,0.867518063,0.1739212975,0.4906908784212825,T2_SPANNER
815,ST018__ST051,18,ST018,정왕역,51,ST051,연성중학교,10045.0,10.045,2.7529826885050053,0.121464619,0.112567767,0.017170649,0.0,PRELIMINARY_POINT_BUFFER_PROXY,3.901208106,PRELIMINARY_90M,0.838130997079683,0.36324238585860685,0.36324238585860685,0.121464619,0.650201351,0.4932598382345724,T2_SPANNER
724,ST016__ST035,16,ST016,물왕호수,35,ST035,산들공원,8555.0,8.555,2.7554200917307856,0.222244895,0.222244895,0.0,0.0,PRELIMINARY_POINT_BUFFER_PROXY,4.052626345,PRELIMINARY_90M,0.7138089278264498,0.36292106710010286,0.36292106710010286,0.222244895,0.6754377241666667,0.4936031535233048,T2_SPANNER
1017,ST024__ST052,24,ST024,목감고등학교,52,ST052,가온그린공원,7911.0,7.911,2.0834857625828795,0.178828181,0.178828181,0.0,0.0,PRELIMINARY_POINT_BUFFER_PROXY,3.951617974,PRELIMINARY_90M,0.6600750938673342,0.4799648828702859,0.4799648828702859,0.178828181,0.6586029956666667,0.49436778835107176,T2_SPANNER
318,ST007__ST016,7,ST007,장현지구,16,ST016,물왕호수,5361.0,5.361,1.7008916027228806,0.211312552,0.211312552,0.0,0.0,PRELIMINARY_POINT_BUFFER_PROXY,4.448459026,PRELIMINARY_90M,0.44730913642052567,0.5879269427864451,0.5879269427864451,0.211312552,0.7414098376666667,0.4969896172184094,T2_SPANNER
328,ST007__ST026,7,ST007,장현지구,26,ST026,은계파크자이,8880.0,8.88,1.9183583737549257,0.348795616,0.296569731,0.052225884,0.0,PRELIMINARY_POINT_BUFFER_PROXY,2.353995559,PRELIMINARY_90M,0.7409261576971214,0.521279034032956,0.521279034032956,0.348795616,0.39233259316666663,0.500833350224186,T2_SPANNER
1383,ST041__ST044,41,ST041,연꽃테마파크,44,ST044,경기과학기술대학교,11171.0,11.171,2.7373924956567253,0.118220531,0.118220531,0.0,0.0,PRELIMINARY_POINT_BUFFER_PROXY,3.574596517,PRELIMINARY_90M,0.9320817688777638,0.3653111497845657,0.3653111497845657,0.118220531,0.5957660861666666,0.502844883957249,T2_SPANNER
1460,ST048__ST051,48,ST048,정왕평생학습관 사거리,51,ST051,연성중학교,10469.0,10.469,2.770703145089786,0.157054545,0.148518109,0.016475057,0.0,PRELIMINARY_POINT_BUFFER_PROXY,3.765429403,PRELIMINARY_90M,0.8735085523571131,0.3609192135116281,0.3609192135116281,0.157054545,0.6275715671666667,0.504763469508852,T2_SPANNER
995,ST024__ST030,24,ST024,목감고등학교,30,ST030,장곡도서관,8431.0,8.431,2.07834127497437,0.199652452,0.199652452,0.0,0.0,PRELIMINARY_POINT_BUFFER_PROXY,3.812964679,PRELIMINARY_90M,0.7034626616604088,0.4811529328898749,0.4811529328898749,0.199652452,0.6354941131666666,0.5049405399292376,T2_SPANNER
723,ST016__ST034,16,ST016,물왕호수,34,ST034,군자디지털과학고등학교,8908.0,8.908,2.6971308490200676,0.252895266,0.252895266,0.0,0.0,PRELIMINARY_POINT_BUFFER_PROXY,3.96098122,PRELIMINARY_90M,0.7432624113475177,0.37076436256821727,0.37076436256821727,0.252895266,0.6601635366666666,0.5067713941456004,T2_SPANNER
1032,ST025__ST037,25,ST025,목감동행정복지센터,37,ST037,군자동행정복지센터,10542.0,10.542,2.677976019793385,0.191216527,0.188027388,0.023408808,0.0,PRELIMINARY_POINT_BUFFER_PROXY,3.563256057,PRELIMINARY_90M,0.8795994993742178,0.3734163385365764,0.3734163385365764,0.191216527,0.5938760095,0.5095270936026985,T2_SPANNER
702,ST015__ST052,15,ST015,목감택지개발예정지구,52,ST052,가온그린공원,8287.0,8.287,2.079700427811776,0.209100319,0.209100319,0.0,0.0,PRELIMINARY_POINT_BUFFER_PROXY,3.986145537,PRELIMINARY_90M,0.691447642886942,0.48083848357533987,0.48083848357533987,0.209100319,0.6643575895,0.5114360087405705,T2_SPANNER
67,ST002__ST015,2,ST002,월곶포구,15,ST015,목감택지개발예정지구,11305.0,11.305,2.1069502302882155,0.145481854,0.145481854,0.0,0.0,PRELIMINARY_POINT_BUFFER_PROXY,2.989500623,PRELIMINARY_90M,0.9432624113475178,0.4746196590809871,0.4746196590809871,0.145481854,0.49825010383333335,0.5154035070654596,T2_SPANNER
552,ST012__ST025,12,ST012,신천역,25,ST025,목감동행정복지센터,11469.0,11.469,2.672810002289368,0.268256823,0.266386985,0.052381024,0.0,PRELIMINARY_POINT_BUFFER_PROXY,2.854554512,PRELIMINARY_90M,0.9569461827284105,0.37413807907911906,0.37413807907911906,0.268256823,0.47575908533333333,0.5187750425352158,T2_SPANNER
594,ST013__ST025,13,ST013,삼미시장,25,ST025,목감동행정복지센터,11610.0,11.61,2.70398096958528,0.270409164,0.268561734,0.051753296,0.0,PRELIMINARY_POINT_BUFFER_PROXY,2.813742202,PRELIMINARY_90M,0.9687108886107635,0.3698250879899402,0.3698250879899402,0.270409164,0.46895703366666663,0.5194755435668426,T2_SPANNER
1002,ST024__ST037,24,ST024,목감고등학교,37,ST037,군자동행정복지센터,11108.0,11.108,2.6021730494863746,0.209403637,0.209403637,0.0,0.0,PRELIMINARY_POINT_BUFFER_PROXY,3.555315612,PRELIMINARY_90M,0.9268251981643721,0.3842941960364178,0.3842941960364178,0.209403637,0.5925526019999999,0.5282689083001975,T2_SPANNER
687,ST015__ST037,15,ST015,목감택지개발예정지구,37,ST037,군자동행정복지센터,11484.0,11.484,2.5824693495429583,0.230249468,0.230249468,0.0,0.0,PRELIMINARY_POINT_BUFFER_PROXY,3.582517943,PRELIMINARY_90M,0.95819774718398,0.38722628021779953,0.38722628021779953,0.230249468,0.5970863238333334,0.5431899548087782,T2_SPANNER
1409,ST043__ST045,43,ST043,시흥종합버스터미널,45,ST045,시흥중앙도서관,671.0,0.671,3.1817228022763167,0.300402098,0.300402098,0.0,0.0,PRELIMINARY_POINT_BUFFER_PROXY,0.425583211,PRELIMINARY_90M,0.055986649979140594,0.31429513573104634,0.31429513573104634,0.300402098,0.07093053516666667,0.1854036047192134,DEGREE_LIMIT_3
136,ST003__ST032,3,ST003,배곧한울공원,32,ST032,희망공원,2946.0,2.946,2.474419063810549,0.0,0.0,0.0,0.0,PRELIMINARY_POINT_BUFFER_PROXY,0.664390229,PRELIMINARY_90M,0.2458072590738423,0.40413526335350114,0.40413526335350114,0.0,0.11073170483333333,0.1901685568151692,DEGREE_LIMIT_3
259,ST005__ST054,5,ST005,배곧중·고등학교,54,ST054,시흥 프리미엄 아울렛,1508.0,1.508,1.711681176130996,0.0,0.0,0.0,0.0,PRELIMINARY_POINT_BUFFER_PROXY,0.623743217,PRELIMINARY_90M,0.12582394659991655,0.5842209483546189,0.5842209483546189,0.0,0.10395720283333333,0.2035005244469672,DEGREE_LIMIT_3
151,ST003__ST047,3,ST003,배곧한울공원,47,ST047,배곧2동행정복지센터,2142.0,2.142,2.998593533213879,0.082490603,0.082490603,0.0,0.0,PRELIMINARY_POINT_BUFFER_PROXY,1.45164868,PRELIMINARY_90M,0.17872340425531916,0.3334896807198155,0.3334896807198155,0.082490603,0.24194144666666664,0.2091612836604503,DEGREE_LIMIT_3
1242,ST033__ST043,33,ST033,타원산업단지,43,ST043,시흥종합버스터미널,2934.0,2.934,2.565523484039041,0.07531911,0.07531911,0.0,0.0,PRELIMINARY_POINT_BUFFER_PROXY,0.889229462,PRELIMINARY_90M,0.24480600750938675,0.3897839977771891,0.3897839977771891,0.07531911,0.14820491033333333,0.21452850640497728,DEGREE_LIMIT_3
1243,ST033__ST044,33,ST033,타원산업단지,44,ST044,경기과학기술대학교,1598.0,1.598,1.7010597777371803,0.123630586,0.123630586,0.0,0.0,PRELIMINARY_POINT_BUFFER_PROXY,0.331684145,PRELIMINARY_90M,0.13333333333333333,0.5878688174793252,0.5878688174793252,0.123630586,0.05528069083333333,0.22502835691149795,DEGREE_LIMIT_3
1145,ST029__ST040,29,ST029,관곡공원,40,ST040,갯골생태공원,3173.0,3.173,2.6002442194967386,0.0,0.0,0.0,0.0,PRELIMINARY_POINT_BUFFER_PROXY,1.529257702,PRELIMINARY_90M,0.26474760116812684,0.38457926086402144,0.38457926086402144,0.0,0.25487628366666665,0.22605078642470372,DEGREE_LIMIT_3
1226,ST032__ST049,32,ST032,희망공원,49,ST049,거북섬 웨이브파크 정문,4499.0,4.499,3.070219818149316,0.042639664,0.042639664,0.0,0.0,PRELIMINARY_POINT_BUFFER_PROXY,0.994963213,PRELIMINARY_90M,0.37538589904046726,0.32570957756464014,0.32570957756464014,0.042639664,0.16582720216666666,0.22739058569294351,DEGREE_LIMIT_3
1448,ST046__ST054,46,ST046,배곧1동행정복지센터,54,ST054,시흥 프리미엄 아울렛,1087.0,1.087,2.0,0.198910149,0.198910149,0.0,0.0,PRELIMINARY_POINT_BUFFER_PROXY,0.722410179,PRELIMINARY_90M,0.09069670421360033,0.5,0.5,0.198910149,0.1204016965,0.2275021374284001,DEGREE_LIMIT_3
1210,ST032__ST033,32,ST032,희망공원,33,ST033,타원산업단지,2081.0,2.081,1.4965117896209403,0.0,0.0,0.0,0.0,PRELIMINARY_POINT_BUFFER_PROXY,0.481788461,PRELIMINARY_90M,0.17363370880267,0.6682205960123411,0.6682205960123411,0.0,0.08029807683333333,0.2305380954120861,DEGREE_LIMIT_3
1,ST001__ST002,1,ST001,월곶역,2,ST002,월곶포구,619.0,0.619,1.5532421960245575,0.149164241,0.149164241,0.0,0.0,PRELIMINARY_POINT_BUFFER_PROXY,0.47799073,PRELIMINARY_90M,0.05164789319983312,0.6438145979805647,0.6438145979805647,0.149164241,0.07966512166666666,0.23107296346176612,DEGREE_LIMIT_3
880,ST020__ST045,20,ST020,시화공업단지[왼쪽부근],45,ST045,시흥중앙도서관,1373.0,1.373,2.951996349336429,0.38168565,0.38168565,0.0,0.0,PRELIMINARY_POINT_BUFFER_PROXY,0.548337,PRELIMINARY_90M,0.1145598664997914,0.3387538064621209,0.3387538064621209,0.38168565,0.0913895,0.23159720574047807,DEGREE_LIMIT_3
108,ST003__ST004,3,ST003,배곧한울공원,4,ST004,배곧중심상가,4685.0,4.685,2.9330495193194137,0.0,0.0,0.0,0.0,PRELIMINARY_POINT_BUFFER_PROXY,1.18657571,PRELIMINARY_90M,0.3909052982895286,0.340942078684045,0.340942078684045,0.0,0.19776261833333333,0.23240249882672673,DEGREE_LIMIT_3
53,ST001__ST054,1,ST001,월곶역,54,ST054,시흥 프리미엄 아울렛,3069.0,3.069,2.971566575272677,0.131704676,0.131704676,0.0,0.0,PRELIMINARY_POINT_BUFFER_PROXY,1.446878915,PRELIMINARY_90M,0.2560700876095119,0.3365228322061867,0.3365228322061867,0.131704676,0.24114648583333334,0.24136102041225796,DEGREE_LIMIT_3
957,ST022__ST055,22,ST022,오이도박물관,55,ST055,해양생태과학관,1977.0,1.977,2.056726097058233,0.0,0.0,0.0,0.0,PRELIMINARY_POINT_BUFFER_PROXY,2.016046436,PRELIMINARY_90M,0.16495619524405508,0.486209613146989,0.486209613146989,0.0,0.33600773933333333,0.24679338693109437,DEGREE_LIMIT_3
534,ST011__ST050,11,ST011,배곧생명공원,50,ST050,시흥한라3차아파트,995.0,0.995,2.969355785245408,0.47264275,0.47264275,0.0,0.0,PRELIMINARY_POINT_BUFFER_PROXY,0.56995669,PRELIMINARY_90M,0.08302044221944097,0.3367733853144018,0.3367733853144018,0.47264275,0.09499278166666668,0.24685733980012736,DEGREE_LIMIT_3
205,ST004__ST050,4,ST004,배곧중심상가,50,ST050,시흥한라3차아파트,2083.0,2.083,3.3375162940590184,0.4015265,0.4015265,0.0,0.0,PRELIMINARY_POINT_BUFFER_PROXY,0.795418286,PRELIMINARY_90M,0.1738005840634126,0.29962400536592454,0.29962400536592454,0.4015265,0.13256971433333334,0.2518802009406676,DEGREE_LIMIT_3
949,ST022__ST047,22,ST022,오이도박물관,47,ST047,배곧2동행정복지센터,4352.0,4.352,3.2556383357386656,0.040564469,0.040564469,0.0,0.0,PRELIMINARY_POINT_BUFFER_PROXY,1.850197274,PRELIMINARY_90M,0.36312056737588655,0.3071594252415976,0.3071594252415976,0.040564469,0.30836621233333333,0.2548026684877044,DEGREE_LIMIT_3
820,ST019__ST020,19,ST019,시화병원,20,ST020,시화공업단지[왼쪽부근],1979.0,1.979,2.8736363843131483,0.422822321,0.422822321,0.0,0.0,PRELIMINARY_POINT_BUFFER_PROXY,0.548112375,PRELIMINARY_90M,0.16512307050479766,0.34799113953974325,0.34799113953974325,0.422822321,0.0913520625,0.2568221483861352,DEGREE_LIMIT_3
807,ST018__ST043,18,ST018,정왕역,43,ST043,시흥종합버스터미널,1406.0,1.406,2.6557306312689994,0.43367149,0.43367149,0.0,0.0,PRELIMINARY_POINT_BUFFER_PROXY,0.599226145,PRELIMINARY_90M,0.11731330830204423,0.3765442128150496,0.3765442128150496,0.43367149,0.09987102416666667,0.2568500088209401,DEGREE_LIMIT_3
466,ST010__ST026,10,ST010,은계호수공원,26,ST026,은계파크자이,1220.0,1.22,2.405341600576404,0.254629654,0.254629654,0.0,0.0,PRELIMINARY_POINT_BUFFER_PROXY,1.537591702,PRELIMINARY_90M,0.1017939090529829,0.41574136486907515,0.41574136486907515,0.254629654,0.2562652836666667,0.2571075528971811,DEGREE_LIMIT_3
252,ST005__ST047,5,ST005,배곧중·고등학교,47,ST047,배곧2동행정복지센터,3334.0,3.334,2.6812687086629072,0.216881735,0.216881735,0.0,0.0,PRELIMINARY_POINT_BUFFER_PROXY,0.993464254,PRELIMINARY_90M,0.27818105965790574,0.37295777061400126,0.37295777061400126,0.216881735,0.16557737566666667,0.2583994852346434,DEGREE_LIMIT_3
1147,ST029__ST042,29,ST029,관곡공원,42,ST042,시흥시청역,2654.0,2.654,2.6841941622399865,0.0,0.0,0.0,0.0,PRELIMINARY_POINT_BUFFER_PROXY,2.927478894,PRELIMINARY_90M,0.22144347100542344,0.37255129083713157,0.37255129083713157,0.0,0.487913149,0.2704769777106387,DEGREE_LIMIT_3
178,ST004__ST023,4,ST004,배곧중심상가,23,ST023,오이도역,1713.0,1.713,2.7144915430768712,0.4750888,0.4750888,0.0,0.0,PRELIMINARY_POINT_BUFFER_PROXY,0.778708558,PRELIMINARY_90M,0.14292866082603253,0.36839311677003855,0.36839311677003855,0.4750888,0.12978475966666667,0.27904883431568445,DEGREE_LIMIT_3
883,ST020__ST048,20,ST020,시화공업단지[왼쪽부근],48,ST048,정왕평생학습관 사거리,2009.0,2.009,2.934480706161243,0.546394757,0.546394757,0.0,0.0,PRELIMINARY_POINT_BUFFER_PROXY,0.706491352,PRELIMINARY_90M,0.1676261994159366,0.34077579651500095,0.34077579651500095,0.546394757,0.11774855866666667,0.2931363278994011,DEGREE_LIMIT_3
30,ST001__ST031,1,ST001,월곶역,31,ST031,마전저수지,4726.0,4.726,2.1733816526852707,0.0,0.0,0.0,0.0,PRELIMINARY_POINT_BUFFER_PROXY,1.971254241,PRELIMINARY_90M,0.3943262411347518,0.4601124697838842,0.4601124697838842,0.0,0.3285423735,0.295745271104659,DEGREE_LIMIT_3
1381,ST041__ST042,41,ST041,연꽃테마파크,42,ST042,시흥시청역,3357.0,3.357,2.4375560527901543,0.0,0.0,0.0,0.0,PRELIMINARY_POINT_BUFFER_PROXY,2.986825232,PRELIMINARY_90M,0.28010012515644556,0.4102469762101871,0.4102469762101871,0.0,0.49780420533333336,0.2970378266749915,DEGREE_LIMIT_3
434,ST009__ST039,9,ST009,능곡중앙공원,39,ST039,능곡힐스테이트,792.0,0.792,2.0,0.496869839,0.318845713,0.496869839,0.0,PRELIMINARY_POINT_BUFFER_PROXY,0.848295282,PRELIMINARY_90M,0.06608260325406759,0.5,0.5,0.496869839,0.141382547,0.3010837473135169,DEGREE_LIMIT_3
1285,ST035__ST045,35,ST035,산들공원,45,ST045,시흥중앙도서관,6104.0,6.104,3.104005896090232,0.305870296,0.305870296,0.0,0.0,PRELIMINARY_POINT_BUFFER_PROXY,0.734142852,PRELIMINARY_90M,0.5093032957863997,0.3221643364980678,0.3221643364980678,0.305870296,0.12235714199999999,0.31492376757111684,DEGREE_LIMIT_3
892,ST021__ST023,21,ST021,오이도 포구 해양관광 단지,23,ST023,오이도역,5955.0,5.955,3.15826320833615,0.311273482,0.30019066,0.045338256,0.0,PRELIMINARY_POINT_BUFFER_PROXY,0.862008045,PRELIMINARY_90M,0.49687108886107634,0.3166297214749319,0.3166297214749319,0.311273482,0.1436680075,0.3171105749590021,DEGREE_LIMIT_3
283,ST006__ST029,6,ST006,시흥시청 본청,29,ST029,관곡공원,3470.0,3.47,2.475229440723157,0.075912866,0.075912866,0.0,0.0,PRELIMINARY_POINT_BUFFER_PROXY,3.041565706,PRELIMINARY_90M,0.28952857738840215,0.40400295162449357,0.40400295162449357,0.075912866,0.5069276176666667,0.31909300316989064,DEGREE_LIMIT_3
262,ST006__ST008,6,ST006,시흥시청 본청,8,ST008,시흥능곡역,1951.0,1.951,2.023517683433672,0.1397711,0.1397711,0.0,0.0,PRELIMINARY_POINT_BUFFER_PROXY,2.968420709,PRELIMINARY_90M,0.16278681685440133,0.4941889108194584,0.4941889108194584,0.1397711,0.49473678483333333,0.3228709031267983,DEGREE_LIMIT_3
636,ST014__ST026,14,ST014,시흥대야역,26,ST026,은계파크자이,2742.0,2.742,2.689120979304191,0.480816193,0.434350308,0.046465885,0.0,PRELIMINARY_POINT_BUFFER_PROXY,1.352474425,PRELIMINARY_90M,0.22878598247809762,0.3718687287392885,0.3718687287392885,0.480816193,0.22541240416666666,0.32672082709601324,DEGREE_LIMIT_3
468,ST010__ST028,10,ST010,은계호수공원,28,ST028,매화산업단지,3734.0,3.734,2.2597817465071626,0.156648005,0.156648005,0.0,0.0,PRELIMINARY_POINT_BUFFER_PROXY,2.499811713,PRELIMINARY_90M,0.3115561118064247,0.44252061135800064,0.44252061135800064,0.156648005,0.4166352855,0.3318400034161063,DEGREE_LIMIT_3
92,ST002__ST040,2,ST002,월곶포구,40,ST040,갯골생태공원,5178.0,5.178,2.1502804312043358,0.182738865,0.182738865,0.0,0.0,PRELIMINARY_POINT_BUFFER_PROXY,1.514434926,PRELIMINARY_90M,0.43204005006257823,0.46505562041501575,0.46505562041501575,0.182738865,0.25240582100000003,0.3330600891193985,DEGREE_LIMIT_3
1321,ST037__ST044,37,ST037,군자동행정복지센터,44,ST044,경기과학기술대학교,5482.0,5.482,3.2920678770932374,0.355555321,0.355555321,0.0,0.0,PRELIMINARY_POINT_BUFFER_PROXY,1.34534686,PRELIMINARY_90M,0.4574050896954526,0.30376044399271607,0.30376044399271607,0.355555321,0.22422447666666667,0.3352363328387088,DEGREE_LIMIT_3
258,ST005__ST053,5,ST005,배곧중·고등학교,53,ST053,오이도 빨강등대,6642.0,6.642,2.494332228519753,0.202414333,0.1928514,0.042185248,0.0,PRELIMINARY_POINT_BUFFER_PROXY,1.120074325,PRELIMINARY_90M,0.5541927409261577,0.40090890402095486,0.40090890402095486,0.202414333,0.18667905416666666,0.33604875802844486,DEGREE_LIMIT_3
769,ST017__ST042,17,ST017,장곡동,42,ST042,시흥시청역,2716.0,2.716,1.8434790923881643,0.330839246,0.330839246,0.0,0.0,PRELIMINARY_POINT_BUFFER_PROXY,1.590121124,PRELIMINARY_90M,0.2266166040884439,0.5424525855102236,0.5424525855102236,0.330839246,0.2650201873333333,0.3412321557330002,DEGREE_LIMIT_3
292,ST006__ST038,6,ST006,시흥시청 본청,38,ST038,능곡도서관,2199.0,2.199,2.084117616972949,0.214672193,0.183407351,0.04195668,0.0,PRELIMINARY_POINT_BUFFER_PROXY,3.091529972,PRELIMINARY_90M,0.1834793491864831,0.47981936904906436,0.47981936904906436,0.214672193,0.5152549953333333,0.34830647664222014,DEGREE_LIMIT_3
595,ST013__ST026,13,ST013,삼미시장,26,ST026,은계파크자이,1938.0,1.938,2.6326125397405407,0.511569918,0.511569918,0.0,0.0,PRELIMINARY_POINT_BUFFER_PROXY,2.070334106,PRELIMINARY_90M,0.16170212765957448,0.3798508078589323,0.3798508078589323,0.511569918,0.3450556843333333,0.34954463446295997,DEGREE_LIMIT_3
714,ST016__ST025,16,ST016,물왕호수,25,ST025,목감동행정복지센터,3005.0,3.005,2.1381214943015445,0.193383798,0.119943446,0.161932073,0.0,PRELIMINARY_POINT_BUFFER_PROXY,2.924827881,PRELIMINARY_90M,0.25073007926574886,0.46770026991691965,0.46770026991691965,0.193383798,0.4874713135,0.3498213651706671,DEGREE_LIMIT_3
452,ST010__ST012,10,ST010,은계호수공원,12,ST012,신천역,2361.0,2.361,2.79221465563128,0.473443851,0.473443851,0.0,0.0,PRELIMINARY_POINT_BUFFER_PROXY,2.295026039,PRELIMINARY_90M,0.1969962453066333,0.35813865455623944,0.35813865455623944,0.473443851,0.3825043398333334,0.35277077267405155,DEGREE_LIMIT_3
1391,ST041__ST052,41,ST041,연꽃테마파크,52,ST052,가온그린공원,4968.0,4.968,2.2619391797382047,0.172697542,0.172697542,0.0,0.0,PRELIMINARY_POINT_BUFFER_PROXY,2.343340408,PRELIMINARY_90M,0.41451814768460576,0.4420985360515924,0.4420985360515924,0.172697542,0.3905567346666667,0.35496774010071624,DEGREE_LIMIT_3
1264,ST034__ST044,34,ST034,군자디지털과학고등학교,44,ST044,경기과학기술대학교,6466.0,6.466,2.854871731872146,0.383886554,0.383886554,0.0,0.0,PRELIMINARY_POINT_BUFFER_PROXY,0.931735075,PRELIMINARY_90M,0.5395077179808093,0.350278434171271,0.350278434171271,0.383886554,0.15528917916666665,0.3572404713296867,DEGREE_LIMIT_3
1376,ST040__ST051,40,ST040,갯골생태공원,51,ST051,연성중학교,5417.0,5.417,2.495832602905231,0.192518156,0.176017861,0.031845057,0.0,PRELIMINARY_POINT_BUFFER_PROXY,2.410565802,PRELIMINARY_90M,0.4519816437213183,0.4006678968917896,0.4006678968917896,0.192518156,0.40176096699999997,0.36173216590327695,DEGREE_LIMIT_3
713,ST016__ST024,16,ST016,물왕호수,24,ST024,목감고등학교,3229.0,3.229,2.105914035609522,0.176923572,0.176923572,0.0,0.0,PRELIMINARY_POINT_BUFFER_PROXY,3.167384816,PRELIMINARY_90M,0.2694201084689195,0.474853191104055,0.474853191104055,0.176923572,0.5278974693333334,0.36227358522657693,DEGREE_LIMIT_3
1080,ST027__ST028,27,ST027,은행동행정복지센터,28,ST028,매화산업단지,4046.0,4.046,2.177258890186534,0.235801443,0.235801443,0.0,0.0,PRELIMINARY_POINT_BUFFER_PROXY,2.540050863,PRELIMINARY_90M,0.3375886524822695,0.4592931068084082,0.4592931068084082,0.235801443,0.42334181049999997,0.3640062531976694,DEGREE_LIMIT_3
385,ST008__ST036,8,ST008,시흥능곡역,36,ST036,시흥시립군자도서관,4468.0,4.468,3.322939983305055,0.221339234,0.221339234,0.0,0.0,PRELIMINARY_POINT_BUFFER_PROXY,3.518784026,PRELIMINARY_90M,0.372799332498957,0.30093832721149005,0.30093832721149005,0.221339234,0.5864640043333333,0.37038522451094513,DEGREE_LIMIT_3
766,ST017__ST039,17,ST017,장곡동,39,ST039,능곡힐스테이트,4383.0,4.383,1.9825345779479786,0.337079027,0.273766902,0.063312125,0.0,PRELIMINARY_POINT_BUFFER_PROXY,1.722839209,PRELIMINARY_90M,0.36570713391739673,0.5044048215466937,0.5044048215466937,0.337079027,0.28713986816666665,0.3735827126576893,DEGREE_LIMIT_3
59,ST002__ST007,2,ST002,월곶포구,7,ST007,장현지구,5926.0,5.926,2.18303415787715,0.266832809,0.266832809,0.0,0.0,PRELIMINARY_POINT_BUFFER_PROXY,1.765903969,PRELIMINARY_90M,0.4944513975803087,0.4580780362009685,0.4580780362009685,0.266832809,0.29431732816666667,0.37841989273698595,DEGREE_LIMIT_3
666,ST015__ST016,15,ST015,목감택지개발예정지구,16,ST016,물왕호수,3107.0,3.107,2.1181705540136373,0.281664379,0.281664379,0.0,0.0,PRELIMINARY_POINT_BUFFER_PROXY,3.053159992,PRELIMINARY_90M,0.2592407175636212,0.47210551487704316,0.47210551487704316,0.281664379,0.5088599986666666,0.38046765252683273,DEGREE_LIMIT_3
1046,ST025__ST051,25,ST025,목감동행정복지센터,51,ST051,연성중학교,4855.0,4.855,2.2406696427083874,0.255573087,0.248649808,0.132560721,0.0,PRELIMINARY_POINT_BUFFER_PROXY,3.153385578,PRELIMINARY_90M,0.40508969545264917,0.44629515254701263,0.44629515254701263,0.255573087,0.525564263,0.40813054949991545,DEGREE_LIMIT_3
1180,ST030__ST050,30,ST030,장곡도서관,50,ST050,시흥한라3차아파트,8490.0,8.49,3.1450030516165666,0.293887363,0.293887363,0.0,0.0,PRELIMINARY_POINT_BUFFER_PROXY,1.953099272,PRELIMINARY_90M,0.7083854818523154,0.31796471532388143,0.31796471532388143,0.293887363,0.32551654533333335,0.41143852637738254,DEGREE_LIMIT_3
1023,ST025__ST028,25,ST025,목감동행정복지센터,28,ST028,매화산업단지,6878.0,6.878,2.8903708674922335,0.271201217,0.266520768,0.103849183,0.0,PRELIMINARY_POINT_BUFFER_PROXY,3.071832764,PRELIMINARY_90M,0.5738840216937839,0.345976362842194,0.345976362842194,0.271201217,0.5119721273333333,0.4257584322173278,DEGREE_LIMIT_3
1409,ST043__ST045,43,ST043,시흥종합버스터미널,45,ST045,시흥중앙도서관,671.0,0.671,3.1817228022763167,0.300402098,0.300402098,0.0,0.0,PRELIMINARY_POINT_BUFFER_PROXY,0.425583211,PRELIMINARY_90M,0.055986649979140594,0.31429513573104634,0.31429513573104634,0.300402098,0.07093053516666667,0.1854036047192134,DEGREE_LIMIT_4
136,ST003__ST032,3,ST003,배곧한울공원,32,ST032,희망공원,2946.0,2.946,2.474419063810549,0.0,0.0,0.0,0.0,PRELIMINARY_POINT_BUFFER_PROXY,0.664390229,PRELIMINARY_90M,0.2458072590738423,0.40413526335350114,0.40413526335350114,0.0,0.11073170483333333,0.1901685568151692,DEGREE_LIMIT_4
259,ST005__ST054,5,ST005,배곧중·고등학교,54,ST054,시흥 프리미엄 아울렛,1508.0,1.508,1.711681176130996,0.0,0.0,0.0,0.0,PRELIMINARY_POINT_BUFFER_PROXY,0.623743217,PRELIMINARY_90M,0.12582394659991655,0.5842209483546189,0.5842209483546189,0.0,0.10395720283333333,0.2035005244469672,DEGREE_LIMIT_4
151,ST003__ST047,3,ST003,배곧한울공원,47,ST047,배곧2동행정복지센터,2142.0,2.142,2.998593533213879,0.082490603,0.082490603,0.0,0.0,PRELIMINARY_POINT_BUFFER_PROXY,1.45164868,PRELIMINARY_90M,0.17872340425531916,0.3334896807198155,0.3334896807198155,0.082490603,0.24194144666666664,0.2091612836604503,DEGREE_LIMIT_4
1242,ST033__ST043,33,ST033,타원산업단지,43,ST043,시흥종합버스터미널,2934.0,2.934,2.565523484039041,0.07531911,0.07531911,0.0,0.0,PRELIMINARY_POINT_BUFFER_PROXY,0.889229462,PRELIMINARY_90M,0.24480600750938675,0.3897839977771891,0.3897839977771891,0.07531911,0.14820491033333333,0.21452850640497728,DEGREE_LIMIT_4
1243,ST033__ST044,33,ST033,타원산업단지,44,ST044,경기과학기술대학교,1598.0,1.598,1.7010597777371803,0.123630586,0.123630586,0.0,0.0,PRELIMINARY_POINT_BUFFER_PROXY,0.331684145,PRELIMINARY_90M,0.13333333333333333,0.5878688174793252,0.5878688174793252,0.123630586,0.05528069083333333,0.22502835691149795,DEGREE_LIMIT_4
1145,ST029__ST040,29,ST029,관곡공원,40,ST040,갯골생태공원,3173.0,3.173,2.6002442194967386,0.0,0.0,0.0,0.0,PRELIMINARY_POINT_BUFFER_PROXY,1.529257702,PRELIMINARY_90M,0.26474760116812684,0.38457926086402144,0.38457926086402144,0.0,0.25487628366666665,0.22605078642470372,DEGREE_LIMIT_4
1226,ST032__ST049,32,ST032,희망공원,49,ST049,거북섬 웨이브파크 정문,4499.0,4.499,3.070219818149316,0.042639664,0.042639664,0.0,0.0,PRELIMINARY_POINT_BUFFER_PROXY,0.994963213,PRELIMINARY_90M,0.37538589904046726,0.32570957756464014,0.32570957756464014,0.042639664,0.16582720216666666,0.22739058569294351,DEGREE_LIMIT_4
1448,ST046__ST054,46,ST046,배곧1동행정복지센터,54,ST054,시흥 프리미엄 아울렛,1087.0,1.087,2.0,0.198910149,0.198910149,0.0,0.0,PRELIMINARY_POINT_BUFFER_PROXY,0.722410179,PRELIMINARY_90M,0.09069670421360033,0.5,0.5,0.198910149,0.1204016965,0.2275021374284001,DEGREE_LIMIT_4
1210,ST032__ST033,32,ST032,희망공원,33,ST033,타원산업단지,2081.0,2.081,1.4965117896209403,0.0,0.0,0.0,0.0,PRELIMINARY_POINT_BUFFER_PROXY,0.481788461,PRELIMINARY_90M,0.17363370880267,0.6682205960123411,0.6682205960123411,0.0,0.08029807683333333,0.2305380954120861,DEGREE_LIMIT_4
1,ST001__ST002,1,ST001,월곶역,2,ST002,월곶포구,619.0,0.619,1.5532421960245575,0.149164241,0.149164241,0.0,0.0,PRELIMINARY_POINT_BUFFER_PROXY,0.47799073,PRELIMINARY_90M,0.05164789319983312,0.6438145979805647,0.6438145979805647,0.149164241,0.07966512166666666,0.23107296346176612,DEGREE_LIMIT_4
880,ST020__ST045,20,ST020,시화공업단지[왼쪽부근],45,ST045,시흥중앙도서관,1373.0,1.373,2.951996349336429,0.38168565,0.38168565,0.0,0.0,PRELIMINARY_POINT_BUFFER_PROXY,0.548337,PRELIMINARY_90M,0.1145598664997914,0.3387538064621209,0.3387538064621209,0.38168565,0.0913895,0.23159720574047807,DEGREE_LIMIT_4
108,ST003__ST004,3,ST003,배곧한울공원,4,ST004,배곧중심상가,4685.0,4.685,2.9330495193194137,0.0,0.0,0.0,0.0,PRELIMINARY_POINT_BUFFER_PROXY,1.18657571,PRELIMINARY_90M,0.3909052982895286,0.340942078684045,0.340942078684045,0.0,0.19776261833333333,0.23240249882672673,DEGREE_LIMIT_4
115,ST003__ST011,3,ST003,배곧한울공원,11,ST011,배곧생명공원,4442.0,4.442,2.929381135965357,0.030002831,0.030002831,0.0,0.0,PRELIMINARY_POINT_BUFFER_PROXY,1.252044916,PRELIMINARY_90M,0.3706299541093033,0.3413690310634355,0.3413690310634355,0.030002831,0.20867415266666667,0.23766899220985138,DEGREE_LIMIT_4
934,ST022__ST032,22,ST022,오이도박물관,32,ST032,희망공원,2894.0,2.894,2.88457420094931,0.0,0.0,0.0,0.0,PRELIMINARY_POINT_BUFFER_PROXY,2.242877844,PRELIMINARY_90M,0.24146850229453484,0.3466716160987993,0.3466716160987993,0.0,0.373812974,0.24048827309833354,DEGREE_LIMIT_4
53,ST001__ST054,1,ST001,월곶역,54,ST054,시흥 프리미엄 아울렛,3069.0,3.069,2.971566575272677,0.131704676,0.131704676,0.0,0.0,PRELIMINARY_POINT_BUFFER_PROXY,1.446878915,PRELIMINARY_90M,0.2560700876095119,0.3365228322061867,0.3365228322061867,0.131704676,0.24114648583333334,0.24136102041225796,DEGREE_LIMIT_4
209,ST004__ST054,4,ST004,배곧중심상가,54,ST054,시흥 프리미엄 아울렛,3518.0,3.518,3.9115620934849367,0.174673018,0.174673018,0.0,0.0,PRELIMINARY_POINT_BUFFER_PROXY,1.470188615,PRELIMINARY_90M,0.29353358364622445,0.25565233942357485,0.25565233942357485,0.174673018,0.24503143583333334,0.24222259422578316,DEGREE_LIMIT_4
957,ST022__ST055,22,ST022,오이도박물관,55,ST055,해양생태과학관,1977.0,1.977,2.056726097058233,0.0,0.0,0.0,0.0,PRELIMINARY_POINT_BUFFER_PROXY,2.016046436,PRELIMINARY_90M,0.16495619524405508,0.486209613146989,0.486209613146989,0.0,0.33600773933333333,0.24679338693109437,DEGREE_LIMIT_4
534,ST011__ST050,11,ST011,배곧생명공원,50,ST050,시흥한라3차아파트,995.0,0.995,2.969355785245408,0.47264275,0.47264275,0.0,0.0,PRELIMINARY_POINT_BUFFER_PROXY,0.56995669,PRELIMINARY_90M,0.08302044221944097,0.3367733853144018,0.3367733853144018,0.47264275,0.09499278166666668,0.24685733980012736,DEGREE_LIMIT_4
820,ST019__ST020,19,ST019,시화병원,20,ST020,시화공업단지[왼쪽부근],1979.0,1.979,2.8736363843131483,0.422822321,0.422822321,0.0,0.0,PRELIMINARY_POINT_BUFFER_PROXY,0.548112375,PRELIMINARY_90M,0.16512307050479766,0.34799113953974325,0.34799113953974325,0.422822321,0.0913520625,0.2568221483861352,DEGREE_LIMIT_4
807,ST018__ST043,18,ST018,정왕역,43,ST043,시흥종합버스터미널,1406.0,1.406,2.6557306312689994,0.43367149,0.43367149,0.0,0.0,PRELIMINARY_POINT_BUFFER_PROXY,0.599226145,PRELIMINARY_90M,0.11731330830204423,0.3765442128150496,0.3765442128150496,0.43367149,0.09987102416666667,0.2568500088209401,DEGREE_LIMIT_4
466,ST010__ST026,10,ST010,은계호수공원,26,ST026,은계파크자이,1220.0,1.22,2.405341600576404,0.254629654,0.254629654,0.0,0.0,PRELIMINARY_POINT_BUFFER_PROXY,1.537591702,PRELIMINARY_90M,0.1017939090529829,0.41574136486907515,0.41574136486907515,0.254629654,0.2562652836666667,0.2571075528971811,DEGREE_LIMIT_4
1247,ST033__ST048,33,ST033,타원산업단지,48,ST048,정왕평생학습관 사거리,3608.0,3.608,2.731241808577759,0.220485387,0.220485387,0.0,0.0,PRELIMINARY_POINT_BUFFER_PROXY,0.925063471,PRELIMINARY_90M,0.30104297037964123,0.36613382120154736,0.36613382120154736,0.220485387,0.15417724516666667,0.2604598559369638,DEGREE_LIMIT_4
1147,ST029__ST042,29,ST029,관곡공원,42,ST042,시흥시청역,2654.0,2.654,2.6841941622399865,0.0,0.0,0.0,0.0,PRELIMINARY_POINT_BUFFER_PROXY,2.927478894,PRELIMINARY_90M,0.22144347100542344,0.37255129083713157,0.37255129083713157,0.0,0.487913149,0.2704769777106387,DEGREE_LIMIT_4
178,ST004__ST023,4,ST004,배곧중심상가,23,ST023,오이도역,1713.0,1.713,2.7144915430768712,0.4750888,0.4750888,0.0,0.0,PRELIMINARY_POINT_BUFFER_PROXY,0.778708558,PRELIMINARY_90M,0.14292866082603253,0.36839311677003855,0.36839311677003855,0.4750888,0.12978475966666667,0.27904883431568445,DEGREE_LIMIT_4
916,ST021__ST047,21,ST021,오이도 포구 해양관광 단지,47,ST047,배곧2동행정복지센터,3762.0,3.762,2.469042411414725,0.254750012,0.237212965,0.071741573,0.0,PRELIMINARY_POINT_BUFFER_PROXY,1.099645611,PRELIMINARY_90M,0.31389236545682103,0.40501531904711785,0.40501531904711785,0.254750012,0.18327426849999998,0.28923299125098473,DEGREE_LIMIT_4
30,ST001__ST031,1,ST001,월곶역,31,ST031,마전저수지,4726.0,4.726,2.1733816526852707,0.0,0.0,0.0,0.0,PRELIMINARY_POINT_BUFFER_PROXY,1.971254241,PRELIMINARY_90M,0.3943262411347518,0.4601124697838842,0.4601124697838842,0.0,0.3285423735,0.295745271104659,DEGREE_LIMIT_4
1381,ST041__ST042,41,ST041,연꽃테마파크,42,ST042,시흥시청역,3357.0,3.357,2.4375560527901543,0.0,0.0,0.0,0.0,PRELIMINARY_POINT_BUFFER_PROXY,2.986825232,PRELIMINARY_90M,0.28010012515644556,0.4102469762101871,0.4102469762101871,0.0,0.49780420533333336,0.2970378266749915,DEGREE_LIMIT_4
1455,ST047__ST053,47,ST047,배곧2동행정복지센터,53,ST053,오이도 빨강등대,3916.0,3.916,2.403030548620091,0.248901852,0.232677883,0.071569275,0.0,PRELIMINARY_POINT_BUFFER_PROXY,1.249750909,PRELIMINARY_90M,0.32674176053400084,0.4161411932837213,0.4161411932837213,0.248901852,0.20829181816666667,0.30001915599609724,DEGREE_LIMIT_4
434,ST009__ST039,9,ST009,능곡중앙공원,39,ST039,능곡힐스테이트,792.0,0.792,2.0,0.496869839,0.318845713,0.496869839,0.0,PRELIMINARY_POINT_BUFFER_PROXY,0.848295282,PRELIMINARY_90M,0.06608260325406759,0.5,0.5,0.496869839,0.141382547,0.3010837473135169,DEGREE_LIMIT_4
39,ST001__ST040,1,ST001,월곶역,40,ST040,갯골생태공원,5747.0,5.747,2.2745800351507977,0.059449603,0.059449603,0.0,0.0,PRELIMINARY_POINT_BUFFER_PROXY,1.594274833,PRELIMINARY_90M,0.4795160617438465,0.4396415973701726,0.4396415973701726,0.059449603,0.26571247216666666,0.31107993357017144,DEGREE_LIMIT_4
1283,ST035__ST043,35,ST035,산들공원,43,ST043,시흥종합버스터미널,6007.0,6.007,2.9570423267955706,0.286392525,0.286392525,0.0,0.0,PRELIMINARY_POINT_BUFFER_PROXY,0.727637936,PRELIMINARY_90M,0.5012098456403838,0.33817574775253906,0.33817574775253906,0.286392525,0.12127298933333334,0.31176277693156407,DEGREE_LIMIT_4
283,ST006__ST029,6,ST006,시흥시청 본청,29,ST029,관곡공원,3470.0,3.47,2.475229440723157,0.075912866,0.075912866,0.0,0.0,PRELIMINARY_POINT_BUFFER_PROXY,3.041565706,PRELIMINARY_90M,0.28952857738840215,0.40400295162449357,0.40400295162449357,0.075912866,0.5069276176666667,0.31909300316989064,DEGREE_LIMIT_4
1322,ST037__ST045,37,ST037,군자동행정복지센터,45,ST045,시흥중앙도서관,5556.0,5.556,3.4490973986733664,0.318446298,0.318446298,0.0,0.0,PRELIMINARY_POINT_BUFFER_PROXY,1.229092844,PRELIMINARY_90M,0.4635794743429287,0.28993092522833136,0.28993092522833136,0.318446298,0.20484880733333333,0.3192013762261483,DEGREE_LIMIT_4
262,ST006__ST008,6,ST006,시흥시청 본청,8,ST008,시흥능곡역,1951.0,1.951,2.023517683433672,0.1397711,0.1397711,0.0,0.0,PRELIMINARY_POINT_BUFFER_PROXY,2.968420709,PRELIMINARY_90M,0.16278681685440133,0.4941889108194584,0.4941889108194584,0.1397711,0.49473678483333333,0.3228709031267983,DEGREE_LIMIT_4
1143,ST029__ST038,29,ST029,관곡공원,38,ST038,능곡도서관,4223.0,4.223,2.511994530716733,0.118739746,0.102463148,0.021842811,0.0,PRELIMINARY_POINT_BUFFER_PROXY,2.578907523,PRELIMINARY_90M,0.35235711305798917,0.39809003872101417,0.39809003872101417,0.118739746,0.42981792049999995,0.3247512045697508,DEGREE_LIMIT_4
636,ST014__ST026,14,ST014,시흥대야역,26,ST026,은계파크자이,2742.0,2.742,2.689120979304191,0.480816193,0.434350308,0.046465885,0.0,PRELIMINARY_POINT_BUFFER_PROXY,1.352474425,PRELIMINARY_90M,0.22878598247809762,0.3718687287392885,0.3718687287392885,0.480816193,0.22541240416666666,0.32672082709601324,DEGREE_LIMIT_4
468,ST010__ST028,10,ST010,은계호수공원,28,ST028,매화산업단지,3734.0,3.734,2.2597817465071626,0.156648005,0.156648005,0.0,0.0,PRELIMINARY_POINT_BUFFER_PROXY,2.499811713,PRELIMINARY_90M,0.3115561118064247,0.44252061135800064,0.44252061135800064,0.156648005,0.4166352855,0.3318400034161063,DEGREE_LIMIT_4
769,ST017__ST042,17,ST017,장곡동,42,ST042,시흥시청역,2716.0,2.716,1.8434790923881643,0.330839246,0.330839246,0.0,0.0,PRELIMINARY_POINT_BUFFER_PROXY,1.590121124,PRELIMINARY_90M,0.2266166040884439,0.5424525855102236,0.5424525855102236,0.330839246,0.2650201873333333,0.3412321557330002,DEGREE_LIMIT_4
1265,ST034__ST045,34,ST034,군자디지털과학고등학교,45,ST045,시흥중앙도서관,6540.0,6.54,2.9933398472819306,0.352023517,0.352023517,0.0,0.0,PRELIMINARY_POINT_BUFFER_PROXY,0.836864495,PRELIMINARY_90M,0.5456821026282853,0.3340749968327315,0.3340749968327315,0.352023517,0.13947741583333334,0.3428145080735876,DEGREE_LIMIT_4
595,ST013__ST026,13,ST013,삼미시장,26,ST026,은계파크자이,1938.0,1.938,2.6326125397405407,0.511569918,0.511569918,0.0,0.0,PRELIMINARY_POINT_BUFFER_PROXY,2.070334106,PRELIMINARY_90M,0.16170212765957448,0.3798508078589323,0.3798508078589323,0.511569918,0.3450556843333333,0.34954463446295997,DEGREE_LIMIT_4
714,ST016__ST025,16,ST016,물왕호수,25,ST025,목감동행정복지센터,3005.0,3.005,2.1381214943015445,0.193383798,0.119943446,0.161932073,0.0,PRELIMINARY_POINT_BUFFER_PROXY,2.924827881,PRELIMINARY_90M,0.25073007926574886,0.46770026991691965,0.46770026991691965,0.193383798,0.4874713135,0.3498213651706671,DEGREE_LIMIT_4
452,ST010__ST012,10,ST010,은계호수공원,12,ST012,신천역,2361.0,2.361,2.79221465563128,0.473443851,0.473443851,0.0,0.0,PRELIMINARY_POINT_BUFFER_PROXY,2.295026039,PRELIMINARY_90M,0.1969962453066333,0.35813865455623944,0.35813865455623944,0.473443851,0.3825043398333334,0.35277077267405155,DEGREE_LIMIT_4
1391,ST041__ST052,41,ST041,연꽃테마파크,52,ST052,가온그린공원,4968.0,4.968,2.2619391797382047,0.172697542,0.172697542,0.0,0.0,PRELIMINARY_POINT_BUFFER_PROXY,2.343340408,PRELIMINARY_90M,0.41451814768460576,0.4420985360515924,0.4420985360515924,0.172697542,0.3905567346666667,0.35496774010071624,DEGREE_LIMIT_4
480,ST010__ST040,10,ST010,은계호수공원,40,ST040,갯골생태공원,7454.0,7.454,2.3810988212602635,0.143643119,0.143643119,0.0,0.0,PRELIMINARY_POINT_BUFFER_PROXY,1.480173201,PRELIMINARY_90M,0.6219440967876513,0.41997416951839145,0.41997416951839145,0.143643119,0.24669553349999998,0.3580642297015107,DEGREE_LIMIT_4
1376,ST040__ST051,40,ST040,갯골생태공원,51,ST051,연성중학교,5417.0,5.417,2.495832602905231,0.192518156,0.176017861,0.031845057,0.0,PRELIMINARY_POINT_BUFFER_PROXY,2.410565802,PRELIMINARY_90M,0.4519816437213183,0.4006678968917896,0.4006678968917896,0.192518156,0.40176096699999997,0.36173216590327695,DEGREE_LIMIT_4
713,ST016__ST024,16,ST016,물왕호수,24,ST024,목감고등학교,3229.0,3.229,2.105914035609522,0.176923572,0.176923572,0.0,0.0,PRELIMINARY_POINT_BUFFER_PROXY,3.167384816,PRELIMINARY_90M,0.2694201084689195,0.474853191104055,0.474853191104055,0.176923572,0.5278974693333334,0.36227358522657693,DEGREE_LIMIT_4
1080,ST027__ST028,27,ST027,은행동행정복지센터,28,ST028,매화산업단지,4046.0,4.046,2.177258890186534,0.235801443,0.235801443,0.0,0.0,PRELIMINARY_POINT_BUFFER_PROXY,2.540050863,PRELIMINARY_90M,0.3375886524822695,0.4592931068084082,0.4592931068084082,0.235801443,0.42334181049999997,0.3640062531976694,DEGREE_LIMIT_4
162,ST004__ST007,4,ST004,배곧중심상가,7,ST007,장현지구,7899.0,7.899,2.8650445619521356,0.183317918,0.183317918,0.0,0.0,PRELIMINARY_POINT_BUFFER_PROXY,1.69100406,PRELIMINARY_90M,0.6590738423028786,0.34903471076157955,0.34903471076157955,0.183317918,0.28183401,0.36831512026611457,DEGREE_LIMIT_4
385,ST008__ST036,8,ST008,시흥능곡역,36,ST036,시흥시립군자도서관,4468.0,4.468,3.322939983305055,0.221339234,0.221339234,0.0,0.0,PRELIMINARY_POINT_BUFFER_PROXY,3.518784026,PRELIMINARY_90M,0.372799332498957,0.30093832721149005,0.30093832721149005,0.221339234,0.5864640043333333,0.37038522451094513,DEGREE_LIMIT_4
766,ST017__ST039,17,ST017,장곡동,39,ST039,능곡힐스테이트,4383.0,4.383,1.9825345779479786,0.337079027,0.273766902,0.063312125,0.0,PRELIMINARY_POINT_BUFFER_PROXY,1.722839209,PRELIMINARY_90M,0.36570713391739673,0.5044048215466937,0.5044048215466937,0.337079027,0.28713986816666665,0.3735827126576893,DEGREE_LIMIT_4
666,ST015__ST016,15,ST015,목감택지개발예정지구,16,ST016,물왕호수,3107.0,3.107,2.1181705540136373,0.281664379,0.281664379,0.0,0.0,PRELIMINARY_POINT_BUFFER_PROXY,3.053159992,PRELIMINARY_90M,0.2592407175636212,0.47210551487704316,0.47210551487704316,0.281664379,0.5088599986666666,0.38046765252683273,DEGREE_LIMIT_4
730,ST016__ST041,16,ST016,물왕호수,41,ST041,연꽃테마파크,3935.0,3.935,2.0,0.29027288,0.250287871,0.138484824,0.0,PRELIMINARY_POINT_BUFFER_PROXY,2.713464194,PRELIMINARY_90M,0.3283270755110555,0.5,0.5,0.29027288,0.4522440323333334,0.39271099696109724,DEGREE_LIMIT_4
82,ST002__ST030,2,ST002,월곶포구,30,ST030,장곡도서관,5588.0,5.588,2.0815186231395657,0.385608082,0.385608082,0.0,0.0,PRELIMINARY_POINT_BUFFER_PROXY,1.627351059,PRELIMINARY_90M,0.4662494785148102,0.4804184737447579,0.4804184737447579,0.385608082,0.2712251765,0.400875302689892,DEGREE_LIMIT_4
