pair_order,pair_id,from_order,from_station_id,from_station_name,to_order,to_station_id,to_station_name,w1_distance_m,distance_km,w2_average_lanes,w3_protection_proxy,w3_child_protection_proxy,w3_senior_protection_proxy,w3_disabled_protection_proxy,w3_classification,w4_average_absolute_grade_pct,w4_classification,distance_norm,lane_penalty_norm,protection_norm,slope_norm,scenario_cost,scenario,structure
1409,ST043__ST045,43,ST043,시흥종합버스터미널,45,ST045,시흥중앙도서관,671.0,0.671,3.1817228022763167,0.300402098,0.300402098,0.0,0.0,PRELIMINARY_POINT_BUFFER_PROXY,0.425583211,PRELIMINARY_90M,0.025579192145379383,0.35910616559669406,0.300402098,0.03381446955986759,0.16222560491147073,balanced,MST
151,ST003__ST047,3,ST003,배곧한울공원,47,ST047,배곧2동행정복지센터,2142.0,2.142,2.998593533213879,0.082490603,0.082490603,0.0,0.0,PRELIMINARY_POINT_BUFFER_PROXY,1.45164868,PRELIMINARY_90M,0.15226939970717424,0.41290145953524826,0.082490603,0.20405434432339853,0.19471885418842913,balanced,MST
259,ST005__ST054,5,ST005,배곧중·고등학교,54,ST054,시흥 프리미엄 아울렛,1508.0,1.508,1.711681176130996,0.0,0.0,0.0,0.0,PRELIMINARY_POINT_BUFFER_PROXY,0.623743217,PRELIMINARY_90M,0.09766600637326674,0.7909394917780753,0.0,0.06669222992096648,0.20725813539306676,balanced,MST
209,ST004__ST054,4,ST004,배곧중심상가,54,ST054,시흥 프리미엄 아울렛,3518.0,3.518,3.9115620934849367,0.174673018,0.174673018,0.0,0.0,PRELIMINARY_POINT_BUFFER_PROXY,1.470188615,PRELIMINARY_90M,0.2707777107914908,0.14471160486108936,0.174673018,0.2071304016588043,0.21199122003763488,balanced,MST
136,ST003__ST032,3,ST003,배곧한울공원,32,ST032,희망공원,2946.0,2.946,2.474419063810549,0.0,0.0,0.0,0.0,PRELIMINARY_POINT_BUFFER_PROXY,0.664390229,PRELIMINARY_90M,0.22151408147446386,0.5668807759001471,0.0,0.07343618773014575,0.21299721592933682,balanced,MST
1,ST001__ST002,1,ST001,월곶역,2,ST002,월곶포구,619.0,0.619,1.5532421960245575,0.149164241,0.149164241,0.0,0.0,PRELIMINARY_POINT_BUFFER_PROXY,0.47799073,PRELIMINARY_90M,0.02110068038928602,0.8374818689184798,0.149164241,0.042509674437898,0.2196041573550951,balanced,MST
880,ST020__ST045,20,ST020,시화공업단지[왼쪽부근],45,ST045,시흥중앙도서관,1373.0,1.373,2.951996349336429,0.38168565,0.38168565,0.0,0.0,PRELIMINARY_POINT_BUFFER_PROXY,0.548337,PRELIMINARY_90M,0.08603910085263974,0.42658965485339595,0.38168565,0.05418119107762378,0.22328216247337865,balanced,MST
1444,ST046__ST050,46,ST046,배곧1동행정복지센터,50,ST050,시흥한라3차아파트,2363.0,2.363,4.178737580648687,0.479447383,0.479447383,0.0,0.0,PRELIMINARY_POINT_BUFFER_PROXY,1.190735572,PRELIMINARY_90M,0.17130307467057102,0.06622724275592551,0.479447383,0.16076488943766587,0.2257432575850634,balanced,MST
934,ST022__ST032,22,ST022,오이도박물관,32,ST032,희망공원,2894.0,2.894,2.88457420094931,0.0,0.0,0.0,0.0,PRELIMINARY_POINT_BUFFER_PROXY,2.242877844,PRELIMINARY_90M,0.2170355697183705,0.4463953053047024,0.0,0.3353313026249875,0.2263929843420368,balanced,MST
1448,ST046__ST054,46,ST046,배곧1동행정복지센터,54,ST054,시흥 프리미엄 아울렛,1087.0,1.087,2.0,0.198910149,0.198910149,0.0,0.0,PRELIMINARY_POINT_BUFFER_PROXY,0.722410179,PRELIMINARY_90M,0.06140728619412626,0.7062441508450915,0.198910149,0.08306258031444422,0.22799866894383544,balanced,MST
1242,ST033__ST043,33,ST033,타원산업단지,43,ST043,시흥종합버스터미널,2934.0,2.934,2.565523484039041,0.07531911,0.07531911,0.0,0.0,PRELIMINARY_POINT_BUFFER_PROXY,0.889229462,PRELIMINARY_90M,0.22048057876151925,0.5401183195741607,0.07531911,0.11074043782361453,0.23165673859298203,balanced,MST
534,ST011__ST050,11,ST011,배곧생명공원,50,ST050,시흥한라3차아파트,995.0,0.995,2.969355785245408,0.47264275,0.47264275,0.0,0.0,PRELIMINARY_POINT_BUFFER_PROXY,0.56995669,PRELIMINARY_90M,0.05348376539488416,0.4214902190171036,0.47264275,0.057768226631615675,0.23251747145611673,balanced,MST
1222,ST032__ST045,32,ST032,희망공원,45,ST045,시흥중앙도서관,3542.0,3.542,3.695161173181692,0.239589717,0.239589717,0.0,0.0,PRELIMINARY_POINT_BUFFER_PROXY,1.100349444,PRELIMINARY_90M,0.27284471621738005,0.20828064096267274,0.239589717,0.1457684554127718,0.23255671224140234,balanced,MST
1243,ST033__ST044,33,ST033,타원산업단지,44,ST044,경기과학기술대학교,1598.0,1.598,1.7010597777371803,0.123630586,0.123630586,0.0,0.0,PRELIMINARY_POINT_BUFFER_PROXY,0.331684145,PRELIMINARY_90M,0.1054172767203514,0.7940595896824632,0.123630586,0.018235185665018444,0.23462175297438595,balanced,MST
1145,ST029__ST040,29,ST029,관곡공원,40,ST040,갯골생태공원,3173.0,3.173,2.6002442194967386,0.0,0.0,0.0,0.0,PRELIMINARY_POINT_BUFFER_PROXY,1.529257702,PRELIMINARY_90M,0.24106450779433297,0.5299189004465018,0.0,0.2169308620359346,0.23494921251242373,balanced,MST
957,ST022__ST055,22,ST022,오이도박물관,55,ST055,해양생태과학관,1977.0,1.977,2.056726097058233,0.0,0.0,0.0,0.0,PRELIMINARY_POINT_BUFFER_PROXY,2.016046436,PRELIMINARY_90M,0.1380587374041857,0.6895805280345066,0.0,0.29769652038444466,0.23779407862624233,balanced,MST
53,ST001__ST054,1,ST001,월곶역,54,ST054,시흥 프리미엄 아울렛,3069.0,3.069,2.971566575272677,0.131704676,0.131704676,0.0,0.0,PRELIMINARY_POINT_BUFFER_PROXY,1.446878915,PRELIMINARY_90M,0.23210748428214625,0.42084078651533996,0.131704676,0.20326296772922972,0.24042676517531097,balanced,MST
466,ST010__ST026,10,ST010,은계호수공원,26,ST026,은계파크자이,1220.0,1.22,2.405341600576404,0.254629654,0.254629654,0.0,0.0,PRELIMINARY_POINT_BUFFER_PROXY,1.537591702,PRELIMINARY_90M,0.07286194126259582,0.5871726847699602,0.254629654,0.21831359945293588,0.2429837668769707,balanced,MST
1147,ST029__ST042,29,ST029,관곡공원,42,ST042,시흥시청역,2654.0,2.654,2.6841941622399865,0.0,0.0,0.0,0.0,PRELIMINARY_POINT_BUFFER_PROXY,2.927478894,PRELIMINARY_90M,0.19636551545947808,0.5052581137294531,0.0,0.44891703427285934,0.24693538407061075,balanced,MST
1226,ST032__ST049,32,ST032,희망공원,49,ST049,거북섬 웨이브파크 정문,4499.0,4.499,3.070219818149316,0.042639664,0.042639664,0.0,0.0,PRELIMINARY_POINT_BUFFER_PROXY,0.994963213,PRELIMINARY_90M,0.35526655757471365,0.3918608193822274,0.042639664,0.12828327604626832,0.25038119431327116,balanced,MST
807,ST018__ST043,18,ST018,정왕역,43,ST043,시흥종합버스터미널,1406.0,1.406,2.6557306312689994,0.43367149,0.43367149,0.0,0.0,PRELIMINARY_POINT_BUFFER_PROXY,0.599226145,PRELIMINARY_90M,0.08888123331323745,0.5136194424397824,0.43367149,0.0626244746042261,0.25608792550388537,balanced,MST
108,ST003__ST004,3,ST003,배곧한울공원,4,ST004,배곧중심상가,4685.0,4.685,2.9330495193194137,0.0,0.0,0.0,0.0,PRELIMINARY_POINT_BUFFER_PROXY,1.18657571,PRELIMINARY_90M,0.37128584962535527,0.432155396993838,0.0,0.16007470503198293,0.25895662500370714,balanced,MST
820,ST019__ST020,19,ST019,시화병원,20,ST020,시화공업단지[왼쪽부근],1979.0,1.979,2.8736363843131483,0.422822321,0.422822321,0.0,0.0,PRELIMINARY_POINT_BUFFER_PROXY,0.548112375,PRELIMINARY_90M,0.13823098785634313,0.4496083529185587,0.422822321,0.054143922372044954,0.2590412343320557,balanced,MST
1412,ST043__ST048,43,ST043,시흥종합버스터미널,48,ST048,정왕평생학습관 사거리,1307.0,1.307,3.0428754779308687,0.59325425,0.59325425,0.0,0.0,PRELIMINARY_POINT_BUFFER_PROXY,0.728620186,PRELIMINARY_90M,0.08035483593144432,0.3998933792626782,0.59325425,0.08409291497232037,0.2730481099709614,balanced,MST
178,ST004__ST023,4,ST004,배곧중심상가,23,ST023,오이도역,1713.0,1.713,2.7144915430768712,0.4750888,0.4750888,0.0,0.0,PRELIMINARY_POINT_BUFFER_PROXY,0.778708558,PRELIMINARY_90M,0.11532167771940402,0.49635808089454436,0.4750888,0.09240333807300183,0.27803298797762077,balanced,MST
1381,ST041__ST042,41,ST041,연꽃테마파크,42,ST042,시흥시청역,3357.0,3.357,2.4375560527901543,0.0,0.0,0.0,0.0,PRELIMINARY_POINT_BUFFER_PROXY,2.986825232,PRELIMINARY_90M,0.25691154939281713,0.5777095010048499,0.0,0.458763494809769,0.2871210441795622,balanced,MST
434,ST009__ST039,9,ST009,능곡중앙공원,39,ST039,능곡힐스테이트,792.0,0.792,2.0,0.496869839,0.318845713,0.496869839,0.0,PRELIMINARY_POINT_BUFFER_PROXY,0.848295282,PRELIMINARY_90M,0.036000344500904315,0.7062441508450915,0.496869839,0.10394883447345071,0.29545875289039764,balanced,MST
262,ST006__ST008,6,ST006,시흥시청 본청,8,ST008,시흥능곡역,1951.0,1.951,2.023517683433672,0.1397711,0.1397711,0.0,0.0,PRELIMINARY_POINT_BUFFER_PROXY,2.968420709,PRELIMINARY_90M,0.135819481526139,0.699335693777877,0.1397711,0.45570990438570363,0.2974941920238866,balanced,MST
125,ST003__ST021,3,ST003,배곧한울공원,21,ST021,오이도 포구 해양관광 단지,3868.0,3.868,3.0553772480821526,0.133587529,0.0,0.133587529,0.0,PRELIMINARY_POINT_BUFFER_PROXY,3.056247109,PRELIMINARY_90M,0.3009215399190423,0.39622091115594826,0.133587529,0.47028164058447025,0.3035519265364771,balanced,MST
283,ST006__ST029,6,ST006,시흥시청 본청,29,ST029,관곡공원,3470.0,3.47,2.475229440723157,0.075912866,0.075912866,0.0,0.0,PRELIMINARY_POINT_BUFFER_PROXY,3.041565706,PRELIMINARY_90M,0.2666436999397123,0.5666427229420483,0.075912866,0.4678457724224623,0.30914110692766394,balanced,MST
157,ST003__ST053,3,ST003,배곧한울공원,53,ST053,오이도 빨강등대,2485.0,2.485,2.0743268960726615,0.321268247,0.295693025,0.112820736,0.0,PRELIMINARY_POINT_BUFFER_PROXY,1.113752047,PRELIMINARY_90M,0.18181035225217465,0.6844101903742181,0.321268247,0.14799215119550682,0.31212206340503956,balanced,MST
1194,ST031__ST040,31,ST031,마전저수지,40,ST040,갯골생태공원,2402.0,2.402,2.2619856904966325,0.142177716,0.142177716,0.0,0.0,PRELIMINARY_POINT_BUFFER_PROXY,3.572654596,PRELIMINARY_90M,0.17466195848764102,0.6292843218668183,0.142177716,0.5559615007589965,0.3146603018822695,balanced,MST
292,ST006__ST038,6,ST006,시흥시청 본청,38,ST038,능곡도서관,2199.0,2.199,2.084117616972949,0.214672193,0.183407351,0.04195668,0.0,PRELIMINARY_POINT_BUFFER_PROXY,3.091529972,PRELIMINARY_90M,0.15717853759366118,0.6815341088423155,0.214672193,0.4761356044492447,0.3242666257233142,balanced,MST
1379,ST040__ST054,40,ST040,갯골생태공원,54,ST054,시흥 프리미엄 아울렛,5042.0,5.042,2.505555704817685,0.080180898,0.080180898,0.0,0.0,PRELIMINARY_POINT_BUFFER_PROXY,1.509985427,PRELIMINARY_90M,0.40203255533545773,0.5577342054812642,0.080180898,0.2137332983506408,0.3244650824830321,balanced,MST
454,ST010__ST014,10,ST010,은계호수공원,14,ST014,시흥대야역,1525.0,1.525,2.792670740390496,0.667821134,0.57752438,0.090296754,0.0,PRELIMINARY_POINT_BUFFER_PROXY,1.2539899,PRELIMINARY_90M,0.09913013521660495,0.47339248440143145,0.667821134,0.1712597449827669,0.3269747962143433,balanced,MST
595,ST013__ST026,13,ST013,삼미시장,26,ST026,은계파크자이,1938.0,1.938,2.6326125397405407,0.511569918,0.511569918,0.0,0.0,PRELIMINARY_POINT_BUFFER_PROXY,2.070334106,PRELIMINARY_90M,0.13469985358711567,0.5204105170475657,0.511569918,0.3067036709232997,0.33186007498285436,balanced,MST
452,ST010__ST012,10,ST010,은계호수공원,12,ST012,신천역,2361.0,2.361,2.79221465563128,0.473443851,0.473443851,0.0,0.0,PRELIMINARY_POINT_BUFFER_PROXY,2.295026039,PRELIMINARY_90M,0.17113082421841358,0.4735264619671615,0.473443851,0.34398348170533055,0.33311610708659734,balanced,MST
596,ST013__ST027,13,ST013,삼미시장,27,ST027,은행동행정복지센터,1561.0,1.561,2.6154869323133116,0.514819805,0.514819805,0.0,0.0,PRELIMINARY_POINT_BUFFER_PROXY,2.62974837,PRELIMINARY_90M,0.10223064335543881,0.525441264399645,0.514819805,0.3995190098286312,0.33461331294639923,balanced,MST
779,ST017__ST052,17,ST017,장곡동,52,ST052,가온그린공원,639.0,0.639,1.9871511618456574,0.588670368,0.588670368,0.0,0.0,PRELIMINARY_POINT_BUFFER_PROXY,1.720740011,PRELIMINARY_90M,0.02282318491086039,0.7100185722077744,0.588670368,0.24870069085140145,0.33560568403360924,balanced,MST
468,ST010__ST028,10,ST010,은계호수공원,28,ST028,매화산업단지,3734.0,3.734,2.2597817465071626,0.156648005,0.156648005,0.0,0.0,PRELIMINARY_POINT_BUFFER_PROXY,2.499811713,PRELIMINARY_90M,0.289380759624494,0.6299317433049347,0.156648005,0.3779605412092454,0.3375947349421714,balanced,MST
1322,ST037__ST045,37,ST037,군자동행정복지센터,45,ST045,시흥중앙도서관,5556.0,5.556,3.4490973986733664,0.318446298,0.318446298,0.0,0.0,PRELIMINARY_POINT_BUFFER_PROXY,1.229092844,PRELIMINARY_90M,0.446300921539919,0.28056331398962786,0.318446298,0.16712894453827729,0.3393139475946348,balanced,MST
714,ST016__ST025,16,ST016,물왕호수,25,ST025,목감동행정복지센터,3005.0,3.005,2.1381214943015445,0.193383798,0.119943446,0.161932073,0.0,PRELIMINARY_POINT_BUFFER_PROXY,2.924827881,PRELIMINARY_90M,0.22659546981310827,0.6656701539999965,0.193383798,0.4484771908761643,0.33938974685666723,balanced,MST
1144,ST029__ST039,29,ST029,관곡공원,39,ST039,능곡힐스테이트,4321.0,4.321,2.5005444574442675,0.134141311,0.069883904,0.064257407,0.0,PRELIMINARY_POINT_BUFFER_PROXY,2.555414981,PRELIMINARY_90M,0.33993626733270177,0.5592062887087678,0.134141311,0.3871859694755221,0.3394289878461626,balanced,MST
385,ST008__ST036,8,ST008,시흥능곡역,36,ST036,시흥시립군자도서관,4468.0,4.468,3.322939983305055,0.221339234,0.221339234,0.0,0.0,PRELIMINARY_POINT_BUFFER_PROXY,3.518784026,PRELIMINARY_90M,0.3525966755662734,0.3176227926683346,0.221339234,0.5470235534570783,0.341951570278738,balanced,MST
769,ST017__ST042,17,ST017,장곡동,42,ST042,시흥시청역,2716.0,2.716,1.8434790923881643,0.330839246,0.330839246,0.0,0.0,PRELIMINARY_POINT_BUFFER_PROXY,1.590121124,PRELIMINARY_90M,0.20170527947635863,0.7522230829711033,0.330839246,0.22702902989364263,0.3478908943688105,balanced,MST
713,ST016__ST024,16,ST016,물왕호수,24,ST024,목감고등학교,3229.0,3.229,2.105914035609522,0.176923572,0.176923572,0.0,0.0,PRELIMINARY_POINT_BUFFER_PROXY,3.167384816,PRELIMINARY_90M,0.2458875204547412,0.6751312833771932,0.176923572,0.48872107733856496,0.35092031945811986,balanced,MST
1285,ST035__ST045,35,ST035,산들공원,45,ST045,시흥중앙도서관,6104.0,6.104,3.104005896090232,0.305870296,0.305870296,0.0,0.0,PRELIMINARY_POINT_BUFFER_PROXY,0.734142852,PRELIMINARY_90M,0.4934975454310568,0.38193596136707975,0.305870296,0.0850092092991503,0.3630051658407112,balanced,MST
1403,ST042__ST051,42,ST042,시흥시청역,51,ST051,연성중학교,2072.0,2.072,2.5274345688921906,0.351208623,0.308075573,0.083245449,0.0,PRELIMINARY_POINT_BUFFER_PROXY,4.64619177,PRELIMINARY_90M,0.14624063388166395,0.551307161186513,0.351208623,0.7340776537505509,0.3666714896025508,balanced,MST
666,ST015__ST016,15,ST015,목감택지개발예정지구,16,ST016,물왕호수,3107.0,3.107,2.1181705540136373,0.281664379,0.281664379,0.0,0.0,PRELIMINARY_POINT_BUFFER_PROXY,3.053159992,PRELIMINARY_90M,0.23538024287313755,0.6715308594057094,0.281664379,0.4697694408980579,0.3693397799151056,balanced,MST
1135,ST029__ST030,29,ST029,관곡공원,30,ST030,장곡도서관,4785.0,4.785,2.344415023463761,0.235519282,0.235519282,0.0,0.0,PRELIMINARY_POINT_BUFFER_PROXY,2.140637973,PRELIMINARY_90M,0.3798983722332271,0.6050702231657867,0.235519282,0.3183681522600866,0.3796084368654612,balanced,MST
331,ST007__ST029,7,ST007,장현지구,29,ST029,관곡공원,4165.0,4.165,2.078936189138624,0.271907933,0.271907933,0.0,0.0,PRELIMINARY_POINT_BUFFER_PROXY,2.51365291,PRELIMINARY_90M,0.32650073206442165,0.6830561835756226,0.271907933,0.3802570064105875,0.3922270637524813,balanced,MST
740,ST016__ST051,16,ST016,물왕호수,51,ST051,연성중학교,2736.0,2.736,1.9961566566608884,0.363459039,0.363459039,0.145100799,0.0,PRELIMINARY_POINT_BUFFER_PROXY,3.605438126,PRELIMINARY_90M,0.203427783997933,0.7073731554312661,0.363459039,0.5614007872471636,0.39792062252250093,balanced,MST
1265,ST034__ST045,34,ST034,군자디지털과학고등학교,45,ST045,시흥중앙도서관,6540.0,6.54,2.9933398472819306,0.352023517,0.352023517,0.0,0.0,PRELIMINARY_POINT_BUFFER_PROXY,0.836864495,PRELIMINARY_90M,0.531048144001378,0.4144447605073809,0.352023517,0.10205229296989038,0.398621932897511,balanced,MST
480,ST010__ST040,10,ST010,은계호수공원,40,ST040,갯골생태공원,7454.0,7.454,2.3810988212602635,0.143643119,0.143643119,0.0,0.0,PRELIMINARY_POINT_BUFFER_PROXY,1.480173201,PRELIMINARY_90M,0.6097666006373267,0.5942941429938482,0.143643119,0.20878699640988027,0.42999429806518236,balanced,MST
1409,ST043__ST045,43,ST043,시흥종합버스터미널,45,ST045,시흥중앙도서관,671.0,0.671,3.1817228022763167,0.300402098,0.300402098,0.0,0.0,PRELIMINARY_POINT_BUFFER_PROXY,0.425583211,PRELIMINARY_90M,0.025579192145379383,0.35910616559669406,0.300402098,0.03381446955986759,0.16222560491147073,balanced,T2_SPANNER
151,ST003__ST047,3,ST003,배곧한울공원,47,ST047,배곧2동행정복지센터,2142.0,2.142,2.998593533213879,0.082490603,0.082490603,0.0,0.0,PRELIMINARY_POINT_BUFFER_PROXY,1.45164868,PRELIMINARY_90M,0.15226939970717424,0.41290145953524826,0.082490603,0.20405434432339853,0.19471885418842913,balanced,T2_SPANNER
259,ST005__ST054,5,ST005,배곧중·고등학교,54,ST054,시흥 프리미엄 아울렛,1508.0,1.508,1.711681176130996,0.0,0.0,0.0,0.0,PRELIMINARY_POINT_BUFFER_PROXY,0.623743217,PRELIMINARY_90M,0.09766600637326674,0.7909394917780753,0.0,0.06669222992096648,0.20725813539306676,balanced,T2_SPANNER
209,ST004__ST054,4,ST004,배곧중심상가,54,ST054,시흥 프리미엄 아울렛,3518.0,3.518,3.9115620934849367,0.174673018,0.174673018,0.0,0.0,PRELIMINARY_POINT_BUFFER_PROXY,1.470188615,PRELIMINARY_90M,0.2707777107914908,0.14471160486108936,0.174673018,0.2071304016588043,0.21199122003763488,balanced,T2_SPANNER
136,ST003__ST032,3,ST003,배곧한울공원,32,ST032,희망공원,2946.0,2.946,2.474419063810549,0.0,0.0,0.0,0.0,PRELIMINARY_POINT_BUFFER_PROXY,0.664390229,PRELIMINARY_90M,0.22151408147446386,0.5668807759001471,0.0,0.07343618773014575,0.21299721592933682,balanced,T2_SPANNER
1,ST001__ST002,1,ST001,월곶역,2,ST002,월곶포구,619.0,0.619,1.5532421960245575,0.149164241,0.149164241,0.0,0.0,PRELIMINARY_POINT_BUFFER_PROXY,0.47799073,PRELIMINARY_90M,0.02110068038928602,0.8374818689184798,0.149164241,0.042509674437898,0.2196041573550951,balanced,T2_SPANNER
880,ST020__ST045,20,ST020,시화공업단지[왼쪽부근],45,ST045,시흥중앙도서관,1373.0,1.373,2.951996349336429,0.38168565,0.38168565,0.0,0.0,PRELIMINARY_POINT_BUFFER_PROXY,0.548337,PRELIMINARY_90M,0.08603910085263974,0.42658965485339595,0.38168565,0.05418119107762378,0.22328216247337865,balanced,T2_SPANNER
1444,ST046__ST050,46,ST046,배곧1동행정복지센터,50,ST050,시흥한라3차아파트,2363.0,2.363,4.178737580648687,0.479447383,0.479447383,0.0,0.0,PRELIMINARY_POINT_BUFFER_PROXY,1.190735572,PRELIMINARY_90M,0.17130307467057102,0.06622724275592551,0.479447383,0.16076488943766587,0.2257432575850634,balanced,T2_SPANNER
934,ST022__ST032,22,ST022,오이도박물관,32,ST032,희망공원,2894.0,2.894,2.88457420094931,0.0,0.0,0.0,0.0,PRELIMINARY_POINT_BUFFER_PROXY,2.242877844,PRELIMINARY_90M,0.2170355697183705,0.4463953053047024,0.0,0.3353313026249875,0.2263929843420368,balanced,T2_SPANNER
1448,ST046__ST054,46,ST046,배곧1동행정복지센터,54,ST054,시흥 프리미엄 아울렛,1087.0,1.087,2.0,0.198910149,0.198910149,0.0,0.0,PRELIMINARY_POINT_BUFFER_PROXY,0.722410179,PRELIMINARY_90M,0.06140728619412626,0.7062441508450915,0.198910149,0.08306258031444422,0.22799866894383544,balanced,T2_SPANNER
1242,ST033__ST043,33,ST033,타원산업단지,43,ST043,시흥종합버스터미널,2934.0,2.934,2.565523484039041,0.07531911,0.07531911,0.0,0.0,PRELIMINARY_POINT_BUFFER_PROXY,0.889229462,PRELIMINARY_90M,0.22048057876151925,0.5401183195741607,0.07531911,0.11074043782361453,0.23165673859298203,balanced,T2_SPANNER
534,ST011__ST050,11,ST011,배곧생명공원,50,ST050,시흥한라3차아파트,995.0,0.995,2.969355785245408,0.47264275,0.47264275,0.0,0.0,PRELIMINARY_POINT_BUFFER_PROXY,0.56995669,PRELIMINARY_90M,0.05348376539488416,0.4214902190171036,0.47264275,0.057768226631615675,0.23251747145611673,balanced,T2_SPANNER
1222,ST032__ST045,32,ST032,희망공원,45,ST045,시흥중앙도서관,3542.0,3.542,3.695161173181692,0.239589717,0.239589717,0.0,0.0,PRELIMINARY_POINT_BUFFER_PROXY,1.100349444,PRELIMINARY_90M,0.27284471621738005,0.20828064096267274,0.239589717,0.1457684554127718,0.23255671224140234,balanced,T2_SPANNER
160,ST004__ST005,4,ST004,배곧중심상가,5,ST005,배곧중·고등학교,2591.0,2.591,3.612965583991951,0.346284637,0.346284637,0.0,0.0,PRELIMINARY_POINT_BUFFER_PROXY,1.174987484,PRELIMINARY_90M,0.19093962621651883,0.23242607606189314,0.346284637,0.15815204200260122,0.23315503124937634,balanced,T2_SPANNER
1243,ST033__ST044,33,ST033,타원산업단지,44,ST044,경기과학기술대학교,1598.0,1.598,1.7010597777371803,0.123630586,0.123630586,0.0,0.0,PRELIMINARY_POINT_BUFFER_PROXY,0.331684145,PRELIMINARY_90M,0.1054172767203514,0.7940595896824632,0.123630586,0.018235185665018444,0.23462175297438595,balanced,T2_SPANNER
1145,ST029__ST040,29,ST029,관곡공원,40,ST040,갯골생태공원,3173.0,3.173,2.6002442194967386,0.0,0.0,0.0,0.0,PRELIMINARY_POINT_BUFFER_PROXY,1.529257702,PRELIMINARY_90M,0.24106450779433297,0.5299189004465018,0.0,0.2169308620359346,0.23494921251242373,balanced,T2_SPANNER
1210,ST032__ST033,32,ST032,희망공원,33,ST033,타원산업단지,2081.0,2.081,1.4965117896209403,0.0,0.0,0.0,0.0,PRELIMINARY_POINT_BUFFER_PROXY,0.481788461,PRELIMINARY_90M,0.14701576091637242,0.8541467576244774,0.0,0.043139775800197705,0.23610662226147414,balanced,T2_SPANNER
205,ST004__ST050,4,ST004,배곧중심상가,50,ST050,시흥한라3차아파트,2083.0,2.083,3.3375162940590184,0.4015265,0.4015265,0.0,0.0,PRELIMINARY_POINT_BUFFER_PROXY,0.795418286,PRELIMINARY_90M,0.14718801136852985,0.3133409161252583,0.4015265,0.09517573621717196,0.2362013732050394,balanced,T2_SPANNER
957,ST022__ST055,22,ST022,오이도박물관,55,ST055,해양생태과학관,1977.0,1.977,2.056726097058233,0.0,0.0,0.0,0.0,PRELIMINARY_POINT_BUFFER_PROXY,2.016046436,PRELIMINARY_90M,0.1380587374041857,0.6895805280345066,0.0,0.29769652038444466,0.23779407862624233,balanced,T2_SPANNER
53,ST001__ST054,1,ST001,월곶역,54,ST054,시흥 프리미엄 아울렛,3069.0,3.069,2.971566575272677,0.131704676,0.131704676,0.0,0.0,PRELIMINARY_POINT_BUFFER_PROXY,1.446878915,PRELIMINARY_90M,0.23210748428214625,0.42084078651533996,0.131704676,0.20326296772922972,0.24042676517531097,balanced,T2_SPANNER
879,ST020__ST044,20,ST020,시화공업단지[왼쪽부근],44,ST044,경기과학기술대학교,406.0,0.406,2.506476981067469,0.352976565,0.352976565,0.0,0.0,PRELIMINARY_POINT_BUFFER_PROXY,1.876973273,PRELIMINARY_90M,0.0027560072345189906,0.5574635751942025,0.352976565,0.274622166391066,0.24203258414130802,balanced,T2_SPANNER
466,ST010__ST026,10,ST010,은계호수공원,26,ST026,은계파크자이,1220.0,1.22,2.405341600576404,0.254629654,0.254629654,0.0,0.0,PRELIMINARY_POINT_BUFFER_PROXY,1.537591702,PRELIMINARY_90M,0.07286194126259582,0.5871726847699602,0.254629654,0.21831359945293588,0.2429837668769707,balanced,T2_SPANNER
1147,ST029__ST042,29,ST029,관곡공원,42,ST042,시흥시청역,2654.0,2.654,2.6841941622399865,0.0,0.0,0.0,0.0,PRELIMINARY_POINT_BUFFER_PROXY,2.927478894,PRELIMINARY_90M,0.19636551545947808,0.5052581137294531,0.0,0.44891703427285934,0.24693538407061075,balanced,T2_SPANNER
1226,ST032__ST049,32,ST032,희망공원,49,ST049,거북섬 웨이브파크 정문,4499.0,4.499,3.070219818149316,0.042639664,0.042639664,0.0,0.0,PRELIMINARY_POINT_BUFFER_PROXY,0.994963213,PRELIMINARY_90M,0.35526655757471365,0.3918608193822274,0.042639664,0.12828327604626832,0.25038119431327116,balanced,T2_SPANNER
56,ST002__ST004,2,ST002,월곶포구,4,ST004,배곧중심상가,3192.0,3.192,3.5458499603414118,0.332930014,0.332930014,0.0,0.0,PRELIMINARY_POINT_BUFFER_PROXY,1.198313388,PRELIMINARY_90M,0.24270088708982862,0.2521416830789185,0.332930014,0.16202216442234924,0.2550445196150675,balanced,T2_SPANNER
949,ST022__ST047,22,ST022,오이도박물관,47,ST047,배곧2동행정복지센터,4352.0,4.352,3.2556383357386656,0.040564469,0.040564469,0.0,0.0,PRELIMINARY_POINT_BUFFER_PROXY,1.850197274,PRELIMINARY_90M,0.34260614934114203,0.3373930452987237,0.040564469,0.2701796207113337,0.25518912915290165,balanced,T2_SPANNER
807,ST018__ST043,18,ST018,정왕역,43,ST043,시흥종합버스터미널,1406.0,1.406,2.6557306312689994,0.43367149,0.43367149,0.0,0.0,PRELIMINARY_POINT_BUFFER_PROXY,0.599226145,PRELIMINARY_90M,0.08888123331323745,0.5136194424397824,0.43367149,0.0626244746042261,0.25608792550388537,balanced,T2_SPANNER
108,ST003__ST004,3,ST003,배곧한울공원,4,ST004,배곧중심상가,4685.0,4.685,2.9330495193194137,0.0,0.0,0.0,0.0,PRELIMINARY_POINT_BUFFER_PROXY,1.18657571,PRELIMINARY_90M,0.37128584962535527,0.432155396993838,0.0,0.16007470503198293,0.25895662500370714,balanced,T2_SPANNER
820,ST019__ST020,19,ST019,시화병원,20,ST020,시화공업단지[왼쪽부근],1979.0,1.979,2.8736363843131483,0.422822321,0.422822321,0.0,0.0,PRELIMINARY_POINT_BUFFER_PROXY,0.548112375,PRELIMINARY_90M,0.13823098785634313,0.4496083529185587,0.422822321,0.054143922372044954,0.2590412343320557,balanced,T2_SPANNER
115,ST003__ST011,3,ST003,배곧한울공원,11,ST011,배곧생명공원,4442.0,4.442,2.929381135965357,0.030002831,0.030002831,0.0,0.0,PRELIMINARY_POINT_BUFFER_PROXY,1.252044916,PRELIMINARY_90M,0.3503574196882267,0.43323300606103465,0.030002831,0.17093704254068998,0.2599308332186011,balanced,T2_SPANNER
784,ST018__ST020,18,ST018,정왕역,20,ST020,시화공업단지[왼쪽부근],1949.0,1.949,3.244027725944256,0.540858498,0.540858498,0.0,0.0,PRELIMINARY_POINT_BUFFER_PROXY,0.564911031,PRELIMINARY_90M,0.13564723107398158,0.34080372983808693,0.540858498,0.05693107502461671,0.2661739241509025,balanced,T2_SPANNER
1412,ST043__ST048,43,ST043,시흥종합버스터미널,48,ST048,정왕평생학습관 사거리,1307.0,1.307,3.0428754779308687,0.59325425,0.59325425,0.0,0.0,PRELIMINARY_POINT_BUFFER_PROXY,0.728620186,PRELIMINARY_90M,0.08035483593144432,0.3998933792626782,0.59325425,0.08409291497232037,0.2730481099709614,balanced,T2_SPANNER
843,ST019__ST043,19,ST019,시화병원,43,ST043,시흥종합버스터미널,1504.0,1.504,1.864455410627717,0.337651847,0.337651847,0.0,0.0,PRELIMINARY_POINT_BUFFER_PROXY,0.368706378,PRELIMINARY_90M,0.09732150546895185,0.7460611667944999,0.337651847,0.024377737480477956,0.2762104579185524,balanced,T2_SPANNER
252,ST005__ST047,5,ST005,배곧중·고등학교,47,ST047,배곧2동행정복지센터,3334.0,3.334,2.6812687086629072,0.216881735,0.216881735,0.0,0.0,PRELIMINARY_POINT_BUFFER_PROXY,0.993464254,PRELIMINARY_90M,0.2549306691930066,0.5061174828291513,0.216881735,0.12803457593877482,0.2766213843838491,balanced,T2_SPANNER
178,ST004__ST023,4,ST004,배곧중심상가,23,ST023,오이도역,1713.0,1.713,2.7144915430768712,0.4750888,0.4750888,0.0,0.0,PRELIMINARY_POINT_BUFFER_PROXY,0.778708558,PRELIMINARY_90M,0.11532167771940402,0.49635808089454436,0.4750888,0.09240333807300183,0.27803298797762077,balanced,T2_SPANNER
159,ST003__ST055,3,ST003,배곧한울공원,55,ST055,해양생태과학관,4683.0,4.683,2.979187730277081,0.0,0.0,0.0,0.0,PRELIMINARY_POINT_BUFFER_PROXY,2.085033623,PRELIMINARY_90M,0.3711135991731978,0.41860202765548005,0.0,0.30914254447354533,0.2785372268714069,balanced,T2_SPANNER
63,ST002__ST011,2,ST002,월곶포구,11,ST011,배곧생명공원,3928.0,3.928,3.437997456052192,0.304495296,0.304495296,0.0,0.0,PRELIMINARY_POINT_BUFFER_PROXY,1.160746133,PRELIMINARY_90M,0.3060890534837654,0.28382398705988165,0.304495296,0.1557891851635865,0.2786926205800205,balanced,T2_SPANNER
147,ST003__ST043,3,ST003,배곧한울공원,43,ST043,시흥종합버스터미널,4739.0,4.739,3.5517107534895764,0.285116743,0.285116743,0.0,0.0,PRELIMINARY_POINT_BUFFER_PROXY,0.649359863,PRELIMINARY_90M,0.37593661183360605,0.25042004081095814,0.285116743,0.07094242129632959,0.28237920184008347,balanced,T2_SPANNER
1227,ST032__ST050,32,ST032,희망공원,50,ST050,시흥한라3차아파트,4271.0,4.271,3.200955888599408,0.219882908,0.219882908,0.0,0.0,PRELIMINARY_POINT_BUFFER_PROXY,1.156929234,PRELIMINARY_90M,0.3356300060287658,0.35345633399198484,0.219882908,0.15515590353841074,0.28318738174066493,balanced,T2_SPANNER
1441,ST046__ST047,46,ST046,배곧1동행정복지센터,47,ST047,배곧2동행정복지센터,3069.0,3.069,4.129648039445814,0.60945262,0.60945262,0.0,0.0,PRELIMINARY_POINT_BUFFER_PROXY,1.115499419,PRELIMINARY_90M,0.23210748428214625,0.08064758261660032,0.60945262,0.14828206679975695,0.2835779752561421,balanced,T2_SPANNER
1381,ST041__ST042,41,ST041,연꽃테마파크,42,ST042,시흥시청역,3357.0,3.357,2.4375560527901543,0.0,0.0,0.0,0.0,PRELIMINARY_POINT_BUFFER_PROXY,2.986825232,PRELIMINARY_90M,0.25691154939281713,0.5777095010048499,0.0,0.458763494809769,0.2871210441795622,balanced,T2_SPANNER
883,ST020__ST048,20,ST020,시화공업단지[왼쪽부근],48,ST048,정왕평생학습관 사거리,2009.0,2.009,2.934480706161243,0.546394757,0.546394757,0.0,0.0,PRELIMINARY_POINT_BUFFER_PROXY,0.706491352,PRELIMINARY_90M,0.14081474463870466,0.4317349774878171,0.546394757,0.08042140468117445,0.29133479330522144,balanced,T2_SPANNER
434,ST009__ST039,9,ST009,능곡중앙공원,39,ST039,능곡힐스테이트,792.0,0.792,2.0,0.496869839,0.318845713,0.496869839,0.0,PRELIMINARY_POINT_BUFFER_PROXY,0.848295282,PRELIMINARY_90M,0.036000344500904315,0.7062441508450915,0.496869839,0.10394883447345071,0.29545875289039764,balanced,T2_SPANNER
507,ST011__ST023,11,ST011,배곧생명공원,23,ST023,오이도역,1921.0,1.921,2.767167983295987,0.54035387,0.54035387,0.0,0.0,PRELIMINARY_POINT_BUFFER_PROXY,0.683327862,PRELIMINARY_90M,0.13323572474377746,0.4808840684675202,0.54035387,0.0765782292154515,0.29604630547333277,balanced,T2_SPANNER
262,ST006__ST008,6,ST006,시흥시청 본청,8,ST008,시흥능곡역,1951.0,1.951,2.023517683433672,0.1397711,0.1397711,0.0,0.0,PRELIMINARY_POINT_BUFFER_PROXY,2.968420709,PRELIMINARY_90M,0.135819481526139,0.699335693777877,0.1397711,0.45570990438570363,0.2974941920238866,balanced,T2_SPANNER
148,ST003__ST044,3,ST003,배곧한울공원,44,ST044,경기과학기술대학교,4512.0,4.512,3.1706580906619517,0.229161108,0.229161108,0.0,0.0,PRELIMINARY_POINT_BUFFER_PROXY,1.318416395,PRELIMINARY_90M,0.35638618551373696,0.3623564893526261,0.229161108,0.18194908086982542,0.29960841120649384,balanced,T2_SPANNER
1246,ST033__ST047,33,ST033,타원산업단지,47,ST047,배곧2동행정복지센터,5822.0,5.822,2.832765178273928,0.030351918,0.030351918,0.0,0.0,PRELIMINARY_POINT_BUFFER_PROXY,0.750301445,PRELIMINARY_90M,0.46921023167685816,0.4616145087545951,0.030351918,0.08769016576029681,0.3007484987857068,balanced,T2_SPANNER
796,ST018__ST032,18,ST018,정왕역,32,ST032,희망공원,3868.0,3.868,2.4031752148338352,0.194564581,0.194564581,0.0,0.0,PRELIMINARY_POINT_BUFFER_PROXY,0.885911753,PRELIMINARY_90M,0.3009215399190423,0.5878090732533656,0.194564581,0.11018997941552457,0.30310007278061873,balanced,T2_SPANNER
125,ST003__ST021,3,ST003,배곧한울공원,21,ST021,오이도 포구 해양관광 단지,3868.0,3.868,3.0553772480821526,0.133587529,0.0,0.133587529,0.0,PRELIMINARY_POINT_BUFFER_PROXY,3.056247109,PRELIMINARY_90M,0.3009215399190423,0.39622091115594826,0.133587529,0.47028164058447025,0.3035519265364771,balanced,T2_SPANNER
283,ST006__ST029,6,ST006,시흥시청 본청,29,ST029,관곡공원,3470.0,3.47,2.475229440723157,0.075912866,0.075912866,0.0,0.0,PRELIMINARY_POINT_BUFFER_PROXY,3.041565706,PRELIMINARY_90M,0.2666436999397123,0.5666427229420483,0.075912866,0.4678457724224623,0.30914110692766394,balanced,T2_SPANNER
823,ST019__ST023,19,ST019,시화병원,23,ST023,오이도역,1664.0,1.664,2.9999999999999996,0.714416548,0.714416548,0.0,0.0,PRELIMINARY_POINT_BUFFER_PROXY,0.445157056,PRELIMINARY_90M,0.11110154164154681,0.41248830169018313,0.714416548,0.03706206829709861,0.3111017242392201,balanced,T2_SPANNER
1432,ST045__ST047,45,ST045,시흥중앙도서관,47,ST047,배곧2동행정복지센터,2631.0,2.631,3.7177601555393682,0.731797829,0.731797829,0.0,0.0,PRELIMINARY_POINT_BUFFER_PROXY,0.662398958,PRELIMINARY_90M,0.19438463525966757,0.20164205771015675,0.731797829,0.07310580557042778,0.3119975937314626,balanced,T2_SPANNER
157,ST003__ST053,3,ST003,배곧한울공원,53,ST053,오이도 빨강등대,2485.0,2.485,2.0743268960726615,0.321268247,0.295693025,0.112820736,0.0,PRELIMINARY_POINT_BUFFER_PROXY,1.113752047,PRELIMINARY_90M,0.18181035225217465,0.6844101903742181,0.321268247,0.14799215119550682,0.31212206340503956,balanced,T2_SPANNER
1146,ST029__ST041,29,ST029,관곡공원,41,ST041,연꽃테마파크,3138.0,3.138,1.7569046050067059,0.0,0.0,0.0,0.0,PRELIMINARY_POINT_BUFFER_PROXY,2.735579863,PRELIMINARY_90M,0.2380501248815778,0.7776548450269946,0.0,0.4170780649364076,0.31331272869849114,balanced,T2_SPANNER
1194,ST031__ST040,31,ST031,마전저수지,40,ST040,갯골생태공원,2402.0,2.402,2.2619856904966325,0.142177716,0.142177716,0.0,0.0,PRELIMINARY_POINT_BUFFER_PROXY,3.572654596,PRELIMINARY_90M,0.17466195848764102,0.6292843218668183,0.142177716,0.5559615007589965,0.3146603018822695,balanced,T2_SPANNER
966,ST023__ST032,23,ST023,오이도역,32,ST032,희망공원,4753.0,4.753,3.3059758975034406,0.337259679,0.337259679,0.0,0.0,PRELIMINARY_POINT_BUFFER_PROXY,0.950310486,PRELIMINARY_90M,0.3771423649987081,0.32260609209812463,0.337259679,0.12087470916433367,0.3178242905437582,balanced,T2_SPANNER
175,ST004__ST020,4,ST004,배곧중심상가,20,ST020,시화공업단지[왼쪽부근],5086.0,5.086,4.0907536789867915,0.503240937,0.503240937,0.0,0.0,PRELIMINARY_POINT_BUFFER_PROXY,0.713569367,PRELIMINARY_90M,0.40582206528292136,0.09207302850057764,0.503240937,0.08159575507457452,0.3187930293244703,balanced,T2_SPANNER
1225,ST032__ST048,32,ST032,희망공원,48,ST048,정왕평생학습관 사거리,4339.0,4.339,3.4681877374468693,0.435644018,0.435644018,0.0,0.0,PRELIMINARY_POINT_BUFFER_PROXY,0.974972519,PRELIMINARY_90M,0.34148652140211866,0.2749554153125626,0.435644018,0.12496651571681991,0.319241673480883,balanced,T2_SPANNER
292,ST006__ST038,6,ST006,시흥시청 본청,38,ST038,능곡도서관,2199.0,2.199,2.084117616972949,0.214672193,0.183407351,0.04195668,0.0,PRELIMINARY_POINT_BUFFER_PROXY,3.091529972,PRELIMINARY_90M,0.15717853759366118,0.6815341088423155,0.214672193,0.4761356044492447,0.3242666257233142,balanced,T2_SPANNER
1379,ST040__ST054,40,ST040,갯골생태공원,54,ST054,시흥 프리미엄 아울렛,5042.0,5.042,2.505555704817685,0.080180898,0.080180898,0.0,0.0,PRELIMINARY_POINT_BUFFER_PROXY,1.509985427,PRELIMINARY_90M,0.40203255533545773,0.5577342054812642,0.080180898,0.2137332983506408,0.3244650824830321,balanced,T2_SPANNER
30,ST001__ST031,1,ST001,월곶역,31,ST031,마전저수지,4726.0,4.726,2.1733816526852707,0.0,0.0,0.0,0.0,PRELIMINARY_POINT_BUFFER_PROXY,1.971254241,PRELIMINARY_90M,0.37481698389458273,0.6553122762326484,0.0,0.2902648136390502,0.3245289708502203,balanced,T2_SPANNER
216,ST005__ST011,5,ST005,배곧중·고등학교,11,ST011,배곧생명공원,1035.0,1.035,2.302250274330589,0.657889333,0.657889333,0.0,0.0,PRELIMINARY_POINT_BUFFER_PROXY,0.815151569,PRELIMINARY_90M,0.0569287744380329,0.6174563648518054,0.657889333,0.09844978814474278,0.3255025842172857,balanced,T2_SPANNER
454,ST010__ST014,10,ST010,은계호수공원,14,ST014,시흥대야역,1525.0,1.525,2.792670740390496,0.667821134,0.57752438,0.090296754,0.0,PRELIMINARY_POINT_BUFFER_PROXY,1.2539899,PRELIMINARY_90M,0.09913013521660495,0.47339248440143145,0.667821134,0.1712597449827669,0.3269747962143433,balanced,T2_SPANNER
636,ST014__ST026,14,ST014,시흥대야역,26,ST026,은계파크자이,2742.0,2.742,2.689120979304191,0.480816193,0.434350308,0.046465885,0.0,PRELIMINARY_POINT_BUFFER_PROXY,1.352474425,PRELIMINARY_90M,0.2039445353544053,0.5038108323991268,0.480816193,0.1875998263018331,0.33068400281686244,balanced,T2_SPANNER
595,ST013__ST026,13,ST013,삼미시장,26,ST026,은계파크자이,1938.0,1.938,2.6326125397405407,0.511569918,0.511569918,0.0,0.0,PRELIMINARY_POINT_BUFFER_PROXY,2.070334106,PRELIMINARY_90M,0.13469985358711567,0.5204105170475657,0.511569918,0.3067036709232997,0.33186007498285436,balanced,T2_SPANNER
1414,ST043__ST050,43,ST043,시흥종합버스터미널,50,ST050,시흥한라3차아파트,3480.0,3.48,3.582820694081797,0.668947502,0.668947502,0.0,0.0,PRELIMINARY_POINT_BUFFER_PROXY,0.615837167,PRELIMINARY_90M,0.2675049522004995,0.24128131379513162,0.668947502,0.06538049592100452,0.3323021935273768,balanced,T2_SPANNER
452,ST010__ST012,10,ST010,은계호수공원,12,ST012,신천역,2361.0,2.361,2.79221465563128,0.473443851,0.473443851,0.0,0.0,PRELIMINARY_POINT_BUFFER_PROXY,2.295026039,PRELIMINARY_90M,0.17113082421841358,0.4735264619671615,0.473443851,0.34398348170533055,0.33311610708659734,balanced,T2_SPANNER
596,ST013__ST027,13,ST013,삼미시장,27,ST027,은행동행정복지센터,1561.0,1.561,2.6154869323133116,0.514819805,0.514819805,0.0,0.0,PRELIMINARY_POINT_BUFFER_PROXY,2.62974837,PRELIMINARY_90M,0.10223064335543881,0.525441264399645,0.514819805,0.3995190098286312,0.33461331294639923,balanced,T2_SPANNER
779,ST017__ST052,17,ST017,장곡동,52,ST052,가온그린공원,639.0,0.639,1.9871511618456574,0.588670368,0.588670368,0.0,0.0,PRELIMINARY_POINT_BUFFER_PROXY,1.720740011,PRELIMINARY_90M,0.02282318491086039,0.7100185722077744,0.588670368,0.24870069085140145,0.33560568403360924,balanced,T2_SPANNER
468,ST010__ST028,10,ST010,은계호수공원,28,ST028,매화산업단지,3734.0,3.734,2.2597817465071626,0.156648005,0.156648005,0.0,0.0,PRELIMINARY_POINT_BUFFER_PROXY,2.499811713,PRELIMINARY_90M,0.289380759624494,0.6299317433049347,0.156648005,0.3779605412092454,0.3375947349421714,balanced,T2_SPANNER
981,ST023__ST047,23,ST023,오이도역,47,ST047,배곧2동행정복지센터,3445.0,3.445,3.720252557069112,0.68437309,0.68437309,0.0,0.0,PRELIMINARY_POINT_BUFFER_PROXY,1.070800265,PRELIMINARY_90M,0.2644905692877444,0.20090990018235189,0.68437309,0.14086579697205084,0.3382013497973758,balanced,T2_SPANNER
1322,ST037__ST045,37,ST037,군자동행정복지센터,45,ST045,시흥중앙도서관,5556.0,5.556,3.4490973986733664,0.318446298,0.318446298,0.0,0.0,PRELIMINARY_POINT_BUFFER_PROXY,1.229092844,PRELIMINARY_90M,0.446300921539919,0.28056331398962786,0.318446298,0.16712894453827729,0.3393139475946348,balanced,T2_SPANNER
714,ST016__ST025,16,ST016,물왕호수,25,ST025,목감동행정복지센터,3005.0,3.005,2.1381214943015445,0.193383798,0.119943446,0.161932073,0.0,PRELIMINARY_POINT_BUFFER_PROXY,2.924827881,PRELIMINARY_90M,0.22659546981310827,0.6656701539999965,0.193383798,0.4484771908761643,0.33938974685666723,balanced,T2_SPANNER
1144,ST029__ST039,29,ST029,관곡공원,39,ST039,능곡힐스테이트,4321.0,4.321,2.5005444574442675,0.134141311,0.069883904,0.064257407,0.0,PRELIMINARY_POINT_BUFFER_PROXY,2.555414981,PRELIMINARY_90M,0.33993626733270177,0.5592062887087678,0.134141311,0.3871859694755221,0.3394289878461626,balanced,T2_SPANNER
1254,ST033__ST055,33,ST033,타원산업단지,55,ST055,해양생태과학관,6669.0,6.669,2.6513319891233778,0.0,0.0,0.0,0.0,PRELIMINARY_POINT_BUFFER_PROXY,1.019873464,PRELIMINARY_90M,0.5421582981655327,0.5149115692983981,0.0,0.13241626574204388,0.33970807298719935,balanced,T2_SPANNER
385,ST008__ST036,8,ST008,시흥능곡역,36,ST036,시흥시립군자도서관,4468.0,4.468,3.322939983305055,0.221339234,0.221339234,0.0,0.0,PRELIMINARY_POINT_BUFFER_PROXY,3.518784026,PRELIMINARY_90M,0.3525966755662734,0.3176227926683346,0.221339234,0.5470235534570783,0.341951570278738,balanced,T2_SPANNER
22,ST001__ST023,1,ST001,월곶역,23,ST023,오이도역,5851.0,5.851,3.2813856216322828,0.265377551,0.265377551,0.0,0.0,PRELIMINARY_POINT_BUFFER_PROXY,1.177724274,PRELIMINARY_90M,0.471707863233141,0.3298296294676101,0.265377551,0.1586061171088497,0.3447843765031059,balanced,T2_SPANNER
1236,ST033__ST037,33,ST033,타원산업단지,37,ST037,군자동행정복지센터,6377.0,6.377,2.6778195613261624,0.052201447,0.052201447,0.0,0.0,PRELIMINARY_POINT_BUFFER_PROXY,1.167165179,PRELIMINARY_90M,0.5170097321505469,0.5071306900339172,0.052201447,0.15685420257247207,0.34480852300287307,balanced,T2_SPANNER
553,ST012__ST026,12,ST012,신천역,26,ST026,은계파크자이,1797.0,1.797,2.4281601537334185,0.516501543,0.516501543,0.0,0.0,PRELIMINARY_POINT_BUFFER_PROXY,2.25962769,PRELIMINARY_90M,0.12255619671001636,0.580469601310835,0.516501543,0.3381103569558261,0.34495833823954747,balanced,T2_SPANNER
1475,ST050__ST055,50,ST050,시흥한라3차아파트,55,ST055,해양생태과학관,6177.0,6.177,3.092450020662885,0.125600025,0.125600025,0.0,0.0,PRELIMINARY_POINT_BUFFER_PROXY,1.783196728,PRELIMINARY_90M,0.4997846869348032,0.3853305673659684,0.125600025,0.2590632105944972,0.3472394760862896,balanced,T2_SPANNER
388,ST008__ST039,8,ST008,시흥능곡역,39,ST039,능곡힐스테이트,1410.0,1.41,1.7943819357778974,0.196901186,0.0,0.196901186,0.0,PRELIMINARY_POINT_BUFFER_PROXY,4.602752376,PRELIMINARY_90M,0.08922573421755232,0.7666456599022438,0.196901186,0.7268703972763896,0.3472752817589281,balanced,T2_SPANNER
769,ST017__ST042,17,ST017,장곡동,42,ST042,시흥시청역,2716.0,2.716,1.8434790923881643,0.330839246,0.330839246,0.0,0.0,PRELIMINARY_POINT_BUFFER_PROXY,1.590121124,PRELIMINARY_90M,0.20170527947635863,0.7522230829711033,0.330839246,0.22702902989364263,0.3478908943688105,balanced,T2_SPANNER
529,ST011__ST045,11,ST011,배곧생명공원,45,ST045,시흥중앙도서관,3828.0,3.828,3.480147122134749,0.661181158,0.661181158,0.0,0.0,PRELIMINARY_POINT_BUFFER_PROXY,0.647151976,PRELIMINARY_90M,0.29747653087589354,0.27144227610820426,0.661181158,0.07057609924600432,0.34916077195889894,balanced,T2_SPANNER
713,ST016__ST024,16,ST016,물왕호수,24,ST024,목감고등학교,3229.0,3.229,2.105914035609522,0.176923572,0.176923572,0.0,0.0,PRELIMINARY_POINT_BUFFER_PROXY,3.167384816,PRELIMINARY_90M,0.2458875204547412,0.6751312833771932,0.176923572,0.48872107733856496,0.35092031945811986,balanced,T2_SPANNER
1157,ST029__ST052,29,ST029,관곡공원,52,ST052,가온그린공원,4265.0,4.265,2.386392012061943,0.201240875,0.201240875,0.0,0.0,PRELIMINARY_POINT_BUFFER_PROXY,2.198243349,PRELIMINARY_90M,0.3351132546722935,0.5927392372351619,0.201240875,0.327925760709286,0.3520922321723427,balanced,T2_SPANNER
248,ST005__ST043,5,ST005,배곧중·고등학교,43,ST043,시흥종합버스터미널,5498.0,5.498,3.837015357175228,0.516546058,0.516546058,0.0,0.0,PRELIMINARY_POINT_BUFFER_PROXY,0.754435463,PRELIMINARY_90M,0.44130565842735336,0.16661014468747493,0.516546058,0.0883760622531162,0.3522372161464038,balanced,T2_SPANNER
811,ST018__ST047,18,ST018,정왕역,47,ST047,배곧2동행정복지센터,3541.0,3.541,3.5135420511635806,0.71603201,0.71603201,0.0,0.0,PRELIMINARY_POINT_BUFFER_PROXY,0.696535188,PRELIMINARY_90M,0.27275859099130134,0.26163232037387196,0.71603201,0.07876952557239102,0.3522533318071536,balanced,T2_SPANNER
1468,ST049__ST053,49,ST049,거북섬 웨이브파크 정문,53,ST053,오이도 빨강등대,3795.0,3.795,1.9574790573544323,0.127972736,0.001466061,0.126506675,0.0,PRELIMINARY_POINT_BUFFER_PROXY,2.594915167,PRELIMINARY_90M,0.2946343984152958,0.7187349264588074,0.127972736,0.39373965140025324,0.35265487636791787,balanced,T2_SPANNER
918,ST021__ST049,21,ST021,오이도 포구 해양관광 단지,49,ST049,거북섬 웨이브파크 정문,3415.0,3.415,2.0479519266585933,0.213066607,0.05611095,0.156955657,0.0,PRELIMINARY_POINT_BUFFER_PROXY,2.524721128,PRELIMINARY_90M,0.26190681250538284,0.6921579919108826,0.213066607,0.38209339219989963,0.3537749839643146,balanced,T2_SPANNER
554,ST012__ST027,12,ST012,신천역,27,ST027,은행동행정복지센터,1420.0,1.42,2.35513154122392,0.521377701,0.521377701,0.0,0.0,PRELIMINARY_POINT_BUFFER_PROXY,2.923916061,PRELIMINARY_90M,0.0900869864783395,0.6019221833911675,0.521377701,0.44832590606316086,0.35401254242904345,balanced,T2_SPANNER
1439,ST045__ST054,45,ST045,시흥중앙도서관,54,ST054,시흥 프리미엄 아울렛,6917.0,6.917,4.195062440228731,0.369304599,0.369304599,0.0,0.0,PRELIMINARY_POINT_BUFFER_PROXY,1.195975935,PRELIMINARY_90M,0.5635173542330548,0.06143171976765516,0.369304599,0.1616343454010411,0.3542645872069092,balanced,T2_SPANNER
1252,ST033__ST053,33,ST033,타원산업단지,53,ST053,오이도 빨강등대,6235.0,6.235,2.681993902930899,0.077964192,0.000893161,0.07707103,0.0,PRELIMINARY_POINT_BUFFER_PROXY,1.51111674,PRELIMINARY_90M,0.5047799500473689,0.5059044527711551,0.077964192,0.21392100039233028,0.3546720686320281,balanced,T2_SPANNER
955,ST022__ST053,22,ST022,오이도박물관,53,ST053,오이도 빨강등대,3692.0,3.692,2.684063160562845,0.131624432,0.001507895,0.130116537,0.0,PRELIMINARY_POINT_BUFFER_PROXY,4.523552075,PRELIMINARY_90M,0.28576350012918783,0.5052965962383625,0.131624432,0.7137298621635428,0.35533030662387904,balanced,T2_SPANNER
1450,ST047__ST048,47,ST047,배곧2동행정복지센터,48,ST048,정왕평생학습관 사거리,3453.0,3.453,3.2407471324978205,0.685219912,0.685219912,0.0,0.0,PRELIMINARY_POINT_BUFFER_PROXY,0.689108455,PRELIMINARY_90M,0.26517957109637413,0.34176742335167654,0.685219912,0.0775373175564109,0.3573608887423466,balanced,T2_SPANNER
914,ST021__ST045,21,ST021,오이도 포구 해양관광 단지,45,ST045,시흥중앙도서관,5683.0,5.683,3.1106854785594846,0.354343024,0.342731054,0.047502923,0.0,PRELIMINARY_POINT_BUFFER_PROXY,0.685024673,PRELIMINARY_90M,0.4572388252519163,0.37997379494682426,0.354343024,0.07685975598042384,0.35900500848719497,balanced,T2_SPANNER
892,ST021__ST023,21,ST021,오이도 포구 해양관광 단지,23,ST023,오이도역,5955.0,5.955,3.15826320833615,0.311273482,0.30019066,0.045338256,0.0,PRELIMINARY_POINT_BUFFER_PROXY,0.862008045,PRELIMINARY_90M,0.4806648867453277,0.36599755853541716,0.311273482,0.10622399051983547,0.35921743548318985,balanced,T2_SPANNER
846,ST019__ST046,19,ST019,시화병원,46,ST046,배곧1동행정복지센터,4055.0,4.055,3.251371511972627,0.614053069,0.614053069,0.0,0.0,PRELIMINARY_POINT_BUFFER_PROXY,0.784060813,PRELIMINARY_90M,0.3170269571957626,0.33864644973731073,0.614053069,0.09329135862181777,0.3620470438690398,balanced,T2_SPANNER
431,ST009__ST036,9,ST009,능곡중앙공원,36,ST036,시흥시립군자도서관,4477.0,4.477,3.3255331202319405,0.336615531,0.336615531,0.073519269,0.0,PRELIMINARY_POINT_BUFFER_PROXY,3.161998942,PRELIMINARY_90M,0.35337180260098183,0.3168610435284025,0.336615531,0.4878274788860746,0.3620489343289844,balanced,T2_SPANNER
1285,ST035__ST045,35,ST035,산들공원,45,ST045,시흥중앙도서관,6104.0,6.104,3.104005896090232,0.305870296,0.305870296,0.0,0.0,PRELIMINARY_POINT_BUFFER_PROXY,0.734142852,PRELIMINARY_90M,0.4934975454310568,0.38193596136707975,0.305870296,0.0850092092991503,0.3630051658407112,balanced,T2_SPANNER
263,ST006__ST009,6,ST006,시흥시청 본청,9,ST009,능곡중앙공원,2599.0,2.599,2.0712474576884348,0.334828877,0.2890141,0.229887243,0.0,PRELIMINARY_POINT_BUFFER_PROXY,2.885576321,PRELIMINARY_90M,0.19162862802514857,0.685314793411697,0.334828877,0.44196475978813077,0.36371634311061846,balanced,T2_SPANNER
1052,ST026__ST028,26,ST026,은계파크자이,28,ST028,매화산업단지,3710.0,3.71,2.0137289994067236,0.230217732,0.230217732,0.0,0.0,PRELIMINARY_POINT_BUFFER_PROXY,2.364000529,PRELIMINARY_90M,0.2873137541986048,0.7022111769663222,0.230217732,0.35542739916892313,0.36623627994804486,balanced,T2_SPANNER
795,ST018__ST031,18,ST018,정왕역,31,ST031,마전저수지,3945.0,3.945,2.958212084314256,0.124882541,0.124882541,0.0,0.0,PRELIMINARY_POINT_BUFFER_PROXY,5.337782322,PRELIMINARY_90M,0.3075531823271036,0.4247637463468624,0.124882541,0.8488230501382361,0.3665181149709493,balanced,T2_SPANNER
1403,ST042__ST051,42,ST042,시흥시청역,51,ST051,연성중학교,2072.0,2.072,2.5274345688921906,0.351208623,0.308075573,0.083245449,0.0,PRELIMINARY_POINT_BUFFER_PROXY,4.64619177,PRELIMINARY_90M,0.14624063388166395,0.551307161186513,0.351208623,0.7340776537505509,0.3666714896025508,balanced,T2_SPANNER
666,ST015__ST016,15,ST015,목감택지개발예정지구,16,ST016,물왕호수,3107.0,3.107,2.1181705540136373,0.281664379,0.281664379,0.0,0.0,PRELIMINARY_POINT_BUFFER_PROXY,3.053159992,PRELIMINARY_90M,0.23538024287313755,0.6715308594057094,0.281664379,0.4697694408980579,0.3693397799151056,balanced,T2_SPANNER
1425,ST044__ST050,44,ST044,경기과학기술대학교,50,ST050,시흥한라3차아파트,4192.0,4.192,3.3875016979736334,0.66648888,0.66648888,0.0,0.0,PRELIMINARY_POINT_BUFFER_PROXY,0.750088789,PRELIMINARY_90M,0.32882611316854704,0.2986574113529695,0.66648888,0.08765488289394814,0.371032379972105,balanced,T2_SPANNER
391,ST008__ST042,8,ST008,시흥능곡역,42,ST042,시흥시청역,2105.0,2.105,1.4865056605326343,0.125084013,0.125084013,0.0,0.0,PRELIMINARY_POINT_BUFFER_PROXY,4.593123333,PRELIMINARY_90M,0.14908276634226164,0.8570861165715664,0.125084013,0.7252727925192484,0.37111225197910525,balanced,T2_SPANNER
1473,ST050__ST053,50,ST050,시흥한라3차아파트,53,ST053,오이도 빨강등대,5727.0,5.727,3.0902887703235526,0.220321594,0.136464907,0.083856687,0.0,PRELIMINARY_POINT_BUFFER_PROXY,2.477162819,PRELIMINARY_90M,0.4610283351993799,0.38596544729463533,0.220321594,0.3742027450504386,0.3728152337962448,balanced,T2_SPANNER
1080,ST027__ST028,27,ST027,은행동행정복지센터,28,ST028,매화산업단지,4046.0,4.046,2.177258890186534,0.235801443,0.235801443,0.0,0.0,PRELIMINARY_POINT_BUFFER_PROXY,2.540050863,PRELIMINARY_90M,0.3162518301610542,0.6541733150380895,0.235801443,0.3846368285062608,0.37398128009797865,balanced,T2_SPANNER
92,ST002__ST040,2,ST002,월곶포구,40,ST040,갯골생태공원,5178.0,5.178,2.1502804312043358,0.182738865,0.182738865,0.0,0.0,PRELIMINARY_POINT_BUFFER_PROXY,1.514434926,PRELIMINARY_90M,0.41374558608216344,0.6620983951652961,0.182738865,0.2144715379419787,0.3757733604072214,balanced,T2_SPANNER
532,ST011__ST048,11,ST011,배곧생명공원,48,ST048,정왕평생학습관 사거리,3624.0,3.624,2.8984721926557486,0.655786705,0.655786705,0.0,0.0,PRELIMINARY_POINT_BUFFER_PROXY,0.754855634,PRELIMINARY_90M,0.279906984755835,0.44231268894942954,0.655786705,0.08844577501568386,0.3776388741945725,balanced,T2_SPANNER
919,ST021__ST050,21,ST021,오이도 포구 해양관광 단지,50,ST050,시흥한라3차아파트,3800.0,3.8,2.1207887428081897,0.447508062,0.430147843,0.071018199,0.0,PRELIMINARY_POINT_BUFFER_PROXY,0.772975688,PRELIMINARY_90M,0.29506502454568945,0.6707617511331179,0.447508062,0.09145216770393486,0.3777732007004896,balanced,T2_SPANNER
583,ST013__ST014,13,ST013,삼미시장,14,ST014,시흥대야역,1514.0,1.514,2.268613825900731,0.811440142,0.741965677,0.311431231,0.0,PRELIMINARY_POINT_BUFFER_PROXY,0.67519953,PRELIMINARY_90M,0.09818275772973904,0.6273372683228735,0.811440142,0.07522961524926373,0.3788850345438599,balanced,T2_SPANNER
1325,ST037__ST048,37,ST037,군자동행정복지센터,48,ST048,정왕평생학습관 사거리,6192.0,6.192,3.3922692548148268,0.37843312,0.37843312,0.0,0.0,PRELIMINARY_POINT_BUFFER_PROXY,1.209430181,PRELIMINARY_90M,0.501076565325984,0.2972569136446904,0.37843312,0.1638666095433185,0.37907028029082945,balanced,T2_SPANNER
1135,ST029__ST030,29,ST029,관곡공원,30,ST030,장곡도서관,4785.0,4.785,2.344415023463761,0.235519282,0.235519282,0.0,0.0,PRELIMINARY_POINT_BUFFER_PROXY,2.140637973,PRELIMINARY_90M,0.3798983722332271,0.6050702231657867,0.235519282,0.3183681522600866,0.3796084368654612,balanced,T2_SPANNER
1284,ST035__ST044,35,ST035,산들공원,44,ST044,경기과학기술대학교,6030.0,6.03,2.956928367155461,0.339457259,0.339457259,0.0,0.0,PRELIMINARY_POINT_BUFFER_PROXY,0.834605206,PRELIMINARY_90M,0.4871242787012316,0.42514084577091904,0.339457259,0.10167744254558998,0.3799938117665149,balanced,T2_SPANNER
453,ST010__ST013,10,ST010,은계호수공원,13,ST013,삼미시장,2822.0,2.822,2.499145512681044,0.559085533,0.559085533,0.0,0.0,PRELIMINARY_POINT_BUFFER_PROXY,2.040771125,PRELIMINARY_90M,0.2108345534407028,0.5596172369156094,0.559085533,0.3017987225207562,0.38129846038751647,balanced,T2_SPANNER
437,ST009__ST042,9,ST009,능곡중앙공원,42,ST042,시흥시청역,2781.0,2.781,2.0552547795934166,0.436775112,0.393968211,0.210534951,0.0,PRELIMINARY_POINT_BUFFER_PROXY,2.330781896,PRELIMINARY_90M,0.20730341917147532,0.6900127361457601,0.436775112,0.34991592247217085,0.3826050812685678,balanced,T2_SPANNER
1196,ST031__ST042,31,ST031,마전저수지,42,ST042,시흥시청역,4275.0,4.275,2.1436264167673507,0.207291629,0.207291629,0.0,0.0,PRELIMINARY_POINT_BUFFER_PROXY,2.824591732,PRELIMINARY_90M,0.3359745069330807,0.6640530508265217,0.207291629,0.431846488481346,0.3838002934607385,balanced,T2_SPANNER
386,ST008__ST037,8,ST008,시흥능곡역,37,ST037,군자동행정복지센터,4944.0,4.944,3.099278481155629,0.296311656,0.296311656,0.0,0.0,PRELIMINARY_POINT_BUFFER_PROXY,3.296729813,PRELIMINARY_90M,0.3935922831797434,0.3833246671555016,0.296311656,0.5101813805607653,0.3847069677871125,balanced,T2_SPANNER
16,ST001__ST017,1,ST001,월곶역,17,ST017,장곡동,5471.0,5.471,2.2032904503529056,0.141154833,0.141154833,0.0,0.0,PRELIMINARY_POINT_BUFFER_PROXY,2.041065843,PRELIMINARY_90M,0.438980277323228,0.64652639197659,0.141154833,0.3018476207216278,0.38546324068285337,balanced,T2_SPANNER
1336,ST038__ST042,38,ST038,능곡도서관,42,ST042,시흥시청역,2385.0,2.385,2.0034464376205396,0.356010791,0.356010791,0.0,0.0,PRELIMINARY_POINT_BUFFER_PROXY,3.686968854,PRELIMINARY_90M,0.1731978296443028,0.7052317396353105,0.356010791,0.574927975661005,0.385567373883934,balanced,T2_SPANNER
837,ST019__ST037,19,ST019,시화병원,37,ST037,군자동행정복지센터,6481.0,6.481,3.3637250258662945,0.35991361,0.35991361,0.0,0.0,PRELIMINARY_POINT_BUFFER_PROXY,1.238705103,PRELIMINARY_90M,0.5259667556627337,0.30564194785793863,0.35991361,0.1687237645744193,0.3868020590228441,balanced,T2_SPANNER
1376,ST040__ST051,40,ST040,갯골생태공원,51,ST051,연성중학교,5417.0,5.417,2.495832602905231,0.192518156,0.176017861,0.031845057,0.0,PRELIMINARY_POINT_BUFFER_PROXY,2.410565802,PRELIMINARY_90M,0.4343295151149772,0.5605904235399768,0.192518156,0.36315328653513135,0.38845242273425595,balanced,T2_SPANNER
1315,ST037__ST038,37,ST037,군자동행정복지센터,38,ST038,능곡도서관,4967.0,4.967,3.1386691135702853,0.330414356,0.316572403,0.018575574,0.0,PRELIMINARY_POINT_BUFFER_PROXY,3.271661112,PRELIMINARY_90M,0.3955731633795539,0.37175343848178544,0.330414356,0.5060221015988842,0.3910868572880113,balanced,T2_SPANNER
331,ST007__ST029,7,ST007,장현지구,29,ST029,관곡공원,4165.0,4.165,2.078936189138624,0.271907933,0.271907933,0.0,0.0,PRELIMINARY_POINT_BUFFER_PROXY,2.51365291,PRELIMINARY_90M,0.32650073206442165,0.6830561835756226,0.271907933,0.3802570064105875,0.3922270637524813,balanced,T2_SPANNER
1292,ST035__ST052,35,ST035,산들공원,52,ST052,가온그린공원,3835.0,3.835,1.9561805087839683,0.129647388,0.129647388,0.0,0.0,PRELIMINARY_POINT_BUFFER_PROXY,4.205215096,PRELIMINARY_90M,0.2980794074584446,0.719116382696793,0.129647388,0.6609129132700402,0.39460382351324247,balanced,T2_SPANNER
890,ST020__ST055,20,ST020,시화공업단지[왼쪽부근],55,ST055,해양생태과학관,7845.0,7.845,3.112517680994103,0.111759441,0.111759441,0.0,0.0,PRELIMINARY_POINT_BUFFER_PROXY,1.607476394,PRELIMINARY_90M,0.6434415640341056,0.37943557476481926,0.111759441,0.22990853327871102,0.3956898808084127,balanced,T2_SPANNER
305,ST006__ST051,6,ST006,시흥시청 본청,51,ST051,연성중학교,2665.0,2.665,2.405708703853897,0.37184665,0.338316086,0.064712949,0.0,PRELIMINARY_POINT_BUFFER_PROXY,4.504771469,PRELIMINARY_90M,0.197312892946344,0.5870648460349527,0.37184665,0.7106138738469892,0.3958918699625765,balanced,T2_SPANNER
740,ST016__ST051,16,ST016,물왕호수,51,ST051,연성중학교,2736.0,2.736,1.9961566566608884,0.363459039,0.363459039,0.145100799,0.0,PRELIMINARY_POINT_BUFFER_PROXY,3.605438126,PRELIMINARY_90M,0.203427783997933,0.7073731554312661,0.363459039,0.5614007872471636,0.39792062252250093,balanced,T2_SPANNER
730,ST016__ST041,16,ST016,물왕호수,41,ST041,연꽃테마파크,3935.0,3.935,2.0,0.29027288,0.250287871,0.138484824,0.0,PRELIMINARY_POINT_BUFFER_PROXY,2.713464194,PRELIMINARY_90M,0.3066919300663164,0.7062441508450915,0.29027288,0.4134087389190912,0.39850513303340857,balanced,T2_SPANNER
831,ST019__ST031,19,ST019,시화병원,31,ST031,마전저수지,4577.0,4.577,3.0,0.245904155,0.245904155,0.0,0.0,PRELIMINARY_POINT_BUFFER_PROXY,4.635043529,PRELIMINARY_90M,0.36198432520885365,0.412488301690183,0.245904155,0.7322279909278429,0.39860162781075453,balanced,T2_SPANNER
1265,ST034__ST045,34,ST034,군자디지털과학고등학교,45,ST045,시흥중앙도서관,6540.0,6.54,2.9933398472819306,0.352023517,0.352023517,0.0,0.0,PRELIMINARY_POINT_BUFFER_PROXY,0.836864495,PRELIMINARY_90M,0.531048144001378,0.4144447605073809,0.352023517,0.10205229296989038,0.398621932897511,balanced,T2_SPANNER
172,ST004__ST017,4,ST004,배곧중심상가,17,ST017,장곡동,6764.0,6.764,2.942360541443412,0.206546328,0.206546328,0.0,0.0,PRELIMINARY_POINT_BUFFER_PROXY,1.909089561,PRELIMINARY_90M,0.550340194643011,0.42942022978330263,0.206546328,0.27995074727812974,0.3996493179055844,balanced,T2_SPANNER
597,ST013__ST028,13,ST013,삼미시장,28,ST028,매화산업단지,5031.0,5.031,2.447712054812518,0.276802217,0.276802217,0.0,0.0,PRELIMINARY_POINT_BUFFER_PROXY,2.504274006,PRELIMINARY_90M,0.4010851778485919,0.5747261160067514,0.276802217,0.3787009035198673,0.4013849841187671,balanced,T2_SPANNER
766,ST017__ST039,17,ST017,장곡동,39,ST039,능곡힐스테이트,4383.0,4.383,1.9825345779479786,0.337079027,0.273766902,0.063312125,0.0,PRELIMINARY_POINT_BUFFER_PROXY,1.722839209,PRELIMINARY_90M,0.3452760313495823,0.7113747207308319,0.337079027,0.24904897974272547,0.40201246039740807,balanced,T2_SPANNER
555,ST012__ST028,12,ST012,신천역,28,ST028,매화산업단지,4890.0,4.89,2.367307062591222,0.271935607,0.271935607,0.0,0.0,PRELIMINARY_POINT_BUFFER_PROXY,2.585385906,PRELIMINARY_90M,0.38894152097149254,0.598345552773012,0.271935607,0.39215860199527713,0.40205341099249103,balanced,T2_SPANNER
727,ST016__ST038,16,ST016,물왕호수,38,ST038,능곡도서관,4155.0,4.155,2.1086022039793035,0.113688603,0.097131004,0.022219908,0.0,PRELIMINARY_POINT_BUFFER_PROXY,4.589248558,PRELIMINARY_90M,0.3256394798036345,0.6743416181950566,0.113688603,0.7246299083849838,0.4022407525682127,balanced,T2_SPANNER
432,ST009__ST037,9,ST009,능곡중앙공원,37,ST037,군자동행정복지센터,4953.0,4.953,3.102056456122923,0.400364762,0.400364762,0.066454291,0.0,PRELIMINARY_POINT_BUFFER_PROXY,2.974338855,PRELIMINARY_90M,0.3943674102144518,0.3825086207600531,0.400364762,0.45669181486248267,0.4028436509671638,balanced,T2_SPANNER
541,ST012__ST014,12,ST012,신천역,14,ST014,시흥대야역,1380.0,1.38,1.9626229682490228,0.849065167,0.772905097,0.341400609,0.0,PRELIMINARY_POINT_BUFFER_PROXY,0.782071988,PRELIMINARY_90M,0.08664197743519077,0.7172238725459898,0.849065167,0.09296138229072015,0.4043120645768823,balanced,T2_SPANNER
401,ST008__ST052,8,ST008,시흥능곡역,52,ST052,가온그린공원,2055.0,2.055,2.0,0.328329708,0.328329708,0.0,0.0,PRELIMINARY_POINT_BUFFER_PROXY,5.381209551,PRELIMINARY_90M,0.14477650503832573,0.7062441508450915,0.328329708,0.856028288253785,0.4096461024224164,balanced,T2_SPANNER
1184,ST030__ST054,30,ST030,장곡도서관,54,ST054,시흥 프리미엄 아울렛,5439.0,5.439,2.3816098548711766,0.247921112,0.247921112,0.0,0.0,PRELIMINARY_POINT_BUFFER_PROXY,2.422505924,PRELIMINARY_90M,0.436224270088709,0.5941440238815276,0.247921112,0.3651343344656522,0.41006894098163693,balanced,T2_SPANNER
888,ST020__ST053,20,ST020,시화공업단지[왼쪽부근],53,ST053,오이도 빨강등대,7395.0,7.395,3.1120678507259623,0.184303336,0.119332705,0.064970631,0.0,PRELIMINARY_POINT_BUFFER_PROXY,2.120199184,PRELIMINARY_90M,0.6046852122986823,0.3795677150372124,0.184303336,0.314977046151556,0.41111001884964876,balanced,T2_SPANNER
6,ST001__ST007,1,ST001,월곶역,7,ST007,장현지구,6606.0,6.606,2.2379457054195973,0.124628605,0.124628605,0.0,0.0,PRELIMINARY_POINT_BUFFER_PROXY,1.757575321,PRELIMINARY_90M,0.5367324089225735,0.6363462080967941,0.124628605,0.2548122292967868,0.41134119083290627,balanced,T2_SPANNER
637,ST014__ST027,14,ST014,시흥대야역,27,ST027,은행동행정복지센터,1905.0,1.905,2.4973236886392187,0.756121681,0.589126823,0.182065921,0.0,PRELIMINARY_POINT_BUFFER_PROXY,2.616675973,PRELIMINARY_90M,0.13185772112651795,0.5601524083840266,0.756121681,0.39735010024598233,0.41340650541430984,balanced,T2_SPANNER
1264,ST034__ST044,34,ST034,군자디지털과학고등학교,44,ST044,경기과학기술대학교,6466.0,6.466,2.854871731872146,0.383886554,0.383886554,0.0,0.0,PRELIMINARY_POINT_BUFFER_PROXY,0.931735075,PRELIMINARY_90M,0.5246748772715528,0.455120579330462,0.383886554,0.1177927658206959,0.41453462014781794,balanced,T2_SPANNER
1304,ST036__ST045,36,ST036,시흥시립군자도서관,45,ST045,시흥중앙도서관,6722.0,6.722,3.000023280953298,0.369603936,0.369603936,0.0,0.0,PRELIMINARY_POINT_BUFFER_PROXY,1.146482613,PRELIMINARY_90M,0.5467229351477048,0.4124814627739778,0.369603936,0.15342265015013007,0.416599848136397,balanced,T2_SPANNER
1051,ST026__ST027,26,ST026,은계파크자이,27,ST027,은행동행정복지센터,457.0,0.457,1.0,0.754632796,0.754632796,0.0,0.0,PRELIMINARY_POINT_BUFFER_PROXY,1.276801074,PRELIMINARY_90M,0.007148393764533632,1.0,0.754632796,0.17504446586295966,0.4177742263852574,balanced,T2_SPANNER
430,ST009__ST035,9,ST009,능곡중앙공원,35,ST035,산들공원,5085.0,5.085,3.1705169235060016,0.415926001,0.415926001,0.064729724,0.0,PRELIMINARY_POINT_BUFFER_PROXY,3.401700163,PRELIMINARY_90M,0.40573594005684266,0.362397958030395,0.415926001,0.5275975589409814,0.41789510171996325,balanced,T2_SPANNER
379,ST008__ST030,8,ST008,시흥능곡역,30,ST030,장곡도서관,2575.0,2.575,2.0,0.366377515,0.366377515,0.0,0.0,PRELIMINARY_POINT_BUFFER_PROXY,4.637122017,PRELIMINARY_90M,0.18956162259925932,0.7062441508450915,0.366377515,0.7325728437150265,0.418553784515976,balanced,T2_SPANNER
1206,ST031__ST052,31,ST031,마전저수지,52,ST052,가온그린공원,2690.0,2.69,2.0640110584536466,0.390648941,0.390648941,0.0,0.0,PRELIMINARY_POINT_BUFFER_PROXY,4.432005921,PRELIMINARY_90M,0.19946602359831195,0.6874405280137361,0.390648941,0.6985409621733388,0.41971789461807285,balanced,T2_SPANNER
969,ST023__ST035,23,ST023,오이도역,35,ST035,산들공원,5368.0,5.368,1.6394358943294012,0.193630337,0.193630337,0.0,0.0,PRELIMINARY_POINT_BUFFER_PROXY,1.70575784,PRELIMINARY_90M,0.43010937903712,0.8121619658811384,0.193630337,0.2462149207014601,0.4198159671462947,balanced,T2_SPANNER
1361,ST039__ST051,39,ST039,능곡힐스테이트,51,ST051,연성중학교,3723.0,3.723,2.3660104994858293,0.437314546,0.37191324,0.194272542,0.0,PRELIMINARY_POINT_BUFFER_PROXY,3.261333916,PRELIMINARY_90M,0.2884333821376281,0.5987264257690195,0.437314546,0.5043086626353726,0.420093573904161,balanced,T2_SPANNER
480,ST010__ST040,10,ST010,은계호수공원,40,ST040,갯골생태공원,7454.0,7.454,2.3810988212602635,0.143643119,0.143643119,0.0,0.0,PRELIMINARY_POINT_BUFFER_PROXY,1.480173201,PRELIMINARY_90M,0.6097666006373267,0.5942941429938482,0.143643119,0.20878699640988027,0.42999429806518236,balanced,T2_SPANNER
1272,ST034__ST052,34,ST034,군자디지털과학고등학교,52,ST052,가온그린공원,4271.0,4.271,1.90358243319081,0.218270531,0.218270531,0.0,0.0,PRELIMINARY_POINT_BUFFER_PROXY,4.023457066,PRELIMINARY_90M,0.3356300060287658,0.7345673750565753,0.218270531,0.6307564903133038,0.43034658371981693,balanced,T2_SPANNER
365,ST008__ST016,8,ST008,시흥능곡역,16,ST016,물왕호수,5244.0,5.244,1.760127283972371,0.0,0.0,0.0,0.0,PRELIMINARY_POINT_BUFFER_PROXY,4.553952786,PRELIMINARY_90M,0.4194298510033589,0.776708164230882,0.0,0.7187738027206755,0.4309296436556213,balanced,T2_SPANNER
1334,ST038__ST040,38,ST038,능곡도서관,40,ST040,갯골생태공원,5500.0,5.5,2.0148239264657657,0.262666238,0.262666238,0.0,0.0,PRELIMINARY_POINT_BUFFER_PROXY,2.195794192,PRELIMINARY_90M,0.4414779088795108,0.7018895357383306,0.262666238,0.32751940829459786,0.43176354144366014,balanced,T2_SPANNER
1303,ST036__ST044,36,ST036,시흥시립군자도서관,44,ST044,경기과학기술대학교,6648.0,6.648,2.8654297237561406,0.400791009,0.400791009,0.0,0.0,PRELIMINARY_POINT_BUFFER_PROXY,1.240684205,PRELIMINARY_90M,0.5403496684178796,0.4520191074592086,0.400791009,0.16905212771186373,0.4320992602657731,balanced,T2_SPANNER
1053,ST026__ST029,26,ST026,은계파크자이,29,ST029,관곡공원,6175.0,6.175,2.002908151887456,0.217079342,0.217079342,0.0,0.0,PRELIMINARY_POINT_BUFFER_PROXY,1.735808496,PRELIMINARY_90M,0.49961243648264575,0.7053898642179204,0.217079342,0.2512007818073677,0.43287290020774755,balanced,T2_SPANNER
1161,ST030__ST031,30,ST030,장곡도서관,31,ST031,마전저수지,3080.0,3.08,2.4191566998959355,0.306722356,0.306722356,0.0,0.0,PRELIMINARY_POINT_BUFFER_PROXY,6.137599967,PRELIMINARY_90M,0.23305486176901213,0.5831144185381918,0.306722356,0.9815249681271188,0.433754162634311,balanced,T2_SPANNER
104,ST002__ST052,2,ST002,월곶포구,52,ST052,가온그린공원,5466.0,5.466,2.0586538771061926,0.303016369,0.303016369,0.0,0.0,PRELIMINARY_POINT_BUFFER_PROXY,2.048266632,PRELIMINARY_90M,0.4385496511928344,0.6890142313695342,0.303016369,0.303042341189858,0.4344331501795193,balanced,T2_SPANNER
849,ST019__ST049,19,ST019,시화병원,49,ST049,거북섬 웨이브파크 정문,8257.0,8.257,3.103647670093521,0.2312599,0.2312599,0.0,0.0,PRELIMINARY_POINT_BUFFER_PROXY,1.481977045,PRELIMINARY_90M,0.6789251571785376,0.38204119234893297,0.2312599,0.2090862815782548,0.43715621857793985,balanced,T2_SPANNER
1037,ST025__ST042,25,ST025,목감동행정복지센터,42,ST042,시흥시청역,5715.0,5.715,2.220000001279592,0.043183038,0.037299924,0.043183038,0.0,PRELIMINARY_POINT_BUFFER_PROXY,4.879937643,PRELIMINARY_90M,0.4599948324864353,0.641617863655124,0.043183038,0.7728596509507825,0.43904621286821627,balanced,T2_SPANNER
1193,ST031__ST039,31,ST031,마전저수지,39,ST039,능곡힐스테이트,5942.0,5.942,2.161920459666236,0.246568749,0.199883874,0.046684875,0.0,PRELIMINARY_POINT_BUFFER_PROXY,2.571813399,PRELIMINARY_90M,0.4795452588063044,0.6586790687202833,0.246568749,0.38990671655354303,0.4436821119996099,balanced,T2_SPANNER
429,ST009__ST034,9,ST009,능곡중앙공원,34,ST034,군자디지털과학고등학교,5438.0,5.438,3.0482330688038717,0.45363226,0.45363226,0.060550946,0.0,PRELIMINARY_POINT_BUFFER_PROXY,3.293272439,PRELIMINARY_90M,0.43613814486263025,0.39831955560635457,0.45363226,0.5096077496039179,0.4439683965069107,balanced,T2_SPANNER
1446,ST046__ST052,46,ST046,배곧1동행정복지센터,52,ST052,가온그린공원,7614.0,7.614,2.9124827258011097,0.262335461,0.262335461,0.0,0.0,PRELIMINARY_POINT_BUFFER_PROXY,1.923953071,PRELIMINARY_90M,0.6235466368099216,0.438197012888201,0.262335461,0.2824168297625277,0.445004447015988,balanced,T2_SPANNER
968,ST023__ST034,23,ST023,오이도역,34,ST034,군자디지털과학고등학교,5721.0,5.721,1.6171564960054718,0.243107021,0.243107021,0.0,0.0,PRELIMINARY_POINT_BUFFER_PROXY,1.702079171,PRELIMINARY_90M,0.4605115838429076,0.8187066694544447,0.243107021,0.24560457353670576,0.4455634087085578,balanced,T2_SPANNER
1373,ST040__ST048,40,ST040,갯골생태공원,48,ST048,정왕평생학습관 사거리,6381.0,6.381,2.8557744448420976,0.140235273,0.140235273,0.0,0.0,PRELIMINARY_POINT_BUFFER_PROXY,4.850626954,PRELIMINARY_90M,0.5173542330548617,0.45485540211543074,0.140235273,0.7679965616301214,0.4481710761395491,balanced,T2_SPANNER
411,ST009__ST016,9,ST009,능곡중앙공원,16,ST016,물왕호수,4339.0,4.339,1.9124735141481584,0.245312237,0.245312237,0.134901491,0.0,PRELIMINARY_POINT_BUFFER_PROXY,4.439840082,PRELIMINARY_90M,0.34148652140211866,0.7319555680200444,0.245312237,0.6998407686942786,0.44928989671899816,balanced,T2_SPANNER
1476,ST051__ST052,51,ST051,연성중학교,52,ST052,가온그린공원,3384.0,3.384,1.8183133651064234,0.470012372,0.443583355,0.051006918,0.0,PRELIMINARY_POINT_BUFFER_PROXY,3.338281338,PRELIMINARY_90M,0.2592369304969426,0.7596156625583519,0.470012372,0.5170754108404586,0.4506823093365162,balanced,T2_SPANNER
1141,ST029__ST036,29,ST029,관곡공원,36,ST036,시흥시립군자도서관,8009.0,8.009,3.037861813989035,0.16296721,0.16296721,0.0,0.0,PRELIMINARY_POINT_BUFFER_PROXY,2.924765057,PRELIMINARY_90M,0.6575661011110154,0.4013661723712888,0.16296721,0.4484667674185826,0.45131149253145136,balanced,T2_SPANNER
254,ST005__ST049,5,ST005,배곧중·고등학교,49,ST049,거북섬 웨이브파크 정문,9295.0,9.295,2.866697133352073,0.079416582,0.079416582,0.0,0.0,PRELIMINARY_POINT_BUFFER_PROXY,1.583882716,PRELIMINARY_90M,0.7683231418482473,0.4516467984771283,0.079416582,0.2259939830776935,0.4514118593963786,balanced,T2_SPANNER
1023,ST025__ST028,25,ST025,목감동행정복지센터,28,ST028,매화산업단지,6878.0,6.878,2.8903708674922335,0.271201217,0.266520768,0.103849183,0.0,PRELIMINARY_POINT_BUFFER_PROXY,3.071832764,PRELIMINARY_90M,0.5601584704159849,0.44469250060211796,0.271201217,0.4728675379131207,0.45173232322378565,balanced,T2_SPANNER
757,ST017__ST030,17,ST017,장곡동,30,ST030,장곡도서관,564.0,0.564,1.5742051509756851,0.955860684,0.955860684,0.0,0.0,PRELIMINARY_POINT_BUFFER_PROXY,1.913795281,PRELIMINARY_90M,0.016363792954956508,0.8313238782860152,0.955860684,0.28073149783223716,0.4538851885140212,balanced,T2_SPANNER
1092,ST027__ST040,27,ST027,은행동행정복지센터,40,ST040,갯골생태공원,7766.0,7.766,2.333264553599835,0.185388171,0.185388171,0.0,0.0,PRELIMINARY_POINT_BUFFER_PROXY,1.5408174,PRELIMINARY_90M,0.6366376711738868,0.6083457389091405,0.185388171,0.21884879183601075,0.45549857777678443,balanced,T2_SPANNER
1165,ST030__ST035,30,ST030,장곡도서관,35,ST035,산들공원,4843.0,4.843,1.9175399088012453,0.262734007,0.262734007,0.0,0.0,PRELIMINARY_POINT_BUFFER_PROXY,3.856525194,PRELIMINARY_90M,0.3848936353457928,0.730467284956573,0.262734007,0.6030599525757867,0.4561934057659997,balanced,T2_SPANNER
5,ST001__ST006,1,ST001,월곶역,6,ST006,시흥시청 본청,8097.0,8.097,2.218746574450684,0.109475795,0.109475795,0.0,0.0,PRELIMINARY_POINT_BUFFER_PROXY,1.677605889,PRELIMINARY_90M,0.6651451210059426,0.6419860651176035,0.109475795,0.24154408364731003,0.4580558227229943,balanced,T2_SPANNER
1333,ST038__ST039,38,ST038,능곡도서관,39,ST039,능곡힐스테이트,1349.0,1.349,2.0,0.986190072,0.721601283,0.558223763,0.0,PRELIMINARY_POINT_BUFFER_PROXY,1.845403458,PRELIMINARY_90M,0.08397209542675049,0.7062441508450915,0.986190072,0.26938425369028507,0.4617928243932613,balanced,T2_SPANNER
1168,ST030__ST038,30,ST030,장곡도서관,38,ST038,능곡도서관,3282.0,3.282,1.9010144281905854,0.420337618,0.399372834,0.028134244,0.0,PRELIMINARY_POINT_BUFFER_PROXY,4.68639496,PRELIMINARY_90M,0.2504521574369133,0.7353217415460502,0.420337618,0.7407479747363694,0.4634418119944308,balanced,T2_SPANNER
353,ST007__ST051,7,ST007,장현지구,51,ST051,연성중학교,3360.0,3.36,1.9288666578782163,0.553656435,0.527051485,0.051346729,0.0,PRELIMINARY_POINT_BUFFER_PROXY,3.519092434,PRELIMINARY_90M,0.2571699250710533,0.7271399861633028,0.553656435,0.5470747230372682,0.4687712844666721,balanced,T2_SPANNER
970,ST023__ST036,23,ST023,오이도역,36,ST036,시흥시립군자도서관,5986.0,5.986,1.6736800636760731,0.276782237,0.276782237,0.0,0.0,PRELIMINARY_POINT_BUFFER_PROXY,2.065866617,PRELIMINARY_90M,0.48333476875376796,0.8021025408361023,0.276782237,0.3059624465172113,0.46884434189630936,balanced,T2_SPANNER
12,ST001__ST013,1,ST001,월곶역,13,ST013,삼미시장,9482.0,9.482,3.1837495936503077,0.119793102,0.106281611,0.059662208,0.0,PRELIMINARY_POINT_BUFFER_PROXY,2.374327025,PRELIMINARY_90M,0.7844285591249677,0.35851078377556755,0.119793102,0.357140721991783,0.46899296420386805,balanced,T2_SPANNER
1007,ST024__ST042,24,ST024,목감고등학교,42,ST042,시흥시청역,6281.0,6.281,2.1271874680066416,0.088684673,0.088684673,0.0,0.0,PRELIMINARY_POINT_BUFFER_PROXY,4.732925624,PRELIMINARY_90M,0.5087417104469899,0.6688820881789377,0.088684673,0.7484681199428387,0.47171448805600924,balanced,T2_SPANNER
337,ST007__ST035,7,ST007,장현지구,35,ST035,산들공원,4967.0,4.967,1.7820285875158806,0.303154316,0.303154316,0.0,0.0,PRELIMINARY_POINT_BUFFER_PROXY,3.583766475,PRELIMINARY_90M,0.3955731633795539,0.7702745282108588,0.303154316,0.5578051305725904,0.47174351957988186,balanced,T2_SPANNER
279,ST006__ST025,6,ST006,시흥시청 본청,25,ST025,목감동행정복지센터,7000.0,7.0,2.109248922792119,0.120646147,0.0891229,0.069507083,0.0,PRELIMINARY_POINT_BUFFER_PROXY,3.49144083,PRELIMINARY_90M,0.5706657479975885,0.6741516407610335,0.120646147,0.5424869011641098,0.4746311992758586,balanced,T2_SPANNER
763,ST017__ST036,17,ST017,장곡동,36,ST036,시흥시립군자도서관,5061.0,5.061,1.9616842116374067,0.29462359,0.29462359,0.0,0.0,PRELIMINARY_POINT_BUFFER_PROXY,4.135337569,PRELIMINARY_90M,0.4036689346309534,0.7174996377915849,0.29462359,0.6493191682267936,0.4760212741447174,balanced,T2_SPANNER
1034,ST025__ST039,25,ST025,목감동행정복지센터,39,ST039,능곡힐스테이트,6209.0,6.209,2.1899140393600325,0.204488062,0.149722289,0.092882671,0.0,PRELIMINARY_POINT_BUFFER_PROXY,3.994189215,PRELIMINARY_90M,0.5025406941693222,0.6504557909464465,0.204488062,0.6259005084687013,0.47611452762732337,balanced,T2_SPANNER
706,ST016__ST017,16,ST016,물왕호수,17,ST017,장곡동,5417.0,5.417,1.9745791872443519,0.212878701,0.212878701,0.0,0.0,PRELIMINARY_POINT_BUFFER_PROXY,4.531672654,PRELIMINARY_90M,0.4343295151149772,0.7137116632823348,0.212878701,0.7150771897890545,0.4769553924208161,balanced,T2_SPANNER
1346,ST038__ST052,38,ST038,능곡도서관,52,ST052,가온그린공원,3394.0,3.394,2.05417193577184,0.520530741,0.485454785,0.151745333,0.0,PRELIMINARY_POINT_BUFFER_PROXY,4.521379018,PRELIMINARY_90M,0.2600981827577297,0.6903308278520695,0.520530741,0.7133693189402195,0.4792435217645387,balanced,T2_SPANNER
1164,ST030__ST034,30,ST030,장곡도서관,34,ST034,군자디지털과학고등학교,5196.0,5.196,1.8669374221592223,0.312566858,0.312566858,0.0,0.0,PRELIMINARY_POINT_BUFFER_PROXY,3.70960645,PRELIMINARY_90M,0.4152958401515804,0.7453320613894503,0.312566858,0.578683897309692,0.48012904743497603,balanced,T2_SPANNER
64,ST002__ST012,2,ST002,월곶포구,12,ST012,신천역,8983.0,8.983,3.1711065178480338,0.228261946,0.213997667,0.062986265,0.0,PRELIMINARY_POINT_BUFFER_PROXY,2.40019603,PRELIMINARY_90M,0.7414520713116872,0.3622247612437943,0.228261946,0.3614327835653483,0.48030618480823595,balanced,T2_SPANNER
269,ST006__ST015,6,ST006,시흥시청 본청,15,ST015,목감택지개발예정지구,6311.0,6.311,2.0188725378469625,0.137175008,0.137175008,0.0,0.0,PRELIMINARY_POINT_BUFFER_PROXY,4.29974913,PRELIMINARY_90M,0.5113254672293515,0.7007002324641489,0.137175008,0.6765975480182851,0.48045361758731314,balanced,T2_SPANNER
1142,ST029__ST037,29,ST029,관곡공원,37,ST037,군자동행정복지센터,8485.0,8.485,2.9235862417114005,0.209904838,0.209904838,0.0,0.0,PRELIMINARY_POINT_BUFFER_PROXY,2.828127704,PRELIMINARY_90M,0.6985617087244854,0.4349352901433685,0.209904838,0.43243316004240534,0.4837529250248287,balanced,T2_SPANNER
1369,ST040__ST044,40,ST040,갯골생태공원,44,ST044,경기과학기술대학교,7776.0,7.776,2.85585812190269,0.169872357,0.169872357,0.0,0.0,PRELIMINARY_POINT_BUFFER_PROXY,4.250139429,PRELIMINARY_90M,0.6374989234346741,0.45483082148944154,0.169872357,0.6683665437203552,0.4886888044798113,balanced,T2_SPANNER
310,ST007__ST008,7,ST007,장현지구,8,ST008,시흥능곡역,2741.0,2.741,1.4601091553027377,0.484118832,0.484118832,0.0,0.0,PRELIMINARY_POINT_BUFFER_PROXY,4.893457588,PRELIMINARY_90M,0.2038584101283266,0.8648402443800967,0.484118832,0.77510281555689,0.4918065432608835,balanced,T2_SPANNER
1181,ST030__ST051,30,ST030,장곡도서관,51,ST051,연성중학교,4293.0,4.293,2.229191408628017,0.55923175,0.538417977,0.040169936,0.0,PRELIMINARY_POINT_BUFFER_PROXY,3.810257233,PRELIMINARY_90M,0.3375247610024976,0.6389178339845588,0.55923175,0.5953833937945224,0.4919089177670892,balanced,T2_SPANNER
336,ST007__ST034,7,ST007,장현지구,34,ST034,군자디지털과학고등학교,5320.0,5.32,1.7415557933434342,0.349152348,0.349152348,0.0,0.0,PRELIMINARY_POINT_BUFFER_PROXY,3.459564988,PRELIMINARY_90M,0.4259753681853415,0.7821636482306576,0.349152348,0.5371982139272702,0.49469069600935867,balanced,T2_SPANNER
278,ST006__ST024,6,ST006,시흥시청 본청,24,ST024,목감고등학교,7071.0,7.071,2.1103035645045516,0.118010471,0.118010471,0.0,0.0,PRELIMINARY_POINT_BUFFER_PROXY,4.228565002,PRELIMINARY_90M,0.5767806390491775,0.6738418335892438,0.118010471,0.6647870179868225,0.49470129278554315,balanced,T2_SPANNER
692,ST015__ST042,15,ST015,목감택지개발예정지구,42,ST042,시흥시청역,6657.0,6.657,2.1200075035931785,0.131463704,0.131463704,0.0,0.0,PRELIMINARY_POINT_BUFFER_PROXY,4.736486726,PRELIMINARY_90M,0.5411247954525881,0.6709912447221167,0.131463704,0.7490589609532967,0.49587293726845305,balanced,T2_SPANNER
1328,ST037__ST051,37,ST037,군자동행정복지센터,51,ST051,연성중학교,7679.0,7.679,2.8767553676910294,0.324964174,0.313330244,0.022453124,0.0,PRELIMINARY_POINT_BUFFER_PROXY,3.223326426,PRELIMINARY_90M,0.6291447765050383,0.44869213330788915,0.324964174,0.4980026416911319,0.4973377770172629,balanced,T2_SPANNER
340,ST007__ST038,7,ST007,장현지구,38,ST038,능곡도서관,2995.0,2.995,1.5526416544384283,0.509541985,0.486566978,0.030831918,0.0,PRELIMINARY_POINT_BUFFER_PROXY,4.846282974,PRELIMINARY_90M,0.22573421755232106,0.837658281522066,0.509541985,0.7672758292465475,0.5003022139623238,balanced,T2_SPANNER
1075,ST026__ST051,26,ST026,은계파크자이,51,ST051,연성중학교,7587.0,7.587,2.103109787779251,0.27255464,0.260774295,0.022735702,0.0,PRELIMINARY_POINT_BUFFER_PROXY,2.31844097,PRELIMINARY_90M,0.6212212557057962,0.6759550475798153,0.27255464,0.34786837505908663,0.5039984280571446,balanced,T2_SPANNER
1047,ST025__ST052,25,ST025,목감동행정복지센터,52,ST052,가온그린공원,7345.0,7.345,2.1523239745186866,0.150372603,0.145795802,0.033594487,0.0,PRELIMINARY_POINT_BUFFER_PROXY,4.001952969,PRELIMINARY_90M,0.6003789509947464,0.6614980923637042,0.150372603,0.6271886333969703,0.504122644630185,balanced,T2_SPANNER
764,ST017__ST037,17,ST017,장곡동,37,ST037,군자동행정복지센터,5537.0,5.537,1.8789982137136798,0.355272139,0.355272139,0.0,0.0,PRELIMINARY_POINT_BUFFER_PROXY,3.88315591,PRELIMINARY_90M,0.44466454224442337,0.7417891333248903,0.355272139,0.6074783935950733,0.5061634373520084,balanced,T2_SPANNER
1004,ST024__ST039,24,ST024,목감고등학교,39,ST039,능곡힐스테이트,6775.0,6.775,2.106389481815986,0.233197987,0.187967838,0.048701916,0.0,PRELIMINARY_POINT_BUFFER_PROXY,3.943263717,PRELIMINARY_90M,0.5512875721298769,0.674991618273086,0.233197987,0.6174511934262217,0.5064305282705013,balanced,T2_SPANNER
900,ST021__ST031,21,ST021,오이도 포구 해양관광 단지,31,ST031,마전저수지,9293.0,9.293,3.031251972754875,0.24550113,0.238398194,0.029057106,0.0,PRELIMINARY_POINT_BUFFER_PROXY,2.59903452,PRELIMINARY_90M,0.7681508913960899,0.40330785189580864,0.24550113,0.39442311474641795,0.5084606766495604,balanced,T2_SPANNER
993,ST024__ST028,24,ST024,목감고등학교,28,ST028,매화산업단지,7811.0,7.811,2.7351304155275447,0.323695592,0.319573933,0.070790226,0.0,PRELIMINARY_POINT_BUFFER_PROXY,3.168264669,PRELIMINARY_90M,0.6405133063474292,0.49029529139219696,0.323695592,0.48886705833983213,0.5085183375683859,balanced,T2_SPANNER
755,ST017__ST028,17,ST017,장곡동,28,ST028,매화산업단지,7665.0,7.665,1.9685429224432203,0.302670708,0.302670708,0.0,0.0,PRELIMINARY_POINT_BUFFER_PROXY,1.842938926,PRELIMINARY_90M,0.6279390233399362,0.7154848513747152,0.302670708,0.26897535032913833,0.5102865591602883,balanced,T2_SPANNER
317,ST007__ST015,7,ST007,장현지구,15,ST015,목감택지개발예정지구,6924.0,6.924,1.8405394230049963,0.163528348,0.163528348,0.0,0.0,PRELIMINARY_POINT_BUFFER_PROXY,3.976463762,PRELIMINARY_90M,0.5641202308156059,0.7530866280469906,0.163528348,0.6229595860909237,0.510591442849279,balanced,T2_SPANNER
1353,ST039__ST043,39,ST039,능곡힐스테이트,43,ST043,시흥종합버스터미널,9797.0,9.797,3.3777318578726767,0.321542663,0.317948067,0.030100174,0.0,PRELIMINARY_POINT_BUFFER_PROXY,2.070297135,PRELIMINARY_90M,0.811558005339764,0.3015273590279337,0.321542663,0.3066975368718186,0.5113189702222651,balanced,T2_SPANNER
569,ST012__ST042,12,ST012,신천역,42,ST042,시흥시청역,8959.0,8.959,2.3993904468937313,0.202676679,0.202676679,0.0,0.0,PRELIMINARY_POINT_BUFFER_PROXY,2.145622904,PRELIMINARY_90M,0.739385065885798,0.5889208709734651,0.202676679,0.31919522816779833,0.512086654524182,balanced,T2_SPANNER
1178,ST030__ST048,30,ST030,장곡도서관,48,ST048,정왕평생학습관 사거리,6776.0,6.776,2.7359223632924965,0.271497661,0.271497661,0.0,0.0,PRELIMINARY_POINT_BUFFER_PROXY,5.378297952,PRELIMINARY_90M,0.5513736973559555,0.4900626521040171,0.271497661,0.8555452096743987,0.5147682060643455,balanced,T2_SPANNER
1461,ST048__ST052,48,ST048,정왕평생학습관 사거리,52,ST052,가온그린공원,7059.0,7.059,2.631176579104022,0.278804075,0.278804075,0.0,0.0,PRELIMINARY_POINT_BUFFER_PROXY,4.6806906,PRELIMINARY_90M,0.5757471363362329,0.5208323388836993,0.278804075,0.7398015346101342,0.5151365712527531,balanced,T2_SPANNER
163,ST004__ST008,4,ST004,배곧중심상가,8,ST008,시흥능곡역,10234.0,10.234,2.6871009164248223,0.177163027,0.177163027,0.0,0.0,PRELIMINARY_POINT_BUFFER_PROXY,1.605438133,PRELIMINARY_90M,0.849194729136164,0.504404237685602,0.177163027,0.22957035476295454,0.5192850491560291,balanced,T2_SPANNER
377,ST008__ST028,8,ST008,시흥능곡역,28,ST028,매화산업단지,8534.0,8.534,1.9269660940085112,0.132284324,0.132284324,0.0,0.0,PRELIMINARY_POINT_BUFFER_PROXY,2.663161369,PRELIMINARY_90M,0.7027818448023426,0.7276982879167211,0.132284324,0.40506273480241645,0.5204828867246437,balanced,T2_SPANNER
1110,ST028__ST031,28,ST028,매화산업단지,31,ST031,마전저수지,9015.0,9.015,2.1633168838959445,0.125240153,0.125240153,0.0,0.0,PRELIMINARY_POINT_BUFFER_PROXY,2.643668039,PRELIMINARY_90M,0.7442080785462062,0.6582688609349048,0.125240153,0.4018284947288679,0.5209213160647936,balanced,T2_SPANNER
304,ST006__ST050,6,ST006,시흥시청 본청,50,ST050,시흥한라3차아파트,10014.0,10.014,2.9707752623655717,0.28503215,0.28503215,0.0,0.0,PRELIMINARY_POINT_BUFFER_PROXY,1.681460669,PRELIMINARY_90M,0.830247179398846,0.42107323931031393,0.28503215,0.24218365030681427,0.5238991046676233,balanced,T2_SPANNER
1117,ST028__ST038,28,ST028,매화산업단지,38,ST038,능곡도서관,8729.0,8.729,1.9933415681901132,0.186772272,0.178897513,0.01056774,0.0,PRELIMINARY_POINT_BUFFER_PROXY,2.140300825,PRELIMINARY_90M,0.7195762638876927,0.7082001041354449,0.186772272,0.31831221427656525,0.5239104265236509,balanced,T2_SPANNER
1025,ST025__ST030,25,ST025,목감동행정복지센터,30,ST030,장곡도서관,7865.0,7.865,2.142262429308918,0.174574372,0.170299885,0.03137545,0.0,PRELIMINARY_POINT_BUFFER_PROXY,3.847306972,PRELIMINARY_90M,0.64516406855568,0.6644537301206102,0.174574372,0.6015305092739359,0.5248295428374844,balanced,T2_SPANNER
720,ST016__ST031,16,ST016,물왕호수,31,ST031,마전저수지,7553.0,7.553,2.1709163510349363,0.113202954,0.113202954,0.0,0.0,PRELIMINARY_POINT_BUFFER_PROXY,5.041993359,PRELIMINARY_90M,0.6182929980191199,0.6560364730123653,0.113202954,0.7997471602082976,0.5267873063413656,balanced,T2_SPANNER
689,ST015__ST039,15,ST015,목감택지개발예정지구,39,ST039,능곡힐스테이트,7151.0,7.151,2.1007990111285837,0.265424342,0.222570912,0.046142766,0.0,PRELIMINARY_POINT_BUFFER_PROXY,3.977932459,PRELIMINARY_90M,0.583670657135475,0.6766338517370394,0.265424342,0.6232032652721257,0.5286316084924167,balanced,T2_SPANNER
449,ST009__ST054,9,ST009,능곡중앙공원,54,ST054,시흥 프리미엄 아울렛,9339.0,9.339,2.2685819910687415,0.23274666,0.199253272,0.060493069,0.0,PRELIMINARY_POINT_BUFFER_PROXY,1.72230605,PRELIMINARY_90M,0.772112651795711,0.6273466199909774,0.23274666,0.24896052055163945,0.5298451277992258,balanced,T2_SPANNER
678,ST015__ST028,15,ST015,목감택지개발예정지구,28,ST028,매화산업단지,8580.0,8.58,2.740609436528789,0.333729237,0.32605623,0.097512107,0.0,PRELIMINARY_POINT_BUFFER_PROXY,3.018923639,PRELIMINARY_90M,0.7067436052019637,0.4886857969254388,0.333729237,0.4640891089668407,0.5334802770608993,balanced,T2_SPANNER
1017,ST024__ST052,24,ST024,목감고등학교,52,ST052,가온그린공원,7911.0,7.911,2.0834857625828795,0.178828181,0.178828181,0.0,0.0,PRELIMINARY_POINT_BUFFER_PROXY,3.951617974,PRELIMINARY_90M,0.649125828955301,0.6817197197652127,0.178828181,0.6188372917877702,0.5335269145533286,balanced,T2_SPANNER
266,ST006__ST012,6,ST006,시흥시청 본청,12,ST012,신천역,8139.0,8.139,2.0551620969642515,0.276145236,0.219171283,0.056973953,0.0,PRELIMINARY_POINT_BUFFER_PROXY,2.606587388,PRELIMINARY_90M,0.6687623805012488,0.6900399622101925,0.276145236,0.395676250478272,0.5339006912142789,balanced,T2_SPANNER
664,ST014__ST054,14,ST014,시흥대야역,54,ST054,시흥 프리미엄 아울렛,10085.0,10.085,3.128896964004259,0.240306149,0.185260788,0.125047292,0.0,PRELIMINARY_POINT_BUFFER_PROXY,2.91185417,PRELIMINARY_90M,0.836362070450435,0.37462406457562225,0.240306149,0.44632465480260275,0.536494876565689,balanced,T2_SPANNER
1384,ST041__ST045,41,ST041,연꽃테마파크,45,ST045,시흥중앙도서관,9963.0,9.963,2.7305625680834593,0.0761019,0.0761019,0.0,0.0,PRELIMINARY_POINT_BUFFER_PROXY,3.84934731,PRELIMINARY_90M,0.8258547928688312,0.4916371232969443,0.0761019,0.6018690323955977,0.5379751716662611,balanced,T2_SPANNER
1120,ST028__ST041,28,ST028,매화산업단지,41,ST041,연꽃테마파크,7951.0,7.951,1.7928862917791397,0.204802032,0.185007852,0.068555532,0.0,PRELIMINARY_POINT_BUFFER_PROXY,3.129992526,PRELIMINARY_90M,0.6525708379984497,0.7670850140751323,0.204802032,0.4825171274357137,0.5380234151297634,balanced,T2_SPANNER
405,ST009__ST010,9,ST009,능곡중앙공원,10,ST010,은계호수공원,9691.0,9.691,2.29332305979191,0.207927752,0.175648579,0.058300051,0.0,PRELIMINARY_POINT_BUFFER_PROXY,2.020392326,PRELIMINARY_90M,0.8024287313754198,0.620078786339203,0.207927752,0.2984175696660828,0.5417318232679209,balanced,T2_SPANNER
326,ST007__ST024,7,ST007,장현지구,24,ST024,목감고등학교,7810.0,7.81,1.9356311516316742,0.218129369,0.218129369,0.0,0.0,PRELIMINARY_POINT_BUFFER_PROXY,3.797294408,PRELIMINARY_90M,0.6404271811213504,0.7251528765566526,0.218129369,0.5932326638740113,0.5447186895909725,balanced,T2_SPANNER
573,ST012__ST046,12,ST012,신천역,46,ST046,배곧1동행정복지센터,11024.0,11.024,3.1772498675016245,0.239585976,0.216403977,0.0556025,0.0,PRELIMINARY_POINT_BUFFER_PROXY,2.264352656,PRELIMINARY_90M,0.9172336577383515,0.3604201163496483,0.239585976,0.33889430071419646,0.5497081254723999,balanced,T2_SPANNER
1031,ST025__ST036,25,ST025,목감동행정복지센터,36,ST036,시흥시립군자도서관,10066.0,10.066,2.757315604469281,0.152974892,0.149634962,0.024515644,0.0,PRELIMINARY_POINT_BUFFER_PROXY,3.675575768,PRELIMINARY_90M,0.8347256911549393,0.4837782623759551,0.152974892,0.573037689327034,0.5548453053362219,balanced,T2_SPANNER
619,ST013__ST050,13,ST013,삼미시장,50,ST050,시흥한라3차아파트,11821.0,11.821,3.400846083864691,0.244205597,0.244205597,0.0,0.0,PRELIMINARY_POINT_BUFFER_PROXY,2.063702365,PRELIMINARY_90M,0.9858754629230901,0.2947374199440912,0.244205597,0.30560336417737205,0.5601895730346602,balanced,T2_SPANNER
422,ST009__ST027,9,ST009,능곡중앙공원,27,ST027,은행동행정복지센터,9105.0,9.105,2.1150789574271274,0.294373865,0.20908945,0.112981425,0.0,PRELIMINARY_POINT_BUFFER_PROXY,2.406833091,PRELIMINARY_90M,0.7519593488932909,0.6724390339862242,0.294373865,0.3625339729802295,0.5632451085515956,balanced,T2_SPANNER
526,ST011__ST042,11,ST011,배곧생명공원,42,ST042,시흥시청역,9512.0,9.512,2.4941130669316243,0.244867542,0.244867542,0.0,0.0,PRELIMINARY_POINT_BUFFER_PROXY,3.404852565,PRELIMINARY_90M,0.7870123159073292,0.5610955472900561,0.244867542,0.5281205904023241,0.5674590098812915,balanced,T2_SPANNER
985,ST023__ST051,23,ST023,오이도역,51,ST051,연성중학교,8807.0,8.807,2.366674760791399,0.252929573,0.242785227,0.019578275,0.0,PRELIMINARY_POINT_BUFFER_PROXY,4.23939879,PRELIMINARY_90M,0.7262940315218327,0.5985312951251411,0.252929573,0.6665845082718547,0.5734439411245396,balanced,T2_SPANNER
1409,ST043__ST045,43,ST043,시흥종합버스터미널,45,ST045,시흥중앙도서관,671.0,0.671,3.1817228022763167,0.300402098,0.300402098,0.0,0.0,PRELIMINARY_POINT_BUFFER_PROXY,0.425583211,PRELIMINARY_90M,0.025579192145379383,0.35910616559669406,0.300402098,0.03381446955986759,0.16222560491147073,balanced,DEGREE_LIMIT_3
151,ST003__ST047,3,ST003,배곧한울공원,47,ST047,배곧2동행정복지센터,2142.0,2.142,2.998593533213879,0.082490603,0.082490603,0.0,0.0,PRELIMINARY_POINT_BUFFER_PROXY,1.45164868,PRELIMINARY_90M,0.15226939970717424,0.41290145953524826,0.082490603,0.20405434432339853,0.19471885418842913,balanced,DEGREE_LIMIT_3
259,ST005__ST054,5,ST005,배곧중·고등학교,54,ST054,시흥 프리미엄 아울렛,1508.0,1.508,1.711681176130996,0.0,0.0,0.0,0.0,PRELIMINARY_POINT_BUFFER_PROXY,0.623743217,PRELIMINARY_90M,0.09766600637326674,0.7909394917780753,0.0,0.06669222992096648,0.20725813539306676,balanced,DEGREE_LIMIT_3
209,ST004__ST054,4,ST004,배곧중심상가,54,ST054,시흥 프리미엄 아울렛,3518.0,3.518,3.9115620934849367,0.174673018,0.174673018,0.0,0.0,PRELIMINARY_POINT_BUFFER_PROXY,1.470188615,PRELIMINARY_90M,0.2707777107914908,0.14471160486108936,0.174673018,0.2071304016588043,0.21199122003763488,balanced,DEGREE_LIMIT_3
136,ST003__ST032,3,ST003,배곧한울공원,32,ST032,희망공원,2946.0,2.946,2.474419063810549,0.0,0.0,0.0,0.0,PRELIMINARY_POINT_BUFFER_PROXY,0.664390229,PRELIMINARY_90M,0.22151408147446386,0.5668807759001471,0.0,0.07343618773014575,0.21299721592933682,balanced,DEGREE_LIMIT_3
1,ST001__ST002,1,ST001,월곶역,2,ST002,월곶포구,619.0,0.619,1.5532421960245575,0.149164241,0.149164241,0.0,0.0,PRELIMINARY_POINT_BUFFER_PROXY,0.47799073,PRELIMINARY_90M,0.02110068038928602,0.8374818689184798,0.149164241,0.042509674437898,0.2196041573550951,balanced,DEGREE_LIMIT_3
880,ST020__ST045,20,ST020,시화공업단지[왼쪽부근],45,ST045,시흥중앙도서관,1373.0,1.373,2.951996349336429,0.38168565,0.38168565,0.0,0.0,PRELIMINARY_POINT_BUFFER_PROXY,0.548337,PRELIMINARY_90M,0.08603910085263974,0.42658965485339595,0.38168565,0.05418119107762378,0.22328216247337865,balanced,DEGREE_LIMIT_3
1444,ST046__ST050,46,ST046,배곧1동행정복지센터,50,ST050,시흥한라3차아파트,2363.0,2.363,4.178737580648687,0.479447383,0.479447383,0.0,0.0,PRELIMINARY_POINT_BUFFER_PROXY,1.190735572,PRELIMINARY_90M,0.17130307467057102,0.06622724275592551,0.479447383,0.16076488943766587,0.2257432575850634,balanced,DEGREE_LIMIT_3
934,ST022__ST032,22,ST022,오이도박물관,32,ST032,희망공원,2894.0,2.894,2.88457420094931,0.0,0.0,0.0,0.0,PRELIMINARY_POINT_BUFFER_PROXY,2.242877844,PRELIMINARY_90M,0.2170355697183705,0.4463953053047024,0.0,0.3353313026249875,0.2263929843420368,balanced,DEGREE_LIMIT_3
1448,ST046__ST054,46,ST046,배곧1동행정복지센터,54,ST054,시흥 프리미엄 아울렛,1087.0,1.087,2.0,0.198910149,0.198910149,0.0,0.0,PRELIMINARY_POINT_BUFFER_PROXY,0.722410179,PRELIMINARY_90M,0.06140728619412626,0.7062441508450915,0.198910149,0.08306258031444422,0.22799866894383544,balanced,DEGREE_LIMIT_3
1242,ST033__ST043,33,ST033,타원산업단지,43,ST043,시흥종합버스터미널,2934.0,2.934,2.565523484039041,0.07531911,0.07531911,0.0,0.0,PRELIMINARY_POINT_BUFFER_PROXY,0.889229462,PRELIMINARY_90M,0.22048057876151925,0.5401183195741607,0.07531911,0.11074043782361453,0.23165673859298203,balanced,DEGREE_LIMIT_3
534,ST011__ST050,11,ST011,배곧생명공원,50,ST050,시흥한라3차아파트,995.0,0.995,2.969355785245408,0.47264275,0.47264275,0.0,0.0,PRELIMINARY_POINT_BUFFER_PROXY,0.56995669,PRELIMINARY_90M,0.05348376539488416,0.4214902190171036,0.47264275,0.057768226631615675,0.23251747145611673,balanced,DEGREE_LIMIT_3
1222,ST032__ST045,32,ST032,희망공원,45,ST045,시흥중앙도서관,3542.0,3.542,3.695161173181692,0.239589717,0.239589717,0.0,0.0,PRELIMINARY_POINT_BUFFER_PROXY,1.100349444,PRELIMINARY_90M,0.27284471621738005,0.20828064096267274,0.239589717,0.1457684554127718,0.23255671224140234,balanced,DEGREE_LIMIT_3
1243,ST033__ST044,33,ST033,타원산업단지,44,ST044,경기과학기술대학교,1598.0,1.598,1.7010597777371803,0.123630586,0.123630586,0.0,0.0,PRELIMINARY_POINT_BUFFER_PROXY,0.331684145,PRELIMINARY_90M,0.1054172767203514,0.7940595896824632,0.123630586,0.018235185665018444,0.23462175297438595,balanced,DEGREE_LIMIT_3
1145,ST029__ST040,29,ST029,관곡공원,40,ST040,갯골생태공원,3173.0,3.173,2.6002442194967386,0.0,0.0,0.0,0.0,PRELIMINARY_POINT_BUFFER_PROXY,1.529257702,PRELIMINARY_90M,0.24106450779433297,0.5299189004465018,0.0,0.2169308620359346,0.23494921251242373,balanced,DEGREE_LIMIT_3
957,ST022__ST055,22,ST022,오이도박물관,55,ST055,해양생태과학관,1977.0,1.977,2.056726097058233,0.0,0.0,0.0,0.0,PRELIMINARY_POINT_BUFFER_PROXY,2.016046436,PRELIMINARY_90M,0.1380587374041857,0.6895805280345066,0.0,0.29769652038444466,0.23779407862624233,balanced,DEGREE_LIMIT_3
466,ST010__ST026,10,ST010,은계호수공원,26,ST026,은계파크자이,1220.0,1.22,2.405341600576404,0.254629654,0.254629654,0.0,0.0,PRELIMINARY_POINT_BUFFER_PROXY,1.537591702,PRELIMINARY_90M,0.07286194126259582,0.5871726847699602,0.254629654,0.21831359945293588,0.2429837668769707,balanced,DEGREE_LIMIT_3
1147,ST029__ST042,29,ST029,관곡공원,42,ST042,시흥시청역,2654.0,2.654,2.6841941622399865,0.0,0.0,0.0,0.0,PRELIMINARY_POINT_BUFFER_PROXY,2.927478894,PRELIMINARY_90M,0.19636551545947808,0.5052581137294531,0.0,0.44891703427285934,0.24693538407061075,balanced,DEGREE_LIMIT_3
56,ST002__ST004,2,ST002,월곶포구,4,ST004,배곧중심상가,3192.0,3.192,3.5458499603414118,0.332930014,0.332930014,0.0,0.0,PRELIMINARY_POINT_BUFFER_PROXY,1.198313388,PRELIMINARY_90M,0.24270088708982862,0.2521416830789185,0.332930014,0.16202216442234924,0.2550445196150675,balanced,DEGREE_LIMIT_3
807,ST018__ST043,18,ST018,정왕역,43,ST043,시흥종합버스터미널,1406.0,1.406,2.6557306312689994,0.43367149,0.43367149,0.0,0.0,PRELIMINARY_POINT_BUFFER_PROXY,0.599226145,PRELIMINARY_90M,0.08888123331323745,0.5136194424397824,0.43367149,0.0626244746042261,0.25608792550388537,balanced,DEGREE_LIMIT_3
108,ST003__ST004,3,ST003,배곧한울공원,4,ST004,배곧중심상가,4685.0,4.685,2.9330495193194137,0.0,0.0,0.0,0.0,PRELIMINARY_POINT_BUFFER_PROXY,1.18657571,PRELIMINARY_90M,0.37128584962535527,0.432155396993838,0.0,0.16007470503198293,0.25895662500370714,balanced,DEGREE_LIMIT_3
820,ST019__ST020,19,ST019,시화병원,20,ST020,시화공업단지[왼쪽부근],1979.0,1.979,2.8736363843131483,0.422822321,0.422822321,0.0,0.0,PRELIMINARY_POINT_BUFFER_PROXY,0.548112375,PRELIMINARY_90M,0.13823098785634313,0.4496083529185587,0.422822321,0.054143922372044954,0.2590412343320557,balanced,DEGREE_LIMIT_3
951,ST022__ST049,22,ST022,오이도박물관,49,ST049,거북섬 웨이브파크 정문,2432.0,2.432,2.198773004915802,0.078808855,0.078808855,0.0,0.0,PRELIMINARY_POINT_BUFFER_PROXY,1.80570442,PRELIMINARY_90M,0.17724571527000257,0.6478534179969773,0.078808855,0.26279757919285823,0.25959082033632525,balanced,DEGREE_LIMIT_3
1247,ST033__ST048,33,ST033,타원산업단지,48,ST048,정왕평생학습관 사거리,3608.0,3.608,2.731241808577759,0.220485387,0.220485387,0.0,0.0,PRELIMINARY_POINT_BUFFER_PROXY,0.925063471,PRELIMINARY_90M,0.2785289811385755,0.49143759242876095,0.220485387,0.11668584519647998,0.2823233344706544,balanced,DEGREE_LIMIT_3
1381,ST041__ST042,41,ST041,연꽃테마파크,42,ST042,시흥시청역,3357.0,3.357,2.4375560527901543,0.0,0.0,0.0,0.0,PRELIMINARY_POINT_BUFFER_PROXY,2.986825232,PRELIMINARY_90M,0.25691154939281713,0.5777095010048499,0.0,0.458763494809769,0.2871210441795622,balanced,DEGREE_LIMIT_3
434,ST009__ST039,9,ST009,능곡중앙공원,39,ST039,능곡힐스테이트,792.0,0.792,2.0,0.496869839,0.318845713,0.496869839,0.0,PRELIMINARY_POINT_BUFFER_PROXY,0.848295282,PRELIMINARY_90M,0.036000344500904315,0.7062441508450915,0.496869839,0.10394883447345071,0.29545875289039764,balanced,DEGREE_LIMIT_3
507,ST011__ST023,11,ST011,배곧생명공원,23,ST023,오이도역,1921.0,1.921,2.767167983295987,0.54035387,0.54035387,0.0,0.0,PRELIMINARY_POINT_BUFFER_PROXY,0.683327862,PRELIMINARY_90M,0.13323572474377746,0.4808840684675202,0.54035387,0.0765782292154515,0.29604630547333277,balanced,DEGREE_LIMIT_3
262,ST006__ST008,6,ST006,시흥시청 본청,8,ST008,시흥능곡역,1951.0,1.951,2.023517683433672,0.1397711,0.1397711,0.0,0.0,PRELIMINARY_POINT_BUFFER_PROXY,2.968420709,PRELIMINARY_90M,0.135819481526139,0.699335693777877,0.1397711,0.45570990438570363,0.2974941920238866,balanced,DEGREE_LIMIT_3
283,ST006__ST029,6,ST006,시흥시청 본청,29,ST029,관곡공원,3470.0,3.47,2.475229440723157,0.075912866,0.075912866,0.0,0.0,PRELIMINARY_POINT_BUFFER_PROXY,3.041565706,PRELIMINARY_90M,0.2666436999397123,0.5666427229420483,0.075912866,0.4678457724224623,0.30914110692766394,balanced,DEGREE_LIMIT_3
1194,ST031__ST040,31,ST031,마전저수지,40,ST040,갯골생태공원,2402.0,2.402,2.2619856904966325,0.142177716,0.142177716,0.0,0.0,PRELIMINARY_POINT_BUFFER_PROXY,3.572654596,PRELIMINARY_90M,0.17466195848764102,0.6292843218668183,0.142177716,0.5559615007589965,0.3146603018822695,balanced,DEGREE_LIMIT_3
916,ST021__ST047,21,ST021,오이도 포구 해양관광 단지,47,ST047,배곧2동행정복지센터,3762.0,3.762,2.469042411414725,0.254750012,0.237212965,0.071741573,0.0,PRELIMINARY_POINT_BUFFER_PROXY,1.099645611,PRELIMINARY_90M,0.29179226595469815,0.5684601989902931,0.254750012,0.14565167880796975,0.3159442010011334,balanced,DEGREE_LIMIT_3
292,ST006__ST038,6,ST006,시흥시청 본청,38,ST038,능곡도서관,2199.0,2.199,2.084117616972949,0.214672193,0.183407351,0.04195668,0.0,PRELIMINARY_POINT_BUFFER_PROXY,3.091529972,PRELIMINARY_90M,0.15717853759366118,0.6815341088423155,0.214672193,0.4761356044492447,0.3242666257233142,balanced,DEGREE_LIMIT_3
30,ST001__ST031,1,ST001,월곶역,31,ST031,마전저수지,4726.0,4.726,2.1733816526852707,0.0,0.0,0.0,0.0,PRELIMINARY_POINT_BUFFER_PROXY,1.971254241,PRELIMINARY_90M,0.37481698389458273,0.6553122762326484,0.0,0.2902648136390502,0.3245289708502203,balanced,DEGREE_LIMIT_3
454,ST010__ST014,10,ST010,은계호수공원,14,ST014,시흥대야역,1525.0,1.525,2.792670740390496,0.667821134,0.57752438,0.090296754,0.0,PRELIMINARY_POINT_BUFFER_PROXY,1.2539899,PRELIMINARY_90M,0.09913013521660495,0.47339248440143145,0.667821134,0.1712597449827669,0.3269747962143433,balanced,DEGREE_LIMIT_3
1455,ST047__ST053,47,ST047,배곧2동행정복지센터,53,ST053,오이도 빨강등대,3916.0,3.916,2.403030548620091,0.248901852,0.232677883,0.071569275,0.0,PRELIMINARY_POINT_BUFFER_PROXY,1.249750909,PRELIMINARY_90M,0.30505555077082075,0.5878515697998281,0.248901852,0.17055643187189196,0.3274014620490777,balanced,DEGREE_LIMIT_3
595,ST013__ST026,13,ST013,삼미시장,26,ST026,은계파크자이,1938.0,1.938,2.6326125397405407,0.511569918,0.511569918,0.0,0.0,PRELIMINARY_POINT_BUFFER_PROXY,2.070334106,PRELIMINARY_90M,0.13469985358711567,0.5204105170475657,0.511569918,0.3067036709232997,0.33186007498285436,balanced,DEGREE_LIMIT_3
452,ST010__ST012,10,ST010,은계호수공원,12,ST012,신천역,2361.0,2.361,2.79221465563128,0.473443851,0.473443851,0.0,0.0,PRELIMINARY_POINT_BUFFER_PROXY,2.295026039,PRELIMINARY_90M,0.17113082421841358,0.4735264619671615,0.473443851,0.34398348170533055,0.33311610708659734,balanced,DEGREE_LIMIT_3
596,ST013__ST027,13,ST013,삼미시장,27,ST027,은행동행정복지센터,1561.0,1.561,2.6154869323133116,0.514819805,0.514819805,0.0,0.0,PRELIMINARY_POINT_BUFFER_PROXY,2.62974837,PRELIMINARY_90M,0.10223064335543881,0.525441264399645,0.514819805,0.3995190098286312,0.33461331294639923,balanced,DEGREE_LIMIT_3
779,ST017__ST052,17,ST017,장곡동,52,ST052,가온그린공원,639.0,0.639,1.9871511618456574,0.588670368,0.588670368,0.0,0.0,PRELIMINARY_POINT_BUFFER_PROXY,1.720740011,PRELIMINARY_90M,0.02282318491086039,0.7100185722077744,0.588670368,0.24870069085140145,0.33560568403360924,balanced,DEGREE_LIMIT_3
714,ST016__ST025,16,ST016,물왕호수,25,ST025,목감동행정복지센터,3005.0,3.005,2.1381214943015445,0.193383798,0.119943446,0.161932073,0.0,PRELIMINARY_POINT_BUFFER_PROXY,2.924827881,PRELIMINARY_90M,0.22659546981310827,0.6656701539999965,0.193383798,0.4484771908761643,0.33938974685666723,balanced,DEGREE_LIMIT_3
385,ST008__ST036,8,ST008,시흥능곡역,36,ST036,시흥시립군자도서관,4468.0,4.468,3.322939983305055,0.221339234,0.221339234,0.0,0.0,PRELIMINARY_POINT_BUFFER_PROXY,3.518784026,PRELIMINARY_90M,0.3525966755662734,0.3176227926683346,0.221339234,0.5470235534570783,0.341951570278738,balanced,DEGREE_LIMIT_3
388,ST008__ST039,8,ST008,시흥능곡역,39,ST039,능곡힐스테이트,1410.0,1.41,1.7943819357778974,0.196901186,0.0,0.196901186,0.0,PRELIMINARY_POINT_BUFFER_PROXY,4.602752376,PRELIMINARY_90M,0.08922573421755232,0.7666456599022438,0.196901186,0.7268703972763896,0.3472752817589281,balanced,DEGREE_LIMIT_3
769,ST017__ST042,17,ST017,장곡동,42,ST042,시흥시청역,2716.0,2.716,1.8434790923881643,0.330839246,0.330839246,0.0,0.0,PRELIMINARY_POINT_BUFFER_PROXY,1.590121124,PRELIMINARY_90M,0.20170527947635863,0.7522230829711033,0.330839246,0.22702902989364263,0.3478908943688105,balanced,DEGREE_LIMIT_3
872,ST020__ST037,20,ST020,시화공업단지[왼쪽부근],37,ST037,군자동행정복지센터,5501.0,5.501,3.257775175996918,0.311230757,0.311230757,0.0,0.0,PRELIMINARY_POINT_BUFFER_PROXY,1.3216431,PRELIMINARY_90M,0.44156403410558953,0.33676533597415237,0.311230757,0.18248444032952366,0.3491590361364949,balanced,DEGREE_LIMIT_3
713,ST016__ST024,16,ST016,물왕호수,24,ST024,목감고등학교,3229.0,3.229,2.105914035609522,0.176923572,0.176923572,0.0,0.0,PRELIMINARY_POINT_BUFFER_PROXY,3.167384816,PRELIMINARY_90M,0.2458875204547412,0.6751312833771932,0.176923572,0.48872107733856496,0.35092031945811986,balanced,DEGREE_LIMIT_3
1052,ST026__ST028,26,ST026,은계파크자이,28,ST028,매화산업단지,3710.0,3.71,2.0137289994067236,0.230217732,0.230217732,0.0,0.0,PRELIMINARY_POINT_BUFFER_PROXY,2.364000529,PRELIMINARY_90M,0.2873137541986048,0.7022111769663222,0.230217732,0.35542739916892313,0.36623627994804486,balanced,DEGREE_LIMIT_3
666,ST015__ST016,15,ST015,목감택지개발예정지구,16,ST016,물왕호수,3107.0,3.107,2.1181705540136373,0.281664379,0.281664379,0.0,0.0,PRELIMINARY_POINT_BUFFER_PROXY,3.053159992,PRELIMINARY_90M,0.23538024287313755,0.6715308594057094,0.281664379,0.4697694408980579,0.3693397799151056,balanced,DEGREE_LIMIT_3
1284,ST035__ST044,35,ST035,산들공원,44,ST044,경기과학기술대학교,6030.0,6.03,2.956928367155461,0.339457259,0.339457259,0.0,0.0,PRELIMINARY_POINT_BUFFER_PROXY,0.834605206,PRELIMINARY_90M,0.4871242787012316,0.42514084577091904,0.339457259,0.10167744254558998,0.3799938117665149,balanced,DEGREE_LIMIT_3
1376,ST040__ST051,40,ST040,갯골생태공원,51,ST051,연성중학교,5417.0,5.417,2.495832602905231,0.192518156,0.176017861,0.031845057,0.0,PRELIMINARY_POINT_BUFFER_PROXY,2.410565802,PRELIMINARY_90M,0.4343295151149772,0.5605904235399768,0.192518156,0.36315328653513135,0.38845242273425595,balanced,DEGREE_LIMIT_3
1182,ST030__ST052,30,ST030,장곡도서관,52,ST052,가온그린공원,791.0,0.791,1.4122876848564432,0.639846456,0.639846456,0.0,0.0,PRELIMINARY_POINT_BUFFER_PROXY,1.92746504,PRELIMINARY_90M,0.0359142192748256,0.8788880810388843,0.639846456,0.2829995188606377,0.39255484574680277,balanced,DEGREE_LIMIT_3
6,ST001__ST007,1,ST001,월곶역,7,ST007,장현지구,6606.0,6.606,2.2379457054195973,0.124628605,0.124628605,0.0,0.0,PRELIMINARY_POINT_BUFFER_PROXY,1.757575321,PRELIMINARY_90M,0.5367324089225735,0.6363462080967941,0.124628605,0.2548122292967868,0.41134119083290627,balanced,DEGREE_LIMIT_3
1264,ST034__ST044,34,ST034,군자디지털과학고등학교,44,ST044,경기과학기술대학교,6466.0,6.466,2.854871731872146,0.383886554,0.383886554,0.0,0.0,PRELIMINARY_POINT_BUFFER_PROXY,0.931735075,PRELIMINARY_90M,0.5246748772715528,0.455120579330462,0.383886554,0.1177927658206959,0.41453462014781794,balanced,DEGREE_LIMIT_3
1046,ST025__ST051,25,ST025,목감동행정복지센터,51,ST051,연성중학교,4855.0,4.855,2.2406696427083874,0.255573087,0.248649808,0.132560721,0.0,PRELIMINARY_POINT_BUFFER_PROXY,3.153385578,PRELIMINARY_90M,0.3859271380587374,0.6355460355854807,0.255573087,0.48639839073044083,0.41833309270015717,balanced,DEGREE_LIMIT_3
1023,ST025__ST028,25,ST025,목감동행정복지센터,28,ST028,매화산업단지,6878.0,6.878,2.8903708674922335,0.271201217,0.266520768,0.103849183,0.0,PRELIMINARY_POINT_BUFFER_PROXY,3.071832764,PRELIMINARY_90M,0.5601584704159849,0.44469250060211796,0.271201217,0.4728675379131207,0.45173232322378565,balanced,DEGREE_LIMIT_3
1409,ST043__ST045,43,ST043,시흥종합버스터미널,45,ST045,시흥중앙도서관,671.0,0.671,3.1817228022763167,0.300402098,0.300402098,0.0,0.0,PRELIMINARY_POINT_BUFFER_PROXY,0.425583211,PRELIMINARY_90M,0.025579192145379383,0.35910616559669406,0.300402098,0.03381446955986759,0.1176552017827185,distance_focus,MST
1,ST001__ST002,1,ST001,월곶역,2,ST002,월곶포구,619.0,0.619,1.5532421960245575,0.149164241,0.149164241,0.0,0.0,PRELIMINARY_POINT_BUFFER_PROXY,0.47799073,PRELIMINARY_90M,0.02110068038928602,0.8374818689184798,0.149164241,0.042509674437898,0.16490829216513336,distance_focus,MST
879,ST020__ST044,20,ST020,시화공업단지[왼쪽부근],44,ST044,경기과학기술대학교,406.0,0.406,2.506476981067469,0.352976565,0.352976565,0.0,0.0,PRELIMINARY_POINT_BUFFER_PROXY,1.876973273,PRELIMINARY_90M,0.0027560072345189906,0.5574635751942025,0.352976565,0.274622166391066,0.1656818420089484,distance_focus,MST
534,ST011__ST050,11,ST011,배곧생명공원,50,ST050,시흥한라3차아파트,995.0,0.995,2.969355785245408,0.47264275,0.47264275,0.0,0.0,PRELIMINARY_POINT_BUFFER_PROXY,0.56995669,PRELIMINARY_90M,0.05348376539488416,0.4214902190171036,0.47264275,0.057768226631615675,0.1719870272526576,distance_focus,MST
878,ST020__ST043,20,ST020,시화공업단지[왼쪽부근],43,ST043,시흥종합버스터미널,792.0,0.792,2.422886141395766,0.407592084,0.407592084,0.0,0.0,PRELIMINARY_POINT_BUFFER_PROXY,0.610397046,PRELIMINARY_90M,0.036000344500904315,0.5820188732835356,0.407592084,0.0644778970657472,0.17648963999964767,distance_focus,MST
1448,ST046__ST054,46,ST046,배곧1동행정복지센터,54,ST054,시흥 프리미엄 아울렛,1087.0,1.087,2.0,0.198910149,0.198910149,0.0,0.0,PRELIMINARY_POINT_BUFFER_PROXY,0.722410179,PRELIMINARY_90M,0.06140728619412626,0.7062441508450915,0.198910149,0.08306258031444422,0.1809237747246839,distance_focus,MST
259,ST005__ST054,5,ST005,배곧중·고등학교,54,ST054,시흥 프리미엄 아울렛,1508.0,1.508,1.711681176130996,0.0,0.0,0.0,0.0,PRELIMINARY_POINT_BUFFER_PROXY,0.623743217,PRELIMINARY_90M,0.09766600637326674,0.7909394917780753,0.0,0.06669222992096648,0.18390975058276798,distance_focus,MST
151,ST003__ST047,3,ST003,배곧한울공원,47,ST047,배곧2동행정복지센터,2142.0,2.142,2.998593533213879,0.082490603,0.082490603,0.0,0.0,PRELIMINARY_POINT_BUFFER_PROXY,1.45164868,PRELIMINARY_90M,0.15226939970717424,0.41290145953524826,0.082490603,0.20405434432339853,0.18607588363693162,distance_focus,MST
466,ST010__ST026,10,ST010,은계호수공원,26,ST026,은계파크자이,1220.0,1.22,2.405341600576404,0.254629654,0.254629654,0.0,0.0,PRELIMINARY_POINT_BUFFER_PROXY,1.537591702,PRELIMINARY_90M,0.07286194126259582,0.5871726847699602,0.254629654,0.21831359945293588,0.19181887551834512,distance_focus,MST
1444,ST046__ST050,46,ST046,배곧1동행정복지센터,50,ST050,시흥한라3차아파트,2363.0,2.363,4.178737580648687,0.479447383,0.479447383,0.0,0.0,PRELIMINARY_POINT_BUFFER_PROXY,1.190735572,PRELIMINARY_90M,0.17130307467057102,0.06622724275592551,0.479447383,0.16076488943766587,0.20070952760949803,distance_focus,MST
807,ST018__ST043,18,ST018,정왕역,43,ST043,시흥종합버스터미널,1406.0,1.406,2.6557306312689994,0.43367149,0.43367149,0.0,0.0,PRELIMINARY_POINT_BUFFER_PROXY,0.599226145,PRELIMINARY_90M,0.08888123331323745,0.5136194424397824,0.43367149,0.0626244746042261,0.20168482731433243,distance_focus,MST
1243,ST033__ST044,33,ST033,타원산업단지,44,ST044,경기과학기술대학교,1598.0,1.598,1.7010597777371803,0.123630586,0.123630586,0.0,0.0,PRELIMINARY_POINT_BUFFER_PROXY,0.331684145,PRELIMINARY_90M,0.1054172767203514,0.7940595896824632,0.123630586,0.018235185665018444,0.20272741095108215,distance_focus,MST
205,ST004__ST050,4,ST004,배곧중심상가,50,ST050,시흥한라3차아파트,2083.0,2.083,3.3375162940590184,0.4015265,0.4015265,0.0,0.0,PRELIMINARY_POINT_BUFFER_PROXY,0.795418286,PRELIMINARY_90M,0.14718801136852985,0.3133409161252583,0.4015265,0.09517573621717196,0.20506049286162384,distance_focus,MST
1412,ST043__ST048,43,ST043,시흥종합버스터미널,48,ST048,정왕평생학습관 사거리,1307.0,1.307,3.0428754779308687,0.59325425,0.59325425,0.0,0.0,PRELIMINARY_POINT_BUFFER_PROXY,0.728620186,PRELIMINARY_90M,0.08035483593144432,0.3998933792626782,0.59325425,0.08409291497232037,0.20559433744550035,distance_focus,MST
434,ST009__ST039,9,ST009,능곡중앙공원,39,ST039,능곡힐스테이트,792.0,0.792,2.0,0.496869839,0.318845713,0.496869839,0.0,PRELIMINARY_POINT_BUFFER_PROXY,0.848295282,PRELIMINARY_90M,0.036000344500904315,0.7062441508450915,0.496869839,0.10394883447345071,0.21246218862465138,distance_focus,MST
957,ST022__ST055,22,ST022,오이도박물관,55,ST055,해양생태과학관,1977.0,1.977,2.056726097058233,0.0,0.0,0.0,0.0,PRELIMINARY_POINT_BUFFER_PROXY,2.016046436,PRELIMINARY_90M,0.1380587374041857,0.6895805280345066,0.0,0.29769652038444466,0.2160419736861319,distance_focus,MST
820,ST019__ST020,19,ST019,시화병원,20,ST020,시화공업단지[왼쪽부근],1979.0,1.979,2.8736363843131483,0.422822321,0.422822321,0.0,0.0,PRELIMINARY_POINT_BUFFER_PROXY,0.548112375,PRELIMINARY_90M,0.13823098785634313,0.4496083529185587,0.422822321,0.054143922372044954,0.21921758603879418,distance_focus,MST
1210,ST032__ST033,32,ST032,희망공원,33,ST033,타원산업단지,2081.0,2.081,1.4965117896209403,0.0,0.0,0.0,0.0,PRELIMINARY_POINT_BUFFER_PROXY,0.481788461,PRELIMINARY_90M,0.14701576091637242,0.8541467576244774,0.0,0.043139775800197705,0.22064544777351486,distance_focus,MST
178,ST004__ST023,4,ST004,배곧중심상가,23,ST023,오이도역,1713.0,1.713,2.7144915430768712,0.4750888,0.4750888,0.0,0.0,PRELIMINARY_POINT_BUFFER_PROXY,0.778708558,PRELIMINARY_90M,0.11532167771940402,0.49635808089454436,0.4750888,0.09240333807300183,0.22415037257312426,distance_focus,MST
136,ST003__ST032,3,ST003,배곧한울공원,32,ST032,희망공원,2946.0,2.946,2.474419063810549,0.0,0.0,0.0,0.0,PRELIMINARY_POINT_BUFFER_PROXY,0.664390229,PRELIMINARY_90M,0.22151408147446386,0.5668807759001471,0.0,0.07343618773014575,0.22528418404271494,distance_focus,MST
934,ST022__ST032,22,ST022,오이도박물관,32,ST032,희망공원,2894.0,2.894,2.88457420094931,0.0,0.0,0.0,0.0,PRELIMINARY_POINT_BUFFER_PROXY,2.242877844,PRELIMINARY_90M,0.2170355697183705,0.4463953053047024,0.0,0.3353313026249875,0.23071376788922643,distance_focus,MST
202,ST004__ST047,4,ST004,배곧중심상가,47,ST047,배곧2동행정복지센터,2617.0,2.617,4.125555851408769,0.591916562,0.591916562,0.0,0.0,PRELIMINARY_POINT_BUFFER_PROXY,1.078170272,PRELIMINARY_90M,0.1931788820945655,0.08184968678832416,0.591916562,0.14208859328144147,0.23118112590313206,distance_focus,MST
779,ST017__ST052,17,ST017,장곡동,52,ST052,가온그린공원,639.0,0.639,1.9871511618456574,0.588670368,0.588670368,0.0,0.0,PRELIMINARY_POINT_BUFFER_PROXY,1.720740011,PRELIMINARY_90M,0.02282318491086039,0.7100185722077744,0.588670368,0.24870069085140145,0.23336732106282254,distance_focus,MST
922,ST021__ST053,21,ST021,오이도 포구 해양관광 단지,53,ST053,오이도 빨강등대,374.0,0.374,1.497751290766831,0.499042777,0.014898499,0.484144278,0.0,PRELIMINARY_POINT_BUFFER_PROXY,2.232582635,PRELIMINARY_90M,0.0,0.8537826469128378,0.499042777,0.3336231707915163,0.2362861306660773,distance_focus,MST
1147,ST029__ST042,29,ST029,관곡공원,42,ST042,시흥시청역,2654.0,2.654,2.6841941622399865,0.0,0.0,0.0,0.0,PRELIMINARY_POINT_BUFFER_PROXY,2.927478894,PRELIMINARY_90M,0.19636551545947808,0.5052581137294531,0.0,0.44891703427285934,0.23849972976239076,distance_focus,MST
951,ST022__ST049,22,ST022,오이도박물관,49,ST049,거북섬 웨이브파크 정문,2432.0,2.432,2.198773004915802,0.078808855,0.078808855,0.0,0.0,PRELIMINARY_POINT_BUFFER_PROXY,1.80570442,PRELIMINARY_90M,0.17724571527000257,0.6478534179969773,0.078808855,0.26279757919285823,0.24162652803083395,distance_focus,MST
53,ST001__ST054,1,ST001,월곶역,54,ST054,시흥 프리미엄 아울렛,3069.0,3.069,2.971566575272677,0.131704676,0.131704676,0.0,0.0,PRELIMINARY_POINT_BUFFER_PROXY,1.446878915,PRELIMINARY_90M,0.23210748428214625,0.42084078651533996,0.131704676,0.20326296772922972,0.2424726067195117,distance_focus,MST
296,ST006__ST042,6,ST006,시흥시청 본청,42,ST042,시흥시청역,594.0,0.594,1.9806585205188414,0.443911734,0.443911734,0.0,0.0,PRELIMINARY_POINT_BUFFER_PROXY,3.847017707,PRELIMINARY_90M,0.018947549737318062,0.7119258235739915,0.443911734,0.6014825158087417,0.2448924150593637,distance_focus,MST
1145,ST029__ST040,29,ST029,관곡공원,40,ST040,갯골생태공원,3173.0,3.173,2.6002442194967386,0.0,0.0,0.0,0.0,PRELIMINARY_POINT_BUFFER_PROXY,1.529257702,PRELIMINARY_90M,0.24106450779433297,0.5299189004465018,0.0,0.2169308620359346,0.2458196259471685,distance_focus,MST
454,ST010__ST014,10,ST010,은계호수공원,14,ST014,시흥대야역,1525.0,1.525,2.792670740390496,0.667821134,0.57752438,0.090296754,0.0,PRELIMINARY_POINT_BUFFER_PROXY,1.2539899,PRELIMINARY_90M,0.09913013521660495,0.47339248440143145,0.667821134,0.1712597449827669,0.2477860983884544,distance_focus,MST
262,ST006__ST008,6,ST006,시흥시청 본청,8,ST008,시흥능곡역,1951.0,1.951,2.023517683433672,0.1397711,0.1397711,0.0,0.0,PRELIMINARY_POINT_BUFFER_PROXY,2.968420709,PRELIMINARY_90M,0.135819481526139,0.699335693777877,0.1397711,0.45570990438570363,0.2529286984209353,distance_focus,MST
596,ST013__ST027,13,ST013,삼미시장,27,ST027,은행동행정복지센터,1561.0,1.561,2.6154869323133116,0.514819805,0.514819805,0.0,0.0,PRELIMINARY_POINT_BUFFER_PROXY,2.62974837,PRELIMINARY_90M,0.10223064335543881,0.525441264399645,0.514819805,0.3995190098286312,0.25732944740607316,distance_focus,MST
387,ST008__ST038,8,ST008,시흥능곡역,38,ST038,능곡도서관,1312.0,1.312,1.7792547011816842,0.151985076,0.099637532,0.070249169,0.0,PRELIMINARY_POINT_BUFFER_PROXY,4.827909169,PRELIMINARY_90M,0.08078546206183791,0.7710893735464199,0.151985076,0.7642273354061125,0.26335517820967697,distance_focus,MST
595,ST013__ST026,13,ST013,삼미시장,26,ST026,은계파크자이,1938.0,1.938,2.6326125397405407,0.511569918,0.511569918,0.0,0.0,PRELIMINARY_POINT_BUFFER_PROXY,2.070334106,PRELIMINARY_90M,0.13469985358711567,0.5204105170475657,0.511569918,0.3067036709232997,0.2662873445017342,distance_focus,MST
554,ST012__ST027,12,ST012,신천역,27,ST027,은행동행정복지센터,1420.0,1.42,2.35513154122392,0.521377701,0.521377701,0.0,0.0,PRELIMINARY_POINT_BUFFER_PROXY,2.923916061,PRELIMINARY_90M,0.0900869864783395,0.6019221833911675,0.521377701,0.44832590606316086,0.2673797651519949,distance_focus,MST
388,ST008__ST039,8,ST008,시흥능곡역,39,ST039,능곡힐스테이트,1410.0,1.41,1.7943819357778974,0.196901186,0.0,0.196901186,0.0,PRELIMINARY_POINT_BUFFER_PROXY,4.602752376,PRELIMINARY_90M,0.08922573421755232,0.7666456599022438,0.196901186,0.7268703972763896,0.2707545071435069,distance_focus,MST
157,ST003__ST053,3,ST003,배곧한울공원,53,ST053,오이도 빨강등대,2485.0,2.485,2.0743268960726615,0.321268247,0.295693025,0.112820736,0.0,PRELIMINARY_POINT_BUFFER_PROXY,1.113752047,PRELIMINARY_90M,0.18181035225217465,0.6844101903742181,0.321268247,0.14799215119550682,0.27473719207698816,distance_focus,MST
1194,ST031__ST040,31,ST031,마전저수지,40,ST040,갯골생태공원,2402.0,2.402,2.2619856904966325,0.142177716,0.142177716,0.0,0.0,PRELIMINARY_POINT_BUFFER_PROXY,3.572654596,PRELIMINARY_90M,0.17466195848764102,0.6292843218668183,0.142177716,0.5559615007589965,0.276112630848507,distance_focus,MST
1182,ST030__ST052,30,ST030,장곡도서관,52,ST052,가온그린공원,791.0,0.791,1.4122876848564432,0.639846456,0.639846456,0.0,0.0,PRELIMINARY_POINT_BUFFER_PROXY,1.92746504,PRELIMINARY_90M,0.0359142192748256,0.8788880810388843,0.639846456,0.2829995188606377,0.27765866400679173,distance_focus,MST
261,ST006__ST007,6,ST006,시흥시청 본청,7,ST007,장현지구,616.0,0.616,1.9913878469423045,0.790782282,0.790782282,0.0,0.0,PRELIMINARY_POINT_BUFFER_PROXY,2.79823581,PRELIMINARY_90M,0.020842304711049867,0.708774021179607,0.790782282,0.42747363996815096,0.28018619230038605,distance_focus,MST
1381,ST041__ST042,41,ST041,연꽃테마파크,42,ST042,시흥시청역,3357.0,3.357,2.4375560527901543,0.0,0.0,0.0,0.0,PRELIMINARY_POINT_BUFFER_PROXY,2.986825232,PRELIMINARY_90M,0.25691154939281713,0.5777095010048499,0.0,0.458763494809769,0.28667970426739464,distance_focus,MST
1403,ST042__ST051,42,ST042,시흥시청역,51,ST051,연성중학교,2072.0,2.072,2.5274345688921906,0.351208623,0.308075573,0.083245449,0.0,PRELIMINARY_POINT_BUFFER_PROXY,4.64619177,PRELIMINARY_90M,0.14624063388166395,0.551307161186513,0.351208623,0.7340776537505509,0.2965295133320304,distance_focus,MST
674,ST015__ST024,15,ST015,목감택지개발예정지구,24,ST024,목감고등학교,376.0,0.376,2.0,0.846481849,0.846481849,0.0,0.0,PRELIMINARY_POINT_BUFFER_PROXY,4.399641958,PRELIMINARY_90M,0.0001722504521574369,0.7062441508450915,0.846481849,0.6931712882349484,0.302329379071553,distance_focus,MST
769,ST017__ST042,17,ST017,장곡동,42,ST042,시흥시청역,2716.0,2.716,1.8434790923881643,0.330839246,0.330839246,0.0,0.0,PRELIMINARY_POINT_BUFFER_PROXY,1.590121124,PRELIMINARY_90M,0.20170527947635863,0.7522230829711033,0.330839246,0.22702902989364263,0.3061854200208449,distance_focus,MST
714,ST016__ST025,16,ST016,물왕호수,25,ST025,목감동행정복지센터,3005.0,3.005,2.1381214943015445,0.193383798,0.119943446,0.161932073,0.0,PRELIMINARY_POINT_BUFFER_PROXY,2.924827881,PRELIMINARY_90M,0.22659546981310827,0.6656701539999965,0.193383798,0.4484771908761643,0.30966309377548085,distance_focus,MST
1255,ST034__ST035,34,ST034,군자디지털과학고등학교,35,ST035,산들공원,462.0,0.462,1.4710642870065378,1.0,1.0,0.0,0.0,PRELIMINARY_POINT_BUFFER_PROXY,2.223041889,PRELIMINARY_90M,0.0075790198949272245,0.861622110363843,1.0,0.33204021585027504,0.31699475007656025,distance_focus,MST
990,ST024__ST025,24,ST024,목감고등학교,25,ST025,목감동행정복지센터,1561.0,1.561,2.1480533485120725,0.815690328,0.815690328,0.023517001,0.0,PRELIMINARY_POINT_BUFFER_PROXY,2.460306204,PRELIMINARY_90M,0.10223064335543881,0.6627526137327,0.815690328,0.371405976117815,0.32024542488494984,distance_focus,MST
468,ST010__ST028,10,ST010,은계호수공원,28,ST028,매화산업단지,3734.0,3.734,2.2597817465071626,0.156648005,0.156648005,0.0,0.0,PRELIMINARY_POINT_BUFFER_PROXY,2.499811713,PRELIMINARY_90M,0.289380759624494,0.6299317433049347,0.156648005,0.3779605412092454,0.32941147214136113,distance_focus,MST
1296,ST036__ST037,36,ST036,시흥시립군자도서관,37,ST037,군자동행정복지센터,688.0,0.688,1.1969270521131194,1.0,1.0,0.0,0.0,PRELIMINARY_POINT_BUFFER_PROXY,1.574384084,PRELIMINARY_90M,0.027043320988717597,0.9421515265849377,1.0,0.22441801548989346,0.3299905231299606,distance_focus,MST
740,ST016__ST051,16,ST016,물왕호수,51,ST051,연성중학교,2736.0,2.736,1.9961566566608884,0.363459039,0.363459039,0.145100799,0.0,PRELIMINARY_POINT_BUFFER_PROXY,3.605438126,PRELIMINARY_90M,0.203427783997933,0.7073731554312661,0.363459039,0.5614007872471636,0.33882157828816606,distance_focus,MST
385,ST008__ST036,8,ST008,시흥능곡역,36,ST036,시흥시립군자도서관,4468.0,4.468,3.322939983305055,0.221339234,0.221339234,0.0,0.0,PRELIMINARY_POINT_BUFFER_PROXY,3.518784026,PRELIMINARY_90M,0.3525966755662734,0.3176227926683346,0.221339234,0.5470235534570783,0.34710466468572204,distance_focus,MST
83,ST002__ST031,2,ST002,월곶포구,31,ST031,마전저수지,4046.0,4.046,2.0820118152150395,0.187446944,0.187446944,0.0,0.0,PRELIMINARY_POINT_BUFFER_PROXY,2.023503983,PRELIMINARY_90M,0.3162518301610542,0.6821527004258621,0.187446944,0.29893384091191594,0.3500844288517034,distance_focus,MST
1276,ST035__ST036,35,ST035,산들공원,36,ST036,시흥시립군자도서관,644.0,0.644,1.9726651165804354,1.0,1.0,0.0,0.0,PRELIMINARY_POINT_BUFFER_PROXY,5.075705136,PRELIMINARY_90M,0.023253811041253982,0.7142739327355561,1.0,0.8053404569987349,0.3516274222349593,distance_focus,MST
1108,ST028__ST029,28,ST028,매화산업단지,29,ST029,관곡공원,5556.0,5.556,1.6000991552975863,0.203318057,0.203318057,0.0,0.0,PRELIMINARY_POINT_BUFFER_PROXY,1.965812089,PRELIMINARY_90M,0.446300921539919,0.8237173630584143,0.203318057,0.2893618778099875,0.4507720537137123,distance_focus,MST
1409,ST043__ST045,43,ST043,시흥종합버스터미널,45,ST045,시흥중앙도서관,671.0,0.671,3.1817228022763167,0.300402098,0.300402098,0.0,0.0,PRELIMINARY_POINT_BUFFER_PROXY,0.425583211,PRELIMINARY_90M,0.025579192145379383,0.35910616559669406,0.300402098,0.03381446955986759,0.1176552017827185,distance_focus,T2_SPANNER
1,ST001__ST002,1,ST001,월곶역,2,ST002,월곶포구,619.0,0.619,1.5532421960245575,0.149164241,0.149164241,0.0,0.0,PRELIMINARY_POINT_BUFFER_PROXY,0.47799073,PRELIMINARY_90M,0.02110068038928602,0.8374818689184798,0.149164241,0.042509674437898,0.16490829216513336,distance_focus,T2_SPANNER
879,ST020__ST044,20,ST020,시화공업단지[왼쪽부근],44,ST044,경기과학기술대학교,406.0,0.406,2.506476981067469,0.352976565,0.352976565,0.0,0.0,PRELIMINARY_POINT_BUFFER_PROXY,1.876973273,PRELIMINARY_90M,0.0027560072345189906,0.5574635751942025,0.352976565,0.274622166391066,0.1656818420089484,distance_focus,T2_SPANNER
534,ST011__ST050,11,ST011,배곧생명공원,50,ST050,시흥한라3차아파트,995.0,0.995,2.969355785245408,0.47264275,0.47264275,0.0,0.0,PRELIMINARY_POINT_BUFFER_PROXY,0.56995669,PRELIMINARY_90M,0.05348376539488416,0.4214902190171036,0.47264275,0.057768226631615675,0.1719870272526576,distance_focus,T2_SPANNER
878,ST020__ST043,20,ST020,시화공업단지[왼쪽부근],43,ST043,시흥종합버스터미널,792.0,0.792,2.422886141395766,0.407592084,0.407592084,0.0,0.0,PRELIMINARY_POINT_BUFFER_PROXY,0.610397046,PRELIMINARY_90M,0.036000344500904315,0.5820188732835356,0.407592084,0.0644778970657472,0.17648963999964767,distance_focus,T2_SPANNER
1448,ST046__ST054,46,ST046,배곧1동행정복지센터,54,ST054,시흥 프리미엄 아울렛,1087.0,1.087,2.0,0.198910149,0.198910149,0.0,0.0,PRELIMINARY_POINT_BUFFER_PROXY,0.722410179,PRELIMINARY_90M,0.06140728619412626,0.7062441508450915,0.198910149,0.08306258031444422,0.1809237747246839,distance_focus,T2_SPANNER
259,ST005__ST054,5,ST005,배곧중·고등학교,54,ST054,시흥 프리미엄 아울렛,1508.0,1.508,1.711681176130996,0.0,0.0,0.0,0.0,PRELIMINARY_POINT_BUFFER_PROXY,0.623743217,PRELIMINARY_90M,0.09766600637326674,0.7909394917780753,0.0,0.06669222992096648,0.18390975058276798,distance_focus,T2_SPANNER
151,ST003__ST047,3,ST003,배곧한울공원,47,ST047,배곧2동행정복지센터,2142.0,2.142,2.998593533213879,0.082490603,0.082490603,0.0,0.0,PRELIMINARY_POINT_BUFFER_PROXY,1.45164868,PRELIMINARY_90M,0.15226939970717424,0.41290145953524826,0.082490603,0.20405434432339853,0.18607588363693162,distance_focus,T2_SPANNER
466,ST010__ST026,10,ST010,은계호수공원,26,ST026,은계파크자이,1220.0,1.22,2.405341600576404,0.254629654,0.254629654,0.0,0.0,PRELIMINARY_POINT_BUFFER_PROXY,1.537591702,PRELIMINARY_90M,0.07286194126259582,0.5871726847699602,0.254629654,0.21831359945293588,0.19181887551834512,distance_focus,T2_SPANNER
1444,ST046__ST050,46,ST046,배곧1동행정복지센터,50,ST050,시흥한라3차아파트,2363.0,2.363,4.178737580648687,0.479447383,0.479447383,0.0,0.0,PRELIMINARY_POINT_BUFFER_PROXY,1.190735572,PRELIMINARY_90M,0.17130307467057102,0.06622724275592551,0.479447383,0.16076488943766587,0.20070952760949803,distance_focus,T2_SPANNER
807,ST018__ST043,18,ST018,정왕역,43,ST043,시흥종합버스터미널,1406.0,1.406,2.6557306312689994,0.43367149,0.43367149,0.0,0.0,PRELIMINARY_POINT_BUFFER_PROXY,0.599226145,PRELIMINARY_90M,0.08888123331323745,0.5136194424397824,0.43367149,0.0626244746042261,0.20168482731433243,distance_focus,T2_SPANNER
1243,ST033__ST044,33,ST033,타원산업단지,44,ST044,경기과학기술대학교,1598.0,1.598,1.7010597777371803,0.123630586,0.123630586,0.0,0.0,PRELIMINARY_POINT_BUFFER_PROXY,0.331684145,PRELIMINARY_90M,0.1054172767203514,0.7940595896824632,0.123630586,0.018235185665018444,0.20272741095108215,distance_focus,T2_SPANNER
205,ST004__ST050,4,ST004,배곧중심상가,50,ST050,시흥한라3차아파트,2083.0,2.083,3.3375162940590184,0.4015265,0.4015265,0.0,0.0,PRELIMINARY_POINT_BUFFER_PROXY,0.795418286,PRELIMINARY_90M,0.14718801136852985,0.3133409161252583,0.4015265,0.09517573621717196,0.20506049286162384,distance_focus,T2_SPANNER
1412,ST043__ST048,43,ST043,시흥종합버스터미널,48,ST048,정왕평생학습관 사거리,1307.0,1.307,3.0428754779308687,0.59325425,0.59325425,0.0,0.0,PRELIMINARY_POINT_BUFFER_PROXY,0.728620186,PRELIMINARY_90M,0.08035483593144432,0.3998933792626782,0.59325425,0.08409291497232037,0.20559433744550035,distance_focus,T2_SPANNER
1420,ST044__ST045,44,ST044,경기과학기술대학교,45,ST045,시흥중앙도서관,1383.0,1.383,2.7968941464619532,0.482850734,0.482850734,0.0,0.0,PRELIMINARY_POINT_BUFFER_PROXY,0.927116456,PRELIMINARY_90M,0.08690035311342692,0.4721518341645844,0.482850734,0.11702646664788896,0.2070932437575327,distance_focus,T2_SPANNER
434,ST009__ST039,9,ST009,능곡중앙공원,39,ST039,능곡힐스테이트,792.0,0.792,2.0,0.496869839,0.318845713,0.496869839,0.0,PRELIMINARY_POINT_BUFFER_PROXY,0.848295282,PRELIMINARY_90M,0.036000344500904315,0.7062441508450915,0.496869839,0.10394883447345071,0.21246218862465138,distance_focus,T2_SPANNER
957,ST022__ST055,22,ST022,오이도박물관,55,ST055,해양생태과학관,1977.0,1.977,2.056726097058233,0.0,0.0,0.0,0.0,PRELIMINARY_POINT_BUFFER_PROXY,2.016046436,PRELIMINARY_90M,0.1380587374041857,0.6895805280345066,0.0,0.29769652038444466,0.2160419736861319,distance_focus,T2_SPANNER
160,ST004__ST005,4,ST004,배곧중심상가,5,ST005,배곧중·고등학교,2591.0,2.591,3.612965583991951,0.346284637,0.346284637,0.0,0.0,PRELIMINARY_POINT_BUFFER_PROXY,1.174987484,PRELIMINARY_90M,0.19093962621651883,0.23242607606189314,0.346284637,0.15815204200260122,0.21718558688945538,distance_focus,T2_SPANNER
820,ST019__ST020,19,ST019,시화병원,20,ST020,시화공업단지[왼쪽부근],1979.0,1.979,2.8736363843131483,0.422822321,0.422822321,0.0,0.0,PRELIMINARY_POINT_BUFFER_PROXY,0.548112375,PRELIMINARY_90M,0.13823098785634313,0.4496083529185587,0.422822321,0.054143922372044954,0.21921758603879418,distance_focus,T2_SPANNER
845,ST019__ST045,19,ST019,시화병원,45,ST045,시흥중앙도서관,859.0,0.859,2.0563818251978376,0.590542959,0.590542959,0.0,0.0,PRELIMINARY_POINT_BUFFER_PROXY,0.427687423,PRELIMINARY_90M,0.04177073464817845,0.6896816599071971,0.590542959,0.03416359035008874,0.2205124926599955,distance_focus,T2_SPANNER
1210,ST032__ST033,32,ST032,희망공원,33,ST033,타원산업단지,2081.0,2.081,1.4965117896209403,0.0,0.0,0.0,0.0,PRELIMINARY_POINT_BUFFER_PROXY,0.481788461,PRELIMINARY_90M,0.14701576091637242,0.8541467576244774,0.0,0.043139775800197705,0.22064544777351486,distance_focus,T2_SPANNER
166,ST004__ST011,4,ST004,배곧중심상가,11,ST011,배곧생명공원,2231.0,2.231,3.33315178950529,0.458588112,0.458588112,0.0,0.0,PRELIMINARY_POINT_BUFFER_PROXY,0.948297628,PRELIMINARY_90M,0.15993454482818018,0.3146230148665793,0.458588112,0.12054074539283013,0.223996470466178,distance_focus,T2_SPANNER
178,ST004__ST023,4,ST004,배곧중심상가,23,ST023,오이도역,1713.0,1.713,2.7144915430768712,0.4750888,0.4750888,0.0,0.0,PRELIMINARY_POINT_BUFFER_PROXY,0.778708558,PRELIMINARY_90M,0.11532167771940402,0.49635808089454436,0.4750888,0.09240333807300183,0.22415037257312426,distance_focus,T2_SPANNER
136,ST003__ST032,3,ST003,배곧한울공원,32,ST032,희망공원,2946.0,2.946,2.474419063810549,0.0,0.0,0.0,0.0,PRELIMINARY_POINT_BUFFER_PROXY,0.664390229,PRELIMINARY_90M,0.22151408147446386,0.5668807759001471,0.0,0.07343618773014575,0.22528418404271494,distance_focus,T2_SPANNER
934,ST022__ST032,22,ST022,오이도박물관,32,ST032,희망공원,2894.0,2.894,2.88457420094931,0.0,0.0,0.0,0.0,PRELIMINARY_POINT_BUFFER_PROXY,2.242877844,PRELIMINARY_90M,0.2170355697183705,0.4463953053047024,0.0,0.3353313026249875,0.23071376788922643,distance_focus,T2_SPANNER
209,ST004__ST054,4,ST004,배곧중심상가,54,ST054,시흥 프리미엄 아울렛,3518.0,3.518,3.9115620934849367,0.174673018,0.174673018,0.0,0.0,PRELIMINARY_POINT_BUFFER_PROXY,1.470188615,PRELIMINARY_90M,0.2707777107914908,0.14471160486108936,0.174673018,0.2071304016588043,0.23108736006993832,distance_focus,T2_SPANNER
202,ST004__ST047,4,ST004,배곧중심상가,47,ST047,배곧2동행정복지센터,2617.0,2.617,4.125555851408769,0.591916562,0.591916562,0.0,0.0,PRELIMINARY_POINT_BUFFER_PROXY,1.078170272,PRELIMINARY_90M,0.1931788820945655,0.08184968678832416,0.591916562,0.14208859328144147,0.23118112590313206,distance_focus,T2_SPANNER
779,ST017__ST052,17,ST017,장곡동,52,ST052,가온그린공원,639.0,0.639,1.9871511618456574,0.588670368,0.588670368,0.0,0.0,PRELIMINARY_POINT_BUFFER_PROXY,1.720740011,PRELIMINARY_90M,0.02282318491086039,0.7100185722077744,0.588670368,0.24870069085140145,0.23336732106282254,distance_focus,T2_SPANNER
783,ST018__ST019,18,ST018,정왕역,19,ST019,시화병원,477.0,0.477,2.616523504201786,1.0,1.0,0.0,0.0,PRELIMINARY_POINT_BUFFER_PROXY,0.221777495,PRELIMINARY_90M,0.008870898286108,0.5251367653443361,1.0,0.0,0.2340930537733152,distance_focus,T2_SPANNER
1242,ST033__ST043,33,ST033,타원산업단지,43,ST043,시흥종합버스터미널,2934.0,2.934,2.565523484039041,0.07531911,0.07531911,0.0,0.0,PRELIMINARY_POINT_BUFFER_PROXY,0.889229462,PRELIMINARY_90M,0.22048057876151925,0.5401183195741607,0.07531911,0.11074043782361453,0.2356780054753971,distance_focus,T2_SPANNER
922,ST021__ST053,21,ST021,오이도 포구 해양관광 단지,53,ST053,오이도 빨강등대,374.0,0.374,1.497751290766831,0.499042777,0.014898499,0.484144278,0.0,PRELIMINARY_POINT_BUFFER_PROXY,2.232582635,PRELIMINARY_90M,0.0,0.8537826469128378,0.499042777,0.3336231707915163,0.2362861306660773,distance_focus,T2_SPANNER
848,ST019__ST048,19,ST019,시화병원,48,ST048,정왕평생학습관 사거리,855.0,0.855,3.0,1.0,1.0,0.0,0.0,PRELIMINARY_POINT_BUFFER_PROXY,0.303061646,PRELIMINARY_90M,0.041426233743863575,0.412488301690183,1.0,0.013486277537422852,0.23807761325358787,distance_focus,T2_SPANNER
1147,ST029__ST042,29,ST029,관곡공원,42,ST042,시흥시청역,2654.0,2.654,2.6841941622399865,0.0,0.0,0.0,0.0,PRELIMINARY_POINT_BUFFER_PROXY,2.927478894,PRELIMINARY_90M,0.19636551545947808,0.5052581137294531,0.0,0.44891703427285934,0.23849972976239076,distance_focus,T2_SPANNER
823,ST019__ST023,19,ST019,시화병원,23,ST023,오이도역,1664.0,1.664,2.9999999999999996,0.714416548,0.714416548,0.0,0.0,PRELIMINARY_POINT_BUFFER_PROXY,0.445157056,PRELIMINARY_90M,0.11110154164154681,0.41248830169018313,0.714416548,0.03706206829709861,0.2394028592681654,distance_focus,T2_SPANNER
951,ST022__ST049,22,ST022,오이도박물관,49,ST049,거북섬 웨이브파크 정문,2432.0,2.432,2.198773004915802,0.078808855,0.078808855,0.0,0.0,PRELIMINARY_POINT_BUFFER_PROXY,1.80570442,PRELIMINARY_90M,0.17724571527000257,0.6478534179969773,0.078808855,0.26279757919285823,0.24162652803083395,distance_focus,T2_SPANNER
53,ST001__ST054,1,ST001,월곶역,54,ST054,시흥 프리미엄 아울렛,3069.0,3.069,2.971566575272677,0.131704676,0.131704676,0.0,0.0,PRELIMINARY_POINT_BUFFER_PROXY,1.446878915,PRELIMINARY_90M,0.23210748428214625,0.42084078651533996,0.131704676,0.20326296772922972,0.2424726067195117,distance_focus,T2_SPANNER
296,ST006__ST042,6,ST006,시흥시청 본청,42,ST042,시흥시청역,594.0,0.594,1.9806585205188414,0.443911734,0.443911734,0.0,0.0,PRELIMINARY_POINT_BUFFER_PROXY,3.847017707,PRELIMINARY_90M,0.018947549737318062,0.7119258235739915,0.443911734,0.6014825158087417,0.2448924150593637,distance_focus,T2_SPANNER
1222,ST032__ST045,32,ST032,희망공원,45,ST045,시흥중앙도서관,3542.0,3.542,3.695161173181692,0.239589717,0.239589717,0.0,0.0,PRELIMINARY_POINT_BUFFER_PROXY,1.100349444,PRELIMINARY_90M,0.27284471621738005,0.20828064096267274,0.239589717,0.1457684554127718,0.2454642289661061,distance_focus,T2_SPANNER
1145,ST029__ST040,29,ST029,관곡공원,40,ST040,갯골생태공원,3173.0,3.173,2.6002442194967386,0.0,0.0,0.0,0.0,PRELIMINARY_POINT_BUFFER_PROXY,1.529257702,PRELIMINARY_90M,0.24106450779433297,0.5299189004465018,0.0,0.2169308620359346,0.2458196259471685,distance_focus,T2_SPANNER
454,ST010__ST014,10,ST010,은계호수공원,14,ST014,시흥대야역,1525.0,1.525,2.792670740390496,0.667821134,0.57752438,0.090296754,0.0,PRELIMINARY_POINT_BUFFER_PROXY,1.2539899,PRELIMINARY_90M,0.09913013521660495,0.47339248440143145,0.667821134,0.1712597449827669,0.2477860983884544,distance_focus,T2_SPANNER
56,ST002__ST004,2,ST002,월곶포구,4,ST004,배곧중심상가,3192.0,3.192,3.5458499603414118,0.332930014,0.332930014,0.0,0.0,PRELIMINARY_POINT_BUFFER_PROXY,1.198313388,PRELIMINARY_90M,0.24270088708982862,0.2521416830789185,0.332930014,0.16202216442234924,0.24958350325796988,distance_focus,T2_SPANNER
262,ST006__ST008,6,ST006,시흥시청 본청,8,ST008,시흥능곡역,1951.0,1.951,2.023517683433672,0.1397711,0.1397711,0.0,0.0,PRELIMINARY_POINT_BUFFER_PROXY,2.968420709,PRELIMINARY_90M,0.135819481526139,0.699335693777877,0.1397711,0.45570990438570363,0.2529286984209353,distance_focus,T2_SPANNER
154,ST003__ST050,3,ST003,배곧한울공원,50,ST050,시흥한라3차아파트,2180.0,2.18,2.3816694054634513,0.421831523,0.421831523,0.0,0.0,PRELIMINARY_POINT_BUFFER_PROXY,0.87801536,PRELIMINARY_90M,0.15554215829816553,0.5941265305467263,0.421831523,0.10887984765881147,0.2566069877767894,distance_focus,T2_SPANNER
808,ST018__ST044,18,ST018,정왕역,44,ST044,경기과학기술대학교,2142.0,2.142,2.829382375187232,0.547101756,0.547101756,0.0,0.0,PRELIMINARY_POINT_BUFFER_PROXY,1.086960451,PRELIMINARY_90M,0.15226939970717424,0.4626082269478513,0.547101756,0.14354701773613776,0.25717283904009597,distance_focus,T2_SPANNER
596,ST013__ST027,13,ST013,삼미시장,27,ST027,은행동행정복지센터,1561.0,1.561,2.6154869323133116,0.514819805,0.514819805,0.0,0.0,PRELIMINARY_POINT_BUFFER_PROXY,2.62974837,PRELIMINARY_90M,0.10223064335543881,0.525441264399645,0.514819805,0.3995190098286312,0.25732944740607316,distance_focus,T2_SPANNER
1441,ST046__ST047,46,ST046,배곧1동행정복지센터,47,ST047,배곧2동행정복지센터,3069.0,3.069,4.129648039445814,0.60945262,0.60945262,0.0,0.0,PRELIMINARY_POINT_BUFFER_PROXY,1.115499419,PRELIMINARY_90M,0.23210748428214625,0.08064758261660032,0.60945262,0.14828206679975695,0.2576077276417535,distance_focus,T2_SPANNER
387,ST008__ST038,8,ST008,시흥능곡역,38,ST038,능곡도서관,1312.0,1.312,1.7792547011816842,0.151985076,0.099637532,0.070249169,0.0,PRELIMINARY_POINT_BUFFER_PROXY,4.827909169,PRELIMINARY_90M,0.08078546206183791,0.7710893735464199,0.151985076,0.7642273354061125,0.26335517820967697,distance_focus,T2_SPANNER
1432,ST045__ST047,45,ST045,시흥중앙도서관,47,ST047,배곧2동행정복지센터,2631.0,2.631,3.7177601555393682,0.731797829,0.731797829,0.0,0.0,PRELIMINARY_POINT_BUFFER_PROXY,0.662398958,PRELIMINARY_90M,0.19438463525966757,0.20164205771015675,0.731797829,0.07310580557042778,0.26395734471936677,distance_focus,T2_SPANNER
595,ST013__ST026,13,ST013,삼미시장,26,ST026,은계파크자이,1938.0,1.938,2.6326125397405407,0.511569918,0.511569918,0.0,0.0,PRELIMINARY_POINT_BUFFER_PROXY,2.070334106,PRELIMINARY_90M,0.13469985358711567,0.5204105170475657,0.511569918,0.3067036709232997,0.2662873445017342,distance_focus,T2_SPANNER
554,ST012__ST027,12,ST012,신천역,27,ST027,은행동행정복지센터,1420.0,1.42,2.35513154122392,0.521377701,0.521377701,0.0,0.0,PRELIMINARY_POINT_BUFFER_PROXY,2.923916061,PRELIMINARY_90M,0.0900869864783395,0.6019221833911675,0.521377701,0.44832590606316086,0.2673797651519949,distance_focus,T2_SPANNER
388,ST008__ST039,8,ST008,시흥능곡역,39,ST039,능곡힐스테이트,1410.0,1.41,1.7943819357778974,0.196901186,0.0,0.196901186,0.0,PRELIMINARY_POINT_BUFFER_PROXY,4.602752376,PRELIMINARY_90M,0.08922573421755232,0.7666456599022438,0.196901186,0.7268703972763896,0.2707545071435069,distance_focus,T2_SPANNER
553,ST012__ST026,12,ST012,신천역,26,ST026,은계파크자이,1797.0,1.797,2.4281601537334185,0.516501543,0.516501543,0.0,0.0,PRELIMINARY_POINT_BUFFER_PROXY,2.25962769,PRELIMINARY_90M,0.12255619671001636,0.580469601310835,0.516501543,0.3381103569558261,0.27189042536821767,distance_focus,T2_SPANNER
157,ST003__ST053,3,ST003,배곧한울공원,53,ST053,오이도 빨강등대,2485.0,2.485,2.0743268960726615,0.321268247,0.295693025,0.112820736,0.0,PRELIMINARY_POINT_BUFFER_PROXY,1.113752047,PRELIMINARY_90M,0.18181035225217465,0.6844101903742181,0.321268247,0.14799215119550682,0.27473719207698816,distance_focus,T2_SPANNER
1194,ST031__ST040,31,ST031,마전저수지,40,ST040,갯골생태공원,2402.0,2.402,2.2619856904966325,0.142177716,0.142177716,0.0,0.0,PRELIMINARY_POINT_BUFFER_PROXY,3.572654596,PRELIMINARY_90M,0.17466195848764102,0.6292843218668183,0.142177716,0.5559615007589965,0.276112630848507,distance_focus,T2_SPANNER
292,ST006__ST038,6,ST006,시흥시청 본청,38,ST038,능곡도서관,2199.0,2.199,2.084117616972949,0.214672193,0.183407351,0.04195668,0.0,PRELIMINARY_POINT_BUFFER_PROXY,3.091529972,PRELIMINARY_90M,0.15717853759366118,0.6815341088423155,0.214672193,0.4761356044492447,0.2763516282774685,distance_focus,T2_SPANNER
1182,ST030__ST052,30,ST030,장곡도서관,52,ST052,가온그린공원,791.0,0.791,1.4122876848564432,0.639846456,0.639846456,0.0,0.0,PRELIMINARY_POINT_BUFFER_PROXY,1.92746504,PRELIMINARY_90M,0.0359142192748256,0.8788880810388843,0.639846456,0.2829995188606377,0.27765866400679173,distance_focus,T2_SPANNER
452,ST010__ST012,10,ST010,은계호수공원,12,ST012,신천역,2361.0,2.361,2.79221465563128,0.473443851,0.473443851,0.0,0.0,PRELIMINARY_POINT_BUFFER_PROXY,2.295026039,PRELIMINARY_90M,0.17113082421841358,0.4735264619671615,0.473443851,0.34398348170533055,0.2791223896466554,distance_focus,T2_SPANNER
1435,ST045__ST050,45,ST045,시흥중앙도서관,50,ST050,시흥한라3차아파트,2833.0,2.833,3.6569644058701334,0.750888061,0.750888061,0.0,0.0,PRELIMINARY_POINT_BUFFER_PROXY,0.66329661,PRELIMINARY_90M,0.2117819309275687,0.21950116477925208,0.750888061,0.07325473969663919,0.27995301639309295,distance_focus,T2_SPANNER
261,ST006__ST007,6,ST006,시흥시청 본청,7,ST007,장현지구,616.0,0.616,1.9913878469423045,0.790782282,0.790782282,0.0,0.0,PRELIMINARY_POINT_BUFFER_PROXY,2.79823581,PRELIMINARY_90M,0.020842304711049867,0.708774021179607,0.790782282,0.42747363996815096,0.28018619230038605,distance_focus,T2_SPANNER
583,ST013__ST014,13,ST013,삼미시장,14,ST014,시흥대야역,1514.0,1.514,2.268613825900731,0.811440142,0.741965677,0.311431231,0.0,PRELIMINARY_POINT_BUFFER_PROXY,0.67519953,PRELIMINARY_90M,0.09818275772973904,0.6273372683228735,0.811440142,0.07522961524926373,0.28224922771120087,distance_focus,T2_SPANNER
1051,ST026__ST027,26,ST026,은계파크자이,27,ST027,은행동행정복지센터,457.0,0.457,1.0,0.754632796,0.754632796,0.0,0.0,PRELIMINARY_POINT_BUFFER_PROXY,1.276801074,PRELIMINARY_90M,0.007148393764533632,1.0,0.754632796,0.17504446586295966,0.28498840224501615,distance_focus,T2_SPANNER
1381,ST041__ST042,41,ST041,연꽃테마파크,42,ST042,시흥시청역,3357.0,3.357,2.4375560527901543,0.0,0.0,0.0,0.0,PRELIMINARY_POINT_BUFFER_PROXY,2.986825232,PRELIMINARY_90M,0.25691154939281713,0.5777095010048499,0.0,0.458763494809769,0.28667970426739464,distance_focus,T2_SPANNER
980,ST023__ST046,23,ST023,오이도역,46,ST046,배곧1동행정복지센터,2045.0,2.045,2.389760491642425,0.684570888,0.684570888,0.0,0.0,PRELIMINARY_POINT_BUFFER_PROXY,0.792332511,PRELIMINARY_90M,0.14391525277753855,0.5917497266556364,0.684570888,0.09466375918898057,0.28726361978376663,distance_focus,T2_SPANNER
636,ST014__ST026,14,ST014,시흥대야역,26,ST026,은계파크자이,2742.0,2.742,2.689120979304191,0.480816193,0.434350308,0.046465885,0.0,PRELIMINARY_POINT_BUFFER_PROXY,1.352474425,PRELIMINARY_90M,0.2039445353544053,0.5038108323991268,0.480816193,0.1875998263018331,0.2888207576526955,distance_focus,T2_SPANNER
949,ST022__ST047,22,ST022,오이도박물관,47,ST047,배곧2동행정복지센터,4352.0,4.352,3.2556383357386656,0.040564469,0.040564469,0.0,0.0,PRELIMINARY_POINT_BUFFER_PROXY,1.850197274,PRELIMINARY_90M,0.34260614934114203,0.3373930452987237,0.040564469,0.2701796207113337,0.28927527882062715,distance_focus,T2_SPANNER
433,ST009__ST038,9,ST009,능곡중앙공원,38,ST038,능곡도서관,744.0,0.744,2.0,0.97496266,0.515421611,0.830516213,0.0,PRELIMINARY_POINT_BUFFER_PROXY,1.451338391,PRELIMINARY_90M,0.031866333649125826,0.7062441508450915,0.97496266,0.2040028626566858,0.2917011080819078,distance_focus,T2_SPANNER
541,ST012__ST014,12,ST012,신천역,14,ST014,시흥대야역,1380.0,1.38,1.9626229682490228,0.849065167,0.772905097,0.341400609,0.0,PRELIMINARY_POINT_BUFFER_PROXY,0.782071988,PRELIMINARY_90M,0.08664197743519077,0.7172238725459898,0.849065167,0.09296138229072015,0.2962246806220849,distance_focus,T2_SPANNER
1403,ST042__ST051,42,ST042,시흥시청역,51,ST051,연성중학교,2072.0,2.072,2.5274345688921906,0.351208623,0.308075573,0.083245449,0.0,PRELIMINARY_POINT_BUFFER_PROXY,4.64619177,PRELIMINARY_90M,0.14624063388166395,0.551307161186513,0.351208623,0.7340776537505509,0.2965295133320304,distance_focus,T2_SPANNER
358,ST008__ST009,8,ST008,시흥능곡역,9,ST009,능곡중앙공원,1712.0,1.712,1.8305154308324192,0.348908245,0.279373488,0.348908245,0.0,PRELIMINARY_POINT_BUFFER_PROXY,4.123126948,PRELIMINARY_90M,0.11523555249332529,0.7560312343795681,0.348908245,0.6472932403960375,0.29961157744253414,distance_focus,T2_SPANNER
1146,ST029__ST041,29,ST029,관곡공원,41,ST041,연꽃테마파크,3138.0,3.138,1.7569046050067059,0.0,0.0,0.0,0.0,PRELIMINARY_POINT_BUFFER_PROXY,2.735579863,PRELIMINARY_90M,0.2380501248815778,0.7776548450269946,0.0,0.4170780649364076,0.3011861081766366,distance_focus,T2_SPANNER
891,ST021__ST022,21,ST021,오이도 포구 해양관광 단지,22,ST022,오이도박물관,983.0,0.983,1.6751107429937875,0.54496198,0.0,0.54496198,0.0,PRELIMINARY_POINT_BUFFER_PROXY,4.304877321,PRELIMINARY_90M,0.05245026268193954,0.8016822704182588,0.54496198,0.6774483929399586,0.3012116344658984,distance_focus,T2_SPANNER
674,ST015__ST024,15,ST015,목감택지개발예정지구,24,ST024,목감고등학교,376.0,0.376,2.0,0.846481849,0.846481849,0.0,0.0,PRELIMINARY_POINT_BUFFER_PROXY,4.399641958,PRELIMINARY_90M,0.0001722504521574369,0.7062441508450915,0.846481849,0.6931712882349484,0.302329379071553,distance_focus,T2_SPANNER
283,ST006__ST029,6,ST006,시흥시청 본청,29,ST029,관곡공원,3470.0,3.47,2.475229440723157,0.075912866,0.075912866,0.0,0.0,PRELIMINARY_POINT_BUFFER_PROXY,3.041565706,PRELIMINARY_90M,0.2666436999397123,0.5666427229420483,0.075912866,0.4678457724224623,0.30315413554738085,distance_focus,T2_SPANNER
757,ST017__ST030,17,ST017,장곡동,30,ST030,장곡도서관,564.0,0.564,1.5742051509756851,0.955860684,0.955860684,0.0,0.0,PRELIMINARY_POINT_BUFFER_PROXY,1.913795281,PRELIMINARY_90M,0.016363792954956508,0.8313238782860152,0.955860684,0.28073149783223716,0.30596910989909987,distance_focus,T2_SPANNER
769,ST017__ST042,17,ST017,장곡동,42,ST042,시흥시청역,2716.0,2.716,1.8434790923881643,0.330839246,0.330839246,0.0,0.0,PRELIMINARY_POINT_BUFFER_PROXY,1.590121124,PRELIMINARY_90M,0.20170527947635863,0.7522230829711033,0.330839246,0.22702902989364263,0.3061854200208449,distance_focus,T2_SPANNER
540,ST012__ST013,12,ST012,신천역,13,ST013,삼미시장,817.0,0.817,1.0,0.809017738,0.809017738,0.0,0.0,PRELIMINARY_POINT_BUFFER_PROXY,1.048439723,PRELIMINARY_90M,0.03815347515287228,1.0,0.809017738,0.13715584279784535,0.30796033007150786,distance_focus,T2_SPANNER
127,ST003__ST023,3,ST003,배곧한울공원,23,ST023,오이도역,4569.0,4.569,3.362496455886152,0.25196631,0.25196631,0.0,0.0,PRELIMINARY_POINT_BUFFER_PROXY,0.707990957,PRELIMINARY_90M,0.3612953234002239,0.3060028474757016,0.25196631,0.08067021196989801,0.3085395888584794,distance_focus,T2_SPANNER
391,ST008__ST042,8,ST008,시흥능곡역,42,ST042,시흥시청역,2105.0,2.105,1.4865056605326343,0.125084013,0.125084013,0.0,0.0,PRELIMINARY_POINT_BUFFER_PROXY,4.593123333,PRELIMINARY_90M,0.14908276634226164,0.8570861165715664,0.125084013,0.7252727925192484,0.30930245849301674,distance_focus,T2_SPANNER
714,ST016__ST025,16,ST016,물왕호수,25,ST025,목감동행정복지센터,3005.0,3.005,2.1381214943015445,0.193383798,0.119943446,0.161932073,0.0,PRELIMINARY_POINT_BUFFER_PROXY,2.924827881,PRELIMINARY_90M,0.22659546981310827,0.6656701539999965,0.193383798,0.4484771908761643,0.30966309377548085,distance_focus,T2_SPANNER
263,ST006__ST009,6,ST006,시흥시청 본청,9,ST009,능곡중앙공원,2599.0,2.599,2.0712474576884348,0.334828877,0.2890141,0.229887243,0.0,PRELIMINARY_POINT_BUFFER_PROXY,2.885576321,PRELIMINARY_90M,0.19162862802514857,0.685314793411697,0.334828877,0.44196475978813077,0.3121952033556568,distance_focus,T2_SPANNER
952,ST022__ST050,22,ST022,오이도박물관,50,ST050,시흥한라3차아파트,4574.0,4.574,3.4123151124351194,0.205257775,0.205257775,0.0,0.0,PRELIMINARY_POINT_BUFFER_PROXY,1.596050461,PRELIMINARY_90M,0.36172594953061754,0.291368325717403,0.205257775,0.22801279712761313,0.31433076453874226,distance_focus,T2_SPANNER
637,ST014__ST027,14,ST014,시흥대야역,27,ST027,은행동행정복지센터,1905.0,1.905,2.4973236886392187,0.756121681,0.589126823,0.182065921,0.0,PRELIMINARY_POINT_BUFFER_PROXY,2.616675973,PRELIMINARY_90M,0.13185772112651795,0.5601524083840266,0.756121681,0.39735010024598233,0.31629075610811297,distance_focus,T2_SPANNER
159,ST003__ST055,3,ST003,배곧한울공원,55,ST055,해양생태과학관,4683.0,4.683,2.979187730277081,0.0,0.0,0.0,0.0,PRELIMINARY_POINT_BUFFER_PROXY,2.085033623,PRELIMINARY_90M,0.3711135991731978,0.41860202765548005,0.0,0.30914254447354533,0.3163727180995952,distance_focus,T2_SPANNER
1255,ST034__ST035,34,ST034,군자디지털과학고등학교,35,ST035,산들공원,462.0,0.462,1.4710642870065378,1.0,1.0,0.0,0.0,PRELIMINARY_POINT_BUFFER_PROXY,2.223041889,PRELIMINARY_90M,0.0075790198949272245,0.861622110363843,1.0,0.33204021585027504,0.31699475007656025,distance_focus,T2_SPANNER
990,ST024__ST025,24,ST024,목감고등학교,25,ST025,목감동행정복지센터,1561.0,1.561,2.1480533485120725,0.815690328,0.815690328,0.023517001,0.0,PRELIMINARY_POINT_BUFFER_PROXY,2.460306204,PRELIMINARY_90M,0.10223064335543881,0.6627526137327,0.815690328,0.371405976117815,0.32024542488494984,distance_focus,T2_SPANNER
1170,ST030__ST040,30,ST030,장곡도서관,40,ST040,갯골생태공원,1629.0,1.629,2.0,0.602351411,0.602351411,0.0,0.0,PRELIMINARY_POINT_BUFFER_PROXY,3.804091528,PRELIMINARY_90M,0.10808715872879167,0.7062441508450915,0.602351411,0.594360409512582,0.32057767046529695,distance_focus,T2_SPANNER
1336,ST038__ST042,38,ST038,능곡도서관,42,ST042,시흥시청역,2385.0,2.385,2.0034464376205396,0.356010791,0.356010791,0.0,0.0,PRELIMINARY_POINT_BUFFER_PROXY,3.686968854,PRELIMINARY_90M,0.1731978296443028,0.7052317396353105,0.356010791,0.574927975661005,0.3205978749479787,distance_focus,T2_SPANNER
148,ST003__ST044,3,ST003,배곧한울공원,44,ST044,경기과학기술대학교,4512.0,4.512,3.1706580906619517,0.229161108,0.229161108,0.0,0.0,PRELIMINARY_POINT_BUFFER_PROXY,1.318416395,PRELIMINARY_90M,0.35638618551373696,0.3623564893526261,0.229161108,0.18194908086982542,0.3207542589981186,distance_focus,T2_SPANNER
503,ST011__ST019,11,ST011,배곧생명공원,19,ST019,시화병원,3341.0,3.341,2.884602014738478,0.626739114,0.626739114,0.0,0.0,PRELIMINARY_POINT_BUFFER_PROXY,0.783434433,PRELIMINARY_90M,0.25553354577555765,0.446387134841447,0.626739114,0.09318743264830431,0.32360780805638206,distance_focus,T2_SPANNER
713,ST016__ST024,16,ST016,물왕호수,24,ST024,목감고등학교,3229.0,3.229,2.105914035609522,0.176923572,0.176923572,0.0,0.0,PRELIMINARY_POINT_BUFFER_PROXY,3.167384816,PRELIMINARY_90M,0.2458875204547412,0.6751312833771932,0.176923572,0.48872107733856496,0.3242128483132801,distance_focus,T2_SPANNER
453,ST010__ST013,10,ST010,은계호수공원,13,ST013,삼미시장,2822.0,2.822,2.499145512681044,0.559085533,0.559085533,0.0,0.0,PRELIMINARY_POINT_BUFFER_PROXY,2.040771125,PRELIMINARY_90M,0.2108345534407028,0.5596172369156094,0.559085533,0.3017987225207562,0.32448601980383873,distance_focus,T2_SPANNER
1352,ST039__ST042,39,ST039,능곡힐스테이트,42,ST042,시흥시청역,2747.0,2.747,2.0559410979162904,0.429779309,0.37360867,0.200729024,0.0,PRELIMINARY_POINT_BUFFER_PROXY,2.284188953,PRELIMINARY_90M,0.2043751614847989,0.6898111261240337,0.429779309,0.34218544423191316,0.3247822065826757,distance_focus,T2_SPANNER
354,ST007__ST052,7,ST007,장현지구,52,ST052,가온그린공원,1163.0,1.163,1.2131708783527768,0.867518063,0.867518063,0.0,0.0,PRELIMINARY_POINT_BUFFER_PROXY,1.043527785,PRELIMINARY_90M,0.06795280337610886,0.9373798076143823,0.867518063,0.13634087753955518,0.32514045037177813,distance_focus,T2_SPANNER
401,ST008__ST052,8,ST008,시흥능곡역,52,ST052,가온그린공원,2055.0,2.055,2.0,0.328329708,0.328329708,0.0,0.0,PRELIMINARY_POINT_BUFFER_PROXY,5.381209551,PRELIMINARY_90M,0.14477650503832573,0.7062441508450915,0.328329708,0.856028288253785,0.32765481067513763,distance_focus,T2_SPANNER
332,ST007__ST030,7,ST007,장현지구,30,ST030,장곡도서관,1683.0,1.683,1.4562870070184697,0.759142743,0.759142743,0.0,0.0,PRELIMINARY_POINT_BUFFER_PROXY,1.235595407,PRELIMINARY_90M,0.11273792093704246,0.8659630227949378,0.759142743,0.16820781868832624,0.3282293993002987,distance_focus,T2_SPANNER
437,ST009__ST042,9,ST009,능곡중앙공원,42,ST042,시흥시청역,2781.0,2.781,2.0552547795934166,0.436775112,0.393968211,0.210534951,0.0,PRELIMINARY_POINT_BUFFER_PROXY,2.330781896,PRELIMINARY_90M,0.20730341917147532,0.6900127361457601,0.436775112,0.34991592247217085,0.3283918209719663,distance_focus,T2_SPANNER
468,ST010__ST028,10,ST010,은계호수공원,28,ST028,매화산업단지,3734.0,3.734,2.2597817465071626,0.156648005,0.156648005,0.0,0.0,PRELIMINARY_POINT_BUFFER_PROXY,2.499811713,PRELIMINARY_90M,0.289380759624494,0.6299317433049347,0.156648005,0.3779605412092454,0.32941147214136113,distance_focus,T2_SPANNER
1296,ST036__ST037,36,ST036,시흥시립군자도서관,37,ST037,군자동행정복지센터,688.0,0.688,1.1969270521131194,1.0,1.0,0.0,0.0,PRELIMINARY_POINT_BUFFER_PROXY,1.574384084,PRELIMINARY_90M,0.027043320988717597,0.9421515265849377,1.0,0.22441801548989346,0.3299905231299606,distance_focus,T2_SPANNER
293,ST006__ST039,6,ST006,시흥시청 본청,39,ST039,능곡힐스테이트,2245.0,2.245,1.4839630692760302,0.123748548,0.0,0.123748548,0.0,PRELIMINARY_POINT_BUFFER_PROXY,5.463392543,PRELIMINARY_90M,0.16114029799328222,0.8578330176252039,0.123748548,0.869663697190612,0.33088778335881114,distance_focus,T2_SPANNER
666,ST015__ST016,15,ST015,목감택지개발예정지구,16,ST016,물왕호수,3107.0,3.107,2.1181705540136373,0.281664379,0.281664379,0.0,0.0,PRELIMINARY_POINT_BUFFER_PROXY,3.053159992,PRELIMINARY_90M,0.23538024287313755,0.6715308594057094,0.281664379,0.4697694408980579,0.3311843755745447,distance_focus,T2_SPANNER
1333,ST038__ST039,38,ST038,능곡도서관,39,ST039,능곡힐스테이트,1349.0,1.349,2.0,0.986190072,0.721601283,0.558223763,0.0,PRELIMINARY_POINT_BUFFER_PROXY,1.845403458,PRELIMINARY_90M,0.08397209542675049,0.7062441508450915,0.986190072,0.26938425369028507,0.3311868160518425,distance_focus,T2_SPANNER
767,ST017__ST040,17,ST017,장곡동,40,ST040,갯골생태공원,1842.0,1.842,1.5201564854789573,0.647795036,0.647795036,0.0,0.0,PRELIMINARY_POINT_BUFFER_PROXY,2.216553796,PRELIMINARY_90M,0.1264318318835587,0.8472009899146961,0.647795036,0.3309637424934135,0.33320487726668097,distance_focus,T2_SPANNER
203,ST004__ST048,4,ST004,배곧중심상가,48,ST048,정왕평생학습관 사거리,3286.0,3.286,2.85126560046434,0.722314679,0.722314679,0.0,0.0,PRELIMINARY_POINT_BUFFER_PROXY,0.581559349,PRELIMINARY_90M,0.25079665834122816,0.4561799015243262,0.722314679,0.05969328431532176,0.333221510514918,distance_focus,T2_SPANNER
305,ST006__ST051,6,ST006,시흥시청 본청,51,ST051,연성중학교,2665.0,2.665,2.405708703853897,0.37184665,0.338316086,0.064712949,0.0,PRELIMINARY_POINT_BUFFER_PROXY,4.504771469,PRELIMINARY_90M,0.197312892946344,0.5870648460349527,0.37184665,0.7106138738469892,0.3332858475577482,distance_focus,T2_SPANNER
1156,ST029__ST051,29,ST029,관곡공원,51,ST051,연성중학교,1708.0,1.708,1.9938381027991827,0.615090182,0.562700526,0.101110411,0.0,PRELIMINARY_POINT_BUFFER_PROXY,4.412486394,PRELIMINARY_90M,0.11489105158901042,0.7080542441897228,0.615090182,0.6953023756188551,0.3369365324437502,distance_focus,T2_SPANNER
1377,ST040__ST052,40,ST040,갯골생태공원,52,ST052,가온그린공원,2051.0,2.051,2.0,0.604110384,0.604110384,0.0,0.0,PRELIMINARY_POINT_BUFFER_PROXY,3.481148434,PRELIMINARY_90M,0.14443200413401086,0.7062441508450915,0.604110384,0.5407792360501436,0.33729030631218454,distance_focus,T2_SPANNER
1404,ST042__ST052,42,ST042,시흥시청역,52,ST052,가온그린공원,2348.0,2.348,1.8054173231380168,0.604898084,0.604898084,0.0,0.0,PRELIMINARY_POINT_BUFFER_PROXY,2.110928432,PRELIMINARY_90M,0.17001119627939024,0.7634039503175185,0.604898084,0.3134388873233655,0.33859591164759845,distance_focus,T2_SPANNER
740,ST016__ST051,16,ST016,물왕호수,51,ST051,연성중학교,2736.0,2.736,1.9961566566608884,0.363459039,0.363459039,0.145100799,0.0,PRELIMINARY_POINT_BUFFER_PROXY,3.605438126,PRELIMINARY_90M,0.203427783997933,0.7073731554312661,0.363459039,0.5614007872471636,0.33882157828816606,distance_focus,T2_SPANNER
1143,ST029__ST038,29,ST029,관곡공원,38,ST038,능곡도서관,4223.0,4.223,2.511994530716733,0.118739746,0.102463148,0.021842811,0.0,PRELIMINARY_POINT_BUFFER_PROXY,2.578907523,PRELIMINARY_90M,0.33149599517698736,0.5558427627117288,0.118739746,0.39108373967517096,0.3391933473804688,distance_focus,T2_SPANNER
1367,ST040__ST042,40,ST040,갯골생태공원,42,ST042,시흥시청역,3460.0,3.46,1.9956964294535866,0.321864239,0.321864239,0.0,0.0,PRELIMINARY_POINT_BUFFER_PROXY,1.76240716,PRELIMINARY_90M,0.26578244767892517,0.7075083498653512,0.321864239,0.2556139049121247,0.33943674742837027,distance_focus,T2_SPANNER
152,ST003__ST048,3,ST003,배곧한울공원,48,ST048,정왕평생학습관 사거리,4872.0,4.872,3.339952815767692,0.354358738,0.354358738,0.0,0.0,PRELIMINARY_POINT_BUFFER_PROXY,0.713851516,PRELIMINARY_90M,0.3873912669020756,0.3126251736217426,0.354358738,0.08164256788708586,0.3406466036732153,distance_focus,T2_SPANNER
175,ST004__ST020,4,ST004,배곧중심상가,20,ST020,시화공업단지[왼쪽부근],5086.0,5.086,4.0907536789867915,0.503240937,0.503240937,0.0,0.0,PRELIMINARY_POINT_BUFFER_PROXY,0.713569367,PRELIMINARY_90M,0.40582206528292136,0.09207302850057764,0.503240937,0.08159575507457452,0.3409499095022969,distance_focus,T2_SPANNER
467,ST010__ST027,10,ST010,은계호수공원,27,ST027,은행동행정복지센터,1085.0,1.085,1.0,0.896875795,0.896875795,0.0,0.0,PRELIMINARY_POINT_BUFFER_PROXY,1.453282362,PRELIMINARY_90M,0.06123503574196882,1.0,0.896875795,0.20432539702664804,0.3417049303978461,distance_focus,T2_SPANNER
1390,ST041__ST051,41,ST041,연꽃테마파크,51,ST051,연성중학교,2393.0,2.393,1.8827646315644875,0.438765774,0.401394363,0.072125664,0.0,PRELIMINARY_POINT_BUFFER_PROXY,3.886342784,PRELIMINARY_90M,0.17388683145293257,0.7406827260508541,0.438765774,0.6080071444857702,0.3420500883279647,distance_focus,T2_SPANNER
1468,ST049__ST053,49,ST049,거북섬 웨이브파크 정문,53,ST053,오이도 빨강등대,3795.0,3.795,1.9574790573544323,0.127972736,0.001466061,0.126506675,0.0,PRELIMINARY_POINT_BUFFER_PROXY,2.594915167,PRELIMINARY_90M,0.2946343984152958,0.7187349264588074,0.127972736,0.39373965140025324,0.34316075355802395,distance_focus,T2_SPANNER
1144,ST029__ST039,29,ST029,관곡공원,39,ST039,능곡힐스테이트,4321.0,4.321,2.5005444574442675,0.134141311,0.069883904,0.064257407,0.0,PRELIMINARY_POINT_BUFFER_PROXY,2.555414981,PRELIMINARY_90M,0.33993626733270177,0.5592062887087678,0.134141311,0.3871859694755221,0.34668249730348843,distance_focus,T2_SPANNER
385,ST008__ST036,8,ST008,시흥능곡역,36,ST036,시흥시립군자도서관,4468.0,4.468,3.322939983305055,0.221339234,0.221339234,0.0,0.0,PRELIMINARY_POINT_BUFFER_PROXY,3.518784026,PRELIMINARY_90M,0.3525966755662734,0.3176227926683346,0.221339234,0.5470235534570783,0.34710466468572204,distance_focus,T2_SPANNER
1052,ST026__ST028,26,ST026,은계파크자이,28,ST028,매화산업단지,3710.0,3.71,2.0137289994067236,0.230217732,0.230217732,0.0,0.0,PRELIMINARY_POINT_BUFFER_PROXY,2.364000529,PRELIMINARY_90M,0.2873137541986048,0.7022111769663222,0.230217732,0.35542739916892313,0.3477953287810035,distance_focus,T2_SPANNER
379,ST008__ST030,8,ST008,시흥능곡역,30,ST030,장곡도서관,2575.0,2.575,2.0,0.366377515,0.366377515,0.0,0.0,PRELIMINARY_POINT_BUFFER_PROXY,4.637122017,PRELIMINARY_90M,0.18956162259925932,0.7062441508450915,0.366377515,0.7325728437150265,0.34788750780782196,distance_focus,T2_SPANNER
675,ST015__ST025,15,ST015,목감택지개발예정지구,25,ST025,목감동행정복지센터,1937.0,1.937,2.119312197773404,0.821667788,0.821667788,0.018951717,0.0,PRELIMINARY_POINT_BUFFER_PROXY,2.8405487,PRELIMINARY_90M,0.13461372836103694,0.6711954948736267,0.821667788,0.43449399228690055,0.3481471286763562,distance_focus,T2_SPANNER
83,ST002__ST031,2,ST002,월곶포구,31,ST031,마전저수지,4046.0,4.046,2.0820118152150395,0.187446944,0.187446944,0.0,0.0,PRELIMINARY_POINT_BUFFER_PROXY,2.023503983,PRELIMINARY_90M,0.3162518301610542,0.6821527004258621,0.187446944,0.29893384091191594,0.3500844288517034,distance_focus,T2_SPANNER
250,ST005__ST045,5,ST005,배곧중·고등학교,45,ST045,시흥중앙도서관,4916.0,4.916,3.972125654970632,0.577746462,0.577746462,0.0,0.0,PRELIMINARY_POINT_BUFFER_PROXY,0.813962468,PRELIMINARY_90M,0.3911807768495392,0.1269207044290135,0.577746462,0.09825249819450357,0.35023379089352596,distance_focus,T2_SPANNER
1442,ST046__ST048,46,ST046,배곧1동행정복지센터,48,ST048,정왕평생학습관 사거리,3667.0,3.667,2.9785864404707585,0.734916295,0.734916295,0.0,0.0,PRELIMINARY_POINT_BUFFER_PROXY,0.667618415,PRELIMINARY_90M,0.2836103694772199,0.4187786600531246,0.734916295,0.0739717929102801,0.35061764423532865,distance_focus,T2_SPANNER
1276,ST035__ST036,35,ST035,산들공원,36,ST036,시흥시립군자도서관,644.0,0.644,1.9726651165804354,1.0,1.0,0.0,0.0,PRELIMINARY_POINT_BUFFER_PROXY,5.075705136,PRELIMINARY_90M,0.023253811041253982,0.7142739327355561,1.0,0.8053404569987349,0.3516274222349593,distance_focus,T2_SPANNER
795,ST018__ST031,18,ST018,정왕역,31,ST031,마전저수지,3945.0,3.945,2.958212084314256,0.124882541,0.124882541,0.0,0.0,PRELIMINARY_POINT_BUFFER_PROXY,5.337782322,PRELIMINARY_90M,0.3075531823271036,0.4247637463468624,0.124882541,0.8488230501382361,0.3518611575121151,distance_focus,T2_SPANNER
810,ST018__ST046,18,ST018,정왕역,46,ST046,배곧1동행정복지센터,3836.0,3.836,3.060991160557495,0.739993526,0.739993526,0.0,0.0,PRELIMINARY_POINT_BUFFER_PROXY,0.664957987,PRELIMINARY_90M,0.2981655326845233,0.3945717915296728,0.739993526,0.07353038742181862,0.3564371559823467,distance_focus,T2_SPANNER
1379,ST040__ST054,40,ST040,갯골생태공원,54,ST054,시흥 프리미엄 아울렛,5042.0,5.042,2.505555704817685,0.080180898,0.080180898,0.0,0.0,PRELIMINARY_POINT_BUFFER_PROXY,1.509985427,PRELIMINARY_90M,0.40203255533545773,0.5577342054812642,0.080180898,0.2137332983506408,0.3582801285585283,distance_focus,T2_SPANNER
1080,ST027__ST028,27,ST027,은행동행정복지센터,28,ST028,매화산업단지,4046.0,4.046,2.177258890186534,0.235801443,0.235801443,0.0,0.0,PRELIMINARY_POINT_BUFFER_PROXY,2.540050863,PRELIMINARY_90M,0.3162518301610542,0.6541733150380895,0.235801443,0.3846368285062608,0.361710994652972,distance_focus,T2_SPANNER
965,ST023__ST031,23,ST023,오이도역,31,ST031,마전저수지,3731.0,3.731,2.433467062881194,0.164525975,0.164525975,0.0,0.0,PRELIMINARY_POINT_BUFFER_PROXY,5.004986189,PRELIMINARY_90M,0.28912238394625783,0.5789106657077423,0.164525975,0.7936071075737493,0.364349637231291,distance_focus,T2_SPANNER
1292,ST035__ST052,35,ST035,산들공원,52,ST052,가온그린공원,3835.0,3.835,1.9561805087839683,0.129647388,0.129647388,0.0,0.0,PRELIMINARY_POINT_BUFFER_PROXY,4.205215096,PRELIMINARY_90M,0.2980794074584446,0.719116382696793,0.129647388,0.6609129132700402,0.37225350140658975,distance_focus,T2_SPANNER
1320,ST037__ST043,37,ST037,군자동행정복지센터,43,ST043,시흥종합버스터미널,5459.0,5.459,3.293489234867605,0.297239452,0.297239452,0.0,0.0,PRELIMINARY_POINT_BUFFER_PROXY,1.231122529,PRELIMINARY_90M,0.43794677461028336,0.32627412228382535,0.297239452,0.1674657001651343,0.3730416709252572,distance_focus,T2_SPANNER
1257,ST034__ST037,34,ST034,군자디지털과학고등학교,37,ST037,군자동행정복지센터,1204.0,1.204,1.4107293611207596,1.0,1.0,0.0,0.0,PRELIMINARY_POINT_BUFFER_PROXY,3.342884366,PRELIMINARY_90M,0.07148393764533632,0.8793458477511182,1.0,0.5178391232291201,0.37657615207278156,distance_focus,T2_SPANNER
727,ST016__ST038,16,ST016,물왕호수,38,ST038,능곡도서관,4155.0,4.155,2.1086022039793035,0.113688603,0.097131004,0.022219908,0.0,PRELIMINARY_POINT_BUFFER_PROXY,4.589248558,PRELIMINARY_90M,0.3256394798036345,0.6743416181950566,0.113688603,0.7246299083849838,0.3860512118999375,distance_focus,T2_SPANNER
1315,ST037__ST038,37,ST037,군자동행정복지센터,38,ST038,능곡도서관,4967.0,4.967,3.1386691135702853,0.330414356,0.316572403,0.018575574,0.0,PRELIMINARY_POINT_BUFFER_PROXY,3.271661112,PRELIMINARY_90M,0.3955731633795539,0.37175343848178544,0.330414356,0.5060221015988842,0.39327127735988854,distance_focus,T2_SPANNER
892,ST021__ST023,21,ST021,오이도 포구 해양관광 단지,23,ST023,오이도역,5955.0,5.955,3.15826320833615,0.311273482,0.30019066,0.045338256,0.0,PRELIMINARY_POINT_BUFFER_PROXY,0.862008045,PRELIMINARY_90M,0.4806648867453277,0.36599755853541716,0.311273482,0.10622399051983547,0.40061198717949276,distance_focus,T2_SPANNER
555,ST012__ST028,12,ST012,신천역,28,ST028,매화산업단지,4890.0,4.89,2.367307062591222,0.271935607,0.271935607,0.0,0.0,PRELIMINARY_POINT_BUFFER_PROXY,2.585385906,PRELIMINARY_90M,0.38894152097149254,0.598345552773012,0.271935607,0.39215860199527713,0.40312294674837507,distance_focus,T2_SPANNER
1283,ST035__ST043,35,ST035,산들공원,43,ST043,시흥종합버스터미널,6007.0,6.007,2.9570423267955706,0.286392525,0.286392525,0.0,0.0,PRELIMINARY_POINT_BUFFER_PROXY,0.727637936,PRELIMINARY_90M,0.4851433985014211,0.4251073694600692,0.286392525,0.08392994475059617,0.40620401774492265,distance_focus,T2_SPANNER
597,ST013__ST028,13,ST013,삼미시장,28,ST028,매화산업단지,5031.0,5.031,2.447712054812518,0.276802217,0.276802217,0.0,0.0,PRELIMINARY_POINT_BUFFER_PROXY,2.504274006,PRELIMINARY_90M,0.4010851778485919,0.5747261160067514,0.276802217,0.3787009035198673,0.40625044701215457,distance_focus,T2_SPANNER
69,ST002__ST017,2,ST002,월곶포구,17,ST017,장곡동,4791.0,4.791,2.1304248058352484,0.31944135,0.31944135,0.0,0.0,PRELIMINARY_POINT_BUFFER_PROXY,2.098557604,PRELIMINARY_90M,0.3804151235896994,0.667931101256094,0.31944135,0.3113863787134678,0.4074935797135806,distance_focus,T2_SPANNER
430,ST009__ST035,9,ST009,능곡중앙공원,35,ST035,산들공원,5085.0,5.085,3.1705169235060016,0.415926001,0.415926001,0.064729724,0.0,PRELIMINARY_POINT_BUFFER_PROXY,3.401700163,PRELIMINARY_90M,0.40573594005684266,0.362397958030395,0.415926001,0.5275975589409814,0.41294991378276297,distance_focus,T2_SPANNER
969,ST023__ST035,23,ST023,오이도역,35,ST035,산들공원,5368.0,5.368,1.6394358943294012,0.193630337,0.193630337,0.0,0.0,PRELIMINARY_POINT_BUFFER_PROXY,1.70575784,PRELIMINARY_90M,0.43010937903712,0.8121619658811384,0.193630337,0.2462149207014601,0.43355596492458875,distance_focus,T2_SPANNER
761,ST017__ST034,17,ST017,장곡동,34,ST034,군자디지털과학고등학교,4796.0,4.796,1.9023778836005452,0.255435013,0.255435013,0.0,0.0,PRELIMINARY_POINT_BUFFER_PROXY,3.815283297,PRELIMINARY_90M,0.380845749720093,0.7349212185443127,0.255435013,0.5962172942928478,0.4366826139929875,distance_focus,T2_SPANNER
1181,ST030__ST051,30,ST030,장곡도서관,51,ST051,연성중학교,4293.0,4.293,2.229191408628017,0.55923175,0.538417977,0.040169936,0.0,PRELIMINARY_POINT_BUFFER_PROXY,3.810257233,PRELIMINARY_90M,0.3375247610024976,0.6389178339845588,0.55923175,0.5953833937945224,0.44177563357863464,distance_focus,T2_SPANNER
59,ST002__ST007,2,ST002,월곶포구,7,ST007,장현지구,5926.0,5.926,2.18303415787715,0.266832809,0.266832809,0.0,0.0,PRELIMINARY_POINT_BUFFER_PROXY,1.765903969,PRELIMINARY_90M,0.47816725518904485,0.6524767963735356,0.266832809,0.25619407873554767,0.450416201793012,distance_focus,T2_SPANNER
1108,ST028__ST029,28,ST028,매화산업단지,29,ST029,관곡공원,5556.0,5.556,1.6000991552975863,0.203318057,0.203318057,0.0,0.0,PRELIMINARY_POINT_BUFFER_PROXY,1.965812089,PRELIMINARY_90M,0.446300921539919,0.8237173630584143,0.203318057,0.2893618778099875,0.4507720537137123,distance_focus,T2_SPANNER
1264,ST034__ST044,34,ST034,군자디지털과학고등학교,44,ST044,경기과학기술대학교,6466.0,6.466,2.854871731872146,0.383886554,0.383886554,0.0,0.0,PRELIMINARY_POINT_BUFFER_PROXY,0.931735075,PRELIMINARY_90M,0.5246748772715528,0.455120579330462,0.383886554,0.1177927658206959,0.45243527294457053,distance_focus,T2_SPANNER
258,ST005__ST053,5,ST005,배곧중·고등학교,53,ST053,오이도 빨강등대,6642.0,6.642,2.494332228519753,0.202414333,0.1928514,0.042185248,0.0,PRELIMINARY_POINT_BUFFER_PROXY,1.120074325,PRELIMINARY_90M,0.5398329170614072,0.5610311672916333,0.202414333,0.1490411133206909,0.4533206866126584,distance_focus,T2_SPANNER
741,ST016__ST052,16,ST016,물왕호수,52,ST052,가온그린공원,5226.0,5.226,1.988461442932294,0.16416577,0.16416577,0.0,0.0,PRELIMINARY_POINT_BUFFER_PROXY,4.587167154,PRELIMINARY_90M,0.41787959693394194,0.7096336694745379,0.16416577,0.7242845717890278,0.4542261312604486,distance_focus,T2_SPANNER
1037,ST025__ST042,25,ST025,목감동행정복지센터,42,ST042,시흥시청역,5715.0,5.715,2.220000001279592,0.043183038,0.037299924,0.043183038,0.0,PRELIMINARY_POINT_BUFFER_PROXY,4.879937643,PRELIMINARY_90M,0.4599948324864353,0.641617863655124,0.043183038,0.7728596509507825,0.45600299983520803,distance_focus,T2_SPANNER
1329,ST037__ST052,37,ST037,군자동행정복지센터,52,ST052,가온그린공원,4929.0,4.929,1.8657671765131771,0.32268539,0.32268539,0.0,0.0,PRELIMINARY_POINT_BUFFER_PROXY,4.042820461,PRELIMINARY_90M,0.3923004047885626,0.7456758278929241,0.32268539,0.6339691721931545,0.4590313427763916,distance_focus,T2_SPANNER
1303,ST036__ST044,36,ST036,시흥시립군자도서관,44,ST044,경기과학기술대학교,6648.0,6.648,2.8654297237561406,0.400791009,0.400791009,0.0,0.0,PRELIMINARY_POINT_BUFFER_PROXY,1.240684205,PRELIMINARY_90M,0.5403496684178796,0.4520191074592086,0.400791009,0.16905212771186373,0.4690365312907954,distance_focus,T2_SPANNER
189,ST004__ST034,4,ST004,배곧중심상가,34,ST034,군자디지털과학고등학교,5987.0,5.987,1.5963618879492623,0.21303547,0.21303547,0.0,0.0,PRELIMINARY_POINT_BUFFER_PROXY,1.737917332,PRELIMINARY_90M,0.4834208939798467,0.8248152072018401,0.21303547,0.2515506697895515,0.47088520494713915,distance_focus,T2_SPANNER
717,ST016__ST028,16,ST016,물왕호수,28,ST028,매화산업단지,5396.0,5.396,1.7354982539155246,0.101337798,0.101337798,0.0,0.0,PRELIMINARY_POINT_BUFFER_PROXY,5.198864531,PRELIMINARY_90M,0.4325208853673241,0.7839430858690926,0.101337798,0.8257744747239257,0.4748821112731509,distance_focus,T2_SPANNER
383,ST008__ST034,8,ST008,시흥능곡역,34,ST034,군자디지털과학고등학교,5212.0,5.212,1.9117330107174155,0.292305874,0.292305874,0.0,0.0,PRELIMINARY_POINT_BUFFER_PROXY,4.735701128,PRELIMINARY_90M,0.41667384376883987,0.7321730952341443,0.292305874,0.748928618290791,0.4785690134755047,distance_focus,T2_SPANNER
410,ST009__ST015,9,ST009,능곡중앙공원,15,ST015,목감택지개발예정지구,5902.0,5.902,2.0201812566671036,0.180228914,0.180228914,0.099111033,0.0,PRELIMINARY_POINT_BUFFER_PROXY,3.891380857,PRELIMINARY_90M,0.4761002497631556,0.7003157886558333,0.180228914,0.6088430374599344,0.4786261590022618,distance_focus,T2_SPANNER
336,ST007__ST034,7,ST007,장현지구,34,ST034,군자디지털과학고등학교,5320.0,5.32,1.7415557933434342,0.349152348,0.349152348,0.0,0.0,PRELIMINARY_POINT_BUFFER_PROXY,3.459564988,PRELIMINARY_90M,0.4259753681853415,0.7821636482306576,0.349152348,0.5371982139272702,0.47900244173853057,distance_focus,T2_SPANNER
1188,ST031__ST034,31,ST031,마전저수지,34,ST034,군자디지털과학고등학교,6030.0,6.03,2.057977037537833,0.231421206,0.231421206,0.0,0.0,PRELIMINARY_POINT_BUFFER_PROXY,4.228768339,PRELIMINARY_90M,0.4871242787012316,0.6892130569516794,0.231421206,0.6648207546892656,0.49685178213241743,distance_focus,T2_SPANNER
480,ST010__ST040,10,ST010,은계호수공원,40,ST040,갯골생태공원,7454.0,7.454,2.3810988212602635,0.143643119,0.143643119,0.0,0.0,PRELIMINARY_POINT_BUFFER_PROXY,1.480173201,PRELIMINARY_90M,0.6097666006373267,0.5942941429938482,0.143643119,0.20878699640988027,0.4974292493224613,distance_focus,T2_SPANNER
746,ST017__ST019,17,ST017,장곡동,19,ST019,시화병원,6719.0,6.719,2.5683224236556637,0.264976881,0.264976881,0.0,0.0,PRELIMINARY_POINT_BUFFER_PROXY,5.10007127,PRELIMINARY_90M,0.5464645594694686,0.5392961146903463,0.264976881,0.8093831694044784,0.5294580019756809,distance_focus,T2_SPANNER
1178,ST030__ST048,30,ST030,장곡도서관,48,ST048,정왕평생학습관 사거리,6776.0,6.776,2.7359223632924965,0.271497661,0.271497661,0.0,0.0,PRELIMINARY_POINT_BUFFER_PROXY,5.378297952,PRELIMINARY_90M,0.5513736973559555,0.4900626521040171,0.271497661,0.8555452096743987,0.5306127863466157,distance_focus,T2_SPANNER
520,ST011__ST036,11,ST011,배곧생명공원,36,ST036,시흥시립군자도서관,7492.0,7.492,2.0687468486474847,0.331902844,0.331902844,0.0,0.0,PRELIMINARY_POINT_BUFFER_PROXY,1.872674267,PRELIMINARY_90M,0.613039359228318,0.6860493619439256,0.331902844,0.27390889587845346,0.5479073360164249,distance_focus,T2_SPANNER
1075,ST026__ST051,26,ST026,은계파크자이,51,ST051,연성중학교,7587.0,7.587,2.103109787779251,0.27255464,0.260774295,0.022735702,0.0,PRELIMINARY_POINT_BUFFER_PROXY,2.31844097,PRELIMINARY_90M,0.6212212557057962,0.6759550475798153,0.27255464,0.34786837505908663,0.5497960440663587,distance_focus,T2_SPANNER
623,ST013__ST054,13,ST013,삼미시장,54,ST054,시흥 프리미엄 아울렛,8770.0,8.77,3.0162642189400977,0.198412944,0.198412944,0.0,0.0,PRELIMINARY_POINT_BUFFER_PROXY,2.393075385,PRELIMINARY_90M,0.7231073981569202,0.4077105922445933,0.198412944,0.36025136020625503,0.5608081053514666,distance_focus,T2_SPANNER
64,ST002__ST012,2,ST002,월곶포구,12,ST012,신천역,8983.0,8.983,3.1711065178480338,0.228261946,0.213997667,0.062986265,0.0,PRELIMINARY_POINT_BUFFER_PROXY,2.40019603,PRELIMINARY_90M,0.7414520713116872,0.3622247612437943,0.228261946,0.3614327835653483,0.5695875272301163,distance_focus,T2_SPANNER
50,ST001__ST051,1,ST001,월곶역,51,ST051,연성중학교,8421.0,8.421,2.3041351110427213,0.191690511,0.181080056,0.020477849,0.0,PRELIMINARY_POINT_BUFFER_PROXY,2.276092573,PRELIMINARY_90M,0.6930496942554474,0.6169026830429145,0.191690511,0.3408421315887333,0.5712030088185789,distance_focus,T2_SPANNER
376,ST008__ST027,8,ST008,시흥능곡역,27,ST027,은행동행정복지센터,8933.0,8.933,1.9781235549054759,0.197632505,0.145725353,0.051907151,0.0,PRELIMINARY_POINT_BUFFER_PROXY,2.905223139,PRELIMINARY_90M,0.7371458100077513,0.7126704845503242,0.197632505,0.445224465856479,0.6233553810228472,distance_focus,T2_SPANNER
1387,ST041__ST048,41,ST041,연꽃테마파크,48,ST048,정왕평생학습관 사거리,9776.0,9.776,2.720411057587995,0.09150236,0.09150236,0.0,0.0,PRELIMINARY_POINT_BUFFER_PROXY,3.868236792,PRELIMINARY_90M,0.8097493755921109,0.49461918888274437,0.09150236,0.6050030848972981,0.6342681661774079,distance_focus,T2_SPANNER
1409,ST043__ST045,43,ST043,시흥종합버스터미널,45,ST045,시흥중앙도서관,671.0,0.671,3.1817228022763167,0.300402098,0.300402098,0.0,0.0,PRELIMINARY_POINT_BUFFER_PROXY,0.425583211,PRELIMINARY_90M,0.025579192145379383,0.35910616559669406,0.300402098,0.03381446955986759,0.1176552017827185,distance_focus,DEGREE_LIMIT_3
1,ST001__ST002,1,ST001,월곶역,2,ST002,월곶포구,619.0,0.619,1.5532421960245575,0.149164241,0.149164241,0.0,0.0,PRELIMINARY_POINT_BUFFER_PROXY,0.47799073,PRELIMINARY_90M,0.02110068038928602,0.8374818689184798,0.149164241,0.042509674437898,0.16490829216513336,distance_focus,DEGREE_LIMIT_3
879,ST020__ST044,20,ST020,시화공업단지[왼쪽부근],44,ST044,경기과학기술대학교,406.0,0.406,2.506476981067469,0.352976565,0.352976565,0.0,0.0,PRELIMINARY_POINT_BUFFER_PROXY,1.876973273,PRELIMINARY_90M,0.0027560072345189906,0.5574635751942025,0.352976565,0.274622166391066,0.1656818420089484,distance_focus,DEGREE_LIMIT_3
534,ST011__ST050,11,ST011,배곧생명공원,50,ST050,시흥한라3차아파트,995.0,0.995,2.969355785245408,0.47264275,0.47264275,0.0,0.0,PRELIMINARY_POINT_BUFFER_PROXY,0.56995669,PRELIMINARY_90M,0.05348376539488416,0.4214902190171036,0.47264275,0.057768226631615675,0.1719870272526576,distance_focus,DEGREE_LIMIT_3
878,ST020__ST043,20,ST020,시화공업단지[왼쪽부근],43,ST043,시흥종합버스터미널,792.0,0.792,2.422886141395766,0.407592084,0.407592084,0.0,0.0,PRELIMINARY_POINT_BUFFER_PROXY,0.610397046,PRELIMINARY_90M,0.036000344500904315,0.5820188732835356,0.407592084,0.0644778970657472,0.17648963999964767,distance_focus,DEGREE_LIMIT_3
1448,ST046__ST054,46,ST046,배곧1동행정복지센터,54,ST054,시흥 프리미엄 아울렛,1087.0,1.087,2.0,0.198910149,0.198910149,0.0,0.0,PRELIMINARY_POINT_BUFFER_PROXY,0.722410179,PRELIMINARY_90M,0.06140728619412626,0.7062441508450915,0.198910149,0.08306258031444422,0.1809237747246839,distance_focus,DEGREE_LIMIT_3
259,ST005__ST054,5,ST005,배곧중·고등학교,54,ST054,시흥 프리미엄 아울렛,1508.0,1.508,1.711681176130996,0.0,0.0,0.0,0.0,PRELIMINARY_POINT_BUFFER_PROXY,0.623743217,PRELIMINARY_90M,0.09766600637326674,0.7909394917780753,0.0,0.06669222992096648,0.18390975058276798,distance_focus,DEGREE_LIMIT_3
151,ST003__ST047,3,ST003,배곧한울공원,47,ST047,배곧2동행정복지센터,2142.0,2.142,2.998593533213879,0.082490603,0.082490603,0.0,0.0,PRELIMINARY_POINT_BUFFER_PROXY,1.45164868,PRELIMINARY_90M,0.15226939970717424,0.41290145953524826,0.082490603,0.20405434432339853,0.18607588363693162,distance_focus,DEGREE_LIMIT_3
466,ST010__ST026,10,ST010,은계호수공원,26,ST026,은계파크자이,1220.0,1.22,2.405341600576404,0.254629654,0.254629654,0.0,0.0,PRELIMINARY_POINT_BUFFER_PROXY,1.537591702,PRELIMINARY_90M,0.07286194126259582,0.5871726847699602,0.254629654,0.21831359945293588,0.19181887551834512,distance_focus,DEGREE_LIMIT_3
1444,ST046__ST050,46,ST046,배곧1동행정복지센터,50,ST050,시흥한라3차아파트,2363.0,2.363,4.178737580648687,0.479447383,0.479447383,0.0,0.0,PRELIMINARY_POINT_BUFFER_PROXY,1.190735572,PRELIMINARY_90M,0.17130307467057102,0.06622724275592551,0.479447383,0.16076488943766587,0.20070952760949803,distance_focus,DEGREE_LIMIT_3
807,ST018__ST043,18,ST018,정왕역,43,ST043,시흥종합버스터미널,1406.0,1.406,2.6557306312689994,0.43367149,0.43367149,0.0,0.0,PRELIMINARY_POINT_BUFFER_PROXY,0.599226145,PRELIMINARY_90M,0.08888123331323745,0.5136194424397824,0.43367149,0.0626244746042261,0.20168482731433243,distance_focus,DEGREE_LIMIT_3
1243,ST033__ST044,33,ST033,타원산업단지,44,ST044,경기과학기술대학교,1598.0,1.598,1.7010597777371803,0.123630586,0.123630586,0.0,0.0,PRELIMINARY_POINT_BUFFER_PROXY,0.331684145,PRELIMINARY_90M,0.1054172767203514,0.7940595896824632,0.123630586,0.018235185665018444,0.20272741095108215,distance_focus,DEGREE_LIMIT_3
205,ST004__ST050,4,ST004,배곧중심상가,50,ST050,시흥한라3차아파트,2083.0,2.083,3.3375162940590184,0.4015265,0.4015265,0.0,0.0,PRELIMINARY_POINT_BUFFER_PROXY,0.795418286,PRELIMINARY_90M,0.14718801136852985,0.3133409161252583,0.4015265,0.09517573621717196,0.20506049286162384,distance_focus,DEGREE_LIMIT_3
434,ST009__ST039,9,ST009,능곡중앙공원,39,ST039,능곡힐스테이트,792.0,0.792,2.0,0.496869839,0.318845713,0.496869839,0.0,PRELIMINARY_POINT_BUFFER_PROXY,0.848295282,PRELIMINARY_90M,0.036000344500904315,0.7062441508450915,0.496869839,0.10394883447345071,0.21246218862465138,distance_focus,DEGREE_LIMIT_3
957,ST022__ST055,22,ST022,오이도박물관,55,ST055,해양생태과학관,1977.0,1.977,2.056726097058233,0.0,0.0,0.0,0.0,PRELIMINARY_POINT_BUFFER_PROXY,2.016046436,PRELIMINARY_90M,0.1380587374041857,0.6895805280345066,0.0,0.29769652038444466,0.2160419736861319,distance_focus,DEGREE_LIMIT_3
1433,ST045__ST048,45,ST045,시흥중앙도서관,48,ST048,정왕평생학습관 사거리,800.0,0.8,1.9695451677354328,0.559341505,0.559341505,0.0,0.0,PRELIMINARY_POINT_BUFFER_PROXY,0.477205873,PRELIMINARY_90M,0.03668934630953406,0.7151904359578398,0.559341505,0.042379454718568105,0.21743134440125322,distance_focus,DEGREE_LIMIT_3
820,ST019__ST020,19,ST019,시화병원,20,ST020,시화공업단지[왼쪽부근],1979.0,1.979,2.8736363843131483,0.422822321,0.422822321,0.0,0.0,PRELIMINARY_POINT_BUFFER_PROXY,0.548112375,PRELIMINARY_90M,0.13823098785634313,0.4496083529185587,0.422822321,0.054143922372044954,0.21921758603879418,distance_focus,DEGREE_LIMIT_3
1210,ST032__ST033,32,ST032,희망공원,33,ST033,타원산업단지,2081.0,2.081,1.4965117896209403,0.0,0.0,0.0,0.0,PRELIMINARY_POINT_BUFFER_PROXY,0.481788461,PRELIMINARY_90M,0.14701576091637242,0.8541467576244774,0.0,0.043139775800197705,0.22064544777351486,distance_focus,DEGREE_LIMIT_3
178,ST004__ST023,4,ST004,배곧중심상가,23,ST023,오이도역,1713.0,1.713,2.7144915430768712,0.4750888,0.4750888,0.0,0.0,PRELIMINARY_POINT_BUFFER_PROXY,0.778708558,PRELIMINARY_90M,0.11532167771940402,0.49635808089454436,0.4750888,0.09240333807300183,0.22415037257312426,distance_focus,DEGREE_LIMIT_3
136,ST003__ST032,3,ST003,배곧한울공원,32,ST032,희망공원,2946.0,2.946,2.474419063810549,0.0,0.0,0.0,0.0,PRELIMINARY_POINT_BUFFER_PROXY,0.664390229,PRELIMINARY_90M,0.22151408147446386,0.5668807759001471,0.0,0.07343618773014575,0.22528418404271494,distance_focus,DEGREE_LIMIT_3
934,ST022__ST032,22,ST022,오이도박물관,32,ST032,희망공원,2894.0,2.894,2.88457420094931,0.0,0.0,0.0,0.0,PRELIMINARY_POINT_BUFFER_PROXY,2.242877844,PRELIMINARY_90M,0.2170355697183705,0.4463953053047024,0.0,0.3353313026249875,0.23071376788922643,distance_focus,DEGREE_LIMIT_3
202,ST004__ST047,4,ST004,배곧중심상가,47,ST047,배곧2동행정복지센터,2617.0,2.617,4.125555851408769,0.591916562,0.591916562,0.0,0.0,PRELIMINARY_POINT_BUFFER_PROXY,1.078170272,PRELIMINARY_90M,0.1931788820945655,0.08184968678832416,0.591916562,0.14208859328144147,0.23118112590313206,distance_focus,DEGREE_LIMIT_3
779,ST017__ST052,17,ST017,장곡동,52,ST052,가온그린공원,639.0,0.639,1.9871511618456574,0.588670368,0.588670368,0.0,0.0,PRELIMINARY_POINT_BUFFER_PROXY,1.720740011,PRELIMINARY_90M,0.02282318491086039,0.7100185722077744,0.588670368,0.24870069085140145,0.23336732106282254,distance_focus,DEGREE_LIMIT_3
922,ST021__ST053,21,ST021,오이도 포구 해양관광 단지,53,ST053,오이도 빨강등대,374.0,0.374,1.497751290766831,0.499042777,0.014898499,0.484144278,0.0,PRELIMINARY_POINT_BUFFER_PROXY,2.232582635,PRELIMINARY_90M,0.0,0.8537826469128378,0.499042777,0.3336231707915163,0.2362861306660773,distance_focus,DEGREE_LIMIT_3
1147,ST029__ST042,29,ST029,관곡공원,42,ST042,시흥시청역,2654.0,2.654,2.6841941622399865,0.0,0.0,0.0,0.0,PRELIMINARY_POINT_BUFFER_PROXY,2.927478894,PRELIMINARY_90M,0.19636551545947808,0.5052581137294531,0.0,0.44891703427285934,0.23849972976239076,distance_focus,DEGREE_LIMIT_3
951,ST022__ST049,22,ST022,오이도박물관,49,ST049,거북섬 웨이브파크 정문,2432.0,2.432,2.198773004915802,0.078808855,0.078808855,0.0,0.0,PRELIMINARY_POINT_BUFFER_PROXY,1.80570442,PRELIMINARY_90M,0.17724571527000257,0.6478534179969773,0.078808855,0.26279757919285823,0.24162652803083395,distance_focus,DEGREE_LIMIT_3
53,ST001__ST054,1,ST001,월곶역,54,ST054,시흥 프리미엄 아울렛,3069.0,3.069,2.971566575272677,0.131704676,0.131704676,0.0,0.0,PRELIMINARY_POINT_BUFFER_PROXY,1.446878915,PRELIMINARY_90M,0.23210748428214625,0.42084078651533996,0.131704676,0.20326296772922972,0.2424726067195117,distance_focus,DEGREE_LIMIT_3
296,ST006__ST042,6,ST006,시흥시청 본청,42,ST042,시흥시청역,594.0,0.594,1.9806585205188414,0.443911734,0.443911734,0.0,0.0,PRELIMINARY_POINT_BUFFER_PROXY,3.847017707,PRELIMINARY_90M,0.018947549737318062,0.7119258235739915,0.443911734,0.6014825158087417,0.2448924150593637,distance_focus,DEGREE_LIMIT_3
1145,ST029__ST040,29,ST029,관곡공원,40,ST040,갯골생태공원,3173.0,3.173,2.6002442194967386,0.0,0.0,0.0,0.0,PRELIMINARY_POINT_BUFFER_PROXY,1.529257702,PRELIMINARY_90M,0.24106450779433297,0.5299189004465018,0.0,0.2169308620359346,0.2458196259471685,distance_focus,DEGREE_LIMIT_3
454,ST010__ST014,10,ST010,은계호수공원,14,ST014,시흥대야역,1525.0,1.525,2.792670740390496,0.667821134,0.57752438,0.090296754,0.0,PRELIMINARY_POINT_BUFFER_PROXY,1.2539899,PRELIMINARY_90M,0.09913013521660495,0.47339248440143145,0.667821134,0.1712597449827669,0.2477860983884544,distance_focus,DEGREE_LIMIT_3
262,ST006__ST008,6,ST006,시흥시청 본청,8,ST008,시흥능곡역,1951.0,1.951,2.023517683433672,0.1397711,0.1397711,0.0,0.0,PRELIMINARY_POINT_BUFFER_PROXY,2.968420709,PRELIMINARY_90M,0.135819481526139,0.699335693777877,0.1397711,0.45570990438570363,0.2529286984209353,distance_focus,DEGREE_LIMIT_3
596,ST013__ST027,13,ST013,삼미시장,27,ST027,은행동행정복지센터,1561.0,1.561,2.6154869323133116,0.514819805,0.514819805,0.0,0.0,PRELIMINARY_POINT_BUFFER_PROXY,2.62974837,PRELIMINARY_90M,0.10223064335543881,0.525441264399645,0.514819805,0.3995190098286312,0.25732944740607316,distance_focus,DEGREE_LIMIT_3
387,ST008__ST038,8,ST008,시흥능곡역,38,ST038,능곡도서관,1312.0,1.312,1.7792547011816842,0.151985076,0.099637532,0.070249169,0.0,PRELIMINARY_POINT_BUFFER_PROXY,4.827909169,PRELIMINARY_90M,0.08078546206183791,0.7710893735464199,0.151985076,0.7642273354061125,0.26335517820967697,distance_focus,DEGREE_LIMIT_3
595,ST013__ST026,13,ST013,삼미시장,26,ST026,은계파크자이,1938.0,1.938,2.6326125397405407,0.511569918,0.511569918,0.0,0.0,PRELIMINARY_POINT_BUFFER_PROXY,2.070334106,PRELIMINARY_90M,0.13469985358711567,0.5204105170475657,0.511569918,0.3067036709232997,0.2662873445017342,distance_focus,DEGREE_LIMIT_3
554,ST012__ST027,12,ST012,신천역,27,ST027,은행동행정복지센터,1420.0,1.42,2.35513154122392,0.521377701,0.521377701,0.0,0.0,PRELIMINARY_POINT_BUFFER_PROXY,2.923916061,PRELIMINARY_90M,0.0900869864783395,0.6019221833911675,0.521377701,0.44832590606316086,0.2673797651519949,distance_focus,DEGREE_LIMIT_3
388,ST008__ST039,8,ST008,시흥능곡역,39,ST039,능곡힐스테이트,1410.0,1.41,1.7943819357778974,0.196901186,0.0,0.196901186,0.0,PRELIMINARY_POINT_BUFFER_PROXY,4.602752376,PRELIMINARY_90M,0.08922573421755232,0.7666456599022438,0.196901186,0.7268703972763896,0.2707545071435069,distance_focus,DEGREE_LIMIT_3
157,ST003__ST053,3,ST003,배곧한울공원,53,ST053,오이도 빨강등대,2485.0,2.485,2.0743268960726615,0.321268247,0.295693025,0.112820736,0.0,PRELIMINARY_POINT_BUFFER_PROXY,1.113752047,PRELIMINARY_90M,0.18181035225217465,0.6844101903742181,0.321268247,0.14799215119550682,0.27473719207698816,distance_focus,DEGREE_LIMIT_3
1194,ST031__ST040,31,ST031,마전저수지,40,ST040,갯골생태공원,2402.0,2.402,2.2619856904966325,0.142177716,0.142177716,0.0,0.0,PRELIMINARY_POINT_BUFFER_PROXY,3.572654596,PRELIMINARY_90M,0.17466195848764102,0.6292843218668183,0.142177716,0.5559615007589965,0.276112630848507,distance_focus,DEGREE_LIMIT_3
1182,ST030__ST052,30,ST030,장곡도서관,52,ST052,가온그린공원,791.0,0.791,1.4122876848564432,0.639846456,0.639846456,0.0,0.0,PRELIMINARY_POINT_BUFFER_PROXY,1.92746504,PRELIMINARY_90M,0.0359142192748256,0.8788880810388843,0.639846456,0.2829995188606377,0.27765866400679173,distance_focus,DEGREE_LIMIT_3
261,ST006__ST007,6,ST006,시흥시청 본청,7,ST007,장현지구,616.0,0.616,1.9913878469423045,0.790782282,0.790782282,0.0,0.0,PRELIMINARY_POINT_BUFFER_PROXY,2.79823581,PRELIMINARY_90M,0.020842304711049867,0.708774021179607,0.790782282,0.42747363996815096,0.28018619230038605,distance_focus,DEGREE_LIMIT_3
1381,ST041__ST042,41,ST041,연꽃테마파크,42,ST042,시흥시청역,3357.0,3.357,2.4375560527901543,0.0,0.0,0.0,0.0,PRELIMINARY_POINT_BUFFER_PROXY,2.986825232,PRELIMINARY_90M,0.25691154939281713,0.5777095010048499,0.0,0.458763494809769,0.28667970426739464,distance_focus,DEGREE_LIMIT_3
674,ST015__ST024,15,ST015,목감택지개발예정지구,24,ST024,목감고등학교,376.0,0.376,2.0,0.846481849,0.846481849,0.0,0.0,PRELIMINARY_POINT_BUFFER_PROXY,4.399641958,PRELIMINARY_90M,0.0001722504521574369,0.7062441508450915,0.846481849,0.6931712882349484,0.302329379071553,distance_focus,DEGREE_LIMIT_3
714,ST016__ST025,16,ST016,물왕호수,25,ST025,목감동행정복지센터,3005.0,3.005,2.1381214943015445,0.193383798,0.119943446,0.161932073,0.0,PRELIMINARY_POINT_BUFFER_PROXY,2.924827881,PRELIMINARY_90M,0.22659546981310827,0.6656701539999965,0.193383798,0.4484771908761643,0.30966309377548085,distance_focus,DEGREE_LIMIT_3
1255,ST034__ST035,34,ST034,군자디지털과학고등학교,35,ST035,산들공원,462.0,0.462,1.4710642870065378,1.0,1.0,0.0,0.0,PRELIMINARY_POINT_BUFFER_PROXY,2.223041889,PRELIMINARY_90M,0.0075790198949272245,0.861622110363843,1.0,0.33204021585027504,0.31699475007656025,distance_focus,DEGREE_LIMIT_3
990,ST024__ST025,24,ST024,목감고등학교,25,ST025,목감동행정복지센터,1561.0,1.561,2.1480533485120725,0.815690328,0.815690328,0.023517001,0.0,PRELIMINARY_POINT_BUFFER_PROXY,2.460306204,PRELIMINARY_90M,0.10223064335543881,0.6627526137327,0.815690328,0.371405976117815,0.32024542488494984,distance_focus,DEGREE_LIMIT_3
1170,ST030__ST040,30,ST030,장곡도서관,40,ST040,갯골생태공원,1629.0,1.629,2.0,0.602351411,0.602351411,0.0,0.0,PRELIMINARY_POINT_BUFFER_PROXY,3.804091528,PRELIMINARY_90M,0.10808715872879167,0.7062441508450915,0.602351411,0.594360409512582,0.32057767046529695,distance_focus,DEGREE_LIMIT_3
468,ST010__ST028,10,ST010,은계호수공원,28,ST028,매화산업단지,3734.0,3.734,2.2597817465071626,0.156648005,0.156648005,0.0,0.0,PRELIMINARY_POINT_BUFFER_PROXY,2.499811713,PRELIMINARY_90M,0.289380759624494,0.6299317433049347,0.156648005,0.3779605412092454,0.32941147214136113,distance_focus,DEGREE_LIMIT_3
1296,ST036__ST037,36,ST036,시흥시립군자도서관,37,ST037,군자동행정복지센터,688.0,0.688,1.1969270521131194,1.0,1.0,0.0,0.0,PRELIMINARY_POINT_BUFFER_PROXY,1.574384084,PRELIMINARY_90M,0.027043320988717597,0.9421515265849377,1.0,0.22441801548989346,0.3299905231299606,distance_focus,DEGREE_LIMIT_3
1156,ST029__ST051,29,ST029,관곡공원,51,ST051,연성중학교,1708.0,1.708,1.9938381027991827,0.615090182,0.562700526,0.101110411,0.0,PRELIMINARY_POINT_BUFFER_PROXY,4.412486394,PRELIMINARY_90M,0.11489105158901042,0.7080542441897228,0.615090182,0.6953023756188551,0.3369365324437502,distance_focus,DEGREE_LIMIT_3
740,ST016__ST051,16,ST016,물왕호수,51,ST051,연성중학교,2736.0,2.736,1.9961566566608884,0.363459039,0.363459039,0.145100799,0.0,PRELIMINARY_POINT_BUFFER_PROXY,3.605438126,PRELIMINARY_90M,0.203427783997933,0.7073731554312661,0.363459039,0.5614007872471636,0.33882157828816606,distance_focus,DEGREE_LIMIT_3
83,ST002__ST031,2,ST002,월곶포구,31,ST031,마전저수지,4046.0,4.046,2.0820118152150395,0.187446944,0.187446944,0.0,0.0,PRELIMINARY_POINT_BUFFER_PROXY,2.023503983,PRELIMINARY_90M,0.3162518301610542,0.6821527004258621,0.187446944,0.29893384091191594,0.3500844288517034,distance_focus,DEGREE_LIMIT_3
1276,ST035__ST036,35,ST035,산들공원,36,ST036,시흥시립군자도서관,644.0,0.644,1.9726651165804354,1.0,1.0,0.0,0.0,PRELIMINARY_POINT_BUFFER_PROXY,5.075705136,PRELIMINARY_90M,0.023253811041253982,0.7142739327355561,1.0,0.8053404569987349,0.3516274222349593,distance_focus,DEGREE_LIMIT_3
431,ST009__ST036,9,ST009,능곡중앙공원,36,ST036,시흥시립군자도서관,4477.0,4.477,3.3255331202319405,0.336615531,0.336615531,0.073519269,0.0,PRELIMINARY_POINT_BUFFER_PROXY,3.161998942,PRELIMINARY_90M,0.35337180260098183,0.3168610435284025,0.336615531,0.4878274788860746,0.358827315628457,distance_focus,DEGREE_LIMIT_3
717,ST016__ST028,16,ST016,물왕호수,28,ST028,매화산업단지,5396.0,5.396,1.7354982539155246,0.101337798,0.101337798,0.0,0.0,PRELIMINARY_POINT_BUFFER_PROXY,5.198864531,PRELIMINARY_90M,0.4325208853673241,0.7839430858690926,0.101337798,0.8257744747239257,0.4748821112731509,distance_focus,DEGREE_LIMIT_3
1474,ST050__ST054,50,ST050,시흥한라3차아파트,54,ST054,시흥 프리미엄 아울렛,4969.0,4.969,4.404187534909858,0.286229319,0.286229319,0.0,0.0,PRELIMINARY_POINT_BUFFER_PROXY,1.464039357,PRELIMINARY_90M,0.3957454138317113,0.0,0.286229319,0.20611014618443493,0.1624817659263713,lane_focus,MST
1444,ST046__ST050,46,ST046,배곧1동행정복지센터,50,ST050,시흥한라3차아파트,2363.0,2.363,4.178737580648687,0.479447383,0.479447383,0.0,0.0,PRELIMINARY_POINT_BUFFER_PROXY,1.190735572,PRELIMINARY_90M,0.17130307467057102,0.06622724275592551,0.479447383,0.16076488943766587,0.16393298643937212,lane_focus,MST
209,ST004__ST054,4,ST004,배곧중심상가,54,ST054,시흥 프리미엄 아울렛,3518.0,3.518,3.9115620934849367,0.174673018,0.174673018,0.0,0.0,PRELIMINARY_POINT_BUFFER_PROXY,1.470188615,PRELIMINARY_90M,0.2707777107914908,0.14471160486108936,0.174673018,0.2071304016588043,0.18696422299429782,lane_focus,MST
202,ST004__ST047,4,ST004,배곧중심상가,47,ST047,배곧2동행정복지센터,2617.0,2.617,4.125555851408769,0.591916562,0.591916562,0.0,0.0,PRELIMINARY_POINT_BUFFER_PROXY,1.078170272,PRELIMINARY_90M,0.1931788820945655,0.08184968678832416,0.591916562,0.14208859328144147,0.19221590754594758,lane_focus,MST
1222,ST032__ST045,32,ST032,희망공원,45,ST045,시흥중앙도서관,3542.0,3.542,3.695161173181692,0.239589717,0.239589717,0.0,0.0,PRELIMINARY_POINT_BUFFER_PROXY,1.100349444,PRELIMINARY_90M,0.27284471621738005,0.20828064096267274,0.239589717,0.1457684554127718,0.22286680262695857,lane_focus,MST
175,ST004__ST020,4,ST004,배곧중심상가,20,ST020,시화공업단지[왼쪽부근],5086.0,5.086,4.0907536789867915,0.503240937,0.503240937,0.0,0.0,PRELIMINARY_POINT_BUFFER_PROXY,0.713569367,PRELIMINARY_90M,0.40582206528292136,0.09207302850057764,0.503240937,0.08159575507457452,0.23113774662847664,lane_focus,MST
160,ST004__ST005,4,ST004,배곧중심상가,5,ST005,배곧중·고등학교,2591.0,2.591,3.612965583991951,0.346284637,0.346284637,0.0,0.0,PRELIMINARY_POINT_BUFFER_PROXY,1.174987484,PRELIMINARY_90M,0.19093962621651883,0.23242607606189314,0.346284637,0.15815204200260122,0.2317058443353364,lane_focus,MST
1409,ST043__ST045,43,ST043,시흥종합버스터미널,45,ST045,시흥중앙도서관,671.0,0.671,3.1817228022763167,0.300402098,0.300402098,0.0,0.0,PRELIMINARY_POINT_BUFFER_PROXY,0.425583211,PRELIMINARY_90M,0.025579192145379383,0.35910616559669406,0.300402098,0.03381446955986759,0.23438964249067865,lane_focus,MST
1439,ST045__ST054,45,ST045,시흥중앙도서관,54,ST054,시흥 프리미엄 아울렛,6917.0,6.917,4.195062440228731,0.369304599,0.369304599,0.0,0.0,PRELIMINARY_POINT_BUFFER_PROXY,1.195975935,PRELIMINARY_90M,0.5635173542330548,0.06143171976765516,0.369304599,0.1616343454010411,0.2431543228321954,lane_focus,MST
149,ST003__ST045,3,ST003,배곧한울공원,45,ST045,시흥중앙도서관,4063.0,4.063,3.6462280998642367,0.303337094,0.303337094,0.0,0.0,PRELIMINARY_POINT_BUFFER_PROXY,0.708093583,PRELIMINARY_90M,0.31771595900439237,0.22265501746680116,0.303337094,0.08068723918493967,0.24432578650299264,lane_focus,MST
1244,ST033__ST045,33,ST033,타원산업단지,45,ST045,시흥중앙도서관,3637.0,3.637,3.4781306841531268,0.249273043,0.249273043,0.0,0.0,PRELIMINARY_POINT_BUFFER_PROXY,0.487234376,PRELIMINARY_90M,0.28102661269485835,0.2720346165597639,0.249273043,0.04404333596822129,0.2480692515004187,lane_focus,MST
56,ST002__ST004,2,ST002,월곶포구,4,ST004,배곧중심상가,3192.0,3.192,3.5458499603414118,0.332930014,0.332930014,0.0,0.0,PRELIMINARY_POINT_BUFFER_PROXY,1.198313388,PRELIMINARY_90M,0.24270088708982862,0.2521416830789185,0.332930014,0.16202216442234924,0.25288778185415134,lane_focus,MST
988,ST023__ST054,23,ST023,오이도역,54,ST054,시흥 프리미엄 아울렛,4175.0,4.175,3.62850171203835,0.340947009,0.340947009,0.0,0.0,PRELIMINARY_POINT_BUFFER_PROXY,1.34126926,PRELIMINARY_90M,0.32736198432520885,0.2278622475750438,0.340947009,0.18574071892132277,0.2654877431109564,lane_focus,MST
3,ST001__ST004,1,ST001,월곶역,4,ST004,배곧중심상가,4737.0,4.737,3.465738984511636,0.156110614,0.156110614,0.0,0.0,PRELIMINARY_POINT_BUFFER_PROXY,1.268327568,PRELIMINARY_90M,0.37576436138144864,0.2756747508104226,0.156110614,0.1736385822777203,0.2725589160783455,lane_focus,MST
947,ST022__ST045,22,ST022,오이도박물관,45,ST045,시흥중앙도서관,5639.0,5.639,3.6640196738093724,0.218388661,0.218388661,0.0,0.0,PRELIMINARY_POINT_BUFFER_PROXY,1.321126041,PRELIMINARY_90M,0.45344931530445265,0.21742863855474548,0.218388661,0.18239865237342848,0.2730748124908287,lane_focus,MST
166,ST004__ST011,4,ST004,배곧중심상가,11,ST011,배곧생명공원,2231.0,2.231,3.33315178950529,0.458588112,0.458588112,0.0,0.0,PRELIMINARY_POINT_BUFFER_PROXY,0.948297628,PRELIMINARY_90M,0.15993454482818018,0.3146230148665793,0.458588112,0.12054074539283013,0.2781374349796177,lane_focus,MST
784,ST018__ST020,18,ST018,정왕역,20,ST020,시화공업단지[왼쪽부근],1949.0,1.949,3.244027725944256,0.540858498,0.540858498,0.0,0.0,PRELIMINARY_POINT_BUFFER_PROXY,0.564911031,PRELIMINARY_90M,0.13564723107398158,0.34080372983808693,0.540858498,0.05693107502461671,0.29113555489000054,lane_focus,MST
123,ST003__ST019,3,ST003,배곧한울공원,19,ST019,시화병원,4589.0,4.589,3.3569912039784113,0.314662169,0.314662169,0.0,0.0,PRELIMINARY_POINT_BUFFER_PROXY,0.732725069,PRELIMINARY_90M,0.3630178279217983,0.30762004742467164,0.314662169,0.08477397752529763,0.30024120379531516,lane_focus,MST
1225,ST032__ST048,32,ST032,희망공원,48,ST048,정왕평생학습관 사거리,4339.0,4.339,3.4681877374468693,0.435644018,0.435644018,0.0,0.0,PRELIMINARY_POINT_BUFFER_PROXY,0.974972519,PRELIMINARY_90M,0.34148652140211866,0.2749554153125626,0.435644018,0.12496651571681991,0.300692592278493,lane_focus,MST
1226,ST032__ST049,32,ST032,희망공원,49,ST049,거북섬 웨이브파크 정문,4499.0,4.499,3.070219818149316,0.042639664,0.042639664,0.0,0.0,PRELIMINARY_POINT_BUFFER_PROXY,0.994963213,PRELIMINARY_90M,0.35526655757471365,0.3918608193822274,0.042639664,0.12828327604626832,0.3039713262894189,lane_focus,MST
1322,ST037__ST045,37,ST037,군자동행정복지센터,45,ST045,시흥중앙도서관,5556.0,5.556,3.4490973986733664,0.318446298,0.318446298,0.0,0.0,PRELIMINARY_POINT_BUFFER_PROXY,1.229092844,PRELIMINARY_90M,0.446300921539919,0.28056331398962786,0.318446298,0.16712894453827729,0.3163367265336214,lane_focus,MST
176,ST004__ST021,4,ST004,배곧중심상가,21,ST021,오이도 포구 해양관광 단지,6584.0,6.584,3.5923217288463887,0.225583256,0.147159552,0.078423704,0.0,PRELIMINARY_POINT_BUFFER_PROXY,2.150735805,PRELIMINARY_90M,0.5348376539488416,0.23849032926000868,0.225583256,0.3200435362458069,0.3187964201417955,lane_focus,MST
1421,ST044__ST046,44,ST044,경기과학기술대학교,46,ST046,배곧1동행정복지센터,6072.0,6.072,3.6617220145761413,0.526775367,0.526775367,0.0,0.0,PRELIMINARY_POINT_BUFFER_PROXY,0.891299477,PRELIMINARY_90M,0.49074153819653776,0.21810358939387187,0.526775367,0.111083884811166,0.321861872777187,lane_focus,MST
210,ST004__ST055,4,ST004,배곧중심상가,55,ST055,해양생태과학관,7399.0,7.399,3.484870986965943,0.130920651,0.130920651,0.0,0.0,PRELIMINARY_POINT_BUFFER_PROXY,1.632000824,PRELIMINARY_90M,0.6050297132029971,0.27005461318342383,0.130920651,0.23397750939961678,0.3293205834824229,lane_focus,MST
385,ST008__ST036,8,ST008,시흥능곡역,36,ST036,시흥시립군자도서관,4468.0,4.468,3.322939983305055,0.221339234,0.221339234,0.0,0.0,PRELIMINARY_POINT_BUFFER_PROXY,3.518784026,PRELIMINARY_90M,0.3525966755662734,0.3176227926683346,0.221339234,0.5470235534570783,0.33486380567144347,lane_focus,MST
208,ST004__ST053,4,ST004,배곧중심상가,53,ST053,오이도 빨강등대,6949.0,6.949,3.508561666430198,0.209323159,0.140219425,0.069103734,0.0,PRELIMINARY_POINT_BUFFER_PROXY,2.183795736,PRELIMINARY_90M,0.5662733614675739,0.263095337520345,0.209323159,0.3255286818658189,0.33706735116364783,lane_focus,MST
431,ST009__ST036,9,ST009,능곡중앙공원,36,ST036,시흥시립군자도서관,4477.0,4.477,3.3255331202319405,0.336615531,0.336615531,0.073519269,0.0,PRELIMINARY_POINT_BUFFER_PROXY,3.161998942,PRELIMINARY_90M,0.35337180260098183,0.3168610435284025,0.336615531,0.4878274788860746,0.3460485499530542,lane_focus,MST
1147,ST029__ST042,29,ST029,관곡공원,42,ST042,시흥시청역,2654.0,2.654,2.6841941622399865,0.0,0.0,0.0,0.0,PRELIMINARY_POINT_BUFFER_PROXY,2.927478894,PRELIMINARY_90M,0.19636551545947808,0.5052581137294531,0.0,0.44891703427285934,0.346612139156882,lane_focus,MST
1145,ST029__ST040,29,ST029,관곡공원,40,ST040,갯골생태공원,3173.0,3.173,2.6002442194967386,0.0,0.0,0.0,0.0,PRELIMINARY_POINT_BUFFER_PROXY,1.529257702,PRELIMINARY_90M,0.24106450779433297,0.5299189004465018,0.0,0.2169308620359346,0.3469186633754276,lane_focus,MST
1285,ST035__ST045,35,ST035,산들공원,45,ST045,시흥중앙도서관,6104.0,6.104,3.104005896090232,0.305870296,0.305870296,0.0,0.0,PRELIMINARY_POINT_BUFFER_PROXY,0.734142852,PRELIMINARY_90M,0.4934975454310568,0.38193596136707975,0.305870296,0.0850092092991503,0.36872383237121914,lane_focus,MST
466,ST010__ST026,10,ST010,은계호수공원,26,ST026,은계파크자이,1220.0,1.22,2.405341600576404,0.254629654,0.254629654,0.0,0.0,PRELIMINARY_POINT_BUFFER_PROXY,1.537591702,PRELIMINARY_90M,0.07286194126259582,0.5871726847699602,0.254629654,0.21831359945293588,0.3718276357459226,lane_focus,MST
454,ST010__ST014,10,ST010,은계호수공원,14,ST014,시흥대야역,1525.0,1.525,2.792670740390496,0.667821134,0.57752438,0.090296754,0.0,PRELIMINARY_POINT_BUFFER_PROXY,1.2539899,PRELIMINARY_90M,0.09913013521660495,0.47339248440143145,0.667821134,0.1712597449827669,0.37877792060314364,lane_focus,MST
1315,ST037__ST038,37,ST037,군자동행정복지센터,38,ST038,능곡도서관,4967.0,4.967,3.1386691135702853,0.330414356,0.316572403,0.018575574,0.0,PRELIMINARY_POINT_BUFFER_PROXY,3.271661112,PRELIMINARY_90M,0.3955731633795539,0.37175343848178544,0.330414356,0.5060221015988842,0.3849343736456696,lane_focus,MST
452,ST010__ST012,10,ST010,은계호수공원,12,ST012,신천역,2361.0,2.361,2.79221465563128,0.473443851,0.473443851,0.0,0.0,PRELIMINARY_POINT_BUFFER_PROXY,2.295026039,PRELIMINARY_90M,0.17113082421841358,0.4735264619671615,0.473443851,0.34398348170533055,0.38496086285871717,lane_focus,MST
386,ST008__ST037,8,ST008,시흥능곡역,37,ST037,군자동행정복지센터,4944.0,4.944,3.099278481155629,0.296311656,0.296311656,0.0,0.0,PRELIMINARY_POINT_BUFFER_PROXY,3.296729813,PRELIMINARY_90M,0.3935922831797434,0.3833246671555016,0.296311656,0.5101813805607653,0.3855252908287632,lane_focus,MST
1316,ST037__ST039,37,ST037,군자동행정복지센터,39,ST039,능곡힐스테이트,5065.0,5.065,3.1169406297195072,0.339516874,0.284687646,0.054829229,0.0,PRELIMINARY_POINT_BUFFER_PROXY,3.238108219,PRELIMINARY_90M,0.4040134355352683,0.3781363077062194,0.339516874,0.5004551660817568,0.39104456044510244,lane_focus,MST
795,ST018__ST031,18,ST018,정왕역,31,ST031,마전저수지,3945.0,3.945,2.958212084314256,0.124882541,0.124882541,0.0,0.0,PRELIMINARY_POINT_BUFFER_PROXY,5.337782322,PRELIMINARY_90M,0.3075531823271036,0.4247637463468624,0.124882541,0.8488230501382361,0.3928848549190307,lane_focus,MST
195,ST004__ST040,4,ST004,배곧중심상가,40,ST040,갯골생태공원,7040.0,7.04,2.9717888971519195,0.137297876,0.137297876,0.0,0.0,PRELIMINARY_POINT_BUFFER_PROXY,1.550786437,PRELIMINARY_90M,0.5741107570407372,0.4207754781629174,0.137297876,0.22050280677138037,0.39656039041878105,lane_focus,MST
1381,ST041__ST042,41,ST041,연꽃테마파크,42,ST042,시흥시청역,3357.0,3.357,2.4375560527901543,0.0,0.0,0.0,0.0,PRELIMINARY_POINT_BUFFER_PROXY,2.986825232,PRELIMINARY_90M,0.25691154939281713,0.5777095010048499,0.0,0.458763494809769,0.3989589873316061,lane_focus,MST
595,ST013__ST026,13,ST013,삼미시장,26,ST026,은계파크자이,1938.0,1.938,2.6326125397405407,0.511569918,0.511569918,0.0,0.0,PRELIMINARY_POINT_BUFFER_PROXY,2.070334106,PRELIMINARY_90M,0.13469985358711567,0.5204105170475657,0.511569918,0.3067036709232997,0.4012860767128917,lane_focus,MST
1265,ST034__ST045,34,ST034,군자디지털과학고등학교,45,ST045,시흥중앙도서관,6540.0,6.54,2.9933398472819306,0.352023517,0.352023517,0.0,0.0,PRELIMINARY_POINT_BUFFER_PROXY,0.836864495,PRELIMINARY_90M,0.531048144001378,0.4144447605073809,0.352023517,0.10205229296989038,0.402993173101024,lane_focus,MST
596,ST013__ST027,13,ST013,삼미시장,27,ST027,은행동행정복지센터,1561.0,1.561,2.6154869323133116,0.514819805,0.514819805,0.0,0.0,PRELIMINARY_POINT_BUFFER_PROXY,2.62974837,PRELIMINARY_90M,0.10223064335543881,0.525441264399645,0.514819805,0.3995190098286312,0.4054531647715453,lane_focus,MST
283,ST006__ST029,6,ST006,시흥시청 본청,29,ST029,관곡공원,3470.0,3.47,2.475229440723157,0.075912866,0.075912866,0.0,0.0,PRELIMINARY_POINT_BUFFER_PROXY,3.041565706,PRELIMINARY_90M,0.2666436999397123,0.5666427229420483,0.075912866,0.4678457724224623,0.4081537935981985,lane_focus,MST
1472,ST050__ST052,50,ST050,시흥한라3차아파트,52,ST052,가온그린공원,8779.0,8.779,3.3218078771929007,0.282979932,0.282979932,0.0,0.0,PRELIMINARY_POINT_BUFFER_PROXY,1.858796601,PRELIMINARY_90M,0.7238825251916287,0.317955355460644,0.282979932,0.271606379915069,0.40955593681973607,lane_focus,MST
168,ST004__ST013,4,ST004,배곧중심상가,13,ST013,삼미시장,10775.0,10.775,3.530128973927555,0.163406945,0.151516028,0.052506297,0.0,PRELIMINARY_POINT_BUFFER_PROXY,2.255483615,PRELIMINARY_90M,0.8957884764447507,0.2567598147924738,0.163406945,0.33742279185367113,0.41058034744279165,lane_focus,MST
172,ST004__ST017,4,ST004,배곧중심상가,17,ST017,장곡동,6764.0,6.764,2.942360541443412,0.206546328,0.206546328,0.0,0.0,PRELIMINARY_POINT_BUFFER_PROXY,1.909089561,PRELIMINARY_90M,0.550340194643011,0.42942022978330263,0.206546328,0.27995074727812974,0.41127218748021704,lane_focus,MST
1180,ST030__ST050,30,ST030,장곡도서관,50,ST050,시흥한라3차아파트,8490.0,8.49,3.1450030516165666,0.293887363,0.293887363,0.0,0.0,PRELIMINARY_POINT_BUFFER_PROXY,1.953099272,PRELIMINARY_90M,0.698992334854879,0.3698928071325055,0.293887363,0.2872526280210039,0.43250285453207293,lane_focus,MST
1403,ST042__ST051,42,ST042,시흥시청역,51,ST051,연성중학교,2072.0,2.072,2.5274345688921906,0.351208623,0.308075573,0.083245449,0.0,PRELIMINARY_POINT_BUFFER_PROXY,4.64619177,PRELIMINARY_90M,0.14624063388166395,0.551307161186513,0.351208623,0.7340776537505509,0.4383027978887276,lane_focus,MST
162,ST004__ST007,4,ST004,배곧중심상가,7,ST007,장현지구,7899.0,7.899,2.8650445619521356,0.183317918,0.183317918,0.0,0.0,PRELIMINARY_POINT_BUFFER_PROXY,1.69100406,PRELIMINARY_90M,0.6480923262423564,0.45213225099200605,0.183317918,0.2437670440938041,0.4399635991659725,lane_focus,MST
468,ST010__ST028,10,ST010,은계호수공원,28,ST028,매화산업단지,3734.0,3.734,2.2597817465071626,0.156648005,0.156648005,0.0,0.0,PRELIMINARY_POINT_BUFFER_PROXY,2.499811713,PRELIMINARY_90M,0.289380759624494,0.6299317433049347,0.156648005,0.3779605412092454,0.44860431642951537,lane_focus,MST
1023,ST025__ST028,25,ST025,목감동행정복지센터,28,ST028,매화산업단지,6878.0,6.878,2.8903708674922335,0.271201217,0.266520768,0.103849183,0.0,PRELIMINARY_POINT_BUFFER_PROXY,3.071832764,PRELIMINARY_90M,0.5601584704159849,0.44469250060211796,0.271201217,0.4728675379131207,0.4503528042463673,lane_focus,MST
714,ST016__ST025,16,ST016,물왕호수,25,ST025,목감동행정복지센터,3005.0,3.005,2.1381214943015445,0.193383798,0.119943446,0.161932073,0.0,PRELIMINARY_POINT_BUFFER_PROXY,2.924827881,PRELIMINARY_90M,0.22659546981310827,0.6656701539999965,0.193383798,0.4484771908761643,0.46333923324089177,lane_focus,MST
713,ST016__ST024,16,ST016,물왕호수,24,ST024,목감고등학교,3229.0,3.229,2.105914035609522,0.176923572,0.176923572,0.0,0.0,PRELIMINARY_POINT_BUFFER_PROXY,3.167384816,PRELIMINARY_90M,0.2458875204547412,0.6751312833771932,0.176923572,0.48872107733856496,0.4744481653361384,lane_focus,MST
666,ST015__ST016,15,ST015,목감택지개발예정지구,16,ST016,물왕호수,3107.0,3.107,2.1181705540136373,0.281664379,0.281664379,0.0,0.0,PRELIMINARY_POINT_BUFFER_PROXY,3.053159992,PRELIMINARY_90M,0.23538024287313755,0.6715308594057094,0.281664379,0.4697694408980579,0.4838370913609449,lane_focus,MST
1474,ST050__ST054,50,ST050,시흥한라3차아파트,54,ST054,시흥 프리미엄 아울렛,4969.0,4.969,4.404187534909858,0.286229319,0.286229319,0.0,0.0,PRELIMINARY_POINT_BUFFER_PROXY,1.464039357,PRELIMINARY_90M,0.3957454138317113,0.0,0.286229319,0.20611014618443493,0.1624817659263713,lane_focus,T2_SPANNER
1444,ST046__ST050,46,ST046,배곧1동행정복지센터,50,ST050,시흥한라3차아파트,2363.0,2.363,4.178737580648687,0.479447383,0.479447383,0.0,0.0,PRELIMINARY_POINT_BUFFER_PROXY,1.190735572,PRELIMINARY_90M,0.17130307467057102,0.06622724275592551,0.479447383,0.16076488943766587,0.16393298643937212,lane_focus,T2_SPANNER
209,ST004__ST054,4,ST004,배곧중심상가,54,ST054,시흥 프리미엄 아울렛,3518.0,3.518,3.9115620934849367,0.174673018,0.174673018,0.0,0.0,PRELIMINARY_POINT_BUFFER_PROXY,1.470188615,PRELIMINARY_90M,0.2707777107914908,0.14471160486108936,0.174673018,0.2071304016588043,0.18696422299429782,lane_focus,T2_SPANNER
202,ST004__ST047,4,ST004,배곧중심상가,47,ST047,배곧2동행정복지센터,2617.0,2.617,4.125555851408769,0.591916562,0.591916562,0.0,0.0,PRELIMINARY_POINT_BUFFER_PROXY,1.078170272,PRELIMINARY_90M,0.1931788820945655,0.08184968678832416,0.591916562,0.14208859328144147,0.19221590754594758,lane_focus,T2_SPANNER
1441,ST046__ST047,46,ST046,배곧1동행정복지센터,47,ST047,배곧2동행정복지센터,3069.0,3.069,4.129648039445814,0.60945262,0.60945262,0.0,0.0,PRELIMINARY_POINT_BUFFER_PROXY,1.115499419,PRELIMINARY_90M,0.23210748428214625,0.08064758261660032,0.60945262,0.14828206679975695,0.20459676205881241,lane_focus,T2_SPANNER
1222,ST032__ST045,32,ST032,희망공원,45,ST045,시흥중앙도서관,3542.0,3.542,3.695161173181692,0.239589717,0.239589717,0.0,0.0,PRELIMINARY_POINT_BUFFER_PROXY,1.100349444,PRELIMINARY_90M,0.27284471621738005,0.20828064096267274,0.239589717,0.1457684554127718,0.22286680262695857,lane_focus,T2_SPANNER
175,ST004__ST020,4,ST004,배곧중심상가,20,ST020,시화공업단지[왼쪽부근],5086.0,5.086,4.0907536789867915,0.503240937,0.503240937,0.0,0.0,PRELIMINARY_POINT_BUFFER_PROXY,0.713569367,PRELIMINARY_90M,0.40582206528292136,0.09207302850057764,0.503240937,0.08159575507457452,0.23113774662847664,lane_focus,T2_SPANNER
160,ST004__ST005,4,ST004,배곧중심상가,5,ST005,배곧중·고등학교,2591.0,2.591,3.612965583991951,0.346284637,0.346284637,0.0,0.0,PRELIMINARY_POINT_BUFFER_PROXY,1.174987484,PRELIMINARY_90M,0.19093962621651883,0.23242607606189314,0.346284637,0.15815204200260122,0.2317058443353364,lane_focus,T2_SPANNER
1409,ST043__ST045,43,ST043,시흥종합버스터미널,45,ST045,시흥중앙도서관,671.0,0.671,3.1817228022763167,0.300402098,0.300402098,0.0,0.0,PRELIMINARY_POINT_BUFFER_PROXY,0.425583211,PRELIMINARY_90M,0.025579192145379383,0.35910616559669406,0.300402098,0.03381446955986759,0.23438964249067865,lane_focus,T2_SPANNER
1439,ST045__ST054,45,ST045,시흥중앙도서관,54,ST054,시흥 프리미엄 아울렛,6917.0,6.917,4.195062440228731,0.369304599,0.369304599,0.0,0.0,PRELIMINARY_POINT_BUFFER_PROXY,1.195975935,PRELIMINARY_90M,0.5635173542330548,0.06143171976765516,0.369304599,0.1616343454010411,0.2431543228321954,lane_focus,T2_SPANNER
149,ST003__ST045,3,ST003,배곧한울공원,45,ST045,시흥중앙도서관,4063.0,4.063,3.6462280998642367,0.303337094,0.303337094,0.0,0.0,PRELIMINARY_POINT_BUFFER_PROXY,0.708093583,PRELIMINARY_90M,0.31771595900439237,0.22265501746680116,0.303337094,0.08068723918493967,0.24432578650299264,lane_focus,T2_SPANNER
1244,ST033__ST045,33,ST033,타원산업단지,45,ST045,시흥중앙도서관,3637.0,3.637,3.4781306841531268,0.249273043,0.249273043,0.0,0.0,PRELIMINARY_POINT_BUFFER_PROXY,0.487234376,PRELIMINARY_90M,0.28102661269485835,0.2720346165597639,0.249273043,0.04404333596822129,0.2480692515004187,lane_focus,T2_SPANNER
56,ST002__ST004,2,ST002,월곶포구,4,ST004,배곧중심상가,3192.0,3.192,3.5458499603414118,0.332930014,0.332930014,0.0,0.0,PRELIMINARY_POINT_BUFFER_PROXY,1.198313388,PRELIMINARY_90M,0.24270088708982862,0.2521416830789185,0.332930014,0.16202216442234924,0.25288778185415134,lane_focus,T2_SPANNER
250,ST005__ST045,5,ST005,배곧중·고등학교,45,ST045,시흥중앙도서관,4916.0,4.916,3.972125654970632,0.577746462,0.577746462,0.0,0.0,PRELIMINARY_POINT_BUFFER_PROXY,0.813962468,PRELIMINARY_90M,0.3911807768495392,0.1269207044290135,0.577746462,0.09825249819450357,0.2577427655463419,lane_focus,T2_SPANNER
1431,ST045__ST046,45,ST045,시흥중앙도서관,46,ST046,배곧1동행정복지센터,4713.0,4.713,3.902855407896959,0.537115466,0.537115466,0.0,0.0,PRELIMINARY_POINT_BUFFER_PROXY,0.879566094,PRELIMINARY_90M,0.37369735595555936,0.14726924467931057,0.537115466,0.10913713802665595,0.2585399950312107,lane_focus,T2_SPANNER
988,ST023__ST054,23,ST023,오이도역,54,ST054,시흥 프리미엄 아울렛,4175.0,4.175,3.62850171203835,0.340947009,0.340947009,0.0,0.0,PRELIMINARY_POINT_BUFFER_PROXY,1.34126926,PRELIMINARY_90M,0.32736198432520885,0.2278622475750438,0.340947009,0.18574071892132277,0.2654877431109564,lane_focus,T2_SPANNER
124,ST003__ST020,3,ST003,배곧한울공원,20,ST020,시화공업단지[왼쪽부근],5193.0,5.193,3.656428711169751,0.322906619,0.322906619,0.0,0.0,PRELIMINARY_POINT_BUFFER_PROXY,0.631602774,PRELIMINARY_90M,0.4150374644733442,0.21965852823085064,0.322906619,0.0679962500247527,0.2688242480862367,lane_focus,T2_SPANNER
3,ST001__ST004,1,ST001,월곶역,4,ST004,배곧중심상가,4737.0,4.737,3.465738984511636,0.156110614,0.156110614,0.0,0.0,PRELIMINARY_POINT_BUFFER_PROXY,1.268327568,PRELIMINARY_90M,0.37576436138144864,0.2756747508104226,0.156110614,0.1736385822777203,0.2725589160783455,lane_focus,T2_SPANNER
947,ST022__ST045,22,ST022,오이도박물관,45,ST045,시흥중앙도서관,5639.0,5.639,3.6640196738093724,0.218388661,0.218388661,0.0,0.0,PRELIMINARY_POINT_BUFFER_PROXY,1.321126041,PRELIMINARY_90M,0.45344931530445265,0.21742863855474548,0.218388661,0.18239865237342848,0.2730748124908287,lane_focus,T2_SPANNER
151,ST003__ST047,3,ST003,배곧한울공원,47,ST047,배곧2동행정복지센터,2142.0,2.142,2.998593533213879,0.082490603,0.082490603,0.0,0.0,PRELIMINARY_POINT_BUFFER_PROXY,1.45164868,PRELIMINARY_90M,0.15226939970717424,0.41290145953524826,0.082490603,0.20405434432339853,0.27729710457675755,lane_focus,T2_SPANNER
166,ST004__ST011,4,ST004,배곧중심상가,11,ST011,배곧생명공원,2231.0,2.231,3.33315178950529,0.458588112,0.458588112,0.0,0.0,PRELIMINARY_POINT_BUFFER_PROXY,0.948297628,PRELIMINARY_90M,0.15993454482818018,0.3146230148665793,0.458588112,0.12054074539283013,0.2781374349796177,lane_focus,T2_SPANNER
1411,ST043__ST047,43,ST043,시흥종합버스터미널,47,ST047,배곧2동행정복지센터,3278.0,3.278,3.627036078528638,0.64859462,0.64859462,0.0,0.0,PRELIMINARY_POINT_BUFFER_PROXY,0.612741743,PRELIMINARY_90M,0.2501076565325984,0.22829278599123903,0.64859462,0.06486691797688598,0.2804491919264577,lane_focus,T2_SPANNER
981,ST023__ST047,23,ST023,오이도역,47,ST047,배곧2동행정복지센터,3445.0,3.445,3.720252557069112,0.68437309,0.68437309,0.0,0.0,PRELIMINARY_POINT_BUFFER_PROXY,1.070800265,PRELIMINARY_90M,0.2644905692877444,0.20090990018235189,0.68437309,0.14086579697205084,0.2833201356103171,lane_focus,T2_SPANNER
949,ST022__ST047,22,ST022,오이도박물관,47,ST047,배곧2동행정복지센터,4352.0,4.352,3.2556383357386656,0.040564469,0.040564469,0.0,0.0,PRELIMINARY_POINT_BUFFER_PROXY,1.850197274,PRELIMINARY_90M,0.34260614934114203,0.3373930452987237,0.040564469,0.2701796207113337,0.28745069240578075,lane_focus,T2_SPANNER
952,ST022__ST050,22,ST022,오이도박물관,50,ST050,시흥한라3차아파트,4574.0,4.574,3.4123151124351194,0.205257775,0.205257775,0.0,0.0,PRELIMINARY_POINT_BUFFER_PROXY,1.596050461,PRELIMINARY_90M,0.36172594953061754,0.291368325717403,0.205257775,0.22801279712761313,0.2897055962041172,lane_focus,T2_SPANNER
784,ST018__ST020,18,ST018,정왕역,20,ST020,시화공업단지[왼쪽부근],1949.0,1.949,3.244027725944256,0.540858498,0.540858498,0.0,0.0,PRELIMINARY_POINT_BUFFER_PROXY,0.564911031,PRELIMINARY_90M,0.13564723107398158,0.34080372983808693,0.540858498,0.05693107502461671,0.29113555489000054,lane_focus,T2_SPANNER
1414,ST043__ST050,43,ST043,시흥종합버스터미널,50,ST050,시흥한라3차아파트,3480.0,3.48,3.582820694081797,0.668947502,0.668947502,0.0,0.0,PRELIMINARY_POINT_BUFFER_PROXY,0.615837167,PRELIMINARY_90M,0.2675049522004995,0.24128131379513162,0.668947502,0.06538049592100452,0.29439706983979114,lane_focus,T2_SPANNER
228,ST005__ST023,5,ST005,배곧중·고등학교,23,ST023,오이도역,2833.0,2.833,3.4219570564133965,0.577933199,0.577933199,0.0,0.0,PRELIMINARY_POINT_BUFFER_PROXY,0.880019596,PRELIMINARY_90M,0.2117819309275687,0.28853594827656015,0.577933199,0.10921238090931554,0.2948246748111038,lane_focus,T2_SPANNER
102,ST002__ST050,2,ST002,월곶포구,50,ST050,시흥한라3차아파트,4747.0,4.747,3.523226276440958,0.399957822,0.399957822,0.0,0.0,PRELIMINARY_POINT_BUFFER_PROXY,1.080085862,PRELIMINARY_90M,0.3766256136422358,0.25878752255410853,0.399957822,0.14240641881163507,0.29778447986877676,lane_focus,T2_SPANNER
187,ST004__ST032,4,ST004,배곧중심상가,32,ST032,희망공원,5657.0,5.657,3.382880136450011,0.171375946,0.171375946,0.0,0.0,PRELIMINARY_POINT_BUFFER_PROXY,0.759506429,PRELIMINARY_90M,0.4549995693738696,0.30001502208276287,0.171375946,0.08921741267650729,0.29838553655249955,lane_focus,T2_SPANNER
123,ST003__ST019,3,ST003,배곧한울공원,19,ST019,시화병원,4589.0,4.589,3.3569912039784113,0.314662169,0.314662169,0.0,0.0,PRELIMINARY_POINT_BUFFER_PROXY,0.732725069,PRELIMINARY_90M,0.3630178279217983,0.30762004742467164,0.314662169,0.08477397752529763,0.30024120379531516,lane_focus,T2_SPANNER
1225,ST032__ST048,32,ST032,희망공원,48,ST048,정왕평생학습관 사거리,4339.0,4.339,3.4681877374468693,0.435644018,0.435644018,0.0,0.0,PRELIMINARY_POINT_BUFFER_PROXY,0.974972519,PRELIMINARY_90M,0.34148652140211866,0.2749554153125626,0.435644018,0.12496651571681991,0.300692592278493,lane_focus,T2_SPANNER
534,ST011__ST050,11,ST011,배곧생명공원,50,ST050,시흥한라3차아파트,995.0,0.995,2.969355785245408,0.47264275,0.47264275,0.0,0.0,PRELIMINARY_POINT_BUFFER_PROXY,0.56995669,PRELIMINARY_90M,0.05348376539488416,0.4214902190171036,0.47264275,0.057768226631615675,0.3007892860204344,lane_focus,T2_SPANNER
1226,ST032__ST049,32,ST032,희망공원,49,ST049,거북섬 웨이브파크 정문,4499.0,4.499,3.070219818149316,0.042639664,0.042639664,0.0,0.0,PRELIMINARY_POINT_BUFFER_PROXY,0.994963213,PRELIMINARY_90M,0.35526655757471365,0.3918608193822274,0.042639664,0.12828327604626832,0.3039713262894189,lane_focus,T2_SPANNER
1227,ST032__ST050,32,ST032,희망공원,50,ST050,시흥한라3차아파트,4271.0,4.271,3.200955888599408,0.219882908,0.219882908,0.0,0.0,PRELIMINARY_POINT_BUFFER_PROXY,1.156929234,PRELIMINARY_90M,0.3356300060287658,0.35345633399198484,0.219882908,0.15515590353841074,0.309133695057025,lane_focus,T2_SPANNER
811,ST018__ST047,18,ST018,정왕역,47,ST047,배곧2동행정복지센터,3541.0,3.541,3.5135420511635806,0.71603201,0.71603201,0.0,0.0,PRELIMINARY_POINT_BUFFER_PROXY,0.696535188,PRELIMINARY_90M,0.27275859099130134,0.26163232037387196,0.71603201,0.07876952557239102,0.31428756199200036,lane_focus,T2_SPANNER
152,ST003__ST048,3,ST003,배곧한울공원,48,ST048,정왕평생학습관 사거리,4872.0,4.872,3.339952815767692,0.354358738,0.354358738,0.0,0.0,PRELIMINARY_POINT_BUFFER_PROXY,0.713851516,PRELIMINARY_90M,0.3873912669020756,0.3126251736217426,0.354358738,0.08164256788708586,0.31447847102509874,lane_focus,T2_SPANNER
529,ST011__ST045,11,ST011,배곧생명공원,45,ST045,시흥중앙도서관,3828.0,3.828,3.480147122134749,0.661181158,0.661181158,0.0,0.0,PRELIMINARY_POINT_BUFFER_PROXY,0.647151976,PRELIMINARY_90M,0.29747653087589354,0.27144227610820426,0.661181158,0.07057609924600432,0.31632505439767594,lane_focus,T2_SPANNER
1322,ST037__ST045,37,ST037,군자동행정복지센터,45,ST045,시흥중앙도서관,5556.0,5.556,3.4490973986733664,0.318446298,0.318446298,0.0,0.0,PRELIMINARY_POINT_BUFFER_PROXY,1.229092844,PRELIMINARY_90M,0.446300921539919,0.28056331398962786,0.318446298,0.16712894453827729,0.3163367265336214,lane_focus,T2_SPANNER
1412,ST043__ST048,43,ST043,시흥종합버스터미널,48,ST048,정왕평생학습관 사거리,1307.0,1.307,3.0428754779308687,0.59325425,0.59325425,0.0,0.0,PRELIMINARY_POINT_BUFFER_PROXY,0.728620186,PRELIMINARY_90M,0.08035483593144432,0.3998933792626782,0.59325425,0.08409291497232037,0.3174328276114322,lane_focus,T2_SPANNER
966,ST023__ST032,23,ST023,오이도역,32,ST032,희망공원,4753.0,4.753,3.3059758975034406,0.337259679,0.337259679,0.0,0.0,PRELIMINARY_POINT_BUFFER_PROXY,0.950310486,PRELIMINARY_90M,0.3771423649987081,0.32260609209812463,0.337259679,0.12087470916433367,0.31826506006517274,lane_focus,T2_SPANNER
176,ST004__ST021,4,ST004,배곧중심상가,21,ST021,오이도 포구 해양관광 단지,6584.0,6.584,3.5923217288463887,0.225583256,0.147159552,0.078423704,0.0,PRELIMINARY_POINT_BUFFER_PROXY,2.150735805,PRELIMINARY_90M,0.5348376539488416,0.23849032926000868,0.225583256,0.3200435362458069,0.3187964201417955,lane_focus,T2_SPANNER
188,ST004__ST033,4,ST004,배곧중심상가,33,ST033,타원산업단지,6860.0,6.86,3.5719657412189014,0.329150295,0.329150295,0.0,0.0,PRELIMINARY_POINT_BUFFER_PROXY,0.846409732,PRELIMINARY_90M,0.5586082163465679,0.24447001969090798,0.329150295,0.10363599303637046,0.321623207485733,lane_focus,T2_SPANNER
1421,ST044__ST046,44,ST044,경기과학기술대학교,46,ST046,배곧1동행정복지센터,6072.0,6.072,3.6617220145761413,0.526775367,0.526775367,0.0,0.0,PRELIMINARY_POINT_BUFFER_PROXY,0.891299477,PRELIMINARY_90M,0.49074153819653776,0.21810358939387187,0.526775367,0.111083884811166,0.321861872777187,lane_focus,T2_SPANNER
148,ST003__ST044,3,ST003,배곧한울공원,44,ST044,경기과학기술대학교,4512.0,4.512,3.1706580906619517,0.229161108,0.229161108,0.0,0.0,PRELIMINARY_POINT_BUFFER_PROXY,1.318416395,PRELIMINARY_90M,0.35638618551373696,0.3623564893526261,0.229161108,0.18194908086982542,0.3228438653417298,lane_focus,T2_SPANNER
210,ST004__ST055,4,ST004,배곧중심상가,55,ST055,해양생태과학관,7399.0,7.399,3.484870986965943,0.130920651,0.130920651,0.0,0.0,PRELIMINARY_POINT_BUFFER_PROXY,1.632000824,PRELIMINARY_90M,0.6050297132029971,0.27005461318342383,0.130920651,0.23397750939961678,0.3293205834824229,lane_focus,T2_SPANNER
75,ST002__ST023,2,ST002,월곶포구,23,ST023,오이도역,4306.0,4.306,3.2745199097294737,0.435659498,0.435659498,0.0,0.0,PRELIMINARY_POINT_BUFFER_PROXY,1.096657756,PRELIMINARY_90M,0.338644388941521,0.33184647249767263,0.435659498,0.14515594819780964,0.3304488530039975,lane_focus,T2_SPANNER
950,ST022__ST048,22,ST022,오이도박물관,48,ST048,정왕평생학습관 사거리,6448.0,6.448,3.430556160293327,0.267540036,0.267540036,0.0,0.0,PRELIMINARY_POINT_BUFFER_PROXY,1.248461824,PRELIMINARY_90M,0.5231246232021359,0.28600991121433983,0.267540036,0.17034255305461393,0.3309513721131653,lane_focus,T2_SPANNER
159,ST003__ST055,3,ST003,배곧한울공원,55,ST055,해양생태과학관,4683.0,4.683,2.979187730277081,0.0,0.0,0.0,0.0,PRELIMINARY_POINT_BUFFER_PROXY,2.085033623,PRELIMINARY_90M,0.3711135991731978,0.41860202765548005,0.0,0.30914254447354533,0.332993668068394,lane_focus,T2_SPANNER
385,ST008__ST036,8,ST008,시흥능곡역,36,ST036,시흥시립군자도서관,4468.0,4.468,3.322939983305055,0.221339234,0.221339234,0.0,0.0,PRELIMINARY_POINT_BUFFER_PROXY,3.518784026,PRELIMINARY_90M,0.3525966755662734,0.3176227926683346,0.221339234,0.5470235534570783,0.33486380567144347,lane_focus,T2_SPANNER
249,ST005__ST044,5,ST005,배곧중·고등학교,44,ST044,경기과학기술대학교,6221.0,6.221,3.664836525033137,0.595199119,0.595199119,0.0,0.0,PRELIMINARY_POINT_BUFFER_PROXY,0.980490573,PRELIMINARY_90M,0.5035741968822668,0.2171886837298752,0.595199119,0.12588204484266988,0.3363559634197713,lane_focus,T2_SPANNER
208,ST004__ST053,4,ST004,배곧중심상가,53,ST053,오이도 빨강등대,6949.0,6.949,3.508561666430198,0.209323159,0.140219425,0.069103734,0.0,PRELIMINARY_POINT_BUFFER_PROXY,2.183795736,PRELIMINARY_90M,0.5662733614675739,0.263095337520345,0.209323159,0.3255286818658189,0.33706735116364783,lane_focus,T2_SPANNER
1449,ST046__ST055,46,ST046,배곧1동행정복지센터,55,ST055,해양생태과학관,7851.0,7.851,3.5232407663534175,0.164232235,0.164232235,0.0,0.0,PRELIMINARY_POINT_BUFFER_PROXY,1.618401666,PRELIMINARY_90M,0.6439583153905779,0.25878326605756985,0.164232235,0.23172120215143918,0.3381881673415733,lane_focus,T2_SPANNER
22,ST001__ST023,1,ST001,월곶역,23,ST023,오이도역,5851.0,5.851,3.2813856216322828,0.265377551,0.265377551,0.0,0.0,PRELIMINARY_POINT_BUFFER_PROXY,1.177724274,PRELIMINARY_90M,0.471707863233141,0.3298296294676101,0.265377551,0.1586061171088497,0.3385090249029753,lane_focus,T2_SPANNER
854,ST019__ST054,19,ST019,시화병원,54,ST054,시흥 프리미엄 아울렛,5839.0,5.839,3.449473355080724,0.447329658,0.447329658,0.0,0.0,PRELIMINARY_POINT_BUFFER_PROXY,1.073292342,PRELIMINARY_90M,0.47067436052019634,0.28045287459593926,0.447329658,0.141279270467845,0.33912240317480324,lane_focus,T2_SPANNER
125,ST003__ST021,3,ST003,배곧한울공원,21,ST021,오이도 포구 해양관광 단지,3868.0,3.868,3.0553772480821526,0.133587529,0.0,0.133587529,0.0,PRELIMINARY_POINT_BUFFER_PROXY,3.056247109,PRELIMINARY_90M,0.3009215399190423,0.39622091115594826,0.133587529,0.47028164058447025,0.3404071339661817,lane_focus,T2_SPANNER
1248,ST033__ST049,33,ST033,타원산업단지,49,ST049,거북섬 웨이브파크 정문,6473.0,6.473,3.047600158788452,0.029639496,0.029639496,0.0,0.0,PRELIMINARY_POINT_BUFFER_PROXY,0.648130457,PRELIMINARY_90M,0.5252777538541039,0.39850547662537295,0.029639496,0.07073844413327633,0.3420919455895401,lane_focus,T2_SPANNER
872,ST020__ST037,20,ST020,시화공업단지[왼쪽부근],37,ST037,군자동행정복지센터,5501.0,5.501,3.257775175996918,0.311230757,0.311230757,0.0,0.0,PRELIMINARY_POINT_BUFFER_PROXY,1.3216431,PRELIMINARY_90M,0.44156403410558953,0.33676533597415237,0.311230757,0.18248444032952366,0.34370673409642594,lane_focus,T2_SPANNER
809,ST018__ST045,18,ST018,정왕역,45,ST045,시흥중앙도서관,934.0,0.934,2.8758540739318326,0.653957282,0.653957282,0.0,0.0,PRELIMINARY_POINT_BUFFER_PROXY,0.795146929,PRELIMINARY_90M,0.04823012660408234,0.4489568936214601,0.653957282,0.09513071396168056,0.3441426421579187,lane_focus,T2_SPANNER
1447,ST046__ST053,46,ST046,배곧1동행정복지센터,53,ST053,오이도 빨강등대,7401.0,7.401,3.5478278014585065,0.239891327,0.174995367,0.06489596,0.0,PRELIMINARY_POINT_BUFFER_PROXY,2.131583779,PRELIMINARY_90M,0.6052019636551546,0.2515606806820728,0.239891327,0.3168659236994208,0.34475112267476715,lane_focus,T2_SPANNER
1321,ST037__ST044,37,ST037,군자동행정복지센터,44,ST044,경기과학기술대학교,5482.0,5.482,3.2920678770932374,0.355555321,0.355555321,0.0,0.0,PRELIMINARY_POINT_BUFFER_PROXY,1.34534686,PRELIMINARY_90M,0.4399276548100939,0.32669165444378767,0.355555321,0.18641725480943946,0.34530276455536124,lane_focus,T2_SPANNER
431,ST009__ST036,9,ST009,능곡중앙공원,36,ST036,시흥시립군자도서관,4477.0,4.477,3.3255331202319405,0.336615531,0.336615531,0.073519269,0.0,PRELIMINARY_POINT_BUFFER_PROXY,3.161998942,PRELIMINARY_90M,0.35337180260098183,0.3168610435284025,0.336615531,0.4878274788860746,0.3460485499530542,lane_focus,T2_SPANNER
1147,ST029__ST042,29,ST029,관곡공원,42,ST042,시흥시청역,2654.0,2.654,2.6841941622399865,0.0,0.0,0.0,0.0,PRELIMINARY_POINT_BUFFER_PROXY,2.927478894,PRELIMINARY_90M,0.19636551545947808,0.5052581137294531,0.0,0.44891703427285934,0.346612139156882,lane_focus,T2_SPANNER
1145,ST029__ST040,29,ST029,관곡공원,40,ST040,갯골생태공원,3173.0,3.173,2.6002442194967386,0.0,0.0,0.0,0.0,PRELIMINARY_POINT_BUFFER_PROXY,1.529257702,PRELIMINARY_90M,0.24106450779433297,0.5299189004465018,0.0,0.2169308620359346,0.3469186633754276,lane_focus,T2_SPANNER
1325,ST037__ST048,37,ST037,군자동행정복지센터,48,ST048,정왕평생학습관 사거리,6192.0,6.192,3.3922692548148268,0.37843312,0.37843312,0.0,0.0,PRELIMINARY_POINT_BUFFER_PROXY,1.209430181,PRELIMINARY_90M,0.501076565325984,0.2972569136446904,0.37843312,0.1638666095433185,0.347049227108173,lane_focus,T2_SPANNER
153,ST003__ST049,3,ST003,배곧한울공원,49,ST049,거북섬 웨이브파크 정문,5138.0,5.138,2.9650251146495297,0.037330956,0.037330956,0.0,0.0,PRELIMINARY_POINT_BUFFER_PROXY,1.978649013,PRELIMINARY_90M,0.41030057703901474,0.422762378835406,0.037330956,0.29149171883878544,0.34870514896133525,lane_focus,T2_SPANNER
1443,ST046__ST049,46,ST046,배곧1동행정복지센터,49,ST049,거북섬 웨이브파크 정문,8306.0,8.306,3.48477898206516,0.178349401,0.178349401,0.0,0.0,PRELIMINARY_POINT_BUFFER_PROXY,1.578347877,PRELIMINARY_90M,0.6831452932563948,0.27008164016117986,0.178349401,0.22507566906492915,0.35508712045118157,lane_focus,T2_SPANNER
837,ST019__ST037,19,ST019,시화병원,37,ST037,군자동행정복지센터,6481.0,6.481,3.3637250258662945,0.35991361,0.35991361,0.0,0.0,PRELIMINARY_POINT_BUFFER_PROXY,1.238705103,PRELIMINARY_90M,0.5259667556627337,0.30564194785793863,0.35991361,0.1687237645744193,0.35517208080209467,lane_focus,T2_SPANNER
528,ST011__ST044,11,ST011,배곧생명공원,44,ST044,경기과학기술대학교,5146.0,5.146,3.3457596833523393,0.601030682,0.601030682,0.0,0.0,PRELIMINARY_POINT_BUFFER_PROXY,0.799644313,PRELIMINARY_90M,0.4109895788476445,0.3109193723034843,0.601030682,0.09587689840317601,0.3579493730039709,lane_focus,T2_SPANNER
1247,ST033__ST048,33,ST033,타원산업단지,48,ST048,정왕평생학습관 사거리,3608.0,3.608,2.731241808577759,0.220485387,0.220485387,0.0,0.0,PRELIMINARY_POINT_BUFFER_PROXY,0.925063471,PRELIMINARY_90M,0.2785289811385755,0.49143759242876095,0.220485387,0.11668584519647998,0.36009243406867236,lane_focus,T2_SPANNER
892,ST021__ST023,21,ST021,오이도 포구 해양관광 단지,23,ST023,오이도역,5955.0,5.955,3.15826320833615,0.311273482,0.30019066,0.045338256,0.0,PRELIMINARY_POINT_BUFFER_PROXY,0.862008045,PRELIMINARY_90M,0.4806648867453277,0.36599755853541716,0.311273482,0.10622399051983547,0.36047842230602406,lane_focus,T2_SPANNER
507,ST011__ST023,11,ST011,배곧생명공원,23,ST023,오이도역,1921.0,1.921,2.767167983295987,0.54035387,0.54035387,0.0,0.0,PRELIMINARY_POINT_BUFFER_PROXY,0.683327862,PRELIMINARY_90M,0.13323572474377746,0.4808840684675202,0.54035387,0.0765782292154515,0.3624618688412496,lane_focus,T2_SPANNER
833,ST019__ST033,19,ST019,시화병원,33,ST033,타원산업단지,3836.0,3.836,2.7436795030655845,0.224557843,0.224557843,0.0,0.0,PRELIMINARY_POINT_BUFFER_PROXY,0.855941648,PRELIMINARY_90M,0.2981655326845233,0.48778394692296034,0.224557843,0.10521748294624725,0.36263878137723565,lane_focus,T2_SPANNER
808,ST018__ST044,18,ST018,정왕역,44,ST044,경기과학기술대학교,2142.0,2.142,2.829382375187232,0.547101756,0.547101756,0.0,0.0,PRELIMINARY_POINT_BUFFER_PROXY,1.086960451,PRELIMINARY_90M,0.15226939970717424,0.4626082269478513,0.547101756,0.14354701773613776,0.36579142857433294,lane_focus,T2_SPANNER
1419,ST043__ST055,43,ST043,시흥종합버스터미널,55,ST055,해양생태과학관,8039.0,8.039,3.364264252340225,0.190440676,0.190440676,0.0,0.0,PRELIMINARY_POINT_BUFFER_PROXY,1.405590741,PRELIMINARY_90M,0.660149857893377,0.30548354692720237,0.190440676,0.19641263138780188,0.36598660247572556,lane_focus,T2_SPANNER
1285,ST035__ST045,35,ST035,산들공원,45,ST045,시흥중앙도서관,6104.0,6.104,3.104005896090232,0.305870296,0.305870296,0.0,0.0,PRELIMINARY_POINT_BUFFER_PROXY,0.734142852,PRELIMINARY_90M,0.4934975454310568,0.38193596136707975,0.305870296,0.0850092092991503,0.36872383237121914,lane_focus,T2_SPANNER
253,ST005__ST048,5,ST005,배곧중·고등학교,48,ST048,정왕평생학습관 사거리,4349.0,4.349,3.274669870265716,0.728667958,0.728667958,0.0,0.0,PRELIMINARY_POINT_BUFFER_PROXY,0.703370048,PRELIMINARY_90M,0.34234777366290586,0.331802420713009,0.728667958,0.07990353285124455,0.3687787007573554,lane_focus,T2_SPANNER
466,ST010__ST026,10,ST010,은계호수공원,26,ST026,은계파크자이,1220.0,1.22,2.405341600576404,0.254629654,0.254629654,0.0,0.0,PRELIMINARY_POINT_BUFFER_PROXY,1.537591702,PRELIMINARY_90M,0.07286194126259582,0.5871726847699602,0.254629654,0.21831359945293588,0.3718276357459226,lane_focus,T2_SPANNER
1417,ST043__ST053,43,ST043,시흥종합버스터미널,53,ST053,오이도 빨강등대,7589.0,7.589,3.378798061680354,0.265817152,0.202500566,0.063316586,0.0,PRELIMINARY_POINT_BUFFER_PROXY,1.906364925,PRELIMINARY_90M,0.6213935061579536,0.3012141554230373,0.265817152,0.27949868870542655,0.37377789592154975,lane_focus,T2_SPANNER
989,ST023__ST055,23,ST023,오이도역,55,ST055,해양생태과학관,8227.0,8.227,3.3796219383463817,0.216054457,0.216054457,0.0,0.0,PRELIMINARY_POINT_BUFFER_PROXY,1.566590717,PRELIMINARY_90M,0.6763414003961761,0.3009721368334094,0.216054457,0.22312497731430872,0.37429208479717957,lane_focus,T2_SPANNER
1324,ST037__ST047,37,ST037,군자동행정복지센터,47,ST047,배곧2동행정복지센터,8163.0,8.163,3.5424936882987414,0.452447186,0.452447186,0.0,0.0,PRELIMINARY_POINT_BUFFER_PROXY,1.047777503,PRELIMINARY_90M,0.670829385927138,0.25312760762280806,0.452447186,0.13704597042296096,0.3758428252354846,lane_focus,T2_SPANNER
785,ST018__ST021,18,ST018,정왕역,21,ST021,오이도 포구 해양관광 단지,7487.0,7.487,3.4012024390536584,0.328131644,0.259105734,0.06902591,0.0,PRELIMINARY_POINT_BUFFER_PROXY,1.85716378,PRELIMINARY_90M,0.6126087330979244,0.29463273852295524,0.328131644,0.2713354700648211,0.37682184614244085,lane_focus,T2_SPANNER
454,ST010__ST014,10,ST010,은계호수공원,14,ST014,시흥대야역,1525.0,1.525,2.792670740390496,0.667821134,0.57752438,0.090296754,0.0,PRELIMINARY_POINT_BUFFER_PROXY,1.2539899,PRELIMINARY_90M,0.09913013521660495,0.47339248440143145,0.667821134,0.1712597449827669,0.37877792060314364,lane_focus,T2_SPANNER
533,ST011__ST049,11,ST011,배곧생명공원,49,ST049,거북섬 웨이브파크 정문,7867.0,7.867,3.231375254896857,0.159105909,0.159105909,0.0,0.0,PRELIMINARY_POINT_BUFFER_PROXY,1.540417714,PRELIMINARY_90M,0.6453363190078374,0.34452046721452345,0.159105909,0.21878247784665972,0.379338447493887,lane_focus,T2_SPANNER
987,ST023__ST053,23,ST023,오이도역,53,ST053,오이도 빨강등대,7777.0,7.777,3.394685268486207,0.291043366,0.22930015,0.061743216,0.0,PRELIMINARY_POINT_BUFFER_PROXY,2.063935872,PRELIMINARY_90M,0.6375850486607527,0.2965471954970843,0.291043366,0.30564210654190666,0.381890575467921,lane_focus,T2_SPANNER
819,ST018__ST055,18,ST018,정왕역,55,ST055,해양생태과학관,8302.0,8.302,3.3241718335944097,0.233602738,0.233602738,0.0,0.0,PRELIMINARY_POINT_BUFFER_PROXY,1.413734722,PRELIMINARY_90M,0.6828007923520799,0.3172609294405535,0.233602738,0.19776384176121772,0.38414745768441844,lane_focus,T2_SPANNER
1408,ST043__ST044,43,ST043,시흥종합버스터미널,44,ST044,경기과학기술대학교,734.0,0.734,2.289035195013716,0.336285385,0.336285385,0.0,0.0,PRELIMINARY_POINT_BUFFER_PROXY,1.176164054,PRELIMINARY_90M,0.031005081388338643,0.6213383716981828,0.336285385,0.15834725286925844,0.38469798923310194,lane_focus,T2_SPANNER
1315,ST037__ST038,37,ST037,군자동행정복지센터,38,ST038,능곡도서관,4967.0,4.967,3.1386691135702853,0.330414356,0.316572403,0.018575574,0.0,PRELIMINARY_POINT_BUFFER_PROXY,3.271661112,PRELIMINARY_90M,0.3955731633795539,0.37175343848178544,0.330414356,0.5060221015988842,0.3849343736456696,lane_focus,T2_SPANNER
452,ST010__ST012,10,ST010,은계호수공원,12,ST012,신천역,2361.0,2.361,2.79221465563128,0.473443851,0.473443851,0.0,0.0,PRELIMINARY_POINT_BUFFER_PROXY,2.295026039,PRELIMINARY_90M,0.17113082421841358,0.4735264619671615,0.473443851,0.34398348170533055,0.38496086285871717,lane_focus,T2_SPANNER
386,ST008__ST037,8,ST008,시흥능곡역,37,ST037,군자동행정복지센터,4944.0,4.944,3.099278481155629,0.296311656,0.296311656,0.0,0.0,PRELIMINARY_POINT_BUFFER_PROXY,3.296729813,PRELIMINARY_90M,0.3935922831797434,0.3833246671555016,0.296311656,0.5101813805607653,0.3855252908287632,lane_focus,T2_SPANNER
503,ST011__ST019,11,ST011,배곧생명공원,19,ST019,시화병원,3341.0,3.341,2.884602014738478,0.626739114,0.626739114,0.0,0.0,PRELIMINARY_POINT_BUFFER_PROXY,0.783434433,PRELIMINARY_90M,0.25553354577555765,0.446387134841447,0.626739114,0.09318743264830431,0.39040656422944336,lane_focus,T2_SPANNER
1316,ST037__ST039,37,ST037,군자동행정복지센터,39,ST039,능곡힐스테이트,5065.0,5.065,3.1169406297195072,0.339516874,0.284687646,0.054829229,0.0,PRELIMINARY_POINT_BUFFER_PROXY,3.238108219,PRELIMINARY_90M,0.4040134355352683,0.3781363077062194,0.339516874,0.5004551660817568,0.39104456044510244,lane_focus,T2_SPANNER
817,ST018__ST053,18,ST018,정왕역,53,ST053,오이도 빨강등대,7852.0,7.852,3.3359167327855648,0.308951268,0.247742651,0.061208617,0.0,PRELIMINARY_POINT_BUFFER_PROXY,1.9006229,PRELIMINARY_90M,0.6440444406166567,0.313810796605417,0.308951268,0.27854599938254954,0.3921137985951276,lane_focus,T2_SPANNER
795,ST018__ST031,18,ST018,정왕역,31,ST031,마전저수지,3945.0,3.945,2.958212084314256,0.124882541,0.124882541,0.0,0.0,PRELIMINARY_POINT_BUFFER_PROXY,5.337782322,PRELIMINARY_90M,0.3075531823271036,0.4247637463468624,0.124882541,0.8488230501382361,0.3928848549190307,lane_focus,T2_SPANNER
636,ST014__ST026,14,ST014,시흥대야역,26,ST026,은계파크자이,2742.0,2.742,2.689120979304191,0.480816193,0.434350308,0.046465885,0.0,PRELIMINARY_POINT_BUFFER_PROXY,1.352474425,PRELIMINARY_90M,0.2039445353544053,0.5038108323991268,0.480816193,0.1875998263018331,0.39377396161834805,lane_focus,T2_SPANNER
100,ST002__ST048,2,ST002,월곶포구,48,ST048,정왕평생학습관 사거리,5879.0,5.879,3.2010053406486016,0.584418621,0.584418621,0.0,0.0,PRELIMINARY_POINT_BUFFER_PROXY,0.901110981,PRELIMINARY_90M,0.4741193695633451,0.35344180716328144,0.584418621,0.11271176262468385,0.39418471538494537,lane_focus,T2_SPANNER
1288,ST035__ST048,35,ST035,산들공원,48,ST048,정왕평생학습관 사거리,6740.0,6.74,3.084409976243774,0.362180104,0.362180104,0.0,0.0,PRELIMINARY_POINT_BUFFER_PROXY,0.763853952,PRELIMINARY_90M,0.5482731892171216,0.3876923774415475,0.362180104,0.08993873289769443,0.3942353749148235,lane_focus,T2_SPANNER
1284,ST035__ST044,35,ST035,산들공원,44,ST044,경기과학기술대학교,6030.0,6.03,2.956928367155461,0.339457259,0.339457259,0.0,0.0,PRELIMINARY_POINT_BUFFER_PROXY,0.834605206,PRELIMINARY_90M,0.4871242787012316,0.42514084577091904,0.339457259,0.10167744254558998,0.3954378256653264,lane_focus,T2_SPANNER
432,ST009__ST037,9,ST009,능곡중앙공원,37,ST037,군자동행정복지센터,4953.0,4.953,3.102056456122923,0.400364762,0.400364762,0.066454291,0.0,PRELIMINARY_POINT_BUFFER_PROXY,2.974338855,PRELIMINARY_90M,0.3943674102144518,0.3825086207600531,0.400364762,0.45669181486248267,0.39557005871988776,lane_focus,T2_SPANNER
195,ST004__ST040,4,ST004,배곧중심상가,40,ST040,갯골생태공원,7040.0,7.04,2.9717888971519195,0.137297876,0.137297876,0.0,0.0,PRELIMINARY_POINT_BUFFER_PROXY,1.550786437,PRELIMINARY_90M,0.5741107570407372,0.4207754781629174,0.137297876,0.22050280677138037,0.39656039041878105,lane_focus,T2_SPANNER
430,ST009__ST035,9,ST009,능곡중앙공원,35,ST035,산들공원,5085.0,5.085,3.1705169235060016,0.415926001,0.415926001,0.064729724,0.0,PRELIMINARY_POINT_BUFFER_PROXY,3.401700163,PRELIMINARY_90M,0.40573594005684266,0.362397958030395,0.415926001,0.5275975589409814,0.3977816200735063,lane_focus,T2_SPANNER
812,ST018__ST048,18,ST018,정왕역,48,ST048,정왕평생학습관 사거리,747.0,0.747,2.7790953736776527,1.0,1.0,0.0,0.0,PRELIMINARY_POINT_BUFFER_PROXY,0.305117177,PRELIMINARY_90M,0.032124709327361986,0.47738032777775197,1.0,0.013827321408973855,0.39810407336161385,lane_focus,T2_SPANNER
532,ST011__ST048,11,ST011,배곧생명공원,48,ST048,정왕평생학습관 사거리,3624.0,3.624,2.8984721926557486,0.655786705,0.655786705,0.0,0.0,PRELIMINARY_POINT_BUFFER_PROXY,0.754855634,PRELIMINARY_90M,0.279906984755835,0.44231268894942954,0.655786705,0.08844577501568386,0.3983456739152419,lane_focus,T2_SPANNER
813,ST018__ST049,18,ST018,정왕역,49,ST049,거북섬 웨이브파크 정문,8757.0,8.757,3.2979845713783864,0.243406156,0.243406156,0.0,0.0,PRELIMINARY_POINT_BUFFER_PROXY,1.386891051,PRELIMINARY_90M,0.7219877702178968,0.32495359088986375,0.243406156,0.19331006826693262,0.3988156682260994,lane_focus,T2_SPANNER
1381,ST041__ST042,41,ST041,연꽃테마파크,42,ST042,시흥시청역,3357.0,3.357,2.4375560527901543,0.0,0.0,0.0,0.0,PRELIMINARY_POINT_BUFFER_PROXY,2.986825232,PRELIMINARY_90M,0.25691154939281713,0.5777095010048499,0.0,0.458763494809769,0.3989589873316061,lane_focus,T2_SPANNER
595,ST013__ST026,13,ST013,삼미시장,26,ST026,은계파크자이,1938.0,1.938,2.6326125397405407,0.511569918,0.511569918,0.0,0.0,PRELIMINARY_POINT_BUFFER_PROXY,2.070334106,PRELIMINARY_90M,0.13469985358711567,0.5204105170475657,0.511569918,0.3067036709232997,0.4012860767128917,lane_focus,T2_SPANNER
1265,ST034__ST045,34,ST034,군자디지털과학고등학교,45,ST045,시흥중앙도서관,6540.0,6.54,2.9933398472819306,0.352023517,0.352023517,0.0,0.0,PRELIMINARY_POINT_BUFFER_PROXY,0.836864495,PRELIMINARY_90M,0.531048144001378,0.4144447605073809,0.352023517,0.10205229296989038,0.402993173101024,lane_focus,T2_SPANNER
596,ST013__ST027,13,ST013,삼미시장,27,ST027,은행동행정복지센터,1561.0,1.561,2.6154869323133116,0.514819805,0.514819805,0.0,0.0,PRELIMINARY_POINT_BUFFER_PROXY,2.62974837,PRELIMINARY_90M,0.10223064335543881,0.525441264399645,0.514819805,0.3995190098286312,0.4054531647715453,lane_focus,T2_SPANNER
831,ST019__ST031,19,ST019,시화병원,31,ST031,마전저수지,4577.0,4.577,3.0,0.245904155,0.245904155,0.0,0.0,PRELIMINARY_POINT_BUFFER_PROXY,4.635043529,PRELIMINARY_90M,0.36198432520885365,0.412488301690183,0.245904155,0.7322279909278429,0.4068486544900892,lane_focus,T2_SPANNER
283,ST006__ST029,6,ST006,시흥시청 본청,29,ST029,관곡공원,3470.0,3.47,2.475229440723157,0.075912866,0.075912866,0.0,0.0,PRELIMINARY_POINT_BUFFER_PROXY,3.041565706,PRELIMINARY_90M,0.2666436999397123,0.5666427229420483,0.075912866,0.4678457724224623,0.4081537935981985,lane_focus,T2_SPANNER
1472,ST050__ST052,50,ST050,시흥한라3차아파트,52,ST052,가온그린공원,8779.0,8.779,3.3218078771929007,0.282979932,0.282979932,0.0,0.0,PRELIMINARY_POINT_BUFFER_PROXY,1.858796601,PRELIMINARY_90M,0.7238825251916287,0.317955355460644,0.282979932,0.271606379915069,0.40955593681973607,lane_focus,T2_SPANNER
168,ST004__ST013,4,ST004,배곧중심상가,13,ST013,삼미시장,10775.0,10.775,3.530128973927555,0.163406945,0.151516028,0.052506297,0.0,PRELIMINARY_POINT_BUFFER_PROXY,2.255483615,PRELIMINARY_90M,0.8957884764447507,0.2567598147924738,0.163406945,0.33742279185367113,0.41058034744279165,lane_focus,T2_SPANNER
172,ST004__ST017,4,ST004,배곧중심상가,17,ST017,장곡동,6764.0,6.764,2.942360541443412,0.206546328,0.206546328,0.0,0.0,PRELIMINARY_POINT_BUFFER_PROXY,1.909089561,PRELIMINARY_90M,0.550340194643011,0.42942022978330263,0.206546328,0.27995074727812974,0.41127218748021704,lane_focus,T2_SPANNER
1136,ST029__ST031,29,ST029,관곡공원,31,ST031,마전저수지,5377.0,5.377,2.6870303020635813,0.0,0.0,0.0,0.0,PRELIMINARY_POINT_BUFFER_PROXY,3.331666559,PRELIMINARY_90M,0.43088450607182843,0.504424981067251,0.0,0.5159779183484388,0.4115314088864265,lane_focus,T2_SPANNER
871,ST020__ST036,20,ST020,시화공업단지[왼쪽부근],36,ST036,시흥시립군자도서관,7436.0,7.436,3.1412046717136963,0.343691843,0.343691843,0.0,0.0,PRELIMINARY_POINT_BUFFER_PROXY,1.683238037,PRELIMINARY_90M,0.6082163465679098,0.37100860344628606,0.343691843,0.24247854270390817,0.4133600190855113,lane_focus,T2_SPANNER
870,ST020__ST035,20,ST020,시화공업단지[왼쪽부근],35,ST035,산들공원,6684.0,6.684,2.869246069005407,0.270890511,0.270890511,0.0,0.0,PRELIMINARY_POINT_BUFFER_PROXY,0.916932044,PRELIMINARY_90M,0.5434501765567135,0.45089803371984194,0.270890511,0.11533671772269614,0.41347880942136894,lane_focus,T2_SPANNER
933,ST022__ST031,22,ST022,오이도박물관,31,ST031,마전저수지,9249.0,9.249,3.3683490129246234,0.162077697,0.162077697,0.0,0.0,PRELIMINARY_POINT_BUFFER_PROXY,2.998768021,PRELIMINARY_90M,0.7643613814486263,0.30428362461313796,0.162077697,0.460744985236173,0.4136183107423429,lane_focus,T2_SPANNER
1304,ST036__ST045,36,ST036,시흥시립군자도서관,45,ST045,시흥중앙도서관,6722.0,6.722,3.000023280953298,0.369603936,0.369603936,0.0,0.0,PRELIMINARY_POINT_BUFFER_PROXY,1.146482613,PRELIMINARY_90M,0.5467229351477048,0.4124814627739778,0.369603936,0.15342265015013007,0.4137043205889281,lane_focus,T2_SPANNER
853,ST019__ST053,19,ST019,시화병원,53,ST053,오이도 빨강등대,7352.0,7.352,3.1202256848674432,0.29974064,0.23439461,0.06534603,0.0,PRELIMINARY_POINT_BUFFER_PROXY,2.03323403,PRELIMINARY_90M,0.6009818275772973,0.3771713035417168,0.29974064,0.3005482037696171,0.41384702504214443,lane_focus,T2_SPANNER
1143,ST029__ST038,29,ST029,관곡공원,38,ST038,능곡도서관,4223.0,4.223,2.511994530716733,0.118739746,0.102463148,0.021842811,0.0,PRELIMINARY_POINT_BUFFER_PROXY,2.578907523,PRELIMINARY_90M,0.33149599517698736,0.5558427627117288,0.118739746,0.39108373967517096,0.41771471601762833,lane_focus,T2_SPANNER
290,ST006__ST036,6,ST006,시흥시청 본청,36,ST036,시흥시립군자도서관,6369.0,6.369,3.006830634630671,0.244304171,0.244304171,0.0,0.0,PRELIMINARY_POINT_BUFFER_PROXY,3.089108296,PRELIMINARY_90M,0.5163207303419172,0.4104817628139833,0.244304171,0.4757338115506301,0.41854007079753397,lane_focus,T2_SPANNER
1144,ST029__ST039,29,ST029,관곡공원,39,ST039,능곡힐스테이트,4321.0,4.321,2.5005444574442675,0.134141311,0.069883904,0.064257407,0.0,PRELIMINARY_POINT_BUFFER_PROXY,2.555414981,PRELIMINARY_90M,0.33993626733270177,0.5592062887087678,0.134141311,0.3871859694755221,0.4234270047851115,lane_focus,T2_SPANNER
167,ST004__ST012,4,ST004,배곧중심상가,12,ST012,신천역,9950.0,9.95,3.298480804869283,0.16356514,0.16356514,0.0,0.0,PRELIMINARY_POINT_BUFFER_PROXY,2.089973668,PRELIMINARY_90M,0.8247351649298079,0.3248078193993663,0.16356514,0.3099621731108347,0.4241186892432186,lane_focus,T2_SPANNER
1268,ST034__ST048,34,ST034,군자디지털과학고등학교,48,ST048,정왕평생학습관 사거리,7176.0,7.176,2.984758946773873,0.400823068,0.400823068,0.0,0.0,PRELIMINARY_POINT_BUFFER_PROXY,0.853683595,PRELIMINARY_90M,0.5858237877874429,0.4169654502226392,0.400823068,0.10484283759315485,0.42554641601749577,lane_focus,T2_SPANNER
429,ST009__ST034,9,ST009,능곡중앙공원,34,ST034,군자디지털과학고등학교,5438.0,5.438,3.0482330688038717,0.45363226,0.45363226,0.060550946,0.0,PRELIMINARY_POINT_BUFFER_PROXY,3.293272439,PRELIMINARY_90M,0.43613814486263025,0.39831955560635457,0.45363226,0.5096077496039179,0.4271999279792266,lane_focus,T2_SPANNER
1264,ST034__ST044,34,ST034,군자디지털과학고등학교,44,ST044,경기과학기술대학교,6466.0,6.466,2.854871731872146,0.383886554,0.383886554,0.0,0.0,PRELIMINARY_POINT_BUFFER_PROXY,0.931735075,PRELIMINARY_90M,0.5246748772715528,0.455120579330462,0.383886554,0.1177927658206959,0.42809126866518876,lane_focus,T2_SPANNER
392,ST008__ST043,8,ST008,시흥능곡역,43,ST043,시흥종합버스터미널,9822.0,9.822,3.3718222028660656,0.27147472,0.27147472,0.0,0.0,PRELIMINARY_POINT_BUFFER_PROXY,2.233456668,PRELIMINARY_90M,0.813711135991732,0.30326335475261335,0.27147472,0.33376818616622167,0.42915748799086184,lane_focus,T2_SPANNER
1180,ST030__ST050,30,ST030,장곡도서관,50,ST050,시흥한라3차아파트,8490.0,8.49,3.1450030516165666,0.293887363,0.293887363,0.0,0.0,PRELIMINARY_POINT_BUFFER_PROXY,1.953099272,PRELIMINARY_90M,0.698992334854879,0.3698928071325055,0.293887363,0.2872526280210039,0.43250285453207293,lane_focus,T2_SPANNER
1353,ST039__ST043,39,ST039,능곡힐스테이트,43,ST043,시흥종합버스터미널,9797.0,9.797,3.3777318578726767,0.321542663,0.317948067,0.030100174,0.0,PRELIMINARY_POINT_BUFFER_PROXY,2.070297135,PRELIMINARY_90M,0.811558005339764,0.3015273590279337,0.321542663,0.3066975368718186,0.43255433398608967,lane_focus,T2_SPANNER
438,ST009__ST043,9,ST009,능곡중앙공원,43,ST043,시흥종합버스터미널,9831.0,9.831,3.3729547340069628,0.323895134,0.323895134,0.033463188,0.0,PRELIMINARY_POINT_BUFFER_PROXY,2.07290647,PRELIMINARY_90M,0.8144862630264404,0.30293066710562466,0.323895134,0.3071304652541069,0.4343842159348331,lane_focus,T2_SPANNER
1307,ST036__ST048,36,ST036,시흥시립군자도서관,48,ST048,정왕평생학습관 사거리,7358.0,7.358,2.991076209764658,0.415671605,0.415671605,0.0,0.0,PRELIMINARY_POINT_BUFFER_PROXY,1.135478826,PRELIMINARY_90M,0.6014985789337697,0.41510971726844614,0.415671605,0.15159695444415305,0.4354399395620808,lane_focus,T2_SPANNER
1303,ST036__ST044,36,ST036,시흥시립군자도서관,44,ST044,경기과학기술대학교,6648.0,6.648,2.8654297237561406,0.400791009,0.400791009,0.0,0.0,PRELIMINARY_POINT_BUFFER_PROXY,1.240684205,PRELIMINARY_90M,0.5403496684178796,0.4520191074592086,0.400791009,0.16905212771186373,0.4381208349552606,lane_focus,T2_SPANNER
1403,ST042__ST051,42,ST042,시흥시청역,51,ST051,연성중학교,2072.0,2.072,2.5274345688921906,0.351208623,0.308075573,0.083245449,0.0,PRELIMINARY_POINT_BUFFER_PROXY,4.64619177,PRELIMINARY_90M,0.14624063388166395,0.551307161186513,0.351208623,0.7340776537505509,0.4383027978887276,lane_focus,T2_SPANNER
162,ST004__ST007,4,ST004,배곧중심상가,7,ST007,장현지구,7899.0,7.899,2.8650445619521356,0.183317918,0.183317918,0.0,0.0,PRELIMINARY_POINT_BUFFER_PROXY,1.69100406,PRELIMINARY_90M,0.6480923262423564,0.45213225099200605,0.183317918,0.2437670440938041,0.4399635991659725,lane_focus,T2_SPANNER
1157,ST029__ST052,29,ST029,관곡공원,52,ST052,가온그린공원,4265.0,4.265,2.386392012061943,0.201240875,0.201240875,0.0,0.0,PRELIMINARY_POINT_BUFFER_PROXY,2.198243349,PRELIMINARY_90M,0.3351132546722935,0.5927392372351619,0.201240875,0.327925760709286,0.44312663960658294,lane_focus,T2_SPANNER
554,ST012__ST027,12,ST012,신천역,27,ST027,은행동행정복지센터,1420.0,1.42,2.35513154122392,0.521377701,0.521377701,0.0,0.0,PRELIMINARY_POINT_BUFFER_PROXY,2.923916061,PRELIMINARY_90M,0.0900869864783395,0.6019221833911675,0.521377701,0.44832590606316086,0.44652208407148475,lane_focus,T2_SPANNER
424,ST009__ST029,9,ST009,능곡중앙공원,29,ST029,관곡공원,4562.0,4.562,2.4231442712656004,0.204923527,0.178849884,0.12823664,0.0,PRELIMINARY_POINT_BUFFER_PROXY,2.421968536,PRELIMINARY_90M,0.3606924468176729,0.5819430461244302,0.204923527,0.36504517361911415,0.4483876811785447,lane_focus,T2_SPANNER
468,ST010__ST028,10,ST010,은계호수공원,28,ST028,매화산업단지,3734.0,3.734,2.2597817465071626,0.156648005,0.156648005,0.0,0.0,PRELIMINARY_POINT_BUFFER_PROXY,2.499811713,PRELIMINARY_90M,0.289380759624494,0.6299317433049347,0.156648005,0.3779605412092454,0.44860431642951537,lane_focus,T2_SPANNER
1205,ST031__ST051,31,ST031,마전저수지,51,ST051,연성중학교,6100.0,6.1,2.6203589074087144,0.119255883,0.104609688,0.028266702,0.0,PRELIMINARY_POINT_BUFFER_PROXY,2.974419427,PRELIMINARY_90M,0.49315304452674186,0.5240100932184334,0.119255883,0.4567051829833325,0.4488522084892354,lane_focus,T2_SPANNER
1023,ST025__ST028,25,ST025,목감동행정복지센터,28,ST028,매화산업단지,6878.0,6.878,2.8903708674922335,0.271201217,0.266520768,0.103849183,0.0,PRELIMINARY_POINT_BUFFER_PROXY,3.071832764,PRELIMINARY_90M,0.5601584704159849,0.44469250060211796,0.271201217,0.4728675379131207,0.4503528042463673,lane_focus,T2_SPANNER
30,ST001__ST031,1,ST001,월곶역,31,ST031,마전저수지,4726.0,4.726,2.1733816526852707,0.0,0.0,0.0,0.0,PRELIMINARY_POINT_BUFFER_PROXY,1.971254241,PRELIMINARY_90M,0.37481698389458273,0.6553122762326484,0.0,0.2902648136390502,0.4503868654538749,lane_focus,T2_SPANNER
1376,ST040__ST051,40,ST040,갯골생태공원,51,ST051,연성중학교,5417.0,5.417,2.495832602905231,0.192518156,0.176017861,0.031845057,0.0,PRELIMINARY_POINT_BUFFER_PROXY,2.410565802,PRELIMINARY_90M,0.4343295151149772,0.5605904235399768,0.192518156,0.36315328653513135,0.45407064260224583,lane_focus,T2_SPANNER
1373,ST040__ST048,40,ST040,갯골생태공원,48,ST048,정왕평생학습관 사거리,6381.0,6.381,2.8557744448420976,0.140235273,0.140235273,0.0,0.0,PRELIMINARY_POINT_BUFFER_PROXY,4.850626954,PRELIMINARY_90M,0.5173542330548617,0.45485540211543074,0.140235273,0.7679965616301214,0.45460120643444296,lane_focus,T2_SPANNER
291,ST006__ST037,6,ST006,시흥시청 본청,37,ST037,군자동행정복지센터,6845.0,6.845,2.8673370714628095,0.296832124,0.296832124,0.0,0.0,PRELIMINARY_POINT_BUFFER_PROXY,2.957161605,PRELIMINARY_90M,0.5573163379553872,0.45145881291400236,0.296832124,0.4538418477043131,0.4549674943162793,lane_focus,T2_SPANNER
1159,ST029__ST054,29,ST029,관곡공원,54,ST054,시흥 프리미엄 아울렛,7734.0,7.734,2.5790384343041506,0.052274076,0.052274076,0.0,0.0,PRELIMINARY_POINT_BUFFER_PROXY,1.570475598,PRELIMINARY_90M,0.6338816639393678,0.5361482238827471,0.052274076,0.22376953818775455,0.45676259314499096,lane_focus,T2_SPANNER
289,ST006__ST035,6,ST006,시흥시청 본청,35,ST035,산들공원,6977.0,6.977,2.9216522119106507,0.310126848,0.310126848,0.0,0.0,PRELIMINARY_POINT_BUFFER_PROXY,3.275946265,PRELIMINARY_90M,0.5686848677977779,0.4355034227097787,0.310126848,0.5067330736879981,0.45711526287313364,lane_focus,T2_SPANNER
1319,ST037__ST042,37,ST037,군자동행정복지센터,42,ST042,시흥시청역,6708.0,6.708,2.8237370109722706,0.306005252,0.306005252,0.0,0.0,PRELIMINARY_POINT_BUFFER_PROXY,2.829592416,PRELIMINARY_90M,0.5455171819826027,0.46426658570660606,0.306005252,0.43267617805146835,0.45768099395410056,lane_focus,T2_SPANNER
169,ST004__ST014,4,ST004,배곧중심상가,14,ST014,시흥대야역,11638.0,11.638,3.410207240134275,0.235822411,0.191985149,0.107739858,0.0,PRELIMINARY_POINT_BUFFER_PROXY,2.586665465,PRELIMINARY_90M,0.9701145465506847,0.2919875255350477,0.235822411,0.3923709003041997,0.463132851085615,lane_focus,T2_SPANNER
714,ST016__ST025,16,ST016,물왕호수,25,ST025,목감동행정복지센터,3005.0,3.005,2.1381214943015445,0.193383798,0.119943446,0.161932073,0.0,PRELIMINARY_POINT_BUFFER_PROXY,2.924827881,PRELIMINARY_90M,0.22659546981310827,0.6656701539999965,0.193383798,0.4484771908761643,0.46333923324089177,lane_focus,T2_SPANNER
756,ST017__ST029,17,ST017,장곡동,29,ST029,관곡공원,4322.0,4.322,2.2640824773122388,0.207924155,0.207924155,0.0,0.0,PRELIMINARY_POINT_BUFFER_PROXY,2.212483712,PRELIMINARY_90M,0.3400223925587805,0.628668378475303,0.207924155,0.33028845362406645,0.4635572559897532,lane_focus,T2_SPANNER
1135,ST029__ST030,29,ST029,관곡공원,30,ST030,장곡도서관,4785.0,4.785,2.344415023463761,0.235519282,0.235519282,0.0,0.0,PRELIMINARY_POINT_BUFFER_PROXY,2.140637973,PRELIMINARY_90M,0.3798983722332271,0.6050702231657867,0.235519282,0.3183681522600866,0.46467441216720884,lane_focus,T2_SPANNER
257,ST005__ST052,5,ST005,배곧중·고등학교,52,ST052,가온그린공원,8122.0,8.122,2.8555152975367957,0.2956403,0.2956403,0.0,0.0,PRELIMINARY_POINT_BUFFER_PROXY,1.819513266,PRELIMINARY_90M,0.6672982516579106,0.4549315281521559,0.2956403,0.26508867687102095,0.46514523967765764,lane_focus,T2_SPANNER
637,ST014__ST027,14,ST014,시흥대야역,27,ST027,은행동행정복지센터,1905.0,1.905,2.4973236886392187,0.756121681,0.589126823,0.182065921,0.0,PRELIMINARY_POINT_BUFFER_PROXY,2.616675973,PRELIMINARY_90M,0.13185772112651795,0.5601524083840266,0.756121681,0.39735010024598233,0.466193896648241,lane_focus,T2_SPANNER
597,ST013__ST028,13,ST013,삼미시장,28,ST028,매화산업단지,5031.0,5.031,2.447712054812518,0.276802217,0.276802217,0.0,0.0,PRELIMINARY_POINT_BUFFER_PROXY,2.504274006,PRELIMINARY_90M,0.4010851778485919,0.5747261160067514,0.276802217,0.3787009035198673,0.4670247753675104,lane_focus,T2_SPANNER
378,ST008__ST029,8,ST008,시흥능곡역,29,ST029,관곡공원,4389.0,4.389,2.156570265400262,0.0,0.0,0.0,0.0,PRELIMINARY_POINT_BUFFER_PROXY,3.417489749,PRELIMINARY_90M,0.3457927827060546,0.6602507195800281,0.0,0.5302172915257137,0.4695952846190991,lane_focus,T2_SPANNER
305,ST006__ST051,6,ST006,시흥시청 본청,51,ST051,연성중학교,2665.0,2.665,2.405708703853897,0.37184665,0.338316086,0.064712949,0.0,PRELIMINARY_POINT_BUFFER_PROXY,4.504771469,PRELIMINARY_90M,0.197312892946344,0.5870648460349527,0.37184665,0.7106138738469892,0.4696990311387612,lane_focus,T2_SPANNER
197,ST004__ST042,4,ST004,배곧중심상가,42,ST042,시흥시청역,8913.0,8.913,2.7655855969447916,0.169578568,0.169578568,0.0,0.0,PRELIMINARY_POINT_BUFFER_PROXY,1.61449924,PRELIMINARY_90M,0.7354233054861768,0.4813489037138068,0.169578568,0.2310737302955142,0.47307443645799896,lane_focus,T2_SPANNER
713,ST016__ST024,16,ST016,물왕호수,24,ST024,목감고등학교,3229.0,3.229,2.105914035609522,0.176923572,0.176923572,0.0,0.0,PRELIMINARY_POINT_BUFFER_PROXY,3.167384816,PRELIMINARY_90M,0.2458875204547412,0.6751312833771932,0.176923572,0.48872107733856496,0.4744481653361384,lane_focus,T2_SPANNER
1391,ST041__ST052,41,ST041,연꽃테마파크,52,ST052,가온그린공원,4968.0,4.968,2.2619391797382047,0.172697542,0.172697542,0.0,0.0,PRELIMINARY_POINT_BUFFER_PROXY,2.343340408,PRELIMINARY_90M,0.3956592886056326,0.629297984674155,0.172697542,0.35199957071362264,0.4746684028598479,lane_focus,T2_SPANNER
161,ST004__ST006,4,ST004,배곧중심상가,6,ST006,시흥시청 본청,8749.0,8.749,2.781707771521675,0.21992462,0.21992462,0.0,0.0,PRELIMINARY_POINT_BUFFER_PROXY,1.796808136,PRELIMINARY_90M,0.7212987684092671,0.47661292063075067,0.21992462,0.2613215503040809,0.47775200044810023,lane_focus,T2_SPANNER
83,ST002__ST031,2,ST002,월곶포구,31,ST031,마전저수지,4046.0,4.046,2.0820118152150395,0.187446944,0.187446944,0.0,0.0,PRELIMINARY_POINT_BUFFER_PROXY,2.023503983,PRELIMINARY_90M,0.3162518301610542,0.6821527004258621,0.187446944,0.29893384091191594,0.47814973344438616,lane_focus,T2_SPANNER
1369,ST040__ST044,40,ST040,갯골생태공원,44,ST044,경기과학기술대학교,7776.0,7.776,2.85585812190269,0.169872357,0.169872357,0.0,0.0,PRELIMINARY_POINT_BUFFER_PROXY,4.250139429,PRELIMINARY_90M,0.6374989234346741,0.45483082148944154,0.169872357,0.6683665437203552,0.47910764952542484,lane_focus,T2_SPANNER
288,ST006__ST034,6,ST006,시흥시청 본청,34,ST034,군자디지털과학고등학교,7330.0,7.33,2.8428862563521475,0.34315285,0.34315285,0.0,0.0,PRELIMINARY_POINT_BUFFER_PROXY,3.198812236,PRELIMINARY_90M,0.5990870726035655,0.4586413828693645,0.34315285,0.49393536454204645,0.47995892353977826,lane_focus,T2_SPANNER
725,ST016__ST036,16,ST016,물왕호수,36,ST036,시흥시립군자도서관,7947.0,7.947,2.8110036953937283,0.162740187,0.162740187,0.0,0.0,PRELIMINARY_POINT_BUFFER_PROXY,3.965292917,PRELIMINARY_90M,0.6522263370941349,0.4680070716369381,0.162740187,0.6211061729206547,0.4835817654340682,lane_focus,T2_SPANNER
666,ST015__ST016,15,ST015,목감택지개발예정지구,16,ST016,물왕호수,3107.0,3.107,2.1181705540136373,0.281664379,0.281664379,0.0,0.0,PRELIMINARY_POINT_BUFFER_PROXY,3.053159992,PRELIMINARY_90M,0.23538024287313755,0.6715308594057094,0.281664379,0.4697694408980579,0.4838370913609449,lane_focus,T2_SPANNER
1393,ST041__ST054,41,ST041,연꽃테마파크,54,ST054,시흥 프리미엄 아울렛,8437.0,8.437,2.489736395352416,0.047911633,0.047911633,0.0,0.0,PRELIMINARY_POINT_BUFFER_PROXY,1.716462461,PRELIMINARY_90M,0.6944276978727069,0.5623812201662786,0.047911633,0.24799098021568108,0.4867833775228841,lane_focus,T2_SPANNER
1361,ST039__ST051,39,ST039,능곡힐스테이트,51,ST051,연성중학교,3723.0,3.723,2.3660104994858293,0.437314546,0.37191324,0.194272542,0.0,PRELIMINARY_POINT_BUFFER_PROXY,3.261333916,PRELIMINARY_90M,0.2884333821376281,0.5987264257690195,0.437314546,0.5043086626353726,0.487499606582454,lane_focus,T2_SPANNER
446,ST009__ST051,9,ST009,능곡중앙공원,51,ST051,연성중학교,3757.0,3.757,2.362689895391398,0.44241947,0.386984181,0.201582447,0.0,PRELIMINARY_POINT_BUFFER_PROXY,3.307538535,PRELIMINARY_90M,0.2913616398243045,0.5997018726444865,0.44241947,0.5119747120149728,0.4902517379798166,lane_focus,T2_SPANNER
480,ST010__ST040,10,ST010,은계호수공원,40,ST040,갯골생태공원,7454.0,7.454,2.3810988212602635,0.143643119,0.143643119,0.0,0.0,PRELIMINARY_POINT_BUFFER_PROXY,1.480173201,PRELIMINARY_90M,0.6097666006373267,0.5942941429938482,0.143643119,0.20878699640988027,0.4920138891472438,lane_focus,T2_SPANNER
718,ST016__ST029,16,ST016,물왕호수,29,ST029,관곡공원,5128.0,5.128,2.2882225092974817,0.0,0.0,0.0,0.0,PRELIMINARY_POINT_BUFFER_PROXY,5.333892509,PRELIMINARY_90M,0.40943932477822753,0.6215771028808512,0.0,0.8481776709709411,0.4979661497320766,lane_focus,T2_SPANNER
1046,ST025__ST051,25,ST025,목감동행정복지센터,51,ST051,연성중학교,4855.0,4.855,2.2406696427083874,0.255573087,0.248649808,0.132560721,0.0,PRELIMINARY_POINT_BUFFER_PROXY,3.153385578,PRELIMINARY_90M,0.3859271380587374,0.6355460355854807,0.255573087,0.48639839073044083,0.5012306044304689,lane_focus,T2_SPANNER
331,ST007__ST029,7,ST007,장현지구,29,ST029,관곡공원,4165.0,4.165,2.078936189138624,0.271907933,0.271907933,0.0,0.0,PRELIMINARY_POINT_BUFFER_PROXY,2.51365291,PRELIMINARY_90M,0.32650073206442165,0.6830561835756226,0.271907933,0.3802570064105875,0.5019651653949755,lane_focus,T2_SPANNER
993,ST024__ST028,24,ST024,목감고등학교,28,ST028,매화산업단지,7811.0,7.811,2.7351304155275447,0.323695592,0.319573933,0.070790226,0.0,PRELIMINARY_POINT_BUFFER_PROXY,3.168264669,PRELIMINARY_90M,0.6405133063474292,0.49029529139219696,0.323695592,0.48886705833983213,0.5027170169169389,lane_focus,T2_SPANNER
338,ST007__ST036,7,ST007,장현지구,36,ST036,시흥시립군자도서관,7914.0,7.914,2.6645802732851354,0.307930223,0.307930223,0.0,0.0,PRELIMINARY_POINT_BUFFER_PROXY,2.636188829,PRELIMINARY_90M,0.6493842046335372,0.5110198083346155,0.307930223,0.40058757998005456,0.5041042467736975,lane_focus,T2_SPANNER
62,ST002__ST010,2,ST002,월곶포구,10,ST010,은계호수공원,11014.0,11.014,3.1061839442020633,0.327183083,0.294943155,0.099765924,0.0,PRELIMINARY_POINT_BUFFER_PROXY,2.622043931,PRELIMINARY_90M,0.9163724054775644,0.38129614699448855,0.327183083,0.39824072616144807,0.5086427099327802,lane_focus,T2_SPANNER
1178,ST030__ST048,30,ST030,장곡도서관,48,ST048,정왕평생학습관 사거리,6776.0,6.776,2.7359223632924965,0.271497661,0.271497661,0.0,0.0,PRELIMINARY_POINT_BUFFER_PROXY,5.378297952,PRELIMINARY_90M,0.5513736973559555,0.4900626521040171,0.271497661,0.8555452096743987,0.5091539205084373,lane_focus,T2_SPANNER
482,ST010__ST042,10,ST010,은계호수공원,42,ST042,시흥시청역,7803.0,7.803,2.352692290378065,0.137242443,0.137242443,0.0,0.0,PRELIMINARY_POINT_BUFFER_PROXY,2.038687833,PRELIMINARY_90M,0.6398243045387995,0.6026387275946935,0.137242443,0.301453072676871,0.5120071136497337,lane_focus,T2_SPANNER
1092,ST027__ST040,27,ST027,은행동행정복지센터,40,ST040,갯골생태공원,7766.0,7.766,2.333264553599835,0.185388171,0.185388171,0.0,0.0,PRELIMINARY_POINT_BUFFER_PROXY,1.5408174,PRELIMINARY_90M,0.6366376711738868,0.6083457389091405,0.185388171,0.21884879183601075,0.513025392081643,lane_focus,T2_SPANNER
9,ST001__ST010,1,ST001,월곶역,10,ST010,은계호수공원,11694.0,11.694,3.0834271826948316,0.243297008,0.212935672,0.093952653,0.0,PRELIMINARY_POINT_BUFFER_PROXY,2.568536826,PRELIMINARY_90M,0.9749375592110929,0.38798107879506105,0.243297008,0.3893630832338123,0.513155788723685,lane_focus,T2_SPANNER
726,ST016__ST037,16,ST016,물왕호수,37,ST037,군자동행정복지센터,8423.0,8.423,2.7086537373101662,0.210058427,0.210058427,0.0,0.0,PRELIMINARY_POINT_BUFFER_PROXY,3.808674234,PRELIMINARY_90M,0.6932219447076049,0.4980729704847442,0.210058427,0.5951207501722072,0.513362810486494,lane_focus,T2_SPANNER
816,ST018__ST052,18,ST018,정왕역,52,ST052,가온그린공원,6635.0,6.635,2.5954303365631386,0.232705275,0.232705275,0.0,0.0,PRELIMINARY_POINT_BUFFER_PROXY,4.965953657,PRELIMINARY_90M,0.5392300404788563,0.5313330067153939,0.232705275,0.7871310165638261,0.5140929063837936,lane_focus,T2_SPANNER
778,ST017__ST051,17,ST017,장곡동,51,ST051,연성중학교,3517.0,3.517,2.16312007370754,0.462338053,0.436932527,0.049031879,0.0,PRELIMINARY_POINT_BUFFER_PROXY,3.114219406,PRELIMINARY_90M,0.2706915855654121,0.6583266750789218,0.462338053,0.4799001268109415,0.5141769545619082,lane_focus,T2_SPANNER
730,ST016__ST041,16,ST016,물왕호수,41,ST041,연꽃테마파크,3935.0,3.935,2.0,0.29027288,0.250287871,0.138484824,0.0,PRELIMINARY_POINT_BUFFER_PROXY,2.713464194,PRELIMINARY_90M,0.3066919300663164,0.7062441508450915,0.29027288,0.4134087389190912,0.514676863831034,lane_focus,T2_SPANNER
29,ST001__ST030,1,ST001,월곶역,30,ST030,장곡도서관,6268.0,6.268,2.1504305313841865,0.222809114,0.222809114,0.0,0.0,PRELIMINARY_POINT_BUFFER_PROXY,1.637690152,PRELIMINARY_90M,0.5076220825079666,0.6620543023595057,0.222809114,0.23492145548831286,0.5148461844555757,lane_focus,T2_SPANNER
724,ST016__ST035,16,ST016,물왕호수,35,ST035,산들공원,8555.0,8.555,2.7554200917307856,0.222244895,0.222244895,0.0,0.0,PRELIMINARY_POINT_BUFFER_PROXY,4.052626345,PRELIMINARY_90M,0.7045904745499957,0.4843350803300357,0.222244895,0.6355961175631538,0.5152115048088322,lane_focus,T2_SPANNER
678,ST015__ST028,15,ST015,목감택지개발예정지구,28,ST028,매화산업단지,8580.0,8.58,2.740609436528789,0.333729237,0.32605623,0.097512107,0.0,PRELIMINARY_POINT_BUFFER_PROXY,3.018923639,PRELIMINARY_90M,0.7067436052019637,0.4886857969254388,0.333729237,0.4640891089668407,0.5174970962098944,lane_focus,T2_SPANNER
1292,ST035__ST052,35,ST035,산들공원,52,ST052,가온그린공원,3835.0,3.835,1.9561805087839683,0.129647388,0.129647388,0.0,0.0,PRELIMINARY_POINT_BUFFER_PROXY,4.205215096,PRELIMINARY_90M,0.2980794074584446,0.719116382696793,0.129647388,0.6609129132700402,0.5196164427400116,lane_focus,T2_SPANNER
400,ST008__ST051,8,ST008,시흥능곡역,51,ST051,연성중학교,3584.0,3.584,2.033364282623199,0.203001614,0.178070339,0.048116588,0.0,PRELIMINARY_POINT_BUFFER_PROXY,4.581588549,PRELIMINARY_90M,0.27646197571268627,0.6964431976716694,0.203001614,0.7233589963308841,0.5201232344970946,lane_focus,T2_SPANNER
1033,ST025__ST038,25,ST025,목감동행정복지센터,38,ST038,능곡도서관,6274.0,6.274,2.2598427372065113,0.114598785,0.098278462,0.054041431,0.0,PRELIMINARY_POINT_BUFFER_PROXY,3.90420797,PRELIMINARY_90M,0.5081388338644389,0.6299138269302571,0.114598785,0.6109712506945401,0.5202785647506923,lane_focus,T2_SPANNER
1190,ST031__ST036,31,ST031,마전저수지,36,ST036,시흥시립군자도서관,9630.0,9.63,2.7381513895949263,0.227496296,0.227496296,0.0,0.0,PRELIMINARY_POINT_BUFFER_PROXY,2.877773443,PRELIMINARY_90M,0.797175092584618,0.4894078625897582,0.227496296,0.4406701435929189,0.5221891632003255,lane_focus,T2_SPANNER
1387,ST041__ST048,41,ST041,연꽃테마파크,48,ST048,정왕평생학습관 사거리,9776.0,9.776,2.720411057587995,0.09150236,0.09150236,0.0,0.0,PRELIMINARY_POINT_BUFFER_PROXY,3.868236792,PRELIMINARY_90M,0.8097493755921109,0.49461918888274437,0.09150236,0.6050030848972981,0.5239726008291298,lane_focus,T2_SPANNER
1094,ST027__ST042,27,ST027,은행동행정복지센터,42,ST042,시흥시청역,8115.0,8.115,2.3079958950529833,0.177443763,0.177443763,0.0,0.0,PRELIMINARY_POINT_BUFFER_PROXY,2.076001504,PRELIMINARY_90M,0.6666953750753596,0.6157685551575763,0.177443763,0.3076439784912909,0.5319390836467572,lane_focus,T2_SPANNER
723,ST016__ST034,16,ST016,물왕호수,34,ST034,군자디지털과학고등학교,8908.0,8.908,2.6971308490200676,0.252895266,0.252895266,0.0,0.0,PRELIMINARY_POINT_BUFFER_PROXY,3.96098122,PRELIMINARY_90M,0.7349926793557833,0.5014578863191193,0.252895266,0.6203907967780254,0.534450482576308,lane_focus,T2_SPANNER
1016,ST024__ST051,24,ST024,목감고등학교,51,ST051,연성중학교,5421.0,5.421,2.131002869348733,0.286117824,0.286117824,0.073213062,0.0,PRELIMINARY_POINT_BUFFER_PROXY,3.183231796,PRELIMINARY_90M,0.43467401601929206,0.6677612917178248,0.286117824,0.4913503324612516,0.5346018567098606,lane_focus,T2_SPANNER
1053,ST026__ST029,26,ST026,은계파크자이,29,ST029,관곡공원,6175.0,6.175,2.002908151887456,0.217079342,0.217079342,0.0,0.0,PRELIMINARY_POINT_BUFFER_PROXY,1.735808496,PRELIMINARY_90M,0.49961243648264575,0.7053898642179204,0.217079342,0.2512007818073677,0.5352800207103584,lane_focus,T2_SPANNER
1445,ST046__ST051,46,ST046,배곧1동행정복지센터,51,ST051,연성중학교,11280.0,11.28,2.7426133343782095,0.126763303,0.118839831,0.015292056,0.0,PRELIMINARY_POINT_BUFFER_PROXY,2.482269419,PRELIMINARY_90M,0.9392817156145035,0.48809714021106254,0.126763303,0.3750500076966659,0.5353884952288237,lane_focus,T2_SPANNER
295,ST006__ST041,6,ST006,시흥시청 본청,41,ST041,연꽃테마파크,4324.0,4.324,2.049004075045147,0.317588105,0.253730079,0.12827043,0.0,PRELIMINARY_POINT_BUFFER_PROXY,3.948741975,PRELIMINARY_90M,0.3401946430109379,0.6918489171681534,0.317588105,0.618360119790103,0.5404473470658215,lane_focus,T2_SPANNER
264,ST006__ST010,6,ST006,시흥시청 본청,10,ST010,은계호수공원,8600.0,8.6,2.2977932871741067,0.158558533,0.158558533,0.0,0.0,PRELIMINARY_POINT_BUFFER_PROXY,2.221566641,PRELIMINARY_90M,0.7084661097235381,0.6187656308986302,0.158558533,0.33179544975848757,0.5434626678060483,lane_focus,T2_SPANNER
1335,ST038__ST041,38,ST038,능곡도서관,41,ST041,연꽃테마파크,4469.0,4.469,2.0,0.386674846,0.351461406,0.121958882,0.0,PRELIMINARY_POINT_BUFFER_PROXY,3.056363434,PRELIMINARY_90M,0.3526828007923521,0.7062441508450915,0.386674846,0.4703009406720672,0.5463240965878405,lane_focus,T2_SPANNER
1272,ST034__ST052,34,ST034,군자디지털과학고등학교,52,ST052,가온그린공원,4271.0,4.271,1.90358243319081,0.218270531,0.218270531,0.0,0.0,PRELIMINARY_POINT_BUFFER_PROXY,4.023457066,PRELIMINARY_90M,0.3356300060287658,0.7345673750565753,0.218270531,0.6307564903133038,0.5470074177168095,lane_focus,T2_SPANNER
1181,ST030__ST051,30,ST030,장곡도서관,51,ST051,연성중학교,4293.0,4.293,2.229191408628017,0.55923175,0.538417977,0.040169936,0.0,PRELIMINARY_POINT_BUFFER_PROXY,3.810257233,PRELIMINARY_90M,0.3375247610024976,0.6389178339845588,0.55923175,0.5953833937945224,0.547263209122356,lane_focus,T2_SPANNER
1383,ST041__ST044,41,ST041,연꽃테마파크,44,ST044,경기과학기술대학교,11171.0,11.171,2.7373924956567253,0.118220531,0.118220531,0.0,0.0,PRELIMINARY_POINT_BUFFER_PROXY,3.574596517,PRELIMINARY_90M,0.9298940659719231,0.489630792122993,0.118220531,0.5562836950027643,0.5506503617047537,lane_focus,T2_SPANNER
701,ST015__ST051,15,ST015,목감택지개발예정지구,51,ST051,연성중학교,5797.0,5.797,2.122512321905777,0.32243609,0.32243609,0.068467983,0.0,PRELIMINARY_POINT_BUFFER_PROXY,3.264344745,PRELIMINARY_90M,0.4670571010248902,0.6702554396917204,0.32243609,0.504808204981724,0.5507382291002552,lane_focus,T2_SPANNER
7,ST001__ST008,1,ST001,월곶역,8,ST008,시흥능곡역,8941.0,8.941,2.198123695182556,0.132917083,0.132917083,0.0,0.0,PRELIMINARY_POINT_BUFFER_PROXY,1.643029122,PRELIMINARY_90M,0.737834811816381,0.6480441565290316,0.132917083,0.2358072718534733,0.5519990708539584,lane_focus,T2_SPANNER
1311,ST036__ST052,36,ST036,시흥시립군자도서관,52,ST052,가온그린공원,4453.0,4.453,1.9583068090046363,0.250288969,0.250288969,0.0,0.0,PRELIMINARY_POINT_BUFFER_PROXY,4.346934905,PRELIMINARY_90M,0.3513047971750926,0.7184917695699125,0.250288969,0.6844263861083622,0.5530580680395656,lane_focus,T2_SPANNER
478,ST010__ST038,10,ST010,은계호수공원,38,ST038,능곡도서관,9372.0,9.372,2.330701975467328,0.167732728,0.160396489,0.00984506,0.0,PRELIMINARY_POINT_BUFFER_PROXY,2.022751487,PRELIMINARY_90M,0.7749547842563087,0.6090985112244809,0.167732728,0.29880899037491765,0.5533287599138095,lane_focus,T2_SPANNER
1083,ST027__ST031,27,ST027,은행동행정복지센터,31,ST031,마전저수지,9970.0,9.97,2.439129741416626,0.144378702,0.144378702,0.0,0.0,PRELIMINARY_POINT_BUFFER_PROXY,2.509305264,PRELIMINARY_90M,0.8264576694513823,0.577247220766075,0.144378702,0.37953566578182873,0.554848399624066,lane_focus,T2_SPANNER
479,ST010__ST039,10,ST010,은계호수공원,39,ST039,능곡힐스테이트,9470.0,9.47,2.3273271025093933,0.174260921,0.144938428,0.029322493,0.0,PRELIMINARY_POINT_BUFFER_PROXY,2.018539596,PRELIMINARY_90M,0.7833950564120231,0.6100898998960289,0.174260921,0.29811017356641867,0.5568438695576621,lane_focus,T2_SPANNER
457,ST010__ST017,10,ST010,은계호수공원,17,ST017,장곡동,9371.0,9.371,2.3066653175877168,0.196613464,0.196613464,0.0,0.0,PRELIMINARY_POINT_BUFFER_PROXY,1.921374112,PRELIMINARY_90M,0.77486865903023,0.6161594200707521,0.196613464,0.2819889412208656,0.5594877885150201,lane_focus,T2_SPANNER
761,ST017__ST034,17,ST017,장곡동,34,ST034,군자디지털과학고등학교,4796.0,4.796,1.9023778836005452,0.255435013,0.255435013,0.0,0.0,PRELIMINARY_POINT_BUFFER_PROXY,3.815283297,PRELIMINARY_90M,0.380845749720093,0.7349212185443127,0.255435013,0.5962172942928478,0.5606090280814644,lane_focus,T2_SPANNER
1351,ST039__ST041,39,ST039,능곡힐스테이트,41,ST041,연꽃테마파크,4913.0,4.913,2.0,0.442113845,0.402911695,0.223066191,0.0,PRELIMINARY_POINT_BUFFER_PROXY,2.879339632,PRELIMINARY_90M,0.39092240117130306,0.7062441508450915,0.442113845,0.44092999818043943,0.5612627522834155,lane_focus,T2_SPANNER
436,ST009__ST041,9,ST009,능곡중앙공원,41,ST041,연꽃테마파크,4947.0,4.947,2.0,0.445959962,0.414150317,0.228422442,0.0,PRELIMINARY_POINT_BUFFER_PROXY,2.886617052,PRELIMINARY_90M,0.3938506588579795,0.7062441508450915,0.445959962,0.44213743289765006,0.5626924777268056,lane_focus,T2_SPANNER
492,ST010__ST052,10,ST010,은계호수공원,52,ST052,가온그린공원,9414.0,9.414,2.2745307477085395,0.204903465,0.204903465,0.0,0.0,PRELIMINARY_POINT_BUFFER_PROXY,1.862794783,PRELIMINARY_90M,0.7785720437516148,0.6255991379328376,0.204903465,0.272269739148496,0.5654050735691721,lane_focus,T2_SPANNER
688,ST015__ST038,15,ST015,목감택지개발예정지구,38,ST038,능곡도서관,7216.0,7.216,2.1624082596758836,0.186713321,0.17718156,0.012791398,0.0,PRELIMINARY_POINT_BUFFER_PROXY,3.897964235,PRELIMINARY_90M,0.5892687968305916,0.6585357746142315,0.186713321,0.6099353200482308,0.5655856166695867,lane_focus,T2_SPANNER
353,ST007__ST051,7,ST007,장현지구,51,ST051,연성중학교,3360.0,3.36,1.9288666578782163,0.553656435,0.527051485,0.051346729,0.0,PRELIMINARY_POINT_BUFFER_PROXY,3.519092434,PRELIMINARY_90M,0.2571699250710533,0.7271399861633028,0.553656435,0.5470747230372682,0.5656184119031415,lane_focus,T2_SPANNER
1047,ST025__ST052,25,ST025,목감동행정복지센터,52,ST052,가온그린공원,7345.0,7.345,2.1523239745186866,0.150372603,0.145795802,0.033594487,0.0,PRELIMINARY_POINT_BUFFER_PROXY,4.001952969,PRELIMINARY_90M,0.6003789509947464,0.6614980923637042,0.150372603,0.6271886333969703,0.5661185377202357,lane_focus,T2_SPANNER
620,ST013__ST051,13,ST013,삼미시장,51,ST051,연성중학교,8908.0,8.908,2.334947961738539,0.292595472,0.282558318,0.019371397,0.0,PRELIMINARY_POINT_BUFFER_PROXY,2.385267848,PRELIMINARY_90M,0.7349926793557833,0.6078512279218812,0.292595472,0.3589559710120479,0.5674587017010913,lane_focus,T2_SPANNER
1090,ST027__ST038,27,ST027,은행동행정복지센터,38,ST038,능곡도서관,9684.0,9.684,2.293970249991462,0.200426735,0.193325854,0.009529214,0.0,PRELIMINARY_POINT_BUFFER_PROXY,2.05557101,PRELIMINARY_90M,0.8018258547928688,0.6198886704325688,0.200426735,0.3042542486494838,0.57089023402945,lane_focus,T2_SPANNER
405,ST009__ST010,9,ST009,능곡중앙공원,10,ST010,은계호수공원,9691.0,9.691,2.29332305979191,0.207927752,0.175648579,0.058300051,0.0,PRELIMINARY_POINT_BUFFER_PROXY,2.020392326,PRELIMINARY_90M,0.8024287313754198,0.620078786339203,0.207927752,0.2984175696660828,0.5716774957800647,lane_focus,T2_SPANNER
578,ST012__ST051,12,ST012,신천역,51,ST051,연성중학교,8767.0,8.767,2.288310361761418,0.290131604,0.279935171,0.019678799,0.0,PRELIMINARY_POINT_BUFFER_PROXY,2.434629231,PRELIMINARY_90M,0.722849022478684,0.6215512957057072,0.290131604,0.36714577557516664,0.5717222216300412,lane_focus,T2_SPANNER
1110,ST028__ST031,28,ST028,매화산업단지,31,ST031,마전저수지,9015.0,9.015,2.1633168838959445,0.125240153,0.125240153,0.0,0.0,PRELIMINARY_POINT_BUFFER_PROXY,2.643668039,PRELIMINARY_90M,0.7442080785462062,0.6582688609349048,0.125240153,0.4018284947288679,0.5741553225268907,lane_focus,T2_SPANNER
1091,ST027__ST039,27,ST027,은행동행정복지센터,39,ST039,능곡힐스테이트,9782.0,9.782,2.2910655255291217,0.206424511,0.178033437,0.028391073,0.0,PRELIMINARY_POINT_BUFFER_PROXY,2.051455528,PRELIMINARY_90M,0.8102661269485832,0.6207419502335647,0.206424511,0.30357142756112343,0.5742583262600405,lane_focus,T2_SPANNER
390,ST008__ST041,8,ST008,시흥능곡역,41,ST041,연꽃테마파크,5243.0,5.243,1.856989325542413,0.211669005,0.159007329,0.105780532,0.0,PRELIMINARY_POINT_BUFFER_PROXY,4.097986625,PRELIMINARY_90M,0.4193437257772802,0.7482543729585962,0.211669005,0.6431220782544971,0.5750256764990678,lane_focus,T2_SPANNER
1003,ST024__ST038,24,ST024,목감고등학교,38,ST038,능곡도서관,7850.0,7.85,2.146106578757132,0.134809985,0.126052119,0.011752849,0.0,PRELIMINARY_POINT_BUFFER_PROXY,4.175710595,PRELIMINARY_90M,0.6438721901644991,0.6633244887351717,0.134809985,0.6560176675893765,0.5784535564176484,lane_focus,T2_SPANNER
281,ST006__ST027,6,ST006,시흥시청 본청,27,ST027,은행동행정복지센터,8014.0,8.014,2.0956042363908334,0.253163149,0.195302402,0.057860748,0.0,PRELIMINARY_POINT_BUFFER_PROXY,2.678365565,PRELIMINARY_90M,0.657996727241409,0.6781598472012957,0.253163149,0.4075853422783729,0.5823121119888374,lane_focus,T2_SPANNER
1104,ST027__ST052,27,ST027,은행동행정복지센터,52,ST052,가온그린공원,9726.0,9.726,2.239733791325707,0.236285294,0.236285294,0.0,0.0,PRELIMINARY_POINT_BUFFER_PROXY,1.899569739,PRELIMINARY_90M,0.805443114288175,0.6358209474030829,0.236285294,0.2783712639468852,0.5825511727682736,lane_focus,T2_SPANNER
1017,ST024__ST052,24,ST024,목감고등학교,52,ST052,가온그린공원,7911.0,7.911,2.0834857625828795,0.178828181,0.178828181,0.0,0.0,PRELIMINARY_POINT_BUFFER_PROXY,3.951617974,PRELIMINARY_90M,0.649125828955301,0.6817197197652127,0.178828181,0.6188372917877702,0.5918492734502087,lane_focus,T2_SPANNER
312,ST007__ST010,7,ST007,장현지구,10,ST010,은계호수공원,9295.0,9.295,2.133532995691515,0.240178212,0.240178212,0.0,0.0,PRELIMINARY_POINT_BUFFER_PROXY,2.044052907,PRELIMINARY_90M,0.7683231418482473,0.6670180523055318,0.240178212,0.3023432200928514,0.5918508654241129,lane_focus,T2_SPANNER
1082,ST027__ST030,27,ST027,은행동행정복지센터,30,ST030,장곡도서관,10246.0,10.246,2.2275739708934226,0.250512017,0.250512017,0.0,0.0,PRELIMINARY_POINT_BUFFER_PROXY,1.889500259,PRELIMINARY_90M,0.8502282318491086,0.6393929657797397,0.250512017,0.2767005839893923,0.5975004018010861,lane_focus,T2_SPANNER
377,ST008__ST028,8,ST008,시흥능곡역,28,ST028,매화산업단지,8534.0,8.534,1.9269660940085112,0.132284324,0.132284324,0.0,0.0,PRELIMINARY_POINT_BUFFER_PROXY,2.663161369,PRELIMINARY_90M,0.7027818448023426,0.7276982879167211,0.132284324,0.40506273480241645,0.5998935272391878,lane_focus,T2_SPANNER
336,ST007__ST034,7,ST007,장현지구,34,ST034,군자디지털과학고등학교,5320.0,5.32,1.7415557933434342,0.349152348,0.349152348,0.0,0.0,PRELIMINARY_POINT_BUFFER_PROXY,3.459564988,PRELIMINARY_90M,0.4259753681853415,0.7821636482306576,0.349152348,0.5371982139272702,0.6036683397543913,lane_focus,T2_SPANNER
754,ST017__ST027,17,ST017,장곡동,27,ST027,은행동행정복지센터,8041.0,8.041,2.0018165708542117,0.367749391,0.310051367,0.057698024,0.0,PRELIMINARY_POINT_BUFFER_PROXY,2.105160326,PRELIMINARY_90M,0.6603221083455344,0.7057105225312625,0.367749391,0.31248187076571854,0.6043463840785867,lane_focus,T2_SPANNER
422,ST009__ST027,9,ST009,능곡중앙공원,27,ST027,은행동행정복지센터,9105.0,9.105,2.1150789574271274,0.294373865,0.20908945,0.112981425,0.0,PRELIMINARY_POINT_BUFFER_PROXY,2.406833091,PRELIMINARY_90M,0.7519593488932909,0.6724390339862242,0.294373865,0.3625339729802295,0.6046188312644577,lane_focus,T2_SPANNER
702,ST015__ST052,15,ST015,목감택지개발예정지구,52,ST052,가온그린공원,8287.0,8.287,2.079700427811776,0.209100319,0.209100319,0.0,0.0,PRELIMINARY_POINT_BUFFER_PROXY,3.986145537,PRELIMINARY_90M,0.6815089139608992,0.6828316839952338,0.209100319,0.6245659398892783,0.6056147123267697,lane_focus,T2_SPANNER
456,ST010__ST016,10,ST010,은계호수공원,16,ST016,물왕호수,10580.0,10.58,2.2218545891823154,0.101231567,0.101231567,0.0,0.0,PRELIMINARY_POINT_BUFFER_PROXY,3.247297419,PRELIMINARY_90M,0.8789940573594006,0.6410730676109271,0.101231567,0.501979794192185,0.6056677626145321,lane_focus,T2_SPANNER
376,ST008__ST027,8,ST008,시흥능곡역,27,ST027,은행동행정복지센터,8933.0,8.933,1.9781235549054759,0.197632505,0.145725353,0.051907151,0.0,PRELIMINARY_POINT_BUFFER_PROXY,2.905223139,PRELIMINARY_90M,0.7371458100077513,0.7126704845503242,0.197632505,0.445224465856479,0.6147890171127477,lane_focus,T2_SPANNER
1065,ST026__ST041,26,ST026,은계파크자이,41,ST041,연꽃테마파크,9366.0,9.366,2.0139460598089474,0.222913602,0.193421536,0.059240165,0.0,PRELIMINARY_POINT_BUFFER_PROXY,2.43890326,PRELIMINARY_90M,0.7744380328998364,0.7021474142035491,0.222913602,0.3678549020234086,0.6149057458290744,lane_focus,T2_SPANNER
962,ST023__ST028,23,ST023,오이도역,28,ST028,매화산업단지,11733.0,11.733,2.286056940327946,0.14851192,0.14851192,0.0,0.0,PRELIMINARY_POINT_BUFFER_PROXY,3.068159669,PRELIMINARY_90M,0.978296443028163,0.6222132514324008,0.14851192,0.472258115559785,0.6251833360292196,lane_focus,T2_SPANNER
585,ST013__ST016,13,ST013,삼미시장,16,ST016,물왕호수,11877.0,11.877,2.3055951065304647,0.158172509,0.158172509,0.0,0.0,PRELIMINARY_POINT_BUFFER_PROXY,3.169724636,PRELIMINARY_90M,0.9906984755834984,0.6164738008286501,0.158172509,0.48910928908119133,0.6285483245683188,lane_focus,T2_SPANNER
14,ST001__ST015,1,ST001,월곶역,15,ST015,목감택지개발예정지구,11985.0,11.985,2.1415444016209766,0.073988583,0.073988583,0.0,0.0,PRELIMINARY_POINT_BUFFER_PROXY,2.910643961,PRELIMINARY_90M,1.0,0.6646646549537981,0.073988583,0.44612386271396687,0.6380430011982956,lane_focus,T2_SPANNER
661,ST014__ST051,14,ST014,시흥대야역,51,ST051,연성중학교,11175.0,11.175,2.121938824432075,0.20091631,0.171828694,0.03652646,0.0,PRELIMINARY_POINT_BUFFER_PROXY,3.011366635,PRELIMINARY_90M,0.9302385668762381,0.670423907929096,0.20091631,0.4628352870096499,0.6441925708845725,lane_focus,T2_SPANNER
1109,ST028__ST030,28,ST028,매화산업단지,30,ST030,장곡도서관,9762.0,9.762,1.8251079234098146,0.165184991,0.165184991,0.0,0.0,PRELIMINARY_POINT_BUFFER_PROXY,3.996719363,PRELIMINARY_90M,0.8085436224270088,0.7576197213143068,0.165184991,0.626320298522715,0.6683555447661771,lane_focus,T2_SPANNER
1474,ST050__ST054,50,ST050,시흥한라3차아파트,54,ST054,시흥 프리미엄 아울렛,4969.0,4.969,4.404187534909858,0.286229319,0.286229319,0.0,0.0,PRELIMINARY_POINT_BUFFER_PROXY,1.464039357,PRELIMINARY_90M,0.3957454138317113,0.0,0.286229319,0.20611014618443493,0.1624817659263713,lane_focus,DEGREE_LIMIT_3
1444,ST046__ST050,46,ST046,배곧1동행정복지센터,50,ST050,시흥한라3차아파트,2363.0,2.363,4.178737580648687,0.479447383,0.479447383,0.0,0.0,PRELIMINARY_POINT_BUFFER_PROXY,1.190735572,PRELIMINARY_90M,0.17130307467057102,0.06622724275592551,0.479447383,0.16076488943766587,0.16393298643937212,lane_focus,DEGREE_LIMIT_3
209,ST004__ST054,4,ST004,배곧중심상가,54,ST054,시흥 프리미엄 아울렛,3518.0,3.518,3.9115620934849367,0.174673018,0.174673018,0.0,0.0,PRELIMINARY_POINT_BUFFER_PROXY,1.470188615,PRELIMINARY_90M,0.2707777107914908,0.14471160486108936,0.174673018,0.2071304016588043,0.18696422299429782,lane_focus,DEGREE_LIMIT_3
202,ST004__ST047,4,ST004,배곧중심상가,47,ST047,배곧2동행정복지센터,2617.0,2.617,4.125555851408769,0.591916562,0.591916562,0.0,0.0,PRELIMINARY_POINT_BUFFER_PROXY,1.078170272,PRELIMINARY_90M,0.1931788820945655,0.08184968678832416,0.591916562,0.14208859328144147,0.19221590754594758,lane_focus,DEGREE_LIMIT_3
1222,ST032__ST045,32,ST032,희망공원,45,ST045,시흥중앙도서관,3542.0,3.542,3.695161173181692,0.239589717,0.239589717,0.0,0.0,PRELIMINARY_POINT_BUFFER_PROXY,1.100349444,PRELIMINARY_90M,0.27284471621738005,0.20828064096267274,0.239589717,0.1457684554127718,0.22286680262695857,lane_focus,DEGREE_LIMIT_3
175,ST004__ST020,4,ST004,배곧중심상가,20,ST020,시화공업단지[왼쪽부근],5086.0,5.086,4.0907536789867915,0.503240937,0.503240937,0.0,0.0,PRELIMINARY_POINT_BUFFER_PROXY,0.713569367,PRELIMINARY_90M,0.40582206528292136,0.09207302850057764,0.503240937,0.08159575507457452,0.23113774662847664,lane_focus,DEGREE_LIMIT_3
1409,ST043__ST045,43,ST043,시흥종합버스터미널,45,ST045,시흥중앙도서관,671.0,0.671,3.1817228022763167,0.300402098,0.300402098,0.0,0.0,PRELIMINARY_POINT_BUFFER_PROXY,0.425583211,PRELIMINARY_90M,0.025579192145379383,0.35910616559669406,0.300402098,0.03381446955986759,0.23438964249067865,lane_focus,DEGREE_LIMIT_3
1439,ST045__ST054,45,ST045,시흥중앙도서관,54,ST054,시흥 프리미엄 아울렛,6917.0,6.917,4.195062440228731,0.369304599,0.369304599,0.0,0.0,PRELIMINARY_POINT_BUFFER_PROXY,1.195975935,PRELIMINARY_90M,0.5635173542330548,0.06143171976765516,0.369304599,0.1616343454010411,0.2431543228321954,lane_focus,DEGREE_LIMIT_3
124,ST003__ST020,3,ST003,배곧한울공원,20,ST020,시화공업단지[왼쪽부근],5193.0,5.193,3.656428711169751,0.322906619,0.322906619,0.0,0.0,PRELIMINARY_POINT_BUFFER_PROXY,0.631602774,PRELIMINARY_90M,0.4150374644733442,0.21965852823085064,0.322906619,0.0679962500247527,0.2688242480862367,lane_focus,DEGREE_LIMIT_3
63,ST002__ST011,2,ST002,월곶포구,11,ST011,배곧생명공원,3928.0,3.928,3.437997456052192,0.304495296,0.304495296,0.0,0.0,PRELIMINARY_POINT_BUFFER_PROXY,1.160746133,PRELIMINARY_90M,0.3060890534837654,0.28382398705988165,0.304495296,0.1557891851635865,0.27968746981724085,lane_focus,DEGREE_LIMIT_3
248,ST005__ST043,5,ST005,배곧중·고등학교,43,ST043,시흥종합버스터미널,5498.0,5.498,3.837015357175228,0.516546058,0.516546058,0.0,0.0,PRELIMINARY_POINT_BUFFER_PROXY,0.754435463,PRELIMINARY_90M,0.44130565842735336,0.16661014468747493,0.516546058,0.0883760622531162,0.2799510018758874,lane_focus,DEGREE_LIMIT_3
981,ST023__ST047,23,ST023,오이도역,47,ST047,배곧2동행정복지센터,3445.0,3.445,3.720252557069112,0.68437309,0.68437309,0.0,0.0,PRELIMINARY_POINT_BUFFER_PROXY,1.070800265,PRELIMINARY_90M,0.2644905692877444,0.20090990018235189,0.68437309,0.14086579697205084,0.2833201356103171,lane_focus,DEGREE_LIMIT_3
949,ST022__ST047,22,ST022,오이도박물관,47,ST047,배곧2동행정복지센터,4352.0,4.352,3.2556383357386656,0.040564469,0.040564469,0.0,0.0,PRELIMINARY_POINT_BUFFER_PROXY,1.850197274,PRELIMINARY_90M,0.34260614934114203,0.3373930452987237,0.040564469,0.2701796207113337,0.28745069240578075,lane_focus,DEGREE_LIMIT_3
784,ST018__ST020,18,ST018,정왕역,20,ST020,시화공업단지[왼쪽부근],1949.0,1.949,3.244027725944256,0.540858498,0.540858498,0.0,0.0,PRELIMINARY_POINT_BUFFER_PROXY,0.564911031,PRELIMINARY_90M,0.13564723107398158,0.34080372983808693,0.540858498,0.05693107502461671,0.29113555489000054,lane_focus,DEGREE_LIMIT_3
102,ST002__ST050,2,ST002,월곶포구,50,ST050,시흥한라3차아파트,4747.0,4.747,3.523226276440958,0.399957822,0.399957822,0.0,0.0,PRELIMINARY_POINT_BUFFER_PROXY,1.080085862,PRELIMINARY_90M,0.3766256136422358,0.25878752255410853,0.399957822,0.14240641881163507,0.29778447986877676,lane_focus,DEGREE_LIMIT_3
10,ST001__ST011,1,ST001,월곶역,11,ST011,배곧생명공원,5473.0,5.473,3.399135690853287,0.159476951,0.159476951,0.0,0.0,PRELIMINARY_POINT_BUFFER_PROXY,1.230120641,PRELIMINARY_90M,0.43915252777538544,0.29523985789554474,0.159476951,0.16729947170038212,0.29805955071165696,lane_focus,DEGREE_LIMIT_3
123,ST003__ST019,3,ST003,배곧한울공원,19,ST019,시화병원,4589.0,4.589,3.3569912039784113,0.314662169,0.314662169,0.0,0.0,PRELIMINARY_POINT_BUFFER_PROXY,0.732725069,PRELIMINARY_90M,0.3630178279217983,0.30762004742467164,0.314662169,0.08477397752529763,0.30024120379531516,lane_focus,DEGREE_LIMIT_3
1225,ST032__ST048,32,ST032,희망공원,48,ST048,정왕평생학습관 사거리,4339.0,4.339,3.4681877374468693,0.435644018,0.435644018,0.0,0.0,PRELIMINARY_POINT_BUFFER_PROXY,0.974972519,PRELIMINARY_90M,0.34148652140211866,0.2749554153125626,0.435644018,0.12496651571681991,0.300692592278493,lane_focus,DEGREE_LIMIT_3
1226,ST032__ST049,32,ST032,희망공원,49,ST049,거북섬 웨이브파크 정문,4499.0,4.499,3.070219818149316,0.042639664,0.042639664,0.0,0.0,PRELIMINARY_POINT_BUFFER_PROXY,0.994963213,PRELIMINARY_90M,0.35526655757471365,0.3918608193822274,0.042639664,0.12828327604626832,0.3039713262894189,lane_focus,DEGREE_LIMIT_3
1421,ST044__ST046,44,ST044,경기과학기술대학교,46,ST046,배곧1동행정복지센터,6072.0,6.072,3.6617220145761413,0.526775367,0.526775367,0.0,0.0,PRELIMINARY_POINT_BUFFER_PROXY,0.891299477,PRELIMINARY_90M,0.49074153819653776,0.21810358939387187,0.526775367,0.111083884811166,0.321861872777187,lane_focus,DEGREE_LIMIT_3
159,ST003__ST055,3,ST003,배곧한울공원,55,ST055,해양생태과학관,4683.0,4.683,2.979187730277081,0.0,0.0,0.0,0.0,PRELIMINARY_POINT_BUFFER_PROXY,2.085033623,PRELIMINARY_90M,0.3711135991731978,0.41860202765548005,0.0,0.30914254447354533,0.332993668068394,lane_focus,DEGREE_LIMIT_3
1320,ST037__ST043,37,ST037,군자동행정복지센터,43,ST043,시흥종합버스터미널,5459.0,5.459,3.293489234867605,0.297239452,0.297239452,0.0,0.0,PRELIMINARY_POINT_BUFFER_PROXY,1.231122529,PRELIMINARY_90M,0.43794677461028336,0.32627412228382535,0.297239452,0.1674657001651343,0.33395624261099693,lane_focus,DEGREE_LIMIT_3
385,ST008__ST036,8,ST008,시흥능곡역,36,ST036,시흥시립군자도서관,4468.0,4.468,3.322939983305055,0.221339234,0.221339234,0.0,0.0,PRELIMINARY_POINT_BUFFER_PROXY,3.518784026,PRELIMINARY_90M,0.3525966755662734,0.3176227926683346,0.221339234,0.5470235534570783,0.33486380567144347,lane_focus,DEGREE_LIMIT_3
1245,ST033__ST046,33,ST033,타원산업단지,46,ST046,배곧1동행정복지센터,8326.0,8.326,3.7254156810420254,0.412918588,0.412918588,0.0,0.0,PRELIMINARY_POINT_BUFFER_PROXY,0.706944131,PRELIMINARY_90M,0.6848677977779691,0.1993932023153966,0.412918588,0.08049652760713226,0.3409009915629038,lane_focus,DEGREE_LIMIT_3
431,ST009__ST036,9,ST009,능곡중앙공원,36,ST036,시흥시립군자도서관,4477.0,4.477,3.3255331202319405,0.336615531,0.336615531,0.073519269,0.0,PRELIMINARY_POINT_BUFFER_PROXY,3.161998942,PRELIMINARY_90M,0.35337180260098183,0.3168610435284025,0.336615531,0.4878274788860746,0.3460485499530542,lane_focus,DEGREE_LIMIT_3
1147,ST029__ST042,29,ST029,관곡공원,42,ST042,시흥시청역,2654.0,2.654,2.6841941622399865,0.0,0.0,0.0,0.0,PRELIMINARY_POINT_BUFFER_PROXY,2.927478894,PRELIMINARY_90M,0.19636551545947808,0.5052581137294531,0.0,0.44891703427285934,0.346612139156882,lane_focus,DEGREE_LIMIT_3
1145,ST029__ST040,29,ST029,관곡공원,40,ST040,갯골생태공원,3173.0,3.173,2.6002442194967386,0.0,0.0,0.0,0.0,PRELIMINARY_POINT_BUFFER_PROXY,1.529257702,PRELIMINARY_90M,0.24106450779433297,0.5299189004465018,0.0,0.2169308620359346,0.3469186633754276,lane_focus,DEGREE_LIMIT_3
505,ST011__ST021,11,ST011,배곧생명공원,21,ST021,오이도 포구 해양관광 단지,6597.0,6.597,3.3356174459520913,0.238967362,0.16067849,0.078288871,0.0,PRELIMINARY_POINT_BUFFER_PROXY,2.087636994,PRELIMINARY_90M,0.535957281887865,0.3138987138633249,0.238967362,0.3095744833374805,0.3577412300373767,lane_focus,DEGREE_LIMIT_3
466,ST010__ST026,10,ST010,은계호수공원,26,ST026,은계파크자이,1220.0,1.22,2.405341600576404,0.254629654,0.254629654,0.0,0.0,PRELIMINARY_POINT_BUFFER_PROXY,1.537591702,PRELIMINARY_90M,0.07286194126259582,0.5871726847699602,0.254629654,0.21831359945293588,0.3718276357459226,lane_focus,DEGREE_LIMIT_3
454,ST010__ST014,10,ST010,은계호수공원,14,ST014,시흥대야역,1525.0,1.525,2.792670740390496,0.667821134,0.57752438,0.090296754,0.0,PRELIMINARY_POINT_BUFFER_PROXY,1.2539899,PRELIMINARY_90M,0.09913013521660495,0.47339248440143145,0.667821134,0.1712597449827669,0.37877792060314364,lane_focus,DEGREE_LIMIT_3
987,ST023__ST053,23,ST023,오이도역,53,ST053,오이도 빨강등대,7777.0,7.777,3.394685268486207,0.291043366,0.22930015,0.061743216,0.0,PRELIMINARY_POINT_BUFFER_PROXY,2.063935872,PRELIMINARY_90M,0.6375850486607527,0.2965471954970843,0.291043366,0.30564210654190666,0.381890575467921,lane_focus,DEGREE_LIMIT_3
1315,ST037__ST038,37,ST037,군자동행정복지센터,38,ST038,능곡도서관,4967.0,4.967,3.1386691135702853,0.330414356,0.316572403,0.018575574,0.0,PRELIMINARY_POINT_BUFFER_PROXY,3.271661112,PRELIMINARY_90M,0.3955731633795539,0.37175343848178544,0.330414356,0.5060221015988842,0.3849343736456696,lane_focus,DEGREE_LIMIT_3
452,ST010__ST012,10,ST010,은계호수공원,12,ST012,신천역,2361.0,2.361,2.79221465563128,0.473443851,0.473443851,0.0,0.0,PRELIMINARY_POINT_BUFFER_PROXY,2.295026039,PRELIMINARY_90M,0.17113082421841358,0.4735264619671615,0.473443851,0.34398348170533055,0.38496086285871717,lane_focus,DEGREE_LIMIT_3
386,ST008__ST037,8,ST008,시흥능곡역,37,ST037,군자동행정복지센터,4944.0,4.944,3.099278481155629,0.296311656,0.296311656,0.0,0.0,PRELIMINARY_POINT_BUFFER_PROXY,3.296729813,PRELIMINARY_90M,0.3935922831797434,0.3833246671555016,0.296311656,0.5101813805607653,0.3855252908287632,lane_focus,DEGREE_LIMIT_3
795,ST018__ST031,18,ST018,정왕역,31,ST031,마전저수지,3945.0,3.945,2.958212084314256,0.124882541,0.124882541,0.0,0.0,PRELIMINARY_POINT_BUFFER_PROXY,5.337782322,PRELIMINARY_90M,0.3075531823271036,0.4247637463468624,0.124882541,0.8488230501382361,0.3928848549190307,lane_focus,DEGREE_LIMIT_3
1288,ST035__ST048,35,ST035,산들공원,48,ST048,정왕평생학습관 사거리,6740.0,6.74,3.084409976243774,0.362180104,0.362180104,0.0,0.0,PRELIMINARY_POINT_BUFFER_PROXY,0.763853952,PRELIMINARY_90M,0.5482731892171216,0.3876923774415475,0.362180104,0.08993873289769443,0.3942353749148235,lane_focus,DEGREE_LIMIT_3
1381,ST041__ST042,41,ST041,연꽃테마파크,42,ST042,시흥시청역,3357.0,3.357,2.4375560527901543,0.0,0.0,0.0,0.0,PRELIMINARY_POINT_BUFFER_PROXY,2.986825232,PRELIMINARY_90M,0.25691154939281713,0.5777095010048499,0.0,0.458763494809769,0.3989589873316061,lane_focus,DEGREE_LIMIT_3
595,ST013__ST026,13,ST013,삼미시장,26,ST026,은계파크자이,1938.0,1.938,2.6326125397405407,0.511569918,0.511569918,0.0,0.0,PRELIMINARY_POINT_BUFFER_PROXY,2.070334106,PRELIMINARY_90M,0.13469985358711567,0.5204105170475657,0.511569918,0.3067036709232997,0.4012860767128917,lane_focus,DEGREE_LIMIT_3
596,ST013__ST027,13,ST013,삼미시장,27,ST027,은행동행정복지센터,1561.0,1.561,2.6154869323133116,0.514819805,0.514819805,0.0,0.0,PRELIMINARY_POINT_BUFFER_PROXY,2.62974837,PRELIMINARY_90M,0.10223064335543881,0.525441264399645,0.514819805,0.3995190098286312,0.4054531647715453,lane_focus,DEGREE_LIMIT_3
283,ST006__ST029,6,ST006,시흥시청 본청,29,ST029,관곡공원,3470.0,3.47,2.475229440723157,0.075912866,0.075912866,0.0,0.0,PRELIMINARY_POINT_BUFFER_PROXY,3.041565706,PRELIMINARY_90M,0.2666436999397123,0.5666427229420483,0.075912866,0.4678457724224623,0.4081537935981985,lane_focus,DEGREE_LIMIT_3
290,ST006__ST036,6,ST006,시흥시청 본청,36,ST036,시흥시립군자도서관,6369.0,6.369,3.006830634630671,0.244304171,0.244304171,0.0,0.0,PRELIMINARY_POINT_BUFFER_PROXY,3.089108296,PRELIMINARY_90M,0.5163207303419172,0.4104817628139833,0.244304171,0.4757338115506301,0.41854007079753397,lane_focus,DEGREE_LIMIT_3
1268,ST034__ST048,34,ST034,군자디지털과학고등학교,48,ST048,정왕평생학습관 사거리,7176.0,7.176,2.984758946773873,0.400823068,0.400823068,0.0,0.0,PRELIMINARY_POINT_BUFFER_PROXY,0.853683595,PRELIMINARY_90M,0.5858237877874429,0.4169654502226392,0.400823068,0.10484283759315485,0.42554641601749577,lane_focus,DEGREE_LIMIT_3
12,ST001__ST013,1,ST001,월곶역,13,ST013,삼미시장,9482.0,9.482,3.1837495936503077,0.119793102,0.106281611,0.059662208,0.0,PRELIMINARY_POINT_BUFFER_PROXY,2.374327025,PRELIMINARY_90M,0.7844285591249677,0.35851078377556755,0.119793102,0.357140721991783,0.429045569168204,lane_focus,DEGREE_LIMIT_3
1403,ST042__ST051,42,ST042,시흥시청역,51,ST051,연성중학교,2072.0,2.072,2.5274345688921906,0.351208623,0.308075573,0.083245449,0.0,PRELIMINARY_POINT_BUFFER_PROXY,4.64619177,PRELIMINARY_90M,0.14624063388166395,0.551307161186513,0.351208623,0.7340776537505509,0.4383027978887276,lane_focus,DEGREE_LIMIT_3
1354,ST039__ST044,39,ST039,능곡힐스테이트,44,ST044,경기과학기술대학교,9820.0,9.82,3.3767573140694007,0.354042298,0.350455432,0.030035451,0.0,PRELIMINARY_POINT_BUFFER_PROXY,2.132369889,PRELIMINARY_90M,0.8135388855395745,0.30181363697040364,0.354042298,0.3169963513105174,0.43909751970114713,lane_focus,DEGREE_LIMIT_3
222,ST005__ST017,5,ST005,배곧중·고등학교,17,ST017,장곡동,7558.0,7.558,2.9182323798804926,0.280728112,0.280728112,0.0,0.0,PRELIMINARY_POINT_BUFFER_PROXY,1.776110559,PRELIMINARY_90M,0.6187236241495134,0.4365080183717649,0.280728112,0.25788750732841914,0.4408328827561028,lane_focus,DEGREE_LIMIT_3
1023,ST025__ST028,25,ST025,목감동행정복지센터,28,ST028,매화산업단지,6878.0,6.878,2.8903708674922335,0.271201217,0.266520768,0.103849183,0.0,PRELIMINARY_POINT_BUFFER_PROXY,3.071832764,PRELIMINARY_90M,0.5601584704159849,0.44469250060211796,0.271201217,0.4728675379131207,0.4503528042463673,lane_focus,DEGREE_LIMIT_3
714,ST016__ST025,16,ST016,물왕호수,25,ST025,목감동행정복지센터,3005.0,3.005,2.1381214943015445,0.193383798,0.119943446,0.161932073,0.0,PRELIMINARY_POINT_BUFFER_PROXY,2.924827881,PRELIMINARY_90M,0.22659546981310827,0.6656701539999965,0.193383798,0.4484771908761643,0.46333923324089177,lane_focus,DEGREE_LIMIT_3
257,ST005__ST052,5,ST005,배곧중·고등학교,52,ST052,가온그린공원,8122.0,8.122,2.8555152975367957,0.2956403,0.2956403,0.0,0.0,PRELIMINARY_POINT_BUFFER_PROXY,1.819513266,PRELIMINARY_90M,0.6672982516579106,0.4549315281521559,0.2956403,0.26508867687102095,0.46514523967765764,lane_focus,DEGREE_LIMIT_3
713,ST016__ST024,16,ST016,물왕호수,24,ST024,목감고등학교,3229.0,3.229,2.105914035609522,0.176923572,0.176923572,0.0,0.0,PRELIMINARY_POINT_BUFFER_PROXY,3.167384816,PRELIMINARY_90M,0.2458875204547412,0.6751312833771932,0.176923572,0.48872107733856496,0.4744481653361384,lane_focus,DEGREE_LIMIT_3
555,ST012__ST028,12,ST012,신천역,28,ST028,매화산업단지,4890.0,4.89,2.367307062591222,0.271935607,0.271935607,0.0,0.0,PRELIMINARY_POINT_BUFFER_PROXY,2.585385906,PRELIMINARY_90M,0.38894152097149254,0.598345552773012,0.271935607,0.39215860199527713,0.4764143578789069,lane_focus,DEGREE_LIMIT_3
666,ST015__ST016,15,ST015,목감택지개발예정지구,16,ST016,물왕호수,3107.0,3.107,2.1181705540136373,0.281664379,0.281664379,0.0,0.0,PRELIMINARY_POINT_BUFFER_PROXY,3.053159992,PRELIMINARY_90M,0.23538024287313755,0.6715308594057094,0.281664379,0.4697694408980579,0.4838370913609449,lane_focus,DEGREE_LIMIT_3
1161,ST030__ST031,30,ST030,장곡도서관,31,ST031,마전저수지,3080.0,3.08,2.4191566998959355,0.306722356,0.306722356,0.0,0.0,PRELIMINARY_POINT_BUFFER_PROXY,6.137599967,PRELIMINARY_90M,0.23305486176901213,0.5831144185381918,0.306722356,0.9815249681271188,0.4939817749240608,lane_focus,DEGREE_LIMIT_3
6,ST001__ST007,1,ST001,월곶역,7,ST007,장현지구,6606.0,6.606,2.2379457054195973,0.124628605,0.124628605,0.0,0.0,PRELIMINARY_POINT_BUFFER_PROXY,1.757575321,PRELIMINARY_90M,0.5367324089225735,0.6363462080967941,0.124628605,0.2548122292967868,0.4965317199587191,lane_focus,DEGREE_LIMIT_3
136,ST003__ST032,3,ST003,배곧한울공원,32,ST032,희망공원,2946.0,2.946,2.474419063810549,0.0,0.0,0.0,0.0,PRELIMINARY_POINT_BUFFER_PROXY,0.664390229,PRELIMINARY_90M,0.22151408147446386,0.5668807759001471,0.0,0.07343618773014575,0.14775425552665258,protection_focus,MST
259,ST005__ST054,5,ST005,배곧중·고등학교,54,ST054,시흥 프리미엄 아울렛,1508.0,1.508,1.711681176130996,0.0,0.0,0.0,0.0,PRELIMINARY_POINT_BUFFER_PROXY,0.623743217,PRELIMINARY_90M,0.09766600637326674,0.7909394917780753,0.0,0.06669222992096648,0.14972664835212462,protection_focus,MST
934,ST022__ST032,22,ST022,오이도박물관,32,ST032,희망공원,2894.0,2.894,2.88457420094931,0.0,0.0,0.0,0.0,PRELIMINARY_POINT_BUFFER_PROXY,2.242877844,PRELIMINARY_90M,0.2170355697183705,0.4463953053047024,0.0,0.3353313026249875,0.15475131848779672,protection_focus,MST
1145,ST029__ST040,29,ST029,관곡공원,40,ST040,갯골생태공원,3173.0,3.173,2.6002442194967386,0.0,0.0,0.0,0.0,PRELIMINARY_POINT_BUFFER_PROXY,1.529257702,PRELIMINARY_90M,0.24106450779433297,0.5299189004465018,0.0,0.2169308620359346,0.16144704821915196,protection_focus,MST
151,ST003__ST047,3,ST003,배곧한울공원,47,ST047,배곧2동행정복지센터,2142.0,2.142,2.998593533213879,0.082490603,0.082490603,0.0,0.0,PRELIMINARY_POINT_BUFFER_PROXY,1.45164868,PRELIMINARY_90M,0.15226939970717424,0.41290145953524826,0.082490603,0.20405434432339853,0.16165330478942067,protection_focus,MST
957,ST022__ST055,22,ST022,오이도박물관,55,ST055,해양생태과학관,1977.0,1.977,2.056726097058233,0.0,0.0,0.0,0.0,PRELIMINARY_POINT_BUFFER_PROXY,2.016046436,PRELIMINARY_90M,0.1380587374041857,0.6895805280345066,0.0,0.29769652038444466,0.16772141559466688,protection_focus,MST
1210,ST032__ST033,32,ST032,희망공원,33,ST033,타원산업단지,2081.0,2.081,1.4965117896209403,0.0,0.0,0.0,0.0,PRELIMINARY_POINT_BUFFER_PROXY,0.481788461,PRELIMINARY_90M,0.14701576091637242,0.8541467576244774,0.0,0.043139775800197705,0.1691899314527845,protection_focus,MST
1147,ST029__ST042,29,ST029,관곡공원,42,ST042,시흥시청역,2654.0,2.654,2.6841941622399865,0.0,0.0,0.0,0.0,PRELIMINARY_POINT_BUFFER_PROXY,2.927478894,PRELIMINARY_90M,0.19636551545947808,0.5052581137294531,0.0,0.44891703427285934,0.1697717993515734,protection_focus,MST
108,ST003__ST004,3,ST003,배곧한울공원,4,ST004,배곧중심상가,4685.0,4.685,2.9330495193194137,0.0,0.0,0.0,0.0,PRELIMINARY_POINT_BUFFER_PROXY,1.18657571,PRELIMINARY_90M,0.37128584962535527,0.432155396993838,0.0,0.16007470503198293,0.1736522424586128,protection_focus,MST
1226,ST032__ST049,32,ST032,희망공원,49,ST049,거북섬 웨이브파크 정문,4499.0,4.499,3.070219818149316,0.042639664,0.042639664,0.0,0.0,PRELIMINARY_POINT_BUFFER_PROXY,0.994963213,PRELIMINARY_90M,0.35526655757471365,0.3918608193822274,0.042639664,0.12828327604626832,0.18174392190563934,protection_focus,MST
115,ST003__ST011,3,ST003,배곧한울공원,11,ST011,배곧생명공원,4442.0,4.442,2.929381135965357,0.030002831,0.030002831,0.0,0.0,PRELIMINARY_POINT_BUFFER_PROXY,1.252044916,PRELIMINARY_90M,0.3503574196882267,0.43323300606103465,0.030002831,0.17093704254068998,0.18466942558528088,protection_focus,MST
1242,ST033__ST043,33,ST033,타원산업단지,43,ST043,시흥종합버스터미널,2934.0,2.934,2.565523484039041,0.07531911,0.07531911,0.0,0.0,PRELIMINARY_POINT_BUFFER_PROXY,0.889229462,PRELIMINARY_90M,0.22048057876151925,0.5401183195741607,0.07531911,0.11074043782361453,0.18487149140886536,protection_focus,MST
1381,ST041__ST042,41,ST041,연꽃테마파크,42,ST042,시흥시청역,3357.0,3.357,2.4375560527901543,0.0,0.0,0.0,0.0,PRELIMINARY_POINT_BUFFER_PROXY,2.986825232,PRELIMINARY_90M,0.25691154939281713,0.5777095010048499,0.0,0.458763494809769,0.19676066197990866,protection_focus,MST
209,ST004__ST054,4,ST004,배곧중심상가,54,ST054,시흥 프리미엄 아울렛,3518.0,3.518,3.9115620934849367,0.174673018,0.174673018,0.0,0.0,PRELIMINARY_POINT_BUFFER_PROXY,1.470188615,PRELIMINARY_90M,0.2707777107914908,0.14471160486108936,0.174673018,0.2071304016588043,0.19745071759291655,protection_focus,MST
53,ST001__ST054,1,ST001,월곶역,54,ST054,시흥 프리미엄 아울렛,3069.0,3.069,2.971566575272677,0.131704676,0.131704676,0.0,0.0,PRELIMINARY_POINT_BUFFER_PROXY,1.446878915,PRELIMINARY_90M,0.23210748428214625,0.42084078651533996,0.131704676,0.20326296772922972,0.20733162382076054,protection_focus,MST
1243,ST033__ST044,33,ST033,타원산업단지,44,ST044,경기과학기술대학교,1598.0,1.598,1.7010597777371803,0.123630586,0.123630586,0.0,0.0,PRELIMINARY_POINT_BUFFER_PROXY,0.331684145,PRELIMINARY_90M,0.1054172767203514,0.7940595896824632,0.123630586,0.018235185665018444,0.20910206919895916,protection_focus,MST
1,ST001__ST002,1,ST001,월곶역,2,ST002,월곶포구,619.0,0.619,1.5532421960245575,0.149164241,0.149164241,0.0,0.0,PRELIMINARY_POINT_BUFFER_PROXY,0.47799073,PRELIMINARY_90M,0.02110068038928602,0.8374818689184798,0.149164241,0.042509674437898,0.20973053837888325,protection_focus,MST
1409,ST043__ST045,43,ST043,시흥종합버스터미널,45,ST045,시흥중앙도서관,671.0,0.671,3.1817228022763167,0.300402098,0.300402098,0.0,0.0,PRELIMINARY_POINT_BUFFER_PROXY,0.425583211,PRELIMINARY_90M,0.025579192145379383,0.35910616559669406,0.300402098,0.03381446955986759,0.21384321883183574,protection_focus,MST
30,ST001__ST031,1,ST001,월곶역,31,ST031,마전저수지,4726.0,4.726,2.1733816526852707,0.0,0.0,0.0,0.0,PRELIMINARY_POINT_BUFFER_PROXY,1.971254241,PRELIMINARY_90M,0.37481698389458273,0.6553122762326484,0.0,0.2902648136390502,0.22102756877244795,protection_focus,MST
1448,ST046__ST054,46,ST046,배곧1동행정복지센터,54,ST054,시흥 프리미엄 아울렛,1087.0,1.087,2.0,0.198910149,0.198910149,0.0,0.0,PRELIMINARY_POINT_BUFFER_PROXY,0.722410179,PRELIMINARY_90M,0.06140728619412626,0.7062441508450915,0.198910149,0.08306258031444422,0.2290497767067397,protection_focus,MST
1136,ST029__ST031,29,ST029,관곡공원,31,ST031,마전저수지,5377.0,5.377,2.6870303020635813,0.0,0.0,0.0,0.0,PRELIMINARY_POINT_BUFFER_PROXY,3.331666559,PRELIMINARY_90M,0.43088450607182843,0.504424981067251,0.0,0.5159779183484388,0.2349826655128886,protection_focus,MST
867,ST020__ST032,20,ST020,시화공업단지[왼쪽부근],32,ST032,희망공원,3417.0,3.417,2.3443302754970845,0.138210853,0.138210853,0.0,0.0,PRELIMINARY_POINT_BUFFER_PROXY,0.829933024,PRELIMINARY_90M,0.26207906295754024,0.6050951183767019,0.138210853,0.10090225645602437,0.23547968564149277,protection_focus,MST
283,ST006__ST029,6,ST006,시흥시청 본청,29,ST029,관곡공원,3470.0,3.47,2.475229440723157,0.075912866,0.075912866,0.0,0.0,PRELIMINARY_POINT_BUFFER_PROXY,3.041565706,PRELIMINARY_90M,0.2666436999397123,0.5666427229420483,0.075912866,0.4678457724224623,0.23639834366848156,protection_focus,MST
378,ST008__ST029,8,ST008,시흥능곡역,29,ST029,관곡공원,4389.0,4.389,2.156570265400262,0.0,0.0,0.0,0.0,PRELIMINARY_POINT_BUFFER_PROXY,3.417489749,PRELIMINARY_90M,0.3457927827060546,0.6602507195800281,0.0,0.5302172915257137,0.23850753276608921,protection_focus,MST
1236,ST033__ST037,33,ST033,타원산업단지,37,ST037,군자동행정복지센터,6377.0,6.377,2.6778195613261624,0.052201447,0.052201447,0.0,0.0,PRELIMINARY_POINT_BUFFER_PROXY,1.167165179,PRELIMINARY_90M,0.5170097321505469,0.5071306900339172,0.052201447,0.15685420257247207,0.2471081802999715,protection_focus,MST
125,ST003__ST021,3,ST003,배곧한울공원,21,ST021,오이도 포구 해양관광 단지,3868.0,3.868,3.0553772480821526,0.133587529,0.0,0.133587529,0.0,PRELIMINARY_POINT_BUFFER_PROXY,3.056247109,PRELIMINARY_90M,0.3009215399190423,0.39622091115594826,0.133587529,0.47028164058447025,0.24848545021159987,protection_focus,MST
466,ST010__ST026,10,ST010,은계호수공원,26,ST026,은계파크자이,1220.0,1.22,2.405341600576404,0.254629654,0.254629654,0.0,0.0,PRELIMINARY_POINT_BUFFER_PROXY,1.537591702,PRELIMINARY_90M,0.07286194126259582,0.5871726847699602,0.254629654,0.21831359945293588,0.2554375749764366,protection_focus,MST
1230,ST032__ST053,32,ST032,희망공원,53,ST053,오이도 빨강등대,4261.0,4.261,2.5365996710680383,0.114060629,0.001306683,0.112753945,0.0,PRELIMINARY_POINT_BUFFER_PROXY,2.285603339,PRELIMINARY_90M,0.33476875376797866,0.5486148588142554,0.114060629,0.3424201123917743,0.2572567430033104,protection_focus,MST
797,ST018__ST033,18,ST018,정왕역,33,ST033,타원산업단지,3728.0,3.728,2.6919701197263484,0.201894718,0.201894718,0.0,0.0,PRELIMINARY_POINT_BUFFER_PROXY,0.876118982,PRELIMINARY_90M,0.2888640082680217,0.5029738807350543,0.201894718,0.10856520969176346,0.2594659641464399,protection_focus,MST
952,ST022__ST050,22,ST022,오이도박물관,50,ST050,시흥한라3차아파트,4574.0,4.574,3.4123151124351194,0.205257775,0.205257775,0.0,0.0,PRELIMINARY_POINT_BUFFER_PROXY,1.596050461,PRELIMINARY_90M,0.36172594953061754,0.291368325717403,0.205257775,0.22801279712761313,0.25956690345302613,protection_focus,MST
1143,ST029__ST038,29,ST029,관곡공원,38,ST038,능곡도서관,4223.0,4.223,2.511994530716733,0.118739746,0.102463148,0.021842811,0.0,PRELIMINARY_POINT_BUFFER_PROXY,2.578907523,PRELIMINARY_90M,0.33149599517698736,0.5558427627117288,0.118739746,0.39108373967517096,0.26472866016852326,protection_focus,MST
1247,ST033__ST048,33,ST033,타원산업단지,48,ST048,정왕평생학습관 사거리,3608.0,3.608,2.731241808577759,0.220485387,0.220485387,0.0,0.0,PRELIMINARY_POINT_BUFFER_PROXY,0.925063471,PRELIMINARY_90M,0.2785289811385755,0.49143759242876095,0.220485387,0.11668584519647998,0.26525916216860596,protection_focus,MST
127,ST003__ST023,3,ST003,배곧한울공원,23,ST023,오이도역,4569.0,4.569,3.362496455886152,0.25196631,0.25196631,0.0,0.0,PRELIMINARY_POINT_BUFFER_PROXY,0.707990957,PRELIMINARY_90M,0.3612953234002239,0.3060028474757016,0.25196631,0.08067021196989801,0.2702744341684011,protection_focus,MST
833,ST019__ST033,19,ST019,시화병원,33,ST033,타원산업단지,3836.0,3.836,2.7436795030655845,0.224557843,0.224557843,0.0,0.0,PRELIMINARY_POINT_BUFFER_PROXY,0.855941648,PRELIMINARY_90M,0.2981655326845233,0.48778394692296034,0.224557843,0.10521748294624725,0.2705096450041996,protection_focus,MST
731,ST016__ST042,16,ST016,물왕호수,42,ST042,시흥시청역,3596.0,3.596,2.0217012678110553,0.0,0.0,0.0,0.0,PRELIMINARY_POINT_BUFFER_PROXY,6.248952212,PRELIMINARY_90M,0.2774954784256309,0.6998692764915169,0.0,1.0,0.2743542610801353,protection_focus,MST
1144,ST029__ST039,29,ST029,관곡공원,39,ST039,능곡힐스테이트,4321.0,4.321,2.5005444574442675,0.134141311,0.069883904,0.064257407,0.0,PRELIMINARY_POINT_BUFFER_PROXY,2.555414981,PRELIMINARY_90M,0.33993626733270177,0.5592062887087678,0.134141311,0.3871859694755221,0.27465426258704284,protection_focus,MST
1234,ST033__ST035,33,ST033,타원산업단지,35,ST035,산들공원,7540.0,7.54,2.4880660387555813,0.057148758,0.057148758,0.0,0.0,PRELIMINARY_POINT_BUFFER_PROXY,0.8813862,PRELIMINARY_90M,0.6171733700800964,0.5628718971867732,0.057148758,0.10943912130828645,0.2782424182288687,protection_focus,MST
468,ST010__ST028,10,ST010,은계호수공원,28,ST028,매화산업단지,3734.0,3.734,2.2597817465071626,0.156648005,0.156648005,0.0,0.0,PRELIMINARY_POINT_BUFFER_PROXY,2.499811713,PRELIMINARY_90M,0.289380759624494,0.6299317433049347,0.156648005,0.3779605412092454,0.2829550080227883,protection_focus,MST
714,ST016__ST025,16,ST016,물왕호수,25,ST025,목감동행정복지센터,3005.0,3.005,2.1381214943015445,0.193383798,0.119943446,0.161932073,0.0,PRELIMINARY_POINT_BUFFER_PROXY,2.924827881,PRELIMINARY_90M,0.22659546981310827,0.6656701539999965,0.193383798,0.4484771908761643,0.29803900864089294,protection_focus,MST
713,ST016__ST024,16,ST016,물왕호수,24,ST024,목감고등학교,3229.0,3.229,2.105914035609522,0.176923572,0.176923572,0.0,0.0,PRELIMINARY_POINT_BUFFER_PROXY,3.167384816,PRELIMINARY_90M,0.2458875204547412,0.6751312833771932,0.176923572,0.48872107733856496,0.30007546635412075,protection_focus,MST
385,ST008__ST036,8,ST008,시흥능곡역,36,ST036,시흥시립군자도서관,4468.0,4.468,3.322939983305055,0.221339234,0.221339234,0.0,0.0,PRELIMINARY_POINT_BUFFER_PROXY,3.518784026,PRELIMINARY_90M,0.3525966755662734,0.3176227926683346,0.221339234,0.5470235534570783,0.30116456013752635,protection_focus,MST
1157,ST029__ST052,29,ST029,관곡공원,52,ST052,가온그린공원,4265.0,4.265,2.386392012061943,0.201240875,0.201240875,0.0,0.0,PRELIMINARY_POINT_BUFFER_PROXY,2.198243349,PRELIMINARY_90M,0.3351132546722935,0.5927392372351619,0.201240875,0.327925760709286,0.3061022128242763,protection_focus,MST
1205,ST031__ST051,31,ST031,마전저수지,51,ST051,연성중학교,6100.0,6.1,2.6203589074087144,0.119255883,0.104609688,0.028266702,0.0,PRELIMINARY_POINT_BUFFER_PROXY,2.974419427,PRELIMINARY_90M,0.49315304452674186,0.5240100932184334,0.119255883,0.4567051829833325,0.3071882349127837,protection_focus,MST
16,ST001__ST017,1,ST001,월곶역,17,ST017,장곡동,5471.0,5.471,2.2032904503529056,0.141154833,0.141154833,0.0,0.0,PRELIMINARY_POINT_BUFFER_PROXY,2.041065843,PRELIMINARY_90M,0.438980277323228,0.64652639197659,0.141154833,0.3018476207216278,0.30748620669945825,protection_focus,MST
1233,ST033__ST034,33,ST033,타원산업단지,34,ST034,군자디지털과학고등학교,7893.0,7.893,2.4341605952920373,0.09909245,0.09909245,0.0,0.0,PRELIMINARY_POINT_BUFFER_PROXY,0.916931401,PRELIMINARY_90M,0.647575574885884,0.5787069365054786,0.09909245,0.11533661103921174,0.309779820301214,protection_focus,MST
364,ST008__ST015,8,ST008,시흥능곡역,15,ST015,목감택지개발예정지구,6807.0,6.807,1.8885444736486015,0.0,0.0,0.0,0.0,PRELIMINARY_POINT_BUFFER_PROXY,4.039381199,PRELIMINARY_90M,0.5540435793643959,0.7389848636314539,0.0,0.6333985462927141,0.31269847901508846,protection_focus,MST
424,ST009__ST029,9,ST009,능곡중앙공원,29,ST029,관곡공원,4562.0,4.562,2.4231442712656004,0.204923527,0.178849884,0.12823664,0.0,PRELIMINARY_POINT_BUFFER_PROXY,2.421968536,PRELIMINARY_90M,0.3606924468176729,0.5819430461244302,0.204923527,0.36504517361911415,0.3164308494849941,protection_focus,MST
6,ST001__ST007,1,ST001,월곶역,7,ST007,장현지구,6606.0,6.606,2.2379457054195973,0.124628605,0.124628605,0.0,0.0,PRELIMINARY_POINT_BUFFER_PROXY,1.757575321,PRELIMINARY_90M,0.5367324089225735,0.6363462080967941,0.124628605,0.2548122292967868,0.3174305588748412,protection_focus,MST
1080,ST027__ST028,27,ST027,은행동행정복지센터,28,ST028,매화산업단지,4046.0,4.046,2.177258890186534,0.235801443,0.235801443,0.0,0.0,PRELIMINARY_POINT_BUFFER_PROXY,2.540050863,PRELIMINARY_90M,0.3162518301610542,0.6541733150380895,0.235801443,0.3846368285062608,0.333553359146603,protection_focus,MST
480,ST010__ST040,10,ST010,은계호수공원,40,ST040,갯골생태공원,7454.0,7.454,2.3810988212602635,0.143643119,0.143643119,0.0,0.0,PRELIMINARY_POINT_BUFFER_PROXY,1.480173201,PRELIMINARY_90M,0.6097666006373267,0.5942941429938482,0.143643119,0.20878699640988027,0.33428603074939695,protection_focus,MST
1135,ST029__ST030,29,ST029,관곡공원,30,ST030,장곡도서관,4785.0,4.785,2.344415023463761,0.235519282,0.235519282,0.0,0.0,PRELIMINARY_POINT_BUFFER_PROXY,2.140637973,PRELIMINARY_90M,0.3798983722332271,0.6050702231657867,0.235519282,0.3183681522600866,0.33533158275918346,protection_focus,MST
12,ST001__ST013,1,ST001,월곶역,13,ST013,삼미시장,9482.0,9.482,3.1837495936503077,0.119793102,0.106281611,0.059662208,0.0,PRELIMINARY_POINT_BUFFER_PROXY,2.374327025,PRELIMINARY_90M,0.7844285591249677,0.35851078377556755,0.119793102,0.357140721991783,0.3454943805467554,protection_focus,MST
11,ST001__ST012,1,ST001,월곶역,12,ST012,신천역,9663.0,9.663,3.1389937154892604,0.13373513,0.120476554,0.058545419,0.0,PRELIMINARY_POINT_BUFFER_PROXY,2.347871234,PRELIMINARY_90M,0.8000172250452158,0.3716580847694396,0.13373513,0.3527513036917991,0.3578957143458998,protection_focus,MST
638,ST014__ST028,14,ST014,시흥대야역,28,ST028,매화산업단지,7295.0,7.295,2.089908465771216,0.142572754,0.110267444,0.03230531,0.0,PRELIMINARY_POINT_BUFFER_PROXY,3.417863274,PRELIMINARY_90M,0.5960726896908104,0.6798330131362529,0.142572754,0.5302792650070776,0.3753074278938483,protection_focus,MST
136,ST003__ST032,3,ST003,배곧한울공원,32,ST032,희망공원,2946.0,2.946,2.474419063810549,0.0,0.0,0.0,0.0,PRELIMINARY_POINT_BUFFER_PROXY,0.664390229,PRELIMINARY_90M,0.22151408147446386,0.5668807759001471,0.0,0.07343618773014575,0.14775425552665258,protection_focus,T2_SPANNER
259,ST005__ST054,5,ST005,배곧중·고등학교,54,ST054,시흥 프리미엄 아울렛,1508.0,1.508,1.711681176130996,0.0,0.0,0.0,0.0,PRELIMINARY_POINT_BUFFER_PROXY,0.623743217,PRELIMINARY_90M,0.09766600637326674,0.7909394917780753,0.0,0.06669222992096648,0.14972664835212462,protection_focus,T2_SPANNER
934,ST022__ST032,22,ST022,오이도박물관,32,ST032,희망공원,2894.0,2.894,2.88457420094931,0.0,0.0,0.0,0.0,PRELIMINARY_POINT_BUFFER_PROXY,2.242877844,PRELIMINARY_90M,0.2170355697183705,0.4463953053047024,0.0,0.3353313026249875,0.15475131848779672,protection_focus,T2_SPANNER
1145,ST029__ST040,29,ST029,관곡공원,40,ST040,갯골생태공원,3173.0,3.173,2.6002442194967386,0.0,0.0,0.0,0.0,PRELIMINARY_POINT_BUFFER_PROXY,1.529257702,PRELIMINARY_90M,0.24106450779433297,0.5299189004465018,0.0,0.2169308620359346,0.16144704821915196,protection_focus,T2_SPANNER
151,ST003__ST047,3,ST003,배곧한울공원,47,ST047,배곧2동행정복지센터,2142.0,2.142,2.998593533213879,0.082490603,0.082490603,0.0,0.0,PRELIMINARY_POINT_BUFFER_PROXY,1.45164868,PRELIMINARY_90M,0.15226939970717424,0.41290145953524826,0.082490603,0.20405434432339853,0.16165330478942067,protection_focus,T2_SPANNER
957,ST022__ST055,22,ST022,오이도박물관,55,ST055,해양생태과학관,1977.0,1.977,2.056726097058233,0.0,0.0,0.0,0.0,PRELIMINARY_POINT_BUFFER_PROXY,2.016046436,PRELIMINARY_90M,0.1380587374041857,0.6895805280345066,0.0,0.29769652038444466,0.16772141559466688,protection_focus,T2_SPANNER
1210,ST032__ST033,32,ST032,희망공원,33,ST033,타원산업단지,2081.0,2.081,1.4965117896209403,0.0,0.0,0.0,0.0,PRELIMINARY_POINT_BUFFER_PROXY,0.481788461,PRELIMINARY_90M,0.14701576091637242,0.8541467576244774,0.0,0.043139775800197705,0.1691899314527845,protection_focus,T2_SPANNER
1147,ST029__ST042,29,ST029,관곡공원,42,ST042,시흥시청역,2654.0,2.654,2.6841941622399865,0.0,0.0,0.0,0.0,PRELIMINARY_POINT_BUFFER_PROXY,2.927478894,PRELIMINARY_90M,0.19636551545947808,0.5052581137294531,0.0,0.44891703427285934,0.1697717993515734,protection_focus,T2_SPANNER
108,ST003__ST004,3,ST003,배곧한울공원,4,ST004,배곧중심상가,4685.0,4.685,2.9330495193194137,0.0,0.0,0.0,0.0,PRELIMINARY_POINT_BUFFER_PROXY,1.18657571,PRELIMINARY_90M,0.37128584962535527,0.432155396993838,0.0,0.16007470503198293,0.1736522424586128,protection_focus,T2_SPANNER
1226,ST032__ST049,32,ST032,희망공원,49,ST049,거북섬 웨이브파크 정문,4499.0,4.499,3.070219818149316,0.042639664,0.042639664,0.0,0.0,PRELIMINARY_POINT_BUFFER_PROXY,0.994963213,PRELIMINARY_90M,0.35526655757471365,0.3918608193822274,0.042639664,0.12828327604626832,0.18174392190563934,protection_focus,T2_SPANNER
949,ST022__ST047,22,ST022,오이도박물관,47,ST047,배곧2동행정복지센터,4352.0,4.352,3.2556383357386656,0.040564469,0.040564469,0.0,0.0,PRELIMINARY_POINT_BUFFER_PROXY,1.850197274,PRELIMINARY_90M,0.34260614934114203,0.3373930452987237,0.040564469,0.2701796207113337,0.18356069070122744,protection_focus,T2_SPANNER
115,ST003__ST011,3,ST003,배곧한울공원,11,ST011,배곧생명공원,4442.0,4.442,2.929381135965357,0.030002831,0.030002831,0.0,0.0,PRELIMINARY_POINT_BUFFER_PROXY,1.252044916,PRELIMINARY_90M,0.3503574196882267,0.43323300606103465,0.030002831,0.17093704254068998,0.18466942558528088,protection_focus,T2_SPANNER
1242,ST033__ST043,33,ST033,타원산업단지,43,ST043,시흥종합버스터미널,2934.0,2.934,2.565523484039041,0.07531911,0.07531911,0.0,0.0,PRELIMINARY_POINT_BUFFER_PROXY,0.889229462,PRELIMINARY_90M,0.22048057876151925,0.5401183195741607,0.07531911,0.11074043782361453,0.18487149140886536,protection_focus,T2_SPANNER
159,ST003__ST055,3,ST003,배곧한울공원,55,ST055,해양생태과학관,4683.0,4.683,2.979187730277081,0.0,0.0,0.0,0.0,PRELIMINARY_POINT_BUFFER_PROXY,2.085033623,PRELIMINARY_90M,0.3711135991731978,0.41860202765548005,0.0,0.30914254447354533,0.186482958388976,protection_focus,T2_SPANNER
1381,ST041__ST042,41,ST041,연꽃테마파크,42,ST042,시흥시청역,3357.0,3.357,2.4375560527901543,0.0,0.0,0.0,0.0,PRELIMINARY_POINT_BUFFER_PROXY,2.986825232,PRELIMINARY_90M,0.25691154939281713,0.5777095010048499,0.0,0.458763494809769,0.19676066197990866,protection_focus,T2_SPANNER
209,ST004__ST054,4,ST004,배곧중심상가,54,ST054,시흥 프리미엄 아울렛,3518.0,3.518,3.9115620934849367,0.174673018,0.174673018,0.0,0.0,PRELIMINARY_POINT_BUFFER_PROXY,1.470188615,PRELIMINARY_90M,0.2707777107914908,0.14471160486108936,0.174673018,0.2071304016588043,0.19745071759291655,protection_focus,T2_SPANNER
53,ST001__ST054,1,ST001,월곶역,54,ST054,시흥 프리미엄 아울렛,3069.0,3.069,2.971566575272677,0.131704676,0.131704676,0.0,0.0,PRELIMINARY_POINT_BUFFER_PROXY,1.446878915,PRELIMINARY_90M,0.23210748428214625,0.42084078651533996,0.131704676,0.20326296772922972,0.20733162382076054,protection_focus,T2_SPANNER
1243,ST033__ST044,33,ST033,타원산업단지,44,ST044,경기과학기술대학교,1598.0,1.598,1.7010597777371803,0.123630586,0.123630586,0.0,0.0,PRELIMINARY_POINT_BUFFER_PROXY,0.331684145,PRELIMINARY_90M,0.1054172767203514,0.7940595896824632,0.123630586,0.018235185665018444,0.20910206919895916,protection_focus,T2_SPANNER
1,ST001__ST002,1,ST001,월곶역,2,ST002,월곶포구,619.0,0.619,1.5532421960245575,0.149164241,0.149164241,0.0,0.0,PRELIMINARY_POINT_BUFFER_PROXY,0.47799073,PRELIMINARY_90M,0.02110068038928602,0.8374818689184798,0.149164241,0.042509674437898,0.20973053837888325,protection_focus,T2_SPANNER
1246,ST033__ST047,33,ST033,타원산업단지,47,ST047,배곧2동행정복지센터,5822.0,5.822,2.832765178273928,0.030351918,0.030351918,0.0,0.0,PRELIMINARY_POINT_BUFFER_PROXY,0.750301445,PRELIMINARY_90M,0.46921023167685816,0.4616145087545951,0.030351918,0.08769016576029681,0.21048970980843348,protection_focus,T2_SPANNER
1409,ST043__ST045,43,ST043,시흥종합버스터미널,45,ST045,시흥중앙도서관,671.0,0.671,3.1817228022763167,0.300402098,0.300402098,0.0,0.0,PRELIMINARY_POINT_BUFFER_PROXY,0.425583211,PRELIMINARY_90M,0.025579192145379383,0.35910616559669406,0.300402098,0.03381446955986759,0.21384321883183574,protection_focus,T2_SPANNER
1146,ST029__ST041,29,ST029,관곡공원,41,ST041,연꽃테마파크,3138.0,3.138,1.7569046050067059,0.0,0.0,0.0,0.0,PRELIMINARY_POINT_BUFFER_PROXY,2.735579863,PRELIMINARY_90M,0.2380501248815778,0.7776548450269946,0.0,0.4170780649364076,0.2178685644680844,protection_focus,T2_SPANNER
30,ST001__ST031,1,ST001,월곶역,31,ST031,마전저수지,4726.0,4.726,2.1733816526852707,0.0,0.0,0.0,0.0,PRELIMINARY_POINT_BUFFER_PROXY,1.971254241,PRELIMINARY_90M,0.37481698389458273,0.6553122762326484,0.0,0.2902648136390502,0.22102756877244795,protection_focus,T2_SPANNER
1254,ST033__ST055,33,ST033,타원산업단지,55,ST055,해양생태과학관,6669.0,6.669,2.6513319891233778,0.0,0.0,0.0,0.0,PRELIMINARY_POINT_BUFFER_PROXY,1.019873464,PRELIMINARY_90M,0.5421582981655327,0.5149115692983981,0.0,0.13241626574204388,0.22601793651034727,protection_focus,T2_SPANNER
1448,ST046__ST054,46,ST046,배곧1동행정복지센터,54,ST054,시흥 프리미엄 아울렛,1087.0,1.087,2.0,0.198910149,0.198910149,0.0,0.0,PRELIMINARY_POINT_BUFFER_PROXY,0.722410179,PRELIMINARY_90M,0.06140728619412626,0.7062441508450915,0.198910149,0.08306258031444422,0.2290497767067397,protection_focus,T2_SPANNER
1222,ST032__ST045,32,ST032,희망공원,45,ST045,시흥중앙도서관,3542.0,3.542,3.695161173181692,0.239589717,0.239589717,0.0,0.0,PRELIMINARY_POINT_BUFFER_PROXY,1.100349444,PRELIMINARY_90M,0.27284471621738005,0.20828064096267274,0.239589717,0.1457684554127718,0.2338249792400231,protection_focus,T2_SPANNER
1136,ST029__ST031,29,ST029,관곡공원,31,ST031,마전저수지,5377.0,5.377,2.6870303020635813,0.0,0.0,0.0,0.0,PRELIMINARY_POINT_BUFFER_PROXY,3.331666559,PRELIMINARY_90M,0.43088450607182843,0.504424981067251,0.0,0.5159779183484388,0.2349826655128886,protection_focus,T2_SPANNER
867,ST020__ST032,20,ST020,시화공업단지[왼쪽부근],32,ST032,희망공원,3417.0,3.417,2.3443302754970845,0.138210853,0.138210853,0.0,0.0,PRELIMINARY_POINT_BUFFER_PROXY,0.829933024,PRELIMINARY_90M,0.26207906295754024,0.6050951183767019,0.138210853,0.10090225645602437,0.23547968564149277,protection_focus,T2_SPANNER
283,ST006__ST029,6,ST006,시흥시청 본청,29,ST029,관곡공원,3470.0,3.47,2.475229440723157,0.075912866,0.075912866,0.0,0.0,PRELIMINARY_POINT_BUFFER_PROXY,3.041565706,PRELIMINARY_90M,0.2666436999397123,0.5666427229420483,0.075912866,0.4678457724224623,0.23639834366848156,protection_focus,T2_SPANNER
945,ST022__ST043,22,ST022,오이도박물관,43,ST043,시흥종합버스터미널,5950.0,5.95,2.5472433575560016,0.037132252,0.037132252,0.0,0.0,PRELIMINARY_POINT_BUFFER_PROXY,1.30121079,PRELIMINARY_90M,0.4802342606149341,0.5454882136518451,0.037132252,0.17909440918568284,0.23835736412007855,protection_focus,T2_SPANNER
378,ST008__ST029,8,ST008,시흥능곡역,29,ST029,관곡공원,4389.0,4.389,2.156570265400262,0.0,0.0,0.0,0.0,PRELIMINARY_POINT_BUFFER_PROXY,3.417489749,PRELIMINARY_90M,0.3457927827060546,0.6602507195800281,0.0,0.5302172915257137,0.23850753276608921,protection_focus,T2_SPANNER
109,ST003__ST005,3,ST003,배곧한울공원,5,ST005,배곧중·고등학교,4928.0,4.928,2.777738601711209,0.110945923,0.110945923,0.0,0.0,PRELIMINARY_POINT_BUFFER_PROXY,1.138942822,PRELIMINARY_90M,0.39221427956248384,0.4777788874788641,0.110945923,0.1521716840915664,0.2404105329216072,protection_focus,T2_SPANNER
1379,ST040__ST054,40,ST040,갯골생태공원,54,ST054,시흥 프리미엄 아울렛,5042.0,5.042,2.505555704817685,0.080180898,0.080180898,0.0,0.0,PRELIMINARY_POINT_BUFFER_PROXY,1.509985427,PRELIMINARY_90M,0.40203255533545773,0.5577342054812642,0.080180898,0.2137332983506408,0.24563204849111814,protection_focus,T2_SPANNER
1236,ST033__ST037,33,ST033,타원산업단지,37,ST037,군자동행정복지센터,6377.0,6.377,2.6778195613261624,0.052201447,0.052201447,0.0,0.0,PRELIMINARY_POINT_BUFFER_PROXY,1.167165179,PRELIMINARY_90M,0.5170097321505469,0.5071306900339172,0.052201447,0.15685420257247207,0.2471081802999715,protection_focus,T2_SPANNER
125,ST003__ST021,3,ST003,배곧한울공원,21,ST021,오이도 포구 해양관광 단지,3868.0,3.868,3.0553772480821526,0.133587529,0.0,0.133587529,0.0,PRELIMINARY_POINT_BUFFER_PROXY,3.056247109,PRELIMINARY_90M,0.3009215399190423,0.39622091115594826,0.133587529,0.47028164058447025,0.24848545021159987,protection_focus,T2_SPANNER
10,ST001__ST011,1,ST001,월곶역,11,ST011,배곧생명공원,5473.0,5.473,3.399135690853287,0.159476951,0.159476951,0.0,0.0,PRELIMINARY_POINT_BUFFER_PROXY,1.230120641,PRELIMINARY_90M,0.43915252777538544,0.29523985789554474,0.159476951,0.16729947170038212,0.2505425332982163,protection_focus,T2_SPANNER
466,ST010__ST026,10,ST010,은계호수공원,26,ST026,은계파크자이,1220.0,1.22,2.405341600576404,0.254629654,0.254629654,0.0,0.0,PRELIMINARY_POINT_BUFFER_PROXY,1.537591702,PRELIMINARY_90M,0.07286194126259582,0.5871726847699602,0.254629654,0.21831359945293588,0.2554375749764366,protection_focus,T2_SPANNER
1230,ST032__ST053,32,ST032,희망공원,53,ST053,오이도 빨강등대,4261.0,4.261,2.5365996710680383,0.114060629,0.001306683,0.112753945,0.0,PRELIMINARY_POINT_BUFFER_PROXY,2.285603339,PRELIMINARY_90M,0.33476875376797866,0.5486148588142554,0.114060629,0.3424201123917743,0.2572567430033104,protection_focus,T2_SPANNER
797,ST018__ST033,18,ST018,정왕역,33,ST033,타원산업단지,3728.0,3.728,2.6919701197263484,0.201894718,0.201894718,0.0,0.0,PRELIMINARY_POINT_BUFFER_PROXY,0.876118982,PRELIMINARY_90M,0.2888640082680217,0.5029738807350543,0.201894718,0.10856520969176346,0.2594659641464399,protection_focus,T2_SPANNER
952,ST022__ST050,22,ST022,오이도박물관,50,ST050,시흥한라3차아파트,4574.0,4.574,3.4123151124351194,0.205257775,0.205257775,0.0,0.0,PRELIMINARY_POINT_BUFFER_PROXY,1.596050461,PRELIMINARY_90M,0.36172594953061754,0.291368325717403,0.205257775,0.22801279712761313,0.25956690345302613,protection_focus,T2_SPANNER
1474,ST050__ST054,50,ST050,시흥한라3차아파트,54,ST054,시흥 프리미엄 아울렛,4969.0,4.969,4.404187534909858,0.286229319,0.286229319,0.0,0.0,PRELIMINARY_POINT_BUFFER_PROXY,1.464039357,PRELIMINARY_90M,0.3957454138317113,0.0,0.286229319,0.20611014618443493,0.2626620275763713,protection_focus,T2_SPANNER
1143,ST029__ST038,29,ST029,관곡공원,38,ST038,능곡도서관,4223.0,4.223,2.511994530716733,0.118739746,0.102463148,0.021842811,0.0,PRELIMINARY_POINT_BUFFER_PROXY,2.578907523,PRELIMINARY_90M,0.33149599517698736,0.5558427627117288,0.118739746,0.39108373967517096,0.26472866016852326,protection_focus,T2_SPANNER
1247,ST033__ST048,33,ST033,타원산업단지,48,ST048,정왕평생학습관 사거리,3608.0,3.608,2.731241808577759,0.220485387,0.220485387,0.0,0.0,PRELIMINARY_POINT_BUFFER_PROXY,0.925063471,PRELIMINARY_90M,0.2785289811385755,0.49143759242876095,0.220485387,0.11668584519647998,0.26525916216860596,protection_focus,T2_SPANNER
127,ST003__ST023,3,ST003,배곧한울공원,23,ST023,오이도역,4569.0,4.569,3.362496455886152,0.25196631,0.25196631,0.0,0.0,PRELIMINARY_POINT_BUFFER_PROXY,0.707990957,PRELIMINARY_90M,0.3612953234002239,0.3060028474757016,0.25196631,0.08067021196989801,0.2702744341684011,protection_focus,T2_SPANNER
833,ST019__ST033,19,ST019,시화병원,33,ST033,타원산업단지,3836.0,3.836,2.7436795030655845,0.224557843,0.224557843,0.0,0.0,PRELIMINARY_POINT_BUFFER_PROXY,0.855941648,PRELIMINARY_90M,0.2981655326845233,0.48778394692296034,0.224557843,0.10521748294624725,0.2705096450041996,protection_focus,T2_SPANNER
731,ST016__ST042,16,ST016,물왕호수,42,ST042,시흥시청역,3596.0,3.596,2.0217012678110553,0.0,0.0,0.0,0.0,PRELIMINARY_POINT_BUFFER_PROXY,6.248952212,PRELIMINARY_90M,0.2774954784256309,0.6998692764915169,0.0,1.0,0.2743542610801353,protection_focus,T2_SPANNER
1144,ST029__ST039,29,ST029,관곡공원,39,ST039,능곡힐스테이트,4321.0,4.321,2.5005444574442675,0.134141311,0.069883904,0.064257407,0.0,PRELIMINARY_POINT_BUFFER_PROXY,2.555414981,PRELIMINARY_90M,0.33993626733270177,0.5592062887087678,0.134141311,0.3871859694755221,0.27465426258704284,protection_focus,T2_SPANNER
925,ST022__ST023,22,ST022,오이도박물관,23,ST023,오이도역,6145.0,6.145,3.451768155847177,0.187192651,0.187192651,0.0,0.0,PRELIMINARY_POINT_BUFFER_PROXY,1.271537161,PRELIMINARY_90M,0.4970286797002842,0.27977876344814856,0.187192651,0.17417110259622826,0.27723742020191616,protection_focus,T2_SPANNER
1234,ST033__ST035,33,ST033,타원산업단지,35,ST035,산들공원,7540.0,7.54,2.4880660387555813,0.057148758,0.057148758,0.0,0.0,PRELIMINARY_POINT_BUFFER_PROXY,0.8813862,PRELIMINARY_90M,0.6171733700800964,0.5628718971867732,0.057148758,0.10943912130828645,0.2782424182288687,protection_focus,T2_SPANNER
56,ST002__ST004,2,ST002,월곶포구,4,ST004,배곧중심상가,3192.0,3.192,3.5458499603414118,0.332930014,0.332930014,0.0,0.0,PRELIMINARY_POINT_BUFFER_PROXY,1.198313388,PRELIMINARY_90M,0.24270088708982862,0.2521416830789185,0.332930014,0.16202216442234924,0.2811636976765298,protection_focus,T2_SPANNER
468,ST010__ST028,10,ST010,은계호수공원,28,ST028,매화산업단지,3734.0,3.734,2.2597817465071626,0.156648005,0.156648005,0.0,0.0,PRELIMINARY_POINT_BUFFER_PROXY,2.499811713,PRELIMINARY_90M,0.289380759624494,0.6299317433049347,0.156648005,0.3779605412092454,0.2829550080227883,protection_focus,T2_SPANNER
795,ST018__ST031,18,ST018,정왕역,31,ST031,마전저수지,3945.0,3.945,2.958212084314256,0.124882541,0.124882541,0.0,0.0,PRELIMINARY_POINT_BUFFER_PROXY,5.337782322,PRELIMINARY_90M,0.3075531823271036,0.4247637463468624,0.124882541,0.8488230501382361,0.2879264330476289,protection_focus,T2_SPANNER
879,ST020__ST044,20,ST020,시화공업단지[왼쪽부근],44,ST044,경기과학기술대학교,406.0,0.406,2.506476981067469,0.352976565,0.352976565,0.0,0.0,PRELIMINARY_POINT_BUFFER_PROXY,1.876973273,PRELIMINARY_90M,0.0027560072345189906,0.5574635751942025,0.352976565,0.274622166391066,0.2882590372268667,protection_focus,T2_SPANNER
1465,ST049__ST050,49,ST049,거북섬 웨이브파크 정문,50,ST050,시흥한라3차아파트,6734.0,6.734,2.955151712758751,0.139358768,0.139358768,0.0,0.0,PRELIMINARY_POINT_BUFFER_PROXY,1.546127024,PRELIMINARY_90M,0.5477564378606494,0.42566274839187934,0.139358768,0.21972973925321837,0.2924408796492661,protection_focus,T2_SPANNER
365,ST008__ST016,8,ST008,시흥능곡역,16,ST016,물왕호수,5244.0,5.244,1.760127283972371,0.0,0.0,0.0,0.0,PRELIMINARY_POINT_BUFFER_PROXY,4.553952786,PRELIMINARY_90M,0.4194298510033589,0.776708164230882,0.0,0.7187738027206755,0.29324106765753954,protection_focus,T2_SPANNER
714,ST016__ST025,16,ST016,물왕호수,25,ST025,목감동행정복지센터,3005.0,3.005,2.1381214943015445,0.193383798,0.119943446,0.161932073,0.0,PRELIMINARY_POINT_BUFFER_PROXY,2.924827881,PRELIMINARY_90M,0.22659546981310827,0.6656701539999965,0.193383798,0.4484771908761643,0.29803900864089294,protection_focus,T2_SPANNER
713,ST016__ST024,16,ST016,물왕호수,24,ST024,목감고등학교,3229.0,3.229,2.105914035609522,0.176923572,0.176923572,0.0,0.0,PRELIMINARY_POINT_BUFFER_PROXY,3.167384816,PRELIMINARY_90M,0.2458875204547412,0.6751312833771932,0.176923572,0.48872107733856496,0.30007546635412075,protection_focus,T2_SPANNER
385,ST008__ST036,8,ST008,시흥능곡역,36,ST036,시흥시립군자도서관,4468.0,4.468,3.322939983305055,0.221339234,0.221339234,0.0,0.0,PRELIMINARY_POINT_BUFFER_PROXY,3.518784026,PRELIMINARY_90M,0.3525966755662734,0.3176227926683346,0.221339234,0.5470235534570783,0.30116456013752635,protection_focus,T2_SPANNER
988,ST023__ST054,23,ST023,오이도역,54,ST054,시흥 프리미엄 아울렛,4175.0,4.175,3.62850171203835,0.340947009,0.340947009,0.0,0.0,PRELIMINARY_POINT_BUFFER_PROXY,1.34126926,PRELIMINARY_90M,0.32736198432520885,0.2278622475750438,0.340947009,0.18574071892132277,0.3050674096096911,protection_focus,T2_SPANNER
1449,ST046__ST055,46,ST046,배곧1동행정복지센터,55,ST055,해양생태과학관,7851.0,7.851,3.5232407663534175,0.164232235,0.164232235,0.0,0.0,PRELIMINARY_POINT_BUFFER_PROXY,1.618401666,PRELIMINARY_90M,0.6439583153905779,0.25878326605756985,0.164232235,0.23172120215143918,0.3050953064714239,protection_focus,T2_SPANNER
1157,ST029__ST052,29,ST029,관곡공원,52,ST052,가온그린공원,4265.0,4.265,2.386392012061943,0.201240875,0.201240875,0.0,0.0,PRELIMINARY_POINT_BUFFER_PROXY,2.198243349,PRELIMINARY_90M,0.3351132546722935,0.5927392372351619,0.201240875,0.327925760709286,0.3061022128242763,protection_focus,T2_SPANNER
1393,ST041__ST054,41,ST041,연꽃테마파크,54,ST054,시흥 프리미엄 아울렛,8437.0,8.437,2.489736395352416,0.047911633,0.047911633,0.0,0.0,PRELIMINARY_POINT_BUFFER_PROXY,1.716462461,PRELIMINARY_90M,0.6944276978727069,0.5623812201662786,0.047911633,0.24799098021568108,0.3067190220146866,protection_focus,T2_SPANNER
1205,ST031__ST051,31,ST031,마전저수지,51,ST051,연성중학교,6100.0,6.1,2.6203589074087144,0.119255883,0.104609688,0.028266702,0.0,PRELIMINARY_POINT_BUFFER_PROXY,2.974419427,PRELIMINARY_90M,0.49315304452674186,0.5240100932184334,0.119255883,0.4567051829833325,0.3071882349127837,protection_focus,T2_SPANNER
16,ST001__ST017,1,ST001,월곶역,17,ST017,장곡동,5471.0,5.471,2.2032904503529056,0.141154833,0.141154833,0.0,0.0,PRELIMINARY_POINT_BUFFER_PROXY,2.041065843,PRELIMINARY_90M,0.438980277323228,0.64652639197659,0.141154833,0.3018476207216278,0.30748620669945825,protection_focus,T2_SPANNER
186,ST004__ST031,4,ST004,배곧중심상가,31,ST031,마전저수지,3997.0,3.997,2.3484547535520255,0.124673026,0.124673026,0.0,0.0,PRELIMINARY_POINT_BUFFER_PROXY,4.838723446,PRELIMINARY_90M,0.312031694083197,0.603883528823352,0.124673026,0.7660215885193494,0.30752912469623694,protection_focus,T2_SPANNER
912,ST021__ST043,21,ST021,오이도 포구 해양관광 단지,43,ST043,시흥종합버스터미널,6933.0,6.933,2.4234188576339304,0.1092334,0.031860253,0.077373148,0.0,PRELIMINARY_POINT_BUFFER_PROXY,1.726597,PRELIMINARY_90M,0.5648953578503143,0.581862384772635,0.1092334,0.24967245445126526,0.3080871426236004,protection_focus,T2_SPANNER
1233,ST033__ST034,33,ST033,타원산업단지,34,ST034,군자디지털과학고등학교,7893.0,7.893,2.4341605952920373,0.09909245,0.09909245,0.0,0.0,PRELIMINARY_POINT_BUFFER_PROXY,0.916931401,PRELIMINARY_90M,0.647575574885884,0.5787069365054786,0.09909245,0.11533661103921174,0.309779820301214,protection_focus,T2_SPANNER
270,ST006__ST016,6,ST006,시흥시청 본청,16,ST016,물왕호수,4622.0,4.622,1.9307119944807511,0.057014033,0.057014033,0.0,0.0,PRELIMINARY_POINT_BUFFER_PROXY,5.215434929,PRELIMINARY_90M,0.365859960382396,0.7265979077426484,0.057014033,0.8285237559009357,0.31181406834708986,protection_focus,T2_SPANNER
727,ST016__ST038,16,ST016,물왕호수,38,ST038,능곡도서관,4155.0,4.155,2.1086022039793035,0.113688603,0.097131004,0.022219908,0.0,PRELIMINARY_POINT_BUFFER_PROXY,4.589248558,PRELIMINARY_90M,0.3256394798036345,0.6743416181950566,0.113688603,0.7246299083849838,0.3118684050186655,protection_focus,T2_SPANNER
364,ST008__ST015,8,ST008,시흥능곡역,15,ST015,목감택지개발예정지구,6807.0,6.807,1.8885444736486015,0.0,0.0,0.0,0.0,PRELIMINARY_POINT_BUFFER_PROXY,4.039381199,PRELIMINARY_90M,0.5540435793643959,0.7389848636314539,0.0,0.6333985462927141,0.31269847901508846,protection_focus,T2_SPANNER
1292,ST035__ST052,35,ST035,산들공원,52,ST052,가온그린공원,3835.0,3.835,1.9561805087839683,0.129647388,0.129647388,0.0,0.0,PRELIMINARY_POINT_BUFFER_PROXY,4.205215096,PRELIMINARY_90M,0.2980794074584446,0.719116382696793,0.129647388,0.6609129132700402,0.3133022945961341,protection_focus,T2_SPANNER
92,ST002__ST040,2,ST002,월곶포구,40,ST040,갯골생태공원,5178.0,5.178,2.1502804312043358,0.182738865,0.182738865,0.0,0.0,PRELIMINARY_POINT_BUFFER_PROXY,1.514434926,PRELIMINARY_90M,0.41374558608216344,0.6620983951652961,0.182738865,0.2144715379419787,0.31556774208953314,protection_focus,T2_SPANNER
756,ST017__ST029,17,ST017,장곡동,29,ST029,관곡공원,4322.0,4.322,2.2640824773122388,0.207924155,0.207924155,0.0,0.0,PRELIMINARY_POINT_BUFFER_PROXY,2.212483712,PRELIMINARY_90M,0.3400223925587805,0.628668378475303,0.207924155,0.33028845362406645,0.3162967777733972,protection_focus,T2_SPANNER
424,ST009__ST029,9,ST009,능곡중앙공원,29,ST029,관곡공원,4562.0,4.562,2.4231442712656004,0.204923527,0.178849884,0.12823664,0.0,PRELIMINARY_POINT_BUFFER_PROXY,2.421968536,PRELIMINARY_90M,0.3606924468176729,0.5819430461244302,0.204923527,0.36504517361911415,0.3164308494849941,protection_focus,T2_SPANNER
6,ST001__ST007,1,ST001,월곶역,7,ST007,장현지구,6606.0,6.606,2.2379457054195973,0.124628605,0.124628605,0.0,0.0,PRELIMINARY_POINT_BUFFER_PROXY,1.757575321,PRELIMINARY_90M,0.5367324089225735,0.6363462080967941,0.124628605,0.2548122292967868,0.3174305588748412,protection_focus,T2_SPANNER
534,ST011__ST050,11,ST011,배곧생명공원,50,ST050,시흥한라3차아파트,995.0,0.995,2.969355785245408,0.47264275,0.47264275,0.0,0.0,PRELIMINARY_POINT_BUFFER_PROXY,0.56995669,PRELIMINARY_90M,0.05348376539488416,0.4214902190171036,0.47264275,0.057768226631615675,0.31869267186444816,protection_focus,T2_SPANNER
820,ST019__ST020,19,ST019,시화병원,20,ST020,시화공업단지[왼쪽부근],1979.0,1.979,2.8736363843131483,0.422822321,0.422822321,0.0,0.0,PRELIMINARY_POINT_BUFFER_PROXY,0.548112375,PRELIMINARY_90M,0.13823098785634313,0.4496083529185587,0.422822321,0.054143922372044954,0.31882455263907405,protection_focus,T2_SPANNER
1473,ST050__ST053,50,ST050,시흥한라3차아파트,53,ST053,오이도 빨강등대,5727.0,5.727,3.0902887703235526,0.220321594,0.136464907,0.083856687,0.0,PRELIMINARY_POINT_BUFFER_PROXY,2.477162819,PRELIMINARY_90M,0.4610283351993799,0.38596544729463533,0.220321594,0.3742027450504386,0.32073297239908416,protection_focus,T2_SPANNER
965,ST023__ST031,23,ST023,오이도역,31,ST031,마전저수지,3731.0,3.731,2.433467062881194,0.164525975,0.164525975,0.0,0.0,PRELIMINARY_POINT_BUFFER_PROXY,5.004986189,PRELIMINARY_90M,0.28912238394625783,0.5789106657077423,0.164525975,0.7936071075737493,0.32074089410010076,protection_focus,T2_SPANNER
1443,ST046__ST049,46,ST046,배곧1동행정복지센터,49,ST049,거북섬 웨이브파크 정문,8306.0,8.306,3.48477898206516,0.178349401,0.178349401,0.0,0.0,PRELIMINARY_POINT_BUFFER_PROXY,1.578347877,PRELIMINARY_90M,0.6831452932563948,0.27008164016117986,0.178349401,0.22507566906492915,0.3229808367447686,protection_focus,T2_SPANNER
1376,ST040__ST051,40,ST040,갯골생태공원,51,ST051,연성중학교,5417.0,5.417,2.495832602905231,0.192518156,0.176017861,0.031845057,0.0,PRELIMINARY_POINT_BUFFER_PROXY,2.410565802,PRELIMINARY_90M,0.4343295151149772,0.5605904235399768,0.192518156,0.36315328653513135,0.3252453489632539,protection_focus,T2_SPANNER
1024,ST025__ST029,25,ST025,목감동행정복지센터,29,ST029,관곡공원,7247.0,7.247,2.3666145151496805,0.03405396,0.029414561,0.03405396,0.0,PRELIMINARY_POINT_BUFFER_PROXY,4.523781929,PRELIMINARY_90M,0.591938678839032,0.598548992634782,0.03405396,0.7137679984397906,0.32617079844895436,protection_focus,T2_SPANNER
1052,ST026__ST028,26,ST026,은계파크자이,28,ST028,매화산업단지,3710.0,3.71,2.0137289994067236,0.230217732,0.230217732,0.0,0.0,PRELIMINARY_POINT_BUFFER_PROXY,2.364000529,PRELIMINARY_90M,0.2873137541986048,0.7022111769663222,0.230217732,0.35542739916892313,0.32781172101149186,protection_focus,T2_SPANNER
1253,ST033__ST054,33,ST033,타원산업단지,54,ST054,시흥 프리미엄 아울렛,9930.0,9.93,2.6675480936559572,0.074252772,0.074252772,0.0,0.0,PRELIMINARY_POINT_BUFFER_PROXY,0.983376333,PRELIMINARY_90M,0.8230126604082336,0.5101479937414455,0.074252772,0.12636083633876846,0.3320378337971521,protection_focus,T2_SPANNER
172,ST004__ST017,4,ST004,배곧중심상가,17,ST017,장곡동,6764.0,6.764,2.942360541443412,0.206546328,0.206546328,0.0,0.0,PRELIMINARY_POINT_BUFFER_PROXY,1.909089561,PRELIMINARY_90M,0.550340194643011,0.42942022978330263,0.206546328,0.27995074727812974,0.33326632185606114,protection_focus,T2_SPANNER
1080,ST027__ST028,27,ST027,은행동행정복지센터,28,ST028,매화산업단지,4046.0,4.046,2.177258890186534,0.235801443,0.235801443,0.0,0.0,PRELIMINARY_POINT_BUFFER_PROXY,2.540050863,PRELIMINARY_90M,0.3162518301610542,0.6541733150380895,0.235801443,0.3846368285062608,0.333553359146603,protection_focus,T2_SPANNER
480,ST010__ST040,10,ST010,은계호수공원,40,ST040,갯골생태공원,7454.0,7.454,2.3810988212602635,0.143643119,0.143643119,0.0,0.0,PRELIMINARY_POINT_BUFFER_PROXY,1.480173201,PRELIMINARY_90M,0.6097666006373267,0.5942941429938482,0.143643119,0.20878699640988027,0.33428603074939695,protection_focus,T2_SPANNER
1370,ST040__ST045,40,ST040,갯골생태공원,45,ST045,시흥중앙도서관,6568.0,6.568,2.8673395654775087,0.115483078,0.115483078,0.0,0.0,PRELIMINARY_POINT_BUFFER_PROXY,4.790890566,PRELIMINARY_90M,0.5334596503315822,0.4514580802825966,0.115483078,0.7580853858628902,0.33463370221157407,protection_focus,T2_SPANNER
1135,ST029__ST030,29,ST029,관곡공원,30,ST030,장곡도서관,4785.0,4.785,2.344415023463761,0.235519282,0.235519282,0.0,0.0,PRELIMINARY_POINT_BUFFER_PROXY,2.140637973,PRELIMINARY_90M,0.3798983722332271,0.6050702231657867,0.235519282,0.3183681522600866,0.33533158275918346,protection_focus,T2_SPANNER
1235,ST033__ST036,33,ST033,타원산업단지,36,ST036,시흥시립군자도서관,8292.0,8.292,2.7666997178454844,0.141881676,0.141881676,0.0,0.0,PRELIMINARY_POINT_BUFFER_PROXY,1.568226714,PRELIMINARY_90M,0.6819395400912928,0.48102162418256256,0.141881676,0.2233964141112852,0.3359186080613361,protection_focus,T2_SPANNER
51,ST001__ST052,1,ST001,월곶역,52,ST052,가온그린공원,6035.0,6.035,2.185669146366726,0.174249152,0.174249152,0.0,0.0,PRELIMINARY_POINT_BUFFER_PROXY,2.059195852,PRELIMINARY_90M,0.48755490483162517,0.6517027530922669,0.174249152,0.30485566509586226,0.33725428168133254,protection_focus,T2_SPANNER
18,ST001__ST019,1,ST001,월곶역,19,ST019,시화병원,8079.0,8.079,2.5208666486840325,0.077315377,0.077315377,0.0,0.0,PRELIMINARY_POINT_BUFFER_PROXY,3.284411932,PRELIMINARY_90M,0.6635948669365257,0.5532365261644421,0.077315377,0.5081376566638528,0.338355649825183,protection_focus,T2_SPANNER
1447,ST046__ST053,46,ST046,배곧1동행정복지센터,53,ST053,오이도 빨강등대,7401.0,7.401,3.5478278014585065,0.239891327,0.174995367,0.06489596,0.0,PRELIMINARY_POINT_BUFFER_PROXY,2.131583779,PRELIMINARY_90M,0.6052019636551546,0.2515606806820728,0.239891327,0.3168659236994208,0.34066684888604165,protection_focus,T2_SPANNER
1199,ST031__ST045,31,ST031,마전저수지,45,ST045,시흥중앙도서관,6323.0,6.323,2.9253384842551386,0.119919247,0.119919247,0.0,0.0,PRELIMINARY_POINT_BUFFER_PROXY,5.501088401,PRELIMINARY_90M,0.5123589699422961,0.43442055864700735,0.119919247,0.8759180136440037,0.3408042511470255,protection_focus,T2_SPANNER
5,ST001__ST006,1,ST001,월곶역,6,ST006,시흥시청 본청,8097.0,8.097,2.218746574450684,0.109475795,0.109475795,0.0,0.0,PRELIMINARY_POINT_BUFFER_PROXY,1.677605889,PRELIMINARY_90M,0.6651451210059426,0.6419860651176035,0.109475795,0.24154408364731003,0.34147649588385715,protection_focus,T2_SPANNER
190,ST004__ST035,4,ST004,배곧중심상가,35,ST035,산들공원,5634.0,5.634,1.616302802962953,0.164000859,0.164000859,0.0,0.0,PRELIMINARY_POINT_BUFFER_PROXY,1.742014497,PRELIMINARY_90M,0.4530186891740591,0.8189574467790675,0.164000859,0.25223045180888526,0.3433217639912634,protection_focus,T2_SPANNER
1373,ST040__ST048,40,ST040,갯골생태공원,48,ST048,정왕평생학습관 사거리,6381.0,6.381,2.8557744448420976,0.140235273,0.140235273,0.0,0.0,PRELIMINARY_POINT_BUFFER_PROXY,4.850626954,PRELIMINARY_90M,0.5173542330548617,0.45485540211543074,0.140235273,0.7679965616301214,0.3444841612440422,protection_focus,T2_SPANNER
12,ST001__ST013,1,ST001,월곶역,13,ST013,삼미시장,9482.0,9.482,3.1837495936503077,0.119793102,0.106281611,0.059662208,0.0,PRELIMINARY_POINT_BUFFER_PROXY,2.374327025,PRELIMINARY_90M,0.7844285591249677,0.35851078377556755,0.119793102,0.357140721991783,0.3454943805467554,protection_focus,T2_SPANNER
162,ST004__ST007,4,ST004,배곧중심상가,7,ST007,장현지구,7899.0,7.899,2.8650445619521356,0.183317918,0.183317918,0.0,0.0,PRELIMINARY_POINT_BUFFER_PROXY,1.69100406,PRELIMINARY_90M,0.6480923262423564,0.45213225099200605,0.183317918,0.2437670440938041,0.34587858261877036,protection_focus,T2_SPANNER
866,ST020__ST031,20,ST020,시화공업단지[왼쪽부근],31,ST031,마전저수지,5736.0,5.736,3.0,0.215509815,0.215509815,0.0,0.0,PRELIMINARY_POINT_BUFFER_PROXY,3.941832982,PRELIMINARY_90M,0.46180346223408836,0.412488301690183,0.215509815,0.6172138127184809,0.34680039958389763,protection_focus,T2_SPANNER
400,ST008__ST051,8,ST008,시흥능곡역,51,ST051,연성중학교,3584.0,3.584,2.033364282623199,0.203001614,0.178070339,0.048116588,0.0,PRELIMINARY_POINT_BUFFER_PROXY,4.581588549,PRELIMINARY_90M,0.27646197571268627,0.6964431976716694,0.203001614,0.7233589963308841,0.3474186802120104,protection_focus,T2_SPANNER
969,ST023__ST035,23,ST023,오이도역,35,ST035,산들공원,5368.0,5.368,1.6394358943294012,0.193630337,0.193630337,0.0,0.0,PRELIMINARY_POINT_BUFFER_PROXY,1.70575784,PRELIMINARY_90M,0.43010937903712,0.8121619658811384,0.193630337,0.2462149207014601,0.3507883002115968,protection_focus,T2_SPANNER
1202,ST031__ST048,31,ST031,마전저수지,48,ST048,정왕평생학습관 사거리,6136.0,6.136,2.915075802418168,0.145785762,0.145785762,0.0,0.0,PRELIMINARY_POINT_BUFFER_PROXY,5.580934478,PRELIMINARY_90M,0.49625355266557575,0.4374352814646333,0.145785762,0.8891656928219094,0.3514881306682799,protection_focus,T2_SPANNER
431,ST009__ST036,9,ST009,능곡중앙공원,36,ST036,시흥시립군자도서관,4477.0,4.477,3.3255331202319405,0.336615531,0.336615531,0.073519269,0.0,PRELIMINARY_POINT_BUFFER_PROXY,3.161998942,PRELIMINARY_90M,0.35337180260098183,0.3168610435284025,0.336615531,0.4878274788860746,0.35296262056811334,protection_focus,T2_SPANNER
386,ST008__ST037,8,ST008,시흥능곡역,37,ST037,군자동행정복지센터,4944.0,4.944,3.099278481155629,0.296311656,0.296311656,0.0,0.0,PRELIMINARY_POINT_BUFFER_PROXY,3.296729813,PRELIMINARY_90M,0.3935922831797434,0.3833246671555016,0.296311656,0.5101813805607653,0.3550707369243376,protection_focus,T2_SPANNER
42,ST001__ST043,1,ST001,월곶역,43,ST043,시흥종합버스터미널,9008.0,9.008,2.536862478986472,0.084178966,0.084178966,0.0,0.0,PRELIMINARY_POINT_BUFFER_PROXY,3.026550194,PRELIMINARY_90M,0.7436052019636552,0.5485376574510112,0.084178966,0.4653544704932768,0.3568068791578931,protection_focus,T2_SPANNER
11,ST001__ST012,1,ST001,월곶역,12,ST012,신천역,9663.0,9.663,3.1389937154892604,0.13373513,0.120476554,0.058545419,0.0,PRELIMINARY_POINT_BUFFER_PROXY,2.347871234,PRELIMINARY_90M,0.8000172250452158,0.3716580847694396,0.13373513,0.3527513036917991,0.3578957143458998,protection_focus,T2_SPANNER
331,ST007__ST029,7,ST007,장현지구,29,ST029,관곡공원,4165.0,4.165,2.078936189138624,0.271907933,0.271907933,0.0,0.0,PRELIMINARY_POINT_BUFFER_PROXY,2.51365291,PRELIMINARY_90M,0.32650073206442165,0.6830561835756226,0.271907933,0.3802570064105875,0.3580632776935076,protection_focus,T2_SPANNER
1184,ST030__ST054,30,ST030,장곡도서관,54,ST054,시흥 프리미엄 아울렛,5439.0,5.439,2.3816098548711766,0.247921112,0.247921112,0.0,0.0,PRELIMINARY_POINT_BUFFER_PROXY,2.422505924,PRELIMINARY_90M,0.436224270088709,0.5941440238815276,0.247921112,0.3651343344656522,0.35865166055097164,protection_focus,T2_SPANNER
717,ST016__ST028,16,ST016,물왕호수,28,ST028,매화산업단지,5396.0,5.396,1.7354982539155246,0.101337798,0.101337798,0.0,0.0,PRELIMINARY_POINT_BUFFER_PROXY,5.198864531,PRELIMINARY_90M,0.4325208853673241,0.7839430858690926,0.101337798,0.8257744747239257,0.3589680306945875,protection_focus,T2_SPANNER
994,ST024__ST029,24,ST024,목감고등학교,29,ST029,관곡공원,7813.0,7.813,2.2813845626388716,0.071294065,0.071294065,0.0,0.0,PRELIMINARY_POINT_BUFFER_PROXY,4.420422919,PRELIMINARY_90M,0.6406855567995866,0.6235857897080272,0.071294065,0.6966191658850498,0.3590182067446057,protection_focus,T2_SPANNER
290,ST006__ST036,6,ST006,시흥시청 본청,36,ST036,시흥시립군자도서관,6369.0,6.369,3.006830634630671,0.244304171,0.244304171,0.0,0.0,PRELIMINARY_POINT_BUFFER_PROXY,3.089108296,PRELIMINARY_90M,0.5163207303419172,0.4104817628139833,0.244304171,0.4757338115506301,0.3603779136626398,protection_focus,T2_SPANNER
555,ST012__ST028,12,ST012,신천역,28,ST028,매화산업단지,4890.0,4.89,2.367307062591222,0.271935607,0.271935607,0.0,0.0,PRELIMINARY_POINT_BUFFER_PROXY,2.585385906,PRELIMINARY_90M,0.38894152097149254,0.598345552773012,0.271935607,0.39215860199527713,0.3621708768583527,protection_focus,T2_SPANNER
597,ST013__ST028,13,ST013,삼미시장,28,ST028,매화산업단지,5031.0,5.031,2.447712054812518,0.276802217,0.276802217,0.0,0.0,PRELIMINARY_POINT_BUFFER_PROXY,2.504274006,PRELIMINARY_90M,0.4010851778485919,0.5747261160067514,0.276802217,0.3787009035198673,0.3627514107151474,protection_focus,T2_SPANNER
1053,ST026__ST029,26,ST026,은계파크자이,29,ST029,관곡공원,6175.0,6.175,2.002908151887456,0.217079342,0.217079342,0.0,0.0,PRELIMINARY_POINT_BUFFER_PROXY,1.735808496,PRELIMINARY_90M,0.49961243648264575,0.7053898642179204,0.217079342,0.2512007818073677,0.3643713379340862,protection_focus,T2_SPANNER
1092,ST027__ST040,27,ST027,은행동행정복지센터,40,ST040,갯골생태공원,7766.0,7.766,2.333264553599835,0.185388171,0.185388171,0.0,0.0,PRELIMINARY_POINT_BUFFER_PROXY,1.5408174,PRELIMINARY_90M,0.6366376711738868,0.6083457389091405,0.185388171,0.21884879183601075,0.36499024331344376,protection_focus,T2_SPANNER
741,ST016__ST052,16,ST016,물왕호수,52,ST052,가온그린공원,5226.0,5.226,1.988461442932294,0.16416577,0.16416577,0.0,0.0,PRELIMINARY_POINT_BUFFER_PROXY,4.587167154,PRELIMINARY_90M,0.41787959693394194,0.7096336694745379,0.16416577,0.7242845717890278,0.36542629183356895,protection_focus,T2_SPANNER
1272,ST034__ST052,34,ST034,군자디지털과학고등학교,52,ST052,가온그린공원,4271.0,4.271,1.90358243319081,0.218270531,0.218270531,0.0,0.0,PRELIMINARY_POINT_BUFFER_PROXY,4.023457066,PRELIMINARY_90M,0.3356300060287658,0.7345673750565753,0.218270531,0.6307564903133038,0.36630352229700813,protection_focus,T2_SPANNER
167,ST004__ST012,4,ST004,배곧중심상가,12,ST012,신천역,9950.0,9.95,3.298480804869283,0.16356514,0.16356514,0.0,0.0,PRELIMINARY_POINT_BUFFER_PROXY,2.089973668,PRELIMINARY_90M,0.8247351649298079,0.3248078193993663,0.16356514,0.3099621731108347,0.3676837514534404,protection_focus,T2_SPANNER
1046,ST025__ST051,25,ST025,목감동행정복지센터,51,ST051,연성중학교,4855.0,4.855,2.2406696427083874,0.255573087,0.248649808,0.132560721,0.0,PRELIMINARY_POINT_BUFFER_PROXY,3.153385578,PRELIMINARY_90M,0.3859271380587374,0.6355460355854807,0.255573087,0.48639839073044083,0.3682400724255505,protection_focus,T2_SPANNER
269,ST006__ST015,6,ST006,시흥시청 본청,15,ST015,목감택지개발예정지구,6311.0,6.311,2.0188725378469625,0.137175008,0.137175008,0.0,0.0,PRELIMINARY_POINT_BUFFER_PROXY,4.29974913,PRELIMINARY_90M,0.5113254672293515,0.7007002324641489,0.137175008,0.6765975480182851,0.3691836604787887,protection_focus,T2_SPANNER
1315,ST037__ST038,37,ST037,군자동행정복지센터,38,ST038,능곡도서관,4967.0,4.967,3.1386691135702853,0.330414356,0.316572403,0.018575574,0.0,PRELIMINARY_POINT_BUFFER_PROXY,3.271661112,PRELIMINARY_90M,0.3955731633795539,0.37175343848178544,0.330414356,0.5060221015988842,0.3704656947770447,protection_focus,T2_SPANNER
410,ST009__ST015,9,ST009,능곡중앙공원,15,ST015,목감택지개발예정지구,5902.0,5.902,2.0201812566671036,0.180228914,0.180228914,0.099111033,0.0,PRELIMINARY_POINT_BUFFER_PROXY,3.891380857,PRELIMINARY_90M,0.4761002497631556,0.7003157886558333,0.180228914,0.6088430374599344,0.37507119148515733,protection_focus,T2_SPANNER
638,ST014__ST028,14,ST014,시흥대야역,28,ST028,매화산업단지,7295.0,7.295,2.089908465771216,0.142572754,0.110267444,0.03230531,0.0,PRELIMINARY_POINT_BUFFER_PROXY,3.417863274,PRELIMINARY_90M,0.5960726896908104,0.6798330131362529,0.142572754,0.5302792650070776,0.3753074278938483,protection_focus,T2_SPANNER
189,ST004__ST034,4,ST004,배곧중심상가,34,ST034,군자디지털과학고등학교,5987.0,5.987,1.5963618879492623,0.21303547,0.21303547,0.0,0.0,PRELIMINARY_POINT_BUFFER_PROXY,1.737917332,PRELIMINARY_90M,0.4834208939798467,0.8248152072018401,0.21303547,0.2515506697895515,0.37625030655419284,protection_focus,T2_SPANNER
829,ST019__ST029,19,ST019,시화병원,29,ST029,관곡공원,9265.0,9.265,2.820027725618513,0.12145997,0.12145997,0.0,0.0,PRELIMINARY_POINT_BUFFER_PROXY,3.513046847,PRELIMINARY_90M,0.7657393850658858,0.465356209975457,0.12145997,0.546071668159342,0.3765754295787242,protection_focus,T2_SPANNER
1316,ST037__ST039,37,ST037,군자동행정복지센터,39,ST039,능곡힐스테이트,5065.0,5.065,3.1169406297195072,0.339516874,0.284687646,0.054829229,0.0,PRELIMINARY_POINT_BUFFER_PROXY,3.238108219,PRELIMINARY_90M,0.4040134355352683,0.3781363077062194,0.339516874,0.5004551660817568,0.37752775864792565,protection_focus,T2_SPANNER
1369,ST040__ST044,40,ST040,갯골생태공원,44,ST044,경기과학기술대학교,7776.0,7.776,2.85585812190269,0.169872357,0.169872357,0.0,0.0,PRELIMINARY_POINT_BUFFER_PROXY,4.250139429,PRELIMINARY_90M,0.6374989234346741,0.45483082148944154,0.169872357,0.6683665437203552,0.3793721869541203,protection_focus,T2_SPANNER
1446,ST046__ST052,46,ST046,배곧1동행정복지센터,52,ST052,가온그린공원,7614.0,7.614,2.9124827258011097,0.262335461,0.262335461,0.0,0.0,PRELIMINARY_POINT_BUFFER_PROXY,1.923953071,PRELIMINARY_90M,0.6235466368099216,0.438197012888201,0.262335461,0.2824168297625277,0.3810256246119634,protection_focus,T2_SPANNER
968,ST023__ST034,23,ST023,오이도역,34,ST034,군자디지털과학고등학교,5721.0,5.721,1.6171564960054718,0.243107021,0.243107021,0.0,0.0,PRELIMINARY_POINT_BUFFER_PROXY,1.702079171,PRELIMINARY_90M,0.4605115838429076,0.8187066694544447,0.243107021,0.24560457353670576,0.38404786423256415,protection_focus,T2_SPANNER
1382,ST041__ST043,41,ST041,연꽃테마파크,43,ST043,시흥종합버스터미널,10435.0,10.435,2.707502732761991,0.072648627,0.072648627,0.0,0.0,PRELIMINARY_POINT_BUFFER_PROXY,3.682610442,PRELIMINARY_90M,0.8665058995779864,0.49841108480317453,0.072648627,0.5742048487890218,0.38513293599387494,protection_focus,T2_SPANNER
1110,ST028__ST031,28,ST028,매화산업단지,31,ST031,마전저수지,9015.0,9.015,2.1633168838959445,0.125240153,0.125240153,0.0,0.0,PRELIMINARY_POINT_BUFFER_PROXY,2.643668039,PRELIMINARY_90M,0.7442080785462062,0.6582688609349048,0.125240153,0.4018284947288679,0.3875952747496741,protection_focus,T2_SPANNER
1290,ST035__ST050,35,ST035,산들공원,50,ST050,시흥한라3차아파트,7169.0,7.169,2.2273953014365597,0.243851842,0.243851842,0.0,0.0,PRELIMINARY_POINT_BUFFER_PROXY,1.660864196,PRELIMINARY_90M,0.585220911204892,0.6394454509777585,0.243851842,0.23876638202323414,0.38802460465021016,protection_focus,T2_SPANNER
719,ST016__ST030,16,ST016,물왕호수,30,ST030,장곡도서관,5746.0,5.746,1.9895049166095151,0.196052924,0.196052924,0.0,0.0,PRELIMINARY_POINT_BUFFER_PROXY,4.322394635,PRELIMINARY_90M,0.46266471449487556,0.7093271429784149,0.196052924,0.680354781890422,0.3881271902595233,protection_focus,T2_SPANNER
1311,ST036__ST052,36,ST036,시흥시립군자도서관,52,ST052,가온그린공원,4453.0,4.453,1.9583068090046363,0.250288969,0.250288969,0.0,0.0,PRELIMINARY_POINT_BUFFER_PROXY,4.346934905,PRELIMINARY_90M,0.3513047971750926,0.7184917695699125,0.250288969,0.6844263861083622,0.3891870878400962,protection_focus,T2_SPANNER
567,ST012__ST040,12,ST012,신천역,40,ST040,갯골생태공원,8610.0,8.61,2.4258672733918405,0.210859569,0.210859569,0.0,0.0,PRELIMINARY_POINT_BUFFER_PROXY,1.670696384,PRELIMINARY_90M,0.7093273619843252,0.5811431483225858,0.210859569,0.24039769162709676,0.3939728664071789,protection_focus,T2_SPANNER
609,ST013__ST040,13,ST013,삼미시장,40,ST040,갯골생태공원,8751.0,8.751,2.4711492264829102,0.214627747,0.214627747,0.0,0.0,PRELIMINARY_POINT_BUFFER_PROXY,1.634966669,PRELIMINARY_90M,0.7214710188614245,0.567841309740926,0.214627747,0.23446958821585462,0.39630478349808046,protection_focus,T2_SPANNER
1165,ST030__ST035,30,ST030,장곡도서관,35,ST035,산들공원,4843.0,4.843,1.9175399088012453,0.262734007,0.262734007,0.0,0.0,PRELIMINARY_POINT_BUFFER_PROXY,3.856525194,PRELIMINARY_90M,0.3848936353457928,0.730467284956573,0.262734007,0.6030599525757867,0.3974665003375128,protection_focus,T2_SPANNER
369,ST008__ST020,8,ST008,시흥능곡역,20,ST020,시화공업단지[왼쪽부근],10511.0,10.511,3.1512350183723807,0.191074926,0.191074926,0.0,0.0,PRELIMINARY_POINT_BUFFER_PROXY,1.960084443,PRELIMINARY_90M,0.873051416759969,0.36806213044624614,0.191074926,0.28841157418201324,0.3978507941751305,protection_focus,T2_SPANNER
317,ST007__ST015,7,ST007,장현지구,15,ST015,목감택지개발예정지구,6924.0,6.924,1.8405394230049963,0.163528348,0.163528348,0.0,0.0,PRELIMINARY_POINT_BUFFER_PROXY,3.976463762,PRELIMINARY_90M,0.5641202308156059,0.7530866280469906,0.163528348,0.6229595860909237,0.3980531845200424,protection_focus,T2_SPANNER
688,ST015__ST038,15,ST015,목감택지개발예정지구,38,ST038,능곡도서관,7216.0,7.216,2.1624082596758836,0.186713321,0.17718156,0.012791398,0.0,PRELIMINARY_POINT_BUFFER_PROXY,3.897964235,PRELIMINARY_90M,0.5892687968305916,0.6585357746142315,0.186713321,0.6099353200482308,0.4004477579046057,protection_focus,T2_SPANNER
291,ST006__ST037,6,ST006,시흥시청 본청,37,ST037,군자동행정복지센터,6845.0,6.845,2.8673370714628095,0.296832124,0.296832124,0.0,0.0,PRELIMINARY_POINT_BUFFER_PROXY,2.957161605,PRELIMINARY_90M,0.5573163379553872,0.45145881291400236,0.296832124,0.4538418477043131,0.40084815319637845,protection_focus,T2_SPANNER
1016,ST024__ST051,24,ST024,목감고등학교,51,ST051,연성중학교,5421.0,5.421,2.131002869348733,0.286117824,0.286117824,0.073213062,0.0,PRELIMINARY_POINT_BUFFER_PROXY,3.183231796,PRELIMINARY_90M,0.43467401601929206,0.6677612917178248,0.286117824,0.4913503324612516,0.40102664300862195,protection_focus,T2_SPANNER
432,ST009__ST037,9,ST009,능곡중앙공원,37,ST037,군자동행정복지센터,4953.0,4.953,3.102056456122923,0.400364762,0.400364762,0.066454291,0.0,PRELIMINARY_POINT_BUFFER_PROXY,2.974338855,PRELIMINARY_90M,0.3943674102144518,0.3825086207600531,0.400364762,0.45669181486248267,0.4018197081538692,protection_focus,T2_SPANNER
191,ST004__ST036,4,ST004,배곧중심상가,36,ST036,시흥시립군자도서관,6252.0,6.252,1.6513872931847957,0.246571661,0.246571661,0.0,0.0,PRELIMINARY_POINT_BUFFER_PROXY,2.085627538,PRELIMINARY_90M,0.5062440788907071,0.808651172561783,0.246571661,0.3092410840095446,0.4020686345078987,protection_focus,T2_SPANNER
384,ST008__ST035,8,ST008,시흥능곡역,35,ST035,산들공원,4859.0,4.859,1.965398368544659,0.241179969,0.241179969,0.0,0.0,PRELIMINARY_POINT_BUFFER_PROXY,4.957531633,PRELIMINARY_90M,0.3862716389630523,0.7164085824754004,0.241179969,0.7857336746257793,0.4031925490746511,protection_focus,T2_SPANNER
105,ST002__ST053,2,ST002,월곶포구,53,ST053,오이도 빨강등대,10374.0,10.374,2.672653089698992,0.16543645,0.119104544,0.046331907,0.0,PRELIMINARY_POINT_BUFFER_PROXY,1.992709671,PRELIMINARY_90M,0.8612522607871845,0.5086483712938912,0.16543645,0.2938245959595268,0.40371100548683253,protection_focus,T2_SPANNER
816,ST018__ST052,18,ST018,정왕역,52,ST052,가온그린공원,6635.0,6.635,2.5954303365631386,0.232705275,0.232705275,0.0,0.0,PRELIMINARY_POINT_BUFFER_PROXY,4.965953657,PRELIMINARY_90M,0.5392300404788563,0.5313330067153939,0.232705275,0.7871310165638261,0.40957320028340577,protection_focus,T2_SPANNER
970,ST023__ST036,23,ST023,오이도역,36,ST036,시흥시립군자도서관,5986.0,5.986,1.6736800636760731,0.276782237,0.276782237,0.0,0.0,PRELIMINARY_POINT_BUFFER_PROXY,2.065866617,PRELIMINARY_90M,0.48333476875376796,0.8021025408361023,0.276782237,0.3059624465172113,0.41013643646557846,protection_focus,T2_SPANNER
289,ST006__ST035,6,ST006,시흥시청 본청,35,ST035,산들공원,6977.0,6.977,2.9216522119106507,0.310126848,0.310126848,0.0,0.0,PRELIMINARY_POINT_BUFFER_PROXY,3.275946265,PRELIMINARY_90M,0.5686848677977779,0.4355034227097787,0.310126848,0.5067330736879981,0.4132334617247111,protection_focus,T2_SPANNER
1031,ST025__ST036,25,ST025,목감동행정복지센터,36,ST036,시흥시립군자도서관,10066.0,10.066,2.757315604469281,0.152974892,0.149634962,0.024515644,0.0,PRELIMINARY_POINT_BUFFER_PROXY,3.675575768,PRELIMINARY_90M,0.8347256911549393,0.4837782623759551,0.152974892,0.573037689327034,0.4150393770778315,protection_focus,T2_SPANNER
794,ST018__ST030,18,ST018,정왕역,30,ST030,장곡도서관,7506.0,7.506,1.9907769945731615,0.16120625,0.16120625,0.0,0.0,PRELIMINARY_POINT_BUFFER_PROXY,4.777849909,PRELIMINARY_90M,0.6142451123934201,0.7089534626360128,0.16120625,0.7559217424292234,0.4160995967366793,protection_focus,T2_SPANNER
430,ST009__ST035,9,ST009,능곡중앙공원,35,ST035,산들공원,5085.0,5.085,3.1705169235060016,0.415926001,0.415926001,0.064729724,0.0,PRELIMINARY_POINT_BUFFER_PROXY,3.401700163,PRELIMINARY_90M,0.40573594005684266,0.362397958030395,0.415926001,0.5275975589409814,0.41651643511286807,protection_focus,T2_SPANNER
1118,ST028__ST039,28,ST028,매화산업단지,39,ST039,능곡힐스테이트,8827.0,8.827,1.9934144520107262,0.193566014,0.162114654,0.03145136,0.0,PRELIMINARY_POINT_BUFFER_PROXY,2.133727733,PRELIMINARY_90M,0.7280165360434071,0.7081786940868311,0.193566014,0.31722163829218897,0.4167361089530953,protection_focus,T2_SPANNER
13,ST001__ST014,1,ST001,월곶역,14,ST014,시흥대야역,10345.0,10.345,3.077670885016786,0.204886147,0.155571656,0.121201371,0.0,PRELIMINARY_POINT_BUFFER_PROXY,2.733430341,PRELIMINARY_90M,0.8587546292309017,0.3896720249074638,0.204886147,0.4167214265277122,0.41725467719661624,protection_focus,T2_SPANNER
1177,ST030__ST047,30,ST030,장곡도서관,47,ST047,배곧2동행정복지센터,9466.0,9.466,2.4693194866650576,0.219276538,0.219276538,0.0,0.0,PRELIMINARY_POINT_BUFFER_PROXY,1.855195732,PRELIMINARY_90M,0.7830505555077082,0.5683788065148518,0.219276538,0.27100894095418343,0.41775862294957317,protection_focus,T2_SPANNER
1278,ST035__ST038,35,ST035,산들공원,38,ST038,능곡도서관,5280.0,5.28,1.9945304789784195,0.259652021,0.2466278,0.017478197,0.0,PRELIMINARY_POINT_BUFFER_PROXY,4.943765851,PRELIMINARY_90M,0.4225303591421927,0.7078508546372565,0.259652021,0.7834497219205138,0.419981200673188,protection_focus,T2_SPANNER
415,ST009__ST020,9,ST009,능곡중앙공원,20,ST020,시화공업단지[왼쪽부근],10520.0,10.52,3.15249532086178,0.240155396,0.240155396,0.031284208,0.0,PRELIMINARY_POINT_BUFFER_PROXY,1.809710265,PRELIMINARY_90M,0.8738265437946775,0.36769190921828065,0.240155396,0.2634622098345918,0.42003434131487066,protection_focus,T2_SPANNER
1279,ST035__ST039,35,ST035,산들공원,39,ST039,능곡힐스테이트,5378.0,5.378,1.9946287952543234,0.269498436,0.217850095,0.051648341,0.0,PRELIMINARY_POINT_BUFFER_PROXY,4.882919105,PRELIMINARY_90M,0.43097063129790714,0.7078219736561426,0.269498436,0.7733543208649613,0.4260006039593943,protection_focus,T2_SPANNER
1164,ST030__ST034,30,ST030,장곡도서관,34,ST034,군자디지털과학고등학교,5196.0,5.196,1.8669374221592223,0.312566858,0.312566858,0.0,0.0,PRELIMINARY_POINT_BUFFER_PROXY,3.70960645,PRELIMINARY_90M,0.4152958401515804,0.7453320613894503,0.312566858,0.578683897309692,0.4297755879772819,protection_focus,T2_SPANNER
650,ST014__ST040,14,ST014,시흥대야역,40,ST040,갯골생태공원,11018.0,11.018,2.227076316300076,0.137706878,0.116319751,0.021387128,0.0,PRELIMINARY_POINT_BUFFER_PROXY,2.417277935,PRELIMINARY_90M,0.9167169063818793,0.6395391547273941,0.137706878,0.3642669315371699,0.43039023195829595,protection_focus,T2_SPANNER
171,ST004__ST016,4,ST004,배곧중심상가,16,ST016,물왕호수,11715.0,11.715,2.5514715857665906,0.129045792,0.129045792,0.0,0.0,PRELIMINARY_POINT_BUFFER_PROXY,2.815872271,PRELIMINARY_90M,0.976746188958746,0.5442461468834228,0.129045792,0.43039979721895294,0.43338634499409523,protection_focus,T2_SPANNER
383,ST008__ST034,8,ST008,시흥능곡역,34,ST034,군자디지털과학고등학교,5212.0,5.212,1.9117330107174155,0.292305874,0.292305874,0.0,0.0,PRELIMINARY_POINT_BUFFER_PROXY,4.735701128,PRELIMINARY_90M,0.41667384376883987,0.7321730952341443,0.292305874,0.748928618290791,0.43504022405641074,protection_focus,T2_SPANNER
288,ST006__ST034,6,ST006,시흥시청 본청,34,ST034,군자디지털과학고등학교,7330.0,7.33,2.8428862563521475,0.34315285,0.34315285,0.0,0.0,PRELIMINARY_POINT_BUFFER_PROXY,3.198812236,PRELIMINARY_90M,0.5990870726035655,0.4586413828693645,0.34315285,0.49393536454204645,0.4395379370355007,protection_focus,T2_SPANNER
1001,ST024__ST036,24,ST024,목감고등학교,36,ST036,시흥시립군자도서관,10632.0,10.632,2.673897257658323,0.174011145,0.174011145,0.0,0.0,PRELIMINARY_POINT_BUFFER_PROXY,3.659823053,PRELIMINARY_90M,0.8834725691154939,0.5082828896785068,0.174011145,0.5704240742022612,0.4411585556508756,protection_focus,T2_SPANNER
755,ST017__ST028,17,ST017,장곡동,28,ST028,매화산업단지,7665.0,7.665,1.9685429224432203,0.302670708,0.302670708,0.0,0.0,PRELIMINARY_POINT_BUFFER_PROXY,1.842938926,PRELIMINARY_90M,0.6279390233399362,0.7154848513747152,0.302670708,0.26897535032913833,0.44254037257410517,protection_focus,T2_SPANNER
423,ST009__ST028,9,ST009,능곡중앙공원,28,ST028,매화산업단지,7906.0,7.906,1.8163242159413575,0.203786429,0.203786429,0.074025087,0.0,PRELIMINARY_POINT_BUFFER_PROXY,4.220534155,PRELIMINARY_90M,0.6486952028249074,0.7601999867604317,0.203786429,0.6634545782655467,0.44444247104684625,protection_focus,T2_SPANNER
1032,ST025__ST037,25,ST025,목감동행정복지센터,37,ST037,군자동행정복지센터,10542.0,10.542,2.677976019793385,0.191216527,0.188027388,0.023408808,0.0,PRELIMINARY_POINT_BUFFER_PROXY,3.563256057,PRELIMINARY_90M,0.8757212987684093,0.5070847294440207,0.191216527,0.5544021401229939,0.4460415116210048,protection_focus,T2_SPANNER
429,ST009__ST034,9,ST009,능곡중앙공원,34,ST034,군자디지털과학고등학교,5438.0,5.438,3.0482330688038717,0.45363226,0.45363226,0.060550946,0.0,PRELIMINARY_POINT_BUFFER_PROXY,3.293272439,PRELIMINARY_90M,0.43613814486263025,0.39831955560635457,0.45363226,0.5096077496039179,0.44655937451700256,protection_focus,T2_SPANNER
330,ST007__ST028,7,ST007,장현지구,28,ST028,매화산업단지,8310.0,8.31,1.8818440114835289,0.272091051,0.272091051,0.0,0.0,PRELIMINARY_POINT_BUFFER_PROXY,2.181486617,PRELIMINARY_90M,0.6834897941607097,0.740953163584485,0.272091051,0.32514556388626425,0.4505755049664766,protection_focus,T2_SPANNER
67,ST002__ST015,2,ST002,월곶포구,15,ST015,목감택지개발예정지구,11305.0,11.305,2.1069502302882155,0.145481854,0.145481854,0.0,0.0,PRELIMINARY_POINT_BUFFER_PROXY,2.989500623,PRELIMINARY_90M,0.9414348462664714,0.6748268951294638,0.145481854,0.45920738288761975,0.4552444111247994,protection_focus,T2_SPANNER
1030,ST025__ST035,25,ST025,목감동행정복지센터,35,ST035,산들공원,10674.0,10.674,2.715831427294401,0.201215069,0.198065356,0.023119418,0.0,PRELIMINARY_POINT_BUFFER_PROXY,3.762887945,PRELIMINARY_90M,0.8870898286108001,0.49596448206845467,0.201215069,0.5875241081052605,0.45552707477349424,protection_focus,T2_SPANNER
1258,ST034__ST038,34,ST034,군자디지털과학고등학교,38,ST038,능곡도서관,5716.0,5.716,1.9523151636500016,0.315975055,0.30394167,0.016148518,0.0,PRELIMINARY_POINT_BUFFER_PROXY,4.7650399,PRELIMINARY_90M,0.460080957712514,0.7202518504388982,0.315975055,0.7537963670084862,0.45642518119481185,protection_focus,T2_SPANNER
865,ST020__ST030,20,ST020,시화공업단지[왼쪽부근],30,ST030,장곡도서관,9297.0,9.297,2.2030361017731273,0.21011764,0.21011764,0.0,0.0,PRELIMINARY_POINT_BUFFER_PROXY,4.026544933,PRELIMINARY_90M,0.7684953923004048,0.6466011083596241,0.21011764,0.6312688144361289,0.4572997157726577,protection_focus,T2_SPANNER
1399,ST042__ST047,42,ST042,시흥시청역,47,ST047,배곧2동행정복지센터,11061.0,11.061,2.365776355512594,0.230366667,0.230366667,0.0,0.0,PRELIMINARY_POINT_BUFFER_PROXY,1.6070053,PRELIMINARY_90M,0.9204202911032642,0.5987952069307019,0.230366667,0.22983037161555708,0.458090724476977,protection_focus,T2_SPANNER
1259,ST034__ST039,34,ST034,군자디지털과학고등학교,39,ST039,능곡힐스테이트,5814.0,5.814,1.9531081884480037,0.324148164,0.276363699,0.047784465,0.0,PRELIMINARY_POINT_BUFFER_PROXY,4.712592915,PRELIMINARY_90M,0.4685212298682284,0.7200188947659601,0.324148164,0.7450946141205087,0.46171668509400204,protection_focus,T2_SPANNER
522,ST011__ST038,11,ST011,배곧생명공원,38,ST038,능곡도서관,11722.0,11.722,2.8414945183320772,0.252219385,0.24635405,0.007871142,0.0,PRELIMINARY_POINT_BUFFER_PROXY,1.57585824,PRELIMINARY_90M,0.9773490655412971,0.4590502140532515,0.252219385,0.2246626004022641,0.46177075103353843,protection_focus,T2_SPANNER
339,ST007__ST037,7,ST007,장현지구,37,ST037,군자동행정복지센터,8390.0,8.39,2.570190493668074,0.347173938,0.347173938,0.0,0.0,PRELIMINARY_POINT_BUFFER_PROXY,2.554708776,PRELIMINARY_90M,0.6903798122470072,0.5387473581975699,0.347173938,0.3870687993198257,0.4657009057233699,protection_focus,T2_SPANNER
1002,ST024__ST037,24,ST024,목감고등학교,37,ST037,군자동행정복지센터,11108.0,11.108,2.6021730494863746,0.209403637,0.209403637,0.0,0.0,PRELIMINARY_POINT_BUFFER_PROXY,3.555315612,PRELIMINARY_90M,0.9244681767289639,0.5293522953550208,0.209403637,0.5530846994691493,0.47053017693240895,protection_focus,T2_SPANNER
1029,ST025__ST034,25,ST025,목감동행정복지센터,34,ST034,군자디지털과학고등학교,11027.0,11.027,2.6700129419572725,0.226639869,0.223590409,0.022383542,0.0,PRELIMINARY_POINT_BUFFER_PROXY,3.697276312,PRELIMINARY_90M,0.9174920334165877,0.5094239301356546,0.226639869,0.5766381397899669,0.4767703463534918,protection_focus,T2_SPANNER
1000,ST024__ST035,24,ST024,목감고등학교,35,ST035,산들공원,11240.0,11.24,2.63901293879902,0.218685381,0.218685381,0.0,0.0,PRELIMINARY_POINT_BUFFER_PROXY,3.741876975,PRELIMINARY_90M,0.9358367065713548,0.5185303623872118,0.218685381,0.5840380684620529,0.47948522834712576,protection_focus,T2_SPANNER
523,ST011__ST039,11,ST011,배곧생명공원,39,ST039,능곡힐스테이트,11298.0,11.298,2.3285883220548493,0.212905248,0.188331772,0.024573477,0.0,PRELIMINARY_POINT_BUFFER_PROXY,3.153661327,PRELIMINARY_90M,0.9408319696839205,0.6097194092774827,0.212905248,0.48644414168556455,0.481762941981159,protection_focus,T2_SPANNER
999,ST024__ST034,24,ST024,목감고등학교,34,ST034,군자디지털과학고등학교,11593.0,11.593,2.597756645360384,0.242340239,0.242340239,0.0,0.0,PRELIMINARY_POINT_BUFFER_PROXY,3.68018367,PRELIMINARY_90M,0.9662389113771424,0.5306496398992624,0.242340239,0.5738022103864623,0.49970751436782124,protection_focus,T2_SPANNER
136,ST003__ST032,3,ST003,배곧한울공원,32,ST032,희망공원,2946.0,2.946,2.474419063810549,0.0,0.0,0.0,0.0,PRELIMINARY_POINT_BUFFER_PROXY,0.664390229,PRELIMINARY_90M,0.22151408147446386,0.5668807759001471,0.0,0.07343618773014575,0.14775425552665258,protection_focus,DEGREE_LIMIT_3
259,ST005__ST054,5,ST005,배곧중·고등학교,54,ST054,시흥 프리미엄 아울렛,1508.0,1.508,1.711681176130996,0.0,0.0,0.0,0.0,PRELIMINARY_POINT_BUFFER_PROXY,0.623743217,PRELIMINARY_90M,0.09766600637326674,0.7909394917780753,0.0,0.06669222992096648,0.14972664835212462,protection_focus,DEGREE_LIMIT_3
934,ST022__ST032,22,ST022,오이도박물관,32,ST032,희망공원,2894.0,2.894,2.88457420094931,0.0,0.0,0.0,0.0,PRELIMINARY_POINT_BUFFER_PROXY,2.242877844,PRELIMINARY_90M,0.2170355697183705,0.4463953053047024,0.0,0.3353313026249875,0.15475131848779672,protection_focus,DEGREE_LIMIT_3
1145,ST029__ST040,29,ST029,관곡공원,40,ST040,갯골생태공원,3173.0,3.173,2.6002442194967386,0.0,0.0,0.0,0.0,PRELIMINARY_POINT_BUFFER_PROXY,1.529257702,PRELIMINARY_90M,0.24106450779433297,0.5299189004465018,0.0,0.2169308620359346,0.16144704821915196,protection_focus,DEGREE_LIMIT_3
151,ST003__ST047,3,ST003,배곧한울공원,47,ST047,배곧2동행정복지센터,2142.0,2.142,2.998593533213879,0.082490603,0.082490603,0.0,0.0,PRELIMINARY_POINT_BUFFER_PROXY,1.45164868,PRELIMINARY_90M,0.15226939970717424,0.41290145953524826,0.082490603,0.20405434432339853,0.16165330478942067,protection_focus,DEGREE_LIMIT_3
957,ST022__ST055,22,ST022,오이도박물관,55,ST055,해양생태과학관,1977.0,1.977,2.056726097058233,0.0,0.0,0.0,0.0,PRELIMINARY_POINT_BUFFER_PROXY,2.016046436,PRELIMINARY_90M,0.1380587374041857,0.6895805280345066,0.0,0.29769652038444466,0.16772141559466688,protection_focus,DEGREE_LIMIT_3
1210,ST032__ST033,32,ST032,희망공원,33,ST033,타원산업단지,2081.0,2.081,1.4965117896209403,0.0,0.0,0.0,0.0,PRELIMINARY_POINT_BUFFER_PROXY,0.481788461,PRELIMINARY_90M,0.14701576091637242,0.8541467576244774,0.0,0.043139775800197705,0.1691899314527845,protection_focus,DEGREE_LIMIT_3
1147,ST029__ST042,29,ST029,관곡공원,42,ST042,시흥시청역,2654.0,2.654,2.6841941622399865,0.0,0.0,0.0,0.0,PRELIMINARY_POINT_BUFFER_PROXY,2.927478894,PRELIMINARY_90M,0.19636551545947808,0.5052581137294531,0.0,0.44891703427285934,0.1697717993515734,protection_focus,DEGREE_LIMIT_3
108,ST003__ST004,3,ST003,배곧한울공원,4,ST004,배곧중심상가,4685.0,4.685,2.9330495193194137,0.0,0.0,0.0,0.0,PRELIMINARY_POINT_BUFFER_PROXY,1.18657571,PRELIMINARY_90M,0.37128584962535527,0.432155396993838,0.0,0.16007470503198293,0.1736522424586128,protection_focus,DEGREE_LIMIT_3
1242,ST033__ST043,33,ST033,타원산업단지,43,ST043,시흥종합버스터미널,2934.0,2.934,2.565523484039041,0.07531911,0.07531911,0.0,0.0,PRELIMINARY_POINT_BUFFER_PROXY,0.889229462,PRELIMINARY_90M,0.22048057876151925,0.5401183195741607,0.07531911,0.11074043782361453,0.18487149140886536,protection_focus,DEGREE_LIMIT_3
1381,ST041__ST042,41,ST041,연꽃테마파크,42,ST042,시흥시청역,3357.0,3.357,2.4375560527901543,0.0,0.0,0.0,0.0,PRELIMINARY_POINT_BUFFER_PROXY,2.986825232,PRELIMINARY_90M,0.25691154939281713,0.5777095010048499,0.0,0.458763494809769,0.19676066197990866,protection_focus,DEGREE_LIMIT_3
209,ST004__ST054,4,ST004,배곧중심상가,54,ST054,시흥 프리미엄 아울렛,3518.0,3.518,3.9115620934849367,0.174673018,0.174673018,0.0,0.0,PRELIMINARY_POINT_BUFFER_PROXY,1.470188615,PRELIMINARY_90M,0.2707777107914908,0.14471160486108936,0.174673018,0.2071304016588043,0.19745071759291655,protection_focus,DEGREE_LIMIT_3
951,ST022__ST049,22,ST022,오이도박물관,49,ST049,거북섬 웨이브파크 정문,2432.0,2.432,2.198773004915802,0.078808855,0.078808855,0.0,0.0,PRELIMINARY_POINT_BUFFER_PROXY,1.80570442,PRELIMINARY_90M,0.17724571527000257,0.6478534179969773,0.078808855,0.26279757919285823,0.20717362693633307,protection_focus,DEGREE_LIMIT_3
53,ST001__ST054,1,ST001,월곶역,54,ST054,시흥 프리미엄 아울렛,3069.0,3.069,2.971566575272677,0.131704676,0.131704676,0.0,0.0,PRELIMINARY_POINT_BUFFER_PROXY,1.446878915,PRELIMINARY_90M,0.23210748428214625,0.42084078651533996,0.131704676,0.20326296772922972,0.20733162382076054,protection_focus,DEGREE_LIMIT_3
1243,ST033__ST044,33,ST033,타원산업단지,44,ST044,경기과학기술대학교,1598.0,1.598,1.7010597777371803,0.123630586,0.123630586,0.0,0.0,PRELIMINARY_POINT_BUFFER_PROXY,0.331684145,PRELIMINARY_90M,0.1054172767203514,0.7940595896824632,0.123630586,0.018235185665018444,0.20910206919895916,protection_focus,DEGREE_LIMIT_3
1,ST001__ST002,1,ST001,월곶역,2,ST002,월곶포구,619.0,0.619,1.5532421960245575,0.149164241,0.149164241,0.0,0.0,PRELIMINARY_POINT_BUFFER_PROXY,0.47799073,PRELIMINARY_90M,0.02110068038928602,0.8374818689184798,0.149164241,0.042509674437898,0.20973053837888325,protection_focus,DEGREE_LIMIT_3
1409,ST043__ST045,43,ST043,시흥종합버스터미널,45,ST045,시흥중앙도서관,671.0,0.671,3.1817228022763167,0.300402098,0.300402098,0.0,0.0,PRELIMINARY_POINT_BUFFER_PROXY,0.425583211,PRELIMINARY_90M,0.025579192145379383,0.35910616559669406,0.300402098,0.03381446955986759,0.21384321883183574,protection_focus,DEGREE_LIMIT_3
30,ST001__ST031,1,ST001,월곶역,31,ST031,마전저수지,4726.0,4.726,2.1733816526852707,0.0,0.0,0.0,0.0,PRELIMINARY_POINT_BUFFER_PROXY,1.971254241,PRELIMINARY_90M,0.37481698389458273,0.6553122762326484,0.0,0.2902648136390502,0.22102756877244795,protection_focus,DEGREE_LIMIT_3
1136,ST029__ST031,29,ST029,관곡공원,31,ST031,마전저수지,5377.0,5.377,2.6870303020635813,0.0,0.0,0.0,0.0,PRELIMINARY_POINT_BUFFER_PROXY,3.331666559,PRELIMINARY_90M,0.43088450607182843,0.504424981067251,0.0,0.5159779183484388,0.2349826655128886,protection_focus,DEGREE_LIMIT_3
262,ST006__ST008,6,ST006,시흥시청 본청,8,ST008,시흥능곡역,1951.0,1.951,2.023517683433672,0.1397711,0.1397711,0.0,0.0,PRELIMINARY_POINT_BUFFER_PROXY,2.968420709,PRELIMINARY_90M,0.135819481526139,0.699335693777877,0.1397711,0.45570990438570363,0.2543117648867867,protection_focus,DEGREE_LIMIT_3
466,ST010__ST026,10,ST010,은계호수공원,26,ST026,은계파크자이,1220.0,1.22,2.405341600576404,0.254629654,0.254629654,0.0,0.0,PRELIMINARY_POINT_BUFFER_PROXY,1.537591702,PRELIMINARY_90M,0.07286194126259582,0.5871726847699602,0.254629654,0.21831359945293588,0.2554375749764366,protection_focus,DEGREE_LIMIT_3
1475,ST050__ST055,50,ST050,시흥한라3차아파트,55,ST055,해양생태과학관,6177.0,6.177,3.092450020662885,0.125600025,0.125600025,0.0,0.0,PRELIMINARY_POINT_BUFFER_PROXY,1.783196728,PRELIMINARY_90M,0.4997846869348032,0.3853305673659684,0.125600025,0.2590632105944972,0.2714520903980458,protection_focus,DEGREE_LIMIT_3
731,ST016__ST042,16,ST016,물왕호수,42,ST042,시흥시청역,3596.0,3.596,2.0217012678110553,0.0,0.0,0.0,0.0,PRELIMINARY_POINT_BUFFER_PROXY,6.248952212,PRELIMINARY_90M,0.2774954784256309,0.6998692764915169,0.0,1.0,0.2743542610801353,protection_focus,DEGREE_LIMIT_3
880,ST020__ST045,20,ST020,시화공업단지[왼쪽부근],45,ST045,시흥중앙도서관,1373.0,1.373,2.951996349336429,0.38168565,0.38168565,0.0,0.0,PRELIMINARY_POINT_BUFFER_PROXY,0.548337,PRELIMINARY_90M,0.08603910085263974,0.42658965485339595,0.38168565,0.05418119107762378,0.2817591675489317,protection_focus,DEGREE_LIMIT_3
468,ST010__ST028,10,ST010,은계호수공원,28,ST028,매화산업단지,3734.0,3.734,2.2597817465071626,0.156648005,0.156648005,0.0,0.0,PRELIMINARY_POINT_BUFFER_PROXY,2.499811713,PRELIMINARY_90M,0.289380759624494,0.6299317433049347,0.156648005,0.3779605412092454,0.2829550080227883,protection_focus,DEGREE_LIMIT_3
1468,ST049__ST053,49,ST049,거북섬 웨이브파크 정문,53,ST053,오이도 빨강등대,3795.0,3.795,1.9574790573544323,0.127972736,0.001466061,0.126506675,0.0,PRELIMINARY_POINT_BUFFER_PROXY,2.594915167,PRELIMINARY_90M,0.2946343984152958,0.7187349264588074,0.127972736,0.39373965140025324,0.2848291717126704,protection_focus,DEGREE_LIMIT_3
63,ST002__ST011,2,ST002,월곶포구,11,ST011,배곧생명공원,3928.0,3.928,3.437997456052192,0.304495296,0.304495296,0.0,0.0,PRELIMINARY_POINT_BUFFER_PROXY,1.160746133,PRELIMINARY_90M,0.3060890534837654,0.28382398705988165,0.304495296,0.1557891851635865,0.28692242794628225,protection_focus,DEGREE_LIMIT_3
795,ST018__ST031,18,ST018,정왕역,31,ST031,마전저수지,3945.0,3.945,2.958212084314256,0.124882541,0.124882541,0.0,0.0,PRELIMINARY_POINT_BUFFER_PROXY,5.337782322,PRELIMINARY_90M,0.3075531823271036,0.4247637463468624,0.124882541,0.8488230501382361,0.2879264330476289,protection_focus,DEGREE_LIMIT_3
387,ST008__ST038,8,ST008,시흥능곡역,38,ST038,능곡도서관,1312.0,1.312,1.7792547011816842,0.151985076,0.099637532,0.070249169,0.0,PRELIMINARY_POINT_BUFFER_PROXY,4.827909169,PRELIMINARY_90M,0.08078546206183791,0.7710893735464199,0.151985076,0.7642273354061125,0.2882750430880337,protection_focus,DEGREE_LIMIT_3
365,ST008__ST016,8,ST008,시흥능곡역,16,ST016,물왕호수,5244.0,5.244,1.760127283972371,0.0,0.0,0.0,0.0,PRELIMINARY_POINT_BUFFER_PROXY,4.553952786,PRELIMINARY_90M,0.4194298510033589,0.776708164230882,0.0,0.7187738027206755,0.29324106765753954,protection_focus,DEGREE_LIMIT_3
924,ST021__ST055,21,ST021,오이도 포구 해양관광 단지,55,ST055,해양생태과학관,2960.0,2.96,1.9299976875687086,0.180973235,0.0,0.180973235,0.0,PRELIMINARY_POINT_BUFFER_PROXY,2.778134843,PRELIMINARY_90M,0.22271983463956593,0.7268077395761527,0.180973235,0.4241385836699979,0.29760159546331416,protection_focus,DEGREE_LIMIT_3
714,ST016__ST025,16,ST016,물왕호수,25,ST025,목감동행정복지센터,3005.0,3.005,2.1381214943015445,0.193383798,0.119943446,0.161932073,0.0,PRELIMINARY_POINT_BUFFER_PROXY,2.924827881,PRELIMINARY_90M,0.22659546981310827,0.6656701539999965,0.193383798,0.4484771908761643,0.29803900864089294,protection_focus,DEGREE_LIMIT_3
843,ST019__ST043,19,ST019,시화병원,43,ST043,시흥종합버스터미널,1504.0,1.504,1.864455410627717,0.337651847,0.337651847,0.0,0.0,PRELIMINARY_POINT_BUFFER_PROXY,0.368706378,PRELIMINARY_90M,0.09732150546895185,0.7460611667944999,0.337651847,0.024377737480477956,0.30750324863446077,protection_focus,DEGREE_LIMIT_3
1444,ST046__ST050,46,ST046,배곧1동행정복지센터,50,ST050,시흥한라3차아파트,2363.0,2.363,4.178737580648687,0.479447383,0.479447383,0.0,0.0,PRELIMINARY_POINT_BUFFER_PROXY,1.190735572,PRELIMINARY_90M,0.17130307467057102,0.06622724275592551,0.479447383,0.16076488943766587,0.30856003552479816,protection_focus,DEGREE_LIMIT_3
1292,ST035__ST052,35,ST035,산들공원,52,ST052,가온그린공원,3835.0,3.835,1.9561805087839683,0.129647388,0.129647388,0.0,0.0,PRELIMINARY_POINT_BUFFER_PROXY,4.205215096,PRELIMINARY_90M,0.2980794074584446,0.719116382696793,0.129647388,0.6609129132700402,0.3133022945961341,protection_focus,DEGREE_LIMIT_3
1391,ST041__ST052,41,ST041,연꽃테마파크,52,ST052,가온그린공원,4968.0,4.968,2.2619391797382047,0.172697542,0.172697542,0.0,0.0,PRELIMINARY_POINT_BUFFER_PROXY,2.343340408,PRELIMINARY_90M,0.3956592886056326,0.629297984674155,0.172697542,0.35199957071362264,0.31485824792389366,protection_focus,DEGREE_LIMIT_3
293,ST006__ST039,6,ST006,시흥시청 본청,39,ST039,능곡힐스테이트,2245.0,2.245,1.4839630692760302,0.123748548,0.0,0.123748548,0.0,PRELIMINARY_POINT_BUFFER_PROXY,5.463392543,PRELIMINARY_90M,0.16114029799328222,0.8578330176252039,0.123748548,0.869663697190612,0.31780067086116237,protection_focus,DEGREE_LIMIT_3
1376,ST040__ST051,40,ST040,갯골생태공원,51,ST051,연성중학교,5417.0,5.417,2.495832602905231,0.192518156,0.176017861,0.031845057,0.0,PRELIMINARY_POINT_BUFFER_PROXY,2.410565802,PRELIMINARY_90M,0.4343295151149772,0.5605904235399768,0.192518156,0.36315328653513135,0.3252453489632539,protection_focus,DEGREE_LIMIT_3
1322,ST037__ST045,37,ST037,군자동행정복지센터,45,ST045,시흥중앙도서관,5556.0,5.556,3.4490973986733664,0.318446298,0.318446298,0.0,0.0,PRELIMINARY_POINT_BUFFER_PROXY,1.229092844,PRELIMINARY_90M,0.446300921539919,0.28056331398962786,0.318446298,0.16712894453827729,0.3295957709372517,protection_focus,DEGREE_LIMIT_3
172,ST004__ST017,4,ST004,배곧중심상가,17,ST017,장곡동,6764.0,6.764,2.942360541443412,0.206546328,0.206546328,0.0,0.0,PRELIMINARY_POINT_BUFFER_PROXY,1.909089561,PRELIMINARY_90M,0.550340194643011,0.42942022978330263,0.206546328,0.27995074727812974,0.33326632185606114,protection_focus,DEGREE_LIMIT_3
1080,ST027__ST028,27,ST027,은행동행정복지센터,28,ST028,매화산업단지,4046.0,4.046,2.177258890186534,0.235801443,0.235801443,0.0,0.0,PRELIMINARY_POINT_BUFFER_PROXY,2.540050863,PRELIMINARY_90M,0.3162518301610542,0.6541733150380895,0.235801443,0.3846368285062608,0.333553359146603,protection_focus,DEGREE_LIMIT_3
480,ST010__ST040,10,ST010,은계호수공원,40,ST040,갯골생태공원,7454.0,7.454,2.3810988212602635,0.143643119,0.143643119,0.0,0.0,PRELIMINARY_POINT_BUFFER_PROXY,1.480173201,PRELIMINARY_90M,0.6097666006373267,0.5942941429938482,0.143643119,0.20878699640988027,0.33428603074939695,protection_focus,DEGREE_LIMIT_3
892,ST021__ST023,21,ST021,오이도 포구 해양관광 단지,23,ST023,오이도역,5955.0,5.955,3.15826320833615,0.311273482,0.30019066,0.045338256,0.0,PRELIMINARY_POINT_BUFFER_PROXY,0.862008045,PRELIMINARY_90M,0.4806648867453277,0.36599755853541716,0.311273482,0.10622399051983547,0.341324995518628,protection_focus,DEGREE_LIMIT_3
431,ST009__ST036,9,ST009,능곡중앙공원,36,ST036,시흥시립군자도서관,4477.0,4.477,3.3255331202319405,0.336615531,0.336615531,0.073519269,0.0,PRELIMINARY_POINT_BUFFER_PROXY,3.161998942,PRELIMINARY_90M,0.35337180260098183,0.3168610435284025,0.336615531,0.4878274788860746,0.35296262056811334,protection_focus,DEGREE_LIMIT_3
290,ST006__ST036,6,ST006,시흥시청 본청,36,ST036,시흥시립군자도서관,6369.0,6.369,3.006830634630671,0.244304171,0.244304171,0.0,0.0,PRELIMINARY_POINT_BUFFER_PROXY,3.089108296,PRELIMINARY_90M,0.5163207303419172,0.4104817628139833,0.244304171,0.4757338115506301,0.3603779136626398,protection_focus,DEGREE_LIMIT_3
555,ST012__ST028,12,ST012,신천역,28,ST028,매화산업단지,4890.0,4.89,2.367307062591222,0.271935607,0.271935607,0.0,0.0,PRELIMINARY_POINT_BUFFER_PROXY,2.585385906,PRELIMINARY_90M,0.38894152097149254,0.598345552773012,0.271935607,0.39215860199527713,0.3621708768583527,protection_focus,DEGREE_LIMIT_3
1272,ST034__ST052,34,ST034,군자디지털과학고등학교,52,ST052,가온그린공원,4271.0,4.271,1.90358243319081,0.218270531,0.218270531,0.0,0.0,PRELIMINARY_POINT_BUFFER_PROXY,4.023457066,PRELIMINARY_90M,0.3356300060287658,0.7345673750565753,0.218270531,0.6307564903133038,0.36630352229700813,protection_focus,DEGREE_LIMIT_3
1458,ST048__ST049,48,ST048,정왕평생학습관 사거리,49,ST049,거북섬 웨이브파크 정문,8664.0,8.664,3.3088352366871927,0.244647215,0.244647215,0.0,0.0,PRELIMINARY_POINT_BUFFER_PROXY,1.363499277,PRELIMINARY_90M,0.713978124192576,0.32176614448817964,0.244647215,0.1894290170118525,0.36802596192255616,protection_focus,DEGREE_LIMIT_3
65,ST002__ST013,2,ST002,월곶포구,13,ST013,삼미시장,8913.0,8.913,3.1699010313471865,0.195254791,0.180876461,0.06348988,0.0,PRELIMINARY_POINT_BUFFER_PROXY,2.384881968,PRELIMINARY_90M,0.7354233054861768,0.36257887995449556,0.195254791,0.3588919476481804,0.3717592486295366,protection_focus,DEGREE_LIMIT_3
410,ST009__ST015,9,ST009,능곡중앙공원,15,ST015,목감택지개발예정지구,5902.0,5.902,2.0201812566671036,0.180228914,0.180228914,0.099111033,0.0,PRELIMINARY_POINT_BUFFER_PROXY,3.891380857,PRELIMINARY_90M,0.4761002497631556,0.7003157886558333,0.180228914,0.6088430374599344,0.37507119148515733,protection_focus,DEGREE_LIMIT_3
636,ST014__ST026,14,ST014,시흥대야역,26,ST026,은계파크자이,2742.0,2.742,2.689120979304191,0.480816193,0.434350308,0.046465885,0.0,PRELIMINARY_POINT_BUFFER_PROXY,1.352474425,PRELIMINARY_90M,0.2039445353544053,0.5038108323991268,0.480816193,0.1875998263018331,0.38572583782865366,protection_focus,DEGREE_LIMIT_3
1003,ST024__ST038,24,ST024,목감고등학교,38,ST038,능곡도서관,7850.0,7.85,2.146106578757132,0.134809985,0.126052119,0.011752849,0.0,PRELIMINARY_POINT_BUFFER_PROXY,4.175710595,PRELIMINARY_90M,0.6438721901644991,0.6633244887351717,0.134809985,0.6560176675893765,0.39347348011033817,protection_focus,DEGREE_LIMIT_3
212,ST005__ST007,5,ST005,배곧중·고등학교,7,ST007,장현지구,8693.0,8.693,2.8511151830977814,0.249918525,0.249918525,0.0,0.0,PRELIMINARY_POINT_BUFFER_PROXY,1.599416949,PRELIMINARY_90M,0.7164757557488588,0.4562240875055673,0.249918525,0.22857134871406454,0.3953689494344563,protection_focus,DEGREE_LIMIT_3
1165,ST030__ST035,30,ST030,장곡도서관,35,ST035,산들공원,4843.0,4.843,1.9175399088012453,0.262734007,0.262734007,0.0,0.0,PRELIMINARY_POINT_BUFFER_PROXY,3.856525194,PRELIMINARY_90M,0.3848936353457928,0.730467284956573,0.262734007,0.6030599525757867,0.3974665003375128,protection_focus,DEGREE_LIMIT_3
1409,ST043__ST045,43,ST043,시흥종합버스터미널,45,ST045,시흥중앙도서관,671.0,0.671,3.1817228022763167,0.300402098,0.300402098,0.0,0.0,PRELIMINARY_POINT_BUFFER_PROXY,0.425583211,PRELIMINARY_90M,0.025579192145379383,0.35910616559669406,0.300402098,0.03381446955986759,0.12012578500706494,slope_focus,MST
880,ST020__ST045,20,ST020,시화공업단지[왼쪽부근],45,ST045,시흥중앙도서관,1373.0,1.373,2.951996349336429,0.38168565,0.38168565,0.0,0.0,PRELIMINARY_POINT_BUFFER_PROXY,0.548337,PRELIMINARY_90M,0.08603910085263974,0.42658965485339595,0.38168565,0.05418119107762378,0.16872550241485085,slope_focus,MST
1,ST001__ST002,1,ST001,월곶역,2,ST002,월곶포구,619.0,0.619,1.5532421960245575,0.149164241,0.149164241,0.0,0.0,PRELIMINARY_POINT_BUFFER_PROXY,0.47799073,PRELIMINARY_90M,0.02110068038928602,0.8374818689184798,0.149164241,0.042509674437898,0.17133099037971694,slope_focus,MST
534,ST011__ST050,11,ST011,배곧생명공원,50,ST050,시흥한라3차아파트,995.0,0.995,2.969355785245408,0.47264275,0.47264275,0.0,0.0,PRELIMINARY_POINT_BUFFER_PROXY,0.56995669,PRELIMINARY_90M,0.05348376539488416,0.4214902190171036,0.47264275,0.057768226631615675,0.17327236562367704,slope_focus,MST
259,ST005__ST054,5,ST005,배곧중·고등학교,54,ST054,시흥 프리미엄 아울렛,1508.0,1.508,1.711681176130996,0.0,0.0,0.0,0.0,PRELIMINARY_POINT_BUFFER_PROXY,0.623743217,PRELIMINARY_90M,0.09766600637326674,0.7909394917780753,0.0,0.06669222992096648,0.17461761764707792,slope_focus,MST
1243,ST033__ST044,33,ST033,타원산업단지,44,ST044,경기과학기술대학교,1598.0,1.598,1.7010597777371803,0.123630586,0.123630586,0.0,0.0,PRELIMINARY_POINT_BUFFER_PROXY,0.331684145,PRELIMINARY_90M,0.1054172767203514,0.7940595896824632,0.123630586,0.018235185665018444,0.17657278363448226,slope_focus,MST
1244,ST033__ST045,33,ST033,타원산업단지,45,ST045,시흥중앙도서관,3637.0,3.637,3.4781306841531268,0.249273043,0.249273043,0.0,0.0,PRELIMINARY_POINT_BUFFER_PROXY,0.487234376,PRELIMINARY_90M,0.28102661269485835,0.2720346165597639,0.249273043,0.04404333596822129,0.1801214671297106,slope_focus,MST
136,ST003__ST032,3,ST003,배곧한울공원,32,ST032,희망공원,2946.0,2.946,2.474419063810549,0.0,0.0,0.0,0.0,PRELIMINARY_POINT_BUFFER_PROXY,0.664390229,PRELIMINARY_90M,0.22151408147446386,0.5668807759001471,0.0,0.07343618773014575,0.18086081591941955,slope_focus,MST
1448,ST046__ST054,46,ST046,배곧1동행정복지센터,54,ST054,시흥 프리미엄 아울렛,1087.0,1.087,2.0,0.198910149,0.198910149,0.0,0.0,PRELIMINARY_POINT_BUFFER_PROXY,0.722410179,PRELIMINARY_90M,0.06140728619412626,0.7062441508450915,0.198910149,0.08306258031444422,0.18742036296077927,slope_focus,MST
205,ST004__ST050,4,ST004,배곧중심상가,50,ST050,시흥한라3차아파트,2083.0,2.083,3.3375162940590184,0.4015265,0.4015265,0.0,0.0,PRELIMINARY_POINT_BUFFER_PROXY,0.795418286,PRELIMINARY_90M,0.14718801136852985,0.3133409161252583,0.4015265,0.09517573621717196,0.18945681031621647,slope_focus,MST
1210,ST032__ST033,32,ST032,희망공원,33,ST033,타원산업단지,2081.0,2.081,1.4965117896209403,0.0,0.0,0.0,0.0,PRELIMINARY_POINT_BUFFER_PROXY,0.481788461,PRELIMINARY_90M,0.14701576091637242,0.8541467576244774,0.0,0.043139775800197705,0.18948265223866242,slope_focus,MST
807,ST018__ST043,18,ST018,정왕역,43,ST043,시흥종합버스터미널,1406.0,1.406,2.6557306312689994,0.43367149,0.43367149,0.0,0.0,PRELIMINARY_POINT_BUFFER_PROXY,0.599226145,PRELIMINARY_90M,0.08888123331323745,0.5136194424397824,0.43367149,0.0626244746042261,0.19380779970162904,slope_focus,MST
820,ST019__ST020,19,ST019,시화병원,20,ST020,시화공업단지[왼쪽부근],1979.0,1.979,2.8736363843131483,0.422822321,0.422822321,0.0,0.0,PRELIMINARY_POINT_BUFFER_PROXY,0.548112375,PRELIMINARY_90M,0.13823098785634313,0.4496083529185587,0.422822321,0.054143922372044954,0.19399146639350473,slope_focus,MST
1444,ST046__ST050,46,ST046,배곧1동행정복지센터,50,ST050,시흥한라3차아파트,2363.0,2.363,4.178737580648687,0.479447383,0.479447383,0.0,0.0,PRELIMINARY_POINT_BUFFER_PROXY,1.190735572,PRELIMINARY_90M,0.17130307467057102,0.06622724275592551,0.479447383,0.16076488943766587,0.1975480720396265,slope_focus,MST
151,ST003__ST047,3,ST003,배곧한울공원,47,ST047,배곧2동행정복지센터,2142.0,2.142,2.998593533213879,0.082490603,0.082490603,0.0,0.0,PRELIMINARY_POINT_BUFFER_PROXY,1.45164868,PRELIMINARY_90M,0.15226939970717424,0.41290145953524826,0.082490603,0.20405434432339853,0.20161136702179894,slope_focus,MST
1412,ST043__ST048,43,ST043,시흥종합버스터미널,48,ST048,정왕평생학습관 사거리,1307.0,1.307,3.0428754779308687,0.59325425,0.59325425,0.0,0.0,PRELIMINARY_POINT_BUFFER_PROXY,0.728620186,PRELIMINARY_90M,0.08035483593144432,0.3998933792626782,0.59325425,0.08409291497232037,0.20671576115776316,slope_focus,MST
202,ST004__ST047,4,ST004,배곧중심상가,47,ST047,배곧2동행정복지센터,2617.0,2.617,4.125555851408769,0.591916562,0.591916562,0.0,0.0,PRELIMINARY_POINT_BUFFER_PROXY,1.078170272,PRELIMINARY_90M,0.1931788820945655,0.08184968678832416,0.591916562,0.14208859328144147,0.21585403925919486,slope_focus,MST
823,ST019__ST023,19,ST019,시화병원,23,ST023,오이도역,1664.0,1.664,2.9999999999999996,0.714416548,0.714416548,0.0,0.0,PRELIMINARY_POINT_BUFFER_PROXY,0.445157056,PRELIMINARY_90M,0.11110154164154681,0.41248830169018313,0.714416548,0.03706206829709861,0.21719101726483095,slope_focus,MST
1226,ST032__ST049,32,ST032,희망공원,49,ST049,거북섬 웨이브파크 정문,4499.0,4.499,3.070219818149316,0.042639664,0.042639664,0.0,0.0,PRELIMINARY_POINT_BUFFER_PROXY,0.994963213,PRELIMINARY_90M,0.35526655757471365,0.3918608193822274,0.042639664,0.12828327604626832,0.22306835019825555,slope_focus,MST
56,ST002__ST004,2,ST002,월곶포구,4,ST004,배곧중심상가,3192.0,3.192,3.5458499603414118,0.332930014,0.332930014,0.0,0.0,PRELIMINARY_POINT_BUFFER_PROXY,1.198313388,PRELIMINARY_90M,0.24270088708982862,0.2521416830789185,0.332930014,0.16202216442234924,0.22537988645772605,slope_focus,MST
434,ST009__ST039,9,ST009,능곡중앙공원,39,ST039,능곡힐스테이트,792.0,0.792,2.0,0.496869839,0.318845713,0.496869839,0.0,PRELIMINARY_POINT_BUFFER_PROXY,0.848295282,PRELIMINARY_90M,0.036000344500904315,0.7062441508450915,0.496869839,0.10394883447345071,0.23284673561641528,slope_focus,MST
466,ST010__ST026,10,ST010,은계호수공원,26,ST026,은계파크자이,1220.0,1.22,2.405341600576404,0.254629654,0.254629654,0.0,0.0,PRELIMINARY_POINT_BUFFER_PROXY,1.537591702,PRELIMINARY_90M,0.07286194126259582,0.5871726847699602,0.254629654,0.21831359945293588,0.2354543729754471,slope_focus,MST
1145,ST029__ST040,29,ST029,관곡공원,40,ST040,갯골생태공원,3173.0,3.173,2.6002442194967386,0.0,0.0,0.0,0.0,PRELIMINARY_POINT_BUFFER_PROXY,1.529257702,PRELIMINARY_90M,0.24106450779433297,0.5299189004465018,0.0,0.2169308620359346,0.238579532219649,slope_focus,MST
957,ST022__ST055,22,ST022,오이도박물관,55,ST055,해양생태과학관,1977.0,1.977,2.056726097058233,0.0,0.0,0.0,0.0,PRELIMINARY_POINT_BUFFER_PROXY,2.016046436,PRELIMINARY_90M,0.1380587374041857,0.6895805280345066,0.0,0.29769652038444466,0.2639333085802096,slope_focus,MST
157,ST003__ST053,3,ST003,배곧한울공원,53,ST053,오이도 빨강등대,2485.0,2.485,2.0743268960726615,0.321268247,0.295693025,0.112820736,0.0,PRELIMINARY_POINT_BUFFER_PROXY,1.113752047,PRELIMINARY_90M,0.18181035225217465,0.6844101903742181,0.321268247,0.14799215119550682,0.26459173175998785,slope_focus,MST
1470,ST049__ST055,49,ST049,거북섬 웨이브파크 정문,55,ST055,해양생태과학관,676.0,0.676,1.555560248126299,0.855999995,0.855999995,0.0,0.0,PRELIMINARY_POINT_BUFFER_PROXY,0.286663062,PRELIMINARY_90M,0.026009818275772974,0.8368009275549474,0.855999995,0.010765502917475826,0.2660292850329643,slope_focus,MST
916,ST021__ST047,21,ST021,오이도 포구 해양관광 단지,47,ST047,배곧2동행정복지센터,3762.0,3.762,2.469042411414725,0.254750012,0.237212965,0.071741573,0.0,PRELIMINARY_POINT_BUFFER_PROXY,1.099645611,PRELIMINARY_90M,0.29179226595469815,0.5684601989902931,0.254750012,0.14565167880796975,0.2692798829581413,slope_focus,MST
454,ST010__ST014,10,ST010,은계호수공원,14,ST014,시흥대야역,1525.0,1.525,2.792670740390496,0.667821134,0.57752438,0.090296754,0.0,PRELIMINARY_POINT_BUFFER_PROXY,1.2539899,PRELIMINARY_90M,0.09913013521660495,0.47339248440143145,0.667821134,0.1712597449827669,0.26942498131830295,slope_focus,MST
583,ST013__ST014,13,ST013,삼미시장,14,ST014,시흥대야역,1514.0,1.514,2.268613825900731,0.811440142,0.741965677,0.311431231,0.0,PRELIMINARY_POINT_BUFFER_PROXY,0.67519953,PRELIMINARY_90M,0.09818275772973904,0.6273372683228735,0.811440142,0.07522961524926373,0.27536328496705825,slope_focus,MST
1285,ST035__ST045,35,ST035,산들공원,45,ST045,시흥중앙도서관,6104.0,6.104,3.104005896090232,0.305870296,0.305870296,0.0,0.0,PRELIMINARY_POINT_BUFFER_PROXY,0.734142852,PRELIMINARY_90M,0.4934975454310568,0.38193596136707975,0.305870296,0.0850092092991503,0.2852238859540391,slope_focus,MST
1322,ST037__ST045,37,ST037,군자동행정복지센터,45,ST045,시흥중앙도서관,5556.0,5.556,3.4490973986733664,0.318446298,0.318446298,0.0,0.0,PRELIMINARY_POINT_BUFFER_PROXY,1.229092844,PRELIMINARY_90M,0.446300921539919,0.28056331398962786,0.318446298,0.16712894453827729,0.2905932960757308,slope_focus,MST
541,ST012__ST014,12,ST012,신천역,14,ST014,시흥대야역,1380.0,1.38,1.9626229682490228,0.849065167,0.772905097,0.341400609,0.0,PRELIMINARY_POINT_BUFFER_PROXY,0.782071988,PRELIMINARY_90M,0.08664197743519077,0.7172238725459898,0.849065167,0.09296138229072015,0.29812050207874374,slope_focus,MST
779,ST017__ST052,17,ST017,장곡동,52,ST052,가온그린공원,639.0,0.639,1.9871511618456574,0.588670368,0.588670368,0.0,0.0,PRELIMINARY_POINT_BUFFER_PROXY,1.720740011,PRELIMINARY_90M,0.02282318491086039,0.7100185722077744,0.588670368,0.24870069085140145,0.3011305728449849,slope_focus,MST
1379,ST040__ST054,40,ST040,갯골생태공원,54,ST054,시흥 프리미엄 아울렛,5042.0,5.042,2.505555704817685,0.080180898,0.080180898,0.0,0.0,PRELIMINARY_POINT_BUFFER_PROXY,1.509985427,PRELIMINARY_90M,0.40203255533545773,0.5577342054812642,0.080180898,0.2137332983506408,0.30179035146308325,slope_focus,MST
769,ST017__ST042,17,ST017,장곡동,42,ST042,시흥시청역,2716.0,2.716,1.8434790923881643,0.330839246,0.330839246,0.0,0.0,PRELIMINARY_POINT_BUFFER_PROXY,1.590121124,PRELIMINARY_90M,0.20170527947635863,0.7522230829711033,0.330839246,0.22702902989364263,0.3137825451460301,slope_focus,MST
1147,ST029__ST042,29,ST029,관곡공원,42,ST042,시흥시청역,2654.0,2.654,2.6841941622399865,0.0,0.0,0.0,0.0,PRELIMINARY_POINT_BUFFER_PROXY,2.927478894,PRELIMINARY_90M,0.19636551545947808,0.5052581137294531,0.0,0.44891703427285934,0.31426518540640513,slope_focus,MST
1265,ST034__ST045,34,ST034,군자디지털과학고등학교,45,ST045,시흥중앙도서관,6540.0,6.54,2.9933398472819306,0.352023517,0.352023517,0.0,0.0,PRELIMINARY_POINT_BUFFER_PROXY,0.836864495,PRELIMINARY_90M,0.531048144001378,0.4144447605073809,0.352023517,0.10205229296989038,0.3151056020144767,slope_focus,MST
30,ST001__ST031,1,ST001,월곶역,31,ST031,마전저수지,4726.0,4.726,2.1733816526852707,0.0,0.0,0.0,0.0,PRELIMINARY_POINT_BUFFER_PROXY,1.971254241,PRELIMINARY_90M,0.37481698389458273,0.6553122762326484,0.0,0.2902648136390502,0.32684786205889216,slope_focus,MST
1051,ST026__ST027,26,ST026,은계파크자이,27,ST027,은행동행정복지센터,457.0,0.457,1.0,0.754632796,0.754632796,0.0,0.0,PRELIMINARY_POINT_BUFFER_PROXY,1.276801074,PRELIMINARY_90M,0.007148393764533632,1.0,0.754632796,0.17504446586295966,0.3353572238745439,slope_focus,MST
1304,ST036__ST045,36,ST036,시흥시립군자도서관,45,ST045,시흥중앙도서관,6722.0,6.722,3.000023280953298,0.369603936,0.369603936,0.0,0.0,PRELIMINARY_POINT_BUFFER_PROXY,1.146482613,PRELIMINARY_90M,0.5467229351477048,0.4124814627739778,0.369603936,0.15342265015013007,0.34269875042046016,slope_focus,MST
433,ST009__ST038,9,ST009,능곡중앙공원,38,ST038,능곡도서관,744.0,0.744,2.0,0.97496266,0.515421611,0.830516213,0.0,PRELIMINARY_POINT_BUFFER_PROXY,1.451338391,PRELIMINARY_90M,0.031866333649125826,0.7062441508450915,0.97496266,0.2040028626566858,0.3433420667841758,slope_focus,MST
332,ST007__ST030,7,ST007,장현지구,30,ST030,장곡도서관,1683.0,1.683,1.4562870070184697,0.759142743,0.759142743,0.0,0.0,PRELIMINARY_POINT_BUFFER_PROXY,1.235595407,PRELIMINARY_90M,0.11273792093704246,0.8659630227949378,0.759142743,0.16820781868832624,0.3448703686256839,slope_focus,MST
354,ST007__ST052,7,ST007,장현지구,52,ST052,가온그린공원,1163.0,1.163,1.2131708783527768,0.867518063,0.867518063,0.0,0.0,PRELIMINARY_POINT_BUFFER_PROXY,1.043527785,PRELIMINARY_90M,0.06795280337610886,0.9373798076143823,0.867518063,0.13634087753955518,0.34565687262081213,slope_focus,MST
1381,ST041__ST042,41,ST041,연꽃테마파크,42,ST042,시흥시청역,3357.0,3.357,2.4375560527901543,0.0,0.0,0.0,0.0,PRELIMINARY_POINT_BUFFER_PROXY,2.986825232,PRELIMINARY_90M,0.25691154939281713,0.5777095010048499,0.0,0.458763494809769,0.34723528789248026,slope_focus,MST
262,ST006__ST008,6,ST006,시흥시청 본청,8,ST008,시흥능곡역,1951.0,1.951,2.023517683433672,0.1397711,0.1397711,0.0,0.0,PRELIMINARY_POINT_BUFFER_PROXY,2.968420709,PRELIMINARY_90M,0.135819481526139,0.699335693777877,0.1397711,0.45570990438570363,0.3488958252788047,slope_focus,MST
468,ST010__ST028,10,ST010,은계호수공원,28,ST028,매화산업단지,3734.0,3.734,2.2597817465071626,0.156648005,0.156648005,0.0,0.0,PRELIMINARY_POINT_BUFFER_PROXY,2.499811713,PRELIMINARY_90M,0.289380759624494,0.6299317433049347,0.156648005,0.3779605412092454,0.35598540661678657,slope_focus,MST
765,ST017__ST038,17,ST017,장곡동,38,ST038,능곡도서관,4285.0,4.285,1.9821410620641189,0.326481556,0.310449796,0.021514244,0.0,PRELIMINARY_POINT_BUFFER_PROXY,1.72813283,PRELIMINARY_90M,0.3368357591938679,0.7114903183234511,0.326481556,0.24992727201871826,0.3567174177141654,slope_focus,MST
283,ST006__ST029,6,ST006,시흥시청 본청,29,ST029,관곡공원,3470.0,3.47,2.475229440723157,0.075912866,0.075912866,0.0,0.0,PRELIMINARY_POINT_BUFFER_PROXY,3.041565706,PRELIMINARY_90M,0.2666436999397123,0.5666427229420483,0.075912866,0.4678457724224623,0.3635147572922059,slope_focus,MST
714,ST016__ST025,16,ST016,물왕호수,25,ST025,목감동행정복지센터,3005.0,3.005,2.1381214943015445,0.193383798,0.119943446,0.161932073,0.0,PRELIMINARY_POINT_BUFFER_PROXY,2.924827881,PRELIMINARY_90M,0.22659546981310827,0.6656701539999965,0.193383798,0.4484771908761643,0.37622761009439765,slope_focus,MST
480,ST010__ST040,10,ST010,은계호수공원,40,ST040,갯골생태공원,7454.0,7.454,2.3810988212602635,0.143643119,0.143643119,0.0,0.0,PRELIMINARY_POINT_BUFFER_PROXY,1.480173201,PRELIMINARY_90M,0.6097666006373267,0.5942941429938482,0.143643119,0.20878699640988027,0.37713536805422737,slope_focus,MST
1376,ST040__ST051,40,ST040,갯골생태공원,51,ST051,연성중학교,5417.0,5.417,2.495832602905231,0.192518156,0.176017861,0.031845057,0.0,PRELIMINARY_POINT_BUFFER_PROXY,2.410565802,PRELIMINARY_90M,0.4343295151149772,0.5605904235399768,0.192518156,0.36315328653513135,0.38852645607954217,slope_focus,MST
713,ST016__ST024,16,ST016,물왕호수,24,ST024,목감고등학교,3229.0,3.229,2.105914035609522,0.176923572,0.176923572,0.0,0.0,PRELIMINARY_POINT_BUFFER_PROXY,3.167384816,PRELIMINARY_90M,0.2458875204547412,0.6751312833771932,0.176923572,0.48872107733856496,0.3970629153784273,slope_focus,MST
666,ST015__ST016,15,ST015,목감택지개발예정지구,16,ST016,물왕호수,3107.0,3.107,2.1181705540136373,0.281664379,0.281664379,0.0,0.0,PRELIMINARY_POINT_BUFFER_PROXY,3.053159992,PRELIMINARY_90M,0.23538024287313755,0.6715308594057094,0.281664379,0.4697694408980579,0.4015011349820209,slope_focus,MST
730,ST016__ST041,16,ST016,물왕호수,41,ST041,연꽃테마파크,3935.0,3.935,2.0,0.29027288,0.250287871,0.138484824,0.0,PRELIMINARY_POINT_BUFFER_PROXY,2.713464194,PRELIMINARY_90M,0.3066919300663164,0.7062441508450915,0.29027288,0.4134087389190912,0.4068486292142951,slope_focus,MST
1409,ST043__ST045,43,ST043,시흥종합버스터미널,45,ST045,시흥중앙도서관,671.0,0.671,3.1817228022763167,0.300402098,0.300402098,0.0,0.0,PRELIMINARY_POINT_BUFFER_PROXY,0.425583211,PRELIMINARY_90M,0.025579192145379383,0.35910616559669406,0.300402098,0.03381446955986759,0.12012578500706494,slope_focus,T2_SPANNER
880,ST020__ST045,20,ST020,시화공업단지[왼쪽부근],45,ST045,시흥중앙도서관,1373.0,1.373,2.951996349336429,0.38168565,0.38168565,0.0,0.0,PRELIMINARY_POINT_BUFFER_PROXY,0.548337,PRELIMINARY_90M,0.08603910085263974,0.42658965485339595,0.38168565,0.05418119107762378,0.16872550241485085,slope_focus,T2_SPANNER
1,ST001__ST002,1,ST001,월곶역,2,ST002,월곶포구,619.0,0.619,1.5532421960245575,0.149164241,0.149164241,0.0,0.0,PRELIMINARY_POINT_BUFFER_PROXY,0.47799073,PRELIMINARY_90M,0.02110068038928602,0.8374818689184798,0.149164241,0.042509674437898,0.17133099037971694,slope_focus,T2_SPANNER
534,ST011__ST050,11,ST011,배곧생명공원,50,ST050,시흥한라3차아파트,995.0,0.995,2.969355785245408,0.47264275,0.47264275,0.0,0.0,PRELIMINARY_POINT_BUFFER_PROXY,0.56995669,PRELIMINARY_90M,0.05348376539488416,0.4214902190171036,0.47264275,0.057768226631615675,0.17327236562367704,slope_focus,T2_SPANNER
259,ST005__ST054,5,ST005,배곧중·고등학교,54,ST054,시흥 프리미엄 아울렛,1508.0,1.508,1.711681176130996,0.0,0.0,0.0,0.0,PRELIMINARY_POINT_BUFFER_PROXY,0.623743217,PRELIMINARY_90M,0.09766600637326674,0.7909394917780753,0.0,0.06669222992096648,0.17461761764707792,slope_focus,T2_SPANNER
1243,ST033__ST044,33,ST033,타원산업단지,44,ST044,경기과학기술대학교,1598.0,1.598,1.7010597777371803,0.123630586,0.123630586,0.0,0.0,PRELIMINARY_POINT_BUFFER_PROXY,0.331684145,PRELIMINARY_90M,0.1054172767203514,0.7940595896824632,0.123630586,0.018235185665018444,0.17657278363448226,slope_focus,T2_SPANNER
1244,ST033__ST045,33,ST033,타원산업단지,45,ST045,시흥중앙도서관,3637.0,3.637,3.4781306841531268,0.249273043,0.249273043,0.0,0.0,PRELIMINARY_POINT_BUFFER_PROXY,0.487234376,PRELIMINARY_90M,0.28102661269485835,0.2720346165597639,0.249273043,0.04404333596822129,0.1801214671297106,slope_focus,T2_SPANNER
136,ST003__ST032,3,ST003,배곧한울공원,32,ST032,희망공원,2946.0,2.946,2.474419063810549,0.0,0.0,0.0,0.0,PRELIMINARY_POINT_BUFFER_PROXY,0.664390229,PRELIMINARY_90M,0.22151408147446386,0.5668807759001471,0.0,0.07343618773014575,0.18086081591941955,slope_focus,T2_SPANNER
1448,ST046__ST054,46,ST046,배곧1동행정복지센터,54,ST054,시흥 프리미엄 아울렛,1087.0,1.087,2.0,0.198910149,0.198910149,0.0,0.0,PRELIMINARY_POINT_BUFFER_PROXY,0.722410179,PRELIMINARY_90M,0.06140728619412626,0.7062441508450915,0.198910149,0.08306258031444422,0.18742036296077927,slope_focus,T2_SPANNER
205,ST004__ST050,4,ST004,배곧중심상가,50,ST050,시흥한라3차아파트,2083.0,2.083,3.3375162940590184,0.4015265,0.4015265,0.0,0.0,PRELIMINARY_POINT_BUFFER_PROXY,0.795418286,PRELIMINARY_90M,0.14718801136852985,0.3133409161252583,0.4015265,0.09517573621717196,0.18945681031621647,slope_focus,T2_SPANNER
1210,ST032__ST033,32,ST032,희망공원,33,ST033,타원산업단지,2081.0,2.081,1.4965117896209403,0.0,0.0,0.0,0.0,PRELIMINARY_POINT_BUFFER_PROXY,0.481788461,PRELIMINARY_90M,0.14701576091637242,0.8541467576244774,0.0,0.043139775800197705,0.18948265223866242,slope_focus,T2_SPANNER
807,ST018__ST043,18,ST018,정왕역,43,ST043,시흥종합버스터미널,1406.0,1.406,2.6557306312689994,0.43367149,0.43367149,0.0,0.0,PRELIMINARY_POINT_BUFFER_PROXY,0.599226145,PRELIMINARY_90M,0.08888123331323745,0.5136194424397824,0.43367149,0.0626244746042261,0.19380779970162904,slope_focus,T2_SPANNER
820,ST019__ST020,19,ST019,시화병원,20,ST020,시화공업단지[왼쪽부근],1979.0,1.979,2.8736363843131483,0.422822321,0.422822321,0.0,0.0,PRELIMINARY_POINT_BUFFER_PROXY,0.548112375,PRELIMINARY_90M,0.13823098785634313,0.4496083529185587,0.422822321,0.054143922372044954,0.19399146639350473,slope_focus,T2_SPANNER
784,ST018__ST020,18,ST018,정왕역,20,ST020,시화공업단지[왼쪽부근],1949.0,1.949,3.244027725944256,0.540858498,0.540858498,0.0,0.0,PRELIMINARY_POINT_BUFFER_PROXY,0.564911031,PRELIMINARY_90M,0.13564723107398158,0.34080372983808693,0.540858498,0.05693107502461671,0.19571593350775418,slope_focus,T2_SPANNER
1444,ST046__ST050,46,ST046,배곧1동행정복지센터,50,ST050,시흥한라3차아파트,2363.0,2.363,4.178737580648687,0.479447383,0.479447383,0.0,0.0,PRELIMINARY_POINT_BUFFER_PROXY,1.190735572,PRELIMINARY_90M,0.17130307467057102,0.06622724275592551,0.479447383,0.16076488943766587,0.1975480720396265,slope_focus,T2_SPANNER
843,ST019__ST043,19,ST019,시화병원,43,ST043,시흥종합버스터미널,1504.0,1.504,1.864455410627717,0.337651847,0.337651847,0.0,0.0,PRELIMINARY_POINT_BUFFER_PROXY,0.368706378,PRELIMINARY_90M,0.09732150546895185,0.7460611667944999,0.337651847,0.024377737480477956,0.20150449870205173,slope_focus,T2_SPANNER
151,ST003__ST047,3,ST003,배곧한울공원,47,ST047,배곧2동행정복지센터,2142.0,2.142,2.998593533213879,0.082490603,0.082490603,0.0,0.0,PRELIMINARY_POINT_BUFFER_PROXY,1.45164868,PRELIMINARY_90M,0.15226939970717424,0.41290145953524826,0.082490603,0.20405434432339853,0.20161136702179894,slope_focus,T2_SPANNER
149,ST003__ST045,3,ST003,배곧한울공원,45,ST045,시흥중앙도서관,4063.0,4.063,3.6462280998642367,0.303337094,0.303337094,0.0,0.0,PRELIMINARY_POINT_BUFFER_PROXY,0.708093583,PRELIMINARY_90M,0.31771595900439237,0.22265501746680116,0.303337094,0.08068723918493967,0.20648850009531375,slope_focus,T2_SPANNER
1412,ST043__ST048,43,ST043,시흥종합버스터미널,48,ST048,정왕평생학습관 사거리,1307.0,1.307,3.0428754779308687,0.59325425,0.59325425,0.0,0.0,PRELIMINARY_POINT_BUFFER_PROXY,0.728620186,PRELIMINARY_90M,0.08035483593144432,0.3998933792626782,0.59325425,0.08409291497232037,0.20671576115776316,slope_focus,T2_SPANNER
160,ST004__ST005,4,ST004,배곧중심상가,5,ST005,배곧중·고등학교,2591.0,2.591,3.612965583991951,0.346284637,0.346284637,0.0,0.0,PRELIMINARY_POINT_BUFFER_PROXY,1.174987484,PRELIMINARY_90M,0.19093962621651883,0.23242607606189314,0.346284637,0.15815204200260122,0.20734931162528014,slope_focus,T2_SPANNER
209,ST004__ST054,4,ST004,배곧중심상가,54,ST054,시흥 프리미엄 아울렛,3518.0,3.518,3.9115620934849367,0.174673018,0.174673018,0.0,0.0,PRELIMINARY_POINT_BUFFER_PROXY,1.470188615,PRELIMINARY_90M,0.2707777107914908,0.14471160486108936,0.174673018,0.2071304016588043,0.2119931673301324,slope_focus,T2_SPANNER
166,ST004__ST011,4,ST004,배곧중심상가,11,ST011,배곧생명공원,2231.0,2.231,3.33315178950529,0.458588112,0.458588112,0.0,0.0,PRELIMINARY_POINT_BUFFER_PROXY,0.948297628,PRELIMINARY_90M,0.15993454482818018,0.3146230148665793,0.458588112,0.12054074539283013,0.21217833063557298,slope_focus,T2_SPANNER
202,ST004__ST047,4,ST004,배곧중심상가,47,ST047,배곧2동행정복지센터,2617.0,2.617,4.125555851408769,0.591916562,0.591916562,0.0,0.0,PRELIMINARY_POINT_BUFFER_PROXY,1.078170272,PRELIMINARY_90M,0.1931788820945655,0.08184968678832416,0.591916562,0.14208859328144147,0.21585403925919486,slope_focus,T2_SPANNER
1408,ST043__ST044,43,ST043,시흥종합버스터미널,44,ST044,경기과학기술대학교,734.0,0.734,2.289035195013716,0.336285385,0.336285385,0.0,0.0,PRELIMINARY_POINT_BUFFER_PROXY,1.176164054,PRELIMINARY_90M,0.031005081388338643,0.6213383716981828,0.336285385,0.15834725286925844,0.2162839890689324,slope_focus,T2_SPANNER
823,ST019__ST023,19,ST019,시화병원,23,ST023,오이도역,1664.0,1.664,2.9999999999999996,0.714416548,0.714416548,0.0,0.0,PRELIMINARY_POINT_BUFFER_PROXY,0.445157056,PRELIMINARY_90M,0.11110154164154681,0.41248830169018313,0.714416548,0.03706206829709861,0.21719101726483095,slope_focus,T2_SPANNER
178,ST004__ST023,4,ST004,배곧중심상가,23,ST023,오이도역,1713.0,1.713,2.7144915430768712,0.4750888,0.4750888,0.0,0.0,PRELIMINARY_POINT_BUFFER_PROXY,0.778708558,PRELIMINARY_90M,0.11532167771940402,0.49635808089454436,0.4750888,0.09240333807300183,0.21727487067920356,slope_focus,T2_SPANNER
883,ST020__ST048,20,ST020,시화공업단지[왼쪽부근],48,ST048,정왕평생학습관 사거리,2009.0,2.009,2.934480706161243,0.546394757,0.546394757,0.0,0.0,PRELIMINARY_POINT_BUFFER_PROXY,0.706491352,PRELIMINARY_90M,0.14081474463870466,0.4317349774878171,0.546394757,0.08042140468117445,0.22113244543725372,slope_focus,T2_SPANNER
1226,ST032__ST049,32,ST032,희망공원,49,ST049,거북섬 웨이브파크 정문,4499.0,4.499,3.070219818149316,0.042639664,0.042639664,0.0,0.0,PRELIMINARY_POINT_BUFFER_PROXY,0.994963213,PRELIMINARY_90M,0.35526655757471365,0.3918608193822274,0.042639664,0.12828327604626832,0.22306835019825555,slope_focus,T2_SPANNER
1220,ST032__ST043,32,ST032,희망공원,43,ST043,시흥종합버스터미널,3095.0,3.095,2.2048417647809075,0.071388765,0.071388765,0.0,0.0,PRELIMINARY_POINT_BUFFER_PROXY,0.910646818,PRELIMINARY_90M,0.2343467401601929,0.646070684289486,0.071388765,0.11429390308812581,0.2236405006767311,slope_focus,T2_SPANNER
127,ST003__ST023,3,ST003,배곧한울공원,23,ST023,오이도역,4569.0,4.569,3.362496455886152,0.25196631,0.25196631,0.0,0.0,PRELIMINARY_POINT_BUFFER_PROXY,0.707990957,PRELIMINARY_90M,0.3612953234002239,0.3060028474757016,0.25196631,0.08067021196989801,0.22435205542938164,slope_focus,T2_SPANNER
56,ST002__ST004,2,ST002,월곶포구,4,ST004,배곧중심상가,3192.0,3.192,3.5458499603414118,0.332930014,0.332930014,0.0,0.0,PRELIMINARY_POINT_BUFFER_PROXY,1.198313388,PRELIMINARY_90M,0.24270088708982862,0.2521416830789185,0.332930014,0.16202216442234924,0.22537988645772605,slope_focus,T2_SPANNER
867,ST020__ST032,20,ST020,시화공업단지[왼쪽부근],32,ST032,희망공원,3417.0,3.417,2.3443302754970845,0.138210853,0.138210853,0.0,0.0,PRELIMINARY_POINT_BUFFER_PROXY,0.829933024,PRELIMINARY_90M,0.26207906295754024,0.6050951183767019,0.138210853,0.10090225645602437,0.23048051717617712,slope_focus,T2_SPANNER
1441,ST046__ST047,46,ST046,배곧1동행정복지센터,47,ST047,배곧2동행정복지센터,3069.0,3.069,4.129648039445814,0.60945262,0.60945262,0.0,0.0,PRELIMINARY_POINT_BUFFER_PROXY,1.115499419,PRELIMINARY_90M,0.23210748428214625,0.08064758261660032,0.60945262,0.14828206679975695,0.2324601023970367,slope_focus,T2_SPANNER
1411,ST043__ST047,43,ST043,시흥종합버스터미널,47,ST047,배곧2동행정복지센터,3278.0,3.278,3.627036078528638,0.64859462,0.64859462,0.0,0.0,PRELIMINARY_POINT_BUFFER_PROXY,0.612741743,PRELIMINARY_90M,0.2501076565325984,0.22829278599123903,0.64859462,0.06486691797688598,0.23251217504921975,slope_focus,T2_SPANNER
434,ST009__ST039,9,ST009,능곡중앙공원,39,ST039,능곡힐스테이트,792.0,0.792,2.0,0.496869839,0.318845713,0.496869839,0.0,PRELIMINARY_POINT_BUFFER_PROXY,0.848295282,PRELIMINARY_90M,0.036000344500904315,0.7062441508450915,0.496869839,0.10394883447345071,0.23284673561641528,slope_focus,T2_SPANNER
53,ST001__ST054,1,ST001,월곶역,54,ST054,시흥 프리미엄 아울렛,3069.0,3.069,2.971566575272677,0.131704676,0.131704676,0.0,0.0,PRELIMINARY_POINT_BUFFER_PROXY,1.446878915,PRELIMINARY_90M,0.23210748428214625,0.42084078651533996,0.131704676,0.20326296772922972,0.23381925175363671,slope_focus,T2_SPANNER
466,ST010__ST026,10,ST010,은계호수공원,26,ST026,은계파크자이,1220.0,1.22,2.405341600576404,0.254629654,0.254629654,0.0,0.0,PRELIMINARY_POINT_BUFFER_PROXY,1.537591702,PRELIMINARY_90M,0.07286194126259582,0.5871726847699602,0.254629654,0.21831359945293588,0.2354543729754471,slope_focus,T2_SPANNER
797,ST018__ST033,18,ST018,정왕역,33,ST033,타원산업단지,3728.0,3.728,2.6919701197263484,0.201894718,0.201894718,0.0,0.0,PRELIMINARY_POINT_BUFFER_PROXY,0.876118982,PRELIMINARY_90M,0.2888640082680217,0.5029738807350543,0.201894718,0.10856520969176346,0.23581557616737003,slope_focus,T2_SPANNER
1247,ST033__ST048,33,ST033,타원산업단지,48,ST048,정왕평생학습관 사거리,3608.0,3.608,2.731241808577759,0.220485387,0.220485387,0.0,0.0,PRELIMINARY_POINT_BUFFER_PROXY,0.925063471,PRELIMINARY_90M,0.2785289811385755,0.49143759242876095,0.220485387,0.11668584519647998,0.2370214793344788,slope_focus,T2_SPANNER
833,ST019__ST033,19,ST019,시화병원,33,ST033,타원산업단지,3836.0,3.836,2.7436795030655845,0.224557843,0.224557843,0.0,0.0,PRELIMINARY_POINT_BUFFER_PROXY,0.855941648,PRELIMINARY_90M,0.2981655326845233,0.48778394692296034,0.224557843,0.10521748294624725,0.23838792147229992,slope_focus,T2_SPANNER
1435,ST045__ST050,45,ST045,시흥중앙도서관,50,ST050,시흥한라3차아파트,2833.0,2.833,3.6569644058701334,0.750888061,0.750888061,0.0,0.0,PRELIMINARY_POINT_BUFFER_PROXY,0.66329661,PRELIMINARY_90M,0.2117819309275687,0.21950116477925208,0.750888061,0.07325473969663919,0.23839485902381408,slope_focus,T2_SPANNER
1145,ST029__ST040,29,ST029,관곡공원,40,ST040,갯골생태공원,3173.0,3.173,2.6002442194967386,0.0,0.0,0.0,0.0,PRELIMINARY_POINT_BUFFER_PROXY,1.529257702,PRELIMINARY_90M,0.24106450779433297,0.5299189004465018,0.0,0.2169308620359346,0.238579532219649,slope_focus,T2_SPANNER
187,ST004__ST032,4,ST004,배곧중심상가,32,ST032,희망공원,5657.0,5.657,3.382880136450011,0.171375946,0.171375946,0.0,0.0,PRELIMINARY_POINT_BUFFER_PROXY,0.759506429,PRELIMINARY_90M,0.4549995693738696,0.30001502208276287,0.171375946,0.08921741267650729,0.24289548109517822,slope_focus,T2_SPANNER
115,ST003__ST011,3,ST003,배곧한울공원,11,ST011,배곧생명공원,4442.0,4.442,2.929381135965357,0.030002831,0.030002831,0.0,0.0,PRELIMINARY_POINT_BUFFER_PROXY,1.252044916,PRELIMINARY_90M,0.3503574196882267,0.43323300606103465,0.030002831,0.17093704254068998,0.24296741848189923,slope_focus,T2_SPANNER
879,ST020__ST044,20,ST020,시화공업단지[왼쪽부근],44,ST044,경기과학기술대학교,406.0,0.406,2.506476981067469,0.352976565,0.352976565,0.0,0.0,PRELIMINARY_POINT_BUFFER_PROXY,1.876973273,PRELIMINARY_90M,0.0027560072345189906,0.5574635751942025,0.352976565,0.274622166391066,0.24724168975591249,slope_focus,T2_SPANNER
787,ST018__ST023,18,ST018,정왕역,23,ST023,오이도역,1655.0,1.655,2.5246466062280373,0.845619078,0.845619078,0.0,0.0,PRELIMINARY_POINT_BUFFER_PROXY,0.311055548,PRELIMINARY_90M,0.11032641460683834,0.5521261415263335,0.845619078,0.014812587521013129,0.2486847423194068,slope_focus,T2_SPANNER
152,ST003__ST048,3,ST003,배곧한울공원,48,ST048,정왕평생학습관 사거리,4872.0,4.872,3.339952815767692,0.354358738,0.354358738,0.0,0.0,PRELIMINARY_POINT_BUFFER_PROXY,0.713851516,PRELIMINARY_90M,0.3873912669020756,0.3126251736217426,0.354358738,0.08164256788708586,0.2489219939687184,slope_focus,T2_SPANNER
1246,ST033__ST047,33,ST033,타원산업단지,47,ST047,배곧2동행정복지센터,5822.0,5.822,2.832765178273928,0.030351918,0.030351918,0.0,0.0,PRELIMINARY_POINT_BUFFER_PROXY,0.750301445,PRELIMINARY_90M,0.46921023167685816,0.4616145087545951,0.030351918,0.08769016576029681,0.2496340998203654,slope_focus,T2_SPANNER
882,ST020__ST047,20,ST020,시화공업단지[왼쪽부근],47,ST047,배곧2동행정복지센터,3980.0,3.98,3.469030866076152,0.615133014,0.615133014,0.0,0.0,PRELIMINARY_POINT_BUFFER_PROXY,0.623427135,PRELIMINARY_90M,0.31056756523985873,0.27470774134612075,0.615133014,0.06663978710740269,0.2533022977168368,slope_focus,T2_SPANNER
1459,ST048__ST050,48,ST048,정왕평생학습관 사거리,50,ST050,시흥한라3차아파트,3650.0,3.65,3.5088450033930068,0.746548284,0.746548284,0.0,0.0,PRELIMINARY_POINT_BUFFER_PROXY,0.613416754,PRELIMINARY_90M,0.28214624063388166,0.263012105630238,0.746548284,0.06497891257330876,0.26206949566402366,slope_focus,T2_SPANNER
250,ST005__ST045,5,ST005,배곧중·고등학교,45,ST045,시흥중앙도서관,4916.0,4.916,3.972125654970632,0.577746462,0.577746462,0.0,0.0,PRELIMINARY_POINT_BUFFER_PROXY,0.813962468,PRELIMINARY_90M,0.3911807768495392,0.1269207044290135,0.577746462,0.09825249819450357,0.26235530729701523,slope_focus,T2_SPANNER
850,ST019__ST050,19,ST019,시화병원,50,ST050,시흥한라3차아파트,2327.0,2.327,2.8286811737543958,0.671238316,0.671238316,0.0,0.0,PRELIMINARY_POINT_BUFFER_PROXY,0.870466051,PRELIMINARY_90M,0.16820256653173715,0.46281420897018277,0.671238316,0.10762730241921407,0.2636195696727342,slope_focus,T2_SPANNER
527,ST011__ST043,11,ST011,배곧생명공원,43,ST043,시흥종합버스터미널,4504.0,4.504,3.4056723875395676,0.588366349,0.588366349,0.0,0.0,PRELIMINARY_POINT_BUFFER_PROXY,0.593949192,PRELIMINARY_90M,0.3556971837051072,0.2933196650097982,0.588366349,0.06174894780306731,0.26366163633422884,slope_focus,T2_SPANNER
957,ST022__ST055,22,ST022,오이도박물관,55,ST055,해양생태과학관,1977.0,1.977,2.056726097058233,0.0,0.0,0.0,0.0,PRELIMINARY_POINT_BUFFER_PROXY,2.016046436,PRELIMINARY_90M,0.1380587374041857,0.6895805280345066,0.0,0.29769652038444466,0.2639333085802096,slope_focus,T2_SPANNER
157,ST003__ST053,3,ST003,배곧한울공원,53,ST053,오이도 빨강등대,2485.0,2.485,2.0743268960726615,0.321268247,0.295693025,0.112820736,0.0,PRELIMINARY_POINT_BUFFER_PROXY,1.113752047,PRELIMINARY_90M,0.18181035225217465,0.6844101903742181,0.321268247,0.14799215119550682,0.26459173175998785,slope_focus,T2_SPANNER
1470,ST049__ST055,49,ST049,거북섬 웨이브파크 정문,55,ST055,해양생태과학관,676.0,0.676,1.555560248126299,0.855999995,0.855999995,0.0,0.0,PRELIMINARY_POINT_BUFFER_PROXY,0.286663062,PRELIMINARY_90M,0.026009818275772974,0.8368009275549474,0.855999995,0.010765502917475826,0.2660292850329643,slope_focus,T2_SPANNER
934,ST022__ST032,22,ST022,오이도박물관,32,ST032,희망공원,2894.0,2.894,2.88457420094931,0.0,0.0,0.0,0.0,PRELIMINARY_POINT_BUFFER_PROXY,2.242877844,PRELIMINARY_90M,0.2170355697183705,0.4463953053047024,0.0,0.3353313026249875,0.2662024877612115,slope_focus,T2_SPANNER
10,ST001__ST011,1,ST001,월곶역,11,ST011,배곧생명공원,5473.0,5.473,3.399135690853287,0.159476951,0.159476951,0.0,0.0,PRELIMINARY_POINT_BUFFER_PROXY,1.230120641,PRELIMINARY_90M,0.43915252777538544,0.29523985789554474,0.159476951,0.16729947170038212,0.2668730683471002,slope_focus,T2_SPANNER
949,ST022__ST047,22,ST022,오이도박물관,47,ST047,배곧2동행정복지센터,4352.0,4.352,3.2556383357386656,0.040564469,0.040564469,0.0,0.0,PRELIMINARY_POINT_BUFFER_PROXY,1.850197274,PRELIMINARY_90M,0.34260614934114203,0.3373930452987237,0.040564469,0.2701796207113337,0.26754732023168465,slope_focus,T2_SPANNER
148,ST003__ST044,3,ST003,배곧한울공원,44,ST044,경기과학기술대학교,4512.0,4.512,3.1706580906619517,0.229161108,0.229161108,0.0,0.0,PRELIMINARY_POINT_BUFFER_PROXY,1.318416395,PRELIMINARY_90M,0.35638618551373696,0.3623564893526261,0.229161108,0.18194908086982542,0.26842312760494513,slope_focus,T2_SPANNER
916,ST021__ST047,21,ST021,오이도 포구 해양관광 단지,47,ST047,배곧2동행정복지센터,3762.0,3.762,2.469042411414725,0.254750012,0.237212965,0.071741573,0.0,PRELIMINARY_POINT_BUFFER_PROXY,1.099645611,PRELIMINARY_90M,0.29179226595469815,0.5684601989902931,0.254750012,0.14565167880796975,0.2692798829581413,slope_focus,T2_SPANNER
454,ST010__ST014,10,ST010,은계호수공원,14,ST014,시흥대야역,1525.0,1.525,2.792670740390496,0.667821134,0.57752438,0.090296754,0.0,PRELIMINARY_POINT_BUFFER_PROXY,1.2539899,PRELIMINARY_90M,0.09913013521660495,0.47339248440143145,0.667821134,0.1712597449827669,0.26942498131830295,slope_focus,T2_SPANNER
504,ST011__ST020,11,ST011,배곧생명공원,20,ST020,시화공업단지[왼쪽부근],4958.0,4.958,3.5286319710741507,0.600203436,0.600203436,0.0,0.0,PRELIMINARY_POINT_BUFFER_PROXY,0.580870729,PRELIMINARY_90M,0.3947980363448454,0.25719956813686284,0.600203436,0.05957903177871326,0.2708814742354684,slope_focus,T2_SPANNER
980,ST023__ST046,23,ST023,오이도역,46,ST046,배곧1동행정복지센터,2045.0,2.045,2.389760491642425,0.684570888,0.684570888,0.0,0.0,PRELIMINARY_POINT_BUFFER_PROXY,0.792332511,PRELIMINARY_90M,0.14391525277753855,0.5917497266556364,0.684570888,0.09466375918898057,0.27248817170719924,slope_focus,T2_SPANNER
952,ST022__ST050,22,ST022,오이도박물관,50,ST050,시흥한라3차아파트,4574.0,4.574,3.4123151124351194,0.205257775,0.205257775,0.0,0.0,PRELIMINARY_POINT_BUFFER_PROXY,1.596050461,PRELIMINARY_90M,0.36172594953061754,0.291368325717403,0.205257775,0.22801279712761313,0.274216818817841,slope_focus,T2_SPANNER
583,ST013__ST014,13,ST013,삼미시장,14,ST014,시흥대야역,1514.0,1.514,2.268613825900731,0.811440142,0.741965677,0.311431231,0.0,PRELIMINARY_POINT_BUFFER_PROXY,0.67519953,PRELIMINARY_90M,0.09818275772973904,0.6273372683228735,0.811440142,0.07522961524926373,0.27536328496705825,slope_focus,T2_SPANNER
914,ST021__ST045,21,ST021,오이도 포구 해양관광 단지,45,ST045,시흥중앙도서관,5683.0,5.683,3.1106854785594846,0.354343024,0.342731054,0.047502923,0.0,PRELIMINARY_POINT_BUFFER_PROXY,0.685024673,PRELIMINARY_90M,0.4572388252519163,0.37997379494682426,0.354343024,0.07685975598042384,0.27806307280976805,slope_focus,T2_SPANNER
1425,ST044__ST050,44,ST044,경기과학기술대학교,50,ST050,시흥한라3차아파트,4192.0,4.192,3.3875016979736334,0.66648888,0.66648888,0.0,0.0,PRELIMINARY_POINT_BUFFER_PROXY,0.750088789,PRELIMINARY_90M,0.32882611316854704,0.2986574113529695,0.66648888,0.08765488289394814,0.2784817308110888,slope_focus,T2_SPANNER
636,ST014__ST026,14,ST014,시흥대야역,26,ST026,은계파크자이,2742.0,2.742,2.689120979304191,0.480816193,0.434350308,0.046465885,0.0,PRELIMINARY_POINT_BUFFER_PROXY,1.352474425,PRELIMINARY_90M,0.2039445353544053,0.5038108323991268,0.480816193,0.1875998263018331,0.2839173449369239,slope_focus,T2_SPANNER
1285,ST035__ST045,35,ST035,산들공원,45,ST045,시흥중앙도서관,6104.0,6.104,3.104005896090232,0.305870296,0.305870296,0.0,0.0,PRELIMINARY_POINT_BUFFER_PROXY,0.734142852,PRELIMINARY_90M,0.4934975454310568,0.38193596136707975,0.305870296,0.0850092092991503,0.2852238859540391,slope_focus,T2_SPANNER
98,ST002__ST046,2,ST002,월곶포구,46,ST046,배곧1동행정복지센터,3125.0,3.125,2.815004873907645,0.531949966,0.531949966,0.0,0.0,PRELIMINARY_POINT_BUFFER_PROXY,1.210764979,PRELIMINARY_90M,0.23693049694255447,0.46683170204496216,0.531949966,0.1640880728429031,0.2865316284266719,slope_focus,T2_SPANNER
1223,ST032__ST046,32,ST032,희망공원,46,ST046,배곧1동행정복지센터,6177.0,6.177,3.771236322539583,0.329159995,0.329159995,0.0,0.0,PRELIMINARY_POINT_BUFFER_PROXY,1.116068504,PRELIMINARY_90M,0.4997846869348032,0.18593312086345892,0.329159995,0.14837648666092254,0.2865499681243288,slope_focus,T2_SPANNER
892,ST021__ST023,21,ST021,오이도 포구 해양관광 단지,23,ST023,오이도역,5955.0,5.955,3.15826320833615,0.311273482,0.30019066,0.045338256,0.0,PRELIMINARY_POINT_BUFFER_PROXY,0.862008045,PRELIMINARY_90M,0.4806648867453277,0.36599755853541716,0.311273482,0.10622399051983547,0.28827971831184507,slope_focus,T2_SPANNER
925,ST022__ST023,22,ST022,오이도박물관,23,ST023,오이도역,6145.0,6.145,3.451768155847177,0.187192651,0.187192651,0.0,0.0,PRELIMINARY_POINT_BUFFER_PROXY,1.271537161,PRELIMINARY_90M,0.4970286797002842,0.27977876344814856,0.187192651,0.17417110259622826,0.28882275711579886,slope_focus,T2_SPANNER
1322,ST037__ST045,37,ST037,군자동행정복지센터,45,ST045,시흥중앙도서관,5556.0,5.556,3.4490973986733664,0.318446298,0.318446298,0.0,0.0,PRELIMINARY_POINT_BUFFER_PROXY,1.229092844,PRELIMINARY_90M,0.446300921539919,0.28056331398962786,0.318446298,0.16712894453827729,0.2905932960757308,slope_focus,T2_SPANNER
1254,ST033__ST055,33,ST033,타원산업단지,55,ST055,해양생태과학관,6669.0,6.669,2.6513319891233778,0.0,0.0,0.0,0.0,PRELIMINARY_POINT_BUFFER_PROXY,1.019873464,PRELIMINARY_90M,0.5421582981655327,0.5149115692983981,0.0,0.13241626574204388,0.29285073114123705,slope_focus,T2_SPANNER
253,ST005__ST048,5,ST005,배곧중·고등학교,48,ST048,정왕평생학습관 사거리,4349.0,4.349,3.274669870265716,0.728667958,0.728667958,0.0,0.0,PRELIMINARY_POINT_BUFFER_PROXY,0.703370048,PRELIMINARY_90M,0.34234777366290586,0.331802420713009,0.728667958,0.07990353285124455,0.29373630204632095,slope_focus,T2_SPANNER
22,ST001__ST023,1,ST001,월곶역,23,ST023,오이도역,5851.0,5.851,3.2813856216322828,0.265377551,0.265377551,0.0,0.0,PRELIMINARY_POINT_BUFFER_PROXY,1.177724274,PRELIMINARY_90M,0.471707863233141,0.3298296294676101,0.265377551,0.1586061171088497,0.2942358828836237,slope_focus,T2_SPANNER
159,ST003__ST055,3,ST003,배곧한울공원,55,ST055,해양생태과학관,4683.0,4.683,2.979187730277081,0.0,0.0,0.0,0.0,PRELIMINARY_POINT_BUFFER_PROXY,2.085033623,PRELIMINARY_90M,0.3711135991731978,0.41860202765548005,0.0,0.30914254447354533,0.29778140168969947,slope_focus,T2_SPANNER
541,ST012__ST014,12,ST012,신천역,14,ST014,시흥대야역,1380.0,1.38,1.9626229682490228,0.849065167,0.772905097,0.341400609,0.0,PRELIMINARY_POINT_BUFFER_PROXY,0.782071988,PRELIMINARY_90M,0.08664197743519077,0.7172238725459898,0.849065167,0.09296138229072015,0.29812050207874374,slope_focus,T2_SPANNER
779,ST017__ST052,17,ST017,장곡동,52,ST052,가온그린공원,639.0,0.639,1.9871511618456574,0.588670368,0.588670368,0.0,0.0,PRELIMINARY_POINT_BUFFER_PROXY,1.720740011,PRELIMINARY_90M,0.02282318491086039,0.7100185722077744,0.588670368,0.24870069085140145,0.3011305728449849,slope_focus,T2_SPANNER
1284,ST035__ST044,35,ST035,산들공원,44,ST044,경기과학기술대학교,6030.0,6.03,2.956928367155461,0.339457259,0.339457259,0.0,0.0,PRELIMINARY_POINT_BUFFER_PROXY,0.834605206,PRELIMINARY_90M,0.4871242787012316,0.42514084577091904,0.339457259,0.10167744254558998,0.30149797634424336,slope_focus,T2_SPANNER
1379,ST040__ST054,40,ST040,갯골생태공원,54,ST054,시흥 프리미엄 아울렛,5042.0,5.042,2.505555704817685,0.080180898,0.080180898,0.0,0.0,PRELIMINARY_POINT_BUFFER_PROXY,1.509985427,PRELIMINARY_90M,0.40203255533545773,0.5577342054812642,0.080180898,0.2137332983506408,0.30179035146308325,slope_focus,T2_SPANNER
854,ST019__ST054,19,ST019,시화병원,54,ST054,시흥 프리미엄 아울렛,5839.0,5.839,3.449473355080724,0.447329658,0.447329658,0.0,0.0,PRELIMINARY_POINT_BUFFER_PROXY,1.073292342,PRELIMINARY_90M,0.47067436052019634,0.28045287459593926,0.447329658,0.141279270467845,0.3068813962325878,slope_focus,T2_SPANNER
1321,ST037__ST044,37,ST037,군자동행정복지센터,44,ST044,경기과학기술대학교,5482.0,5.482,3.2920678770932374,0.355555321,0.355555321,0.0,0.0,PRELIMINARY_POINT_BUFFER_PROXY,1.34534686,PRELIMINARY_90M,0.4399276548100939,0.32669165444378767,0.355555321,0.18641725480943946,0.3088822446833721,slope_focus,T2_SPANNER
769,ST017__ST042,17,ST017,장곡동,42,ST042,시흥시청역,2716.0,2.716,1.8434790923881643,0.330839246,0.330839246,0.0,0.0,PRELIMINARY_POINT_BUFFER_PROXY,1.590121124,PRELIMINARY_90M,0.20170527947635863,0.7522230829711033,0.330839246,0.22702902989364263,0.3137825451460301,slope_focus,T2_SPANNER
1147,ST029__ST042,29,ST029,관곡공원,42,ST042,시흥시청역,2654.0,2.654,2.6841941622399865,0.0,0.0,0.0,0.0,PRELIMINARY_POINT_BUFFER_PROXY,2.927478894,PRELIMINARY_90M,0.19636551545947808,0.5052581137294531,0.0,0.44891703427285934,0.31426518540640513,slope_focus,T2_SPANNER
1265,ST034__ST045,34,ST034,군자디지털과학고등학교,45,ST045,시흥중앙도서관,6540.0,6.54,2.9933398472819306,0.352023517,0.352023517,0.0,0.0,PRELIMINARY_POINT_BUFFER_PROXY,0.836864495,PRELIMINARY_90M,0.531048144001378,0.4144447605073809,0.352023517,0.10205229296989038,0.3151056020144767,slope_focus,T2_SPANNER
818,ST018__ST054,18,ST018,정왕역,54,ST054,시흥 프리미엄 아울렛,5830.0,5.83,3.315653552693978,0.48397827,0.48397827,0.0,0.0,PRELIMINARY_POINT_BUFFER_PROXY,1.04582916,PRELIMINARY_90M,0.4698992334854879,0.3197632242798,0.48397827,0.13672271067167077,0.31622007845628464,slope_focus,T2_SPANNER
95,ST002__ST043,2,ST002,월곶포구,43,ST043,시흥종합버스터미널,7296.0,7.296,3.895549908774106,0.451755892,0.451755892,0.0,0.0,PRELIMINARY_POINT_BUFFER_PROXY,0.940832226,PRELIMINARY_90M,0.5961588149168892,0.14941527777764463,0.451755892,0.11930212160133073,0.3167441685822457,slope_focus,T2_SPANNER
595,ST013__ST026,13,ST013,삼미시장,26,ST026,은계파크자이,1938.0,1.938,2.6326125397405407,0.511569918,0.511569918,0.0,0.0,PRELIMINARY_POINT_BUFFER_PROXY,2.070334106,PRELIMINARY_90M,0.13469985358711567,0.5204105170475657,0.511569918,0.3067036709232997,0.3178884897025894,slope_focus,T2_SPANNER
30,ST001__ST031,1,ST001,월곶역,31,ST031,마전저수지,4726.0,4.726,2.1733816526852707,0.0,0.0,0.0,0.0,PRELIMINARY_POINT_BUFFER_PROXY,1.971254241,PRELIMINARY_90M,0.37481698389458273,0.6553122762326484,0.0,0.2902648136390502,0.32684786205889216,slope_focus,T2_SPANNER
452,ST010__ST012,10,ST010,은계호수공원,12,ST012,신천역,2361.0,2.361,2.79221465563128,0.473443851,0.473443851,0.0,0.0,PRELIMINARY_POINT_BUFFER_PROXY,2.295026039,PRELIMINARY_90M,0.17113082421841358,0.4735264619671615,0.473443851,0.34398348170533055,0.3309781868927305,slope_focus,T2_SPANNER
210,ST004__ST055,4,ST004,배곧중심상가,55,ST055,해양생태과학관,7399.0,7.399,3.484870986965943,0.130920651,0.130920651,0.0,0.0,PRELIMINARY_POINT_BUFFER_PROXY,1.632000824,PRELIMINARY_90M,0.6050297132029971,0.27005461318342383,0.130920651,0.23397750939961678,0.3352462073482594,slope_focus,T2_SPANNER
1051,ST026__ST027,26,ST026,은계파크자이,27,ST027,은행동행정복지센터,457.0,0.457,1.0,0.754632796,0.754632796,0.0,0.0,PRELIMINARY_POINT_BUFFER_PROXY,1.276801074,PRELIMINARY_90M,0.007148393764533632,1.0,0.754632796,0.17504446586295966,0.3353572238745439,slope_focus,T2_SPANNER
258,ST005__ST053,5,ST005,배곧중·고등학교,53,ST053,오이도 빨강등대,6642.0,6.642,2.494332228519753,0.202414333,0.1928514,0.042185248,0.0,PRELIMINARY_POINT_BUFFER_PROXY,1.120074325,PRELIMINARY_90M,0.5398329170614072,0.5610311672916333,0.202414333,0.1490411133206909,0.3360831454904435,slope_focus,T2_SPANNER
922,ST021__ST053,21,ST021,오이도 포구 해양관광 단지,53,ST053,오이도 빨강등대,374.0,0.374,1.497751290766831,0.499042777,0.014898499,0.484144278,0.0,PRELIMINARY_POINT_BUFFER_PROXY,2.232582635,PRELIMINARY_90M,0.0,0.8537826469128378,0.499042777,0.3336231707915163,0.3363730819035322,slope_focus,T2_SPANNER
553,ST012__ST026,12,ST012,신천역,26,ST026,은계파크자이,1797.0,1.797,2.4281601537334185,0.516501543,0.516501543,0.0,0.0,PRELIMINARY_POINT_BUFFER_PROXY,2.25962769,PRELIMINARY_90M,0.12255619671001636,0.580469601310835,0.516501543,0.3381103569558261,0.3365566734419606,slope_focus,T2_SPANNER
92,ST002__ST040,2,ST002,월곶포구,40,ST040,갯골생태공원,5178.0,5.178,2.1502804312043358,0.182738865,0.182738865,0.0,0.0,PRELIMINARY_POINT_BUFFER_PROXY,1.514434926,PRELIMINARY_90M,0.41374558608216344,0.6620983951652961,0.182738865,0.2144715379419787,0.3366378800262349,slope_focus,T2_SPANNER
540,ST012__ST013,12,ST012,신천역,13,ST013,삼미시장,817.0,0.817,1.0,0.809017738,0.809017738,0.0,0.0,PRELIMINARY_POINT_BUFFER_PROXY,1.048439723,PRELIMINARY_90M,0.03815347515287228,1.0,0.809017738,0.13715584279784535,0.3376610403649998,slope_focus,T2_SPANNER
1304,ST036__ST045,36,ST036,시흥시립군자도서관,45,ST045,시흥중앙도서관,6722.0,6.722,3.000023280953298,0.369603936,0.369603936,0.0,0.0,PRELIMINARY_POINT_BUFFER_PROXY,1.146482613,PRELIMINARY_90M,0.5467229351477048,0.4124814627739778,0.369603936,0.15342265015013007,0.34269875042046016,slope_focus,T2_SPANNER
433,ST009__ST038,9,ST009,능곡중앙공원,38,ST038,능곡도서관,744.0,0.744,2.0,0.97496266,0.515421611,0.830516213,0.0,PRELIMINARY_POINT_BUFFER_PROXY,1.451338391,PRELIMINARY_90M,0.031866333649125826,0.7062441508450915,0.97496266,0.2040028626566858,0.3433420667841758,slope_focus,T2_SPANNER
332,ST007__ST030,7,ST007,장현지구,30,ST030,장곡도서관,1683.0,1.683,1.4562870070184697,0.759142743,0.759142743,0.0,0.0,PRELIMINARY_POINT_BUFFER_PROXY,1.235595407,PRELIMINARY_90M,0.11273792093704246,0.8659630227949378,0.759142743,0.16820781868832624,0.3448703686256839,slope_focus,T2_SPANNER
354,ST007__ST052,7,ST007,장현지구,52,ST052,가온그린공원,1163.0,1.163,1.2131708783527768,0.867518063,0.867518063,0.0,0.0,PRELIMINARY_POINT_BUFFER_PROXY,1.043527785,PRELIMINARY_90M,0.06795280337610886,0.9373798076143823,0.867518063,0.13634087753955518,0.34565687262081213,slope_focus,T2_SPANNER
596,ST013__ST027,13,ST013,삼미시장,27,ST027,은행동행정복지센터,1561.0,1.561,2.6154869323133116,0.514819805,0.514819805,0.0,0.0,PRELIMINARY_POINT_BUFFER_PROXY,2.62974837,PRELIMINARY_90M,0.10223064335543881,0.525441264399645,0.514819805,0.3995190098286312,0.34651595734803087,slope_focus,T2_SPANNER
1381,ST041__ST042,41,ST041,연꽃테마파크,42,ST042,시흥시청역,3357.0,3.357,2.4375560527901543,0.0,0.0,0.0,0.0,PRELIMINARY_POINT_BUFFER_PROXY,2.986825232,PRELIMINARY_90M,0.25691154939281713,0.5777095010048499,0.0,0.458763494809769,0.34723528789248026,slope_focus,T2_SPANNER
262,ST006__ST008,6,ST006,시흥시청 본청,8,ST008,시흥능곡역,1951.0,1.951,2.023517683433672,0.1397711,0.1397711,0.0,0.0,PRELIMINARY_POINT_BUFFER_PROXY,2.968420709,PRELIMINARY_90M,0.135819481526139,0.699335693777877,0.1397711,0.45570990438570363,0.3488958252788047,slope_focus,T2_SPANNER
1449,ST046__ST055,46,ST046,배곧1동행정복지센터,55,ST055,해양생태과학관,7851.0,7.851,3.5232407663534175,0.164232235,0.164232235,0.0,0.0,PRELIMINARY_POINT_BUFFER_PROXY,1.618401666,PRELIMINARY_90M,0.6439583153905779,0.25878326605756985,0.164232235,0.23172120215143918,0.34932830063638454,slope_focus,T2_SPANNER
1157,ST029__ST052,29,ST029,관곡공원,52,ST052,가온그린공원,4265.0,4.265,2.386392012061943,0.201240875,0.201240875,0.0,0.0,PRELIMINARY_POINT_BUFFER_PROXY,2.198243349,PRELIMINARY_90M,0.3351132546722935,0.5927392372351619,0.201240875,0.327925760709286,0.35080129752067674,slope_focus,T2_SPANNER
453,ST010__ST013,10,ST010,은계호수공원,13,ST013,삼미시장,2822.0,2.822,2.499145512681044,0.559085533,0.559085533,0.0,0.0,PRELIMINARY_POINT_BUFFER_PROXY,2.040771125,PRELIMINARY_90M,0.2108345534407028,0.5596172369156094,0.559085533,0.3017987225207562,0.35177527052785473,slope_focus,T2_SPANNER
468,ST010__ST028,10,ST010,은계호수공원,28,ST028,매화산업단지,3734.0,3.734,2.2597817465071626,0.156648005,0.156648005,0.0,0.0,PRELIMINARY_POINT_BUFFER_PROXY,2.499811713,PRELIMINARY_90M,0.289380759624494,0.6299317433049347,0.156648005,0.3779605412092454,0.35598540661678657,slope_focus,T2_SPANNER
765,ST017__ST038,17,ST017,장곡동,38,ST038,능곡도서관,4285.0,4.285,1.9821410620641189,0.326481556,0.310449796,0.021514244,0.0,PRELIMINARY_POINT_BUFFER_PROXY,1.72813283,PRELIMINARY_90M,0.3368357591938679,0.7114903183234511,0.326481556,0.24992727201871826,0.3567174177141654,slope_focus,T2_SPANNER
1143,ST029__ST038,29,ST029,관곡공원,38,ST038,능곡도서관,4223.0,4.223,2.511994530716733,0.118739746,0.102463148,0.021842811,0.0,PRELIMINARY_POINT_BUFFER_PROXY,2.578907523,PRELIMINARY_90M,0.33149599517698736,0.5558427627117288,0.118739746,0.39108373967517096,0.3570696707299239,slope_focus,T2_SPANNER
766,ST017__ST039,17,ST017,장곡동,39,ST039,능곡힐스테이트,4383.0,4.383,1.9825345779479786,0.337079027,0.273766902,0.063312125,0.0,PRELIMINARY_POINT_BUFFER_PROXY,1.722839209,PRELIMINARY_90M,0.3452760313495823,0.7113747207308319,0.337079027,0.24904897974272547,0.3604704634615897,slope_focus,T2_SPANNER
1144,ST029__ST039,29,ST029,관곡공원,39,ST039,능곡힐스테이트,4321.0,4.321,2.5005444574442675,0.134141311,0.069883904,0.064257407,0.0,PRELIMINARY_POINT_BUFFER_PROXY,2.555414981,PRELIMINARY_90M,0.33993626733270177,0.5592062887087678,0.134141311,0.3871859694755221,0.36085740794633453,slope_focus,T2_SPANNER
283,ST006__ST029,6,ST006,시흥시청 본청,29,ST029,관곡공원,3470.0,3.47,2.475229440723157,0.075912866,0.075912866,0.0,0.0,PRELIMINARY_POINT_BUFFER_PROXY,3.041565706,PRELIMINARY_90M,0.2666436999397123,0.5666427229420483,0.075912866,0.4678457724224623,0.3635147572922059,slope_focus,T2_SPANNER
28,ST001__ST029,1,ST001,월곶역,29,ST029,관곡공원,8007.0,8.007,2.4957917874297677,0.0,0.0,0.0,0.0,PRELIMINARY_POINT_BUFFER_PROXY,1.474024387,PRELIMINARY_90M,0.657393850658858,0.5606024133246302,0.0,0.20776681460186716,0.36441524303709877,slope_focus,T2_SPANNER
918,ST021__ST049,21,ST021,오이도 포구 해양관광 단지,49,ST049,거북섬 웨이브파크 정문,3415.0,3.415,2.0479519266585933,0.213066607,0.05611095,0.156955657,0.0,PRELIMINARY_POINT_BUFFER_PROXY,2.524721128,PRELIMINARY_90M,0.26190681250538284,0.6921579919108826,0.213066607,0.38209339219989963,0.3671930904682071,slope_focus,T2_SPANNER
1135,ST029__ST030,29,ST029,관곡공원,30,ST030,장곡도서관,4785.0,4.785,2.344415023463761,0.235519282,0.235519282,0.0,0.0,PRELIMINARY_POINT_BUFFER_PROXY,2.140637973,PRELIMINARY_90M,0.3798983722332271,0.6050702231657867,0.235519282,0.3183681522600866,0.36740519834887075,slope_focus,T2_SPANNER
1052,ST026__ST028,26,ST026,은계파크자이,28,ST028,매화산업단지,3710.0,3.71,2.0137289994067236,0.230217732,0.230217732,0.0,0.0,PRELIMINARY_POINT_BUFFER_PROXY,2.364000529,PRELIMINARY_90M,0.2873137541986048,0.7022111769663222,0.230217732,0.35542739916892313,0.368229422272099,slope_focus,T2_SPANNER
16,ST001__ST017,1,ST001,월곶역,17,ST017,장곡동,5471.0,5.471,2.2032904503529056,0.141154833,0.141154833,0.0,0.0,PRELIMINARY_POINT_BUFFER_PROXY,2.041065843,PRELIMINARY_90M,0.438980277323228,0.64652639197659,0.141154833,0.3018476207216278,0.370585315232108,slope_focus,T2_SPANNER
437,ST009__ST042,9,ST009,능곡중앙공원,42,ST042,시흥시청역,2781.0,2.781,2.0552547795934166,0.436775112,0.393968211,0.210534951,0.0,PRELIMINARY_POINT_BUFFER_PROXY,2.330781896,PRELIMINARY_90M,0.20730341917147532,0.6900127361457601,0.436775112,0.34991592247217085,0.371175571962175,slope_focus,T2_SPANNER
172,ST004__ST017,4,ST004,배곧중심상가,17,ST017,장곡동,6764.0,6.764,2.942360541443412,0.206546328,0.206546328,0.0,0.0,PRELIMINARY_POINT_BUFFER_PROXY,1.909089561,PRELIMINARY_90M,0.550340194643011,0.42942022978330263,0.206546328,0.27995074727812974,0.3724773409716506,slope_focus,T2_SPANNER
554,ST012__ST027,12,ST012,신천역,27,ST027,은행동행정복지센터,1420.0,1.42,2.35513154122392,0.521377701,0.521377701,0.0,0.0,PRELIMINARY_POINT_BUFFER_PROXY,2.923916061,PRELIMINARY_90M,0.0900869864783395,0.6019221833911675,0.521377701,0.44832590606316086,0.37485144102744133,slope_focus,T2_SPANNER
714,ST016__ST025,16,ST016,물왕호수,25,ST025,목감동행정복지센터,3005.0,3.005,2.1381214943015445,0.193383798,0.119943446,0.161932073,0.0,PRELIMINARY_POINT_BUFFER_PROXY,2.924827881,PRELIMINARY_90M,0.22659546981310827,0.6656701539999965,0.193383798,0.4484771908761643,0.37622761009439765,slope_focus,T2_SPANNER
6,ST001__ST007,1,ST001,월곶역,7,ST007,장현지구,6606.0,6.606,2.2379457054195973,0.124628605,0.124628605,0.0,0.0,PRELIMINARY_POINT_BUFFER_PROXY,1.757575321,PRELIMINARY_90M,0.5367324089225735,0.6363462080967941,0.124628605,0.2548122292967868,0.37709083636000584,slope_focus,T2_SPANNER
480,ST010__ST040,10,ST010,은계호수공원,40,ST040,갯골생태공원,7454.0,7.454,2.3810988212602635,0.143643119,0.143643119,0.0,0.0,PRELIMINARY_POINT_BUFFER_PROXY,1.480173201,PRELIMINARY_90M,0.6097666006373267,0.5942941429938482,0.143643119,0.20878699640988027,0.37713536805422737,slope_focus,T2_SPANNER
1391,ST041__ST052,41,ST041,연꽃테마파크,52,ST052,가온그린공원,4968.0,4.968,2.2619391797382047,0.172697542,0.172697542,0.0,0.0,PRELIMINARY_POINT_BUFFER_PROXY,2.343340408,PRELIMINARY_90M,0.3956592886056326,0.629297984674155,0.172697542,0.35199957071362264,0.3797969438682621,slope_focus,T2_SPANNER
435,ST009__ST040,9,ST009,능곡중앙공원,40,ST040,갯골생태공원,5511.0,5.511,1.9576878879411694,0.325495522,0.303897424,0.106224801,0.0,PRELIMINARY_POINT_BUFFER_PROXY,1.652679251,PRELIMINARY_90M,0.44242528636637674,0.7186735812524709,0.325495522,0.23740837509887638,0.3843163014373342,slope_focus,T2_SPANNER
757,ST017__ST030,17,ST017,장곡동,30,ST030,장곡도서관,564.0,0.564,1.5742051509756851,0.955860684,0.955860684,0.0,0.0,PRELIMINARY_POINT_BUFFER_PROXY,1.913795281,PRELIMINARY_90M,0.016363792954956508,0.8313238782860152,0.955860684,0.28073149783223716,0.38527942136228405,slope_focus,T2_SPANNER
342,ST007__ST040,7,ST007,장현지구,40,ST040,갯골생태공원,3004.0,3.004,1.4936565315277723,0.625530067,0.625530067,0.0,0.0,PRELIMINARY_POINT_BUFFER_PROXY,1.681985565,PRELIMINARY_90M,0.22650934458702954,0.8549855063901923,0.625530067,0.24227073854046366,0.3869384348008232,slope_focus,T2_SPANNER
263,ST006__ST009,6,ST006,시흥시청 본청,9,ST009,능곡중앙공원,2599.0,2.599,2.0712474576884348,0.334828877,0.2890141,0.229887243,0.0,PRELIMINARY_POINT_BUFFER_PROXY,2.885576321,PRELIMINARY_90M,0.19162862802514857,0.685314793411697,0.334828877,0.44196475978813077,0.38729604288455144,slope_focus,T2_SPANNER
82,ST002__ST030,2,ST002,월곶포구,30,ST030,장곡도서관,5588.0,5.588,2.0815186231395657,0.385608082,0.385608082,0.0,0.0,PRELIMINARY_POINT_BUFFER_PROXY,1.627351059,PRELIMINARY_90M,0.44905692877443804,0.6822975784827894,0.385608082,0.2332060426314667,0.38818534475733646,slope_focus,T2_SPANNER
1376,ST040__ST051,40,ST040,갯골생태공원,51,ST051,연성중학교,5417.0,5.417,2.495832602905231,0.192518156,0.176017861,0.031845057,0.0,PRELIMINARY_POINT_BUFFER_PROXY,2.410565802,PRELIMINARY_90M,0.4343295151149772,0.5605904235399768,0.192518156,0.36315328653513135,0.38852645607954217,slope_focus,T2_SPANNER
1053,ST026__ST029,26,ST026,은계파크자이,29,ST029,관곡공원,6175.0,6.175,2.002908151887456,0.217079342,0.217079342,0.0,0.0,PRELIMINARY_POINT_BUFFER_PROXY,1.735808496,PRELIMINARY_90M,0.49961243648264575,0.7053898642179204,0.217079342,0.2512007818073677,0.38873442460042884,slope_focus,T2_SPANNER
1194,ST031__ST040,31,ST031,마전저수지,40,ST040,갯골생태공원,2402.0,2.402,2.2619856904966325,0.142177716,0.142177716,0.0,0.0,PRELIMINARY_POINT_BUFFER_PROXY,3.572654596,PRELIMINARY_90M,0.17466195848764102,0.6292843218668183,0.142177716,0.5559615007589965,0.3905024935299137,slope_focus,T2_SPANNER
767,ST017__ST040,17,ST017,장곡동,40,ST040,갯골생태공원,1842.0,1.842,1.5201564854789573,0.647795036,0.647795036,0.0,0.0,PRELIMINARY_POINT_BUFFER_PROXY,2.216553796,PRELIMINARY_90M,0.1264318318835587,0.8472009899146961,0.647795036,0.3309637424934135,0.3945644504496374,slope_focus,T2_SPANNER
713,ST016__ST024,16,ST016,물왕호수,24,ST024,목감고등학교,3229.0,3.229,2.105914035609522,0.176923572,0.176923572,0.0,0.0,PRELIMINARY_POINT_BUFFER_PROXY,3.167384816,PRELIMINARY_90M,0.2458875204547412,0.6751312833771932,0.176923572,0.48872107733856496,0.3970629153784273,slope_focus,T2_SPANNER
1092,ST027__ST040,27,ST027,은행동행정복지센터,40,ST040,갯골생태공원,7766.0,7.766,2.333264553599835,0.185388171,0.185388171,0.0,0.0,PRELIMINARY_POINT_BUFFER_PROXY,1.5408174,PRELIMINARY_90M,0.6366376711738868,0.6083457389091405,0.185388171,0.21884879183601075,0.39759090457294144,slope_focus,T2_SPANNER
344,ST007__ST042,7,ST007,장현지구,42,ST042,시흥시청역,1884.0,1.884,1.0848082524282452,0.701082383,0.701082383,0.0,0.0,PRELIMINARY_POINT_BUFFER_PROXY,1.854984739,PRELIMINARY_90M,0.13004909137886486,0.975087079792597,0.701082383,0.2709739340048403,0.39882972043448517,slope_focus,T2_SPANNER
1393,ST041__ST054,41,ST041,연꽃테마파크,54,ST054,시흥 프리미엄 아울렛,8437.0,8.437,2.489736395352416,0.047911633,0.047911633,0.0,0.0,PRELIMINARY_POINT_BUFFER_PROXY,1.716462461,PRELIMINARY_90M,0.6944276978727069,0.5623812201662786,0.047911633,0.24799098021568108,0.3990686294230263,slope_focus,T2_SPANNER
431,ST009__ST036,9,ST009,능곡중앙공원,36,ST036,시흥시립군자도서관,4477.0,4.477,3.3255331202319405,0.336615531,0.336615531,0.073519269,0.0,PRELIMINARY_POINT_BUFFER_PROXY,3.161998942,PRELIMINARY_90M,0.35337180260098183,0.3168610435284025,0.336615531,0.4878274788860746,0.39916401851398475,slope_focus,T2_SPANNER
94,ST002__ST042,2,ST002,월곶포구,42,ST042,시흥시청역,6940.0,6.94,2.1549162435815505,0.23698744,0.23698744,0.0,0.0,PRELIMINARY_POINT_BUFFER_PROXY,1.656016441,PRELIMINARY_90M,0.5654982344328654,0.6607365981639045,0.23698744,0.2379620657013053,0.3994929023349674,slope_focus,T2_SPANNER
990,ST024__ST025,24,ST024,목감고등학교,25,ST025,목감동행정복지센터,1561.0,1.561,2.1480533485120725,0.815690328,0.815690328,0.023517001,0.0,PRELIMINARY_POINT_BUFFER_PROXY,2.460306204,PRELIMINARY_90M,0.10223064335543881,0.6627526137327,0.815690328,0.371405976117815,0.40099802471366264,slope_focus,T2_SPANNER
666,ST015__ST016,15,ST015,목감택지개발예정지구,16,ST016,물왕호수,3107.0,3.107,2.1181705540136373,0.281664379,0.281664379,0.0,0.0,PRELIMINARY_POINT_BUFFER_PROXY,3.053159992,PRELIMINARY_90M,0.23538024287313755,0.6715308594057094,0.281664379,0.4697694408980579,0.4015011349820209,slope_focus,T2_SPANNER
104,ST002__ST052,2,ST002,월곶포구,52,ST052,가온그린공원,5466.0,5.466,2.0586538771061926,0.303016369,0.303016369,0.0,0.0,PRELIMINARY_POINT_BUFFER_PROXY,2.048266632,PRELIMINARY_90M,0.4385496511928344,0.6890142313695342,0.303016369,0.303042341189858,0.40158642188922367,slope_focus,T2_SPANNER
261,ST006__ST007,6,ST006,시흥시청 본청,7,ST007,장현지구,616.0,0.616,1.9913878469423045,0.790782282,0.790782282,0.0,0.0,PRELIMINARY_POINT_BUFFER_PROXY,2.79823581,PRELIMINARY_90M,0.020842304711049867,0.708774021179607,0.790782282,0.42747363996815096,0.40217559287751636,slope_focus,T2_SPANNER
1196,ST031__ST042,31,ST031,마전저수지,42,ST042,시흥시청역,4275.0,4.275,2.1436264167673507,0.207291629,0.207291629,0.0,0.0,PRELIMINARY_POINT_BUFFER_PROXY,2.824591732,PRELIMINARY_90M,0.3359745069330807,0.6640530508265217,0.207291629,0.431846488481346,0.4042326494464409,slope_focus,T2_SPANNER
385,ST008__ST036,8,ST008,시흥능곡역,36,ST036,시흥시립군자도서관,4468.0,4.468,3.322939983305055,0.221339234,0.221339234,0.0,0.0,PRELIMINARY_POINT_BUFFER_PROXY,3.518784026,PRELIMINARY_90M,0.3525966755662734,0.3176227926683346,0.221339234,0.5470235534570783,0.4054327280529635,slope_focus,T2_SPANNER
730,ST016__ST041,16,ST016,물왕호수,41,ST041,연꽃테마파크,3935.0,3.935,2.0,0.29027288,0.250287871,0.138484824,0.0,PRELIMINARY_POINT_BUFFER_PROXY,2.713464194,PRELIMINARY_90M,0.3066919300663164,0.7062441508450915,0.29027288,0.4134087389190912,0.4068486292142951,slope_focus,T2_SPANNER
271,ST006__ST017,6,ST006,시흥시청 본청,17,ST017,장곡동,1970.0,1.97,1.4937720094859535,0.908945228,0.908945228,0.0,0.0,PRELIMINARY_POINT_BUFFER_PROXY,1.770716728,PRELIMINARY_90M,0.13745586082163466,0.8549515840645282,0.908945228,0.2569925886885486,0.408618315531589,slope_focus,T2_SPANNER
308,ST006__ST054,6,ST006,시흥시청 본청,54,ST054,시흥 프리미엄 아울렛,6963.0,6.963,2.2981115356407833,0.24524532,0.24524532,0.0,0.0,PRELIMINARY_POINT_BUFFER_PROXY,1.924103538,PRELIMINARY_90M,0.5674791146326759,0.6186721435500595,0.24524532,0.2824417945274574,0.41280807173329465,slope_focus,T2_SPANNER
432,ST009__ST037,9,ST009,능곡중앙공원,37,ST037,군자동행정복지센터,4953.0,4.953,3.102056456122923,0.400364762,0.400364762,0.066454291,0.0,PRELIMINARY_POINT_BUFFER_PROXY,2.974338855,PRELIMINARY_90M,0.3943674102144518,0.3825086207600531,0.400364762,0.45669181486248267,0.41841795642333657,slope_focus,T2_SPANNER
482,ST010__ST042,10,ST010,은계호수공원,42,ST042,시흥시청역,7803.0,7.803,2.352692290378065,0.137242443,0.137242443,0.0,0.0,PRELIMINARY_POINT_BUFFER_PROXY,2.038687833,PRELIMINARY_90M,0.6398243045387995,0.6026387275946935,0.137242443,0.301453072676871,0.42351069602159225,slope_focus,T2_SPANNER
386,ST008__ST037,8,ST008,시흥능곡역,37,ST037,군자동행정복지센터,4944.0,4.944,3.099278481155629,0.296311656,0.296311656,0.0,0.0,PRELIMINARY_POINT_BUFFER_PROXY,3.296729813,PRELIMINARY_90M,0.3935922831797434,0.3833246671555016,0.296311656,0.5101813805607653,0.4240956856515544,slope_focus,T2_SPANNER
60,ST002__ST008,2,ST002,월곶포구,8,ST008,시흥능곡역,8261.0,8.261,2.155457395225097,0.235590899,0.235590899,0.0,0.0,PRELIMINARY_POINT_BUFFER_PROXY,1.639786813,PRELIMINARY_90M,0.6792696580828524,0.660577631703333,0.235590899,0.23526932345273177,0.4323139064114484,slope_focus,T2_SPANNER
1192,ST031__ST038,31,ST031,마전저수지,38,ST038,능곡도서관,5844.0,5.844,2.1645947711014233,0.237305503,0.225553598,0.01577078,0.0,PRELIMINARY_POINT_BUFFER_PROXY,2.588128648,PRELIMINARY_90M,0.47110498665059,0.6578934740937351,0.237305503,0.3926136646288962,0.43265680841079573,slope_focus,T2_SPANNER
1193,ST031__ST039,31,ST031,마전저수지,39,ST039,능곡힐스테이트,5942.0,5.942,2.161920459666236,0.246568749,0.199883874,0.046684875,0.0,PRELIMINARY_POINT_BUFFER_PROXY,2.571813399,PRELIMINARY_90M,0.4795452588063044,0.6586790687202833,0.246568749,0.38990671655354303,0.435613436921351,slope_focus,T2_SPANNER
1094,ST027__ST042,27,ST027,은행동행정복지센터,42,ST042,시흥시청역,8115.0,8.115,2.3079958950529833,0.177443763,0.177443763,0.0,0.0,PRELIMINARY_POINT_BUFFER_PROXY,2.076001504,PRELIMINARY_90M,0.6666953750753596,0.6157685551575763,0.177443763,0.3076439784912909,0.4420480516427607,slope_focus,T2_SPANNER
1361,ST039__ST051,39,ST039,능곡힐스테이트,51,ST051,연성중학교,3723.0,3.723,2.3660104994858293,0.437314546,0.37191324,0.194272542,0.0,PRELIMINARY_POINT_BUFFER_PROXY,3.261333916,PRELIMINARY_90M,0.2884333821376281,0.5987264257690195,0.437314546,0.5043086626353726,0.4436596254607904,slope_focus,T2_SPANNER
1046,ST025__ST051,25,ST025,목감동행정복지센터,51,ST051,연성중학교,4855.0,4.855,2.2406696427083874,0.255573087,0.248649808,0.132560721,0.0,PRELIMINARY_POINT_BUFFER_PROXY,3.153385578,PRELIMINARY_90M,0.3859271380587374,0.6355460355854807,0.255573087,0.48639839073044083,0.44400536609761965,slope_focus,T2_SPANNER
167,ST004__ST012,4,ST004,배곧중심상가,12,ST012,신천역,9950.0,9.95,3.298480804869283,0.16356514,0.16356514,0.0,0.0,PRELIMINARY_POINT_BUFFER_PROXY,2.089973668,PRELIMINARY_90M,0.8247351649298079,0.3248078193993663,0.16356514,0.3099621731108347,0.44466136263318123,slope_focus,T2_SPANNER
90,ST002__ST038,2,ST002,월곶포구,38,ST038,능곡도서관,8509.0,8.509,2.167242567914989,0.252130555,0.244053181,0.010839645,0.0,PRELIMINARY_POINT_BUFFER_PROXY,1.709976501,PRELIMINARY_90M,0.7006287141503746,0.6571156682923764,0.252130555,0.24691486075597702,0.4453414920413597,slope_focus,T2_SPANNER
65,ST002__ST013,2,ST002,월곶포구,13,ST013,삼미시장,8913.0,8.913,3.1699010313471865,0.195254791,0.180876461,0.06348988,0.0,PRELIMINARY_POINT_BUFFER_PROXY,2.384881968,PRELIMINARY_90M,0.7354233054861768,0.36257887995449556,0.195254791,0.3588919476481804,0.4478588213482995,slope_focus,T2_SPANNER
755,ST017__ST028,17,ST017,장곡동,28,ST028,매화산업단지,7665.0,7.665,1.9685429224432203,0.302670708,0.302670708,0.0,0.0,PRELIMINARY_POINT_BUFFER_PROXY,1.842938926,PRELIMINARY_90M,0.6279390233399362,0.7154848513747152,0.302670708,0.26897535032913833,0.4486951810398435,slope_focus,T2_SPANNER
430,ST009__ST035,9,ST009,능곡중앙공원,35,ST035,산들공원,5085.0,5.085,3.1705169235060016,0.415926001,0.415926001,0.064729724,0.0,PRELIMINARY_POINT_BUFFER_PROXY,3.401700163,PRELIMINARY_90M,0.40573594005684266,0.362397958030395,0.415926001,0.5275975589409814,0.4495083994480046,slope_focus,T2_SPANNER
1335,ST038__ST041,38,ST038,능곡도서관,41,ST041,연꽃테마파크,4469.0,4.469,2.0,0.386674846,0.351461406,0.121958882,0.0,PRELIMINARY_POINT_BUFFER_PROXY,3.056363434,PRELIMINARY_90M,0.3526828007923521,0.7062441508450915,0.386674846,0.4703009406720672,0.45786306603329624,slope_focus,T2_SPANNER
1355,ST039__ST045,39,ST039,능곡힐스테이트,45,ST045,시흥중앙도서관,9894.0,9.894,3.46429514019489,0.333215342,0.329655643,0.02980796,0.0,PRELIMINARY_POINT_BUFFER_PROXY,2.060081788,PRELIMINARY_90M,0.8199121522693997,0.2760988885237359,0.333215342,0.3050026553593934,0.45937184240313766,slope_focus,T2_SPANNER
1141,ST029__ST036,29,ST029,관곡공원,36,ST036,시흥시립군자도서관,8009.0,8.009,3.037861813989035,0.16296721,0.16296721,0.0,0.0,PRELIMINARY_POINT_BUFFER_PROXY,2.924765057,PRELIMINARY_90M,0.6575661011110154,0.4013661723712888,0.16296721,0.4484667674185826,0.46130654465643106,slope_focus,T2_SPANNER
264,ST006__ST010,6,ST006,시흥시청 본청,10,ST010,은계호수공원,8600.0,8.6,2.2977932871741067,0.158558533,0.158558533,0.0,0.0,PRELIMINARY_POINT_BUFFER_PROXY,2.221566641,PRELIMINARY_90M,0.7084661097235381,0.6187656308986302,0.158558533,0.33179544975848757,0.46185663740525107,slope_focus,T2_SPANNER
388,ST008__ST039,8,ST008,시흥능곡역,39,ST039,능곡힐스테이트,1410.0,1.41,1.7943819357778974,0.196901186,0.0,0.196901186,0.0,PRELIMINARY_POINT_BUFFER_PROXY,4.602752376,PRELIMINARY_90M,0.08922573421755232,0.7666456599022438,0.196901186,0.7268703972763896,0.4620479060611581,slope_focus,T2_SPANNER
429,ST009__ST034,9,ST009,능곡중앙공원,34,ST034,군자디지털과학고등학교,5438.0,5.438,3.0482330688038717,0.45363226,0.45363226,0.060550946,0.0,PRELIMINARY_POINT_BUFFER_PROXY,3.293272439,PRELIMINARY_90M,0.43613814486263025,0.39831955560635457,0.45363226,0.5096077496039179,0.46247731564130934,slope_focus,T2_SPANNER
1023,ST025__ST028,25,ST025,목감동행정복지센터,28,ST028,매화산업단지,6878.0,6.878,2.8903708674922335,0.271201217,0.266520768,0.103849183,0.0,PRELIMINARY_POINT_BUFFER_PROXY,3.071832764,PRELIMINARY_90M,0.5601584704159849,0.44469250060211796,0.271201217,0.4728675379131207,0.46457861393036143,slope_focus,T2_SPANNER
1351,ST039__ST041,39,ST039,능곡힐스테이트,41,ST041,연꽃테마파크,4913.0,4.913,2.0,0.442113845,0.402911695,0.223066191,0.0,PRELIMINARY_POINT_BUFFER_PROXY,2.879339632,PRELIMINARY_90M,0.39092240117130306,0.7062441508450915,0.442113845,0.44092999818043943,0.4659024190003304,slope_focus,T2_SPANNER
492,ST010__ST052,10,ST010,은계호수공원,52,ST052,가온그린공원,9414.0,9.414,2.2745307477085395,0.204903465,0.204903465,0.0,0.0,PRELIMINARY_POINT_BUFFER_PROXY,1.862794783,PRELIMINARY_90M,0.7785720437516148,0.6255991379328376,0.204903465,0.272269739148496,0.4670548992248085,slope_focus,T2_SPANNER
1075,ST026__ST051,26,ST026,은계파크자이,51,ST051,연성중학교,7587.0,7.587,2.103109787779251,0.27255464,0.260774295,0.022735702,0.0,PRELIMINARY_POINT_BUFFER_PROXY,2.31844097,PRELIMINARY_90M,0.6212212557057962,0.6759550475798153,0.27255464,0.34786837505908663,0.46779017987234583,slope_focus,T2_SPANNER
478,ST010__ST038,10,ST010,은계호수공원,38,ST038,능곡도서관,9372.0,9.372,2.330701975467328,0.167732728,0.160396489,0.00984506,0.0,PRELIMINARY_POINT_BUFFER_PROXY,2.022751487,PRELIMINARY_90M,0.7749547842563087,0.6090985112244809,0.167732728,0.29880899037491765,0.4685347173105318,slope_focus,T2_SPANNER
1476,ST051__ST052,51,ST051,연성중학교,52,ST052,가온그린공원,3384.0,3.384,1.8183133651064234,0.470012372,0.443583355,0.051006918,0.0,PRELIMINARY_POINT_BUFFER_PROXY,3.338281338,PRELIMINARY_90M,0.2592369304969426,0.7596156625583519,0.470012372,0.5170754108404586,0.469045448669019,slope_focus,T2_SPANNER
479,ST010__ST039,10,ST010,은계호수공원,39,ST039,능곡힐스테이트,9470.0,9.47,2.3273271025093933,0.174260921,0.144938428,0.029322493,0.0,PRELIMINARY_POINT_BUFFER_PROXY,2.018539596,PRELIMINARY_90M,0.7833950564120231,0.6100898998960289,0.174260921,0.29811017356641867,0.4719152094845787,slope_focus,T2_SPANNER
443,ST009__ST048,9,ST009,능곡중앙공원,48,ST048,정왕평생학습관 사거리,10150.0,10.15,3.379835703661929,0.394095672,0.394095672,0.032414758,0.0,PRELIMINARY_POINT_BUFFER_PROXY,2.0216349,PRELIMINARY_90M,0.8419602101455517,0.3009093420216209,0.394095672,0.29862373160071115,0.4762883077871931,slope_focus,T2_SPANNER
338,ST007__ST036,7,ST007,장현지구,36,ST036,시흥시립군자도서관,7914.0,7.914,2.6645802732851354,0.307930223,0.307930223,0.0,0.0,PRELIMINARY_POINT_BUFFER_PROXY,2.636188829,PRELIMINARY_90M,0.6493842046335372,0.5110198083346155,0.307930223,0.40058757998005456,0.47789279808227525,slope_focus,T2_SPANNER
1142,ST029__ST037,29,ST029,관곡공원,37,ST037,군자동행정복지센터,8485.0,8.485,2.9235862417114005,0.209904838,0.209904838,0.0,0.0,PRELIMINARY_POINT_BUFFER_PROXY,2.828127704,PRELIMINARY_90M,0.6985617087244854,0.4349352901433685,0.209904838,0.43243316004240534,0.47926779585581303,slope_focus,T2_SPANNER
1292,ST035__ST052,35,ST035,산들공원,52,ST052,가온그린공원,3835.0,3.835,1.9561805087839683,0.129647388,0.129647388,0.0,0.0,PRELIMINARY_POINT_BUFFER_PROXY,4.205215096,PRELIMINARY_90M,0.2980794074584446,0.719116382696793,0.129647388,0.6609129132700402,0.48110355315006836,slope_focus,T2_SPANNER
1237,ST033__ST038,33,ST033,타원산업단지,38,ST038,능곡도서관,11114.0,11.114,3.027519358491037,0.129363807,0.123175519,0.008304536,0.0,PRELIMINARY_POINT_BUFFER_PROXY,2.083461432,PRELIMINARY_90M,0.9249849280854362,0.40440432916845004,0.129363807,0.3088816940628934,0.4811133764760557,slope_focus,T2_SPANNER
470,ST010__ST030,10,ST010,은계호수공원,30,ST030,장곡도서관,9934.0,9.934,2.2601702712098652,0.221216871,0.221216871,0.0,0.0,PRELIMINARY_POINT_BUFFER_PROXY,1.8544822,PRELIMINARY_90M,0.8233571613125484,0.6298176119009747,0.221216871,0.27089055513769345,0.4830185428839881,slope_focus,T2_SPANNER
1104,ST027__ST052,27,ST027,은행동행정복지센터,52,ST052,가온그린공원,9726.0,9.726,2.239733791325707,0.236285294,0.236285294,0.0,0.0,PRELIMINARY_POINT_BUFFER_PROXY,1.899569739,PRELIMINARY_90M,0.805443114288175,0.6358209474030829,0.236285294,0.2783712639468852,0.48379737607566903,slope_focus,T2_SPANNER
1090,ST027__ST038,27,ST027,은행동행정복지센터,38,ST038,능곡도서관,9684.0,9.684,2.293970249991462,0.200426735,0.193325854,0.009529214,0.0,PRELIMINARY_POINT_BUFFER_PROXY,2.05557101,PRELIMINARY_90M,0.8018258547928688,0.6198886704325688,0.200426735,0.3042542486494838,0.48529676671253946,slope_focus,T2_SPANNER
330,ST007__ST028,7,ST007,장현지구,28,ST028,매화산업단지,8310.0,8.31,1.8818440114835289,0.272091051,0.272091051,0.0,0.0,PRELIMINARY_POINT_BUFFER_PROXY,2.181486617,PRELIMINARY_90M,0.6834897941607097,0.740953163584485,0.272091051,0.32514556388626425,0.48706179599039134,slope_focus,T2_SPANNER
305,ST006__ST051,6,ST006,시흥시청 본청,51,ST051,연성중학교,2665.0,2.665,2.405708703853897,0.37184665,0.338316086,0.064712949,0.0,PRELIMINARY_POINT_BUFFER_PROXY,4.504771469,PRELIMINARY_90M,0.197312892946344,0.5870648460349527,0.37184665,0.7106138738469892,0.48727614182794177,slope_focus,T2_SPANNER
1091,ST027__ST039,27,ST027,은행동행정복지센터,39,ST039,능곡힐스테이트,9782.0,9.782,2.2910655255291217,0.206424511,0.178033437,0.028391073,0.0,PRELIMINARY_POINT_BUFFER_PROXY,2.051455528,PRELIMINARY_90M,0.8102661269485832,0.6207419502335647,0.206424511,0.30357142756112343,0.488583378294059,slope_focus,T2_SPANNER
701,ST015__ST051,15,ST015,목감택지개발예정지구,51,ST051,연성중학교,5797.0,5.797,2.122512321905777,0.32243609,0.32243609,0.068467983,0.0,PRELIMINARY_POINT_BUFFER_PROXY,3.264344745,PRELIMINARY_90M,0.4670571010248902,0.6702554396917204,0.32243609,0.504808204981724,0.4909441417539147,slope_focus,T2_SPANNER
1133,ST028__ST054,28,ST028,매화산업단지,54,ST054,시흥 프리미엄 아울렛,11372.0,11.372,2.198496646600742,0.134812435,0.134812435,0.0,0.0,PRELIMINARY_POINT_BUFFER_PROXY,1.586988395,PRELIMINARY_90M,0.9472052364137455,0.6479345998684889,0.134812435,0.22650926248236056,0.49217733114734125,slope_focus,T2_SPANNER
339,ST007__ST037,7,ST007,장현지구,37,ST037,군자동행정복지센터,8390.0,8.39,2.570190493668074,0.347173938,0.347173938,0.0,0.0,PRELIMINARY_POINT_BUFFER_PROXY,2.554708776,PRELIMINARY_90M,0.6903798122470072,0.5387473581975699,0.347173938,0.3870687993198257,0.49482965783166794,slope_focus,T2_SPANNER
1272,ST034__ST052,34,ST034,군자디지털과학고등학교,52,ST052,가온그린공원,4271.0,4.271,1.90358243319081,0.218270531,0.218270531,0.0,0.0,PRELIMINARY_POINT_BUFFER_PROXY,4.023457066,PRELIMINARY_90M,0.3356300060287658,0.7345673750565753,0.218270531,0.6307564903133038,0.49591728384243755,slope_focus,T2_SPANNER
1055,ST026__ST031,26,ST026,은계파크자이,31,ST031,마전저수지,9634.0,9.634,2.3852072239154096,0.139069702,0.139069702,0.0,0.0,PRELIMINARY_POINT_BUFFER_PROXY,2.456527444,PRELIMINARY_90M,0.7975195934889329,0.5930872756832154,0.139069702,0.37077902233309357,0.49739103363239967,slope_focus,T2_SPANNER
1082,ST027__ST030,27,ST027,은행동행정복지센터,30,ST030,장곡도서관,10246.0,10.246,2.2275739708934226,0.250512017,0.250512017,0.0,0.0,PRELIMINARY_POINT_BUFFER_PROXY,1.889500259,PRELIMINARY_90M,0.8502282318491086,0.6393929657797397,0.250512017,0.2767005839893923,0.4992344505674504,slope_focus,T2_SPANNER
134,ST003__ST030,3,ST003,배곧한울공원,30,ST030,장곡도서관,11580.0,11.58,2.378062343333929,0.235274656,0.235274656,0.0,0.0,PRELIMINARY_POINT_BUFFER_PROXY,1.532008208,PRELIMINARY_90M,0.965119283438119,0.5951861261455387,0.235274656,0.21738721283529702,0.5010597874873852,slope_focus,T2_SPANNER
377,ST008__ST028,8,ST008,시흥능곡역,28,ST028,매화산업단지,8534.0,8.534,1.9269660940085112,0.132284324,0.132284324,0.0,0.0,PRELIMINARY_POINT_BUFFER_PROXY,2.663161369,PRELIMINARY_90M,0.7027818448023426,0.7276982879167211,0.132284324,0.40506273480241645,0.5018570391491776,slope_focus,T2_SPANNER
1328,ST037__ST051,37,ST037,군자동행정복지센터,51,ST051,연성중학교,7679.0,7.679,2.8767553676910294,0.324964174,0.313330244,0.022453124,0.0,PRELIMINARY_POINT_BUFFER_PROXY,3.223326426,PRELIMINARY_90M,0.6291447765050383,0.44869213330788915,0.324964174,0.4980026416911319,0.5039929357241477,slope_focus,T2_SPANNER
1033,ST025__ST038,25,ST025,목감동행정복지센터,38,ST038,능곡도서관,6274.0,6.274,2.2598427372065113,0.114598785,0.098278462,0.054041431,0.0,PRELIMINARY_POINT_BUFFER_PROXY,3.90420797,PRELIMINARY_90M,0.5081388338644389,0.6299138269302571,0.114598785,0.6109712506945401,0.5085070422266863,slope_focus,T2_SPANNER
410,ST009__ST015,9,ST009,능곡중앙공원,15,ST015,목감택지개발예정지구,5902.0,5.902,2.0201812566671036,0.180228914,0.180228914,0.099111033,0.0,PRELIMINARY_POINT_BUFFER_PROXY,3.891380857,PRELIMINARY_90M,0.4761002497631556,0.7003157886558333,0.180228914,0.6088430374599344,0.5184489953112954,slope_focus,T2_SPANNER
678,ST015__ST028,15,ST015,목감택지개발예정지구,28,ST028,매화산업단지,8580.0,8.58,2.740609436528789,0.333729237,0.32605623,0.097512107,0.0,PRELIMINARY_POINT_BUFFER_PROXY,3.018923639,PRELIMINARY_90M,0.7067436052019637,0.4886857969254388,0.333729237,0.4640891089668407,0.5210209802361412,slope_focus,T2_SPANNER
1190,ST031__ST036,31,ST031,마전저수지,36,ST036,시흥시립군자도서관,9630.0,9.63,2.7381513895949263,0.227496296,0.227496296,0.0,0.0,PRELIMINARY_POINT_BUFFER_PROXY,2.877773443,PRELIMINARY_90M,0.797175092584618,0.4894078625897582,0.227496296,0.4406701435929189,0.5229562090010167,slope_focus,T2_SPANNER
314,ST007__ST012,7,ST007,장현지구,12,ST012,신천역,8834.0,8.834,1.9013704989777807,0.352796752,0.300297607,0.052499144,0.0,PRELIMINARY_POINT_BUFFER_PROXY,2.388145097,PRELIMINARY_90M,0.7286194126259582,0.7352171436695984,0.352796752,0.3594333504037362,0.5255612482997217,slope_focus,T2_SPANNER
408,ST009__ST013,9,ST009,능곡중앙공원,13,ST013,삼미시장,9533.0,9.533,2.044910643566718,0.336297045,0.275183927,0.109998038,0.0,PRELIMINARY_POINT_BUFFER_PROXY,2.263124604,PRELIMINARY_90M,0.7888209456549824,0.6930513866080569,0.336297045,0.33869054820034683,0.526524767717842,slope_focus,T2_SPANNER
365,ST008__ST016,8,ST008,시흥능곡역,16,ST016,물왕호수,5244.0,5.244,1.760127283972371,0.0,0.0,0.0,0.0,PRELIMINARY_POINT_BUFFER_PROXY,4.553952786,PRELIMINARY_90M,0.4194298510033589,0.776708164230882,0.0,0.7187738027206755,0.5298447010239101,slope_focus,T2_SPANNER
1318,ST037__ST041,37,ST037,군자동행정복지센터,41,ST041,연꽃테마파크,9274.0,9.274,2.595027395153209,0.3161322,0.299166025,0.058760965,0.0,PRELIMINARY_POINT_BUFFER_PROXY,2.841179654,PRELIMINARY_90M,0.7665145121005943,0.5314513731114274,0.3161322,0.43459867715661576,0.5309313604595387,slope_focus,T2_SPANNER
419,ST009__ST024,9,ST009,능곡중앙공원,24,ST024,목감고등학교,6788.0,6.788,2.1061863448320617,0.240880001,0.240880001,0.086193074,0.0,PRELIMINARY_POINT_BUFFER_PROXY,3.692084153,PRELIMINARY_90M,0.5524072000689002,0.6750512909502933,0.240880001,0.5757766816037034,0.5334225264546955,slope_focus,T2_SPANNER
361,ST008__ST012,8,ST008,시흥능곡역,12,ST012,신천역,9058.0,9.058,1.9434032479733672,0.219047126,0.167854791,0.051192335,0.0,PRELIMINARY_POINT_BUFFER_PROXY,2.836226292,PRELIMINARY_90M,0.7479114632675911,0.7228697777960849,0.219047126,0.433776839026384,0.5391717101602437,slope_focus,T2_SPANNER
729,ST016__ST040,16,ST016,물왕호수,40,ST040,갯골생태공원,6083.0,6.083,1.8904544428003949,0.141137784,0.141137784,0.0,0.0,PRELIMINARY_POINT_BUFFER_PROXY,4.174224503,PRELIMINARY_90M,0.49168891568340367,0.7384237990214091,0.141137784,0.6557711023129777,0.5417493530834235,slope_focus,T2_SPANNER
1189,ST031__ST035,31,ST031,마전저수지,35,ST035,산들공원,5677.0,5.677,2.1062720508959734,0.183933821,0.183933821,0.0,0.0,PRELIMINARY_POINT_BUFFER_PROXY,4.387855812,PRELIMINARY_90M,0.456722073895444,0.6750261142927112,0.183933821,0.6912157872658531,0.5423469273688811,slope_focus,T2_SPANNER
719,ST016__ST030,16,ST016,물왕호수,30,ST030,장곡도서관,5746.0,5.746,1.9895049166095151,0.196052924,0.196052924,0.0,0.0,PRELIMINARY_POINT_BUFFER_PROXY,4.322394635,PRELIMINARY_90M,0.46266471449487556,0.7093271429784149,0.196052924,0.680354781890422,0.5467483371513937,slope_focus,T2_SPANNER
1037,ST025__ST042,25,ST025,목감동행정복지센터,42,ST042,시흥시청역,5715.0,5.715,2.220000001279592,0.043183038,0.037299924,0.043183038,0.0,PRELIMINARY_POINT_BUFFER_PROXY,4.879937643,PRELIMINARY_90M,0.4599948324864353,0.641617863655124,0.043183038,0.7728596509507825,0.5498624453745122,slope_focus,T2_SPANNER
1188,ST031__ST034,31,ST031,마전저수지,34,ST034,군자디지털과학고등학교,6030.0,6.03,2.057977037537833,0.231421206,0.231421206,0.0,0.0,PRELIMINARY_POINT_BUFFER_PROXY,4.228768339,PRELIMINARY_90M,0.4871242787012316,0.6892130569516794,0.231421206,0.6648207546892656,0.5501607249288276,slope_focus,T2_SPANNER
751,ST017__ST024,17,ST017,장곡동,24,ST024,목감고등학교,7967.0,7.967,2.038940641713902,0.184483721,0.184483721,0.0,0.0,PRELIMINARY_POINT_BUFFER_PROXY,3.60318661,PRELIMINARY_90M,0.6539488416157092,0.6948051095717871,0.184483721,0.5610272264818436,0.5524888676632183,slope_focus,T2_SPANNER
610,ST013__ST041,13,ST013,삼미시장,41,ST041,연꽃테마파크,10567.0,10.567,2.200035546216401,0.282828754,0.256687182,0.052510091,0.0,PRELIMINARY_POINT_BUFFER_PROXY,2.488339775,PRELIMINARY_90M,0.8778744294203772,0.6474825391051267,0.282828754,0.37605717212859757,0.5533318916433212,slope_focus,T2_SPANNER
326,ST007__ST024,7,ST007,장현지구,24,ST024,목감고등학교,7810.0,7.81,1.9356311516316742,0.218129369,0.218129369,0.0,0.0,PRELIMINARY_POINT_BUFFER_PROXY,3.797294408,PRELIMINARY_90M,0.6404271811213504,0.7251528765566526,0.218129369,0.5932326638740113,0.5709135567195075,slope_focus,T2_SPANNER
724,ST016__ST035,16,ST016,물왕호수,35,ST035,산들공원,8555.0,8.555,2.7554200917307856,0.222244895,0.222244895,0.0,0.0,PRELIMINARY_POINT_BUFFER_PROXY,4.052626345,PRELIMINARY_90M,0.7045904745499957,0.4843350803300357,0.222244895,0.6355961175631538,0.5716025856897655,slope_focus,T2_SPANNER
1031,ST025__ST036,25,ST025,목감동행정복지센터,36,ST036,시흥시립군자도서관,10066.0,10.066,2.757315604469281,0.152974892,0.149634962,0.024515644,0.0,PRELIMINARY_POINT_BUFFER_PROXY,3.675575768,PRELIMINARY_90M,0.8347256911549393,0.4837782623759551,0.152974892,0.573037689327034,0.5751457562336887,slope_focus,T2_SPANNER
723,ST016__ST034,16,ST016,물왕호수,34,ST034,군자디지털과학고등학교,8908.0,8.908,2.6971308490200676,0.252895266,0.252895266,0.0,0.0,PRELIMINARY_POINT_BUFFER_PROXY,3.96098122,PRELIMINARY_90M,0.7349926793557833,0.5014578863191193,0.252895266,0.6203907967780254,0.581807095365813,slope_focus,T2_SPANNER
67,ST002__ST015,2,ST002,월곶포구,15,ST015,목감택지개발예정지구,11305.0,11.305,2.1069502302882155,0.145481854,0.145481854,0.0,0.0,PRELIMINARY_POINT_BUFFER_PROXY,2.989500623,PRELIMINARY_90M,0.9414348462664714,0.6748268951294638,0.145481854,0.45920738288761975,0.5891597194044089,slope_focus,T2_SPANNER
1409,ST043__ST045,43,ST043,시흥종합버스터미널,45,ST045,시흥중앙도서관,671.0,0.671,3.1817228022763167,0.300402098,0.300402098,0.0,0.0,PRELIMINARY_POINT_BUFFER_PROXY,0.425583211,PRELIMINARY_90M,0.025579192145379383,0.35910616559669406,0.300402098,0.03381446955986759,0.12012578500706494,slope_focus,DEGREE_LIMIT_3
880,ST020__ST045,20,ST020,시화공업단지[왼쪽부근],45,ST045,시흥중앙도서관,1373.0,1.373,2.951996349336429,0.38168565,0.38168565,0.0,0.0,PRELIMINARY_POINT_BUFFER_PROXY,0.548337,PRELIMINARY_90M,0.08603910085263974,0.42658965485339595,0.38168565,0.05418119107762378,0.16872550241485085,slope_focus,DEGREE_LIMIT_3
1,ST001__ST002,1,ST001,월곶역,2,ST002,월곶포구,619.0,0.619,1.5532421960245575,0.149164241,0.149164241,0.0,0.0,PRELIMINARY_POINT_BUFFER_PROXY,0.47799073,PRELIMINARY_90M,0.02110068038928602,0.8374818689184798,0.149164241,0.042509674437898,0.17133099037971694,slope_focus,DEGREE_LIMIT_3
534,ST011__ST050,11,ST011,배곧생명공원,50,ST050,시흥한라3차아파트,995.0,0.995,2.969355785245408,0.47264275,0.47264275,0.0,0.0,PRELIMINARY_POINT_BUFFER_PROXY,0.56995669,PRELIMINARY_90M,0.05348376539488416,0.4214902190171036,0.47264275,0.057768226631615675,0.17327236562367704,slope_focus,DEGREE_LIMIT_3
259,ST005__ST054,5,ST005,배곧중·고등학교,54,ST054,시흥 프리미엄 아울렛,1508.0,1.508,1.711681176130996,0.0,0.0,0.0,0.0,PRELIMINARY_POINT_BUFFER_PROXY,0.623743217,PRELIMINARY_90M,0.09766600637326674,0.7909394917780753,0.0,0.06669222992096648,0.17461761764707792,slope_focus,DEGREE_LIMIT_3
1243,ST033__ST044,33,ST033,타원산업단지,44,ST044,경기과학기술대학교,1598.0,1.598,1.7010597777371803,0.123630586,0.123630586,0.0,0.0,PRELIMINARY_POINT_BUFFER_PROXY,0.331684145,PRELIMINARY_90M,0.1054172767203514,0.7940595896824632,0.123630586,0.018235185665018444,0.17657278363448226,slope_focus,DEGREE_LIMIT_3
1244,ST033__ST045,33,ST033,타원산업단지,45,ST045,시흥중앙도서관,3637.0,3.637,3.4781306841531268,0.249273043,0.249273043,0.0,0.0,PRELIMINARY_POINT_BUFFER_PROXY,0.487234376,PRELIMINARY_90M,0.28102661269485835,0.2720346165597639,0.249273043,0.04404333596822129,0.1801214671297106,slope_focus,DEGREE_LIMIT_3
136,ST003__ST032,3,ST003,배곧한울공원,32,ST032,희망공원,2946.0,2.946,2.474419063810549,0.0,0.0,0.0,0.0,PRELIMINARY_POINT_BUFFER_PROXY,0.664390229,PRELIMINARY_90M,0.22151408147446386,0.5668807759001471,0.0,0.07343618773014575,0.18086081591941955,slope_focus,DEGREE_LIMIT_3
1448,ST046__ST054,46,ST046,배곧1동행정복지센터,54,ST054,시흥 프리미엄 아울렛,1087.0,1.087,2.0,0.198910149,0.198910149,0.0,0.0,PRELIMINARY_POINT_BUFFER_PROXY,0.722410179,PRELIMINARY_90M,0.06140728619412626,0.7062441508450915,0.198910149,0.08306258031444422,0.18742036296077927,slope_focus,DEGREE_LIMIT_3
205,ST004__ST050,4,ST004,배곧중심상가,50,ST050,시흥한라3차아파트,2083.0,2.083,3.3375162940590184,0.4015265,0.4015265,0.0,0.0,PRELIMINARY_POINT_BUFFER_PROXY,0.795418286,PRELIMINARY_90M,0.14718801136852985,0.3133409161252583,0.4015265,0.09517573621717196,0.18945681031621647,slope_focus,DEGREE_LIMIT_3
1210,ST032__ST033,32,ST032,희망공원,33,ST033,타원산업단지,2081.0,2.081,1.4965117896209403,0.0,0.0,0.0,0.0,PRELIMINARY_POINT_BUFFER_PROXY,0.481788461,PRELIMINARY_90M,0.14701576091637242,0.8541467576244774,0.0,0.043139775800197705,0.18948265223866242,slope_focus,DEGREE_LIMIT_3
807,ST018__ST043,18,ST018,정왕역,43,ST043,시흥종합버스터미널,1406.0,1.406,2.6557306312689994,0.43367149,0.43367149,0.0,0.0,PRELIMINARY_POINT_BUFFER_PROXY,0.599226145,PRELIMINARY_90M,0.08888123331323745,0.5136194424397824,0.43367149,0.0626244746042261,0.19380779970162904,slope_focus,DEGREE_LIMIT_3
820,ST019__ST020,19,ST019,시화병원,20,ST020,시화공업단지[왼쪽부근],1979.0,1.979,2.8736363843131483,0.422822321,0.422822321,0.0,0.0,PRELIMINARY_POINT_BUFFER_PROXY,0.548112375,PRELIMINARY_90M,0.13823098785634313,0.4496083529185587,0.422822321,0.054143922372044954,0.19399146639350473,slope_focus,DEGREE_LIMIT_3
1444,ST046__ST050,46,ST046,배곧1동행정복지센터,50,ST050,시흥한라3차아파트,2363.0,2.363,4.178737580648687,0.479447383,0.479447383,0.0,0.0,PRELIMINARY_POINT_BUFFER_PROXY,1.190735572,PRELIMINARY_90M,0.17130307467057102,0.06622724275592551,0.479447383,0.16076488943766587,0.1975480720396265,slope_focus,DEGREE_LIMIT_3
151,ST003__ST047,3,ST003,배곧한울공원,47,ST047,배곧2동행정복지센터,2142.0,2.142,2.998593533213879,0.082490603,0.082490603,0.0,0.0,PRELIMINARY_POINT_BUFFER_PROXY,1.45164868,PRELIMINARY_90M,0.15226939970717424,0.41290145953524826,0.082490603,0.20405434432339853,0.20161136702179894,slope_focus,DEGREE_LIMIT_3
1412,ST043__ST048,43,ST043,시흥종합버스터미널,48,ST048,정왕평생학습관 사거리,1307.0,1.307,3.0428754779308687,0.59325425,0.59325425,0.0,0.0,PRELIMINARY_POINT_BUFFER_PROXY,0.728620186,PRELIMINARY_90M,0.08035483593144432,0.3998933792626782,0.59325425,0.08409291497232037,0.20671576115776316,slope_focus,DEGREE_LIMIT_3
202,ST004__ST047,4,ST004,배곧중심상가,47,ST047,배곧2동행정복지센터,2617.0,2.617,4.125555851408769,0.591916562,0.591916562,0.0,0.0,PRELIMINARY_POINT_BUFFER_PROXY,1.078170272,PRELIMINARY_90M,0.1931788820945655,0.08184968678832416,0.591916562,0.14208859328144147,0.21585403925919486,slope_focus,DEGREE_LIMIT_3
823,ST019__ST023,19,ST019,시화병원,23,ST023,오이도역,1664.0,1.664,2.9999999999999996,0.714416548,0.714416548,0.0,0.0,PRELIMINARY_POINT_BUFFER_PROXY,0.445157056,PRELIMINARY_90M,0.11110154164154681,0.41248830169018313,0.714416548,0.03706206829709861,0.21719101726483095,slope_focus,DEGREE_LIMIT_3
1226,ST032__ST049,32,ST032,희망공원,49,ST049,거북섬 웨이브파크 정문,4499.0,4.499,3.070219818149316,0.042639664,0.042639664,0.0,0.0,PRELIMINARY_POINT_BUFFER_PROXY,0.994963213,PRELIMINARY_90M,0.35526655757471365,0.3918608193822274,0.042639664,0.12828327604626832,0.22306835019825555,slope_focus,DEGREE_LIMIT_3
56,ST002__ST004,2,ST002,월곶포구,4,ST004,배곧중심상가,3192.0,3.192,3.5458499603414118,0.332930014,0.332930014,0.0,0.0,PRELIMINARY_POINT_BUFFER_PROXY,1.198313388,PRELIMINARY_90M,0.24270088708982862,0.2521416830789185,0.332930014,0.16202216442234924,0.22537988645772605,slope_focus,DEGREE_LIMIT_3
434,ST009__ST039,9,ST009,능곡중앙공원,39,ST039,능곡힐스테이트,792.0,0.792,2.0,0.496869839,0.318845713,0.496869839,0.0,PRELIMINARY_POINT_BUFFER_PROXY,0.848295282,PRELIMINARY_90M,0.036000344500904315,0.7062441508450915,0.496869839,0.10394883447345071,0.23284673561641528,slope_focus,DEGREE_LIMIT_3
466,ST010__ST026,10,ST010,은계호수공원,26,ST026,은계파크자이,1220.0,1.22,2.405341600576404,0.254629654,0.254629654,0.0,0.0,PRELIMINARY_POINT_BUFFER_PROXY,1.537591702,PRELIMINARY_90M,0.07286194126259582,0.5871726847699602,0.254629654,0.21831359945293588,0.2354543729754471,slope_focus,DEGREE_LIMIT_3
1145,ST029__ST040,29,ST029,관곡공원,40,ST040,갯골생태공원,3173.0,3.173,2.6002442194967386,0.0,0.0,0.0,0.0,PRELIMINARY_POINT_BUFFER_PROXY,1.529257702,PRELIMINARY_90M,0.24106450779433297,0.5299189004465018,0.0,0.2169308620359346,0.238579532219649,slope_focus,DEGREE_LIMIT_3
957,ST022__ST055,22,ST022,오이도박물관,55,ST055,해양생태과학관,1977.0,1.977,2.056726097058233,0.0,0.0,0.0,0.0,PRELIMINARY_POINT_BUFFER_PROXY,2.016046436,PRELIMINARY_90M,0.1380587374041857,0.6895805280345066,0.0,0.29769652038444466,0.2639333085802096,slope_focus,DEGREE_LIMIT_3
157,ST003__ST053,3,ST003,배곧한울공원,53,ST053,오이도 빨강등대,2485.0,2.485,2.0743268960726615,0.321268247,0.295693025,0.112820736,0.0,PRELIMINARY_POINT_BUFFER_PROXY,1.113752047,PRELIMINARY_90M,0.18181035225217465,0.6844101903742181,0.321268247,0.14799215119550682,0.26459173175998785,slope_focus,DEGREE_LIMIT_3
1470,ST049__ST055,49,ST049,거북섬 웨이브파크 정문,55,ST055,해양생태과학관,676.0,0.676,1.555560248126299,0.855999995,0.855999995,0.0,0.0,PRELIMINARY_POINT_BUFFER_PROXY,0.286663062,PRELIMINARY_90M,0.026009818275772974,0.8368009275549474,0.855999995,0.010765502917475826,0.2660292850329643,slope_focus,DEGREE_LIMIT_3
916,ST021__ST047,21,ST021,오이도 포구 해양관광 단지,47,ST047,배곧2동행정복지센터,3762.0,3.762,2.469042411414725,0.254750012,0.237212965,0.071741573,0.0,PRELIMINARY_POINT_BUFFER_PROXY,1.099645611,PRELIMINARY_90M,0.29179226595469815,0.5684601989902931,0.254750012,0.14565167880796975,0.2692798829581413,slope_focus,DEGREE_LIMIT_3
454,ST010__ST014,10,ST010,은계호수공원,14,ST014,시흥대야역,1525.0,1.525,2.792670740390496,0.667821134,0.57752438,0.090296754,0.0,PRELIMINARY_POINT_BUFFER_PROXY,1.2539899,PRELIMINARY_90M,0.09913013521660495,0.47339248440143145,0.667821134,0.1712597449827669,0.26942498131830295,slope_focus,DEGREE_LIMIT_3
583,ST013__ST014,13,ST013,삼미시장,14,ST014,시흥대야역,1514.0,1.514,2.268613825900731,0.811440142,0.741965677,0.311431231,0.0,PRELIMINARY_POINT_BUFFER_PROXY,0.67519953,PRELIMINARY_90M,0.09818275772973904,0.6273372683228735,0.811440142,0.07522961524926373,0.27536328496705825,slope_focus,DEGREE_LIMIT_3
541,ST012__ST014,12,ST012,신천역,14,ST014,시흥대야역,1380.0,1.38,1.9626229682490228,0.849065167,0.772905097,0.341400609,0.0,PRELIMINARY_POINT_BUFFER_PROXY,0.782071988,PRELIMINARY_90M,0.08664197743519077,0.7172238725459898,0.849065167,0.09296138229072015,0.29812050207874374,slope_focus,DEGREE_LIMIT_3
779,ST017__ST052,17,ST017,장곡동,52,ST052,가온그린공원,639.0,0.639,1.9871511618456574,0.588670368,0.588670368,0.0,0.0,PRELIMINARY_POINT_BUFFER_PROXY,1.720740011,PRELIMINARY_90M,0.02282318491086039,0.7100185722077744,0.588670368,0.24870069085140145,0.3011305728449849,slope_focus,DEGREE_LIMIT_3
1284,ST035__ST044,35,ST035,산들공원,44,ST044,경기과학기술대학교,6030.0,6.03,2.956928367155461,0.339457259,0.339457259,0.0,0.0,PRELIMINARY_POINT_BUFFER_PROXY,0.834605206,PRELIMINARY_90M,0.4871242787012316,0.42514084577091904,0.339457259,0.10167744254558998,0.30149797634424336,slope_focus,DEGREE_LIMIT_3
1379,ST040__ST054,40,ST040,갯골생태공원,54,ST054,시흥 프리미엄 아울렛,5042.0,5.042,2.505555704817685,0.080180898,0.080180898,0.0,0.0,PRELIMINARY_POINT_BUFFER_PROXY,1.509985427,PRELIMINARY_90M,0.40203255533545773,0.5577342054812642,0.080180898,0.2137332983506408,0.30179035146308325,slope_focus,DEGREE_LIMIT_3
872,ST020__ST037,20,ST020,시화공업단지[왼쪽부근],37,ST037,군자동행정복지센터,5501.0,5.501,3.257775175996918,0.311230757,0.311230757,0.0,0.0,PRELIMINARY_POINT_BUFFER_PROXY,1.3216431,PRELIMINARY_90M,0.44156403410558953,0.33676533597415237,0.311230757,0.18248444032952366,0.30266240030960917,slope_focus,DEGREE_LIMIT_3
769,ST017__ST042,17,ST017,장곡동,42,ST042,시흥시청역,2716.0,2.716,1.8434790923881643,0.330839246,0.330839246,0.0,0.0,PRELIMINARY_POINT_BUFFER_PROXY,1.590121124,PRELIMINARY_90M,0.20170527947635863,0.7522230829711033,0.330839246,0.22702902989364263,0.3137825451460301,slope_focus,DEGREE_LIMIT_3
1147,ST029__ST042,29,ST029,관곡공원,42,ST042,시흥시청역,2654.0,2.654,2.6841941622399865,0.0,0.0,0.0,0.0,PRELIMINARY_POINT_BUFFER_PROXY,2.927478894,PRELIMINARY_90M,0.19636551545947808,0.5052581137294531,0.0,0.44891703427285934,0.31426518540640513,slope_focus,DEGREE_LIMIT_3
30,ST001__ST031,1,ST001,월곶역,31,ST031,마전저수지,4726.0,4.726,2.1733816526852707,0.0,0.0,0.0,0.0,PRELIMINARY_POINT_BUFFER_PROXY,1.971254241,PRELIMINARY_90M,0.37481698389458273,0.6553122762326484,0.0,0.2902648136390502,0.32684786205889216,slope_focus,DEGREE_LIMIT_3
1264,ST034__ST044,34,ST034,군자디지털과학고등학교,44,ST044,경기과학기술대학교,6466.0,6.466,2.854871731872146,0.383886554,0.383886554,0.0,0.0,PRELIMINARY_POINT_BUFFER_PROXY,0.931735075,PRELIMINARY_90M,0.5246748772715528,0.455120579330462,0.383886554,0.1177927658206959,0.3303706395093135,slope_focus,DEGREE_LIMIT_3
1051,ST026__ST027,26,ST026,은계파크자이,27,ST027,은행동행정복지센터,457.0,0.457,1.0,0.754632796,0.754632796,0.0,0.0,PRELIMINARY_POINT_BUFFER_PROXY,1.276801074,PRELIMINARY_90M,0.007148393764533632,1.0,0.754632796,0.17504446586295966,0.3353572238745439,slope_focus,DEGREE_LIMIT_3
433,ST009__ST038,9,ST009,능곡중앙공원,38,ST038,능곡도서관,744.0,0.744,2.0,0.97496266,0.515421611,0.830516213,0.0,PRELIMINARY_POINT_BUFFER_PROXY,1.451338391,PRELIMINARY_90M,0.031866333649125826,0.7062441508450915,0.97496266,0.2040028626566858,0.3433420667841758,slope_focus,DEGREE_LIMIT_3
332,ST007__ST030,7,ST007,장현지구,30,ST030,장곡도서관,1683.0,1.683,1.4562870070184697,0.759142743,0.759142743,0.0,0.0,PRELIMINARY_POINT_BUFFER_PROXY,1.235595407,PRELIMINARY_90M,0.11273792093704246,0.8659630227949378,0.759142743,0.16820781868832624,0.3448703686256839,slope_focus,DEGREE_LIMIT_3
354,ST007__ST052,7,ST007,장현지구,52,ST052,가온그린공원,1163.0,1.163,1.2131708783527768,0.867518063,0.867518063,0.0,0.0,PRELIMINARY_POINT_BUFFER_PROXY,1.043527785,PRELIMINARY_90M,0.06795280337610886,0.9373798076143823,0.867518063,0.13634087753955518,0.34565687262081213,slope_focus,DEGREE_LIMIT_3
1381,ST041__ST042,41,ST041,연꽃테마파크,42,ST042,시흥시청역,3357.0,3.357,2.4375560527901543,0.0,0.0,0.0,0.0,PRELIMINARY_POINT_BUFFER_PROXY,2.986825232,PRELIMINARY_90M,0.25691154939281713,0.5777095010048499,0.0,0.458763494809769,0.34723528789248026,slope_focus,DEGREE_LIMIT_3
262,ST006__ST008,6,ST006,시흥시청 본청,8,ST008,시흥능곡역,1951.0,1.951,2.023517683433672,0.1397711,0.1397711,0.0,0.0,PRELIMINARY_POINT_BUFFER_PROXY,2.968420709,PRELIMINARY_90M,0.135819481526139,0.699335693777877,0.1397711,0.45570990438570363,0.3488958252788047,slope_focus,DEGREE_LIMIT_3
468,ST010__ST028,10,ST010,은계호수공원,28,ST028,매화산업단지,3734.0,3.734,2.2597817465071626,0.156648005,0.156648005,0.0,0.0,PRELIMINARY_POINT_BUFFER_PROXY,2.499811713,PRELIMINARY_90M,0.289380759624494,0.6299317433049347,0.156648005,0.3779605412092454,0.35598540661678657,slope_focus,DEGREE_LIMIT_3
765,ST017__ST038,17,ST017,장곡동,38,ST038,능곡도서관,4285.0,4.285,1.9821410620641189,0.326481556,0.310449796,0.021514244,0.0,PRELIMINARY_POINT_BUFFER_PROXY,1.72813283,PRELIMINARY_90M,0.3368357591938679,0.7114903183234511,0.326481556,0.24992727201871826,0.3567174177141654,slope_focus,DEGREE_LIMIT_3
283,ST006__ST029,6,ST006,시흥시청 본청,29,ST029,관곡공원,3470.0,3.47,2.475229440723157,0.075912866,0.075912866,0.0,0.0,PRELIMINARY_POINT_BUFFER_PROXY,3.041565706,PRELIMINARY_90M,0.2666436999397123,0.5666427229420483,0.075912866,0.4678457724224623,0.3635147572922059,slope_focus,DEGREE_LIMIT_3
1307,ST036__ST048,36,ST036,시흥시립군자도서관,48,ST048,정왕평생학습관 사거리,7358.0,7.358,2.991076209764658,0.415671605,0.415671605,0.0,0.0,PRELIMINARY_POINT_BUFFER_PROXY,1.135478826,PRELIMINARY_90M,0.6014985789337697,0.41510971726844614,0.415671605,0.15159695444415305,0.365705553798059,slope_focus,DEGREE_LIMIT_3
714,ST016__ST025,16,ST016,물왕호수,25,ST025,목감동행정복지센터,3005.0,3.005,2.1381214943015445,0.193383798,0.119943446,0.161932073,0.0,PRELIMINARY_POINT_BUFFER_PROXY,2.924827881,PRELIMINARY_90M,0.22659546981310827,0.6656701539999965,0.193383798,0.4484771908761643,0.37622761009439765,slope_focus,DEGREE_LIMIT_3
1064,ST026__ST040,26,ST026,은계파크자이,40,ST040,갯골생태공원,7430.0,7.43,2.258596133098155,0.180341115,0.180341115,0.0,0.0,PRELIMINARY_POINT_BUFFER_PROXY,1.420352121,PRELIMINARY_90M,0.6076995952114375,0.6302800241786672,0.180341115,0.19886176895110574,0.38344775702067363,slope_focus,DEGREE_LIMIT_3
713,ST016__ST024,16,ST016,물왕호수,24,ST024,목감고등학교,3229.0,3.229,2.105914035609522,0.176923572,0.176923572,0.0,0.0,PRELIMINARY_POINT_BUFFER_PROXY,3.167384816,PRELIMINARY_90M,0.2458875204547412,0.6751312833771932,0.176923572,0.48872107733856496,0.3970629153784273,slope_focus,DEGREE_LIMIT_3
666,ST015__ST016,15,ST015,목감택지개발예정지구,16,ST016,물왕호수,3107.0,3.107,2.1181705540136373,0.281664379,0.281664379,0.0,0.0,PRELIMINARY_POINT_BUFFER_PROXY,3.053159992,PRELIMINARY_90M,0.23538024287313755,0.6715308594057094,0.281664379,0.4697694408980579,0.4015011349820209,slope_focus,DEGREE_LIMIT_3
1205,ST031__ST051,31,ST031,마전저수지,51,ST051,연성중학교,6100.0,6.1,2.6203589074087144,0.119255883,0.104609688,0.028266702,0.0,PRELIMINARY_POINT_BUFFER_PROXY,2.974419427,PRELIMINARY_90M,0.49315304452674186,0.5240100932184334,0.119255883,0.4567051829833325,0.42711788298412057,slope_focus,DEGREE_LIMIT_3
1036,ST025__ST041,25,ST025,목감동행정복지센터,41,ST041,연꽃테마파크,6054.0,6.054,2.1947241513999223,0.22938676,0.197850453,0.130745712,0.0,PRELIMINARY_POINT_BUFFER_PROXY,2.664553727,PRELIMINARY_90M,0.4891912841271208,0.6490427923996385,0.22938676,0.4052937481818814,0.4406393173708346,slope_focus,DEGREE_LIMIT_3
