pair_order,pair_id,from_order,from_station_id,from_station_name,to_order,to_station_id,to_station_name,w1_distance_m,distance_km,w2_average_lanes,w3_protection_proxy,w3_child_protection_proxy,w3_senior_protection_proxy,w3_disabled_protection_proxy,w3_classification,w4_average_absolute_grade_pct,w4_classification,distance_norm,lane_penalty_norm,protection_norm,slope_norm,scenario_cost,scenario,structure
1409,ST043__ST045,43,ST043,시흥종합버스터미널,45,ST045,시흥중앙도서관,671.0,0.671,3.1817228022763167,0.300402098,0.300402098,0.0,0.0,PRELIMINARY_POINT_BUFFER_PROXY,0.425583211,PRELIMINARY_90M,0.025579192145379383,0.35910616559669406,0.300402098,0.03381446955986759,0.17972548132548524,balanced,MST
209,ST004__ST054,4,ST004,배곧중심상가,54,ST054,시흥 프리미엄 아울렛,3518.0,3.518,3.9115620934849367,0.174673018,0.174673018,0.0,0.0,PRELIMINARY_POINT_BUFFER_PROXY,1.470188615,PRELIMINARY_90M,0.2707777107914908,0.14471160486108936,0.174673018,0.2071304016588043,0.19932318382784614,balanced,MST
1244,ST033__ST045,33,ST033,타원산업단지,45,ST045,시흥중앙도서관,3637.0,3.637,3.4781306841531268,0.249273043,0.249273043,0.0,0.0,PRELIMINARY_POINT_BUFFER_PROXY,0.487234376,PRELIMINARY_90M,0.28102661269485835,0.2720346165597639,0.249273043,0.04404333596822129,0.21159440205571087,balanced,MST
151,ST003__ST047,3,ST003,배곧한울공원,47,ST047,배곧2동행정복지센터,2142.0,2.142,2.998593533213879,0.082490603,0.082490603,0.0,0.0,PRELIMINARY_POINT_BUFFER_PROXY,1.45164868,PRELIMINARY_90M,0.15226939970717424,0.41290145953524826,0.082490603,0.20405434432339853,0.21292895164145526,balanced,MST
136,ST003__ST032,3,ST003,배곧한울공원,32,ST032,희망공원,2946.0,2.946,2.474419063810549,0.0,0.0,0.0,0.0,PRELIMINARY_POINT_BUFFER_PROXY,0.664390229,PRELIMINARY_90M,0.22151408147446386,0.5668807759001471,0.0,0.07343618773014575,0.21545776127618915,balanced,MST
1222,ST032__ST045,32,ST032,희망공원,45,ST045,시흥중앙도서관,3542.0,3.542,3.695161173181692,0.239589717,0.239589717,0.0,0.0,PRELIMINARY_POINT_BUFFER_PROXY,1.100349444,PRELIMINARY_90M,0.27284471621738005,0.20828064096267274,0.239589717,0.1457684554127718,0.21662088239820615,balanced,MST
1444,ST046__ST050,46,ST046,배곧1동행정복지센터,50,ST050,시흥한라3차아파트,2363.0,2.363,4.178737580648687,0.479447383,0.479447383,0.0,0.0,PRELIMINARY_POINT_BUFFER_PROXY,1.190735572,PRELIMINARY_90M,0.17130307467057102,0.06622724275592551,0.479447383,0.16076488943766587,0.2194356474660406,balanced,MST
1474,ST050__ST054,50,ST050,시흥한라3차아파트,54,ST054,시흥 프리미엄 아울렛,4969.0,4.969,4.404187534909858,0.286229319,0.286229319,0.0,0.0,PRELIMINARY_POINT_BUFFER_PROXY,1.464039357,PRELIMINARY_90M,0.3957454138317113,0.0,0.286229319,0.20611014618443493,0.22202121975403655,balanced,MST
1226,ST032__ST049,32,ST032,희망공원,49,ST049,거북섬 웨이브파크 정문,4499.0,4.499,3.070219818149316,0.042639664,0.042639664,0.0,0.0,PRELIMINARY_POINT_BUFFER_PROXY,0.994963213,PRELIMINARY_90M,0.35526655757471365,0.3918608193822274,0.042639664,0.12828327604626832,0.22951257925080235,balanced,MST
160,ST004__ST005,4,ST004,배곧중심상가,5,ST005,배곧중·고등학교,2591.0,2.591,3.612965583991951,0.346284637,0.346284637,0.0,0.0,PRELIMINARY_POINT_BUFFER_PROXY,1.174987484,PRELIMINARY_90M,0.19093962621651883,0.23242607606189314,0.346284637,0.15815204200260122,0.2319505953202533,balanced,MST
880,ST020__ST045,20,ST020,시화공업단지[왼쪽부근],45,ST045,시흥중앙도서관,1373.0,1.373,2.951996349336429,0.38168565,0.38168565,0.0,0.0,PRELIMINARY_POINT_BUFFER_PROXY,0.548337,PRELIMINARY_90M,0.08603910085263974,0.42658965485339595,0.38168565,0.05418119107762378,0.23712389919591487,balanced,MST
108,ST003__ST004,3,ST003,배곧한울공원,4,ST004,배곧중심상가,4685.0,4.685,2.9330495193194137,0.0,0.0,0.0,0.0,PRELIMINARY_POINT_BUFFER_PROXY,1.18657571,PRELIMINARY_90M,0.37128584962535527,0.432155396993838,0.0,0.16007470503198293,0.24087898791279405,balanced,MST
3,ST001__ST004,1,ST001,월곶역,4,ST004,배곧중심상가,4737.0,4.737,3.465738984511636,0.156110614,0.156110614,0.0,0.0,PRELIMINARY_POINT_BUFFER_PROXY,1.268327568,PRELIMINARY_90M,0.37576436138144864,0.2756747508104226,0.156110614,0.1736385822777203,0.2452970771173979,balanced,MST
115,ST003__ST011,3,ST003,배곧한울공원,11,ST011,배곧생명공원,4442.0,4.442,2.929381135965357,0.030002831,0.030002831,0.0,0.0,PRELIMINARY_POINT_BUFFER_PROXY,1.252044916,PRELIMINARY_90M,0.3503574196882267,0.43323300606103465,0.030002831,0.17093704254068998,0.24613257482248785,balanced,MST
1145,ST029__ST040,29,ST029,관곡공원,40,ST040,갯골생태공원,3173.0,3.173,2.6002442194967386,0.0,0.0,0.0,0.0,PRELIMINARY_POINT_BUFFER_PROXY,1.529257702,PRELIMINARY_90M,0.24106450779433297,0.5299189004465018,0.0,0.2169308620359346,0.24697856756919234,balanced,MST
56,ST002__ST004,2,ST002,월곶포구,4,ST004,배곧중심상가,3192.0,3.192,3.5458499603414118,0.332930014,0.332930014,0.0,0.0,PRELIMINARY_POINT_BUFFER_PROXY,1.198313388,PRELIMINARY_90M,0.24270088708982862,0.2521416830789185,0.332930014,0.16202216442234924,0.24744868714777407,balanced,MST
949,ST022__ST047,22,ST022,오이도박물관,47,ST047,배곧2동행정복지센터,4352.0,4.352,3.2556383357386656,0.040564469,0.040564469,0.0,0.0,PRELIMINARY_POINT_BUFFER_PROXY,1.850197274,PRELIMINARY_90M,0.34260614934114203,0.3373930452987237,0.040564469,0.2701796207113337,0.24768582108779988,balanced,MST
127,ST003__ST023,3,ST003,배곧한울공원,23,ST023,오이도역,4569.0,4.569,3.362496455886152,0.25196631,0.25196631,0.0,0.0,PRELIMINARY_POINT_BUFFER_PROXY,0.707990957,PRELIMINARY_90M,0.3612953234002239,0.3060028474757016,0.25196631,0.08067021196989801,0.2499836732114559,balanced,MST
1243,ST033__ST044,33,ST033,타원산업단지,44,ST044,경기과학기술대학교,1598.0,1.598,1.7010597777371803,0.123630586,0.123630586,0.0,0.0,PRELIMINARY_POINT_BUFFER_PROXY,0.331684145,PRELIMINARY_90M,0.1054172767203514,0.7940595896824632,0.123630586,0.018235185665018444,0.26033565951695825,balanced,MST
820,ST019__ST020,19,ST019,시화병원,20,ST020,시화공업단지[왼쪽부근],1979.0,1.979,2.8736363843131483,0.422822321,0.422822321,0.0,0.0,PRELIMINARY_POINT_BUFFER_PROXY,0.548112375,PRELIMINARY_90M,0.13823098785634313,0.4496083529185587,0.422822321,0.054143922372044954,0.2662013960367367,balanced,MST
784,ST018__ST020,18,ST018,정왕역,20,ST020,시화공업단지[왼쪽부근],1949.0,1.949,3.244027725944256,0.540858498,0.540858498,0.0,0.0,PRELIMINARY_POINT_BUFFER_PROXY,0.564911031,PRELIMINARY_90M,0.13564723107398158,0.34080372983808693,0.540858498,0.05693107502461671,0.2685601334841713,balanced,MST
159,ST003__ST055,3,ST003,배곧한울공원,55,ST055,해양생태과학관,4683.0,4.683,2.979187730277081,0.0,0.0,0.0,0.0,PRELIMINARY_POINT_BUFFER_PROXY,2.085033623,PRELIMINARY_90M,0.3711135991731978,0.41860202765548005,0.0,0.30914254447354533,0.2747145428255558,balanced,MST
1247,ST033__ST048,33,ST033,타원산업단지,48,ST048,정왕평생학습관 사거리,3608.0,3.608,2.731241808577759,0.220485387,0.220485387,0.0,0.0,PRELIMINARY_POINT_BUFFER_PROXY,0.925063471,PRELIMINARY_90M,0.2785289811385755,0.49143759242876095,0.220485387,0.11668584519647998,0.2767844514409541,balanced,MST
466,ST010__ST026,10,ST010,은계호수공원,26,ST026,은계파크자이,1220.0,1.22,2.405341600576404,0.254629654,0.254629654,0.0,0.0,PRELIMINARY_POINT_BUFFER_PROXY,1.537591702,PRELIMINARY_90M,0.07286194126259582,0.5871726847699602,0.254629654,0.21831359945293588,0.283244469871373,balanced,MST
1147,ST029__ST042,29,ST029,관곡공원,42,ST042,시흥시청역,2654.0,2.654,2.6841941622399865,0.0,0.0,0.0,0.0,PRELIMINARY_POINT_BUFFER_PROXY,2.927478894,PRELIMINARY_90M,0.19636551545947808,0.5052581137294531,0.0,0.44891703427285934,0.28763516586544763,balanced,MST
1322,ST037__ST045,37,ST037,군자동행정복지센터,45,ST045,시흥중앙도서관,5556.0,5.556,3.4490973986733664,0.318446298,0.318446298,0.0,0.0,PRELIMINARY_POINT_BUFFER_PROXY,1.229092844,PRELIMINARY_90M,0.446300921539919,0.28056331398962786,0.318446298,0.16712894453827729,0.30310986951695607,balanced,MST
1379,ST040__ST054,40,ST040,갯골생태공원,54,ST054,시흥 프리미엄 아울렛,5042.0,5.042,2.505555704817685,0.080180898,0.080180898,0.0,0.0,PRELIMINARY_POINT_BUFFER_PROXY,1.509985427,PRELIMINARY_90M,0.40203255533545773,0.5577342054812642,0.080180898,0.2137332983506408,0.3134202392918407,balanced,MST
916,ST021__ST047,21,ST021,오이도 포구 해양관광 단지,47,ST047,배곧2동행정복지센터,3762.0,3.762,2.469042411414725,0.254750012,0.237212965,0.071741573,0.0,PRELIMINARY_POINT_BUFFER_PROXY,1.099645611,PRELIMINARY_90M,0.29179226595469815,0.5684601989902931,0.254750012,0.14565167880796975,0.31516353893824023,balanced,MST
1285,ST035__ST045,35,ST035,산들공원,45,ST045,시흥중앙도서관,6104.0,6.104,3.104005896090232,0.305870296,0.305870296,0.0,0.0,PRELIMINARY_POINT_BUFFER_PROXY,0.734142852,PRELIMINARY_90M,0.4934975454310568,0.38193596136707975,0.305870296,0.0850092092991503,0.3165782530243217,balanced,MST
1381,ST041__ST042,41,ST041,연꽃테마파크,42,ST042,시흥시청역,3357.0,3.357,2.4375560527901543,0.0,0.0,0.0,0.0,PRELIMINARY_POINT_BUFFER_PROXY,2.986825232,PRELIMINARY_90M,0.25691154939281713,0.5777095010048499,0.0,0.458763494809769,0.323346136301859,balanced,MST
1252,ST033__ST053,33,ST033,타원산업단지,53,ST053,오이도 빨강등대,6235.0,6.235,2.681993902930899,0.077964192,0.000893161,0.07707103,0.0,PRELIMINARY_POINT_BUFFER_PROXY,1.51111674,PRELIMINARY_90M,0.5047799500473689,0.5059044527711551,0.077964192,0.21392100039233028,0.32564239880271356,balanced,MST
30,ST001__ST031,1,ST001,월곶역,31,ST031,마전저수지,4726.0,4.726,2.1733816526852707,0.0,0.0,0.0,0.0,PRELIMINARY_POINT_BUFFER_PROXY,1.971254241,PRELIMINARY_90M,0.37481698389458273,0.6553122762326484,0.0,0.2902648136390502,0.33009851844157034,balanced,MST
434,ST009__ST039,9,ST009,능곡중앙공원,39,ST039,능곡힐스테이트,792.0,0.792,2.0,0.496869839,0.318845713,0.496869839,0.0,PRELIMINARY_POINT_BUFFER_PROXY,0.848295282,PRELIMINARY_90M,0.036000344500904315,0.7062441508450915,0.496869839,0.10394883447345071,0.33576579220486164,balanced,MST
636,ST014__ST026,14,ST014,시흥대야역,26,ST026,은계파크자이,2742.0,2.742,2.689120979304191,0.480816193,0.434350308,0.046465885,0.0,PRELIMINARY_POINT_BUFFER_PROXY,1.352474425,PRELIMINARY_90M,0.2039445353544053,0.5038108323991268,0.480816193,0.1875998263018331,0.3440428467638413,balanced,MST
283,ST006__ST029,6,ST006,시흥시청 본청,29,ST029,관곡공원,3470.0,3.47,2.475229440723157,0.075912866,0.075912866,0.0,0.0,PRELIMINARY_POINT_BUFFER_PROXY,3.041565706,PRELIMINARY_90M,0.2666436999397123,0.5666427229420483,0.075912866,0.4678457724224623,0.3442612653260557,balanced,MST
1143,ST029__ST038,29,ST029,관곡공원,38,ST038,능곡도서관,4223.0,4.223,2.511994530716733,0.118739746,0.102463148,0.021842811,0.0,PRELIMINARY_POINT_BUFFER_PROXY,2.578907523,PRELIMINARY_90M,0.33149599517698736,0.5558427627117288,0.118739746,0.39108373967517096,0.34929056089097177,balanced,MST
1265,ST034__ST045,34,ST034,군자디지털과학고등학교,45,ST045,시흥중앙도서관,6540.0,6.54,2.9933398472819306,0.352023517,0.352023517,0.0,0.0,PRELIMINARY_POINT_BUFFER_PROXY,0.836864495,PRELIMINARY_90M,0.531048144001378,0.4144447605073809,0.352023517,0.10205229296989038,0.3498921786196623,balanced,MST
1144,ST029__ST039,29,ST029,관곡공원,39,ST039,능곡힐스테이트,4321.0,4.321,2.5005444574442675,0.134141311,0.069883904,0.064257407,0.0,PRELIMINARY_POINT_BUFFER_PROXY,2.555414981,PRELIMINARY_90M,0.33993626733270177,0.5592062887087678,0.134141311,0.3871859694755221,0.35511745912924786,balanced,MST
262,ST006__ST008,6,ST006,시흥시청 본청,8,ST008,시흥능곡역,1951.0,1.951,2.023517683433672,0.1397711,0.1397711,0.0,0.0,PRELIMINARY_POINT_BUFFER_PROXY,2.968420709,PRELIMINARY_90M,0.135819481526139,0.699335693777877,0.1397711,0.45570990438570363,0.3576590449224299,balanced,MST
385,ST008__ST036,8,ST008,시흥능곡역,36,ST036,시흥시립군자도서관,4468.0,4.468,3.322939983305055,0.221339234,0.221339234,0.0,0.0,PRELIMINARY_POINT_BUFFER_PROXY,3.518784026,PRELIMINARY_90M,0.3525966755662734,0.3176227926683346,0.221339234,0.5470235534570783,0.3596455639229216,balanced,MST
468,ST010__ST028,10,ST010,은계호수공원,28,ST028,매화산업단지,3734.0,3.734,2.2597817465071626,0.156648005,0.156648005,0.0,0.0,PRELIMINARY_POINT_BUFFER_PROXY,2.499811713,PRELIMINARY_90M,0.289380759624494,0.6299317433049347,0.156648005,0.3779605412092454,0.36348026228466856,balanced,MST
1157,ST029__ST052,29,ST029,관곡공원,52,ST052,가온그린공원,4265.0,4.265,2.386392012061943,0.201240875,0.201240875,0.0,0.0,PRELIMINARY_POINT_BUFFER_PROXY,2.198243349,PRELIMINARY_90M,0.3351132546722935,0.5927392372351619,0.201240875,0.327925760709286,0.36425478190418537,balanced,MST
452,ST010__ST012,10,ST010,은계호수공원,12,ST012,신천역,2361.0,2.361,2.79221465563128,0.473443851,0.473443851,0.0,0.0,PRELIMINARY_POINT_BUFFER_PROXY,2.295026039,PRELIMINARY_90M,0.17113082421841358,0.4735264619671615,0.473443851,0.34398348170533055,0.3655211547227264,balanced,MST
172,ST004__ST017,4,ST004,배곧중심상가,17,ST017,장곡동,6764.0,6.764,2.942360541443412,0.206546328,0.206546328,0.0,0.0,PRELIMINARY_POINT_BUFFER_PROXY,1.909089561,PRELIMINARY_90M,0.550340194643011,0.42942022978330263,0.206546328,0.27995074727812974,0.3665643749261108,balanced,MST
595,ST013__ST026,13,ST013,삼미시장,26,ST026,은계파크자이,1938.0,1.938,2.6326125397405407,0.511569918,0.511569918,0.0,0.0,PRELIMINARY_POINT_BUFFER_PROXY,2.070334106,PRELIMINARY_90M,0.13469985358711567,0.5204105170475657,0.511569918,0.3067036709232997,0.3683459898894953,balanced,MST
162,ST004__ST007,4,ST004,배곧중심상가,7,ST007,장현지구,7899.0,7.899,2.8650445619521356,0.183317918,0.183317918,0.0,0.0,PRELIMINARY_POINT_BUFFER_PROXY,1.69100406,PRELIMINARY_90M,0.6480923262423564,0.45213225099200605,0.183317918,0.2437670440938041,0.3818273848320416,balanced,MST
714,ST016__ST025,16,ST016,물왕호수,25,ST025,목감동행정복지센터,3005.0,3.005,2.1381214943015445,0.193383798,0.119943446,0.161932073,0.0,PRELIMINARY_POINT_BUFFER_PROXY,2.924827881,PRELIMINARY_90M,0.22659546981310827,0.6656701539999965,0.193383798,0.4484771908761643,0.38353165317231724,balanced,MST
1135,ST029__ST030,29,ST029,관곡공원,30,ST030,장곡도서관,4785.0,4.785,2.344415023463761,0.235519282,0.235519282,0.0,0.0,PRELIMINARY_POINT_BUFFER_PROXY,2.140637973,PRELIMINARY_90M,0.3798983722332271,0.6050702231657867,0.235519282,0.3183681522600866,0.38471400741477507,balanced,MST
596,ST013__ST027,13,ST013,삼미시장,27,ST027,은행동행정복지센터,1561.0,1.561,2.6154869323133116,0.514819805,0.514819805,0.0,0.0,PRELIMINARY_POINT_BUFFER_PROXY,2.62974837,PRELIMINARY_90M,0.10223064335543881,0.525441264399645,0.514819805,0.3995190098286312,0.3855026806459288,balanced,MST
1376,ST040__ST051,40,ST040,갯골생태공원,51,ST051,연성중학교,5417.0,5.417,2.495832602905231,0.192518156,0.176017861,0.031845057,0.0,PRELIMINARY_POINT_BUFFER_PROXY,2.410565802,PRELIMINARY_90M,0.4343295151149772,0.5605904235399768,0.192518156,0.36315328653513135,0.3876478452975213,balanced,MST
480,ST010__ST040,10,ST010,은계호수공원,40,ST040,갯골생태공원,7454.0,7.454,2.3810988212602635,0.143643119,0.143643119,0.0,0.0,PRELIMINARY_POINT_BUFFER_PROXY,1.480173201,PRELIMINARY_90M,0.6097666006373267,0.5942941429938482,0.143643119,0.20878699640988027,0.38912271476026383,balanced,MST
713,ST016__ST024,16,ST016,물왕호수,24,ST024,목감고등학교,3229.0,3.229,2.105914035609522,0.176923572,0.176923572,0.0,0.0,PRELIMINARY_POINT_BUFFER_PROXY,3.167384816,PRELIMINARY_90M,0.2458875204547412,0.6751312833771932,0.176923572,0.48872107733856496,0.3966658632926249,balanced,MST
666,ST015__ST016,15,ST015,목감택지개발예정지구,16,ST016,물왕호수,3107.0,3.107,2.1181705540136373,0.281664379,0.281664379,0.0,0.0,PRELIMINARY_POINT_BUFFER_PROXY,3.053159992,PRELIMINARY_90M,0.23538024287313755,0.6715308594057094,0.281664379,0.4697694408980579,0.4145862305442262,balanced,MST
730,ST016__ST041,16,ST016,물왕호수,41,ST041,연꽃테마파크,3935.0,3.935,2.0,0.29027288,0.250287871,0.138484824,0.0,PRELIMINARY_POINT_BUFFER_PROXY,2.713464194,PRELIMINARY_90M,0.3066919300663164,0.7062441508450915,0.29027288,0.4134087389190912,0.4291544249576248,balanced,MST
1409,ST043__ST045,43,ST043,시흥종합버스터미널,45,ST045,시흥중앙도서관,671.0,0.671,3.1817228022763167,0.300402098,0.300402098,0.0,0.0,PRELIMINARY_POINT_BUFFER_PROXY,0.425583211,PRELIMINARY_90M,0.025579192145379383,0.35910616559669406,0.300402098,0.03381446955986759,0.17972548132548524,balanced,T2_SPANNER
209,ST004__ST054,4,ST004,배곧중심상가,54,ST054,시흥 프리미엄 아울렛,3518.0,3.518,3.9115620934849367,0.174673018,0.174673018,0.0,0.0,PRELIMINARY_POINT_BUFFER_PROXY,1.470188615,PRELIMINARY_90M,0.2707777107914908,0.14471160486108936,0.174673018,0.2071304016588043,0.19932318382784614,balanced,T2_SPANNER
1244,ST033__ST045,33,ST033,타원산업단지,45,ST045,시흥중앙도서관,3637.0,3.637,3.4781306841531268,0.249273043,0.249273043,0.0,0.0,PRELIMINARY_POINT_BUFFER_PROXY,0.487234376,PRELIMINARY_90M,0.28102661269485835,0.2720346165597639,0.249273043,0.04404333596822129,0.21159440205571087,balanced,T2_SPANNER
151,ST003__ST047,3,ST003,배곧한울공원,47,ST047,배곧2동행정복지센터,2142.0,2.142,2.998593533213879,0.082490603,0.082490603,0.0,0.0,PRELIMINARY_POINT_BUFFER_PROXY,1.45164868,PRELIMINARY_90M,0.15226939970717424,0.41290145953524826,0.082490603,0.20405434432339853,0.21292895164145526,balanced,T2_SPANNER
136,ST003__ST032,3,ST003,배곧한울공원,32,ST032,희망공원,2946.0,2.946,2.474419063810549,0.0,0.0,0.0,0.0,PRELIMINARY_POINT_BUFFER_PROXY,0.664390229,PRELIMINARY_90M,0.22151408147446386,0.5668807759001471,0.0,0.07343618773014575,0.21545776127618915,balanced,T2_SPANNER
1222,ST032__ST045,32,ST032,희망공원,45,ST045,시흥중앙도서관,3542.0,3.542,3.695161173181692,0.239589717,0.239589717,0.0,0.0,PRELIMINARY_POINT_BUFFER_PROXY,1.100349444,PRELIMINARY_90M,0.27284471621738005,0.20828064096267274,0.239589717,0.1457684554127718,0.21662088239820615,balanced,T2_SPANNER
1444,ST046__ST050,46,ST046,배곧1동행정복지센터,50,ST050,시흥한라3차아파트,2363.0,2.363,4.178737580648687,0.479447383,0.479447383,0.0,0.0,PRELIMINARY_POINT_BUFFER_PROXY,1.190735572,PRELIMINARY_90M,0.17130307467057102,0.06622724275592551,0.479447383,0.16076488943766587,0.2194356474660406,balanced,T2_SPANNER
1474,ST050__ST054,50,ST050,시흥한라3차아파트,54,ST054,시흥 프리미엄 아울렛,4969.0,4.969,4.404187534909858,0.286229319,0.286229319,0.0,0.0,PRELIMINARY_POINT_BUFFER_PROXY,1.464039357,PRELIMINARY_90M,0.3957454138317113,0.0,0.286229319,0.20611014618443493,0.22202121975403655,balanced,T2_SPANNER
1226,ST032__ST049,32,ST032,희망공원,49,ST049,거북섬 웨이브파크 정문,4499.0,4.499,3.070219818149316,0.042639664,0.042639664,0.0,0.0,PRELIMINARY_POINT_BUFFER_PROXY,0.994963213,PRELIMINARY_90M,0.35526655757471365,0.3918608193822274,0.042639664,0.12828327604626832,0.22951257925080235,balanced,T2_SPANNER
160,ST004__ST005,4,ST004,배곧중심상가,5,ST005,배곧중·고등학교,2591.0,2.591,3.612965583991951,0.346284637,0.346284637,0.0,0.0,PRELIMINARY_POINT_BUFFER_PROXY,1.174987484,PRELIMINARY_90M,0.19093962621651883,0.23242607606189314,0.346284637,0.15815204200260122,0.2319505953202533,balanced,T2_SPANNER
880,ST020__ST045,20,ST020,시화공업단지[왼쪽부근],45,ST045,시흥중앙도서관,1373.0,1.373,2.951996349336429,0.38168565,0.38168565,0.0,0.0,PRELIMINARY_POINT_BUFFER_PROXY,0.548337,PRELIMINARY_90M,0.08603910085263974,0.42658965485339595,0.38168565,0.05418119107762378,0.23712389919591487,balanced,T2_SPANNER
108,ST003__ST004,3,ST003,배곧한울공원,4,ST004,배곧중심상가,4685.0,4.685,2.9330495193194137,0.0,0.0,0.0,0.0,PRELIMINARY_POINT_BUFFER_PROXY,1.18657571,PRELIMINARY_90M,0.37128584962535527,0.432155396993838,0.0,0.16007470503198293,0.24087898791279405,balanced,T2_SPANNER
3,ST001__ST004,1,ST001,월곶역,4,ST004,배곧중심상가,4737.0,4.737,3.465738984511636,0.156110614,0.156110614,0.0,0.0,PRELIMINARY_POINT_BUFFER_PROXY,1.268327568,PRELIMINARY_90M,0.37576436138144864,0.2756747508104226,0.156110614,0.1736385822777203,0.2452970771173979,balanced,T2_SPANNER
147,ST003__ST043,3,ST003,배곧한울공원,43,ST043,시흥종합버스터미널,4739.0,4.739,3.5517107534895764,0.285116743,0.285116743,0.0,0.0,PRELIMINARY_POINT_BUFFER_PROXY,0.649359863,PRELIMINARY_90M,0.37593661183360605,0.25042004081095814,0.285116743,0.07094242129632959,0.24560395423522344,balanced,T2_SPANNER
115,ST003__ST011,3,ST003,배곧한울공원,11,ST011,배곧생명공원,4442.0,4.442,2.929381135965357,0.030002831,0.030002831,0.0,0.0,PRELIMINARY_POINT_BUFFER_PROXY,1.252044916,PRELIMINARY_90M,0.3503574196882267,0.43323300606103465,0.030002831,0.17093704254068998,0.24613257482248785,balanced,T2_SPANNER
1145,ST029__ST040,29,ST029,관곡공원,40,ST040,갯골생태공원,3173.0,3.173,2.6002442194967386,0.0,0.0,0.0,0.0,PRELIMINARY_POINT_BUFFER_PROXY,1.529257702,PRELIMINARY_90M,0.24106450779433297,0.5299189004465018,0.0,0.2169308620359346,0.24697856756919234,balanced,T2_SPANNER
56,ST002__ST004,2,ST002,월곶포구,4,ST004,배곧중심상가,3192.0,3.192,3.5458499603414118,0.332930014,0.332930014,0.0,0.0,PRELIMINARY_POINT_BUFFER_PROXY,1.198313388,PRELIMINARY_90M,0.24270088708982862,0.2521416830789185,0.332930014,0.16202216442234924,0.24744868714777407,balanced,T2_SPANNER
949,ST022__ST047,22,ST022,오이도박물관,47,ST047,배곧2동행정복지센터,4352.0,4.352,3.2556383357386656,0.040564469,0.040564469,0.0,0.0,PRELIMINARY_POINT_BUFFER_PROXY,1.850197274,PRELIMINARY_90M,0.34260614934114203,0.3373930452987237,0.040564469,0.2701796207113337,0.24768582108779988,balanced,T2_SPANNER
137,ST003__ST033,3,ST003,배곧한울공원,33,ST033,타원산업단지,4416.0,4.416,2.7688580814682218,0.124574268,0.124574268,0.0,0.0,PRELIMINARY_POINT_BUFFER_PROXY,0.455012626,PRELIMINARY_90M,0.34811816381018,0.48038759224378025,0.124574268,0.03869725733056097,0.24794432034613031,balanced,T2_SPANNER
934,ST022__ST032,22,ST022,오이도박물관,32,ST032,희망공원,2894.0,2.894,2.88457420094931,0.0,0.0,0.0,0.0,PRELIMINARY_POINT_BUFFER_PROXY,2.242877844,PRELIMINARY_90M,0.2170355697183705,0.4463953053047024,0.0,0.3353313026249875,0.2496905444120151,balanced,T2_SPANNER
127,ST003__ST023,3,ST003,배곧한울공원,23,ST023,오이도역,4569.0,4.569,3.362496455886152,0.25196631,0.25196631,0.0,0.0,PRELIMINARY_POINT_BUFFER_PROXY,0.707990957,PRELIMINARY_90M,0.3612953234002239,0.3060028474757016,0.25196631,0.08067021196989801,0.2499836732114559,balanced,T2_SPANNER
534,ST011__ST050,11,ST011,배곧생명공원,50,ST050,시흥한라3차아파트,995.0,0.995,2.969355785245408,0.47264275,0.47264275,0.0,0.0,PRELIMINARY_POINT_BUFFER_PROXY,0.56995669,PRELIMINARY_90M,0.05348376539488416,0.4214902190171036,0.47264275,0.057768226631615675,0.25134624026090086,balanced,T2_SPANNER
1248,ST033__ST049,33,ST033,타원산업단지,49,ST049,거북섬 웨이브파크 정문,6473.0,6.473,3.047600158788452,0.029639496,0.029639496,0.0,0.0,PRELIMINARY_POINT_BUFFER_PROXY,0.648130457,PRELIMINARY_90M,0.5252777538541039,0.39850547662537295,0.029639496,0.07073844413327633,0.2560402926531883,balanced,T2_SPANNER
124,ST003__ST020,3,ST003,배곧한울공원,20,ST020,시화공업단지[왼쪽부근],5193.0,5.193,3.656428711169751,0.322906619,0.322906619,0.0,0.0,PRELIMINARY_POINT_BUFFER_PROXY,0.631602774,PRELIMINARY_90M,0.4150374644733442,0.21965852823085064,0.322906619,0.0679962500247527,0.2563997154322369,balanced,T2_SPANNER
1243,ST033__ST044,33,ST033,타원산업단지,44,ST044,경기과학기술대학교,1598.0,1.598,1.7010597777371803,0.123630586,0.123630586,0.0,0.0,PRELIMINARY_POINT_BUFFER_PROXY,0.331684145,PRELIMINARY_90M,0.1054172767203514,0.7940595896824632,0.123630586,0.018235185665018444,0.26033565951695825,balanced,T2_SPANNER
63,ST002__ST011,2,ST002,월곶포구,11,ST011,배곧생명공원,3928.0,3.928,3.437997456052192,0.304495296,0.304495296,0.0,0.0,PRELIMINARY_POINT_BUFFER_PROXY,1.160746133,PRELIMINARY_90M,0.3060890534837654,0.28382398705988165,0.304495296,0.1557891851635865,0.26254938042680837,balanced,T2_SPANNER
10,ST001__ST011,1,ST001,월곶역,11,ST011,배곧생명공원,5473.0,5.473,3.399135690853287,0.159476951,0.159476951,0.0,0.0,PRELIMINARY_POINT_BUFFER_PROXY,1.230120641,PRELIMINARY_90M,0.43915252777538544,0.29523985789554474,0.159476951,0.16729947170038212,0.2652922020928281,balanced,T2_SPANNER
1227,ST032__ST050,32,ST032,희망공원,50,ST050,시흥한라3차아파트,4271.0,4.271,3.200955888599408,0.219882908,0.219882908,0.0,0.0,PRELIMINARY_POINT_BUFFER_PROXY,1.156929234,PRELIMINARY_90M,0.3356300060287658,0.35345633399198484,0.219882908,0.15515590353841074,0.26603128788979036,balanced,T2_SPANNER
820,ST019__ST020,19,ST019,시화병원,20,ST020,시화공업단지[왼쪽부근],1979.0,1.979,2.8736363843131483,0.422822321,0.422822321,0.0,0.0,PRELIMINARY_POINT_BUFFER_PROXY,0.548112375,PRELIMINARY_90M,0.13823098785634313,0.4496083529185587,0.422822321,0.054143922372044954,0.2662013960367367,balanced,T2_SPANNER
1441,ST046__ST047,46,ST046,배곧1동행정복지센터,47,ST047,배곧2동행정복지센터,3069.0,3.069,4.129648039445814,0.60945262,0.60945262,0.0,0.0,PRELIMINARY_POINT_BUFFER_PROXY,1.115499419,PRELIMINARY_90M,0.23210748428214625,0.08064758261660032,0.60945262,0.14828206679975695,0.26762243842462585,balanced,T2_SPANNER
784,ST018__ST020,18,ST018,정왕역,20,ST020,시화공업단지[왼쪽부근],1949.0,1.949,3.244027725944256,0.540858498,0.540858498,0.0,0.0,PRELIMINARY_POINT_BUFFER_PROXY,0.564911031,PRELIMINARY_90M,0.13564723107398158,0.34080372983808693,0.540858498,0.05693107502461671,0.2685601334841713,balanced,T2_SPANNER
988,ST023__ST054,23,ST023,오이도역,54,ST054,시흥 프리미엄 아울렛,4175.0,4.175,3.62850171203835,0.340947009,0.340947009,0.0,0.0,PRELIMINARY_POINT_BUFFER_PROXY,1.34126926,PRELIMINARY_90M,0.32736198432520885,0.2278622475750438,0.340947009,0.18574071892132277,0.27047798995539385,balanced,T2_SPANNER
807,ST018__ST043,18,ST018,정왕역,43,ST043,시흥종합버스터미널,1406.0,1.406,2.6557306312689994,0.43367149,0.43367149,0.0,0.0,PRELIMINARY_POINT_BUFFER_PROXY,0.599226145,PRELIMINARY_90M,0.08888123331323745,0.5136194424397824,0.43367149,0.0626244746042261,0.2746991600893115,balanced,T2_SPANNER
159,ST003__ST055,3,ST003,배곧한울공원,55,ST055,해양생태과학관,4683.0,4.683,2.979187730277081,0.0,0.0,0.0,0.0,PRELIMINARY_POINT_BUFFER_PROXY,2.085033623,PRELIMINARY_90M,0.3711135991731978,0.41860202765548005,0.0,0.30914254447354533,0.2747145428255558,balanced,T2_SPANNER
797,ST018__ST033,18,ST018,정왕역,33,ST033,타원산업단지,3728.0,3.728,2.6919701197263484,0.201894718,0.201894718,0.0,0.0,PRELIMINARY_POINT_BUFFER_PROXY,0.876118982,PRELIMINARY_90M,0.2888640082680217,0.5029738807350543,0.201894718,0.10856520969176346,0.2755744541737099,balanced,T2_SPANNER
252,ST005__ST047,5,ST005,배곧중·고등학교,47,ST047,배곧2동행정복지센터,3334.0,3.334,2.6812687086629072,0.216881735,0.216881735,0.0,0.0,PRELIMINARY_POINT_BUFFER_PROXY,0.993464254,PRELIMINARY_90M,0.2549306691930066,0.5061174828291513,0.216881735,0.12803457593877482,0.27649111574023316,balanced,T2_SPANNER
1247,ST033__ST048,33,ST033,타원산업단지,48,ST048,정왕평생학습관 사거리,3608.0,3.608,2.731241808577759,0.220485387,0.220485387,0.0,0.0,PRELIMINARY_POINT_BUFFER_PROXY,0.925063471,PRELIMINARY_90M,0.2785289811385755,0.49143759242876095,0.220485387,0.11668584519647998,0.2767844514409541,balanced,T2_SPANNER
833,ST019__ST033,19,ST019,시화병원,33,ST033,타원산업단지,3836.0,3.836,2.7436795030655845,0.224557843,0.224557843,0.0,0.0,PRELIMINARY_POINT_BUFFER_PROXY,0.855941648,PRELIMINARY_90M,0.2981655326845233,0.48778394692296034,0.224557843,0.10521748294624725,0.27893120138843275,balanced,T2_SPANNER
957,ST022__ST055,22,ST022,오이도박물관,55,ST055,해양생태과학관,1977.0,1.977,2.056726097058233,0.0,0.0,0.0,0.0,PRELIMINARY_POINT_BUFFER_PROXY,2.016046436,PRELIMINARY_90M,0.1380587374041857,0.6895805280345066,0.0,0.29769652038444466,0.28133394645578425,balanced,T2_SPANNER
466,ST010__ST026,10,ST010,은계호수공원,26,ST026,은계파크자이,1220.0,1.22,2.405341600576404,0.254629654,0.254629654,0.0,0.0,PRELIMINARY_POINT_BUFFER_PROXY,1.537591702,PRELIMINARY_90M,0.07286194126259582,0.5871726847699602,0.254629654,0.21831359945293588,0.283244469871373,balanced,T2_SPANNER
925,ST022__ST023,22,ST022,오이도박물관,23,ST023,오이도역,6145.0,6.145,3.451768155847177,0.187192651,0.187192651,0.0,0.0,PRELIMINARY_POINT_BUFFER_PROXY,1.271537161,PRELIMINARY_90M,0.4970286797002842,0.27977876344814856,0.187192651,0.17417110259622826,0.28454279918616526,balanced,T2_SPANNER
1408,ST043__ST044,43,ST043,시흥종합버스터미널,44,ST044,경기과학기술대학교,734.0,0.734,2.289035195013716,0.336285385,0.336285385,0.0,0.0,PRELIMINARY_POINT_BUFFER_PROXY,1.176164054,PRELIMINARY_90M,0.031005081388338643,0.6213383716981828,0.336285385,0.15834725286925844,0.286744022738945,balanced,T2_SPANNER
1147,ST029__ST042,29,ST029,관곡공원,42,ST042,시흥시청역,2654.0,2.654,2.6841941622399865,0.0,0.0,0.0,0.0,PRELIMINARY_POINT_BUFFER_PROXY,2.927478894,PRELIMINARY_90M,0.19636551545947808,0.5052581137294531,0.0,0.44891703427285934,0.28763516586544763,balanced,T2_SPANNER
1439,ST045__ST054,45,ST045,시흥중앙도서관,54,ST054,시흥 프리미엄 아울렛,6917.0,6.917,4.195062440228731,0.369304599,0.369304599,0.0,0.0,PRELIMINARY_POINT_BUFFER_PROXY,1.195975935,PRELIMINARY_90M,0.5635173542330548,0.06143171976765516,0.369304599,0.1616343454010411,0.28897200460043776,balanced,T2_SPANNER
1412,ST043__ST048,43,ST043,시흥종합버스터미널,48,ST048,정왕평생학습관 사거리,1307.0,1.307,3.0428754779308687,0.59325425,0.59325425,0.0,0.0,PRELIMINARY_POINT_BUFFER_PROXY,0.728620186,PRELIMINARY_90M,0.08035483593144432,0.3998933792626782,0.59325425,0.08409291497232037,0.28939884504161073,balanced,T2_SPANNER
1431,ST045__ST046,45,ST045,시흥중앙도서관,46,ST046,배곧1동행정복지센터,4713.0,4.713,3.902855407896959,0.537115466,0.537115466,0.0,0.0,PRELIMINARY_POINT_BUFFER_PROXY,0.879566094,PRELIMINARY_90M,0.37369735595555936,0.14726924467931057,0.537115466,0.10913713802665595,0.29180480116538143,balanced,T2_SPANNER
1225,ST032__ST048,32,ST032,희망공원,48,ST048,정왕평생학습관 사거리,4339.0,4.339,3.4681877374468693,0.435644018,0.435644018,0.0,0.0,PRELIMINARY_POINT_BUFFER_PROXY,0.974972519,PRELIMINARY_90M,0.34148652140211866,0.2749554153125626,0.435644018,0.12496651571681991,0.29426311760787527,balanced,T2_SPANNER
228,ST005__ST023,5,ST005,배곧중·고등학교,23,ST023,오이도역,2833.0,2.833,3.4219570564133965,0.577933199,0.577933199,0.0,0.0,PRELIMINARY_POINT_BUFFER_PROXY,0.880019596,PRELIMINARY_90M,0.2117819309275687,0.28853594827656015,0.577933199,0.10921238090931554,0.2968658647783611,balanced,T2_SPANNER
879,ST020__ST044,20,ST020,시화공업단지[왼쪽부근],44,ST044,경기과학기술대학교,406.0,0.406,2.506476981067469,0.352976565,0.352976565,0.0,0.0,PRELIMINARY_POINT_BUFFER_PROXY,1.876973273,PRELIMINARY_90M,0.0027560072345189906,0.5574635751942025,0.352976565,0.274622166391066,0.2969545784549469,balanced,T2_SPANNER
796,ST018__ST032,18,ST018,정왕역,32,ST032,희망공원,3868.0,3.868,2.4031752148338352,0.194564581,0.194564581,0.0,0.0,PRELIMINARY_POINT_BUFFER_PROXY,0.885911753,PRELIMINARY_90M,0.3009215399190423,0.5878090732533656,0.194564581,0.11018997941552457,0.29837129339698315,balanced,T2_SPANNER
250,ST005__ST045,5,ST005,배곧중·고등학교,45,ST045,시흥중앙도서관,4916.0,4.916,3.972125654970632,0.577746462,0.577746462,0.0,0.0,PRELIMINARY_POINT_BUFFER_PROXY,0.813962468,PRELIMINARY_90M,0.3911807768495392,0.1269207044290135,0.577746462,0.09825249819450357,0.29852511036826407,balanced,T2_SPANNER
883,ST020__ST048,20,ST020,시화공업단지[왼쪽부근],48,ST048,정왕평생학습관 사거리,2009.0,2.009,2.934480706161243,0.546394757,0.546394757,0.0,0.0,PRELIMINARY_POINT_BUFFER_PROXY,0.706491352,PRELIMINARY_90M,0.14081474463870466,0.4317349774878171,0.546394757,0.08042140468117445,0.29984147095192404,balanced,T2_SPANNER
843,ST019__ST043,19,ST019,시화병원,43,ST043,시흥종합버스터미널,1504.0,1.504,1.864455410627717,0.337651847,0.337651847,0.0,0.0,PRELIMINARY_POINT_BUFFER_PROXY,0.368706378,PRELIMINARY_90M,0.09732150546895185,0.7460611667944999,0.337651847,0.024377737480477956,0.3013530641859824,balanced,T2_SPANNER
1322,ST037__ST045,37,ST037,군자동행정복지센터,45,ST045,시흥중앙도서관,5556.0,5.556,3.4490973986733664,0.318446298,0.318446298,0.0,0.0,PRELIMINARY_POINT_BUFFER_PROXY,1.229092844,PRELIMINARY_90M,0.446300921539919,0.28056331398962786,0.318446298,0.16712894453827729,0.30310986951695607,balanced,T2_SPANNER
22,ST001__ST023,1,ST001,월곶역,23,ST023,오이도역,5851.0,5.851,3.2813856216322828,0.265377551,0.265377551,0.0,0.0,PRELIMINARY_POINT_BUFFER_PROXY,1.177724274,PRELIMINARY_90M,0.471707863233141,0.3298296294676101,0.265377551,0.1586061171088497,0.3063802902024002,balanced,T2_SPANNER
935,ST022__ST033,22,ST022,오이도박물관,33,ST033,타원산업단지,4913.0,4.913,2.071261974418769,0.0,0.0,0.0,0.0,PRELIMINARY_POINT_BUFFER_PROXY,1.146746424,PRELIMINARY_90M,0.39092240117130306,0.6853105290372506,0.0,0.1534664204093953,0.30742483765448725,balanced,T2_SPANNER
945,ST022__ST043,22,ST022,오이도박물관,43,ST043,시흥종합버스터미널,5950.0,5.95,2.5472433575560016,0.037132252,0.037132252,0.0,0.0,PRELIMINARY_POINT_BUFFER_PROXY,1.30121079,PRELIMINARY_90M,0.4802342606149341,0.5454882136518451,0.037132252,0.17909440918568284,0.31048728386311547,balanced,T2_SPANNER
1414,ST043__ST050,43,ST043,시흥종합버스터미널,50,ST050,시흥한라3차아파트,3480.0,3.48,3.582820694081797,0.668947502,0.668947502,0.0,0.0,PRELIMINARY_POINT_BUFFER_PROXY,0.615837167,PRELIMINARY_90M,0.2675049522004995,0.24128131379513162,0.668947502,0.06538049592100452,0.31077856597915887,balanced,T2_SPANNER
75,ST002__ST023,2,ST002,월곶포구,23,ST023,오이도역,4306.0,4.306,3.2745199097294737,0.435659498,0.435659498,0.0,0.0,PRELIMINARY_POINT_BUFFER_PROXY,1.096657756,PRELIMINARY_90M,0.338644388941521,0.33184647249767263,0.435659498,0.14515594819780964,0.31282657690925075,balanced,T2_SPANNER
45,ST001__ST046,1,ST001,월곶역,46,ST046,배곧1동행정복지센터,4670.0,4.67,2.9757922070900085,0.286688266,0.286688266,0.0,0.0,PRELIMINARY_POINT_BUFFER_PROXY,1.278413692,PRELIMINARY_90M,0.3699939712341745,0.4195994824526238,0.286688266,0.17531202372808202,0.3128984358537201,balanced,T2_SPANNER
1379,ST040__ST054,40,ST040,갯골생태공원,54,ST054,시흥 프리미엄 아울렛,5042.0,5.042,2.505555704817685,0.080180898,0.080180898,0.0,0.0,PRELIMINARY_POINT_BUFFER_PROXY,1.509985427,PRELIMINARY_90M,0.40203255533545773,0.5577342054812642,0.080180898,0.2137332983506408,0.3134202392918407,balanced,T2_SPANNER
916,ST021__ST047,21,ST021,오이도 포구 해양관광 단지,47,ST047,배곧2동행정복지센터,3762.0,3.762,2.469042411414725,0.254750012,0.237212965,0.071741573,0.0,PRELIMINARY_POINT_BUFFER_PROXY,1.099645611,PRELIMINARY_90M,0.29179226595469815,0.5684601989902931,0.254750012,0.14565167880796975,0.31516353893824023,balanced,T2_SPANNER
892,ST021__ST023,21,ST021,오이도 포구 해양관광 단지,23,ST023,오이도역,5955.0,5.955,3.15826320833615,0.311273482,0.30019066,0.045338256,0.0,PRELIMINARY_POINT_BUFFER_PROXY,0.862008045,PRELIMINARY_90M,0.4806648867453277,0.36599755853541716,0.311273482,0.10622399051983547,0.31603997945014506,balanced,T2_SPANNER
1285,ST035__ST045,35,ST035,산들공원,45,ST045,시흥중앙도서관,6104.0,6.104,3.104005896090232,0.305870296,0.305870296,0.0,0.0,PRELIMINARY_POINT_BUFFER_PROXY,0.734142852,PRELIMINARY_90M,0.4934975454310568,0.38193596136707975,0.305870296,0.0850092092991503,0.3165782530243217,balanced,T2_SPANNER
914,ST021__ST045,21,ST021,오이도 포구 해양관광 단지,45,ST045,시흥중앙도서관,5683.0,5.683,3.1106854785594846,0.354343024,0.342731054,0.047502923,0.0,PRELIMINARY_POINT_BUFFER_PROXY,0.685024673,PRELIMINARY_90M,0.4572388252519163,0.37997379494682426,0.354343024,0.07685975598042384,0.3171038500447911,balanced,T2_SPANNER
1475,ST050__ST055,50,ST050,시흥한라3차아파트,55,ST055,해양생태과학관,6177.0,6.177,3.092450020662885,0.125600025,0.125600025,0.0,0.0,PRELIMINARY_POINT_BUFFER_PROXY,1.783196728,PRELIMINARY_90M,0.4997846869348032,0.3853305673659684,0.125600025,0.2590632105944972,0.3174446224738172,balanced,T2_SPANNER
823,ST019__ST023,19,ST019,시화병원,23,ST023,오이도역,1664.0,1.664,2.9999999999999996,0.714416548,0.714416548,0.0,0.0,PRELIMINARY_POINT_BUFFER_PROXY,0.445157056,PRELIMINARY_90M,0.11110154164154681,0.41248830169018313,0.714416548,0.03706206829709861,0.31876711490720716,balanced,T2_SPANNER
1451,ST047__ST049,47,ST047,배곧2동행정복지센터,49,ST049,거북섬 웨이브파크 정문,6569.0,6.569,2.966831098730792,0.056069655,0.056069655,0.0,0.0,PRELIMINARY_POINT_BUFFER_PROXY,1.870627643,PRELIMINARY_90M,0.5335457755576608,0.4222318604480546,0.056069655,0.27356932981373866,0.32135415520486355,balanced,T2_SPANNER
1381,ST041__ST042,41,ST041,연꽃테마파크,42,ST042,시흥시청역,3357.0,3.357,2.4375560527901543,0.0,0.0,0.0,0.0,PRELIMINARY_POINT_BUFFER_PROXY,2.986825232,PRELIMINARY_90M,0.25691154939281713,0.5777095010048499,0.0,0.458763494809769,0.323346136301859,balanced,T2_SPANNER
1249,ST033__ST050,33,ST033,타원산업단지,50,ST050,시흥한라3차아파트,6446.0,6.446,3.5655488582742394,0.470601858,0.470601858,0.0,0.0,PRELIMINARY_POINT_BUFFER_PROXY,0.562920837,PRELIMINARY_90M,0.5229523727499785,0.24635501658924486,0.470601858,0.05660087155558726,0.3241275297237026,balanced,T2_SPANNER
1440,ST045__ST055,45,ST045,시흥중앙도서관,55,ST055,해양생태과학관,7392.0,7.392,3.3734927062029856,0.179871299,0.179871299,0.0,0.0,PRELIMINARY_POINT_BUFFER_PROXY,1.48798843,PRELIMINARY_90M,0.6044268366204462,0.3027726346263603,0.179871299,0.21008366182393515,0.32428860801768544,balanced,T2_SPANNER
204,ST004__ST049,4,ST004,배곧중심상가,49,ST049,거북섬 웨이브파크 정문,7854.0,7.854,3.4464176884293347,0.147770832,0.147770832,0.0,0.0,PRELIMINARY_POINT_BUFFER_PROXY,1.589330031,PRELIMINARY_90M,0.6442166910688141,0.28135049454785244,0.147770832,0.22689777552702065,0.3250589482859218,balanced,T2_SPANNER
529,ST011__ST045,11,ST011,배곧생명공원,45,ST045,시흥중앙도서관,3828.0,3.828,3.480147122134749,0.661181158,0.661181158,0.0,0.0,PRELIMINARY_POINT_BUFFER_PROXY,0.647151976,PRELIMINARY_90M,0.29747653087589354,0.27144227610820426,0.661181158,0.07057609924600432,0.3251690160575255,balanced,T2_SPANNER
1252,ST033__ST053,33,ST033,타원산업단지,53,ST053,오이도 빨강등대,6235.0,6.235,2.681993902930899,0.077964192,0.000893161,0.07707103,0.0,PRELIMINARY_POINT_BUFFER_PROXY,1.51111674,PRELIMINARY_90M,0.5047799500473689,0.5059044527711551,0.077964192,0.21392100039233028,0.32564239880271356,balanced,T2_SPANNER
1456,ST047__ST054,47,ST047,배곧2동행정복지센터,54,ST054,시흥 프리미엄 아울렛,4676.0,4.676,2.493630104144614,0.19531706,0.19531706,0.0,0.0,PRELIMINARY_POINT_BUFFER_PROXY,1.283984,PRELIMINARY_90M,0.3705107225906468,0.5612374204336645,0.19531706,0.17623622258767185,0.3258253564029958,balanced,T2_SPANNER
1321,ST037__ST044,37,ST037,군자동행정복지센터,44,ST044,경기과학기술대학교,5482.0,5.482,3.2920678770932374,0.355555321,0.355555321,0.0,0.0,PRELIMINARY_POINT_BUFFER_PROXY,1.34534686,PRELIMINARY_90M,0.4399276548100939,0.32669165444378767,0.355555321,0.18641725480943946,0.32714797126583023,balanced,T2_SPANNER
885,ST020__ST050,20,ST020,시화공업단지[왼쪽부근],50,ST050,시흥한라3차아파트,4182.0,4.182,3.439864281573088,0.633674854,0.633674854,0.0,0.0,PRELIMINARY_POINT_BUFFER_PROXY,0.625603106,PRELIMINARY_90M,0.3279648609077599,0.28327559614376685,0.633674854,0.06700081380766783,0.32797903121479866,balanced,T2_SPANNER
1455,ST047__ST053,47,ST047,배곧2동행정복지센터,53,ST053,오이도 빨강등대,3916.0,3.916,2.403030548620091,0.248901852,0.232677883,0.071569275,0.0,PRELIMINARY_POINT_BUFFER_PROXY,1.249750909,PRELIMINARY_90M,0.30505555077082075,0.5878515697998281,0.248901852,0.17055643187189196,0.3280913511106352,balanced,T2_SPANNER
95,ST002__ST043,2,ST002,월곶포구,43,ST043,시흥종합버스터미널,7296.0,7.296,3.895549908774106,0.451755892,0.451755892,0.0,0.0,PRELIMINARY_POINT_BUFFER_PROXY,0.940832226,PRELIMINARY_90M,0.5961588149168892,0.14941527777764463,0.451755892,0.11930212160133073,0.32915802657396614,balanced,T2_SPANNER
176,ST004__ST021,4,ST004,배곧중심상가,21,ST021,오이도 포구 해양관광 단지,6584.0,6.584,3.5923217288463887,0.225583256,0.147159552,0.078423704,0.0,PRELIMINARY_POINT_BUFFER_PROXY,2.150735805,PRELIMINARY_90M,0.5348376539488416,0.23849032926000868,0.225583256,0.3200435362458069,0.32973869386366433,balanced,T2_SPANNER
30,ST001__ST031,1,ST001,월곶역,31,ST031,마전저수지,4726.0,4.726,2.1733816526852707,0.0,0.0,0.0,0.0,PRELIMINARY_POINT_BUFFER_PROXY,1.971254241,PRELIMINARY_90M,0.37481698389458273,0.6553122762326484,0.0,0.2902648136390502,0.33009851844157034,balanced,T2_SPANNER
832,ST019__ST032,19,ST019,시화병원,32,ST032,희망공원,3411.0,3.411,2.341371222142413,0.388053631,0.388053631,0.0,0.0,PRELIMINARY_POINT_BUFFER_PROXY,0.618345546,PRELIMINARY_90M,0.26156231160106796,0.6059643576075981,0.388053631,0.0657966741666633,0.33034424359383235,balanced,T2_SPANNER
811,ST018__ST047,18,ST018,정왕역,47,ST047,배곧2동행정복지센터,3541.0,3.541,3.5135420511635806,0.71603201,0.71603201,0.0,0.0,PRELIMINARY_POINT_BUFFER_PROXY,0.696535188,PRELIMINARY_90M,0.27275859099130134,0.26163232037387196,0.71603201,0.07876952557239102,0.3322981117343911,balanced,T2_SPANNER
1230,ST032__ST053,32,ST032,희망공원,53,ST053,오이도 빨강등대,4261.0,4.261,2.5365996710680383,0.114060629,0.001306683,0.112753945,0.0,PRELIMINARY_POINT_BUFFER_PROXY,2.285603339,PRELIMINARY_90M,0.33476875376797866,0.5486148588142554,0.114060629,0.3424201123917743,0.33496608849350207,balanced,T2_SPANNER
1422,ST044__ST047,44,ST044,경기과학기술대학교,47,ST047,배곧2동행정복지센터,3990.0,3.99,3.4139524789333366,0.649649602,0.649649602,0.0,0.0,PRELIMINARY_POINT_BUFFER_PROXY,0.754094476,PRELIMINARY_90M,0.31142881750064594,0.2908873397313414,0.649649602,0.08831948732107744,0.3350713116382662,balanced,T2_SPANNER
1325,ST037__ST048,37,ST037,군자동행정복지센터,48,ST048,정왕평생학습관 사거리,6192.0,6.192,3.3922692548148268,0.37843312,0.37843312,0.0,0.0,PRELIMINARY_POINT_BUFFER_PROXY,1.209430181,PRELIMINARY_90M,0.501076565325984,0.2972569136446904,0.37843312,0.1638666095433185,0.33515830212849823,balanced,T2_SPANNER
434,ST009__ST039,9,ST009,능곡중앙공원,39,ST039,능곡힐스테이트,792.0,0.792,2.0,0.496869839,0.318845713,0.496869839,0.0,PRELIMINARY_POINT_BUFFER_PROXY,0.848295282,PRELIMINARY_90M,0.036000344500904315,0.7062441508450915,0.496869839,0.10394883447345071,0.33576579220486164,balanced,T2_SPANNER
1221,ST032__ST044,32,ST032,희망공원,44,ST044,경기과학기술대학교,3013.0,3.013,1.8686990225704272,0.253343793,0.253343793,0.0,0.0,PRELIMINARY_POINT_BUFFER_PROXY,0.950254229,PRELIMINARY_90M,0.227284471621738,0.7448145809647851,0.253343793,0.12086537527198087,0.336577055214626,balanced,T2_SPANNER
1284,ST035__ST044,35,ST035,산들공원,44,ST044,경기과학기술대학교,6030.0,6.03,2.956928367155461,0.339457259,0.339457259,0.0,0.0,PRELIMINARY_POINT_BUFFER_PROXY,0.834605206,PRELIMINARY_90M,0.4871242787012316,0.42514084577091904,0.339457259,0.10167744254558998,0.33834995650443517,balanced,T2_SPANNER
837,ST019__ST037,19,ST019,시화병원,37,ST037,군자동행정복지센터,6481.0,6.481,3.3637250258662945,0.35991361,0.35991361,0.0,0.0,PRELIMINARY_POINT_BUFFER_PROXY,1.238705103,PRELIMINARY_90M,0.5259667556627337,0.30564194785793863,0.35991361,0.1687237645744193,0.3400615195237729,balanced,T2_SPANNER
1208,ST031__ST054,31,ST031,마전저수지,54,ST054,시흥 프리미엄 아울렛,4873.0,4.873,2.554776513686962,0.082913841,0.082913841,0.0,0.0,PRELIMINARY_POINT_BUFFER_PROXY,2.312195954,PRELIMINARY_90M,0.38747739212815435,0.5432753049757784,0.082913841,0.3468322318753847,0.34012469249482935,balanced,T2_SPANNER
31,ST001__ST032,1,ST001,월곶역,32,ST032,희망공원,9862.0,9.862,3.6110472422904527,0.173219947,0.173219947,0.0,0.0,PRELIMINARY_POINT_BUFFER_PROXY,1.055008756,PRELIMINARY_90M,0.8171561450348808,0.232989600157386,0.173219947,0.13824574533235656,0.3404028593811558,balanced,T2_SPANNER
846,ST019__ST046,19,ST019,시화병원,46,ST046,배곧1동행정복지센터,4055.0,4.055,3.251371511972627,0.614053069,0.614053069,0.0,0.0,PRELIMINARY_POINT_BUFFER_PROXY,0.784060813,PRELIMINARY_90M,0.3170269571957626,0.33864644973731073,0.614053069,0.09329135862181777,0.3407544586387228,balanced,T2_SPANNER
208,ST004__ST053,4,ST004,배곧중심상가,53,ST053,오이도 빨강등대,6949.0,6.949,3.508561666430198,0.209323159,0.140219425,0.069103734,0.0,PRELIMINARY_POINT_BUFFER_PROXY,2.183795736,PRELIMINARY_90M,0.5662733614675739,0.263095337520345,0.209323159,0.3255286818658189,0.3410551349634345,balanced,T2_SPANNER
533,ST011__ST049,11,ST011,배곧생명공원,49,ST049,거북섬 웨이브파크 정문,7867.0,7.867,3.231375254896857,0.159105909,0.159105909,0.0,0.0,PRELIMINARY_POINT_BUFFER_PROXY,1.540417714,PRELIMINARY_90M,0.6453363190078374,0.34452046721452345,0.159105909,0.21878247784665972,0.34193629326725516,balanced,T2_SPANNER
1450,ST047__ST048,47,ST047,배곧2동행정복지센터,48,ST048,정왕평생학습관 사거리,3453.0,3.453,3.2407471324978205,0.685219912,0.685219912,0.0,0.0,PRELIMINARY_POINT_BUFFER_PROXY,0.689108455,PRELIMINARY_90M,0.26517957109637413,0.34176742335167654,0.685219912,0.0775373175564109,0.3424260560011154,balanced,T2_SPANNER
39,ST001__ST040,1,ST001,월곶역,40,ST040,갯골생태공원,5747.0,5.747,2.2745800351507977,0.059449603,0.059449603,0.0,0.0,PRELIMINARY_POINT_BUFFER_PROXY,1.594274833,PRELIMINARY_90M,0.46275083972095427,0.6255846594583843,0.059449603,0.2277181934229965,0.3438758239005838,balanced,T2_SPANNER
636,ST014__ST026,14,ST014,시흥대야역,26,ST026,은계파크자이,2742.0,2.742,2.689120979304191,0.480816193,0.434350308,0.046465885,0.0,PRELIMINARY_POINT_BUFFER_PROXY,1.352474425,PRELIMINARY_90M,0.2039445353544053,0.5038108323991268,0.480816193,0.1875998263018331,0.3440428467638413,balanced,T2_SPANNER
283,ST006__ST029,6,ST006,시흥시청 본청,29,ST029,관곡공원,3470.0,3.47,2.475229440723157,0.075912866,0.075912866,0.0,0.0,PRELIMINARY_POINT_BUFFER_PROXY,3.041565706,PRELIMINARY_90M,0.2666436999397123,0.5666427229420483,0.075912866,0.4678457724224623,0.3442612653260557,balanced,T2_SPANNER
1288,ST035__ST048,35,ST035,산들공원,48,ST048,정왕평생학습관 사거리,6740.0,6.74,3.084409976243774,0.362180104,0.362180104,0.0,0.0,PRELIMINARY_POINT_BUFFER_PROXY,0.763853952,PRELIMINARY_90M,0.5482731892171216,0.3876923774415475,0.362180104,0.08993873289769443,0.3470211008890909,balanced,T2_SPANNER
1143,ST029__ST038,29,ST029,관곡공원,38,ST038,능곡도서관,4223.0,4.223,2.511994530716733,0.118739746,0.102463148,0.021842811,0.0,PRELIMINARY_POINT_BUFFER_PROXY,2.578907523,PRELIMINARY_90M,0.33149599517698736,0.5558427627117288,0.118739746,0.39108373967517096,0.34929056089097177,balanced,T2_SPANNER
1265,ST034__ST045,34,ST034,군자디지털과학고등학교,45,ST045,시흥중앙도서관,6540.0,6.54,2.9933398472819306,0.352023517,0.352023517,0.0,0.0,PRELIMINARY_POINT_BUFFER_PROXY,0.836864495,PRELIMINARY_90M,0.531048144001378,0.4144447605073809,0.352023517,0.10205229296989038,0.3498921786196623,balanced,T2_SPANNER
98,ST002__ST046,2,ST002,월곶포구,46,ST046,배곧1동행정복지센터,3125.0,3.125,2.815004873907645,0.531949966,0.531949966,0.0,0.0,PRELIMINARY_POINT_BUFFER_PROXY,1.210764979,PRELIMINARY_90M,0.23693049694255447,0.46683170204496216,0.531949966,0.1640880728429031,0.34995005945760493,balanced,T2_SPANNER
1464,ST048__ST055,48,ST048,정왕평생학습관 사거리,55,ST055,해양생태과학관,8209.0,8.209,3.335914687355277,0.234802841,0.234802841,0.0,0.0,PRELIMINARY_POINT_BUFFER_PROXY,1.389563725,PRELIMINARY_90M,0.6747911463267591,0.31381139746252806,0.234802841,0.19375350555313925,0.3542897225856066,balanced,T2_SPANNER
528,ST011__ST044,11,ST011,배곧생명공원,44,ST044,경기과학기술대학교,5146.0,5.146,3.3457596833523393,0.601030682,0.601030682,0.0,0.0,PRELIMINARY_POINT_BUFFER_PROXY,0.799644313,PRELIMINARY_90M,0.4109895788476445,0.3109193723034843,0.601030682,0.09587689840317601,0.35470413288857616,balanced,T2_SPANNER
1144,ST029__ST039,29,ST029,관곡공원,39,ST039,능곡힐스테이트,4321.0,4.321,2.5005444574442675,0.134141311,0.069883904,0.064257407,0.0,PRELIMINARY_POINT_BUFFER_PROXY,2.555414981,PRELIMINARY_90M,0.33993626733270177,0.5592062887087678,0.134141311,0.3871859694755221,0.35511745912924786,balanced,T2_SPANNER
503,ST011__ST019,11,ST011,배곧생명공원,19,ST019,시화병원,3341.0,3.341,2.884602014738478,0.626739114,0.626739114,0.0,0.0,PRELIMINARY_POINT_BUFFER_PROXY,0.783434433,PRELIMINARY_90M,0.25553354577555765,0.446387134841447,0.626739114,0.09318743264830431,0.3554618068163272,balanced,T2_SPANNER
262,ST006__ST008,6,ST006,시흥시청 본청,8,ST008,시흥능곡역,1951.0,1.951,2.023517683433672,0.1397711,0.1397711,0.0,0.0,PRELIMINARY_POINT_BUFFER_PROXY,2.968420709,PRELIMINARY_90M,0.135819481526139,0.699335693777877,0.1397711,0.45570990438570363,0.3576590449224299,balanced,T2_SPANNER
819,ST018__ST055,18,ST018,정왕역,55,ST055,해양생태과학관,8302.0,8.302,3.3241718335944097,0.233602738,0.233602738,0.0,0.0,PRELIMINARY_POINT_BUFFER_PROXY,1.413734722,PRELIMINARY_90M,0.6828007923520799,0.3172609294405535,0.233602738,0.19776384176121772,0.3578570753884628,balanced,T2_SPANNER
385,ST008__ST036,8,ST008,시흥능곡역,36,ST036,시흥시립군자도서관,4468.0,4.468,3.322939983305055,0.221339234,0.221339234,0.0,0.0,PRELIMINARY_POINT_BUFFER_PROXY,3.518784026,PRELIMINARY_90M,0.3525966755662734,0.3176227926683346,0.221339234,0.5470235534570783,0.3596455639229216,balanced,T2_SPANNER
1430,ST044__ST055,44,ST044,경기과학기술대학교,55,ST055,해양생태과학관,7838.0,7.838,2.9528465126074575,0.13159171,0.13159171,0.0,0.0,PRELIMINARY_POINT_BUFFER_PROXY,1.662189575,PRELIMINARY_90M,0.6428386874515546,0.4263399144197947,0.13159171,0.23898628256739154,0.3599391486096852,balanced,T2_SPANNER
982,ST023__ST048,23,ST023,오이도역,48,ST048,정왕평생학습관 사거리,2744.0,2.744,3.0,0.805831223,0.805831223,0.0,0.0,PRELIMINARY_POINT_BUFFER_PROXY,0.39213366,PRELIMINARY_90M,0.20411678580656276,0.412488301690183,0.805831223,0.02826468005307702,0.36267524763745573,balanced,T2_SPANNER
1136,ST029__ST031,29,ST029,관곡공원,31,ST031,마전저수지,5377.0,5.377,2.6870303020635813,0.0,0.0,0.0,0.0,PRELIMINARY_POINT_BUFFER_PROXY,3.331666559,PRELIMINARY_90M,0.43088450607182843,0.504424981067251,0.0,0.5159779183484388,0.36282185137187956,balanced,T2_SPANNER
855,ST019__ST055,19,ST019,시화병원,55,ST055,해양생태과학관,7802.0,7.802,3.1202061969026214,0.220126096,0.220126096,0.0,0.0,PRELIMINARY_POINT_BUFFER_PROXY,1.516146467,PRELIMINARY_90M,0.6397381793127207,0.37717702824537136,0.220126096,0.2147555086380948,0.3629492030490467,balanced,T2_SPANNER
468,ST010__ST028,10,ST010,은계호수공원,28,ST028,매화산업단지,3734.0,3.734,2.2597817465071626,0.156648005,0.156648005,0.0,0.0,PRELIMINARY_POINT_BUFFER_PROXY,2.499811713,PRELIMINARY_90M,0.289380759624494,0.6299317433049347,0.156648005,0.3779605412092454,0.36348026228466856,balanced,T2_SPANNER
1157,ST029__ST052,29,ST029,관곡공원,52,ST052,가온그린공원,4265.0,4.265,2.386392012061943,0.201240875,0.201240875,0.0,0.0,PRELIMINARY_POINT_BUFFER_PROXY,2.198243349,PRELIMINARY_90M,0.3351132546722935,0.5927392372351619,0.201240875,0.327925760709286,0.36425478190418537,balanced,T2_SPANNER
452,ST010__ST012,10,ST010,은계호수공원,12,ST012,신천역,2361.0,2.361,2.79221465563128,0.473443851,0.473443851,0.0,0.0,PRELIMINARY_POINT_BUFFER_PROXY,2.295026039,PRELIMINARY_90M,0.17113082421841358,0.4735264619671615,0.473443851,0.34398348170533055,0.3655211547227264,balanced,T2_SPANNER
172,ST004__ST017,4,ST004,배곧중심상가,17,ST017,장곡동,6764.0,6.764,2.942360541443412,0.206546328,0.206546328,0.0,0.0,PRELIMINARY_POINT_BUFFER_PROXY,1.909089561,PRELIMINARY_90M,0.550340194643011,0.42942022978330263,0.206546328,0.27995074727812974,0.3665643749261108,balanced,T2_SPANNER
532,ST011__ST048,11,ST011,배곧생명공원,48,ST048,정왕평생학습관 사거리,3624.0,3.624,2.8984721926557486,0.655786705,0.655786705,0.0,0.0,PRELIMINARY_POINT_BUFFER_PROXY,0.754855634,PRELIMINARY_90M,0.279906984755835,0.44231268894942954,0.655786705,0.08844577501568386,0.3666130384302371,balanced,T2_SPANNER
92,ST002__ST040,2,ST002,월곶포구,40,ST040,갯골생태공원,5178.0,5.178,2.1502804312043358,0.182738865,0.182738865,0.0,0.0,PRELIMINARY_POINT_BUFFER_PROXY,1.514434926,PRELIMINARY_90M,0.41374558608216344,0.6620983951652961,0.182738865,0.2144715379419787,0.3682635960473596,balanced,T2_SPANNER
595,ST013__ST026,13,ST013,삼미시장,26,ST026,은계파크자이,1938.0,1.938,2.6326125397405407,0.511569918,0.511569918,0.0,0.0,PRELIMINARY_POINT_BUFFER_PROXY,2.070334106,PRELIMINARY_90M,0.13469985358711567,0.5204105170475657,0.511569918,0.3067036709232997,0.3683459898894953,balanced,T2_SPANNER
1264,ST034__ST044,34,ST034,군자디지털과학고등학교,44,ST044,경기과학기술대학교,6466.0,6.466,2.854871731872146,0.383886554,0.383886554,0.0,0.0,PRELIMINARY_POINT_BUFFER_PROXY,0.931735075,PRELIMINARY_90M,0.5246748772715528,0.455120579330462,0.383886554,0.1177927658206959,0.3703686941056777,balanced,T2_SPANNER
1304,ST036__ST045,36,ST036,시흥시립군자도서관,45,ST045,시흥중앙도서관,6722.0,6.722,3.000023280953298,0.369603936,0.369603936,0.0,0.0,PRELIMINARY_POINT_BUFFER_PROXY,1.146482613,PRELIMINARY_90M,0.5467229351477048,0.4124814627739778,0.369603936,0.15342265015013007,0.37055774601795316,balanced,T2_SPANNER
888,ST020__ST053,20,ST020,시화공업단지[왼쪽부근],53,ST053,오이도 빨강등대,7395.0,7.395,3.1120678507259623,0.184303336,0.119332705,0.064970631,0.0,PRELIMINARY_POINT_BUFFER_PROXY,2.120199184,PRELIMINARY_90M,0.6046852122986823,0.3795677150372124,0.184303336,0.314977046151556,0.3708833273718627,balanced,T2_SPANNER
83,ST002__ST031,2,ST002,월곶포구,31,ST031,마전저수지,4046.0,4.046,2.0820118152150395,0.187446944,0.187446944,0.0,0.0,PRELIMINARY_POINT_BUFFER_PROXY,2.023503983,PRELIMINARY_90M,0.3162518301610542,0.6821527004258621,0.187446944,0.29893384091191594,0.37119632887470805,balanced,T2_SPANNER
203,ST004__ST048,4,ST004,배곧중심상가,48,ST048,정왕평생학습관 사거리,3286.0,3.286,2.85126560046434,0.722314679,0.722314679,0.0,0.0,PRELIMINARY_POINT_BUFFER_PROXY,0.581559349,PRELIMINARY_90M,0.25079665834122816,0.4561799015243262,0.722314679,0.05969328431532176,0.37224613079521907,balanced,T2_SPANNER
431,ST009__ST036,9,ST009,능곡중앙공원,36,ST036,시흥시립군자도서관,4477.0,4.477,3.3255331202319405,0.336615531,0.336615531,0.073519269,0.0,PRELIMINARY_POINT_BUFFER_PROXY,3.161998942,PRELIMINARY_90M,0.35337180260098183,0.3168610435284025,0.336615531,0.4878274788860746,0.37366896400386473,balanced,T2_SPANNER
756,ST017__ST029,17,ST017,장곡동,29,ST029,관곡공원,4322.0,4.322,2.2640824773122388,0.207924155,0.207924155,0.0,0.0,PRELIMINARY_POINT_BUFFER_PROXY,2.212483712,PRELIMINARY_90M,0.3400223925587805,0.628668378475303,0.207924155,0.33028845362406645,0.3767258449145375,balanced,T2_SPANNER
1268,ST034__ST048,34,ST034,군자디지털과학고등학교,48,ST048,정왕평생학습관 사거리,7176.0,7.176,2.984758946773873,0.400823068,0.400823068,0.0,0.0,PRELIMINARY_POINT_BUFFER_PROXY,0.853683595,PRELIMINARY_90M,0.5858237877874429,0.4169654502226392,0.400823068,0.10484283759315485,0.3771137859008093,balanced,T2_SPANNER
107,ST002__ST055,2,ST002,월곶포구,55,ST055,해양생태과학관,10063.0,10.063,3.53342080768877,0.201771908,0.201771908,0.0,0.0,PRELIMINARY_POINT_BUFFER_PROXY,1.544314901,PRELIMINARY_90M,0.8344673154767032,0.2557928193706712,0.201771908,0.21942908047276374,0.3778652808300345,balanced,T2_SPANNER
939,ST022__ST037,22,ST022,오이도박물관,37,ST037,군자동행정복지센터,11358.0,11.358,3.1231643935948163,0.029286142,0.029286142,0.0,0.0,PRELIMINARY_POINT_BUFFER_PROXY,1.250201499,PRELIMINARY_90M,0.9459994832486436,0.3763080406640884,0.029286142,0.17063119160944015,0.380556214380543,balanced,T2_SPANNER
787,ST018__ST023,18,ST018,정왕역,23,ST023,오이도역,1655.0,1.655,2.5246466062280373,0.845619078,0.845619078,0.0,0.0,PRELIMINARY_POINT_BUFFER_PROXY,0.311055548,PRELIMINARY_90M,0.11032641460683834,0.5521261415263335,0.845619078,0.014812587521013129,0.3807210554135463,balanced,T2_SPANNER
162,ST004__ST007,4,ST004,배곧중심상가,7,ST007,장현지구,7899.0,7.899,2.8650445619521356,0.183317918,0.183317918,0.0,0.0,PRELIMINARY_POINT_BUFFER_PROXY,1.69100406,PRELIMINARY_90M,0.6480923262423564,0.45213225099200605,0.183317918,0.2437670440938041,0.3818273848320416,balanced,T2_SPANNER
987,ST023__ST053,23,ST023,오이도역,53,ST053,오이도 빨강등대,7777.0,7.777,3.394685268486207,0.291043366,0.22930015,0.061743216,0.0,PRELIMINARY_POINT_BUFFER_PROXY,2.063935872,PRELIMINARY_90M,0.6375850486607527,0.2965471954970843,0.291043366,0.30564210654190666,0.3827044291749359,balanced,T2_SPANNER
714,ST016__ST025,16,ST016,물왕호수,25,ST025,목감동행정복지센터,3005.0,3.005,2.1381214943015445,0.193383798,0.119943446,0.161932073,0.0,PRELIMINARY_POINT_BUFFER_PROXY,2.924827881,PRELIMINARY_90M,0.22659546981310827,0.6656701539999965,0.193383798,0.4484771908761643,0.38353165317231724,balanced,T2_SPANNER
1135,ST029__ST030,29,ST029,관곡공원,30,ST030,장곡도서관,4785.0,4.785,2.344415023463761,0.235519282,0.235519282,0.0,0.0,PRELIMINARY_POINT_BUFFER_PROXY,2.140637973,PRELIMINARY_90M,0.3798983722332271,0.6050702231657867,0.235519282,0.3183681522600866,0.38471400741477507,balanced,T2_SPANNER
596,ST013__ST027,13,ST013,삼미시장,27,ST027,은행동행정복지센터,1561.0,1.561,2.6154869323133116,0.514819805,0.514819805,0.0,0.0,PRELIMINARY_POINT_BUFFER_PROXY,2.62974837,PRELIMINARY_90M,0.10223064335543881,0.525441264399645,0.514819805,0.3995190098286312,0.3855026806459288,balanced,T2_SPANNER
1327,ST037__ST050,37,ST037,군자동행정복지센터,50,ST050,시흥한라3차아파트,8365.0,8.365,3.526144712426741,0.465633811,0.465633811,0.0,0.0,PRELIMINARY_POINT_BUFFER_PROXY,1.038366977,PRELIMINARY_90M,0.6882266815950392,0.2579302149129006,0.465633811,0.13548462096125427,0.3868188321172985,balanced,T2_SPANNER
1391,ST041__ST052,41,ST041,연꽃테마파크,52,ST052,가온그린공원,4968.0,4.968,2.2619391797382047,0.172697542,0.172697542,0.0,0.0,PRELIMINARY_POINT_BUFFER_PROXY,2.343340408,PRELIMINARY_90M,0.3956592886056326,0.629297984674155,0.172697542,0.35199957071362264,0.3874135964983526,balanced,T2_SPANNER
1376,ST040__ST051,40,ST040,갯골생태공원,51,ST051,연성중학교,5417.0,5.417,2.495832602905231,0.192518156,0.176017861,0.031845057,0.0,PRELIMINARY_POINT_BUFFER_PROXY,2.410565802,PRELIMINARY_90M,0.4343295151149772,0.5605904235399768,0.192518156,0.36315328653513135,0.3876478452975213,balanced,T2_SPANNER
1393,ST041__ST054,41,ST041,연꽃테마파크,54,ST054,시흥 프리미엄 아울렛,8437.0,8.437,2.489736395352416,0.047911633,0.047911633,0.0,0.0,PRELIMINARY_POINT_BUFFER_PROXY,1.716462461,PRELIMINARY_90M,0.6944276978727069,0.5623812201662786,0.047911633,0.24799098021568108,0.3881778828136666,balanced,T2_SPANNER
537,ST011__ST053,11,ST011,배곧생명공원,53,ST053,오이도 빨강등대,4850.0,4.85,2.2547175666188095,0.438268244,0.425175863,0.05775481,0.0,PRELIMINARY_POINT_BUFFER_PROXY,0.820150579,PRELIMINARY_90M,0.38549651192834383,0.6314193757683111,0.438268244,0.09927919997279216,0.3886158329173618,balanced,T2_SPANNER
480,ST010__ST040,10,ST010,은계호수공원,40,ST040,갯골생태공원,7454.0,7.454,2.3810988212602635,0.143643119,0.143643119,0.0,0.0,PRELIMINARY_POINT_BUFFER_PROXY,1.480173201,PRELIMINARY_90M,0.6097666006373267,0.5942941429938482,0.143643119,0.20878699640988027,0.38912271476026383,balanced,T2_SPANNER
1303,ST036__ST044,36,ST036,시흥시립군자도서관,44,ST044,경기과학기술대학교,6648.0,6.648,2.8654297237561406,0.400791009,0.400791009,0.0,0.0,PRELIMINARY_POINT_BUFFER_PROXY,1.240684205,PRELIMINARY_90M,0.5403496684178796,0.4520191074592086,0.400791009,0.16905212771186373,0.39055297814723794,balanced,T2_SPANNER
207,ST004__ST052,4,ST004,배곧중심상가,52,ST052,가온그린공원,7328.0,7.328,2.8710091488484712,0.228775204,0.228775204,0.0,0.0,PRELIMINARY_POINT_BUFFER_PROXY,1.940013751,PRELIMINARY_90M,0.5989148221514081,0.45038011870341477,0.228775204,0.28508154096704946,0.3907879214554681,balanced,T2_SPANNER
386,ST008__ST037,8,ST008,시흥능곡역,37,ST037,군자동행정복지센터,4944.0,4.944,3.099278481155629,0.296311656,0.296311656,0.0,0.0,PRELIMINARY_POINT_BUFFER_PROXY,3.296729813,PRELIMINARY_90M,0.3935922831797434,0.3833246671555016,0.296311656,0.5101813805607653,0.3958524967240026,balanced,T2_SPANNER
1307,ST036__ST048,36,ST036,시흥시립군자도서관,48,ST048,정왕평생학습관 사거리,7358.0,7.358,2.991076209764658,0.415671605,0.415671605,0.0,0.0,PRELIMINARY_POINT_BUFFER_PROXY,1.135478826,PRELIMINARY_90M,0.6014985789337697,0.41510971726844614,0.415671605,0.15159695444415305,0.39596921391159223,balanced,T2_SPANNER
713,ST016__ST024,16,ST016,물왕호수,24,ST024,목감고등학교,3229.0,3.229,2.105914035609522,0.176923572,0.176923572,0.0,0.0,PRELIMINARY_POINT_BUFFER_PROXY,3.167384816,PRELIMINARY_90M,0.2458875204547412,0.6751312833771932,0.176923572,0.48872107733856496,0.3966658632926249,balanced,T2_SPANNER
1080,ST027__ST028,27,ST027,은행동행정복지센터,28,ST028,매화산업단지,4046.0,4.046,2.177258890186534,0.235801443,0.235801443,0.0,0.0,PRELIMINARY_POINT_BUFFER_PROXY,2.540050863,PRELIMINARY_90M,0.3162518301610542,0.6541733150380895,0.235801443,0.3846368285062608,0.39771585417635114,balanced,T2_SPANNER
1205,ST031__ST051,31,ST031,마전저수지,51,ST051,연성중학교,6100.0,6.1,2.6203589074087144,0.119255883,0.104609688,0.028266702,0.0,PRELIMINARY_POINT_BUFFER_PROXY,2.974419427,PRELIMINARY_90M,0.49315304452674186,0.5240100932184334,0.119255883,0.4567051829833325,0.39828105093212696,balanced,T2_SPANNER
1472,ST050__ST052,50,ST050,시흥한라3차아파트,52,ST052,가온그린공원,8779.0,8.779,3.3218078771929007,0.282979932,0.282979932,0.0,0.0,PRELIMINARY_POINT_BUFFER_PROXY,1.858796601,PRELIMINARY_90M,0.7238825251916287,0.317955355460644,0.282979932,0.271606379915069,0.39910604814183537,balanced,T2_SPANNER
1315,ST037__ST038,37,ST037,군자동행정복지센터,38,ST038,능곡도서관,4967.0,4.967,3.1386691135702853,0.330414356,0.316572403,0.018575574,0.0,PRELIMINARY_POINT_BUFFER_PROXY,3.271661112,PRELIMINARY_90M,0.3955731633795539,0.37175343848178544,0.330414356,0.5060221015988842,0.4009407648650559,balanced,T2_SPANNER
197,ST004__ST042,4,ST004,배곧중심상가,42,ST042,시흥시청역,8913.0,8.913,2.7655855969447916,0.169578568,0.169578568,0.0,0.0,PRELIMINARY_POINT_BUFFER_PROXY,1.61449924,PRELIMINARY_90M,0.7354233054861768,0.4813489037138068,0.169578568,0.2310737302955142,0.40435612687387446,balanced,T2_SPANNER
12,ST001__ST013,1,ST001,월곶역,13,ST013,삼미시장,9482.0,9.482,3.1837495936503077,0.119793102,0.106281611,0.059662208,0.0,PRELIMINARY_POINT_BUFFER_PROXY,2.374327025,PRELIMINARY_90M,0.7844285591249677,0.35851078377556755,0.119793102,0.357140721991783,0.4049682917230796,balanced,T2_SPANNER
1316,ST037__ST039,37,ST037,군자동행정복지센터,39,ST039,능곡힐스테이트,5065.0,5.065,3.1169406297195072,0.339516874,0.284687646,0.054829229,0.0,PRELIMINARY_POINT_BUFFER_PROXY,3.238108219,PRELIMINARY_90M,0.4040134355352683,0.3781363077062194,0.339516874,0.5004551660817568,0.4055304458308111,balanced,T2_SPANNER
167,ST004__ST012,4,ST004,배곧중심상가,12,ST012,신천역,9950.0,9.95,3.298480804869283,0.16356514,0.16356514,0.0,0.0,PRELIMINARY_POINT_BUFFER_PROXY,2.089973668,PRELIMINARY_90M,0.8247351649298079,0.3248078193993663,0.16356514,0.3099621731108347,0.4057675743600022,balanced,T2_SPANNER
29,ST001__ST030,1,ST001,월곶역,30,ST030,장곡도서관,6268.0,6.268,2.1504305313841865,0.222809114,0.222809114,0.0,0.0,PRELIMINARY_POINT_BUFFER_PROXY,1.637690152,PRELIMINARY_90M,0.5076220825079666,0.6620543023595057,0.222809114,0.23492145548831286,0.40685173858894624,balanced,T2_SPANNER
1184,ST030__ST054,30,ST030,장곡도서관,54,ST054,시흥 프리미엄 아울렛,5439.0,5.439,2.3816098548711766,0.247921112,0.247921112,0.0,0.0,PRELIMINARY_POINT_BUFFER_PROXY,2.422505924,PRELIMINARY_90M,0.436224270088709,0.5941440238815276,0.247921112,0.3651343344656522,0.4108559351089722,balanced,T2_SPANNER
1092,ST027__ST040,27,ST027,은행동행정복지센터,40,ST040,갯골생태공원,7766.0,7.766,2.333264553599835,0.185388171,0.185388171,0.0,0.0,PRELIMINARY_POINT_BUFFER_PROXY,1.5408174,PRELIMINARY_90M,0.6366376711738868,0.6083457389091405,0.185388171,0.21884879183601075,0.4123050932297595,balanced,T2_SPANNER
65,ST002__ST013,2,ST002,월곶포구,13,ST013,삼미시장,8913.0,8.913,3.1699010313471865,0.195254791,0.180876461,0.06348988,0.0,PRELIMINARY_POINT_BUFFER_PROXY,2.384881968,PRELIMINARY_90M,0.7354233054861768,0.36257887995449556,0.195254791,0.3588919476481804,0.4130372310222132,balanced,T2_SPANNER
263,ST006__ST009,6,ST006,시흥시청 본청,9,ST009,능곡중앙공원,2599.0,2.599,2.0712474576884348,0.334828877,0.2890141,0.229887243,0.0,PRELIMINARY_POINT_BUFFER_PROXY,2.885576321,PRELIMINARY_90M,0.19162862802514857,0.685314793411697,0.334828877,0.44196475978813077,0.4134342645562441,balanced,T2_SPANNER
5,ST001__ST006,1,ST001,월곶역,6,ST006,시흥시청 본청,8097.0,8.097,2.218746574450684,0.109475795,0.109475795,0.0,0.0,PRELIMINARY_POINT_BUFFER_PROXY,1.677605889,PRELIMINARY_90M,0.6651451210059426,0.6419860651176035,0.109475795,0.24154408364731003,0.414537766192714,balanced,T2_SPANNER
666,ST015__ST016,15,ST015,목감택지개발예정지구,16,ST016,물왕호수,3107.0,3.107,2.1181705540136373,0.281664379,0.281664379,0.0,0.0,PRELIMINARY_POINT_BUFFER_PROXY,3.053159992,PRELIMINARY_90M,0.23538024287313755,0.6715308594057094,0.281664379,0.4697694408980579,0.4145862305442262,balanced,T2_SPANNER
554,ST012__ST027,12,ST012,신천역,27,ST027,은행동행정복지센터,1420.0,1.42,2.35513154122392,0.521377701,0.521377701,0.0,0.0,PRELIMINARY_POINT_BUFFER_PROXY,2.923916061,PRELIMINARY_90M,0.0900869864783395,0.6019221833911675,0.521377701,0.44832590606316086,0.41542819423316696,balanced,T2_SPANNER
331,ST007__ST029,7,ST007,장현지구,29,ST029,관곡공원,4165.0,4.165,2.078936189138624,0.271907933,0.271907933,0.0,0.0,PRELIMINARY_POINT_BUFFER_PROXY,2.51365291,PRELIMINARY_90M,0.32650073206442165,0.6830561835756226,0.271907933,0.3802570064105875,0.4154304637626579,balanced,T2_SPANNER
1141,ST029__ST036,29,ST029,관곡공원,36,ST036,시흥시립군자도서관,8009.0,8.009,3.037861813989035,0.16296721,0.16296721,0.0,0.0,PRELIMINARY_POINT_BUFFER_PROXY,2.924765057,PRELIMINARY_90M,0.6575661011110154,0.4013661723712888,0.16296721,0.4484667674185826,0.4175915627252217,balanced,T2_SPANNER
1053,ST026__ST029,26,ST026,은계파크자이,29,ST029,관곡공원,6175.0,6.175,2.002908151887456,0.217079342,0.217079342,0.0,0.0,PRELIMINARY_POINT_BUFFER_PROXY,1.735808496,PRELIMINARY_90M,0.49961243648264575,0.7053898642179204,0.217079342,0.2512007818073677,0.4183206061269834,balanced,T2_SPANNER
482,ST010__ST042,10,ST010,은계호수공원,42,ST042,시흥시청역,7803.0,7.803,2.352692290378065,0.137242443,0.137242443,0.0,0.0,PRELIMINARY_POINT_BUFFER_PROXY,2.038687833,PRELIMINARY_90M,0.6398243045387995,0.6026387275946935,0.137242443,0.301453072676871,0.420289636952591,balanced,T2_SPANNER
437,ST009__ST042,9,ST009,능곡중앙공원,42,ST042,시흥시청역,2781.0,2.781,2.0552547795934166,0.436775112,0.393968211,0.210534951,0.0,PRELIMINARY_POINT_BUFFER_PROXY,2.330781896,PRELIMINARY_90M,0.20730341917147532,0.6900127361457601,0.436775112,0.34991592247217085,0.42100179744735156,balanced,T2_SPANNER
623,ST013__ST054,13,ST013,삼미시장,54,ST054,시흥 프리미엄 아울렛,8770.0,8.77,3.0162642189400977,0.198412944,0.198412944,0.0,0.0,PRELIMINARY_POINT_BUFFER_PROXY,2.393075385,PRELIMINARY_90M,0.7231073981569202,0.4077105922445933,0.198412944,0.36025136020625503,0.4223705736519421,balanced,T2_SPANNER
933,ST022__ST031,22,ST022,오이도박물관,31,ST031,마전저수지,9249.0,9.249,3.3683490129246234,0.162077697,0.162077697,0.0,0.0,PRELIMINARY_POINT_BUFFER_PROXY,2.998768021,PRELIMINARY_90M,0.7643613814486263,0.30428362461313796,0.162077697,0.460744985236173,0.4228669220744843,balanced,T2_SPANNER
382,ST008__ST033,8,ST008,시흥능곡역,33,ST033,타원산업단지,10699.0,10.699,3.158903558335437,0.128664141,0.128664141,0.0,0.0,PRELIMINARY_POINT_BUFFER_PROXY,2.141908628,PRELIMINARY_90M,0.8892429592627681,0.36580945197762016,0.128664141,0.3185789732599185,0.4255738813750767,balanced,T2_SPANNER
795,ST018__ST031,18,ST018,정왕역,31,ST031,마전저수지,3945.0,3.945,2.958212084314256,0.124882541,0.124882541,0.0,0.0,PRELIMINARY_POINT_BUFFER_PROXY,5.337782322,PRELIMINARY_90M,0.3075531823271036,0.4247637463468624,0.124882541,0.8488230501382361,0.4265056299530505,balanced,T2_SPANNER
430,ST009__ST035,9,ST009,능곡중앙공원,35,ST035,산들공원,5085.0,5.085,3.1705169235060016,0.415926001,0.415926001,0.064729724,0.0,PRELIMINARY_POINT_BUFFER_PROXY,3.401700163,PRELIMINARY_90M,0.40573594005684266,0.362397958030395,0.415926001,0.5275975589409814,0.4279143645070547,balanced,T2_SPANNER
308,ST006__ST054,6,ST006,시흥시청 본청,54,ST054,시흥 프리미엄 아울렛,6963.0,6.963,2.2981115356407833,0.24524532,0.24524532,0.0,0.0,PRELIMINARY_POINT_BUFFER_PROXY,1.924103538,PRELIMINARY_90M,0.5674791146326759,0.6186721435500595,0.24524532,0.2824417945274574,0.42845959317754817,balanced,T2_SPANNER
730,ST016__ST041,16,ST016,물왕호수,41,ST041,연꽃테마파크,3935.0,3.935,2.0,0.29027288,0.250287871,0.138484824,0.0,PRELIMINARY_POINT_BUFFER_PROXY,2.713464194,PRELIMINARY_90M,0.3066919300663164,0.7062441508450915,0.29027288,0.4134087389190912,0.4291544249576248,balanced,T2_SPANNER
369,ST008__ST020,8,ST008,시흥능곡역,20,ST020,시화공업단지[왼쪽부근],10511.0,10.511,3.1512350183723807,0.191074926,0.191074926,0.0,0.0,PRELIMINARY_POINT_BUFFER_PROXY,1.960084443,PRELIMINARY_90M,0.873051416759969,0.36806213044624614,0.191074926,0.28841157418201324,0.4301500118470571,balanced,T2_SPANNER
435,ST009__ST040,9,ST009,능곡중앙공원,40,ST040,갯골생태공원,5511.0,5.511,1.9576878879411694,0.325495522,0.303897424,0.106224801,0.0,PRELIMINARY_POINT_BUFFER_PROXY,1.652679251,PRELIMINARY_90M,0.44242528636637674,0.7186735812524709,0.325495522,0.23740837509887638,0.431000691179431,balanced,T2_SPANNER
428,ST009__ST033,9,ST009,능곡중앙공원,33,ST033,타원산업단지,10708.0,10.708,3.1601346829823638,0.176932327,0.176932327,0.030730754,0.0,PRELIMINARY_POINT_BUFFER_PROXY,1.994283261,PRELIMINARY_90M,0.8900180862974766,0.3654478019115467,0.176932327,0.294085678485567,0.4316209734236476,balanced,T2_SPANNER
1353,ST039__ST043,39,ST039,능곡힐스테이트,43,ST043,시흥종합버스터미널,9797.0,9.797,3.3777318578726767,0.321542663,0.317948067,0.030100174,0.0,PRELIMINARY_POINT_BUFFER_PROXY,2.070297135,PRELIMINARY_90M,0.811558005339764,0.3015273590279337,0.321542663,0.3066975368718186,0.43533139105987906,balanced,T2_SPANNER
496,ST011__ST012,11,ST011,배곧생명공원,12,ST012,신천역,11190.0,11.19,3.3955749329725884,0.229835415,0.229835415,0.0,0.0,PRELIMINARY_POINT_BUFFER_PROXY,1.946326239,PRELIMINARY_90M,0.9315304452674188,0.2962858513504243,0.229835415,0.28612887878226084,0.43594514760002595,balanced,T2_SPANNER
415,ST009__ST020,9,ST009,능곡중앙공원,20,ST020,시화공업단지[왼쪽부근],10520.0,10.52,3.15249532086178,0.240155396,0.240155396,0.031284208,0.0,PRELIMINARY_POINT_BUFFER_PROXY,1.809710265,PRELIMINARY_90M,0.8738265437946775,0.36769190921828065,0.240155396,0.2634622098345918,0.4362840147118875,balanced,T2_SPANNER
541,ST012__ST014,12,ST012,신천역,14,ST014,시흥대야역,1380.0,1.38,1.9626229682490228,0.849065167,0.772905097,0.341400609,0.0,PRELIMINARY_POINT_BUFFER_PROXY,0.782071988,PRELIMINARY_90M,0.08664197743519077,0.7172238725459898,0.849065167,0.09296138229072015,0.4364730998179752,balanced,T2_SPANNER
1319,ST037__ST042,37,ST037,군자동행정복지센터,42,ST042,시흥시청역,6708.0,6.708,2.8237370109722706,0.306005252,0.306005252,0.0,0.0,PRELIMINARY_POINT_BUFFER_PROXY,2.829592416,PRELIMINARY_90M,0.5455171819826027,0.46426658570660606,0.306005252,0.43267617805146835,0.4371162994351693,balanced,T2_SPANNER
1023,ST025__ST028,25,ST025,목감동행정복지센터,28,ST028,매화산업단지,6878.0,6.878,2.8903708674922335,0.271201217,0.266520768,0.103849183,0.0,PRELIMINARY_POINT_BUFFER_PROXY,3.071832764,PRELIMINARY_90M,0.5601584704159849,0.44469250060211796,0.271201217,0.4728675379131207,0.43722993148280587,balanced,T2_SPANNER
831,ST019__ST031,19,ST019,시화병원,31,ST031,마전저수지,4577.0,4.577,3.0,0.245904155,0.245904155,0.0,0.0,PRELIMINARY_POINT_BUFFER_PROXY,4.635043529,PRELIMINARY_90M,0.36198432520885365,0.412488301690183,0.245904155,0.7322279909278429,0.4381511932067199,balanced,T2_SPANNER
163,ST004__ST008,4,ST004,배곧중심상가,8,ST008,시흥능곡역,10234.0,10.234,2.6871009164248223,0.177163027,0.177163027,0.0,0.0,PRELIMINARY_POINT_BUFFER_PROXY,1.605438133,PRELIMINARY_90M,0.849194729136164,0.504404237685602,0.177163027,0.22957035476295454,0.44008308714618016,balanced,T2_SPANNER
1108,ST028__ST029,28,ST028,매화산업단지,29,ST029,관곡공원,5556.0,5.556,1.6000991552975863,0.203318057,0.203318057,0.0,0.0,PRELIMINARY_POINT_BUFFER_PROXY,1.965812089,PRELIMINARY_90M,0.446300921539919,0.8237173630584143,0.203318057,0.2893618778099875,0.4406745548520802,balanced,T2_SPANNER
1046,ST025__ST051,25,ST025,목감동행정복지센터,51,ST051,연성중학교,4855.0,4.855,2.2406696427083874,0.255573087,0.248649808,0.132560721,0.0,PRELIMINARY_POINT_BUFFER_PROXY,3.153385578,PRELIMINARY_90M,0.3859271380587374,0.6355460355854807,0.255573087,0.48639839073044083,0.4408611628436647,balanced,T2_SPANNER
1094,ST027__ST042,27,ST027,은행동행정복지센터,42,ST042,시흥시청역,8115.0,8.115,2.3079958950529833,0.177443763,0.177443763,0.0,0.0,PRELIMINARY_POINT_BUFFER_PROXY,2.076001504,PRELIMINARY_90M,0.6666953750753596,0.6157685551575763,0.177443763,0.3076439784912909,0.44188791793105675,balanced,T2_SPANNER
1237,ST033__ST038,33,ST033,타원산업단지,38,ST038,능곡도서관,11114.0,11.114,3.027519358491037,0.129363807,0.123175519,0.008304536,0.0,PRELIMINARY_POINT_BUFFER_PROXY,2.083461432,PRELIMINARY_90M,0.9249849280854362,0.40440432916845004,0.129363807,0.3088816940628934,0.4419086895791949,balanced,T2_SPANNER
773,ST017__ST046,17,ST017,장곡동,46,ST046,배곧1동행정복지센터,7253.0,7.253,2.3818191238044744,0.343886176,0.343886176,0.0,0.0,PRELIMINARY_POINT_BUFFER_PROXY,1.736339045,PRELIMINARY_90M,0.5924554301955043,0.5940825499083251,0.343886176,0.25128880795973785,0.44542824101589185,balanced,T2_SPANNER
1403,ST042__ST051,42,ST042,시흥시청역,51,ST051,연성중학교,2072.0,2.072,2.5274345688921906,0.351208623,0.308075573,0.083245449,0.0,PRELIMINARY_POINT_BUFFER_PROXY,4.64619177,PRELIMINARY_90M,0.14624063388166395,0.551307161186513,0.351208623,0.7340776537505509,0.44570851795468197,balanced,T2_SPANNER
429,ST009__ST034,9,ST009,능곡중앙공원,34,ST034,군자디지털과학고등학교,5438.0,5.438,3.0482330688038717,0.45363226,0.45363226,0.060550946,0.0,PRELIMINARY_POINT_BUFFER_PROXY,3.293272439,PRELIMINARY_90M,0.43613814486263025,0.39831955560635457,0.45363226,0.5096077496039179,0.44942442751822564,balanced,T2_SPANNER
37,ST001__ST038,1,ST001,월곶역,38,ST038,능곡도서관,9189.0,9.189,2.207876585874364,0.151020385,0.143541514,0.010036469,0.0,PRELIMINARY_POINT_BUFFER_PROXY,1.70966098,PRELIMINARY_90M,0.7591938678839032,0.6451791878421445,0.151020385,0.24686251102084986,0.45056398793672436,balanced,T2_SPANNER
1292,ST035__ST052,35,ST035,산들공원,52,ST052,가온그린공원,3835.0,3.835,1.9561805087839683,0.129647388,0.129647388,0.0,0.0,PRELIMINARY_POINT_BUFFER_PROXY,4.205215096,PRELIMINARY_90M,0.2980794074584446,0.719116382696793,0.129647388,0.6609129132700402,0.45193902285631943,balanced,T2_SPANNER
264,ST006__ST010,6,ST006,시흥시청 본청,10,ST010,은계호수공원,8600.0,8.6,2.2977932871741067,0.158558533,0.158558533,0.0,0.0,PRELIMINARY_POINT_BUFFER_PROXY,2.221566641,PRELIMINARY_90M,0.7084661097235381,0.6187656308986302,0.158558533,0.33179544975848757,0.45439643084516396,balanced,T2_SPANNER
38,ST001__ST039,1,ST001,월곶역,39,ST039,능곡힐스테이트,9287.0,9.287,2.20571435228064,0.157848013,0.12796136,0.029886653,0.0,PRELIMINARY_POINT_BUFFER_PROXY,1.709054796,PRELIMINARY_90M,0.7676341400396176,0.64581435660754,0.157848013,0.24676193587105535,0.45451461137955323,balanced,T2_SPANNER
1361,ST039__ST051,39,ST039,능곡힐스테이트,51,ST051,연성중학교,3723.0,3.723,2.3660104994858293,0.437314546,0.37191324,0.194272542,0.0,PRELIMINARY_POINT_BUFFER_PROXY,3.261333916,PRELIMINARY_90M,0.2884333821376281,0.5987264257690195,0.437314546,0.5043086626353726,0.45719575413550506,balanced,T2_SPANNER
727,ST016__ST038,16,ST016,물왕호수,38,ST038,능곡도서관,4155.0,4.155,2.1086022039793035,0.113688603,0.097131004,0.022219908,0.0,PRELIMINARY_POINT_BUFFER_PROXY,4.589248558,PRELIMINARY_90M,0.3256394798036345,0.6743416181950566,0.113688603,0.7246299083849838,0.4595749023459187,balanced,T2_SPANNER
478,ST010__ST038,10,ST010,은계호수공원,38,ST038,능곡도서관,9372.0,9.372,2.330701975467328,0.167732728,0.160396489,0.00984506,0.0,PRELIMINARY_POINT_BUFFER_PROXY,2.022751487,PRELIMINARY_90M,0.7749547842563087,0.6090985112244809,0.167732728,0.29880899037491765,0.4626487534639268,balanced,T2_SPANNER
471,ST010__ST031,10,ST010,은계호수공원,31,ST031,마전저수지,9658.0,9.658,2.479447707539169,0.110845888,0.110845888,0.0,0.0,PRELIMINARY_POINT_BUFFER_PROXY,2.494180019,PRELIMINARY_90M,0.7995865989148222,0.5654035823915486,0.110845888,0.37702615747815565,0.4632155566961317,balanced,T2_SPANNER
90,ST002__ST038,2,ST002,월곶포구,38,ST038,능곡도서관,8509.0,8.509,2.167242567914989,0.252130555,0.244053181,0.010839645,0.0,PRELIMINARY_POINT_BUFFER_PROXY,1.709976501,PRELIMINARY_90M,0.7006287141503746,0.6571156682923764,0.252130555,0.24691486075597702,0.464197449549682,balanced,T2_SPANNER
479,ST010__ST039,10,ST010,은계호수공원,39,ST039,능곡힐스테이트,9470.0,9.47,2.3273271025093933,0.174260921,0.144938428,0.029322493,0.0,PRELIMINARY_POINT_BUFFER_PROXY,2.018539596,PRELIMINARY_90M,0.7833950564120231,0.6100898998960289,0.174260921,0.29811017356641867,0.46646401271861765,balanced,T2_SPANNER
305,ST006__ST051,6,ST006,시흥시청 본청,51,ST051,연성중학교,2665.0,2.665,2.405708703853897,0.37184665,0.338316086,0.064712949,0.0,PRELIMINARY_POINT_BUFFER_PROXY,4.504771469,PRELIMINARY_90M,0.197312892946344,0.5870648460349527,0.37184665,0.7106138738469892,0.46670956570707145,balanced,T2_SPANNER
457,ST010__ST017,10,ST010,은계호수공원,17,ST017,장곡동,9371.0,9.371,2.3066653175877168,0.196613464,0.196613464,0.0,0.0,PRELIMINARY_POINT_BUFFER_PROXY,1.921374112,PRELIMINARY_90M,0.77486865903023,0.6161594200707521,0.196613464,0.2819889412208656,0.4674076210804619,balanced,T2_SPANNER
13,ST001__ST014,1,ST001,월곶역,14,ST014,시흥대야역,10345.0,10.345,3.077670885016786,0.204886147,0.155571656,0.121201371,0.0,PRELIMINARY_POINT_BUFFER_PROXY,2.733430341,PRELIMINARY_90M,0.8587546292309017,0.3896720249074638,0.204886147,0.4167214265277122,0.46750855691651944,balanced,T2_SPANNER
778,ST017__ST051,17,ST017,장곡동,51,ST051,연성중학교,3517.0,3.517,2.16312007370754,0.462338053,0.436932527,0.049031879,0.0,PRELIMINARY_POINT_BUFFER_PROXY,3.114219406,PRELIMINARY_90M,0.2706915855654121,0.6583266750789218,0.462338053,0.4799001268109415,0.4678141101138189,balanced,T2_SPANNER
1398,ST042__ST046,42,ST042,시흥시청역,46,ST046,배곧1동행정복지센터,8635.0,8.635,2.3767235981646926,0.31911375,0.31911375,0.0,0.0,PRELIMINARY_POINT_BUFFER_PROXY,1.724411828,PRELIMINARY_90M,0.7114804926362932,0.5955793903695297,0.31911375,0.24930990116509014,0.46887088354272827,balanced,T2_SPANNER
1016,ST024__ST051,24,ST024,목감고등학교,51,ST051,연성중학교,5421.0,5.421,2.131002869348733,0.286117824,0.286117824,0.073213062,0.0,PRELIMINARY_POINT_BUFFER_PROXY,3.183231796,PRELIMINARY_90M,0.43467401601929206,0.6677612917178248,0.286117824,0.4913503324612516,0.46997586604959213,balanced,T2_SPANNER
492,ST010__ST052,10,ST010,은계호수공원,52,ST052,가온그린공원,9414.0,9.414,2.2745307477085395,0.204903465,0.204903465,0.0,0.0,PRELIMINARY_POINT_BUFFER_PROXY,1.862794783,PRELIMINARY_90M,0.7785720437516148,0.6255991379328376,0.204903465,0.272269739148496,0.4703360964582371,balanced,T2_SPANNER
804,ST018__ST040,18,ST018,정왕역,40,ST040,갯골생태공원,6347.0,6.347,2.694628026787754,0.131430314,0.131430314,0.0,0.0,PRELIMINARY_POINT_BUFFER_PROXY,4.680270411,PRELIMINARY_90M,0.5144259753681854,0.5021931049892563,0.131430314,0.7397318188610926,0.4719453033046335,balanced,T2_SPANNER
762,ST017__ST035,17,ST017,장곡동,35,ST035,산들공원,4443.0,4.443,1.9603175955328784,0.196620513,0.196620513,0.0,0.0,PRELIMINARY_POINT_BUFFER_PROXY,3.98214452,PRELIMINARY_90M,0.3504435449143054,0.7179010892658393,0.196620513,0.6239021102862116,0.472216814366589,balanced,T2_SPANNER
1139,ST029__ST034,29,ST029,관곡공원,34,ST034,군자디지털과학고등학교,8970.0,8.97,2.900578525484893,0.252434833,0.252434833,0.0,0.0,PRELIMINARY_POINT_BUFFER_PROXY,3.031578557,PRELIMINARY_90M,0.7403324433726639,0.44169394136060147,0.252434833,0.4661887524306856,0.47516249254098775,balanced,T2_SPANNER
725,ST016__ST036,16,ST016,물왕호수,36,ST036,시흥시립군자도서관,7947.0,7.947,2.8110036953937283,0.162740187,0.162740187,0.0,0.0,PRELIMINARY_POINT_BUFFER_PROXY,3.965292917,PRELIMINARY_90M,0.6522263370941349,0.4680070716369381,0.162740187,0.6211061729206547,0.476019942162932,balanced,T2_SPANNER
66,ST002__ST014,2,ST002,월곶포구,14,ST014,시흥대야역,9776.0,9.776,3.0588362192751695,0.2786786,0.226479007,0.128292153,0.0,PRELIMINARY_POINT_BUFFER_PROXY,2.761333555,PRELIMINARY_90M,0.8097493755921109,0.3952048181359412,0.2786786,0.4213509943285755,0.4762459470141569,balanced,T2_SPANNER
1075,ST026__ST051,26,ST026,은계파크자이,51,ST051,연성중학교,7587.0,7.587,2.103109787779251,0.27255464,0.260774295,0.022735702,0.0,PRELIMINARY_POINT_BUFFER_PROXY,2.31844097,PRELIMINARY_90M,0.6212212557057962,0.6759550475798153,0.27255464,0.34786837505908663,0.47939982958617455,balanced,T2_SPANNER
1090,ST027__ST038,27,ST027,은행동행정복지센터,38,ST038,능곡도서관,9684.0,9.684,2.293970249991462,0.200426735,0.193325854,0.009529214,0.0,PRELIMINARY_POINT_BUFFER_PROXY,2.05557101,PRELIMINARY_90M,0.8018258547928688,0.6198886704325688,0.200426735,0.3042542486494838,0.4815988772187303,balanced,T2_SPANNER
364,ST008__ST015,8,ST008,시흥능곡역,15,ST015,목감택지개발예정지구,6807.0,6.807,1.8885444736486015,0.0,0.0,0.0,0.0,PRELIMINARY_POINT_BUFFER_PROXY,4.039381199,PRELIMINARY_90M,0.5540435793643959,0.7389848636314539,0.0,0.6333985462927141,0.481606747322141,balanced,T2_SPANNER
1083,ST027__ST031,27,ST027,은행동행정복지센터,31,ST031,마전저수지,9970.0,9.97,2.439129741416626,0.144378702,0.144378702,0.0,0.0,PRELIMINARY_POINT_BUFFER_PROXY,2.509305264,PRELIMINARY_90M,0.8264576694513823,0.577247220766075,0.144378702,0.37953566578182873,0.48190481449982153,balanced,T2_SPANNER
1091,ST027__ST039,27,ST027,은행동행정복지센터,39,ST039,능곡힐스테이트,9782.0,9.782,2.2910655255291217,0.206424511,0.178033437,0.028391073,0.0,PRELIMINARY_POINT_BUFFER_PROXY,2.051455528,PRELIMINARY_90M,0.8102661269485832,0.6207419502335647,0.206424511,0.30357142756112343,0.4852510039358179,balanced,T2_SPANNER
426,ST009__ST031,9,ST009,능곡중앙공원,31,ST031,마전저수지,6981.0,6.981,2.2468611351412107,0.256364936,0.239325801,0.083802691,0.0,PRELIMINARY_POINT_BUFFER_PROXY,3.126192366,PRELIMINARY_90M,0.5690293687020929,0.6337272484683405,0.256364936,0.4818866230653523,0.4852520440589464,balanced,T2_SPANNER
993,ST024__ST028,24,ST024,목감고등학교,28,ST028,매화산업단지,7811.0,7.811,2.7351304155275447,0.323695592,0.319573933,0.070790226,0.0,PRELIMINARY_POINT_BUFFER_PROXY,3.168264669,PRELIMINARY_90M,0.6405133063474292,0.49029529139219696,0.323695592,0.48886705833983213,0.48584281201986457,balanced,T2_SPANNER
470,ST010__ST030,10,ST010,은계호수공원,30,ST030,장곡도서관,9934.0,9.934,2.2601702712098652,0.221216871,0.221216871,0.0,0.0,PRELIMINARY_POINT_BUFFER_PROXY,1.8544822,PRELIMINARY_90M,0.8233571613125484,0.6298176119009747,0.221216871,0.27089055513769345,0.48632054983780415,balanced,T2_SPANNER
864,ST020__ST029,20,ST020,시화공업단지[왼쪽부근],29,ST029,관곡공원,10424.0,10.424,2.840038246298897,0.118573536,0.118573536,0.0,0.0,PRELIMINARY_POINT_BUFFER_PROXY,3.256444901,PRELIMINARY_90M,0.8655585220911205,0.4594780024809588,0.118573536,0.5034975006515976,0.48677689030591925,balanced,T2_SPANNER
638,ST014__ST028,14,ST014,시흥대야역,28,ST028,매화산업단지,7295.0,7.295,2.089908465771216,0.142572754,0.110267444,0.03230531,0.0,PRELIMINARY_POINT_BUFFER_PROXY,3.417863274,PRELIMINARY_90M,0.5960726896908104,0.6798330131362529,0.142572754,0.5302792650070776,0.4871894304585352,balanced,T2_SPANNER
1104,ST027__ST052,27,ST027,은행동행정복지센터,52,ST052,가온그린공원,9726.0,9.726,2.239733791325707,0.236285294,0.236285294,0.0,0.0,PRELIMINARY_POINT_BUFFER_PROXY,1.899569739,PRELIMINARY_90M,0.805443114288175,0.6358209474030829,0.236285294,0.2783712639468852,0.4889801549095358,balanced,T2_SPANNER
1133,ST028__ST054,28,ST028,매화산업단지,54,ST054,시흥 프리미엄 아울렛,11372.0,11.372,2.198496646600742,0.134812435,0.134812435,0.0,0.0,PRELIMINARY_POINT_BUFFER_PROXY,1.586988395,PRELIMINARY_90M,0.9472052364137455,0.6479345998684889,0.134812435,0.22650926248236056,0.48911538344114874,balanced,T2_SPANNER
339,ST007__ST037,7,ST007,장현지구,37,ST037,군자동행정복지센터,8390.0,8.39,2.570190493668074,0.347173938,0.347173938,0.0,0.0,PRELIMINARY_POINT_BUFFER_PROXY,2.554708776,PRELIMINARY_90M,0.6903798122470072,0.5387473581975699,0.347173938,0.3870687993198257,0.4908424769411007,balanced,T2_SPANNER
701,ST015__ST051,15,ST015,목감택지개발예정지구,51,ST051,연성중학교,5797.0,5.797,2.122512321905777,0.32243609,0.32243609,0.068467983,0.0,PRELIMINARY_POINT_BUFFER_PROXY,3.264344745,PRELIMINARY_90M,0.4670571010248902,0.6702554396917204,0.32243609,0.504808204981724,0.4911392089245837,balanced,T2_SPANNER
410,ST009__ST015,9,ST009,능곡중앙공원,15,ST015,목감택지개발예정지구,5902.0,5.902,2.0201812566671036,0.180228914,0.180228914,0.099111033,0.0,PRELIMINARY_POINT_BUFFER_PROXY,3.891380857,PRELIMINARY_90M,0.4761002497631556,0.7003157886558333,0.180228914,0.6088430374599344,0.4913719974697308,balanced,T2_SPANNER
377,ST008__ST028,8,ST008,시흥능곡역,28,ST028,매화산업단지,8534.0,8.534,1.9269660940085112,0.132284324,0.132284324,0.0,0.0,PRELIMINARY_POINT_BUFFER_PROXY,2.663161369,PRELIMINARY_90M,0.7027818448023426,0.7276982879167211,0.132284324,0.40506273480241645,0.49195679788037006,balanced,T2_SPANNER
420,ST009__ST025,9,ST009,능곡중앙공원,25,ST025,목감동행정복지센터,6963.0,6.963,2.1349319188717595,0.217188943,0.140523126,0.151111218,0.0,PRELIMINARY_POINT_BUFFER_PROXY,3.335237025,PRELIMINARY_90M,0.5674791146326759,0.6666071104388166,0.217188943,0.5165703129889873,0.49196137026512,balanced,T2_SPANNER
312,ST007__ST010,7,ST007,장현지구,10,ST010,은계호수공원,9295.0,9.295,2.133532995691515,0.240178212,0.240178212,0.0,0.0,PRELIMINARY_POINT_BUFFER_PROXY,2.044052907,PRELIMINARY_90M,0.7683231418482473,0.6670180523055318,0.240178212,0.3023432200928514,0.49446565656165764,balanced,T2_SPANNER
270,ST006__ST016,6,ST006,시흥시청 본청,16,ST016,물왕호수,4622.0,4.622,1.9307119944807511,0.057014033,0.057014033,0.0,0.0,PRELIMINARY_POINT_BUFFER_PROXY,5.215434929,PRELIMINARY_90M,0.365859960382396,0.7265979077426484,0.057014033,0.8285237559009357,0.494498914256495,balanced,T2_SPANNER
1165,ST030__ST035,30,ST030,장곡도서관,35,ST035,산들공원,4843.0,4.843,1.9175399088012453,0.262734007,0.262734007,0.0,0.0,PRELIMINARY_POINT_BUFFER_PROXY,3.856525194,PRELIMINARY_90M,0.3848936353457928,0.730467284956573,0.262734007,0.6030599525757867,0.4952887199695381,balanced,T2_SPANNER
379,ST008__ST030,8,ST008,시흥능곡역,30,ST030,장곡도서관,2575.0,2.575,2.0,0.366377515,0.366377515,0.0,0.0,PRELIMINARY_POINT_BUFFER_PROXY,4.637122017,PRELIMINARY_90M,0.18956162259925932,0.7062441508450915,0.366377515,0.7325728437150265,0.49868903303984435,balanced,T2_SPANNER
256,ST005__ST051,5,ST005,배곧중·고등학교,51,ST051,연성중학교,11788.0,11.788,2.7106754677536853,0.155536821,0.147954117,0.014634384,0.0,PRELIMINARY_POINT_BUFFER_PROXY,2.38444986,PRELIMINARY_90M,0.9830333304624924,0.4974790753415459,0.155536821,0.3588202543556695,0.498717370289927,balanced,T2_SPANNER
281,ST006__ST027,6,ST006,시흥시청 본청,27,ST027,은행동행정복지센터,8014.0,8.014,2.0956042363908334,0.253163149,0.195302402,0.057860748,0.0,PRELIMINARY_POINT_BUFFER_PROXY,2.678365565,PRELIMINARY_90M,0.657996727241409,0.6781598472012957,0.253163149,0.4075853422783729,0.4992262664302694,balanced,T2_SPANNER
578,ST012__ST051,12,ST012,신천역,51,ST051,연성중학교,8767.0,8.767,2.288310361761418,0.290131604,0.279935171,0.019678799,0.0,PRELIMINARY_POINT_BUFFER_PROXY,2.434629231,PRELIMINARY_90M,0.722849022478684,0.6215512957057072,0.290131604,0.36714577557516664,0.5004194244398894,balanced,T2_SPANNER
1082,ST027__ST030,27,ST027,은행동행정복지센터,30,ST030,장곡도서관,10246.0,10.246,2.2275739708934226,0.250512017,0.250512017,0.0,0.0,PRELIMINARY_POINT_BUFFER_PROXY,1.889500259,PRELIMINARY_90M,0.8502282318491086,0.6393929657797397,0.250512017,0.2767005839893923,0.5042084496545601,balanced,T2_SPANNER
390,ST008__ST041,8,ST008,시흥능곡역,41,ST041,연꽃테마파크,5243.0,5.243,1.856989325542413,0.211669005,0.159007329,0.105780532,0.0,PRELIMINARY_POINT_BUFFER_PROXY,4.097986625,PRELIMINARY_90M,0.4193437257772802,0.7482543729585962,0.211669005,0.6431220782544971,0.5055972954975934,balanced,T2_SPANNER
728,ST016__ST039,16,ST016,물왕호수,39,ST039,능곡힐스테이트,4090.0,4.09,2.0,0.250178222,0.175234323,0.080696429,0.0,PRELIMINARY_POINT_BUFFER_PROXY,4.74147672,PRELIMINARY_90M,0.32004134010851776,0.7062441508450915,0.250178222,0.7498868768897513,0.5065876474608402,balanced,T2_SPANNER
337,ST007__ST035,7,ST007,장현지구,35,ST035,산들공원,4967.0,4.967,1.7820285875158806,0.303154316,0.303154316,0.0,0.0,PRELIMINARY_POINT_BUFFER_PROXY,3.583766475,PRELIMINARY_90M,0.3955731633795539,0.7702745282108588,0.303154316,0.5578051305725904,0.5067017845407509,balanced,T2_SPANNER
729,ST016__ST040,16,ST016,물왕호수,40,ST040,갯골생태공원,6083.0,6.083,1.8904544428003949,0.141137784,0.141137784,0.0,0.0,PRELIMINARY_POINT_BUFFER_PROXY,4.174224503,PRELIMINARY_90M,0.49168891568340367,0.7384237990214091,0.141137784,0.6557711023129777,0.5067554002544477,balanced,T2_SPANNER
1047,ST025__ST052,25,ST025,목감동행정복지센터,52,ST052,가온그린공원,7345.0,7.345,2.1523239745186866,0.150372603,0.145795802,0.033594487,0.0,PRELIMINARY_POINT_BUFFER_PROXY,4.001952969,PRELIMINARY_90M,0.6003789509947464,0.6614980923637042,0.150372603,0.6271886333969703,0.5098595699388552,balanced,T2_SPANNER
419,ST009__ST024,9,ST009,능곡중앙공원,24,ST024,목감고등학교,6788.0,6.788,2.1061863448320617,0.240880001,0.240880001,0.086193074,0.0,PRELIMINARY_POINT_BUFFER_PROXY,3.692084153,PRELIMINARY_90M,0.5524072000689002,0.6750512909502933,0.240880001,0.5757766816037034,0.5110287934057243,balanced,T2_SPANNER
754,ST017__ST027,17,ST017,장곡동,27,ST027,은행동행정복지센터,8041.0,8.041,2.0018165708542117,0.367749391,0.310051367,0.057698024,0.0,PRELIMINARY_POINT_BUFFER_PROXY,2.105160326,PRELIMINARY_90M,0.6603221083455344,0.7057105225312625,0.367749391,0.31248187076571854,0.5115659731606289,balanced,T2_SPANNER
724,ST016__ST035,16,ST016,물왕호수,35,ST035,산들공원,8555.0,8.555,2.7554200917307856,0.222244895,0.222244895,0.0,0.0,PRELIMINARY_POINT_BUFFER_PROXY,4.052626345,PRELIMINARY_90M,0.7045904745499957,0.4843350803300357,0.222244895,0.6355961175631538,0.5116916418607963,balanced,T2_SPANNER
353,ST007__ST051,7,ST007,장현지구,51,ST051,연성중학교,3360.0,3.36,1.9288666578782163,0.553656435,0.527051485,0.051346729,0.0,PRELIMINARY_POINT_BUFFER_PROXY,3.519092434,PRELIMINARY_90M,0.2571699250710533,0.7271399861633028,0.553656435,0.5470747230372682,0.5212602673179061,balanced,T2_SPANNER
1025,ST025__ST030,25,ST025,목감동행정복지센터,30,ST030,장곡도서관,7865.0,7.865,2.142262429308918,0.174574372,0.170299885,0.03137545,0.0,PRELIMINARY_POINT_BUFFER_PROXY,3.847306972,PRELIMINARY_90M,0.64516406855568,0.6644537301206102,0.174574372,0.6015305092739359,0.5214306699875565,balanced,T2_SPANNER
1383,ST041__ST044,41,ST041,연꽃테마파크,44,ST044,경기과학기술대학교,11171.0,11.171,2.7373924956567253,0.118220531,0.118220531,0.0,0.0,PRELIMINARY_POINT_BUFFER_PROXY,3.574596517,PRELIMINARY_90M,0.9298940659719231,0.489630792122993,0.118220531,0.5562836950027643,0.5235072710244201,balanced,T2_SPANNER
1460,ST048__ST051,48,ST048,정왕평생학습관 사거리,51,ST051,연성중학교,10469.0,10.469,2.770703145089786,0.157054545,0.148518109,0.016475057,0.0,PRELIMINARY_POINT_BUFFER_PROXY,3.765429403,PRELIMINARY_90M,0.8694341572646628,0.47984559401288274,0.157054545,0.5879457746603765,0.5235700177344805,balanced,T2_SPANNER
421,ST009__ST026,9,ST009,능곡중앙공원,26,ST026,은계파크자이,9276.0,9.276,2.0945292813519925,0.310445008,0.226732291,0.110899302,0.0,PRELIMINARY_POINT_BUFFER_PROXY,2.318711925,PRELIMINARY_90M,0.7666867625527517,0.6784756215315337,0.310445008,0.34791333061666085,0.5258801806752367,balanced,T2_SPANNER
679,ST015__ST029,15,ST015,목감택지개발예정지구,29,ST029,관곡공원,8189.0,8.189,2.2684718509323605,0.10686736,0.10686736,0.0,0.0,PRELIMINARY_POINT_BUFFER_PROXY,4.446520948,PRELIMINARY_90M,0.6730686418051848,0.627378974300266,0.10686736,0.7009492260252327,0.5270660505326709,balanced,T2_SPANNER
723,ST016__ST034,16,ST016,물왕호수,34,ST034,군자디지털과학고등학교,8908.0,8.908,2.6971308490200676,0.252895266,0.252895266,0.0,0.0,PRELIMINARY_POINT_BUFFER_PROXY,3.96098122,PRELIMINARY_90M,0.7349926793557833,0.5014578863191193,0.252895266,0.6203907967780254,0.5274341571132319,balanced,T2_SPANNER
407,ST009__ST012,9,ST009,능곡중앙공원,12,ST012,신천역,9230.0,9.23,2.079155224614918,0.314081779,0.229949921,0.111454562,0.0,PRELIMINARY_POINT_BUFFER_PROXY,2.348627829,PRELIMINARY_90M,0.7627250021531307,0.6829918406232889,0.314081779,0.3528768343152711,0.5281688640229227,balanced,T2_SPANNER
375,ST008__ST026,8,ST008,시흥능곡역,26,ST026,은계파크자이,9104.0,9.104,1.959757043038742,0.215824011,0.164891535,0.050932476,0.0,PRELIMINARY_POINT_BUFFER_PROXY,2.802888396,PRELIMINARY_90M,0.7518732236672121,0.7180657548397502,0.215824011,0.42824557478312775,0.5285021410725226,balanced,T2_SPANNER
1032,ST025__ST037,25,ST025,목감동행정복지센터,37,ST037,군자동행정복지센터,10542.0,10.542,2.677976019793385,0.191216527,0.188027388,0.023408808,0.0,PRELIMINARY_POINT_BUFFER_PROXY,3.563256057,PRELIMINARY_90M,0.8757212987684093,0.5070847294440207,0.191216527,0.5544021401229939,0.5321061738338559,balanced,T2_SPANNER
1017,ST024__ST052,24,ST024,목감고등학교,52,ST052,가온그린공원,7911.0,7.911,2.0834857625828795,0.178828181,0.178828181,0.0,0.0,PRELIMINARY_POINT_BUFFER_PROXY,3.951617974,PRELIMINARY_90M,0.649125828955301,0.6817197197652127,0.178828181,0.6188372917877702,0.532127755377071,balanced,T2_SPANNER
329,ST007__ST027,7,ST007,장현지구,27,ST027,은행동행정복지센터,8709.0,8.709,1.9363877077820781,0.332743591,0.279492401,0.05325119,0.0,PRELIMINARY_POINT_BUFFER_PROXY,2.447643985,PRELIMINARY_90M,0.7178537593661183,0.7249306337622574,0.332743591,0.36930512130697213,0.5362082763588369,balanced,T2_SPANNER
594,ST013__ST025,13,ST013,삼미시장,25,ST025,목감동행정복지센터,11610.0,11.61,2.70398096958528,0.270409164,0.268561734,0.051753296,0.0,PRELIMINARY_POINT_BUFFER_PROXY,2.813742202,PRELIMINARY_90M,0.9677030402204806,0.4994456233356718,0.270409164,0.4300463863589704,0.5419010534787807,balanced,T2_SPANNER
995,ST024__ST030,24,ST024,목감고등학교,30,ST030,장곡도서관,8431.0,8.431,2.07834127497437,0.199652452,0.199652452,0.0,0.0,PRELIMINARY_POINT_BUFFER_PROXY,3.812964679,PRELIMINARY_90M,0.6939109465162346,0.6832309430911173,0.199652452,0.5958326002846485,0.5431567354730001,balanced,T2_SPANNER
14,ST001__ST015,1,ST001,월곶역,15,ST015,목감택지개발예정지구,11985.0,11.985,2.1415444016209766,0.073988583,0.073988583,0.0,0.0,PRELIMINARY_POINT_BUFFER_PROXY,2.910643961,PRELIMINARY_90M,1.0,0.6646646549537981,0.073988583,0.44612386271396687,0.5461942751669412,balanced,T2_SPANNER
720,ST016__ST031,16,ST016,물왕호수,31,ST031,마전저수지,7553.0,7.553,2.1709163510349363,0.113202954,0.113202954,0.0,0.0,PRELIMINARY_POINT_BUFFER_PROXY,5.041993359,PRELIMINARY_90M,0.6182929980191199,0.6560364730123653,0.113202954,0.7997471602082976,0.5468198963099457,balanced,T2_SPANNER
792,ST018__ST028,18,ST018,정왕역,28,ST028,매화산업단지,11947.0,11.947,2.461849334359547,0.135715444,0.135715444,0.0,0.0,PRELIMINARY_POINT_BUFFER_PROXY,3.213272967,PRELIMINARY_90M,0.9967272414090087,0.5705732074486736,0.135715444,0.4963346198613277,0.5498376281797525,balanced,T2_SPANNER
735,ST016__ST046,16,ST016,물왕호수,46,ST046,배곧1동행정복지센터,11513.0,11.513,2.3170243161222417,0.1905393,0.1905393,0.0,0.0,PRELIMINARY_POINT_BUFFER_PROXY,2.945973077,PRELIMINARY_90M,0.9593488932908449,0.6131164036598482,0.1905393,0.45198550065526505,0.5537475244014896,balanced,T2_SPANNER
1002,ST024__ST037,24,ST024,목감고등학교,37,ST037,군자동행정복지센터,11108.0,11.108,2.6021730494863746,0.209403637,0.209403637,0.0,0.0,PRELIMINARY_POINT_BUFFER_PROXY,3.555315612,PRELIMINARY_90M,0.9244681767289639,0.5293522953550208,0.209403637,0.5530846994691493,0.5540772021382835,balanced,T2_SPANNER
543,ST012__ST016,12,ST012,신천역,16,ST016,물왕호수,11736.0,11.736,2.2704023930368664,0.154737909,0.154737909,0.0,0.0,PRELIMINARY_POINT_BUFFER_PROXY,3.213719151,PRELIMINARY_90M,0.9785548187063992,0.6268118662650275,0.154737909,0.4964086485764305,0.5641283106369643,balanced,T2_SPANNER
715,ST016__ST026,16,ST016,물왕호수,26,ST026,은계파크자이,9843.0,9.843,2.0430294187126394,0.199688668,0.152563984,0.047124684,0.0,PRELIMINARY_POINT_BUFFER_PROXY,3.839006543,PRELIMINARY_90M,0.8155197657393851,0.693604007412518,0.199688668,0.6001533417966786,0.5772414457371454,balanced,T2_SPANNER
1409,ST043__ST045,43,ST043,시흥종합버스터미널,45,ST045,시흥중앙도서관,671.0,0.671,3.1817228022763167,0.300402098,0.300402098,0.0,0.0,PRELIMINARY_POINT_BUFFER_PROXY,0.425583211,PRELIMINARY_90M,0.025579192145379383,0.35910616559669406,0.300402098,0.03381446955986759,0.17972548132548524,balanced,DEGREE_LIMIT_3
209,ST004__ST054,4,ST004,배곧중심상가,54,ST054,시흥 프리미엄 아울렛,3518.0,3.518,3.9115620934849367,0.174673018,0.174673018,0.0,0.0,PRELIMINARY_POINT_BUFFER_PROXY,1.470188615,PRELIMINARY_90M,0.2707777107914908,0.14471160486108936,0.174673018,0.2071304016588043,0.19932318382784614,balanced,DEGREE_LIMIT_3
1244,ST033__ST045,33,ST033,타원산업단지,45,ST045,시흥중앙도서관,3637.0,3.637,3.4781306841531268,0.249273043,0.249273043,0.0,0.0,PRELIMINARY_POINT_BUFFER_PROXY,0.487234376,PRELIMINARY_90M,0.28102661269485835,0.2720346165597639,0.249273043,0.04404333596822129,0.21159440205571087,balanced,DEGREE_LIMIT_3
151,ST003__ST047,3,ST003,배곧한울공원,47,ST047,배곧2동행정복지센터,2142.0,2.142,2.998593533213879,0.082490603,0.082490603,0.0,0.0,PRELIMINARY_POINT_BUFFER_PROXY,1.45164868,PRELIMINARY_90M,0.15226939970717424,0.41290145953524826,0.082490603,0.20405434432339853,0.21292895164145526,balanced,DEGREE_LIMIT_3
136,ST003__ST032,3,ST003,배곧한울공원,32,ST032,희망공원,2946.0,2.946,2.474419063810549,0.0,0.0,0.0,0.0,PRELIMINARY_POINT_BUFFER_PROXY,0.664390229,PRELIMINARY_90M,0.22151408147446386,0.5668807759001471,0.0,0.07343618773014575,0.21545776127618915,balanced,DEGREE_LIMIT_3
1222,ST032__ST045,32,ST032,희망공원,45,ST045,시흥중앙도서관,3542.0,3.542,3.695161173181692,0.239589717,0.239589717,0.0,0.0,PRELIMINARY_POINT_BUFFER_PROXY,1.100349444,PRELIMINARY_90M,0.27284471621738005,0.20828064096267274,0.239589717,0.1457684554127718,0.21662088239820615,balanced,DEGREE_LIMIT_3
1444,ST046__ST050,46,ST046,배곧1동행정복지센터,50,ST050,시흥한라3차아파트,2363.0,2.363,4.178737580648687,0.479447383,0.479447383,0.0,0.0,PRELIMINARY_POINT_BUFFER_PROXY,1.190735572,PRELIMINARY_90M,0.17130307467057102,0.06622724275592551,0.479447383,0.16076488943766587,0.2194356474660406,balanced,DEGREE_LIMIT_3
1474,ST050__ST054,50,ST050,시흥한라3차아파트,54,ST054,시흥 프리미엄 아울렛,4969.0,4.969,4.404187534909858,0.286229319,0.286229319,0.0,0.0,PRELIMINARY_POINT_BUFFER_PROXY,1.464039357,PRELIMINARY_90M,0.3957454138317113,0.0,0.286229319,0.20611014618443493,0.22202121975403655,balanced,DEGREE_LIMIT_3
1226,ST032__ST049,32,ST032,희망공원,49,ST049,거북섬 웨이브파크 정문,4499.0,4.499,3.070219818149316,0.042639664,0.042639664,0.0,0.0,PRELIMINARY_POINT_BUFFER_PROXY,0.994963213,PRELIMINARY_90M,0.35526655757471365,0.3918608193822274,0.042639664,0.12828327604626832,0.22951257925080235,balanced,DEGREE_LIMIT_3
160,ST004__ST005,4,ST004,배곧중심상가,5,ST005,배곧중·고등학교,2591.0,2.591,3.612965583991951,0.346284637,0.346284637,0.0,0.0,PRELIMINARY_POINT_BUFFER_PROXY,1.174987484,PRELIMINARY_90M,0.19093962621651883,0.23242607606189314,0.346284637,0.15815204200260122,0.2319505953202533,balanced,DEGREE_LIMIT_3
108,ST003__ST004,3,ST003,배곧한울공원,4,ST004,배곧중심상가,4685.0,4.685,2.9330495193194137,0.0,0.0,0.0,0.0,PRELIMINARY_POINT_BUFFER_PROXY,1.18657571,PRELIMINARY_90M,0.37128584962535527,0.432155396993838,0.0,0.16007470503198293,0.24087898791279405,balanced,DEGREE_LIMIT_3
1145,ST029__ST040,29,ST029,관곡공원,40,ST040,갯골생태공원,3173.0,3.173,2.6002442194967386,0.0,0.0,0.0,0.0,PRELIMINARY_POINT_BUFFER_PROXY,1.529257702,PRELIMINARY_90M,0.24106450779433297,0.5299189004465018,0.0,0.2169308620359346,0.24697856756919234,balanced,DEGREE_LIMIT_3
53,ST001__ST054,1,ST001,월곶역,54,ST054,시흥 프리미엄 아울렛,3069.0,3.069,2.971566575272677,0.131704676,0.131704676,0.0,0.0,PRELIMINARY_POINT_BUFFER_PROXY,1.446878915,PRELIMINARY_90M,0.23210748428214625,0.42084078651533996,0.131704676,0.20326296772922972,0.24697897863167897,balanced,DEGREE_LIMIT_3
949,ST022__ST047,22,ST022,오이도박물관,47,ST047,배곧2동행정복지센터,4352.0,4.352,3.2556383357386656,0.040564469,0.040564469,0.0,0.0,PRELIMINARY_POINT_BUFFER_PROXY,1.850197274,PRELIMINARY_90M,0.34260614934114203,0.3373930452987237,0.040564469,0.2701796207113337,0.24768582108779988,balanced,DEGREE_LIMIT_3
534,ST011__ST050,11,ST011,배곧생명공원,50,ST050,시흥한라3차아파트,995.0,0.995,2.969355785245408,0.47264275,0.47264275,0.0,0.0,PRELIMINARY_POINT_BUFFER_PROXY,0.56995669,PRELIMINARY_90M,0.05348376539488416,0.4214902190171036,0.47264275,0.057768226631615675,0.25134624026090086,balanced,DEGREE_LIMIT_3
1243,ST033__ST044,33,ST033,타원산업단지,44,ST044,경기과학기술대학교,1598.0,1.598,1.7010597777371803,0.123630586,0.123630586,0.0,0.0,PRELIMINARY_POINT_BUFFER_PROXY,0.331684145,PRELIMINARY_90M,0.1054172767203514,0.7940595896824632,0.123630586,0.018235185665018444,0.26033565951695825,balanced,DEGREE_LIMIT_3
63,ST002__ST011,2,ST002,월곶포구,11,ST011,배곧생명공원,3928.0,3.928,3.437997456052192,0.304495296,0.304495296,0.0,0.0,PRELIMINARY_POINT_BUFFER_PROXY,1.160746133,PRELIMINARY_90M,0.3060890534837654,0.28382398705988165,0.304495296,0.1557891851635865,0.26254938042680837,balanced,DEGREE_LIMIT_3
820,ST019__ST020,19,ST019,시화병원,20,ST020,시화공업단지[왼쪽부근],1979.0,1.979,2.8736363843131483,0.422822321,0.422822321,0.0,0.0,PRELIMINARY_POINT_BUFFER_PROXY,0.548112375,PRELIMINARY_90M,0.13823098785634313,0.4496083529185587,0.422822321,0.054143922372044954,0.2662013960367367,balanced,DEGREE_LIMIT_3
784,ST018__ST020,18,ST018,정왕역,20,ST020,시화공업단지[왼쪽부근],1949.0,1.949,3.244027725944256,0.540858498,0.540858498,0.0,0.0,PRELIMINARY_POINT_BUFFER_PROXY,0.564911031,PRELIMINARY_90M,0.13564723107398158,0.34080372983808693,0.540858498,0.05693107502461671,0.2685601334841713,balanced,DEGREE_LIMIT_3
878,ST020__ST043,20,ST020,시화공업단지[왼쪽부근],43,ST043,시흥종합버스터미널,792.0,0.792,2.422886141395766,0.407592084,0.407592084,0.0,0.0,PRELIMINARY_POINT_BUFFER_PROXY,0.610397046,PRELIMINARY_90M,0.036000344500904315,0.5820188732835356,0.407592084,0.0644778970657472,0.27252229971254677,balanced,DEGREE_LIMIT_3
1247,ST033__ST048,33,ST033,타원산업단지,48,ST048,정왕평생학습관 사거리,3608.0,3.608,2.731241808577759,0.220485387,0.220485387,0.0,0.0,PRELIMINARY_POINT_BUFFER_PROXY,0.925063471,PRELIMINARY_90M,0.2785289811385755,0.49143759242876095,0.220485387,0.11668584519647998,0.2767844514409541,balanced,DEGREE_LIMIT_3
957,ST022__ST055,22,ST022,오이도박물관,55,ST055,해양생태과학관,1977.0,1.977,2.056726097058233,0.0,0.0,0.0,0.0,PRELIMINARY_POINT_BUFFER_PROXY,2.016046436,PRELIMINARY_90M,0.1380587374041857,0.6895805280345066,0.0,0.29769652038444466,0.28133394645578425,balanced,DEGREE_LIMIT_3
466,ST010__ST026,10,ST010,은계호수공원,26,ST026,은계파크자이,1220.0,1.22,2.405341600576404,0.254629654,0.254629654,0.0,0.0,PRELIMINARY_POINT_BUFFER_PROXY,1.537591702,PRELIMINARY_90M,0.07286194126259582,0.5871726847699602,0.254629654,0.21831359945293588,0.283244469871373,balanced,DEGREE_LIMIT_3
925,ST022__ST023,22,ST022,오이도박물관,23,ST023,오이도역,6145.0,6.145,3.451768155847177,0.187192651,0.187192651,0.0,0.0,PRELIMINARY_POINT_BUFFER_PROXY,1.271537161,PRELIMINARY_90M,0.4970286797002842,0.27977876344814856,0.187192651,0.17417110259622826,0.28454279918616526,balanced,DEGREE_LIMIT_3
1147,ST029__ST042,29,ST029,관곡공원,42,ST042,시흥시청역,2654.0,2.654,2.6841941622399865,0.0,0.0,0.0,0.0,PRELIMINARY_POINT_BUFFER_PROXY,2.927478894,PRELIMINARY_90M,0.19636551545947808,0.5052581137294531,0.0,0.44891703427285934,0.28763516586544763,balanced,DEGREE_LIMIT_3
1320,ST037__ST043,37,ST037,군자동행정복지센터,43,ST043,시흥종합버스터미널,5459.0,5.459,3.293489234867605,0.297239452,0.297239452,0.0,0.0,PRELIMINARY_POINT_BUFFER_PROXY,1.231122529,PRELIMINARY_90M,0.43794677461028336,0.32627412228382535,0.297239452,0.1674657001651343,0.3072315122648107,balanced,DEGREE_LIMIT_3
916,ST021__ST047,21,ST021,오이도 포구 해양관광 단지,47,ST047,배곧2동행정복지센터,3762.0,3.762,2.469042411414725,0.254750012,0.237212965,0.071741573,0.0,PRELIMINARY_POINT_BUFFER_PROXY,1.099645611,PRELIMINARY_90M,0.29179226595469815,0.5684601989902931,0.254750012,0.14565167880796975,0.31516353893824023,balanced,DEGREE_LIMIT_3
1381,ST041__ST042,41,ST041,연꽃테마파크,42,ST042,시흥시청역,3357.0,3.357,2.4375560527901543,0.0,0.0,0.0,0.0,PRELIMINARY_POINT_BUFFER_PROXY,2.986825232,PRELIMINARY_90M,0.25691154939281713,0.5777095010048499,0.0,0.458763494809769,0.323346136301859,balanced,DEGREE_LIMIT_3
30,ST001__ST031,1,ST001,월곶역,31,ST031,마전저수지,4726.0,4.726,2.1733816526852707,0.0,0.0,0.0,0.0,PRELIMINARY_POINT_BUFFER_PROXY,1.971254241,PRELIMINARY_90M,0.37481698389458273,0.6553122762326484,0.0,0.2902648136390502,0.33009851844157034,balanced,DEGREE_LIMIT_3
434,ST009__ST039,9,ST009,능곡중앙공원,39,ST039,능곡힐스테이트,792.0,0.792,2.0,0.496869839,0.318845713,0.496869839,0.0,PRELIMINARY_POINT_BUFFER_PROXY,0.848295282,PRELIMINARY_90M,0.036000344500904315,0.7062441508450915,0.496869839,0.10394883447345071,0.33576579220486164,balanced,DEGREE_LIMIT_3
1284,ST035__ST044,35,ST035,산들공원,44,ST044,경기과학기술대학교,6030.0,6.03,2.956928367155461,0.339457259,0.339457259,0.0,0.0,PRELIMINARY_POINT_BUFFER_PROXY,0.834605206,PRELIMINARY_90M,0.4871242787012316,0.42514084577091904,0.339457259,0.10167744254558998,0.33834995650443517,balanced,DEGREE_LIMIT_3
39,ST001__ST040,1,ST001,월곶역,40,ST040,갯골생태공원,5747.0,5.747,2.2745800351507977,0.059449603,0.059449603,0.0,0.0,PRELIMINARY_POINT_BUFFER_PROXY,1.594274833,PRELIMINARY_90M,0.46275083972095427,0.6255846594583843,0.059449603,0.2277181934229965,0.3438758239005838,balanced,DEGREE_LIMIT_3
636,ST014__ST026,14,ST014,시흥대야역,26,ST026,은계파크자이,2742.0,2.742,2.689120979304191,0.480816193,0.434350308,0.046465885,0.0,PRELIMINARY_POINT_BUFFER_PROXY,1.352474425,PRELIMINARY_90M,0.2039445353544053,0.5038108323991268,0.480816193,0.1875998263018331,0.3440428467638413,balanced,DEGREE_LIMIT_3
283,ST006__ST029,6,ST006,시흥시청 본청,29,ST029,관곡공원,3470.0,3.47,2.475229440723157,0.075912866,0.075912866,0.0,0.0,PRELIMINARY_POINT_BUFFER_PROXY,3.041565706,PRELIMINARY_90M,0.2666436999397123,0.5666427229420483,0.075912866,0.4678457724224623,0.3442612653260557,balanced,DEGREE_LIMIT_3
1447,ST046__ST053,46,ST046,배곧1동행정복지센터,53,ST053,오이도 빨강등대,7401.0,7.401,3.5478278014585065,0.239891327,0.174995367,0.06489596,0.0,PRELIMINARY_POINT_BUFFER_PROXY,2.131583779,PRELIMINARY_90M,0.6052019636551546,0.2515606806820728,0.239891327,0.3168659236994208,0.3533799737591621,balanced,DEGREE_LIMIT_3
262,ST006__ST008,6,ST006,시흥시청 본청,8,ST008,시흥능곡역,1951.0,1.951,2.023517683433672,0.1397711,0.1397711,0.0,0.0,PRELIMINARY_POINT_BUFFER_PROXY,2.968420709,PRELIMINARY_90M,0.135819481526139,0.699335693777877,0.1397711,0.45570990438570363,0.3576590449224299,balanced,DEGREE_LIMIT_3
385,ST008__ST036,8,ST008,시흥능곡역,36,ST036,시흥시립군자도서관,4468.0,4.468,3.322939983305055,0.221339234,0.221339234,0.0,0.0,PRELIMINARY_POINT_BUFFER_PROXY,3.518784026,PRELIMINARY_90M,0.3525966755662734,0.3176227926683346,0.221339234,0.5470235534570783,0.3596455639229216,balanced,DEGREE_LIMIT_3
468,ST010__ST028,10,ST010,은계호수공원,28,ST028,매화산업단지,3734.0,3.734,2.2597817465071626,0.156648005,0.156648005,0.0,0.0,PRELIMINARY_POINT_BUFFER_PROXY,2.499811713,PRELIMINARY_90M,0.289380759624494,0.6299317433049347,0.156648005,0.3779605412092454,0.36348026228466856,balanced,DEGREE_LIMIT_3
452,ST010__ST012,10,ST010,은계호수공원,12,ST012,신천역,2361.0,2.361,2.79221465563128,0.473443851,0.473443851,0.0,0.0,PRELIMINARY_POINT_BUFFER_PROXY,2.295026039,PRELIMINARY_90M,0.17113082421841358,0.4735264619671615,0.473443851,0.34398348170533055,0.3655211547227264,balanced,DEGREE_LIMIT_3
595,ST013__ST026,13,ST013,삼미시장,26,ST026,은계파크자이,1938.0,1.938,2.6326125397405407,0.511569918,0.511569918,0.0,0.0,PRELIMINARY_POINT_BUFFER_PROXY,2.070334106,PRELIMINARY_90M,0.13469985358711567,0.5204105170475657,0.511569918,0.3067036709232997,0.3683459898894953,balanced,DEGREE_LIMIT_3
1264,ST034__ST044,34,ST034,군자디지털과학고등학교,44,ST044,경기과학기술대학교,6466.0,6.466,2.854871731872146,0.383886554,0.383886554,0.0,0.0,PRELIMINARY_POINT_BUFFER_PROXY,0.931735075,PRELIMINARY_90M,0.5246748772715528,0.455120579330462,0.383886554,0.1177927658206959,0.3703686941056777,balanced,DEGREE_LIMIT_3
431,ST009__ST036,9,ST009,능곡중앙공원,36,ST036,시흥시립군자도서관,4477.0,4.477,3.3255331202319405,0.336615531,0.336615531,0.073519269,0.0,PRELIMINARY_POINT_BUFFER_PROXY,3.161998942,PRELIMINARY_90M,0.35337180260098183,0.3168610435284025,0.336615531,0.4878274788860746,0.37366896400386473,balanced,DEGREE_LIMIT_3
769,ST017__ST042,17,ST017,장곡동,42,ST042,시흥시청역,2716.0,2.716,1.8434790923881643,0.330839246,0.330839246,0.0,0.0,PRELIMINARY_POINT_BUFFER_PROXY,1.590121124,PRELIMINARY_90M,0.20170527947635863,0.7522230829711033,0.330839246,0.22702902989364263,0.37794915958527614,balanced,DEGREE_LIMIT_3
292,ST006__ST038,6,ST006,시흥시청 본청,38,ST038,능곡도서관,2199.0,2.199,2.084117616972949,0.214672193,0.183407351,0.04195668,0.0,PRELIMINARY_POINT_BUFFER_PROXY,3.091529972,PRELIMINARY_90M,0.15717853759366118,0.6815341088423155,0.214672193,0.4761356044492447,0.3823801109713053,balanced,DEGREE_LIMIT_3
714,ST016__ST025,16,ST016,물왕호수,25,ST025,목감동행정복지센터,3005.0,3.005,2.1381214943015445,0.193383798,0.119943446,0.161932073,0.0,PRELIMINARY_POINT_BUFFER_PROXY,2.924827881,PRELIMINARY_90M,0.22659546981310827,0.6656701539999965,0.193383798,0.4484771908761643,0.38353165317231724,balanced,DEGREE_LIMIT_3
596,ST013__ST027,13,ST013,삼미시장,27,ST027,은행동행정복지센터,1561.0,1.561,2.6154869323133116,0.514819805,0.514819805,0.0,0.0,PRELIMINARY_POINT_BUFFER_PROXY,2.62974837,PRELIMINARY_90M,0.10223064335543881,0.525441264399645,0.514819805,0.3995190098286312,0.3855026806459288,balanced,DEGREE_LIMIT_3
1391,ST041__ST052,41,ST041,연꽃테마파크,52,ST052,가온그린공원,4968.0,4.968,2.2619391797382047,0.172697542,0.172697542,0.0,0.0,PRELIMINARY_POINT_BUFFER_PROXY,2.343340408,PRELIMINARY_90M,0.3956592886056326,0.629297984674155,0.172697542,0.35199957071362264,0.3874135964983526,balanced,DEGREE_LIMIT_3
1376,ST040__ST051,40,ST040,갯골생태공원,51,ST051,연성중학교,5417.0,5.417,2.495832602905231,0.192518156,0.176017861,0.031845057,0.0,PRELIMINARY_POINT_BUFFER_PROXY,2.410565802,PRELIMINARY_90M,0.4343295151149772,0.5605904235399768,0.192518156,0.36315328653513135,0.3876478452975213,balanced,DEGREE_LIMIT_3
713,ST016__ST024,16,ST016,물왕호수,24,ST024,목감고등학교,3229.0,3.229,2.105914035609522,0.176923572,0.176923572,0.0,0.0,PRELIMINARY_POINT_BUFFER_PROXY,3.167384816,PRELIMINARY_90M,0.2458875204547412,0.6751312833771932,0.176923572,0.48872107733856496,0.3966658632926249,balanced,DEGREE_LIMIT_3
212,ST005__ST007,5,ST005,배곧중·고등학교,7,ST007,장현지구,8693.0,8.693,2.8511151830977814,0.249918525,0.249918525,0.0,0.0,PRELIMINARY_POINT_BUFFER_PROXY,1.599416949,PRELIMINARY_90M,0.7164757557488588,0.4562240875055673,0.249918525,0.22857134871406454,0.41279742924212265,balanced,DEGREE_LIMIT_3
65,ST002__ST013,2,ST002,월곶포구,13,ST013,삼미시장,8913.0,8.913,3.1699010313471865,0.195254791,0.180876461,0.06348988,0.0,PRELIMINARY_POINT_BUFFER_PROXY,2.384881968,PRELIMINARY_90M,0.7354233054861768,0.36257887995449556,0.195254791,0.3588919476481804,0.4130372310222132,balanced,DEGREE_LIMIT_3
666,ST015__ST016,15,ST015,목감택지개발예정지구,16,ST016,물왕호수,3107.0,3.107,2.1181705540136373,0.281664379,0.281664379,0.0,0.0,PRELIMINARY_POINT_BUFFER_PROXY,3.053159992,PRELIMINARY_90M,0.23538024287313755,0.6715308594057094,0.281664379,0.4697694408980579,0.4145862305442262,balanced,DEGREE_LIMIT_3
1023,ST025__ST028,25,ST025,목감동행정복지센터,28,ST028,매화산업단지,6878.0,6.878,2.8903708674922335,0.271201217,0.266520768,0.103849183,0.0,PRELIMINARY_POINT_BUFFER_PROXY,3.071832764,PRELIMINARY_90M,0.5601584704159849,0.44469250060211796,0.271201217,0.4728675379131207,0.43722993148280587,balanced,DEGREE_LIMIT_3
82,ST002__ST030,2,ST002,월곶포구,30,ST030,장곡도서관,5588.0,5.588,2.0815186231395657,0.385608082,0.385608082,0.0,0.0,PRELIMINARY_POINT_BUFFER_PROXY,1.627351059,PRELIMINARY_90M,0.44905692877443804,0.6822975784827894,0.385608082,0.2332060426314667,0.4375421579721735,balanced,DEGREE_LIMIT_3
1409,ST043__ST045,43,ST043,시흥종합버스터미널,45,ST045,시흥중앙도서관,671.0,0.671,3.1817228022763167,0.300402098,0.300402098,0.0,0.0,PRELIMINARY_POINT_BUFFER_PROXY,0.425583211,PRELIMINARY_90M,0.025579192145379383,0.35910616559669406,0.300402098,0.03381446955986759,0.1180669656534429,distance_focus,MST
1,ST001__ST002,1,ST001,월곶역,2,ST002,월곶포구,619.0,0.619,1.5532421960245575,0.149164241,0.149164241,0.0,0.0,PRELIMINARY_POINT_BUFFER_PROXY,0.47799073,PRELIMINARY_90M,0.02110068038928602,0.8374818689184798,0.149164241,0.042509674437898,0.16597874186756395,distance_focus,MST
534,ST011__ST050,11,ST011,배곧생명공원,50,ST050,시흥한라3차아파트,995.0,0.995,2.969355785245408,0.47264275,0.47264275,0.0,0.0,PRELIMINARY_POINT_BUFFER_PROXY,0.56995669,PRELIMINARY_90M,0.05348376539488416,0.4214902190171036,0.47264275,0.057768226631615675,0.17220125031449415,distance_focus,MST
880,ST020__ST045,20,ST020,시화공업단지[왼쪽부근],45,ST045,시흥중앙도서관,1373.0,1.373,2.951996349336429,0.38168565,0.38168565,0.0,0.0,PRELIMINARY_POINT_BUFFER_PROXY,0.548337,PRELIMINARY_90M,0.08603910085263974,0.42658965485339595,0.38168565,0.05418119107762378,0.17668997985860482,distance_focus,MST
879,ST020__ST044,20,ST020,시화공업단지[왼쪽부근],44,ST044,경기과학기술대학교,406.0,0.406,2.506476981067469,0.352976565,0.352976565,0.0,0.0,PRELIMINARY_POINT_BUFFER_PROXY,1.876973273,PRELIMINARY_90M,0.0027560072345189906,0.5574635751942025,0.352976565,0.274622166391066,0.17927514996677574,distance_focus,MST
1448,ST046__ST054,46,ST046,배곧1동행정복지센터,54,ST054,시흥 프리미엄 아울렛,1087.0,1.087,2.0,0.198910149,0.198910149,0.0,0.0,PRELIMINARY_POINT_BUFFER_PROXY,0.722410179,PRELIMINARY_90M,0.06140728619412626,0.7062441508450915,0.198910149,0.08306258031444422,0.1820065394306998,distance_focus,MST
259,ST005__ST054,5,ST005,배곧중·고등학교,54,ST054,시흥 프리미엄 아울렛,1508.0,1.508,1.711681176130996,0.0,0.0,0.0,0.0,PRELIMINARY_POINT_BUFFER_PROXY,0.623743217,PRELIMINARY_90M,0.09766600637326674,0.7909394917780753,0.0,0.06669222992096648,0.18236106176015296,distance_focus,MST
151,ST003__ST047,3,ST003,배곧한울공원,47,ST047,배곧2동행정복지센터,2142.0,2.142,2.998593533213879,0.082490603,0.082490603,0.0,0.0,PRELIMINARY_POINT_BUFFER_PROXY,1.45164868,PRELIMINARY_90M,0.15226939970717424,0.41290145953524826,0.082490603,0.20405434432339853,0.18866513086774286,distance_focus,MST
1243,ST033__ST044,33,ST033,타원산업단지,44,ST044,경기과학기술대학교,1598.0,1.598,1.7010597777371803,0.123630586,0.123630586,0.0,0.0,PRELIMINARY_POINT_BUFFER_PROXY,0.331684145,PRELIMINARY_90M,0.1054172767203514,0.7940595896824632,0.123630586,0.018235185665018444,0.1983683063983155,distance_focus,MST
466,ST010__ST026,10,ST010,은계호수공원,26,ST026,은계파크자이,1220.0,1.22,2.405341600576404,0.254629654,0.254629654,0.0,0.0,PRELIMINARY_POINT_BUFFER_PROXY,1.537591702,PRELIMINARY_90M,0.07286194126259582,0.5871726847699602,0.254629654,0.21831359945293588,0.19909145842786208,distance_focus,MST
1444,ST046__ST050,46,ST046,배곧1동행정복지센터,50,ST050,시흥한라3차아파트,2363.0,2.363,4.178737580648687,0.479447383,0.479447383,0.0,0.0,PRELIMINARY_POINT_BUFFER_PROXY,1.190735572,PRELIMINARY_90M,0.17130307467057102,0.06622724275592551,0.479447383,0.16076488943766587,0.20018261834785278,distance_focus,MST
807,ST018__ST043,18,ST018,정왕역,43,ST043,시흥종합버스터미널,1406.0,1.406,2.6557306312689994,0.43367149,0.43367149,0.0,0.0,PRELIMINARY_POINT_BUFFER_PROXY,0.599226145,PRELIMINARY_90M,0.08888123331323745,0.5136194424397824,0.43367149,0.0626244746042261,0.20037198937888187,distance_focus,MST
205,ST004__ST050,4,ST004,배곧중심상가,50,ST050,시흥한라3차아파트,2083.0,2.083,3.3375162940590184,0.4015265,0.4015265,0.0,0.0,PRELIMINARY_POINT_BUFFER_PROXY,0.795418286,PRELIMINARY_90M,0.14718801136852985,0.3133409161252583,0.4015265,0.09517573621717196,0.20245987910405597,distance_focus,MST
1412,ST043__ST048,43,ST043,시흥종합버스터미널,48,ST048,정왕평생학습관 사거리,1307.0,1.307,3.0428754779308687,0.59325425,0.59325425,0.0,0.0,PRELIMINARY_POINT_BUFFER_PROXY,0.728620186,PRELIMINARY_90M,0.08035483593144432,0.3998933792626782,0.59325425,0.08409291497232037,0.20578124139754414,distance_focus,MST
820,ST019__ST020,19,ST019,시화병원,20,ST020,시화공업단지[왼쪽부근],1979.0,1.979,2.8736363843131483,0.422822321,0.422822321,0.0,0.0,PRELIMINARY_POINT_BUFFER_PROXY,0.548112375,PRELIMINARY_90M,0.13823098785634313,0.4496083529185587,0.422822321,0.054143922372044954,0.21501323276457926,distance_focus,MST
1210,ST032__ST033,32,ST032,희망공원,33,ST033,타원산업단지,2081.0,2.081,1.4965117896209403,0.0,0.0,0.0,0.0,PRELIMINARY_POINT_BUFFER_PROXY,0.481788461,PRELIMINARY_90M,0.14701576091637242,0.8541467576244774,0.0,0.043139775800197705,0.21545164851770612,distance_focus,MST
434,ST009__ST039,9,ST009,능곡중앙공원,39,ST039,능곡힐스테이트,792.0,0.792,2.0,0.496869839,0.318845713,0.496869839,0.0,PRELIMINARY_POINT_BUFFER_PROXY,0.848295282,PRELIMINARY_90M,0.036000344500904315,0.7062441508450915,0.496869839,0.10394883447345071,0.2158596131232787,distance_focus,MST
136,ST003__ST032,3,ST003,배곧한울공원,32,ST032,희망공원,2946.0,2.946,2.474419063810549,0.0,0.0,0.0,0.0,PRELIMINARY_POINT_BUFFER_PROXY,0.664390229,PRELIMINARY_90M,0.22151408147446386,0.5668807759001471,0.0,0.07343618773014575,0.21788028935549905,distance_focus,MST
178,ST004__ST023,4,ST004,배곧중심상가,23,ST023,오이도역,1713.0,1.713,2.7144915430768712,0.4750888,0.4750888,0.0,0.0,PRELIMINARY_POINT_BUFFER_PROXY,0.778708558,PRELIMINARY_90M,0.11532167771940402,0.49635808089454436,0.4750888,0.09240333807300183,0.22300445559080412,distance_focus,MST
957,ST022__ST055,22,ST022,오이도박물관,55,ST055,해양생태과학관,1977.0,1.977,2.056726097058233,0.0,0.0,0.0,0.0,PRELIMINARY_POINT_BUFFER_PROXY,2.016046436,PRELIMINARY_90M,0.1380587374041857,0.6895805280345066,0.0,0.29769652038444466,0.22402386283514483,distance_focus,MST
202,ST004__ST047,4,ST004,배곧중심상가,47,ST047,배곧2동행정복지센터,2617.0,2.617,4.125555851408769,0.591916562,0.591916562,0.0,0.0,PRELIMINARY_POINT_BUFFER_PROXY,1.078170272,PRELIMINARY_90M,0.1931788820945655,0.08184968678832416,0.591916562,0.14208859328144147,0.22862661146247584,distance_focus,MST
934,ST022__ST032,22,ST022,오이도박물관,32,ST032,희망공원,2894.0,2.894,2.88457420094931,0.0,0.0,0.0,0.0,PRELIMINARY_POINT_BUFFER_PROXY,2.242877844,PRELIMINARY_90M,0.2170355697183705,0.4463953053047024,0.0,0.3353313026249875,0.23662855453455728,distance_focus,MST
53,ST001__ST054,1,ST001,월곶역,54,ST054,시흥 프리미엄 아울렛,3069.0,3.069,2.971566575272677,0.131704676,0.131704676,0.0,0.0,PRELIMINARY_POINT_BUFFER_PROXY,1.446878915,PRELIMINARY_90M,0.23210748428214625,0.42084078651533996,0.131704676,0.20326296772922972,0.2410303808918659,distance_focus,MST
1145,ST029__ST040,29,ST029,관곡공원,40,ST040,갯골생태공원,3173.0,3.173,2.6002442194967386,0.0,0.0,0.0,0.0,PRELIMINARY_POINT_BUFFER_PROXY,1.529257702,PRELIMINARY_90M,0.24106450779433297,0.5299189004465018,0.0,0.2169308620359346,0.24461294365924857,distance_focus,MST
779,ST017__ST052,17,ST017,장곡동,52,ST052,가온그린공원,639.0,0.639,1.9871511618456574,0.588670368,0.588670368,0.0,0.0,PRELIMINARY_POINT_BUFFER_PROXY,1.720740011,PRELIMINARY_90M,0.02282318491086039,0.7100185722077744,0.588670368,0.24870069085140145,0.24466119635984962,distance_focus,MST
951,ST022__ST049,22,ST022,오이도박물관,49,ST049,거북섬 웨이브파크 정문,2432.0,2.432,2.198773004915802,0.078808855,0.078808855,0.0,0.0,PRELIMINARY_POINT_BUFFER_PROXY,1.80570442,PRELIMINARY_90M,0.17724571527000257,0.6478534179969773,0.078808855,0.26279757919285823,0.24590412122697675,distance_focus,MST
1147,ST029__ST042,29,ST029,관곡공원,42,ST042,시흥시청역,2654.0,2.654,2.6841941622399865,0.0,0.0,0.0,0.0,PRELIMINARY_POINT_BUFFER_PROXY,2.927478894,PRELIMINARY_90M,0.19636551545947808,0.5052581137294531,0.0,0.44891703427285934,0.25112730570305986,distance_focus,MST
454,ST010__ST014,10,ST010,은계호수공원,14,ST014,시흥대야역,1525.0,1.525,2.792670740390496,0.667821134,0.57752438,0.090296754,0.0,PRELIMINARY_POINT_BUFFER_PROXY,1.2539899,PRELIMINARY_90M,0.09913013521660495,0.47339248440143145,0.667821134,0.1712597449827669,0.2513925788767625,distance_focus,MST
922,ST021__ST053,21,ST021,오이도 포구 해양관광 단지,53,ST053,오이도 빨강등대,374.0,0.374,1.497751290766831,0.499042777,0.014898499,0.484144278,0.0,PRELIMINARY_POINT_BUFFER_PROXY,2.232582635,PRELIMINARY_90M,0.0,0.8537826469128378,0.499042777,0.3336231707915163,0.2529672892056531,distance_focus,MST
262,ST006__ST008,6,ST006,시흥시청 본청,8,ST008,시흥능곡역,1951.0,1.951,2.023517683433672,0.1397711,0.1397711,0.0,0.0,PRELIMINARY_POINT_BUFFER_PROXY,2.968420709,PRELIMINARY_90M,0.135819481526139,0.699335693777877,0.1397711,0.45570990438570363,0.2689232195639135,distance_focus,MST
596,ST013__ST027,13,ST013,삼미시장,27,ST027,은행동행정복지센터,1561.0,1.561,2.6154869323133116,0.514819805,0.514819805,0.0,0.0,PRELIMINARY_POINT_BUFFER_PROXY,2.62974837,PRELIMINARY_90M,0.10223064335543881,0.525441264399645,0.514819805,0.3995190098286312,0.2721938657297328,distance_focus,MST
157,ST003__ST053,3,ST003,배곧한울공원,53,ST053,오이도 빨강등대,2485.0,2.485,2.0743268960726615,0.321268247,0.295693025,0.112820736,0.0,PRELIMINARY_POINT_BUFFER_PROXY,1.113752047,PRELIMINARY_90M,0.18181035225217465,0.6844101903742181,0.321268247,0.14799215119550682,0.2730462820241548,distance_focus,MST
296,ST006__ST042,6,ST006,시흥시청 본청,42,ST042,시흥시청역,594.0,0.594,1.9806585205188414,0.443911734,0.443911734,0.0,0.0,PRELIMINARY_POINT_BUFFER_PROXY,3.847017707,PRELIMINARY_90M,0.018947549737318062,0.7119258235739915,0.443911734,0.6014825158087417,0.27401916336293486,distance_focus,MST
595,ST013__ST026,13,ST013,삼미시장,26,ST026,은계파크자이,1938.0,1.938,2.6326125397405407,0.511569918,0.511569918,0.0,0.0,PRELIMINARY_POINT_BUFFER_PROXY,2.070334106,PRELIMINARY_90M,0.13469985358711567,0.5204105170475657,0.511569918,0.3067036709232997,0.2748875353685434,distance_focus,MST
553,ST012__ST026,12,ST012,신천역,26,ST026,은계파크자이,1797.0,1.797,2.4281601537334185,0.516501543,0.516501543,0.0,0.0,PRELIMINARY_POINT_BUFFER_PROXY,2.25962769,PRELIMINARY_90M,0.12255619671001636,0.580469601310835,0.516501543,0.3381103569558261,0.28266813338050817,distance_focus,MST
1182,ST030__ST052,30,ST030,장곡도서관,52,ST052,가온그린공원,791.0,0.791,1.4122876848564432,0.639846456,0.639846456,0.0,0.0,PRELIMINARY_POINT_BUFFER_PROXY,1.92746504,PRELIMINARY_90M,0.0359142192748256,0.8788880810388843,0.639846456,0.2829995188606377,0.29001292898608233,distance_focus,MST
292,ST006__ST038,6,ST006,시흥시청 본청,38,ST038,능곡도서관,2199.0,2.199,2.084117616972949,0.214672193,0.183407351,0.04195668,0.0,PRELIMINARY_POINT_BUFFER_PROXY,3.091529972,PRELIMINARY_90M,0.15717853759366118,0.6815341088423155,0.214672193,0.4761356044492447,0.29229948162024766,distance_focus,MST
1194,ST031__ST040,31,ST031,마전저수지,40,ST040,갯골생태공원,2402.0,2.402,2.2619856904966325,0.142177716,0.142177716,0.0,0.0,PRELIMINARY_POINT_BUFFER_PROXY,3.572654596,PRELIMINARY_90M,0.17466195848764102,0.6292843218668183,0.142177716,0.5559615007589965,0.29517760796207476,distance_focus,MST
1381,ST041__ST042,41,ST041,연꽃테마파크,42,ST042,시흥시청역,3357.0,3.357,2.4375560527901543,0.0,0.0,0.0,0.0,PRELIMINARY_POINT_BUFFER_PROXY,2.986825232,PRELIMINARY_90M,0.25691154939281713,0.5777095010048499,0.0,0.458763494809769,0.29677230153824224,distance_focus,MST
433,ST009__ST038,9,ST009,능곡중앙공원,38,ST038,능곡도서관,744.0,0.744,2.0,0.97496266,0.515421611,0.830516213,0.0,PRELIMINARY_POINT_BUFFER_PROXY,1.451338391,PRELIMINARY_90M,0.031866333649125826,0.7062441508450915,0.97496266,0.2040028626566858,0.3003079345322858,distance_focus,MST
261,ST006__ST007,6,ST006,시흥시청 본청,7,ST007,장현지구,616.0,0.616,1.9913878469423045,0.790782282,0.790782282,0.0,0.0,PRELIMINARY_POINT_BUFFER_PROXY,2.79823581,PRELIMINARY_90M,0.020842304711049867,0.708774021179607,0.790782282,0.42747363996815096,0.3005177590632411,distance_focus,MST
769,ST017__ST042,17,ST017,장곡동,42,ST042,시흥시청역,2716.0,2.716,1.8434790923881643,0.330839246,0.330839246,0.0,0.0,PRELIMINARY_POINT_BUFFER_PROXY,1.590121124,PRELIMINARY_90M,0.20170527947635863,0.7522230829711033,0.330839246,0.22702902989364263,0.3074516075417091,distance_focus,MST
714,ST016__ST025,16,ST016,물왕호수,25,ST025,목감동행정복지센터,3005.0,3.005,2.1381214943015445,0.193383798,0.119943446,0.161932073,0.0,PRELIMINARY_POINT_BUFFER_PROXY,2.924827881,PRELIMINARY_90M,0.22659546981310827,0.6656701539999965,0.193383798,0.4484771908761643,0.32075717982863367,distance_focus,MST
1403,ST042__ST051,42,ST042,시흥시청역,51,ST051,연성중학교,2072.0,2.072,2.5274345688921906,0.351208623,0.308075573,0.083245449,0.0,PRELIMINARY_POINT_BUFFER_PROXY,4.64619177,PRELIMINARY_90M,0.14624063388166395,0.551307161186513,0.351208623,0.7340776537505509,0.32592136432547475,distance_focus,MST
1255,ST034__ST035,34,ST034,군자디지털과학고등학교,35,ST035,산들공원,462.0,0.462,1.4710642870065378,1.0,1.0,0.0,0.0,PRELIMINARY_POINT_BUFFER_PROXY,2.223041889,PRELIMINARY_90M,0.0075790198949272245,0.861622110363843,1.0,0.33204021585027504,0.33321780987432764,distance_focus,MST
990,ST024__ST025,24,ST024,목감고등학교,25,ST025,목감동행정복지센터,1561.0,1.561,2.1480533485120725,0.815690328,0.815690328,0.023517001,0.0,PRELIMINARY_POINT_BUFFER_PROXY,2.460306204,PRELIMINARY_90M,0.10223064335543881,0.6627526137327,0.815690328,0.371405976117815,0.3337041915230686,distance_focus,MST
468,ST010__ST028,10,ST010,은계호수공원,28,ST028,매화산업단지,3734.0,3.734,2.2597817465071626,0.156648005,0.156648005,0.0,0.0,PRELIMINARY_POINT_BUFFER_PROXY,2.499811713,PRELIMINARY_90M,0.289380759624494,0.6299317433049347,0.156648005,0.3779605412092454,0.33384046122059874,distance_focus,MST
674,ST015__ST024,15,ST015,목감택지개발예정지구,24,ST024,목감고등학교,376.0,0.376,2.0,0.846481849,0.846481849,0.0,0.0,PRELIMINARY_POINT_BUFFER_PROXY,4.399641958,PRELIMINARY_90M,0.0001722504521574369,0.7062441508450915,0.846481849,0.6931712882349484,0.33697933096069255,distance_focus,MST
1296,ST036__ST037,36,ST036,시흥시립군자도서관,37,ST037,군자동행정복지센터,688.0,0.688,1.1969270521131194,1.0,1.0,0.0,0.0,PRELIMINARY_POINT_BUFFER_PROXY,1.574384084,PRELIMINARY_90M,0.027043320988717597,0.9421515265849377,1.0,0.22441801548989346,0.33985925785501936,distance_focus,MST
30,ST001__ST031,1,ST001,월곶역,31,ST031,마전저수지,4726.0,4.726,2.1733816526852707,0.0,0.0,0.0,0.0,PRELIMINARY_POINT_BUFFER_PROXY,1.971254241,PRELIMINARY_90M,0.37481698389458273,0.6553122762326484,0.0,0.2902648136390502,0.34798590462277534,distance_focus,MST
740,ST016__ST051,16,ST016,물왕호수,51,ST051,연성중학교,2736.0,2.736,1.9961566566608884,0.363459039,0.363459039,0.145100799,0.0,PRELIMINARY_POINT_BUFFER_PROXY,3.605438126,PRELIMINARY_90M,0.203427783997933,0.7073731554312661,0.363459039,0.5614007872471636,0.35672022845062756,distance_focus,MST
385,ST008__ST036,8,ST008,시흥능곡역,36,ST036,시흥시립군자도서관,4468.0,4.468,3.322939983305055,0.221339234,0.221339234,0.0,0.0,PRELIMINARY_POINT_BUFFER_PROXY,3.518784026,PRELIMINARY_90M,0.3525966755662734,0.3176227926683346,0.221339234,0.5470235534570783,0.35682600858026237,distance_focus,MST
1283,ST035__ST043,35,ST035,산들공원,43,ST043,시흥종합버스터미널,6007.0,6.007,2.9570423267955706,0.286392525,0.286392525,0.0,0.0,PRELIMINARY_POINT_BUFFER_PROXY,0.727637936,PRELIMINARY_90M,0.4851433985014211,0.4251073694600692,0.286392525,0.08392994475059617,0.38614334505738146,distance_focus,MST
1108,ST028__ST029,28,ST028,매화산업단지,29,ST029,관곡공원,5556.0,5.556,1.6000991552975863,0.203318057,0.203318057,0.0,0.0,PRELIMINARY_POINT_BUFFER_PROXY,1.965812089,PRELIMINARY_90M,0.446300921539919,0.8237173630584143,0.203318057,0.2893618778099875,0.44292510152721576,distance_focus,MST
1409,ST043__ST045,43,ST043,시흥종합버스터미널,45,ST045,시흥중앙도서관,671.0,0.671,3.1817228022763167,0.300402098,0.300402098,0.0,0.0,PRELIMINARY_POINT_BUFFER_PROXY,0.425583211,PRELIMINARY_90M,0.025579192145379383,0.35910616559669406,0.300402098,0.03381446955986759,0.1180669656534429,distance_focus,T2_SPANNER
1,ST001__ST002,1,ST001,월곶역,2,ST002,월곶포구,619.0,0.619,1.5532421960245575,0.149164241,0.149164241,0.0,0.0,PRELIMINARY_POINT_BUFFER_PROXY,0.47799073,PRELIMINARY_90M,0.02110068038928602,0.8374818689184798,0.149164241,0.042509674437898,0.16597874186756395,distance_focus,T2_SPANNER
534,ST011__ST050,11,ST011,배곧생명공원,50,ST050,시흥한라3차아파트,995.0,0.995,2.969355785245408,0.47264275,0.47264275,0.0,0.0,PRELIMINARY_POINT_BUFFER_PROXY,0.56995669,PRELIMINARY_90M,0.05348376539488416,0.4214902190171036,0.47264275,0.057768226631615675,0.17220125031449415,distance_focus,T2_SPANNER
880,ST020__ST045,20,ST020,시화공업단지[왼쪽부근],45,ST045,시흥중앙도서관,1373.0,1.373,2.951996349336429,0.38168565,0.38168565,0.0,0.0,PRELIMINARY_POINT_BUFFER_PROXY,0.548337,PRELIMINARY_90M,0.08603910085263974,0.42658965485339595,0.38168565,0.05418119107762378,0.17668997985860482,distance_focus,T2_SPANNER
879,ST020__ST044,20,ST020,시화공업단지[왼쪽부근],44,ST044,경기과학기술대학교,406.0,0.406,2.506476981067469,0.352976565,0.352976565,0.0,0.0,PRELIMINARY_POINT_BUFFER_PROXY,1.876973273,PRELIMINARY_90M,0.0027560072345189906,0.5574635751942025,0.352976565,0.274622166391066,0.17927514996677574,distance_focus,T2_SPANNER
1448,ST046__ST054,46,ST046,배곧1동행정복지센터,54,ST054,시흥 프리미엄 아울렛,1087.0,1.087,2.0,0.198910149,0.198910149,0.0,0.0,PRELIMINARY_POINT_BUFFER_PROXY,0.722410179,PRELIMINARY_90M,0.06140728619412626,0.7062441508450915,0.198910149,0.08306258031444422,0.1820065394306998,distance_focus,T2_SPANNER
259,ST005__ST054,5,ST005,배곧중·고등학교,54,ST054,시흥 프리미엄 아울렛,1508.0,1.508,1.711681176130996,0.0,0.0,0.0,0.0,PRELIMINARY_POINT_BUFFER_PROXY,0.623743217,PRELIMINARY_90M,0.09766600637326674,0.7909394917780753,0.0,0.06669222992096648,0.18236106176015296,distance_focus,T2_SPANNER
1408,ST043__ST044,43,ST043,시흥종합버스터미널,44,ST044,경기과학기술대학교,734.0,0.734,2.289035195013716,0.336285385,0.336285385,0.0,0.0,PRELIMINARY_POINT_BUFFER_PROXY,1.176164054,PRELIMINARY_90M,0.031005081388338643,0.6213383716981828,0.336285385,0.15834725286925844,0.18444844619870246,distance_focus,T2_SPANNER
151,ST003__ST047,3,ST003,배곧한울공원,47,ST047,배곧2동행정복지센터,2142.0,2.142,2.998593533213879,0.082490603,0.082490603,0.0,0.0,PRELIMINARY_POINT_BUFFER_PROXY,1.45164868,PRELIMINARY_90M,0.15226939970717424,0.41290145953524826,0.082490603,0.20405434432339853,0.18866513086774286,distance_focus,T2_SPANNER
1243,ST033__ST044,33,ST033,타원산업단지,44,ST044,경기과학기술대학교,1598.0,1.598,1.7010597777371803,0.123630586,0.123630586,0.0,0.0,PRELIMINARY_POINT_BUFFER_PROXY,0.331684145,PRELIMINARY_90M,0.1054172767203514,0.7940595896824632,0.123630586,0.018235185665018444,0.1983683063983155,distance_focus,T2_SPANNER
466,ST010__ST026,10,ST010,은계호수공원,26,ST026,은계파크자이,1220.0,1.22,2.405341600576404,0.254629654,0.254629654,0.0,0.0,PRELIMINARY_POINT_BUFFER_PROXY,1.537591702,PRELIMINARY_90M,0.07286194126259582,0.5871726847699602,0.254629654,0.21831359945293588,0.19909145842786208,distance_focus,T2_SPANNER
1444,ST046__ST050,46,ST046,배곧1동행정복지센터,50,ST050,시흥한라3차아파트,2363.0,2.363,4.178737580648687,0.479447383,0.479447383,0.0,0.0,PRELIMINARY_POINT_BUFFER_PROXY,1.190735572,PRELIMINARY_90M,0.17130307467057102,0.06622724275592551,0.479447383,0.16076488943766587,0.20018261834785278,distance_focus,T2_SPANNER
807,ST018__ST043,18,ST018,정왕역,43,ST043,시흥종합버스터미널,1406.0,1.406,2.6557306312689994,0.43367149,0.43367149,0.0,0.0,PRELIMINARY_POINT_BUFFER_PROXY,0.599226145,PRELIMINARY_90M,0.08888123331323745,0.5136194424397824,0.43367149,0.0626244746042261,0.20037198937888187,distance_focus,T2_SPANNER
205,ST004__ST050,4,ST004,배곧중심상가,50,ST050,시흥한라3차아파트,2083.0,2.083,3.3375162940590184,0.4015265,0.4015265,0.0,0.0,PRELIMINARY_POINT_BUFFER_PROXY,0.795418286,PRELIMINARY_90M,0.14718801136852985,0.3133409161252583,0.4015265,0.09517573621717196,0.20245987910405597,distance_focus,T2_SPANNER
1412,ST043__ST048,43,ST043,시흥종합버스터미널,48,ST048,정왕평생학습관 사거리,1307.0,1.307,3.0428754779308687,0.59325425,0.59325425,0.0,0.0,PRELIMINARY_POINT_BUFFER_PROXY,0.728620186,PRELIMINARY_90M,0.08035483593144432,0.3998933792626782,0.59325425,0.08409291497232037,0.20578124139754414,distance_focus,T2_SPANNER
820,ST019__ST020,19,ST019,시화병원,20,ST020,시화공업단지[왼쪽부근],1979.0,1.979,2.8736363843131483,0.422822321,0.422822321,0.0,0.0,PRELIMINARY_POINT_BUFFER_PROXY,0.548112375,PRELIMINARY_90M,0.13823098785634313,0.4496083529185587,0.422822321,0.054143922372044954,0.21501323276457926,distance_focus,T2_SPANNER
784,ST018__ST020,18,ST018,정왕역,20,ST020,시화공업단지[왼쪽부근],1949.0,1.949,3.244027725944256,0.540858498,0.540858498,0.0,0.0,PRELIMINARY_POINT_BUFFER_PROXY,0.564911031,PRELIMINARY_90M,0.13564723107398158,0.34080372983808693,0.540858498,0.05693107502461671,0.21539497252009543,distance_focus,T2_SPANNER
1210,ST032__ST033,32,ST032,희망공원,33,ST033,타원산업단지,2081.0,2.081,1.4965117896209403,0.0,0.0,0.0,0.0,PRELIMINARY_POINT_BUFFER_PROXY,0.481788461,PRELIMINARY_90M,0.14701576091637242,0.8541467576244774,0.0,0.043139775800197705,0.21545164851770612,distance_focus,T2_SPANNER
160,ST004__ST005,4,ST004,배곧중심상가,5,ST005,배곧중·고등학교,2591.0,2.591,3.612965583991951,0.346284637,0.346284637,0.0,0.0,PRELIMINARY_POINT_BUFFER_PROXY,1.174987484,PRELIMINARY_90M,0.19093962621651883,0.23242607606189314,0.346284637,0.15815204200260122,0.2155462076787595,distance_focus,T2_SPANNER
434,ST009__ST039,9,ST009,능곡중앙공원,39,ST039,능곡힐스테이트,792.0,0.792,2.0,0.496869839,0.318845713,0.496869839,0.0,PRELIMINARY_POINT_BUFFER_PROXY,0.848295282,PRELIMINARY_90M,0.036000344500904315,0.7062441508450915,0.496869839,0.10394883447345071,0.2158596131232787,distance_focus,T2_SPANNER
136,ST003__ST032,3,ST003,배곧한울공원,32,ST032,희망공원,2946.0,2.946,2.474419063810549,0.0,0.0,0.0,0.0,PRELIMINARY_POINT_BUFFER_PROXY,0.664390229,PRELIMINARY_90M,0.22151408147446386,0.5668807759001471,0.0,0.07343618773014575,0.21788028935549905,distance_focus,T2_SPANNER
843,ST019__ST043,19,ST019,시화병원,43,ST043,시흥종합버스터미널,1504.0,1.504,1.864455410627717,0.337651847,0.337651847,0.0,0.0,PRELIMINARY_POINT_BUFFER_PROXY,0.368706378,PRELIMINARY_90M,0.09732150546895185,0.7460611667944999,0.337651847,0.024377737480477956,0.2197404406991702,distance_focus,T2_SPANNER
178,ST004__ST023,4,ST004,배곧중심상가,23,ST023,오이도역,1713.0,1.713,2.7144915430768712,0.4750888,0.4750888,0.0,0.0,PRELIMINARY_POINT_BUFFER_PROXY,0.778708558,PRELIMINARY_90M,0.11532167771940402,0.49635808089454436,0.4750888,0.09240333807300183,0.22300445559080412,distance_focus,T2_SPANNER
957,ST022__ST055,22,ST022,오이도박물관,55,ST055,해양생태과학관,1977.0,1.977,2.056726097058233,0.0,0.0,0.0,0.0,PRELIMINARY_POINT_BUFFER_PROXY,2.016046436,PRELIMINARY_90M,0.1380587374041857,0.6895805280345066,0.0,0.29769652038444466,0.22402386283514483,distance_focus,T2_SPANNER
202,ST004__ST047,4,ST004,배곧중심상가,47,ST047,배곧2동행정복지센터,2617.0,2.617,4.125555851408769,0.591916562,0.591916562,0.0,0.0,PRELIMINARY_POINT_BUFFER_PROXY,1.078170272,PRELIMINARY_90M,0.1931788820945655,0.08184968678832416,0.591916562,0.14208859328144147,0.22862661146247584,distance_focus,T2_SPANNER
531,ST011__ST047,11,ST011,배곧생명공원,47,ST047,배곧2동행정복지센터,1641.0,1.641,2.998166187785597,0.680414776,0.680414776,0.0,0.0,PRELIMINARY_POINT_BUFFER_PROXY,0.575466479,PRELIMINARY_90M,0.10912066144173628,0.4130269947544156,0.680414776,0.058682384468198595,0.2328349870763471,distance_focus,T2_SPANNER
823,ST019__ST023,19,ST019,시화병원,23,ST023,오이도역,1664.0,1.664,2.9999999999999996,0.714416548,0.714416548,0.0,0.0,PRELIMINARY_POINT_BUFFER_PROXY,0.445157056,PRELIMINARY_90M,0.11110154164154681,0.41248830169018313,0.714416548,0.03706206829709861,0.23570088560094302,distance_focus,T2_SPANNER
883,ST020__ST048,20,ST020,시화공업단지[왼쪽부근],48,ST048,정왕평생학습관 사거리,2009.0,2.009,2.934480706161243,0.546394757,0.546394757,0.0,0.0,PRELIMINARY_POINT_BUFFER_PROXY,0.706491352,PRELIMINARY_90M,0.14081474463870466,0.4317349774878171,0.546394757,0.08042140468117445,0.2362307804266363,distance_focus,T2_SPANNER
934,ST022__ST032,22,ST022,오이도박물관,32,ST032,희망공원,2894.0,2.894,2.88457420094931,0.0,0.0,0.0,0.0,PRELIMINARY_POINT_BUFFER_PROXY,2.242877844,PRELIMINARY_90M,0.2170355697183705,0.4463953053047024,0.0,0.3353313026249875,0.23662855453455728,distance_focus,T2_SPANNER
216,ST005__ST011,5,ST005,배곧중·고등학교,11,ST011,배곧생명공원,1035.0,1.035,2.302250274330589,0.657889333,0.657889333,0.0,0.0,PRELIMINARY_POINT_BUFFER_PROXY,0.815151569,PRELIMINARY_90M,0.0569287744380329,0.6174563648518054,0.657889333,0.09844978814474278,0.2373801488404003,distance_focus,T2_SPANNER
507,ST011__ST023,11,ST011,배곧생명공원,23,ST023,오이도역,1921.0,1.921,2.767167983295987,0.54035387,0.54035387,0.0,0.0,PRELIMINARY_POINT_BUFFER_PROXY,0.683327862,PRELIMINARY_90M,0.13323572474377746,0.4808840684675202,0.54035387,0.0765782292154515,0.23795207376152339,distance_focus,T2_SPANNER
1222,ST032__ST045,32,ST032,희망공원,45,ST045,시흥중앙도서관,3542.0,3.542,3.695161173181692,0.239589717,0.239589717,0.0,0.0,PRELIMINARY_POINT_BUFFER_PROXY,1.100349444,PRELIMINARY_90M,0.27284471621738005,0.20828064096267274,0.239589717,0.1457684554127718,0.2391104159258757,distance_focus,T2_SPANNER
53,ST001__ST054,1,ST001,월곶역,54,ST054,시흥 프리미엄 아울렛,3069.0,3.069,2.971566575272677,0.131704676,0.131704676,0.0,0.0,PRELIMINARY_POINT_BUFFER_PROXY,1.446878915,PRELIMINARY_90M,0.23210748428214625,0.42084078651533996,0.131704676,0.20326296772922972,0.2410303808918659,distance_focus,T2_SPANNER
1145,ST029__ST040,29,ST029,관곡공원,40,ST040,갯골생태공원,3173.0,3.173,2.6002442194967386,0.0,0.0,0.0,0.0,PRELIMINARY_POINT_BUFFER_PROXY,1.529257702,PRELIMINARY_90M,0.24106450779433297,0.5299189004465018,0.0,0.2169308620359346,0.24461294365924857,distance_focus,T2_SPANNER
779,ST017__ST052,17,ST017,장곡동,52,ST052,가온그린공원,639.0,0.639,1.9871511618456574,0.588670368,0.588670368,0.0,0.0,PRELIMINARY_POINT_BUFFER_PROXY,1.720740011,PRELIMINARY_90M,0.02282318491086039,0.7100185722077744,0.588670368,0.24870069085140145,0.24466119635984962,distance_focus,T2_SPANNER
56,ST002__ST004,2,ST002,월곶포구,4,ST004,배곧중심상가,3192.0,3.192,3.5458499603414118,0.332930014,0.332930014,0.0,0.0,PRELIMINARY_POINT_BUFFER_PROXY,1.198313388,PRELIMINARY_90M,0.24270088708982862,0.2521416830789185,0.332930014,0.16202216442234924,0.2455495671245959,distance_focus,T2_SPANNER
951,ST022__ST049,22,ST022,오이도박물관,49,ST049,거북섬 웨이브파크 정문,2432.0,2.432,2.198773004915802,0.078808855,0.078808855,0.0,0.0,PRELIMINARY_POINT_BUFFER_PROXY,1.80570442,PRELIMINARY_90M,0.17724571527000257,0.6478534179969773,0.078808855,0.26279757919285823,0.24590412122697675,distance_focus,T2_SPANNER
1147,ST029__ST042,29,ST029,관곡공원,42,ST042,시흥시청역,2654.0,2.654,2.6841941622399865,0.0,0.0,0.0,0.0,PRELIMINARY_POINT_BUFFER_PROXY,2.927478894,PRELIMINARY_90M,0.19636551545947808,0.5052581137294531,0.0,0.44891703427285934,0.25112730570305986,distance_focus,T2_SPANNER
454,ST010__ST014,10,ST010,은계호수공원,14,ST014,시흥대야역,1525.0,1.525,2.792670740390496,0.667821134,0.57752438,0.090296754,0.0,PRELIMINARY_POINT_BUFFER_PROXY,1.2539899,PRELIMINARY_90M,0.09913013521660495,0.47339248440143145,0.667821134,0.1712597449827669,0.2513925788767625,distance_focus,T2_SPANNER
922,ST021__ST053,21,ST021,오이도 포구 해양관광 단지,53,ST053,오이도 빨강등대,374.0,0.374,1.497751290766831,0.499042777,0.014898499,0.484144278,0.0,PRELIMINARY_POINT_BUFFER_PROXY,2.232582635,PRELIMINARY_90M,0.0,0.8537826469128378,0.499042777,0.3336231707915163,0.2529672892056531,distance_focus,T2_SPANNER
1441,ST046__ST047,46,ST046,배곧1동행정복지센터,47,ST047,배곧2동행정복지센터,3069.0,3.069,4.129648039445814,0.60945262,0.60945262,0.0,0.0,PRELIMINARY_POINT_BUFFER_PROXY,1.115499419,PRELIMINARY_90M,0.23210748428214625,0.08064758261660032,0.60945262,0.14828206679975695,0.253416456767634,distance_focus,T2_SPANNER
154,ST003__ST050,3,ST003,배곧한울공원,50,ST050,시흥한라3차아파트,2180.0,2.18,2.3816694054634513,0.421831523,0.421831523,0.0,0.0,PRELIMINARY_POINT_BUFFER_PROXY,0.87801536,PRELIMINARY_90M,0.15554215829816553,0.5941265305467263,0.421831523,0.10887984765881147,0.25427387224482173,distance_focus,T2_SPANNER
1432,ST045__ST047,45,ST045,시흥중앙도서관,47,ST047,배곧2동행정복지센터,2631.0,2.631,3.7177601555393682,0.731797829,0.731797829,0.0,0.0,PRELIMINARY_POINT_BUFFER_PROXY,0.662398958,PRELIMINARY_90M,0.19438463525966757,0.20164205771015675,0.731797829,0.07310580557042778,0.25789340323490484,distance_focus,T2_SPANNER
262,ST006__ST008,6,ST006,시흥시청 본청,8,ST008,시흥능곡역,1951.0,1.951,2.023517683433672,0.1397711,0.1397711,0.0,0.0,PRELIMINARY_POINT_BUFFER_PROXY,2.968420709,PRELIMINARY_90M,0.135819481526139,0.699335693777877,0.1397711,0.45570990438570363,0.2689232195639135,distance_focus,T2_SPANNER
596,ST013__ST027,13,ST013,삼미시장,27,ST027,은행동행정복지센터,1561.0,1.561,2.6154869323133116,0.514819805,0.514819805,0.0,0.0,PRELIMINARY_POINT_BUFFER_PROXY,2.62974837,PRELIMINARY_90M,0.10223064335543881,0.525441264399645,0.514819805,0.3995190098286312,0.2721938657297328,distance_focus,T2_SPANNER
787,ST018__ST023,18,ST018,정왕역,23,ST023,오이도역,1655.0,1.655,2.5246466062280373,0.845619078,0.845619078,0.0,0.0,PRELIMINARY_POINT_BUFFER_PROXY,0.311055548,PRELIMINARY_90M,0.11032641460683834,0.5521261415263335,0.845619078,0.014812587521013129,0.27256319909086313,distance_focus,T2_SPANNER
1435,ST045__ST050,45,ST045,시흥중앙도서관,50,ST050,시흥한라3차아파트,2833.0,2.833,3.6569644058701334,0.750888061,0.750888061,0.0,0.0,PRELIMINARY_POINT_BUFFER_PROXY,0.66329661,PRELIMINARY_90M,0.2117819309275687,0.21950116477925208,0.750888061,0.07325473969663919,0.2730266568315465,distance_focus,T2_SPANNER
157,ST003__ST053,3,ST003,배곧한울공원,53,ST053,오이도 빨강등대,2485.0,2.485,2.0743268960726615,0.321268247,0.295693025,0.112820736,0.0,PRELIMINARY_POINT_BUFFER_PROXY,1.113752047,PRELIMINARY_90M,0.18181035225217465,0.6844101903742181,0.321268247,0.14799215119550682,0.2730462820241548,distance_focus,T2_SPANNER
296,ST006__ST042,6,ST006,시흥시청 본청,42,ST042,시흥시청역,594.0,0.594,1.9806585205188414,0.443911734,0.443911734,0.0,0.0,PRELIMINARY_POINT_BUFFER_PROXY,3.847017707,PRELIMINARY_90M,0.018947549737318062,0.7119258235739915,0.443911734,0.6014825158087417,0.27401916336293486,distance_focus,T2_SPANNER
595,ST013__ST026,13,ST013,삼미시장,26,ST026,은계파크자이,1938.0,1.938,2.6326125397405407,0.511569918,0.511569918,0.0,0.0,PRELIMINARY_POINT_BUFFER_PROXY,2.070334106,PRELIMINARY_90M,0.13469985358711567,0.5204105170475657,0.511569918,0.3067036709232997,0.2748875353685434,distance_focus,T2_SPANNER
1247,ST033__ST048,33,ST033,타원산업단지,48,ST048,정왕평생학습관 사거리,3608.0,3.608,2.731241808577759,0.220485387,0.220485387,0.0,0.0,PRELIMINARY_POINT_BUFFER_PROXY,0.925063471,PRELIMINARY_90M,0.2785289811385755,0.49143759242876095,0.220485387,0.11668584519647998,0.27748226332000264,distance_focus,T2_SPANNER
850,ST019__ST050,19,ST019,시화병원,50,ST050,시흥한라3차아파트,2327.0,2.327,2.8286811737543958,0.671238316,0.671238316,0.0,0.0,PRELIMINARY_POINT_BUFFER_PROXY,0.870466051,PRELIMINARY_90M,0.16820256653173715,0.46281420897018277,0.671238316,0.10762730241921407,0.2787633857008649,distance_focus,T2_SPANNER
63,ST002__ST011,2,ST002,월곶포구,11,ST011,배곧생명공원,3928.0,3.928,3.437997456052192,0.304495296,0.304495296,0.0,0.0,PRELIMINARY_POINT_BUFFER_PROXY,1.160746133,PRELIMINARY_90M,0.3060890534837654,0.28382398705988165,0.304495296,0.1557891851635865,0.27996524964959124,distance_focus,T2_SPANNER
797,ST018__ST033,18,ST018,정왕역,33,ST033,타원산업단지,3728.0,3.728,2.6919701197263484,0.201894718,0.201894718,0.0,0.0,PRELIMINARY_POINT_BUFFER_PROXY,0.876118982,PRELIMINARY_90M,0.2888640082680217,0.5029738807350543,0.201894718,0.10856520969176346,0.2808902758114346,distance_focus,T2_SPANNER
583,ST013__ST014,13,ST013,삼미시장,14,ST014,시흥대야역,1514.0,1.514,2.268613825900731,0.811440142,0.741965677,0.311431231,0.0,PRELIMINARY_POINT_BUFFER_PROXY,0.67519953,PRELIMINARY_90M,0.09818275772973904,0.6273372683228735,0.811440142,0.07522961524926373,0.2811015705871771,distance_focus,T2_SPANNER
553,ST012__ST026,12,ST012,신천역,26,ST026,은계파크자이,1797.0,1.797,2.4281601537334185,0.516501543,0.516501543,0.0,0.0,PRELIMINARY_POINT_BUFFER_PROXY,2.25962769,PRELIMINARY_90M,0.12255619671001636,0.580469601310835,0.516501543,0.3381103569558261,0.28266813338050817,distance_focus,T2_SPANNER
980,ST023__ST046,23,ST023,오이도역,46,ST046,배곧1동행정복지센터,2045.0,2.045,2.389760491642425,0.684570888,0.684570888,0.0,0.0,PRELIMINARY_POINT_BUFFER_PROXY,0.792332511,PRELIMINARY_90M,0.14391525277753855,0.5917497266556364,0.684570888,0.09466375918898057,0.2848010451043388,distance_focus,T2_SPANNER
554,ST012__ST027,12,ST012,신천역,27,ST027,은행동행정복지센터,1420.0,1.42,2.35513154122392,0.521377701,0.521377701,0.0,0.0,PRELIMINARY_POINT_BUFFER_PROXY,2.923916061,PRELIMINARY_90M,0.0900869864783395,0.6019221833911675,0.521377701,0.44832590606316086,0.28529171113123597,distance_focus,T2_SPANNER
949,ST022__ST047,22,ST022,오이도박물관,47,ST047,배곧2동행정복지센터,4352.0,4.352,3.2556383357386656,0.040564469,0.040564469,0.0,0.0,PRELIMINARY_POINT_BUFFER_PROXY,1.850197274,PRELIMINARY_90M,0.34260614934114203,0.3373930452987237,0.040564469,0.2701796207113337,0.28565395238913677,distance_focus,T2_SPANNER
833,ST019__ST033,19,ST019,시화병원,33,ST033,타원산업단지,3836.0,3.836,2.7436795030655845,0.224557843,0.224557843,0.0,0.0,PRELIMINARY_POINT_BUFFER_PROXY,0.855941648,PRELIMINARY_90M,0.2981655326845233,0.48778394692296034,0.224557843,0.10521748294624725,0.2866249339068689,distance_focus,T2_SPANNER
1182,ST030__ST052,30,ST030,장곡도서관,52,ST052,가온그린공원,791.0,0.791,1.4122876848564432,0.639846456,0.639846456,0.0,0.0,PRELIMINARY_POINT_BUFFER_PROXY,1.92746504,PRELIMINARY_90M,0.0359142192748256,0.8788880810388843,0.639846456,0.2829995188606377,0.29001292898608233,distance_focus,T2_SPANNER
292,ST006__ST038,6,ST006,시흥시청 본청,38,ST038,능곡도서관,2199.0,2.199,2.084117616972949,0.214672193,0.183407351,0.04195668,0.0,PRELIMINARY_POINT_BUFFER_PROXY,3.091529972,PRELIMINARY_90M,0.15717853759366118,0.6815341088423155,0.214672193,0.4761356044492447,0.29229948162024766,distance_focus,T2_SPANNER
127,ST003__ST023,3,ST003,배곧한울공원,23,ST023,오이도역,4569.0,4.569,3.362496455886152,0.25196631,0.25196631,0.0,0.0,PRELIMINARY_POINT_BUFFER_PROXY,0.707990957,PRELIMINARY_90M,0.3612953234002239,0.3060028474757016,0.25196631,0.08067021196989801,0.2945083332869631,distance_focus,T2_SPANNER
1194,ST031__ST040,31,ST031,마전저수지,40,ST040,갯골생태공원,2402.0,2.402,2.2619856904966325,0.142177716,0.142177716,0.0,0.0,PRELIMINARY_POINT_BUFFER_PROXY,3.572654596,PRELIMINARY_90M,0.17466195848764102,0.6292843218668183,0.142177716,0.5559615007589965,0.29517760796207476,distance_focus,T2_SPANNER
541,ST012__ST014,12,ST012,신천역,14,ST014,시흥대야역,1380.0,1.38,1.9626229682490228,0.849065167,0.772905097,0.341400609,0.0,PRELIMINARY_POINT_BUFFER_PROXY,0.782071988,PRELIMINARY_90M,0.08664197743519077,0.7172238725459898,0.849065167,0.09296138229072015,0.29654065086486137,distance_focus,T2_SPANNER
1381,ST041__ST042,41,ST041,연꽃테마파크,42,ST042,시흥시청역,3357.0,3.357,2.4375560527901543,0.0,0.0,0.0,0.0,PRELIMINARY_POINT_BUFFER_PROXY,2.986825232,PRELIMINARY_90M,0.25691154939281713,0.5777095010048499,0.0,0.458763494809769,0.29677230153824224,distance_focus,T2_SPANNER
982,ST023__ST048,23,ST023,오이도역,48,ST048,정왕평생학습관 사거리,2744.0,2.744,3.0,0.805831223,0.805831223,0.0,0.0,PRELIMINARY_POINT_BUFFER_PROXY,0.39213366,PRELIMINARY_90M,0.20411678580656276,0.412488301690183,0.805831223,0.02826468005307702,0.29925186290509853,distance_focus,T2_SPANNER
433,ST009__ST038,9,ST009,능곡중앙공원,38,ST038,능곡도서관,744.0,0.744,2.0,0.97496266,0.515421611,0.830516213,0.0,PRELIMINARY_POINT_BUFFER_PROXY,1.451338391,PRELIMINARY_90M,0.031866333649125826,0.7062441508450915,0.97496266,0.2040028626566858,0.3003079345322858,distance_focus,T2_SPANNER
261,ST006__ST007,6,ST006,시흥시청 본청,7,ST007,장현지구,616.0,0.616,1.9913878469423045,0.790782282,0.790782282,0.0,0.0,PRELIMINARY_POINT_BUFFER_PROXY,2.79823581,PRELIMINARY_90M,0.020842304711049867,0.708774021179607,0.790782282,0.42747363996815096,0.3005177590632411,distance_focus,T2_SPANNER
388,ST008__ST039,8,ST008,시흥능곡역,39,ST039,능곡힐스테이트,1410.0,1.41,1.7943819357778974,0.196901186,0.0,0.196901186,0.0,PRELIMINARY_POINT_BUFFER_PROXY,4.602752376,PRELIMINARY_90M,0.08922573421755232,0.7666456599022438,0.196901186,0.7268703972763896,0.3026367402964488,distance_focus,T2_SPANNER
916,ST021__ST047,21,ST021,오이도 포구 해양관광 단지,47,ST047,배곧2동행정복지센터,3762.0,3.762,2.469042411414725,0.254750012,0.237212965,0.071741573,0.0,PRELIMINARY_POINT_BUFFER_PROXY,1.099645611,PRELIMINARY_90M,0.29179226595469815,0.5684601989902931,0.254750012,0.14565167880796975,0.30581502974482344,distance_focus,T2_SPANNER
769,ST017__ST042,17,ST017,장곡동,42,ST042,시흥시청역,2716.0,2.716,1.8434790923881643,0.330839246,0.330839246,0.0,0.0,PRELIMINARY_POINT_BUFFER_PROXY,1.590121124,PRELIMINARY_90M,0.20170527947635863,0.7522230829711033,0.330839246,0.22702902989364263,0.3074516075417091,distance_focus,T2_SPANNER
952,ST022__ST050,22,ST022,오이도박물관,50,ST050,시흥한라3차아파트,4574.0,4.574,3.4123151124351194,0.205257775,0.205257775,0.0,0.0,PRELIMINARY_POINT_BUFFER_PROXY,1.596050461,PRELIMINARY_90M,0.36172594953061754,0.291368325717403,0.205257775,0.22801279712761313,0.3076451069185921,distance_focus,T2_SPANNER
148,ST003__ST044,3,ST003,배곧한울공원,44,ST044,경기과학기술대학교,4512.0,4.512,3.1706580906619517,0.229161108,0.229161108,0.0,0.0,PRELIMINARY_POINT_BUFFER_PROXY,1.318416395,PRELIMINARY_90M,0.35638618551373696,0.3623564893526261,0.229161108,0.18194908086982542,0.31203240376592306,distance_focus,T2_SPANNER
159,ST003__ST055,3,ST003,배곧한울공원,55,ST055,해양생태과학관,4683.0,4.683,2.979187730277081,0.0,0.0,0.0,0.0,PRELIMINARY_POINT_BUFFER_PROXY,2.085033623,PRELIMINARY_90M,0.3711135991731978,0.41860202765548005,0.0,0.30914254447354533,0.31327416536461256,distance_focus,T2_SPANNER
714,ST016__ST025,16,ST016,물왕호수,25,ST025,목감동행정복지센터,3005.0,3.005,2.1381214943015445,0.193383798,0.119943446,0.161932073,0.0,PRELIMINARY_POINT_BUFFER_PROXY,2.924827881,PRELIMINARY_90M,0.22659546981310827,0.6656701539999965,0.193383798,0.4484771908761643,0.32075717982863367,distance_focus,T2_SPANNER
924,ST021__ST055,21,ST021,오이도 포구 해양관광 단지,55,ST055,해양생태과학관,2960.0,2.96,1.9299976875687086,0.180973235,0.0,0.180973235,0.0,PRELIMINARY_POINT_BUFFER_PROXY,2.778134843,PRELIMINARY_90M,0.22271983463956593,0.7268077395761527,0.180973235,0.4241385836699979,0.3222838427886838,distance_focus,T2_SPANNER
175,ST004__ST020,4,ST004,배곧중심상가,20,ST020,시화공업단지[왼쪽부근],5086.0,5.086,4.0907536789867915,0.503240937,0.503240937,0.0,0.0,PRELIMINARY_POINT_BUFFER_PROXY,0.713569367,PRELIMINARY_90M,0.40582206528292136,0.09207302850057764,0.503240937,0.08159575507457452,0.3247385939918796,distance_focus,T2_SPANNER
1403,ST042__ST051,42,ST042,시흥시청역,51,ST051,연성중학교,2072.0,2.072,2.5274345688921906,0.351208623,0.308075573,0.083245449,0.0,PRELIMINARY_POINT_BUFFER_PROXY,4.64619177,PRELIMINARY_90M,0.14624063388166395,0.551307161186513,0.351208623,0.7340776537505509,0.32592136432547475,distance_focus,T2_SPANNER
354,ST007__ST052,7,ST007,장현지구,52,ST052,가온그린공원,1163.0,1.163,1.2131708783527768,0.867518063,0.867518063,0.0,0.0,PRELIMINARY_POINT_BUFFER_PROXY,1.043527785,PRELIMINARY_90M,0.06795280337610886,0.9373798076143823,0.867518063,0.13634087753955518,0.3285598540799505,distance_focus,T2_SPANNER
901,ST021__ST032,21,ST021,오이도 포구 해양관광 단지,32,ST032,희망공원,3877.0,3.877,2.5776472870139315,0.138295622,0.0,0.138295622,0.0,PRELIMINARY_POINT_BUFFER_PROXY,2.773693265,PRELIMINARY_90M,0.30169666695375075,0.5365568815362849,0.138295622,0.42340165829309245,0.33067129109896953,distance_focus,T2_SPANNER
1352,ST039__ST042,39,ST039,능곡힐스테이트,42,ST042,시흥시청역,2747.0,2.747,2.0559410979162904,0.429779309,0.37360867,0.200729024,0.0,PRELIMINARY_POINT_BUFFER_PROXY,2.284188953,PRELIMINARY_90M,0.2043751614847989,0.6898111261240337,0.429779309,0.34218544423191316,0.33167272072003146,distance_focus,T2_SPANNER
1255,ST034__ST035,34,ST034,군자디지털과학고등학교,35,ST035,산들공원,462.0,0.462,1.4710642870065378,1.0,1.0,0.0,0.0,PRELIMINARY_POINT_BUFFER_PROXY,2.223041889,PRELIMINARY_90M,0.0075790198949272245,0.861622110363843,1.0,0.33204021585027504,0.33321780987432764,distance_focus,T2_SPANNER
990,ST024__ST025,24,ST024,목감고등학교,25,ST025,목감동행정복지센터,1561.0,1.561,2.1480533485120725,0.815690328,0.815690328,0.023517001,0.0,PRELIMINARY_POINT_BUFFER_PROXY,2.460306204,PRELIMINARY_90M,0.10223064335543881,0.6627526137327,0.815690328,0.371405976117815,0.3337041915230686,distance_focus,T2_SPANNER
468,ST010__ST028,10,ST010,은계호수공원,28,ST028,매화산업단지,3734.0,3.734,2.2597817465071626,0.156648005,0.156648005,0.0,0.0,PRELIMINARY_POINT_BUFFER_PROXY,2.499811713,PRELIMINARY_90M,0.289380759624494,0.6299317433049347,0.156648005,0.3779605412092454,0.33384046122059874,distance_focus,T2_SPANNER
250,ST005__ST045,5,ST005,배곧중·고등학교,45,ST045,시흥중앙도서관,4916.0,4.916,3.972125654970632,0.577746462,0.577746462,0.0,0.0,PRELIMINARY_POINT_BUFFER_PROXY,0.813962468,PRELIMINARY_90M,0.3911807768495392,0.1269207044290135,0.577746462,0.09825249819450357,0.3355873769607741,distance_focus,T2_SPANNER
674,ST015__ST024,15,ST015,목감택지개발예정지구,24,ST024,목감고등학교,376.0,0.376,2.0,0.846481849,0.846481849,0.0,0.0,PRELIMINARY_POINT_BUFFER_PROXY,4.399641958,PRELIMINARY_90M,0.0001722504521574369,0.7062441508450915,0.846481849,0.6931712882349484,0.33697933096069255,distance_focus,T2_SPANNER
918,ST021__ST049,21,ST021,오이도 포구 해양관광 단지,49,ST049,거북섬 웨이브파크 정문,3415.0,3.415,2.0479519266585933,0.213066607,0.05611095,0.156955657,0.0,PRELIMINARY_POINT_BUFFER_PROXY,2.524721128,PRELIMINARY_90M,0.26190681250538284,0.6921579919108826,0.213066607,0.38209339219989963,0.33714644554457784,distance_focus,T2_SPANNER
153,ST003__ST049,3,ST003,배곧한울공원,49,ST049,거북섬 웨이브파크 정문,5138.0,5.138,2.9650251146495297,0.037330956,0.037330956,0.0,0.0,PRELIMINARY_POINT_BUFFER_PROXY,1.978649013,PRELIMINARY_90M,0.41030057703901474,0.422762378835406,0.037330956,0.29149171883878544,0.33840307542258685,distance_focus,T2_SPANNER
1296,ST036__ST037,36,ST036,시흥시립군자도서관,37,ST037,군자동행정복지센터,688.0,0.688,1.1969270521131194,1.0,1.0,0.0,0.0,PRELIMINARY_POINT_BUFFER_PROXY,1.574384084,PRELIMINARY_90M,0.027043320988717597,0.9421515265849377,1.0,0.22441801548989346,0.33985925785501936,distance_focus,T2_SPANNER
1143,ST029__ST038,29,ST029,관곡공원,38,ST038,능곡도서관,4223.0,4.223,2.511994530716733,0.118739746,0.102463148,0.021842811,0.0,PRELIMINARY_POINT_BUFFER_PROXY,2.578907523,PRELIMINARY_90M,0.33149599517698736,0.5558427627117288,0.118739746,0.39108373967517096,0.342172734605378,distance_focus,T2_SPANNER
666,ST015__ST016,15,ST015,목감택지개발예정지구,16,ST016,물왕호수,3107.0,3.107,2.1181705540136373,0.281664379,0.281664379,0.0,0.0,PRELIMINARY_POINT_BUFFER_PROXY,3.053159992,PRELIMINARY_90M,0.23538024287313755,0.6715308594057094,0.281664379,0.4697694408980579,0.3429038354757908,distance_focus,T2_SPANNER
767,ST017__ST040,17,ST017,장곡동,40,ST040,갯골생태공원,1842.0,1.842,1.5201564854789573,0.647795036,0.647795036,0.0,0.0,PRELIMINARY_POINT_BUFFER_PROXY,2.216553796,PRELIMINARY_90M,0.1264318318835587,0.8472009899146961,0.647795036,0.3309637424934135,0.3434314727971737,distance_focus,T2_SPANNER
919,ST021__ST050,21,ST021,오이도 포구 해양관광 단지,50,ST050,시흥한라3차아파트,3800.0,3.8,2.1207887428081897,0.447508062,0.430147843,0.071018199,0.0,PRELIMINARY_POINT_BUFFER_PROXY,0.772975688,PRELIMINARY_90M,0.29506502454568945,0.6707617511331179,0.447508062,0.09145216770393486,0.34374406062568713,distance_focus,T2_SPANNER
1170,ST030__ST040,30,ST030,장곡도서관,40,ST040,갯골생태공원,1629.0,1.629,2.0,0.602351411,0.602351411,0.0,0.0,PRELIMINARY_POINT_BUFFER_PROXY,3.804091528,PRELIMINARY_90M,0.10808715872879167,0.7062441508450915,0.602351411,0.594360409512582,0.3448913330044865,distance_focus,T2_SPANNER
30,ST001__ST031,1,ST001,월곶역,31,ST031,마전저수지,4726.0,4.726,2.1733816526852707,0.0,0.0,0.0,0.0,PRELIMINARY_POINT_BUFFER_PROXY,1.971254241,PRELIMINARY_90M,0.37481698389458273,0.6553122762326484,0.0,0.2902648136390502,0.34798590462277534,distance_focus,T2_SPANNER
467,ST010__ST027,10,ST010,은계호수공원,27,ST027,은행동행정복지센터,1085.0,1.085,1.0,0.896875795,0.896875795,0.0,0.0,PRELIMINARY_POINT_BUFFER_PROXY,1.453282362,PRELIMINARY_90M,0.06123503574196882,1.0,0.896875795,0.20432539702664804,0.34885944846208006,distance_focus,T2_SPANNER
1379,ST040__ST054,40,ST040,갯골생태공원,54,ST054,시흥 프리미엄 아울렛,5042.0,5.042,2.505555704817685,0.080180898,0.080180898,0.0,0.0,PRELIMINARY_POINT_BUFFER_PROXY,1.509985427,PRELIMINARY_90M,0.40203255533545773,0.5577342054812642,0.080180898,0.2137332983506408,0.34886516570928755,distance_focus,T2_SPANNER
1157,ST029__ST052,29,ST029,관곡공원,52,ST052,가온그린공원,4265.0,4.265,2.386392012061943,0.201240875,0.201240875,0.0,0.0,PRELIMINARY_POINT_BUFFER_PROXY,2.198243349,PRELIMINARY_90M,0.3351132546722935,0.5927392372351619,0.201240875,0.327925760709286,0.35259817101142865,distance_focus,T2_SPANNER
294,ST006__ST040,6,ST006,시흥시청 본청,40,ST040,갯골생태공원,3134.0,3.134,1.787243299742466,0.417517824,0.417517824,0.0,0.0,PRELIMINARY_POINT_BUFFER_PROXY,2.045098404,PRELIMINARY_90M,0.23770562397726294,0.7687426759926397,0.417517824,0.302516683954294,0.3540546707795347,distance_focus,T2_SPANNER
740,ST016__ST051,16,ST016,물왕호수,51,ST051,연성중학교,2736.0,2.736,1.9961566566608884,0.363459039,0.363459039,0.145100799,0.0,PRELIMINARY_POINT_BUFFER_PROXY,3.605438126,PRELIMINARY_90M,0.203427783997933,0.7073731554312661,0.363459039,0.5614007872471636,0.35672022845062756,distance_focus,T2_SPANNER
385,ST008__ST036,8,ST008,시흥능곡역,36,ST036,시흥시립군자도서관,4468.0,4.468,3.322939983305055,0.221339234,0.221339234,0.0,0.0,PRELIMINARY_POINT_BUFFER_PROXY,3.518784026,PRELIMINARY_90M,0.3525966755662734,0.3176227926683346,0.221339234,0.5470235534570783,0.35682600858026237,distance_focus,T2_SPANNER
1320,ST037__ST043,37,ST037,군자동행정복지센터,43,ST043,시흥종합버스터미널,5459.0,5.459,3.293489234867605,0.297239452,0.297239452,0.0,0.0,PRELIMINARY_POINT_BUFFER_PROXY,1.231122529,PRELIMINARY_90M,0.43794677461028336,0.32627412228382535,0.297239452,0.1674657001651343,0.3595176172029998,distance_focus,T2_SPANNER
955,ST022__ST053,22,ST022,오이도박물관,53,ST053,오이도 빨강등대,3692.0,3.692,2.684063160562845,0.131624432,0.001507895,0.130116537,0.0,PRELIMINARY_POINT_BUFFER_PROXY,4.523552075,PRELIMINARY_90M,0.28576350012918783,0.5052965962383625,0.131624432,0.7137298621635428,0.35976755863133913,distance_focus,T2_SPANNER
401,ST008__ST052,8,ST008,시흥능곡역,52,ST052,가온그린공원,2055.0,2.055,2.0,0.328329708,0.328329708,0.0,0.0,PRELIMINARY_POINT_BUFFER_PROXY,5.381209551,PRELIMINARY_90M,0.14477650503832573,0.7062441508450915,0.328329708,0.856028288253785,0.3632173998359106,distance_focus,T2_SPANNER
431,ST009__ST036,9,ST009,능곡중앙공원,36,ST036,시흥시립군자도서관,4477.0,4.477,3.3255331202319405,0.336615531,0.336615531,0.073519269,0.0,PRELIMINARY_POINT_BUFFER_PROXY,3.161998942,PRELIMINARY_90M,0.35337180260098183,0.3168610435284025,0.336615531,0.4878274788860746,0.36555009944271155,distance_focus,T2_SPANNER
1206,ST031__ST052,31,ST031,마전저수지,52,ST052,가온그린공원,2690.0,2.69,2.0640110584536466,0.390648941,0.390648941,0.0,0.0,PRELIMINARY_POINT_BUFFER_PROXY,4.432005921,PRELIMINARY_90M,0.19946602359831195,0.6874405280137361,0.390648941,0.6985409621733388,0.3762008776571328,distance_focus,T2_SPANNER
765,ST017__ST038,17,ST017,장곡동,38,ST038,능곡도서관,4285.0,4.285,1.9821410620641189,0.326481556,0.310449796,0.021514244,0.0,PRELIMINARY_POINT_BUFFER_PROXY,1.72813283,PRELIMINARY_90M,0.3368357591938679,0.7114903183234511,0.326481556,0.24992727201871826,0.37844453950795276,distance_focus,T2_SPANNER
795,ST018__ST031,18,ST018,정왕역,31,ST031,마전저수지,3945.0,3.945,2.958212084314256,0.124882541,0.124882541,0.0,0.0,PRELIMINARY_POINT_BUFFER_PROXY,5.337782322,PRELIMINARY_90M,0.3075531823271036,0.4247637463468624,0.124882541,0.8488230501382361,0.3789246509026717,distance_focus,T2_SPANNER
730,ST016__ST041,16,ST016,물왕호수,41,ST041,연꽃테마파크,3935.0,3.935,2.0,0.29027288,0.250287871,0.138484824,0.0,PRELIMINARY_POINT_BUFFER_PROXY,2.713464194,PRELIMINARY_90M,0.3066919300663164,0.7062441508450915,0.29027288,0.4134087389190912,0.3801694270011014,distance_focus,T2_SPANNER
1196,ST031__ST042,31,ST031,마전저수지,42,ST042,시흥시청역,4275.0,4.275,2.1436264167673507,0.207291629,0.207291629,0.0,0.0,PRELIMINARY_POINT_BUFFER_PROXY,2.824591732,PRELIMINARY_90M,0.3359745069330807,0.6640530508265217,0.207291629,0.431846488481346,0.38026465405937454,distance_focus,T2_SPANNER
1283,ST035__ST043,35,ST035,산들공원,43,ST043,시흥종합버스터미널,6007.0,6.007,2.9570423267955706,0.286392525,0.286392525,0.0,0.0,PRELIMINARY_POINT_BUFFER_PROXY,0.727637936,PRELIMINARY_90M,0.4851433985014211,0.4251073694600692,0.286392525,0.08392994475059617,0.38614334505738146,distance_focus,T2_SPANNER
1292,ST035__ST052,35,ST035,산들공원,52,ST052,가온그린공원,3835.0,3.835,1.9561805087839683,0.129647388,0.129647388,0.0,0.0,PRELIMINARY_POINT_BUFFER_PROXY,4.205215096,PRELIMINARY_90M,0.2980794074584446,0.719116382696793,0.129647388,0.6609129132700402,0.3903951766971695,distance_focus,T2_SPANNER
1391,ST041__ST052,41,ST041,연꽃테마파크,52,ST052,가온그린공원,4968.0,4.968,2.2619391797382047,0.172697542,0.172697542,0.0,0.0,PRELIMINARY_POINT_BUFFER_PROXY,2.343340408,PRELIMINARY_90M,0.3956592886056326,0.629297984674155,0.172697542,0.35199957071362264,0.39071187334126456,distance_focus,T2_SPANNER
1276,ST035__ST036,35,ST035,산들공원,36,ST036,시흥시립군자도서관,644.0,0.644,1.9726651165804354,1.0,1.0,0.0,0.0,PRELIMINARY_POINT_BUFFER_PROXY,5.075705136,PRELIMINARY_90M,0.023253811041253982,0.7142739327355561,1.0,0.8053404569987349,0.39073175453283326,distance_focus,T2_SPANNER
446,ST009__ST051,9,ST009,능곡중앙공원,51,ST051,연성중학교,3757.0,3.757,2.362689895391398,0.44241947,0.386984181,0.201582447,0.0,PRELIMINARY_POINT_BUFFER_PROXY,3.307538535,PRELIMINARY_90M,0.2913616398243045,0.5997018726444865,0.44241947,0.5119747120149728,0.39336331010228637,distance_focus,T2_SPANNER
400,ST008__ST051,8,ST008,시흥능곡역,51,ST051,연성중학교,3584.0,3.584,2.033364282623199,0.203001614,0.178070339,0.048116588,0.0,PRELIMINARY_POINT_BUFFER_PROXY,4.581588549,PRELIMINARY_90M,0.27646197571268627,0.6964431976716694,0.203001614,0.7233589963308841,0.3954746578423604,distance_focus,T2_SPANNER
1315,ST037__ST038,37,ST037,군자동행정복지센터,38,ST038,능곡도서관,4967.0,4.967,3.1386691135702853,0.330414356,0.316572403,0.018575574,0.0,PRELIMINARY_POINT_BUFFER_PROXY,3.271661112,PRELIMINARY_90M,0.3955731633795539,0.37175343848178544,0.330414356,0.5060221015988842,0.39879372427085513,distance_focus,T2_SPANNER
1257,ST034__ST037,34,ST034,군자디지털과학고등학교,37,ST037,군자동행정복지센터,1204.0,1.204,1.4107293611207596,1.0,1.0,0.0,0.0,PRELIMINARY_POINT_BUFFER_PROXY,3.342884366,PRELIMINARY_90M,0.07148393764533632,0.8793458477511182,1.0,0.5178391232291201,0.3988939113519707,distance_focus,T2_SPANNER
447,ST009__ST052,9,ST009,능곡중앙공원,52,ST052,가온그린공원,2888.0,2.888,2.0636774551337727,0.436398537,0.395167823,0.202782874,0.0,PRELIMINARY_POINT_BUFFER_PROXY,4.846507662,PRELIMINARY_90M,0.2165188183618982,0.6875385259402466,0.436398537,0.7673131084047848,0.4027728758007988,distance_focus,T2_SPANNER
555,ST012__ST028,12,ST012,신천역,28,ST028,매화산업단지,4890.0,4.89,2.367307062591222,0.271935607,0.271935607,0.0,0.0,PRELIMINARY_POINT_BUFFER_PROXY,2.585385906,PRELIMINARY_90M,0.38894152097149254,0.598345552773012,0.271935607,0.39215860199527713,0.40328380079956433,distance_focus,T2_SPANNER
69,ST002__ST017,2,ST002,월곶포구,17,ST017,장곡동,4791.0,4.791,2.1304248058352484,0.31944135,0.31944135,0.0,0.0,PRELIMINARY_POINT_BUFFER_PROXY,2.098557604,PRELIMINARY_90M,0.3804151235896994,0.667931101256094,0.31944135,0.3113863787134678,0.404042142469769,distance_focus,T2_SPANNER
1316,ST037__ST039,37,ST037,군자동행정복지센터,39,ST039,능곡힐스테이트,5065.0,5.065,3.1169406297195072,0.339516874,0.284687646,0.054829229,0.0,PRELIMINARY_POINT_BUFFER_PROXY,3.238108219,PRELIMINARY_90M,0.4040134355352683,0.3781363077062194,0.339516874,0.5004551660817568,0.40492364171259404,distance_focus,T2_SPANNER
727,ST016__ST038,16,ST016,물왕호수,38,ST038,능곡도서관,4155.0,4.155,2.1086022039793035,0.113688603,0.097131004,0.022219908,0.0,PRELIMINARY_POINT_BUFFER_PROXY,4.589248558,PRELIMINARY_90M,0.3256394798036345,0.6743416181950566,0.113688603,0.7246299083849838,0.40600073332900505,distance_focus,T2_SPANNER
1376,ST040__ST051,40,ST040,갯골생태공원,51,ST051,연성중학교,5417.0,5.417,2.495832602905231,0.192518156,0.176017861,0.031845057,0.0,PRELIMINARY_POINT_BUFFER_PROXY,2.410565802,PRELIMINARY_90M,0.4343295151149772,0.5605904235399768,0.192518156,0.36315328653513135,0.4063205132245037,distance_focus,T2_SPANNER
1172,ST030__ST042,30,ST030,장곡도서관,42,ST042,시흥시청역,4189.0,4.189,1.8876809717400926,0.39848213,0.39848213,0.0,0.0,PRELIMINARY_POINT_BUFFER_PROXY,2.682185425,PRELIMINARY_90M,0.32856773749031093,0.7392385223678348,0.39848213,0.4082191151785057,0.4126032207516221,distance_focus,T2_SPANNER
353,ST007__ST051,7,ST007,장현지구,51,ST051,연성중학교,3360.0,3.36,1.9288666578782163,0.553656435,0.527051485,0.051346729,0.0,PRELIMINARY_POINT_BUFFER_PROXY,3.519092434,PRELIMINARY_90M,0.2571699250710533,0.7271399861633028,0.553656435,0.5470747230372682,0.41562413041916496,distance_focus,T2_SPANNER
1168,ST030__ST038,30,ST030,장곡도서관,38,ST038,능곡도서관,3282.0,3.282,1.9010144281905854,0.420337618,0.399372834,0.028134244,0.0,PRELIMINARY_POINT_BUFFER_PROXY,4.68639496,PRELIMINARY_90M,0.2504521574369133,0.7353217415460502,0.420337618,0.7407479747363694,0.4222097867326653,distance_focus,T2_SPANNER
728,ST016__ST039,16,ST016,물왕호수,39,ST039,능곡힐스테이트,4090.0,4.09,2.0,0.250178222,0.175234323,0.080696429,0.0,PRELIMINARY_POINT_BUFFER_PROXY,4.74147672,PRELIMINARY_90M,0.32004134010851776,0.7062441508450915,0.250178222,0.7498868768897513,0.43196912451991115,distance_focus,T2_SPANNER
1264,ST034__ST044,34,ST034,군자디지털과학고등학교,44,ST044,경기과학기술대학교,6466.0,6.466,2.854871731872146,0.383886554,0.383886554,0.0,0.0,PRELIMINARY_POINT_BUFFER_PROXY,0.931735075,PRELIMINARY_90M,0.5246748772715528,0.455120579330462,0.383886554,0.1177927658206959,0.4320911673720278,distance_focus,T2_SPANNER
258,ST005__ST053,5,ST005,배곧중·고등학교,53,ST053,오이도 빨강등대,6642.0,6.642,2.494332228519753,0.202414333,0.1928514,0.042185248,0.0,PRELIMINARY_POINT_BUFFER_PROXY,1.120074325,PRELIMINARY_90M,0.5398329170614072,0.5610311672916333,0.202414333,0.1490411133206909,0.43378109642562257,distance_focus,T2_SPANNER
190,ST004__ST035,4,ST004,배곧중심상가,35,ST035,산들공원,5634.0,5.634,1.616302802962953,0.164000859,0.164000859,0.0,0.0,PRELIMINARY_POINT_BUFFER_PROXY,1.742014497,PRELIMINARY_90M,0.4530186891740591,0.8189574467790675,0.164000859,0.25223045180888526,0.4344385926839255,distance_focus,T2_SPANNER
59,ST002__ST007,2,ST002,월곶포구,7,ST007,장현지구,5926.0,5.926,2.18303415787715,0.266832809,0.266832809,0.0,0.0,PRELIMINARY_POINT_BUFFER_PROXY,1.765903969,PRELIMINARY_90M,0.47816725518904485,0.6524767963735356,0.266832809,0.25619407873554767,0.4393175429703372,distance_focus,T2_SPANNER
82,ST002__ST030,2,ST002,월곶포구,30,ST030,장곡도서관,5588.0,5.588,2.0815186231395657,0.385608082,0.385608082,0.0,0.0,PRELIMINARY_POINT_BUFFER_PROXY,1.627351059,PRELIMINARY_90M,0.44905692877443804,0.6822975784827894,0.385608082,0.2332060426314667,0.44214806629307934,distance_focus,T2_SPANNER
1108,ST028__ST029,28,ST028,매화산업단지,29,ST029,관곡공원,5556.0,5.556,1.6000991552975863,0.203318057,0.203318057,0.0,0.0,PRELIMINARY_POINT_BUFFER_PROXY,1.965812089,PRELIMINARY_90M,0.446300921539919,0.8237173630584143,0.203318057,0.2893618778099875,0.44292510152721576,distance_focus,T2_SPANNER
429,ST009__ST034,9,ST009,능곡중앙공원,34,ST034,군자디지털과학고등학교,5438.0,5.438,3.0482330688038717,0.45363226,0.45363226,0.060550946,0.0,PRELIMINARY_POINT_BUFFER_PROXY,3.293272439,PRELIMINARY_90M,0.43613814486263025,0.39831955560635457,0.45363226,0.5096077496039179,0.4441099144559875,distance_focus,T2_SPANNER
761,ST017__ST034,17,ST017,장곡동,34,ST034,군자디지털과학고등학교,4796.0,4.796,1.9023778836005452,0.255435013,0.255435013,0.0,0.0,PRELIMINARY_POINT_BUFFER_PROXY,3.815283297,PRELIMINARY_90M,0.380845749720093,0.7349212185443127,0.255435013,0.5962172942928478,0.44745119122162524,distance_focus,T2_SPANNER
968,ST023__ST034,23,ST023,오이도역,34,ST034,군자디지털과학고등학교,5721.0,5.721,1.6171564960054718,0.243107021,0.243107021,0.0,0.0,PRELIMINARY_POINT_BUFFER_PROXY,1.702079171,PRELIMINARY_90M,0.4605115838429076,0.8187066694544447,0.243107021,0.24560457353670576,0.44939411071227175,distance_focus,T2_SPANNER
1053,ST026__ST029,26,ST026,은계파크자이,29,ST029,관곡공원,6175.0,6.175,2.002908151887456,0.217079342,0.217079342,0.0,0.0,PRELIMINARY_POINT_BUFFER_PROXY,1.735808496,PRELIMINARY_90M,0.49961243648264575,0.7053898642179204,0.217079342,0.2512007818073677,0.4508373382692484,distance_focus,T2_SPANNER
1016,ST024__ST051,24,ST024,목감고등학교,51,ST051,연성중학교,5421.0,5.421,2.131002869348733,0.286117824,0.286117824,0.073213062,0.0,PRELIMINARY_POINT_BUFFER_PROXY,3.183231796,PRELIMINARY_90M,0.43467401601929206,0.6677612917178248,0.286117824,0.4913503324612516,0.4558551260374721,distance_focus,T2_SPANNER
1081,ST027__ST029,27,ST027,은행동행정복지센터,29,ST029,관곡공원,6511.0,6.511,2.105093847144432,0.221221899,0.221221899,0.0,0.0,PRELIMINARY_POINT_BUFFER_PROXY,1.86056218,PRELIMINARY_90M,0.5285505124450952,0.6753722185362228,0.221221899,0.2718993163376718,0.4659767969258866,distance_focus,T2_SPANNER
1329,ST037__ST052,37,ST037,군자동행정복지센터,52,ST052,가온그린공원,4929.0,4.929,1.8657671765131771,0.32268539,0.32268539,0.0,0.0,PRELIMINARY_POINT_BUFFER_PROXY,4.042820461,PRELIMINARY_90M,0.3923004047885626,0.7456758278929241,0.32268539,0.6339691721931545,0.4711147811466212,distance_focus,T2_SPANNER
763,ST017__ST036,17,ST017,장곡동,36,ST036,시흥시립군자도서관,5061.0,5.061,1.9616842116374067,0.29462359,0.29462359,0.0,0.0,PRELIMINARY_POINT_BUFFER_PROXY,4.135337569,PRELIMINARY_90M,0.4036689346309534,0.7174996377915849,0.29462359,0.6493191682267936,0.4712342734497812,distance_focus,T2_SPANNER
1037,ST025__ST042,25,ST025,목감동행정복지센터,42,ST042,시흥시청역,5715.0,5.715,2.220000001279592,0.043183038,0.037299924,0.043183038,0.0,PRELIMINARY_POINT_BUFFER_PROXY,4.879937643,PRELIMINARY_90M,0.4599948324864353,0.641617863655124,0.043183038,0.7728596509507825,0.47164624075842543,distance_focus,T2_SPANNER
970,ST023__ST036,23,ST023,오이도역,36,ST036,시흥시립군자도서관,5986.0,5.986,1.6736800636760731,0.276782237,0.276782237,0.0,0.0,PRELIMINARY_POINT_BUFFER_PROXY,2.065866617,PRELIMINARY_90M,0.48333476875376796,0.8021025408361023,0.276782237,0.3059624465172113,0.47356120646756944,distance_focus,T2_SPANNER
1164,ST030__ST034,30,ST030,장곡도서관,34,ST034,군자디지털과학고등학교,5196.0,5.196,1.8669374221592223,0.312566858,0.312566858,0.0,0.0,PRELIMINARY_POINT_BUFFER_PROXY,3.70960645,PRELIMINARY_90M,0.4152958401515804,0.7453320613894503,0.312566858,0.578683897309692,0.47390013458824054,distance_focus,T2_SPANNER
336,ST007__ST034,7,ST007,장현지구,34,ST034,군자디지털과학고등학교,5320.0,5.32,1.7415557933434342,0.349152348,0.349152348,0.0,0.0,PRELIMINARY_POINT_BUFFER_PROXY,3.459564988,PRELIMINARY_90M,0.4259753681853415,0.7821636482306576,0.349152348,0.5371982139272702,0.484563584025627,distance_focus,T2_SPANNER
410,ST009__ST015,9,ST009,능곡중앙공원,15,ST015,목감택지개발예정지구,5902.0,5.902,2.0201812566671036,0.180228914,0.180228914,0.099111033,0.0,PRELIMINARY_POINT_BUFFER_PROXY,3.891380857,PRELIMINARY_90M,0.4761002497631556,0.7003157886558333,0.180228914,0.6088430374599344,0.4852632983871007,distance_focus,T2_SPANNER
1023,ST025__ST028,25,ST025,목감동행정복지센터,28,ST028,매화산업단지,6878.0,6.878,2.8903708674922335,0.271201217,0.266520768,0.103849183,0.0,PRELIMINARY_POINT_BUFFER_PROXY,3.071832764,PRELIMINARY_90M,0.5601584704159849,0.44469250060211796,0.271201217,0.4728675379131207,0.4864013470560775,distance_focus,T2_SPANNER
1373,ST040__ST048,40,ST040,갯골생태공원,48,ST048,정왕평생학습관 사거리,6381.0,6.381,2.8557744448420976,0.140235273,0.140235273,0.0,0.0,PRELIMINARY_POINT_BUFFER_PROXY,4.850626954,PRELIMINARY_90M,0.5173542330548617,0.45485540211543074,0.140235273,0.7679965616301214,0.4890079136920068,distance_focus,T2_SPANNER
1446,ST046__ST052,46,ST046,배곧1동행정복지센터,52,ST052,가온그린공원,7614.0,7.614,2.9124827258011097,0.262335461,0.262335461,0.0,0.0,PRELIMINARY_POINT_BUFFER_PROXY,1.923953071,PRELIMINARY_90M,0.6235466368099216,0.438197012888201,0.262335461,0.2824168297625277,0.4903930457930662,distance_focus,T2_SPANNER
1278,ST035__ST038,35,ST035,산들공원,38,ST038,능곡도서관,5280.0,5.28,1.9945304789784195,0.259652021,0.2466278,0.017478197,0.0,PRELIMINARY_POINT_BUFFER_PROXY,4.943765851,PRELIMINARY_90M,0.4225303591421927,0.7078508546372565,0.259652021,0.7834497219205138,0.49503458716187154,distance_focus,T2_SPANNER
1006,ST024__ST041,24,ST024,목감고등학교,41,ST041,연꽃테마파크,6620.0,6.62,2.1088538684731546,0.256634362,0.232869828,0.08230653,0.0,PRELIMINARY_POINT_BUFFER_PROXY,2.729827706,PRELIMINARY_90M,0.5379381620876755,0.6742676902779633,0.256634362,0.4161236945605538,0.49791985117399906,distance_focus,T2_SPANNER
1188,ST031__ST034,31,ST031,마전저수지,34,ST034,군자디지털과학고등학교,6030.0,6.03,2.057977037537833,0.231421206,0.231421206,0.0,0.0,PRELIMINARY_POINT_BUFFER_PROXY,4.228768339,PRELIMINARY_90M,0.4871242787012316,0.6892130569516794,0.231421206,0.6648207546892656,0.5057366059318191,distance_focus,T2_SPANNER
269,ST006__ST015,6,ST006,시흥시청 본청,15,ST015,목감택지개발예정지구,6311.0,6.311,2.0188725378469625,0.137175008,0.137175008,0.0,0.0,PRELIMINARY_POINT_BUFFER_PROXY,4.29974913,PRELIMINARY_90M,0.5113254672293515,0.7007002324641489,0.137175008,0.6765975480182851,0.5083999252485085,distance_focus,T2_SPANNER
1393,ST041__ST054,41,ST041,연꽃테마파크,54,ST054,시흥 프리미엄 아울렛,8437.0,8.437,2.489736395352416,0.047911633,0.047911633,0.0,0.0,PRELIMINARY_POINT_BUFFER_PROXY,1.716462461,PRELIMINARY_90M,0.6944276978727069,0.5623812201662786,0.047911633,0.24799098021568108,0.5106778088372828,distance_focus,T2_SPANNER
491,ST010__ST051,10,ST010,은계호수공원,51,ST051,연성중학교,7611.0,7.611,2.223556453636578,0.236339042,0.224593164,0.02266918,0.0,PRELIMINARY_POINT_BUFFER_PROXY,2.383404021,PRELIMINARY_90M,0.6232882611316855,0.6405731349730186,0.236339042,0.35864673375122275,0.5281423802310632,distance_focus,T2_SPANNER
65,ST002__ST013,2,ST002,월곶포구,13,ST013,삼미시장,8913.0,8.913,3.1699010313471865,0.195254791,0.180876461,0.06348988,0.0,PRELIMINARY_POINT_BUFFER_PROXY,2.384881968,PRELIMINARY_90M,0.7354233054861768,0.36257887995449556,0.195254791,0.3588919476481804,0.5419916608077986,distance_focus,T2_SPANNER
746,ST017__ST019,17,ST017,장곡동,19,ST019,시화병원,6719.0,6.719,2.5683224236556637,0.264976881,0.264976881,0.0,0.0,PRELIMINARY_POINT_BUFFER_PROXY,5.10007127,PRELIMINARY_90M,0.5464645594694686,0.5392961146903463,0.264976881,0.8093831694044784,0.5426039324724314,distance_focus,T2_SPANNER
1175,ST030__ST045,30,ST030,장곡도서관,45,ST045,시흥중앙도서관,6936.0,6.936,2.670716000289097,0.243370139,0.243370139,0.0,0.0,PRELIMINARY_POINT_BUFFER_PROXY,5.311475889,PRELIMINARY_90M,0.5651537335285505,0.509217402638384,0.243370139,0.8444584126032064,0.5503914465769413,distance_focus,T2_SPANNER
264,ST006__ST010,6,ST006,시흥시청 본청,10,ST010,은계호수공원,8600.0,8.6,2.2977932871741067,0.158558533,0.158558533,0.0,0.0,PRELIMINARY_POINT_BUFFER_PROXY,2.221566641,PRELIMINARY_90M,0.7084661097235381,0.6187656308986302,0.158558533,0.33179544975848757,0.5560243023965137,distance_focus,T2_SPANNER
581,ST012__ST054,12,ST012,신천역,54,ST054,시흥 프리미엄 아울렛,9423.0,9.423,3.210050257042966,0.181118145,0.154003395,0.065035286,0.0,PRELIMINARY_POINT_BUFFER_PROXY,2.484378517,PRELIMINARY_90M,0.7793471707863233,0.35078481006731976,0.181118145,0.3753999391486365,0.5647363780648713,distance_focus,T2_SPANNER
377,ST008__ST028,8,ST008,시흥능곡역,28,ST028,매화산업단지,8534.0,8.534,1.9269660940085112,0.132284324,0.132284324,0.0,0.0,PRELIMINARY_POINT_BUFFER_PROXY,2.663161369,PRELIMINARY_90M,0.7027818448023426,0.7276982879167211,0.132284324,0.40506273480241645,0.5762868166491592,distance_focus,T2_SPANNER
900,ST021__ST031,21,ST021,오이도 포구 해양관광 단지,31,ST031,마전저수지,9293.0,9.293,3.031251972754875,0.24550113,0.238398194,0.029057106,0.0,PRELIMINARY_POINT_BUFFER_PROXY,2.59903452,PRELIMINARY_90M,0.7681508913960899,0.40330785189580864,0.24550113,0.39442311474641795,0.5789678047641834,distance_focus,T2_SPANNER
394,ST008__ST045,8,ST008,시흥능곡역,45,ST045,시흥중앙도서관,9919.0,9.919,3.4582290329618446,0.283603446,0.283603446,0.0,0.0,PRELIMINARY_POINT_BUFFER_PROXY,2.222501302,PRELIMINARY_90M,0.8220652829213677,0.2778808430050438,0.283603446,0.3319505242409584,0.5861511275936526,distance_focus,T2_SPANNER
314,ST007__ST012,7,ST007,장현지구,12,ST012,신천역,8834.0,8.834,1.9013704989777807,0.352796752,0.300297607,0.052499144,0.0,PRELIMINARY_POINT_BUFFER_PROXY,2.388145097,PRELIMINARY_90M,0.7286194126259582,0.7352171436695984,0.352796752,0.3594333504037362,0.6178577638552772,distance_focus,T2_SPANNER
407,ST009__ST012,9,ST009,능곡중앙공원,12,ST012,신천역,9230.0,9.23,2.079155224614918,0.314081779,0.229949921,0.111454562,0.0,PRELIMINARY_POINT_BUFFER_PROXY,2.348627829,PRELIMINARY_90M,0.7627250021531307,0.6829918406232889,0.314081779,0.3528768343152711,0.621991319275006,distance_focus,T2_SPANNER
1387,ST041__ST048,41,ST041,연꽃테마파크,48,ST048,정왕평생학습관 사거리,9776.0,9.776,2.720411057587995,0.09150236,0.09150236,0.0,0.0,PRELIMINARY_POINT_BUFFER_PROXY,3.868236792,PRELIMINARY_90M,0.8097493755921109,0.49461918888274437,0.09150236,0.6050030848972981,0.6240308516426674,distance_focus,T2_SPANNER
194,ST004__ST039,4,ST004,배곧중심상가,39,ST039,능곡힐스테이트,10580.0,10.58,2.6777596266461616,0.197601569,0.171364162,0.026237407,0.0,PRELIMINARY_POINT_BUFFER_PROXY,1.667718253,PRELIMINARY_90M,0.8789940573594006,0.5071482961967346,0.197601569,0.23990357437650506,0.6251447474836563,distance_focus,T2_SPANNER
1409,ST043__ST045,43,ST043,시흥종합버스터미널,45,ST045,시흥중앙도서관,671.0,0.671,3.1817228022763167,0.300402098,0.300402098,0.0,0.0,PRELIMINARY_POINT_BUFFER_PROXY,0.425583211,PRELIMINARY_90M,0.025579192145379383,0.35910616559669406,0.300402098,0.03381446955986759,0.1180669656534429,distance_focus,DEGREE_LIMIT_3
1,ST001__ST002,1,ST001,월곶역,2,ST002,월곶포구,619.0,0.619,1.5532421960245575,0.149164241,0.149164241,0.0,0.0,PRELIMINARY_POINT_BUFFER_PROXY,0.47799073,PRELIMINARY_90M,0.02110068038928602,0.8374818689184798,0.149164241,0.042509674437898,0.16597874186756395,distance_focus,DEGREE_LIMIT_3
534,ST011__ST050,11,ST011,배곧생명공원,50,ST050,시흥한라3차아파트,995.0,0.995,2.969355785245408,0.47264275,0.47264275,0.0,0.0,PRELIMINARY_POINT_BUFFER_PROXY,0.56995669,PRELIMINARY_90M,0.05348376539488416,0.4214902190171036,0.47264275,0.057768226631615675,0.17220125031449415,distance_focus,DEGREE_LIMIT_3
880,ST020__ST045,20,ST020,시화공업단지[왼쪽부근],45,ST045,시흥중앙도서관,1373.0,1.373,2.951996349336429,0.38168565,0.38168565,0.0,0.0,PRELIMINARY_POINT_BUFFER_PROXY,0.548337,PRELIMINARY_90M,0.08603910085263974,0.42658965485339595,0.38168565,0.05418119107762378,0.17668997985860482,distance_focus,DEGREE_LIMIT_3
879,ST020__ST044,20,ST020,시화공업단지[왼쪽부근],44,ST044,경기과학기술대학교,406.0,0.406,2.506476981067469,0.352976565,0.352976565,0.0,0.0,PRELIMINARY_POINT_BUFFER_PROXY,1.876973273,PRELIMINARY_90M,0.0027560072345189906,0.5574635751942025,0.352976565,0.274622166391066,0.17927514996677574,distance_focus,DEGREE_LIMIT_3
1448,ST046__ST054,46,ST046,배곧1동행정복지센터,54,ST054,시흥 프리미엄 아울렛,1087.0,1.087,2.0,0.198910149,0.198910149,0.0,0.0,PRELIMINARY_POINT_BUFFER_PROXY,0.722410179,PRELIMINARY_90M,0.06140728619412626,0.7062441508450915,0.198910149,0.08306258031444422,0.1820065394306998,distance_focus,DEGREE_LIMIT_3
259,ST005__ST054,5,ST005,배곧중·고등학교,54,ST054,시흥 프리미엄 아울렛,1508.0,1.508,1.711681176130996,0.0,0.0,0.0,0.0,PRELIMINARY_POINT_BUFFER_PROXY,0.623743217,PRELIMINARY_90M,0.09766600637326674,0.7909394917780753,0.0,0.06669222992096648,0.18236106176015296,distance_focus,DEGREE_LIMIT_3
151,ST003__ST047,3,ST003,배곧한울공원,47,ST047,배곧2동행정복지센터,2142.0,2.142,2.998593533213879,0.082490603,0.082490603,0.0,0.0,PRELIMINARY_POINT_BUFFER_PROXY,1.45164868,PRELIMINARY_90M,0.15226939970717424,0.41290145953524826,0.082490603,0.20405434432339853,0.18866513086774286,distance_focus,DEGREE_LIMIT_3
1243,ST033__ST044,33,ST033,타원산업단지,44,ST044,경기과학기술대학교,1598.0,1.598,1.7010597777371803,0.123630586,0.123630586,0.0,0.0,PRELIMINARY_POINT_BUFFER_PROXY,0.331684145,PRELIMINARY_90M,0.1054172767203514,0.7940595896824632,0.123630586,0.018235185665018444,0.1983683063983155,distance_focus,DEGREE_LIMIT_3
466,ST010__ST026,10,ST010,은계호수공원,26,ST026,은계파크자이,1220.0,1.22,2.405341600576404,0.254629654,0.254629654,0.0,0.0,PRELIMINARY_POINT_BUFFER_PROXY,1.537591702,PRELIMINARY_90M,0.07286194126259582,0.5871726847699602,0.254629654,0.21831359945293588,0.19909145842786208,distance_focus,DEGREE_LIMIT_3
1444,ST046__ST050,46,ST046,배곧1동행정복지센터,50,ST050,시흥한라3차아파트,2363.0,2.363,4.178737580648687,0.479447383,0.479447383,0.0,0.0,PRELIMINARY_POINT_BUFFER_PROXY,1.190735572,PRELIMINARY_90M,0.17130307467057102,0.06622724275592551,0.479447383,0.16076488943766587,0.20018261834785278,distance_focus,DEGREE_LIMIT_3
807,ST018__ST043,18,ST018,정왕역,43,ST043,시흥종합버스터미널,1406.0,1.406,2.6557306312689994,0.43367149,0.43367149,0.0,0.0,PRELIMINARY_POINT_BUFFER_PROXY,0.599226145,PRELIMINARY_90M,0.08888123331323745,0.5136194424397824,0.43367149,0.0626244746042261,0.20037198937888187,distance_focus,DEGREE_LIMIT_3
205,ST004__ST050,4,ST004,배곧중심상가,50,ST050,시흥한라3차아파트,2083.0,2.083,3.3375162940590184,0.4015265,0.4015265,0.0,0.0,PRELIMINARY_POINT_BUFFER_PROXY,0.795418286,PRELIMINARY_90M,0.14718801136852985,0.3133409161252583,0.4015265,0.09517573621717196,0.20245987910405597,distance_focus,DEGREE_LIMIT_3
1412,ST043__ST048,43,ST043,시흥종합버스터미널,48,ST048,정왕평생학습관 사거리,1307.0,1.307,3.0428754779308687,0.59325425,0.59325425,0.0,0.0,PRELIMINARY_POINT_BUFFER_PROXY,0.728620186,PRELIMINARY_90M,0.08035483593144432,0.3998933792626782,0.59325425,0.08409291497232037,0.20578124139754414,distance_focus,DEGREE_LIMIT_3
820,ST019__ST020,19,ST019,시화병원,20,ST020,시화공업단지[왼쪽부근],1979.0,1.979,2.8736363843131483,0.422822321,0.422822321,0.0,0.0,PRELIMINARY_POINT_BUFFER_PROXY,0.548112375,PRELIMINARY_90M,0.13823098785634313,0.4496083529185587,0.422822321,0.054143922372044954,0.21501323276457926,distance_focus,DEGREE_LIMIT_3
1210,ST032__ST033,32,ST032,희망공원,33,ST033,타원산업단지,2081.0,2.081,1.4965117896209403,0.0,0.0,0.0,0.0,PRELIMINARY_POINT_BUFFER_PROXY,0.481788461,PRELIMINARY_90M,0.14701576091637242,0.8541467576244774,0.0,0.043139775800197705,0.21545164851770612,distance_focus,DEGREE_LIMIT_3
434,ST009__ST039,9,ST009,능곡중앙공원,39,ST039,능곡힐스테이트,792.0,0.792,2.0,0.496869839,0.318845713,0.496869839,0.0,PRELIMINARY_POINT_BUFFER_PROXY,0.848295282,PRELIMINARY_90M,0.036000344500904315,0.7062441508450915,0.496869839,0.10394883447345071,0.2158596131232787,distance_focus,DEGREE_LIMIT_3
136,ST003__ST032,3,ST003,배곧한울공원,32,ST032,희망공원,2946.0,2.946,2.474419063810549,0.0,0.0,0.0,0.0,PRELIMINARY_POINT_BUFFER_PROXY,0.664390229,PRELIMINARY_90M,0.22151408147446386,0.5668807759001471,0.0,0.07343618773014575,0.21788028935549905,distance_focus,DEGREE_LIMIT_3
178,ST004__ST023,4,ST004,배곧중심상가,23,ST023,오이도역,1713.0,1.713,2.7144915430768712,0.4750888,0.4750888,0.0,0.0,PRELIMINARY_POINT_BUFFER_PROXY,0.778708558,PRELIMINARY_90M,0.11532167771940402,0.49635808089454436,0.4750888,0.09240333807300183,0.22300445559080412,distance_focus,DEGREE_LIMIT_3
957,ST022__ST055,22,ST022,오이도박물관,55,ST055,해양생태과학관,1977.0,1.977,2.056726097058233,0.0,0.0,0.0,0.0,PRELIMINARY_POINT_BUFFER_PROXY,2.016046436,PRELIMINARY_90M,0.1380587374041857,0.6895805280345066,0.0,0.29769652038444466,0.22402386283514483,distance_focus,DEGREE_LIMIT_3
202,ST004__ST047,4,ST004,배곧중심상가,47,ST047,배곧2동행정복지센터,2617.0,2.617,4.125555851408769,0.591916562,0.591916562,0.0,0.0,PRELIMINARY_POINT_BUFFER_PROXY,1.078170272,PRELIMINARY_90M,0.1931788820945655,0.08184968678832416,0.591916562,0.14208859328144147,0.22862661146247584,distance_focus,DEGREE_LIMIT_3
934,ST022__ST032,22,ST022,오이도박물관,32,ST032,희망공원,2894.0,2.894,2.88457420094931,0.0,0.0,0.0,0.0,PRELIMINARY_POINT_BUFFER_PROXY,2.242877844,PRELIMINARY_90M,0.2170355697183705,0.4463953053047024,0.0,0.3353313026249875,0.23662855453455728,distance_focus,DEGREE_LIMIT_3
53,ST001__ST054,1,ST001,월곶역,54,ST054,시흥 프리미엄 아울렛,3069.0,3.069,2.971566575272677,0.131704676,0.131704676,0.0,0.0,PRELIMINARY_POINT_BUFFER_PROXY,1.446878915,PRELIMINARY_90M,0.23210748428214625,0.42084078651533996,0.131704676,0.20326296772922972,0.2410303808918659,distance_focus,DEGREE_LIMIT_3
1145,ST029__ST040,29,ST029,관곡공원,40,ST040,갯골생태공원,3173.0,3.173,2.6002442194967386,0.0,0.0,0.0,0.0,PRELIMINARY_POINT_BUFFER_PROXY,1.529257702,PRELIMINARY_90M,0.24106450779433297,0.5299189004465018,0.0,0.2169308620359346,0.24461294365924857,distance_focus,DEGREE_LIMIT_3
779,ST017__ST052,17,ST017,장곡동,52,ST052,가온그린공원,639.0,0.639,1.9871511618456574,0.588670368,0.588670368,0.0,0.0,PRELIMINARY_POINT_BUFFER_PROXY,1.720740011,PRELIMINARY_90M,0.02282318491086039,0.7100185722077744,0.588670368,0.24870069085140145,0.24466119635984962,distance_focus,DEGREE_LIMIT_3
951,ST022__ST049,22,ST022,오이도박물관,49,ST049,거북섬 웨이브파크 정문,2432.0,2.432,2.198773004915802,0.078808855,0.078808855,0.0,0.0,PRELIMINARY_POINT_BUFFER_PROXY,1.80570442,PRELIMINARY_90M,0.17724571527000257,0.6478534179969773,0.078808855,0.26279757919285823,0.24590412122697675,distance_focus,DEGREE_LIMIT_3
1147,ST029__ST042,29,ST029,관곡공원,42,ST042,시흥시청역,2654.0,2.654,2.6841941622399865,0.0,0.0,0.0,0.0,PRELIMINARY_POINT_BUFFER_PROXY,2.927478894,PRELIMINARY_90M,0.19636551545947808,0.5052581137294531,0.0,0.44891703427285934,0.25112730570305986,distance_focus,DEGREE_LIMIT_3
454,ST010__ST014,10,ST010,은계호수공원,14,ST014,시흥대야역,1525.0,1.525,2.792670740390496,0.667821134,0.57752438,0.090296754,0.0,PRELIMINARY_POINT_BUFFER_PROXY,1.2539899,PRELIMINARY_90M,0.09913013521660495,0.47339248440143145,0.667821134,0.1712597449827669,0.2513925788767625,distance_focus,DEGREE_LIMIT_3
922,ST021__ST053,21,ST021,오이도 포구 해양관광 단지,53,ST053,오이도 빨강등대,374.0,0.374,1.497751290766831,0.499042777,0.014898499,0.484144278,0.0,PRELIMINARY_POINT_BUFFER_PROXY,2.232582635,PRELIMINARY_90M,0.0,0.8537826469128378,0.499042777,0.3336231707915163,0.2529672892056531,distance_focus,DEGREE_LIMIT_3
262,ST006__ST008,6,ST006,시흥시청 본청,8,ST008,시흥능곡역,1951.0,1.951,2.023517683433672,0.1397711,0.1397711,0.0,0.0,PRELIMINARY_POINT_BUFFER_PROXY,2.968420709,PRELIMINARY_90M,0.135819481526139,0.699335693777877,0.1397711,0.45570990438570363,0.2689232195639135,distance_focus,DEGREE_LIMIT_3
596,ST013__ST027,13,ST013,삼미시장,27,ST027,은행동행정복지센터,1561.0,1.561,2.6154869323133116,0.514819805,0.514819805,0.0,0.0,PRELIMINARY_POINT_BUFFER_PROXY,2.62974837,PRELIMINARY_90M,0.10223064335543881,0.525441264399645,0.514819805,0.3995190098286312,0.2721938657297328,distance_focus,DEGREE_LIMIT_3
157,ST003__ST053,3,ST003,배곧한울공원,53,ST053,오이도 빨강등대,2485.0,2.485,2.0743268960726615,0.321268247,0.295693025,0.112820736,0.0,PRELIMINARY_POINT_BUFFER_PROXY,1.113752047,PRELIMINARY_90M,0.18181035225217465,0.6844101903742181,0.321268247,0.14799215119550682,0.2730462820241548,distance_focus,DEGREE_LIMIT_3
296,ST006__ST042,6,ST006,시흥시청 본청,42,ST042,시흥시청역,594.0,0.594,1.9806585205188414,0.443911734,0.443911734,0.0,0.0,PRELIMINARY_POINT_BUFFER_PROXY,3.847017707,PRELIMINARY_90M,0.018947549737318062,0.7119258235739915,0.443911734,0.6014825158087417,0.27401916336293486,distance_focus,DEGREE_LIMIT_3
595,ST013__ST026,13,ST013,삼미시장,26,ST026,은계파크자이,1938.0,1.938,2.6326125397405407,0.511569918,0.511569918,0.0,0.0,PRELIMINARY_POINT_BUFFER_PROXY,2.070334106,PRELIMINARY_90M,0.13469985358711567,0.5204105170475657,0.511569918,0.3067036709232997,0.2748875353685434,distance_focus,DEGREE_LIMIT_3
553,ST012__ST026,12,ST012,신천역,26,ST026,은계파크자이,1797.0,1.797,2.4281601537334185,0.516501543,0.516501543,0.0,0.0,PRELIMINARY_POINT_BUFFER_PROXY,2.25962769,PRELIMINARY_90M,0.12255619671001636,0.580469601310835,0.516501543,0.3381103569558261,0.28266813338050817,distance_focus,DEGREE_LIMIT_3
1182,ST030__ST052,30,ST030,장곡도서관,52,ST052,가온그린공원,791.0,0.791,1.4122876848564432,0.639846456,0.639846456,0.0,0.0,PRELIMINARY_POINT_BUFFER_PROXY,1.92746504,PRELIMINARY_90M,0.0359142192748256,0.8788880810388843,0.639846456,0.2829995188606377,0.29001292898608233,distance_focus,DEGREE_LIMIT_3
292,ST006__ST038,6,ST006,시흥시청 본청,38,ST038,능곡도서관,2199.0,2.199,2.084117616972949,0.214672193,0.183407351,0.04195668,0.0,PRELIMINARY_POINT_BUFFER_PROXY,3.091529972,PRELIMINARY_90M,0.15717853759366118,0.6815341088423155,0.214672193,0.4761356044492447,0.29229948162024766,distance_focus,DEGREE_LIMIT_3
1194,ST031__ST040,31,ST031,마전저수지,40,ST040,갯골생태공원,2402.0,2.402,2.2619856904966325,0.142177716,0.142177716,0.0,0.0,PRELIMINARY_POINT_BUFFER_PROXY,3.572654596,PRELIMINARY_90M,0.17466195848764102,0.6292843218668183,0.142177716,0.5559615007589965,0.29517760796207476,distance_focus,DEGREE_LIMIT_3
1381,ST041__ST042,41,ST041,연꽃테마파크,42,ST042,시흥시청역,3357.0,3.357,2.4375560527901543,0.0,0.0,0.0,0.0,PRELIMINARY_POINT_BUFFER_PROXY,2.986825232,PRELIMINARY_90M,0.25691154939281713,0.5777095010048499,0.0,0.458763494809769,0.29677230153824224,distance_focus,DEGREE_LIMIT_3
433,ST009__ST038,9,ST009,능곡중앙공원,38,ST038,능곡도서관,744.0,0.744,2.0,0.97496266,0.515421611,0.830516213,0.0,PRELIMINARY_POINT_BUFFER_PROXY,1.451338391,PRELIMINARY_90M,0.031866333649125826,0.7062441508450915,0.97496266,0.2040028626566858,0.3003079345322858,distance_focus,DEGREE_LIMIT_3
714,ST016__ST025,16,ST016,물왕호수,25,ST025,목감동행정복지센터,3005.0,3.005,2.1381214943015445,0.193383798,0.119943446,0.161932073,0.0,PRELIMINARY_POINT_BUFFER_PROXY,2.924827881,PRELIMINARY_90M,0.22659546981310827,0.6656701539999965,0.193383798,0.4484771908761643,0.32075717982863367,distance_focus,DEGREE_LIMIT_3
354,ST007__ST052,7,ST007,장현지구,52,ST052,가온그린공원,1163.0,1.163,1.2131708783527768,0.867518063,0.867518063,0.0,0.0,PRELIMINARY_POINT_BUFFER_PROXY,1.043527785,PRELIMINARY_90M,0.06795280337610886,0.9373798076143823,0.867518063,0.13634087753955518,0.3285598540799505,distance_focus,DEGREE_LIMIT_3
1255,ST034__ST035,34,ST034,군자디지털과학고등학교,35,ST035,산들공원,462.0,0.462,1.4710642870065378,1.0,1.0,0.0,0.0,PRELIMINARY_POINT_BUFFER_PROXY,2.223041889,PRELIMINARY_90M,0.0075790198949272245,0.861622110363843,1.0,0.33204021585027504,0.33321780987432764,distance_focus,DEGREE_LIMIT_3
990,ST024__ST025,24,ST024,목감고등학교,25,ST025,목감동행정복지센터,1561.0,1.561,2.1480533485120725,0.815690328,0.815690328,0.023517001,0.0,PRELIMINARY_POINT_BUFFER_PROXY,2.460306204,PRELIMINARY_90M,0.10223064335543881,0.6627526137327,0.815690328,0.371405976117815,0.3337041915230686,distance_focus,DEGREE_LIMIT_3
468,ST010__ST028,10,ST010,은계호수공원,28,ST028,매화산업단지,3734.0,3.734,2.2597817465071626,0.156648005,0.156648005,0.0,0.0,PRELIMINARY_POINT_BUFFER_PROXY,2.499811713,PRELIMINARY_90M,0.289380759624494,0.6299317433049347,0.156648005,0.3779605412092454,0.33384046122059874,distance_focus,DEGREE_LIMIT_3
674,ST015__ST024,15,ST015,목감택지개발예정지구,24,ST024,목감고등학교,376.0,0.376,2.0,0.846481849,0.846481849,0.0,0.0,PRELIMINARY_POINT_BUFFER_PROXY,4.399641958,PRELIMINARY_90M,0.0001722504521574369,0.7062441508450915,0.846481849,0.6931712882349484,0.33697933096069255,distance_focus,DEGREE_LIMIT_3
1296,ST036__ST037,36,ST036,시흥시립군자도서관,37,ST037,군자동행정복지센터,688.0,0.688,1.1969270521131194,1.0,1.0,0.0,0.0,PRELIMINARY_POINT_BUFFER_PROXY,1.574384084,PRELIMINARY_90M,0.027043320988717597,0.9421515265849377,1.0,0.22441801548989346,0.33985925785501936,distance_focus,DEGREE_LIMIT_3
767,ST017__ST040,17,ST017,장곡동,40,ST040,갯골생태공원,1842.0,1.842,1.5201564854789573,0.647795036,0.647795036,0.0,0.0,PRELIMINARY_POINT_BUFFER_PROXY,2.216553796,PRELIMINARY_90M,0.1264318318835587,0.8472009899146961,0.647795036,0.3309637424934135,0.3434314727971737,distance_focus,DEGREE_LIMIT_3
30,ST001__ST031,1,ST001,월곶역,31,ST031,마전저수지,4726.0,4.726,2.1733816526852707,0.0,0.0,0.0,0.0,PRELIMINARY_POINT_BUFFER_PROXY,1.971254241,PRELIMINARY_90M,0.37481698389458273,0.6553122762326484,0.0,0.2902648136390502,0.34798590462277534,distance_focus,DEGREE_LIMIT_3
740,ST016__ST051,16,ST016,물왕호수,51,ST051,연성중학교,2736.0,2.736,1.9961566566608884,0.363459039,0.363459039,0.145100799,0.0,PRELIMINARY_POINT_BUFFER_PROXY,3.605438126,PRELIMINARY_90M,0.203427783997933,0.7073731554312661,0.363459039,0.5614007872471636,0.35672022845062756,distance_focus,DEGREE_LIMIT_3
385,ST008__ST036,8,ST008,시흥능곡역,36,ST036,시흥시립군자도서관,4468.0,4.468,3.322939983305055,0.221339234,0.221339234,0.0,0.0,PRELIMINARY_POINT_BUFFER_PROXY,3.518784026,PRELIMINARY_90M,0.3525966755662734,0.3176227926683346,0.221339234,0.5470235534570783,0.35682600858026237,distance_focus,DEGREE_LIMIT_3
1390,ST041__ST051,41,ST041,연꽃테마파크,51,ST051,연성중학교,2393.0,2.393,1.8827646315644875,0.438765774,0.401394363,0.072125664,0.0,PRELIMINARY_POINT_BUFFER_PROXY,3.886342784,PRELIMINARY_90M,0.17388683145293257,0.7406827260508541,0.438765774,0.6080071444857702,0.3637561039796065,distance_focus,DEGREE_LIMIT_3
1285,ST035__ST045,35,ST035,산들공원,45,ST045,시흥중앙도서관,6104.0,6.104,3.104005896090232,0.305870296,0.305870296,0.0,0.0,PRELIMINARY_POINT_BUFFER_PROXY,0.734142852,PRELIMINARY_90M,0.4934975454310568,0.38193596136707975,0.305870296,0.0850092092991503,0.38734596998701576,distance_focus,DEGREE_LIMIT_3
1108,ST028__ST029,28,ST028,매화산업단지,29,ST029,관곡공원,5556.0,5.556,1.6000991552975863,0.203318057,0.203318057,0.0,0.0,PRELIMINARY_POINT_BUFFER_PROXY,1.965812089,PRELIMINARY_90M,0.446300921539919,0.8237173630584143,0.203318057,0.2893618778099875,0.44292510152721576,distance_focus,DEGREE_LIMIT_3
1474,ST050__ST054,50,ST050,시흥한라3차아파트,54,ST054,시흥 프리미엄 아울렛,4969.0,4.969,4.404187534909858,0.286229319,0.286229319,0.0,0.0,PRELIMINARY_POINT_BUFFER_PROXY,1.464039357,PRELIMINARY_90M,0.3957454138317113,0.0,0.286229319,0.20611014618443493,0.15300000254400747,lane_focus,MST
1444,ST046__ST050,46,ST046,배곧1동행정복지센터,50,ST050,시흥한라3차아파트,2363.0,2.363,4.178737580648687,0.479447383,0.479447383,0.0,0.0,PRELIMINARY_POINT_BUFFER_PROXY,1.190735572,PRELIMINARY_90M,0.17130307467057102,0.06622724275592551,0.479447383,0.16076488943766587,0.16340607717772684,lane_focus,MST
209,ST004__ST054,4,ST004,배곧중심상가,54,ST054,시흥 프리미엄 아울렛,3518.0,3.518,3.9115620934849367,0.174673018,0.174673018,0.0,0.0,PRELIMINARY_POINT_BUFFER_PROXY,1.470188615,PRELIMINARY_90M,0.2707777107914908,0.14471160486108936,0.174673018,0.2071304016588043,0.1837818575376635,lane_focus,MST
202,ST004__ST047,4,ST004,배곧중심상가,47,ST047,배곧2동행정복지센터,2617.0,2.617,4.125555851408769,0.591916562,0.591916562,0.0,0.0,PRELIMINARY_POINT_BUFFER_PROXY,1.078170272,PRELIMINARY_90M,0.1931788820945655,0.08184968678832416,0.591916562,0.14208859328144147,0.1896613931052914,lane_focus,MST
175,ST004__ST020,4,ST004,배곧중심상가,20,ST020,시화공업단지[왼쪽부근],5086.0,5.086,4.0907536789867915,0.503240937,0.503240937,0.0,0.0,PRELIMINARY_POINT_BUFFER_PROXY,0.713569367,PRELIMINARY_90M,0.40582206528292136,0.09207302850057764,0.503240937,0.08159575507457452,0.2149264311180593,lane_focus,MST
1222,ST032__ST045,32,ST032,희망공원,45,ST045,시흥중앙도서관,3542.0,3.542,3.695161173181692,0.239589717,0.239589717,0.0,0.0,PRELIMINARY_POINT_BUFFER_PROXY,1.100349444,PRELIMINARY_90M,0.27284471621738005,0.20828064096267274,0.239589717,0.1457684554127718,0.21651298958672813,lane_focus,MST
1439,ST045__ST054,45,ST045,시흥중앙도서관,54,ST054,시흥 프리미엄 아울렛,6917.0,6.917,4.195062440228731,0.369304599,0.369304599,0.0,0.0,PRELIMINARY_POINT_BUFFER_PROXY,1.195975935,PRELIMINARY_90M,0.5635173542330548,0.06143171976765516,0.369304599,0.1616343454010411,0.2230601723905947,lane_focus,MST
160,ST004__ST005,4,ST004,배곧중심상가,5,ST005,배곧중·고등학교,2591.0,2.591,3.612965583991951,0.346284637,0.346284637,0.0,0.0,PRELIMINARY_POINT_BUFFER_PROXY,1.174987484,PRELIMINARY_90M,0.19093962621651883,0.23242607606189314,0.346284637,0.15815204200260122,0.23006646512464052,lane_focus,MST
149,ST003__ST045,3,ST003,배곧한울공원,45,ST045,시흥중앙도서관,4063.0,4.063,3.6462280998642367,0.303337094,0.303337094,0.0,0.0,PRELIMINARY_POINT_BUFFER_PROXY,0.708093583,PRELIMINARY_90M,0.31771595900439237,0.22265501746680116,0.303337094,0.08068723918493967,0.23247435051202,lane_focus,MST
1409,ST043__ST045,43,ST043,시흥종합버스터미널,45,ST045,시흥중앙도서관,671.0,0.671,3.1817228022763167,0.300402098,0.300402098,0.0,0.0,PRELIMINARY_POINT_BUFFER_PROXY,0.425583211,PRELIMINARY_90M,0.025579192145379383,0.35910616559669406,0.300402098,0.03381446955986759,0.23480140636140304,lane_focus,MST
1244,ST033__ST045,33,ST033,타원산업단지,45,ST045,시흥중앙도서관,3637.0,3.637,3.4781306841531268,0.249273043,0.249273043,0.0,0.0,PRELIMINARY_POINT_BUFFER_PROXY,0.487234376,PRELIMINARY_90M,0.28102661269485835,0.2720346165597639,0.249273043,0.04404333596822129,0.2362200876640868,lane_focus,MST
56,ST002__ST004,2,ST002,월곶포구,4,ST004,배곧중심상가,3192.0,3.192,3.5458499603414118,0.332930014,0.332930014,0.0,0.0,PRELIMINARY_POINT_BUFFER_PROXY,1.198313388,PRELIMINARY_90M,0.24270088708982862,0.2521416830789185,0.332930014,0.16202216442234924,0.24885384572077737,lane_focus,MST
988,ST023__ST054,23,ST023,오이도역,54,ST054,시흥 프리미엄 아울렛,4175.0,4.175,3.62850171203835,0.340947009,0.340947009,0.0,0.0,PRELIMINARY_POINT_BUFFER_PROXY,1.34126926,PRELIMINARY_90M,0.32736198432520885,0.2278622475750438,0.340947009,0.18574071892132277,0.2584066798407621,lane_focus,MST
947,ST022__ST045,22,ST022,오이도박물관,45,ST045,시흥중앙도서관,5639.0,5.639,3.6640196738093724,0.218388661,0.218388661,0.0,0.0,PRELIMINARY_POINT_BUFFER_PROXY,1.321126041,PRELIMINARY_90M,0.45344931530445265,0.21742863855474548,0.218388661,0.18239865237342848,0.2595222793442776,lane_focus,MST
3,ST001__ST004,1,ST001,월곶역,4,ST004,배곧중심상가,4737.0,4.737,3.465738984511636,0.156110614,0.156110614,0.0,0.0,PRELIMINARY_POINT_BUFFER_PROXY,1.268327568,PRELIMINARY_90M,0.37576436138144864,0.2756747508104226,0.156110614,0.1736385822777203,0.2624526271231591,lane_focus,MST
63,ST002__ST011,2,ST002,월곶포구,11,ST011,배곧생명공원,3928.0,3.928,3.437997456052192,0.304495296,0.304495296,0.0,0.0,PRELIMINARY_POINT_BUFFER_PROXY,1.160746133,PRELIMINARY_90M,0.3060890534837654,0.28382398705988165,0.304495296,0.1557891851635865,0.2721724764012319,lane_focus,MST
123,ST003__ST019,3,ST003,배곧한울공원,19,ST019,시화병원,4589.0,4.589,3.3569912039784113,0.314662169,0.314662169,0.0,0.0,PRELIMINARY_POINT_BUFFER_PROXY,0.732725069,PRELIMINARY_90M,0.3630178279217983,0.30762004742467164,0.314662169,0.08477397752529763,0.2863290112754901,lane_focus,MST
784,ST018__ST020,18,ST018,정왕역,20,ST020,시화공업단지[왼쪽부근],1949.0,1.949,3.244027725944256,0.540858498,0.540858498,0.0,0.0,PRELIMINARY_POINT_BUFFER_PROXY,0.564911031,PRELIMINARY_90M,0.13564723107398158,0.34080372983808693,0.540858498,0.05693107502461671,0.28719974708753226,lane_focus,MST
1225,ST032__ST048,32,ST032,희망공원,48,ST048,정왕평생학습관 사거리,4339.0,4.339,3.4681877374468693,0.435644018,0.435644018,0.0,0.0,PRELIMINARY_POINT_BUFFER_PROXY,0.974972519,PRELIMINARY_90M,0.34148652140211866,0.2749554153125626,0.435644018,0.12496651571681991,0.28986659199422804,lane_focus,MST
1226,ST032__ST049,32,ST032,희망공원,49,ST049,거북섬 웨이브파크 정문,4499.0,4.499,3.070219818149316,0.042639664,0.042639664,0.0,0.0,PRELIMINARY_POINT_BUFFER_PROXY,0.994963213,PRELIMINARY_90M,0.35526655757471365,0.3918608193822274,0.042639664,0.12828327604626832,0.29262216221299664,lane_focus,MST
1322,ST037__ST045,37,ST037,군자동행정복지센터,45,ST045,시흥중앙도서관,5556.0,5.556,3.4490973986733664,0.318446298,0.318446298,0.0,0.0,PRELIMINARY_POINT_BUFFER_PROXY,1.229092844,PRELIMINARY_90M,0.446300921539919,0.28056331398962786,0.318446298,0.16712894453827729,0.30237812768353933,lane_focus,MST
1421,ST044__ST046,44,ST044,경기과학기술대학교,46,ST046,배곧1동행정복지센터,6072.0,6.072,3.6617220145761413,0.526775367,0.526775367,0.0,0.0,PRELIMINARY_POINT_BUFFER_PROXY,0.891299477,PRELIMINARY_90M,0.49074153819653776,0.21810358939387187,0.526775367,0.111083884811166,0.3028789901079184,lane_focus,MST
176,ST004__ST021,4,ST004,배곧중심상가,21,ST021,오이도 포구 해양관광 단지,6584.0,6.584,3.5923217288463887,0.225583256,0.147159552,0.078423704,0.0,PRELIMINARY_POINT_BUFFER_PROXY,2.150735805,PRELIMINARY_90M,0.5348376539488416,0.23849032926000868,0.225583256,0.3200435362458069,0.3080567142566437,lane_focus,MST
210,ST004__ST055,4,ST004,배곧중심상가,55,ST055,해양생태과학관,7399.0,7.399,3.484870986965943,0.130920651,0.130920651,0.0,0.0,PRELIMINARY_POINT_BUFFER_PROXY,1.632000824,PRELIMINARY_90M,0.6050297132029971,0.27005461318342383,0.130920651,0.23397750939961678,0.3107679732922539,lane_focus,MST
208,ST004__ST053,4,ST004,배곧중심상가,53,ST053,오이도 빨강등대,6949.0,6.949,3.508561666430198,0.209323159,0.140219425,0.069103734,0.0,PRELIMINARY_POINT_BUFFER_PROXY,2.183795736,PRELIMINARY_90M,0.5662733614675739,0.263095337520345,0.209323159,0.3255286818658189,0.32503011718356006,lane_focus,MST
385,ST008__ST036,8,ST008,시흥능곡역,36,ST036,시흥시립군자도서관,4468.0,4.468,3.322939983305055,0.221339234,0.221339234,0.0,0.0,PRELIMINARY_POINT_BUFFER_PROXY,3.518784026,PRELIMINARY_90M,0.3525966755662734,0.3176227926683346,0.221339234,0.5470235534570783,0.34458514956598374,lane_focus,MST
1145,ST029__ST040,29,ST029,관곡공원,40,ST040,갯골생태공원,3173.0,3.173,2.6002442194967386,0.0,0.0,0.0,0.0,PRELIMINARY_POINT_BUFFER_PROXY,1.529257702,PRELIMINARY_90M,0.24106450779433297,0.5299189004465018,0.0,0.2169308620359346,0.34571198108750767,lane_focus,MST
1285,ST035__ST045,35,ST035,산들공원,45,ST045,시흥중앙도서관,6104.0,6.104,3.104005896090232,0.305870296,0.305870296,0.0,0.0,PRELIMINARY_POINT_BUFFER_PROXY,0.734142852,PRELIMINARY_90M,0.4934975454310568,0.38193596136707975,0.305870296,0.0850092092991503,0.34829941556462374,lane_focus,MST
431,ST009__ST036,9,ST009,능곡중앙공원,36,ST036,시흥시립군자도서관,4477.0,4.477,3.3255331202319405,0.336615531,0.336615531,0.073519269,0.0,PRELIMINARY_POINT_BUFFER_PROXY,3.161998942,PRELIMINARY_90M,0.35337180260098183,0.3168610435284025,0.336615531,0.4878274788860746,0.3527713337673088,lane_focus,MST
1147,ST029__ST042,29,ST029,관곡공원,42,ST042,시흥시청역,2654.0,2.654,2.6841941622399865,0.0,0.0,0.0,0.0,PRELIMINARY_POINT_BUFFER_PROXY,2.927478894,PRELIMINARY_90M,0.19636551545947808,0.5052581137294531,0.0,0.44891703427285934,0.35923971509755104,lane_focus,MST
195,ST004__ST040,4,ST004,배곧중심상가,40,ST040,갯골생태공원,7040.0,7.04,2.9717888971519195,0.137297876,0.137297876,0.0,0.0,PRELIMINARY_POINT_BUFFER_PROXY,1.550786437,PRELIMINARY_90M,0.5741107570407372,0.4207754781629174,0.137297876,0.22050280677138037,0.37887999290531316,lane_focus,MST
466,ST010__ST026,10,ST010,은계호수공원,26,ST026,은계파크자이,1220.0,1.22,2.405341600576404,0.254629654,0.254629654,0.0,0.0,PRELIMINARY_POINT_BUFFER_PROXY,1.537591702,PRELIMINARY_90M,0.07286194126259582,0.5871726847699602,0.254629654,0.21831359945293588,0.37910021865543964,lane_focus,MST
1265,ST034__ST045,34,ST034,군자디지털과학고등학교,45,ST045,시흥중앙도서관,6540.0,6.54,2.9933398472819306,0.352023517,0.352023517,0.0,0.0,PRELIMINARY_POINT_BUFFER_PROXY,0.836864495,PRELIMINARY_90M,0.531048144001378,0.4144447605073809,0.352023517,0.10205229296989038,0.38154338054944964,lane_focus,MST
454,ST010__ST014,10,ST010,은계호수공원,14,ST014,시흥대야역,1525.0,1.525,2.792670740390496,0.667821134,0.57752438,0.090296754,0.0,PRELIMINARY_POINT_BUFFER_PROXY,1.2539899,PRELIMINARY_90M,0.09913013521660495,0.47339248440143145,0.667821134,0.1712597449827669,0.3823844010914517,lane_focus,MST
168,ST004__ST013,4,ST004,배곧중심상가,13,ST013,삼미시장,10775.0,10.775,3.530128973927555,0.163406945,0.151516028,0.052506297,0.0,PRELIMINARY_POINT_BUFFER_PROXY,2.255483615,PRELIMINARY_90M,0.8957884764447507,0.2567598147924738,0.163406945,0.33742279185367113,0.3826620632132377,lane_focus,MST
1472,ST050__ST052,50,ST050,시흥한라3차아파트,52,ST052,가온그린공원,8779.0,8.779,3.3218078771929007,0.282979932,0.282979932,0.0,0.0,PRELIMINARY_POINT_BUFFER_PROXY,1.858796601,PRELIMINARY_90M,0.7238825251916287,0.317955355460644,0.282979932,0.271606379915069,0.38694212955590807,lane_focus,MST
1315,ST037__ST038,37,ST037,군자동행정복지센터,38,ST038,능곡도서관,4967.0,4.967,3.1386691135702853,0.330414356,0.316572403,0.018575574,0.0,PRELIMINARY_POINT_BUFFER_PROXY,3.271661112,PRELIMINARY_90M,0.3955731633795539,0.37175343848178544,0.330414356,0.5060221015988842,0.3904568205566361,lane_focus,MST
386,ST008__ST037,8,ST008,시흥능곡역,37,ST037,군자동행정복지센터,4944.0,4.944,3.099278481155629,0.296311656,0.296311656,0.0,0.0,PRELIMINARY_POINT_BUFFER_PROXY,3.296729813,PRELIMINARY_90M,0.3935922831797434,0.3833246671555016,0.296311656,0.5101813805607653,0.3913547456978143,lane_focus,MST
452,ST010__ST012,10,ST010,은계호수공원,12,ST012,신천역,2361.0,2.361,2.79221465563128,0.473443851,0.473443851,0.0,0.0,PRELIMINARY_POINT_BUFFER_PROXY,2.295026039,PRELIMINARY_90M,0.17113082421841358,0.4735264619671615,0.473443851,0.34398348170533055,0.3936034957330631,lane_focus,MST
1316,ST037__ST039,37,ST037,군자동행정복지센터,39,ST039,능곡힐스테이트,5065.0,5.065,3.1169406297195072,0.339516874,0.284687646,0.054829229,0.0,PRELIMINARY_POINT_BUFFER_PROXY,3.238108219,PRELIMINARY_90M,0.4040134355352683,0.3781363077062194,0.339516874,0.5004551660817568,0.3958666469724269,lane_focus,MST
172,ST004__ST017,4,ST004,배곧중심상가,17,ST017,장곡동,6764.0,6.764,2.942360541443412,0.206546328,0.206546328,0.0,0.0,PRELIMINARY_POINT_BUFFER_PROXY,1.909089561,PRELIMINARY_90M,0.550340194643011,0.42942022978330263,0.206546328,0.27995074727812974,0.39775271511197297,lane_focus,MST
167,ST004__ST012,4,ST004,배곧중심상가,12,ST012,신천역,9950.0,9.95,3.298480804869283,0.16356514,0.16356514,0.0,0.0,PRELIMINARY_POINT_BUFFER_PROXY,2.089973668,PRELIMINARY_90M,0.8247351649298079,0.3248078193993663,0.16356514,0.3099621731108347,0.39838003965227,lane_focus,MST
933,ST022__ST031,22,ST022,오이도박물관,31,ST031,마전저수지,9249.0,9.249,3.3683490129246234,0.162077697,0.162077697,0.0,0.0,PRELIMINARY_POINT_BUFFER_PROXY,2.998768021,PRELIMINARY_90M,0.7643613814486263,0.30428362461313796,0.162077697,0.460744985236173,0.3984374909317202,lane_focus,MST
1381,ST041__ST042,41,ST041,연꽃테마파크,42,ST042,시흥시청역,3357.0,3.357,2.4375560527901543,0.0,0.0,0.0,0.0,PRELIMINARY_POINT_BUFFER_PROXY,2.986825232,PRELIMINARY_90M,0.25691154939281713,0.5777095010048499,0.0,0.458763494809769,0.40905158460245367,lane_focus,MST
1180,ST030__ST050,30,ST030,장곡도서관,50,ST050,시흥한라3차아파트,8490.0,8.49,3.1450030516165666,0.293887363,0.293887363,0.0,0.0,PRELIMINARY_POINT_BUFFER_PROXY,1.953099272,PRELIMINARY_90M,0.698992334854879,0.3698928071325055,0.293887363,0.2872526280210039,0.41191586919037915,lane_focus,MST
290,ST006__ST036,6,ST006,시흥시청 본청,36,ST036,시흥시립군자도서관,6369.0,6.369,3.006830634630671,0.244304171,0.244304171,0.0,0.0,PRELIMINARY_POINT_BUFFER_PROXY,3.089108296,PRELIMINARY_90M,0.5163207303419172,0.4104817628139833,0.244304171,0.4757338115506301,0.41651072485796964,lane_focus,MST
162,ST004__ST007,4,ST004,배곧중심상가,7,ST007,장현지구,7899.0,7.899,2.8650445619521356,0.183317918,0.183317918,0.0,0.0,PRELIMINARY_POINT_BUFFER_PROXY,1.69100406,PRELIMINARY_90M,0.6480923262423564,0.45213225099200605,0.183317918,0.2437670440938041,0.41974733505854495,lane_focus,MST
596,ST013__ST027,13,ST013,삼미시장,27,ST027,은행동행정복지센터,1561.0,1.561,2.6154869323133116,0.514819805,0.514819805,0.0,0.0,PRELIMINARY_POINT_BUFFER_PROXY,2.62974837,PRELIMINARY_90M,0.10223064335543881,0.525441264399645,0.514819805,0.3995190098286312,0.42031758309520495,lane_focus,MST
1023,ST025__ST028,25,ST025,목감동행정복지센터,28,ST028,매화산업단지,6878.0,6.878,2.8903708674922335,0.271201217,0.266520768,0.103849183,0.0,PRELIMINARY_POINT_BUFFER_PROXY,3.071832764,PRELIMINARY_90M,0.5601584704159849,0.44469250060211796,0.271201217,0.4728675379131207,0.44598825762122407,lane_focus,MST
1205,ST031__ST051,31,ST031,마전저수지,51,ST051,연성중학교,6100.0,6.1,2.6203589074087144,0.119255883,0.104609688,0.028266702,0.0,PRELIMINARY_POINT_BUFFER_PROXY,2.974419427,PRELIMINARY_90M,0.49315304452674186,0.5240100932184334,0.119255883,0.4567051829833325,0.44702981541206493,lane_focus,MST
468,ST010__ST028,10,ST010,은계호수공원,28,ST028,매화산업단지,3734.0,3.734,2.2597817465071626,0.156648005,0.156648005,0.0,0.0,PRELIMINARY_POINT_BUFFER_PROXY,2.499811713,PRELIMINARY_90M,0.289380759624494,0.6299317433049347,0.156648005,0.3779605412092454,0.453033305508753,lane_focus,MST
714,ST016__ST025,16,ST016,물왕호수,25,ST025,목감동행정복지센터,3005.0,3.005,2.1381214943015445,0.193383798,0.119943446,0.161932073,0.0,PRELIMINARY_POINT_BUFFER_PROXY,2.924827881,PRELIMINARY_90M,0.22659546981310827,0.6656701539999965,0.193383798,0.4484771908761643,0.4744333192940446,lane_focus,MST
713,ST016__ST024,16,ST016,물왕호수,24,ST024,목감고등학교,3229.0,3.229,2.105914035609522,0.176923572,0.176923572,0.0,0.0,PRELIMINARY_POINT_BUFFER_PROXY,3.167384816,PRELIMINARY_90M,0.2458875204547412,0.6751312833771932,0.176923572,0.48872107733856496,0.48658984318032955,lane_focus,MST
666,ST015__ST016,15,ST015,목감택지개발예정지구,16,ST016,물왕호수,3107.0,3.107,2.1181705540136373,0.281664379,0.281664379,0.0,0.0,PRELIMINARY_POINT_BUFFER_PROXY,3.053159992,PRELIMINARY_90M,0.23538024287313755,0.6715308594057094,0.281664379,0.4697694408980579,0.4955565512621909,lane_focus,MST
1474,ST050__ST054,50,ST050,시흥한라3차아파트,54,ST054,시흥 프리미엄 아울렛,4969.0,4.969,4.404187534909858,0.286229319,0.286229319,0.0,0.0,PRELIMINARY_POINT_BUFFER_PROXY,1.464039357,PRELIMINARY_90M,0.3957454138317113,0.0,0.286229319,0.20611014618443493,0.15300000254400747,lane_focus,T2_SPANNER
1444,ST046__ST050,46,ST046,배곧1동행정복지센터,50,ST050,시흥한라3차아파트,2363.0,2.363,4.178737580648687,0.479447383,0.479447383,0.0,0.0,PRELIMINARY_POINT_BUFFER_PROXY,1.190735572,PRELIMINARY_90M,0.17130307467057102,0.06622724275592551,0.479447383,0.16076488943766587,0.16340607717772684,lane_focus,T2_SPANNER
209,ST004__ST054,4,ST004,배곧중심상가,54,ST054,시흥 프리미엄 아울렛,3518.0,3.518,3.9115620934849367,0.174673018,0.174673018,0.0,0.0,PRELIMINARY_POINT_BUFFER_PROXY,1.470188615,PRELIMINARY_90M,0.2707777107914908,0.14471160486108936,0.174673018,0.2071304016588043,0.1837818575376635,lane_focus,T2_SPANNER
202,ST004__ST047,4,ST004,배곧중심상가,47,ST047,배곧2동행정복지센터,2617.0,2.617,4.125555851408769,0.591916562,0.591916562,0.0,0.0,PRELIMINARY_POINT_BUFFER_PROXY,1.078170272,PRELIMINARY_90M,0.1931788820945655,0.08184968678832416,0.591916562,0.14208859328144147,0.1896613931052914,lane_focus,T2_SPANNER
1441,ST046__ST047,46,ST046,배곧1동행정복지센터,47,ST047,배곧2동행정복지센터,3069.0,3.069,4.129648039445814,0.60945262,0.60945262,0.0,0.0,PRELIMINARY_POINT_BUFFER_PROXY,1.115499419,PRELIMINARY_90M,0.23210748428214625,0.08064758261660032,0.60945262,0.14828206679975695,0.20040549118469295,lane_focus,T2_SPANNER
175,ST004__ST020,4,ST004,배곧중심상가,20,ST020,시화공업단지[왼쪽부근],5086.0,5.086,4.0907536789867915,0.503240937,0.503240937,0.0,0.0,PRELIMINARY_POINT_BUFFER_PROXY,0.713569367,PRELIMINARY_90M,0.40582206528292136,0.09207302850057764,0.503240937,0.08159575507457452,0.2149264311180593,lane_focus,T2_SPANNER
1222,ST032__ST045,32,ST032,희망공원,45,ST045,시흥중앙도서관,3542.0,3.542,3.695161173181692,0.239589717,0.239589717,0.0,0.0,PRELIMINARY_POINT_BUFFER_PROXY,1.100349444,PRELIMINARY_90M,0.27284471621738005,0.20828064096267274,0.239589717,0.1457684554127718,0.21651298958672813,lane_focus,T2_SPANNER
1439,ST045__ST054,45,ST045,시흥중앙도서관,54,ST054,시흥 프리미엄 아울렛,6917.0,6.917,4.195062440228731,0.369304599,0.369304599,0.0,0.0,PRELIMINARY_POINT_BUFFER_PROXY,1.195975935,PRELIMINARY_90M,0.5635173542330548,0.06143171976765516,0.369304599,0.1616343454010411,0.2230601723905947,lane_focus,T2_SPANNER
160,ST004__ST005,4,ST004,배곧중심상가,5,ST005,배곧중·고등학교,2591.0,2.591,3.612965583991951,0.346284637,0.346284637,0.0,0.0,PRELIMINARY_POINT_BUFFER_PROXY,1.174987484,PRELIMINARY_90M,0.19093962621651883,0.23242607606189314,0.346284637,0.15815204200260122,0.23006646512464052,lane_focus,T2_SPANNER
149,ST003__ST045,3,ST003,배곧한울공원,45,ST045,시흥중앙도서관,4063.0,4.063,3.6462280998642367,0.303337094,0.303337094,0.0,0.0,PRELIMINARY_POINT_BUFFER_PROXY,0.708093583,PRELIMINARY_90M,0.31771595900439237,0.22265501746680116,0.303337094,0.08068723918493967,0.23247435051202,lane_focus,T2_SPANNER
1409,ST043__ST045,43,ST043,시흥종합버스터미널,45,ST045,시흥중앙도서관,671.0,0.671,3.1817228022763167,0.300402098,0.300402098,0.0,0.0,PRELIMINARY_POINT_BUFFER_PROXY,0.425583211,PRELIMINARY_90M,0.025579192145379383,0.35910616559669406,0.300402098,0.03381446955986759,0.23480140636140304,lane_focus,T2_SPANNER
1244,ST033__ST045,33,ST033,타원산업단지,45,ST045,시흥중앙도서관,3637.0,3.637,3.4781306841531268,0.249273043,0.249273043,0.0,0.0,PRELIMINARY_POINT_BUFFER_PROXY,0.487234376,PRELIMINARY_90M,0.28102661269485835,0.2720346165597639,0.249273043,0.04404333596822129,0.2362200876640868,lane_focus,T2_SPANNER
250,ST005__ST045,5,ST005,배곧중·고등학교,45,ST045,시흥중앙도서관,4916.0,4.916,3.972125654970632,0.577746462,0.577746462,0.0,0.0,PRELIMINARY_POINT_BUFFER_PROXY,0.813962468,PRELIMINARY_90M,0.3911807768495392,0.1269207044290135,0.577746462,0.09825249819450357,0.24309635161359014,lane_focus,T2_SPANNER
1431,ST045__ST046,45,ST045,시흥중앙도서관,46,ST046,배곧1동행정복지센터,4713.0,4.713,3.902855407896959,0.537115466,0.537115466,0.0,0.0,PRELIMINARY_POINT_BUFFER_PROXY,0.879566094,PRELIMINARY_90M,0.37369735595555936,0.14726924467931057,0.537115466,0.10913713802665595,0.24531198413476557,lane_focus,T2_SPANNER
56,ST002__ST004,2,ST002,월곶포구,4,ST004,배곧중심상가,3192.0,3.192,3.5458499603414118,0.332930014,0.332930014,0.0,0.0,PRELIMINARY_POINT_BUFFER_PROXY,1.198313388,PRELIMINARY_90M,0.24270088708982862,0.2521416830789185,0.332930014,0.16202216442234924,0.24885384572077737,lane_focus,T2_SPANNER
124,ST003__ST020,3,ST003,배곧한울공원,20,ST020,시화공업단지[왼쪽부근],5193.0,5.193,3.656428711169751,0.322906619,0.322906619,0.0,0.0,PRELIMINARY_POINT_BUFFER_PROXY,0.631602774,PRELIMINARY_90M,0.4150374644733442,0.21965852823085064,0.322906619,0.0679962500247527,0.25147218736380705,lane_focus,T2_SPANNER
988,ST023__ST054,23,ST023,오이도역,54,ST054,시흥 프리미엄 아울렛,4175.0,4.175,3.62850171203835,0.340947009,0.340947009,0.0,0.0,PRELIMINARY_POINT_BUFFER_PROXY,1.34126926,PRELIMINARY_90M,0.32736198432520885,0.2278622475750438,0.340947009,0.18574071892132277,0.2584066798407621,lane_focus,T2_SPANNER
947,ST022__ST045,22,ST022,오이도박물관,45,ST045,시흥중앙도서관,5639.0,5.639,3.6640196738093724,0.218388661,0.218388661,0.0,0.0,PRELIMINARY_POINT_BUFFER_PROXY,1.321126041,PRELIMINARY_90M,0.45344931530445265,0.21742863855474548,0.218388661,0.18239865237342848,0.2595222793442776,lane_focus,T2_SPANNER
3,ST001__ST004,1,ST001,월곶역,4,ST004,배곧중심상가,4737.0,4.737,3.465738984511636,0.156110614,0.156110614,0.0,0.0,PRELIMINARY_POINT_BUFFER_PROXY,1.268327568,PRELIMINARY_90M,0.37576436138144864,0.2756747508104226,0.156110614,0.1736385822777203,0.2624526271231591,lane_focus,T2_SPANNER
1411,ST043__ST047,43,ST043,시흥종합버스터미널,47,ST047,배곧2동행정복지센터,3278.0,3.278,3.627036078528638,0.64859462,0.64859462,0.0,0.0,PRELIMINARY_POINT_BUFFER_PROXY,0.612741743,PRELIMINARY_90M,0.2501076565325984,0.22829278599123903,0.64859462,0.06486691797688598,0.2711871549986721,lane_focus,T2_SPANNER
63,ST002__ST011,2,ST002,월곶포구,11,ST011,배곧생명공원,3928.0,3.928,3.437997456052192,0.304495296,0.304495296,0.0,0.0,PRELIMINARY_POINT_BUFFER_PROXY,1.160746133,PRELIMINARY_90M,0.3060890534837654,0.28382398705988165,0.304495296,0.1557891851635865,0.2721724764012319,lane_focus,T2_SPANNER
127,ST003__ST023,3,ST003,배곧한울공원,23,ST023,오이도역,4569.0,4.569,3.362496455886152,0.25196631,0.25196631,0.0,0.0,PRELIMINARY_POINT_BUFFER_PROXY,0.707990957,PRELIMINARY_90M,0.3612953234002239,0.3060028474757016,0.25196631,0.08067021196989801,0.2751559667133803,lane_focus,T2_SPANNER
981,ST023__ST047,23,ST023,오이도역,47,ST047,배곧2동행정복지센터,3445.0,3.445,3.720252557069112,0.68437309,0.68437309,0.0,0.0,PRELIMINARY_POINT_BUFFER_PROXY,1.070800265,PRELIMINARY_90M,0.2644905692877444,0.20090990018235189,0.68437309,0.14086579697205084,0.2771388969945325,lane_focus,T2_SPANNER
95,ST002__ST043,2,ST002,월곶포구,43,ST043,시흥종합버스터미널,7296.0,7.296,3.895549908774106,0.451755892,0.451755892,0.0,0.0,PRELIMINARY_POINT_BUFFER_PROXY,0.940832226,PRELIMINARY_90M,0.5961588149168892,0.14941527777764463,0.451755892,0.11930212160133073,0.2795981039123998,lane_focus,T2_SPANNER
187,ST004__ST032,4,ST004,배곧중심상가,32,ST032,희망공원,5657.0,5.657,3.382880136450011,0.171375946,0.171375946,0.0,0.0,PRELIMINARY_POINT_BUFFER_PROXY,0.759506429,PRELIMINARY_90M,0.4549995693738696,0.30001502208276287,0.171375946,0.08921741267650729,0.28009642871763146,lane_focus,T2_SPANNER
952,ST022__ST050,22,ST022,오이도박물관,50,ST050,시흥한라3차아파트,4574.0,4.574,3.4123151124351194,0.205257775,0.205257775,0.0,0.0,PRELIMINARY_POINT_BUFFER_PROXY,1.596050461,PRELIMINARY_90M,0.36172594953061754,0.291368325717403,0.205257775,0.22801279712761313,0.283019938583967,lane_focus,T2_SPANNER
949,ST022__ST047,22,ST022,오이도박물관,47,ST047,배곧2동행정복지센터,4352.0,4.352,3.2556383357386656,0.040564469,0.040564469,0.0,0.0,PRELIMINARY_POINT_BUFFER_PROXY,1.850197274,PRELIMINARY_90M,0.34260614934114203,0.3373930452987237,0.040564469,0.2701796207113337,0.2838293659742903,lane_focus,T2_SPANNER
1414,ST043__ST050,43,ST043,시흥종합버스터미널,50,ST050,시흥한라3차아파트,3480.0,3.48,3.582820694081797,0.668947502,0.668947502,0.0,0.0,PRELIMINARY_POINT_BUFFER_PROXY,0.615837167,PRELIMINARY_90M,0.2675049522004995,0.24128131379513162,0.668947502,0.06538049592100452,0.2842908470258164,lane_focus,T2_SPANNER
10,ST001__ST011,1,ST001,월곶역,11,ST011,배곧생명공원,5473.0,5.473,3.399135690853287,0.159476951,0.159476951,0.0,0.0,PRELIMINARY_POINT_BUFFER_PROXY,1.230120641,PRELIMINARY_90M,0.43915252777538544,0.29523985789554474,0.159476951,0.16729947170038212,0.2844668979079068,lane_focus,T2_SPANNER
123,ST003__ST019,3,ST003,배곧한울공원,19,ST019,시화병원,4589.0,4.589,3.3569912039784113,0.314662169,0.314662169,0.0,0.0,PRELIMINARY_POINT_BUFFER_PROXY,0.732725069,PRELIMINARY_90M,0.3630178279217983,0.30762004742467164,0.314662169,0.08477397752529763,0.2863290112754901,lane_focus,T2_SPANNER
784,ST018__ST020,18,ST018,정왕역,20,ST020,시화공업단지[왼쪽부근],1949.0,1.949,3.244027725944256,0.540858498,0.540858498,0.0,0.0,PRELIMINARY_POINT_BUFFER_PROXY,0.564911031,PRELIMINARY_90M,0.13564723107398158,0.34080372983808693,0.540858498,0.05693107502461671,0.28719974708753226,lane_focus,T2_SPANNER
228,ST005__ST023,5,ST005,배곧중·고등학교,23,ST023,오이도역,2833.0,2.833,3.4219570564133965,0.577933199,0.577933199,0.0,0.0,PRELIMINARY_POINT_BUFFER_PROXY,0.880019596,PRELIMINARY_90M,0.2117819309275687,0.28853594827656015,0.577933199,0.10921238090931554,0.28969619731019114,lane_focus,T2_SPANNER
1225,ST032__ST048,32,ST032,희망공원,48,ST048,정왕평생학습관 사거리,4339.0,4.339,3.4681877374468693,0.435644018,0.435644018,0.0,0.0,PRELIMINARY_POINT_BUFFER_PROXY,0.974972519,PRELIMINARY_90M,0.34148652140211866,0.2749554153125626,0.435644018,0.12496651571681991,0.28986659199422804,lane_focus,T2_SPANNER
1226,ST032__ST049,32,ST032,희망공원,49,ST049,거북섬 웨이브파크 정문,4499.0,4.499,3.070219818149316,0.042639664,0.042639664,0.0,0.0,PRELIMINARY_POINT_BUFFER_PROXY,0.994963213,PRELIMINARY_90M,0.35526655757471365,0.3918608193822274,0.042639664,0.12828327604626832,0.29262216221299664,lane_focus,T2_SPANNER
188,ST004__ST033,4,ST004,배곧중심상가,33,ST033,타원산업단지,6860.0,6.86,3.5719657412189014,0.329150295,0.329150295,0.0,0.0,PRELIMINARY_POINT_BUFFER_PROXY,0.846409732,PRELIMINARY_90M,0.5586082163465679,0.24447001969090798,0.329150295,0.10363599303637046,0.2988745963202232,lane_focus,T2_SPANNER
152,ST003__ST048,3,ST003,배곧한울공원,48,ST048,정왕평생학습관 사거리,4872.0,4.872,3.339952815767692,0.354358738,0.354358738,0.0,0.0,PRELIMINARY_POINT_BUFFER_PROXY,0.713851516,PRELIMINARY_90M,0.3873912669020756,0.3126251736217426,0.354358738,0.08164256788708586,0.29919103607434927,lane_focus,T2_SPANNER
516,ST011__ST032,11,ST011,배곧생명공원,32,ST032,희망공원,5259.0,5.259,3.441392197250164,0.37181668,0.37181668,0.0,0.0,PRELIMINARY_POINT_BUFFER_PROXY,0.983456995,PRELIMINARY_90M,0.42072172939453967,0.28282676197661016,0.37181668,0.1263742193919878,0.3002863617760112,lane_focus,T2_SPANNER
534,ST011__ST050,11,ST011,배곧생명공원,50,ST050,시흥한라3차아파트,995.0,0.995,2.969355785245408,0.47264275,0.47264275,0.0,0.0,PRELIMINARY_POINT_BUFFER_PROXY,0.56995669,PRELIMINARY_90M,0.05348376539488416,0.4214902190171036,0.47264275,0.057768226631615675,0.30100350908227097,lane_focus,T2_SPANNER
1322,ST037__ST045,37,ST037,군자동행정복지센터,45,ST045,시흥중앙도서관,5556.0,5.556,3.4490973986733664,0.318446298,0.318446298,0.0,0.0,PRELIMINARY_POINT_BUFFER_PROXY,1.229092844,PRELIMINARY_90M,0.446300921539919,0.28056331398962786,0.318446298,0.16712894453827729,0.30237812768353933,lane_focus,T2_SPANNER
1421,ST044__ST046,44,ST044,경기과학기술대학교,46,ST046,배곧1동행정복지센터,6072.0,6.072,3.6617220145761413,0.526775367,0.526775367,0.0,0.0,PRELIMINARY_POINT_BUFFER_PROXY,0.891299477,PRELIMINARY_90M,0.49074153819653776,0.21810358939387187,0.526775367,0.111083884811166,0.3028789901079184,lane_focus,T2_SPANNER
811,ST018__ST047,18,ST018,정왕역,47,ST047,배곧2동행정복지센터,3541.0,3.541,3.5135420511635806,0.71603201,0.71603201,0.0,0.0,PRELIMINARY_POINT_BUFFER_PROXY,0.696535188,PRELIMINARY_90M,0.27275859099130134,0.26163232037387196,0.71603201,0.07876952557239102,0.30458810872105496,lane_focus,T2_SPANNER
966,ST023__ST032,23,ST023,오이도역,32,ST032,희망공원,4753.0,4.753,3.3059758975034406,0.337259679,0.337259679,0.0,0.0,PRELIMINARY_POINT_BUFFER_PROXY,0.950310486,PRELIMINARY_90M,0.3771423649987081,0.32260609209812463,0.337259679,0.12087470916433367,0.305451677273454,lane_focus,T2_SPANNER
504,ST011__ST020,11,ST011,배곧생명공원,20,ST020,시화공업단지[왼쪽부근],4958.0,4.958,3.5286319710741507,0.600203436,0.600203436,0.0,0.0,PRELIMINARY_POINT_BUFFER_PROXY,0.580870729,PRELIMINARY_90M,0.3947980363448454,0.25719956813686284,0.600203436,0.05957903177871326,0.3065267615042075,lane_focus,T2_SPANNER
176,ST004__ST021,4,ST004,배곧중심상가,21,ST021,오이도 포구 해양관광 단지,6584.0,6.584,3.5923217288463887,0.225583256,0.147159552,0.078423704,0.0,PRELIMINARY_POINT_BUFFER_PROXY,2.150735805,PRELIMINARY_90M,0.5348376539488416,0.23849032926000868,0.225583256,0.3200435362458069,0.3080567142566437,lane_focus,T2_SPANNER
1459,ST048__ST050,48,ST048,정왕평생학습관 사거리,50,ST050,시흥한라3차아파트,3650.0,3.65,3.5088450033930068,0.746548284,0.746548284,0.0,0.0,PRELIMINARY_POINT_BUFFER_PROXY,0.613416754,PRELIMINARY_90M,0.28214624063388166,0.263012105630238,0.746548284,0.06497891257330876,0.30966438042789163,lane_focus,T2_SPANNER
210,ST004__ST055,4,ST004,배곧중심상가,55,ST055,해양생태과학관,7399.0,7.399,3.484870986965943,0.130920651,0.130920651,0.0,0.0,PRELIMINARY_POINT_BUFFER_PROXY,1.632000824,PRELIMINARY_90M,0.6050297132029971,0.27005461318342383,0.130920651,0.23397750939961678,0.3107679732922539,lane_focus,T2_SPANNER
148,ST003__ST044,3,ST003,배곧한울공원,44,ST044,경기과학기술대학교,4512.0,4.512,3.1706580906619517,0.229161108,0.229161108,0.0,0.0,PRELIMINARY_POINT_BUFFER_PROXY,1.318416395,PRELIMINARY_90M,0.35638618551373696,0.3623564893526261,0.229161108,0.18194908086982542,0.3141220101095343,lane_focus,T2_SPANNER
249,ST005__ST044,5,ST005,배곧중·고등학교,44,ST044,경기과학기술대학교,6221.0,6.221,3.664836525033137,0.595199119,0.595199119,0.0,0.0,PRELIMINARY_POINT_BUFFER_PROXY,0.980490573,PRELIMINARY_90M,0.5035741968822668,0.2171886837298752,0.595199119,0.12588204484266988,0.3174713558177914,lane_focus,T2_SPANNER
1449,ST046__ST055,46,ST046,배곧1동행정복지센터,55,ST055,해양생태과학관,7851.0,7.851,3.5232407663534175,0.164232235,0.164232235,0.0,0.0,PRELIMINARY_POINT_BUFFER_PROXY,1.618401666,PRELIMINARY_90M,0.6439583153905779,0.25878326605756985,0.164232235,0.23172120215143918,0.31757631167961636,lane_focus,T2_SPANNER
1248,ST033__ST049,33,ST033,타원산업단지,49,ST049,거북섬 웨이브파크 정문,6473.0,6.473,3.047600158788452,0.029639496,0.029639496,0.0,0.0,PRELIMINARY_POINT_BUFFER_PROXY,0.648130457,PRELIMINARY_90M,0.5252777538541039,0.39850547662537295,0.029639496,0.07073844413327633,0.31936498010349873,lane_focus,T2_SPANNER
75,ST002__ST023,2,ST002,월곶포구,23,ST023,오이도역,4306.0,4.306,3.2745199097294737,0.435659498,0.435659498,0.0,0.0,PRELIMINARY_POINT_BUFFER_PROXY,1.096657756,PRELIMINARY_90M,0.338644388941521,0.33184647249767263,0.435659498,0.14515594819780964,0.32077443096681196,lane_focus,T2_SPANNER
854,ST019__ST054,19,ST019,시화병원,54,ST054,시흥 프리미엄 아울렛,5839.0,5.839,3.449473355080724,0.447329658,0.447329658,0.0,0.0,PRELIMINARY_POINT_BUFFER_PROXY,1.073292342,PRELIMINARY_90M,0.47067436052019634,0.28045287459593926,0.447329658,0.141279270467845,0.3226526486721856,lane_focus,T2_SPANNER
22,ST001__ST023,1,ST001,월곶역,23,ST023,오이도역,5851.0,5.851,3.2813856216322828,0.265377551,0.265377551,0.0,0.0,PRELIMINARY_POINT_BUFFER_PROXY,1.177724274,PRELIMINARY_90M,0.471707863233141,0.3298296294676101,0.265377551,0.1586061171088497,0.3228539375967607,lane_focus,T2_SPANNER
208,ST004__ST053,4,ST004,배곧중심상가,53,ST053,오이도 빨강등대,6949.0,6.949,3.508561666430198,0.209323159,0.140219425,0.069103734,0.0,PRELIMINARY_POINT_BUFFER_PROXY,2.183795736,PRELIMINARY_90M,0.5662733614675739,0.263095337520345,0.209323159,0.3255286818658189,0.32503011718356006,lane_focus,T2_SPANNER
159,ST003__ST055,3,ST003,배곧한울공원,55,ST055,해양생태과학관,4683.0,4.683,2.979187730277081,0.0,0.0,0.0,0.0,PRELIMINARY_POINT_BUFFER_PROXY,2.085033623,PRELIMINARY_90M,0.3711135991731978,0.41860202765548005,0.0,0.30914254447354533,0.32989511533341137,lane_focus,T2_SPANNER
1325,ST037__ST048,37,ST037,군자동행정복지센터,48,ST048,정왕평생학습관 사거리,6192.0,6.192,3.3922692548148268,0.37843312,0.37843312,0.0,0.0,PRELIMINARY_POINT_BUFFER_PROXY,1.209430181,PRELIMINARY_90M,0.501076565325984,0.2972569136446904,0.37843312,0.1638666095433185,0.3301887293190398,lane_focus,T2_SPANNER
1447,ST046__ST053,46,ST046,배곧1동행정복지센터,53,ST053,오이도 빨강등대,7401.0,7.401,3.5478278014585065,0.239891327,0.174995367,0.06489596,0.0,PRELIMINARY_POINT_BUFFER_PROXY,2.131583779,PRELIMINARY_90M,0.6052019636551546,0.2515606806820728,0.239891327,0.3168659236994208,0.33033432067698043,lane_focus,T2_SPANNER
872,ST020__ST037,20,ST020,시화공업단지[왼쪽부근],37,ST037,군자동행정복지센터,5501.0,5.501,3.257775175996918,0.311230757,0.311230757,0.0,0.0,PRELIMINARY_POINT_BUFFER_PROXY,1.3216431,PRELIMINARY_90M,0.44156403410558953,0.33676533597415237,0.311230757,0.18248444032952366,0.33075275440762264,lane_focus,T2_SPANNER
1443,ST046__ST049,46,ST046,배곧1동행정복지센터,49,ST049,거북섬 웨이브파크 정문,8306.0,8.306,3.48477898206516,0.178349401,0.178349401,0.0,0.0,PRELIMINARY_POINT_BUFFER_PROXY,1.578347877,PRELIMINARY_90M,0.6831452932563948,0.27008164016117986,0.178349401,0.22507566906492915,0.33218363924160826,lane_focus,T2_SPANNER
1321,ST037__ST044,37,ST037,군자동행정복지센터,44,ST044,경기과학기술대학교,5482.0,5.482,3.2920678770932374,0.355555321,0.355555321,0.0,0.0,PRELIMINARY_POINT_BUFFER_PROXY,1.34534686,PRELIMINARY_90M,0.4399276548100939,0.32669165444378767,0.355555321,0.18641725480943946,0.3326272445553285,lane_focus,T2_SPANNER
837,ST019__ST037,19,ST019,시화병원,37,ST037,군자동행정복지센터,6481.0,6.481,3.3637250258662945,0.35991361,0.35991361,0.0,0.0,PRELIMINARY_POINT_BUFFER_PROXY,1.238705103,PRELIMINARY_90M,0.5259667556627337,0.30564194785793863,0.35991361,0.1687237645744193,0.33730993124767894,lane_focus,T2_SPANNER
892,ST021__ST023,21,ST021,오이도 포구 해양관광 단지,23,ST023,오이도역,5955.0,5.955,3.15826320833615,0.311273482,0.30019066,0.045338256,0.0,PRELIMINARY_POINT_BUFFER_PROXY,0.862008045,PRELIMINARY_90M,0.4806648867453277,0.36599755853541716,0.311273482,0.10622399051983547,0.34175637749474946,lane_focus,T2_SPANNER
528,ST011__ST044,11,ST011,배곧생명공원,44,ST044,경기과학기술대학교,5146.0,5.146,3.3457596833523393,0.601030682,0.601030682,0.0,0.0,PRELIMINARY_POINT_BUFFER_PROXY,0.799644313,PRELIMINARY_90M,0.4109895788476445,0.3109193723034843,0.601030682,0.09587689840317601,0.34219373898174743,lane_focus,T2_SPANNER
153,ST003__ST049,3,ST003,배곧한울공원,49,ST049,거북섬 웨이브파크 정문,5138.0,5.138,2.9650251146495297,0.037330956,0.037330956,0.0,0.0,PRELIMINARY_POINT_BUFFER_PROXY,1.978649013,PRELIMINARY_90M,0.41030057703901474,0.422762378835406,0.037330956,0.29149171883878544,0.3427647060513238,lane_focus,T2_SPANNER
1419,ST043__ST055,43,ST043,시흥종합버스터미널,55,ST055,해양생태과학관,8039.0,8.039,3.364264252340225,0.190440676,0.190440676,0.0,0.0,PRELIMINARY_POINT_BUFFER_PROXY,1.405590741,PRELIMINARY_90M,0.660149857893377,0.30548354692720237,0.190440676,0.19641263138780188,0.34279974115044687,lane_focus,T2_SPANNER
385,ST008__ST036,8,ST008,시흥능곡역,36,ST036,시흥시립군자도서관,4468.0,4.468,3.322939983305055,0.221339234,0.221339234,0.0,0.0,PRELIMINARY_POINT_BUFFER_PROXY,3.518784026,PRELIMINARY_90M,0.3525966755662734,0.3176227926683346,0.221339234,0.5470235534570783,0.34458514956598374,lane_focus,T2_SPANNER
1145,ST029__ST040,29,ST029,관곡공원,40,ST040,갯골생태공원,3173.0,3.173,2.6002442194967386,0.0,0.0,0.0,0.0,PRELIMINARY_POINT_BUFFER_PROXY,1.529257702,PRELIMINARY_90M,0.24106450779433297,0.5299189004465018,0.0,0.2169308620359346,0.34571198108750767,lane_focus,T2_SPANNER
914,ST021__ST045,21,ST021,오이도 포구 해양관광 단지,45,ST045,시흥중앙도서관,5683.0,5.683,3.1106854785594846,0.354343024,0.342731054,0.047502923,0.0,PRELIMINARY_POINT_BUFFER_PROXY,0.685024673,PRELIMINARY_90M,0.4572388252519163,0.37997379494682426,0.354343024,0.07685975598042384,0.34611507952085896,lane_focus,T2_SPANNER
505,ST011__ST021,11,ST011,배곧생명공원,21,ST021,오이도 포구 해양관광 단지,6597.0,6.597,3.3356174459520913,0.238967362,0.16067849,0.078288871,0.0,PRELIMINARY_POINT_BUFFER_PROXY,2.087636994,PRELIMINARY_90M,0.535957281887865,0.3138987138633249,0.238967362,0.3095744833374805,0.34642209010985753,lane_focus,T2_SPANNER
809,ST018__ST045,18,ST018,정왕역,45,ST045,시흥중앙도서관,934.0,0.934,2.8758540739318326,0.653957282,0.653957282,0.0,0.0,PRELIMINARY_POINT_BUFFER_PROXY,0.795146929,PRELIMINARY_90M,0.04823012660408234,0.4489568936214601,0.653957282,0.09513071396168056,0.34648767152579857,lane_focus,T2_SPANNER
1285,ST035__ST045,35,ST035,산들공원,45,ST045,시흥중앙도서관,6104.0,6.104,3.104005896090232,0.305870296,0.305870296,0.0,0.0,PRELIMINARY_POINT_BUFFER_PROXY,0.734142852,PRELIMINARY_90M,0.4934975454310568,0.38193596136707975,0.305870296,0.0850092092991503,0.34829941556462374,lane_focus,T2_SPANNER
1324,ST037__ST047,37,ST037,군자동행정복지센터,47,ST047,배곧2동행정복지센터,8163.0,8.163,3.5424936882987414,0.452447186,0.452447186,0.0,0.0,PRELIMINARY_POINT_BUFFER_PROXY,1.047777503,PRELIMINARY_90M,0.670829385927138,0.25312760762280806,0.452447186,0.13704597042296096,0.3491536544602758,lane_focus,T2_SPANNER
1247,ST033__ST048,33,ST033,타원산업단지,48,ST048,정왕평생학습관 사거리,3608.0,3.608,2.731241808577759,0.220485387,0.220485387,0.0,0.0,PRELIMINARY_POINT_BUFFER_PROXY,0.925063471,PRELIMINARY_90M,0.2785289811385755,0.49143759242876095,0.220485387,0.11668584519647998,0.3520002772715676,lane_focus,T2_SPANNER
431,ST009__ST036,9,ST009,능곡중앙공원,36,ST036,시흥시립군자도서관,4477.0,4.477,3.3255331202319405,0.336615531,0.336615531,0.073519269,0.0,PRELIMINARY_POINT_BUFFER_PROXY,3.161998942,PRELIMINARY_90M,0.35337180260098183,0.3168610435284025,0.336615531,0.4878274788860746,0.3527713337673088,lane_focus,T2_SPANNER
833,ST019__ST033,19,ST019,시화병원,33,ST033,타원산업단지,3836.0,3.836,2.7436795030655845,0.224557843,0.224557843,0.0,0.0,PRELIMINARY_POINT_BUFFER_PROXY,0.855941648,PRELIMINARY_90M,0.2981655326845233,0.48778394692296034,0.224557843,0.10521748294624725,0.3529913788903219,lane_focus,T2_SPANNER
253,ST005__ST048,5,ST005,배곧중·고등학교,48,ST048,정왕평생학습관 사거리,4349.0,4.349,3.274669870265716,0.728667958,0.728667958,0.0,0.0,PRELIMINARY_POINT_BUFFER_PROXY,0.703370048,PRELIMINARY_90M,0.34234777366290586,0.331802420713009,0.728667958,0.07990353285124455,0.3556564887167724,lane_focus,T2_SPANNER
1413,ST043__ST049,43,ST043,시흥종합버스터미널,49,ST049,거북섬 웨이브파크 정문,8494.0,8.494,3.335129847015469,0.202851064,0.202851064,0.0,0.0,PRELIMINARY_POINT_BUFFER_PROXY,1.378385947,PRELIMINARY_90M,0.6993368357591939,0.3140419489029993,0.202851064,0.19189894209267205,0.3561008425172392,lane_focus,T2_SPANNER
1417,ST043__ST053,43,ST043,시흥종합버스터미널,53,ST053,오이도 빨강등대,7589.0,7.589,3.378798061680354,0.265817152,0.202500566,0.063316586,0.0,PRELIMINARY_POINT_BUFFER_PROXY,1.906364925,PRELIMINARY_90M,0.6213935061579536,0.3012141554230373,0.265817152,0.27949868870542655,0.3566831550489234,lane_focus,T2_SPANNER
1147,ST029__ST042,29,ST029,관곡공원,42,ST042,시흥시청역,2654.0,2.654,2.6841941622399865,0.0,0.0,0.0,0.0,PRELIMINARY_POINT_BUFFER_PROXY,2.927478894,PRELIMINARY_90M,0.19636551545947808,0.5052581137294531,0.0,0.44891703427285934,0.35923971509755104,lane_focus,T2_SPANNER
819,ST018__ST055,18,ST018,정왕역,55,ST055,해양생태과학관,8302.0,8.302,3.3241718335944097,0.233602738,0.233602738,0.0,0.0,PRELIMINARY_POINT_BUFFER_PROXY,1.413734722,PRELIMINARY_90M,0.6828007923520799,0.3172609294405535,0.233602738,0.19776384176121772,0.3598956101548754,lane_focus,T2_SPANNER
987,ST023__ST053,23,ST023,오이도역,53,ST053,오이도 빨강등대,7777.0,7.777,3.394685268486207,0.291043366,0.22930015,0.061743216,0.0,PRELIMINARY_POINT_BUFFER_PROXY,2.063935872,PRELIMINARY_90M,0.6375850486607527,0.2965471954970843,0.291043366,0.30564210654190666,0.36529342836197876,lane_focus,T2_SPANNER
808,ST018__ST044,18,ST018,정왕역,44,ST044,경기과학기술대학교,2142.0,2.142,2.829382375187232,0.547101756,0.547101756,0.0,0.0,PRELIMINARY_POINT_BUFFER_PROXY,1.086960451,PRELIMINARY_90M,0.15226939970717424,0.4626082269478513,0.547101756,0.14354701773613776,0.36535530947578115,lane_focus,T2_SPANNER
517,ST011__ST033,11,ST011,배곧생명공원,33,ST033,타원산업단지,6732.0,6.732,3.1481630303810437,0.397215532,0.397215532,0.0,0.0,PRELIMINARY_POINT_BUFFER_PROXY,0.751723,PRELIMINARY_90M,0.5475841874084919,0.36896454488723507,0.397215532,0.08792602336634738,0.366770343230268,lane_focus,T2_SPANNER
1462,ST048__ST053,48,ST048,정왕평생학습관 사거리,53,ST053,오이도 빨강등대,7759.0,7.759,3.3484815650864204,0.311112041,0.249179746,0.061932295,0.0,PRELIMINARY_POINT_BUFFER_PROXY,1.877210963,PRELIMINARY_90M,0.6360347945913358,0.3101198036233901,0.311112041,0.27466160277895263,0.37013290729680515,lane_focus,T2_SPANNER
1288,ST035__ST048,35,ST035,산들공원,48,ST048,정왕평생학습관 사거리,6740.0,6.74,3.084409976243774,0.362180104,0.362180104,0.0,0.0,PRELIMINARY_POINT_BUFFER_PROXY,0.763853952,PRELIMINARY_90M,0.5482731892171216,0.3876923774415475,0.362180104,0.08993873289769443,0.37131865209885223,lane_focus,T2_SPANNER
813,ST018__ST049,18,ST018,정왕역,49,ST049,거북섬 웨이브파크 정문,8757.0,8.757,3.2979845713783864,0.243406156,0.243406156,0.0,0.0,PRELIMINARY_POINT_BUFFER_PROXY,1.386891051,PRELIMINARY_90M,0.7219877702178968,0.32495359088986375,0.243406156,0.19331006826693262,0.37238178312855114,lane_focus,T2_SPANNER
539,ST011__ST055,11,ST011,배곧생명공원,55,ST055,해양생태과학관,7172.0,7.172,3.0753891937864077,0.173700065,0.173700065,0.0,0.0,PRELIMINARY_POINT_BUFFER_PROXY,1.631005404,PRELIMINARY_90M,0.5854792868831281,0.3903422850523529,0.173700065,0.23381235407448703,0.3733938627639752,lane_focus,T2_SPANNER
817,ST018__ST053,18,ST018,정왕역,53,ST053,오이도 빨강등대,7852.0,7.852,3.3359167327855648,0.308951268,0.247742651,0.061208617,0.0,PRELIMINARY_POINT_BUFFER_PROXY,1.9006229,PRELIMINARY_90M,0.6440444406166567,0.313810796605417,0.308951268,0.27854599938254954,0.3738388765334222,lane_focus,T2_SPANNER
100,ST002__ST048,2,ST002,월곶포구,48,ST048,정왕평생학습관 사거리,5879.0,5.879,3.2010053406486016,0.584418621,0.584418621,0.0,0.0,PRELIMINARY_POINT_BUFFER_PROXY,0.901110981,PRELIMINARY_90M,0.4741193695633451,0.35344180716328144,0.584418621,0.11271176262468385,0.3761143350380123,lane_focus,T2_SPANNER
1284,ST035__ST044,35,ST035,산들공원,44,ST044,경기과학기술대학교,6030.0,6.03,2.956928367155461,0.339457259,0.339457259,0.0,0.0,PRELIMINARY_POINT_BUFFER_PROXY,0.834605206,PRELIMINARY_90M,0.4871242787012316,0.42514084577091904,0.339457259,0.10167744254558998,0.37616548385754434,lane_focus,T2_SPANNER
195,ST004__ST040,4,ST004,배곧중심상가,40,ST040,갯골생태공원,7040.0,7.04,2.9717888971519195,0.137297876,0.137297876,0.0,0.0,PRELIMINARY_POINT_BUFFER_PROXY,1.550786437,PRELIMINARY_90M,0.5741107570407372,0.4207754781629174,0.137297876,0.22050280677138037,0.37887999290531316,lane_focus,T2_SPANNER
466,ST010__ST026,10,ST010,은계호수공원,26,ST026,은계파크자이,1220.0,1.22,2.405341600576404,0.254629654,0.254629654,0.0,0.0,PRELIMINARY_POINT_BUFFER_PROXY,1.537591702,PRELIMINARY_90M,0.07286194126259582,0.5871726847699602,0.254629654,0.21831359945293588,0.37910021865543964,lane_focus,T2_SPANNER
1265,ST034__ST045,34,ST034,군자디지털과학고등학교,45,ST045,시흥중앙도서관,6540.0,6.54,2.9933398472819306,0.352023517,0.352023517,0.0,0.0,PRELIMINARY_POINT_BUFFER_PROXY,0.836864495,PRELIMINARY_90M,0.531048144001378,0.4144447605073809,0.352023517,0.10205229296989038,0.38154338054944964,lane_focus,T2_SPANNER
454,ST010__ST014,10,ST010,은계호수공원,14,ST014,시흥대야역,1525.0,1.525,2.792670740390496,0.667821134,0.57752438,0.090296754,0.0,PRELIMINARY_POINT_BUFFER_PROXY,1.2539899,PRELIMINARY_90M,0.09913013521660495,0.47339248440143145,0.667821134,0.1712597449827669,0.3823844010914517,lane_focus,T2_SPANNER
168,ST004__ST013,4,ST004,배곧중심상가,13,ST013,삼미시장,10775.0,10.775,3.530128973927555,0.163406945,0.151516028,0.052506297,0.0,PRELIMINARY_POINT_BUFFER_PROXY,2.255483615,PRELIMINARY_90M,0.8957884764447507,0.2567598147924738,0.163406945,0.33742279185367113,0.3826620632132377,lane_focus,T2_SPANNER
821,ST019__ST021,19,ST019,시화병원,21,ST021,오이도 포구 해양관광 단지,6987.0,6.987,3.178864864464529,0.319803247,0.245867275,0.073935972,0.0,PRELIMINARY_POINT_BUFFER_PROXY,1.994010885,PRELIMINARY_90M,0.5695461200585652,0.3599457015454276,0.319803247,0.29404048716246967,0.38595863490879734,lane_focus,T2_SPANNER
1472,ST050__ST052,50,ST050,시흥한라3차아파트,52,ST052,가온그린공원,8779.0,8.779,3.3218078771929007,0.282979932,0.282979932,0.0,0.0,PRELIMINARY_POINT_BUFFER_PROXY,1.858796601,PRELIMINARY_90M,0.7238825251916287,0.317955355460644,0.282979932,0.271606379915069,0.38694212955590807,lane_focus,T2_SPANNER
1315,ST037__ST038,37,ST037,군자동행정복지센터,38,ST038,능곡도서관,4967.0,4.967,3.1386691135702853,0.330414356,0.316572403,0.018575574,0.0,PRELIMINARY_POINT_BUFFER_PROXY,3.271661112,PRELIMINARY_90M,0.3955731633795539,0.37175343848178544,0.330414356,0.5060221015988842,0.3904568205566361,lane_focus,T2_SPANNER
386,ST008__ST037,8,ST008,시흥능곡역,37,ST037,군자동행정복지센터,4944.0,4.944,3.099278481155629,0.296311656,0.296311656,0.0,0.0,PRELIMINARY_POINT_BUFFER_PROXY,3.296729813,PRELIMINARY_90M,0.3935922831797434,0.3833246671555016,0.296311656,0.5101813805607653,0.3913547456978143,lane_focus,T2_SPANNER
870,ST020__ST035,20,ST020,시화공업단지[왼쪽부근],35,ST035,산들공원,6684.0,6.684,2.869246069005407,0.270890511,0.270890511,0.0,0.0,PRELIMINARY_POINT_BUFFER_PROXY,0.916932044,PRELIMINARY_90M,0.5434501765567135,0.45089803371984194,0.270890511,0.11533671772269614,0.39207313647966807,lane_focus,T2_SPANNER
452,ST010__ST012,10,ST010,은계호수공원,12,ST012,신천역,2361.0,2.361,2.79221465563128,0.473443851,0.473443851,0.0,0.0,PRELIMINARY_POINT_BUFFER_PROXY,2.295026039,PRELIMINARY_90M,0.17113082421841358,0.4735264619671615,0.473443851,0.34398348170533055,0.3936034957330631,lane_focus,T2_SPANNER
1304,ST036__ST045,36,ST036,시흥시립군자도서관,45,ST045,시흥중앙도서관,6722.0,6.722,3.000023280953298,0.369603936,0.369603936,0.0,0.0,PRELIMINARY_POINT_BUFFER_PROXY,1.146482613,PRELIMINARY_90M,0.5467229351477048,0.4124814627739778,0.369603936,0.15342265015013007,0.3940393063390494,lane_focus,T2_SPANNER
871,ST020__ST036,20,ST020,시화공업단지[왼쪽부근],36,ST036,시흥시립군자도서관,7436.0,7.436,3.1412046717136963,0.343691843,0.343691843,0.0,0.0,PRELIMINARY_POINT_BUFFER_PROXY,1.683238037,PRELIMINARY_90M,0.6082163465679098,0.37100860344628606,0.343691843,0.24247854270390817,0.39507312889231117,lane_focus,T2_SPANNER
1316,ST037__ST039,37,ST037,군자동행정복지센터,39,ST039,능곡힐스테이트,5065.0,5.065,3.1169406297195072,0.339516874,0.284687646,0.054829229,0.0,PRELIMINARY_POINT_BUFFER_PROXY,3.238108219,PRELIMINARY_90M,0.4040134355352683,0.3781363077062194,0.339516874,0.5004551660817568,0.3958666469724269,lane_focus,T2_SPANNER
172,ST004__ST017,4,ST004,배곧중심상가,17,ST017,장곡동,6764.0,6.764,2.942360541443412,0.206546328,0.206546328,0.0,0.0,PRELIMINARY_POINT_BUFFER_PROXY,1.909089561,PRELIMINARY_90M,0.550340194643011,0.42942022978330263,0.206546328,0.27995074727812974,0.39775271511197297,lane_focus,T2_SPANNER
167,ST004__ST012,4,ST004,배곧중심상가,12,ST012,신천역,9950.0,9.95,3.298480804869283,0.16356514,0.16356514,0.0,0.0,PRELIMINARY_POINT_BUFFER_PROXY,2.089973668,PRELIMINARY_90M,0.8247351649298079,0.3248078193993663,0.16356514,0.3099621731108347,0.39838003965227,lane_focus,T2_SPANNER
933,ST022__ST031,22,ST022,오이도박물관,31,ST031,마전저수지,9249.0,9.249,3.3683490129246234,0.162077697,0.162077697,0.0,0.0,PRELIMINARY_POINT_BUFFER_PROXY,2.998768021,PRELIMINARY_90M,0.7643613814486263,0.30428362461313796,0.162077697,0.460744985236173,0.3984374909317202,lane_focus,T2_SPANNER
432,ST009__ST037,9,ST009,능곡중앙공원,37,ST037,군자동행정복지센터,4953.0,4.953,3.102056456122923,0.400364762,0.400364762,0.066454291,0.0,PRELIMINARY_POINT_BUFFER_PROXY,2.974338855,PRELIMINARY_90M,0.3943674102144518,0.3825086207600531,0.400364762,0.45669181486248267,0.39868627895228925,lane_focus,T2_SPANNER
853,ST019__ST053,19,ST019,시화병원,53,ST053,오이도 빨강등대,7352.0,7.352,3.1202256848674432,0.29974064,0.23439461,0.06534603,0.0,PRELIMINARY_POINT_BUFFER_PROXY,2.03323403,PRELIMINARY_90M,0.6009818275772973,0.3771713035417168,0.29974064,0.3005482037696171,0.39882534385176044,lane_focus,T2_SPANNER
1268,ST034__ST048,34,ST034,군자디지털과학고등학교,48,ST048,정왕평생학습관 사거리,7176.0,7.176,2.984758946773873,0.400823068,0.400823068,0.0,0.0,PRELIMINARY_POINT_BUFFER_PROXY,0.853683595,PRELIMINARY_90M,0.5858237877874429,0.4169654502226392,0.400823068,0.10484283759315485,0.4014973685077814,lane_focus,T2_SPANNER
430,ST009__ST035,9,ST009,능곡중앙공원,35,ST035,산들공원,5085.0,5.085,3.1705169235060016,0.415926001,0.415926001,0.064729724,0.0,PRELIMINARY_POINT_BUFFER_PROXY,3.401700163,PRELIMINARY_90M,0.40573594005684266,0.362397958030395,0.415926001,0.5275975589409814,0.4038747010177132,lane_focus,T2_SPANNER
917,ST021__ST048,21,ST021,오이도 포구 해양관광 단지,48,ST048,정왕평생학습관 사거리,6488.0,6.488,2.9194215933920336,0.468500047,0.458328592,0.041609985,0.0,PRELIMINARY_POINT_BUFFER_PROXY,0.649691948,PRELIMINARY_90M,0.5265696322452846,0.43615867994685575,0.468500047,0.07099751925110818,0.404317901360151,lane_focus,T2_SPANNER
392,ST008__ST043,8,ST008,시흥능곡역,43,ST043,시흥종합버스터미널,9822.0,9.822,3.3718222028660656,0.27147472,0.27147472,0.0,0.0,PRELIMINARY_POINT_BUFFER_PROXY,2.233456668,PRELIMINARY_90M,0.813711135991732,0.30326335475261335,0.27147472,0.33376818616622167,0.4051603404995863,lane_focus,T2_SPANNER
1353,ST039__ST043,39,ST039,능곡힐스테이트,43,ST043,시흥종합버스터미널,9797.0,9.797,3.3777318578726767,0.321542663,0.317948067,0.030100174,0.0,PRELIMINARY_POINT_BUFFER_PROXY,2.070297135,PRELIMINARY_90M,0.811558005339764,0.3015273590279337,0.321542663,0.3066975368718186,0.4073113105626925,lane_focus,T2_SPANNER
1264,ST034__ST044,34,ST034,군자디지털과학고등학교,44,ST044,경기과학기술대학교,6466.0,6.466,2.854871731872146,0.383886554,0.383886554,0.0,0.0,PRELIMINARY_POINT_BUFFER_PROXY,0.931735075,PRELIMINARY_90M,0.5246748772715528,0.455120579330462,0.383886554,0.1177927658206959,0.40774716309264597,lane_focus,T2_SPANNER
438,ST009__ST043,9,ST009,능곡중앙공원,43,ST043,시흥종합버스터미널,9831.0,9.831,3.3729547340069628,0.323895134,0.323895134,0.033463188,0.0,PRELIMINARY_POINT_BUFFER_PROXY,2.07290647,PRELIMINARY_90M,0.8144862630264404,0.30293066710562466,0.323895134,0.3071304652541069,0.40901642604621646,lane_focus,T2_SPANNER
1381,ST041__ST042,41,ST041,연꽃테마파크,42,ST042,시흥시청역,3357.0,3.357,2.4375560527901543,0.0,0.0,0.0,0.0,PRELIMINARY_POINT_BUFFER_PROXY,2.986825232,PRELIMINARY_90M,0.25691154939281713,0.5777095010048499,0.0,0.458763494809769,0.40905158460245367,lane_focus,T2_SPANNER
595,ST013__ST026,13,ST013,삼미시장,26,ST026,은계파크자이,1938.0,1.938,2.6326125397405407,0.511569918,0.511569918,0.0,0.0,PRELIMINARY_POINT_BUFFER_PROXY,2.070334106,PRELIMINARY_90M,0.13469985358711567,0.5204105170475657,0.511569918,0.3067036709232997,0.4098862675797009,lane_focus,T2_SPANNER
496,ST011__ST012,11,ST011,배곧생명공원,12,ST012,신천역,11190.0,11.19,3.3955749329725884,0.229835415,0.229835415,0.0,0.0,PRELIMINARY_POINT_BUFFER_PROXY,1.946326239,PRELIMINARY_90M,0.9315304452674188,0.2962858513504243,0.229835415,0.28612887878226084,0.4118436587960351,lane_focus,T2_SPANNER
1180,ST030__ST050,30,ST030,장곡도서관,50,ST050,시흥한라3차아파트,8490.0,8.49,3.1450030516165666,0.293887363,0.293887363,0.0,0.0,PRELIMINARY_POINT_BUFFER_PROXY,1.953099272,PRELIMINARY_90M,0.698992334854879,0.3698928071325055,0.293887363,0.2872526280210039,0.41191586919037915,lane_focus,T2_SPANNER
1307,ST036__ST048,36,ST036,시흥시립군자도서관,48,ST048,정왕평생학습관 사거리,7358.0,7.358,2.991076209764658,0.415671605,0.415671605,0.0,0.0,PRELIMINARY_POINT_BUFFER_PROXY,1.135478826,PRELIMINARY_90M,0.6014985789337697,0.41510971726844614,0.415671605,0.15159695444415305,0.4129448583376,lane_focus,T2_SPANNER
1208,ST031__ST054,31,ST031,마전저수지,54,ST054,시흥 프리미엄 아울렛,4873.0,4.873,2.554776513686962,0.082913841,0.082913841,0.0,0.0,PRELIMINARY_POINT_BUFFER_PROXY,2.312195954,PRELIMINARY_90M,0.38747739212815435,0.5432753049757784,0.082913841,0.3468322318753847,0.41359504184482776,lane_focus,T2_SPANNER
1136,ST029__ST031,29,ST029,관곡공원,31,ST031,마전저수지,5377.0,5.377,2.6870303020635813,0.0,0.0,0.0,0.0,PRELIMINARY_POINT_BUFFER_PROXY,3.331666559,PRELIMINARY_90M,0.43088450607182843,0.504424981067251,0.0,0.5159779183484388,0.41578607950025703,lane_focus,T2_SPANNER
290,ST006__ST036,6,ST006,시흥시청 본청,36,ST036,시흥시립군자도서관,6369.0,6.369,3.006830634630671,0.244304171,0.244304171,0.0,0.0,PRELIMINARY_POINT_BUFFER_PROXY,3.089108296,PRELIMINARY_90M,0.5163207303419172,0.4104817628139833,0.244304171,0.4757338115506301,0.41651072485796964,lane_focus,T2_SPANNER
283,ST006__ST029,6,ST006,시흥시청 본청,29,ST029,관곡공원,3470.0,3.47,2.475229440723157,0.075912866,0.075912866,0.0,0.0,PRELIMINARY_POINT_BUFFER_PROXY,3.041565706,PRELIMINARY_90M,0.2666436999397123,0.5666427229420483,0.075912866,0.4678457724224623,0.418213897222336,lane_focus,T2_SPANNER
1303,ST036__ST044,36,ST036,시흥시립군자도서관,44,ST044,경기과학기술대학교,6648.0,6.648,2.8654297237561406,0.400791009,0.400791009,0.0,0.0,PRELIMINARY_POINT_BUFFER_PROXY,1.240684205,PRELIMINARY_90M,0.5403496684178796,0.4520191074592086,0.400791009,0.16905212771186373,0.41955595791995975,lane_focus,T2_SPANNER
135,ST003__ST031,3,ST003,배곧한울공원,31,ST031,마전저수지,8594.0,8.594,3.1926309390180325,0.232287384,0.232287384,0.0,0.0,PRELIMINARY_POINT_BUFFER_PROXY,2.844081562,PRELIMINARY_90M,0.7079493583670657,0.3559018366254335,0.232287384,0.4350801478516356,0.4196459197638752,lane_focus,T2_SPANNER
162,ST004__ST007,4,ST004,배곧중심상가,7,ST007,장현지구,7899.0,7.899,2.8650445619521356,0.183317918,0.183317918,0.0,0.0,PRELIMINARY_POINT_BUFFER_PROXY,1.69100406,PRELIMINARY_90M,0.6480923262423564,0.45213225099200605,0.183317918,0.2437670440938041,0.41974733505854495,lane_focus,T2_SPANNER
795,ST018__ST031,18,ST018,정왕역,31,ST031,마전저수지,3945.0,3.945,2.958212084314256,0.124882541,0.124882541,0.0,0.0,PRELIMINARY_POINT_BUFFER_PROXY,5.337782322,PRELIMINARY_90M,0.3075531823271036,0.4247637463468624,0.124882541,0.8488230501382361,0.41994834830958727,lane_focus,T2_SPANNER
596,ST013__ST027,13,ST013,삼미시장,27,ST027,은행동행정복지센터,1561.0,1.561,2.6154869323133116,0.514819805,0.514819805,0.0,0.0,PRELIMINARY_POINT_BUFFER_PROXY,2.62974837,PRELIMINARY_90M,0.10223064335543881,0.525441264399645,0.514819805,0.3995190098286312,0.42031758309520495,lane_focus,T2_SPANNER
1143,ST029__ST038,29,ST029,관곡공원,38,ST038,능곡도서관,4223.0,4.223,2.511994530716733,0.118739746,0.102463148,0.021842811,0.0,PRELIMINARY_POINT_BUFFER_PROXY,2.578907523,PRELIMINARY_90M,0.33149599517698736,0.5558427627117288,0.118739746,0.39108373967517096,0.42069410324253753,lane_focus,T2_SPANNER
1144,ST029__ST039,29,ST029,관곡공원,39,ST039,능곡힐스테이트,4321.0,4.321,2.5005444574442675,0.134141311,0.069883904,0.064257407,0.0,PRELIMINARY_POINT_BUFFER_PROXY,2.555414981,PRELIMINARY_90M,0.33993626733270177,0.5592062887087678,0.134141311,0.3871859694755221,0.42578948989225257,lane_focus,T2_SPANNER
382,ST008__ST033,8,ST008,시흥능곡역,33,ST033,타원산업단지,10699.0,10.699,3.158903558335437,0.128664141,0.128664141,0.0,0.0,PRELIMINARY_POINT_BUFFER_PROXY,2.141908628,PRELIMINARY_90M,0.8892429592627681,0.36580945197762016,0.128664141,0.3185789732599185,0.42783978498035147,lane_focus,T2_SPANNER
429,ST009__ST034,9,ST009,능곡중앙공원,34,ST034,군자디지털과학고등학교,5438.0,5.438,3.0482330688038717,0.45363226,0.45363226,0.060550946,0.0,PRELIMINARY_POINT_BUFFER_PROXY,3.293272439,PRELIMINARY_90M,0.43613814486263025,0.39831955560635457,0.45363226,0.5096077496039179,0.430873408216291,lane_focus,T2_SPANNER
428,ST009__ST033,9,ST009,능곡중앙공원,33,ST033,타원산업단지,10708.0,10.708,3.1601346829823638,0.176932327,0.176932327,0.030730754,0.0,PRELIMINARY_POINT_BUFFER_PROXY,1.994283261,PRELIMINARY_90M,0.8900180862974766,0.3654478019115467,0.176932327,0.294085678485567,0.4313802190381037,lane_focus,T2_SPANNER
169,ST004__ST014,4,ST004,배곧중심상가,14,ST014,시흥대야역,11638.0,11.638,3.410207240134275,0.235822411,0.191985149,0.107739858,0.0,PRELIMINARY_POINT_BUFFER_PROXY,2.586665465,PRELIMINARY_90M,0.9701145465506847,0.2919875255350477,0.235822411,0.3923709003041997,0.4342456687732908,lane_focus,T2_SPANNER
1157,ST029__ST052,29,ST029,관곡공원,52,ST052,가온그린공원,4265.0,4.265,2.386392012061943,0.201240875,0.201240875,0.0,0.0,PRELIMINARY_POINT_BUFFER_PROXY,2.198243349,PRELIMINARY_90M,0.3351132546722935,0.5927392372351619,0.201240875,0.327925760709286,0.44276726490843255,lane_focus,T2_SPANNER
28,ST001__ST029,1,ST001,월곶역,29,ST029,관곡공원,8007.0,8.007,2.4957917874297677,0.0,0.0,0.0,0.0,PRELIMINARY_POINT_BUFFER_PROXY,1.474024387,PRELIMINARY_90M,0.657393850658858,0.5606024133246302,0.0,0.20776681460186716,0.4429449989843668,lane_focus,T2_SPANNER
257,ST005__ST052,5,ST005,배곧중·고등학교,52,ST052,가온그린공원,8122.0,8.122,2.8555152975367957,0.2956403,0.2956403,0.0,0.0,PRELIMINARY_POINT_BUFFER_PROXY,1.819513266,PRELIMINARY_90M,0.6672982516579106,0.4549315281521559,0.2956403,0.26508867687102095,0.4450347609383132,lane_focus,T2_SPANNER
1023,ST025__ST028,25,ST025,목감동행정복지센터,28,ST028,매화산업단지,6878.0,6.878,2.8903708674922335,0.271201217,0.266520768,0.103849183,0.0,PRELIMINARY_POINT_BUFFER_PROXY,3.071832764,PRELIMINARY_90M,0.5601584704159849,0.44469250060211796,0.271201217,0.4728675379131207,0.44598825762122407,lane_focus,T2_SPANNER
1205,ST031__ST051,31,ST031,마전저수지,51,ST051,연성중학교,6100.0,6.1,2.6203589074087144,0.119255883,0.104609688,0.028266702,0.0,PRELIMINARY_POINT_BUFFER_PROXY,2.974419427,PRELIMINARY_90M,0.49315304452674186,0.5240100932184334,0.119255883,0.4567051829833325,0.44702981541206493,lane_focus,T2_SPANNER
197,ST004__ST042,4,ST004,배곧중심상가,42,ST042,시흥시청역,8913.0,8.913,2.7655855969447916,0.169578568,0.169578568,0.0,0.0,PRELIMINARY_POINT_BUFFER_PROXY,1.61449924,PRELIMINARY_90M,0.7354233054861768,0.4813489037138068,0.169578568,0.2310737302955142,0.4478569576984659,lane_focus,T2_SPANNER
424,ST009__ST029,9,ST009,능곡중앙공원,29,ST029,관곡공원,4562.0,4.562,2.4231442712656004,0.204923527,0.178849884,0.12823664,0.0,PRELIMINARY_POINT_BUFFER_PROXY,2.421968536,PRELIMINARY_90M,0.3606924468176729,0.5819430461244302,0.204923527,0.36504517361911415,0.44860531751861676,lane_focus,T2_SPANNER
291,ST006__ST037,6,ST006,시흥시청 본청,37,ST037,군자동행정복지센터,6845.0,6.845,2.8673370714628095,0.296832124,0.296832124,0.0,0.0,PRELIMINARY_POINT_BUFFER_PROXY,2.957161605,PRELIMINARY_90M,0.5573163379553872,0.45145881291400236,0.296832124,0.4538418477043131,0.4497937698037256,lane_focus,T2_SPANNER
1376,ST040__ST051,40,ST040,갯골생태공원,51,ST051,연성중학교,5417.0,5.417,2.495832602905231,0.192518156,0.176017861,0.031845057,0.0,PRELIMINARY_POINT_BUFFER_PROXY,2.410565802,PRELIMINARY_90M,0.4343295151149772,0.5605904235399768,0.192518156,0.36315328653513135,0.45051183117325355,lane_focus,T2_SPANNER
900,ST021__ST031,21,ST021,오이도 포구 해양관광 단지,31,ST031,마전저수지,9293.0,9.293,3.031251972754875,0.24550113,0.238398194,0.029057106,0.0,PRELIMINARY_POINT_BUFFER_PROXY,2.59903452,PRELIMINARY_90M,0.7681508913960899,0.40330785189580864,0.24550113,0.39442311474641795,0.451272740939085,lane_focus,T2_SPANNER
1319,ST037__ST042,37,ST037,군자동행정복지센터,42,ST042,시흥시청역,6708.0,6.708,2.8237370109722706,0.306005252,0.306005252,0.0,0.0,PRELIMINARY_POINT_BUFFER_PROXY,2.829592416,PRELIMINARY_90M,0.5455171819826027,0.46426658570660606,0.306005252,0.43267617805146835,0.45203894375754383,lane_focus,T2_SPANNER
1237,ST033__ST038,33,ST033,타원산업단지,38,ST038,능곡도서관,11114.0,11.114,3.027519358491037,0.129363807,0.123175519,0.008304536,0.0,PRELIMINARY_POINT_BUFFER_PROXY,2.083461432,PRELIMINARY_90M,0.9249849280854362,0.40440432916845004,0.129363807,0.3088816940628934,0.45293597536074626,lane_focus,T2_SPANNER
468,ST010__ST028,10,ST010,은계호수공원,28,ST028,매화산업단지,3734.0,3.734,2.2597817465071626,0.156648005,0.156648005,0.0,0.0,PRELIMINARY_POINT_BUFFER_PROXY,2.499811713,PRELIMINARY_90M,0.289380759624494,0.6299317433049347,0.156648005,0.3779605412092454,0.453033305508753,lane_focus,T2_SPANNER
289,ST006__ST035,6,ST006,시흥시청 본청,35,ST035,산들공원,6977.0,6.977,2.9216522119106507,0.310126848,0.310126848,0.0,0.0,PRELIMINARY_POINT_BUFFER_PROXY,3.275946265,PRELIMINARY_90M,0.5686848677977779,0.4355034227097787,0.310126848,0.5067330736879981,0.4540176731676447,lane_focus,T2_SPANNER
161,ST004__ST006,4,ST004,배곧중심상가,6,ST006,시흥시청 본청,8749.0,8.749,2.781707771521675,0.21992462,0.21992462,0.0,0.0,PRELIMINARY_POINT_BUFFER_PROXY,1.796808136,PRELIMINARY_90M,0.7212987684092671,0.47661292063075067,0.21992462,0.2613215503040809,0.4547531395428409,lane_focus,T2_SPANNER
1135,ST029__ST030,29,ST029,관곡공원,30,ST030,장곡도서관,4785.0,4.785,2.344415023463761,0.235519282,0.235519282,0.0,0.0,PRELIMINARY_POINT_BUFFER_PROXY,2.140637973,PRELIMINARY_90M,0.3798983722332271,0.6050702231657867,0.235519282,0.3183681522600866,0.4615979011685518,lane_focus,T2_SPANNER
756,ST017__ST029,17,ST017,장곡동,29,ST029,관곡공원,4322.0,4.322,2.2640824773122388,0.207924155,0.207924155,0.0,0.0,PRELIMINARY_POINT_BUFFER_PROXY,2.212483712,PRELIMINARY_90M,0.3400223925587805,0.628668378475303,0.207924155,0.33028845362406645,0.4630705590430176,lane_focus,T2_SPANNER
554,ST012__ST027,12,ST012,신천역,27,ST027,은행동행정복지센터,1420.0,1.42,2.35513154122392,0.521377701,0.521377701,0.0,0.0,PRELIMINARY_POINT_BUFFER_PROXY,2.923916061,PRELIMINARY_90M,0.0900869864783395,0.6019221833911675,0.521377701,0.44832590606316086,0.46443403005072587,lane_focus,T2_SPANNER
1393,ST041__ST054,41,ST041,연꽃테마파크,54,ST054,시흥 프리미엄 아울렛,8437.0,8.437,2.489736395352416,0.047911633,0.047911633,0.0,0.0,PRELIMINARY_POINT_BUFFER_PROXY,1.716462461,PRELIMINARY_90M,0.6944276978727069,0.5623812201662786,0.047911633,0.24799098021568108,0.46446154164003284,lane_focus,T2_SPANNER
597,ST013__ST028,13,ST013,삼미시장,28,ST028,매화산업단지,5031.0,5.031,2.447712054812518,0.276802217,0.276802217,0.0,0.0,PRELIMINARY_POINT_BUFFER_PROXY,2.504274006,PRELIMINARY_90M,0.4010851778485919,0.5747261160067514,0.276802217,0.3787009035198673,0.46590556165107416,lane_focus,T2_SPANNER
1373,ST040__ST048,40,ST040,갯골생태공원,48,ST048,정왕평생학습관 사거리,6381.0,6.381,2.8557744448420976,0.140235273,0.140235273,0.0,0.0,PRELIMINARY_POINT_BUFFER_PROXY,4.850626954,PRELIMINARY_90M,0.5173542330548617,0.45485540211543074,0.140235273,0.7679965616301214,0.4671333228632059,lane_focus,T2_SPANNER
1403,ST042__ST051,42,ST042,시흥시청역,51,ST051,연성중학교,2072.0,2.072,2.5274345688921906,0.351208623,0.308075573,0.083245449,0.0,PRELIMINARY_POINT_BUFFER_PROXY,4.64619177,PRELIMINARY_90M,0.14624063388166395,0.551307161186513,0.351208623,0.7340776537505509,0.46769464888217194,lane_focus,T2_SPANNER
480,ST010__ST040,10,ST010,은계호수공원,40,ST040,갯골생태공원,7454.0,7.454,2.3810988212602635,0.143643119,0.143643119,0.0,0.0,PRELIMINARY_POINT_BUFFER_PROXY,1.480173201,PRELIMINARY_90M,0.6097666006373267,0.5942941429938482,0.143643119,0.20878699640988027,0.47196490893587145,lane_focus,T2_SPANNER
1391,ST041__ST052,41,ST041,연꽃테마파크,52,ST052,가온그린공원,4968.0,4.968,2.2619391797382047,0.172697542,0.172697542,0.0,0.0,PRELIMINARY_POINT_BUFFER_PROXY,2.343340408,PRELIMINARY_90M,0.3956592886056326,0.629297984674155,0.172697542,0.35199957071362264,0.4724854169652474,lane_focus,T2_SPANNER
265,ST006__ST011,6,ST006,시흥시청 본청,11,ST011,배곧생명공원,9367.0,9.367,2.720570366635699,0.23235844,0.23235844,0.0,0.0,PRELIMINARY_POINT_BUFFER_PROXY,1.678691712,PRELIMINARY_90M,0.7745241581259151,0.49457239091815797,0.23235844,0.24172423820578623,0.47330342881513,lane_focus,T2_SPANNER
714,ST016__ST025,16,ST016,물왕호수,25,ST025,목감동행정복지센터,3005.0,3.005,2.1381214943015445,0.193383798,0.119943446,0.161932073,0.0,PRELIMINARY_POINT_BUFFER_PROXY,2.924827881,PRELIMINARY_90M,0.22659546981310827,0.6656701539999965,0.193383798,0.4484771908761643,0.4744333192940446,lane_focus,T2_SPANNER
288,ST006__ST034,6,ST006,시흥시청 본청,34,ST034,군자디지털과학고등학교,7330.0,7.33,2.8428862563521475,0.34315285,0.34315285,0.0,0.0,PRELIMINARY_POINT_BUFFER_PROXY,3.198812236,PRELIMINARY_90M,0.5990870726035655,0.4586413828693645,0.34315285,0.49393536454204645,0.4747013381367023,lane_focus,T2_SPANNER
378,ST008__ST029,8,ST008,시흥능곡역,29,ST029,관곡공원,4389.0,4.389,2.156570265400262,0.0,0.0,0.0,0.0,PRELIMINARY_POINT_BUFFER_PROXY,3.417489749,PRELIMINARY_90M,0.3457927827060546,0.6602507195800281,0.0,0.5302172915257137,0.4788165100600821,lane_focus,T2_SPANNER
637,ST014__ST027,14,ST014,시흥대야역,27,ST027,은행동행정복지센터,1905.0,1.905,2.4973236886392187,0.756121681,0.589126823,0.182065921,0.0,PRELIMINARY_POINT_BUFFER_PROXY,2.616675973,PRELIMINARY_90M,0.13185772112651795,0.5601524083840266,0.756121681,0.39735010024598233,0.4794685156042142,lane_focus,T2_SPANNER
725,ST016__ST036,16,ST016,물왕호수,36,ST036,시흥시립군자도서관,7947.0,7.947,2.8110036953937283,0.162740187,0.162740187,0.0,0.0,PRELIMINARY_POINT_BUFFER_PROXY,3.965292917,PRELIMINARY_90M,0.6522263370941349,0.4680070716369381,0.162740187,0.6211061729206547,0.4820257572253942,lane_focus,T2_SPANNER
62,ST002__ST010,2,ST002,월곶포구,10,ST010,은계호수공원,11014.0,11.014,3.1061839442020633,0.327183083,0.294943155,0.099765924,0.0,PRELIMINARY_POINT_BUFFER_PROXY,2.622043931,PRELIMINARY_90M,0.9163724054775644,0.38129614699448855,0.327183083,0.39824072616144807,0.48273612596697435,lane_focus,T2_SPANNER
9,ST001__ST010,1,ST001,월곶역,10,ST010,은계호수공원,11694.0,11.694,3.0834271826948316,0.243297008,0.212935672,0.093952653,0.0,PRELIMINARY_POINT_BUFFER_PROXY,2.568536826,PRELIMINARY_90M,0.9749375592110929,0.38798107879506105,0.243297008,0.3893630832338123,0.483877064924821,lane_focus,T2_SPANNER
829,ST019__ST029,19,ST019,시화병원,29,ST029,관곡공원,9265.0,9.265,2.820027725618513,0.12145997,0.12145997,0.0,0.0,PRELIMINARY_POINT_BUFFER_PROXY,3.513046847,PRELIMINARY_90M,0.7657393850658858,0.465356209975457,0.12145997,0.546071668159342,0.485955727724807,lane_focus,T2_SPANNER
713,ST016__ST024,16,ST016,물왕호수,24,ST024,목감고등학교,3229.0,3.229,2.105914035609522,0.176923572,0.176923572,0.0,0.0,PRELIMINARY_POINT_BUFFER_PROXY,3.167384816,PRELIMINARY_90M,0.2458875204547412,0.6751312833771932,0.176923572,0.48872107733856496,0.48658984318032955,lane_focus,T2_SPANNER
338,ST007__ST036,7,ST007,장현지구,36,ST036,시흥시립군자도서관,7914.0,7.914,2.6645802732851354,0.307930223,0.307930223,0.0,0.0,PRELIMINARY_POINT_BUFFER_PROXY,2.636188829,PRELIMINARY_90M,0.6493842046335372,0.5110198083346155,0.307930223,0.40058757998005456,0.49166441554102336,lane_focus,T2_SPANNER
1092,ST027__ST040,27,ST027,은행동행정복지센터,40,ST040,갯골생태공원,7766.0,7.766,2.333264553599835,0.185388171,0.185388171,0.0,0.0,PRELIMINARY_POINT_BUFFER_PROXY,1.5408174,PRELIMINARY_90M,0.6366376711738868,0.6083457389091405,0.185388171,0.21884879183601075,0.49213594811474926,lane_focus,T2_SPANNER
482,ST010__ST042,10,ST010,은계호수공원,42,ST042,시흥시청역,7803.0,7.803,2.352692290378065,0.137242443,0.137242443,0.0,0.0,PRELIMINARY_POINT_BUFFER_PROXY,2.038687833,PRELIMINARY_90M,0.6398243045387995,0.6026387275946935,0.137242443,0.301453072676871,0.49508855205663727,lane_focus,T2_SPANNER
993,ST024__ST028,24,ST024,목감고등학교,28,ST028,매화산업단지,7811.0,7.811,2.7351304155275447,0.323695592,0.319573933,0.070790226,0.0,PRELIMINARY_POINT_BUFFER_PROXY,3.168264669,PRELIMINARY_90M,0.6405133063474292,0.49029529139219696,0.323695592,0.48886705833983213,0.49513470451655917,lane_focus,T2_SPANNER
305,ST006__ST051,6,ST006,시흥시청 본청,51,ST051,연성중학교,2665.0,2.665,2.405708703853897,0.37184665,0.338316086,0.064712949,0.0,PRELIMINARY_POINT_BUFFER_PROXY,4.504771469,PRELIMINARY_90M,0.197312892946344,0.5870648460349527,0.37184665,0.7106138738469892,0.49536408018379346,lane_focus,T2_SPANNER
666,ST015__ST016,15,ST015,목감택지개발예정지구,16,ST016,물왕호수,3107.0,3.107,2.1181705540136373,0.281664379,0.281664379,0.0,0.0,PRELIMINARY_POINT_BUFFER_PROXY,3.053159992,PRELIMINARY_90M,0.23538024287313755,0.6715308594057094,0.281664379,0.4697694408980579,0.4955565512621909,lane_focus,T2_SPANNER
1150,ST029__ST045,29,ST029,관곡공원,45,ST045,시흥중앙도서관,9233.0,9.233,2.7641240720233733,0.080513965,0.080513965,0.0,0.0,PRELIMINARY_POINT_BUFFER_PROXY,3.889570974,PRELIMINARY_90M,0.7629833778313668,0.4817782352081591,0.080513965,0.6085427503295655,0.4968443004697878,lane_focus,T2_SPANNER
1361,ST039__ST051,39,ST039,능곡힐스테이트,51,ST051,연성중학교,3723.0,3.723,2.3660104994858293,0.437314546,0.37191324,0.194272542,0.0,PRELIMINARY_POINT_BUFFER_PROXY,3.261333916,PRELIMINARY_90M,0.2884333821376281,0.5987264257690195,0.437314546,0.5043086626353726,0.49829337060734125,lane_focus,T2_SPANNER
446,ST009__ST051,9,ST009,능곡중앙공원,51,ST051,연성중학교,3757.0,3.757,2.362689895391398,0.44241947,0.386984181,0.201582447,0.0,PRELIMINARY_POINT_BUFFER_PROXY,3.307538535,PRELIMINARY_90M,0.2913616398243045,0.5997018726444865,0.44241947,0.5119747120149728,0.5012823915893501,lane_focus,T2_SPANNER
1190,ST031__ST036,31,ST031,마전저수지,36,ST036,시흥시립군자도서관,9630.0,9.63,2.7381513895949263,0.227496296,0.227496296,0.0,0.0,PRELIMINARY_POINT_BUFFER_PROXY,2.877773443,PRELIMINARY_90M,0.797175092584618,0.4894078625897582,0.227496296,0.4406701435929189,0.5043639157507406,lane_focus,T2_SPANNER
331,ST007__ST029,7,ST007,장현지구,29,ST029,관곡공원,4165.0,4.165,2.078936189138624,0.271907933,0.271907933,0.0,0.0,PRELIMINARY_POINT_BUFFER_PROXY,2.51365291,PRELIMINARY_90M,0.32650073206442165,0.6830561835756226,0.271907933,0.3802570064105875,0.5046529791122838,lane_focus,T2_SPANNER
678,ST015__ST028,15,ST015,목감택지개발예정지구,28,ST028,매화산업단지,8580.0,8.58,2.740609436528789,0.333729237,0.32605623,0.097512107,0.0,PRELIMINARY_POINT_BUFFER_PROXY,3.018923639,PRELIMINARY_90M,0.7067436052019637,0.4886857969254388,0.333729237,0.4640891089668407,0.5053643713981383,lane_focus,T2_SPANNER
1046,ST025__ST051,25,ST025,목감동행정복지센터,51,ST051,연성중학교,4855.0,4.855,2.2406696427083874,0.255573087,0.248649808,0.132560721,0.0,PRELIMINARY_POINT_BUFFER_PROXY,3.153385578,PRELIMINARY_90M,0.3859271380587374,0.6355460355854807,0.255573087,0.48639839073044083,0.506254167064054,lane_focus,T2_SPANNER
1445,ST046__ST051,46,ST046,배곧1동행정복지센터,51,ST051,연성중학교,11280.0,11.28,2.7426133343782095,0.126763303,0.118839831,0.015292056,0.0,PRELIMINARY_POINT_BUFFER_PROXY,2.482269419,PRELIMINARY_90M,0.9392817156145035,0.48809714021106254,0.126763303,0.3750500076966659,0.5071769098329318,lane_focus,T2_SPANNER
726,ST016__ST037,16,ST016,물왕호수,37,ST037,군자동행정복지센터,8423.0,8.423,2.7086537373101662,0.210058427,0.210058427,0.0,0.0,PRELIMINARY_POINT_BUFFER_PROXY,3.808674234,PRELIMINARY_90M,0.6932219447076049,0.4980729704847442,0.210058427,0.5951207501722072,0.5084577507597242,lane_focus,T2_SPANNER
1149,ST029__ST044,29,ST029,관곡공원,44,ST044,경기과학기술대학교,10468.0,10.468,2.820058198037644,0.126175985,0.126175985,0.0,0.0,PRELIMINARY_POINT_BUFFER_PROXY,3.5905658,PRELIMINARY_90M,0.8693480320385841,0.4653472585240993,0.126175985,0.558933242054214,0.5093096197278986,lane_focus,T2_SPANNER
724,ST016__ST035,16,ST016,물왕호수,35,ST035,산들공원,8555.0,8.555,2.7554200917307856,0.222244895,0.222244895,0.0,0.0,PRELIMINARY_POINT_BUFFER_PROXY,4.052626345,PRELIMINARY_90M,0.7045904745499957,0.4843350803300357,0.222244895,0.6355961175631538,0.5117617869594902,lane_focus,T2_SPANNER
1094,ST027__ST042,27,ST027,은행동행정복지센터,42,ST042,시흥시청역,8115.0,8.115,2.3079958950529833,0.177443763,0.177443763,0.0,0.0,PRELIMINARY_POINT_BUFFER_PROXY,2.076001504,PRELIMINARY_90M,0.6666953750753596,0.6157685551575763,0.177443763,0.3076439784912909,0.5139865138175537,lane_focus,T2_SPANNER
471,ST010__ST031,10,ST010,은계호수공원,31,ST031,마전저수지,9658.0,9.658,2.479447707539169,0.110845888,0.110845888,0.0,0.0,PRELIMINARY_POINT_BUFFER_PROXY,2.494180019,PRELIMINARY_90M,0.7995865989148222,0.5654035823915486,0.110845888,0.37702615747815565,0.5157999178004621,lane_focus,T2_SPANNER
1036,ST025__ST041,25,ST025,목감동행정복지센터,41,ST041,연꽃테마파크,6054.0,6.054,2.1947241513999223,0.22938676,0.197850453,0.130745712,0.0,PRELIMINARY_POINT_BUFFER_PROXY,2.664553727,PRELIMINARY_90M,0.4891912841271208,0.6490427923996385,0.22938676,0.4052937481818814,0.5175617292525256,lane_focus,T2_SPANNER
718,ST016__ST029,16,ST016,물왕호수,29,ST029,관곡공원,5128.0,5.128,2.2882225092974817,0.0,0.0,0.0,0.0,PRELIMINARY_POINT_BUFFER_PROXY,5.333892509,PRELIMINARY_90M,0.40943932477822753,0.6215771028808512,0.0,0.8481776709709411,0.5199030670417122,lane_focus,T2_SPANNER
1053,ST026__ST029,26,ST026,은계파크자이,29,ST029,관곡공원,6175.0,6.175,2.002908151887456,0.217079342,0.217079342,0.0,0.0,PRELIMINARY_POINT_BUFFER_PROXY,1.735808496,PRELIMINARY_90M,0.49961243648264575,0.7053898642179204,0.217079342,0.2512007818073677,0.5228594379765945,lane_focus,T2_SPANNER
264,ST006__ST010,6,ST006,시흥시청 본청,10,ST010,은계호수공원,8600.0,8.6,2.2977932871741067,0.158558533,0.158558533,0.0,0.0,PRELIMINARY_POINT_BUFFER_PROXY,2.221566641,PRELIMINARY_90M,0.7084661097235381,0.6187656308986302,0.158558533,0.33179544975848757,0.5246291348077958,lane_focus,T2_SPANNER
778,ST017__ST051,17,ST017,장곡동,51,ST051,연성중학교,3517.0,3.517,2.16312007370754,0.462338053,0.436932527,0.049031879,0.0,PRELIMINARY_POINT_BUFFER_PROXY,3.114219406,PRELIMINARY_90M,0.2706915855654121,0.6583266750789218,0.462338053,0.4799001268109415,0.5246373816241846,lane_focus,T2_SPANNER
1033,ST025__ST038,25,ST025,목감동행정복지센터,38,ST038,능곡도서관,6274.0,6.274,2.2598427372065113,0.114598785,0.098278462,0.054041431,0.0,PRELIMINARY_POINT_BUFFER_PROXY,3.90420797,PRELIMINARY_90M,0.5081388338644389,0.6299138269302571,0.114598785,0.6109712506945401,0.5254201855921973,lane_focus,T2_SPANNER
50,ST001__ST051,1,ST001,월곶역,51,ST051,연성중학교,8421.0,8.421,2.3041351110427213,0.191690511,0.181080056,0.020477849,0.0,PRELIMINARY_POINT_BUFFER_PROXY,2.276092573,PRELIMINARY_90M,0.6930496942554474,0.6169026830429145,0.191690511,0.3408421315887333,0.5269411767608567,lane_focus,T2_SPANNER
851,ST019__ST051,19,ST019,시화병원,51,ST051,연성중학교,10677.0,10.677,2.783053750312431,0.173530884,0.165161303,0.016153033,0.0,PRELIMINARY_POINT_BUFFER_PROXY,3.692434824,PRELIMINARY_90M,0.8873482042890363,0.4762175314881276,0.173530884,0.5758348632587019,0.5279832686906764,lane_focus,T2_SPANNER
723,ST016__ST034,16,ST016,물왕호수,34,ST034,군자디지털과학고등학교,8908.0,8.908,2.6971308490200676,0.252895266,0.252895266,0.0,0.0,PRELIMINARY_POINT_BUFFER_PROXY,3.96098122,PRELIMINARY_90M,0.7349926793557833,0.5014578863191193,0.252895266,0.6203907967780254,0.5287203884474201,lane_focus,T2_SPANNER
478,ST010__ST038,10,ST010,은계호수공원,38,ST038,능곡도서관,9372.0,9.372,2.330701975467328,0.167732728,0.160396489,0.00984506,0.0,PRELIMINARY_POINT_BUFFER_PROXY,2.022751487,PRELIMINARY_90M,0.7749547842563087,0.6090985112244809,0.167732728,0.29880899037491765,0.5295214702197398,lane_focus,T2_SPANNER
1166,ST030__ST036,30,ST030,장곡도서관,36,ST036,시흥시립군자도서관,9544.0,9.544,2.63125439413521,0.31159704,0.31159704,0.0,0.0,PRELIMINARY_POINT_BUFFER_PROXY,2.817081425,PRELIMINARY_90M,0.7897683231418482,0.5208094802631356,0.31159704,0.43060041426703516,0.5296880228999927,lane_focus,T2_SPANNER
1383,ST041__ST044,41,ST041,연꽃테마파크,44,ST044,경기과학기술대학교,11171.0,11.171,2.7373924956567253,0.118220531,0.118220531,0.0,0.0,PRELIMINARY_POINT_BUFFER_PROXY,3.574596517,PRELIMINARY_90M,0.9298940659719231,0.489630792122993,0.118220531,0.5562836950027643,0.5319698431562958,lane_focus,T2_SPANNER
1083,ST027__ST031,27,ST027,은행동행정복지센터,31,ST031,마전저수지,9970.0,9.97,2.439129741416626,0.144378702,0.144378702,0.0,0.0,PRELIMINARY_POINT_BUFFER_PROXY,2.509305264,PRELIMINARY_90M,0.8264576694513823,0.577247220766075,0.144378702,0.37953566578182873,0.5325022994405884,lane_focus,T2_SPANNER
479,ST010__ST039,10,ST010,은계호수공원,39,ST039,능곡힐스테이트,9470.0,9.47,2.3273271025093933,0.174260921,0.144938428,0.029322493,0.0,PRELIMINARY_POINT_BUFFER_PROXY,2.018539596,PRELIMINARY_90M,0.7833950564120231,0.6100898998960289,0.174260921,0.29811017356641867,0.532579625415382,lane_focus,T2_SPANNER
457,ST010__ST017,10,ST010,은계호수공원,17,ST017,장곡동,9371.0,9.371,2.3066653175877168,0.196613464,0.196613464,0.0,0.0,PRELIMINARY_POINT_BUFFER_PROXY,1.921374112,PRELIMINARY_90M,0.77486865903023,0.6161594200707521,0.196613464,0.2819889412208656,0.5348438026245519,lane_focus,T2_SPANNER
1016,ST024__ST051,24,ST024,목감고등학교,51,ST051,연성중학교,5421.0,5.421,2.131002869348733,0.286117824,0.286117824,0.073213062,0.0,PRELIMINARY_POINT_BUFFER_PROXY,3.183231796,PRELIMINARY_90M,0.43467401601929206,0.6677612917178248,0.286117824,0.4913503324612516,0.5374356725319586,lane_focus,T2_SPANNER
492,ST010__ST052,10,ST010,은계호수공원,52,ST052,가온그린공원,9414.0,9.414,2.2745307477085395,0.204903465,0.204903465,0.0,0.0,PRELIMINARY_POINT_BUFFER_PROXY,1.862794783,PRELIMINARY_90M,0.7785720437516148,0.6255991379328376,0.204903465,0.272269739148496,0.5400899583390162,lane_focus,T2_SPANNER
400,ST008__ST051,8,ST008,시흥능곡역,51,ST051,연성중학교,3584.0,3.584,2.033364282623199,0.203001614,0.178070339,0.048116588,0.0,PRELIMINARY_POINT_BUFFER_PROXY,4.581588549,PRELIMINARY_90M,0.27646197571268627,0.6964431976716694,0.203001614,0.7233589963308841,0.5424680855280046,lane_focus,T2_SPANNER
1006,ST024__ST041,24,ST024,목감고등학교,41,ST041,연꽃테마파크,6620.0,6.62,2.1088538684731546,0.256634362,0.232869828,0.08230653,0.0,PRELIMINARY_POINT_BUFFER_PROXY,2.729827706,PRELIMINARY_90M,0.5379381620876755,0.6742676902779633,0.256634362,0.4161236945605538,0.5456351860405998,lane_focus,T2_SPANNER
1090,ST027__ST038,27,ST027,은행동행정복지센터,38,ST038,능곡도서관,9684.0,9.684,2.293970249991462,0.200426735,0.193325854,0.009529214,0.0,PRELIMINARY_POINT_BUFFER_PROXY,2.05557101,PRELIMINARY_90M,0.8018258547928688,0.6198886704325688,0.200426735,0.3042542486494838,0.5460116537222808,lane_focus,T2_SPANNER
405,ST009__ST010,9,ST009,능곡중앙공원,10,ST010,은계호수공원,9691.0,9.691,2.29332305979191,0.207927752,0.175648579,0.058300051,0.0,PRELIMINARY_POINT_BUFFER_PROXY,2.020392326,PRELIMINARY_90M,0.8024287313754198,0.620078786339203,0.207927752,0.2984175696660828,0.5464769376945978,lane_focus,T2_SPANNER
620,ST013__ST051,13,ST013,삼미시장,51,ST051,연성중학교,8908.0,8.908,2.334947961738539,0.292595472,0.282558318,0.019371397,0.0,PRELIMINARY_POINT_BUFFER_PROXY,2.385267848,PRELIMINARY_90M,0.7349926793557833,0.6078512279218812,0.292595472,0.3589559710120479,0.5486568662839045,lane_focus,T2_SPANNER
1091,ST027__ST039,27,ST027,은행동행정복지센터,39,ST039,능곡힐스테이트,9782.0,9.782,2.2910655255291217,0.206424511,0.178033437,0.028391073,0.0,PRELIMINARY_POINT_BUFFER_PROXY,2.051455528,PRELIMINARY_90M,0.8102661269485832,0.6207419502335647,0.206424511,0.30357142756112343,0.5489235912906676,lane_focus,T2_SPANNER
552,ST012__ST025,12,ST012,신천역,25,ST025,목감동행정복지센터,11469.0,11.469,2.672810002289368,0.268256823,0.266386985,0.052381024,0.0,PRELIMINARY_POINT_BUFFER_PROXY,2.854554512,PRELIMINARY_90M,0.9555593833433813,0.5086022773026624,0.268256823,0.4368177696216601,0.5511742042132565,lane_focus,T2_SPANNER
701,ST015__ST051,15,ST015,목감택지개발예정지구,51,ST051,연성중학교,5797.0,5.797,2.122512321905777,0.32243609,0.32243609,0.068467983,0.0,PRELIMINARY_POINT_BUFFER_PROXY,3.264344745,PRELIMINARY_90M,0.4670571010248902,0.6702554396917204,0.32243609,0.504808204981724,0.5526257842980968,lane_focus,T2_SPANNER
470,ST010__ST030,10,ST010,은계호수공원,30,ST030,장곡도서관,9934.0,9.934,2.2601702712098652,0.221216871,0.221216871,0.0,0.0,PRELIMINARY_POINT_BUFFER_PROXY,1.8544822,PRELIMINARY_90M,0.8233571613125484,0.6298176119009747,0.221216871,0.27089055513769345,0.5533963521336511,lane_focus,T2_SPANNER
1104,ST027__ST052,27,ST027,은행동행정복지센터,52,ST052,가온그린공원,9726.0,9.726,2.239733791325707,0.236285294,0.236285294,0.0,0.0,PRELIMINARY_POINT_BUFFER_PROXY,1.899569739,PRELIMINARY_90M,0.805443114288175,0.6358209474030829,0.236285294,0.2783712639468852,0.5561975802512092,lane_focus,T2_SPANNER
359,ST008__ST010,8,ST008,시흥능곡역,10,ST010,은계호수공원,9519.0,9.519,2.1680281636531937,0.115583801,0.115583801,0.0,0.0,PRELIMINARY_POINT_BUFFER_PROXY,2.47456009,PRELIMINARY_90M,0.7876151924898803,0.6568848949492077,0.115583801,0.3737709127040726,0.5593686930281908,lane_focus,T2_SPANNER
691,ST015__ST041,15,ST015,목감택지개발예정지구,41,ST041,연꽃테마파크,6996.0,6.996,2.103008519775055,0.288308607,0.265820206,0.077886748,0.0,PRELIMINARY_POINT_BUFFER_PROXY,2.821094596,PRELIMINARY_90M,0.5703212470932736,0.67598479564838,0.288308607,0.43126626040364713,0.5599928773533918,lane_focus,T2_SPANNER
1351,ST039__ST041,39,ST039,능곡힐스테이트,41,ST041,연꽃테마파크,4913.0,4.913,2.0,0.442113845,0.402911695,0.223066191,0.0,PRELIMINARY_POINT_BUFFER_PROXY,2.879339632,PRELIMINARY_90M,0.39092240117130306,0.7062441508450915,0.442113845,0.44092999818043943,0.5637631321338723,lane_focus,T2_SPANNER
436,ST009__ST041,9,ST009,능곡중앙공원,41,ST041,연꽃테마파크,4947.0,4.947,2.0,0.445959962,0.414150317,0.228422442,0.0,PRELIMINARY_POINT_BUFFER_PROXY,2.886617052,PRELIMINARY_90M,0.3938506588579795,0.7062441508450915,0.445959962,0.44213743289765006,0.5651068164287891,lane_focus,T2_SPANNER
688,ST015__ST038,15,ST015,목감택지개발예정지구,38,ST038,능곡도서관,7216.0,7.216,2.1624082596758836,0.186713321,0.17718156,0.012791398,0.0,PRELIMINARY_POINT_BUFFER_PROXY,3.897964235,PRELIMINARY_90M,0.5892687968305916,0.6585357746142315,0.186713321,0.6099353200482308,0.5666189428304687,lane_focus,T2_SPANNER
312,ST007__ST010,7,ST007,장현지구,10,ST010,은계호수공원,9295.0,9.295,2.133532995691515,0.240178212,0.240178212,0.0,0.0,PRELIMINARY_POINT_BUFFER_PROXY,2.044052907,PRELIMINARY_90M,0.7683231418482473,0.6670180523055318,0.240178212,0.3023432200928514,0.568551869336343,lane_focus,T2_SPANNER
1082,ST027__ST030,27,ST027,은행동행정복지센터,30,ST030,장곡도서관,10246.0,10.246,2.2275739708934226,0.250512017,0.250512017,0.0,0.0,PRELIMINARY_POINT_BUFFER_PROXY,1.889500259,PRELIMINARY_90M,0.8502282318491086,0.6393929657797397,0.250512017,0.2767005839893923,0.5688240194081005,lane_focus,T2_SPANNER
281,ST006__ST027,6,ST006,시흥시청 본청,27,ST027,은행동행정복지센터,8014.0,8.014,2.0956042363908334,0.253163149,0.195302402,0.057860748,0.0,PRELIMINARY_POINT_BUFFER_PROXY,2.678365565,PRELIMINARY_90M,0.657996727241409,0.6781598472012957,0.253163149,0.4075853422783729,0.5697915427406856,lane_focus,T2_SPANNER
761,ST017__ST034,17,ST017,장곡동,34,ST034,군자디지털과학고등학교,4796.0,4.796,1.9023778836005452,0.255435013,0.255435013,0.0,0.0,PRELIMINARY_POINT_BUFFER_PROXY,3.815283297,PRELIMINARY_90M,0.380845749720093,0.7349212185443127,0.255435013,0.5962172942928478,0.5713776053101022,lane_focus,T2_SPANNER
1108,ST028__ST029,28,ST028,매화산업단지,29,ST029,관곡공원,5556.0,5.556,1.6000991552975863,0.203318057,0.203318057,0.0,0.0,PRELIMINARY_POINT_BUFFER_PROXY,1.965812089,PRELIMINARY_90M,0.446300921539919,0.8237173630584143,0.203318057,0.2893618778099875,0.575020856058689,lane_focus,T2_SPANNER
1025,ST025__ST030,25,ST025,목감동행정복지센터,30,ST030,장곡도서관,7865.0,7.865,2.142262429308918,0.174574372,0.170299885,0.03137545,0.0,PRELIMINARY_POINT_BUFFER_PROXY,3.847306972,PRELIMINARY_90M,0.64516406855568,0.6644537301206102,0.174574372,0.6015305092739359,0.5776754109625315,lane_focus,T2_SPANNER
1003,ST024__ST038,24,ST024,목감고등학교,38,ST038,능곡도서관,7850.0,7.85,2.146106578757132,0.134809985,0.126052119,0.011752849,0.0,PRELIMINARY_POINT_BUFFER_PROXY,4.175710595,PRELIMINARY_90M,0.6438721901644991,0.6633244887351717,0.134809985,0.6560176675893765,0.5790608302888921,lane_focus,T2_SPANNER
792,ST018__ST028,18,ST018,정왕역,28,ST028,매화산업단지,11947.0,11.947,2.461849334359547,0.135715444,0.135715444,0.0,0.0,PRELIMINARY_POINT_BUFFER_PROXY,3.213272967,PRELIMINARY_90M,0.9967272414090087,0.5705732074486736,0.135715444,0.4963346198613277,0.5794395615853377,lane_focus,T2_SPANNER
353,ST007__ST051,7,ST007,장현지구,51,ST051,연성중학교,3360.0,3.36,1.9288666578782163,0.553656435,0.527051485,0.051346729,0.0,PRELIMINARY_POINT_BUFFER_PROXY,3.519092434,PRELIMINARY_90M,0.2571699250710533,0.7271399861633028,0.553656435,0.5470747230372682,0.5801136518014522,lane_focus,T2_SPANNER
422,ST009__ST027,9,ST009,능곡중앙공원,27,ST027,은행동행정복지센터,9105.0,9.105,2.1150789574271274,0.294373865,0.20908945,0.112981425,0.0,PRELIMINARY_POINT_BUFFER_PROXY,2.406833091,PRELIMINARY_90M,0.7519593488932909,0.6724390339862242,0.294373865,0.3625339729802295,0.5851475624688047,lane_focus,T2_SPANNER
390,ST008__ST041,8,ST008,시흥능곡역,41,ST041,연꽃테마파크,5243.0,5.243,1.856989325542413,0.211669005,0.159007329,0.105780532,0.0,PRELIMINARY_POINT_BUFFER_PROXY,4.097986625,PRELIMINARY_90M,0.4193437257772802,0.7482543729585962,0.211669005,0.6431220782544971,0.5862145941229288,lane_focus,T2_SPANNER
456,ST010__ST016,10,ST010,은계호수공원,16,ST016,물왕호수,10580.0,10.58,2.2218545891823154,0.101231567,0.101231567,0.0,0.0,PRELIMINARY_POINT_BUFFER_PROXY,3.247297419,PRELIMINARY_90M,0.8789940573594006,0.6410730676109271,0.101231567,0.501979794192185,0.5868170494561714,lane_focus,T2_SPANNER
754,ST017__ST027,17,ST017,장곡동,27,ST027,은행동행정복지센터,8041.0,8.041,2.0018165708542117,0.367749391,0.310051367,0.057698024,0.0,PRELIMINARY_POINT_BUFFER_PROXY,2.105160326,PRELIMINARY_90M,0.6603221083455344,0.7057105225312625,0.367749391,0.31248187076571854,0.586954372199596,lane_focus,T2_SPANNER
1065,ST026__ST041,26,ST026,은계파크자이,41,ST041,연꽃테마파크,9366.0,9.366,2.0139460598089474,0.222913602,0.193421536,0.059240165,0.0,PRELIMINARY_POINT_BUFFER_PROXY,2.43890326,PRELIMINARY_90M,0.7744380328998364,0.7021474142035491,0.222913602,0.3678549020234086,0.594576589285253,lane_focus,T2_SPANNER
995,ST024__ST030,24,ST024,목감고등학교,30,ST030,장곡도서관,8431.0,8.431,2.07834127497437,0.199652452,0.199652452,0.0,0.0,PRELIMINARY_POINT_BUFFER_PROXY,3.812964679,PRELIMINARY_90M,0.6939109465162346,0.6832309430911173,0.199652452,0.5958326002846485,0.5997204186915028,lane_focus,T2_SPANNER
376,ST008__ST027,8,ST008,시흥능곡역,27,ST027,은행동행정복지센터,8933.0,8.933,1.9781235549054759,0.197632505,0.145725353,0.051907151,0.0,PRELIMINARY_POINT_BUFFER_PROXY,2.905223139,PRELIMINARY_90M,0.7371458100077513,0.7126704845503242,0.197632505,0.445224465856479,0.6001929499051842,lane_focus,T2_SPANNER
585,ST013__ST016,13,ST013,삼미시장,16,ST016,물왕호수,11877.0,11.877,2.3055951065304647,0.158172509,0.158172509,0.0,0.0,PRELIMINARY_POINT_BUFFER_PROXY,3.169724636,PRELIMINARY_90M,0.9906984755834984,0.6164738008286501,0.158172509,0.48910928908119133,0.6034688652432034,lane_focus,T2_SPANNER
329,ST007__ST027,7,ST007,장현지구,27,ST027,은행동행정복지센터,8709.0,8.709,1.9363877077820781,0.332743591,0.279492401,0.05325119,0.0,PRELIMINARY_POINT_BUFFER_PROXY,2.447643985,PRELIMINARY_90M,0.7178537593661183,0.7249306337622574,0.332743591,0.36930512130697213,0.6113433756003982,lane_focus,T2_SPANNER
680,ST015__ST030,15,ST015,목감택지개발예정지구,30,ST030,장곡도서관,8807.0,8.807,2.0749987409926467,0.227250281,0.227250281,0.0,0.0,PRELIMINARY_POINT_BUFFER_PROXY,3.848886438,PRELIMINARY_90M,0.7262940315218327,0.6842128319992475,0.227250281,0.6017925667177901,0.6117216494616589,lane_focus,T2_SPANNER
67,ST002__ST015,2,ST002,월곶포구,15,ST015,목감택지개발예정지구,11305.0,11.305,2.1069502302882155,0.145481854,0.145481854,0.0,0.0,PRELIMINARY_POINT_BUFFER_PROXY,2.989500623,PRELIMINARY_90M,0.9414348462664714,0.6748268951294638,0.145481854,0.45920738288761975,0.6164038023511691,lane_focus,T2_SPANNER
1474,ST050__ST054,50,ST050,시흥한라3차아파트,54,ST054,시흥 프리미엄 아울렛,4969.0,4.969,4.404187534909858,0.286229319,0.286229319,0.0,0.0,PRELIMINARY_POINT_BUFFER_PROXY,1.464039357,PRELIMINARY_90M,0.3957454138317113,0.0,0.286229319,0.20611014618443493,0.15300000254400747,lane_focus,DEGREE_LIMIT_3
1444,ST046__ST050,46,ST046,배곧1동행정복지센터,50,ST050,시흥한라3차아파트,2363.0,2.363,4.178737580648687,0.479447383,0.479447383,0.0,0.0,PRELIMINARY_POINT_BUFFER_PROXY,1.190735572,PRELIMINARY_90M,0.17130307467057102,0.06622724275592551,0.479447383,0.16076488943766587,0.16340607717772684,lane_focus,DEGREE_LIMIT_3
209,ST004__ST054,4,ST004,배곧중심상가,54,ST054,시흥 프리미엄 아울렛,3518.0,3.518,3.9115620934849367,0.174673018,0.174673018,0.0,0.0,PRELIMINARY_POINT_BUFFER_PROXY,1.470188615,PRELIMINARY_90M,0.2707777107914908,0.14471160486108936,0.174673018,0.2071304016588043,0.1837818575376635,lane_focus,DEGREE_LIMIT_3
202,ST004__ST047,4,ST004,배곧중심상가,47,ST047,배곧2동행정복지센터,2617.0,2.617,4.125555851408769,0.591916562,0.591916562,0.0,0.0,PRELIMINARY_POINT_BUFFER_PROXY,1.078170272,PRELIMINARY_90M,0.1931788820945655,0.08184968678832416,0.591916562,0.14208859328144147,0.1896613931052914,lane_focus,DEGREE_LIMIT_3
175,ST004__ST020,4,ST004,배곧중심상가,20,ST020,시화공업단지[왼쪽부근],5086.0,5.086,4.0907536789867915,0.503240937,0.503240937,0.0,0.0,PRELIMINARY_POINT_BUFFER_PROXY,0.713569367,PRELIMINARY_90M,0.40582206528292136,0.09207302850057764,0.503240937,0.08159575507457452,0.2149264311180593,lane_focus,DEGREE_LIMIT_3
1222,ST032__ST045,32,ST032,희망공원,45,ST045,시흥중앙도서관,3542.0,3.542,3.695161173181692,0.239589717,0.239589717,0.0,0.0,PRELIMINARY_POINT_BUFFER_PROXY,1.100349444,PRELIMINARY_90M,0.27284471621738005,0.20828064096267274,0.239589717,0.1457684554127718,0.21651298958672813,lane_focus,DEGREE_LIMIT_3
1439,ST045__ST054,45,ST045,시흥중앙도서관,54,ST054,시흥 프리미엄 아울렛,6917.0,6.917,4.195062440228731,0.369304599,0.369304599,0.0,0.0,PRELIMINARY_POINT_BUFFER_PROXY,1.195975935,PRELIMINARY_90M,0.5635173542330548,0.06143171976765516,0.369304599,0.1616343454010411,0.2230601723905947,lane_focus,DEGREE_LIMIT_3
149,ST003__ST045,3,ST003,배곧한울공원,45,ST045,시흥중앙도서관,4063.0,4.063,3.6462280998642367,0.303337094,0.303337094,0.0,0.0,PRELIMINARY_POINT_BUFFER_PROXY,0.708093583,PRELIMINARY_90M,0.31771595900439237,0.22265501746680116,0.303337094,0.08068723918493967,0.23247435051202,lane_focus,DEGREE_LIMIT_3
147,ST003__ST043,3,ST003,배곧한울공원,43,ST043,시흥종합버스터미널,4739.0,4.739,3.5517107534895764,0.285116743,0.285116743,0.0,0.0,PRELIMINARY_POINT_BUFFER_PROXY,0.649359863,PRELIMINARY_90M,0.37593661183360605,0.25042004081095814,0.285116743,0.07094242129632959,0.2538062174166497,lane_focus,DEGREE_LIMIT_3
248,ST005__ST043,5,ST005,배곧중·고등학교,43,ST043,시흥종합버스터미널,5498.0,5.498,3.837015357175228,0.516546058,0.516546058,0.0,0.0,PRELIMINARY_POINT_BUFFER_PROXY,0.754435463,PRELIMINARY_90M,0.44130565842735336,0.16661014468747493,0.516546058,0.0883760622531162,0.2623045220671756,lane_focus,DEGREE_LIMIT_3
63,ST002__ST011,2,ST002,월곶포구,11,ST011,배곧생명공원,3928.0,3.928,3.437997456052192,0.304495296,0.304495296,0.0,0.0,PRELIMINARY_POINT_BUFFER_PROXY,1.160746133,PRELIMINARY_90M,0.3060890534837654,0.28382398705988165,0.304495296,0.1557891851635865,0.2721724764012319,lane_focus,DEGREE_LIMIT_3
127,ST003__ST023,3,ST003,배곧한울공원,23,ST023,오이도역,4569.0,4.569,3.362496455886152,0.25196631,0.25196631,0.0,0.0,PRELIMINARY_POINT_BUFFER_PROXY,0.707990957,PRELIMINARY_90M,0.3612953234002239,0.3060028474757016,0.25196631,0.08067021196989801,0.2751559667133803,lane_focus,DEGREE_LIMIT_3
95,ST002__ST043,2,ST002,월곶포구,43,ST043,시흥종합버스터미널,7296.0,7.296,3.895549908774106,0.451755892,0.451755892,0.0,0.0,PRELIMINARY_POINT_BUFFER_PROXY,0.940832226,PRELIMINARY_90M,0.5961588149168892,0.14941527777764463,0.451755892,0.11930212160133073,0.2795981039123998,lane_focus,DEGREE_LIMIT_3
952,ST022__ST050,22,ST022,오이도박물관,50,ST050,시흥한라3차아파트,4574.0,4.574,3.4123151124351194,0.205257775,0.205257775,0.0,0.0,PRELIMINARY_POINT_BUFFER_PROXY,1.596050461,PRELIMINARY_90M,0.36172594953061754,0.291368325717403,0.205257775,0.22801279712761313,0.283019938583967,lane_focus,DEGREE_LIMIT_3
10,ST001__ST011,1,ST001,월곶역,11,ST011,배곧생명공원,5473.0,5.473,3.399135690853287,0.159476951,0.159476951,0.0,0.0,PRELIMINARY_POINT_BUFFER_PROXY,1.230120641,PRELIMINARY_90M,0.43915252777538544,0.29523985789554474,0.159476951,0.16729947170038212,0.2844668979079068,lane_focus,DEGREE_LIMIT_3
784,ST018__ST020,18,ST018,정왕역,20,ST020,시화공업단지[왼쪽부근],1949.0,1.949,3.244027725944256,0.540858498,0.540858498,0.0,0.0,PRELIMINARY_POINT_BUFFER_PROXY,0.564911031,PRELIMINARY_90M,0.13564723107398158,0.34080372983808693,0.540858498,0.05693107502461671,0.28719974708753226,lane_focus,DEGREE_LIMIT_3
1225,ST032__ST048,32,ST032,희망공원,48,ST048,정왕평생학습관 사거리,4339.0,4.339,3.4681877374468693,0.435644018,0.435644018,0.0,0.0,PRELIMINARY_POINT_BUFFER_PROXY,0.974972519,PRELIMINARY_90M,0.34148652140211866,0.2749554153125626,0.435644018,0.12496651571681991,0.28986659199422804,lane_focus,DEGREE_LIMIT_3
1226,ST032__ST049,32,ST032,희망공원,49,ST049,거북섬 웨이브파크 정문,4499.0,4.499,3.070219818149316,0.042639664,0.042639664,0.0,0.0,PRELIMINARY_POINT_BUFFER_PROXY,0.994963213,PRELIMINARY_90M,0.35526655757471365,0.3918608193822274,0.042639664,0.12828327604626832,0.29262216221299664,lane_focus,DEGREE_LIMIT_3
1421,ST044__ST046,44,ST044,경기과학기술대학교,46,ST046,배곧1동행정복지센터,6072.0,6.072,3.6617220145761413,0.526775367,0.526775367,0.0,0.0,PRELIMINARY_POINT_BUFFER_PROXY,0.891299477,PRELIMINARY_90M,0.49074153819653776,0.21810358939387187,0.526775367,0.111083884811166,0.3028789901079184,lane_focus,DEGREE_LIMIT_3
1245,ST033__ST046,33,ST033,타원산업단지,46,ST046,배곧1동행정복지센터,8326.0,8.326,3.7254156810420254,0.412918588,0.412918588,0.0,0.0,PRELIMINARY_POINT_BUFFER_PROXY,0.706944131,PRELIMINARY_90M,0.6848677977779691,0.1993932023153966,0.412918588,0.08049652760713226,0.31068242805436197,lane_focus,DEGREE_LIMIT_3
820,ST019__ST020,19,ST019,시화병원,20,ST020,시화공업단지[왼쪽부근],1979.0,1.979,2.8736363843131483,0.422822321,0.422822321,0.0,0.0,PRELIMINARY_POINT_BUFFER_PROXY,0.548112375,PRELIMINARY_90M,0.13823098785634313,0.4496083529185587,0.422822321,0.054143922372044954,0.3239953105363547,lane_focus,DEGREE_LIMIT_3
1325,ST037__ST048,37,ST037,군자동행정복지센터,48,ST048,정왕평생학습관 사거리,6192.0,6.192,3.3922692548148268,0.37843312,0.37843312,0.0,0.0,PRELIMINARY_POINT_BUFFER_PROXY,1.209430181,PRELIMINARY_90M,0.501076565325984,0.2972569136446904,0.37843312,0.1638666095433185,0.3301887293190398,lane_focus,DEGREE_LIMIT_3
892,ST021__ST023,21,ST021,오이도 포구 해양관광 단지,23,ST023,오이도역,5955.0,5.955,3.15826320833615,0.311273482,0.30019066,0.045338256,0.0,PRELIMINARY_POINT_BUFFER_PROXY,0.862008045,PRELIMINARY_90M,0.4806648867453277,0.36599755853541716,0.311273482,0.10622399051983547,0.34175637749474946,lane_focus,DEGREE_LIMIT_3
385,ST008__ST036,8,ST008,시흥능곡역,36,ST036,시흥시립군자도서관,4468.0,4.468,3.322939983305055,0.221339234,0.221339234,0.0,0.0,PRELIMINARY_POINT_BUFFER_PROXY,3.518784026,PRELIMINARY_90M,0.3525966755662734,0.3176227926683346,0.221339234,0.5470235534570783,0.34458514956598374,lane_focus,DEGREE_LIMIT_3
1145,ST029__ST040,29,ST029,관곡공원,40,ST040,갯골생태공원,3173.0,3.173,2.6002442194967386,0.0,0.0,0.0,0.0,PRELIMINARY_POINT_BUFFER_PROXY,1.529257702,PRELIMINARY_90M,0.24106450779433297,0.5299189004465018,0.0,0.2169308620359346,0.34571198108750767,lane_focus,DEGREE_LIMIT_3
989,ST023__ST055,23,ST023,오이도역,55,ST055,해양생태과학관,8227.0,8.227,3.3796219383463817,0.216054457,0.216054457,0.0,0.0,PRELIMINARY_POINT_BUFFER_PROXY,1.566590717,PRELIMINARY_90M,0.6763414003961761,0.3009721368334094,0.216054457,0.22312497731430872,0.3516312636430863,lane_focus,DEGREE_LIMIT_3
431,ST009__ST036,9,ST009,능곡중앙공원,36,ST036,시흥시립군자도서관,4477.0,4.477,3.3255331202319405,0.336615531,0.336615531,0.073519269,0.0,PRELIMINARY_POINT_BUFFER_PROXY,3.161998942,PRELIMINARY_90M,0.35337180260098183,0.3168610435284025,0.336615531,0.4878274788860746,0.3527713337673088,lane_focus,DEGREE_LIMIT_3
1147,ST029__ST042,29,ST029,관곡공원,42,ST042,시흥시청역,2654.0,2.654,2.6841941622399865,0.0,0.0,0.0,0.0,PRELIMINARY_POINT_BUFFER_PROXY,2.927478894,PRELIMINARY_90M,0.19636551545947808,0.5052581137294531,0.0,0.44891703427285934,0.35923971509755104,lane_focus,DEGREE_LIMIT_3
1462,ST048__ST053,48,ST048,정왕평생학습관 사거리,53,ST053,오이도 빨강등대,7759.0,7.759,3.3484815650864204,0.311112041,0.249179746,0.061932295,0.0,PRELIMINARY_POINT_BUFFER_PROXY,1.877210963,PRELIMINARY_90M,0.6360347945913358,0.3101198036233901,0.311112041,0.27466160277895263,0.37013290729680515,lane_focus,DEGREE_LIMIT_3
1284,ST035__ST044,35,ST035,산들공원,44,ST044,경기과학기술대학교,6030.0,6.03,2.956928367155461,0.339457259,0.339457259,0.0,0.0,PRELIMINARY_POINT_BUFFER_PROXY,0.834605206,PRELIMINARY_90M,0.4871242787012316,0.42514084577091904,0.339457259,0.10167744254558998,0.37616548385754434,lane_focus,DEGREE_LIMIT_3
466,ST010__ST026,10,ST010,은계호수공원,26,ST026,은계파크자이,1220.0,1.22,2.405341600576404,0.254629654,0.254629654,0.0,0.0,PRELIMINARY_POINT_BUFFER_PROXY,1.537591702,PRELIMINARY_90M,0.07286194126259582,0.5871726847699602,0.254629654,0.21831359945293588,0.37910021865543964,lane_focus,DEGREE_LIMIT_3
454,ST010__ST014,10,ST010,은계호수공원,14,ST014,시흥대야역,1525.0,1.525,2.792670740390496,0.667821134,0.57752438,0.090296754,0.0,PRELIMINARY_POINT_BUFFER_PROXY,1.2539899,PRELIMINARY_90M,0.09913013521660495,0.47339248440143145,0.667821134,0.1712597449827669,0.3823844010914517,lane_focus,DEGREE_LIMIT_3
1315,ST037__ST038,37,ST037,군자동행정복지센터,38,ST038,능곡도서관,4967.0,4.967,3.1386691135702853,0.330414356,0.316572403,0.018575574,0.0,PRELIMINARY_POINT_BUFFER_PROXY,3.271661112,PRELIMINARY_90M,0.3955731633795539,0.37175343848178544,0.330414356,0.5060221015988842,0.3904568205566361,lane_focus,DEGREE_LIMIT_3
386,ST008__ST037,8,ST008,시흥능곡역,37,ST037,군자동행정복지센터,4944.0,4.944,3.099278481155629,0.296311656,0.296311656,0.0,0.0,PRELIMINARY_POINT_BUFFER_PROXY,3.296729813,PRELIMINARY_90M,0.3935922831797434,0.3833246671555016,0.296311656,0.5101813805607653,0.3913547456978143,lane_focus,DEGREE_LIMIT_3
452,ST010__ST012,10,ST010,은계호수공원,12,ST012,신천역,2361.0,2.361,2.79221465563128,0.473443851,0.473443851,0.0,0.0,PRELIMINARY_POINT_BUFFER_PROXY,2.295026039,PRELIMINARY_90M,0.17113082421841358,0.4735264619671615,0.473443851,0.34398348170533055,0.3936034957330631,lane_focus,DEGREE_LIMIT_3
933,ST022__ST031,22,ST022,오이도박물관,31,ST031,마전저수지,9249.0,9.249,3.3683490129246234,0.162077697,0.162077697,0.0,0.0,PRELIMINARY_POINT_BUFFER_PROXY,2.998768021,PRELIMINARY_90M,0.7643613814486263,0.30428362461313796,0.162077697,0.460744985236173,0.3984374909317202,lane_focus,DEGREE_LIMIT_3
245,ST005__ST040,5,ST005,배곧중·고등학교,40,ST040,갯골생태공원,7834.0,7.834,2.945528375281883,0.215888323,0.215888323,0.0,0.0,PRELIMINARY_POINT_BUFFER_PROXY,1.459394358,PRELIMINARY_90M,0.6424941865472397,0.42848966006410105,0.215888323,0.2053394701682082,0.4059278363167297,lane_focus,DEGREE_LIMIT_3
12,ST001__ST013,1,ST001,월곶역,13,ST013,삼미시장,9482.0,9.482,3.1837495936503077,0.119793102,0.106281611,0.059662208,0.0,PRELIMINARY_POINT_BUFFER_PROXY,2.374327025,PRELIMINARY_90M,0.7844285591249677,0.35851078377556755,0.119793102,0.357140721991783,0.40768117731154474,lane_focus,DEGREE_LIMIT_3
1264,ST034__ST044,34,ST034,군자디지털과학고등학교,44,ST044,경기과학기술대학교,6466.0,6.466,2.854871731872146,0.383886554,0.383886554,0.0,0.0,PRELIMINARY_POINT_BUFFER_PROXY,0.931735075,PRELIMINARY_90M,0.5246748772715528,0.455120579330462,0.383886554,0.1177927658206959,0.40774716309264597,lane_focus,DEGREE_LIMIT_3
1381,ST041__ST042,41,ST041,연꽃테마파크,42,ST042,시흥시청역,3357.0,3.357,2.4375560527901543,0.0,0.0,0.0,0.0,PRELIMINARY_POINT_BUFFER_PROXY,2.986825232,PRELIMINARY_90M,0.25691154939281713,0.5777095010048499,0.0,0.458763494809769,0.40905158460245367,lane_focus,DEGREE_LIMIT_3
595,ST013__ST026,13,ST013,삼미시장,26,ST026,은계파크자이,1938.0,1.938,2.6326125397405407,0.511569918,0.511569918,0.0,0.0,PRELIMINARY_POINT_BUFFER_PROXY,2.070334106,PRELIMINARY_90M,0.13469985358711567,0.5204105170475657,0.511569918,0.3067036709232997,0.4098862675797009,lane_focus,DEGREE_LIMIT_3
290,ST006__ST036,6,ST006,시흥시청 본청,36,ST036,시흥시립군자도서관,6369.0,6.369,3.006830634630671,0.244304171,0.244304171,0.0,0.0,PRELIMINARY_POINT_BUFFER_PROXY,3.089108296,PRELIMINARY_90M,0.5163207303419172,0.4104817628139833,0.244304171,0.4757338115506301,0.41651072485796964,lane_focus,DEGREE_LIMIT_3
596,ST013__ST027,13,ST013,삼미시장,27,ST027,은행동행정복지센터,1561.0,1.561,2.6154869323133116,0.514819805,0.514819805,0.0,0.0,PRELIMINARY_POINT_BUFFER_PROXY,2.62974837,PRELIMINARY_90M,0.10223064335543881,0.525441264399645,0.514819805,0.3995190098286312,0.42031758309520495,lane_focus,DEGREE_LIMIT_3
222,ST005__ST017,5,ST005,배곧중·고등학교,17,ST017,장곡동,7558.0,7.558,2.9182323798804926,0.280728112,0.280728112,0.0,0.0,PRELIMINARY_POINT_BUFFER_PROXY,1.776110559,PRELIMINARY_90M,0.6187236241495134,0.4365080183717649,0.280728112,0.25788750732841914,0.422791076915048,lane_focus,DEGREE_LIMIT_3
1144,ST029__ST039,29,ST029,관곡공원,39,ST039,능곡힐스테이트,4321.0,4.321,2.5005444574442675,0.134141311,0.069883904,0.064257407,0.0,PRELIMINARY_POINT_BUFFER_PROXY,2.555414981,PRELIMINARY_90M,0.33993626733270177,0.5592062887087678,0.134141311,0.3871859694755221,0.42578948989225257,lane_focus,DEGREE_LIMIT_3
1023,ST025__ST028,25,ST025,목감동행정복지센터,28,ST028,매화산업단지,6878.0,6.878,2.8903708674922335,0.271201217,0.266520768,0.103849183,0.0,PRELIMINARY_POINT_BUFFER_PROXY,3.071832764,PRELIMINARY_90M,0.5601584704159849,0.44469250060211796,0.271201217,0.4728675379131207,0.44598825762122407,lane_focus,DEGREE_LIMIT_3
1205,ST031__ST051,31,ST031,마전저수지,51,ST051,연성중학교,6100.0,6.1,2.6203589074087144,0.119255883,0.104609688,0.028266702,0.0,PRELIMINARY_POINT_BUFFER_PROXY,2.974419427,PRELIMINARY_90M,0.49315304452674186,0.5240100932184334,0.119255883,0.4567051829833325,0.44702981541206493,lane_focus,DEGREE_LIMIT_3
1391,ST041__ST052,41,ST041,연꽃테마파크,52,ST052,가온그린공원,4968.0,4.968,2.2619391797382047,0.172697542,0.172697542,0.0,0.0,PRELIMINARY_POINT_BUFFER_PROXY,2.343340408,PRELIMINARY_90M,0.3956592886056326,0.629297984674155,0.172697542,0.35199957071362264,0.4724854169652474,lane_focus,DEGREE_LIMIT_3
714,ST016__ST025,16,ST016,물왕호수,25,ST025,목감동행정복지센터,3005.0,3.005,2.1381214943015445,0.193383798,0.119943446,0.161932073,0.0,PRELIMINARY_POINT_BUFFER_PROXY,2.924827881,PRELIMINARY_90M,0.22659546981310827,0.6656701539999965,0.193383798,0.4484771908761643,0.4744333192940446,lane_focus,DEGREE_LIMIT_3
555,ST012__ST028,12,ST012,신천역,28,ST028,매화산업단지,4890.0,4.89,2.367307062591222,0.271935607,0.271935607,0.0,0.0,PRELIMINARY_POINT_BUFFER_PROXY,2.585385906,PRELIMINARY_90M,0.38894152097149254,0.598345552773012,0.271935607,0.39215860199527713,0.4765752119300961,lane_focus,DEGREE_LIMIT_3
6,ST001__ST007,1,ST001,월곶역,7,ST007,장현지구,6606.0,6.606,2.2379457054195973,0.124628605,0.124628605,0.0,0.0,PRELIMINARY_POINT_BUFFER_PROXY,1.757575321,PRELIMINARY_90M,0.5367324089225735,0.6363462080967941,0.124628605,0.2548122292967868,0.48243571097742977,lane_focus,DEGREE_LIMIT_3
713,ST016__ST024,16,ST016,물왕호수,24,ST024,목감고등학교,3229.0,3.229,2.105914035609522,0.176923572,0.176923572,0.0,0.0,PRELIMINARY_POINT_BUFFER_PROXY,3.167384816,PRELIMINARY_90M,0.2458875204547412,0.6751312833771932,0.176923572,0.48872107733856496,0.48658984318032955,lane_focus,DEGREE_LIMIT_3
666,ST015__ST016,15,ST015,목감택지개발예정지구,16,ST016,물왕호수,3107.0,3.107,2.1181705540136373,0.281664379,0.281664379,0.0,0.0,PRELIMINARY_POINT_BUFFER_PROXY,3.053159992,PRELIMINARY_90M,0.23538024287313755,0.6715308594057094,0.281664379,0.4697694408980579,0.4955565512621909,lane_focus,DEGREE_LIMIT_3
1177,ST030__ST047,30,ST030,장곡도서관,47,ST047,배곧2동행정복지센터,9466.0,9.466,2.4693194866650576,0.219276538,0.219276538,0.0,0.0,PRELIMINARY_POINT_BUFFER_PROXY,1.855195732,PRELIMINARY_90M,0.7830505555077082,0.5683788065148518,0.219276538,0.27100894095418343,0.514342336202095,lane_focus,DEGREE_LIMIT_3
136,ST003__ST032,3,ST003,배곧한울공원,32,ST032,희망공원,2946.0,2.946,2.474419063810549,0.0,0.0,0.0,0.0,PRELIMINARY_POINT_BUFFER_PROXY,0.664390229,PRELIMINARY_90M,0.22151408147446386,0.5668807759001471,0.0,0.07343618773014575,0.1403503608394367,protection_focus,MST
259,ST005__ST054,5,ST005,배곧중·고등학교,54,ST054,시흥 프리미엄 아울렛,1508.0,1.508,1.711681176130996,0.0,0.0,0.0,0.0,PRELIMINARY_POINT_BUFFER_PROXY,0.623743217,PRELIMINARY_90M,0.09766600637326674,0.7909394917780753,0.0,0.06669222992096648,0.1481779595295096,protection_focus,MST
1145,ST029__ST040,29,ST029,관곡공원,40,ST040,갯골생태공원,3173.0,3.173,2.6002442194967386,0.0,0.0,0.0,0.0,PRELIMINARY_POINT_BUFFER_PROXY,1.529257702,PRELIMINARY_90M,0.24106450779433297,0.5299189004465018,0.0,0.2169308620359346,0.16024036593123203,protection_focus,MST
934,ST022__ST032,22,ST022,오이도박물관,32,ST032,희망공원,2894.0,2.894,2.88457420094931,0.0,0.0,0.0,0.0,PRELIMINARY_POINT_BUFFER_PROXY,2.242877844,PRELIMINARY_90M,0.2170355697183705,0.4463953053047024,0.0,0.3353313026249875,0.16066610513312757,protection_focus,MST
108,ST003__ST004,3,ST003,배곧한울공원,4,ST004,배곧중심상가,4685.0,4.685,2.9330495193194137,0.0,0.0,0.0,0.0,PRELIMINARY_POINT_BUFFER_PROXY,1.18657571,PRELIMINARY_90M,0.37128584962535527,0.432155396993838,0.0,0.16007470503198293,0.16309168522894418,protection_focus,MST
1210,ST032__ST033,32,ST032,희망공원,33,ST033,타원산업단지,2081.0,2.081,1.4965117896209403,0.0,0.0,0.0,0.0,PRELIMINARY_POINT_BUFFER_PROXY,0.481788461,PRELIMINARY_90M,0.14701576091637242,0.8541467576244774,0.0,0.043139775800197705,0.16399613219697579,protection_focus,MST
151,ST003__ST047,3,ST003,배곧한울공원,47,ST047,배곧2동행정복지센터,2142.0,2.142,2.998593533213879,0.082490603,0.082490603,0.0,0.0,PRELIMINARY_POINT_BUFFER_PROXY,1.45164868,PRELIMINARY_90M,0.15226939970717424,0.41290145953524826,0.082490603,0.20405434432339853,0.16424255202023186,protection_focus,MST
1226,ST032__ST049,32,ST032,희망공원,49,ST049,거북섬 웨이브파크 정문,4499.0,4.499,3.070219818149316,0.042639664,0.042639664,0.0,0.0,PRELIMINARY_POINT_BUFFER_PROXY,0.994963213,PRELIMINARY_90M,0.35526655757471365,0.3918608193822274,0.042639664,0.12828327604626832,0.17039475782921712,protection_focus,MST
115,ST003__ST011,3,ST003,배곧한울공원,11,ST011,배곧생명공원,4442.0,4.442,2.929381135965357,0.030002831,0.030002831,0.0,0.0,PRELIMINARY_POINT_BUFFER_PROXY,1.252044916,PRELIMINARY_90M,0.3503574196882267,0.43323300606103465,0.030002831,0.17093704254068998,0.17569840672790402,protection_focus,MST
957,ST022__ST055,22,ST022,오이도박물관,55,ST055,해양생태과학관,1977.0,1.977,2.056726097058233,0.0,0.0,0.0,0.0,PRELIMINARY_POINT_BUFFER_PROXY,2.016046436,PRELIMINARY_90M,0.1380587374041857,0.6895805280345066,0.0,0.29769652038444466,0.17570330474367984,protection_focus,MST
1242,ST033__ST043,33,ST033,타원산업단지,43,ST043,시흥종합버스터미널,2934.0,2.934,2.565523484039041,0.07531911,0.07531911,0.0,0.0,PRELIMINARY_POINT_BUFFER_PROXY,0.889229462,PRELIMINARY_90M,0.22048057876151925,0.5401183195741607,0.07531911,0.11074043782361453,0.1793844843619701,protection_focus,MST
1147,ST029__ST042,29,ST029,관곡공원,42,ST042,시흥시청역,2654.0,2.654,2.6841941622399865,0.0,0.0,0.0,0.0,PRELIMINARY_POINT_BUFFER_PROXY,2.927478894,PRELIMINARY_90M,0.19636551545947808,0.5052581137294531,0.0,0.44891703427285934,0.18239937529224248,protection_focus,MST
209,ST004__ST054,4,ST004,배곧중심상가,54,ST054,시흥 프리미엄 아울렛,3518.0,3.518,3.9115620934849367,0.174673018,0.174673018,0.0,0.0,PRELIMINARY_POINT_BUFFER_PROXY,1.470188615,PRELIMINARY_90M,0.2707777107914908,0.14471160486108936,0.174673018,0.2071304016588043,0.1942683521362822,protection_focus,MST
1243,ST033__ST044,33,ST033,타원산업단지,44,ST044,경기과학기술대학교,1598.0,1.598,1.7010597777371803,0.123630586,0.123630586,0.0,0.0,PRELIMINARY_POINT_BUFFER_PROXY,0.331684145,PRELIMINARY_90M,0.1054172767203514,0.7940595896824632,0.123630586,0.018235185665018444,0.20474296464619252,protection_focus,MST
53,ST001__ST054,1,ST001,월곶역,54,ST054,시흥 프리미엄 아울렛,3069.0,3.069,2.971566575272677,0.131704676,0.131704676,0.0,0.0,PRELIMINARY_POINT_BUFFER_PROXY,1.446878915,PRELIMINARY_90M,0.23210748428214625,0.42084078651533996,0.131704676,0.20326296772922972,0.20588939799311468,protection_focus,MST
1381,ST041__ST042,41,ST041,연꽃테마파크,42,ST042,시흥시청역,3357.0,3.357,2.4375560527901543,0.0,0.0,0.0,0.0,PRELIMINARY_POINT_BUFFER_PROXY,2.986825232,PRELIMINARY_90M,0.25691154939281713,0.5777095010048499,0.0,0.458763494809769,0.20685325925075626,protection_focus,MST
1,ST001__ST002,1,ST001,월곶역,2,ST002,월곶포구,619.0,0.619,1.5532421960245575,0.149164241,0.149164241,0.0,0.0,PRELIMINARY_POINT_BUFFER_PROXY,0.47799073,PRELIMINARY_90M,0.02110068038928602,0.8374818689184798,0.149164241,0.042509674437898,0.21080098808131387,protection_focus,MST
1409,ST043__ST045,43,ST043,시흥종합버스터미널,45,ST045,시흥중앙도서관,671.0,0.671,3.1817228022763167,0.300402098,0.300402098,0.0,0.0,PRELIMINARY_POINT_BUFFER_PROXY,0.425583211,PRELIMINARY_90M,0.025579192145379383,0.35910616559669406,0.300402098,0.03381446955986759,0.21425498270256013,protection_focus,MST
30,ST001__ST031,1,ST001,월곶역,31,ST031,마전저수지,4726.0,4.726,2.1733816526852707,0.0,0.0,0.0,0.0,PRELIMINARY_POINT_BUFFER_PROXY,1.971254241,PRELIMINARY_90M,0.37481698389458273,0.6553122762326484,0.0,0.2902648136390502,0.21679996025967135,protection_focus,MST
867,ST020__ST032,20,ST020,시화공업단지[왼쪽부근],32,ST032,희망공원,3417.0,3.417,2.3443302754970845,0.138210853,0.138210853,0.0,0.0,PRELIMINARY_POINT_BUFFER_PROXY,0.829933024,PRELIMINARY_90M,0.26207906295754024,0.6050951183767019,0.138210853,0.10090225645602437,0.227420845316417,protection_focus,MST
1236,ST033__ST037,33,ST033,타원산업단지,37,ST037,군자동행정복지센터,6377.0,6.377,2.6778195613261624,0.052201447,0.052201447,0.0,0.0,PRELIMINARY_POINT_BUFFER_PROXY,1.167165179,PRELIMINARY_90M,0.5170097321505469,0.5071306900339172,0.052201447,0.15685420257247207,0.2291004038210678,protection_focus,MST
1448,ST046__ST054,46,ST046,배곧1동행정복지센터,54,ST054,시흥 프리미엄 아울렛,1087.0,1.087,2.0,0.198910149,0.198910149,0.0,0.0,PRELIMINARY_POINT_BUFFER_PROXY,0.722410179,PRELIMINARY_90M,0.06140728619412626,0.7062441508450915,0.198910149,0.08306258031444422,0.2301325414127556,protection_focus,MST
1379,ST040__ST054,40,ST040,갯골생태공원,54,ST054,시흥 프리미엄 아울렛,5042.0,5.042,2.505555704817685,0.080180898,0.080180898,0.0,0.0,PRELIMINARY_POINT_BUFFER_PROXY,1.509985427,PRELIMINARY_90M,0.40203255533545773,0.5577342054812642,0.080180898,0.2137332983506408,0.23621708564187727,protection_focus,MST
283,ST006__ST029,6,ST006,시흥시청 본청,29,ST029,관곡공원,3470.0,3.47,2.475229440723157,0.075912866,0.075912866,0.0,0.0,PRELIMINARY_POINT_BUFFER_PROXY,3.041565706,PRELIMINARY_90M,0.2666436999397123,0.5666427229420483,0.075912866,0.4678457724224623,0.24645844729261907,protection_focus,MST
378,ST008__ST029,8,ST008,시흥능곡역,29,ST029,관곡공원,4389.0,4.389,2.156570265400262,0.0,0.0,0.0,0.0,PRELIMINARY_POINT_BUFFER_PROXY,3.417489749,PRELIMINARY_90M,0.3457927827060546,0.6602507195800281,0.0,0.5302172915257137,0.24772875820707219,protection_focus,MST
1252,ST033__ST053,33,ST033,타원산업단지,53,ST053,오이도 빨강등대,6235.0,6.235,2.681993902930899,0.077964192,0.000893161,0.07707103,0.0,PRELIMINARY_POINT_BUFFER_PROXY,1.51111674,PRELIMINARY_90M,0.5047799500473689,0.5059044527711551,0.077964192,0.21392100039233028,0.2479119039839966,protection_focus,MST
797,ST018__ST033,18,ST018,정왕역,33,ST033,타원산업단지,3728.0,3.728,2.6919701197263484,0.201894718,0.201894718,0.0,0.0,PRELIMINARY_POINT_BUFFER_PROXY,0.876118982,PRELIMINARY_90M,0.2888640082680217,0.5029738807350543,0.201894718,0.10856520969176346,0.250451024217627,protection_focus,MST
1234,ST033__ST035,33,ST033,타원산업단지,35,ST035,산들공원,7540.0,7.54,2.4880660387555813,0.057148758,0.057148758,0.0,0.0,PRELIMINARY_POINT_BUFFER_PROXY,0.8813862,PRELIMINARY_90M,0.6171733700800964,0.5628718971867732,0.057148758,0.10943912130828645,0.2528557057902783,protection_focus,MST
952,ST022__ST050,22,ST022,오이도박물관,50,ST050,시흥한라3차아파트,4574.0,4.574,3.4123151124351194,0.205257775,0.205257775,0.0,0.0,PRELIMINARY_POINT_BUFFER_PROXY,1.596050461,PRELIMINARY_90M,0.36172594953061754,0.291368325717403,0.205257775,0.22801279712761313,0.25288124583287597,protection_focus,MST
127,ST003__ST023,3,ST003,배곧한울공원,23,ST023,오이도역,4569.0,4.569,3.362496455886152,0.25196631,0.25196631,0.0,0.0,PRELIMINARY_POINT_BUFFER_PROXY,0.707990957,PRELIMINARY_90M,0.3612953234002239,0.3060028474757016,0.25196631,0.08067021196989801,0.2562431785968847,protection_focus,MST
125,ST003__ST021,3,ST003,배곧한울공원,21,ST021,오이도 포구 해양관광 단지,3868.0,3.868,3.0553772480821526,0.133587529,0.0,0.133587529,0.0,PRELIMINARY_POINT_BUFFER_PROXY,3.056247109,PRELIMINARY_90M,0.3009215399190423,0.39622091115594826,0.133587529,0.47028164058447025,0.25695345524487123,protection_focus,MST
1247,ST033__ST048,33,ST033,타원산업단지,48,ST048,정왕평생학습관 사거리,3608.0,3.608,2.731241808577759,0.220485387,0.220485387,0.0,0.0,PRELIMINARY_POINT_BUFFER_PROXY,0.925063471,PRELIMINARY_90M,0.2785289811385755,0.49143759242876095,0.220485387,0.11668584519647998,0.2571670053715012,protection_focus,MST
833,ST019__ST033,19,ST019,시화병원,33,ST033,타원산업단지,3836.0,3.836,2.7436795030655845,0.224557843,0.224557843,0.0,0.0,PRELIMINARY_POINT_BUFFER_PROXY,0.855941648,PRELIMINARY_90M,0.2981655326845233,0.48778394692296034,0.224557843,0.10521748294624725,0.2608622425172858,protection_focus,MST
466,ST010__ST026,10,ST010,은계호수공원,26,ST026,은계파크자이,1220.0,1.22,2.405341600576404,0.254629654,0.254629654,0.0,0.0,PRELIMINARY_POINT_BUFFER_PROXY,1.537591702,PRELIMINARY_90M,0.07286194126259582,0.5871726847699602,0.254629654,0.21831359945293588,0.26271015788595353,protection_focus,MST
1143,ST029__ST038,29,ST029,관곡공원,38,ST038,능곡도서관,4223.0,4.223,2.511994530716733,0.118739746,0.102463148,0.021842811,0.0,PRELIMINARY_POINT_BUFFER_PROXY,2.578907523,PRELIMINARY_90M,0.33149599517698736,0.5558427627117288,0.118739746,0.39108373967517096,0.26770804739343246,protection_focus,MST
1144,ST029__ST039,29,ST029,관곡공원,39,ST039,능곡힐스테이트,4321.0,4.321,2.5005444574442675,0.134141311,0.069883904,0.064257407,0.0,PRELIMINARY_POINT_BUFFER_PROXY,2.555414981,PRELIMINARY_90M,0.33993626733270177,0.5592062887087678,0.134141311,0.3871859694755221,0.27701674769418383,protection_focus,MST
1233,ST033__ST034,33,ST033,타원산업단지,34,ST034,군자디지털과학고등학교,7893.0,7.893,2.4341605952920373,0.09909245,0.09909245,0.0,0.0,PRELIMINARY_POINT_BUFFER_PROXY,0.916931401,PRELIMINARY_90M,0.647575574885884,0.5787069365054786,0.09909245,0.11533661103921174,0.28316787210888034,protection_focus,MST
468,ST010__ST028,10,ST010,은계호수공원,28,ST028,매화산업단지,3734.0,3.734,2.2597817465071626,0.156648005,0.156648005,0.0,0.0,PRELIMINARY_POINT_BUFFER_PROXY,2.499811713,PRELIMINARY_90M,0.289380759624494,0.6299317433049347,0.156648005,0.3779605412092454,0.28738399710202583,protection_focus,MST
16,ST001__ST017,1,ST001,월곶역,17,ST017,장곡동,5471.0,5.471,2.2032904503529056,0.141154833,0.141154833,0.0,0.0,PRELIMINARY_POINT_BUFFER_PROXY,2.041065843,PRELIMINARY_90M,0.438980277323228,0.64652639197659,0.141154833,0.3018476207216278,0.3006295738693783,protection_focus,MST
718,ST016__ST029,16,ST016,물왕호수,29,ST029,관곡공원,5128.0,5.128,2.2882225092974817,0.0,0.0,0.0,0.0,PRELIMINARY_POINT_BUFFER_PROXY,5.333892509,PRELIMINARY_90M,0.40943932477822753,0.6215771028808512,0.0,0.8481776709709411,0.30235108103341435,protection_focus,MST
6,ST001__ST007,1,ST001,월곶역,7,ST007,장현지구,6606.0,6.606,2.2379457054195973,0.124628605,0.124628605,0.0,0.0,PRELIMINARY_POINT_BUFFER_PROXY,1.757575321,PRELIMINARY_90M,0.5367324089225735,0.6363462080967941,0.124628605,0.2548122292967868,0.30333454989355185,protection_focus,MST
1205,ST031__ST051,31,ST031,마전저수지,51,ST051,연성중학교,6100.0,6.1,2.6203589074087144,0.119255883,0.104609688,0.028266702,0.0,PRELIMINARY_POINT_BUFFER_PROXY,2.974419427,PRELIMINARY_90M,0.49315304452674186,0.5240100932184334,0.119255883,0.4567051829833325,0.30536584183561327,protection_focus,MST
1157,ST029__ST052,29,ST029,관곡공원,52,ST052,가온그린공원,4265.0,4.265,2.386392012061943,0.201240875,0.201240875,0.0,0.0,PRELIMINARY_POINT_BUFFER_PROXY,2.198243349,PRELIMINARY_90M,0.3351132546722935,0.5927392372351619,0.201240875,0.327925760709286,0.3057428381261259,protection_focus,MST
714,ST016__ST025,16,ST016,물왕호수,25,ST025,목감동행정복지센터,3005.0,3.005,2.1381214943015445,0.193383798,0.119943446,0.161932073,0.0,PRELIMINARY_POINT_BUFFER_PROXY,2.924827881,PRELIMINARY_90M,0.22659546981310827,0.6656701539999965,0.193383798,0.4484771908761643,0.30913309469404576,protection_focus,MST
385,ST008__ST036,8,ST008,시흥능곡역,36,ST036,시흥시립군자도서관,4468.0,4.468,3.322939983305055,0.221339234,0.221339234,0.0,0.0,PRELIMINARY_POINT_BUFFER_PROXY,3.518784026,PRELIMINARY_90M,0.3525966755662734,0.3176227926683346,0.221339234,0.5470235534570783,0.3108859040320666,protection_focus,MST
713,ST016__ST024,16,ST016,물왕호수,24,ST024,목감고등학교,3229.0,3.229,2.105914035609522,0.176923572,0.176923572,0.0,0.0,PRELIMINARY_POINT_BUFFER_PROXY,3.167384816,PRELIMINARY_90M,0.2458875204547412,0.6751312833771932,0.176923572,0.48872107733856496,0.312217144198312,protection_focus,MST
480,ST010__ST040,10,ST010,은계호수공원,40,ST040,갯골생태공원,7454.0,7.454,2.3810988212602635,0.143643119,0.143643119,0.0,0.0,PRELIMINARY_POINT_BUFFER_PROXY,1.480173201,PRELIMINARY_90M,0.6097666006373267,0.5942941429938482,0.143643119,0.20878699640988027,0.31423705053802464,protection_focus,MST
424,ST009__ST029,9,ST009,능곡중앙공원,29,ST029,관곡공원,4562.0,4.562,2.4231442712656004,0.204923527,0.178849884,0.12823664,0.0,PRELIMINARY_POINT_BUFFER_PROXY,2.421968536,PRELIMINARY_90M,0.3606924468176729,0.5819430461244302,0.204923527,0.36504517361911415,0.3166484858250662,protection_focus,MST
364,ST008__ST015,8,ST008,시흥능곡역,15,ST015,목감택지개발예정지구,6807.0,6.807,1.8885444736486015,0.0,0.0,0.0,0.0,PRELIMINARY_POINT_BUFFER_PROXY,4.039381199,PRELIMINARY_90M,0.5540435793643959,0.7389848636314539,0.0,0.6333985462927141,0.3166662273615044,protection_focus,MST
12,ST001__ST013,1,ST001,월곶역,13,ST013,삼미시장,9482.0,9.482,3.1837495936503077,0.119793102,0.106281611,0.059662208,0.0,PRELIMINARY_POINT_BUFFER_PROXY,2.374327025,PRELIMINARY_90M,0.7844285591249677,0.35851078377556755,0.119793102,0.357140721991783,0.3241299886900961,protection_focus,MST
1135,ST029__ST030,29,ST029,관곡공원,30,ST030,장곡도서관,4785.0,4.785,2.344415023463761,0.235519282,0.235519282,0.0,0.0,PRELIMINARY_POINT_BUFFER_PROXY,2.140637973,PRELIMINARY_90M,0.3798983722332271,0.6050702231657867,0.235519282,0.3183681522600866,0.3322550717605265,protection_focus,MST
11,ST001__ST012,1,ST001,월곶역,12,ST012,신천역,9663.0,9.663,3.1389937154892604,0.13373513,0.120476554,0.058545419,0.0,PRELIMINARY_POINT_BUFFER_PROXY,2.347871234,PRELIMINARY_90M,0.8000172250452158,0.3716580847694396,0.13373513,0.3527513036917991,0.335532418278229,protection_focus,MST
1080,ST027__ST028,27,ST027,은행동행정복지센터,28,ST028,매화산업단지,4046.0,4.046,2.177258890186534,0.235801443,0.235801443,0.0,0.0,PRELIMINARY_POINT_BUFFER_PROXY,2.540050863,PRELIMINARY_90M,0.3162518301610542,0.6541733150380895,0.235801443,0.3846368285062608,0.33697260906386334,protection_focus,MST
638,ST014__ST028,14,ST014,시흥대야역,28,ST028,매화산업단지,7295.0,7.295,2.089908465771216,0.142572754,0.110267444,0.03230531,0.0,PRELIMINARY_POINT_BUFFER_PROXY,3.417863274,PRELIMINARY_90M,0.5960726896908104,0.6798330131362529,0.142572754,0.5302792650070776,0.37201775665966164,protection_focus,MST
136,ST003__ST032,3,ST003,배곧한울공원,32,ST032,희망공원,2946.0,2.946,2.474419063810549,0.0,0.0,0.0,0.0,PRELIMINARY_POINT_BUFFER_PROXY,0.664390229,PRELIMINARY_90M,0.22151408147446386,0.5668807759001471,0.0,0.07343618773014575,0.1403503608394367,protection_focus,T2_SPANNER
259,ST005__ST054,5,ST005,배곧중·고등학교,54,ST054,시흥 프리미엄 아울렛,1508.0,1.508,1.711681176130996,0.0,0.0,0.0,0.0,PRELIMINARY_POINT_BUFFER_PROXY,0.623743217,PRELIMINARY_90M,0.09766600637326674,0.7909394917780753,0.0,0.06669222992096648,0.1481779595295096,protection_focus,T2_SPANNER
1145,ST029__ST040,29,ST029,관곡공원,40,ST040,갯골생태공원,3173.0,3.173,2.6002442194967386,0.0,0.0,0.0,0.0,PRELIMINARY_POINT_BUFFER_PROXY,1.529257702,PRELIMINARY_90M,0.24106450779433297,0.5299189004465018,0.0,0.2169308620359346,0.16024036593123203,protection_focus,T2_SPANNER
934,ST022__ST032,22,ST022,오이도박물관,32,ST032,희망공원,2894.0,2.894,2.88457420094931,0.0,0.0,0.0,0.0,PRELIMINARY_POINT_BUFFER_PROXY,2.242877844,PRELIMINARY_90M,0.2170355697183705,0.4463953053047024,0.0,0.3353313026249875,0.16066610513312757,protection_focus,T2_SPANNER
108,ST003__ST004,3,ST003,배곧한울공원,4,ST004,배곧중심상가,4685.0,4.685,2.9330495193194137,0.0,0.0,0.0,0.0,PRELIMINARY_POINT_BUFFER_PROXY,1.18657571,PRELIMINARY_90M,0.37128584962535527,0.432155396993838,0.0,0.16007470503198293,0.16309168522894418,protection_focus,T2_SPANNER
1210,ST032__ST033,32,ST032,희망공원,33,ST033,타원산업단지,2081.0,2.081,1.4965117896209403,0.0,0.0,0.0,0.0,PRELIMINARY_POINT_BUFFER_PROXY,0.481788461,PRELIMINARY_90M,0.14701576091637242,0.8541467576244774,0.0,0.043139775800197705,0.16399613219697579,protection_focus,T2_SPANNER
151,ST003__ST047,3,ST003,배곧한울공원,47,ST047,배곧2동행정복지센터,2142.0,2.142,2.998593533213879,0.082490603,0.082490603,0.0,0.0,PRELIMINARY_POINT_BUFFER_PROXY,1.45164868,PRELIMINARY_90M,0.15226939970717424,0.41290145953524826,0.082490603,0.20405434432339853,0.16424255202023186,protection_focus,T2_SPANNER
1226,ST032__ST049,32,ST032,희망공원,49,ST049,거북섬 웨이브파크 정문,4499.0,4.499,3.070219818149316,0.042639664,0.042639664,0.0,0.0,PRELIMINARY_POINT_BUFFER_PROXY,0.994963213,PRELIMINARY_90M,0.35526655757471365,0.3918608193822274,0.042639664,0.12828327604626832,0.17039475782921712,protection_focus,T2_SPANNER
115,ST003__ST011,3,ST003,배곧한울공원,11,ST011,배곧생명공원,4442.0,4.442,2.929381135965357,0.030002831,0.030002831,0.0,0.0,PRELIMINARY_POINT_BUFFER_PROXY,1.252044916,PRELIMINARY_90M,0.3503574196882267,0.43323300606103465,0.030002831,0.17093704254068998,0.17569840672790402,protection_focus,T2_SPANNER
957,ST022__ST055,22,ST022,오이도박물관,55,ST055,해양생태과학관,1977.0,1.977,2.056726097058233,0.0,0.0,0.0,0.0,PRELIMINARY_POINT_BUFFER_PROXY,2.016046436,PRELIMINARY_90M,0.1380587374041857,0.6895805280345066,0.0,0.29769652038444466,0.17570330474367984,protection_focus,T2_SPANNER
1242,ST033__ST043,33,ST033,타원산업단지,43,ST043,시흥종합버스터미널,2934.0,2.934,2.565523484039041,0.07531911,0.07531911,0.0,0.0,PRELIMINARY_POINT_BUFFER_PROXY,0.889229462,PRELIMINARY_90M,0.22048057876151925,0.5401183195741607,0.07531911,0.11074043782361453,0.1793844843619701,protection_focus,T2_SPANNER
949,ST022__ST047,22,ST022,오이도박물관,47,ST047,배곧2동행정복지센터,4352.0,4.352,3.2556383357386656,0.040564469,0.040564469,0.0,0.0,PRELIMINARY_POINT_BUFFER_PROXY,1.850197274,PRELIMINARY_90M,0.34260614934114203,0.3373930452987237,0.040564469,0.2701796207113337,0.179939364269737,protection_focus,T2_SPANNER
1147,ST029__ST042,29,ST029,관곡공원,42,ST042,시흥시청역,2654.0,2.654,2.6841941622399865,0.0,0.0,0.0,0.0,PRELIMINARY_POINT_BUFFER_PROXY,2.927478894,PRELIMINARY_90M,0.19636551545947808,0.5052581137294531,0.0,0.44891703427285934,0.18239937529224248,protection_focus,T2_SPANNER
159,ST003__ST055,3,ST003,배곧한울공원,55,ST055,해양생태과학관,4683.0,4.683,2.979187730277081,0.0,0.0,0.0,0.0,PRELIMINARY_POINT_BUFFER_PROXY,2.085033623,PRELIMINARY_90M,0.3711135991731978,0.41860202765548005,0.0,0.30914254447354533,0.18338440565399336,protection_focus,T2_SPANNER
1246,ST033__ST047,33,ST033,타원산업단지,47,ST047,배곧2동행정복지센터,5822.0,5.822,2.832765178273928,0.030351918,0.030351918,0.0,0.0,PRELIMINARY_POINT_BUFFER_PROXY,0.750301445,PRELIMINARY_90M,0.46921023167685816,0.4616145087545951,0.030351918,0.08769016576029681,0.1914137065126054,protection_focus,T2_SPANNER
209,ST004__ST054,4,ST004,배곧중심상가,54,ST054,시흥 프리미엄 아울렛,3518.0,3.518,3.9115620934849367,0.174673018,0.174673018,0.0,0.0,PRELIMINARY_POINT_BUFFER_PROXY,1.470188615,PRELIMINARY_90M,0.2707777107914908,0.14471160486108936,0.174673018,0.2071304016588043,0.1942683521362822,protection_focus,T2_SPANNER
1243,ST033__ST044,33,ST033,타원산업단지,44,ST044,경기과학기술대학교,1598.0,1.598,1.7010597777371803,0.123630586,0.123630586,0.0,0.0,PRELIMINARY_POINT_BUFFER_PROXY,0.331684145,PRELIMINARY_90M,0.1054172767203514,0.7940595896824632,0.123630586,0.018235185665018444,0.20474296464619252,protection_focus,T2_SPANNER
1254,ST033__ST055,33,ST033,타원산업단지,55,ST055,해양생태과학관,6669.0,6.669,2.6513319891233778,0.0,0.0,0.0,0.0,PRELIMINARY_POINT_BUFFER_PROXY,1.019873464,PRELIMINARY_90M,0.5421582981655327,0.5149115692983981,0.0,0.13241626574204388,0.20553083488917284,protection_focus,T2_SPANNER
53,ST001__ST054,1,ST001,월곶역,54,ST054,시흥 프리미엄 아울렛,3069.0,3.069,2.971566575272677,0.131704676,0.131704676,0.0,0.0,PRELIMINARY_POINT_BUFFER_PROXY,1.446878915,PRELIMINARY_90M,0.23210748428214625,0.42084078651533996,0.131704676,0.20326296772922972,0.20588939799311468,protection_focus,T2_SPANNER
1381,ST041__ST042,41,ST041,연꽃테마파크,42,ST042,시흥시청역,3357.0,3.357,2.4375560527901543,0.0,0.0,0.0,0.0,PRELIMINARY_POINT_BUFFER_PROXY,2.986825232,PRELIMINARY_90M,0.25691154939281713,0.5777095010048499,0.0,0.458763494809769,0.20685325925075626,protection_focus,T2_SPANNER
1,ST001__ST002,1,ST001,월곶역,2,ST002,월곶포구,619.0,0.619,1.5532421960245575,0.149164241,0.149164241,0.0,0.0,PRELIMINARY_POINT_BUFFER_PROXY,0.47799073,PRELIMINARY_90M,0.02110068038928602,0.8374818689184798,0.149164241,0.042509674437898,0.21080098808131387,protection_focus,T2_SPANNER
1409,ST043__ST045,43,ST043,시흥종합버스터미널,45,ST045,시흥중앙도서관,671.0,0.671,3.1817228022763167,0.300402098,0.300402098,0.0,0.0,PRELIMINARY_POINT_BUFFER_PROXY,0.425583211,PRELIMINARY_90M,0.025579192145379383,0.35910616559669406,0.300402098,0.03381446955986759,0.21425498270256013,protection_focus,T2_SPANNER
30,ST001__ST031,1,ST001,월곶역,31,ST031,마전저수지,4726.0,4.726,2.1733816526852707,0.0,0.0,0.0,0.0,PRELIMINARY_POINT_BUFFER_PROXY,1.971254241,PRELIMINARY_90M,0.37481698389458273,0.6553122762326484,0.0,0.2902648136390502,0.21679996025967135,protection_focus,T2_SPANNER
945,ST022__ST043,22,ST022,오이도박물관,43,ST043,시흥종합버스터미널,5950.0,5.95,2.5472433575560016,0.037132252,0.037132252,0.0,0.0,PRELIMINARY_POINT_BUFFER_PROXY,1.30121079,PRELIMINARY_90M,0.4802342606149341,0.5454882136518451,0.037132252,0.17909440918568284,0.223300371548616,protection_focus,T2_SPANNER
867,ST020__ST032,20,ST020,시화공업단지[왼쪽부근],32,ST032,희망공원,3417.0,3.417,2.3443302754970845,0.138210853,0.138210853,0.0,0.0,PRELIMINARY_POINT_BUFFER_PROXY,0.829933024,PRELIMINARY_90M,0.26207906295754024,0.6050951183767019,0.138210853,0.10090225645602437,0.227420845316417,protection_focus,T2_SPANNER
1222,ST032__ST045,32,ST032,희망공원,45,ST045,시흥중앙도서관,3542.0,3.542,3.695161173181692,0.239589717,0.239589717,0.0,0.0,PRELIMINARY_POINT_BUFFER_PROXY,1.100349444,PRELIMINARY_90M,0.27284471621738005,0.20828064096267274,0.239589717,0.1457684554127718,0.22747116619979268,protection_focus,T2_SPANNER
109,ST003__ST005,3,ST003,배곧한울공원,5,ST005,배곧중·고등학교,4928.0,4.928,2.777738601711209,0.110945923,0.110945923,0.0,0.0,PRELIMINARY_POINT_BUFFER_PROXY,1.138942822,PRELIMINARY_90M,0.39221427956248384,0.4777788874788641,0.110945923,0.1521716840915664,0.22840840314806135,protection_focus,T2_SPANNER
1236,ST033__ST037,33,ST033,타원산업단지,37,ST037,군자동행정복지센터,6377.0,6.377,2.6778195613261624,0.052201447,0.052201447,0.0,0.0,PRELIMINARY_POINT_BUFFER_PROXY,1.167165179,PRELIMINARY_90M,0.5170097321505469,0.5071306900339172,0.052201447,0.15685420257247207,0.2291004038210678,protection_focus,T2_SPANNER
1448,ST046__ST054,46,ST046,배곧1동행정복지센터,54,ST054,시흥 프리미엄 아울렛,1087.0,1.087,2.0,0.198910149,0.198910149,0.0,0.0,PRELIMINARY_POINT_BUFFER_PROXY,0.722410179,PRELIMINARY_90M,0.06140728619412626,0.7062441508450915,0.198910149,0.08306258031444422,0.2301325414127556,protection_focus,T2_SPANNER
1379,ST040__ST054,40,ST040,갯골생태공원,54,ST054,시흥 프리미엄 아울렛,5042.0,5.042,2.505555704817685,0.080180898,0.080180898,0.0,0.0,PRELIMINARY_POINT_BUFFER_PROXY,1.509985427,PRELIMINARY_90M,0.40203255533545773,0.5577342054812642,0.080180898,0.2137332983506408,0.23621708564187727,protection_focus,T2_SPANNER
10,ST001__ST011,1,ST001,월곶역,11,ST011,배곧생명공원,5473.0,5.473,3.399135690853287,0.159476951,0.159476951,0.0,0.0,PRELIMINARY_POINT_BUFFER_PROXY,1.230120641,PRELIMINARY_90M,0.43915252777538544,0.29523985789554474,0.159476951,0.16729947170038212,0.23694988049446614,protection_focus,T2_SPANNER
1136,ST029__ST031,29,ST029,관곡공원,31,ST031,마전저수지,5377.0,5.377,2.6870303020635813,0.0,0.0,0.0,0.0,PRELIMINARY_POINT_BUFFER_PROXY,3.331666559,PRELIMINARY_90M,0.43088450607182843,0.504424981067251,0.0,0.5159779183484388,0.23923733612671916,protection_focus,T2_SPANNER
283,ST006__ST029,6,ST006,시흥시청 본청,29,ST029,관곡공원,3470.0,3.47,2.475229440723157,0.075912866,0.075912866,0.0,0.0,PRELIMINARY_POINT_BUFFER_PROXY,3.041565706,PRELIMINARY_90M,0.2666436999397123,0.5666427229420483,0.075912866,0.4678457724224623,0.24645844729261907,protection_focus,T2_SPANNER
378,ST008__ST029,8,ST008,시흥능곡역,29,ST029,관곡공원,4389.0,4.389,2.156570265400262,0.0,0.0,0.0,0.0,PRELIMINARY_POINT_BUFFER_PROXY,3.417489749,PRELIMINARY_90M,0.3457927827060546,0.6602507195800281,0.0,0.5302172915257137,0.24772875820707219,protection_focus,T2_SPANNER
1252,ST033__ST053,33,ST033,타원산업단지,53,ST053,오이도 빨강등대,6235.0,6.235,2.681993902930899,0.077964192,0.000893161,0.07707103,0.0,PRELIMINARY_POINT_BUFFER_PROXY,1.51111674,PRELIMINARY_90M,0.5047799500473689,0.5059044527711551,0.077964192,0.21392100039233028,0.2479119039839966,protection_focus,T2_SPANNER
797,ST018__ST033,18,ST018,정왕역,33,ST033,타원산업단지,3728.0,3.728,2.6919701197263484,0.201894718,0.201894718,0.0,0.0,PRELIMINARY_POINT_BUFFER_PROXY,0.876118982,PRELIMINARY_90M,0.2888640082680217,0.5029738807350543,0.201894718,0.10856520969176346,0.250451024217627,protection_focus,T2_SPANNER
1234,ST033__ST035,33,ST033,타원산업단지,35,ST035,산들공원,7540.0,7.54,2.4880660387555813,0.057148758,0.057148758,0.0,0.0,PRELIMINARY_POINT_BUFFER_PROXY,0.8813862,PRELIMINARY_90M,0.6171733700800964,0.5628718971867732,0.057148758,0.10943912130828645,0.2528557057902783,protection_focus,T2_SPANNER
952,ST022__ST050,22,ST022,오이도박물관,50,ST050,시흥한라3차아파트,4574.0,4.574,3.4123151124351194,0.205257775,0.205257775,0.0,0.0,PRELIMINARY_POINT_BUFFER_PROXY,1.596050461,PRELIMINARY_90M,0.36172594953061754,0.291368325717403,0.205257775,0.22801279712761313,0.25288124583287597,protection_focus,T2_SPANNER
1474,ST050__ST054,50,ST050,시흥한라3차아파트,54,ST054,시흥 프리미엄 아울렛,4969.0,4.969,4.404187534909858,0.286229319,0.286229319,0.0,0.0,PRELIMINARY_POINT_BUFFER_PROXY,1.464039357,PRELIMINARY_90M,0.3957454138317113,0.0,0.286229319,0.20611014618443493,0.2531802641940075,protection_focus,T2_SPANNER
127,ST003__ST023,3,ST003,배곧한울공원,23,ST023,오이도역,4569.0,4.569,3.362496455886152,0.25196631,0.25196631,0.0,0.0,PRELIMINARY_POINT_BUFFER_PROXY,0.707990957,PRELIMINARY_90M,0.3612953234002239,0.3060028474757016,0.25196631,0.08067021196989801,0.2562431785968847,protection_focus,T2_SPANNER
125,ST003__ST021,3,ST003,배곧한울공원,21,ST021,오이도 포구 해양관광 단지,3868.0,3.868,3.0553772480821526,0.133587529,0.0,0.133587529,0.0,PRELIMINARY_POINT_BUFFER_PROXY,3.056247109,PRELIMINARY_90M,0.3009215399190423,0.39622091115594826,0.133587529,0.47028164058447025,0.25695345524487123,protection_focus,T2_SPANNER
1247,ST033__ST048,33,ST033,타원산업단지,48,ST048,정왕평생학습관 사거리,3608.0,3.608,2.731241808577759,0.220485387,0.220485387,0.0,0.0,PRELIMINARY_POINT_BUFFER_PROXY,0.925063471,PRELIMINARY_90M,0.2785289811385755,0.49143759242876095,0.220485387,0.11668584519647998,0.2571670053715012,protection_focus,T2_SPANNER
833,ST019__ST033,19,ST019,시화병원,33,ST033,타원산업단지,3836.0,3.836,2.7436795030655845,0.224557843,0.224557843,0.0,0.0,PRELIMINARY_POINT_BUFFER_PROXY,0.855941648,PRELIMINARY_90M,0.2981655326845233,0.48778394692296034,0.224557843,0.10521748294624725,0.2608622425172858,protection_focus,T2_SPANNER
925,ST022__ST023,22,ST022,오이도박물관,23,ST023,오이도역,6145.0,6.145,3.451768155847177,0.187192651,0.187192651,0.0,0.0,PRELIMINARY_POINT_BUFFER_PROXY,1.271537161,PRELIMINARY_90M,0.4970286797002842,0.27977876344814856,0.187192651,0.17417110259622826,0.2610945413467134,protection_focus,T2_SPANNER
466,ST010__ST026,10,ST010,은계호수공원,26,ST026,은계파크자이,1220.0,1.22,2.405341600576404,0.254629654,0.254629654,0.0,0.0,PRELIMINARY_POINT_BUFFER_PROXY,1.537591702,PRELIMINARY_90M,0.07286194126259582,0.5871726847699602,0.254629654,0.21831359945293588,0.26271015788595353,protection_focus,T2_SPANNER
1143,ST029__ST038,29,ST029,관곡공원,38,ST038,능곡도서관,4223.0,4.223,2.511994530716733,0.118739746,0.102463148,0.021842811,0.0,PRELIMINARY_POINT_BUFFER_PROXY,2.578907523,PRELIMINARY_90M,0.33149599517698736,0.5558427627117288,0.118739746,0.39108373967517096,0.26770804739343246,protection_focus,T2_SPANNER
1465,ST049__ST050,49,ST049,거북섬 웨이브파크 정문,50,ST050,시흥한라3차아파트,6734.0,6.734,2.955151712758751,0.139358768,0.139358768,0.0,0.0,PRELIMINARY_POINT_BUFFER_PROXY,1.546127024,PRELIMINARY_90M,0.5477564378606494,0.42566274839187934,0.139358768,0.21972973925321837,0.2760395447188945,protection_focus,T2_SPANNER
1144,ST029__ST039,29,ST029,관곡공원,39,ST039,능곡힐스테이트,4321.0,4.321,2.5005444574442675,0.134141311,0.069883904,0.064257407,0.0,PRELIMINARY_POINT_BUFFER_PROXY,2.555414981,PRELIMINARY_90M,0.33993626733270177,0.5592062887087678,0.134141311,0.3871859694755221,0.27701674769418383,protection_focus,T2_SPANNER
56,ST002__ST004,2,ST002,월곶포구,4,ST004,배곧중심상가,3192.0,3.192,3.5458499603414118,0.332930014,0.332930014,0.0,0.0,PRELIMINARY_POINT_BUFFER_PROXY,1.198313388,PRELIMINARY_90M,0.24270088708982862,0.2521416830789185,0.332930014,0.16202216442234924,0.2771297615431559,protection_focus,T2_SPANNER
1233,ST033__ST034,33,ST033,타원산업단지,34,ST034,군자디지털과학고등학교,7893.0,7.893,2.4341605952920373,0.09909245,0.09909245,0.0,0.0,PRELIMINARY_POINT_BUFFER_PROXY,0.916931401,PRELIMINARY_90M,0.647575574885884,0.5787069365054786,0.09909245,0.11533661103921174,0.28316787210888034,protection_focus,T2_SPANNER
1393,ST041__ST054,41,ST041,연꽃테마파크,54,ST054,시흥 프리미엄 아울렛,8437.0,8.437,2.489736395352416,0.047911633,0.047911633,0.0,0.0,PRELIMINARY_POINT_BUFFER_PROXY,1.716462461,PRELIMINARY_90M,0.6944276978727069,0.5623812201662786,0.047911633,0.24799098021568108,0.28439718613183534,protection_focus,T2_SPANNER
1449,ST046__ST055,46,ST046,배곧1동행정복지센터,55,ST055,해양생태과학관,7851.0,7.851,3.5232407663534175,0.164232235,0.164232235,0.0,0.0,PRELIMINARY_POINT_BUFFER_PROXY,1.618401666,PRELIMINARY_90M,0.6439583153905779,0.25878326605756985,0.164232235,0.23172120215143918,0.28448345080946696,protection_focus,T2_SPANNER
468,ST010__ST028,10,ST010,은계호수공원,28,ST028,매화산업단지,3734.0,3.734,2.2597817465071626,0.156648005,0.156648005,0.0,0.0,PRELIMINARY_POINT_BUFFER_PROXY,2.499811713,PRELIMINARY_90M,0.289380759624494,0.6299317433049347,0.156648005,0.3779605412092454,0.28738399710202583,protection_focus,T2_SPANNER
1468,ST049__ST053,49,ST049,거북섬 웨이브파크 정문,53,ST053,오이도 빨강등대,3795.0,3.795,1.9574790573544323,0.127972736,0.001466061,0.126506675,0.0,PRELIMINARY_POINT_BUFFER_PROXY,2.594915167,PRELIMINARY_90M,0.2946343984152958,0.7187349264588074,0.127972736,0.39373965140025324,0.2897844343619183,protection_focus,T2_SPANNER
912,ST021__ST043,21,ST021,오이도 포구 해양관광 단지,43,ST043,시흥종합버스터미널,6933.0,6.933,2.4234188576339304,0.1092334,0.031860253,0.077373148,0.0,PRELIMINARY_POINT_BUFFER_PROXY,1.726597,PRELIMINARY_90M,0.5648953578503143,0.581862384772635,0.1092334,0.24967245445126526,0.2923259974536479,protection_focus,T2_SPANNER
1253,ST033__ST054,33,ST033,타원산업단지,54,ST054,시흥 프리미엄 아울렛,9930.0,9.93,2.6675480936559572,0.074252772,0.074252772,0.0,0.0,PRELIMINARY_POINT_BUFFER_PROXY,0.983376333,PRELIMINARY_90M,0.8230126604082336,0.5101479937414455,0.074252772,0.12636083633876846,0.2972052425936788,protection_focus,T2_SPANNER
988,ST023__ST054,23,ST023,오이도역,54,ST054,시흥 프리미엄 아울렛,4175.0,4.175,3.62850171203835,0.340947009,0.340947009,0.0,0.0,PRELIMINARY_POINT_BUFFER_PROXY,1.34126926,PRELIMINARY_90M,0.32736198432520885,0.2278622475750438,0.340947009,0.18574071892132277,0.2979863463394967,protection_focus,T2_SPANNER
1443,ST046__ST049,46,ST046,배곧1동행정복지센터,49,ST049,거북섬 웨이브파크 정문,8306.0,8.306,3.48477898206516,0.178349401,0.178349401,0.0,0.0,PRELIMINARY_POINT_BUFFER_PROXY,1.578347877,PRELIMINARY_90M,0.6831452932563948,0.27008164016117986,0.178349401,0.22507566906492915,0.3000773555351953,protection_focus,T2_SPANNER
16,ST001__ST017,1,ST001,월곶역,17,ST017,장곡동,5471.0,5.471,2.2032904503529056,0.141154833,0.141154833,0.0,0.0,PRELIMINARY_POINT_BUFFER_PROXY,2.041065843,PRELIMINARY_90M,0.438980277323228,0.64652639197659,0.141154833,0.3018476207216278,0.3006295738693783,protection_focus,T2_SPANNER
718,ST016__ST029,16,ST016,물왕호수,29,ST029,관곡공원,5128.0,5.128,2.2882225092974817,0.0,0.0,0.0,0.0,PRELIMINARY_POINT_BUFFER_PROXY,5.333892509,PRELIMINARY_90M,0.40943932477822753,0.6215771028808512,0.0,0.8481776709709411,0.30235108103341435,protection_focus,T2_SPANNER
6,ST001__ST007,1,ST001,월곶역,7,ST007,장현지구,6606.0,6.606,2.2379457054195973,0.124628605,0.124628605,0.0,0.0,PRELIMINARY_POINT_BUFFER_PROXY,1.757575321,PRELIMINARY_90M,0.5367324089225735,0.6363462080967941,0.124628605,0.2548122292967868,0.30333454989355185,protection_focus,T2_SPANNER
1205,ST031__ST051,31,ST031,마전저수지,51,ST051,연성중학교,6100.0,6.1,2.6203589074087144,0.119255883,0.104609688,0.028266702,0.0,PRELIMINARY_POINT_BUFFER_PROXY,2.974419427,PRELIMINARY_90M,0.49315304452674186,0.5240100932184334,0.119255883,0.4567051829833325,0.30536584183561327,protection_focus,T2_SPANNER
92,ST002__ST040,2,ST002,월곶포구,40,ST040,갯골생태공원,5178.0,5.178,2.1502804312043358,0.182738865,0.182738865,0.0,0.0,PRELIMINARY_POINT_BUFFER_PROXY,1.514434926,PRELIMINARY_90M,0.41374558608216344,0.6620983951652961,0.182738865,0.2144715379419787,0.3056040396825239,protection_focus,T2_SPANNER
1157,ST029__ST052,29,ST029,관곡공원,52,ST052,가온그린공원,4265.0,4.265,2.386392012061943,0.201240875,0.201240875,0.0,0.0,PRELIMINARY_POINT_BUFFER_PROXY,2.198243349,PRELIMINARY_90M,0.3351132546722935,0.5927392372351619,0.201240875,0.327925760709286,0.3057428381261259,protection_focus,T2_SPANNER
208,ST004__ST053,4,ST004,배곧중심상가,53,ST053,오이도 빨강등대,6949.0,6.949,3.508561666430198,0.209323159,0.140219425,0.069103734,0.0,PRELIMINARY_POINT_BUFFER_PROXY,2.183795736,PRELIMINARY_90M,0.5662733614675739,0.263095337520345,0.209323159,0.3255286818658189,0.30620985470143935,protection_focus,T2_SPANNER
714,ST016__ST025,16,ST016,물왕호수,25,ST025,목감동행정복지센터,3005.0,3.005,2.1381214943015445,0.193383798,0.119943446,0.161932073,0.0,PRELIMINARY_POINT_BUFFER_PROXY,2.924827881,PRELIMINARY_90M,0.22659546981310827,0.6656701539999965,0.193383798,0.4484771908761643,0.30913309469404576,protection_focus,T2_SPANNER
385,ST008__ST036,8,ST008,시흥능곡역,36,ST036,시흥시립군자도서관,4468.0,4.468,3.322939983305055,0.221339234,0.221339234,0.0,0.0,PRELIMINARY_POINT_BUFFER_PROXY,3.518784026,PRELIMINARY_90M,0.3525966755662734,0.3176227926683346,0.221339234,0.5470235534570783,0.3108859040320666,protection_focus,T2_SPANNER
713,ST016__ST024,16,ST016,물왕호수,24,ST024,목감고등학교,3229.0,3.229,2.105914035609522,0.176923572,0.176923572,0.0,0.0,PRELIMINARY_POINT_BUFFER_PROXY,3.167384816,PRELIMINARY_90M,0.2458875204547412,0.6751312833771932,0.176923572,0.48872107733856496,0.312217144198312,protection_focus,T2_SPANNER
1391,ST041__ST052,41,ST041,연꽃테마파크,52,ST052,가온그린공원,4968.0,4.968,2.2619391797382047,0.172697542,0.172697542,0.0,0.0,PRELIMINARY_POINT_BUFFER_PROXY,2.343340408,PRELIMINARY_90M,0.3956592886056326,0.629297984674155,0.172697542,0.35199957071362264,0.31267526202929313,protection_focus,T2_SPANNER
1235,ST033__ST036,33,ST033,타원산업단지,36,ST036,시흥시립군자도서관,8292.0,8.292,2.7666997178454844,0.141881676,0.141881676,0.0,0.0,PRELIMINARY_POINT_BUFFER_PROXY,1.568226714,PRELIMINARY_90M,0.6819395400912928,0.48102162418256256,0.141881676,0.2233964141112852,0.3129914517623357,protection_focus,T2_SPANNER
480,ST010__ST040,10,ST010,은계호수공원,40,ST040,갯골생태공원,7454.0,7.454,2.3810988212602635,0.143643119,0.143643119,0.0,0.0,PRELIMINARY_POINT_BUFFER_PROXY,1.480173201,PRELIMINARY_90M,0.6097666006373267,0.5942941429938482,0.143643119,0.20878699640988027,0.31423705053802464,protection_focus,T2_SPANNER
820,ST019__ST020,19,ST019,시화병원,20,ST020,시화공업단지[왼쪽부근],1979.0,1.979,2.8736363843131483,0.422822321,0.422822321,0.0,0.0,PRELIMINARY_POINT_BUFFER_PROXY,0.548112375,PRELIMINARY_90M,0.13823098785634313,0.4496083529185587,0.422822321,0.054143922372044954,0.31462019936485913,protection_focus,T2_SPANNER
795,ST018__ST031,18,ST018,정왕역,31,ST031,마전저수지,3945.0,3.945,2.958212084314256,0.124882541,0.124882541,0.0,0.0,PRELIMINARY_POINT_BUFFER_PROXY,5.337782322,PRELIMINARY_90M,0.3075531823271036,0.4247637463468624,0.124882541,0.8488230501382361,0.31498992643818546,protection_focus,T2_SPANNER
41,ST001__ST042,1,ST001,월곶역,42,ST042,시흥시청역,7620.0,7.62,2.205037081450518,0.116366312,0.116366312,0.0,0.0,PRELIMINARY_POINT_BUFFER_PROXY,1.658554214,PRELIMINARY_90M,0.624063388166394,0.6460133088753506,0.116366312,0.23838312085884736,0.31565529809340853,protection_focus,T2_SPANNER
258,ST005__ST053,5,ST005,배곧중·고등학교,53,ST053,오이도 빨강등대,6642.0,6.642,2.494332228519753,0.202414333,0.1928514,0.042185248,0.0,PRELIMINARY_POINT_BUFFER_PROXY,1.120074325,PRELIMINARY_90M,0.5398329170614072,0.5610311672916333,0.202414333,0.1490411133206909,0.31568459200413,protection_focus,T2_SPANNER
756,ST017__ST029,17,ST017,장곡동,29,ST029,관곡공원,4322.0,4.322,2.2640824773122388,0.207924155,0.207924155,0.0,0.0,PRELIMINARY_POINT_BUFFER_PROXY,2.212483712,PRELIMINARY_90M,0.3400223925587805,0.628668378475303,0.207924155,0.33028845362406645,0.3158100808266615,protection_focus,T2_SPANNER
424,ST009__ST029,9,ST009,능곡중앙공원,29,ST029,관곡공원,4562.0,4.562,2.4231442712656004,0.204923527,0.178849884,0.12823664,0.0,PRELIMINARY_POINT_BUFFER_PROXY,2.421968536,PRELIMINARY_90M,0.3606924468176729,0.5819430461244302,0.204923527,0.36504517361911415,0.3166484858250662,protection_focus,T2_SPANNER
364,ST008__ST015,8,ST008,시흥능곡역,15,ST015,목감택지개발예정지구,6807.0,6.807,1.8885444736486015,0.0,0.0,0.0,0.0,PRELIMINARY_POINT_BUFFER_PROXY,4.039381199,PRELIMINARY_90M,0.5540435793643959,0.7389848636314539,0.0,0.6333985462927141,0.3166662273615044,protection_focus,T2_SPANNER
888,ST020__ST053,20,ST020,시화공업단지[왼쪽부근],53,ST053,오이도 빨강등대,7395.0,7.395,3.1120678507259623,0.184303336,0.119332705,0.064970631,0.0,PRELIMINARY_POINT_BUFFER_PROXY,2.120199184,PRELIMINARY_90M,0.6046852122986823,0.3795677150372124,0.184303336,0.314977046151556,0.3172704246380517,protection_focus,T2_SPANNER
534,ST011__ST050,11,ST011,배곧생명공원,50,ST050,시흥한라3차아파트,995.0,0.995,2.969355785245408,0.47264275,0.47264275,0.0,0.0,PRELIMINARY_POINT_BUFFER_PROXY,0.56995669,PRELIMINARY_90M,0.05348376539488416,0.4214902190171036,0.47264275,0.057768226631615675,0.3189068949262847,protection_focus,T2_SPANNER
172,ST004__ST017,4,ST004,배곧중심상가,17,ST017,장곡동,6764.0,6.764,2.942360541443412,0.206546328,0.206546328,0.0,0.0,PRELIMINARY_POINT_BUFFER_PROXY,1.909089561,PRELIMINARY_90M,0.550340194643011,0.42942022978330263,0.206546328,0.27995074727812974,0.31974684948781706,protection_focus,T2_SPANNER
5,ST001__ST006,1,ST001,월곶역,6,ST006,시흥시청 본청,8097.0,8.097,2.218746574450684,0.109475795,0.109475795,0.0,0.0,PRELIMINARY_POINT_BUFFER_PROXY,1.677605889,PRELIMINARY_90M,0.6651451210059426,0.6419860651176035,0.109475795,0.24154408364731003,0.32029644401592555,protection_focus,T2_SPANNER
1285,ST035__ST045,35,ST035,산들공원,45,ST045,시흥중앙도서관,6104.0,6.104,3.104005896090232,0.305870296,0.305870296,0.0,0.0,PRELIMINARY_POINT_BUFFER_PROXY,0.734142852,PRELIMINARY_90M,0.4934975454310568,0.38193596136707975,0.305870296,0.0850092092991503,0.3216764326861459,protection_focus,T2_SPANNER
1376,ST040__ST051,40,ST040,갯골생태공원,51,ST051,연성중학교,5417.0,5.417,2.495832602905231,0.192518156,0.176017861,0.031845057,0.0,PRELIMINARY_POINT_BUFFER_PROXY,2.410565802,PRELIMINARY_90M,0.4343295151149772,0.5605904235399768,0.192518156,0.36315328653513135,0.32168653753426163,protection_focus,T2_SPANNER
12,ST001__ST013,1,ST001,월곶역,13,ST013,삼미시장,9482.0,9.482,3.1837495936503077,0.119793102,0.106281611,0.059662208,0.0,PRELIMINARY_POINT_BUFFER_PROXY,2.374327025,PRELIMINARY_90M,0.7844285591249677,0.35851078377556755,0.119793102,0.357140721991783,0.3241299886900961,protection_focus,T2_SPANNER
162,ST004__ST007,4,ST004,배곧중심상가,7,ST007,장현지구,7899.0,7.899,2.8650445619521356,0.183317918,0.183317918,0.0,0.0,PRELIMINARY_POINT_BUFFER_PROXY,1.69100406,PRELIMINARY_90M,0.6480923262423564,0.45213225099200605,0.183317918,0.2437670440938041,0.3256623185113428,protection_focus,T2_SPANNER
1037,ST025__ST042,25,ST025,목감동행정복지센터,42,ST042,시흥시청역,5715.0,5.715,2.220000001279592,0.043183038,0.037299924,0.043183038,0.0,PRELIMINARY_POINT_BUFFER_PROXY,4.879937643,PRELIMINARY_90M,0.4599948324864353,0.641617863655124,0.043183038,0.7728596509507825,0.325762112688173,protection_focus,T2_SPANNER
51,ST001__ST052,1,ST001,월곶역,52,ST052,가온그린공원,6035.0,6.035,2.185669146366726,0.174249152,0.174249152,0.0,0.0,PRELIMINARY_POINT_BUFFER_PROXY,2.059195852,PRELIMINARY_90M,0.48755490483162517,0.6517027530922669,0.174249152,0.30485566509586226,0.32811931969454444,protection_focus,T2_SPANNER
18,ST001__ST019,1,ST001,월곶역,19,ST019,시화병원,8079.0,8.079,2.5208666486840325,0.077315377,0.077315377,0.0,0.0,PRELIMINARY_POINT_BUFFER_PROXY,3.284411932,PRELIMINARY_90M,0.6635948669365257,0.5532365261644421,0.077315377,0.5081376566638528,0.3305827893115494,protection_focus,T2_SPANNER
1439,ST045__ST054,45,ST045,시흥중앙도서관,54,ST054,시흥 프리미엄 아울렛,6917.0,6.917,4.195062440228731,0.369304599,0.369304599,0.0,0.0,PRELIMINARY_POINT_BUFFER_PROXY,1.195975935,PRELIMINARY_90M,0.5635173542330548,0.06143171976765516,0.369304599,0.1616343454010411,0.3308156801219154,protection_focus,T2_SPANNER
1292,ST035__ST052,35,ST035,산들공원,52,ST052,가온그린공원,3835.0,3.835,1.9561805087839683,0.129647388,0.129647388,0.0,0.0,PRELIMINARY_POINT_BUFFER_PROXY,4.205215096,PRELIMINARY_90M,0.2980794074584446,0.719116382696793,0.129647388,0.6609129132700402,0.3314439698867139,protection_focus,T2_SPANNER
1135,ST029__ST030,29,ST029,관곡공원,30,ST030,장곡도서관,4785.0,4.785,2.344415023463761,0.235519282,0.235519282,0.0,0.0,PRELIMINARY_POINT_BUFFER_PROXY,2.140637973,PRELIMINARY_90M,0.3798983722332271,0.6050702231657867,0.235519282,0.3183681522600866,0.3322550717605265,protection_focus,T2_SPANNER
190,ST004__ST035,4,ST004,배곧중심상가,35,ST035,산들공원,5634.0,5.634,1.616302802962953,0.164000859,0.164000859,0.0,0.0,PRELIMINARY_POINT_BUFFER_PROXY,1.742014497,PRELIMINARY_90M,0.4530186891740591,0.8189574467790675,0.164000859,0.25223045180888526,0.3332823521230047,protection_focus,T2_SPANNER
11,ST001__ST012,1,ST001,월곶역,12,ST012,신천역,9663.0,9.663,3.1389937154892604,0.13373513,0.120476554,0.058545419,0.0,PRELIMINARY_POINT_BUFFER_PROXY,2.347871234,PRELIMINARY_90M,0.8000172250452158,0.3716580847694396,0.13373513,0.3527513036917991,0.335532418278229,protection_focus,T2_SPANNER
1080,ST027__ST028,27,ST027,은행동행정복지센터,28,ST028,매화산업단지,4046.0,4.046,2.177258890186534,0.235801443,0.235801443,0.0,0.0,PRELIMINARY_POINT_BUFFER_PROXY,2.540050863,PRELIMINARY_90M,0.3162518301610542,0.6541733150380895,0.235801443,0.3846368285062608,0.33697260906386334,protection_focus,T2_SPANNER
913,ST021__ST044,21,ST021,오이도 포구 해양관광 단지,44,ST044,경기과학기술대학교,6851.0,6.851,2.278241070460119,0.18968619,0.111387683,0.078298507,0.0,PRELIMINARY_POINT_BUFFER_PROXY,1.751180439,PRELIMINARY_90M,0.5578330893118595,0.6245092089223085,0.18968619,0.2537512210632006,0.33814877736019827,protection_focus,T2_SPANNER
197,ST004__ST042,4,ST004,배곧중심상가,42,ST042,시흥시청역,8913.0,8.913,2.7655855969447916,0.169578568,0.169578568,0.0,0.0,PRELIMINARY_POINT_BUFFER_PROXY,1.61449924,PRELIMINARY_90M,0.7354233054861768,0.4813489037138068,0.169578568,0.2310737302955142,0.33873734019863355,protection_focus,T2_SPANNER
963,ST023__ST029,23,ST023,오이도역,29,ST029,관곡공원,8419.0,8.419,2.5509242459209656,0.072897838,0.072897838,0.0,0.0,PRELIMINARY_POINT_BUFFER_PROXY,3.559452918,PRELIMINARY_90M,0.69287744380329,0.5444069311645506,0.072897838,0.5537711414912017,0.33975111865902086,protection_focus,T2_SPANNER
969,ST023__ST035,23,ST023,오이도역,35,ST035,산들공원,5368.0,5.368,1.6394358943294012,0.193630337,0.193630337,0.0,0.0,PRELIMINARY_POINT_BUFFER_PROXY,1.70575784,PRELIMINARY_90M,0.43010937903712,0.8121619658811384,0.193630337,0.2462149207014601,0.34159357729481377,protection_focus,T2_SPANNER
167,ST004__ST012,4,ST004,배곧중심상가,12,ST012,신천역,9950.0,9.95,3.298480804869283,0.16356514,0.16356514,0.0,0.0,PRELIMINARY_POINT_BUFFER_PROXY,2.089973668,PRELIMINARY_90M,0.8247351649298079,0.3248078193993663,0.16356514,0.3099621731108347,0.3419451018624917,protection_focus,T2_SPANNER
1092,ST027__ST040,27,ST027,은행동행정복지센터,40,ST040,갯골생태공원,7766.0,7.766,2.333264553599835,0.185388171,0.185388171,0.0,0.0,PRELIMINARY_POINT_BUFFER_PROXY,1.5408174,PRELIMINARY_90M,0.6366376711738868,0.6083457389091405,0.185388171,0.21884879183601075,0.3441007993465501,protection_focus,T2_SPANNER
1368,ST040__ST043,40,ST040,갯골생태공원,43,ST043,시흥종합버스터미널,7040.0,7.04,2.823947383248435,0.107713516,0.107713516,0.0,0.0,PRELIMINARY_POINT_BUFFER_PROXY,4.483116336,PRELIMINARY_90M,0.5741107570407372,0.46420478761998263,0.107713516,0.7070209577599675,0.3443627712151399,protection_focus,T2_SPANNER
1033,ST025__ST038,25,ST025,목감동행정복지센터,38,ST038,능곡도서관,6274.0,6.274,2.2598427372065113,0.114598785,0.098278462,0.054041431,0.0,PRELIMINARY_POINT_BUFFER_PROXY,3.90420797,PRELIMINARY_90M,0.5081388338644389,0.6299138269302571,0.114598785,0.6109712506945401,0.34505992091660737,protection_focus,T2_SPANNER
7,ST001__ST008,1,ST001,월곶역,8,ST008,시흥능곡역,8941.0,8.941,2.198123695182556,0.132917083,0.132917083,0.0,0.0,PRELIMINARY_POINT_BUFFER_PROXY,1.643029122,PRELIMINARY_90M,0.737834811816381,0.6480441565290316,0.132917083,0.2358072718534733,0.3466032181206519,protection_focus,T2_SPANNER
47,ST001__ST048,1,ST001,월곶역,48,ST048,정왕평생학습관 사거리,8349.0,8.349,2.5384931329101597,0.107172999,0.107172999,0.0,0.0,PRELIMINARY_POINT_BUFFER_PROXY,3.191673391,PRELIMINARY_90M,0.6868486779777797,0.5480586433229806,0.107172999,0.492750921526007,0.3470776698229041,protection_focus,T2_SPANNER
29,ST001__ST030,1,ST001,월곶역,30,ST030,장곡도서관,6268.0,6.268,2.1504305313841865,0.222809114,0.222809114,0.0,0.0,PRELIMINARY_POINT_BUFFER_PROXY,1.637690152,PRELIMINARY_90M,0.5076220825079666,0.6620543023595057,0.222809114,0.23492145548831286,0.3474753371787661,protection_focus,T2_SPANNER
933,ST022__ST031,22,ST022,오이도박물관,31,ST031,마전저수지,9249.0,9.249,3.3683490129246234,0.162077697,0.162077697,0.0,0.0,PRELIMINARY_POINT_BUFFER_PROXY,2.998768021,PRELIMINARY_90M,0.7643613814486263,0.30428362461313796,0.162077697,0.460744985236173,0.3486654162671219,protection_focus,T2_SPANNER
168,ST004__ST013,4,ST004,배곧중심상가,13,ST013,삼미시장,10775.0,10.775,3.530128973927555,0.163406945,0.151516028,0.052506297,0.0,PRELIMINARY_POINT_BUFFER_PROXY,2.255483615,PRELIMINARY_90M,0.8957884764447507,0.2567598147924738,0.163406945,0.33742279185367113,0.3499885587858719,protection_focus,T2_SPANNER
1053,ST026__ST029,26,ST026,은계파크자이,29,ST029,관곡공원,6175.0,6.175,2.002908151887456,0.217079342,0.217079342,0.0,0.0,PRELIMINARY_POINT_BUFFER_PROXY,1.735808496,PRELIMINARY_90M,0.49961243648264575,0.7053898642179204,0.217079342,0.2512007818073677,0.3519507552003224,protection_focus,T2_SPANNER
1121,ST028__ST042,28,ST028,매화산업단지,42,ST042,시흥시청역,7160.0,7.16,1.9431902543488275,0.157734723,0.157734723,0.0,0.0,PRELIMINARY_POINT_BUFFER_PROXY,2.182411471,PRELIMINARY_90M,0.5844457841701834,0.7229323459191261,0.157734723,0.3252990112382037,0.35299122190763615,protection_focus,T2_SPANNER
866,ST020__ST031,20,ST020,시화공업단지[왼쪽부근],31,ST031,마전저수지,5736.0,5.736,3.0,0.215509815,0.215509815,0.0,0.0,PRELIMINARY_POINT_BUFFER_PROXY,3.941832982,PRELIMINARY_90M,0.46180346223408836,0.412488301690183,0.215509815,0.6172138127184809,0.3545709171081173,protection_focus,T2_SPANNER
804,ST018__ST040,18,ST018,정왕역,40,ST040,갯골생태공원,6347.0,6.347,2.694628026787754,0.131430314,0.131430314,0.0,0.0,PRELIMINARY_POINT_BUFFER_PROXY,4.680270411,PRELIMINARY_90M,0.5144259753681854,0.5021931049892563,0.131430314,0.7397318188610926,0.3548890906511894,protection_focus,T2_SPANNER
915,ST021__ST046,21,ST021,오이도 포구 해양관광 단지,46,ST046,배곧1동행정복지센터,7042.0,7.042,2.427569715247588,0.267215226,0.257844371,0.038334839,0.0,PRELIMINARY_POINT_BUFFER_PROXY,1.024008484,PRELIMINARY_90M,0.5742830074928946,0.5806430460696139,0.267215226,0.13310232848191053,0.3555260206813076,protection_focus,T2_SPANNER
374,ST008__ST025,8,ST008,시흥능곡역,25,ST025,목감동행정복지센터,7469.0,7.469,1.988740417472464,0.077787688,0.048246665,0.065136385,0.0,PRELIMINARY_POINT_BUFFER_PROXY,3.782089357,PRELIMINARY_90M,0.6110584790285074,0.7095517190715976,0.077787688,0.5907099145405444,0.3561447848475228,protection_focus,T2_SPANNER
1150,ST029__ST045,29,ST029,관곡공원,45,ST045,시흥중앙도서관,9233.0,9.233,2.7641240720233733,0.080513965,0.080513965,0.0,0.0,PRELIMINARY_POINT_BUFFER_PROXY,3.889570974,PRELIMINARY_90M,0.7629833778313668,0.4817782352081591,0.080513965,0.6085427503295655,0.35640180589693204,protection_focus,T2_SPANNER
1237,ST033__ST038,33,ST033,타원산업단지,38,ST038,능곡도서관,11114.0,11.114,3.027519358491037,0.129363807,0.123175519,0.008304536,0.0,PRELIMINARY_POINT_BUFFER_PROXY,2.083461432,PRELIMINARY_90M,0.9249849280854362,0.40440432916845004,0.129363807,0.3088816940628934,0.3566717926017887,protection_focus,T2_SPANNER
471,ST010__ST031,10,ST010,은계호수공원,31,ST031,마전저수지,9658.0,9.658,2.479447707539169,0.110845888,0.110845888,0.0,0.0,PRELIMINARY_POINT_BUFFER_PROXY,2.494180019,PRELIMINARY_90M,0.7995865989148222,0.5654035823915486,0.110845888,0.37702615747815565,0.35670472476342013,protection_focus,T2_SPANNER
279,ST006__ST025,6,ST006,시흥시청 본청,25,ST025,목감동행정복지센터,7000.0,7.0,2.109248922792119,0.120646147,0.0891229,0.069507083,0.0,PRELIMINARY_POINT_BUFFER_PROXY,3.49144083,PRELIMINARY_90M,0.5706657479975885,0.6741516407610335,0.120646147,0.5424869011641098,0.35695200438828917,protection_focus,T2_SPANNER
1373,ST040__ST048,40,ST040,갯골생태공원,48,ST048,정왕평생학습관 사거리,6381.0,6.381,2.8557744448420976,0.140235273,0.140235273,0.0,0.0,PRELIMINARY_POINT_BUFFER_PROXY,4.850626954,PRELIMINARY_90M,0.5173542330548617,0.45485540211543074,0.140235273,0.7679965616301214,0.3570162776728052,protection_focus,T2_SPANNER
290,ST006__ST036,6,ST006,시흥시청 본청,36,ST036,시흥시립군자도서관,6369.0,6.369,3.006830634630671,0.244304171,0.244304171,0.0,0.0,PRELIMINARY_POINT_BUFFER_PROXY,3.089108296,PRELIMINARY_90M,0.5163207303419172,0.4104817628139833,0.244304171,0.4757338115506301,0.35834856772307544,protection_focus,T2_SPANNER
1007,ST024__ST042,24,ST024,목감고등학교,42,ST042,시흥시청역,6281.0,6.281,2.1271874680066416,0.088684673,0.088684673,0.0,0.0,PRELIMINARY_POINT_BUFFER_PROXY,4.732925624,PRELIMINARY_90M,0.5087417104469899,0.6688820881789377,0.088684673,0.7484681199428387,0.35869320980766445,protection_focus,T2_SPANNER
666,ST015__ST016,15,ST015,목감택지개발예정지구,16,ST016,물왕호수,3107.0,3.107,2.1181705540136373,0.281664379,0.281664379,0.0,0.0,PRELIMINARY_POINT_BUFFER_PROXY,3.053159992,PRELIMINARY_90M,0.23538024287313755,0.6715308594057094,0.281664379,0.4697694408980579,0.35910328312019263,protection_focus,T2_SPANNER
431,ST009__ST036,9,ST009,능곡중앙공원,36,ST036,시흥시립군자도서관,4477.0,4.477,3.3255331202319405,0.336615531,0.336615531,0.073519269,0.0,PRELIMINARY_POINT_BUFFER_PROXY,3.161998942,PRELIMINARY_90M,0.35337180260098183,0.3168610435284025,0.336615531,0.4878274788860746,0.3596854043823679,protection_focus,T2_SPANNER
101,ST002__ST049,2,ST002,월곶포구,49,ST049,거북섬 웨이브파크 정문,11279.0,11.279,2.6964338787885858,0.126061928,0.126061928,0.0,0.0,PRELIMINARY_POINT_BUFFER_PROXY,1.586662782,PRELIMINARY_90M,0.9391955903884248,0.5016626254013039,0.126061928,0.22645523833086523,0.3600877616375104,protection_focus,T2_SPANNER
373,ST008__ST024,8,ST008,시흥능곡역,24,ST024,목감고등학교,7693.0,7.693,1.9795588103840667,0.07423355,0.07423355,0.0,0.0,PRELIMINARY_POINT_BUFFER_PROXY,3.860852365,PRELIMINARY_90M,0.6303505296701404,0.7122488698584566,0.07423355,0.603777896090481,0.3605908958263687,protection_focus,T2_SPANNER
331,ST007__ST029,7,ST007,장현지구,29,ST029,관곡공원,4165.0,4.165,2.078936189138624,0.271907933,0.271907933,0.0,0.0,PRELIMINARY_POINT_BUFFER_PROXY,2.51365291,PRELIMINARY_90M,0.32650073206442165,0.6830561835756226,0.271907933,0.3802570064105875,0.3607510914108158,protection_focus,T2_SPANNER
386,ST008__ST037,8,ST008,시흥능곡역,37,ST037,군자동행정복지센터,4944.0,4.944,3.099278481155629,0.296311656,0.296311656,0.0,0.0,PRELIMINARY_POINT_BUFFER_PROXY,3.296729813,PRELIMINARY_90M,0.3935922831797434,0.3833246671555016,0.296311656,0.5101813805607653,0.3609001917933887,protection_focus,T2_SPANNER
37,ST001__ST038,1,ST001,월곶역,38,ST038,능곡도서관,9189.0,9.189,2.207876585874364,0.151020385,0.143541514,0.010036469,0.0,PRELIMINARY_POINT_BUFFER_PROXY,1.70966098,PRELIMINARY_90M,0.7591938678839032,0.6451791878421445,0.151020385,0.24686251102084986,0.3611552209062298,protection_focus,T2_SPANNER
1238,ST033__ST039,33,ST033,타원산업단지,39,ST039,능곡힐스테이트,11212.0,11.212,3.018660011719582,0.135210115,0.110436354,0.024773761,0.0,PRELIMINARY_POINT_BUFFER_PROXY,2.078405666,PRELIMINARY_90M,0.9334252002411506,0.4070068141022567,0.135210115,0.3080428655507981,0.36154754949618834,protection_focus,T2_SPANNER
597,ST013__ST028,13,ST013,삼미시장,28,ST028,매화산업단지,5031.0,5.031,2.447712054812518,0.276802217,0.276802217,0.0,0.0,PRELIMINARY_POINT_BUFFER_PROXY,2.504274006,PRELIMINARY_90M,0.4010851778485919,0.5747261160067514,0.276802217,0.3787009035198673,0.36163219699871124,protection_focus,T2_SPANNER
555,ST012__ST028,12,ST012,신천역,28,ST028,매화산업단지,4890.0,4.89,2.367307062591222,0.271935607,0.271935607,0.0,0.0,PRELIMINARY_POINT_BUFFER_PROXY,2.585385906,PRELIMINARY_90M,0.38894152097149254,0.598345552773012,0.271935607,0.39215860199527713,0.3623317309095419,protection_focus,T2_SPANNER
1446,ST046__ST052,46,ST046,배곧1동행정복지센터,52,ST052,가온그린공원,7614.0,7.614,2.9124827258011097,0.262335461,0.262335461,0.0,0.0,PRELIMINARY_POINT_BUFFER_PROXY,1.923953071,PRELIMINARY_90M,0.6235466368099216,0.438197012888201,0.262335461,0.2824168297625277,0.36396913425959365,protection_focus,T2_SPANNER
189,ST004__ST034,4,ST004,배곧중심상가,34,ST034,군자디지털과학고등학교,5987.0,5.987,1.5963618879492623,0.21303547,0.21303547,0.0,0.0,PRELIMINARY_POINT_BUFFER_PROXY,1.737917332,PRELIMINARY_90M,0.4834208939798467,0.8248152072018401,0.21303547,0.2515506697895515,0.3646567953446781,protection_focus,T2_SPANNER
206,ST004__ST051,4,ST004,배곧중심상가,51,ST051,연성중학교,10994.0,10.994,2.7105681041429013,0.100881317,0.092752396,0.015688565,0.0,PRELIMINARY_POINT_BUFFER_PROXY,2.504463014,PRELIMINARY_90M,0.91464990095599,0.49751061403020014,0.100881317,0.3787322628231685,0.36480707021920333,protection_focus,T2_SPANNER
829,ST019__ST029,19,ST019,시화병원,29,ST029,관곡공원,9265.0,9.265,2.820027725618513,0.12145997,0.12145997,0.0,0.0,PRELIMINARY_POINT_BUFFER_PROXY,3.513046847,PRELIMINARY_90M,0.7657393850658858,0.465356209975457,0.12145997,0.546071668159342,0.36559204373339704,protection_focus,T2_SPANNER
38,ST001__ST039,1,ST001,월곶역,39,ST039,능곡힐스테이트,9287.0,9.287,2.20571435228064,0.157848013,0.12796136,0.029886653,0.0,PRELIMINARY_POINT_BUFFER_PROXY,1.709054796,PRELIMINARY_90M,0.7676341400396176,0.64581435660754,0.157848013,0.24676193587105535,0.36633727837971286,protection_focus,T2_SPANNER
163,ST004__ST008,4,ST004,배곧중심상가,8,ST008,시흥능곡역,10234.0,10.234,2.6871009164248223,0.177163027,0.177163027,0.0,0.0,PRELIMINARY_POINT_BUFFER_PROXY,1.605438133,PRELIMINARY_90M,0.849194729136164,0.504404237685602,0.177163027,0.22957035476295454,0.3685166481945163,protection_focus,T2_SPANNER
369,ST008__ST020,8,ST008,시흥능곡역,20,ST020,시화공업단지[왼쪽부근],10511.0,10.511,3.1512350183723807,0.191074926,0.191074926,0.0,0.0,PRELIMINARY_POINT_BUFFER_PROXY,1.960084443,PRELIMINARY_90M,0.873051416759969,0.36806213044624614,0.191074926,0.28841157418201324,0.3686188020462327,protection_focus,T2_SPANNER
1382,ST041__ST043,41,ST041,연꽃테마파크,43,ST043,시흥종합버스터미널,10435.0,10.435,2.707502732761991,0.072648627,0.072648627,0.0,0.0,PRELIMINARY_POINT_BUFFER_PROXY,3.682610442,PRELIMINARY_90M,0.8665058995779864,0.49841108480317453,0.072648627,0.5742048487890218,0.3705178834544267,protection_focus,T2_SPANNER
567,ST012__ST040,12,ST012,신천역,40,ST040,갯골생태공원,8610.0,8.61,2.4258672733918405,0.210859569,0.210859569,0.0,0.0,PRELIMINARY_POINT_BUFFER_PROXY,1.670696384,PRELIMINARY_90M,0.7093273619843252,0.5811431483225858,0.210859569,0.24039769162709676,0.37052638288931744,protection_focus,T2_SPANNER
1290,ST035__ST050,35,ST035,산들공원,50,ST050,시흥한라3차아파트,7169.0,7.169,2.2273953014365597,0.243851842,0.243851842,0.0,0.0,PRELIMINARY_POINT_BUFFER_PROXY,1.660864196,PRELIMINARY_90M,0.585220911204892,0.6394454509777585,0.243851842,0.23876638202323414,0.37070187819112727,protection_focus,T2_SPANNER
609,ST013__ST040,13,ST013,삼미시장,40,ST040,갯골생태공원,8751.0,8.751,2.4711492264829102,0.214627747,0.214627747,0.0,0.0,PRELIMINARY_POINT_BUFFER_PROXY,1.634966669,PRELIMINARY_90M,0.7214710188614245,0.567841309740926,0.214627747,0.23446958821585462,0.371954711965802,protection_focus,T2_SPANNER
638,ST014__ST028,14,ST014,시흥대야역,28,ST028,매화산업단지,7295.0,7.295,2.089908465771216,0.142572754,0.110267444,0.03230531,0.0,PRELIMINARY_POINT_BUFFER_PROXY,3.417863274,PRELIMINARY_90M,0.5960726896908104,0.6798330131362529,0.142572754,0.5302792650070776,0.37201775665966164,protection_focus,T2_SPANNER
1387,ST041__ST048,41,ST041,연꽃테마파크,48,ST048,정왕평생학습관 사거리,9776.0,9.776,2.720411057587995,0.09150236,0.09150236,0.0,0.0,PRELIMINARY_POINT_BUFFER_PROXY,3.868236792,PRELIMINARY_90M,0.8097493755921109,0.49461918888274437,0.09150236,0.6050030848972981,0.37264439618542855,protection_focus,T2_SPANNER
1046,ST025__ST051,25,ST025,목감동행정복지센터,51,ST051,연성중학교,4855.0,4.855,2.2406696427083874,0.255573087,0.248649808,0.132560721,0.0,PRELIMINARY_POINT_BUFFER_PROXY,3.153385578,PRELIMINARY_90M,0.3859271380587374,0.6355460355854807,0.255573087,0.48639839073044083,0.3732636350591357,protection_focus,T2_SPANNER
968,ST023__ST034,23,ST023,오이도역,34,ST034,군자디지털과학고등학교,5721.0,5.721,1.6171564960054718,0.243107021,0.243107021,0.0,0.0,PRELIMINARY_POINT_BUFFER_PROXY,1.702079171,PRELIMINARY_90M,0.4605115838429076,0.8187066694544447,0.243107021,0.24560457353670576,0.3733025137172541,protection_focus,T2_SPANNER
282,ST006__ST028,6,ST006,시흥시청 본청,28,ST028,매화산업단지,7615.0,7.615,2.0444096007770654,0.182828995,0.182828995,0.0,0.0,PRELIMINARY_POINT_BUFFER_PROXY,2.397987931,PRELIMINARY_90M,0.6236327620360004,0.6931985708581943,0.182828995,0.361066426340997,0.3742807994870787,protection_focus,T2_SPANNER
278,ST006__ST024,6,ST006,시흥시청 본청,24,ST024,목감고등학교,7071.0,7.071,2.1103035645045516,0.118010471,0.118010471,0.0,0.0,PRELIMINARY_POINT_BUFFER_PROXY,4.228565002,PRELIMINARY_90M,0.5767806390491775,0.6738418335892438,0.118010471,0.6647870179868225,0.37515569104624547,protection_focus,T2_SPANNER
725,ST016__ST036,16,ST016,물왕호수,36,ST036,시흥시립군자도서관,7947.0,7.947,2.8110036953937283,0.162740187,0.162740187,0.0,0.0,PRELIMINARY_POINT_BUFFER_PROXY,3.965292917,PRELIMINARY_90M,0.6522263370941349,0.4680070716369381,0.162740187,0.6211061729206547,0.3751823476024659,protection_focus,T2_SPANNER
377,ST008__ST028,8,ST008,시흥능곡역,28,ST028,매화산업단지,8534.0,8.534,1.9269660940085112,0.132284324,0.132284324,0.0,0.0,PRELIMINARY_POINT_BUFFER_PROXY,2.663161369,PRELIMINARY_90M,0.7027818448023426,0.7276982879167211,0.132284324,0.40506273480241645,0.37661268436833917,protection_focus,T2_SPANNER
269,ST006__ST015,6,ST006,시흥시청 본청,15,ST015,목감택지개발예정지구,6311.0,6.311,2.0188725378469625,0.137175008,0.137175008,0.0,0.0,PRELIMINARY_POINT_BUFFER_PROXY,4.29974913,PRELIMINARY_90M,0.5113254672293515,0.7007002324641489,0.137175008,0.6765975480182851,0.3774472645182354,protection_focus,T2_SPANNER
717,ST016__ST028,16,ST016,물왕호수,28,ST028,매화산업단지,5396.0,5.396,1.7354982539155246,0.101337798,0.101337798,0.0,0.0,PRELIMINARY_POINT_BUFFER_PROXY,5.198864531,PRELIMINARY_90M,0.4325208853673241,0.7839430858690926,0.101337798,0.8257744747239257,0.3786307101624175,protection_focus,T2_SPANNER
33,ST001__ST034,1,ST001,월곶역,34,ST034,군자디지털과학고등학교,8277.0,8.277,1.9078452826401169,0.168648431,0.168648431,0.0,0.0,PRELIMINARY_POINT_BUFFER_PROXY,2.162643123,PRELIMINARY_90M,0.6806476617001119,0.7333151380967746,0.168648431,0.322019141493555,0.3787538897785719,protection_focus,T2_SPANNER
1445,ST046__ST051,46,ST046,배곧1동행정복지센터,51,ST051,연성중학교,11280.0,11.28,2.7426133343782095,0.126763303,0.118839831,0.015292056,0.0,PRELIMINARY_POINT_BUFFER_PROXY,2.482269419,PRELIMINARY_90M,0.9392817156145035,0.48809714021106254,0.126763303,0.3750500076966659,0.38071006680905994,protection_focus,T2_SPANNER
410,ST009__ST015,9,ST009,능곡중앙공원,15,ST015,목감택지개발예정지구,5902.0,5.902,2.0201812566671036,0.180228914,0.180228914,0.099111033,0.0,PRELIMINARY_POINT_BUFFER_PROXY,3.891380857,PRELIMINARY_90M,0.4761002497631556,0.7003157886558333,0.180228914,0.6088430374599344,0.3817083308699963,protection_focus,T2_SPANNER
636,ST014__ST026,14,ST014,시흥대야역,26,ST026,은계파크자이,2742.0,2.742,2.689120979304191,0.480816193,0.434350308,0.046465885,0.0,PRELIMINARY_POINT_BUFFER_PROXY,1.352474425,PRELIMINARY_90M,0.2039445353544053,0.5038108323991268,0.480816193,0.1875998263018331,0.38490860237602503,protection_focus,T2_SPANNER
1180,ST030__ST050,30,ST030,장곡도서관,50,ST050,시흥한라3차아파트,8490.0,8.49,3.1450030516165666,0.293887363,0.293887363,0.0,0.0,PRELIMINARY_POINT_BUFFER_PROXY,1.953099272,PRELIMINARY_90M,0.698992334854879,0.3698928071325055,0.293887363,0.2872526280210039,0.38531396374400223,protection_focus,T2_SPANNER
8,ST001__ST009,1,ST001,월곶역,9,ST009,능곡중앙공원,9589.0,9.589,2.1992660976369445,0.186186101,0.173782985,0.062235777,0.0,PRELIMINARY_POINT_BUFFER_PROXY,1.713322114,PRELIMINARY_90M,0.7936439583153906,0.647708569125966,0.186186101,0.2474699488622772,0.3860986198613146,protection_focus,T2_SPANNER
457,ST010__ST017,10,ST010,은계호수공원,17,ST017,장곡동,9371.0,9.371,2.3066653175877168,0.196613464,0.196613464,0.0,0.0,PRELIMINARY_POINT_BUFFER_PROXY,1.921374112,PRELIMINARY_90M,0.77486865903023,0.6161594200707521,0.196613464,0.2819889412208656,0.3880027179997887,protection_focus,T2_SPANNER
1133,ST028__ST054,28,ST028,매화산업단지,54,ST054,시흥 프리미엄 아울렛,11372.0,11.372,2.198496646600742,0.134812435,0.134812435,0.0,0.0,PRELIMINARY_POINT_BUFFER_PROXY,1.586988395,PRELIMINARY_90M,0.9472052364137455,0.6479345998684889,0.134812435,0.22650926248236056,0.3880138441353766,protection_focus,T2_SPANNER
1189,ST031__ST035,31,ST031,마전저수지,35,ST035,산들공원,5677.0,5.677,2.1062720508959734,0.183933821,0.183933821,0.0,0.0,PRELIMINARY_POINT_BUFFER_PROXY,4.387855812,PRELIMINARY_90M,0.456722073895444,0.6750261142927112,0.183933821,0.6912157872658531,0.38824761051287343,protection_focus,T2_SPANNER
1047,ST025__ST052,25,ST025,목감동행정복지센터,52,ST052,가온그린공원,7345.0,7.345,2.1523239745186866,0.150372603,0.145795802,0.033594487,0.0,PRELIMINARY_POINT_BUFFER_PROXY,4.001952969,PRELIMINARY_90M,0.6003789509947464,0.6614980923637042,0.150372603,0.6271886333969703,0.3885651005630505,protection_focus,T2_SPANNER
415,ST009__ST020,9,ST009,능곡중앙공원,20,ST020,시화공업단지[왼쪽부근],10520.0,10.52,3.15249532086178,0.240155396,0.240155396,0.031284208,0.0,PRELIMINARY_POINT_BUFFER_PROXY,1.809710265,PRELIMINARY_90M,0.8738265437946775,0.36769190921828065,0.240155396,0.2634622098345918,0.38951612461686635,protection_focus,T2_SPANNER
1149,ST029__ST044,29,ST029,관곡공원,44,ST044,경기과학기술대학교,10468.0,10.468,2.820058198037644,0.126175985,0.126175985,0.0,0.0,PRELIMINARY_POINT_BUFFER_PROXY,3.5905658,PRELIMINARY_90M,0.8693480320385841,0.4653472585240993,0.126175985,0.558933242054214,0.3905996739944639,protection_focus,T2_SPANNER
1117,ST028__ST038,28,ST028,매화산업단지,38,ST038,능곡도서관,8729.0,8.729,1.9933415681901132,0.186772272,0.178897513,0.01056774,0.0,PRELIMINARY_POINT_BUFFER_PROXY,2.140300825,PRELIMINARY_90M,0.7195762638876927,0.7082001041354449,0.186772272,0.31831221427656525,0.3912782365393401,protection_focus,T2_SPANNER
1177,ST030__ST047,30,ST030,장곡도서관,47,ST047,배곧2동행정복지센터,9466.0,9.466,2.4693194866650576,0.219276538,0.219276538,0.0,0.0,PRELIMINARY_POINT_BUFFER_PROXY,1.855195732,PRELIMINARY_90M,0.7830505555077082,0.5683788065148518,0.219276538,0.27100894095418343,0.39215654222189694,protection_focus,T2_SPANNER
1003,ST024__ST038,24,ST024,목감고등학교,38,ST038,능곡도서관,7850.0,7.85,2.146106578757132,0.134809985,0.126052119,0.011752849,0.0,PRELIMINARY_POINT_BUFFER_PROXY,4.175710595,PRELIMINARY_90M,0.6438721901644991,0.6633244887351717,0.134809985,0.6560176675893765,0.39408075398158204,protection_focus,T2_SPANNER
13,ST001__ST014,1,ST001,월곶역,14,ST014,시흥대야역,10345.0,10.345,3.077670885016786,0.204886147,0.155571656,0.121201371,0.0,PRELIMINARY_POINT_BUFFER_PROXY,2.733430341,PRELIMINARY_90M,0.8587546292309017,0.3896720249074638,0.204886147,0.4167214265277122,0.3951530170614567,protection_focus,T2_SPANNER
291,ST006__ST037,6,ST006,시흥시청 본청,37,ST037,군자동행정복지센터,6845.0,6.845,2.8673370714628095,0.296832124,0.296832124,0.0,0.0,PRELIMINARY_POINT_BUFFER_PROXY,2.957161605,PRELIMINARY_90M,0.5573163379553872,0.45145881291400236,0.296832124,0.4538418477043131,0.39567442868382474,protection_focus,T2_SPANNER
900,ST021__ST031,21,ST021,오이도 포구 해양관광 단지,31,ST031,마전저수지,9293.0,9.293,3.031251972754875,0.24550113,0.238398194,0.029057106,0.0,PRELIMINARY_POINT_BUFFER_PROXY,2.59903452,PRELIMINARY_90M,0.7681508913960899,0.40330785189580864,0.24550113,0.39442311474641795,0.396040388275552,protection_focus,T2_SPANNER
1118,ST028__ST039,28,ST028,매화산업단지,39,ST039,능곡힐스테이트,8827.0,8.827,1.9934144520107262,0.193566014,0.162114654,0.03145136,0.0,PRELIMINARY_POINT_BUFFER_PROXY,2.133727733,PRELIMINARY_90M,0.7280165360434071,0.7081786940868311,0.193566014,0.31722163829218897,0.3961963640655344,protection_focus,T2_SPANNER
420,ST009__ST025,9,ST009,능곡중앙공원,25,ST025,목감동행정복지센터,6963.0,6.963,2.1349319188717595,0.217188943,0.140523126,0.151111218,0.0,PRELIMINARY_POINT_BUFFER_PROXY,3.335237025,PRELIMINARY_90M,0.5674791146326759,0.6666071104388166,0.217188943,0.5165703129889873,0.39956690794070576,protection_focus,T2_SPANNER
317,ST007__ST015,7,ST007,장현지구,15,ST015,목감택지개발예정지구,6924.0,6.924,1.8405394230049963,0.163528348,0.163528348,0.0,0.0,PRELIMINARY_POINT_BUFFER_PROXY,3.976463762,PRELIMINARY_90M,0.5641202308156059,0.7530866280469906,0.163528348,0.6229595860909237,0.40099515228380833,protection_focus,T2_SPANNER
970,ST023__ST036,23,ST023,오이도역,36,ST036,시흥시립군자도서관,5986.0,5.986,1.6736800636760731,0.276782237,0.276782237,0.0,0.0,PRELIMINARY_POINT_BUFFER_PROXY,2.065866617,PRELIMINARY_90M,0.48333476875376796,0.8021025408361023,0.276782237,0.3059624465172113,0.40126782035375064,protection_focus,T2_SPANNER
688,ST015__ST038,15,ST015,목감택지개발예정지구,38,ST038,능곡도서관,7216.0,7.216,2.1624082596758836,0.186713321,0.17718156,0.012791398,0.0,PRELIMINARY_POINT_BUFFER_PROXY,3.897964235,PRELIMINARY_90M,0.5892687968305916,0.6585357746142315,0.186713321,0.6099353200482308,0.40148108406548766,protection_focus,T2_SPANNER
1270,ST034__ST050,34,ST034,군자디지털과학고등학교,50,ST050,시흥한라3차아파트,7605.0,7.605,2.182341130338644,0.287097417,0.287097417,0.0,0.0,PRELIMINARY_POINT_BUFFER_PROXY,1.691386605,PRELIMINARY_90M,0.6227715097752131,0.6526803772665973,0.287097417,0.24383051413042356,0.40257964416459574,protection_focus,T2_SPANNER
650,ST014__ST040,14,ST014,시흥대야역,40,ST040,갯골생태공원,11018.0,11.018,2.227076316300076,0.137706878,0.116319751,0.021387128,0.0,PRELIMINARY_POINT_BUFFER_PROXY,2.417277935,PRELIMINARY_90M,0.9167169063818793,0.6395391547273941,0.137706878,0.3642669315371699,0.40276773321606046,protection_focus,T2_SPANNER
1016,ST024__ST051,24,ST024,목감고등학교,51,ST051,연성중학교,5421.0,5.421,2.131002869348733,0.286117824,0.286117824,0.073213062,0.0,PRELIMINARY_POINT_BUFFER_PROXY,3.183231796,PRELIMINARY_90M,0.43467401601929206,0.6677612917178248,0.286117824,0.4913503324612516,0.4038604588307199,protection_focus,T2_SPANNER
432,ST009__ST037,9,ST009,능곡중앙공원,37,ST037,군자동행정복지센터,4953.0,4.953,3.102056456122923,0.400364762,0.400364762,0.066454291,0.0,PRELIMINARY_POINT_BUFFER_PROXY,2.974338855,PRELIMINARY_90M,0.3943674102144518,0.3825086207600531,0.400364762,0.45669181486248267,0.4049359283862708,protection_focus,T2_SPANNER
1311,ST036__ST052,36,ST036,시흥시립군자도서관,52,ST052,가온그린공원,4453.0,4.453,1.9583068090046363,0.250288969,0.250288969,0.0,0.0,PRELIMINARY_POINT_BUFFER_PROXY,4.346934905,PRELIMINARY_90M,0.3513047971750926,0.7184917695699125,0.250288969,0.6844263861083622,0.4058431672867597,protection_focus,T2_SPANNER
171,ST004__ST016,4,ST004,배곧중심상가,16,ST016,물왕호수,11715.0,11.715,2.5514715857665906,0.129045792,0.129045792,0.0,0.0,PRELIMINARY_POINT_BUFFER_PROXY,2.815872271,PRELIMINARY_90M,0.976746188958746,0.5442461468834228,0.129045792,0.43039979721895294,0.40606902540710554,protection_focus,T2_SPANNER
1025,ST025__ST030,25,ST025,목감동행정복지센터,30,ST030,장곡도서관,7865.0,7.865,2.142262429308918,0.174574372,0.170299885,0.03137545,0.0,PRELIMINARY_POINT_BUFFER_PROXY,3.847306972,PRELIMINARY_90M,0.64516406855568,0.6644537301206102,0.174574372,0.6015305092739359,0.4062176356203179,protection_focus,T2_SPANNER
595,ST013__ST026,13,ST013,삼미시장,26,ST026,은계파크자이,1938.0,1.938,2.6326125397405407,0.511569918,0.511569918,0.0,0.0,PRELIMINARY_POINT_BUFFER_PROXY,2.070334106,PRELIMINARY_90M,0.13469985358711567,0.5204105170475657,0.511569918,0.3067036709232997,0.4067920579130529,protection_focus,T2_SPANNER
726,ST016__ST037,16,ST016,물왕호수,37,ST037,군자동행정복지센터,8423.0,8.423,2.7086537373101662,0.210058427,0.210058427,0.0,0.0,PRELIMINARY_POINT_BUFFER_PROXY,3.808674234,PRELIMINARY_90M,0.6932219447076049,0.4980729704847442,0.210058427,0.5951207501722072,0.40765266054006366,protection_focus,T2_SPANNER
1436,ST045__ST051,45,ST045,시흥중앙도서관,51,ST051,연성중학교,10640.0,10.64,2.7341112239100824,0.143213845,0.134815579,0.016208393,0.0,PRELIMINARY_POINT_BUFFER_PROXY,3.745919825,PRELIMINARY_90M,0.8841615709241237,0.49059468489123614,0.143213845,0.584708838796385,0.4097347652379679,protection_focus,T2_SPANNER
289,ST006__ST035,6,ST006,시흥시청 본청,35,ST035,산들공원,6977.0,6.977,2.9216522119106507,0.310126848,0.310126848,0.0,0.0,PRELIMINARY_POINT_BUFFER_PROXY,3.275946265,PRELIMINARY_90M,0.5686848677977779,0.4355034227097787,0.310126848,0.5067330736879981,0.41013587201922214,protection_focus,T2_SPANNER
751,ST017__ST024,17,ST017,장곡동,24,ST024,목감고등학교,7967.0,7.967,2.038940641713902,0.184483721,0.184483721,0.0,0.0,PRELIMINARY_POINT_BUFFER_PROXY,3.60318661,PRELIMINARY_90M,0.6539488416157092,0.6948051095717871,0.184483721,0.5610272264818436,0.41140647923118645,protection_focus,T2_SPANNER
1075,ST026__ST051,26,ST026,은계파크자이,51,ST051,연성중학교,7587.0,7.587,2.103109787779251,0.27255464,0.260774295,0.022735702,0.0,PRELIMINARY_POINT_BUFFER_PROXY,2.31844097,PRELIMINARY_90M,0.6212212557057962,0.6759550475798153,0.27255464,0.34786837505908663,0.4140950845369946,protection_focus,T2_SPANNER
1017,ST024__ST052,24,ST024,목감고등학교,52,ST052,가온그린공원,7911.0,7.911,2.0834857625828795,0.178828181,0.178828181,0.0,0.0,PRELIMINARY_POINT_BUFFER_PROXY,3.951617974,PRELIMINARY_90M,0.649125828955301,0.6817197197652127,0.178828181,0.6188372917877702,0.4143228080240076,protection_focus,T2_SPANNER
96,ST002__ST044,2,ST002,월곶포구,44,ST044,경기과학기술대학교,9064.0,9.064,2.57415179912506,0.229400406,0.229400406,0.0,0.0,PRELIMINARY_POINT_BUFFER_PROXY,3.049817901,PRELIMINARY_90M,0.7484282146240634,0.537583701549291,0.229400406,0.46921493714515133,0.415405641728979,protection_focus,T2_SPANNER
419,ST009__ST024,9,ST009,능곡중앙공원,24,ST024,목감고등학교,6788.0,6.788,2.1061863448320617,0.240880001,0.240880001,0.086193074,0.0,PRELIMINARY_POINT_BUFFER_PROXY,3.692084153,PRELIMINARY_90M,0.5524072000689002,0.6750512909502933,0.240880001,0.5757766816037034,0.4185456363968796,protection_focus,T2_SPANNER
1309,ST036__ST050,36,ST036,시흥시립군자도서관,50,ST050,시흥한라3차아파트,7787.0,7.787,2.207110061858895,0.303797728,0.303797728,0.0,0.0,PRELIMINARY_POINT_BUFFER_PROXY,1.937523345,PRELIMINARY_90M,0.6384463009215399,0.6454043587552062,0.303797728,0.2846683447155826,0.4190990297049263,protection_focus,T2_SPANNER
1130,ST028__ST051,28,ST028,매화산업단지,51,ST051,연성중학교,6968.0,6.968,1.7909129329233158,0.266511086,0.253684669,0.024754587,0.0,PRELIMINARY_POINT_BUFFER_PROXY,2.561025172,PRELIMINARY_90M,0.5679097407630695,0.7676646997815122,0.266511086,0.3881167855317044,0.4202047139495964,protection_focus,T2_SPANNER
553,ST012__ST026,12,ST012,신천역,26,ST026,은계파크자이,1797.0,1.797,2.4281601537334185,0.516501543,0.516501543,0.0,0.0,PRELIMINARY_POINT_BUFFER_PROXY,2.25962769,PRELIMINARY_90M,0.12255619671001636,0.580469601310835,0.516501543,0.3381103569558261,0.4205490045820024,protection_focus,T2_SPANNER
338,ST007__ST036,7,ST007,장현지구,36,ST036,시흥시립군자도서관,7914.0,7.914,2.6645802732851354,0.307930223,0.307930223,0.0,0.0,PRELIMINARY_POINT_BUFFER_PROXY,2.636188829,PRELIMINARY_90M,0.6493842046335372,0.5110198083346155,0.307930223,0.40058757998005456,0.42058306067390794,protection_focus,T2_SPANNER
851,ST019__ST051,19,ST019,시화병원,51,ST051,연성중학교,10677.0,10.677,2.783053750312431,0.173530884,0.165161303,0.016153033,0.0,PRELIMINARY_POINT_BUFFER_PROXY,3.692434824,PRELIMINARY_90M,0.8873482042890363,0.4762175314881276,0.173530884,0.5758348632587019,0.4220429420698316,protection_focus,T2_SPANNER
430,ST009__ST035,9,ST009,능곡중앙공원,35,ST035,산들공원,5085.0,5.085,3.1705169235060016,0.415926001,0.415926001,0.064729724,0.0,PRELIMINARY_POINT_BUFFER_PROXY,3.401700163,PRELIMINARY_90M,0.40573594005684266,0.362397958030395,0.415926001,0.5275975589409814,0.422609516057075,protection_focus,T2_SPANNER
691,ST015__ST041,15,ST015,목감택지개발예정지구,41,ST041,연꽃테마파크,6996.0,6.996,2.103008519775055,0.288308607,0.265820206,0.077886748,0.0,PRELIMINARY_POINT_BUFFER_PROXY,2.821094596,PRELIMINARY_90M,0.5703212470932736,0.67598479564838,0.288308607,0.43126626040364713,0.42430621132645885,protection_focus,T2_SPANNER
465,ST010__ST025,10,ST010,은계호수공원,25,ST025,목감동행정복지센터,10313.0,10.313,2.6681422923957845,0.226109508,0.224029999,0.058254689,0.0,PRELIMINARY_POINT_BUFFER_PROXY,2.851874621,PRELIMINARY_90M,0.8559986219963828,0.5099734443860606,0.226109508,0.4363731349253336,0.4262064652959857,protection_focus,T2_SPANNER
792,ST018__ST028,18,ST018,정왕역,28,ST028,매화산업단지,11947.0,11.947,2.461849334359547,0.135715444,0.135715444,0.0,0.0,PRELIMINARY_POINT_BUFFER_PROXY,3.213272967,PRELIMINARY_90M,0.9967272414090087,0.5705732074486736,0.135715444,0.4963346198613277,0.4272393443783019,protection_focus,T2_SPANNER
1328,ST037__ST051,37,ST037,군자동행정복지센터,51,ST051,연성중학교,7679.0,7.679,2.8767553676910294,0.324964174,0.313330244,0.022453124,0.0,PRELIMINARY_POINT_BUFFER_PROXY,3.223326426,PRELIMINARY_90M,0.6291447765050383,0.44869213330788915,0.324964174,0.4980026416911319,0.43031525855086084,protection_focus,T2_SPANNER
995,ST024__ST030,24,ST024,목감고등학교,30,ST030,장곡도서관,8431.0,8.431,2.07834127497437,0.199652452,0.199652452,0.0,0.0,PRELIMINARY_POINT_BUFFER_PROXY,3.812964679,PRELIMINARY_90M,0.6939109465162346,0.6832309430911173,0.199652452,0.5958326002846485,0.4304679468096118,protection_focus,T2_SPANNER
701,ST015__ST051,15,ST015,목감택지개발예정지구,51,ST051,연성중학교,5797.0,5.797,2.122512321905777,0.32243609,0.32243609,0.068467983,0.0,PRELIMINARY_POINT_BUFFER_PROXY,3.264344745,PRELIMINARY_90M,0.4670571010248902,0.6702554396917204,0.32243609,0.504808204981724,0.4308890119059947,protection_focus,T2_SPANNER
67,ST002__ST015,2,ST002,월곶포구,15,ST015,목감택지개발예정지구,11305.0,11.305,2.1069502302882155,0.145481854,0.145481854,0.0,0.0,PRELIMINARY_POINT_BUFFER_PROXY,2.989500623,PRELIMINARY_90M,0.9414348462664714,0.6748268951294638,0.145481854,0.45920738288761975,0.43113303795585683,protection_focus,T2_SPANNER
330,ST007__ST028,7,ST007,장현지구,28,ST028,매화산업단지,8310.0,8.31,1.8818440114835289,0.272091051,0.272091051,0.0,0.0,PRELIMINARY_POINT_BUFFER_PROXY,2.181486617,PRELIMINARY_90M,0.6834897941607097,0.740953163584485,0.272091051,0.32514556388626425,0.43265829345275436,protection_focus,T2_SPANNER
763,ST017__ST036,17,ST017,장곡동,36,ST036,시흥시립군자도서관,5061.0,5.061,1.9616842116374067,0.29462359,0.29462359,0.0,0.0,PRELIMINARY_POINT_BUFFER_PROXY,4.135337569,PRELIMINARY_90M,0.4036689346309534,0.7174996377915849,0.29462359,0.6493191682267936,0.4330684028289475,protection_focus,T2_SPANNER
326,ST007__ST024,7,ST007,장현지구,24,ST024,목감고등학교,7810.0,7.81,1.9356311516316742,0.218129369,0.218129369,0.0,0.0,PRELIMINARY_POINT_BUFFER_PROXY,3.797294408,PRELIMINARY_90M,0.6404271811213504,0.7251528765566526,0.218129369,0.5932326638740113,0.43490795178886965,protection_focus,T2_SPANNER
887,ST020__ST052,20,ST020,시화공업단지[왼쪽부근],52,ST052,가온그린공원,8426.0,8.426,2.7010064819127746,0.271456484,0.271456484,0.0,0.0,PRELIMINARY_POINT_BUFFER_PROXY,4.094307675,PRELIMINARY_90M,0.6934803203858411,0.5003193964877095,0.271456484,0.6425116844675668,0.44584896822045966,protection_focus,T2_SPANNER
865,ST020__ST030,20,ST020,시화공업단지[왼쪽부근],30,ST030,장곡도서관,9297.0,9.297,2.2030361017731273,0.21011764,0.21011764,0.0,0.0,PRELIMINARY_POINT_BUFFER_PROXY,4.026544933,PRELIMINARY_90M,0.7684953923004048,0.6466011083596241,0.21011764,0.6312688144361289,0.45043838687944393,protection_focus,T2_SPANNER
339,ST007__ST037,7,ST007,장현지구,37,ST037,군자동행정복지센터,8390.0,8.39,2.570190493668074,0.347173938,0.347173938,0.0,0.0,PRELIMINARY_POINT_BUFFER_PROXY,2.554708776,PRELIMINARY_90M,0.6903798122470072,0.5387473581975699,0.347173938,0.3870687993198257,0.45053535507701076,protection_focus,T2_SPANNER
1029,ST025__ST034,25,ST025,목감동행정복지센터,34,ST034,군자디지털과학고등학교,11027.0,11.027,2.6700129419572725,0.226639869,0.223590409,0.022383542,0.0,PRELIMINARY_POINT_BUFFER_PROXY,3.697276312,PRELIMINARY_90M,0.9174920334165877,0.5094239301356546,0.226639869,0.5766381397899669,0.4597276516721608,protection_focus,T2_SPANNER
552,ST012__ST025,12,ST012,신천역,25,ST025,목감동행정복지센터,11469.0,11.469,2.672810002289368,0.268256823,0.266386985,0.052381024,0.0,PRELIMINARY_POINT_BUFFER_PROXY,2.854554512,PRELIMINARY_90M,0.9555593833433813,0.5086022773026624,0.268256823,0.4368177696216601,0.46705329520732464,protection_focus,T2_SPANNER
1022,ST025__ST027,25,ST025,목감동행정복지센터,27,ST027,은행동행정복지센터,11791.0,11.791,2.1504100554988375,0.170690801,0.128504866,0.060260373,0.0,PRELIMINARY_POINT_BUFFER_PROXY,3.700550705,PRELIMINARY_90M,0.9832917061407286,0.6620603172705937,0.170690801,0.577181411414525,0.46789000103091355,protection_focus,T2_SPANNER
594,ST013__ST025,13,ST013,삼미시장,25,ST025,목감동행정복지센터,11610.0,11.61,2.70398096958528,0.270409164,0.268561734,0.051753296,0.0,PRELIMINARY_POINT_BUFFER_PROXY,2.813742202,PRELIMINARY_90M,0.9677030402204806,0.4994456233356718,0.270409164,0.4300463863589704,0.4681689914982924,protection_focus,T2_SPANNER
999,ST024__ST034,24,ST024,목감고등학교,34,ST034,군자디지털과학고등학교,11593.0,11.593,2.597756645360384,0.242340239,0.242340239,0.0,0.0,PRELIMINARY_POINT_BUFFER_PROXY,3.68018367,PRELIMINARY_90M,0.9662389113771424,0.5306496398992624,0.242340239,0.5738022103864623,0.4800856793182872,protection_focus,T2_SPANNER
684,ST015__ST034,15,ST015,목감택지개발예정지구,34,ST034,군자디지털과학고등학교,11969.0,11.969,2.5789867126290114,0.261310662,0.261310662,0.0,0.0,PRELIMINARY_POINT_BUFFER_PROXY,3.705029013,PRELIMINARY_90M,0.9986219963827405,0.5361634174273473,0.261310662,0.5779244308573444,0.49749290751925185,protection_focus,T2_SPANNER
136,ST003__ST032,3,ST003,배곧한울공원,32,ST032,희망공원,2946.0,2.946,2.474419063810549,0.0,0.0,0.0,0.0,PRELIMINARY_POINT_BUFFER_PROXY,0.664390229,PRELIMINARY_90M,0.22151408147446386,0.5668807759001471,0.0,0.07343618773014575,0.1403503608394367,protection_focus,DEGREE_LIMIT_3
259,ST005__ST054,5,ST005,배곧중·고등학교,54,ST054,시흥 프리미엄 아울렛,1508.0,1.508,1.711681176130996,0.0,0.0,0.0,0.0,PRELIMINARY_POINT_BUFFER_PROXY,0.623743217,PRELIMINARY_90M,0.09766600637326674,0.7909394917780753,0.0,0.06669222992096648,0.1481779595295096,protection_focus,DEGREE_LIMIT_3
1145,ST029__ST040,29,ST029,관곡공원,40,ST040,갯골생태공원,3173.0,3.173,2.6002442194967386,0.0,0.0,0.0,0.0,PRELIMINARY_POINT_BUFFER_PROXY,1.529257702,PRELIMINARY_90M,0.24106450779433297,0.5299189004465018,0.0,0.2169308620359346,0.16024036593123203,protection_focus,DEGREE_LIMIT_3
934,ST022__ST032,22,ST022,오이도박물관,32,ST032,희망공원,2894.0,2.894,2.88457420094931,0.0,0.0,0.0,0.0,PRELIMINARY_POINT_BUFFER_PROXY,2.242877844,PRELIMINARY_90M,0.2170355697183705,0.4463953053047024,0.0,0.3353313026249875,0.16066610513312757,protection_focus,DEGREE_LIMIT_3
108,ST003__ST004,3,ST003,배곧한울공원,4,ST004,배곧중심상가,4685.0,4.685,2.9330495193194137,0.0,0.0,0.0,0.0,PRELIMINARY_POINT_BUFFER_PROXY,1.18657571,PRELIMINARY_90M,0.37128584962535527,0.432155396993838,0.0,0.16007470503198293,0.16309168522894418,protection_focus,DEGREE_LIMIT_3
1210,ST032__ST033,32,ST032,희망공원,33,ST033,타원산업단지,2081.0,2.081,1.4965117896209403,0.0,0.0,0.0,0.0,PRELIMINARY_POINT_BUFFER_PROXY,0.481788461,PRELIMINARY_90M,0.14701576091637242,0.8541467576244774,0.0,0.043139775800197705,0.16399613219697579,protection_focus,DEGREE_LIMIT_3
151,ST003__ST047,3,ST003,배곧한울공원,47,ST047,배곧2동행정복지센터,2142.0,2.142,2.998593533213879,0.082490603,0.082490603,0.0,0.0,PRELIMINARY_POINT_BUFFER_PROXY,1.45164868,PRELIMINARY_90M,0.15226939970717424,0.41290145953524826,0.082490603,0.20405434432339853,0.16424255202023186,protection_focus,DEGREE_LIMIT_3
957,ST022__ST055,22,ST022,오이도박물관,55,ST055,해양생태과학관,1977.0,1.977,2.056726097058233,0.0,0.0,0.0,0.0,PRELIMINARY_POINT_BUFFER_PROXY,2.016046436,PRELIMINARY_90M,0.1380587374041857,0.6895805280345066,0.0,0.29769652038444466,0.17570330474367984,protection_focus,DEGREE_LIMIT_3
1242,ST033__ST043,33,ST033,타원산업단지,43,ST043,시흥종합버스터미널,2934.0,2.934,2.565523484039041,0.07531911,0.07531911,0.0,0.0,PRELIMINARY_POINT_BUFFER_PROXY,0.889229462,PRELIMINARY_90M,0.22048057876151925,0.5401183195741607,0.07531911,0.11074043782361453,0.1793844843619701,protection_focus,DEGREE_LIMIT_3
1147,ST029__ST042,29,ST029,관곡공원,42,ST042,시흥시청역,2654.0,2.654,2.6841941622399865,0.0,0.0,0.0,0.0,PRELIMINARY_POINT_BUFFER_PROXY,2.927478894,PRELIMINARY_90M,0.19636551545947808,0.5052581137294531,0.0,0.44891703427285934,0.18239937529224248,protection_focus,DEGREE_LIMIT_3
1248,ST033__ST049,33,ST033,타원산업단지,49,ST049,거북섬 웨이브파크 정문,6473.0,6.473,3.047600158788452,0.029639496,0.029639496,0.0,0.0,PRELIMINARY_POINT_BUFFER_PROXY,0.648130457,PRELIMINARY_90M,0.5252777538541039,0.39850547662537295,0.029639496,0.07073844413327633,0.19026188688461818,protection_focus,DEGREE_LIMIT_3
209,ST004__ST054,4,ST004,배곧중심상가,54,ST054,시흥 프리미엄 아울렛,3518.0,3.518,3.9115620934849367,0.174673018,0.174673018,0.0,0.0,PRELIMINARY_POINT_BUFFER_PROXY,1.470188615,PRELIMINARY_90M,0.2707777107914908,0.14471160486108936,0.174673018,0.2071304016588043,0.1942683521362822,protection_focus,DEGREE_LIMIT_3
53,ST001__ST054,1,ST001,월곶역,54,ST054,시흥 프리미엄 아울렛,3069.0,3.069,2.971566575272677,0.131704676,0.131704676,0.0,0.0,PRELIMINARY_POINT_BUFFER_PROXY,1.446878915,PRELIMINARY_90M,0.23210748428214625,0.42084078651533996,0.131704676,0.20326296772922972,0.20588939799311468,protection_focus,DEGREE_LIMIT_3
1381,ST041__ST042,41,ST041,연꽃테마파크,42,ST042,시흥시청역,3357.0,3.357,2.4375560527901543,0.0,0.0,0.0,0.0,PRELIMINARY_POINT_BUFFER_PROXY,2.986825232,PRELIMINARY_90M,0.25691154939281713,0.5777095010048499,0.0,0.458763494809769,0.20685325925075626,protection_focus,DEGREE_LIMIT_3
1,ST001__ST002,1,ST001,월곶역,2,ST002,월곶포구,619.0,0.619,1.5532421960245575,0.149164241,0.149164241,0.0,0.0,PRELIMINARY_POINT_BUFFER_PROXY,0.47799073,PRELIMINARY_90M,0.02110068038928602,0.8374818689184798,0.149164241,0.042509674437898,0.21080098808131387,protection_focus,DEGREE_LIMIT_3
1409,ST043__ST045,43,ST043,시흥종합버스터미널,45,ST045,시흥중앙도서관,671.0,0.671,3.1817228022763167,0.300402098,0.300402098,0.0,0.0,PRELIMINARY_POINT_BUFFER_PROXY,0.425583211,PRELIMINARY_90M,0.025579192145379383,0.35910616559669406,0.300402098,0.03381446955986759,0.21425498270256013,protection_focus,DEGREE_LIMIT_3
30,ST001__ST031,1,ST001,월곶역,31,ST031,마전저수지,4726.0,4.726,2.1733816526852707,0.0,0.0,0.0,0.0,PRELIMINARY_POINT_BUFFER_PROXY,1.971254241,PRELIMINARY_90M,0.37481698389458273,0.6553122762326484,0.0,0.2902648136390502,0.21679996025967135,protection_focus,DEGREE_LIMIT_3
1136,ST029__ST031,29,ST029,관곡공원,31,ST031,마전저수지,5377.0,5.377,2.6870303020635813,0.0,0.0,0.0,0.0,PRELIMINARY_POINT_BUFFER_PROXY,3.331666559,PRELIMINARY_90M,0.43088450607182843,0.504424981067251,0.0,0.5159779183484388,0.23923733612671916,protection_focus,DEGREE_LIMIT_3
952,ST022__ST050,22,ST022,오이도박물관,50,ST050,시흥한라3차아파트,4574.0,4.574,3.4123151124351194,0.205257775,0.205257775,0.0,0.0,PRELIMINARY_POINT_BUFFER_PROXY,1.596050461,PRELIMINARY_90M,0.36172594953061754,0.291368325717403,0.205257775,0.22801279712761313,0.25288124583287597,protection_focus,DEGREE_LIMIT_3
466,ST010__ST026,10,ST010,은계호수공원,26,ST026,은계파크자이,1220.0,1.22,2.405341600576404,0.254629654,0.254629654,0.0,0.0,PRELIMINARY_POINT_BUFFER_PROXY,1.537591702,PRELIMINARY_90M,0.07286194126259582,0.5871726847699602,0.254629654,0.21831359945293588,0.26271015788595353,protection_focus,DEGREE_LIMIT_3
262,ST006__ST008,6,ST006,시흥시청 본청,8,ST008,시흥능곡역,1951.0,1.951,2.023517683433672,0.1397711,0.1397711,0.0,0.0,PRELIMINARY_POINT_BUFFER_PROXY,2.968420709,PRELIMINARY_90M,0.135819481526139,0.699335693777877,0.1397711,0.45570990438570363,0.2703062860297649,protection_focus,DEGREE_LIMIT_3
890,ST020__ST055,20,ST020,시화공업단지[왼쪽부근],55,ST055,해양생태과학관,7845.0,7.845,3.112517680994103,0.111759441,0.111759441,0.0,0.0,PRELIMINARY_POINT_BUFFER_PROXY,1.607476394,PRELIMINARY_90M,0.6434415640341056,0.37943557476481926,0.111759441,0.22990853327871102,0.2759696495133507,protection_focus,DEGREE_LIMIT_3
63,ST002__ST011,2,ST002,월곶포구,11,ST011,배곧생명공원,3928.0,3.928,3.437997456052192,0.304495296,0.304495296,0.0,0.0,PRELIMINARY_POINT_BUFFER_PROXY,1.160746133,PRELIMINARY_90M,0.3060890534837654,0.28382398705988165,0.304495296,0.1557891851635865,0.27940743453027334,protection_focus,DEGREE_LIMIT_3
1449,ST046__ST055,46,ST046,배곧1동행정복지센터,55,ST055,해양생태과학관,7851.0,7.851,3.5232407663534175,0.164232235,0.164232235,0.0,0.0,PRELIMINARY_POINT_BUFFER_PROXY,1.618401666,PRELIMINARY_90M,0.6439583153905779,0.25878326605756985,0.164232235,0.23172120215143918,0.28448345080946696,protection_focus,DEGREE_LIMIT_3
1424,ST044__ST049,44,ST044,경기과학기술대학교,49,ST049,거북섬 웨이브파크 정문,7754.0,7.754,2.513106231387435,0.113143833,0.113143833,0.0,0.0,PRELIMINARY_POINT_BUFFER_PROXY,0.978919207,PRELIMINARY_90M,0.6356041684609423,0.5555161941372007,0.113143833,0.12562133131207187,0.28586337900957937,protection_focus,DEGREE_LIMIT_3
468,ST010__ST028,10,ST010,은계호수공원,28,ST028,매화산업단지,3734.0,3.734,2.2597817465071626,0.156648005,0.156648005,0.0,0.0,PRELIMINARY_POINT_BUFFER_PROXY,2.499811713,PRELIMINARY_90M,0.289380759624494,0.6299317433049347,0.156648005,0.3779605412092454,0.28738399710202583,protection_focus,DEGREE_LIMIT_3
1468,ST049__ST053,49,ST049,거북섬 웨이브파크 정문,53,ST053,오이도 빨강등대,3795.0,3.795,1.9574790573544323,0.127972736,0.001466061,0.126506675,0.0,PRELIMINARY_POINT_BUFFER_PROXY,2.594915167,PRELIMINARY_90M,0.2946343984152958,0.7187349264588074,0.127972736,0.39373965140025324,0.2897844343619183,protection_focus,DEGREE_LIMIT_3
912,ST021__ST043,21,ST021,오이도 포구 해양관광 단지,43,ST043,시흥종합버스터미널,6933.0,6.933,2.4234188576339304,0.1092334,0.031860253,0.077373148,0.0,PRELIMINARY_POINT_BUFFER_PROXY,1.726597,PRELIMINARY_90M,0.5648953578503143,0.581862384772635,0.1092334,0.24967245445126526,0.2923259974536479,protection_focus,DEGREE_LIMIT_3
1205,ST031__ST051,31,ST031,마전저수지,51,ST051,연성중학교,6100.0,6.1,2.6203589074087144,0.119255883,0.104609688,0.028266702,0.0,PRELIMINARY_POINT_BUFFER_PROXY,2.974419427,PRELIMINARY_90M,0.49315304452674186,0.5240100932184334,0.119255883,0.4567051829833325,0.30536584183561327,protection_focus,DEGREE_LIMIT_3
365,ST008__ST016,8,ST008,시흥능곡역,16,ST016,물왕호수,5244.0,5.244,1.760127283972371,0.0,0.0,0.0,0.0,PRELIMINARY_POINT_BUFFER_PROXY,4.553952786,PRELIMINARY_90M,0.4194298510033589,0.776708164230882,0.0,0.7187738027206755,0.3082082652434054,protection_focus,DEGREE_LIMIT_3
714,ST016__ST025,16,ST016,물왕호수,25,ST025,목감동행정복지센터,3005.0,3.005,2.1381214943015445,0.193383798,0.119943446,0.161932073,0.0,PRELIMINARY_POINT_BUFFER_PROXY,2.924827881,PRELIMINARY_90M,0.22659546981310827,0.6656701539999965,0.193383798,0.4484771908761643,0.30913309469404576,protection_focus,DEGREE_LIMIT_3
731,ST016__ST042,16,ST016,물왕호수,42,ST042,시흥시청역,3596.0,3.596,2.0217012678110553,0.0,0.0,0.0,0.0,PRELIMINARY_POINT_BUFFER_PROXY,6.248952212,PRELIMINARY_90M,0.2774954784256309,0.6998692764915169,0.0,1.0,0.31047948715885365,protection_focus,DEGREE_LIMIT_3
385,ST008__ST036,8,ST008,시흥능곡역,36,ST036,시흥시립군자도서관,4468.0,4.468,3.322939983305055,0.221339234,0.221339234,0.0,0.0,PRELIMINARY_POINT_BUFFER_PROXY,3.518784026,PRELIMINARY_90M,0.3525966755662734,0.3176227926683346,0.221339234,0.5470235534570783,0.3108859040320666,protection_focus,DEGREE_LIMIT_3
292,ST006__ST038,6,ST006,시흥시청 본청,38,ST038,능곡도서관,2199.0,2.199,2.084117616972949,0.214672193,0.183407351,0.04195668,0.0,PRELIMINARY_POINT_BUFFER_PROXY,3.091529972,PRELIMINARY_90M,0.15717853759366118,0.6815341088423155,0.214672193,0.4761356044492447,0.3124222610124663,protection_focus,DEGREE_LIMIT_3
1391,ST041__ST052,41,ST041,연꽃테마파크,52,ST052,가온그린공원,4968.0,4.968,2.2619391797382047,0.172697542,0.172697542,0.0,0.0,PRELIMINARY_POINT_BUFFER_PROXY,2.343340408,PRELIMINARY_90M,0.3956592886056326,0.629297984674155,0.172697542,0.35199957071362264,0.31267526202929313,protection_focus,DEGREE_LIMIT_3
480,ST010__ST040,10,ST010,은계호수공원,40,ST040,갯골생태공원,7454.0,7.454,2.3810988212602635,0.143643119,0.143643119,0.0,0.0,PRELIMINARY_POINT_BUFFER_PROXY,1.480173201,PRELIMINARY_90M,0.6097666006373267,0.5942941429938482,0.143643119,0.20878699640988027,0.31423705053802464,protection_focus,DEGREE_LIMIT_3
820,ST019__ST020,19,ST019,시화병원,20,ST020,시화공업단지[왼쪽부근],1979.0,1.979,2.8736363843131483,0.422822321,0.422822321,0.0,0.0,PRELIMINARY_POINT_BUFFER_PROXY,0.548112375,PRELIMINARY_90M,0.13823098785634313,0.4496083529185587,0.422822321,0.054143922372044954,0.31462019936485913,protection_focus,DEGREE_LIMIT_3
1322,ST037__ST045,37,ST037,군자동행정복지센터,45,ST045,시흥중앙도서관,5556.0,5.556,3.4490973986733664,0.318446298,0.318446298,0.0,0.0,PRELIMINARY_POINT_BUFFER_PROXY,1.229092844,PRELIMINARY_90M,0.446300921539919,0.28056331398962786,0.318446298,0.16712894453827729,0.31563717208716957,protection_focus,DEGREE_LIMIT_3
172,ST004__ST017,4,ST004,배곧중심상가,17,ST017,장곡동,6764.0,6.764,2.942360541443412,0.206546328,0.206546328,0.0,0.0,PRELIMINARY_POINT_BUFFER_PROXY,1.909089561,PRELIMINARY_90M,0.550340194643011,0.42942022978330263,0.206546328,0.27995074727812974,0.31974684948781706,protection_focus,DEGREE_LIMIT_3
1285,ST035__ST045,35,ST035,산들공원,45,ST045,시흥중앙도서관,6104.0,6.104,3.104005896090232,0.305870296,0.305870296,0.0,0.0,PRELIMINARY_POINT_BUFFER_PROXY,0.734142852,PRELIMINARY_90M,0.4934975454310568,0.38193596136707975,0.305870296,0.0850092092991503,0.3216764326861459,protection_focus,DEGREE_LIMIT_3
892,ST021__ST023,21,ST021,오이도 포구 해양관광 단지,23,ST023,오이도역,5955.0,5.955,3.15826320833615,0.311273482,0.30019066,0.045338256,0.0,PRELIMINARY_POINT_BUFFER_PROXY,0.862008045,PRELIMINARY_90M,0.4806648867453277,0.36599755853541716,0.311273482,0.10622399051983547,0.32260295070735345,protection_focus,DEGREE_LIMIT_3
1080,ST027__ST028,27,ST027,은행동행정복지센터,28,ST028,매화산업단지,4046.0,4.046,2.177258890186534,0.235801443,0.235801443,0.0,0.0,PRELIMINARY_POINT_BUFFER_PROXY,2.540050863,PRELIMINARY_90M,0.3162518301610542,0.6541733150380895,0.235801443,0.3846368285062608,0.33697260906386334,protection_focus,DEGREE_LIMIT_3
65,ST002__ST013,2,ST002,월곶포구,13,ST013,삼미시장,8913.0,8.913,3.1699010313471865,0.195254791,0.180876461,0.06348988,0.0,PRELIMINARY_POINT_BUFFER_PROXY,2.384881968,PRELIMINARY_90M,0.7354233054861768,0.36257887995449556,0.195254791,0.3588919476481804,0.35293268073763673,protection_focus,DEGREE_LIMIT_3
293,ST006__ST039,6,ST006,시흥시청 본청,39,ST039,능곡힐스테이트,2245.0,2.245,1.4839630692760302,0.123748548,0.0,0.123748548,0.0,PRELIMINARY_POINT_BUFFER_PROXY,5.463392543,PRELIMINARY_90M,0.16114029799328222,0.8578330176252039,0.123748548,0.869663697190612,0.35322684082102884,protection_focus,DEGREE_LIMIT_3
804,ST018__ST040,18,ST018,정왕역,40,ST040,갯골생태공원,6347.0,6.347,2.694628026787754,0.131430314,0.131430314,0.0,0.0,PRELIMINARY_POINT_BUFFER_PROXY,4.680270411,PRELIMINARY_90M,0.5144259753681854,0.5021931049892563,0.131430314,0.7397318188610926,0.3548890906511894,protection_focus,DEGREE_LIMIT_3
1325,ST037__ST048,37,ST037,군자동행정복지센터,48,ST048,정왕평생학습관 사거리,6192.0,6.192,3.3922692548148268,0.37843312,0.37843312,0.0,0.0,PRELIMINARY_POINT_BUFFER_PROXY,1.209430181,PRELIMINARY_90M,0.501076565325984,0.2972569136446904,0.37843312,0.1638666095433185,0.3586004015433981,protection_focus,DEGREE_LIMIT_3
431,ST009__ST036,9,ST009,능곡중앙공원,36,ST036,시흥시립군자도서관,4477.0,4.477,3.3255331202319405,0.336615531,0.336615531,0.073519269,0.0,PRELIMINARY_POINT_BUFFER_PROXY,3.161998942,PRELIMINARY_90M,0.35337180260098183,0.3168610435284025,0.336615531,0.4878274788860746,0.3596854043823679,protection_focus,DEGREE_LIMIT_3
555,ST012__ST028,12,ST012,신천역,28,ST028,매화산업단지,4890.0,4.89,2.367307062591222,0.271935607,0.271935607,0.0,0.0,PRELIMINARY_POINT_BUFFER_PROXY,2.585385906,PRELIMINARY_90M,0.38894152097149254,0.598345552773012,0.271935607,0.39215860199527713,0.3623317309095419,protection_focus,DEGREE_LIMIT_3
212,ST005__ST007,5,ST005,배곧중·고등학교,7,ST007,장현지구,8693.0,8.693,2.8511151830977814,0.249918525,0.249918525,0.0,0.0,PRELIMINARY_POINT_BUFFER_PROXY,1.599416949,PRELIMINARY_90M,0.7164757557488588,0.4562240875055673,0.249918525,0.22857134871406454,0.37097372908271653,protection_focus,DEGREE_LIMIT_3
968,ST023__ST034,23,ST023,오이도역,34,ST034,군자디지털과학고등학교,5721.0,5.721,1.6171564960054718,0.243107021,0.243107021,0.0,0.0,PRELIMINARY_POINT_BUFFER_PROXY,1.702079171,PRELIMINARY_90M,0.4605115838429076,0.8187066694544447,0.243107021,0.24560457353670576,0.3733025137172541,protection_focus,DEGREE_LIMIT_3
410,ST009__ST015,9,ST009,능곡중앙공원,15,ST015,목감택지개발예정지구,5902.0,5.902,2.0201812566671036,0.180228914,0.180228914,0.099111033,0.0,PRELIMINARY_POINT_BUFFER_PROXY,3.891380857,PRELIMINARY_90M,0.4761002497631556,0.7003157886558333,0.180228914,0.6088430374599344,0.3817083308699963,protection_focus,DEGREE_LIMIT_3
636,ST014__ST026,14,ST014,시흥대야역,26,ST026,은계파크자이,2742.0,2.742,2.689120979304191,0.480816193,0.434350308,0.046465885,0.0,PRELIMINARY_POINT_BUFFER_PROXY,1.352474425,PRELIMINARY_90M,0.2039445353544053,0.5038108323991268,0.480816193,0.1875998263018331,0.38490860237602503,protection_focus,DEGREE_LIMIT_3
1180,ST030__ST050,30,ST030,장곡도서관,50,ST050,시흥한라3차아파트,8490.0,8.49,3.1450030516165666,0.293887363,0.293887363,0.0,0.0,PRELIMINARY_POINT_BUFFER_PROXY,1.953099272,PRELIMINARY_90M,0.698992334854879,0.3698928071325055,0.293887363,0.2872526280210039,0.38531396374400223,protection_focus,DEGREE_LIMIT_3
1003,ST024__ST038,24,ST024,목감고등학교,38,ST038,능곡도서관,7850.0,7.85,2.146106578757132,0.134809985,0.126052119,0.011752849,0.0,PRELIMINARY_POINT_BUFFER_PROXY,4.175710595,PRELIMINARY_90M,0.6438721901644991,0.6633244887351717,0.134809985,0.6560176675893765,0.39408075398158204,protection_focus,DEGREE_LIMIT_3
1409,ST043__ST045,43,ST043,시흥종합버스터미널,45,ST045,시흥중앙도서관,671.0,0.671,3.1817228022763167,0.300402098,0.300402098,0.0,0.0,PRELIMINARY_POINT_BUFFER_PROXY,0.425583211,PRELIMINARY_90M,0.025579192145379383,0.35910616559669406,0.300402098,0.03381446955986759,0.12094931274851377,slope_focus,MST
1244,ST033__ST045,33,ST033,타원산업단지,45,ST045,시흥중앙도서관,3637.0,3.637,3.4781306841531268,0.249273043,0.249273043,0.0,0.0,PRELIMINARY_POINT_BUFFER_PROXY,0.487234376,PRELIMINARY_90M,0.28102661269485835,0.2720346165597639,0.249273043,0.04404333596822129,0.1564231394570469,slope_focus,MST
880,ST020__ST045,20,ST020,시화공업단지[왼쪽부근],45,ST045,시흥중앙도서관,1373.0,1.373,2.951996349336429,0.38168565,0.38168565,0.0,0.0,PRELIMINARY_POINT_BUFFER_PROXY,0.548337,PRELIMINARY_90M,0.08603910085263974,0.42658965485339595,0.38168565,0.05418119107762378,0.16553971143734922,slope_focus,MST
136,ST003__ST032,3,ST003,배곧한울공원,32,ST032,희망공원,2946.0,2.946,2.474419063810549,0.0,0.0,0.0,0.0,PRELIMINARY_POINT_BUFFER_PROXY,0.664390229,PRELIMINARY_90M,0.22151408147446386,0.5668807759001471,0.0,0.07343618773014575,0.16605302654498771,slope_focus,MST
1243,ST033__ST044,33,ST033,타원산업단지,44,ST044,경기과학기술대학교,1598.0,1.598,1.7010597777371803,0.123630586,0.123630586,0.0,0.0,PRELIMINARY_POINT_BUFFER_PROXY,0.331684145,PRELIMINARY_90M,0.1054172767203514,0.7940595896824632,0.123630586,0.018235185665018444,0.16785457452894897,slope_focus,MST
259,ST005__ST054,5,ST005,배곧중·고등학교,54,ST054,시흥 프리미엄 아울렛,1508.0,1.508,1.711681176130996,0.0,0.0,0.0,0.0,PRELIMINARY_POINT_BUFFER_PROXY,0.623743217,PRELIMINARY_90M,0.09766600637326674,0.7909394917780753,0.0,0.06669222992096648,0.17152024000184787,slope_focus,MST
1,ST001__ST002,1,ST001,월곶역,2,ST002,월곶포구,619.0,0.619,1.5532421960245575,0.149164241,0.149164241,0.0,0.0,PRELIMINARY_POINT_BUFFER_PROXY,0.47799073,PRELIMINARY_90M,0.02110068038928602,0.8374818689184798,0.149164241,0.042509674437898,0.17347188978457814,slope_focus,MST
534,ST011__ST050,11,ST011,배곧생명공원,50,ST050,시흥한라3차아파트,995.0,0.995,2.969355785245408,0.47264275,0.47264275,0.0,0.0,PRELIMINARY_POINT_BUFFER_PROXY,0.56995669,PRELIMINARY_90M,0.05348376539488416,0.4214902190171036,0.47264275,0.057768226631615675,0.1737008117473502,slope_focus,MST
1210,ST032__ST033,32,ST032,희망공원,33,ST033,타원산업단지,2081.0,2.081,1.4965117896209403,0.0,0.0,0.0,0.0,PRELIMINARY_POINT_BUFFER_PROXY,0.481788461,PRELIMINARY_90M,0.14701576091637242,0.8541467576244774,0.0,0.043139775800197705,0.17909505372704498,slope_focus,MST
205,ST004__ST050,4,ST004,배곧중심상가,50,ST050,시흥한라3차아파트,2083.0,2.083,3.3375162940590184,0.4015265,0.4015265,0.0,0.0,PRELIMINARY_POINT_BUFFER_PROXY,0.795418286,PRELIMINARY_90M,0.14718801136852985,0.3133409161252583,0.4015265,0.09517573621717196,0.18425558280108068,slope_focus,MST
820,ST019__ST020,19,ST019,시화병원,20,ST020,시화공업단지[왼쪽부근],1979.0,1.979,2.8736363843131483,0.422822321,0.422822321,0.0,0.0,PRELIMINARY_POINT_BUFFER_PROXY,0.548112375,PRELIMINARY_90M,0.13823098785634313,0.4496083529185587,0.422822321,0.054143922372044954,0.1855827598450749,slope_focus,MST
784,ST018__ST020,18,ST018,정왕역,20,ST020,시화공업단지[왼쪽부근],1949.0,1.949,3.244027725944256,0.540858498,0.540858498,0.0,0.0,PRELIMINARY_POINT_BUFFER_PROXY,0.564911031,PRELIMINARY_90M,0.13564723107398158,0.34080372983808693,0.540858498,0.05693107502461671,0.1878443179028177,slope_focus,MST
1448,ST046__ST054,46,ST046,배곧1동행정복지센터,54,ST054,시흥 프리미엄 아울렛,1087.0,1.087,2.0,0.198910149,0.198910149,0.0,0.0,PRELIMINARY_POINT_BUFFER_PROXY,0.722410179,PRELIMINARY_90M,0.06140728619412626,0.7062441508450915,0.198910149,0.08306258031444422,0.1895858923728111,slope_focus,MST
127,ST003__ST023,3,ST003,배곧한울공원,23,ST023,오이도역,4569.0,4.569,3.362496455886152,0.25196631,0.25196631,0.0,0.0,PRELIMINARY_POINT_BUFFER_PROXY,0.707990957,PRELIMINARY_90M,0.3612953234002239,0.3060028474757016,0.25196631,0.08067021196989801,0.19628954428634904,slope_focus,MST
1444,ST046__ST050,46,ST046,배곧1동행정복지센터,50,ST050,시흥한라3차아파트,2363.0,2.363,4.178737580648687,0.479447383,0.479447383,0.0,0.0,PRELIMINARY_POINT_BUFFER_PROXY,1.190735572,PRELIMINARY_90M,0.17130307467057102,0.06622724275592551,0.479447383,0.16076488943766587,0.19649425351633598,slope_focus,MST
1226,ST032__ST049,32,ST032,희망공원,49,ST049,거북섬 웨이브파크 정문,4499.0,4.499,3.070219818149316,0.042639664,0.042639664,0.0,0.0,PRELIMINARY_POINT_BUFFER_PROXY,0.994963213,PRELIMINARY_90M,0.35526655757471365,0.3918608193822274,0.042639664,0.12828327604626832,0.20037002204541102,slope_focus,MST
1224,ST032__ST047,32,ST032,희망공원,47,ST047,배곧2동행정복지센터,4347.0,4.347,3.0270902313068655,0.040631434,0.040631434,0.0,0.0,PRELIMINARY_POINT_BUFFER_PROXY,1.009713027,PRELIMINARY_90M,0.34217552321074846,0.4045303877888319,0.040631434,0.1307304946341744,0.20057462522756167,slope_focus,MST
187,ST004__ST032,4,ST004,배곧중심상가,32,ST032,희망공원,5657.0,5.657,3.382880136450011,0.171375946,0.171375946,0.0,0.0,PRELIMINARY_POINT_BUFFER_PROXY,0.759506429,PRELIMINARY_90M,0.4549995693738696,0.30001502208276287,0.171375946,0.08921741267650729,0.206317265425442,slope_focus,MST
1412,ST043__ST048,43,ST043,시흥종합버스터미널,48,ST048,정왕평생학습관 사거리,1307.0,1.307,3.0428754779308687,0.59325425,0.59325425,0.0,0.0,PRELIMINARY_POINT_BUFFER_PROXY,0.728620186,PRELIMINARY_90M,0.08035483593144432,0.3998933792626782,0.59325425,0.08409291497232037,0.20708956906185075,slope_focus,MST
56,ST002__ST004,2,ST002,월곶포구,4,ST004,배곧중심상가,3192.0,3.192,3.5458499603414118,0.332930014,0.332930014,0.0,0.0,PRELIMINARY_POINT_BUFFER_PROXY,1.198313388,PRELIMINARY_90M,0.24270088708982862,0.2521416830789185,0.332930014,0.16202216442234924,0.21731201419097812,slope_focus,MST
1145,ST029__ST040,29,ST029,관곡공원,40,ST040,갯골생태공원,3173.0,3.173,2.6002442194967386,0.0,0.0,0.0,0.0,PRELIMINARY_POINT_BUFFER_PROXY,1.529257702,PRELIMINARY_90M,0.24106450779433297,0.5299189004465018,0.0,0.2169308620359346,0.23616616764380916,slope_focus,MST
434,ST009__ST039,9,ST009,능곡중앙공원,39,ST039,능곡힐스테이트,792.0,0.792,2.0,0.496869839,0.318845713,0.496869839,0.0,PRELIMINARY_POINT_BUFFER_PROXY,0.848295282,PRELIMINARY_90M,0.036000344500904315,0.7062441508450915,0.496869839,0.10394883447345071,0.23964158461366994,slope_focus,MST
914,ST021__ST045,21,ST021,오이도 포구 해양관광 단지,45,ST045,시흥중앙도서관,5683.0,5.683,3.1106854785594846,0.354343024,0.342731054,0.047502923,0.0,PRELIMINARY_POINT_BUFFER_PROXY,0.685024673,PRELIMINARY_90M,0.4572388252519163,0.37997379494682426,0.354343024,0.07685975598042384,0.24002516588261882,slope_focus,MST
1285,ST035__ST045,35,ST035,산들공원,45,ST045,시흥중앙도서관,6104.0,6.104,3.104005896090232,0.305870296,0.305870296,0.0,0.0,PRELIMINARY_POINT_BUFFER_PROXY,0.734142852,PRELIMINARY_90M,0.4934975454310568,0.38193596136707975,0.305870296,0.0850092092991503,0.24437505234084847,slope_focus,MST
947,ST022__ST045,22,ST022,오이도박물관,45,ST045,시흥중앙도서관,5639.0,5.639,3.6640196738093724,0.218388661,0.218388661,0.0,0.0,PRELIMINARY_POINT_BUFFER_PROXY,1.321126041,PRELIMINARY_90M,0.45344931530445265,0.21742863855474548,0.218388661,0.18239865237342848,0.24726178418081662,slope_focus,MST
466,ST010__ST026,10,ST010,은계호수공원,26,ST026,은계파크자이,1220.0,1.22,2.405341600576404,0.254629654,0.254629654,0.0,0.0,PRELIMINARY_POINT_BUFFER_PROXY,1.537591702,PRELIMINARY_90M,0.07286194126259582,0.5871726847699602,0.254629654,0.21831359945293588,0.2499995387944811,slope_focus,MST
1254,ST033__ST055,33,ST033,타원산업단지,55,ST055,해양생태과학관,6669.0,6.669,2.6513319891233778,0.0,0.0,0.0,0.0,PRELIMINARY_POINT_BUFFER_PROXY,1.019873464,PRELIMINARY_90M,0.5421582981655327,0.5149115692983981,0.0,0.13241626574204388,0.2518765278988882,slope_focus,MST
157,ST003__ST053,3,ST003,배곧한울공원,53,ST053,오이도 빨강등대,2485.0,2.485,2.0743268960726615,0.321268247,0.295693025,0.112820736,0.0,PRELIMINARY_POINT_BUFFER_PROXY,1.113752047,PRELIMINARY_90M,0.18181035225217465,0.6844101903742181,0.321268247,0.14799215119550682,0.26120991165432106,slope_focus,MST
1322,ST037__ST045,37,ST037,군자동행정복지센터,45,ST045,시흥중앙도서관,5556.0,5.556,3.4490973986733664,0.318446298,0.318446298,0.0,0.0,PRELIMINARY_POINT_BUFFER_PROXY,1.229092844,PRELIMINARY_90M,0.446300921539919,0.28056331398962786,0.318446298,0.16712894453827729,0.26267609837556666,slope_focus,MST
1265,ST034__ST045,34,ST034,군자디지털과학고등학교,45,ST045,시흥중앙도서관,6540.0,6.54,2.9933398472819306,0.352023517,0.352023517,0.0,0.0,PRELIMINARY_POINT_BUFFER_PROXY,0.836864495,PRELIMINARY_90M,0.531048144001378,0.4144447605073809,0.352023517,0.10205229296989038,0.27220601691132795,slope_focus,MST
583,ST013__ST014,13,ST013,삼미시장,14,ST014,시흥대야역,1514.0,1.514,2.268613825900731,0.811440142,0.741965677,0.311431231,0.0,PRELIMINARY_POINT_BUFFER_PROXY,0.67519953,PRELIMINARY_90M,0.09818275772973904,0.6273372683228735,0.811440142,0.07522961524926373,0.2730679707190107,slope_focus,MST
454,ST010__ST014,10,ST010,은계호수공원,14,ST014,시흥대야역,1525.0,1.525,2.792670740390496,0.667821134,0.57752438,0.090296754,0.0,PRELIMINARY_POINT_BUFFER_PROXY,1.2539899,PRELIMINARY_90M,0.09913013521660495,0.47339248440143145,0.667821134,0.1712597449827669,0.27663794229491917,slope_focus,MST
1379,ST040__ST054,40,ST040,갯골생태공원,54,ST054,시흥 프리미엄 아울렛,5042.0,5.042,2.505555704817685,0.080180898,0.080180898,0.0,0.0,PRELIMINARY_POINT_BUFFER_PROXY,1.509985427,PRELIMINARY_90M,0.40203255533545773,0.5577342054812642,0.080180898,0.2137332983506408,0.28296042576460156,slope_focus,MST
541,ST012__ST014,12,ST012,신천역,14,ST014,시흥대야역,1380.0,1.38,1.9626229682490228,0.849065167,0.772905097,0.341400609,0.0,PRELIMINARY_POINT_BUFFER_PROXY,0.782071988,PRELIMINARY_90M,0.08664197743519077,0.7172238725459898,0.849065167,0.09296138229072015,0.29875244256429667,slope_focus,MST
1304,ST036__ST045,36,ST036,시흥시립군자도서관,45,ST045,시흥중앙도서관,6722.0,6.722,3.000023280953298,0.369603936,0.369603936,0.0,0.0,PRELIMINARY_POINT_BUFFER_PROXY,1.146482613,PRELIMINARY_90M,0.5467229351477048,0.4124814627739778,0.369603936,0.15342265015013007,0.30336872192070263,slope_focus,MST
769,ST017__ST042,17,ST017,장곡동,42,ST042,시흥시청역,2716.0,2.716,1.8434790923881643,0.330839246,0.330839246,0.0,0.0,PRELIMINARY_POINT_BUFFER_PROXY,1.590121124,PRELIMINARY_90M,0.20170527947635863,0.7522230829711033,0.330839246,0.22702902989364263,0.31631492018775853,slope_focus,MST
30,ST001__ST031,1,ST001,월곶역,31,ST031,마전저수지,4726.0,4.726,2.1733816526852707,0.0,0.0,0.0,0.0,PRELIMINARY_POINT_BUFFER_PROXY,1.971254241,PRELIMINARY_90M,0.37481698389458273,0.6553122762326484,0.0,0.2902648136390502,0.3183926450333389,slope_focus,MST
779,ST017__ST052,17,ST017,장곡동,52,ST052,가온그린공원,639.0,0.639,1.9871511618456574,0.588670368,0.588670368,0.0,0.0,PRELIMINARY_POINT_BUFFER_PROXY,1.720740011,PRELIMINARY_90M,0.02282318491086039,0.7100185722077744,0.588670368,0.24870069085140145,0.32371832343903895,slope_focus,MST
1367,ST040__ST042,40,ST040,갯골생태공원,42,ST042,시흥시청역,3460.0,3.46,1.9956964294535866,0.321864239,0.321864239,0.0,0.0,PRELIMINARY_POINT_BUFFER_PROXY,1.76240716,PRELIMINARY_90M,0.26578244767892517,0.7075083498653512,0.321864239,0.2556139049121247,0.33536933032165006,slope_focus,MST
480,ST010__ST040,10,ST010,은계호수공원,40,ST040,갯골생태공원,7454.0,7.454,2.3810988212602635,0.143643119,0.143643119,0.0,0.0,PRELIMINARY_POINT_BUFFER_PROXY,1.480173201,PRELIMINARY_90M,0.6097666006373267,0.5942941429938482,0.143643119,0.20878699640988027,0.3370374076314827,slope_focus,MST
162,ST004__ST007,4,ST004,배곧중심상가,7,ST007,장현지구,7899.0,7.899,2.8650445619521356,0.183317918,0.183317918,0.0,0.0,PRELIMINARY_POINT_BUFFER_PROXY,1.69100406,PRELIMINARY_90M,0.6480923262423564,0.45213225099200605,0.183317918,0.2437670440938041,0.34681951264417427,slope_focus,MST
765,ST017__ST038,17,ST017,장곡동,38,ST038,능곡도서관,4285.0,4.285,1.9821410620641189,0.326481556,0.310449796,0.021514244,0.0,PRELIMINARY_POINT_BUFFER_PROXY,1.72813283,PRELIMINARY_90M,0.3368357591938679,0.7114903183234511,0.326481556,0.24992727201871826,0.34802656899665035,slope_focus,MST
332,ST007__ST030,7,ST007,장현지구,30,ST030,장곡도서관,1683.0,1.683,1.4562870070184697,0.759142743,0.759142743,0.0,0.0,PRELIMINARY_POINT_BUFFER_PROXY,1.235595407,PRELIMINARY_90M,0.11273792093704246,0.8659630227949378,0.759142743,0.16820781868832624,0.35041735840081223,slope_focus,MST
766,ST017__ST039,17,ST017,장곡동,39,ST039,능곡힐스테이트,4383.0,4.383,1.9825345779479786,0.337079027,0.273766902,0.063312125,0.0,PRELIMINARY_POINT_BUFFER_PROXY,1.722839209,PRELIMINARY_90M,0.3452760313495823,0.7113747207308319,0.337079027,0.24904897974272547,0.350847758300904,slope_focus,MST
1051,ST026__ST027,26,ST026,은계파크자이,27,ST027,은행동행정복지센터,457.0,0.457,1.0,0.754632796,0.754632796,0.0,0.0,PRELIMINARY_POINT_BUFFER_PROXY,1.276801074,PRELIMINARY_90M,0.007148393764533632,1.0,0.754632796,0.17504446586295966,0.35214683108438655,slope_focus,MST
1393,ST041__ST054,41,ST041,연꽃테마파크,54,ST054,시흥 프리미엄 아울렛,8437.0,8.437,2.489736395352416,0.047911633,0.047911633,0.0,0.0,PRELIMINARY_POINT_BUFFER_PROXY,1.716462461,PRELIMINARY_90M,0.6944276978727069,0.5623812201662786,0.047911633,0.24799098021568108,0.35442495765732374,slope_focus,MST
1119,ST028__ST040,28,ST028,매화산업단지,40,ST040,갯골생태공원,6811.0,6.811,1.9533744447506738,0.165783342,0.165783342,0.0,0.0,PRELIMINARY_POINT_BUFFER_PROXY,1.57948831,PRELIMINARY_90M,0.5543880802687107,0.7199406804196764,0.165783342,0.22526488425339605,0.35636866154339164,slope_focus,MST
5,ST001__ST006,1,ST001,월곶역,6,ST006,시흥시청 본청,8097.0,8.097,2.218746574450684,0.109475795,0.109475795,0.0,0.0,PRELIMINARY_POINT_BUFFER_PROXY,1.677605889,PRELIMINARY_90M,0.6651451210059426,0.6419860651176035,0.109475795,0.24154408364731003,0.3665203450424841,slope_focus,MST
262,ST006__ST008,6,ST006,시흥시청 본청,8,ST008,시흥능곡역,1951.0,1.951,2.023517683433672,0.1397711,0.1397711,0.0,0.0,PRELIMINARY_POINT_BUFFER_PROXY,2.968420709,PRELIMINARY_90M,0.135819481526139,0.699335693777877,0.1397711,0.45570990438570363,0.38088486756476114,slope_focus,MST
1376,ST040__ST051,40,ST040,갯골생태공원,51,ST051,연성중학교,5417.0,5.417,2.495832602905231,0.192518156,0.176017861,0.031845057,0.0,PRELIMINARY_POINT_BUFFER_PROXY,2.410565802,PRELIMINARY_90M,0.4343295151149772,0.5605904235399768,0.192518156,0.36315328653513135,0.3814088332215576,slope_focus,MST
714,ST016__ST025,16,ST016,물왕호수,25,ST025,목감동행정복지센터,3005.0,3.005,2.1381214943015445,0.193383798,0.119943446,0.161932073,0.0,PRELIMINARY_POINT_BUFFER_PROXY,2.924827881,PRELIMINARY_90M,0.22659546981310827,0.6656701539999965,0.193383798,0.4484771908761643,0.3984157822007033,slope_focus,MST
730,ST016__ST041,16,ST016,물왕호수,41,ST041,연꽃테마파크,3935.0,3.935,2.0,0.29027288,0.250287871,0.138484824,0.0,PRELIMINARY_POINT_BUFFER_PROXY,2.713464194,PRELIMINARY_90M,0.3066919300663164,0.7062441508450915,0.29027288,0.4134087389190912,0.4175203100995726,slope_focus,MST
713,ST016__ST024,16,ST016,물왕호수,24,ST024,목감고등학교,3229.0,3.229,2.105914035609522,0.176923572,0.176923572,0.0,0.0,PRELIMINARY_POINT_BUFFER_PROXY,3.167384816,PRELIMINARY_90M,0.2458875204547412,0.6751312833771932,0.176923572,0.48872107733856496,0.4213462710668097,slope_focus,MST
666,ST015__ST016,15,ST015,목감택지개발예정지구,16,ST016,물왕호수,3107.0,3.107,2.1181705540136373,0.281664379,0.281664379,0.0,0.0,PRELIMINARY_POINT_BUFFER_PROXY,3.053159992,PRELIMINARY_90M,0.23538024287313755,0.6715308594057094,0.281664379,0.4697694408980579,0.4249400547845129,slope_focus,MST
1409,ST043__ST045,43,ST043,시흥종합버스터미널,45,ST045,시흥중앙도서관,671.0,0.671,3.1817228022763167,0.300402098,0.300402098,0.0,0.0,PRELIMINARY_POINT_BUFFER_PROXY,0.425583211,PRELIMINARY_90M,0.025579192145379383,0.35910616559669406,0.300402098,0.03381446955986759,0.12094931274851377,slope_focus,T2_SPANNER
1244,ST033__ST045,33,ST033,타원산업단지,45,ST045,시흥중앙도서관,3637.0,3.637,3.4781306841531268,0.249273043,0.249273043,0.0,0.0,PRELIMINARY_POINT_BUFFER_PROXY,0.487234376,PRELIMINARY_90M,0.28102661269485835,0.2720346165597639,0.249273043,0.04404333596822129,0.1564231394570469,slope_focus,T2_SPANNER
880,ST020__ST045,20,ST020,시화공업단지[왼쪽부근],45,ST045,시흥중앙도서관,1373.0,1.373,2.951996349336429,0.38168565,0.38168565,0.0,0.0,PRELIMINARY_POINT_BUFFER_PROXY,0.548337,PRELIMINARY_90M,0.08603910085263974,0.42658965485339595,0.38168565,0.05418119107762378,0.16553971143734922,slope_focus,T2_SPANNER
136,ST003__ST032,3,ST003,배곧한울공원,32,ST032,희망공원,2946.0,2.946,2.474419063810549,0.0,0.0,0.0,0.0,PRELIMINARY_POINT_BUFFER_PROXY,0.664390229,PRELIMINARY_90M,0.22151408147446386,0.5668807759001471,0.0,0.07343618773014575,0.16605302654498771,slope_focus,T2_SPANNER
1243,ST033__ST044,33,ST033,타원산업단지,44,ST044,경기과학기술대학교,1598.0,1.598,1.7010597777371803,0.123630586,0.123630586,0.0,0.0,PRELIMINARY_POINT_BUFFER_PROXY,0.331684145,PRELIMINARY_90M,0.1054172767203514,0.7940595896824632,0.123630586,0.018235185665018444,0.16785457452894897,slope_focus,T2_SPANNER
259,ST005__ST054,5,ST005,배곧중·고등학교,54,ST054,시흥 프리미엄 아울렛,1508.0,1.508,1.711681176130996,0.0,0.0,0.0,0.0,PRELIMINARY_POINT_BUFFER_PROXY,0.623743217,PRELIMINARY_90M,0.09766600637326674,0.7909394917780753,0.0,0.06669222992096648,0.17152024000184787,slope_focus,T2_SPANNER
1,ST001__ST002,1,ST001,월곶역,2,ST002,월곶포구,619.0,0.619,1.5532421960245575,0.149164241,0.149164241,0.0,0.0,PRELIMINARY_POINT_BUFFER_PROXY,0.47799073,PRELIMINARY_90M,0.02110068038928602,0.8374818689184798,0.149164241,0.042509674437898,0.17347188978457814,slope_focus,T2_SPANNER
534,ST011__ST050,11,ST011,배곧생명공원,50,ST050,시흥한라3차아파트,995.0,0.995,2.969355785245408,0.47264275,0.47264275,0.0,0.0,PRELIMINARY_POINT_BUFFER_PROXY,0.56995669,PRELIMINARY_90M,0.05348376539488416,0.4214902190171036,0.47264275,0.057768226631615675,0.1737008117473502,slope_focus,T2_SPANNER
1210,ST032__ST033,32,ST032,희망공원,33,ST033,타원산업단지,2081.0,2.081,1.4965117896209403,0.0,0.0,0.0,0.0,PRELIMINARY_POINT_BUFFER_PROXY,0.481788461,PRELIMINARY_90M,0.14701576091637242,0.8541467576244774,0.0,0.043139775800197705,0.17909505372704498,slope_focus,T2_SPANNER
149,ST003__ST045,3,ST003,배곧한울공원,45,ST045,시흥중앙도서관,4063.0,4.063,3.6462280998642367,0.303337094,0.303337094,0.0,0.0,PRELIMINARY_POINT_BUFFER_PROXY,0.708093583,PRELIMINARY_90M,0.31771595900439237,0.22265501746680116,0.303337094,0.08068723918493967,0.18278562811336846,slope_focus,T2_SPANNER
205,ST004__ST050,4,ST004,배곧중심상가,50,ST050,시흥한라3차아파트,2083.0,2.083,3.3375162940590184,0.4015265,0.4015265,0.0,0.0,PRELIMINARY_POINT_BUFFER_PROXY,0.795418286,PRELIMINARY_90M,0.14718801136852985,0.3133409161252583,0.4015265,0.09517573621717196,0.18425558280108068,slope_focus,T2_SPANNER
820,ST019__ST020,19,ST019,시화병원,20,ST020,시화공업단지[왼쪽부근],1979.0,1.979,2.8736363843131483,0.422822321,0.422822321,0.0,0.0,PRELIMINARY_POINT_BUFFER_PROXY,0.548112375,PRELIMINARY_90M,0.13823098785634313,0.4496083529185587,0.422822321,0.054143922372044954,0.1855827598450749,slope_focus,T2_SPANNER
784,ST018__ST020,18,ST018,정왕역,20,ST020,시화공업단지[왼쪽부근],1949.0,1.949,3.244027725944256,0.540858498,0.540858498,0.0,0.0,PRELIMINARY_POINT_BUFFER_PROXY,0.564911031,PRELIMINARY_90M,0.13564723107398158,0.34080372983808693,0.540858498,0.05693107502461671,0.1878443179028177,slope_focus,T2_SPANNER
1448,ST046__ST054,46,ST046,배곧1동행정복지센터,54,ST054,시흥 프리미엄 아울렛,1087.0,1.087,2.0,0.198910149,0.198910149,0.0,0.0,PRELIMINARY_POINT_BUFFER_PROXY,0.722410179,PRELIMINARY_90M,0.06140728619412626,0.7062441508450915,0.198910149,0.08306258031444422,0.1895858923728111,slope_focus,T2_SPANNER
807,ST018__ST043,18,ST018,정왕역,43,ST043,시흥종합버스터미널,1406.0,1.406,2.6557306312689994,0.43367149,0.43367149,0.0,0.0,PRELIMINARY_POINT_BUFFER_PROXY,0.599226145,PRELIMINARY_90M,0.08888123331323745,0.5136194424397824,0.43367149,0.0626244746042261,0.19118212383072788,slope_focus,T2_SPANNER
843,ST019__ST043,19,ST019,시화병원,43,ST043,시흥종합버스터미널,1504.0,1.504,1.864455410627717,0.337651847,0.337651847,0.0,0.0,PRELIMINARY_POINT_BUFFER_PROXY,0.368706378,PRELIMINARY_90M,0.09732150546895185,0.7460611667944999,0.337651847,0.024377737480477956,0.19421012190320433,slope_focus,T2_SPANNER
127,ST003__ST023,3,ST003,배곧한울공원,23,ST023,오이도역,4569.0,4.569,3.362496455886152,0.25196631,0.25196631,0.0,0.0,PRELIMINARY_POINT_BUFFER_PROXY,0.707990957,PRELIMINARY_90M,0.3612953234002239,0.3060028474757016,0.25196631,0.08067021196989801,0.19628954428634904,slope_focus,T2_SPANNER
1444,ST046__ST050,46,ST046,배곧1동행정복지센터,50,ST050,시흥한라3차아파트,2363.0,2.363,4.178737580648687,0.479447383,0.479447383,0.0,0.0,PRELIMINARY_POINT_BUFFER_PROXY,1.190735572,PRELIMINARY_90M,0.17130307467057102,0.06622724275592551,0.479447383,0.16076488943766587,0.19649425351633598,slope_focus,T2_SPANNER
1226,ST032__ST049,32,ST032,희망공원,49,ST049,거북섬 웨이브파크 정문,4499.0,4.499,3.070219818149316,0.042639664,0.042639664,0.0,0.0,PRELIMINARY_POINT_BUFFER_PROXY,0.994963213,PRELIMINARY_90M,0.35526655757471365,0.3918608193822274,0.042639664,0.12828327604626832,0.20037002204541102,slope_focus,T2_SPANNER
1224,ST032__ST047,32,ST032,희망공원,47,ST047,배곧2동행정복지센터,4347.0,4.347,3.0270902313068655,0.040631434,0.040631434,0.0,0.0,PRELIMINARY_POINT_BUFFER_PROXY,1.009713027,PRELIMINARY_90M,0.34217552321074846,0.4045303877888319,0.040631434,0.1307304946341744,0.20057462522756167,slope_focus,T2_SPANNER
160,ST004__ST005,4,ST004,배곧중심상가,5,ST005,배곧중·고등학교,2591.0,2.591,3.612965583991951,0.346284637,0.346284637,0.0,0.0,PRELIMINARY_POINT_BUFFER_PROXY,1.174987484,PRELIMINARY_90M,0.19093962621651883,0.23242607606189314,0.346284637,0.15815204200260122,0.20407055320388834,slope_focus,T2_SPANNER
187,ST004__ST032,4,ST004,배곧중심상가,32,ST032,희망공원,5657.0,5.657,3.382880136450011,0.171375946,0.171375946,0.0,0.0,PRELIMINARY_POINT_BUFFER_PROXY,0.759506429,PRELIMINARY_90M,0.4549995693738696,0.30001502208276287,0.171375946,0.08921741267650729,0.206317265425442,slope_focus,T2_SPANNER
1412,ST043__ST048,43,ST043,시흥종합버스터미널,48,ST048,정왕평생학습관 사거리,1307.0,1.307,3.0428754779308687,0.59325425,0.59325425,0.0,0.0,PRELIMINARY_POINT_BUFFER_PROXY,0.728620186,PRELIMINARY_90M,0.08035483593144432,0.3998933792626782,0.59325425,0.08409291497232037,0.20708956906185075,slope_focus,T2_SPANNER
123,ST003__ST019,3,ST003,배곧한울공원,19,ST019,시화병원,4589.0,4.589,3.3569912039784113,0.314662169,0.314662169,0.0,0.0,PRELIMINARY_POINT_BUFFER_PROXY,0.732725069,PRELIMINARY_90M,0.3630178279217983,0.30762004742467164,0.314662169,0.08477397752529763,0.20833288681070922,slope_focus,T2_SPANNER
175,ST004__ST020,4,ST004,배곧중심상가,20,ST020,시화공업단지[왼쪽부근],5086.0,5.086,4.0907536789867915,0.503240937,0.503240937,0.0,0.0,PRELIMINARY_POINT_BUFFER_PROXY,0.713569367,PRELIMINARY_90M,0.40582206528292136,0.09207302850057764,0.503240937,0.08159575507457452,0.2112593854189582,slope_focus,T2_SPANNER
1220,ST032__ST043,32,ST032,희망공원,43,ST043,시흥종합버스터미널,3095.0,3.095,2.2048417647809075,0.071388765,0.071388765,0.0,0.0,PRELIMINARY_POINT_BUFFER_PROXY,0.910646818,PRELIMINARY_90M,0.2343467401601929,0.646070684289486,0.071388765,0.11429390308812581,0.2116352169695244,slope_focus,T2_SPANNER
178,ST004__ST023,4,ST004,배곧중심상가,23,ST023,오이도역,1713.0,1.713,2.7144915430768712,0.4750888,0.4750888,0.0,0.0,PRELIMINARY_POINT_BUFFER_PROXY,0.778708558,PRELIMINARY_90M,0.11532167771940402,0.49635808089454436,0.4750888,0.09240333807300183,0.21498303671456337,slope_focus,T2_SPANNER
883,ST020__ST048,20,ST020,시화공업단지[왼쪽부근],48,ST048,정왕평생학습관 사거리,2009.0,2.009,2.934480706161243,0.546394757,0.546394757,0.0,0.0,PRELIMINARY_POINT_BUFFER_PROXY,0.706491352,PRELIMINARY_90M,0.14081474463870466,0.4317349774878171,0.546394757,0.08042140468117445,0.21509311144150073,slope_focus,T2_SPANNER
531,ST011__ST047,11,ST011,배곧생명공원,47,ST047,배곧2동행정복지센터,1641.0,1.641,2.998166187785597,0.680414776,0.680414776,0.0,0.0,PRELIMINARY_POINT_BUFFER_PROXY,0.575466479,PRELIMINARY_90M,0.10912066144173628,0.4130269947544156,0.680414776,0.058682384468198595,0.2151815901356089,slope_focus,T2_SPANNER
1432,ST045__ST047,45,ST045,시흥중앙도서관,47,ST047,배곧2동행정복지센터,2631.0,2.631,3.7177601555393682,0.731797829,0.731797829,0.0,0.0,PRELIMINARY_POINT_BUFFER_PROXY,0.662398958,PRELIMINARY_90M,0.19438463525966757,0.20164205771015675,0.731797829,0.07310580557042778,0.21544581284367093,slope_focus,T2_SPANNER
56,ST002__ST004,2,ST002,월곶포구,4,ST004,배곧중심상가,3192.0,3.192,3.5458499603414118,0.332930014,0.332930014,0.0,0.0,PRELIMINARY_POINT_BUFFER_PROXY,1.198313388,PRELIMINARY_90M,0.24270088708982862,0.2521416830789185,0.332930014,0.16202216442234924,0.21731201419097812,slope_focus,T2_SPANNER
797,ST018__ST033,18,ST018,정왕역,33,ST033,타원산업단지,3728.0,3.728,2.6919701197263484,0.201894718,0.201894718,0.0,0.0,PRELIMINARY_POINT_BUFFER_PROXY,0.876118982,PRELIMINARY_90M,0.2888640082680217,0.5029738807350543,0.201894718,0.10856520969176346,0.21778569630974423,slope_focus,T2_SPANNER
507,ST011__ST023,11,ST011,배곧생명공원,23,ST023,오이도역,1921.0,1.921,2.767167983295987,0.54035387,0.54035387,0.0,0.0,PRELIMINARY_POINT_BUFFER_PROXY,0.683327862,PRELIMINARY_90M,0.13323572474377746,0.4808840684675202,0.54035387,0.0765782292154515,0.21812195032660928,slope_focus,T2_SPANNER
152,ST003__ST048,3,ST003,배곧한울공원,48,ST048,정왕평생학습관 사거리,4872.0,4.872,3.339952815767692,0.354358738,0.354358738,0.0,0.0,PRELIMINARY_POINT_BUFFER_PROXY,0.713851516,PRELIMINARY_90M,0.3873912669020756,0.3126251736217426,0.354358738,0.08164256788708586,0.21834712406721943,slope_focus,T2_SPANNER
833,ST019__ST033,19,ST019,시화병원,33,ST033,타원산업단지,3836.0,3.836,2.7436795030655845,0.224557843,0.224557843,0.0,0.0,PRELIMINARY_POINT_BUFFER_PROXY,0.855941648,PRELIMINARY_90M,0.2981655326845233,0.48778394692296034,0.224557843,0.10521748294624725,0.21909311649847235,slope_focus,T2_SPANNER
1247,ST033__ST048,33,ST033,타원산업단지,48,ST048,정왕평생학습관 사거리,3608.0,3.608,2.731241808577759,0.220485387,0.220485387,0.0,0.0,PRELIMINARY_POINT_BUFFER_PROXY,0.925063471,PRELIMINARY_90M,0.2785289811385755,0.49143759242876095,0.220485387,0.11668584519647998,0.22083716574026924,slope_focus,T2_SPANNER
1414,ST043__ST050,43,ST043,시흥종합버스터미널,50,ST050,시흥한라3차아파트,3480.0,3.48,3.582820694081797,0.668947502,0.668947502,0.0,0.0,PRELIMINARY_POINT_BUFFER_PROXY,0.615837167,PRELIMINARY_90M,0.2675049522004995,0.24128131379513162,0.668947502,0.06538049592100452,0.2227255607698719,slope_focus,T2_SPANNER
252,ST005__ST047,5,ST005,배곧중·고등학교,47,ST047,배곧2동행정복지센터,3334.0,3.334,2.6812687086629072,0.216881735,0.216881735,0.0,0.0,PRELIMINARY_POINT_BUFFER_PROXY,0.993464254,PRELIMINARY_90M,0.2549306691930066,0.5061174828291513,0.216881735,0.12803457593877482,0.22345330448236142,slope_focus,T2_SPANNER
1441,ST046__ST047,46,ST046,배곧1동행정복지센터,47,ST047,배곧2동행정복지센터,3069.0,3.069,4.129648039445814,0.60945262,0.60945262,0.0,0.0,PRELIMINARY_POINT_BUFFER_PROXY,1.115499419,PRELIMINARY_90M,0.23210748428214625,0.08064758261660032,0.60945262,0.14828206679975695,0.2240775606487978,slope_focus,T2_SPANNER
63,ST002__ST011,2,ST002,월곶포구,11,ST011,배곧생명공원,3928.0,3.928,3.437997456052192,0.304495296,0.304495296,0.0,0.0,PRELIMINARY_POINT_BUFFER_PROXY,1.160746133,PRELIMINARY_90M,0.3060890534837654,0.28382398705988165,0.304495296,0.1557891851635865,0.22736029573752858,slope_focus,T2_SPANNER
122,ST003__ST018,3,ST003,배곧한울공원,18,ST018,정왕역,5451.0,5.451,3.333807360654543,0.424690025,0.424690025,0.0,0.0,PRELIMINARY_POINT_BUFFER_PROXY,0.607883835,PRELIMINARY_90M,0.4372577728016536,0.31443043700694906,0.424690025,0.06406091711776074,0.23035008242025345,slope_focus,T2_SPANNER
53,ST001__ST054,1,ST001,월곶역,54,ST054,시흥 프리미엄 아울렛,3069.0,3.069,2.971566575272677,0.131704676,0.131704676,0.0,0.0,PRELIMINARY_POINT_BUFFER_PROXY,1.446878915,PRELIMINARY_90M,0.23210748428214625,0.42084078651533996,0.131704676,0.20326296772922972,0.2309348000983451,slope_focus,T2_SPANNER
248,ST005__ST043,5,ST005,배곧중·고등학교,43,ST043,시흥종합버스터미널,5498.0,5.498,3.837015357175228,0.516546058,0.516546058,0.0,0.0,PRELIMINARY_POINT_BUFFER_PROXY,0.754435463,PRELIMINARY_90M,0.44130565842735336,0.16661014468747493,0.516546058,0.0883760622531162,0.23492259321515002,slope_focus,T2_SPANNER
1145,ST029__ST040,29,ST029,관곡공원,40,ST040,갯골생태공원,3173.0,3.173,2.6002442194967386,0.0,0.0,0.0,0.0,PRELIMINARY_POINT_BUFFER_PROXY,1.529257702,PRELIMINARY_90M,0.24106450779433297,0.5299189004465018,0.0,0.2169308620359346,0.23616616764380916,slope_focus,T2_SPANNER
504,ST011__ST020,11,ST011,배곧생명공원,20,ST020,시화공업단지[왼쪽부근],4958.0,4.958,3.5286319710741507,0.600203436,0.600203436,0.0,0.0,PRELIMINARY_POINT_BUFFER_PROXY,0.580870729,PRELIMINARY_90M,0.3947980363448454,0.25719956813686284,0.600203436,0.05957903177871326,0.23735957377885514,slope_focus,T2_SPANNER
154,ST003__ST050,3,ST003,배곧한울공원,50,ST050,시흥한라3차아파트,2180.0,2.18,2.3816694054634513,0.421831523,0.421831523,0.0,0.0,PRELIMINARY_POINT_BUFFER_PROXY,0.87801536,PRELIMINARY_90M,0.15554215829816553,0.5941265305467263,0.421831523,0.10887984765881147,0.23794206352104777,slope_focus,T2_SPANNER
434,ST009__ST039,9,ST009,능곡중앙공원,39,ST039,능곡힐스테이트,792.0,0.792,2.0,0.496869839,0.318845713,0.496869839,0.0,PRELIMINARY_POINT_BUFFER_PROXY,0.848295282,PRELIMINARY_90M,0.036000344500904315,0.7062441508450915,0.496869839,0.10394883447345071,0.23964158461366994,slope_focus,T2_SPANNER
914,ST021__ST045,21,ST021,오이도 포구 해양관광 단지,45,ST045,시흥중앙도서관,5683.0,5.683,3.1106854785594846,0.354343024,0.342731054,0.047502923,0.0,PRELIMINARY_POINT_BUFFER_PROXY,0.685024673,PRELIMINARY_90M,0.4572388252519163,0.37997379494682426,0.354343024,0.07685975598042384,0.24002516588261882,slope_focus,T2_SPANNER
1249,ST033__ST050,33,ST033,타원산업단지,50,ST050,시흥한라3차아파트,6446.0,6.446,3.5655488582742394,0.470601858,0.470601858,0.0,0.0,PRELIMINARY_POINT_BUFFER_PROXY,0.562920837,PRELIMINARY_90M,0.5229523727499785,0.24635501658924486,0.470601858,0.05660087155558726,0.24043444151617605,slope_focus,T2_SPANNER
811,ST018__ST047,18,ST018,정왕역,47,ST047,배곧2동행정복지센터,3541.0,3.541,3.5135420511635806,0.71603201,0.71603201,0.0,0.0,PRELIMINARY_POINT_BUFFER_PROXY,0.696535188,PRELIMINARY_90M,0.27275859099130134,0.26163232037387196,0.71603201,0.07876952557239102,0.24058613054053657,slope_focus,T2_SPANNER
109,ST003__ST005,3,ST003,배곧한울공원,5,ST005,배곧중·고등학교,4928.0,4.928,2.777738601711209,0.110945923,0.110945923,0.0,0.0,PRELIMINARY_POINT_BUFFER_PROXY,1.138942822,PRELIMINARY_90M,0.39221427956248384,0.4777788874788641,0.110945923,0.1521716840915664,0.2428374195301096,slope_focus,T2_SPANNER
977,ST023__ST043,23,ST023,오이도역,43,ST043,시흥종합버스터미널,3313.0,3.313,2.7164508036729917,0.671309327,0.671309327,0.0,0.0,PRELIMINARY_POINT_BUFFER_PROXY,0.436993285,PRELIMINARY_90M,0.25312203944535355,0.4957825366344152,0.671309327,0.035707574461541866,0.2435419746650039,slope_focus,T2_SPANNER
988,ST023__ST054,23,ST023,오이도역,54,ST054,시흥 프리미엄 아울렛,4175.0,4.175,3.62850171203835,0.340947009,0.340947009,0.0,0.0,PRELIMINARY_POINT_BUFFER_PROXY,1.34126926,PRELIMINARY_90M,0.32736198432520885,0.2278622475750438,0.340947009,0.18574071892132277,0.24366414481195972,slope_focus,T2_SPANNER
1285,ST035__ST045,35,ST035,산들공원,45,ST045,시흥중앙도서관,6104.0,6.104,3.104005896090232,0.305870296,0.305870296,0.0,0.0,PRELIMINARY_POINT_BUFFER_PROXY,0.734142852,PRELIMINARY_90M,0.4934975454310568,0.38193596136707975,0.305870296,0.0850092092991503,0.24437505234084847,slope_focus,T2_SPANNER
1450,ST047__ST048,47,ST047,배곧2동행정복지센터,48,ST048,정왕평생학습관 사거리,3453.0,3.453,3.2407471324978205,0.685219912,0.685219912,0.0,0.0,PRELIMINARY_POINT_BUFFER_PROXY,0.689108455,PRELIMINARY_90M,0.26517957109637413,0.34176742335167654,0.685219912,0.0775373175564109,0.24585267330023175,slope_focus,T2_SPANNER
947,ST022__ST045,22,ST022,오이도박물관,45,ST045,시흥중앙도서관,5639.0,5.639,3.6640196738093724,0.218388661,0.218388661,0.0,0.0,PRELIMINARY_POINT_BUFFER_PROXY,1.321126041,PRELIMINARY_90M,0.45344931530445265,0.21742863855474548,0.218388661,0.18239865237342848,0.24726178418081662,slope_focus,T2_SPANNER
1422,ST044__ST047,44,ST044,경기과학기술대학교,47,ST047,배곧2동행정복지센터,3990.0,3.99,3.4139524789333366,0.649649602,0.649649602,0.0,0.0,PRELIMINARY_POINT_BUFFER_PROXY,0.754094476,PRELIMINARY_90M,0.31142881750064594,0.2908873397313414,0.649649602,0.08831948732107744,0.24752604842036913,slope_focus,T2_SPANNER
466,ST010__ST026,10,ST010,은계호수공원,26,ST026,은계파크자이,1220.0,1.22,2.405341600576404,0.254629654,0.254629654,0.0,0.0,PRELIMINARY_POINT_BUFFER_PROXY,1.537591702,PRELIMINARY_90M,0.07286194126259582,0.5871726847699602,0.254629654,0.21831359945293588,0.2499995387944811,slope_focus,T2_SPANNER
892,ST021__ST023,21,ST021,오이도 포구 해양관광 단지,23,ST023,오이도역,5955.0,5.955,3.15826320833615,0.311273482,0.30019066,0.045338256,0.0,PRELIMINARY_POINT_BUFFER_PROXY,0.862008045,PRELIMINARY_90M,0.4806648867453277,0.36599755853541716,0.311273482,0.10622399051983547,0.2508356286892959,slope_focus,T2_SPANNER
148,ST003__ST044,3,ST003,배곧한울공원,44,ST044,경기과학기술대학교,4512.0,4.512,3.1706580906619517,0.229161108,0.229161108,0.0,0.0,PRELIMINARY_POINT_BUFFER_PROXY,1.318416395,PRELIMINARY_90M,0.35638618551373696,0.3623564893526261,0.229161108,0.18194908086982542,0.25097941714055405,slope_focus,T2_SPANNER
1254,ST033__ST055,33,ST033,타원산업단지,55,ST055,해양생태과학관,6669.0,6.669,2.6513319891233778,0.0,0.0,0.0,0.0,PRELIMINARY_POINT_BUFFER_PROXY,1.019873464,PRELIMINARY_90M,0.5421582981655327,0.5149115692983981,0.0,0.13241626574204388,0.2518765278988882,slope_focus,T2_SPANNER
846,ST019__ST046,19,ST019,시화병원,46,ST046,배곧1동행정복지센터,4055.0,4.055,3.251371511972627,0.614053069,0.614053069,0.0,0.0,PRELIMINARY_POINT_BUFFER_PROXY,0.784060813,PRELIMINARY_90M,0.3170269571957626,0.33864644973731073,0.614053069,0.09329135862181777,0.25295599856065804,slope_focus,T2_SPANNER
925,ST022__ST023,22,ST022,오이도박물관,23,ST023,오이도역,6145.0,6.145,3.451768155847177,0.187192651,0.187192651,0.0,0.0,PRELIMINARY_POINT_BUFFER_PROXY,1.271537161,PRELIMINARY_90M,0.4970286797002842,0.27977876344814856,0.187192651,0.17417110259622826,0.25653699940539326,slope_focus,T2_SPANNER
1439,ST045__ST054,45,ST045,시흥중앙도서관,54,ST054,시흥 프리미엄 아울렛,6917.0,6.917,4.195062440228731,0.369304599,0.369304599,0.0,0.0,PRELIMINARY_POINT_BUFFER_PROXY,1.195975935,PRELIMINARY_90M,0.5635173542330548,0.06143171976765516,0.369304599,0.1616343454010411,0.2581310913622798,slope_focus,T2_SPANNER
49,ST001__ST050,1,ST001,월곶역,50,ST050,시흥한라3차아파트,6292.0,6.292,3.4684809422228047,0.250376476,0.250376476,0.0,0.0,PRELIMINARY_POINT_BUFFER_PROXY,1.158846195,PRELIMINARY_90M,0.5096890879338558,0.27486928469463145,0.250376476,0.1554739565383666,0.2584616599601492,slope_focus,T2_SPANNER
952,ST022__ST050,22,ST022,오이도박물관,50,ST050,시흥한라3차아파트,4574.0,4.574,3.4123151124351194,0.205257775,0.205257775,0.0,0.0,PRELIMINARY_POINT_BUFFER_PROXY,1.596050461,PRELIMINARY_90M,0.36172594953061754,0.291368325717403,0.205257775,0.22801279712761313,0.26084550357754055,slope_focus,T2_SPANNER
157,ST003__ST053,3,ST003,배곧한울공원,53,ST053,오이도 빨강등대,2485.0,2.485,2.0743268960726615,0.321268247,0.295693025,0.112820736,0.0,PRELIMINARY_POINT_BUFFER_PROXY,1.113752047,PRELIMINARY_90M,0.18181035225217465,0.6844101903742181,0.321268247,0.14799215119550682,0.26120991165432106,slope_focus,T2_SPANNER
1322,ST037__ST045,37,ST037,군자동행정복지센터,45,ST045,시흥중앙도서관,5556.0,5.556,3.4490973986733664,0.318446298,0.318446298,0.0,0.0,PRELIMINARY_POINT_BUFFER_PROXY,1.229092844,PRELIMINARY_90M,0.446300921539919,0.28056331398962786,0.318446298,0.16712894453827729,0.26267609837556666,slope_focus,T2_SPANNER
1284,ST035__ST044,35,ST035,산들공원,44,ST044,경기과학기술대학교,6030.0,6.03,2.956928367155461,0.339457259,0.339457259,0.0,0.0,PRELIMINARY_POINT_BUFFER_PROXY,0.834605206,PRELIMINARY_90M,0.4871242787012316,0.42514084577091904,0.339457259,0.10167744254558998,0.2629532927286792,slope_focus,T2_SPANNER
1470,ST049__ST055,49,ST049,거북섬 웨이브파크 정문,55,ST055,해양생태과학관,676.0,0.676,1.555560248126299,0.855999995,0.855999995,0.0,0.0,PRELIMINARY_POINT_BUFFER_PROXY,0.286663062,PRELIMINARY_90M,0.026009818275772974,0.8368009275549474,0.855999995,0.010765502917475826,0.2645048534971346,slope_focus,T2_SPANNER
1288,ST035__ST048,35,ST035,산들공원,48,ST048,정왕평생학습관 사거리,6740.0,6.74,3.084409976243774,0.362180104,0.362180104,0.0,0.0,PRELIMINARY_POINT_BUFFER_PROXY,0.763853952,PRELIMINARY_90M,0.5482731892171216,0.3876923774415475,0.362180104,0.08993873289769443,0.2671048765085037,slope_focus,T2_SPANNER
95,ST002__ST043,2,ST002,월곶포구,43,ST043,시흥종합버스터미널,7296.0,7.296,3.895549908774106,0.451755892,0.451755892,0.0,0.0,PRELIMINARY_POINT_BUFFER_PROXY,0.940832226,PRELIMINARY_90M,0.5961588149168892,0.14941527777764463,0.451755892,0.11930212160133073,0.26905849925068986,slope_focus,T2_SPANNER
1455,ST047__ST053,47,ST047,배곧2동행정복지센터,53,ST053,오이도 빨강등대,3916.0,3.916,2.403030548620091,0.248901852,0.232677883,0.071569275,0.0,PRELIMINARY_POINT_BUFFER_PROXY,1.249750909,PRELIMINARY_90M,0.30505555077082075,0.5878515697998281,0.248901852,0.17055643187189196,0.27180233936008436,slope_focus,T2_SPANNER
1265,ST034__ST045,34,ST034,군자디지털과학고등학교,45,ST045,시흥중앙도서관,6540.0,6.54,2.9933398472819306,0.352023517,0.352023517,0.0,0.0,PRELIMINARY_POINT_BUFFER_PROXY,0.836864495,PRELIMINARY_90M,0.531048144001378,0.4144447605073809,0.352023517,0.10205229296989038,0.27220601691132795,slope_focus,T2_SPANNER
919,ST021__ST050,21,ST021,오이도 포구 해양관광 단지,50,ST050,시흥한라3차아파트,3800.0,3.8,2.1207887428081897,0.447508062,0.430147843,0.071018199,0.0,PRELIMINARY_POINT_BUFFER_PROXY,0.772975688,PRELIMINARY_90M,0.29506502454568945,0.6707617511331179,0.447508062,0.09145216770393486,0.272479560731073,slope_focus,T2_SPANNER
950,ST022__ST048,22,ST022,오이도박물관,48,ST048,정왕평생학습관 사거리,6448.0,6.448,3.430556160293327,0.267540036,0.267540036,0.0,0.0,PRELIMINARY_POINT_BUFFER_PROXY,1.248461824,PRELIMINARY_90M,0.5231246232021359,0.28600991121433983,0.267540036,0.17034255305461393,0.2728286932498851,slope_focus,T2_SPANNER
583,ST013__ST014,13,ST013,삼미시장,14,ST014,시흥대야역,1514.0,1.514,2.268613825900731,0.811440142,0.741965677,0.311431231,0.0,PRELIMINARY_POINT_BUFFER_PROXY,0.67519953,PRELIMINARY_90M,0.09818275772973904,0.6273372683228735,0.811440142,0.07522961524926373,0.2730679707190107,slope_focus,T2_SPANNER
951,ST022__ST049,22,ST022,오이도박물관,49,ST049,거북섬 웨이브파크 정문,2432.0,2.432,2.198773004915802,0.078808855,0.078808855,0.0,0.0,PRELIMINARY_POINT_BUFFER_PROXY,1.80570442,PRELIMINARY_90M,0.17724571527000257,0.6478534179969773,0.078808855,0.26279757919285823,0.2758472735999762,slope_focus,T2_SPANNER
917,ST021__ST048,21,ST021,오이도 포구 해양관광 단지,48,ST048,정왕평생학습관 사거리,6488.0,6.488,2.9194215933920336,0.468500047,0.458328592,0.041609985,0.0,PRELIMINARY_POINT_BUFFER_PROXY,0.649691948,PRELIMINARY_90M,0.5265696322452846,0.43615867994685575,0.468500047,0.07099751925110818,0.2765114951166394,slope_focus,T2_SPANNER
454,ST010__ST014,10,ST010,은계호수공원,14,ST014,시흥대야역,1525.0,1.525,2.792670740390496,0.667821134,0.57752438,0.090296754,0.0,PRELIMINARY_POINT_BUFFER_PROXY,1.2539899,PRELIMINARY_90M,0.09913013521660495,0.47339248440143145,0.667821134,0.1712597449827669,0.27663794229491917,slope_focus,T2_SPANNER
98,ST002__ST046,2,ST002,월곶포구,46,ST046,배곧1동행정복지센터,3125.0,3.125,2.815004873907645,0.531949966,0.531949966,0.0,0.0,PRELIMINARY_POINT_BUFFER_PROXY,1.210764979,PRELIMINARY_90M,0.23693049694255447,0.46683170204496216,0.531949966,0.1640880728429031,0.27924738601670673,slope_focus,T2_SPANNER
818,ST018__ST054,18,ST018,정왕역,54,ST054,시흥 프리미엄 아울렛,5830.0,5.83,3.315653552693978,0.48397827,0.48397827,0.0,0.0,PRELIMINARY_POINT_BUFFER_PROXY,1.04582916,PRELIMINARY_90M,0.4698992334854879,0.3197632242798,0.48397827,0.13672271067167077,0.2829024261749029,slope_focus,T2_SPANNER
1379,ST040__ST054,40,ST040,갯골생태공원,54,ST054,시흥 프리미엄 아울렛,5042.0,5.042,2.505555704817685,0.080180898,0.080180898,0.0,0.0,PRELIMINARY_POINT_BUFFER_PROXY,1.509985427,PRELIMINARY_90M,0.40203255533545773,0.5577342054812642,0.080180898,0.2137332983506408,0.28296042576460156,slope_focus,T2_SPANNER
1325,ST037__ST048,37,ST037,군자동행정복지센터,48,ST048,정왕평생학습관 사거리,6192.0,6.192,3.3922692548148268,0.37843312,0.37843312,0.0,0.0,PRELIMINARY_POINT_BUFFER_PROXY,1.209430181,PRELIMINARY_90M,0.501076565325984,0.2972569136446904,0.37843312,0.1638666095433185,0.2835021228835596,slope_focus,T2_SPANNER
1321,ST037__ST044,37,ST037,군자동행정복지센터,44,ST044,경기과학기술대학교,5482.0,5.482,3.2920678770932374,0.355555321,0.355555321,0.0,0.0,PRELIMINARY_POINT_BUFFER_PROXY,1.34534686,PRELIMINARY_90M,0.4399276548100939,0.32669165444378767,0.355555321,0.18641725480943946,0.28353120468330667,slope_focus,T2_SPANNER
1264,ST034__ST044,34,ST034,군자디지털과학고등학교,44,ST044,경기과학기술대학교,6466.0,6.466,2.854871731872146,0.383886554,0.383886554,0.0,0.0,PRELIMINARY_POINT_BUFFER_PROXY,0.931735075,PRELIMINARY_90M,0.5246748772715528,0.455120579330462,0.383886554,0.1177927658206959,0.2896824283642278,slope_focus,T2_SPANNER
159,ST003__ST055,3,ST003,배곧한울공원,55,ST055,해양생태과학관,4683.0,4.683,2.979187730277081,0.0,0.0,0.0,0.0,PRELIMINARY_POINT_BUFFER_PROXY,2.085033623,PRELIMINARY_90M,0.3711135991731978,0.41860202765548005,0.0,0.30914254447354533,0.29158429621973425,slope_focus,T2_SPANNER
1268,ST034__ST048,34,ST034,군자디지털과학고등학교,48,ST048,정왕평생학습관 사거리,7176.0,7.176,2.984758946773873,0.400823068,0.400823068,0.0,0.0,PRELIMINARY_POINT_BUFFER_PROXY,0.853683595,PRELIMINARY_90M,0.5858237877874429,0.4169654502226392,0.400823068,0.10484283759315485,0.2922544540874619,slope_focus,T2_SPANNER
31,ST001__ST032,1,ST001,월곶역,32,ST032,희망공원,9862.0,9.862,3.6110472422904527,0.173219947,0.173219947,0.0,0.0,PRELIMINARY_POINT_BUFFER_PROXY,1.055008756,PRELIMINARY_90M,0.8171561450348808,0.232989600157386,0.173219947,0.13824574533235656,0.29348553374676234,slope_focus,T2_SPANNER
1252,ST033__ST053,33,ST033,타원산업단지,53,ST053,오이도 빨강등대,6235.0,6.235,2.681993902930899,0.077964192,0.000893161,0.07707103,0.0,PRELIMINARY_POINT_BUFFER_PROXY,1.51111674,PRELIMINARY_90M,0.5047799500473689,0.5059044527711551,0.077964192,0.21392100039233028,0.2954967869213122,slope_focus,T2_SPANNER
210,ST004__ST055,4,ST004,배곧중심상가,55,ST055,해양생태과학관,7399.0,7.399,3.484870986965943,0.130920651,0.130920651,0.0,0.0,PRELIMINARY_POINT_BUFFER_PROXY,1.632000824,PRELIMINARY_90M,0.6050297132029971,0.27005461318342383,0.130920651,0.23397750939961678,0.2981409869679214,slope_focus,T2_SPANNER
541,ST012__ST014,12,ST012,신천역,14,ST014,시흥대야역,1380.0,1.38,1.9626229682490228,0.849065167,0.772905097,0.341400609,0.0,PRELIMINARY_POINT_BUFFER_PROXY,0.782071988,PRELIMINARY_90M,0.08664197743519077,0.7172238725459898,0.849065167,0.09296138229072015,0.29875244256429667,slope_focus,T2_SPANNER
1304,ST036__ST045,36,ST036,시흥시립군자도서관,45,ST045,시흥중앙도서관,6722.0,6.722,3.000023280953298,0.369603936,0.369603936,0.0,0.0,PRELIMINARY_POINT_BUFFER_PROXY,1.146482613,PRELIMINARY_90M,0.5467229351477048,0.4124814627739778,0.369603936,0.15342265015013007,0.30336872192070263,slope_focus,T2_SPANNER
1449,ST046__ST055,46,ST046,배곧1동행정복지센터,55,ST055,해양생태과학관,7851.0,7.851,3.5232407663534175,0.164232235,0.164232235,0.0,0.0,PRELIMINARY_POINT_BUFFER_PROXY,1.618401666,PRELIMINARY_90M,0.6439583153905779,0.25878326605756985,0.164232235,0.23172120215143918,0.3081045893124707,slope_focus,T2_SPANNER
195,ST004__ST040,4,ST004,배곧중심상가,40,ST040,갯골생태공원,7040.0,7.04,2.9717888971519195,0.137297876,0.137297876,0.0,0.0,PRELIMINARY_POINT_BUFFER_PROXY,1.550786437,PRELIMINARY_90M,0.5741107570407372,0.4207754781629174,0.137297876,0.22050280677138037,0.30878455791827525,slope_focus,T2_SPANNER
769,ST017__ST042,17,ST017,장곡동,42,ST042,시흥시청역,2716.0,2.716,1.8434790923881643,0.330839246,0.330839246,0.0,0.0,PRELIMINARY_POINT_BUFFER_PROXY,1.590121124,PRELIMINARY_90M,0.20170527947635863,0.7522230829711033,0.330839246,0.22702902989364263,0.31631492018775853,slope_focus,T2_SPANNER
30,ST001__ST031,1,ST001,월곶역,31,ST031,마전저수지,4726.0,4.726,2.1733816526852707,0.0,0.0,0.0,0.0,PRELIMINARY_POINT_BUFFER_PROXY,1.971254241,PRELIMINARY_90M,0.37481698389458273,0.6553122762326484,0.0,0.2902648136390502,0.3183926450333389,slope_focus,T2_SPANNER
539,ST011__ST055,11,ST011,배곧생명공원,55,ST055,해양생태과학관,7172.0,7.172,3.0753891937864077,0.173700065,0.173700065,0.0,0.0,PRELIMINARY_POINT_BUFFER_PROXY,1.631005404,PRELIMINARY_90M,0.5854792868831281,0.3903422850523529,0.173700065,0.23381235407448703,0.3186083869217221,slope_focus,T2_SPANNER
28,ST001__ST029,1,ST001,월곶역,29,ST029,관곡공원,8007.0,8.007,2.4957917874297677,0.0,0.0,0.0,0.0,PRELIMINARY_POINT_BUFFER_PROXY,1.474024387,PRELIMINARY_90M,0.657393850658858,0.5606024133246302,0.0,0.20776681460186716,0.31945253943139973,slope_focus,T2_SPANNER
779,ST017__ST052,17,ST017,장곡동,52,ST052,가온그린공원,639.0,0.639,1.9871511618456574,0.588670368,0.588670368,0.0,0.0,PRELIMINARY_POINT_BUFFER_PROXY,1.720740011,PRELIMINARY_90M,0.02282318491086039,0.7100185722077744,0.588670368,0.24870069085140145,0.32371832343903895,slope_focus,T2_SPANNER
1483,ST053__ST054,53,ST053,오이도 빨강등대,54,ST054,시흥 프리미엄 아울렛,7846.0,7.846,2.4519918002424586,0.190480413,0.190480413,0.0,0.0,PRELIMINARY_POINT_BUFFER_PROXY,1.245480791,PRELIMINARY_90M,0.6435276892601843,0.5734689157538123,0.190480413,0.169847954318063,0.3282219143241402,slope_focus,T2_SPANNER
595,ST013__ST026,13,ST013,삼미시장,26,ST026,은계파크자이,1938.0,1.938,2.6326125397405407,0.511569918,0.511569918,0.0,0.0,PRELIMINARY_POINT_BUFFER_PROXY,2.070334106,PRELIMINARY_90M,0.13469985358711567,0.5204105170475657,0.511569918,0.3067036709232997,0.3350888714362078,slope_focus,T2_SPANNER
1367,ST040__ST042,40,ST040,갯골생태공원,42,ST042,시흥시청역,3460.0,3.46,1.9956964294535866,0.321864239,0.321864239,0.0,0.0,PRELIMINARY_POINT_BUFFER_PROXY,1.76240716,PRELIMINARY_90M,0.26578244767892517,0.7075083498653512,0.321864239,0.2556139049121247,0.33536933032165006,slope_focus,T2_SPANNER
480,ST010__ST040,10,ST010,은계호수공원,40,ST040,갯골생태공원,7454.0,7.454,2.3810988212602635,0.143643119,0.143643119,0.0,0.0,PRELIMINARY_POINT_BUFFER_PROXY,1.480173201,PRELIMINARY_90M,0.6097666006373267,0.5942941429938482,0.143643119,0.20878699640988027,0.3370374076314827,slope_focus,T2_SPANNER
172,ST004__ST017,4,ST004,배곧중심상가,17,ST017,장곡동,6764.0,6.764,2.942360541443412,0.206546328,0.206546328,0.0,0.0,PRELIMINARY_POINT_BUFFER_PROXY,1.909089561,PRELIMINARY_90M,0.550340194643011,0.42942022978330263,0.206546328,0.27995074727812974,0.3454383962351625,slope_focus,T2_SPANNER
162,ST004__ST007,4,ST004,배곧중심상가,7,ST007,장현지구,7899.0,7.899,2.8650445619521356,0.183317918,0.183317918,0.0,0.0,PRELIMINARY_POINT_BUFFER_PROXY,1.69100406,PRELIMINARY_90M,0.6480923262423564,0.45213225099200605,0.183317918,0.2437670440938041,0.34681951264417427,slope_focus,T2_SPANNER
765,ST017__ST038,17,ST017,장곡동,38,ST038,능곡도서관,4285.0,4.285,1.9821410620641189,0.326481556,0.310449796,0.021514244,0.0,PRELIMINARY_POINT_BUFFER_PROXY,1.72813283,PRELIMINARY_90M,0.3368357591938679,0.7114903183234511,0.326481556,0.24992727201871826,0.34802656899665035,slope_focus,T2_SPANNER
6,ST001__ST007,1,ST001,월곶역,7,ST007,장현지구,6606.0,6.606,2.2379457054195973,0.124628605,0.124628605,0.0,0.0,PRELIMINARY_POINT_BUFFER_PROXY,1.757575321,PRELIMINARY_90M,0.5367324089225735,0.6363462080967941,0.124628605,0.2548122292967868,0.3488988183974272,slope_focus,T2_SPANNER
1157,ST029__ST052,29,ST029,관곡공원,52,ST052,가온그린공원,4265.0,4.265,2.386392012061943,0.201240875,0.201240875,0.0,0.0,PRELIMINARY_POINT_BUFFER_PROXY,2.198243349,PRELIMINARY_90M,0.3351132546722935,0.5927392372351619,0.201240875,0.327925760709286,0.350082548124376,slope_focus,T2_SPANNER
332,ST007__ST030,7,ST007,장현지구,30,ST030,장곡도서관,1683.0,1.683,1.4562870070184697,0.759142743,0.759142743,0.0,0.0,PRELIMINARY_POINT_BUFFER_PROXY,1.235595407,PRELIMINARY_90M,0.11273792093704246,0.8659630227949378,0.759142743,0.16820781868832624,0.35041735840081223,slope_focus,T2_SPANNER
766,ST017__ST039,17,ST017,장곡동,39,ST039,능곡힐스테이트,4383.0,4.383,1.9825345779479786,0.337079027,0.273766902,0.063312125,0.0,PRELIMINARY_POINT_BUFFER_PROXY,1.722839209,PRELIMINARY_90M,0.3452760313495823,0.7113747207308319,0.337079027,0.24904897974272547,0.350847758300904,slope_focus,T2_SPANNER
1051,ST026__ST027,26,ST026,은계파크자이,27,ST027,은행동행정복지센터,457.0,0.457,1.0,0.754632796,0.754632796,0.0,0.0,PRELIMINARY_POINT_BUFFER_PROXY,1.276801074,PRELIMINARY_90M,0.007148393764533632,1.0,0.754632796,0.17504446586295966,0.35214683108438655,slope_focus,T2_SPANNER
354,ST007__ST052,7,ST007,장현지구,52,ST052,가온그린공원,1163.0,1.163,1.2131708783527768,0.867518063,0.867518063,0.0,0.0,PRELIMINARY_POINT_BUFFER_PROXY,1.043527785,PRELIMINARY_90M,0.06795280337610886,0.9373798076143823,0.867518063,0.13634087753955518,0.3524956800371567,slope_focus,T2_SPANNER
1393,ST041__ST054,41,ST041,연꽃테마파크,54,ST054,시흥 프리미엄 아울렛,8437.0,8.437,2.489736395352416,0.047911633,0.047911633,0.0,0.0,PRELIMINARY_POINT_BUFFER_PROXY,1.716462461,PRELIMINARY_90M,0.6944276978727069,0.5623812201662786,0.047911633,0.24799098021568108,0.35442495765732374,slope_focus,T2_SPANNER
1092,ST027__ST040,27,ST027,은행동행정복지센터,40,ST040,갯골생태공원,7766.0,7.766,2.333264553599835,0.185388171,0.185388171,0.0,0.0,PRELIMINARY_POINT_BUFFER_PROXY,1.5408174,PRELIMINARY_90M,0.6366376711738868,0.6083457389091405,0.185388171,0.21884879183601075,0.3558120166391538,slope_focus,T2_SPANNER
1119,ST028__ST040,28,ST028,매화산업단지,40,ST040,갯골생태공원,6811.0,6.811,1.9533744447506738,0.165783342,0.165783342,0.0,0.0,PRELIMINARY_POINT_BUFFER_PROXY,1.57948831,PRELIMINARY_90M,0.5543880802687107,0.7199406804196764,0.165783342,0.22526488425339605,0.35636866154339164,slope_focus,T2_SPANNER
16,ST001__ST017,1,ST001,월곶역,17,ST017,장곡동,5471.0,5.471,2.2032904503529056,0.141154833,0.141154833,0.0,0.0,PRELIMINARY_POINT_BUFFER_PROXY,2.041065843,PRELIMINARY_90M,0.438980277323228,0.64652639197659,0.141154833,0.3018476207216278,0.35687204957194796,slope_focus,T2_SPANNER
553,ST012__ST026,12,ST012,신천역,26,ST026,은계파크자이,1797.0,1.797,2.4281601537334185,0.516501543,0.516501543,0.0,0.0,PRELIMINARY_POINT_BUFFER_PROXY,2.25962769,PRELIMINARY_90M,0.12255619671001636,0.580469601310835,0.516501543,0.3381103569558261,0.3581120894665416,slope_focus,T2_SPANNER
1200,ST031__ST046,31,ST031,마전저수지,46,ST046,배곧1동행정복지센터,6474.0,6.474,2.6607456451218936,0.206709213,0.206709213,0.0,0.0,PRELIMINARY_POINT_BUFFER_PROXY,1.978775005,PRELIMINARY_90M,0.5253638790801826,0.5121462527869018,0.206709213,0.2915126228287834,0.3586574070984635,slope_focus,T2_SPANNER
433,ST009__ST038,9,ST009,능곡중앙공원,38,ST038,능곡도서관,744.0,0.744,2.0,0.97496266,0.515421611,0.830516213,0.0,PRELIMINARY_POINT_BUFFER_PROXY,1.451338391,PRELIMINARY_90M,0.031866333649125826,0.7062441508450915,0.97496266,0.2040028626566858,0.3605557196849318,slope_focus,T2_SPANNER
1135,ST029__ST030,29,ST029,관곡공원,30,ST030,장곡도서관,4785.0,4.785,2.344415023463761,0.235519282,0.235519282,0.0,0.0,PRELIMINARY_POINT_BUFFER_PROXY,2.140637973,PRELIMINARY_90M,0.3798983722332271,0.6050702231657867,0.235519282,0.3183681522600866,0.3612521763515567,slope_focus,T2_SPANNER
1143,ST029__ST038,29,ST029,관곡공원,38,ST038,능곡도서관,4223.0,4.223,2.511994530716733,0.118739746,0.102463148,0.021842811,0.0,PRELIMINARY_POINT_BUFFER_PROXY,2.578907523,PRELIMINARY_90M,0.33149599517698736,0.5558427627117288,0.118739746,0.39108373967517096,0.3630284451797423,slope_focus,T2_SPANNER
435,ST009__ST040,9,ST009,능곡중앙공원,40,ST040,갯골생태공원,5511.0,5.511,1.9576878879411694,0.325495522,0.303897424,0.106224801,0.0,PRELIMINARY_POINT_BUFFER_PROXY,1.652679251,PRELIMINARY_90M,0.44242528636637674,0.7186735812524709,0.325495522,0.23740837509887638,0.36381461031058415,slope_focus,T2_SPANNER
1053,ST026__ST029,26,ST026,은계파크자이,29,ST029,관곡공원,6175.0,6.175,2.002908151887456,0.217079342,0.217079342,0.0,0.0,PRELIMINARY_POINT_BUFFER_PROXY,1.735808496,PRELIMINARY_90M,0.49961243648264575,0.7053898642179204,0.217079342,0.2512007818073677,0.36389325913290105,slope_focus,T2_SPANNER
1144,ST029__ST039,29,ST029,관곡공원,39,ST039,능곡힐스테이트,4321.0,4.321,2.5005444574442675,0.134141311,0.069883904,0.064257407,0.0,PRELIMINARY_POINT_BUFFER_PROXY,2.555414981,PRELIMINARY_90M,0.33993626733270177,0.5592062887087678,0.134141311,0.3871859694755221,0.36558237816061656,slope_focus,T2_SPANNER
5,ST001__ST006,1,ST001,월곶역,6,ST006,시흥시청 본청,8097.0,8.097,2.218746574450684,0.109475795,0.109475795,0.0,0.0,PRELIMINARY_POINT_BUFFER_PROXY,1.677605889,PRELIMINARY_90M,0.6651451210059426,0.6419860651176035,0.109475795,0.24154408364731003,0.3665203450424841,slope_focus,T2_SPANNER
82,ST002__ST030,2,ST002,월곶포구,30,ST030,장곡도서관,5588.0,5.588,2.0815186231395657,0.385608082,0.385608082,0.0,0.0,PRELIMINARY_POINT_BUFFER_PROXY,1.627351059,PRELIMINARY_90M,0.44905692877443804,0.6822975784827894,0.385608082,0.2332060426314667,0.36660025614303937,slope_focus,T2_SPANNER
94,ST002__ST042,2,ST002,월곶포구,42,ST042,시흥시청역,6940.0,6.94,2.1549162435815505,0.23698744,0.23698744,0.0,0.0,PRELIMINARY_POINT_BUFFER_PROXY,1.656016441,PRELIMINARY_90M,0.5654982344328654,0.6607365981639045,0.23698744,0.2379620657013053,0.36673928546181145,slope_focus,T2_SPANNER
1381,ST041__ST042,41,ST041,연꽃테마파크,42,ST042,시흥시청역,3357.0,3.357,2.4375560527901543,0.0,0.0,0.0,0.0,PRELIMINARY_POINT_BUFFER_PROXY,2.986825232,PRELIMINARY_90M,0.25691154939281713,0.5777095010048499,0.0,0.458763494809769,0.36742048243417547,slope_focus,T2_SPANNER
1472,ST050__ST052,50,ST050,시흥한라3차아파트,52,ST052,가온그린공원,8779.0,8.779,3.3218078771929007,0.282979932,0.282979932,0.0,0.0,PRELIMINARY_POINT_BUFFER_PROXY,1.858796601,PRELIMINARY_90M,0.7238825251916287,0.317955355460644,0.282979932,0.271606379915069,0.3707199881149568,slope_focus,T2_SPANNER
1146,ST029__ST041,29,ST029,관곡공원,41,ST041,연꽃테마파크,3138.0,3.138,1.7569046050067059,0.0,0.0,0.0,0.0,PRELIMINARY_POINT_BUFFER_PROXY,2.735579863,PRELIMINARY_90M,0.2380501248815778,0.7776548450269946,0.0,0.4170780649364076,0.3727972841985685,slope_focus,T2_SPANNER
1052,ST026__ST028,26,ST026,은계파크자이,28,ST028,매화산업단지,3710.0,3.71,2.0137289994067236,0.230217732,0.230217732,0.0,0.0,PRELIMINARY_POINT_BUFFER_PROXY,2.364000529,PRELIMINARY_90M,0.2873137541986048,0.7022111769663222,0.230217732,0.35542739916892313,0.3750407867691309,slope_focus,T2_SPANNER
294,ST006__ST040,6,ST006,시흥시청 본청,40,ST040,갯골생태공원,3134.0,3.134,1.787243299742466,0.417517824,0.417517824,0.0,0.0,PRELIMINARY_POINT_BUFFER_PROXY,2.045098404,PRELIMINARY_90M,0.23770562397726294,0.7687426759926397,0.417517824,0.302516683954294,0.3767385417714955,slope_focus,T2_SPANNER
247,ST005__ST042,5,ST005,배곧중·고등학교,42,ST042,시흥시청역,9707.0,9.707,2.7612267136458186,0.230343718,0.230343718,0.0,0.0,PRELIMINARY_POINT_BUFFER_PROXY,1.53960277,PRELIMINARY_90M,0.8038067349926794,0.4826293511786637,0.230343718,0.21864726623620126,0.37703094049343605,slope_focus,T2_SPANNER
257,ST005__ST052,5,ST005,배곧중·고등학교,52,ST052,가온그린공원,8122.0,8.122,2.8555152975367957,0.2956403,0.2956403,0.0,0.0,PRELIMINARY_POINT_BUFFER_PROXY,1.819513266,PRELIMINARY_90M,0.6672982516579106,0.4549315281521559,0.2956403,0.26508867687102095,0.378589762989916,slope_focus,T2_SPANNER
609,ST013__ST040,13,ST013,삼미시장,40,ST040,갯골생태공원,8751.0,8.751,2.4711492264829102,0.214627747,0.214627747,0.0,0.0,PRELIMINARY_POINT_BUFFER_PROXY,1.634966669,PRELIMINARY_90M,0.7214710188614245,0.567841309740926,0.214627747,0.23446958821585462,0.37889935639135114,slope_focus,T2_SPANNER
918,ST021__ST049,21,ST021,오이도 포구 해양관광 단지,49,ST049,거북섬 웨이브파크 정문,3415.0,3.415,2.0479519266585933,0.213066607,0.05611095,0.156955657,0.0,PRELIMINARY_POINT_BUFFER_PROXY,2.524721128,PRELIMINARY_90M,0.26190681250538284,0.6921579919108826,0.213066607,0.38209339219989963,0.37921174843765876,slope_focus,T2_SPANNER
567,ST012__ST040,12,ST012,신천역,40,ST040,갯골생태공원,8610.0,8.61,2.4258672733918405,0.210859569,0.210859569,0.0,0.0,PRELIMINARY_POINT_BUFFER_PROXY,1.670696384,PRELIMINARY_90M,0.7093273619843252,0.5811431483225858,0.210859569,0.24039769162709676,0.3808647258088013,slope_focus,T2_SPANNER
262,ST006__ST008,6,ST006,시흥시청 본청,8,ST008,시흥능곡역,1951.0,1.951,2.023517683433672,0.1397711,0.1397711,0.0,0.0,PRELIMINARY_POINT_BUFFER_PROXY,2.968420709,PRELIMINARY_90M,0.135819481526139,0.699335693777877,0.1397711,0.45570990438570363,0.38088486756476114,slope_focus,T2_SPANNER
1376,ST040__ST051,40,ST040,갯골생태공원,51,ST051,연성중학교,5417.0,5.417,2.495832602905231,0.192518156,0.176017861,0.031845057,0.0,PRELIMINARY_POINT_BUFFER_PROXY,2.410565802,PRELIMINARY_90M,0.4343295151149772,0.5605904235399768,0.192518156,0.36315328653513135,0.3814088332215576,slope_focus,T2_SPANNER
1180,ST030__ST050,30,ST030,장곡도서관,50,ST050,시흥한라3차아파트,8490.0,8.49,3.1450030516165666,0.293887363,0.293887363,0.0,0.0,PRELIMINARY_POINT_BUFFER_PROXY,1.953099272,PRELIMINARY_90M,0.698992334854879,0.3698928071325055,0.293887363,0.2872526280210039,0.38299180650135356,slope_focus,T2_SPANNER
163,ST004__ST008,4,ST004,배곧중심상가,8,ST008,시흥능곡역,10234.0,10.234,2.6871009164248223,0.177163027,0.177163027,0.0,0.0,PRELIMINARY_POINT_BUFFER_PROXY,1.605438133,PRELIMINARY_90M,0.849194729136164,0.504404237685602,0.177163027,0.22957035476295454,0.38685921291155034,slope_focus,T2_SPANNER
284,ST006__ST030,6,ST006,시흥시청 본청,30,ST030,장곡도서관,2299.0,2.299,1.599654875590196,0.767619824,0.767619824,0.0,0.0,PRELIMINARY_POINT_BUFFER_PROXY,1.660607465,PRELIMINARY_90M,0.16579106020153303,0.8238478728211209,0.767619824,0.238723786443704,0.3912402597853267,slope_focus,T2_SPANNER
1066,ST026__ST042,26,ST026,은계파크자이,42,ST042,시흥시청역,7779.0,7.779,2.235582588000752,0.172282193,0.172282193,0.0,0.0,PRELIMINARY_POINT_BUFFER_PROXY,1.980521819,PRELIMINARY_90M,0.6377572991129101,0.6370403876608197,0.172282193,0.2918024458523425,0.3948510698478762,slope_focus,T2_SPANNER
306,ST006__ST052,6,ST006,시흥시청 본청,52,ST052,가온그린공원,1779.0,1.779,1.4826262058444766,0.840948525,0.840948525,0.0,0.0,PRELIMINARY_POINT_BUFFER_PROXY,1.647772227,PRELIMINARY_90M,0.12100594264059943,0.8582257290777442,0.840948525,0.23659422514796166,0.3973744392137623,slope_focus,T2_SPANNER
415,ST009__ST020,9,ST009,능곡중앙공원,20,ST020,시화공업단지[왼쪽부근],10520.0,10.52,3.15249532086178,0.240155396,0.240155396,0.031284208,0.0,PRELIMINARY_POINT_BUFFER_PROXY,1.809710265,PRELIMINARY_90M,0.8738265437946775,0.36769190921828065,0.240155396,0.2634622098345918,0.3976735094589735,slope_focus,T2_SPANNER
714,ST016__ST025,16,ST016,물왕호수,25,ST025,목감동행정복지센터,3005.0,3.005,2.1381214943015445,0.193383798,0.119943446,0.161932073,0.0,PRELIMINARY_POINT_BUFFER_PROXY,2.924827881,PRELIMINARY_90M,0.22659546981310827,0.6656701539999965,0.193383798,0.4484771908761643,0.3984157822007033,slope_focus,T2_SPANNER
90,ST002__ST038,2,ST002,월곶포구,38,ST038,능곡도서관,8509.0,8.509,2.167242567914989,0.252130555,0.244053181,0.010839645,0.0,PRELIMINARY_POINT_BUFFER_PROXY,1.709976501,PRELIMINARY_90M,0.7006287141503746,0.6571156682923764,0.252130555,0.24691486075597702,0.3999701067019199,slope_focus,T2_SPANNER
91,ST002__ST039,2,ST002,월곶포구,39,ST039,능곡힐스테이트,8607.0,8.607,2.1653653415540304,0.258363518,0.226112006,0.032251511,0.0,PRELIMINARY_POINT_BUFFER_PROXY,1.708996677,PRELIMINARY_90M,0.709068986306089,0.6576671145160958,0.258363518,0.24675229304456883,0.4025945386609166,slope_focus,T2_SPANNER
292,ST006__ST038,6,ST006,시흥시청 본청,38,ST038,능곡도서관,2199.0,2.199,2.084117616972949,0.214672193,0.183407351,0.04195668,0.0,PRELIMINARY_POINT_BUFFER_PROXY,3.091529972,PRELIMINARY_90M,0.15717853759366118,0.6815341088423155,0.214672193,0.4761356044492447,0.40393445501970193,slope_focus,T2_SPANNER
12,ST001__ST013,1,ST001,월곶역,13,ST013,삼미시장,9482.0,9.482,3.1837495936503077,0.119793102,0.106281611,0.059662208,0.0,PRELIMINARY_POINT_BUFFER_PROXY,2.374327025,PRELIMINARY_90M,0.7844285591249677,0.35851078377556755,0.119793102,0.357140721991783,0.40720165568722017,slope_focus,T2_SPANNER
8,ST001__ST009,1,ST001,월곶역,9,ST009,능곡중앙공원,9589.0,9.589,2.1992660976369445,0.186186101,0.173782985,0.062235777,0.0,PRELIMINARY_POINT_BUFFER_PROXY,1.713322114,PRELIMINARY_90M,0.7936439583153906,0.647708569125966,0.186186101,0.2474699488622772,0.40754796661311166,slope_focus,T2_SPANNER
496,ST011__ST012,11,ST011,배곧생명공원,12,ST012,신천역,11190.0,11.19,3.3955749329725884,0.229835415,0.229835415,0.0,0.0,PRELIMINARY_POINT_BUFFER_PROXY,1.946326239,PRELIMINARY_90M,0.9315304452674188,0.2962858513504243,0.229835415,0.28612887878226084,0.40828871839717784,slope_focus,T2_SPANNER
757,ST017__ST030,17,ST017,장곡동,30,ST030,장곡도서관,564.0,0.564,1.5742051509756851,0.955860684,0.955860684,0.0,0.0,PRELIMINARY_POINT_BUFFER_PROXY,1.913795281,PRELIMINARY_90M,0.016363792954956508,0.8313238782860152,0.955860684,0.28073149783223716,0.4117161918500121,slope_focus,T2_SPANNER
431,ST009__ST036,9,ST009,능곡중앙공원,36,ST036,시흥시립군자도서관,4477.0,4.477,3.3255331202319405,0.336615531,0.336615531,0.073519269,0.0,PRELIMINARY_POINT_BUFFER_PROXY,3.161998942,PRELIMINARY_90M,0.35337180260098183,0.3168610435284025,0.336615531,0.4878274788860746,0.41260958614249404,slope_focus,T2_SPANNER
755,ST017__ST028,17,ST017,장곡동,28,ST028,매화산업단지,7665.0,7.665,1.9685429224432203,0.302670708,0.302670708,0.0,0.0,PRELIMINARY_POINT_BUFFER_PROXY,1.842938926,PRELIMINARY_90M,0.6279390233399362,0.7154848513747152,0.302670708,0.26897535032913833,0.4127988137387637,slope_focus,T2_SPANNER
344,ST007__ST042,7,ST007,장현지구,42,ST042,시흥시청역,1884.0,1.884,1.0848082524282452,0.701082383,0.701082383,0.0,0.0,PRELIMINARY_POINT_BUFFER_PROXY,1.854984739,PRELIMINARY_90M,0.13004909137886486,0.975087079792597,0.701082383,0.2709739340048403,0.41292220469708274,slope_focus,T2_SPANNER
1196,ST031__ST042,31,ST031,마전저수지,42,ST042,시흥시청역,4275.0,4.275,2.1436264167673507,0.207291629,0.207291629,0.0,0.0,PRELIMINARY_POINT_BUFFER_PROXY,2.824591732,PRELIMINARY_90M,0.3359745069330807,0.6640530508265217,0.207291629,0.431846488481346,0.4138198476012674,slope_focus,T2_SPANNER
492,ST010__ST052,10,ST010,은계호수공원,52,ST052,가온그린공원,9414.0,9.414,2.2745307477085395,0.204903465,0.204903465,0.0,0.0,PRELIMINARY_POINT_BUFFER_PROXY,1.862794783,PRELIMINARY_90M,0.7785720437516148,0.6255991379328376,0.204903465,0.272269739148496,0.4164246687644966,slope_focus,T2_SPANNER
730,ST016__ST041,16,ST016,물왕호수,41,ST041,연꽃테마파크,3935.0,3.935,2.0,0.29027288,0.250287871,0.138484824,0.0,PRELIMINARY_POINT_BUFFER_PROXY,2.713464194,PRELIMINARY_90M,0.3066919300663164,0.7062441508450915,0.29027288,0.4134087389190912,0.4175203100995726,slope_focus,T2_SPANNER
1237,ST033__ST038,33,ST033,타원산업단지,38,ST038,능곡도서관,11114.0,11.114,3.027519358491037,0.129363807,0.123175519,0.008304536,0.0,PRELIMINARY_POINT_BUFFER_PROXY,2.083461432,PRELIMINARY_90M,0.9249849280854362,0.40440432916845004,0.129363807,0.3088816940628934,0.4195030530738014,slope_focus,T2_SPANNER
1354,ST039__ST044,39,ST039,능곡힐스테이트,44,ST044,경기과학기술대학교,9820.0,9.82,3.3767573140694007,0.354042298,0.350455432,0.030035451,0.0,PRELIMINARY_POINT_BUFFER_PROXY,2.132369889,PRELIMINARY_90M,0.8135388855395745,0.30181363697040364,0.354042298,0.3169963513105174,0.41958434300873415,slope_focus,T2_SPANNER
301,ST006__ST047,6,ST006,시흥시청 본청,47,ST047,배곧2동행정복지센터,10990.0,10.99,2.4042417245259013,0.221552777,0.221552777,0.0,0.0,PRELIMINARY_POINT_BUFFER_PROXY,1.625128198,PRELIMINARY_90M,0.9143054000516752,0.5874957797931408,0.221552777,0.23283723616668472,0.4206369816126485,slope_focus,T2_SPANNER
478,ST010__ST038,10,ST010,은계호수공원,38,ST038,능곡도서관,9372.0,9.372,2.330701975467328,0.167732728,0.160396489,0.00984506,0.0,PRELIMINARY_POINT_BUFFER_PROXY,2.022751487,PRELIMINARY_90M,0.7749547842563087,0.6090985112244809,0.167732728,0.29880899037491765,0.4209201379223927,slope_focus,T2_SPANNER
713,ST016__ST024,16,ST016,물왕호수,24,ST024,목감고등학교,3229.0,3.229,2.105914035609522,0.176923572,0.176923572,0.0,0.0,PRELIMINARY_POINT_BUFFER_PROXY,3.167384816,PRELIMINARY_90M,0.2458875204547412,0.6751312833771932,0.176923572,0.48872107733856496,0.4213462710668097,slope_focus,T2_SPANNER
637,ST014__ST027,14,ST014,시흥대야역,27,ST027,은행동행정복지센터,1905.0,1.905,2.4973236886392187,0.756121681,0.589126823,0.182065921,0.0,PRELIMINARY_POINT_BUFFER_PROXY,2.616675973,PRELIMINARY_90M,0.13185772112651795,0.5601524083840266,0.756121681,0.39735010024598233,0.4224877077558987,slope_focus,T2_SPANNER
479,ST010__ST039,10,ST010,은계호수공원,39,ST039,능곡힐스테이트,9470.0,9.47,2.3273271025093933,0.174260921,0.144938428,0.029322493,0.0,PRELIMINARY_POINT_BUFFER_PROXY,2.018539596,PRELIMINARY_90M,0.7833950564120231,0.6100898998960289,0.174260921,0.29811017356641867,0.4233867212000183,slope_focus,T2_SPANNER
1205,ST031__ST051,31,ST031,마전저수지,51,ST051,연성중학교,6100.0,6.1,2.6203589074087144,0.119255883,0.104609688,0.028266702,0.0,PRELIMINARY_POINT_BUFFER_PROXY,2.974419427,PRELIMINARY_90M,0.49315304452674186,0.5240100932184334,0.119255883,0.4567051829833325,0.4234730968297796,slope_focus,T2_SPANNER
1192,ST031__ST038,31,ST031,마전저수지,38,ST038,능곡도서관,5844.0,5.844,2.1645947711014233,0.237305503,0.225553598,0.01577078,0.0,PRELIMINARY_POINT_BUFFER_PROXY,2.588128648,PRELIMINARY_90M,0.47110498665059,0.6578934740937351,0.237305503,0.3926136646288962,0.42480767620862636,slope_focus,T2_SPANNER
385,ST008__ST036,8,ST008,시흥능곡역,36,ST036,시흥시립군자도서관,4468.0,4.468,3.322939983305055,0.221339234,0.221339234,0.0,0.0,PRELIMINARY_POINT_BUFFER_PROXY,3.518784026,PRELIMINARY_90M,0.3525966755662734,0.3176227926683346,0.221339234,0.5470235534570783,0.424875415842044,slope_focus,T2_SPANNER
666,ST015__ST016,15,ST015,목감택지개발예정지구,16,ST016,물왕호수,3107.0,3.107,2.1181705540136373,0.281664379,0.281664379,0.0,0.0,PRELIMINARY_POINT_BUFFER_PROXY,3.053159992,PRELIMINARY_90M,0.23538024287313755,0.6715308594057094,0.281664379,0.4697694408980579,0.4249400547845129,slope_focus,T2_SPANNER
393,ST008__ST044,8,ST008,시흥능곡역,44,ST044,경기과학기술대학교,9845.0,9.845,3.3708627586547335,0.30400091,0.30400091,0.0,0.0,PRELIMINARY_POINT_BUFFER_PROXY,2.295432289,PRELIMINARY_90M,0.8156920161915425,0.30354519710162997,0.30400091,0.3440508847621648,0.42629576168463545,slope_focus,T2_SPANNER
1193,ST031__ST039,31,ST031,마전저수지,39,ST039,능곡힐스테이트,5942.0,5.942,2.161920459666236,0.246568749,0.199883874,0.046684875,0.0,PRELIMINARY_POINT_BUFFER_PROXY,2.571813399,PRELIMINARY_90M,0.4795452588063044,0.6586790687202833,0.246568749,0.38990671655354303,0.4266495826960749,slope_focus,T2_SPANNER
470,ST010__ST030,10,ST010,은계호수공원,30,ST030,장곡도서관,9934.0,9.934,2.2601702712098652,0.221216871,0.221216871,0.0,0.0,PRELIMINARY_POINT_BUFFER_PROXY,1.8544822,PRELIMINARY_90M,0.8233571613125484,0.6298176119009747,0.221216871,0.27089055513769345,0.4277718822665026,slope_focus,T2_SPANNER
1104,ST027__ST052,27,ST027,은행동행정복지센터,52,ST052,가온그린공원,9726.0,9.726,2.239733791325707,0.236285294,0.236285294,0.0,0.0,PRELIMINARY_POINT_BUFFER_PROXY,1.899569739,PRELIMINARY_90M,0.805443114288175,0.6358209474030829,0.236285294,0.2783712639468852,0.4310901910415401,slope_focus,T2_SPANNER
592,ST013__ST023,13,ST013,삼미시장,23,ST023,오이도역,11783.0,11.783,3.3102733501963364,0.253473877,0.253473877,0.0,0.0,PRELIMINARY_POINT_BUFFER_PROXY,2.025275514,PRELIMINARY_90M,0.9826027043320988,0.3213436902331199,0.253473877,0.2992277648618893,0.4323570583823324,slope_focus,T2_SPANNER
378,ST008__ST029,8,ST008,시흥능곡역,29,ST029,관곡공원,4389.0,4.389,2.156570265400262,0.0,0.0,0.0,0.0,PRELIMINARY_POINT_BUFFER_PROXY,3.417489749,PRELIMINARY_90M,0.3457927827060546,0.6602507195800281,0.0,0.5302172915257137,0.43330481024107204,slope_focus,T2_SPANNER
1090,ST027__ST038,27,ST027,은행동행정복지센터,38,ST038,능곡도서관,9684.0,9.684,2.293970249991462,0.200426735,0.193325854,0.009529214,0.0,PRELIMINARY_POINT_BUFFER_PROXY,2.05557101,PRELIMINARY_90M,0.8018258547928688,0.6198886704325688,0.200426735,0.3042542486494838,0.43553960609820097,slope_focus,T2_SPANNER
1091,ST027__ST039,27,ST027,은행동행정복지센터,39,ST039,능곡힐스테이트,9782.0,9.782,2.2910655255291217,0.206424511,0.178033437,0.028391073,0.0,PRELIMINARY_POINT_BUFFER_PROXY,2.051455528,PRELIMINARY_90M,0.8102661269485832,0.6207419502335647,0.206424511,0.30357142756112343,0.4379139083553131,slope_focus,T2_SPANNER
1075,ST026__ST051,26,ST026,은계파크자이,51,ST051,연성중학교,7587.0,7.587,2.103109787779251,0.27255464,0.260774295,0.022735702,0.0,PRELIMINARY_POINT_BUFFER_PROXY,2.31844097,PRELIMINARY_90M,0.6212212557057962,0.6759550475798153,0.27255464,0.34786837505908663,0.4404548918076749,slope_focus,T2_SPANNER
1319,ST037__ST042,37,ST037,군자동행정복지센터,42,ST042,시흥시청역,6708.0,6.708,2.8237370109722706,0.306005252,0.306005252,0.0,0.0,PRELIMINARY_POINT_BUFFER_PROXY,2.829592416,PRELIMINARY_90M,0.5455171819826027,0.46426658570660606,0.306005252,0.43267617805146835,0.44098230107824565,slope_focus,T2_SPANNER
1082,ST027__ST030,27,ST027,은행동행정복지센터,30,ST030,장곡도서관,10246.0,10.246,2.2275739708934226,0.250512017,0.250512017,0.0,0.0,PRELIMINARY_POINT_BUFFER_PROXY,1.889500259,PRELIMINARY_90M,0.8502282318491086,0.6393929657797397,0.250512017,0.2767005839893923,0.4418816857814788,slope_focus,T2_SPANNER
103,ST002__ST051,2,ST002,월곶포구,51,ST051,연성중학교,7741.0,7.741,2.26792291157827,0.306454625,0.294910451,0.022279897,0.0,PRELIMINARY_POINT_BUFFER_PROXY,2.332794515,PRELIMINARY_90M,0.6344845405219188,0.6275402284463614,0.306454625,0.3502498465899375,0.44212105941630675,slope_focus,T2_SPANNER
621,ST013__ST052,13,ST013,삼미시장,52,ST052,가온그린공원,10711.0,10.711,2.3610115699713874,0.255497662,0.255497662,0.0,0.0,PRELIMINARY_POINT_BUFFER_PROXY,1.938174021,PRELIMINARY_90M,0.8902764619757126,0.6001948905534,0.255497662,0.284776301765204,0.4487973261607545,slope_focus,T2_SPANNER
579,ST012__ST052,12,ST012,신천역,52,ST052,가온그린공원,10570.0,10.57,2.322667703383439,0.252965486,0.252965486,0.0,0.0,PRELIMINARY_POINT_BUFFER_PROXY,1.970080173,PRELIMINARY_90M,0.8781328050986134,0.6114586256428252,0.252965486,0.2900700178922655,0.4503251867122792,slope_focus,T2_SPANNER
330,ST007__ST028,7,ST007,장현지구,28,ST028,매화산업단지,8310.0,8.31,1.8818440114835289,0.272091051,0.272091051,0.0,0.0,PRELIMINARY_POINT_BUFFER_PROXY,2.181486617,PRELIMINARY_90M,0.6834897941607097,0.740953163584485,0.272091051,0.32514556388626425,0.45122737296294685,slope_focus,T2_SPANNER
1142,ST029__ST037,29,ST029,관곡공원,37,ST037,군자동행정복지센터,8485.0,8.485,2.9235862417114005,0.209904838,0.209904838,0.0,0.0,PRELIMINARY_POINT_BUFFER_PROXY,2.828127704,PRELIMINARY_90M,0.6985617087244854,0.4349352901433685,0.209904838,0.43243316004240534,0.452654940987605,slope_focus,T2_SPANNER
338,ST007__ST036,7,ST007,장현지구,36,ST036,시흥시립군자도서관,7914.0,7.914,2.6645802732851354,0.307930223,0.307930223,0.0,0.0,PRELIMINARY_POINT_BUFFER_PROXY,2.636188829,PRELIMINARY_90M,0.6493842046335372,0.5110198083346155,0.307930223,0.40058757998005456,0.453013135616927,slope_focus,T2_SPANNER
607,ST013__ST038,13,ST013,삼미시장,38,ST038,능곡도서관,10669.0,10.669,2.4106621132158583,0.223015161,0.216569654,0.008649719,0.0,PRELIMINARY_POINT_BUFFER_PROXY,2.089859033,PRELIMINARY_90M,0.8866592024804065,0.5856097530616179,0.223015161,0.30994315341995426,0.4535971543153011,slope_focus,T2_SPANNER
1046,ST025__ST051,25,ST025,목감동행정복지센터,51,ST051,연성중학교,4855.0,4.855,2.2406696427083874,0.255573087,0.248649808,0.132560721,0.0,PRELIMINARY_POINT_BUFFER_PROXY,3.153385578,PRELIMINARY_90M,0.3859271380587374,0.6355460355854807,0.255573087,0.48639839073044083,0.45405249136479003,slope_focus,T2_SPANNER
565,ST012__ST038,12,ST012,신천역,38,ST038,능곡도서관,10528.0,10.528,2.3728396337552122,0.220045017,0.213514366,0.00876398,0.0,PRELIMINARY_POINT_BUFFER_PROXY,2.12272917,PRELIMINARY_90M,0.8745155456033072,0.5967203276327241,0.220045017,0.31539680932730463,0.4551163154792224,slope_focus,T2_SPANNER
608,ST013__ST039,13,ST013,삼미시장,39,ST039,능곡힐스테이트,10767.0,10.767,2.406975501946521,0.228261563,0.202467309,0.025794253,0.0,PRELIMINARY_POINT_BUFFER_PROXY,2.084815761,PRELIMINARY_90M,0.8950994746361209,0.5866927166855462,0.228261563,0.3091063978525779,0.45581623580634506,slope_focus,T2_SPANNER
1023,ST025__ST028,25,ST025,목감동행정복지센터,28,ST028,매화산업단지,6878.0,6.878,2.8903708674922335,0.271201217,0.266520768,0.103849183,0.0,PRELIMINARY_POINT_BUFFER_PROXY,3.071832764,PRELIMINARY_90M,0.5601584704159849,0.44469250060211796,0.271201217,0.4728675379131207,0.455849520680075,slope_focus,T2_SPANNER
566,ST012__ST039,12,ST012,신천역,39,ST039,능곡힐스테이트,10626.0,10.626,2.369448751930395,0.225387105,0.199255214,0.026131891,0.0,PRELIMINARY_POINT_BUFFER_PROXY,2.117461439,PRELIMINARY_90M,0.8829558177590217,0.5977164190025572,0.225387105,0.3145228125962754,0.45731809845032567,slope_focus,T2_SPANNER
599,ST013__ST030,13,ST013,삼미시장,30,ST030,장곡도서관,11231.0,11.231,2.3443065473351545,0.267587404,0.267587404,0.0,0.0,PRELIMINARY_POINT_BUFFER_PROXY,1.925417323,PRELIMINARY_90M,0.9350615795366463,0.6051020886630585,0.267587404,0.28265977145059096,0.4592456255320835,slope_focus,T2_SPANNER
359,ST008__ST010,8,ST008,시흥능곡역,10,ST010,은계호수공원,9519.0,9.519,2.1680281636531937,0.115583801,0.115583801,0.0,0.0,PRELIMINARY_POINT_BUFFER_PROXY,2.47456009,PRELIMINARY_90M,0.7876151924898803,0.6568848949492077,0.115583801,0.3737709127040726,0.4602787992423935,slope_focus,T2_SPANNER
557,ST012__ST030,12,ST012,신천역,30,ST030,장곡도서관,11090.0,11.09,2.30754962573065,0.265325557,0.265325557,0.0,0.0,PRELIMINARY_POINT_BUFFER_PROXY,1.955667813,PRELIMINARY_90M,0.922917922659547,0.6158996493813103,0.265325557,0.2876787880579371,0.46060675951807445,slope_focus,T2_SPANNER
778,ST017__ST051,17,ST017,장곡동,51,ST051,연성중학교,3517.0,3.517,2.16312007370754,0.462338053,0.436932527,0.049031879,0.0,PRELIMINARY_POINT_BUFFER_PROXY,3.114219406,PRELIMINARY_90M,0.2706915855654121,0.6583266750789218,0.462338053,0.4799001268109415,0.4621880897303915,slope_focus,T2_SPANNER
1110,ST028__ST031,28,ST028,매화산업단지,31,ST031,마전저수지,9015.0,9.015,2.1633168838959445,0.125240153,0.125240153,0.0,0.0,PRELIMINARY_POINT_BUFFER_PROXY,2.643668039,PRELIMINARY_90M,0.7442080785462062,0.6582688609349048,0.125240153,0.4018284947288679,0.4672822151639109,slope_focus,T2_SPANNER
377,ST008__ST028,8,ST008,시흥능곡역,28,ST028,매화산업단지,8534.0,8.534,1.9269660940085112,0.132284324,0.132284324,0.0,0.0,PRELIMINARY_POINT_BUFFER_PROXY,2.663161369,PRELIMINARY_90M,0.7027818448023426,0.7276982879167211,0.132284324,0.40506273480241645,0.4720851281491849,slope_focus,T2_SPANNER
436,ST009__ST041,9,ST009,능곡중앙공원,41,ST041,연꽃테마파크,4947.0,4.947,2.0,0.445959962,0.414150317,0.228422442,0.0,PRELIMINARY_POINT_BUFFER_PROXY,2.886617052,PRELIMINARY_90M,0.3938506588579795,0.7062441508450915,0.445959962,0.44213743289765006,0.47266946514718466,slope_focus,T2_SPANNER
280,ST006__ST026,6,ST006,시흥시청 본청,26,ST026,은계파크자이,8185.0,8.185,2.072721435633473,0.272237775,0.215585507,0.056652267,0.0,PRELIMINARY_POINT_BUFFER_PROXY,2.570916267,PRELIMINARY_90M,0.6727241409008698,0.6848818037688167,0.272237775,0.38975786870324436,0.47299169934711865,slope_focus,T2_SPANNER
1016,ST024__ST051,24,ST024,목감고등학교,51,ST051,연성중학교,5421.0,5.421,2.131002869348733,0.286117824,0.286117824,0.073213062,0.0,PRELIMINARY_POINT_BUFFER_PROXY,3.183231796,PRELIMINARY_90M,0.43467401601929206,0.6677612917178248,0.286117824,0.4913503324612516,0.475691836792158,slope_focus,T2_SPANNER
1140,ST029__ST035,29,ST029,관곡공원,35,ST035,산들공원,8617.0,8.617,2.9667041823193947,0.222000363,0.222000363,0.0,0.0,PRELIMINARY_POINT_BUFFER_PROXY,3.087149764,PRELIMINARY_90M,0.7099302385668762,0.4222691428862563,0.222000363,0.4754088612891957,0.4763309042409115,slope_focus,T2_SPANNER
1139,ST029__ST034,29,ST029,관곡공원,34,ST034,군자디지털과학고등학교,8970.0,8.97,2.900578525484893,0.252434833,0.252434833,0.0,0.0,PRELIMINARY_POINT_BUFFER_PROXY,3.031578557,PRELIMINARY_90M,0.7403324433726639,0.44169394136060147,0.252434833,0.4661887524306856,0.4852801810439658,slope_focus,T2_SPANNER
1190,ST031__ST036,31,ST031,마전저수지,36,ST036,시흥시립군자도서관,9630.0,9.63,2.7381513895949263,0.227496296,0.227496296,0.0,0.0,PRELIMINARY_POINT_BUFFER_PROXY,2.877773443,PRELIMINARY_90M,0.797175092584618,0.4894078625897582,0.227496296,0.4406701435929189,0.4873057141018468,slope_focus,T2_SPANNER
1328,ST037__ST051,37,ST037,군자동행정복지센터,51,ST051,연성중학교,7679.0,7.679,2.8767553676910294,0.324964174,0.313330244,0.022453124,0.0,PRELIMINARY_POINT_BUFFER_PROXY,3.223326426,PRELIMINARY_90M,0.6291447765050383,0.44869213330788915,0.324964174,0.4980026416911319,0.49087872224275697,slope_focus,T2_SPANNER
993,ST024__ST028,24,ST024,목감고등학교,28,ST028,매화산업단지,7811.0,7.811,2.7351304155275447,0.323695592,0.319573933,0.070790226,0.0,PRELIMINARY_POINT_BUFFER_PROXY,3.168264669,PRELIMINARY_90M,0.6405133063474292,0.49029529139219696,0.323695592,0.48886705833983213,0.49463482294823147,slope_focus,T2_SPANNER
701,ST015__ST051,15,ST015,목감택지개발예정지구,51,ST051,연성중학교,5797.0,5.797,2.122512321905777,0.32243609,0.32243609,0.068467983,0.0,PRELIMINARY_POINT_BUFFER_PROXY,3.264344745,PRELIMINARY_90M,0.4670571010248902,0.6702554396917204,0.32243609,0.504808204981724,0.4947192521495981,slope_focus,T2_SPANNER
656,ST014__ST046,14,ST014,시흥대야역,46,ST046,배곧1동행정복지센터,11686.0,11.686,3.1090523763986275,0.287377872,0.239866378,0.107932503,0.0,PRELIMINARY_POINT_BUFFER_PROXY,2.647340084,PRELIMINARY_90M,0.9742485574024632,0.3804535282588435,0.287377872,0.402437742871226,0.4962432929549322,slope_focus,T2_SPANNER
678,ST015__ST028,15,ST015,목감택지개발예정지구,28,ST028,매화산업단지,8580.0,8.58,2.740609436528789,0.333729237,0.32605623,0.097512107,0.0,PRELIMINARY_POINT_BUFFER_PROXY,3.018923639,PRELIMINARY_90M,0.7067436052019637,0.4886857969254388,0.333729237,0.4640891089668407,0.4967555306126289,slope_focus,T2_SPANNER
465,ST010__ST025,10,ST010,은계호수공원,25,ST025,목감동행정복지센터,10313.0,10.313,2.6681422923957845,0.226109508,0.224029999,0.058254689,0.0,PRELIMINARY_POINT_BUFFER_PROXY,2.851874621,PRELIMINARY_90M,0.8559986219963828,0.5099734443860606,0.226109508,0.4363731349253336,0.4997987347198524,slope_focus,T2_SPANNER
420,ST009__ST025,9,ST009,능곡중앙공원,25,ST025,목감동행정복지센터,6963.0,6.963,2.1349319188717595,0.217188943,0.140523126,0.151111218,0.0,PRELIMINARY_POINT_BUFFER_PROXY,3.335237025,PRELIMINARY_90M,0.5674791146326759,0.6666071104388166,0.217188943,0.5165703129889873,0.5043503874368513,slope_focus,T2_SPANNER
279,ST006__ST025,6,ST006,시흥시청 본청,25,ST025,목감동행정복지센터,7000.0,7.0,2.109248922792119,0.120646147,0.0891229,0.069507083,0.0,PRELIMINARY_POINT_BUFFER_PROXY,3.49144083,PRELIMINARY_90M,0.5706657479975885,0.6741516407610335,0.120646147,0.5424869011641098,0.5045962683457276,slope_focus,T2_SPANNER
376,ST008__ST027,8,ST008,시흥능곡역,27,ST027,은행동행정복지센터,8933.0,8.933,1.9781235549054759,0.197632505,0.145725353,0.051907151,0.0,PRELIMINARY_POINT_BUFFER_PROXY,2.905223139,PRELIMINARY_90M,0.7371458100077513,0.7126704845503242,0.197632505,0.445224465856479,0.5065868433623384,slope_focus,T2_SPANNER
361,ST008__ST012,8,ST008,시흥능곡역,12,ST012,신천역,9058.0,9.058,1.9434032479733672,0.219047126,0.167854791,0.051192335,0.0,PRELIMINARY_POINT_BUFFER_PROXY,2.836226292,PRELIMINARY_90M,0.7479114632675911,0.7228697777960849,0.219047126,0.433776839026384,0.5077582477361229,slope_focus,T2_SPANNER
171,ST004__ST016,4,ST004,배곧중심상가,16,ST016,물왕호수,11715.0,11.715,2.5514715857665906,0.129045792,0.129045792,0.0,0.0,PRELIMINARY_POINT_BUFFER_PROXY,2.815872271,PRELIMINARY_90M,0.976746188958746,0.5442461468834228,0.129045792,0.43039979721895294,0.5115429272337391,slope_focus,T2_SPANNER
594,ST013__ST025,13,ST013,삼미시장,25,ST025,목감동행정복지센터,11610.0,11.61,2.70398096958528,0.270409164,0.268561734,0.051753296,0.0,PRELIMINARY_POINT_BUFFER_PROXY,2.813742202,PRELIMINARY_90M,0.9677030402204806,0.4994456233356718,0.270409164,0.4300463863589704,0.5240420193239321,slope_focus,T2_SPANNER
552,ST012__ST025,12,ST012,신천역,25,ST025,목감동행정복지센터,11469.0,11.469,2.672810002289368,0.268256823,0.266386985,0.052381024,0.0,PRELIMINARY_POINT_BUFFER_PROXY,2.854554512,PRELIMINARY_90M,0.9555593833433813,0.5086022773026624,0.268256823,0.4368177696216601,0.5260496265249057,slope_focus,T2_SPANNER
410,ST009__ST015,9,ST009,능곡중앙공원,15,ST015,목감택지개발예정지구,5902.0,5.902,2.0201812566671036,0.180228914,0.180228914,0.099111033,0.0,PRELIMINARY_POINT_BUFFER_PROXY,3.891380857,PRELIMINARY_90M,0.4761002497631556,0.7003157886558333,0.180228914,0.6088430374599344,0.5317232740809733,slope_focus,T2_SPANNER
725,ST016__ST036,16,ST016,물왕호수,36,ST036,시흥시립군자도서관,7947.0,7.947,2.8110036953937283,0.162740187,0.162740187,0.0,0.0,PRELIMINARY_POINT_BUFFER_PROXY,3.965292917,PRELIMINARY_90M,0.6522263370941349,0.4680070716369381,0.162740187,0.6211061729206547,0.535610442674695,slope_focus,T2_SPANNER
419,ST009__ST024,9,ST009,능곡중앙공원,24,ST024,목감고등학교,6788.0,6.788,2.1061863448320617,0.240880001,0.240880001,0.086193074,0.0,PRELIMINARY_POINT_BUFFER_PROXY,3.692084153,PRELIMINARY_90M,0.5524072000689002,0.6750512909502933,0.240880001,0.5757766816037034,0.5357594746081757,slope_focus,T2_SPANNER
726,ST016__ST037,16,ST016,물왕호수,37,ST037,군자동행정복지센터,8423.0,8.423,2.7086537373101662,0.210058427,0.210058427,0.0,0.0,PRELIMINARY_POINT_BUFFER_PROXY,3.808674234,PRELIMINARY_90M,0.6932219447076049,0.4980729704847442,0.210058427,0.5951207501722072,0.5424244736503362,slope_focus,T2_SPANNER
727,ST016__ST038,16,ST016,물왕호수,38,ST038,능곡도서관,4155.0,4.155,2.1086022039793035,0.113688603,0.097131004,0.022219908,0.0,PRELIMINARY_POINT_BUFFER_PROXY,4.589248558,PRELIMINARY_90M,0.3256394798036345,0.6743416181950566,0.113688603,0.7246299083849838,0.5456473833324773,slope_focus,T2_SPANNER
269,ST006__ST015,6,ST006,시흥시청 본청,15,ST015,목감택지개발예정지구,6311.0,6.311,2.0188725378469625,0.137175008,0.137175008,0.0,0.0,PRELIMINARY_POINT_BUFFER_PROXY,4.29974913,PRELIMINARY_90M,0.5113254672293515,0.7007002324641489,0.137175008,0.6765975480182851,0.5662451535246351,slope_focus,T2_SPANNER
278,ST006__ST024,6,ST006,시흥시청 본청,24,ST024,목감고등학교,7071.0,7.071,2.1103035645045516,0.118010471,0.118010471,0.0,0.0,PRELIMINARY_POINT_BUFFER_PROXY,4.228565002,PRELIMINARY_90M,0.5767806390491775,0.6738418335892438,0.118010471,0.6647870179868225,0.5665274824916333,slope_focus,T2_SPANNER
1030,ST025__ST035,25,ST025,목감동행정복지센터,35,ST035,산들공원,10674.0,10.674,2.715831427294401,0.201215069,0.198065356,0.023119418,0.0,PRELIMINARY_POINT_BUFFER_PROXY,3.762887945,PRELIMINARY_90M,0.8870898286108001,0.49596448206845467,0.201215069,0.5875241081052605,0.5757569524350585,slope_focus,T2_SPANNER
1007,ST024__ST042,24,ST024,목감고등학교,42,ST042,시흥시청역,6281.0,6.281,2.1271874680066416,0.088684673,0.088684673,0.0,0.0,PRELIMINARY_POINT_BUFFER_PROXY,4.732925624,PRELIMINARY_90M,0.5087417104469899,0.6688820881789377,0.088684673,0.7484681199428387,0.589617416237658,slope_focus,T2_SPANNER
1000,ST024__ST035,24,ST024,목감고등학교,35,ST035,산들공원,11240.0,11.24,2.63901293879902,0.218685381,0.218685381,0.0,0.0,PRELIMINARY_POINT_BUFFER_PROXY,3.741876975,PRELIMINARY_90M,0.9358367065713548,0.5185303623872118,0.218685381,0.5840380684620529,0.5897687370533792,slope_focus,T2_SPANNER
685,ST015__ST035,15,ST015,목감택지개발예정지구,35,ST035,산들공원,11616.0,11.616,2.6183413371462763,0.238994137,0.238994137,0.0,0.0,PRELIMINARY_POINT_BUFFER_PROXY,3.764893781,PRELIMINARY_90M,0.9682197915769529,0.5246027662841055,0.238994137,0.5878569068201114,0.602111947218062,slope_focus,T2_SPANNER
1409,ST043__ST045,43,ST043,시흥종합버스터미널,45,ST045,시흥중앙도서관,671.0,0.671,3.1817228022763167,0.300402098,0.300402098,0.0,0.0,PRELIMINARY_POINT_BUFFER_PROXY,0.425583211,PRELIMINARY_90M,0.025579192145379383,0.35910616559669406,0.300402098,0.03381446955986759,0.12094931274851377,slope_focus,DEGREE_LIMIT_3
1244,ST033__ST045,33,ST033,타원산업단지,45,ST045,시흥중앙도서관,3637.0,3.637,3.4781306841531268,0.249273043,0.249273043,0.0,0.0,PRELIMINARY_POINT_BUFFER_PROXY,0.487234376,PRELIMINARY_90M,0.28102661269485835,0.2720346165597639,0.249273043,0.04404333596822129,0.1564231394570469,slope_focus,DEGREE_LIMIT_3
880,ST020__ST045,20,ST020,시화공업단지[왼쪽부근],45,ST045,시흥중앙도서관,1373.0,1.373,2.951996349336429,0.38168565,0.38168565,0.0,0.0,PRELIMINARY_POINT_BUFFER_PROXY,0.548337,PRELIMINARY_90M,0.08603910085263974,0.42658965485339595,0.38168565,0.05418119107762378,0.16553971143734922,slope_focus,DEGREE_LIMIT_3
136,ST003__ST032,3,ST003,배곧한울공원,32,ST032,희망공원,2946.0,2.946,2.474419063810549,0.0,0.0,0.0,0.0,PRELIMINARY_POINT_BUFFER_PROXY,0.664390229,PRELIMINARY_90M,0.22151408147446386,0.5668807759001471,0.0,0.07343618773014575,0.16605302654498771,slope_focus,DEGREE_LIMIT_3
1243,ST033__ST044,33,ST033,타원산업단지,44,ST044,경기과학기술대학교,1598.0,1.598,1.7010597777371803,0.123630586,0.123630586,0.0,0.0,PRELIMINARY_POINT_BUFFER_PROXY,0.331684145,PRELIMINARY_90M,0.1054172767203514,0.7940595896824632,0.123630586,0.018235185665018444,0.16785457452894897,slope_focus,DEGREE_LIMIT_3
259,ST005__ST054,5,ST005,배곧중·고등학교,54,ST054,시흥 프리미엄 아울렛,1508.0,1.508,1.711681176130996,0.0,0.0,0.0,0.0,PRELIMINARY_POINT_BUFFER_PROXY,0.623743217,PRELIMINARY_90M,0.09766600637326674,0.7909394917780753,0.0,0.06669222992096648,0.17152024000184787,slope_focus,DEGREE_LIMIT_3
1,ST001__ST002,1,ST001,월곶역,2,ST002,월곶포구,619.0,0.619,1.5532421960245575,0.149164241,0.149164241,0.0,0.0,PRELIMINARY_POINT_BUFFER_PROXY,0.47799073,PRELIMINARY_90M,0.02110068038928602,0.8374818689184798,0.149164241,0.042509674437898,0.17347188978457814,slope_focus,DEGREE_LIMIT_3
534,ST011__ST050,11,ST011,배곧생명공원,50,ST050,시흥한라3차아파트,995.0,0.995,2.969355785245408,0.47264275,0.47264275,0.0,0.0,PRELIMINARY_POINT_BUFFER_PROXY,0.56995669,PRELIMINARY_90M,0.05348376539488416,0.4214902190171036,0.47264275,0.057768226631615675,0.1737008117473502,slope_focus,DEGREE_LIMIT_3
1210,ST032__ST033,32,ST032,희망공원,33,ST033,타원산업단지,2081.0,2.081,1.4965117896209403,0.0,0.0,0.0,0.0,PRELIMINARY_POINT_BUFFER_PROXY,0.481788461,PRELIMINARY_90M,0.14701576091637242,0.8541467576244774,0.0,0.043139775800197705,0.17909505372704498,slope_focus,DEGREE_LIMIT_3
205,ST004__ST050,4,ST004,배곧중심상가,50,ST050,시흥한라3차아파트,2083.0,2.083,3.3375162940590184,0.4015265,0.4015265,0.0,0.0,PRELIMINARY_POINT_BUFFER_PROXY,0.795418286,PRELIMINARY_90M,0.14718801136852985,0.3133409161252583,0.4015265,0.09517573621717196,0.18425558280108068,slope_focus,DEGREE_LIMIT_3
820,ST019__ST020,19,ST019,시화병원,20,ST020,시화공업단지[왼쪽부근],1979.0,1.979,2.8736363843131483,0.422822321,0.422822321,0.0,0.0,PRELIMINARY_POINT_BUFFER_PROXY,0.548112375,PRELIMINARY_90M,0.13823098785634313,0.4496083529185587,0.422822321,0.054143922372044954,0.1855827598450749,slope_focus,DEGREE_LIMIT_3
784,ST018__ST020,18,ST018,정왕역,20,ST020,시화공업단지[왼쪽부근],1949.0,1.949,3.244027725944256,0.540858498,0.540858498,0.0,0.0,PRELIMINARY_POINT_BUFFER_PROXY,0.564911031,PRELIMINARY_90M,0.13564723107398158,0.34080372983808693,0.540858498,0.05693107502461671,0.1878443179028177,slope_focus,DEGREE_LIMIT_3
1448,ST046__ST054,46,ST046,배곧1동행정복지센터,54,ST054,시흥 프리미엄 아울렛,1087.0,1.087,2.0,0.198910149,0.198910149,0.0,0.0,PRELIMINARY_POINT_BUFFER_PROXY,0.722410179,PRELIMINARY_90M,0.06140728619412626,0.7062441508450915,0.198910149,0.08306258031444422,0.1895858923728111,slope_focus,DEGREE_LIMIT_3
127,ST003__ST023,3,ST003,배곧한울공원,23,ST023,오이도역,4569.0,4.569,3.362496455886152,0.25196631,0.25196631,0.0,0.0,PRELIMINARY_POINT_BUFFER_PROXY,0.707990957,PRELIMINARY_90M,0.3612953234002239,0.3060028474757016,0.25196631,0.08067021196989801,0.19628954428634904,slope_focus,DEGREE_LIMIT_3
1444,ST046__ST050,46,ST046,배곧1동행정복지센터,50,ST050,시흥한라3차아파트,2363.0,2.363,4.178737580648687,0.479447383,0.479447383,0.0,0.0,PRELIMINARY_POINT_BUFFER_PROXY,1.190735572,PRELIMINARY_90M,0.17130307467057102,0.06622724275592551,0.479447383,0.16076488943766587,0.19649425351633598,slope_focus,DEGREE_LIMIT_3
1226,ST032__ST049,32,ST032,희망공원,49,ST049,거북섬 웨이브파크 정문,4499.0,4.499,3.070219818149316,0.042639664,0.042639664,0.0,0.0,PRELIMINARY_POINT_BUFFER_PROXY,0.994963213,PRELIMINARY_90M,0.35526655757471365,0.3918608193822274,0.042639664,0.12828327604626832,0.20037002204541102,slope_focus,DEGREE_LIMIT_3
151,ST003__ST047,3,ST003,배곧한울공원,47,ST047,배곧2동행정복지센터,2142.0,2.142,2.998593533213879,0.082490603,0.082490603,0.0,0.0,PRELIMINARY_POINT_BUFFER_PROXY,1.45164868,PRELIMINARY_90M,0.15226939970717424,0.41290145953524826,0.082490603,0.20405434432339853,0.20678986148342135,slope_focus,DEGREE_LIMIT_3
1412,ST043__ST048,43,ST043,시흥종합버스터미널,48,ST048,정왕평생학습관 사거리,1307.0,1.307,3.0428754779308687,0.59325425,0.59325425,0.0,0.0,PRELIMINARY_POINT_BUFFER_PROXY,0.728620186,PRELIMINARY_90M,0.08035483593144432,0.3998933792626782,0.59325425,0.08409291497232037,0.20708956906185075,slope_focus,DEGREE_LIMIT_3
202,ST004__ST047,4,ST004,배곧중심상가,47,ST047,배곧2동행정복지센터,2617.0,2.617,4.125555851408769,0.591916562,0.591916562,0.0,0.0,PRELIMINARY_POINT_BUFFER_PROXY,1.078170272,PRELIMINARY_90M,0.1931788820945655,0.08184968678832416,0.591916562,0.14208859328144147,0.21074501037788246,slope_focus,DEGREE_LIMIT_3
56,ST002__ST004,2,ST002,월곶포구,4,ST004,배곧중심상가,3192.0,3.192,3.5458499603414118,0.332930014,0.332930014,0.0,0.0,PRELIMINARY_POINT_BUFFER_PROXY,1.198313388,PRELIMINARY_90M,0.24270088708982862,0.2521416830789185,0.332930014,0.16202216442234924,0.21731201419097812,slope_focus,DEGREE_LIMIT_3
1145,ST029__ST040,29,ST029,관곡공원,40,ST040,갯골생태공원,3173.0,3.173,2.6002442194967386,0.0,0.0,0.0,0.0,PRELIMINARY_POINT_BUFFER_PROXY,1.529257702,PRELIMINARY_90M,0.24106450779433297,0.5299189004465018,0.0,0.2169308620359346,0.23616616764380916,slope_focus,DEGREE_LIMIT_3
434,ST009__ST039,9,ST009,능곡중앙공원,39,ST039,능곡힐스테이트,792.0,0.792,2.0,0.496869839,0.318845713,0.496869839,0.0,PRELIMINARY_POINT_BUFFER_PROXY,0.848295282,PRELIMINARY_90M,0.036000344500904315,0.7062441508450915,0.496869839,0.10394883447345071,0.23964158461366994,slope_focus,DEGREE_LIMIT_3
1283,ST035__ST043,35,ST035,산들공원,43,ST043,시흥종합버스터미널,6007.0,6.007,2.9570423267955706,0.286392525,0.286392525,0.0,0.0,PRELIMINARY_POINT_BUFFER_PROXY,0.727637936,PRELIMINARY_90M,0.4851433985014211,0.4251073694600692,0.286392525,0.08392994475059617,0.2457186362445927,slope_focus,DEGREE_LIMIT_3
466,ST010__ST026,10,ST010,은계호수공원,26,ST026,은계파크자이,1220.0,1.22,2.405341600576404,0.254629654,0.254629654,0.0,0.0,PRELIMINARY_POINT_BUFFER_PROXY,1.537591702,PRELIMINARY_90M,0.07286194126259582,0.5871726847699602,0.254629654,0.21831359945293588,0.2499995387944811,slope_focus,DEGREE_LIMIT_3
892,ST021__ST023,21,ST021,오이도 포구 해양관광 단지,23,ST023,오이도역,5955.0,5.955,3.15826320833615,0.311273482,0.30019066,0.045338256,0.0,PRELIMINARY_POINT_BUFFER_PROXY,0.862008045,PRELIMINARY_90M,0.4806648867453277,0.36599755853541716,0.311273482,0.10622399051983547,0.2508356286892959,slope_focus,DEGREE_LIMIT_3
925,ST022__ST023,22,ST022,오이도박물관,23,ST023,오이도역,6145.0,6.145,3.451768155847177,0.187192651,0.187192651,0.0,0.0,PRELIMINARY_POINT_BUFFER_PROXY,1.271537161,PRELIMINARY_90M,0.4970286797002842,0.27977876344814856,0.187192651,0.17417110259622826,0.25653699940539326,slope_focus,DEGREE_LIMIT_3
1470,ST049__ST055,49,ST049,거북섬 웨이브파크 정문,55,ST055,해양생태과학관,676.0,0.676,1.555560248126299,0.855999995,0.855999995,0.0,0.0,PRELIMINARY_POINT_BUFFER_PROXY,0.286663062,PRELIMINARY_90M,0.026009818275772974,0.8368009275549474,0.855999995,0.010765502917475826,0.2645048534971346,slope_focus,DEGREE_LIMIT_3
1455,ST047__ST053,47,ST047,배곧2동행정복지센터,53,ST053,오이도 빨강등대,3916.0,3.916,2.403030548620091,0.248901852,0.232677883,0.071569275,0.0,PRELIMINARY_POINT_BUFFER_PROXY,1.249750909,PRELIMINARY_90M,0.30505555077082075,0.5878515697998281,0.248901852,0.17055643187189196,0.27180233936008436,slope_focus,DEGREE_LIMIT_3
583,ST013__ST014,13,ST013,삼미시장,14,ST014,시흥대야역,1514.0,1.514,2.268613825900731,0.811440142,0.741965677,0.311431231,0.0,PRELIMINARY_POINT_BUFFER_PROXY,0.67519953,PRELIMINARY_90M,0.09818275772973904,0.6273372683228735,0.811440142,0.07522961524926373,0.2730679707190107,slope_focus,DEGREE_LIMIT_3
454,ST010__ST014,10,ST010,은계호수공원,14,ST014,시흥대야역,1525.0,1.525,2.792670740390496,0.667821134,0.57752438,0.090296754,0.0,PRELIMINARY_POINT_BUFFER_PROXY,1.2539899,PRELIMINARY_90M,0.09913013521660495,0.47339248440143145,0.667821134,0.1712597449827669,0.27663794229491917,slope_focus,DEGREE_LIMIT_3
1379,ST040__ST054,40,ST040,갯골생태공원,54,ST054,시흥 프리미엄 아울렛,5042.0,5.042,2.505555704817685,0.080180898,0.080180898,0.0,0.0,PRELIMINARY_POINT_BUFFER_PROXY,1.509985427,PRELIMINARY_90M,0.40203255533545773,0.5577342054812642,0.080180898,0.2137332983506408,0.28296042576460156,slope_focus,DEGREE_LIMIT_3
1325,ST037__ST048,37,ST037,군자동행정복지센터,48,ST048,정왕평생학습관 사거리,6192.0,6.192,3.3922692548148268,0.37843312,0.37843312,0.0,0.0,PRELIMINARY_POINT_BUFFER_PROXY,1.209430181,PRELIMINARY_90M,0.501076565325984,0.2972569136446904,0.37843312,0.1638666095433185,0.2835021228835596,slope_focus,DEGREE_LIMIT_3
1264,ST034__ST044,34,ST034,군자디지털과학고등학교,44,ST044,경기과학기술대학교,6466.0,6.466,2.854871731872146,0.383886554,0.383886554,0.0,0.0,PRELIMINARY_POINT_BUFFER_PROXY,0.931735075,PRELIMINARY_90M,0.5246748772715528,0.455120579330462,0.383886554,0.1177927658206959,0.2896824283642278,slope_focus,DEGREE_LIMIT_3
541,ST012__ST014,12,ST012,신천역,14,ST014,시흥대야역,1380.0,1.38,1.9626229682490228,0.849065167,0.772905097,0.341400609,0.0,PRELIMINARY_POINT_BUFFER_PROXY,0.782071988,PRELIMINARY_90M,0.08664197743519077,0.7172238725459898,0.849065167,0.09296138229072015,0.29875244256429667,slope_focus,DEGREE_LIMIT_3
769,ST017__ST042,17,ST017,장곡동,42,ST042,시흥시청역,2716.0,2.716,1.8434790923881643,0.330839246,0.330839246,0.0,0.0,PRELIMINARY_POINT_BUFFER_PROXY,1.590121124,PRELIMINARY_90M,0.20170527947635863,0.7522230829711033,0.330839246,0.22702902989364263,0.31631492018775853,slope_focus,DEGREE_LIMIT_3
30,ST001__ST031,1,ST001,월곶역,31,ST031,마전저수지,4726.0,4.726,2.1733816526852707,0.0,0.0,0.0,0.0,PRELIMINARY_POINT_BUFFER_PROXY,1.971254241,PRELIMINARY_90M,0.37481698389458273,0.6553122762326484,0.0,0.2902648136390502,0.3183926450333389,slope_focus,DEGREE_LIMIT_3
1303,ST036__ST044,36,ST036,시흥시립군자도서관,44,ST044,경기과학기술대학교,6648.0,6.648,2.8654297237561406,0.400791009,0.400791009,0.0,0.0,PRELIMINARY_POINT_BUFFER_PROXY,1.240684205,PRELIMINARY_90M,0.5403496684178796,0.4520191074592086,0.400791009,0.16905212771186373,0.3205175150083891,slope_focus,DEGREE_LIMIT_3
779,ST017__ST052,17,ST017,장곡동,52,ST052,가온그린공원,639.0,0.639,1.9871511618456574,0.588670368,0.588670368,0.0,0.0,PRELIMINARY_POINT_BUFFER_PROXY,1.720740011,PRELIMINARY_90M,0.02282318491086039,0.7100185722077744,0.588670368,0.24870069085140145,0.32371832343903895,slope_focus,DEGREE_LIMIT_3
1367,ST040__ST042,40,ST040,갯골생태공원,42,ST042,시흥시청역,3460.0,3.46,1.9956964294535866,0.321864239,0.321864239,0.0,0.0,PRELIMINARY_POINT_BUFFER_PROXY,1.76240716,PRELIMINARY_90M,0.26578244767892517,0.7075083498653512,0.321864239,0.2556139049121247,0.33536933032165006,slope_focus,DEGREE_LIMIT_3
765,ST017__ST038,17,ST017,장곡동,38,ST038,능곡도서관,4285.0,4.285,1.9821410620641189,0.326481556,0.310449796,0.021514244,0.0,PRELIMINARY_POINT_BUFFER_PROXY,1.72813283,PRELIMINARY_90M,0.3368357591938679,0.7114903183234511,0.326481556,0.24992727201871826,0.34802656899665035,slope_focus,DEGREE_LIMIT_3
6,ST001__ST007,1,ST001,월곶역,7,ST007,장현지구,6606.0,6.606,2.2379457054195973,0.124628605,0.124628605,0.0,0.0,PRELIMINARY_POINT_BUFFER_PROXY,1.757575321,PRELIMINARY_90M,0.5367324089225735,0.6363462080967941,0.124628605,0.2548122292967868,0.3488988183974272,slope_focus,DEGREE_LIMIT_3
332,ST007__ST030,7,ST007,장현지구,30,ST030,장곡도서관,1683.0,1.683,1.4562870070184697,0.759142743,0.759142743,0.0,0.0,PRELIMINARY_POINT_BUFFER_PROXY,1.235595407,PRELIMINARY_90M,0.11273792093704246,0.8659630227949378,0.759142743,0.16820781868832624,0.35041735840081223,slope_focus,DEGREE_LIMIT_3
1051,ST026__ST027,26,ST026,은계파크자이,27,ST027,은행동행정복지센터,457.0,0.457,1.0,0.754632796,0.754632796,0.0,0.0,PRELIMINARY_POINT_BUFFER_PROXY,1.276801074,PRELIMINARY_90M,0.007148393764533632,1.0,0.754632796,0.17504446586295966,0.35214683108438655,slope_focus,DEGREE_LIMIT_3
433,ST009__ST038,9,ST009,능곡중앙공원,38,ST038,능곡도서관,744.0,0.744,2.0,0.97496266,0.515421611,0.830516213,0.0,PRELIMINARY_POINT_BUFFER_PROXY,1.451338391,PRELIMINARY_90M,0.031866333649125826,0.7062441508450915,0.97496266,0.2040028626566858,0.3605557196849318,slope_focus,DEGREE_LIMIT_3
1053,ST026__ST029,26,ST026,은계파크자이,29,ST029,관곡공원,6175.0,6.175,2.002908151887456,0.217079342,0.217079342,0.0,0.0,PRELIMINARY_POINT_BUFFER_PROXY,1.735808496,PRELIMINARY_90M,0.49961243648264575,0.7053898642179204,0.217079342,0.2512007818073677,0.36389325913290105,slope_focus,DEGREE_LIMIT_3
468,ST010__ST028,10,ST010,은계호수공원,28,ST028,매화산업단지,3734.0,3.734,2.2597817465071626,0.156648005,0.156648005,0.0,0.0,PRELIMINARY_POINT_BUFFER_PROXY,2.499811713,PRELIMINARY_90M,0.289380759624494,0.6299317433049347,0.156648005,0.3779605412092454,0.3648433847752617,slope_focus,DEGREE_LIMIT_3
1381,ST041__ST042,41,ST041,연꽃테마파크,42,ST042,시흥시청역,3357.0,3.357,2.4375560527901543,0.0,0.0,0.0,0.0,PRELIMINARY_POINT_BUFFER_PROXY,2.986825232,PRELIMINARY_90M,0.25691154939281713,0.5777095010048499,0.0,0.458763494809769,0.36742048243417547,slope_focus,DEGREE_LIMIT_3
262,ST006__ST008,6,ST006,시흥시청 본청,8,ST008,시흥능곡역,1951.0,1.951,2.023517683433672,0.1397711,0.1397711,0.0,0.0,PRELIMINARY_POINT_BUFFER_PROXY,2.968420709,PRELIMINARY_90M,0.135819481526139,0.699335693777877,0.1397711,0.45570990438570363,0.38088486756476114,slope_focus,DEGREE_LIMIT_3
283,ST006__ST029,6,ST006,시흥시청 본청,29,ST029,관곡공원,3470.0,3.47,2.475229440723157,0.075912866,0.075912866,0.0,0.0,PRELIMINARY_POINT_BUFFER_PROXY,3.041565706,PRELIMINARY_90M,0.2666436999397123,0.5666427229420483,0.075912866,0.4678457724224623,0.38363496454048085,slope_focus,DEGREE_LIMIT_3
714,ST016__ST025,16,ST016,물왕호수,25,ST025,목감동행정복지센터,3005.0,3.005,2.1381214943015445,0.193383798,0.119943446,0.161932073,0.0,PRELIMINARY_POINT_BUFFER_PROXY,2.924827881,PRELIMINARY_90M,0.22659546981310827,0.6656701539999965,0.193383798,0.4484771908761643,0.3984157822007033,slope_focus,DEGREE_LIMIT_3
730,ST016__ST041,16,ST016,물왕호수,41,ST041,연꽃테마파크,3935.0,3.935,2.0,0.29027288,0.250287871,0.138484824,0.0,PRELIMINARY_POINT_BUFFER_PROXY,2.713464194,PRELIMINARY_90M,0.3066919300663164,0.7062441508450915,0.29027288,0.4134087389190912,0.4175203100995726,slope_focus,DEGREE_LIMIT_3
713,ST016__ST024,16,ST016,물왕호수,24,ST024,목감고등학교,3229.0,3.229,2.105914035609522,0.176923572,0.176923572,0.0,0.0,PRELIMINARY_POINT_BUFFER_PROXY,3.167384816,PRELIMINARY_90M,0.2458875204547412,0.6751312833771932,0.176923572,0.48872107733856496,0.4213462710668097,slope_focus,DEGREE_LIMIT_3
1205,ST031__ST051,31,ST031,마전저수지,51,ST051,연성중학교,6100.0,6.1,2.6203589074087144,0.119255883,0.104609688,0.028266702,0.0,PRELIMINARY_POINT_BUFFER_PROXY,2.974419427,PRELIMINARY_90M,0.49315304452674186,0.5240100932184334,0.119255883,0.4567051829833325,0.4234730968297796,slope_focus,DEGREE_LIMIT_3
675,ST015__ST025,15,ST015,목감택지개발예정지구,25,ST025,목감동행정복지센터,1937.0,1.937,2.119312197773404,0.821667788,0.821667788,0.018951717,0.0,PRELIMINARY_POINT_BUFFER_PROXY,2.8405487,PRELIMINARY_90M,0.13461372836103694,0.6711954948736267,0.821667788,0.43449399228690055,0.4680992342467017,slope_focus,DEGREE_LIMIT_3
